[2026-06-04 09:18:17] [INFO] 日志系统初始化完成
[2026-06-04 09:18:17] [INFO] [data][ModbusTcpMasterManager][constructor]：已创建管理器
[2026-06-04 09:18:17] [INFO] [data][ModbusTcpMasterManager][loadConfig]：开始加载配置文件：D:/Project/CYTC_Project/OHB80PortMonitor/OHB80PortMonitor_V_1_0_0/bin/config/ModbusTcpMasterConfig.xml
[2026-06-04 09:18:17] [INFO] [data][ModbusConfigParser][transition]：[1.OpeningFile Start] 打开文件任务开始
[2026-06-04 09:18:17] [INFO] [data][ModbusConfigParser][transition]：[1.OpeningFile End] 打开文件任务完成
[2026-06-04 09:18:17] [INFO] [data][ModbusConfigParser][transition]：[2.ParsingXml Start] 解析XML任务开始
[2026-06-04 09:18:17] [INFO] [data][ModbusConfigParser][transition]：[2.ParsingXml End] 解析XML任务完成
[2026-06-04 09:18:17] [INFO] [data][ModbusConfigParser][transition]：[3.ValidatingRoot Start] 验证根节点任务开始
[2026-06-04 09:18:17] [INFO] [data][ModbusConfigParser][transition]：[3.ValidatingRoot End] 验证根节点任务完成
[2026-06-04 09:18:17] [INFO] [data][ModbusConfigParser][transition]：[4.ParsingInitialCommands Start] 解析初始指令组任务开始
[2026-06-04 09:18:17] [DEBUG] [data][ModbusConfigParser][parseCommandSet]：提取 ref 列表完成，共 2 条
[2026-06-04 09:18:17] [INFO] [data][ModbusConfigParser][parse]：InitialCommands 已解析，指令数=2
[2026-06-04 09:18:17] [INFO] [data][ModbusConfigParser][transition]：[4.ParsingInitialCommands End] 解析初始指令组任务完成
[2026-06-04 09:18:17] [INFO] [data][ModbusConfigParser][transition]：[5.ParsingPeriodicCommands Start] 解析定时指令组任务开始
[2026-06-04 09:18:17] [DEBUG] [data][ModbusConfigParser][parseCommandSet]：提取 ref 列表完成，共 2 条
[2026-06-04 09:18:17] [INFO] [data][ModbusConfigParser][parse]：PeriodicCommands 已解析，指令数=2
[2026-06-04 09:18:17] [INFO] [data][ModbusConfigParser][transition]：[5.ParsingPeriodicCommands End] 解析定时指令组任务完成
[2026-06-04 09:18:17] [INFO] [data][ModbusConfigParser][transition]：[6.ParsingBusinessCommands Start] 解析业务指令组任务开始
[2026-06-04 09:18:17] [INFO] [data][ModbusConfigParser][parse]：BusinessCommands 已解析
[2026-06-04 09:18:17] [INFO] [data][ModbusConfigParser][transition]：[6.ParsingBusinessCommands End] 解析业务指令组任务完成
[2026-06-04 09:18:17] [INFO] [data][ModbusConfigParser][transition]：[7.ParsingCommandDefinitions Start] 解析指令定义集合任务开始
[2026-06-04 09:18:17] [DEBUG] [data][ModbusConfigParser][parseCommandDef]：解析完成 id=ReadVersion 请求帧=6字节 响应模板=5字节
[2026-06-04 09:18:17] [DEBUG] [data][ModbusConfigParser][parse]：已注册指令模板 id=ReadVersion 请求帧长度=6 响应模板长度=5
[2026-06-04 09:18:17] [DEBUG] [data][ModbusConfigParser][parseCommandDef]：解析完成 id=ReadVEFCFlowUnitAndMediumStatus 请求帧=6字节 响应模板=5字节
[2026-06-04 09:18:17] [DEBUG] [data][ModbusConfigParser][parse]：已注册指令模板 id=ReadVEFCFlowUnitAndMediumStatus 请求帧长度=6 响应模板长度=5
[2026-06-04 09:18:17] [DEBUG] [data][ModbusConfigParser][parseCommandDef]：解析完成 id=ReadFoupStatus 请求帧=6字节 响应模板=21字节
[2026-06-04 09:18:17] [DEBUG] [data][ModbusConfigParser][parse]：已注册指令模板 id=ReadFoupStatus 请求帧长度=6 响应模板长度=21
[2026-06-04 09:18:17] [DEBUG] [data][ModbusConfigParser][parseCommandDef]：解析完成 id=ReadIdlePurgeAll 请求帧=6字节 响应模板=9字节
[2026-06-04 09:18:17] [DEBUG] [data][ModbusConfigParser][parse]：已注册指令模板 id=ReadIdlePurgeAll 请求帧长度=6 响应模板长度=9
[2026-06-04 09:18:17] [DEBUG] [data][ModbusConfigParser][parseCommandDef]：解析完成 id=ReadIdlePurgeEnable 请求帧=6字节 响应模板=5字节
[2026-06-04 09:18:17] [DEBUG] [data][ModbusConfigParser][parse]：已注册指令模板 id=ReadIdlePurgeEnable 请求帧长度=6 响应模板长度=5
[2026-06-04 09:18:17] [DEBUG] [data][ModbusConfigParser][parseCommandDef]：解析完成 id=ReadIdlePurgeStatus 请求帧=6字节 响应模板=5字节
[2026-06-04 09:18:17] [DEBUG] [data][ModbusConfigParser][parse]：已注册指令模板 id=ReadIdlePurgeStatus 请求帧长度=6 响应模板长度=5
[2026-06-04 09:18:17] [DEBUG] [data][ModbusConfigParser][parseCommandDef]：解析完成 id=ReadIdlePurgeWorkingTime 请求帧=6字节 响应模板=5字节
[2026-06-04 09:18:17] [DEBUG] [data][ModbusConfigParser][parse]：已注册指令模板 id=ReadIdlePurgeWorkingTime 请求帧长度=6 响应模板长度=5
[2026-06-04 09:18:17] [DEBUG] [data][ModbusConfigParser][parseCommandDef]：解析完成 id=WriteIdlePurgeEnable 请求帧=6字节 响应模板=6字节
[2026-06-04 09:18:17] [DEBUG] [data][ModbusConfigParser][parse]：已注册指令模板 id=WriteIdlePurgeEnable 请求帧长度=6 响应模板长度=6
[2026-06-04 09:18:17] [DEBUG] [data][ModbusConfigParser][parseCommandDef]：解析完成 id=WriteIdlePurgeTime 请求帧=6字节 响应模板=6字节
[2026-06-04 09:18:17] [DEBUG] [data][ModbusConfigParser][parse]：已注册指令模板 id=WriteIdlePurgeTime 请求帧长度=6 响应模板长度=6
[2026-06-04 09:18:17] [DEBUG] [data][ModbusConfigParser][parseCommandDef]：解析完成 id=WriteQRCode 请求帧=11字节 响应模板=6字节
[2026-06-04 09:18:17] [DEBUG] [data][ModbusConfigParser][parse]：已注册指令模板 id=WriteQRCode 请求帧长度=11 响应模板长度=6
[2026-06-04 09:18:17] [DEBUG] [data][ModbusConfigParser][parseCommandDef]：解析完成 id=WriteIdlePurgeInterval 请求帧=6字节 响应模板=6字节
[2026-06-04 09:18:17] [DEBUG] [data][ModbusConfigParser][parse]：已注册指令模板 id=WriteIdlePurgeInterval 请求帧长度=6 响应模板长度=6
[2026-06-04 09:18:17] [DEBUG] [data][ModbusConfigParser][parseCommandDef]：解析完成 id=WritePneumaticValvePressure 请求帧=6字节 响应模板=6字节
[2026-06-04 09:18:17] [DEBUG] [data][ModbusConfigParser][parse]：已注册指令模板 id=WritePneumaticValvePressure 请求帧长度=6 响应模板长度=6
[2026-06-04 09:18:17] [DEBUG] [data][ModbusConfigParser][parseCommandDef]：解析完成 id=ReadSelfCheckStatus 请求帧=6字节 响应模板=5字节
[2026-06-04 09:18:17] [DEBUG] [data][ModbusConfigParser][parse]：已注册指令模板 id=ReadSelfCheckStatus 请求帧长度=6 响应模板长度=5
[2026-06-04 09:18:17] [DEBUG] [data][ModbusConfigParser][parseCommandDef]：解析完成 id=ReadHumidityOffsetThreshold 请求帧=6字节 响应模板=5字节
[2026-06-04 09:18:17] [DEBUG] [data][ModbusConfigParser][parse]：已注册指令模板 id=ReadHumidityOffsetThreshold 请求帧长度=6 响应模板长度=5
[2026-06-04 09:18:17] [DEBUG] [data][ModbusConfigParser][parseCommandDef]：解析完成 id=StartSelfCheck 请求帧=6字节 响应模板=6字节
[2026-06-04 09:18:17] [DEBUG] [data][ModbusConfigParser][parse]：已注册指令模板 id=StartSelfCheck 请求帧长度=6 响应模板长度=6
[2026-06-04 09:18:17] [DEBUG] [data][ModbusConfigParser][parseCommandDef]：解析完成 id=WriteHumidityOffsetThreshold 请求帧=6字节 响应模板=6字节
[2026-06-04 09:18:17] [DEBUG] [data][ModbusConfigParser][parse]：已注册指令模板 id=WriteHumidityOffsetThreshold 请求帧长度=6 响应模板长度=6
[2026-06-04 09:18:17] [DEBUG] [data][ModbusConfigParser][parseCommandDef]：解析完成 id=WriteHumidityOffset 请求帧=6字节 响应模板=6字节
[2026-06-04 09:18:17] [DEBUG] [data][ModbusConfigParser][parse]：已注册指令模板 id=WriteHumidityOffset 请求帧长度=6 响应模板长度=6
[2026-06-04 09:18:17] [DEBUG] [data][ModbusConfigParser][parseCommandDef]：解析完成 id=WritePurgeFlow 请求帧=6字节 响应模板=6字节
[2026-06-04 09:18:17] [DEBUG] [data][ModbusConfigParser][parse]：已注册指令模板 id=WritePurgeFlow 请求帧长度=6 响应模板长度=6
[2026-06-04 09:18:17] [DEBUG] [data][ModbusConfigParser][parseCommandDef]：解析完成 id=WriteVEFCGasType 请求帧=6字节 响应模板=6字节
[2026-06-04 09:18:17] [DEBUG] [data][ModbusConfigParser][parse]：已注册指令模板 id=WriteVEFCGasType 请求帧长度=6 响应模板长度=6
[2026-06-04 09:18:17] [DEBUG] [data][ModbusConfigParser][parseCommandDef]：解析完成 id=SetBoardEnable 请求帧=6字节 响应模板=6字节
[2026-06-04 09:18:17] [DEBUG] [data][ModbusConfigParser][parse]：已注册指令模板 id=SetBoardEnable 请求帧长度=6 响应模板长度=6
[2026-06-04 09:18:17] [DEBUG] [data][ModbusConfigParser][parseCommandDef]：解析完成 id=ReadBoardEnable 请求帧=6字节 响应模板=5字节
[2026-06-04 09:18:17] [DEBUG] [data][ModbusConfigParser][parse]：已注册指令模板 id=ReadBoardEnable 请求帧长度=6 响应模板长度=5
[2026-06-04 09:18:17] [DEBUG] [data][ModbusConfigParser][parseCommandDef]：解析完成 id=WriteUIRefreshTime 请求帧=13字节 响应模板=6字节
[2026-06-04 09:18:17] [DEBUG] [data][ModbusConfigParser][parse]：已注册指令模板 id=WriteUIRefreshTime 请求帧长度=13 响应模板长度=6
[2026-06-04 09:18:17] [DEBUG] [data][ModbusConfigParser][parseCommandDef]：解析完成 id=ReadVEFCPressure 请求帧=6字节 响应模板=5字节
[2026-06-04 09:18:17] [DEBUG] [data][ModbusConfigParser][parse]：已注册指令模板 id=ReadVEFCPressure 请求帧长度=6 响应模板长度=5
[2026-06-04 09:18:17] [DEBUG] [data][ModbusConfigParser][parseCommandDef]：解析完成 id=ReadVEFCTemperature 请求帧=6字节 响应模板=5字节
[2026-06-04 09:18:17] [DEBUG] [data][ModbusConfigParser][parse]：已注册指令模板 id=ReadVEFCTemperature 请求帧长度=6 响应模板长度=5
[2026-06-04 09:18:17] [INFO] [data][ModbusConfigParser][parse]：CommandPool 共加载 24 条指令
[2026-06-04 09:18:17] [INFO] [data][ModbusConfigParser][transition]：[7.ParsingCommandDefinitions End] 解析指令定义集合任务完成
[2026-06-04 09:18:17] [INFO] [data][ModbusConfigParser][transition]：[Completed] 全部解析任务完成
[2026-06-04 09:18:17] [INFO] [data][ModbusTcpMasterPool][setConfigParser]：已设置配置解析器
[2026-06-04 09:18:17] [INFO] [data][ModbusTcpMasterManager][loadConfig]：配置文件加载成功
[2026-06-04 09:18:17] [INFO] [data][ModbusTcpMasterPool][setThreadCount]：系统最大可用线程数：22
[2026-06-04 09:18:17] [INFO] [data][ModbusTcpMasterPool][setThreadCount]：最终设置线程数：22
[2026-06-04 09:18:17] [INFO] [data][ModbusTcpMasterPool][setThreadCount]：已创建 22 个工作线程
[2026-06-04 09:18:17] [INFO] [data][ModbusTcpMasterManager][addMaster]：创建 Master ID=12001 IP=127.0.0.1 Port=500
[2026-06-04 09:18:17] [INFO] [data][ModbusTcpMasterPool][addMaster]：已创建并添加 Master ID=12001 IP=127.0.0.1 Port=500 到线程 0 ModbusPoolThread-0
[2026-06-04 09:18:17] [INFO] [data][ModbusTcpMasterPool][initializeMaster]：开始初始化 Master ID=12001
[2026-06-04 09:18:17] [INFO] [data][ModbusConfigParser][initialCommandQueue]：开始构建初始指令队列，共 2 个引用
[2026-06-04 09:18:17] [DEBUG] [data][ModbusConfigParser][initialCommandQueue]：已克隆初始指令 ref=ReadVersion
[2026-06-04 09:18:17] [DEBUG] [data][ModbusConfigParser][initialCommandQueue]：已克隆初始指令 ref=WriteVEFCGasType
[2026-06-04 09:18:17] [INFO] [data][ModbusConfigParser][initialCommandQueue]：初始指令队列构建完成，共 2 条
[2026-06-04 09:18:17] [INFO] [data][ModbusConfigParser][periodicCommandQueue]：开始构建定时指令队列，共 2 个引用
[2026-06-04 09:18:17] [DEBUG] [data][ModbusConfigParser][periodicCommandQueue]：已克隆定时指令 ref=ReadFoupStatus
[2026-06-04 09:18:17] [DEBUG] [data][ModbusConfigParser][periodicCommandQueue]：已克隆定时指令 ref=ReadIdlePurgeAll
[2026-06-04 09:18:17] [INFO] [data][ModbusConfigParser][periodicCommandQueue]：定时指令队列构建完成，共 2 条
[2026-06-04 09:18:17] [INFO] [data][ModbusTcpMasterPool][InitialCommandIssuer][initializeMaster]：已配置 InitialCommandIssuer 指令数=2 间隔=100 超时=1000 重试=3
[2026-06-04 09:18:17] [INFO] [data][ModbusTcpMasterPool][PeriodicCommandSender][initializeMaster]：已配置 PeriodicCommandSender 指令数=2 间隔=300 超时=1000 重试=0
[2026-06-04 09:18:17] [INFO] [app][FirmwareConfig][loadConfig]：加载固件配置 - PrepareCmdTimeout: 3000ms, WaitingTime: 1000ms, SendInterval: 160ms, TransferTimeout: 3000ms
[2026-06-04 09:18:17] [INFO] [app][FirmwareConfig][FirmwareConfig]：固件配置管理器已创建
[2026-06-04 09:18:17] [INFO] [data][ModbusTcpMasterPool][FirmwareUpgrader][initializeMaster]：已配置 FirmwareUpgrader PrepareTimeout=3000ms WaitingTime=1000ms SendInterval=160ms TransferTimeout=3000ms
[2026-06-04 09:18:17] [INFO] [data][ModbusTcpMasterManager][addMaster]：创建 Master ID=12002 IP=127.0.0.1 Port=501
[2026-06-04 09:18:17] [INFO] [data][ModbusTcpMasterPool][addMaster]：已创建并添加 Master ID=12002 IP=127.0.0.1 Port=501 到线程 1 ModbusPoolThread-1
[2026-06-04 09:18:17] [INFO] [data][ModbusTcpMasterPool][initializeMaster]：开始初始化 Master ID=12002
[2026-06-04 09:18:17] [INFO] [data][ModbusConfigParser][initialCommandQueue]：开始构建初始指令队列，共 2 个引用
[2026-06-04 09:18:17] [DEBUG] [data][ModbusConfigParser][initialCommandQueue]：已克隆初始指令 ref=ReadVersion
[2026-06-04 09:18:17] [DEBUG] [data][ModbusConfigParser][initialCommandQueue]：已克隆初始指令 ref=WriteVEFCGasType
[2026-06-04 09:18:17] [INFO] [data][ModbusConfigParser][initialCommandQueue]：初始指令队列构建完成，共 2 条
[2026-06-04 09:18:17] [INFO] [data][ModbusConfigParser][periodicCommandQueue]：开始构建定时指令队列，共 2 个引用
[2026-06-04 09:18:17] [DEBUG] [data][ModbusConfigParser][periodicCommandQueue]：已克隆定时指令 ref=ReadFoupStatus
[2026-06-04 09:18:17] [DEBUG] [data][ModbusConfigParser][periodicCommandQueue]：已克隆定时指令 ref=ReadIdlePurgeAll
[2026-06-04 09:18:17] [INFO] [data][ModbusConfigParser][periodicCommandQueue]：定时指令队列构建完成，共 2 条
[2026-06-04 09:18:17] [INFO] [data][ModbusTcpMasterPool][InitialCommandIssuer][initializeMaster]：已配置 InitialCommandIssuer 指令数=2 间隔=100 超时=1000 重试=3
[2026-06-04 09:18:17] [INFO] [data][ModbusTcpMasterPool][PeriodicCommandSender][initializeMaster]：已配置 PeriodicCommandSender 指令数=2 间隔=300 超时=1000 重试=0
[2026-06-04 09:18:17] [INFO] [data][ModbusTcpMasterPool][FirmwareUpgrader][initializeMaster]：已配置 FirmwareUpgrader PrepareTimeout=3000ms WaitingTime=1000ms SendInterval=160ms TransferTimeout=3000ms
[2026-06-04 09:18:17] [INFO] [data][ModbusTcpMasterManager][addMaster]：创建 Master ID=12003 IP=127.0.0.1 Port=502
[2026-06-04 09:18:17] [INFO] [data][ModbusTcpMasterPool][addMaster]：已创建并添加 Master ID=12003 IP=127.0.0.1 Port=502 到线程 2 ModbusPoolThread-2
[2026-06-04 09:18:17] [INFO] [data][ModbusTcpMasterPool][initializeMaster]：开始初始化 Master ID=12003
[2026-06-04 09:18:17] [INFO] [data][ModbusConfigParser][initialCommandQueue]：开始构建初始指令队列，共 2 个引用
[2026-06-04 09:18:17] [DEBUG] [data][ModbusConfigParser][initialCommandQueue]：已克隆初始指令 ref=ReadVersion
[2026-06-04 09:18:17] [DEBUG] [data][ModbusConfigParser][initialCommandQueue]：已克隆初始指令 ref=WriteVEFCGasType
[2026-06-04 09:18:17] [INFO] [data][ModbusConfigParser][initialCommandQueue]：初始指令队列构建完成，共 2 条
[2026-06-04 09:18:17] [INFO] [data][ModbusConfigParser][periodicCommandQueue]：开始构建定时指令队列，共 2 个引用
[2026-06-04 09:18:17] [DEBUG] [data][ModbusConfigParser][periodicCommandQueue]：已克隆定时指令 ref=ReadFoupStatus
[2026-06-04 09:18:17] [DEBUG] [data][ModbusConfigParser][periodicCommandQueue]：已克隆定时指令 ref=ReadIdlePurgeAll
[2026-06-04 09:18:17] [INFO] [data][ModbusConfigParser][periodicCommandQueue]：定时指令队列构建完成，共 2 条
[2026-06-04 09:18:17] [INFO] [data][ModbusTcpMasterPool][InitialCommandIssuer][initializeMaster]：已配置 InitialCommandIssuer 指令数=2 间隔=100 超时=1000 重试=3
[2026-06-04 09:18:17] [INFO] [data][ModbusTcpMasterPool][PeriodicCommandSender][initializeMaster]：已配置 PeriodicCommandSender 指令数=2 间隔=300 超时=1000 重试=0
[2026-06-04 09:18:17] [INFO] [data][ModbusTcpMasterPool][FirmwareUpgrader][initializeMaster]：已配置 FirmwareUpgrader PrepareTimeout=3000ms WaitingTime=1000ms SendInterval=160ms TransferTimeout=3000ms
[2026-06-04 09:18:17] [INFO] [data][ModbusTcpMasterManager][addMaster]：创建 Master ID=12004 IP=127.0.0.1 Port=503
[2026-06-04 09:18:17] [INFO] [data][ModbusTcpMasterPool][addMaster]：已创建并添加 Master ID=12004 IP=127.0.0.1 Port=503 到线程 3 ModbusPoolThread-3
[2026-06-04 09:18:17] [INFO] [data][ModbusTcpMasterPool][initializeMaster]：开始初始化 Master ID=12004
[2026-06-04 09:18:17] [INFO] [data][ModbusConfigParser][initialCommandQueue]：开始构建初始指令队列，共 2 个引用
[2026-06-04 09:18:17] [DEBUG] [data][ModbusConfigParser][initialCommandQueue]：已克隆初始指令 ref=ReadVersion
[2026-06-04 09:18:17] [DEBUG] [data][ModbusConfigParser][initialCommandQueue]：已克隆初始指令 ref=WriteVEFCGasType
[2026-06-04 09:18:17] [INFO] [data][ModbusConfigParser][initialCommandQueue]：初始指令队列构建完成，共 2 条
[2026-06-04 09:18:17] [INFO] [data][ModbusConfigParser][periodicCommandQueue]：开始构建定时指令队列，共 2 个引用
[2026-06-04 09:18:17] [DEBUG] [data][ModbusConfigParser][periodicCommandQueue]：已克隆定时指令 ref=ReadFoupStatus
[2026-06-04 09:18:17] [DEBUG] [data][ModbusConfigParser][periodicCommandQueue]：已克隆定时指令 ref=ReadIdlePurgeAll
[2026-06-04 09:18:17] [INFO] [data][ModbusConfigParser][periodicCommandQueue]：定时指令队列构建完成，共 2 条
[2026-06-04 09:18:17] [INFO] [data][ModbusTcpMasterPool][InitialCommandIssuer][initializeMaster]：已配置 InitialCommandIssuer 指令数=2 间隔=100 超时=1000 重试=3
[2026-06-04 09:18:17] [INFO] [data][ModbusTcpMasterPool][PeriodicCommandSender][initializeMaster]：已配置 PeriodicCommandSender 指令数=2 间隔=300 超时=1000 重试=0
[2026-06-04 09:18:17] [INFO] [data][ModbusTcpMasterPool][FirmwareUpgrader][initializeMaster]：已配置 FirmwareUpgrader PrepareTimeout=3000ms WaitingTime=1000ms SendInterval=160ms TransferTimeout=3000ms
[2026-06-04 09:18:17] [INFO] [data][ModbusTcpMasterManager][addMaster]：创建 Master ID=12005 IP=127.0.0.1 Port=504
[2026-06-04 09:18:17] [INFO] [data][ModbusTcpMasterPool][addMaster]：已创建并添加 Master ID=12005 IP=127.0.0.1 Port=504 到线程 4 ModbusPoolThread-4
[2026-06-04 09:18:17] [INFO] [data][ModbusTcpMasterPool][initializeMaster]：开始初始化 Master ID=12005
[2026-06-04 09:18:17] [INFO] [data][ModbusConfigParser][initialCommandQueue]：开始构建初始指令队列，共 2 个引用
[2026-06-04 09:18:17] [DEBUG] [data][ModbusConfigParser][initialCommandQueue]：已克隆初始指令 ref=ReadVersion
[2026-06-04 09:18:17] [DEBUG] [data][ModbusConfigParser][initialCommandQueue]：已克隆初始指令 ref=WriteVEFCGasType
[2026-06-04 09:18:17] [INFO] [data][ModbusConfigParser][initialCommandQueue]：初始指令队列构建完成，共 2 条
[2026-06-04 09:18:17] [INFO] [data][ModbusConfigParser][periodicCommandQueue]：开始构建定时指令队列，共 2 个引用
[2026-06-04 09:18:17] [DEBUG] [data][ModbusConfigParser][periodicCommandQueue]：已克隆定时指令 ref=ReadFoupStatus
[2026-06-04 09:18:17] [DEBUG] [data][ModbusConfigParser][periodicCommandQueue]：已克隆定时指令 ref=ReadIdlePurgeAll
[2026-06-04 09:18:17] [INFO] [data][ModbusConfigParser][periodicCommandQueue]：定时指令队列构建完成，共 2 条
[2026-06-04 09:18:17] [INFO] [data][ModbusTcpMasterPool][InitialCommandIssuer][initializeMaster]：已配置 InitialCommandIssuer 指令数=2 间隔=100 超时=1000 重试=3
[2026-06-04 09:18:17] [INFO] [data][ModbusTcpMasterPool][PeriodicCommandSender][initializeMaster]：已配置 PeriodicCommandSender 指令数=2 间隔=300 超时=1000 重试=0
[2026-06-04 09:18:17] [INFO] [data][ModbusTcpMasterPool][FirmwareUpgrader][initializeMaster]：已配置 FirmwareUpgrader PrepareTimeout=3000ms WaitingTime=1000ms SendInterval=160ms TransferTimeout=3000ms
[2026-06-04 09:18:17] [INFO] [data][ModbusTcpMasterManager][addMaster]：创建 Master ID=12006 IP=127.0.0.1 Port=505
[2026-06-04 09:18:17] [INFO] [data][ModbusTcpMasterPool][addMaster]：已创建并添加 Master ID=12006 IP=127.0.0.1 Port=505 到线程 5 ModbusPoolThread-5
[2026-06-04 09:18:17] [INFO] [data][ModbusTcpMasterPool][initializeMaster]：开始初始化 Master ID=12006
[2026-06-04 09:18:17] [INFO] [data][ModbusConfigParser][initialCommandQueue]：开始构建初始指令队列，共 2 个引用
[2026-06-04 09:18:17] [DEBUG] [data][ModbusConfigParser][initialCommandQueue]：已克隆初始指令 ref=ReadVersion
[2026-06-04 09:18:17] [DEBUG] [data][ModbusConfigParser][initialCommandQueue]：已克隆初始指令 ref=WriteVEFCGasType
[2026-06-04 09:18:17] [INFO] [data][ModbusConfigParser][initialCommandQueue]：初始指令队列构建完成，共 2 条
[2026-06-04 09:18:17] [INFO] [data][ModbusConfigParser][periodicCommandQueue]：开始构建定时指令队列，共 2 个引用
[2026-06-04 09:18:17] [DEBUG] [data][ModbusConfigParser][periodicCommandQueue]：已克隆定时指令 ref=ReadFoupStatus
[2026-06-04 09:18:17] [DEBUG] [data][ModbusConfigParser][periodicCommandQueue]：已克隆定时指令 ref=ReadIdlePurgeAll
[2026-06-04 09:18:17] [INFO] [data][ModbusConfigParser][periodicCommandQueue]：定时指令队列构建完成，共 2 条
[2026-06-04 09:18:17] [INFO] [data][ModbusTcpMasterPool][InitialCommandIssuer][initializeMaster]：已配置 InitialCommandIssuer 指令数=2 间隔=100 超时=1000 重试=3
[2026-06-04 09:18:17] [INFO] [data][ModbusTcpMasterPool][PeriodicCommandSender][initializeMaster]：已配置 PeriodicCommandSender 指令数=2 间隔=300 超时=1000 重试=0
[2026-06-04 09:18:17] [INFO] [data][ModbusTcpMasterPool][FirmwareUpgrader][initializeMaster]：已配置 FirmwareUpgrader PrepareTimeout=3000ms WaitingTime=1000ms SendInterval=160ms TransferTimeout=3000ms
[2026-06-04 09:18:17] [INFO] [data][ModbusTcpMasterManager][addMaster]：创建 Master ID=12007 IP=127.0.0.1 Port=506
[2026-06-04 09:18:17] [INFO] [data][ModbusTcpMasterPool][addMaster]：已创建并添加 Master ID=12007 IP=127.0.0.1 Port=506 到线程 6 ModbusPoolThread-6
[2026-06-04 09:18:17] [INFO] [data][ModbusTcpMasterPool][initializeMaster]：开始初始化 Master ID=12007
[2026-06-04 09:18:17] [INFO] [data][ModbusConfigParser][initialCommandQueue]：开始构建初始指令队列，共 2 个引用
[2026-06-04 09:18:17] [DEBUG] [data][ModbusConfigParser][initialCommandQueue]：已克隆初始指令 ref=ReadVersion
[2026-06-04 09:18:17] [DEBUG] [data][ModbusConfigParser][initialCommandQueue]：已克隆初始指令 ref=WriteVEFCGasType
[2026-06-04 09:18:17] [INFO] [data][ModbusConfigParser][initialCommandQueue]：初始指令队列构建完成，共 2 条
[2026-06-04 09:18:17] [INFO] [data][ModbusConfigParser][periodicCommandQueue]：开始构建定时指令队列，共 2 个引用
[2026-06-04 09:18:17] [DEBUG] [data][ModbusConfigParser][periodicCommandQueue]：已克隆定时指令 ref=ReadFoupStatus
[2026-06-04 09:18:17] [DEBUG] [data][ModbusConfigParser][periodicCommandQueue]：已克隆定时指令 ref=ReadIdlePurgeAll
[2026-06-04 09:18:17] [INFO] [data][ModbusConfigParser][periodicCommandQueue]：定时指令队列构建完成，共 2 条
[2026-06-04 09:18:17] [INFO] [data][ModbusTcpMasterPool][InitialCommandIssuer][initializeMaster]：已配置 InitialCommandIssuer 指令数=2 间隔=100 超时=1000 重试=3
[2026-06-04 09:18:17] [INFO] [data][ModbusTcpMasterPool][PeriodicCommandSender][initializeMaster]：已配置 PeriodicCommandSender 指令数=2 间隔=300 超时=1000 重试=0
[2026-06-04 09:18:17] [INFO] [data][ModbusTcpMasterPool][FirmwareUpgrader][initializeMaster]：已配置 FirmwareUpgrader PrepareTimeout=3000ms WaitingTime=1000ms SendInterval=160ms TransferTimeout=3000ms
[2026-06-04 09:18:17] [INFO] [data][ModbusTcpMasterManager][addMaster]：创建 Master ID=12008 IP=127.0.0.1 Port=507
[2026-06-04 09:18:17] [INFO] [data][ModbusTcpMasterPool][addMaster]：已创建并添加 Master ID=12008 IP=127.0.0.1 Port=507 到线程 7 ModbusPoolThread-7
[2026-06-04 09:18:17] [INFO] [data][ModbusTcpMasterPool][initializeMaster]：开始初始化 Master ID=12008
[2026-06-04 09:18:17] [INFO] [data][ModbusConfigParser][initialCommandQueue]：开始构建初始指令队列，共 2 个引用
[2026-06-04 09:18:17] [DEBUG] [data][ModbusConfigParser][initialCommandQueue]：已克隆初始指令 ref=ReadVersion
[2026-06-04 09:18:17] [DEBUG] [data][ModbusConfigParser][initialCommandQueue]：已克隆初始指令 ref=WriteVEFCGasType
[2026-06-04 09:18:17] [INFO] [data][ModbusConfigParser][initialCommandQueue]：初始指令队列构建完成，共 2 条
[2026-06-04 09:18:17] [INFO] [data][ModbusConfigParser][periodicCommandQueue]：开始构建定时指令队列，共 2 个引用
[2026-06-04 09:18:17] [DEBUG] [data][ModbusConfigParser][periodicCommandQueue]：已克隆定时指令 ref=ReadFoupStatus
[2026-06-04 09:18:17] [DEBUG] [data][ModbusConfigParser][periodicCommandQueue]：已克隆定时指令 ref=ReadIdlePurgeAll
[2026-06-04 09:18:17] [INFO] [data][ModbusConfigParser][periodicCommandQueue]：定时指令队列构建完成，共 2 条
[2026-06-04 09:18:17] [INFO] [data][ModbusTcpMasterPool][InitialCommandIssuer][initializeMaster]：已配置 InitialCommandIssuer 指令数=2 间隔=100 超时=1000 重试=3
[2026-06-04 09:18:17] [INFO] [data][ModbusTcpMasterPool][PeriodicCommandSender][initializeMaster]：已配置 PeriodicCommandSender 指令数=2 间隔=300 超时=1000 重试=0
[2026-06-04 09:18:17] [INFO] [data][ModbusTcpMasterPool][FirmwareUpgrader][initializeMaster]：已配置 FirmwareUpgrader PrepareTimeout=3000ms WaitingTime=1000ms SendInterval=160ms TransferTimeout=3000ms
[2026-06-04 09:18:17] [INFO] [data][ModbusTcpMasterManager][addMaster]：创建 Master ID=12009 IP=127.0.0.1 Port=508
[2026-06-04 09:18:17] [INFO] [data][ModbusTcpMasterPool][addMaster]：已创建并添加 Master ID=12009 IP=127.0.0.1 Port=508 到线程 8 ModbusPoolThread-8
[2026-06-04 09:18:17] [INFO] [data][ModbusTcpMasterPool][initializeMaster]：开始初始化 Master ID=12009
[2026-06-04 09:18:17] [INFO] [data][ModbusConfigParser][initialCommandQueue]：开始构建初始指令队列，共 2 个引用
[2026-06-04 09:18:17] [DEBUG] [data][ModbusConfigParser][initialCommandQueue]：已克隆初始指令 ref=ReadVersion
[2026-06-04 09:18:17] [DEBUG] [data][ModbusConfigParser][initialCommandQueue]：已克隆初始指令 ref=WriteVEFCGasType
[2026-06-04 09:18:17] [INFO] [data][ModbusConfigParser][initialCommandQueue]：初始指令队列构建完成，共 2 条
[2026-06-04 09:18:17] [INFO] [data][ModbusConfigParser][periodicCommandQueue]：开始构建定时指令队列，共 2 个引用
[2026-06-04 09:18:17] [DEBUG] [data][ModbusConfigParser][periodicCommandQueue]：已克隆定时指令 ref=ReadFoupStatus
[2026-06-04 09:18:17] [DEBUG] [data][ModbusConfigParser][periodicCommandQueue]：已克隆定时指令 ref=ReadIdlePurgeAll
[2026-06-04 09:18:17] [INFO] [data][ModbusConfigParser][periodicCommandQueue]：定时指令队列构建完成，共 2 条
[2026-06-04 09:18:17] [INFO] [data][ModbusTcpMasterPool][InitialCommandIssuer][initializeMaster]：已配置 InitialCommandIssuer 指令数=2 间隔=100 超时=1000 重试=3
[2026-06-04 09:18:17] [INFO] [data][ModbusTcpMasterPool][PeriodicCommandSender][initializeMaster]：已配置 PeriodicCommandSender 指令数=2 间隔=300 超时=1000 重试=0
[2026-06-04 09:18:17] [INFO] [data][ModbusTcpMasterPool][FirmwareUpgrader][initializeMaster]：已配置 FirmwareUpgrader PrepareTimeout=3000ms WaitingTime=1000ms SendInterval=160ms TransferTimeout=3000ms
[2026-06-04 09:18:17] [INFO] [data][ModbusTcpMasterManager][addMaster]：创建 Master ID=12010 IP=127.0.0.1 Port=509
[2026-06-04 09:18:17] [INFO] [data][ModbusTcpMasterPool][addMaster]：已创建并添加 Master ID=12010 IP=127.0.0.1 Port=509 到线程 9 ModbusPoolThread-9
[2026-06-04 09:18:17] [INFO] [data][ModbusTcpMasterPool][initializeMaster]：开始初始化 Master ID=12010
[2026-06-04 09:18:17] [INFO] [data][ModbusConfigParser][initialCommandQueue]：开始构建初始指令队列，共 2 个引用
[2026-06-04 09:18:17] [DEBUG] [data][ModbusConfigParser][initialCommandQueue]：已克隆初始指令 ref=ReadVersion
[2026-06-04 09:18:17] [DEBUG] [data][ModbusConfigParser][initialCommandQueue]：已克隆初始指令 ref=WriteVEFCGasType
[2026-06-04 09:18:17] [INFO] [data][ModbusConfigParser][initialCommandQueue]：初始指令队列构建完成，共 2 条
[2026-06-04 09:18:17] [INFO] [data][ModbusConfigParser][periodicCommandQueue]：开始构建定时指令队列，共 2 个引用
[2026-06-04 09:18:17] [DEBUG] [data][ModbusConfigParser][periodicCommandQueue]：已克隆定时指令 ref=ReadFoupStatus
[2026-06-04 09:18:17] [DEBUG] [data][ModbusConfigParser][periodicCommandQueue]：已克隆定时指令 ref=ReadIdlePurgeAll
[2026-06-04 09:18:17] [INFO] [data][ModbusConfigParser][periodicCommandQueue]：定时指令队列构建完成，共 2 条
[2026-06-04 09:18:17] [INFO] [data][ModbusTcpMasterPool][InitialCommandIssuer][initializeMaster]：已配置 InitialCommandIssuer 指令数=2 间隔=100 超时=1000 重试=3
[2026-06-04 09:18:17] [INFO] [data][ModbusTcpMasterPool][PeriodicCommandSender][initializeMaster]：已配置 PeriodicCommandSender 指令数=2 间隔=300 超时=1000 重试=0
[2026-06-04 09:18:17] [INFO] [data][ModbusTcpMasterPool][FirmwareUpgrader][initializeMaster]：已配置 FirmwareUpgrader PrepareTimeout=3000ms WaitingTime=1000ms SendInterval=160ms TransferTimeout=3000ms
[2026-06-04 09:18:17] [INFO] [data][ModbusTcpMasterManager][addMaster]：创建 Master ID=12011 IP=127.0.0.1 Port=510
[2026-06-04 09:18:17] [INFO] [data][ModbusTcpMasterPool][addMaster]：已创建并添加 Master ID=12011 IP=127.0.0.1 Port=510 到线程 10 ModbusPoolThread-10
[2026-06-04 09:18:17] [INFO] [data][ModbusTcpMasterPool][initializeMaster]：开始初始化 Master ID=12011
[2026-06-04 09:18:17] [INFO] [data][ModbusConfigParser][initialCommandQueue]：开始构建初始指令队列，共 2 个引用
[2026-06-04 09:18:17] [DEBUG] [data][ModbusConfigParser][initialCommandQueue]：已克隆初始指令 ref=ReadVersion
[2026-06-04 09:18:17] [DEBUG] [data][ModbusConfigParser][initialCommandQueue]：已克隆初始指令 ref=WriteVEFCGasType
[2026-06-04 09:18:17] [INFO] [data][ModbusConfigParser][initialCommandQueue]：初始指令队列构建完成，共 2 条
[2026-06-04 09:18:17] [INFO] [data][ModbusConfigParser][periodicCommandQueue]：开始构建定时指令队列，共 2 个引用
[2026-06-04 09:18:17] [DEBUG] [data][ModbusConfigParser][periodicCommandQueue]：已克隆定时指令 ref=ReadFoupStatus
[2026-06-04 09:18:17] [DEBUG] [data][ModbusConfigParser][periodicCommandQueue]：已克隆定时指令 ref=ReadIdlePurgeAll
[2026-06-04 09:18:17] [INFO] [data][ModbusConfigParser][periodicCommandQueue]：定时指令队列构建完成，共 2 条
[2026-06-04 09:18:17] [INFO] [data][ModbusTcpMasterPool][InitialCommandIssuer][initializeMaster]：已配置 InitialCommandIssuer 指令数=2 间隔=100 超时=1000 重试=3
[2026-06-04 09:18:17] [INFO] [data][ModbusTcpMasterPool][PeriodicCommandSender][initializeMaster]：已配置 PeriodicCommandSender 指令数=2 间隔=300 超时=1000 重试=0
[2026-06-04 09:18:17] [INFO] [data][ModbusTcpMasterPool][FirmwareUpgrader][initializeMaster]：已配置 FirmwareUpgrader PrepareTimeout=3000ms WaitingTime=1000ms SendInterval=160ms TransferTimeout=3000ms
[2026-06-04 09:18:17] [INFO] [data][ModbusTcpMasterManager][addMaster]：创建 Master ID=12012 IP=127.0.0.1 Port=511
[2026-06-04 09:18:17] [INFO] [data][ModbusTcpMasterPool][addMaster]：已创建并添加 Master ID=12012 IP=127.0.0.1 Port=511 到线程 11 ModbusPoolThread-11
[2026-06-04 09:18:17] [INFO] [data][ModbusTcpMasterPool][initializeMaster]：开始初始化 Master ID=12012
[2026-06-04 09:18:17] [INFO] [data][ModbusConfigParser][initialCommandQueue]：开始构建初始指令队列，共 2 个引用
[2026-06-04 09:18:17] [DEBUG] [data][ModbusConfigParser][initialCommandQueue]：已克隆初始指令 ref=ReadVersion
[2026-06-04 09:18:17] [DEBUG] [data][ModbusConfigParser][initialCommandQueue]：已克隆初始指令 ref=WriteVEFCGasType
[2026-06-04 09:18:17] [INFO] [data][ModbusConfigParser][initialCommandQueue]：初始指令队列构建完成，共 2 条
[2026-06-04 09:18:17] [INFO] [data][ModbusConfigParser][periodicCommandQueue]：开始构建定时指令队列，共 2 个引用
[2026-06-04 09:18:17] [DEBUG] [data][ModbusConfigParser][periodicCommandQueue]：已克隆定时指令 ref=ReadFoupStatus
[2026-06-04 09:18:17] [DEBUG] [data][ModbusConfigParser][periodicCommandQueue]：已克隆定时指令 ref=ReadIdlePurgeAll
[2026-06-04 09:18:17] [INFO] [data][ModbusConfigParser][periodicCommandQueue]：定时指令队列构建完成，共 2 条
[2026-06-04 09:18:17] [INFO] [data][ModbusTcpMasterPool][InitialCommandIssuer][initializeMaster]：已配置 InitialCommandIssuer 指令数=2 间隔=100 超时=1000 重试=3
[2026-06-04 09:18:17] [INFO] [data][ModbusTcpMasterPool][PeriodicCommandSender][initializeMaster]：已配置 PeriodicCommandSender 指令数=2 间隔=300 超时=1000 重试=0
[2026-06-04 09:18:17] [INFO] [data][ModbusTcpMasterPool][FirmwareUpgrader][initializeMaster]：已配置 FirmwareUpgrader PrepareTimeout=3000ms WaitingTime=1000ms SendInterval=160ms TransferTimeout=3000ms
[2026-06-04 09:18:17] [INFO] [data][ModbusTcpMasterManager][addMaster]：创建 Master ID=12013 IP=127.0.0.1 Port=512
[2026-06-04 09:18:17] [INFO] [data][ModbusTcpMasterPool][addMaster]：已创建并添加 Master ID=12013 IP=127.0.0.1 Port=512 到线程 12 ModbusPoolThread-12
[2026-06-04 09:18:17] [INFO] [data][ModbusTcpMasterPool][initializeMaster]：开始初始化 Master ID=12013
[2026-06-04 09:18:17] [INFO] [data][ModbusConfigParser][initialCommandQueue]：开始构建初始指令队列，共 2 个引用
[2026-06-04 09:18:17] [DEBUG] [data][ModbusConfigParser][initialCommandQueue]：已克隆初始指令 ref=ReadVersion
[2026-06-04 09:18:17] [DEBUG] [data][ModbusConfigParser][initialCommandQueue]：已克隆初始指令 ref=WriteVEFCGasType
[2026-06-04 09:18:17] [INFO] [data][ModbusConfigParser][initialCommandQueue]：初始指令队列构建完成，共 2 条
[2026-06-04 09:18:17] [INFO] [data][ModbusConfigParser][periodicCommandQueue]：开始构建定时指令队列，共 2 个引用
[2026-06-04 09:18:17] [DEBUG] [data][ModbusConfigParser][periodicCommandQueue]：已克隆定时指令 ref=ReadFoupStatus
[2026-06-04 09:18:17] [DEBUG] [data][ModbusConfigParser][periodicCommandQueue]：已克隆定时指令 ref=ReadIdlePurgeAll
[2026-06-04 09:18:17] [INFO] [data][ModbusConfigParser][periodicCommandQueue]：定时指令队列构建完成，共 2 条
[2026-06-04 09:18:17] [INFO] [data][ModbusTcpMasterPool][InitialCommandIssuer][initializeMaster]：已配置 InitialCommandIssuer 指令数=2 间隔=100 超时=1000 重试=3
[2026-06-04 09:18:17] [INFO] [data][ModbusTcpMasterPool][PeriodicCommandSender][initializeMaster]：已配置 PeriodicCommandSender 指令数=2 间隔=300 超时=1000 重试=0
[2026-06-04 09:18:17] [INFO] [data][ModbusTcpMasterPool][FirmwareUpgrader][initializeMaster]：已配置 FirmwareUpgrader PrepareTimeout=3000ms WaitingTime=1000ms SendInterval=160ms TransferTimeout=3000ms
[2026-06-04 09:18:17] [INFO] [data][ModbusTcpMasterManager][addMaster]：创建 Master ID=12014 IP=127.0.0.1 Port=513
[2026-06-04 09:18:17] [INFO] [data][ModbusTcpMasterPool][addMaster]：已创建并添加 Master ID=12014 IP=127.0.0.1 Port=513 到线程 13 ModbusPoolThread-13
[2026-06-04 09:18:17] [INFO] [data][ModbusTcpMasterPool][initializeMaster]：开始初始化 Master ID=12014
[2026-06-04 09:18:17] [INFO] [data][ModbusConfigParser][initialCommandQueue]：开始构建初始指令队列，共 2 个引用
[2026-06-04 09:18:17] [DEBUG] [data][ModbusConfigParser][initialCommandQueue]：已克隆初始指令 ref=ReadVersion
[2026-06-04 09:18:17] [INFO] [data][ModbusConfigParser][initialCommandQueue]：初始指令队列构建完成，共 2 条
[2026-06-04 09:18:17] [DEBUG] [data][ModbusConfigParser][initialCommandQueue]：已克隆初始指令 ref=WriteVEFCGasType
[2026-06-04 09:18:17] [INFO] [data][ModbusConfigParser][periodicCommandQueue]：开始构建定时指令队列，共 2 个引用
[2026-06-04 09:18:17] [DEBUG] [data][ModbusConfigParser][periodicCommandQueue]：已克隆定时指令 ref=ReadFoupStatus
[2026-06-04 09:18:17] [DEBUG] [data][ModbusConfigParser][periodicCommandQueue]：已克隆定时指令 ref=ReadIdlePurgeAll
[2026-06-04 09:18:17] [INFO] [data][ModbusConfigParser][periodicCommandQueue]：定时指令队列构建完成，共 2 条
[2026-06-04 09:18:17] [INFO] [data][ModbusTcpMasterPool][InitialCommandIssuer][initializeMaster]：已配置 InitialCommandIssuer 指令数=2 间隔=100 超时=1000 重试=3
[2026-06-04 09:18:17] [INFO] [data][ModbusTcpMasterPool][PeriodicCommandSender][initializeMaster]：已配置 PeriodicCommandSender 指令数=2 间隔=300 超时=1000 重试=0
[2026-06-04 09:18:17] [INFO] [data][ModbusTcpMasterPool][FirmwareUpgrader][initializeMaster]：已配置 FirmwareUpgrader PrepareTimeout=3000ms WaitingTime=1000ms SendInterval=160ms TransferTimeout=3000ms
[2026-06-04 09:18:17] [INFO] [data][ModbusTcpMasterManager][addMaster]：创建 Master ID=12015 IP=127.0.0.1 Port=514
[2026-06-04 09:18:17] [INFO] [data][ModbusTcpMasterPool][addMaster]：已创建并添加 Master ID=12015 IP=127.0.0.1 Port=514 到线程 14 ModbusPoolThread-14
[2026-06-04 09:18:17] [INFO] [data][ModbusTcpMasterPool][initializeMaster]：开始初始化 Master ID=12015
[2026-06-04 09:18:17] [INFO] [data][ModbusConfigParser][initialCommandQueue]：开始构建初始指令队列，共 2 个引用
[2026-06-04 09:18:17] [DEBUG] [data][ModbusConfigParser][initialCommandQueue]：已克隆初始指令 ref=ReadVersion
[2026-06-04 09:18:17] [DEBUG] [data][ModbusConfigParser][initialCommandQueue]：已克隆初始指令 ref=WriteVEFCGasType
[2026-06-04 09:18:17] [INFO] [data][ModbusConfigParser][initialCommandQueue]：初始指令队列构建完成，共 2 条
[2026-06-04 09:18:17] [INFO] [data][ModbusConfigParser][periodicCommandQueue]：开始构建定时指令队列，共 2 个引用
[2026-06-04 09:18:17] [DEBUG] [data][ModbusConfigParser][periodicCommandQueue]：已克隆定时指令 ref=ReadFoupStatus
[2026-06-04 09:18:17] [DEBUG] [data][ModbusConfigParser][periodicCommandQueue]：已克隆定时指令 ref=ReadIdlePurgeAll
[2026-06-04 09:18:17] [INFO] [data][ModbusConfigParser][periodicCommandQueue]：定时指令队列构建完成，共 2 条
[2026-06-04 09:18:17] [INFO] [data][ModbusTcpMasterPool][InitialCommandIssuer][initializeMaster]：已配置 InitialCommandIssuer 指令数=2 间隔=100 超时=1000 重试=3
[2026-06-04 09:18:17] [INFO] [data][ModbusTcpMasterPool][PeriodicCommandSender][initializeMaster]：已配置 PeriodicCommandSender 指令数=2 间隔=300 超时=1000 重试=0
[2026-06-04 09:18:17] [INFO] [data][ModbusTcpMasterPool][FirmwareUpgrader][initializeMaster]：已配置 FirmwareUpgrader PrepareTimeout=3000ms WaitingTime=1000ms SendInterval=160ms TransferTimeout=3000ms
[2026-06-04 09:18:17] [INFO] [data][ModbusTcpMasterManager][addMaster]：创建 Master ID=12016 IP=127.0.0.1 Port=515
[2026-06-04 09:18:17] [INFO] [data][ModbusTcpMasterPool][addMaster]：已创建并添加 Master ID=12016 IP=127.0.0.1 Port=515 到线程 15 ModbusPoolThread-15
[2026-06-04 09:18:17] [INFO] [data][ModbusTcpMasterPool][initializeMaster]：开始初始化 Master ID=12016
[2026-06-04 09:18:17] [INFO] [data][ModbusConfigParser][initialCommandQueue]：开始构建初始指令队列，共 2 个引用
[2026-06-04 09:18:17] [DEBUG] [data][ModbusConfigParser][initialCommandQueue]：已克隆初始指令 ref=ReadVersion
[2026-06-04 09:18:17] [DEBUG] [data][ModbusConfigParser][initialCommandQueue]：已克隆初始指令 ref=WriteVEFCGasType
[2026-06-04 09:18:17] [INFO] [data][ModbusConfigParser][initialCommandQueue]：初始指令队列构建完成，共 2 条
[2026-06-04 09:18:17] [INFO] [data][ModbusConfigParser][periodicCommandQueue]：开始构建定时指令队列，共 2 个引用
[2026-06-04 09:18:17] [DEBUG] [data][ModbusConfigParser][periodicCommandQueue]：已克隆定时指令 ref=ReadFoupStatus
[2026-06-04 09:18:17] [DEBUG] [data][ModbusConfigParser][periodicCommandQueue]：已克隆定时指令 ref=ReadIdlePurgeAll
[2026-06-04 09:18:17] [INFO] [data][ModbusConfigParser][periodicCommandQueue]：定时指令队列构建完成，共 2 条
[2026-06-04 09:18:17] [INFO] [data][ModbusTcpMasterPool][InitialCommandIssuer][initializeMaster]：已配置 InitialCommandIssuer 指令数=2 间隔=100 超时=1000 重试=3
[2026-06-04 09:18:17] [INFO] [data][ModbusTcpMasterPool][PeriodicCommandSender][initializeMaster]：已配置 PeriodicCommandSender 指令数=2 间隔=300 超时=1000 重试=0
[2026-06-04 09:18:17] [INFO] [data][ModbusTcpMasterPool][FirmwareUpgrader][initializeMaster]：已配置 FirmwareUpgrader PrepareTimeout=3000ms WaitingTime=1000ms SendInterval=160ms TransferTimeout=3000ms
[2026-06-04 09:18:17] [INFO] [data][ModbusTcpMasterManager][addMaster]：创建 Master ID=12017 IP=127.0.0.1 Port=516
[2026-06-04 09:18:17] [INFO] [data][ModbusTcpMasterPool][addMaster]：已创建并添加 Master ID=12017 IP=127.0.0.1 Port=516 到线程 16 ModbusPoolThread-16
[2026-06-04 09:18:17] [INFO] [data][ModbusTcpMasterPool][initializeMaster]：开始初始化 Master ID=12017
[2026-06-04 09:18:17] [INFO] [data][ModbusConfigParser][initialCommandQueue]：开始构建初始指令队列，共 2 个引用
[2026-06-04 09:18:17] [DEBUG] [data][ModbusConfigParser][initialCommandQueue]：已克隆初始指令 ref=ReadVersion
[2026-06-04 09:18:17] [DEBUG] [data][ModbusConfigParser][initialCommandQueue]：已克隆初始指令 ref=WriteVEFCGasType
[2026-06-04 09:18:17] [INFO] [data][ModbusConfigParser][initialCommandQueue]：初始指令队列构建完成，共 2 条
[2026-06-04 09:18:17] [INFO] [data][ModbusConfigParser][periodicCommandQueue]：开始构建定时指令队列，共 2 个引用
[2026-06-04 09:18:17] [DEBUG] [data][ModbusConfigParser][periodicCommandQueue]：已克隆定时指令 ref=ReadFoupStatus
[2026-06-04 09:18:17] [DEBUG] [data][ModbusConfigParser][periodicCommandQueue]：已克隆定时指令 ref=ReadIdlePurgeAll
[2026-06-04 09:18:17] [INFO] [data][ModbusConfigParser][periodicCommandQueue]：定时指令队列构建完成，共 2 条
[2026-06-04 09:18:17] [INFO] [data][ModbusTcpMasterPool][InitialCommandIssuer][initializeMaster]：已配置 InitialCommandIssuer 指令数=2 间隔=100 超时=1000 重试=3
[2026-06-04 09:18:17] [INFO] [data][ModbusTcpMasterPool][PeriodicCommandSender][initializeMaster]：已配置 PeriodicCommandSender 指令数=2 间隔=300 超时=1000 重试=0
[2026-06-04 09:18:17] [INFO] [data][ModbusTcpMasterPool][FirmwareUpgrader][initializeMaster]：已配置 FirmwareUpgrader PrepareTimeout=3000ms WaitingTime=1000ms SendInterval=160ms TransferTimeout=3000ms
[2026-06-04 09:18:17] [INFO] [data][ModbusTcpMasterManager][addMaster]：创建 Master ID=12018 IP=127.0.0.1 Port=517
[2026-06-04 09:18:17] [INFO] [data][ModbusTcpMasterPool][addMaster]：已创建并添加 Master ID=12018 IP=127.0.0.1 Port=517 到线程 17 ModbusPoolThread-17
[2026-06-04 09:18:17] [INFO] [data][ModbusTcpMasterPool][initializeMaster]：开始初始化 Master ID=12018
[2026-06-04 09:18:17] [INFO] [data][ModbusConfigParser][initialCommandQueue]：开始构建初始指令队列，共 2 个引用
[2026-06-04 09:18:17] [DEBUG] [data][ModbusConfigParser][initialCommandQueue]：已克隆初始指令 ref=ReadVersion
[2026-06-04 09:18:17] [DEBUG] [data][ModbusConfigParser][initialCommandQueue]：已克隆初始指令 ref=WriteVEFCGasType
[2026-06-04 09:18:17] [INFO] [data][ModbusConfigParser][initialCommandQueue]：初始指令队列构建完成，共 2 条
[2026-06-04 09:18:17] [INFO] [data][ModbusConfigParser][periodicCommandQueue]：开始构建定时指令队列，共 2 个引用
[2026-06-04 09:18:17] [DEBUG] [data][ModbusConfigParser][periodicCommandQueue]：已克隆定时指令 ref=ReadFoupStatus
[2026-06-04 09:18:17] [DEBUG] [data][ModbusConfigParser][periodicCommandQueue]：已克隆定时指令 ref=ReadIdlePurgeAll
[2026-06-04 09:18:17] [INFO] [data][ModbusConfigParser][periodicCommandQueue]：定时指令队列构建完成，共 2 条
[2026-06-04 09:18:17] [INFO] [data][ModbusTcpMasterPool][InitialCommandIssuer][initializeMaster]：已配置 InitialCommandIssuer 指令数=2 间隔=100 超时=1000 重试=3
[2026-06-04 09:18:17] [INFO] [data][ModbusTcpMasterPool][PeriodicCommandSender][initializeMaster]：已配置 PeriodicCommandSender 指令数=2 间隔=300 超时=1000 重试=0
[2026-06-04 09:18:17] [INFO] [data][ModbusTcpMasterPool][FirmwareUpgrader][initializeMaster]：已配置 FirmwareUpgrader PrepareTimeout=3000ms WaitingTime=1000ms SendInterval=160ms TransferTimeout=3000ms
[2026-06-04 09:18:17] [INFO] [data][ModbusTcpMasterManager][addMaster]：创建 Master ID=12019 IP=127.0.0.1 Port=518
[2026-06-04 09:18:17] [INFO] [data][ModbusTcpMasterPool][addMaster]：已创建并添加 Master ID=12019 IP=127.0.0.1 Port=518 到线程 18 ModbusPoolThread-18
[2026-06-04 09:18:17] [INFO] [data][ModbusTcpMasterPool][initializeMaster]：开始初始化 Master ID=12019
[2026-06-04 09:18:17] [INFO] [data][ModbusConfigParser][initialCommandQueue]：开始构建初始指令队列，共 2 个引用
[2026-06-04 09:18:17] [DEBUG] [data][ModbusConfigParser][initialCommandQueue]：已克隆初始指令 ref=ReadVersion
[2026-06-04 09:18:17] [DEBUG] [data][ModbusConfigParser][initialCommandQueue]：已克隆初始指令 ref=WriteVEFCGasType
[2026-06-04 09:18:17] [INFO] [data][ModbusConfigParser][initialCommandQueue]：初始指令队列构建完成，共 2 条
[2026-06-04 09:18:17] [INFO] [data][ModbusConfigParser][periodicCommandQueue]：开始构建定时指令队列，共 2 个引用
[2026-06-04 09:18:17] [DEBUG] [data][ModbusConfigParser][periodicCommandQueue]：已克隆定时指令 ref=ReadFoupStatus
[2026-06-04 09:18:17] [DEBUG] [data][ModbusConfigParser][periodicCommandQueue]：已克隆定时指令 ref=ReadIdlePurgeAll
[2026-06-04 09:18:17] [INFO] [data][ModbusConfigParser][periodicCommandQueue]：定时指令队列构建完成，共 2 条
[2026-06-04 09:18:17] [INFO] [data][ModbusTcpMasterPool][InitialCommandIssuer][initializeMaster]：已配置 InitialCommandIssuer 指令数=2 间隔=100 超时=1000 重试=3
[2026-06-04 09:18:17] [INFO] [data][ModbusTcpMasterPool][PeriodicCommandSender][initializeMaster]：已配置 PeriodicCommandSender 指令数=2 间隔=300 超时=1000 重试=0
[2026-06-04 09:18:17] [INFO] [data][ModbusTcpMasterPool][FirmwareUpgrader][initializeMaster]：已配置 FirmwareUpgrader PrepareTimeout=3000ms WaitingTime=1000ms SendInterval=160ms TransferTimeout=3000ms
[2026-06-04 09:18:17] [INFO] [data][ModbusTcpMasterManager][addMaster]：创建 Master ID=12020 IP=127.0.0.1 Port=519
[2026-06-04 09:18:17] [INFO] [data][ModbusTcpMasterPool][addMaster]：已创建并添加 Master ID=12020 IP=127.0.0.1 Port=519 到线程 19 ModbusPoolThread-19
[2026-06-04 09:18:17] [INFO] [data][ModbusTcpMasterPool][initializeMaster]：开始初始化 Master ID=12020
[2026-06-04 09:18:17] [INFO] [data][ModbusConfigParser][initialCommandQueue]：开始构建初始指令队列，共 2 个引用
[2026-06-04 09:18:17] [DEBUG] [data][ModbusConfigParser][initialCommandQueue]：已克隆初始指令 ref=ReadVersion
[2026-06-04 09:18:17] [DEBUG] [data][ModbusConfigParser][initialCommandQueue]：已克隆初始指令 ref=WriteVEFCGasType
[2026-06-04 09:18:17] [INFO] [data][ModbusConfigParser][initialCommandQueue]：初始指令队列构建完成，共 2 条
[2026-06-04 09:18:17] [INFO] [data][ModbusConfigParser][periodicCommandQueue]：开始构建定时指令队列，共 2 个引用
[2026-06-04 09:18:17] [DEBUG] [data][ModbusConfigParser][periodicCommandQueue]：已克隆定时指令 ref=ReadFoupStatus
[2026-06-04 09:18:17] [DEBUG] [data][ModbusConfigParser][periodicCommandQueue]：已克隆定时指令 ref=ReadIdlePurgeAll
[2026-06-04 09:18:17] [INFO] [data][ModbusConfigParser][periodicCommandQueue]：定时指令队列构建完成，共 2 条
[2026-06-04 09:18:17] [INFO] [data][ModbusTcpMasterPool][InitialCommandIssuer][initializeMaster]：已配置 InitialCommandIssuer 指令数=2 间隔=100 超时=1000 重试=3
[2026-06-04 09:18:17] [INFO] [data][ModbusTcpMasterPool][PeriodicCommandSender][initializeMaster]：已配置 PeriodicCommandSender 指令数=2 间隔=300 超时=1000 重试=0
[2026-06-04 09:18:17] [INFO] [data][ModbusTcpMasterPool][FirmwareUpgrader][initializeMaster]：已配置 FirmwareUpgrader PrepareTimeout=3000ms WaitingTime=1000ms SendInterval=160ms TransferTimeout=3000ms
[2026-06-04 09:18:17] [INFO] [data][ModbusTcpMasterManager][addMaster]：创建 Master ID=12021 IP=127.0.0.1 Port=520
[2026-06-04 09:18:17] [INFO] [data][ModbusTcpMasterPool][addMaster]：已创建并添加 Master ID=12021 IP=127.0.0.1 Port=520 到线程 20 ModbusPoolThread-20
[2026-06-04 09:18:17] [INFO] [data][ModbusTcpMasterPool][initializeMaster]：开始初始化 Master ID=12021
[2026-06-04 09:18:17] [INFO] [data][ModbusConfigParser][initialCommandQueue]：开始构建初始指令队列，共 2 个引用
[2026-06-04 09:18:17] [DEBUG] [data][ModbusConfigParser][initialCommandQueue]：已克隆初始指令 ref=ReadVersion
[2026-06-04 09:18:17] [DEBUG] [data][ModbusConfigParser][initialCommandQueue]：已克隆初始指令 ref=WriteVEFCGasType
[2026-06-04 09:18:17] [INFO] [data][ModbusConfigParser][initialCommandQueue]：初始指令队列构建完成，共 2 条
[2026-06-04 09:18:17] [INFO] [data][ModbusConfigParser][periodicCommandQueue]：开始构建定时指令队列，共 2 个引用
[2026-06-04 09:18:17] [DEBUG] [data][ModbusConfigParser][periodicCommandQueue]：已克隆定时指令 ref=ReadFoupStatus
[2026-06-04 09:18:17] [DEBUG] [data][ModbusConfigParser][periodicCommandQueue]：已克隆定时指令 ref=ReadIdlePurgeAll
[2026-06-04 09:18:17] [INFO] [data][ModbusConfigParser][periodicCommandQueue]：定时指令队列构建完成，共 2 条
[2026-06-04 09:18:17] [INFO] [data][ModbusTcpMasterPool][InitialCommandIssuer][initializeMaster]：已配置 InitialCommandIssuer 指令数=2 间隔=100 超时=1000 重试=3
[2026-06-04 09:18:17] [INFO] [data][ModbusTcpMasterPool][PeriodicCommandSender][initializeMaster]：已配置 PeriodicCommandSender 指令数=2 间隔=300 超时=1000 重试=0
[2026-06-04 09:18:17] [INFO] [data][ModbusTcpMasterPool][FirmwareUpgrader][initializeMaster]：已配置 FirmwareUpgrader PrepareTimeout=3000ms WaitingTime=1000ms SendInterval=160ms TransferTimeout=3000ms
[2026-06-04 09:18:17] [INFO] [data][ModbusTcpMasterManager][addMaster]：创建 Master ID=12022 IP=127.0.0.1 Port=521
[2026-06-04 09:18:17] [INFO] [data][ModbusTcpMasterPool][addMaster]：已创建并添加 Master ID=12022 IP=127.0.0.1 Port=521 到线程 21 ModbusPoolThread-21
[2026-06-04 09:18:17] [INFO] [data][ModbusTcpMasterPool][initializeMaster]：开始初始化 Master ID=12022
[2026-06-04 09:18:17] [INFO] [data][ModbusConfigParser][initialCommandQueue]：开始构建初始指令队列，共 2 个引用
[2026-06-04 09:18:17] [DEBUG] [data][ModbusConfigParser][initialCommandQueue]：已克隆初始指令 ref=ReadVersion
[2026-06-04 09:18:17] [DEBUG] [data][ModbusConfigParser][initialCommandQueue]：已克隆初始指令 ref=WriteVEFCGasType
[2026-06-04 09:18:17] [INFO] [data][ModbusConfigParser][initialCommandQueue]：初始指令队列构建完成，共 2 条
[2026-06-04 09:18:17] [INFO] [data][ModbusConfigParser][periodicCommandQueue]：开始构建定时指令队列，共 2 个引用
[2026-06-04 09:18:17] [DEBUG] [data][ModbusConfigParser][periodicCommandQueue]：已克隆定时指令 ref=ReadFoupStatus
[2026-06-04 09:18:17] [DEBUG] [data][ModbusConfigParser][periodicCommandQueue]：已克隆定时指令 ref=ReadIdlePurgeAll
[2026-06-04 09:18:17] [INFO] [data][ModbusConfigParser][periodicCommandQueue]：定时指令队列构建完成，共 2 条
[2026-06-04 09:18:17] [INFO] [data][ModbusTcpMasterPool][InitialCommandIssuer][initializeMaster]：已配置 InitialCommandIssuer 指令数=2 间隔=100 超时=1000 重试=3
[2026-06-04 09:18:17] [INFO] [data][ModbusTcpMasterPool][PeriodicCommandSender][initializeMaster]：已配置 PeriodicCommandSender 指令数=2 间隔=300 超时=1000 重试=0
[2026-06-04 09:18:17] [INFO] [data][ModbusTcpMasterPool][FirmwareUpgrader][initializeMaster]：已配置 FirmwareUpgrader PrepareTimeout=3000ms WaitingTime=1000ms SendInterval=160ms TransferTimeout=3000ms
[2026-06-04 09:18:17] [INFO] [data][ModbusTcpMasterManager][addMaster]：创建 Master ID=12023 IP=127.0.0.1 Port=522
[2026-06-04 09:18:17] [INFO] [data][ModbusTcpMasterPool][addMaster]：已创建并添加 Master ID=12023 IP=127.0.0.1 Port=522 到线程 0 ModbusPoolThread-0
[2026-06-04 09:18:17] [INFO] [data][ModbusTcpMasterPool][initializeMaster]：开始初始化 Master ID=12023
[2026-06-04 09:18:17] [INFO] [data][ModbusConfigParser][initialCommandQueue]：开始构建初始指令队列，共 2 个引用
[2026-06-04 09:18:17] [DEBUG] [data][ModbusConfigParser][initialCommandQueue]：已克隆初始指令 ref=ReadVersion
[2026-06-04 09:18:17] [DEBUG] [data][ModbusConfigParser][initialCommandQueue]：已克隆初始指令 ref=WriteVEFCGasType
[2026-06-04 09:18:17] [INFO] [data][ModbusConfigParser][initialCommandQueue]：初始指令队列构建完成，共 2 条
[2026-06-04 09:18:17] [INFO] [data][ModbusConfigParser][periodicCommandQueue]：开始构建定时指令队列，共 2 个引用
[2026-06-04 09:18:17] [DEBUG] [data][ModbusConfigParser][periodicCommandQueue]：已克隆定时指令 ref=ReadFoupStatus
[2026-06-04 09:18:17] [DEBUG] [data][ModbusConfigParser][periodicCommandQueue]：已克隆定时指令 ref=ReadIdlePurgeAll
[2026-06-04 09:18:17] [INFO] [data][ModbusConfigParser][periodicCommandQueue]：定时指令队列构建完成，共 2 条
[2026-06-04 09:18:17] [INFO] [data][ModbusTcpMasterPool][InitialCommandIssuer][initializeMaster]：已配置 InitialCommandIssuer 指令数=2 间隔=100 超时=1000 重试=3
[2026-06-04 09:18:17] [INFO] [data][ModbusTcpMasterPool][PeriodicCommandSender][initializeMaster]：已配置 PeriodicCommandSender 指令数=2 间隔=300 超时=1000 重试=0
[2026-06-04 09:18:17] [INFO] [data][ModbusTcpMasterPool][FirmwareUpgrader][initializeMaster]：已配置 FirmwareUpgrader PrepareTimeout=3000ms WaitingTime=1000ms SendInterval=160ms TransferTimeout=3000ms
[2026-06-04 09:18:17] [INFO] [data][ModbusTcpMasterManager][addMaster]：创建 Master ID=12024 IP=127.0.0.1 Port=523
[2026-06-04 09:18:17] [INFO] [data][ModbusTcpMasterPool][addMaster]：已创建并添加 Master ID=12024 IP=127.0.0.1 Port=523 到线程 1 ModbusPoolThread-1
[2026-06-04 09:18:17] [INFO] [data][ModbusTcpMasterPool][initializeMaster]：开始初始化 Master ID=12024
[2026-06-04 09:18:17] [INFO] [data][ModbusConfigParser][initialCommandQueue]：开始构建初始指令队列，共 2 个引用
[2026-06-04 09:18:17] [DEBUG] [data][ModbusConfigParser][initialCommandQueue]：已克隆初始指令 ref=ReadVersion
[2026-06-04 09:18:17] [DEBUG] [data][ModbusConfigParser][initialCommandQueue]：已克隆初始指令 ref=WriteVEFCGasType
[2026-06-04 09:18:17] [INFO] [data][ModbusConfigParser][initialCommandQueue]：初始指令队列构建完成，共 2 条
[2026-06-04 09:18:17] [INFO] [data][ModbusConfigParser][periodicCommandQueue]：开始构建定时指令队列，共 2 个引用
[2026-06-04 09:18:17] [DEBUG] [data][ModbusConfigParser][periodicCommandQueue]：已克隆定时指令 ref=ReadFoupStatus
[2026-06-04 09:18:17] [DEBUG] [data][ModbusConfigParser][periodicCommandQueue]：已克隆定时指令 ref=ReadIdlePurgeAll
[2026-06-04 09:18:17] [INFO] [data][ModbusConfigParser][periodicCommandQueue]：定时指令队列构建完成，共 2 条
[2026-06-04 09:18:17] [INFO] [data][ModbusTcpMasterPool][InitialCommandIssuer][initializeMaster]：已配置 InitialCommandIssuer 指令数=2 间隔=100 超时=1000 重试=3
[2026-06-04 09:18:17] [INFO] [data][ModbusTcpMasterPool][PeriodicCommandSender][initializeMaster]：已配置 PeriodicCommandSender 指令数=2 间隔=300 超时=1000 重试=0
[2026-06-04 09:18:17] [INFO] [data][ModbusTcpMasterPool][FirmwareUpgrader][initializeMaster]：已配置 FirmwareUpgrader PrepareTimeout=3000ms WaitingTime=1000ms SendInterval=160ms TransferTimeout=3000ms
[2026-06-04 09:18:17] [INFO] [data][ModbusTcpMasterManager][addMaster]：创建 Master ID=12025 IP=127.0.0.1 Port=524
[2026-06-04 09:18:17] [INFO] [data][ModbusTcpMasterPool][addMaster]：已创建并添加 Master ID=12025 IP=127.0.0.1 Port=524 到线程 2 ModbusPoolThread-2
[2026-06-04 09:18:17] [INFO] [data][ModbusTcpMasterPool][initializeMaster]：开始初始化 Master ID=12025
[2026-06-04 09:18:17] [INFO] [data][ModbusConfigParser][initialCommandQueue]：开始构建初始指令队列，共 2 个引用
[2026-06-04 09:18:17] [DEBUG] [data][ModbusConfigParser][initialCommandQueue]：已克隆初始指令 ref=ReadVersion
[2026-06-04 09:18:17] [DEBUG] [data][ModbusConfigParser][initialCommandQueue]：已克隆初始指令 ref=WriteVEFCGasType
[2026-06-04 09:18:17] [INFO] [data][ModbusConfigParser][initialCommandQueue]：初始指令队列构建完成，共 2 条
[2026-06-04 09:18:17] [INFO] [data][ModbusConfigParser][periodicCommandQueue]：开始构建定时指令队列，共 2 个引用
[2026-06-04 09:18:17] [DEBUG] [data][ModbusConfigParser][periodicCommandQueue]：已克隆定时指令 ref=ReadFoupStatus
[2026-06-04 09:18:17] [DEBUG] [data][ModbusConfigParser][periodicCommandQueue]：已克隆定时指令 ref=ReadIdlePurgeAll
[2026-06-04 09:18:17] [INFO] [data][ModbusConfigParser][periodicCommandQueue]：定时指令队列构建完成，共 2 条
[2026-06-04 09:18:17] [INFO] [data][ModbusTcpMasterPool][InitialCommandIssuer][initializeMaster]：已配置 InitialCommandIssuer 指令数=2 间隔=100 超时=1000 重试=3
[2026-06-04 09:18:17] [INFO] [data][ModbusTcpMasterPool][PeriodicCommandSender][initializeMaster]：已配置 PeriodicCommandSender 指令数=2 间隔=300 超时=1000 重试=0
[2026-06-04 09:18:17] [INFO] [data][ModbusTcpMasterPool][FirmwareUpgrader][initializeMaster]：已配置 FirmwareUpgrader PrepareTimeout=3000ms WaitingTime=1000ms SendInterval=160ms TransferTimeout=3000ms
[2026-06-04 09:18:17] [INFO] [data][ModbusTcpMasterManager][addMaster]：创建 Master ID=12026 IP=127.0.0.1 Port=525
[2026-06-04 09:18:17] [INFO] [data][ModbusTcpMasterPool][addMaster]：已创建并添加 Master ID=12026 IP=127.0.0.1 Port=525 到线程 3 ModbusPoolThread-3
[2026-06-04 09:18:17] [INFO] [data][ModbusTcpMasterPool][initializeMaster]：开始初始化 Master ID=12026
[2026-06-04 09:18:17] [INFO] [data][ModbusConfigParser][initialCommandQueue]：开始构建初始指令队列，共 2 个引用
[2026-06-04 09:18:17] [DEBUG] [data][ModbusConfigParser][initialCommandQueue]：已克隆初始指令 ref=ReadVersion
[2026-06-04 09:18:17] [DEBUG] [data][ModbusConfigParser][initialCommandQueue]：已克隆初始指令 ref=WriteVEFCGasType
[2026-06-04 09:18:17] [INFO] [data][ModbusConfigParser][initialCommandQueue]：初始指令队列构建完成，共 2 条
[2026-06-04 09:18:17] [INFO] [data][ModbusConfigParser][periodicCommandQueue]：开始构建定时指令队列，共 2 个引用
[2026-06-04 09:18:17] [DEBUG] [data][ModbusConfigParser][periodicCommandQueue]：已克隆定时指令 ref=ReadFoupStatus
[2026-06-04 09:18:17] [DEBUG] [data][ModbusConfigParser][periodicCommandQueue]：已克隆定时指令 ref=ReadIdlePurgeAll
[2026-06-04 09:18:17] [INFO] [data][ModbusConfigParser][periodicCommandQueue]：定时指令队列构建完成，共 2 条
[2026-06-04 09:18:17] [INFO] [data][ModbusTcpMasterPool][InitialCommandIssuer][initializeMaster]：已配置 InitialCommandIssuer 指令数=2 间隔=100 超时=1000 重试=3
[2026-06-04 09:18:17] [INFO] [data][ModbusTcpMasterPool][PeriodicCommandSender][initializeMaster]：已配置 PeriodicCommandSender 指令数=2 间隔=300 超时=1000 重试=0
[2026-06-04 09:18:17] [INFO] [data][ModbusTcpMasterPool][FirmwareUpgrader][initializeMaster]：已配置 FirmwareUpgrader PrepareTimeout=3000ms WaitingTime=1000ms SendInterval=160ms TransferTimeout=3000ms
[2026-06-04 09:18:17] [INFO] [data][ModbusTcpMasterManager][addMaster]：创建 Master ID=12027 IP=127.0.0.1 Port=526
[2026-06-04 09:18:17] [INFO] [data][ModbusTcpMasterPool][addMaster]：已创建并添加 Master ID=12027 IP=127.0.0.1 Port=526 到线程 4 ModbusPoolThread-4
[2026-06-04 09:18:17] [INFO] [data][ModbusTcpMasterPool][initializeMaster]：开始初始化 Master ID=12027
[2026-06-04 09:18:17] [INFO] [data][ModbusConfigParser][initialCommandQueue]：开始构建初始指令队列，共 2 个引用
[2026-06-04 09:18:17] [DEBUG] [data][ModbusConfigParser][initialCommandQueue]：已克隆初始指令 ref=ReadVersion
[2026-06-04 09:18:17] [DEBUG] [data][ModbusConfigParser][initialCommandQueue]：已克隆初始指令 ref=WriteVEFCGasType
[2026-06-04 09:18:17] [INFO] [data][ModbusConfigParser][initialCommandQueue]：初始指令队列构建完成，共 2 条
[2026-06-04 09:18:17] [INFO] [data][ModbusConfigParser][periodicCommandQueue]：开始构建定时指令队列，共 2 个引用
[2026-06-04 09:18:17] [DEBUG] [data][ModbusConfigParser][periodicCommandQueue]：已克隆定时指令 ref=ReadFoupStatus
[2026-06-04 09:18:17] [DEBUG] [data][ModbusConfigParser][periodicCommandQueue]：已克隆定时指令 ref=ReadIdlePurgeAll
[2026-06-04 09:18:17] [INFO] [data][ModbusConfigParser][periodicCommandQueue]：定时指令队列构建完成，共 2 条
[2026-06-04 09:18:17] [INFO] [data][ModbusTcpMasterPool][InitialCommandIssuer][initializeMaster]：已配置 InitialCommandIssuer 指令数=2 间隔=100 超时=1000 重试=3
[2026-06-04 09:18:17] [INFO] [data][ModbusTcpMasterPool][PeriodicCommandSender][initializeMaster]：已配置 PeriodicCommandSender 指令数=2 间隔=300 超时=1000 重试=0
[2026-06-04 09:18:17] [INFO] [data][ModbusTcpMasterPool][FirmwareUpgrader][initializeMaster]：已配置 FirmwareUpgrader PrepareTimeout=3000ms WaitingTime=1000ms SendInterval=160ms TransferTimeout=3000ms
[2026-06-04 09:18:17] [INFO] [data][ModbusTcpMasterManager][addMaster]：创建 Master ID=12028 IP=127.0.0.1 Port=527
[2026-06-04 09:18:17] [INFO] [data][ModbusTcpMasterPool][addMaster]：已创建并添加 Master ID=12028 IP=127.0.0.1 Port=527 到线程 5 ModbusPoolThread-5
[2026-06-04 09:18:17] [INFO] [data][ModbusTcpMasterPool][initializeMaster]：开始初始化 Master ID=12028
[2026-06-04 09:18:17] [INFO] [data][ModbusConfigParser][initialCommandQueue]：开始构建初始指令队列，共 2 个引用
[2026-06-04 09:18:17] [DEBUG] [data][ModbusConfigParser][initialCommandQueue]：已克隆初始指令 ref=ReadVersion
[2026-06-04 09:18:17] [DEBUG] [data][ModbusConfigParser][initialCommandQueue]：已克隆初始指令 ref=WriteVEFCGasType
[2026-06-04 09:18:17] [INFO] [data][ModbusConfigParser][initialCommandQueue]：初始指令队列构建完成，共 2 条
[2026-06-04 09:18:17] [INFO] [data][ModbusConfigParser][periodicCommandQueue]：开始构建定时指令队列，共 2 个引用
[2026-06-04 09:18:17] [DEBUG] [data][ModbusConfigParser][periodicCommandQueue]：已克隆定时指令 ref=ReadFoupStatus
[2026-06-04 09:18:17] [DEBUG] [data][ModbusConfigParser][periodicCommandQueue]：已克隆定时指令 ref=ReadIdlePurgeAll
[2026-06-04 09:18:17] [INFO] [data][ModbusConfigParser][periodicCommandQueue]：定时指令队列构建完成，共 2 条
[2026-06-04 09:18:17] [INFO] [data][ModbusTcpMasterPool][InitialCommandIssuer][initializeMaster]：已配置 InitialCommandIssuer 指令数=2 间隔=100 超时=1000 重试=3
[2026-06-04 09:18:17] [INFO] [data][ModbusTcpMasterPool][PeriodicCommandSender][initializeMaster]：已配置 PeriodicCommandSender 指令数=2 间隔=300 超时=1000 重试=0
[2026-06-04 09:18:17] [INFO] [data][ModbusTcpMasterPool][FirmwareUpgrader][initializeMaster]：已配置 FirmwareUpgrader PrepareTimeout=3000ms WaitingTime=1000ms SendInterval=160ms TransferTimeout=3000ms
[2026-06-04 09:18:17] [INFO] [data][ModbusTcpMasterManager][addMaster]：创建 Master ID=12029 IP=127.0.0.1 Port=528
[2026-06-04 09:18:17] [INFO] [data][ModbusTcpMasterPool][addMaster]：已创建并添加 Master ID=12029 IP=127.0.0.1 Port=528 到线程 6 ModbusPoolThread-6
[2026-06-04 09:18:17] [INFO] [data][ModbusTcpMasterPool][initializeMaster]：开始初始化 Master ID=12029
[2026-06-04 09:18:17] [INFO] [data][ModbusConfigParser][initialCommandQueue]：开始构建初始指令队列，共 2 个引用
[2026-06-04 09:18:17] [DEBUG] [data][ModbusConfigParser][initialCommandQueue]：已克隆初始指令 ref=ReadVersion
[2026-06-04 09:18:17] [DEBUG] [data][ModbusConfigParser][initialCommandQueue]：已克隆初始指令 ref=WriteVEFCGasType
[2026-06-04 09:18:17] [INFO] [data][ModbusConfigParser][initialCommandQueue]：初始指令队列构建完成，共 2 条
[2026-06-04 09:18:17] [INFO] [data][ModbusConfigParser][periodicCommandQueue]：开始构建定时指令队列，共 2 个引用
[2026-06-04 09:18:17] [DEBUG] [data][ModbusConfigParser][periodicCommandQueue]：已克隆定时指令 ref=ReadFoupStatus
[2026-06-04 09:18:17] [DEBUG] [data][ModbusConfigParser][periodicCommandQueue]：已克隆定时指令 ref=ReadIdlePurgeAll
[2026-06-04 09:18:17] [INFO] [data][ModbusConfigParser][periodicCommandQueue]：定时指令队列构建完成，共 2 条
[2026-06-04 09:18:17] [INFO] [data][ModbusTcpMasterPool][InitialCommandIssuer][initializeMaster]：已配置 InitialCommandIssuer 指令数=2 间隔=100 超时=1000 重试=3
[2026-06-04 09:18:17] [INFO] [data][ModbusTcpMasterPool][PeriodicCommandSender][initializeMaster]：已配置 PeriodicCommandSender 指令数=2 间隔=300 超时=1000 重试=0
[2026-06-04 09:18:17] [INFO] [data][ModbusTcpMasterPool][FirmwareUpgrader][initializeMaster]：已配置 FirmwareUpgrader PrepareTimeout=3000ms WaitingTime=1000ms SendInterval=160ms TransferTimeout=3000ms
[2026-06-04 09:18:17] [INFO] [data][ModbusTcpMasterManager][addMaster]：创建 Master ID=12030 IP=127.0.0.1 Port=529
[2026-06-04 09:18:17] [INFO] [data][ModbusTcpMasterPool][addMaster]：已创建并添加 Master ID=12030 IP=127.0.0.1 Port=529 到线程 7 ModbusPoolThread-7
[2026-06-04 09:18:17] [INFO] [data][ModbusTcpMasterPool][initializeMaster]：开始初始化 Master ID=12030
[2026-06-04 09:18:17] [INFO] [data][ModbusConfigParser][initialCommandQueue]：开始构建初始指令队列，共 2 个引用
[2026-06-04 09:18:17] [DEBUG] [data][ModbusConfigParser][initialCommandQueue]：已克隆初始指令 ref=ReadVersion
[2026-06-04 09:18:17] [DEBUG] [data][ModbusConfigParser][initialCommandQueue]：已克隆初始指令 ref=WriteVEFCGasType
[2026-06-04 09:18:17] [INFO] [data][ModbusConfigParser][initialCommandQueue]：初始指令队列构建完成，共 2 条
[2026-06-04 09:18:17] [INFO] [data][ModbusConfigParser][periodicCommandQueue]：开始构建定时指令队列，共 2 个引用
[2026-06-04 09:18:17] [DEBUG] [data][ModbusConfigParser][periodicCommandQueue]：已克隆定时指令 ref=ReadFoupStatus
[2026-06-04 09:18:17] [DEBUG] [data][ModbusConfigParser][periodicCommandQueue]：已克隆定时指令 ref=ReadIdlePurgeAll
[2026-06-04 09:18:17] [INFO] [data][ModbusConfigParser][periodicCommandQueue]：定时指令队列构建完成，共 2 条
[2026-06-04 09:18:17] [INFO] [data][ModbusTcpMasterPool][InitialCommandIssuer][initializeMaster]：已配置 InitialCommandIssuer 指令数=2 间隔=100 超时=1000 重试=3
[2026-06-04 09:18:17] [INFO] [data][ModbusTcpMasterPool][PeriodicCommandSender][initializeMaster]：已配置 PeriodicCommandSender 指令数=2 间隔=300 超时=1000 重试=0
[2026-06-04 09:18:17] [INFO] [data][ModbusTcpMasterPool][FirmwareUpgrader][initializeMaster]：已配置 FirmwareUpgrader PrepareTimeout=3000ms WaitingTime=1000ms SendInterval=160ms TransferTimeout=3000ms
[2026-06-04 09:18:17] [INFO] [data][ModbusTcpMasterManager][addMaster]：创建 Master ID=12031 IP=127.0.0.1 Port=530
[2026-06-04 09:18:17] [INFO] [data][ModbusTcpMasterPool][addMaster]：已创建并添加 Master ID=12031 IP=127.0.0.1 Port=530 到线程 8 ModbusPoolThread-8
[2026-06-04 09:18:17] [INFO] [data][ModbusTcpMasterPool][initializeMaster]：开始初始化 Master ID=12031
[2026-06-04 09:18:17] [INFO] [data][ModbusConfigParser][initialCommandQueue]：开始构建初始指令队列，共 2 个引用
[2026-06-04 09:18:17] [DEBUG] [data][ModbusConfigParser][initialCommandQueue]：已克隆初始指令 ref=ReadVersion
[2026-06-04 09:18:17] [DEBUG] [data][ModbusConfigParser][initialCommandQueue]：已克隆初始指令 ref=WriteVEFCGasType
[2026-06-04 09:18:17] [INFO] [data][ModbusConfigParser][initialCommandQueue]：初始指令队列构建完成，共 2 条
[2026-06-04 09:18:17] [INFO] [data][ModbusConfigParser][periodicCommandQueue]：开始构建定时指令队列，共 2 个引用
[2026-06-04 09:18:17] [DEBUG] [data][ModbusConfigParser][periodicCommandQueue]：已克隆定时指令 ref=ReadFoupStatus
[2026-06-04 09:18:17] [DEBUG] [data][ModbusConfigParser][periodicCommandQueue]：已克隆定时指令 ref=ReadIdlePurgeAll
[2026-06-04 09:18:17] [INFO] [data][ModbusConfigParser][periodicCommandQueue]：定时指令队列构建完成，共 2 条
[2026-06-04 09:18:17] [INFO] [data][ModbusTcpMasterPool][InitialCommandIssuer][initializeMaster]：已配置 InitialCommandIssuer 指令数=2 间隔=100 超时=1000 重试=3
[2026-06-04 09:18:17] [INFO] [data][ModbusTcpMasterPool][PeriodicCommandSender][initializeMaster]：已配置 PeriodicCommandSender 指令数=2 间隔=300 超时=1000 重试=0
[2026-06-04 09:18:17] [INFO] [data][ModbusTcpMasterPool][FirmwareUpgrader][initializeMaster]：已配置 FirmwareUpgrader PrepareTimeout=3000ms WaitingTime=1000ms SendInterval=160ms TransferTimeout=3000ms
[2026-06-04 09:18:17] [INFO] [data][ModbusTcpMasterManager][addMaster]：创建 Master ID=12032 IP=127.0.0.1 Port=531
[2026-06-04 09:18:17] [INFO] [data][ModbusTcpMasterPool][addMaster]：已创建并添加 Master ID=12032 IP=127.0.0.1 Port=531 到线程 9 ModbusPoolThread-9
[2026-06-04 09:18:17] [INFO] [data][ModbusTcpMasterPool][initializeMaster]：开始初始化 Master ID=12032
[2026-06-04 09:18:17] [INFO] [data][ModbusConfigParser][initialCommandQueue]：开始构建初始指令队列，共 2 个引用
[2026-06-04 09:18:17] [DEBUG] [data][ModbusConfigParser][initialCommandQueue]：已克隆初始指令 ref=ReadVersion
[2026-06-04 09:18:17] [DEBUG] [data][ModbusConfigParser][initialCommandQueue]：已克隆初始指令 ref=WriteVEFCGasType
[2026-06-04 09:18:17] [INFO] [data][ModbusConfigParser][initialCommandQueue]：初始指令队列构建完成，共 2 条
[2026-06-04 09:18:17] [INFO] [data][ModbusConfigParser][periodicCommandQueue]：开始构建定时指令队列，共 2 个引用
[2026-06-04 09:18:17] [DEBUG] [data][ModbusConfigParser][periodicCommandQueue]：已克隆定时指令 ref=ReadFoupStatus
[2026-06-04 09:18:17] [DEBUG] [data][ModbusConfigParser][periodicCommandQueue]：已克隆定时指令 ref=ReadIdlePurgeAll
[2026-06-04 09:18:17] [INFO] [data][ModbusConfigParser][periodicCommandQueue]：定时指令队列构建完成，共 2 条
[2026-06-04 09:18:17] [INFO] [data][ModbusTcpMasterPool][InitialCommandIssuer][initializeMaster]：已配置 InitialCommandIssuer 指令数=2 间隔=100 超时=1000 重试=3
[2026-06-04 09:18:17] [INFO] [data][ModbusTcpMasterPool][PeriodicCommandSender][initializeMaster]：已配置 PeriodicCommandSender 指令数=2 间隔=300 超时=1000 重试=0
[2026-06-04 09:18:17] [INFO] [data][ModbusTcpMasterPool][FirmwareUpgrader][initializeMaster]：已配置 FirmwareUpgrader PrepareTimeout=3000ms WaitingTime=1000ms SendInterval=160ms TransferTimeout=3000ms
[2026-06-04 09:18:17] [INFO] [data][ModbusTcpMasterManager][addMaster]：创建 Master ID=12033 IP=127.0.0.1 Port=532
[2026-06-04 09:18:17] [INFO] [data][ModbusTcpMasterPool][addMaster]：已创建并添加 Master ID=12033 IP=127.0.0.1 Port=532 到线程 10 ModbusPoolThread-10
[2026-06-04 09:18:17] [INFO] [data][ModbusTcpMasterPool][initializeMaster]：开始初始化 Master ID=12033
[2026-06-04 09:18:17] [INFO] [data][ModbusConfigParser][initialCommandQueue]：开始构建初始指令队列，共 2 个引用
[2026-06-04 09:18:17] [DEBUG] [data][ModbusConfigParser][initialCommandQueue]：已克隆初始指令 ref=ReadVersion
[2026-06-04 09:18:17] [INFO] [data][ModbusConfigParser][initialCommandQueue]：初始指令队列构建完成，共 2 条
[2026-06-04 09:18:17] [DEBUG] [data][ModbusConfigParser][initialCommandQueue]：已克隆初始指令 ref=WriteVEFCGasType
[2026-06-04 09:18:17] [INFO] [data][ModbusConfigParser][periodicCommandQueue]：开始构建定时指令队列，共 2 个引用
[2026-06-04 09:18:17] [DEBUG] [data][ModbusConfigParser][periodicCommandQueue]：已克隆定时指令 ref=ReadFoupStatus
[2026-06-04 09:18:17] [DEBUG] [data][ModbusConfigParser][periodicCommandQueue]：已克隆定时指令 ref=ReadIdlePurgeAll
[2026-06-04 09:18:17] [INFO] [data][ModbusConfigParser][periodicCommandQueue]：定时指令队列构建完成，共 2 条
[2026-06-04 09:18:17] [INFO] [data][ModbusTcpMasterPool][InitialCommandIssuer][initializeMaster]：已配置 InitialCommandIssuer 指令数=2 间隔=100 超时=1000 重试=3
[2026-06-04 09:18:17] [INFO] [data][ModbusTcpMasterPool][PeriodicCommandSender][initializeMaster]：已配置 PeriodicCommandSender 指令数=2 间隔=300 超时=1000 重试=0
[2026-06-04 09:18:17] [INFO] [data][ModbusTcpMasterPool][FirmwareUpgrader][initializeMaster]：已配置 FirmwareUpgrader PrepareTimeout=3000ms WaitingTime=1000ms SendInterval=160ms TransferTimeout=3000ms
[2026-06-04 09:18:17] [INFO] [data][ModbusTcpMasterManager][addMaster]：创建 Master ID=12034 IP=127.0.0.1 Port=533
[2026-06-04 09:18:17] [INFO] [data][ModbusTcpMasterPool][addMaster]：已创建并添加 Master ID=12034 IP=127.0.0.1 Port=533 到线程 11 ModbusPoolThread-11
[2026-06-04 09:18:17] [INFO] [data][ModbusTcpMasterPool][initializeMaster]：开始初始化 Master ID=12034
[2026-06-04 09:18:17] [INFO] [data][ModbusConfigParser][initialCommandQueue]：开始构建初始指令队列，共 2 个引用
[2026-06-04 09:18:17] [DEBUG] [data][ModbusConfigParser][initialCommandQueue]：已克隆初始指令 ref=ReadVersion
[2026-06-04 09:18:17] [DEBUG] [data][ModbusConfigParser][initialCommandQueue]：已克隆初始指令 ref=WriteVEFCGasType
[2026-06-04 09:18:17] [INFO] [data][ModbusConfigParser][initialCommandQueue]：初始指令队列构建完成，共 2 条
[2026-06-04 09:18:17] [INFO] [data][ModbusConfigParser][periodicCommandQueue]：开始构建定时指令队列，共 2 个引用
[2026-06-04 09:18:17] [DEBUG] [data][ModbusConfigParser][periodicCommandQueue]：已克隆定时指令 ref=ReadFoupStatus
[2026-06-04 09:18:17] [DEBUG] [data][ModbusConfigParser][periodicCommandQueue]：已克隆定时指令 ref=ReadIdlePurgeAll
[2026-06-04 09:18:17] [INFO] [data][ModbusConfigParser][periodicCommandQueue]：定时指令队列构建完成，共 2 条
[2026-06-04 09:18:17] [INFO] [data][ModbusTcpMasterPool][InitialCommandIssuer][initializeMaster]：已配置 InitialCommandIssuer 指令数=2 间隔=100 超时=1000 重试=3
[2026-06-04 09:18:17] [INFO] [data][ModbusTcpMasterPool][PeriodicCommandSender][initializeMaster]：已配置 PeriodicCommandSender 指令数=2 间隔=300 超时=1000 重试=0
[2026-06-04 09:18:17] [INFO] [data][ModbusTcpMasterPool][FirmwareUpgrader][initializeMaster]：已配置 FirmwareUpgrader PrepareTimeout=3000ms WaitingTime=1000ms SendInterval=160ms TransferTimeout=3000ms
[2026-06-04 09:18:17] [INFO] [data][ModbusTcpMasterManager][addMaster]：创建 Master ID=12035 IP=127.0.0.1 Port=534
[2026-06-04 09:18:17] [INFO] [data][ModbusTcpMasterPool][addMaster]：已创建并添加 Master ID=12035 IP=127.0.0.1 Port=534 到线程 12 ModbusPoolThread-12
[2026-06-04 09:18:17] [INFO] [data][ModbusTcpMasterPool][initializeMaster]：开始初始化 Master ID=12035
[2026-06-04 09:18:17] [INFO] [data][ModbusConfigParser][initialCommandQueue]：开始构建初始指令队列，共 2 个引用
[2026-06-04 09:18:17] [DEBUG] [data][ModbusConfigParser][initialCommandQueue]：已克隆初始指令 ref=ReadVersion
[2026-06-04 09:18:17] [DEBUG] [data][ModbusConfigParser][initialCommandQueue]：已克隆初始指令 ref=WriteVEFCGasType
[2026-06-04 09:18:17] [INFO] [data][ModbusConfigParser][initialCommandQueue]：初始指令队列构建完成，共 2 条
[2026-06-04 09:18:17] [DEBUG] [data][ModbusConfigParser][periodicCommandQueue]：已克隆定时指令 ref=ReadIdlePurgeAll
[2026-06-04 09:18:17] [INFO] [data][ModbusConfigParser][periodicCommandQueue]：开始构建定时指令队列，共 2 个引用
[2026-06-04 09:18:17] [DEBUG] [data][ModbusConfigParser][periodicCommandQueue]：已克隆定时指令 ref=ReadFoupStatus
[2026-06-04 09:18:17] [INFO] [data][ModbusConfigParser][periodicCommandQueue]：定时指令队列构建完成，共 2 条
[2026-06-04 09:18:17] [INFO] [data][ModbusTcpMasterPool][InitialCommandIssuer][initializeMaster]：已配置 InitialCommandIssuer 指令数=2 间隔=100 超时=1000 重试=3
[2026-06-04 09:18:17] [INFO] [data][ModbusTcpMasterPool][PeriodicCommandSender][initializeMaster]：已配置 PeriodicCommandSender 指令数=2 间隔=300 超时=1000 重试=0
[2026-06-04 09:18:17] [INFO] [data][ModbusTcpMasterPool][FirmwareUpgrader][initializeMaster]：已配置 FirmwareUpgrader PrepareTimeout=3000ms WaitingTime=1000ms SendInterval=160ms TransferTimeout=3000ms
[2026-06-04 09:18:17] [INFO] [data][ModbusTcpMasterManager][addMaster]：创建 Master ID=12036 IP=127.0.0.1 Port=535
[2026-06-04 09:18:17] [INFO] [data][ModbusTcpMasterPool][addMaster]：已创建并添加 Master ID=12036 IP=127.0.0.1 Port=535 到线程 13 ModbusPoolThread-13
[2026-06-04 09:18:17] [INFO] [data][ModbusTcpMasterPool][initializeMaster]：开始初始化 Master ID=12036
[2026-06-04 09:18:17] [INFO] [data][ModbusConfigParser][initialCommandQueue]：开始构建初始指令队列，共 2 个引用
[2026-06-04 09:18:17] [DEBUG] [data][ModbusConfigParser][initialCommandQueue]：已克隆初始指令 ref=ReadVersion
[2026-06-04 09:18:17] [DEBUG] [data][ModbusConfigParser][initialCommandQueue]：已克隆初始指令 ref=WriteVEFCGasType
[2026-06-04 09:18:17] [INFO] [data][ModbusConfigParser][initialCommandQueue]：初始指令队列构建完成，共 2 条
[2026-06-04 09:18:17] [INFO] [data][ModbusConfigParser][periodicCommandQueue]：开始构建定时指令队列，共 2 个引用
[2026-06-04 09:18:17] [DEBUG] [data][ModbusConfigParser][periodicCommandQueue]：已克隆定时指令 ref=ReadFoupStatus
[2026-06-04 09:18:17] [DEBUG] [data][ModbusConfigParser][periodicCommandQueue]：已克隆定时指令 ref=ReadIdlePurgeAll
[2026-06-04 09:18:17] [INFO] [data][ModbusConfigParser][periodicCommandQueue]：定时指令队列构建完成，共 2 条
[2026-06-04 09:18:17] [INFO] [data][ModbusTcpMasterPool][InitialCommandIssuer][initializeMaster]：已配置 InitialCommandIssuer 指令数=2 间隔=100 超时=1000 重试=3
[2026-06-04 09:18:17] [INFO] [data][ModbusTcpMasterPool][PeriodicCommandSender][initializeMaster]：已配置 PeriodicCommandSender 指令数=2 间隔=300 超时=1000 重试=0
[2026-06-04 09:18:17] [INFO] [data][ModbusTcpMasterPool][FirmwareUpgrader][initializeMaster]：已配置 FirmwareUpgrader PrepareTimeout=3000ms WaitingTime=1000ms SendInterval=160ms TransferTimeout=3000ms
[2026-06-04 09:18:17] [INFO] [data][ModbusTcpMasterManager][addMaster]：创建 Master ID=12037 IP=127.0.0.1 Port=536
[2026-06-04 09:18:17] [INFO] [data][ModbusTcpMasterPool][addMaster]：已创建并添加 Master ID=12037 IP=127.0.0.1 Port=536 到线程 14 ModbusPoolThread-14
[2026-06-04 09:18:17] [INFO] [data][ModbusTcpMasterPool][initializeMaster]：开始初始化 Master ID=12037
[2026-06-04 09:18:17] [INFO] [data][ModbusConfigParser][initialCommandQueue]：开始构建初始指令队列，共 2 个引用
[2026-06-04 09:18:17] [DEBUG] [data][ModbusConfigParser][initialCommandQueue]：已克隆初始指令 ref=ReadVersion
[2026-06-04 09:18:17] [DEBUG] [data][ModbusConfigParser][initialCommandQueue]：已克隆初始指令 ref=WriteVEFCGasType
[2026-06-04 09:18:17] [INFO] [data][ModbusConfigParser][initialCommandQueue]：初始指令队列构建完成，共 2 条
[2026-06-04 09:18:17] [INFO] [data][ModbusConfigParser][periodicCommandQueue]：开始构建定时指令队列，共 2 个引用
[2026-06-04 09:18:17] [DEBUG] [data][ModbusConfigParser][periodicCommandQueue]：已克隆定时指令 ref=ReadFoupStatus
[2026-06-04 09:18:17] [DEBUG] [data][ModbusConfigParser][periodicCommandQueue]：已克隆定时指令 ref=ReadIdlePurgeAll
[2026-06-04 09:18:17] [INFO] [data][ModbusConfigParser][periodicCommandQueue]：定时指令队列构建完成，共 2 条
[2026-06-04 09:18:17] [INFO] [data][ModbusTcpMasterPool][InitialCommandIssuer][initializeMaster]：已配置 InitialCommandIssuer 指令数=2 间隔=100 超时=1000 重试=3
[2026-06-04 09:18:17] [INFO] [data][ModbusTcpMasterPool][PeriodicCommandSender][initializeMaster]：已配置 PeriodicCommandSender 指令数=2 间隔=300 超时=1000 重试=0
[2026-06-04 09:18:17] [INFO] [data][ModbusTcpMasterPool][FirmwareUpgrader][initializeMaster]：已配置 FirmwareUpgrader PrepareTimeout=3000ms WaitingTime=1000ms SendInterval=160ms TransferTimeout=3000ms
[2026-06-04 09:18:17] [INFO] [data][ModbusTcpMasterManager][addMaster]：创建 Master ID=12038 IP=127.0.0.1 Port=537
[2026-06-04 09:18:17] [INFO] [data][ModbusTcpMasterPool][addMaster]：已创建并添加 Master ID=12038 IP=127.0.0.1 Port=537 到线程 15 ModbusPoolThread-15
[2026-06-04 09:18:17] [INFO] [data][ModbusTcpMasterPool][initializeMaster]：开始初始化 Master ID=12038
[2026-06-04 09:18:17] [INFO] [data][ModbusConfigParser][initialCommandQueue]：开始构建初始指令队列，共 2 个引用
[2026-06-04 09:18:17] [DEBUG] [data][ModbusConfigParser][initialCommandQueue]：已克隆初始指令 ref=ReadVersion
[2026-06-04 09:18:17] [DEBUG] [data][ModbusConfigParser][initialCommandQueue]：已克隆初始指令 ref=WriteVEFCGasType
[2026-06-04 09:18:17] [INFO] [data][ModbusConfigParser][initialCommandQueue]：初始指令队列构建完成，共 2 条
[2026-06-04 09:18:17] [INFO] [data][ModbusConfigParser][periodicCommandQueue]：开始构建定时指令队列，共 2 个引用
[2026-06-04 09:18:17] [DEBUG] [data][ModbusConfigParser][periodicCommandQueue]：已克隆定时指令 ref=ReadFoupStatus
[2026-06-04 09:18:17] [DEBUG] [data][ModbusConfigParser][periodicCommandQueue]：已克隆定时指令 ref=ReadIdlePurgeAll
[2026-06-04 09:18:17] [INFO] [data][ModbusConfigParser][periodicCommandQueue]：定时指令队列构建完成，共 2 条
[2026-06-04 09:18:17] [INFO] [data][ModbusTcpMasterPool][InitialCommandIssuer][initializeMaster]：已配置 InitialCommandIssuer 指令数=2 间隔=100 超时=1000 重试=3
[2026-06-04 09:18:17] [INFO] [data][ModbusTcpMasterPool][PeriodicCommandSender][initializeMaster]：已配置 PeriodicCommandSender 指令数=2 间隔=300 超时=1000 重试=0
[2026-06-04 09:18:17] [INFO] [data][ModbusTcpMasterPool][FirmwareUpgrader][initializeMaster]：已配置 FirmwareUpgrader PrepareTimeout=3000ms WaitingTime=1000ms SendInterval=160ms TransferTimeout=3000ms
[2026-06-04 09:18:17] [INFO] [data][ModbusTcpMasterManager][addMaster]：创建 Master ID=12039 IP=127.0.0.1 Port=538
[2026-06-04 09:18:17] [INFO] [data][ModbusTcpMasterPool][addMaster]：已创建并添加 Master ID=12039 IP=127.0.0.1 Port=538 到线程 16 ModbusPoolThread-16
[2026-06-04 09:18:17] [INFO] [data][ModbusTcpMasterPool][initializeMaster]：开始初始化 Master ID=12039
[2026-06-04 09:18:17] [INFO] [data][ModbusConfigParser][initialCommandQueue]：开始构建初始指令队列，共 2 个引用
[2026-06-04 09:18:17] [DEBUG] [data][ModbusConfigParser][initialCommandQueue]：已克隆初始指令 ref=ReadVersion
[2026-06-04 09:18:17] [DEBUG] [data][ModbusConfigParser][initialCommandQueue]：已克隆初始指令 ref=WriteVEFCGasType
[2026-06-04 09:18:17] [INFO] [data][ModbusConfigParser][initialCommandQueue]：初始指令队列构建完成，共 2 条
[2026-06-04 09:18:17] [INFO] [data][ModbusConfigParser][periodicCommandQueue]：开始构建定时指令队列，共 2 个引用
[2026-06-04 09:18:17] [DEBUG] [data][ModbusConfigParser][periodicCommandQueue]：已克隆定时指令 ref=ReadFoupStatus
[2026-06-04 09:18:17] [DEBUG] [data][ModbusConfigParser][periodicCommandQueue]：已克隆定时指令 ref=ReadIdlePurgeAll
[2026-06-04 09:18:17] [INFO] [data][ModbusConfigParser][periodicCommandQueue]：定时指令队列构建完成，共 2 条
[2026-06-04 09:18:17] [INFO] [data][ModbusTcpMasterPool][InitialCommandIssuer][initializeMaster]：已配置 InitialCommandIssuer 指令数=2 间隔=100 超时=1000 重试=3
[2026-06-04 09:18:17] [INFO] [data][ModbusTcpMasterPool][PeriodicCommandSender][initializeMaster]：已配置 PeriodicCommandSender 指令数=2 间隔=300 超时=1000 重试=0
[2026-06-04 09:18:17] [INFO] [data][ModbusTcpMasterPool][FirmwareUpgrader][initializeMaster]：已配置 FirmwareUpgrader PrepareTimeout=3000ms WaitingTime=1000ms SendInterval=160ms TransferTimeout=3000ms
[2026-06-04 09:18:17] [INFO] [data][ModbusTcpMasterManager][addMaster]：创建 Master ID=12040 IP=127.0.0.1 Port=539
[2026-06-04 09:18:17] [INFO] [data][ModbusTcpMasterPool][addMaster]：已创建并添加 Master ID=12040 IP=127.0.0.1 Port=539 到线程 17 ModbusPoolThread-17
[2026-06-04 09:18:17] [INFO] [data][ModbusTcpMasterPool][initializeMaster]：开始初始化 Master ID=12040
[2026-06-04 09:18:17] [INFO] [data][ModbusConfigParser][initialCommandQueue]：开始构建初始指令队列，共 2 个引用
[2026-06-04 09:18:17] [DEBUG] [data][ModbusConfigParser][initialCommandQueue]：已克隆初始指令 ref=ReadVersion
[2026-06-04 09:18:17] [DEBUG] [data][ModbusConfigParser][initialCommandQueue]：已克隆初始指令 ref=WriteVEFCGasType
[2026-06-04 09:18:17] [INFO] [data][ModbusConfigParser][initialCommandQueue]：初始指令队列构建完成，共 2 条
[2026-06-04 09:18:17] [INFO] [data][ModbusConfigParser][periodicCommandQueue]：开始构建定时指令队列，共 2 个引用
[2026-06-04 09:18:17] [DEBUG] [data][ModbusConfigParser][periodicCommandQueue]：已克隆定时指令 ref=ReadFoupStatus
[2026-06-04 09:18:17] [DEBUG] [data][ModbusConfigParser][periodicCommandQueue]：已克隆定时指令 ref=ReadIdlePurgeAll
[2026-06-04 09:18:17] [INFO] [data][ModbusConfigParser][periodicCommandQueue]：定时指令队列构建完成，共 2 条
[2026-06-04 09:18:17] [INFO] [data][ModbusTcpMasterPool][InitialCommandIssuer][initializeMaster]：已配置 InitialCommandIssuer 指令数=2 间隔=100 超时=1000 重试=3
[2026-06-04 09:18:17] [INFO] [data][ModbusTcpMasterPool][PeriodicCommandSender][initializeMaster]：已配置 PeriodicCommandSender 指令数=2 间隔=300 超时=1000 重试=0
[2026-06-04 09:18:17] [INFO] [data][ModbusTcpMasterPool][FirmwareUpgrader][initializeMaster]：已配置 FirmwareUpgrader PrepareTimeout=3000ms WaitingTime=1000ms SendInterval=160ms TransferTimeout=3000ms
[2026-06-04 09:18:17] [INFO] [data][ModbusTcpMasterManager][addMaster]：创建 Master ID=12041 IP=127.0.0.1 Port=540
[2026-06-04 09:18:17] [INFO] [data][ModbusTcpMasterPool][addMaster]：已创建并添加 Master ID=12041 IP=127.0.0.1 Port=540 到线程 18 ModbusPoolThread-18
[2026-06-04 09:18:17] [INFO] [data][ModbusTcpMasterPool][initializeMaster]：开始初始化 Master ID=12041
[2026-06-04 09:18:17] [INFO] [data][ModbusConfigParser][initialCommandQueue]：开始构建初始指令队列，共 2 个引用
[2026-06-04 09:18:17] [DEBUG] [data][ModbusConfigParser][initialCommandQueue]：已克隆初始指令 ref=ReadVersion
[2026-06-04 09:18:17] [DEBUG] [data][ModbusConfigParser][initialCommandQueue]：已克隆初始指令 ref=WriteVEFCGasType
[2026-06-04 09:18:17] [INFO] [data][ModbusConfigParser][initialCommandQueue]：初始指令队列构建完成，共 2 条
[2026-06-04 09:18:17] [INFO] [data][ModbusConfigParser][periodicCommandQueue]：开始构建定时指令队列，共 2 个引用
[2026-06-04 09:18:17] [DEBUG] [data][ModbusConfigParser][periodicCommandQueue]：已克隆定时指令 ref=ReadFoupStatus
[2026-06-04 09:18:17] [DEBUG] [data][ModbusConfigParser][periodicCommandQueue]：已克隆定时指令 ref=ReadIdlePurgeAll
[2026-06-04 09:18:17] [INFO] [data][ModbusConfigParser][periodicCommandQueue]：定时指令队列构建完成，共 2 条
[2026-06-04 09:18:17] [INFO] [data][ModbusTcpMasterPool][InitialCommandIssuer][initializeMaster]：已配置 InitialCommandIssuer 指令数=2 间隔=100 超时=1000 重试=3
[2026-06-04 09:18:17] [INFO] [data][ModbusTcpMasterPool][PeriodicCommandSender][initializeMaster]：已配置 PeriodicCommandSender 指令数=2 间隔=300 超时=1000 重试=0
[2026-06-04 09:18:17] [INFO] [data][ModbusTcpMasterPool][FirmwareUpgrader][initializeMaster]：已配置 FirmwareUpgrader PrepareTimeout=3000ms WaitingTime=1000ms SendInterval=160ms TransferTimeout=3000ms
[2026-06-04 09:18:17] [INFO] [data][ModbusTcpMasterManager][addMaster]：创建 Master ID=12042 IP=127.0.0.1 Port=541
[2026-06-04 09:18:17] [INFO] [data][ModbusTcpMasterPool][addMaster]：已创建并添加 Master ID=12042 IP=127.0.0.1 Port=541 到线程 19 ModbusPoolThread-19
[2026-06-04 09:18:17] [INFO] [data][ModbusTcpMasterPool][initializeMaster]：开始初始化 Master ID=12042
[2026-06-04 09:18:17] [INFO] [data][ModbusConfigParser][initialCommandQueue]：开始构建初始指令队列，共 2 个引用
[2026-06-04 09:18:17] [DEBUG] [data][ModbusConfigParser][initialCommandQueue]：已克隆初始指令 ref=ReadVersion
[2026-06-04 09:18:17] [DEBUG] [data][ModbusConfigParser][initialCommandQueue]：已克隆初始指令 ref=WriteVEFCGasType
[2026-06-04 09:18:17] [INFO] [data][ModbusConfigParser][initialCommandQueue]：初始指令队列构建完成，共 2 条
[2026-06-04 09:18:17] [INFO] [data][ModbusConfigParser][periodicCommandQueue]：开始构建定时指令队列，共 2 个引用
[2026-06-04 09:18:17] [DEBUG] [data][ModbusConfigParser][periodicCommandQueue]：已克隆定时指令 ref=ReadFoupStatus
[2026-06-04 09:18:17] [DEBUG] [data][ModbusConfigParser][periodicCommandQueue]：已克隆定时指令 ref=ReadIdlePurgeAll
[2026-06-04 09:18:17] [INFO] [data][ModbusConfigParser][periodicCommandQueue]：定时指令队列构建完成，共 2 条
[2026-06-04 09:18:17] [INFO] [data][ModbusTcpMasterPool][InitialCommandIssuer][initializeMaster]：已配置 InitialCommandIssuer 指令数=2 间隔=100 超时=1000 重试=3
[2026-06-04 09:18:17] [INFO] [data][ModbusTcpMasterPool][PeriodicCommandSender][initializeMaster]：已配置 PeriodicCommandSender 指令数=2 间隔=300 超时=1000 重试=0
[2026-06-04 09:18:17] [INFO] [data][ModbusTcpMasterPool][FirmwareUpgrader][initializeMaster]：已配置 FirmwareUpgrader PrepareTimeout=3000ms WaitingTime=1000ms SendInterval=160ms TransferTimeout=3000ms
[2026-06-04 09:18:17] [INFO] [data][ModbusTcpMasterManager][addMaster]：创建 Master ID=12043 IP=127.0.0.1 Port=542
[2026-06-04 09:18:17] [INFO] [data][ModbusTcpMasterPool][addMaster]：已创建并添加 Master ID=12043 IP=127.0.0.1 Port=542 到线程 20 ModbusPoolThread-20
[2026-06-04 09:18:17] [INFO] [data][ModbusTcpMasterPool][initializeMaster]：开始初始化 Master ID=12043
[2026-06-04 09:18:17] [INFO] [data][ModbusConfigParser][initialCommandQueue]：开始构建初始指令队列，共 2 个引用
[2026-06-04 09:18:17] [DEBUG] [data][ModbusConfigParser][initialCommandQueue]：已克隆初始指令 ref=ReadVersion
[2026-06-04 09:18:17] [DEBUG] [data][ModbusConfigParser][initialCommandQueue]：已克隆初始指令 ref=WriteVEFCGasType
[2026-06-04 09:18:17] [INFO] [data][ModbusConfigParser][initialCommandQueue]：初始指令队列构建完成，共 2 条
[2026-06-04 09:18:17] [INFO] [data][ModbusConfigParser][periodicCommandQueue]：开始构建定时指令队列，共 2 个引用
[2026-06-04 09:18:17] [DEBUG] [data][ModbusConfigParser][periodicCommandQueue]：已克隆定时指令 ref=ReadFoupStatus
[2026-06-04 09:18:17] [DEBUG] [data][ModbusConfigParser][periodicCommandQueue]：已克隆定时指令 ref=ReadIdlePurgeAll
[2026-06-04 09:18:17] [INFO] [data][ModbusConfigParser][periodicCommandQueue]：定时指令队列构建完成，共 2 条
[2026-06-04 09:18:17] [INFO] [data][ModbusTcpMasterPool][InitialCommandIssuer][initializeMaster]：已配置 InitialCommandIssuer 指令数=2 间隔=100 超时=1000 重试=3
[2026-06-04 09:18:17] [INFO] [data][ModbusTcpMasterPool][PeriodicCommandSender][initializeMaster]：已配置 PeriodicCommandSender 指令数=2 间隔=300 超时=1000 重试=0
[2026-06-04 09:18:17] [INFO] [data][ModbusTcpMasterPool][FirmwareUpgrader][initializeMaster]：已配置 FirmwareUpgrader PrepareTimeout=3000ms WaitingTime=1000ms SendInterval=160ms TransferTimeout=3000ms
[2026-06-04 09:18:17] [INFO] [data][ModbusTcpMasterManager][addMaster]：创建 Master ID=12044 IP=127.0.0.1 Port=543
[2026-06-04 09:18:17] [INFO] [data][ModbusTcpMasterPool][addMaster]：已创建并添加 Master ID=12044 IP=127.0.0.1 Port=543 到线程 21 ModbusPoolThread-21
[2026-06-04 09:18:17] [INFO] [data][ModbusTcpMasterPool][initializeMaster]：开始初始化 Master ID=12044
[2026-06-04 09:18:17] [INFO] [data][ModbusConfigParser][initialCommandQueue]：开始构建初始指令队列，共 2 个引用
[2026-06-04 09:18:17] [DEBUG] [data][ModbusConfigParser][initialCommandQueue]：已克隆初始指令 ref=ReadVersion
[2026-06-04 09:18:17] [DEBUG] [data][ModbusConfigParser][initialCommandQueue]：已克隆初始指令 ref=WriteVEFCGasType
[2026-06-04 09:18:17] [INFO] [data][ModbusConfigParser][initialCommandQueue]：初始指令队列构建完成，共 2 条
[2026-06-04 09:18:17] [INFO] [data][ModbusConfigParser][periodicCommandQueue]：开始构建定时指令队列，共 2 个引用
[2026-06-04 09:18:17] [DEBUG] [data][ModbusConfigParser][periodicCommandQueue]：已克隆定时指令 ref=ReadFoupStatus
[2026-06-04 09:18:17] [DEBUG] [data][ModbusConfigParser][periodicCommandQueue]：已克隆定时指令 ref=ReadIdlePurgeAll
[2026-06-04 09:18:17] [INFO] [data][ModbusConfigParser][periodicCommandQueue]：定时指令队列构建完成，共 2 条
[2026-06-04 09:18:17] [INFO] [data][ModbusTcpMasterPool][InitialCommandIssuer][initializeMaster]：已配置 InitialCommandIssuer 指令数=2 间隔=100 超时=1000 重试=3
[2026-06-04 09:18:17] [INFO] [data][ModbusTcpMasterPool][PeriodicCommandSender][initializeMaster]：已配置 PeriodicCommandSender 指令数=2 间隔=300 超时=1000 重试=0
[2026-06-04 09:18:17] [INFO] [data][ModbusTcpMasterPool][FirmwareUpgrader][initializeMaster]：已配置 FirmwareUpgrader PrepareTimeout=3000ms WaitingTime=1000ms SendInterval=160ms TransferTimeout=3000ms
[2026-06-04 09:18:17] [INFO] [data][ModbusTcpMasterManager][addMaster]：创建 Master ID=12045 IP=127.0.0.1 Port=544
[2026-06-04 09:18:17] [INFO] [data][ModbusTcpMasterPool][addMaster]：已创建并添加 Master ID=12045 IP=127.0.0.1 Port=544 到线程 0 ModbusPoolThread-0
[2026-06-04 09:18:17] [INFO] [data][ModbusTcpMasterPool][initializeMaster]：开始初始化 Master ID=12045
[2026-06-04 09:18:17] [INFO] [data][ModbusConfigParser][initialCommandQueue]：开始构建初始指令队列，共 2 个引用
[2026-06-04 09:18:17] [DEBUG] [data][ModbusConfigParser][initialCommandQueue]：已克隆初始指令 ref=ReadVersion
[2026-06-04 09:18:17] [DEBUG] [data][ModbusConfigParser][initialCommandQueue]：已克隆初始指令 ref=WriteVEFCGasType
[2026-06-04 09:18:17] [INFO] [data][ModbusConfigParser][initialCommandQueue]：初始指令队列构建完成，共 2 条
[2026-06-04 09:18:17] [INFO] [data][ModbusConfigParser][periodicCommandQueue]：开始构建定时指令队列，共 2 个引用
[2026-06-04 09:18:17] [DEBUG] [data][ModbusConfigParser][periodicCommandQueue]：已克隆定时指令 ref=ReadFoupStatus
[2026-06-04 09:18:17] [DEBUG] [data][ModbusConfigParser][periodicCommandQueue]：已克隆定时指令 ref=ReadIdlePurgeAll
[2026-06-04 09:18:17] [INFO] [data][ModbusConfigParser][periodicCommandQueue]：定时指令队列构建完成，共 2 条
[2026-06-04 09:18:17] [INFO] [data][ModbusTcpMasterPool][InitialCommandIssuer][initializeMaster]：已配置 InitialCommandIssuer 指令数=2 间隔=100 超时=1000 重试=3
[2026-06-04 09:18:17] [INFO] [data][ModbusTcpMasterPool][PeriodicCommandSender][initializeMaster]：已配置 PeriodicCommandSender 指令数=2 间隔=300 超时=1000 重试=0
[2026-06-04 09:18:17] [INFO] [data][ModbusTcpMasterPool][FirmwareUpgrader][initializeMaster]：已配置 FirmwareUpgrader PrepareTimeout=3000ms WaitingTime=1000ms SendInterval=160ms TransferTimeout=3000ms
[2026-06-04 09:18:17] [INFO] [data][ModbusTcpMasterManager][addMaster]：创建 Master ID=12046 IP=127.0.0.1 Port=545
[2026-06-04 09:18:17] [INFO] [data][ModbusTcpMasterPool][addMaster]：已创建并添加 Master ID=12046 IP=127.0.0.1 Port=545 到线程 1 ModbusPoolThread-1
[2026-06-04 09:18:17] [INFO] [data][ModbusTcpMasterPool][initializeMaster]：开始初始化 Master ID=12046
[2026-06-04 09:18:17] [INFO] [data][ModbusConfigParser][initialCommandQueue]：开始构建初始指令队列，共 2 个引用
[2026-06-04 09:18:17] [DEBUG] [data][ModbusConfigParser][initialCommandQueue]：已克隆初始指令 ref=ReadVersion
[2026-06-04 09:18:17] [DEBUG] [data][ModbusConfigParser][initialCommandQueue]：已克隆初始指令 ref=WriteVEFCGasType
[2026-06-04 09:18:17] [INFO] [data][ModbusConfigParser][initialCommandQueue]：初始指令队列构建完成，共 2 条
[2026-06-04 09:18:17] [INFO] [data][ModbusConfigParser][periodicCommandQueue]：开始构建定时指令队列，共 2 个引用
[2026-06-04 09:18:17] [DEBUG] [data][ModbusConfigParser][periodicCommandQueue]：已克隆定时指令 ref=ReadFoupStatus
[2026-06-04 09:18:17] [DEBUG] [data][ModbusConfigParser][periodicCommandQueue]：已克隆定时指令 ref=ReadIdlePurgeAll
[2026-06-04 09:18:17] [INFO] [data][ModbusConfigParser][periodicCommandQueue]：定时指令队列构建完成，共 2 条
[2026-06-04 09:18:17] [INFO] [data][ModbusTcpMasterPool][InitialCommandIssuer][initializeMaster]：已配置 InitialCommandIssuer 指令数=2 间隔=100 超时=1000 重试=3
[2026-06-04 09:18:17] [INFO] [data][ModbusTcpMasterPool][PeriodicCommandSender][initializeMaster]：已配置 PeriodicCommandSender 指令数=2 间隔=300 超时=1000 重试=0
[2026-06-04 09:18:17] [INFO] [data][ModbusTcpMasterPool][FirmwareUpgrader][initializeMaster]：已配置 FirmwareUpgrader PrepareTimeout=3000ms WaitingTime=1000ms SendInterval=160ms TransferTimeout=3000ms
[2026-06-04 09:18:17] [INFO] [data][ModbusTcpMasterManager][addMaster]：创建 Master ID=12047 IP=127.0.0.1 Port=546
[2026-06-04 09:18:17] [INFO] [data][ModbusTcpMasterPool][addMaster]：已创建并添加 Master ID=12047 IP=127.0.0.1 Port=546 到线程 2 ModbusPoolThread-2
[2026-06-04 09:18:17] [INFO] [data][ModbusTcpMasterPool][initializeMaster]：开始初始化 Master ID=12047
[2026-06-04 09:18:17] [INFO] [data][ModbusConfigParser][initialCommandQueue]：开始构建初始指令队列，共 2 个引用
[2026-06-04 09:18:17] [DEBUG] [data][ModbusConfigParser][initialCommandQueue]：已克隆初始指令 ref=ReadVersion
[2026-06-04 09:18:17] [DEBUG] [data][ModbusConfigParser][initialCommandQueue]：已克隆初始指令 ref=WriteVEFCGasType
[2026-06-04 09:18:17] [INFO] [data][ModbusConfigParser][initialCommandQueue]：初始指令队列构建完成，共 2 条
[2026-06-04 09:18:17] [INFO] [data][ModbusConfigParser][periodicCommandQueue]：开始构建定时指令队列，共 2 个引用
[2026-06-04 09:18:17] [DEBUG] [data][ModbusConfigParser][periodicCommandQueue]：已克隆定时指令 ref=ReadFoupStatus
[2026-06-04 09:18:17] [DEBUG] [data][ModbusConfigParser][periodicCommandQueue]：已克隆定时指令 ref=ReadIdlePurgeAll
[2026-06-04 09:18:17] [INFO] [data][ModbusConfigParser][periodicCommandQueue]：定时指令队列构建完成，共 2 条
[2026-06-04 09:18:17] [INFO] [data][ModbusTcpMasterPool][InitialCommandIssuer][initializeMaster]：已配置 InitialCommandIssuer 指令数=2 间隔=100 超时=1000 重试=3
[2026-06-04 09:18:17] [INFO] [data][ModbusTcpMasterPool][PeriodicCommandSender][initializeMaster]：已配置 PeriodicCommandSender 指令数=2 间隔=300 超时=1000 重试=0
[2026-06-04 09:18:17] [INFO] [data][ModbusTcpMasterPool][FirmwareUpgrader][initializeMaster]：已配置 FirmwareUpgrader PrepareTimeout=3000ms WaitingTime=1000ms SendInterval=160ms TransferTimeout=3000ms
[2026-06-04 09:18:17] [INFO] [data][ModbusTcpMasterManager][addMaster]：创建 Master ID=12048 IP=127.0.0.1 Port=547
[2026-06-04 09:18:17] [INFO] [data][ModbusTcpMasterPool][addMaster]：已创建并添加 Master ID=12048 IP=127.0.0.1 Port=547 到线程 3 ModbusPoolThread-3
[2026-06-04 09:18:17] [INFO] [data][ModbusTcpMasterPool][initializeMaster]：开始初始化 Master ID=12048
[2026-06-04 09:18:17] [INFO] [data][ModbusConfigParser][initialCommandQueue]：开始构建初始指令队列，共 2 个引用
[2026-06-04 09:18:17] [DEBUG] [data][ModbusConfigParser][initialCommandQueue]：已克隆初始指令 ref=ReadVersion
[2026-06-04 09:18:17] [DEBUG] [data][ModbusConfigParser][initialCommandQueue]：已克隆初始指令 ref=WriteVEFCGasType
[2026-06-04 09:18:17] [INFO] [data][ModbusConfigParser][initialCommandQueue]：初始指令队列构建完成，共 2 条
[2026-06-04 09:18:17] [INFO] [data][ModbusConfigParser][periodicCommandQueue]：开始构建定时指令队列，共 2 个引用
[2026-06-04 09:18:17] [DEBUG] [data][ModbusConfigParser][periodicCommandQueue]：已克隆定时指令 ref=ReadFoupStatus
[2026-06-04 09:18:17] [DEBUG] [data][ModbusConfigParser][periodicCommandQueue]：已克隆定时指令 ref=ReadIdlePurgeAll
[2026-06-04 09:18:17] [INFO] [data][ModbusConfigParser][periodicCommandQueue]：定时指令队列构建完成，共 2 条
[2026-06-04 09:18:17] [INFO] [data][ModbusTcpMasterPool][InitialCommandIssuer][initializeMaster]：已配置 InitialCommandIssuer 指令数=2 间隔=100 超时=1000 重试=3
[2026-06-04 09:18:17] [INFO] [data][ModbusTcpMasterPool][PeriodicCommandSender][initializeMaster]：已配置 PeriodicCommandSender 指令数=2 间隔=300 超时=1000 重试=0
[2026-06-04 09:18:17] [INFO] [data][ModbusTcpMasterPool][FirmwareUpgrader][initializeMaster]：已配置 FirmwareUpgrader PrepareTimeout=3000ms WaitingTime=1000ms SendInterval=160ms TransferTimeout=3000ms
[2026-06-04 09:18:17] [INFO] [data][ModbusTcpMasterManager][addMaster]：创建 Master ID=12049 IP=127.0.0.1 Port=548
[2026-06-04 09:18:17] [INFO] [data][ModbusTcpMasterPool][addMaster]：已创建并添加 Master ID=12049 IP=127.0.0.1 Port=548 到线程 4 ModbusPoolThread-4
[2026-06-04 09:18:17] [INFO] [data][ModbusTcpMasterPool][initializeMaster]：开始初始化 Master ID=12049
[2026-06-04 09:18:17] [INFO] [data][ModbusConfigParser][initialCommandQueue]：开始构建初始指令队列，共 2 个引用
[2026-06-04 09:18:17] [DEBUG] [data][ModbusConfigParser][initialCommandQueue]：已克隆初始指令 ref=ReadVersion
[2026-06-04 09:18:17] [DEBUG] [data][ModbusConfigParser][initialCommandQueue]：已克隆初始指令 ref=WriteVEFCGasType
[2026-06-04 09:18:17] [INFO] [data][ModbusConfigParser][initialCommandQueue]：初始指令队列构建完成，共 2 条
[2026-06-04 09:18:17] [INFO] [data][ModbusConfigParser][periodicCommandQueue]：开始构建定时指令队列，共 2 个引用
[2026-06-04 09:18:17] [DEBUG] [data][ModbusConfigParser][periodicCommandQueue]：已克隆定时指令 ref=ReadFoupStatus
[2026-06-04 09:18:17] [DEBUG] [data][ModbusConfigParser][periodicCommandQueue]：已克隆定时指令 ref=ReadIdlePurgeAll
[2026-06-04 09:18:17] [INFO] [data][ModbusConfigParser][periodicCommandQueue]：定时指令队列构建完成，共 2 条
[2026-06-04 09:18:17] [INFO] [data][ModbusTcpMasterPool][InitialCommandIssuer][initializeMaster]：已配置 InitialCommandIssuer 指令数=2 间隔=100 超时=1000 重试=3
[2026-06-04 09:18:17] [INFO] [data][ModbusTcpMasterPool][PeriodicCommandSender][initializeMaster]：已配置 PeriodicCommandSender 指令数=2 间隔=300 超时=1000 重试=0
[2026-06-04 09:18:17] [INFO] [data][ModbusTcpMasterPool][FirmwareUpgrader][initializeMaster]：已配置 FirmwareUpgrader PrepareTimeout=3000ms WaitingTime=1000ms SendInterval=160ms TransferTimeout=3000ms
[2026-06-04 09:18:17] [INFO] [data][ModbusTcpMasterManager][addMaster]：创建 Master ID=12050 IP=127.0.0.1 Port=549
[2026-06-04 09:18:17] [INFO] [data][ModbusTcpMasterPool][addMaster]：已创建并添加 Master ID=12050 IP=127.0.0.1 Port=549 到线程 5 ModbusPoolThread-5
[2026-06-04 09:18:17] [INFO] [data][ModbusTcpMasterPool][initializeMaster]：开始初始化 Master ID=12050
[2026-06-04 09:18:17] [INFO] [data][ModbusConfigParser][initialCommandQueue]：开始构建初始指令队列，共 2 个引用
[2026-06-04 09:18:17] [DEBUG] [data][ModbusConfigParser][initialCommandQueue]：已克隆初始指令 ref=ReadVersion
[2026-06-04 09:18:17] [DEBUG] [data][ModbusConfigParser][initialCommandQueue]：已克隆初始指令 ref=WriteVEFCGasType
[2026-06-04 09:18:17] [INFO] [data][ModbusConfigParser][initialCommandQueue]：初始指令队列构建完成，共 2 条
[2026-06-04 09:18:17] [INFO] [data][ModbusConfigParser][periodicCommandQueue]：开始构建定时指令队列，共 2 个引用
[2026-06-04 09:18:17] [DEBUG] [data][ModbusConfigParser][periodicCommandQueue]：已克隆定时指令 ref=ReadFoupStatus
[2026-06-04 09:18:17] [DEBUG] [data][ModbusConfigParser][periodicCommandQueue]：已克隆定时指令 ref=ReadIdlePurgeAll
[2026-06-04 09:18:17] [INFO] [data][ModbusConfigParser][periodicCommandQueue]：定时指令队列构建完成，共 2 条
[2026-06-04 09:18:17] [INFO] [data][ModbusTcpMasterPool][InitialCommandIssuer][initializeMaster]：已配置 InitialCommandIssuer 指令数=2 间隔=100 超时=1000 重试=3
[2026-06-04 09:18:17] [INFO] [data][ModbusTcpMasterPool][PeriodicCommandSender][initializeMaster]：已配置 PeriodicCommandSender 指令数=2 间隔=300 超时=1000 重试=0
[2026-06-04 09:18:17] [INFO] [data][ModbusTcpMasterPool][FirmwareUpgrader][initializeMaster]：已配置 FirmwareUpgrader PrepareTimeout=3000ms WaitingTime=1000ms SendInterval=160ms TransferTimeout=3000ms
[2026-06-04 09:18:17] [INFO] [data][ModbusTcpMasterManager][addMaster]：创建 Master ID=12051 IP=127.0.0.1 Port=550
[2026-06-04 09:18:17] [INFO] [data][ModbusTcpMasterPool][addMaster]：已创建并添加 Master ID=12051 IP=127.0.0.1 Port=550 到线程 6 ModbusPoolThread-6
[2026-06-04 09:18:17] [INFO] [data][ModbusTcpMasterPool][initializeMaster]：开始初始化 Master ID=12051
[2026-06-04 09:18:17] [INFO] [data][ModbusConfigParser][initialCommandQueue]：开始构建初始指令队列，共 2 个引用
[2026-06-04 09:18:17] [DEBUG] [data][ModbusConfigParser][initialCommandQueue]：已克隆初始指令 ref=ReadVersion
[2026-06-04 09:18:17] [DEBUG] [data][ModbusConfigParser][initialCommandQueue]：已克隆初始指令 ref=WriteVEFCGasType
[2026-06-04 09:18:17] [INFO] [data][ModbusConfigParser][initialCommandQueue]：初始指令队列构建完成，共 2 条
[2026-06-04 09:18:17] [INFO] [data][ModbusConfigParser][periodicCommandQueue]：开始构建定时指令队列，共 2 个引用
[2026-06-04 09:18:17] [DEBUG] [data][ModbusConfigParser][periodicCommandQueue]：已克隆定时指令 ref=ReadFoupStatus
[2026-06-04 09:18:17] [DEBUG] [data][ModbusConfigParser][periodicCommandQueue]：已克隆定时指令 ref=ReadIdlePurgeAll
[2026-06-04 09:18:17] [INFO] [data][ModbusConfigParser][periodicCommandQueue]：定时指令队列构建完成，共 2 条
[2026-06-04 09:18:17] [INFO] [data][ModbusTcpMasterPool][InitialCommandIssuer][initializeMaster]：已配置 InitialCommandIssuer 指令数=2 间隔=100 超时=1000 重试=3
[2026-06-04 09:18:17] [INFO] [data][ModbusTcpMasterPool][PeriodicCommandSender][initializeMaster]：已配置 PeriodicCommandSender 指令数=2 间隔=300 超时=1000 重试=0
[2026-06-04 09:18:17] [INFO] [data][ModbusTcpMasterPool][FirmwareUpgrader][initializeMaster]：已配置 FirmwareUpgrader PrepareTimeout=3000ms WaitingTime=1000ms SendInterval=160ms TransferTimeout=3000ms
[2026-06-04 09:18:17] [INFO] [data][ModbusTcpMasterManager][addMaster]：创建 Master ID=12052 IP=127.0.0.1 Port=551
[2026-06-04 09:18:17] [INFO] [data][ModbusTcpMasterPool][addMaster]：已创建并添加 Master ID=12052 IP=127.0.0.1 Port=551 到线程 7 ModbusPoolThread-7
[2026-06-04 09:18:17] [INFO] [data][ModbusTcpMasterPool][initializeMaster]：开始初始化 Master ID=12052
[2026-06-04 09:18:17] [INFO] [data][ModbusConfigParser][initialCommandQueue]：开始构建初始指令队列，共 2 个引用
[2026-06-04 09:18:17] [DEBUG] [data][ModbusConfigParser][initialCommandQueue]：已克隆初始指令 ref=ReadVersion
[2026-06-04 09:18:17] [DEBUG] [data][ModbusConfigParser][initialCommandQueue]：已克隆初始指令 ref=WriteVEFCGasType
[2026-06-04 09:18:17] [INFO] [data][ModbusConfigParser][initialCommandQueue]：初始指令队列构建完成，共 2 条
[2026-06-04 09:18:17] [INFO] [data][ModbusConfigParser][periodicCommandQueue]：开始构建定时指令队列，共 2 个引用
[2026-06-04 09:18:17] [DEBUG] [data][ModbusConfigParser][periodicCommandQueue]：已克隆定时指令 ref=ReadFoupStatus
[2026-06-04 09:18:17] [DEBUG] [data][ModbusConfigParser][periodicCommandQueue]：已克隆定时指令 ref=ReadIdlePurgeAll
[2026-06-04 09:18:17] [INFO] [data][ModbusConfigParser][periodicCommandQueue]：定时指令队列构建完成，共 2 条
[2026-06-04 09:18:17] [INFO] [data][ModbusTcpMasterPool][InitialCommandIssuer][initializeMaster]：已配置 InitialCommandIssuer 指令数=2 间隔=100 超时=1000 重试=3
[2026-06-04 09:18:17] [INFO] [data][ModbusTcpMasterPool][PeriodicCommandSender][initializeMaster]：已配置 PeriodicCommandSender 指令数=2 间隔=300 超时=1000 重试=0
[2026-06-04 09:18:17] [INFO] [data][ModbusTcpMasterPool][FirmwareUpgrader][initializeMaster]：已配置 FirmwareUpgrader PrepareTimeout=3000ms WaitingTime=1000ms SendInterval=160ms TransferTimeout=3000ms
[2026-06-04 09:18:17] [INFO] [data][ModbusTcpMasterManager][addMaster]：创建 Master ID=12053 IP=127.0.0.1 Port=552
[2026-06-04 09:18:17] [INFO] [data][ModbusTcpMasterPool][addMaster]：已创建并添加 Master ID=12053 IP=127.0.0.1 Port=552 到线程 8 ModbusPoolThread-8
[2026-06-04 09:18:17] [INFO] [data][ModbusTcpMasterPool][initializeMaster]：开始初始化 Master ID=12053
[2026-06-04 09:18:17] [INFO] [data][ModbusConfigParser][initialCommandQueue]：开始构建初始指令队列，共 2 个引用
[2026-06-04 09:18:17] [DEBUG] [data][ModbusConfigParser][initialCommandQueue]：已克隆初始指令 ref=ReadVersion
[2026-06-04 09:18:17] [DEBUG] [data][ModbusConfigParser][initialCommandQueue]：已克隆初始指令 ref=WriteVEFCGasType
[2026-06-04 09:18:17] [INFO] [data][ModbusConfigParser][initialCommandQueue]：初始指令队列构建完成，共 2 条
[2026-06-04 09:18:17] [INFO] [data][ModbusConfigParser][periodicCommandQueue]：开始构建定时指令队列，共 2 个引用
[2026-06-04 09:18:17] [DEBUG] [data][ModbusConfigParser][periodicCommandQueue]：已克隆定时指令 ref=ReadFoupStatus
[2026-06-04 09:18:17] [DEBUG] [data][ModbusConfigParser][periodicCommandQueue]：已克隆定时指令 ref=ReadIdlePurgeAll
[2026-06-04 09:18:17] [INFO] [data][ModbusConfigParser][periodicCommandQueue]：定时指令队列构建完成，共 2 条
[2026-06-04 09:18:17] [INFO] [data][ModbusTcpMasterPool][InitialCommandIssuer][initializeMaster]：已配置 InitialCommandIssuer 指令数=2 间隔=100 超时=1000 重试=3
[2026-06-04 09:18:17] [INFO] [data][ModbusTcpMasterPool][PeriodicCommandSender][initializeMaster]：已配置 PeriodicCommandSender 指令数=2 间隔=300 超时=1000 重试=0
[2026-06-04 09:18:17] [INFO] [data][ModbusTcpMasterPool][FirmwareUpgrader][initializeMaster]：已配置 FirmwareUpgrader PrepareTimeout=3000ms WaitingTime=1000ms SendInterval=160ms TransferTimeout=3000ms
[2026-06-04 09:18:17] [INFO] [data][ModbusTcpMasterManager][addMaster]：创建 Master ID=12054 IP=127.0.0.1 Port=553
[2026-06-04 09:18:17] [INFO] [data][ModbusTcpMasterPool][addMaster]：已创建并添加 Master ID=12054 IP=127.0.0.1 Port=553 到线程 9 ModbusPoolThread-9
[2026-06-04 09:18:17] [INFO] [data][ModbusTcpMasterPool][initializeMaster]：开始初始化 Master ID=12054
[2026-06-04 09:18:17] [INFO] [data][ModbusConfigParser][initialCommandQueue]：开始构建初始指令队列，共 2 个引用
[2026-06-04 09:18:17] [DEBUG] [data][ModbusConfigParser][initialCommandQueue]：已克隆初始指令 ref=ReadVersion
[2026-06-04 09:18:17] [DEBUG] [data][ModbusConfigParser][initialCommandQueue]：已克隆初始指令 ref=WriteVEFCGasType
[2026-06-04 09:18:17] [INFO] [data][ModbusConfigParser][initialCommandQueue]：初始指令队列构建完成，共 2 条
[2026-06-04 09:18:17] [INFO] [data][ModbusConfigParser][periodicCommandQueue]：开始构建定时指令队列，共 2 个引用
[2026-06-04 09:18:17] [DEBUG] [data][ModbusConfigParser][periodicCommandQueue]：已克隆定时指令 ref=ReadFoupStatus
[2026-06-04 09:18:17] [DEBUG] [data][ModbusConfigParser][periodicCommandQueue]：已克隆定时指令 ref=ReadIdlePurgeAll
[2026-06-04 09:18:17] [INFO] [data][ModbusConfigParser][periodicCommandQueue]：定时指令队列构建完成，共 2 条
[2026-06-04 09:18:17] [INFO] [data][ModbusTcpMasterPool][InitialCommandIssuer][initializeMaster]：已配置 InitialCommandIssuer 指令数=2 间隔=100 超时=1000 重试=3
[2026-06-04 09:18:17] [INFO] [data][ModbusTcpMasterPool][PeriodicCommandSender][initializeMaster]：已配置 PeriodicCommandSender 指令数=2 间隔=300 超时=1000 重试=0
[2026-06-04 09:18:17] [INFO] [data][ModbusTcpMasterPool][FirmwareUpgrader][initializeMaster]：已配置 FirmwareUpgrader PrepareTimeout=3000ms WaitingTime=1000ms SendInterval=160ms TransferTimeout=3000ms
[2026-06-04 09:18:17] [INFO] [data][ModbusTcpMasterManager][addMaster]：创建 Master ID=12055 IP=127.0.0.1 Port=554
[2026-06-04 09:18:17] [INFO] [data][ModbusTcpMasterPool][addMaster]：已创建并添加 Master ID=12055 IP=127.0.0.1 Port=554 到线程 10 ModbusPoolThread-10
[2026-06-04 09:18:17] [INFO] [data][ModbusTcpMasterPool][initializeMaster]：开始初始化 Master ID=12055
[2026-06-04 09:18:17] [INFO] [data][ModbusConfigParser][initialCommandQueue]：开始构建初始指令队列，共 2 个引用
[2026-06-04 09:18:17] [DEBUG] [data][ModbusConfigParser][initialCommandQueue]：已克隆初始指令 ref=ReadVersion
[2026-06-04 09:18:17] [DEBUG] [data][ModbusConfigParser][initialCommandQueue]：已克隆初始指令 ref=WriteVEFCGasType
[2026-06-04 09:18:17] [INFO] [data][ModbusConfigParser][initialCommandQueue]：初始指令队列构建完成，共 2 条
[2026-06-04 09:18:17] [INFO] [data][ModbusConfigParser][periodicCommandQueue]：开始构建定时指令队列，共 2 个引用
[2026-06-04 09:18:17] [DEBUG] [data][ModbusConfigParser][periodicCommandQueue]：已克隆定时指令 ref=ReadFoupStatus
[2026-06-04 09:18:17] [DEBUG] [data][ModbusConfigParser][periodicCommandQueue]：已克隆定时指令 ref=ReadIdlePurgeAll
[2026-06-04 09:18:17] [INFO] [data][ModbusConfigParser][periodicCommandQueue]：定时指令队列构建完成，共 2 条
[2026-06-04 09:18:17] [INFO] [data][ModbusTcpMasterPool][InitialCommandIssuer][initializeMaster]：已配置 InitialCommandIssuer 指令数=2 间隔=100 超时=1000 重试=3
[2026-06-04 09:18:17] [INFO] [data][ModbusTcpMasterPool][PeriodicCommandSender][initializeMaster]：已配置 PeriodicCommandSender 指令数=2 间隔=300 超时=1000 重试=0
[2026-06-04 09:18:17] [INFO] [data][ModbusTcpMasterPool][FirmwareUpgrader][initializeMaster]：已配置 FirmwareUpgrader PrepareTimeout=3000ms WaitingTime=1000ms SendInterval=160ms TransferTimeout=3000ms
[2026-06-04 09:18:17] [INFO] [data][ModbusTcpMasterManager][addMaster]：创建 Master ID=12056 IP=127.0.0.1 Port=555
[2026-06-04 09:18:17] [INFO] [data][ModbusTcpMasterPool][addMaster]：已创建并添加 Master ID=12056 IP=127.0.0.1 Port=555 到线程 11 ModbusPoolThread-11
[2026-06-04 09:18:17] [INFO] [data][ModbusTcpMasterPool][initializeMaster]：开始初始化 Master ID=12056
[2026-06-04 09:18:17] [INFO] [data][ModbusConfigParser][initialCommandQueue]：开始构建初始指令队列，共 2 个引用
[2026-06-04 09:18:17] [DEBUG] [data][ModbusConfigParser][initialCommandQueue]：已克隆初始指令 ref=ReadVersion
[2026-06-04 09:18:17] [DEBUG] [data][ModbusConfigParser][initialCommandQueue]：已克隆初始指令 ref=WriteVEFCGasType
[2026-06-04 09:18:17] [INFO] [data][ModbusConfigParser][initialCommandQueue]：初始指令队列构建完成，共 2 条
[2026-06-04 09:18:17] [INFO] [data][ModbusConfigParser][periodicCommandQueue]：开始构建定时指令队列，共 2 个引用
[2026-06-04 09:18:17] [DEBUG] [data][ModbusConfigParser][periodicCommandQueue]：已克隆定时指令 ref=ReadFoupStatus
[2026-06-04 09:18:17] [DEBUG] [data][ModbusConfigParser][periodicCommandQueue]：已克隆定时指令 ref=ReadIdlePurgeAll
[2026-06-04 09:18:17] [INFO] [data][ModbusConfigParser][periodicCommandQueue]：定时指令队列构建完成，共 2 条
[2026-06-04 09:18:17] [INFO] [data][ModbusTcpMasterPool][InitialCommandIssuer][initializeMaster]：已配置 InitialCommandIssuer 指令数=2 间隔=100 超时=1000 重试=3
[2026-06-04 09:18:17] [INFO] [data][ModbusTcpMasterPool][PeriodicCommandSender][initializeMaster]：已配置 PeriodicCommandSender 指令数=2 间隔=300 超时=1000 重试=0
[2026-06-04 09:18:17] [INFO] [data][ModbusTcpMasterPool][FirmwareUpgrader][initializeMaster]：已配置 FirmwareUpgrader PrepareTimeout=3000ms WaitingTime=1000ms SendInterval=160ms TransferTimeout=3000ms
[2026-06-04 09:18:17] [INFO] [data][ModbusTcpMasterManager][addMaster]：创建 Master ID=12057 IP=127.0.0.1 Port=556
[2026-06-04 09:18:17] [INFO] [data][ModbusTcpMasterPool][addMaster]：已创建并添加 Master ID=12057 IP=127.0.0.1 Port=556 到线程 12 ModbusPoolThread-12
[2026-06-04 09:18:17] [INFO] [data][ModbusTcpMasterPool][initializeMaster]：开始初始化 Master ID=12057
[2026-06-04 09:18:17] [INFO] [data][ModbusConfigParser][initialCommandQueue]：开始构建初始指令队列，共 2 个引用
[2026-06-04 09:18:17] [DEBUG] [data][ModbusConfigParser][initialCommandQueue]：已克隆初始指令 ref=ReadVersion
[2026-06-04 09:18:17] [DEBUG] [data][ModbusConfigParser][initialCommandQueue]：已克隆初始指令 ref=WriteVEFCGasType
[2026-06-04 09:18:17] [INFO] [data][ModbusConfigParser][initialCommandQueue]：初始指令队列构建完成，共 2 条
[2026-06-04 09:18:17] [INFO] [data][ModbusConfigParser][periodicCommandQueue]：开始构建定时指令队列，共 2 个引用
[2026-06-04 09:18:17] [DEBUG] [data][ModbusConfigParser][periodicCommandQueue]：已克隆定时指令 ref=ReadFoupStatus
[2026-06-04 09:18:17] [DEBUG] [data][ModbusConfigParser][periodicCommandQueue]：已克隆定时指令 ref=ReadIdlePurgeAll
[2026-06-04 09:18:17] [INFO] [data][ModbusConfigParser][periodicCommandQueue]：定时指令队列构建完成，共 2 条
[2026-06-04 09:18:17] [INFO] [data][ModbusTcpMasterPool][InitialCommandIssuer][initializeMaster]：已配置 InitialCommandIssuer 指令数=2 间隔=100 超时=1000 重试=3
[2026-06-04 09:18:17] [INFO] [data][ModbusTcpMasterPool][PeriodicCommandSender][initializeMaster]：已配置 PeriodicCommandSender 指令数=2 间隔=300 超时=1000 重试=0
[2026-06-04 09:18:17] [INFO] [data][ModbusTcpMasterPool][FirmwareUpgrader][initializeMaster]：已配置 FirmwareUpgrader PrepareTimeout=3000ms WaitingTime=1000ms SendInterval=160ms TransferTimeout=3000ms
[2026-06-04 09:18:17] [INFO] [data][ModbusTcpMasterManager][addMaster]：创建 Master ID=12058 IP=127.0.0.1 Port=557
[2026-06-04 09:18:17] [INFO] [data][ModbusTcpMasterPool][addMaster]：已创建并添加 Master ID=12058 IP=127.0.0.1 Port=557 到线程 13 ModbusPoolThread-13
[2026-06-04 09:18:17] [INFO] [data][ModbusTcpMasterPool][initializeMaster]：开始初始化 Master ID=12058
[2026-06-04 09:18:17] [INFO] [data][ModbusConfigParser][initialCommandQueue]：开始构建初始指令队列，共 2 个引用
[2026-06-04 09:18:17] [DEBUG] [data][ModbusConfigParser][initialCommandQueue]：已克隆初始指令 ref=ReadVersion
[2026-06-04 09:18:17] [DEBUG] [data][ModbusConfigParser][initialCommandQueue]：已克隆初始指令 ref=WriteVEFCGasType
[2026-06-04 09:18:17] [INFO] [data][ModbusConfigParser][initialCommandQueue]：初始指令队列构建完成，共 2 条
[2026-06-04 09:18:17] [INFO] [data][ModbusConfigParser][periodicCommandQueue]：开始构建定时指令队列，共 2 个引用
[2026-06-04 09:18:17] [DEBUG] [data][ModbusConfigParser][periodicCommandQueue]：已克隆定时指令 ref=ReadFoupStatus
[2026-06-04 09:18:17] [DEBUG] [data][ModbusConfigParser][periodicCommandQueue]：已克隆定时指令 ref=ReadIdlePurgeAll
[2026-06-04 09:18:17] [INFO] [data][ModbusConfigParser][periodicCommandQueue]：定时指令队列构建完成，共 2 条
[2026-06-04 09:18:17] [INFO] [data][ModbusTcpMasterPool][InitialCommandIssuer][initializeMaster]：已配置 InitialCommandIssuer 指令数=2 间隔=100 超时=1000 重试=3
[2026-06-04 09:18:17] [INFO] [data][ModbusTcpMasterPool][PeriodicCommandSender][initializeMaster]：已配置 PeriodicCommandSender 指令数=2 间隔=300 超时=1000 重试=0
[2026-06-04 09:18:17] [INFO] [data][ModbusTcpMasterPool][FirmwareUpgrader][initializeMaster]：已配置 FirmwareUpgrader PrepareTimeout=3000ms WaitingTime=1000ms SendInterval=160ms TransferTimeout=3000ms
[2026-06-04 09:18:17] [INFO] [data][ModbusTcpMasterManager][addMaster]：创建 Master ID=12059 IP=127.0.0.1 Port=558
[2026-06-04 09:18:17] [INFO] [data][ModbusTcpMasterPool][addMaster]：已创建并添加 Master ID=12059 IP=127.0.0.1 Port=558 到线程 14 ModbusPoolThread-14
[2026-06-04 09:18:17] [INFO] [data][ModbusTcpMasterPool][initializeMaster]：开始初始化 Master ID=12059
[2026-06-04 09:18:17] [INFO] [data][ModbusConfigParser][initialCommandQueue]：开始构建初始指令队列，共 2 个引用
[2026-06-04 09:18:17] [DEBUG] [data][ModbusConfigParser][initialCommandQueue]：已克隆初始指令 ref=ReadVersion
[2026-06-04 09:18:17] [DEBUG] [data][ModbusConfigParser][initialCommandQueue]：已克隆初始指令 ref=WriteVEFCGasType
[2026-06-04 09:18:17] [INFO] [data][ModbusConfigParser][initialCommandQueue]：初始指令队列构建完成，共 2 条
[2026-06-04 09:18:17] [INFO] [data][ModbusConfigParser][periodicCommandQueue]：开始构建定时指令队列，共 2 个引用
[2026-06-04 09:18:17] [DEBUG] [data][ModbusConfigParser][periodicCommandQueue]：已克隆定时指令 ref=ReadFoupStatus
[2026-06-04 09:18:17] [DEBUG] [data][ModbusConfigParser][periodicCommandQueue]：已克隆定时指令 ref=ReadIdlePurgeAll
[2026-06-04 09:18:17] [INFO] [data][ModbusConfigParser][periodicCommandQueue]：定时指令队列构建完成，共 2 条
[2026-06-04 09:18:17] [INFO] [data][ModbusTcpMasterPool][InitialCommandIssuer][initializeMaster]：已配置 InitialCommandIssuer 指令数=2 间隔=100 超时=1000 重试=3
[2026-06-04 09:18:17] [INFO] [data][ModbusTcpMasterPool][PeriodicCommandSender][initializeMaster]：已配置 PeriodicCommandSender 指令数=2 间隔=300 超时=1000 重试=0
[2026-06-04 09:18:17] [INFO] [data][ModbusTcpMasterPool][FirmwareUpgrader][initializeMaster]：已配置 FirmwareUpgrader PrepareTimeout=3000ms WaitingTime=1000ms SendInterval=160ms TransferTimeout=3000ms
[2026-06-04 09:18:17] [INFO] [data][ModbusTcpMasterManager][addMaster]：创建 Master ID=12060 IP=127.0.0.1 Port=559
[2026-06-04 09:18:17] [INFO] [data][ModbusTcpMasterPool][addMaster]：已创建并添加 Master ID=12060 IP=127.0.0.1 Port=559 到线程 15 ModbusPoolThread-15
[2026-06-04 09:18:17] [INFO] [data][ModbusTcpMasterPool][initializeMaster]：开始初始化 Master ID=12060
[2026-06-04 09:18:17] [INFO] [data][ModbusConfigParser][initialCommandQueue]：开始构建初始指令队列，共 2 个引用
[2026-06-04 09:18:17] [DEBUG] [data][ModbusConfigParser][initialCommandQueue]：已克隆初始指令 ref=ReadVersion
[2026-06-04 09:18:17] [DEBUG] [data][ModbusConfigParser][initialCommandQueue]：已克隆初始指令 ref=WriteVEFCGasType
[2026-06-04 09:18:17] [INFO] [data][ModbusConfigParser][initialCommandQueue]：初始指令队列构建完成，共 2 条
[2026-06-04 09:18:17] [INFO] [data][ModbusConfigParser][periodicCommandQueue]：开始构建定时指令队列，共 2 个引用
[2026-06-04 09:18:17] [DEBUG] [data][ModbusConfigParser][periodicCommandQueue]：已克隆定时指令 ref=ReadFoupStatus
[2026-06-04 09:18:17] [DEBUG] [data][ModbusConfigParser][periodicCommandQueue]：已克隆定时指令 ref=ReadIdlePurgeAll
[2026-06-04 09:18:17] [INFO] [data][ModbusConfigParser][periodicCommandQueue]：定时指令队列构建完成，共 2 条
[2026-06-04 09:18:17] [INFO] [data][ModbusTcpMasterPool][InitialCommandIssuer][initializeMaster]：已配置 InitialCommandIssuer 指令数=2 间隔=100 超时=1000 重试=3
[2026-06-04 09:18:17] [INFO] [data][ModbusTcpMasterPool][PeriodicCommandSender][initializeMaster]：已配置 PeriodicCommandSender 指令数=2 间隔=300 超时=1000 重试=0
[2026-06-04 09:18:17] [INFO] [data][ModbusTcpMasterPool][FirmwareUpgrader][initializeMaster]：已配置 FirmwareUpgrader PrepareTimeout=3000ms WaitingTime=1000ms SendInterval=160ms TransferTimeout=3000ms
[2026-06-04 09:18:17] [INFO] [data][ModbusTcpMasterManager][addMaster]：创建 Master ID=12061 IP=127.0.0.1 Port=560
[2026-06-04 09:18:17] [INFO] [data][ModbusTcpMasterPool][addMaster]：已创建并添加 Master ID=12061 IP=127.0.0.1 Port=560 到线程 16 ModbusPoolThread-16
[2026-06-04 09:18:17] [INFO] [data][ModbusTcpMasterPool][initializeMaster]：开始初始化 Master ID=12061
[2026-06-04 09:18:17] [INFO] [data][ModbusConfigParser][initialCommandQueue]：开始构建初始指令队列，共 2 个引用
[2026-06-04 09:18:17] [DEBUG] [data][ModbusConfigParser][initialCommandQueue]：已克隆初始指令 ref=ReadVersion
[2026-06-04 09:18:17] [DEBUG] [data][ModbusConfigParser][initialCommandQueue]：已克隆初始指令 ref=WriteVEFCGasType
[2026-06-04 09:18:17] [INFO] [data][ModbusConfigParser][initialCommandQueue]：初始指令队列构建完成，共 2 条
[2026-06-04 09:18:17] [INFO] [data][ModbusConfigParser][periodicCommandQueue]：开始构建定时指令队列，共 2 个引用
[2026-06-04 09:18:17] [DEBUG] [data][ModbusConfigParser][periodicCommandQueue]：已克隆定时指令 ref=ReadFoupStatus
[2026-06-04 09:18:17] [DEBUG] [data][ModbusConfigParser][periodicCommandQueue]：已克隆定时指令 ref=ReadIdlePurgeAll
[2026-06-04 09:18:17] [INFO] [data][ModbusConfigParser][periodicCommandQueue]：定时指令队列构建完成，共 2 条
[2026-06-04 09:18:17] [INFO] [data][ModbusTcpMasterPool][InitialCommandIssuer][initializeMaster]：已配置 InitialCommandIssuer 指令数=2 间隔=100 超时=1000 重试=3
[2026-06-04 09:18:17] [INFO] [data][ModbusTcpMasterPool][PeriodicCommandSender][initializeMaster]：已配置 PeriodicCommandSender 指令数=2 间隔=300 超时=1000 重试=0
[2026-06-04 09:18:17] [INFO] [data][ModbusTcpMasterPool][FirmwareUpgrader][initializeMaster]：已配置 FirmwareUpgrader PrepareTimeout=3000ms WaitingTime=1000ms SendInterval=160ms TransferTimeout=3000ms
[2026-06-04 09:18:17] [INFO] [data][ModbusTcpMasterManager][addMaster]：创建 Master ID=12062 IP=127.0.0.1 Port=561
[2026-06-04 09:18:17] [INFO] [data][ModbusTcpMasterPool][addMaster]：已创建并添加 Master ID=12062 IP=127.0.0.1 Port=561 到线程 17 ModbusPoolThread-17
[2026-06-04 09:18:17] [INFO] [data][ModbusTcpMasterPool][initializeMaster]：开始初始化 Master ID=12062
[2026-06-04 09:18:17] [INFO] [data][ModbusConfigParser][initialCommandQueue]：开始构建初始指令队列，共 2 个引用
[2026-06-04 09:18:17] [DEBUG] [data][ModbusConfigParser][initialCommandQueue]：已克隆初始指令 ref=ReadVersion
[2026-06-04 09:18:17] [DEBUG] [data][ModbusConfigParser][initialCommandQueue]：已克隆初始指令 ref=WriteVEFCGasType
[2026-06-04 09:18:17] [INFO] [data][ModbusConfigParser][initialCommandQueue]：初始指令队列构建完成，共 2 条
[2026-06-04 09:18:17] [INFO] [data][ModbusConfigParser][periodicCommandQueue]：开始构建定时指令队列，共 2 个引用
[2026-06-04 09:18:17] [DEBUG] [data][ModbusConfigParser][periodicCommandQueue]：已克隆定时指令 ref=ReadFoupStatus
[2026-06-04 09:18:17] [DEBUG] [data][ModbusConfigParser][periodicCommandQueue]：已克隆定时指令 ref=ReadIdlePurgeAll
[2026-06-04 09:18:17] [INFO] [data][ModbusConfigParser][periodicCommandQueue]：定时指令队列构建完成，共 2 条
[2026-06-04 09:18:17] [INFO] [data][ModbusTcpMasterPool][InitialCommandIssuer][initializeMaster]：已配置 InitialCommandIssuer 指令数=2 间隔=100 超时=1000 重试=3
[2026-06-04 09:18:17] [INFO] [data][ModbusTcpMasterPool][PeriodicCommandSender][initializeMaster]：已配置 PeriodicCommandSender 指令数=2 间隔=300 超时=1000 重试=0
[2026-06-04 09:18:17] [INFO] [data][ModbusTcpMasterPool][FirmwareUpgrader][initializeMaster]：已配置 FirmwareUpgrader PrepareTimeout=3000ms WaitingTime=1000ms SendInterval=160ms TransferTimeout=3000ms
[2026-06-04 09:18:17] [INFO] [data][ModbusTcpMasterManager][addMaster]：创建 Master ID=12063 IP=127.0.0.1 Port=562
[2026-06-04 09:18:17] [INFO] [data][ModbusTcpMasterPool][addMaster]：已创建并添加 Master ID=12063 IP=127.0.0.1 Port=562 到线程 18 ModbusPoolThread-18
[2026-06-04 09:18:17] [INFO] [data][ModbusTcpMasterPool][initializeMaster]：开始初始化 Master ID=12063
[2026-06-04 09:18:17] [INFO] [data][ModbusConfigParser][initialCommandQueue]：开始构建初始指令队列，共 2 个引用
[2026-06-04 09:18:17] [DEBUG] [data][ModbusConfigParser][initialCommandQueue]：已克隆初始指令 ref=ReadVersion
[2026-06-04 09:18:17] [DEBUG] [data][ModbusConfigParser][initialCommandQueue]：已克隆初始指令 ref=WriteVEFCGasType
[2026-06-04 09:18:17] [INFO] [data][ModbusConfigParser][initialCommandQueue]：初始指令队列构建完成，共 2 条
[2026-06-04 09:18:17] [INFO] [data][ModbusConfigParser][periodicCommandQueue]：开始构建定时指令队列，共 2 个引用
[2026-06-04 09:18:17] [DEBUG] [data][ModbusConfigParser][periodicCommandQueue]：已克隆定时指令 ref=ReadFoupStatus
[2026-06-04 09:18:17] [DEBUG] [data][ModbusConfigParser][periodicCommandQueue]：已克隆定时指令 ref=ReadIdlePurgeAll
[2026-06-04 09:18:17] [INFO] [data][ModbusConfigParser][periodicCommandQueue]：定时指令队列构建完成，共 2 条
[2026-06-04 09:18:17] [INFO] [data][ModbusTcpMasterPool][InitialCommandIssuer][initializeMaster]：已配置 InitialCommandIssuer 指令数=2 间隔=100 超时=1000 重试=3
[2026-06-04 09:18:17] [INFO] [data][ModbusTcpMasterPool][PeriodicCommandSender][initializeMaster]：已配置 PeriodicCommandSender 指令数=2 间隔=300 超时=1000 重试=0
[2026-06-04 09:18:17] [INFO] [data][ModbusTcpMasterPool][FirmwareUpgrader][initializeMaster]：已配置 FirmwareUpgrader PrepareTimeout=3000ms WaitingTime=1000ms SendInterval=160ms TransferTimeout=3000ms
[2026-06-04 09:18:17] [INFO] [data][ModbusTcpMasterManager][addMaster]：创建 Master ID=12064 IP=127.0.0.1 Port=563
[2026-06-04 09:18:17] [INFO] [data][ModbusTcpMasterPool][addMaster]：已创建并添加 Master ID=12064 IP=127.0.0.1 Port=563 到线程 19 ModbusPoolThread-19
[2026-06-04 09:18:17] [INFO] [data][ModbusTcpMasterPool][initializeMaster]：开始初始化 Master ID=12064
[2026-06-04 09:18:17] [INFO] [data][ModbusConfigParser][initialCommandQueue]：开始构建初始指令队列，共 2 个引用
[2026-06-04 09:18:17] [DEBUG] [data][ModbusConfigParser][initialCommandQueue]：已克隆初始指令 ref=ReadVersion
[2026-06-04 09:18:17] [DEBUG] [data][ModbusConfigParser][initialCommandQueue]：已克隆初始指令 ref=WriteVEFCGasType
[2026-06-04 09:18:17] [INFO] [data][ModbusConfigParser][initialCommandQueue]：初始指令队列构建完成，共 2 条
[2026-06-04 09:18:17] [INFO] [data][ModbusConfigParser][periodicCommandQueue]：开始构建定时指令队列，共 2 个引用
[2026-06-04 09:18:17] [DEBUG] [data][ModbusConfigParser][periodicCommandQueue]：已克隆定时指令 ref=ReadFoupStatus
[2026-06-04 09:18:17] [DEBUG] [data][ModbusConfigParser][periodicCommandQueue]：已克隆定时指令 ref=ReadIdlePurgeAll
[2026-06-04 09:18:17] [INFO] [data][ModbusConfigParser][periodicCommandQueue]：定时指令队列构建完成，共 2 条
[2026-06-04 09:18:17] [INFO] [data][ModbusTcpMasterPool][InitialCommandIssuer][initializeMaster]：已配置 InitialCommandIssuer 指令数=2 间隔=100 超时=1000 重试=3
[2026-06-04 09:18:17] [INFO] [data][ModbusTcpMasterPool][PeriodicCommandSender][initializeMaster]：已配置 PeriodicCommandSender 指令数=2 间隔=300 超时=1000 重试=0
[2026-06-04 09:18:17] [INFO] [data][ModbusTcpMasterPool][FirmwareUpgrader][initializeMaster]：已配置 FirmwareUpgrader PrepareTimeout=3000ms WaitingTime=1000ms SendInterval=160ms TransferTimeout=3000ms
[2026-06-04 09:18:17] [INFO] [data][ModbusTcpMasterManager][addMaster]：创建 Master ID=12065 IP=127.0.0.1 Port=564
[2026-06-04 09:18:17] [INFO] [data][ModbusTcpMasterPool][addMaster]：已创建并添加 Master ID=12065 IP=127.0.0.1 Port=564 到线程 20 ModbusPoolThread-20
[2026-06-04 09:18:17] [INFO] [data][ModbusTcpMasterPool][initializeMaster]：开始初始化 Master ID=12065
[2026-06-04 09:18:17] [INFO] [data][ModbusConfigParser][initialCommandQueue]：开始构建初始指令队列，共 2 个引用
[2026-06-04 09:18:17] [DEBUG] [data][ModbusConfigParser][initialCommandQueue]：已克隆初始指令 ref=ReadVersion
[2026-06-04 09:18:17] [DEBUG] [data][ModbusConfigParser][initialCommandQueue]：已克隆初始指令 ref=WriteVEFCGasType
[2026-06-04 09:18:17] [INFO] [data][ModbusConfigParser][initialCommandQueue]：初始指令队列构建完成，共 2 条
[2026-06-04 09:18:17] [INFO] [data][ModbusConfigParser][periodicCommandQueue]：开始构建定时指令队列，共 2 个引用
[2026-06-04 09:18:17] [DEBUG] [data][ModbusConfigParser][periodicCommandQueue]：已克隆定时指令 ref=ReadFoupStatus
[2026-06-04 09:18:17] [DEBUG] [data][ModbusConfigParser][periodicCommandQueue]：已克隆定时指令 ref=ReadIdlePurgeAll
[2026-06-04 09:18:17] [INFO] [data][ModbusConfigParser][periodicCommandQueue]：定时指令队列构建完成，共 2 条
[2026-06-04 09:18:17] [INFO] [data][ModbusTcpMasterPool][InitialCommandIssuer][initializeMaster]：已配置 InitialCommandIssuer 指令数=2 间隔=100 超时=1000 重试=3
[2026-06-04 09:18:17] [INFO] [data][ModbusTcpMasterPool][PeriodicCommandSender][initializeMaster]：已配置 PeriodicCommandSender 指令数=2 间隔=300 超时=1000 重试=0
[2026-06-04 09:18:17] [INFO] [data][ModbusTcpMasterPool][FirmwareUpgrader][initializeMaster]：已配置 FirmwareUpgrader PrepareTimeout=3000ms WaitingTime=1000ms SendInterval=160ms TransferTimeout=3000ms
[2026-06-04 09:18:17] [INFO] [data][ModbusTcpMasterManager][addMaster]：创建 Master ID=12066 IP=127.0.0.1 Port=565
[2026-06-04 09:18:17] [INFO] [data][ModbusTcpMasterPool][addMaster]：已创建并添加 Master ID=12066 IP=127.0.0.1 Port=565 到线程 21 ModbusPoolThread-21
[2026-06-04 09:18:17] [INFO] [data][ModbusTcpMasterPool][initializeMaster]：开始初始化 Master ID=12066
[2026-06-04 09:18:17] [INFO] [data][ModbusConfigParser][initialCommandQueue]：开始构建初始指令队列，共 2 个引用
[2026-06-04 09:18:17] [DEBUG] [data][ModbusConfigParser][initialCommandQueue]：已克隆初始指令 ref=ReadVersion
[2026-06-04 09:18:17] [DEBUG] [data][ModbusConfigParser][initialCommandQueue]：已克隆初始指令 ref=WriteVEFCGasType
[2026-06-04 09:18:17] [INFO] [data][ModbusConfigParser][initialCommandQueue]：初始指令队列构建完成，共 2 条
[2026-06-04 09:18:17] [INFO] [data][ModbusConfigParser][periodicCommandQueue]：开始构建定时指令队列，共 2 个引用
[2026-06-04 09:18:17] [DEBUG] [data][ModbusConfigParser][periodicCommandQueue]：已克隆定时指令 ref=ReadFoupStatus
[2026-06-04 09:18:17] [DEBUG] [data][ModbusConfigParser][periodicCommandQueue]：已克隆定时指令 ref=ReadIdlePurgeAll
[2026-06-04 09:18:17] [INFO] [data][ModbusConfigParser][periodicCommandQueue]：定时指令队列构建完成，共 2 条
[2026-06-04 09:18:17] [INFO] [data][ModbusTcpMasterPool][InitialCommandIssuer][initializeMaster]：已配置 InitialCommandIssuer 指令数=2 间隔=100 超时=1000 重试=3
[2026-06-04 09:18:17] [INFO] [data][ModbusTcpMasterPool][PeriodicCommandSender][initializeMaster]：已配置 PeriodicCommandSender 指令数=2 间隔=300 超时=1000 重试=0
[2026-06-04 09:18:17] [INFO] [data][ModbusTcpMasterPool][FirmwareUpgrader][initializeMaster]：已配置 FirmwareUpgrader PrepareTimeout=3000ms WaitingTime=1000ms SendInterval=160ms TransferTimeout=3000ms
[2026-06-04 09:18:17] [INFO] [data][ModbusTcpMasterManager][addMaster]：创建 Master ID=12067 IP=127.0.0.1 Port=566
[2026-06-04 09:18:17] [INFO] [data][ModbusTcpMasterPool][addMaster]：已创建并添加 Master ID=12067 IP=127.0.0.1 Port=566 到线程 0 ModbusPoolThread-0
[2026-06-04 09:18:17] [INFO] [data][ModbusTcpMasterPool][initializeMaster]：开始初始化 Master ID=12067
[2026-06-04 09:18:17] [INFO] [data][ModbusConfigParser][initialCommandQueue]：开始构建初始指令队列，共 2 个引用
[2026-06-04 09:18:17] [DEBUG] [data][ModbusConfigParser][initialCommandQueue]：已克隆初始指令 ref=ReadVersion
[2026-06-04 09:18:17] [DEBUG] [data][ModbusConfigParser][initialCommandQueue]：已克隆初始指令 ref=WriteVEFCGasType
[2026-06-04 09:18:17] [INFO] [data][ModbusConfigParser][initialCommandQueue]：初始指令队列构建完成，共 2 条
[2026-06-04 09:18:17] [INFO] [data][ModbusConfigParser][periodicCommandQueue]：开始构建定时指令队列，共 2 个引用
[2026-06-04 09:18:17] [DEBUG] [data][ModbusConfigParser][periodicCommandQueue]：已克隆定时指令 ref=ReadFoupStatus
[2026-06-04 09:18:17] [DEBUG] [data][ModbusConfigParser][periodicCommandQueue]：已克隆定时指令 ref=ReadIdlePurgeAll
[2026-06-04 09:18:17] [INFO] [data][ModbusConfigParser][periodicCommandQueue]：定时指令队列构建完成，共 2 条
[2026-06-04 09:18:17] [INFO] [data][ModbusTcpMasterPool][InitialCommandIssuer][initializeMaster]：已配置 InitialCommandIssuer 指令数=2 间隔=100 超时=1000 重试=3
[2026-06-04 09:18:17] [INFO] [data][ModbusTcpMasterPool][PeriodicCommandSender][initializeMaster]：已配置 PeriodicCommandSender 指令数=2 间隔=300 超时=1000 重试=0
[2026-06-04 09:18:17] [INFO] [data][ModbusTcpMasterPool][FirmwareUpgrader][initializeMaster]：已配置 FirmwareUpgrader PrepareTimeout=3000ms WaitingTime=1000ms SendInterval=160ms TransferTimeout=3000ms
[2026-06-04 09:18:17] [INFO] [data][ModbusTcpMasterManager][addMaster]：创建 Master ID=12068 IP=127.0.0.1 Port=567
[2026-06-04 09:18:17] [INFO] [data][ModbusTcpMasterPool][addMaster]：已创建并添加 Master ID=12068 IP=127.0.0.1 Port=567 到线程 1 ModbusPoolThread-1
[2026-06-04 09:18:17] [INFO] [data][ModbusTcpMasterPool][initializeMaster]：开始初始化 Master ID=12068
[2026-06-04 09:18:17] [INFO] [data][ModbusConfigParser][initialCommandQueue]：开始构建初始指令队列，共 2 个引用
[2026-06-04 09:18:17] [DEBUG] [data][ModbusConfigParser][initialCommandQueue]：已克隆初始指令 ref=ReadVersion
[2026-06-04 09:18:17] [DEBUG] [data][ModbusConfigParser][initialCommandQueue]：已克隆初始指令 ref=WriteVEFCGasType
[2026-06-04 09:18:17] [INFO] [data][ModbusConfigParser][initialCommandQueue]：初始指令队列构建完成，共 2 条
[2026-06-04 09:18:17] [INFO] [data][ModbusConfigParser][periodicCommandQueue]：开始构建定时指令队列，共 2 个引用
[2026-06-04 09:18:17] [DEBUG] [data][ModbusConfigParser][periodicCommandQueue]：已克隆定时指令 ref=ReadFoupStatus
[2026-06-04 09:18:17] [DEBUG] [data][ModbusConfigParser][periodicCommandQueue]：已克隆定时指令 ref=ReadIdlePurgeAll
[2026-06-04 09:18:17] [INFO] [data][ModbusConfigParser][periodicCommandQueue]：定时指令队列构建完成，共 2 条
[2026-06-04 09:18:17] [INFO] [data][ModbusTcpMasterPool][InitialCommandIssuer][initializeMaster]：已配置 InitialCommandIssuer 指令数=2 间隔=100 超时=1000 重试=3
[2026-06-04 09:18:17] [INFO] [data][ModbusTcpMasterPool][PeriodicCommandSender][initializeMaster]：已配置 PeriodicCommandSender 指令数=2 间隔=300 超时=1000 重试=0
[2026-06-04 09:18:17] [INFO] [data][ModbusTcpMasterPool][FirmwareUpgrader][initializeMaster]：已配置 FirmwareUpgrader PrepareTimeout=3000ms WaitingTime=1000ms SendInterval=160ms TransferTimeout=3000ms
[2026-06-04 09:18:17] [INFO] [data][ModbusTcpMasterManager][addMaster]：创建 Master ID=12069 IP=127.0.0.1 Port=568
[2026-06-04 09:18:17] [INFO] [data][ModbusTcpMasterPool][addMaster]：已创建并添加 Master ID=12069 IP=127.0.0.1 Port=568 到线程 2 ModbusPoolThread-2
[2026-06-04 09:18:17] [INFO] [data][ModbusTcpMasterPool][initializeMaster]：开始初始化 Master ID=12069
[2026-06-04 09:18:17] [INFO] [data][ModbusConfigParser][initialCommandQueue]：开始构建初始指令队列，共 2 个引用
[2026-06-04 09:18:17] [DEBUG] [data][ModbusConfigParser][initialCommandQueue]：已克隆初始指令 ref=ReadVersion
[2026-06-04 09:18:17] [DEBUG] [data][ModbusConfigParser][initialCommandQueue]：已克隆初始指令 ref=WriteVEFCGasType
[2026-06-04 09:18:17] [INFO] [data][ModbusConfigParser][initialCommandQueue]：初始指令队列构建完成，共 2 条
[2026-06-04 09:18:17] [INFO] [data][ModbusConfigParser][periodicCommandQueue]：开始构建定时指令队列，共 2 个引用
[2026-06-04 09:18:17] [DEBUG] [data][ModbusConfigParser][periodicCommandQueue]：已克隆定时指令 ref=ReadFoupStatus
[2026-06-04 09:18:17] [DEBUG] [data][ModbusConfigParser][periodicCommandQueue]：已克隆定时指令 ref=ReadIdlePurgeAll
[2026-06-04 09:18:17] [INFO] [data][ModbusConfigParser][periodicCommandQueue]：定时指令队列构建完成，共 2 条
[2026-06-04 09:18:17] [INFO] [data][ModbusTcpMasterPool][InitialCommandIssuer][initializeMaster]：已配置 InitialCommandIssuer 指令数=2 间隔=100 超时=1000 重试=3
[2026-06-04 09:18:17] [INFO] [data][ModbusTcpMasterPool][PeriodicCommandSender][initializeMaster]：已配置 PeriodicCommandSender 指令数=2 间隔=300 超时=1000 重试=0
[2026-06-04 09:18:17] [INFO] [data][ModbusTcpMasterPool][FirmwareUpgrader][initializeMaster]：已配置 FirmwareUpgrader PrepareTimeout=3000ms WaitingTime=1000ms SendInterval=160ms TransferTimeout=3000ms
[2026-06-04 09:18:17] [INFO] [data][ModbusTcpMasterManager][addMaster]：创建 Master ID=12070 IP=127.0.0.1 Port=569
[2026-06-04 09:18:17] [INFO] [data][ModbusTcpMasterPool][addMaster]：已创建并添加 Master ID=12070 IP=127.0.0.1 Port=569 到线程 3 ModbusPoolThread-3
[2026-06-04 09:18:17] [INFO] [data][ModbusTcpMasterPool][initializeMaster]：开始初始化 Master ID=12070
[2026-06-04 09:18:17] [INFO] [data][ModbusConfigParser][initialCommandQueue]：开始构建初始指令队列，共 2 个引用
[2026-06-04 09:18:17] [DEBUG] [data][ModbusConfigParser][initialCommandQueue]：已克隆初始指令 ref=ReadVersion
[2026-06-04 09:18:17] [DEBUG] [data][ModbusConfigParser][initialCommandQueue]：已克隆初始指令 ref=WriteVEFCGasType
[2026-06-04 09:18:17] [INFO] [data][ModbusConfigParser][initialCommandQueue]：初始指令队列构建完成，共 2 条
[2026-06-04 09:18:17] [INFO] [data][ModbusConfigParser][periodicCommandQueue]：开始构建定时指令队列，共 2 个引用
[2026-06-04 09:18:17] [DEBUG] [data][ModbusConfigParser][periodicCommandQueue]：已克隆定时指令 ref=ReadFoupStatus
[2026-06-04 09:18:17] [DEBUG] [data][ModbusConfigParser][periodicCommandQueue]：已克隆定时指令 ref=ReadIdlePurgeAll
[2026-06-04 09:18:17] [INFO] [data][ModbusConfigParser][periodicCommandQueue]：定时指令队列构建完成，共 2 条
[2026-06-04 09:18:17] [INFO] [data][ModbusTcpMasterPool][InitialCommandIssuer][initializeMaster]：已配置 InitialCommandIssuer 指令数=2 间隔=100 超时=1000 重试=3
[2026-06-04 09:18:17] [INFO] [data][ModbusTcpMasterPool][PeriodicCommandSender][initializeMaster]：已配置 PeriodicCommandSender 指令数=2 间隔=300 超时=1000 重试=0
[2026-06-04 09:18:17] [INFO] [data][ModbusTcpMasterPool][FirmwareUpgrader][initializeMaster]：已配置 FirmwareUpgrader PrepareTimeout=3000ms WaitingTime=1000ms SendInterval=160ms TransferTimeout=3000ms
[2026-06-04 09:18:17] [INFO] [data][ModbusTcpMasterManager][addMaster]：创建 Master ID=12071 IP=127.0.0.1 Port=570
[2026-06-04 09:18:17] [INFO] [data][ModbusTcpMasterPool][addMaster]：已创建并添加 Master ID=12071 IP=127.0.0.1 Port=570 到线程 4 ModbusPoolThread-4
[2026-06-04 09:18:17] [INFO] [data][ModbusTcpMasterPool][initializeMaster]：开始初始化 Master ID=12071
[2026-06-04 09:18:17] [INFO] [data][ModbusConfigParser][initialCommandQueue]：开始构建初始指令队列，共 2 个引用
[2026-06-04 09:18:17] [DEBUG] [data][ModbusConfigParser][initialCommandQueue]：已克隆初始指令 ref=ReadVersion
[2026-06-04 09:18:17] [DEBUG] [data][ModbusConfigParser][initialCommandQueue]：已克隆初始指令 ref=WriteVEFCGasType
[2026-06-04 09:18:17] [INFO] [data][ModbusConfigParser][initialCommandQueue]：初始指令队列构建完成，共 2 条
[2026-06-04 09:18:17] [INFO] [data][ModbusConfigParser][periodicCommandQueue]：开始构建定时指令队列，共 2 个引用
[2026-06-04 09:18:17] [DEBUG] [data][ModbusConfigParser][periodicCommandQueue]：已克隆定时指令 ref=ReadFoupStatus
[2026-06-04 09:18:17] [DEBUG] [data][ModbusConfigParser][periodicCommandQueue]：已克隆定时指令 ref=ReadIdlePurgeAll
[2026-06-04 09:18:17] [INFO] [data][ModbusConfigParser][periodicCommandQueue]：定时指令队列构建完成，共 2 条
[2026-06-04 09:18:17] [INFO] [data][ModbusTcpMasterPool][InitialCommandIssuer][initializeMaster]：已配置 InitialCommandIssuer 指令数=2 间隔=100 超时=1000 重试=3
[2026-06-04 09:18:17] [INFO] [data][ModbusTcpMasterPool][PeriodicCommandSender][initializeMaster]：已配置 PeriodicCommandSender 指令数=2 间隔=300 超时=1000 重试=0
[2026-06-04 09:18:17] [INFO] [data][ModbusTcpMasterPool][FirmwareUpgrader][initializeMaster]：已配置 FirmwareUpgrader PrepareTimeout=3000ms WaitingTime=1000ms SendInterval=160ms TransferTimeout=3000ms
[2026-06-04 09:18:17] [INFO] [data][ModbusTcpMasterManager][addMaster]：创建 Master ID=12072 IP=127.0.0.1 Port=571
[2026-06-04 09:18:17] [INFO] [data][ModbusTcpMasterPool][addMaster]：已创建并添加 Master ID=12072 IP=127.0.0.1 Port=571 到线程 5 ModbusPoolThread-5
[2026-06-04 09:18:17] [INFO] [data][ModbusTcpMasterPool][initializeMaster]：开始初始化 Master ID=12072
[2026-06-04 09:18:17] [INFO] [data][ModbusConfigParser][initialCommandQueue]：开始构建初始指令队列，共 2 个引用
[2026-06-04 09:18:17] [DEBUG] [data][ModbusConfigParser][initialCommandQueue]：已克隆初始指令 ref=ReadVersion
[2026-06-04 09:18:17] [DEBUG] [data][ModbusConfigParser][initialCommandQueue]：已克隆初始指令 ref=WriteVEFCGasType
[2026-06-04 09:18:17] [INFO] [data][ModbusConfigParser][initialCommandQueue]：初始指令队列构建完成，共 2 条
[2026-06-04 09:18:17] [INFO] [data][ModbusConfigParser][periodicCommandQueue]：开始构建定时指令队列，共 2 个引用
[2026-06-04 09:18:17] [DEBUG] [data][ModbusConfigParser][periodicCommandQueue]：已克隆定时指令 ref=ReadFoupStatus
[2026-06-04 09:18:17] [DEBUG] [data][ModbusConfigParser][periodicCommandQueue]：已克隆定时指令 ref=ReadIdlePurgeAll
[2026-06-04 09:18:17] [INFO] [data][ModbusConfigParser][periodicCommandQueue]：定时指令队列构建完成，共 2 条
[2026-06-04 09:18:17] [INFO] [data][ModbusTcpMasterPool][InitialCommandIssuer][initializeMaster]：已配置 InitialCommandIssuer 指令数=2 间隔=100 超时=1000 重试=3
[2026-06-04 09:18:17] [INFO] [data][ModbusTcpMasterPool][PeriodicCommandSender][initializeMaster]：已配置 PeriodicCommandSender 指令数=2 间隔=300 超时=1000 重试=0
[2026-06-04 09:18:17] [INFO] [data][ModbusTcpMasterPool][FirmwareUpgrader][initializeMaster]：已配置 FirmwareUpgrader PrepareTimeout=3000ms WaitingTime=1000ms SendInterval=160ms TransferTimeout=3000ms
[2026-06-04 09:18:17] [INFO] [data][ModbusTcpMasterManager][addMaster]：创建 Master ID=12073 IP=127.0.0.1 Port=572
[2026-06-04 09:18:17] [INFO] [data][ModbusTcpMasterPool][addMaster]：已创建并添加 Master ID=12073 IP=127.0.0.1 Port=572 到线程 6 ModbusPoolThread-6
[2026-06-04 09:18:17] [INFO] [data][ModbusTcpMasterPool][initializeMaster]：开始初始化 Master ID=12073
[2026-06-04 09:18:17] [INFO] [data][ModbusConfigParser][initialCommandQueue]：开始构建初始指令队列，共 2 个引用
[2026-06-04 09:18:17] [DEBUG] [data][ModbusConfigParser][initialCommandQueue]：已克隆初始指令 ref=ReadVersion
[2026-06-04 09:18:17] [DEBUG] [data][ModbusConfigParser][initialCommandQueue]：已克隆初始指令 ref=WriteVEFCGasType
[2026-06-04 09:18:17] [INFO] [data][ModbusConfigParser][initialCommandQueue]：初始指令队列构建完成，共 2 条
[2026-06-04 09:18:17] [INFO] [data][ModbusConfigParser][periodicCommandQueue]：开始构建定时指令队列，共 2 个引用
[2026-06-04 09:18:17] [DEBUG] [data][ModbusConfigParser][periodicCommandQueue]：已克隆定时指令 ref=ReadFoupStatus
[2026-06-04 09:18:17] [DEBUG] [data][ModbusConfigParser][periodicCommandQueue]：已克隆定时指令 ref=ReadIdlePurgeAll
[2026-06-04 09:18:17] [INFO] [data][ModbusConfigParser][periodicCommandQueue]：定时指令队列构建完成，共 2 条
[2026-06-04 09:18:17] [INFO] [data][ModbusTcpMasterPool][InitialCommandIssuer][initializeMaster]：已配置 InitialCommandIssuer 指令数=2 间隔=100 超时=1000 重试=3
[2026-06-04 09:18:17] [INFO] [data][ModbusTcpMasterPool][PeriodicCommandSender][initializeMaster]：已配置 PeriodicCommandSender 指令数=2 间隔=300 超时=1000 重试=0
[2026-06-04 09:18:17] [INFO] [data][ModbusTcpMasterPool][FirmwareUpgrader][initializeMaster]：已配置 FirmwareUpgrader PrepareTimeout=3000ms WaitingTime=1000ms SendInterval=160ms TransferTimeout=3000ms
[2026-06-04 09:18:17] [INFO] [data][ModbusTcpMasterManager][addMaster]：创建 Master ID=12074 IP=127.0.0.1 Port=573
[2026-06-04 09:18:17] [INFO] [data][ModbusTcpMasterPool][addMaster]：已创建并添加 Master ID=12074 IP=127.0.0.1 Port=573 到线程 7 ModbusPoolThread-7
[2026-06-04 09:18:17] [INFO] [data][ModbusTcpMasterPool][initializeMaster]：开始初始化 Master ID=12074
[2026-06-04 09:18:17] [INFO] [data][ModbusConfigParser][initialCommandQueue]：开始构建初始指令队列，共 2 个引用
[2026-06-04 09:18:17] [DEBUG] [data][ModbusConfigParser][initialCommandQueue]：已克隆初始指令 ref=ReadVersion
[2026-06-04 09:18:17] [DEBUG] [data][ModbusConfigParser][initialCommandQueue]：已克隆初始指令 ref=WriteVEFCGasType
[2026-06-04 09:18:17] [INFO] [data][ModbusConfigParser][initialCommandQueue]：初始指令队列构建完成，共 2 条
[2026-06-04 09:18:17] [INFO] [data][ModbusConfigParser][periodicCommandQueue]：开始构建定时指令队列，共 2 个引用
[2026-06-04 09:18:17] [DEBUG] [data][ModbusConfigParser][periodicCommandQueue]：已克隆定时指令 ref=ReadFoupStatus
[2026-06-04 09:18:17] [DEBUG] [data][ModbusConfigParser][periodicCommandQueue]：已克隆定时指令 ref=ReadIdlePurgeAll
[2026-06-04 09:18:17] [INFO] [data][ModbusConfigParser][periodicCommandQueue]：定时指令队列构建完成，共 2 条
[2026-06-04 09:18:17] [INFO] [data][ModbusTcpMasterPool][InitialCommandIssuer][initializeMaster]：已配置 InitialCommandIssuer 指令数=2 间隔=100 超时=1000 重试=3
[2026-06-04 09:18:17] [INFO] [data][ModbusTcpMasterPool][PeriodicCommandSender][initializeMaster]：已配置 PeriodicCommandSender 指令数=2 间隔=300 超时=1000 重试=0
[2026-06-04 09:18:17] [INFO] [data][ModbusTcpMasterPool][FirmwareUpgrader][initializeMaster]：已配置 FirmwareUpgrader PrepareTimeout=3000ms WaitingTime=1000ms SendInterval=160ms TransferTimeout=3000ms
[2026-06-04 09:18:17] [INFO] [data][ModbusTcpMasterManager][addMaster]：创建 Master ID=12075 IP=127.0.0.1 Port=574
[2026-06-04 09:18:17] [INFO] [data][ModbusTcpMasterPool][addMaster]：已创建并添加 Master ID=12075 IP=127.0.0.1 Port=574 到线程 8 ModbusPoolThread-8
[2026-06-04 09:18:17] [INFO] [data][ModbusTcpMasterPool][initializeMaster]：开始初始化 Master ID=12075
[2026-06-04 09:18:17] [INFO] [data][ModbusConfigParser][initialCommandQueue]：开始构建初始指令队列，共 2 个引用
[2026-06-04 09:18:17] [DEBUG] [data][ModbusConfigParser][initialCommandQueue]：已克隆初始指令 ref=ReadVersion
[2026-06-04 09:18:17] [DEBUG] [data][ModbusConfigParser][initialCommandQueue]：已克隆初始指令 ref=WriteVEFCGasType
[2026-06-04 09:18:17] [INFO] [data][ModbusConfigParser][initialCommandQueue]：初始指令队列构建完成，共 2 条
[2026-06-04 09:18:17] [INFO] [data][ModbusConfigParser][periodicCommandQueue]：开始构建定时指令队列，共 2 个引用
[2026-06-04 09:18:17] [DEBUG] [data][ModbusConfigParser][periodicCommandQueue]：已克隆定时指令 ref=ReadFoupStatus
[2026-06-04 09:18:17] [DEBUG] [data][ModbusConfigParser][periodicCommandQueue]：已克隆定时指令 ref=ReadIdlePurgeAll
[2026-06-04 09:18:17] [INFO] [data][ModbusConfigParser][periodicCommandQueue]：定时指令队列构建完成，共 2 条
[2026-06-04 09:18:17] [INFO] [data][ModbusTcpMasterPool][InitialCommandIssuer][initializeMaster]：已配置 InitialCommandIssuer 指令数=2 间隔=100 超时=1000 重试=3
[2026-06-04 09:18:17] [INFO] [data][ModbusTcpMasterPool][PeriodicCommandSender][initializeMaster]：已配置 PeriodicCommandSender 指令数=2 间隔=300 超时=1000 重试=0
[2026-06-04 09:18:17] [INFO] [data][ModbusTcpMasterPool][FirmwareUpgrader][initializeMaster]：已配置 FirmwareUpgrader PrepareTimeout=3000ms WaitingTime=1000ms SendInterval=160ms TransferTimeout=3000ms
[2026-06-04 09:18:17] [INFO] [data][ModbusTcpMasterManager][addMaster]：创建 Master ID=12076 IP=127.0.0.1 Port=575
[2026-06-04 09:18:17] [INFO] [data][ModbusTcpMasterPool][addMaster]：已创建并添加 Master ID=12076 IP=127.0.0.1 Port=575 到线程 9 ModbusPoolThread-9
[2026-06-04 09:18:17] [INFO] [data][ModbusTcpMasterPool][initializeMaster]：开始初始化 Master ID=12076
[2026-06-04 09:18:17] [INFO] [data][ModbusConfigParser][initialCommandQueue]：开始构建初始指令队列，共 2 个引用
[2026-06-04 09:18:17] [DEBUG] [data][ModbusConfigParser][initialCommandQueue]：已克隆初始指令 ref=WriteVEFCGasType
[2026-06-04 09:18:17] [DEBUG] [data][ModbusConfigParser][initialCommandQueue]：已克隆初始指令 ref=ReadVersion
[2026-06-04 09:18:17] [INFO] [data][ModbusConfigParser][periodicCommandQueue]：开始构建定时指令队列，共 2 个引用
[2026-06-04 09:18:17] [DEBUG] [data][ModbusConfigParser][periodicCommandQueue]：已克隆定时指令 ref=ReadFoupStatus
[2026-06-04 09:18:17] [INFO] [data][ModbusConfigParser][initialCommandQueue]：初始指令队列构建完成，共 2 条
[2026-06-04 09:18:17] [DEBUG] [data][ModbusConfigParser][periodicCommandQueue]：已克隆定时指令 ref=ReadIdlePurgeAll
[2026-06-04 09:18:17] [INFO] [data][ModbusConfigParser][periodicCommandQueue]：定时指令队列构建完成，共 2 条
[2026-06-04 09:18:17] [INFO] [data][ModbusTcpMasterPool][InitialCommandIssuer][initializeMaster]：已配置 InitialCommandIssuer 指令数=2 间隔=100 超时=1000 重试=3
[2026-06-04 09:18:17] [INFO] [data][ModbusTcpMasterPool][PeriodicCommandSender][initializeMaster]：已配置 PeriodicCommandSender 指令数=2 间隔=300 超时=1000 重试=0
[2026-06-04 09:18:17] [INFO] [data][ModbusTcpMasterPool][FirmwareUpgrader][initializeMaster]：已配置 FirmwareUpgrader PrepareTimeout=3000ms WaitingTime=1000ms SendInterval=160ms TransferTimeout=3000ms
[2026-06-04 09:18:17] [INFO] [data][ModbusTcpMasterManager][addMaster]：创建 Master ID=12077 IP=127.0.0.1 Port=576
[2026-06-04 09:18:17] [INFO] [data][ModbusTcpMasterPool][addMaster]：已创建并添加 Master ID=12077 IP=127.0.0.1 Port=576 到线程 10 ModbusPoolThread-10
[2026-06-04 09:18:17] [INFO] [data][ModbusTcpMasterPool][initializeMaster]：开始初始化 Master ID=12077
[2026-06-04 09:18:17] [INFO] [data][ModbusConfigParser][initialCommandQueue]：开始构建初始指令队列，共 2 个引用
[2026-06-04 09:18:17] [DEBUG] [data][ModbusConfigParser][initialCommandQueue]：已克隆初始指令 ref=ReadVersion
[2026-06-04 09:18:17] [DEBUG] [data][ModbusConfigParser][initialCommandQueue]：已克隆初始指令 ref=WriteVEFCGasType
[2026-06-04 09:18:17] [INFO] [data][ModbusConfigParser][initialCommandQueue]：初始指令队列构建完成，共 2 条
[2026-06-04 09:18:17] [INFO] [data][ModbusConfigParser][periodicCommandQueue]：开始构建定时指令队列，共 2 个引用
[2026-06-04 09:18:17] [DEBUG] [data][ModbusConfigParser][periodicCommandQueue]：已克隆定时指令 ref=ReadFoupStatus
[2026-06-04 09:18:17] [DEBUG] [data][ModbusConfigParser][periodicCommandQueue]：已克隆定时指令 ref=ReadIdlePurgeAll
[2026-06-04 09:18:17] [INFO] [data][ModbusConfigParser][periodicCommandQueue]：定时指令队列构建完成，共 2 条
[2026-06-04 09:18:17] [INFO] [data][ModbusTcpMasterPool][InitialCommandIssuer][initializeMaster]：已配置 InitialCommandIssuer 指令数=2 间隔=100 超时=1000 重试=3
[2026-06-04 09:18:17] [INFO] [data][ModbusTcpMasterPool][PeriodicCommandSender][initializeMaster]：已配置 PeriodicCommandSender 指令数=2 间隔=300 超时=1000 重试=0
[2026-06-04 09:18:17] [INFO] [data][ModbusTcpMasterPool][FirmwareUpgrader][initializeMaster]：已配置 FirmwareUpgrader PrepareTimeout=3000ms WaitingTime=1000ms SendInterval=160ms TransferTimeout=3000ms
[2026-06-04 09:18:17] [INFO] [data][ModbusTcpMasterManager][addMaster]：创建 Master ID=12078 IP=127.0.0.1 Port=577
[2026-06-04 09:18:17] [INFO] [data][ModbusTcpMasterPool][addMaster]：已创建并添加 Master ID=12078 IP=127.0.0.1 Port=577 到线程 11 ModbusPoolThread-11
[2026-06-04 09:18:17] [INFO] [data][ModbusTcpMasterPool][initializeMaster]：开始初始化 Master ID=12078
[2026-06-04 09:18:17] [INFO] [data][ModbusConfigParser][initialCommandQueue]：开始构建初始指令队列，共 2 个引用
[2026-06-04 09:18:17] [DEBUG] [data][ModbusConfigParser][initialCommandQueue]：已克隆初始指令 ref=ReadVersion
[2026-06-04 09:18:17] [DEBUG] [data][ModbusConfigParser][initialCommandQueue]：已克隆初始指令 ref=WriteVEFCGasType
[2026-06-04 09:18:17] [INFO] [data][ModbusConfigParser][initialCommandQueue]：初始指令队列构建完成，共 2 条
[2026-06-04 09:18:17] [INFO] [data][ModbusConfigParser][periodicCommandQueue]：开始构建定时指令队列，共 2 个引用
[2026-06-04 09:18:17] [DEBUG] [data][ModbusConfigParser][periodicCommandQueue]：已克隆定时指令 ref=ReadFoupStatus
[2026-06-04 09:18:17] [DEBUG] [data][ModbusConfigParser][periodicCommandQueue]：已克隆定时指令 ref=ReadIdlePurgeAll
[2026-06-04 09:18:17] [INFO] [data][ModbusConfigParser][periodicCommandQueue]：定时指令队列构建完成，共 2 条
[2026-06-04 09:18:17] [INFO] [data][ModbusTcpMasterPool][InitialCommandIssuer][initializeMaster]：已配置 InitialCommandIssuer 指令数=2 间隔=100 超时=1000 重试=3
[2026-06-04 09:18:17] [INFO] [data][ModbusTcpMasterPool][PeriodicCommandSender][initializeMaster]：已配置 PeriodicCommandSender 指令数=2 间隔=300 超时=1000 重试=0
[2026-06-04 09:18:17] [INFO] [data][ModbusTcpMasterPool][FirmwareUpgrader][initializeMaster]：已配置 FirmwareUpgrader PrepareTimeout=3000ms WaitingTime=1000ms SendInterval=160ms TransferTimeout=3000ms
[2026-06-04 09:18:17] [INFO] [data][ModbusTcpMasterManager][addMaster]：创建 Master ID=12079 IP=127.0.0.1 Port=578
[2026-06-04 09:18:17] [INFO] [data][ModbusTcpMasterPool][addMaster]：已创建并添加 Master ID=12079 IP=127.0.0.1 Port=578 到线程 12 ModbusPoolThread-12
[2026-06-04 09:18:17] [INFO] [data][ModbusTcpMasterPool][initializeMaster]：开始初始化 Master ID=12079
[2026-06-04 09:18:17] [INFO] [data][ModbusConfigParser][initialCommandQueue]：开始构建初始指令队列，共 2 个引用
[2026-06-04 09:18:17] [DEBUG] [data][ModbusConfigParser][initialCommandQueue]：已克隆初始指令 ref=ReadVersion
[2026-06-04 09:18:17] [DEBUG] [data][ModbusConfigParser][initialCommandQueue]：已克隆初始指令 ref=WriteVEFCGasType
[2026-06-04 09:18:17] [INFO] [data][ModbusConfigParser][initialCommandQueue]：初始指令队列构建完成，共 2 条
[2026-06-04 09:18:17] [INFO] [data][ModbusConfigParser][periodicCommandQueue]：开始构建定时指令队列，共 2 个引用
[2026-06-04 09:18:17] [DEBUG] [data][ModbusConfigParser][periodicCommandQueue]：已克隆定时指令 ref=ReadFoupStatus
[2026-06-04 09:18:17] [DEBUG] [data][ModbusConfigParser][periodicCommandQueue]：已克隆定时指令 ref=ReadIdlePurgeAll
[2026-06-04 09:18:17] [INFO] [data][ModbusConfigParser][periodicCommandQueue]：定时指令队列构建完成，共 2 条
[2026-06-04 09:18:17] [INFO] [data][ModbusTcpMasterPool][InitialCommandIssuer][initializeMaster]：已配置 InitialCommandIssuer 指令数=2 间隔=100 超时=1000 重试=3
[2026-06-04 09:18:17] [INFO] [data][ModbusTcpMasterPool][PeriodicCommandSender][initializeMaster]：已配置 PeriodicCommandSender 指令数=2 间隔=300 超时=1000 重试=0
[2026-06-04 09:18:17] [INFO] [data][ModbusTcpMasterPool][FirmwareUpgrader][initializeMaster]：已配置 FirmwareUpgrader PrepareTimeout=3000ms WaitingTime=1000ms SendInterval=160ms TransferTimeout=3000ms
[2026-06-04 09:18:17] [INFO] [data][ModbusTcpMasterManager][addMaster]：创建 Master ID=12080 IP=127.0.0.1 Port=579
[2026-06-04 09:18:17] [INFO] [data][ModbusTcpMasterPool][addMaster]：已创建并添加 Master ID=12080 IP=127.0.0.1 Port=579 到线程 13 ModbusPoolThread-13
[2026-06-04 09:18:17] [INFO] [data][ModbusTcpMasterPool][initializeMaster]：开始初始化 Master ID=12080
[2026-06-04 09:18:17] [INFO] [data][ModbusConfigParser][initialCommandQueue]：开始构建初始指令队列，共 2 个引用
[2026-06-04 09:18:17] [DEBUG] [data][ModbusConfigParser][initialCommandQueue]：已克隆初始指令 ref=ReadVersion
[2026-06-04 09:18:17] [DEBUG] [data][ModbusConfigParser][initialCommandQueue]：已克隆初始指令 ref=WriteVEFCGasType
[2026-06-04 09:18:17] [INFO] [data][ModbusConfigParser][initialCommandQueue]：初始指令队列构建完成，共 2 条
[2026-06-04 09:18:17] [INFO] [data][ModbusConfigParser][periodicCommandQueue]：开始构建定时指令队列，共 2 个引用
[2026-06-04 09:18:17] [DEBUG] [data][ModbusConfigParser][periodicCommandQueue]：已克隆定时指令 ref=ReadFoupStatus
[2026-06-04 09:18:17] [DEBUG] [data][ModbusConfigParser][periodicCommandQueue]：已克隆定时指令 ref=ReadIdlePurgeAll
[2026-06-04 09:18:17] [INFO] [data][ModbusConfigParser][periodicCommandQueue]：定时指令队列构建完成，共 2 条
[2026-06-04 09:18:17] [INFO] [data][ModbusTcpMasterPool][InitialCommandIssuer][initializeMaster]：已配置 InitialCommandIssuer 指令数=2 间隔=100 超时=1000 重试=3
[2026-06-04 09:18:17] [INFO] [data][ModbusTcpMasterPool][PeriodicCommandSender][initializeMaster]：已配置 PeriodicCommandSender 指令数=2 间隔=300 超时=1000 重试=0
[2026-06-04 09:18:17] [INFO] [data][ModbusTcpMasterPool][FirmwareUpgrader][initializeMaster]：已配置 FirmwareUpgrader PrepareTimeout=3000ms WaitingTime=1000ms SendInterval=160ms TransferTimeout=3000ms
[2026-06-04 09:18:17] [INFO] [data][ModbusTcpMasterManager][startMaster]：已投递启动请求 ID=12001
[2026-06-04 09:18:17] [INFO] [data][ModbusTcpMasterManager][startMaster]：已投递启动请求 ID=12002
[2026-06-04 09:18:17] [INFO] [data][ModbusTcpMasterManager][startMaster]：已投递启动请求 ID=12003
[2026-06-04 09:18:17] [INFO] [data][ModbusTcpMasterManager][startMaster]：已投递启动请求 ID=12004
[2026-06-04 09:18:17] [INFO] [data][ModbusTcpMasterManager][startMaster]：已投递启动请求 ID=12005
[2026-06-04 09:18:17] [INFO] [data][ModbusTcpMasterManager][startMaster]：已投递启动请求 ID=12006
[2026-06-04 09:18:17] [INFO] [data][ModbusTcpMasterManager][startMaster]：已投递启动请求 ID=12007
[2026-06-04 09:18:17] [INFO] [data][ModbusTcpMasterManager][startMaster]：已投递启动请求 ID=12008
[2026-06-04 09:18:17] [INFO] [data][ModbusTcpMasterManager][startMaster]：已投递启动请求 ID=12009
[2026-06-04 09:18:17] [INFO] [data][ModbusTcpMasterManager][startMaster]：已投递启动请求 ID=12010
[2026-06-04 09:18:17] [INFO] [data][ModbusTcpMasterManager][startMaster]：已投递启动请求 ID=12011
[2026-06-04 09:18:17] [INFO] [data][ModbusTcpMasterManager][startMaster]：已投递启动请求 ID=12012
[2026-06-04 09:18:17] [INFO] [data][ModbusTcpMasterManager][startMaster]：已投递启动请求 ID=12013
[2026-06-04 09:18:17] [INFO] [data][ModbusTcpMasterManager][startMaster]：已投递启动请求 ID=12014
[2026-06-04 09:18:17] [INFO] [data][ModbusTcpMasterManager][startMaster]：已投递启动请求 ID=12015
[2026-06-04 09:18:17] [INFO] [data][ModbusTcpMasterManager][startMaster]：已投递启动请求 ID=12016
[2026-06-04 09:18:17] [INFO] [data][ModbusTcpMasterManager][startMaster]：已投递启动请求 ID=12017
[2026-06-04 09:18:17] [INFO] [data][ModbusTcpMasterManager][startMaster]：已投递启动请求 ID=12018
[2026-06-04 09:18:17] [INFO] [data][ModbusTcpMasterManager][startMaster]：已投递启动请求 ID=12019
[2026-06-04 09:18:17] [INFO] [data][ModbusTcpMasterManager][startMaster]：已投递启动请求 ID=12020
[2026-06-04 09:18:17] [INFO] [data][ModbusTcpMasterManager][startMaster]：已投递启动请求 ID=12021
[2026-06-04 09:18:17] [INFO] [data][ModbusTcpMasterManager][startMaster]：已投递启动请求 ID=12022
[2026-06-04 09:18:17] [INFO] [data][ModbusTcpMasterManager][startMaster]：已投递启动请求 ID=12023
[2026-06-04 09:18:17] [INFO] [data][ModbusTcpMasterManager][startMaster]：已投递启动请求 ID=12024
[2026-06-04 09:18:17] [INFO] [data][ModbusTcpMasterManager][startMaster]：已投递启动请求 ID=12025
[2026-06-04 09:18:17] [INFO] [data][ModbusTcpMasterManager][startMaster]：已投递启动请求 ID=12026
[2026-06-04 09:18:17] [INFO] [data][ModbusTcpMasterManager][startMaster]：已投递启动请求 ID=12027
[2026-06-04 09:18:17] [INFO] [data][ModbusTcpMasterManager][startMaster]：已投递启动请求 ID=12028
[2026-06-04 09:18:17] [INFO] [data][ModbusTcpMasterManager][startMaster]：已投递启动请求 ID=12029
[2026-06-04 09:18:17] [INFO] [data][ModbusTcpMasterManager][startMaster]：已投递启动请求 ID=12030
[2026-06-04 09:18:17] [INFO] [data][ModbusTcpMasterManager][startMaster]：已投递启动请求 ID=12031
[2026-06-04 09:18:17] [INFO] [data][ModbusTcpMasterManager][startMaster]：已投递启动请求 ID=12032
[2026-06-04 09:18:17] [INFO] [data][ModbusTcpMasterManager][startMaster]：已投递启动请求 ID=12033
[2026-06-04 09:18:17] [INFO] [data][ModbusTcpMasterManager][startMaster]：已投递启动请求 ID=12034
[2026-06-04 09:18:17] [INFO] [data][ModbusTcpMasterManager][startMaster]：已投递启动请求 ID=12035
[2026-06-04 09:18:17] [INFO] [data][ModbusTcpMasterManager][startMaster]：已投递启动请求 ID=12036
[2026-06-04 09:18:17] [INFO] [data][ModbusTcpMasterManager][startMaster]：已投递启动请求 ID=12037
[2026-06-04 09:18:17] [INFO] [data][ModbusTcpMasterManager][startMaster]：已投递启动请求 ID=12038
[2026-06-04 09:18:17] [INFO] [data][ModbusTcpMasterManager][startMaster]：已投递启动请求 ID=12039
[2026-06-04 09:18:17] [INFO] [data][ModbusTcpMasterManager][startMaster]：已投递启动请求 ID=12040
[2026-06-04 09:18:17] [INFO] [data][ModbusTcpMasterManager][startMaster]：已投递启动请求 ID=12041
[2026-06-04 09:18:17] [INFO] [data][ModbusTcpMasterManager][startMaster]：已投递启动请求 ID=12042
[2026-06-04 09:18:17] [INFO] [data][ModbusTcpMasterManager][startMaster]：已投递启动请求 ID=12043
[2026-06-04 09:18:17] [INFO] [data][ModbusTcpMasterManager][startMaster]：已投递启动请求 ID=12044
[2026-06-04 09:18:17] [INFO] [data][ModbusTcpMasterManager][startMaster]：已投递启动请求 ID=12045
[2026-06-04 09:18:17] [INFO] [data][ModbusTcpMasterManager][startMaster]：已投递启动请求 ID=12046
[2026-06-04 09:18:17] [INFO] [data][ModbusTcpMasterManager][startMaster]：已投递启动请求 ID=12047
[2026-06-04 09:18:17] [INFO] [data][ModbusTcpMasterManager][startMaster]：已投递启动请求 ID=12048
[2026-06-04 09:18:17] [INFO] [data][ModbusTcpMasterManager][startMaster]：已投递启动请求 ID=12049
[2026-06-04 09:18:17] [INFO] [data][ModbusTcpMasterManager][startMaster]：已投递启动请求 ID=12050
[2026-06-04 09:18:17] [INFO] [data][ModbusTcpMasterManager][startMaster]：已投递启动请求 ID=12051
[2026-06-04 09:18:17] [INFO] [data][ModbusTcpMasterManager][startMaster]：已投递启动请求 ID=12052
[2026-06-04 09:18:17] [INFO] [data][ModbusTcpMasterManager][startMaster]：已投递启动请求 ID=12053
[2026-06-04 09:18:17] [INFO] [data][ModbusTcpMasterManager][startMaster]：已投递启动请求 ID=12054
[2026-06-04 09:18:17] [INFO] [data][ModbusTcpMasterManager][startMaster]：已投递启动请求 ID=12055
[2026-06-04 09:18:17] [INFO] [data][ModbusTcpMasterManager][startMaster]：已投递启动请求 ID=12056
[2026-06-04 09:18:17] [INFO] [data][ModbusTcpMasterManager][startMaster]：已投递启动请求 ID=12057
[2026-06-04 09:18:17] [INFO] [data][ModbusTcpMasterManager][startMaster]：已投递启动请求 ID=12058
[2026-06-04 09:18:17] [INFO] [data][ModbusTcpMasterManager][startMaster]：已投递启动请求 ID=12059
[2026-06-04 09:18:17] [INFO] [data][ModbusTcpMasterManager][startMaster]：已投递启动请求 ID=12060
[2026-06-04 09:18:17] [INFO] [data][ModbusTcpMasterManager][startMaster]：已投递启动请求 ID=12061
[2026-06-04 09:18:17] [INFO] [data][ModbusTcpMasterManager][startMaster]：已投递启动请求 ID=12062
[2026-06-04 09:18:17] [INFO] [data][ModbusTcpMasterManager][startMaster]：已投递启动请求 ID=12063
[2026-06-04 09:18:17] [INFO] [data][ModbusTcpMasterManager][startMaster]：已投递启动请求 ID=12064
[2026-06-04 09:18:17] [INFO] [data][ModbusTcpMasterManager][startMaster]：已投递启动请求 ID=12065
[2026-06-04 09:18:17] [INFO] [data][ModbusTcpMasterManager][startMaster]：已投递启动请求 ID=12066
[2026-06-04 09:18:17] [INFO] [data][ModbusTcpMasterManager][startMaster]：已投递启动请求 ID=12067
[2026-06-04 09:18:17] [INFO] [data][ModbusTcpMasterManager][startMaster]：已投递启动请求 ID=12068
[2026-06-04 09:18:17] [INFO] [data][ModbusTcpMasterManager][startMaster]：已投递启动请求 ID=12069
[2026-06-04 09:18:17] [INFO] [data][ModbusTcpMasterManager][startMaster]：已投递启动请求 ID=12070
[2026-06-04 09:18:17] [INFO] [data][ModbusTcpMasterManager][startMaster]：已投递启动请求 ID=12071
[2026-06-04 09:18:17] [INFO] [data][ModbusTcpMasterManager][startMaster]：已投递启动请求 ID=12072
[2026-06-04 09:18:17] [INFO] [data][ModbusTcpMasterManager][startMaster]：已投递启动请求 ID=12073
[2026-06-04 09:18:17] [INFO] [data][ModbusTcpMasterManager][startMaster]：已投递启动请求 ID=12074
[2026-06-04 09:18:17] [INFO] [data][ModbusTcpMasterManager][startMaster]：已投递启动请求 ID=12075
[2026-06-04 09:18:17] [INFO] [data][ModbusTcpMasterManager][startMaster]：已投递启动请求 ID=12076
[2026-06-04 09:18:17] [INFO] [data][ModbusTcpMasterManager][startMaster]：已投递启动请求 ID=12077
[2026-06-04 09:18:17] [INFO] [data][ModbusTcpMasterManager][startMaster]：已投递启动请求 ID=12078
[2026-06-04 09:18:17] [INFO] [data][ModbusTcpMasterManager][startMaster]：已投递启动请求 ID=12079
[2026-06-04 09:18:17] [INFO] [data][ModbusTcpMasterManager][startMaster]：已投递启动请求 ID=12080
[2026-06-04 09:18:17] [INFO] [ui][SH85PeriodicSelfCheckSettingWidget] bound to resident SH85PeriodicSelfCheckTask
[2026-06-04 09:18:18] [INFO] [ui][FirmwareUpdateConfigSettingWidget][initUI]：固件更新配置UI初始化完成
[2026-06-04 09:18:18] [INFO] [ui][FirmwareUpdateConfigSettingWidget][FirmwareUpdateConfigSettingWidget]：固件更新配置控件已创建
[2026-06-04 09:18:18] [INFO] [ui][FirmwareUpdateSettingWidget][FirmwareUpdateSettingWidget]：固件升级界面已创建
[2026-06-04 09:22:01] [INFO] [ui][FirmwareUpdateConfigSettingWidget][~FirmwareUpdateConfigSettingWidget]：固件更新配置控件已销毁
[2026-06-04 09:22:01] [INFO] [ui][FirmwareUpdateSettingWidget][~FirmwareUpdateSettingWidget]：固件升级界面已销毁
[2026-06-04 09:22:01] [INFO] [data][ModbusTcpMasterManager][shutdown]：销毁 Master 池及工作线程
[2026-06-04 09:22:01] [INFO] [data][ModbusTcpMasterPool][destructor]：析构开始，开始安全清理资源
[2026-06-04 09:22:01] [INFO] [data][ModbusTcpMasterPool][stopAllMasters]：开始停止所有 Master
[2026-06-04 09:22:01] [INFO] [data][ModbusTcpMasterPool][stopAllMasters]：停止 Master ID=12001
[2026-06-04 09:22:01] [INFO] [data][ModbusTcpMasterPool][stopAllMasters]：停止 Master ID=12002
[2026-06-04 09:22:01] [INFO] [data][ModbusTcpMasterPool][stopAllMasters]：停止 Master ID=12003
[2026-06-04 09:22:01] [INFO] [data][ModbusTcpMasterPool][stopAllMasters]：停止 Master ID=12004
[2026-06-04 09:22:01] [INFO] [data][ModbusTcpMasterPool][stopAllMasters]：停止 Master ID=12005
[2026-06-04 09:22:01] [INFO] [data][ModbusTcpMasterPool][stopAllMasters]：停止 Master ID=12006
[2026-06-04 09:22:01] [INFO] [data][ModbusTcpMasterPool][stopAllMasters]：停止 Master ID=12007
[2026-06-04 09:22:01] [INFO] [data][ModbusTcpMasterPool][stopAllMasters]：停止 Master ID=12008
[2026-06-04 09:22:01] [INFO] [data][ModbusTcpMasterPool][stopAllMasters]：停止 Master ID=12009
[2026-06-04 09:22:01] [INFO] [data][ModbusTcpMasterPool][stopAllMasters]：停止 Master ID=12010
[2026-06-04 09:22:01] [INFO] [data][ModbusTcpMasterPool][stopAllMasters]：停止 Master ID=12011
[2026-06-04 09:22:01] [INFO] [data][ModbusTcpMasterPool][stopAllMasters]：停止 Master ID=12012
[2026-06-04 09:22:01] [INFO] [data][ModbusTcpMasterPool][stopAllMasters]：停止 Master ID=12013
[2026-06-04 09:22:01] [INFO] [data][ModbusTcpMasterPool][stopAllMasters]：停止 Master ID=12014
[2026-06-04 09:22:01] [INFO] [data][ModbusTcpMasterPool][stopAllMasters]：停止 Master ID=12015
[2026-06-04 09:22:01] [INFO] [data][ModbusTcpMasterPool][stopAllMasters]：停止 Master ID=12016
[2026-06-04 09:22:01] [INFO] [data][ModbusTcpMasterPool][stopAllMasters]：停止 Master ID=12017
[2026-06-04 09:22:01] [INFO] [data][ModbusTcpMasterPool][stopAllMasters]：停止 Master ID=12018
[2026-06-04 09:22:01] [INFO] [data][ModbusTcpMasterPool][stopAllMasters]：停止 Master ID=12019
[2026-06-04 09:22:01] [INFO] [data][ModbusTcpMasterPool][stopAllMasters]：停止 Master ID=12020
[2026-06-04 09:22:01] [INFO] [data][ModbusTcpMasterPool][stopAllMasters]：停止 Master ID=12021
[2026-06-04 09:22:01] [INFO] [data][ModbusTcpMasterPool][stopAllMasters]：停止 Master ID=12022
[2026-06-04 09:22:01] [INFO] [data][ModbusTcpMasterPool][stopAllMasters]：停止 Master ID=12023
[2026-06-04 09:22:01] [INFO] [data][ModbusTcpMasterPool][stopAllMasters]：停止 Master ID=12024
[2026-06-04 09:22:01] [INFO] [data][ModbusTcpMasterPool][stopAllMasters]：停止 Master ID=12025
[2026-06-04 09:22:01] [INFO] [data][ModbusTcpMasterPool][stopAllMasters]：停止 Master ID=12026
[2026-06-04 09:22:01] [INFO] [data][ModbusTcpMasterPool][stopAllMasters]：停止 Master ID=12027
[2026-06-04 09:22:01] [INFO] [data][ModbusTcpMasterPool][stopAllMasters]：停止 Master ID=12028
[2026-06-04 09:22:01] [INFO] [data][ModbusTcpMasterPool][stopAllMasters]：停止 Master ID=12029
[2026-06-04 09:22:01] [INFO] [data][ModbusTcpMasterPool][stopAllMasters]：停止 Master ID=12030
[2026-06-04 09:22:01] [INFO] [data][ModbusTcpMasterPool][stopAllMasters]：停止 Master ID=12031
[2026-06-04 09:22:01] [INFO] [data][ModbusTcpMasterPool][stopAllMasters]：停止 Master ID=12032
[2026-06-04 09:22:01] [INFO] [data][ModbusTcpMasterPool][stopAllMasters]：停止 Master ID=12033
[2026-06-04 09:22:01] [INFO] [data][ModbusTcpMasterPool][stopAllMasters]：停止 Master ID=12034
[2026-06-04 09:22:01] [INFO] [data][ModbusTcpMasterPool][stopAllMasters]：停止 Master ID=12035
[2026-06-04 09:22:01] [INFO] [data][ModbusTcpMasterPool][stopAllMasters]：停止 Master ID=12036
[2026-06-04 09:22:01] [INFO] [data][ModbusTcpMasterPool][stopAllMasters]：停止 Master ID=12037
[2026-06-04 09:22:01] [INFO] [data][ModbusTcpMasterPool][stopAllMasters]：停止 Master ID=12038
[2026-06-04 09:22:01] [INFO] [data][ModbusTcpMasterPool][stopAllMasters]：停止 Master ID=12039
[2026-06-04 09:22:01] [INFO] [data][ModbusTcpMasterPool][stopAllMasters]：停止 Master ID=12040
[2026-06-04 09:22:01] [INFO] [data][ModbusTcpMasterPool][stopAllMasters]：停止 Master ID=12041
[2026-06-04 09:22:01] [INFO] [data][ModbusTcpMasterPool][stopAllMasters]：停止 Master ID=12042
[2026-06-04 09:22:01] [INFO] [data][ModbusTcpMasterPool][stopAllMasters]：停止 Master ID=12043
[2026-06-04 09:22:01] [INFO] [data][ModbusTcpMasterPool][stopAllMasters]：停止 Master ID=12044
[2026-06-04 09:22:01] [INFO] [data][ModbusTcpMasterPool][stopAllMasters]：停止 Master ID=12045
[2026-06-04 09:22:01] [INFO] [data][ModbusTcpMasterPool][stopAllMasters]：停止 Master ID=12046
[2026-06-04 09:22:01] [INFO] [data][ModbusTcpMasterPool][stopAllMasters]：停止 Master ID=12047
[2026-06-04 09:22:01] [INFO] [data][ModbusTcpMasterPool][stopAllMasters]：停止 Master ID=12048
[2026-06-04 09:22:01] [INFO] [data][ModbusTcpMasterPool][stopAllMasters]：停止 Master ID=12049
[2026-06-04 09:22:01] [INFO] [data][ModbusTcpMasterPool][stopAllMasters]：停止 Master ID=12050
[2026-06-04 09:22:01] [INFO] [data][ModbusTcpMasterPool][stopAllMasters]：停止 Master ID=12051
[2026-06-04 09:22:01] [INFO] [data][ModbusTcpMasterPool][stopAllMasters]：停止 Master ID=12052
[2026-06-04 09:22:01] [INFO] [data][ModbusTcpMasterPool][stopAllMasters]：停止 Master ID=12053
[2026-06-04 09:22:01] [INFO] [data][ModbusTcpMasterPool][stopAllMasters]：停止 Master ID=12054
[2026-06-04 09:22:01] [INFO] [data][ModbusTcpMasterPool][stopAllMasters]：停止 Master ID=12055
[2026-06-04 09:22:01] [INFO] [data][ModbusTcpMasterPool][stopAllMasters]：停止 Master ID=12056
[2026-06-04 09:22:01] [INFO] [data][ModbusTcpMasterPool][stopAllMasters]：停止 Master ID=12057
[2026-06-04 09:22:01] [INFO] [data][ModbusTcpMasterPool][stopAllMasters]：停止 Master ID=12058
[2026-06-04 09:22:01] [INFO] [data][ModbusTcpMasterPool][stopAllMasters]：停止 Master ID=12059
[2026-06-04 09:22:01] [INFO] [data][ModbusTcpMasterPool][stopAllMasters]：停止 Master ID=12060
[2026-06-04 09:22:01] [INFO] [data][ModbusTcpMasterPool][stopAllMasters]：停止 Master ID=12061
[2026-06-04 09:22:01] [INFO] [data][ModbusTcpMasterPool][stopAllMasters]：停止 Master ID=12062
[2026-06-04 09:22:01] [INFO] [data][ModbusTcpMasterPool][stopAllMasters]：停止 Master ID=12063
[2026-06-04 09:22:01] [INFO] [data][ModbusTcpMasterPool][stopAllMasters]：停止 Master ID=12064
[2026-06-04 09:22:01] [INFO] [data][ModbusTcpMasterPool][stopAllMasters]：停止 Master ID=12065
[2026-06-04 09:22:01] [INFO] [data][ModbusTcpMasterPool][stopAllMasters]：停止 Master ID=12066
[2026-06-04 09:22:01] [INFO] [data][ModbusTcpMasterPool][stopAllMasters]：停止 Master ID=12067
[2026-06-04 09:22:01] [INFO] [data][ModbusTcpMasterPool][stopAllMasters]：停止 Master ID=12068
[2026-06-04 09:22:01] [INFO] [data][ModbusTcpMasterPool][stopAllMasters]：停止 Master ID=12069
[2026-06-04 09:22:01] [INFO] [data][ModbusTcpMasterPool][stopAllMasters]：停止 Master ID=12070
[2026-06-04 09:22:01] [INFO] [data][ModbusTcpMasterPool][stopAllMasters]：停止 Master ID=12071
[2026-06-04 09:22:01] [INFO] [data][ModbusTcpMasterPool][stopAllMasters]：停止 Master ID=12072
[2026-06-04 09:22:01] [INFO] [data][ModbusTcpMasterPool][stopAllMasters]：停止 Master ID=12073
[2026-06-04 09:22:01] [INFO] [data][ModbusTcpMasterPool][stopAllMasters]：停止 Master ID=12074
[2026-06-04 09:22:01] [INFO] [data][ModbusTcpMasterPool][stopAllMasters]：停止 Master ID=12075
[2026-06-04 09:22:01] [INFO] [data][ModbusTcpMasterPool][stopAllMasters]：停止 Master ID=12076
[2026-06-04 09:22:01] [INFO] [data][ModbusTcpMasterPool][stopAllMasters]：停止 Master ID=12077
[2026-06-04 09:22:01] [INFO] [data][ModbusTcpMasterPool][stopAllMasters]：停止 Master ID=12078
[2026-06-04 09:22:01] [INFO] [data][ModbusTcpMasterPool][stopAllMasters]：停止 Master ID=12079
[2026-06-04 09:22:01] [INFO] [data][ModbusTcpMasterPool][stopAllMasters]：停止 Master ID=12080
[2026-06-04 09:22:01] [INFO] [data][ModbusTcpMasterPool][stopAllMasters]：所有 Master 已停止
[2026-06-04 09:22:01] [INFO] [data][ModbusTcpMasterPool][destructor]：调度删除 80 个 Master
[2026-06-04 09:22:01] [INFO] [data][ModbusTcpMasterPool][destructor]：向 22 个工作线程发出退出信号
[2026-06-04 09:22:01] [INFO] [data][ModbusTcpMasterPool][destructor]：析构完成，所有资源已清理
[2026-06-04 18:58:20] [INFO] 日志系统初始化完成
[2026-06-04 18:58:20] [INFO] [data][ModbusTcpMasterManager][constructor]：已创建管理器
[2026-06-04 18:58:20] [INFO] [data][ModbusTcpMasterManager][loadConfig]：开始加载配置文件：D:/Project/CYTC_Project/OHB80PortMonitor/OHB80PortMonitor_V_1_0_0/bin/config/ModbusTcpMasterConfig.xml
[2026-06-04 18:58:20] [INFO] [data][ModbusConfigParser][transition]：[1.OpeningFile Start] 打开文件任务开始
[2026-06-04 18:58:20] [INFO] [data][ModbusConfigParser][transition]：[1.OpeningFile End] 打开文件任务完成
[2026-06-04 18:58:20] [INFO] [data][ModbusConfigParser][transition]：[2.ParsingXml Start] 解析XML任务开始
[2026-06-04 18:58:20] [INFO] [data][ModbusConfigParser][transition]：[2.ParsingXml End] 解析XML任务完成
[2026-06-04 18:58:20] [INFO] [data][ModbusConfigParser][transition]：[3.ValidatingRoot Start] 验证根节点任务开始
[2026-06-04 18:58:20] [INFO] [data][ModbusConfigParser][transition]：[3.ValidatingRoot End] 验证根节点任务完成
[2026-06-04 18:58:20] [INFO] [data][ModbusConfigParser][transition]：[4.ParsingInitialCommands Start] 解析初始指令组任务开始
[2026-06-04 18:58:20] [DEBUG] [data][ModbusConfigParser][parseCommandSet]：提取 ref 列表完成，共 2 条
[2026-06-04 18:58:20] [INFO] [data][ModbusConfigParser][parse]：InitialCommands 已解析，指令数=2
[2026-06-04 18:58:20] [INFO] [data][ModbusConfigParser][transition]：[4.ParsingInitialCommands End] 解析初始指令组任务完成
[2026-06-04 18:58:20] [INFO] [data][ModbusConfigParser][transition]：[5.ParsingPeriodicCommands Start] 解析定时指令组任务开始
[2026-06-04 18:58:20] [DEBUG] [data][ModbusConfigParser][parseCommandSet]：提取 ref 列表完成，共 2 条
[2026-06-04 18:58:20] [INFO] [data][ModbusConfigParser][parse]：PeriodicCommands 已解析，指令数=2
[2026-06-04 18:58:20] [INFO] [data][ModbusConfigParser][transition]：[5.ParsingPeriodicCommands End] 解析定时指令组任务完成
[2026-06-04 18:58:20] [INFO] [data][ModbusConfigParser][transition]：[6.ParsingBusinessCommands Start] 解析业务指令组任务开始
[2026-06-04 18:58:20] [INFO] [data][ModbusConfigParser][parse]：BusinessCommands 已解析
[2026-06-04 18:58:20] [INFO] [data][ModbusConfigParser][transition]：[6.ParsingBusinessCommands End] 解析业务指令组任务完成
[2026-06-04 18:58:20] [INFO] [data][ModbusConfigParser][transition]：[7.ParsingCommandDefinitions Start] 解析指令定义集合任务开始
[2026-06-04 18:58:20] [DEBUG] [data][ModbusConfigParser][parseCommandDef]：解析完成 id=ReadVersion 请求帧=6字节 响应模板=5字节
[2026-06-04 18:58:20] [DEBUG] [data][ModbusConfigParser][parse]：已注册指令模板 id=ReadVersion 请求帧长度=6 响应模板长度=5
[2026-06-04 18:58:20] [DEBUG] [data][ModbusConfigParser][parseCommandDef]：解析完成 id=ReadVEFCFlowUnitAndMediumStatus 请求帧=6字节 响应模板=5字节
[2026-06-04 18:58:20] [DEBUG] [data][ModbusConfigParser][parse]：已注册指令模板 id=ReadVEFCFlowUnitAndMediumStatus 请求帧长度=6 响应模板长度=5
[2026-06-04 18:58:20] [DEBUG] [data][ModbusConfigParser][parseCommandDef]：解析完成 id=ReadFoupStatus 请求帧=6字节 响应模板=21字节
[2026-06-04 18:58:20] [DEBUG] [data][ModbusConfigParser][parse]：已注册指令模板 id=ReadFoupStatus 请求帧长度=6 响应模板长度=21
[2026-06-04 18:58:20] [DEBUG] [data][ModbusConfigParser][parseCommandDef]：解析完成 id=ReadIdlePurgeAll 请求帧=6字节 响应模板=9字节
[2026-06-04 18:58:20] [DEBUG] [data][ModbusConfigParser][parse]：已注册指令模板 id=ReadIdlePurgeAll 请求帧长度=6 响应模板长度=9
[2026-06-04 18:58:20] [DEBUG] [data][ModbusConfigParser][parseCommandDef]：解析完成 id=ReadIdlePurgeEnable 请求帧=6字节 响应模板=5字节
[2026-06-04 18:58:20] [DEBUG] [data][ModbusConfigParser][parse]：已注册指令模板 id=ReadIdlePurgeEnable 请求帧长度=6 响应模板长度=5
[2026-06-04 18:58:20] [DEBUG] [data][ModbusConfigParser][parseCommandDef]：解析完成 id=ReadIdlePurgeStatus 请求帧=6字节 响应模板=5字节
[2026-06-04 18:58:20] [DEBUG] [data][ModbusConfigParser][parseCommandDef]：解析完成 id=ReadIdlePurgeWorkingTime 请求帧=6字节 响应模板=5字节
[2026-06-04 18:58:20] [DEBUG] [data][ModbusConfigParser][parse]：已注册指令模板 id=ReadIdlePurgeStatus 请求帧长度=6 响应模板长度=5
[2026-06-04 18:58:20] [DEBUG] [data][ModbusConfigParser][parse]：已注册指令模板 id=ReadIdlePurgeWorkingTime 请求帧长度=6 响应模板长度=5
[2026-06-04 18:58:20] [DEBUG] [data][ModbusConfigParser][parseCommandDef]：解析完成 id=WriteIdlePurgeEnable 请求帧=6字节 响应模板=6字节
[2026-06-04 18:58:20] [DEBUG] [data][ModbusConfigParser][parse]：已注册指令模板 id=WriteIdlePurgeEnable 请求帧长度=6 响应模板长度=6
[2026-06-04 18:58:20] [DEBUG] [data][ModbusConfigParser][parseCommandDef]：解析完成 id=WriteIdlePurgeTime 请求帧=6字节 响应模板=6字节
[2026-06-04 18:58:20] [DEBUG] [data][ModbusConfigParser][parse]：已注册指令模板 id=WriteIdlePurgeTime 请求帧长度=6 响应模板长度=6
[2026-06-04 18:58:20] [DEBUG] [data][ModbusConfigParser][parseCommandDef]：解析完成 id=WriteQRCode 请求帧=11字节 响应模板=6字节
[2026-06-04 18:58:20] [DEBUG] [data][ModbusConfigParser][parse]：已注册指令模板 id=WriteQRCode 请求帧长度=11 响应模板长度=6
[2026-06-04 18:58:20] [DEBUG] [data][ModbusConfigParser][parseCommandDef]：解析完成 id=WriteIdlePurgeInterval 请求帧=6字节 响应模板=6字节
[2026-06-04 18:58:20] [DEBUG] [data][ModbusConfigParser][parse]：已注册指令模板 id=WriteIdlePurgeInterval 请求帧长度=6 响应模板长度=6
[2026-06-04 18:58:20] [DEBUG] [data][ModbusConfigParser][parseCommandDef]：解析完成 id=WritePneumaticValvePressure 请求帧=6字节 响应模板=6字节
[2026-06-04 18:58:20] [DEBUG] [data][ModbusConfigParser][parse]：已注册指令模板 id=WritePneumaticValvePressure 请求帧长度=6 响应模板长度=6
[2026-06-04 18:58:20] [DEBUG] [data][ModbusConfigParser][parseCommandDef]：解析完成 id=ReadSelfCheckStatus 请求帧=6字节 响应模板=5字节
[2026-06-04 18:58:20] [DEBUG] [data][ModbusConfigParser][parse]：已注册指令模板 id=ReadSelfCheckStatus 请求帧长度=6 响应模板长度=5
[2026-06-04 18:58:20] [DEBUG] [data][ModbusConfigParser][parseCommandDef]：解析完成 id=ReadHumidityOffsetThreshold 请求帧=6字节 响应模板=5字节
[2026-06-04 18:58:20] [DEBUG] [data][ModbusConfigParser][parseCommandDef]：解析完成 id=StartSelfCheck 请求帧=6字节 响应模板=6字节
[2026-06-04 18:58:20] [DEBUG] [data][ModbusConfigParser][parse]：已注册指令模板 id=ReadHumidityOffsetThreshold 请求帧长度=6 响应模板长度=5
[2026-06-04 18:58:20] [DEBUG] [data][ModbusConfigParser][parse]：已注册指令模板 id=StartSelfCheck 请求帧长度=6 响应模板长度=6
[2026-06-04 18:58:20] [DEBUG] [data][ModbusConfigParser][parseCommandDef]：解析完成 id=WriteHumidityOffsetThreshold 请求帧=6字节 响应模板=6字节
[2026-06-04 18:58:20] [DEBUG] [data][ModbusConfigParser][parse]：已注册指令模板 id=WriteHumidityOffsetThreshold 请求帧长度=6 响应模板长度=6
[2026-06-04 18:58:20] [DEBUG] [data][ModbusConfigParser][parseCommandDef]：解析完成 id=WriteHumidityOffset 请求帧=6字节 响应模板=6字节
[2026-06-04 18:58:20] [DEBUG] [data][ModbusConfigParser][parse]：已注册指令模板 id=WriteHumidityOffset 请求帧长度=6 响应模板长度=6
[2026-06-04 18:58:20] [DEBUG] [data][ModbusConfigParser][parseCommandDef]：解析完成 id=WritePurgeFlow 请求帧=6字节 响应模板=6字节
[2026-06-04 18:58:20] [DEBUG] [data][ModbusConfigParser][parse]：已注册指令模板 id=WritePurgeFlow 请求帧长度=6 响应模板长度=6
[2026-06-04 18:58:20] [DEBUG] [data][ModbusConfigParser][parseCommandDef]：解析完成 id=WriteVEFCGasType 请求帧=6字节 响应模板=6字节
[2026-06-04 18:58:20] [DEBUG] [data][ModbusConfigParser][parse]：已注册指令模板 id=WriteVEFCGasType 请求帧长度=6 响应模板长度=6
[2026-06-04 18:58:20] [DEBUG] [data][ModbusConfigParser][parseCommandDef]：解析完成 id=SetBoardEnable 请求帧=6字节 响应模板=6字节
[2026-06-04 18:58:20] [DEBUG] [data][ModbusConfigParser][parse]：已注册指令模板 id=SetBoardEnable 请求帧长度=6 响应模板长度=6
[2026-06-04 18:58:20] [DEBUG] [data][ModbusConfigParser][parseCommandDef]：解析完成 id=ReadBoardEnable 请求帧=6字节 响应模板=5字节
[2026-06-04 18:58:20] [DEBUG] [data][ModbusConfigParser][parse]：已注册指令模板 id=ReadBoardEnable 请求帧长度=6 响应模板长度=5
[2026-06-04 18:58:20] [DEBUG] [data][ModbusConfigParser][parseCommandDef]：解析完成 id=WriteUIRefreshTime 请求帧=13字节 响应模板=6字节
[2026-06-04 18:58:20] [DEBUG] [data][ModbusConfigParser][parse]：已注册指令模板 id=WriteUIRefreshTime 请求帧长度=13 响应模板长度=6
[2026-06-04 18:58:20] [DEBUG] [data][ModbusConfigParser][parseCommandDef]：解析完成 id=ReadVEFCPressure 请求帧=6字节 响应模板=5字节
[2026-06-04 18:58:20] [DEBUG] [data][ModbusConfigParser][parse]：已注册指令模板 id=ReadVEFCPressure 请求帧长度=6 响应模板长度=5
[2026-06-04 18:58:20] [DEBUG] [data][ModbusConfigParser][parseCommandDef]：解析完成 id=ReadVEFCTemperature 请求帧=6字节 响应模板=5字节
[2026-06-04 18:58:20] [DEBUG] [data][ModbusConfigParser][parse]：已注册指令模板 id=ReadVEFCTemperature 请求帧长度=6 响应模板长度=5
[2026-06-04 18:58:20] [INFO] [data][ModbusConfigParser][parse]：CommandPool 共加载 24 条指令
[2026-06-04 18:58:20] [INFO] [data][ModbusConfigParser][transition]：[7.ParsingCommandDefinitions End] 解析指令定义集合任务完成
[2026-06-04 18:58:20] [INFO] [data][ModbusConfigParser][transition]：[Completed] 全部解析任务完成
[2026-06-04 18:58:20] [INFO] [data][ModbusTcpMasterPool][setConfigParser]：已设置配置解析器
[2026-06-04 18:58:20] [INFO] [data][ModbusTcpMasterManager][loadConfig]：配置文件加载成功
[2026-06-04 18:58:20] [INFO] [data][ModbusTcpMasterPool][setThreadCount]：系统最大可用线程数：22
[2026-06-04 18:58:20] [INFO] [data][ModbusTcpMasterPool][setThreadCount]：最终设置线程数：22
[2026-06-04 18:58:20] [INFO] [data][ModbusTcpMasterPool][setThreadCount]：已创建 22 个工作线程
[2026-06-04 18:58:20] [INFO] [data][ModbusTcpMasterManager][addMaster]：创建 Master ID=12001 IP=127.0.0.1 Port=500
[2026-06-04 18:58:20] [INFO] [data][ModbusTcpMasterPool][addMaster]：已创建并添加 Master ID=12001 IP=127.0.0.1 Port=500 到线程 0 ModbusPoolThread-0
[2026-06-04 18:58:20] [INFO] [data][ModbusTcpMasterPool][initializeMaster]：开始初始化 Master ID=12001
[2026-06-04 18:58:20] [INFO] [data][ModbusConfigParser][initialCommandQueue]：开始构建初始指令队列，共 2 个引用
[2026-06-04 18:58:20] [DEBUG] [data][ModbusConfigParser][initialCommandQueue]：已克隆初始指令 ref=ReadVersion
[2026-06-04 18:58:20] [DEBUG] [data][ModbusConfigParser][initialCommandQueue]：已克隆初始指令 ref=WriteVEFCGasType
[2026-06-04 18:58:20] [INFO] [data][ModbusConfigParser][initialCommandQueue]：初始指令队列构建完成，共 2 条
[2026-06-04 18:58:20] [INFO] [data][ModbusConfigParser][periodicCommandQueue]：开始构建定时指令队列，共 2 个引用
[2026-06-04 18:58:20] [DEBUG] [data][ModbusConfigParser][periodicCommandQueue]：已克隆定时指令 ref=ReadFoupStatus
[2026-06-04 18:58:20] [DEBUG] [data][ModbusConfigParser][periodicCommandQueue]：已克隆定时指令 ref=ReadIdlePurgeAll
[2026-06-04 18:58:20] [INFO] [data][ModbusConfigParser][periodicCommandQueue]：定时指令队列构建完成，共 2 条
[2026-06-04 18:58:20] [INFO] [data][ModbusTcpMasterPool][InitialCommandIssuer][initializeMaster]：已配置 InitialCommandIssuer 指令数=2 间隔=100 超时=1000 重试=3
[2026-06-04 18:58:20] [INFO] [data][ModbusTcpMasterPool][PeriodicCommandSender][initializeMaster]：已配置 PeriodicCommandSender 指令数=2 间隔=300 超时=1000 重试=0
[2026-06-04 18:58:20] [INFO] [app][FirmwareConfig][loadConfig]：加载固件配置 - PrepareCmdTimeout: 3000ms, WaitingTime: 1000ms, SendInterval: 160ms, TransferTimeout: 3000ms
[2026-06-04 18:58:20] [INFO] [app][FirmwareConfig][FirmwareConfig]：固件配置管理器已创建
[2026-06-04 18:58:20] [INFO] [data][ModbusTcpMasterPool][FirmwareUpgrader][initializeMaster]：已配置 FirmwareUpgrader PrepareTimeout=3000ms WaitingTime=1000ms SendInterval=160ms TransferTimeout=3000ms
[2026-06-04 18:58:20] [INFO] [data][ModbusTcpMasterManager][addMaster]：创建 Master ID=12002 IP=127.0.0.1 Port=501
[2026-06-04 18:58:20] [INFO] [data][ModbusTcpMasterPool][addMaster]：已创建并添加 Master ID=12002 IP=127.0.0.1 Port=501 到线程 1 ModbusPoolThread-1
[2026-06-04 18:58:20] [INFO] [data][ModbusTcpMasterPool][initializeMaster]：开始初始化 Master ID=12002
[2026-06-04 18:58:20] [INFO] [data][ModbusConfigParser][initialCommandQueue]：开始构建初始指令队列，共 2 个引用
[2026-06-04 18:58:20] [DEBUG] [data][ModbusConfigParser][initialCommandQueue]：已克隆初始指令 ref=ReadVersion
[2026-06-04 18:58:20] [DEBUG] [data][ModbusConfigParser][initialCommandQueue]：已克隆初始指令 ref=WriteVEFCGasType
[2026-06-04 18:58:20] [INFO] [data][ModbusConfigParser][initialCommandQueue]：初始指令队列构建完成，共 2 条
[2026-06-04 18:58:20] [INFO] [data][ModbusConfigParser][periodicCommandQueue]：开始构建定时指令队列，共 2 个引用
[2026-06-04 18:58:20] [DEBUG] [data][ModbusConfigParser][periodicCommandQueue]：已克隆定时指令 ref=ReadFoupStatus
[2026-06-04 18:58:20] [DEBUG] [data][ModbusConfigParser][periodicCommandQueue]：已克隆定时指令 ref=ReadIdlePurgeAll
[2026-06-04 18:58:20] [INFO] [data][ModbusConfigParser][periodicCommandQueue]：定时指令队列构建完成，共 2 条
[2026-06-04 18:58:20] [INFO] [data][ModbusTcpMasterPool][InitialCommandIssuer][initializeMaster]：已配置 InitialCommandIssuer 指令数=2 间隔=100 超时=1000 重试=3
[2026-06-04 18:58:20] [INFO] [data][ModbusTcpMasterPool][PeriodicCommandSender][initializeMaster]：已配置 PeriodicCommandSender 指令数=2 间隔=300 超时=1000 重试=0
[2026-06-04 18:58:20] [INFO] [data][ModbusTcpMasterPool][FirmwareUpgrader][initializeMaster]：已配置 FirmwareUpgrader PrepareTimeout=3000ms WaitingTime=1000ms SendInterval=160ms TransferTimeout=3000ms
[2026-06-04 18:58:20] [INFO] [data][ModbusTcpMasterManager][addMaster]：创建 Master ID=12003 IP=127.0.0.1 Port=502
[2026-06-04 18:58:20] [INFO] [data][ModbusTcpMasterPool][addMaster]：已创建并添加 Master ID=12003 IP=127.0.0.1 Port=502 到线程 2 ModbusPoolThread-2
[2026-06-04 18:58:20] [INFO] [data][ModbusTcpMasterPool][initializeMaster]：开始初始化 Master ID=12003
[2026-06-04 18:58:20] [INFO] [data][ModbusConfigParser][initialCommandQueue]：开始构建初始指令队列，共 2 个引用
[2026-06-04 18:58:20] [DEBUG] [data][ModbusConfigParser][initialCommandQueue]：已克隆初始指令 ref=ReadVersion
[2026-06-04 18:58:20] [DEBUG] [data][ModbusConfigParser][initialCommandQueue]：已克隆初始指令 ref=WriteVEFCGasType
[2026-06-04 18:58:20] [INFO] [data][ModbusConfigParser][initialCommandQueue]：初始指令队列构建完成，共 2 条
[2026-06-04 18:58:20] [INFO] [data][ModbusConfigParser][periodicCommandQueue]：开始构建定时指令队列，共 2 个引用
[2026-06-04 18:58:20] [DEBUG] [data][ModbusConfigParser][periodicCommandQueue]：已克隆定时指令 ref=ReadFoupStatus
[2026-06-04 18:58:20] [DEBUG] [data][ModbusConfigParser][periodicCommandQueue]：已克隆定时指令 ref=ReadIdlePurgeAll
[2026-06-04 18:58:20] [INFO] [data][ModbusConfigParser][periodicCommandQueue]：定时指令队列构建完成，共 2 条
[2026-06-04 18:58:20] [INFO] [data][ModbusTcpMasterPool][InitialCommandIssuer][initializeMaster]：已配置 InitialCommandIssuer 指令数=2 间隔=100 超时=1000 重试=3
[2026-06-04 18:58:20] [INFO] [data][ModbusTcpMasterPool][PeriodicCommandSender][initializeMaster]：已配置 PeriodicCommandSender 指令数=2 间隔=300 超时=1000 重试=0
[2026-06-04 18:58:20] [INFO] [data][ModbusTcpMasterPool][FirmwareUpgrader][initializeMaster]：已配置 FirmwareUpgrader PrepareTimeout=3000ms WaitingTime=1000ms SendInterval=160ms TransferTimeout=3000ms
[2026-06-04 18:58:20] [INFO] [data][ModbusTcpMasterManager][addMaster]：创建 Master ID=12004 IP=127.0.0.1 Port=503
[2026-06-04 18:58:20] [INFO] [data][ModbusTcpMasterPool][addMaster]：已创建并添加 Master ID=12004 IP=127.0.0.1 Port=503 到线程 3 ModbusPoolThread-3
[2026-06-04 18:58:20] [INFO] [data][ModbusTcpMasterPool][initializeMaster]：开始初始化 Master ID=12004
[2026-06-04 18:58:20] [INFO] [data][ModbusConfigParser][initialCommandQueue]：开始构建初始指令队列，共 2 个引用
[2026-06-04 18:58:20] [DEBUG] [data][ModbusConfigParser][initialCommandQueue]：已克隆初始指令 ref=ReadVersion
[2026-06-04 18:58:20] [DEBUG] [data][ModbusConfigParser][initialCommandQueue]：已克隆初始指令 ref=WriteVEFCGasType
[2026-06-04 18:58:20] [INFO] [data][ModbusConfigParser][initialCommandQueue]：初始指令队列构建完成，共 2 条
[2026-06-04 18:58:20] [INFO] [data][ModbusConfigParser][periodicCommandQueue]：开始构建定时指令队列，共 2 个引用
[2026-06-04 18:58:20] [DEBUG] [data][ModbusConfigParser][periodicCommandQueue]：已克隆定时指令 ref=ReadFoupStatus
[2026-06-04 18:58:20] [DEBUG] [data][ModbusConfigParser][periodicCommandQueue]：已克隆定时指令 ref=ReadIdlePurgeAll
[2026-06-04 18:58:20] [INFO] [data][ModbusConfigParser][periodicCommandQueue]：定时指令队列构建完成，共 2 条
[2026-06-04 18:58:20] [INFO] [data][ModbusTcpMasterPool][InitialCommandIssuer][initializeMaster]：已配置 InitialCommandIssuer 指令数=2 间隔=100 超时=1000 重试=3
[2026-06-04 18:58:20] [INFO] [data][ModbusTcpMasterPool][PeriodicCommandSender][initializeMaster]：已配置 PeriodicCommandSender 指令数=2 间隔=300 超时=1000 重试=0
[2026-06-04 18:58:20] [INFO] [data][ModbusTcpMasterPool][FirmwareUpgrader][initializeMaster]：已配置 FirmwareUpgrader PrepareTimeout=3000ms WaitingTime=1000ms SendInterval=160ms TransferTimeout=3000ms
[2026-06-04 18:58:20] [INFO] [data][ModbusTcpMasterManager][addMaster]：创建 Master ID=12005 IP=127.0.0.1 Port=504
[2026-06-04 18:58:20] [INFO] [data][ModbusTcpMasterPool][addMaster]：已创建并添加 Master ID=12005 IP=127.0.0.1 Port=504 到线程 4 ModbusPoolThread-4
[2026-06-04 18:58:20] [INFO] [data][ModbusTcpMasterPool][initializeMaster]：开始初始化 Master ID=12005
[2026-06-04 18:58:20] [INFO] [data][ModbusConfigParser][initialCommandQueue]：开始构建初始指令队列，共 2 个引用
[2026-06-04 18:58:20] [DEBUG] [data][ModbusConfigParser][initialCommandQueue]：已克隆初始指令 ref=ReadVersion
[2026-06-04 18:58:20] [DEBUG] [data][ModbusConfigParser][initialCommandQueue]：已克隆初始指令 ref=WriteVEFCGasType
[2026-06-04 18:58:20] [INFO] [data][ModbusConfigParser][initialCommandQueue]：初始指令队列构建完成，共 2 条
[2026-06-04 18:58:20] [INFO] [data][ModbusConfigParser][periodicCommandQueue]：开始构建定时指令队列，共 2 个引用
[2026-06-04 18:58:20] [DEBUG] [data][ModbusConfigParser][periodicCommandQueue]：已克隆定时指令 ref=ReadFoupStatus
[2026-06-04 18:58:20] [DEBUG] [data][ModbusConfigParser][periodicCommandQueue]：已克隆定时指令 ref=ReadIdlePurgeAll
[2026-06-04 18:58:20] [INFO] [data][ModbusConfigParser][periodicCommandQueue]：定时指令队列构建完成，共 2 条
[2026-06-04 18:58:20] [INFO] [data][ModbusTcpMasterPool][InitialCommandIssuer][initializeMaster]：已配置 InitialCommandIssuer 指令数=2 间隔=100 超时=1000 重试=3
[2026-06-04 18:58:20] [INFO] [data][ModbusTcpMasterPool][PeriodicCommandSender][initializeMaster]：已配置 PeriodicCommandSender 指令数=2 间隔=300 超时=1000 重试=0
[2026-06-04 18:58:20] [INFO] [data][ModbusTcpMasterPool][FirmwareUpgrader][initializeMaster]：已配置 FirmwareUpgrader PrepareTimeout=3000ms WaitingTime=1000ms SendInterval=160ms TransferTimeout=3000ms
[2026-06-04 18:58:20] [INFO] [data][ModbusTcpMasterManager][addMaster]：创建 Master ID=12006 IP=127.0.0.1 Port=505
[2026-06-04 18:58:20] [INFO] [data][ModbusTcpMasterPool][addMaster]：已创建并添加 Master ID=12006 IP=127.0.0.1 Port=505 到线程 5 ModbusPoolThread-5
[2026-06-04 18:58:20] [INFO] [data][ModbusTcpMasterPool][initializeMaster]：开始初始化 Master ID=12006
[2026-06-04 18:58:20] [INFO] [data][ModbusConfigParser][initialCommandQueue]：开始构建初始指令队列，共 2 个引用
[2026-06-04 18:58:20] [DEBUG] [data][ModbusConfigParser][initialCommandQueue]：已克隆初始指令 ref=ReadVersion
[2026-06-04 18:58:20] [DEBUG] [data][ModbusConfigParser][initialCommandQueue]：已克隆初始指令 ref=WriteVEFCGasType
[2026-06-04 18:58:20] [INFO] [data][ModbusConfigParser][initialCommandQueue]：初始指令队列构建完成，共 2 条
[2026-06-04 18:58:20] [INFO] [data][ModbusConfigParser][periodicCommandQueue]：开始构建定时指令队列，共 2 个引用
[2026-06-04 18:58:20] [DEBUG] [data][ModbusConfigParser][periodicCommandQueue]：已克隆定时指令 ref=ReadFoupStatus
[2026-06-04 18:58:20] [DEBUG] [data][ModbusConfigParser][periodicCommandQueue]：已克隆定时指令 ref=ReadIdlePurgeAll
[2026-06-04 18:58:20] [INFO] [data][ModbusConfigParser][periodicCommandQueue]：定时指令队列构建完成，共 2 条
[2026-06-04 18:58:20] [INFO] [data][ModbusTcpMasterPool][InitialCommandIssuer][initializeMaster]：已配置 InitialCommandIssuer 指令数=2 间隔=100 超时=1000 重试=3
[2026-06-04 18:58:20] [INFO] [data][ModbusTcpMasterPool][PeriodicCommandSender][initializeMaster]：已配置 PeriodicCommandSender 指令数=2 间隔=300 超时=1000 重试=0
[2026-06-04 18:58:20] [INFO] [data][ModbusTcpMasterPool][FirmwareUpgrader][initializeMaster]：已配置 FirmwareUpgrader PrepareTimeout=3000ms WaitingTime=1000ms SendInterval=160ms TransferTimeout=3000ms
[2026-06-04 18:58:20] [INFO] [data][ModbusTcpMasterManager][addMaster]：创建 Master ID=12007 IP=127.0.0.1 Port=506
[2026-06-04 18:58:20] [INFO] [data][ModbusTcpMasterPool][addMaster]：已创建并添加 Master ID=12007 IP=127.0.0.1 Port=506 到线程 6 ModbusPoolThread-6
[2026-06-04 18:58:20] [INFO] [data][ModbusTcpMasterPool][initializeMaster]：开始初始化 Master ID=12007
[2026-06-04 18:58:20] [INFO] [data][ModbusConfigParser][initialCommandQueue]：开始构建初始指令队列，共 2 个引用
[2026-06-04 18:58:20] [DEBUG] [data][ModbusConfigParser][initialCommandQueue]：已克隆初始指令 ref=ReadVersion
[2026-06-04 18:58:20] [DEBUG] [data][ModbusConfigParser][initialCommandQueue]：已克隆初始指令 ref=WriteVEFCGasType
[2026-06-04 18:58:20] [INFO] [data][ModbusConfigParser][initialCommandQueue]：初始指令队列构建完成，共 2 条
[2026-06-04 18:58:20] [INFO] [data][ModbusConfigParser][periodicCommandQueue]：开始构建定时指令队列，共 2 个引用
[2026-06-04 18:58:20] [DEBUG] [data][ModbusConfigParser][periodicCommandQueue]：已克隆定时指令 ref=ReadFoupStatus
[2026-06-04 18:58:20] [DEBUG] [data][ModbusConfigParser][periodicCommandQueue]：已克隆定时指令 ref=ReadIdlePurgeAll
[2026-06-04 18:58:20] [INFO] [data][ModbusConfigParser][periodicCommandQueue]：定时指令队列构建完成，共 2 条
[2026-06-04 18:58:20] [INFO] [data][ModbusTcpMasterPool][InitialCommandIssuer][initializeMaster]：已配置 InitialCommandIssuer 指令数=2 间隔=100 超时=1000 重试=3
[2026-06-04 18:58:20] [INFO] [data][ModbusTcpMasterPool][PeriodicCommandSender][initializeMaster]：已配置 PeriodicCommandSender 指令数=2 间隔=300 超时=1000 重试=0
[2026-06-04 18:58:20] [INFO] [data][ModbusTcpMasterPool][FirmwareUpgrader][initializeMaster]：已配置 FirmwareUpgrader PrepareTimeout=3000ms WaitingTime=1000ms SendInterval=160ms TransferTimeout=3000ms
[2026-06-04 18:58:20] [INFO] [data][ModbusTcpMasterManager][addMaster]：创建 Master ID=12008 IP=127.0.0.1 Port=507
[2026-06-04 18:58:20] [INFO] [data][ModbusTcpMasterPool][addMaster]：已创建并添加 Master ID=12008 IP=127.0.0.1 Port=507 到线程 7 ModbusPoolThread-7
[2026-06-04 18:58:20] [INFO] [data][ModbusTcpMasterPool][initializeMaster]：开始初始化 Master ID=12008
[2026-06-04 18:58:20] [INFO] [data][ModbusConfigParser][initialCommandQueue]：开始构建初始指令队列，共 2 个引用
[2026-06-04 18:58:20] [DEBUG] [data][ModbusConfigParser][initialCommandQueue]：已克隆初始指令 ref=ReadVersion
[2026-06-04 18:58:20] [DEBUG] [data][ModbusConfigParser][initialCommandQueue]：已克隆初始指令 ref=WriteVEFCGasType
[2026-06-04 18:58:20] [INFO] [data][ModbusConfigParser][initialCommandQueue]：初始指令队列构建完成，共 2 条
[2026-06-04 18:58:20] [INFO] [data][ModbusConfigParser][periodicCommandQueue]：开始构建定时指令队列，共 2 个引用
[2026-06-04 18:58:20] [DEBUG] [data][ModbusConfigParser][periodicCommandQueue]：已克隆定时指令 ref=ReadFoupStatus
[2026-06-04 18:58:20] [DEBUG] [data][ModbusConfigParser][periodicCommandQueue]：已克隆定时指令 ref=ReadIdlePurgeAll
[2026-06-04 18:58:20] [INFO] [data][ModbusConfigParser][periodicCommandQueue]：定时指令队列构建完成，共 2 条
[2026-06-04 18:58:20] [INFO] [data][ModbusTcpMasterPool][InitialCommandIssuer][initializeMaster]：已配置 InitialCommandIssuer 指令数=2 间隔=100 超时=1000 重试=3
[2026-06-04 18:58:20] [INFO] [data][ModbusTcpMasterPool][PeriodicCommandSender][initializeMaster]：已配置 PeriodicCommandSender 指令数=2 间隔=300 超时=1000 重试=0
[2026-06-04 18:58:20] [INFO] [data][ModbusTcpMasterPool][FirmwareUpgrader][initializeMaster]：已配置 FirmwareUpgrader PrepareTimeout=3000ms WaitingTime=1000ms SendInterval=160ms TransferTimeout=3000ms
[2026-06-04 18:58:20] [INFO] [data][ModbusTcpMasterManager][addMaster]：创建 Master ID=12009 IP=127.0.0.1 Port=508
[2026-06-04 18:58:20] [INFO] [data][ModbusTcpMasterPool][addMaster]：已创建并添加 Master ID=12009 IP=127.0.0.1 Port=508 到线程 8 ModbusPoolThread-8
[2026-06-04 18:58:20] [INFO] [data][ModbusTcpMasterPool][initializeMaster]：开始初始化 Master ID=12009
[2026-06-04 18:58:20] [INFO] [data][ModbusConfigParser][initialCommandQueue]：开始构建初始指令队列，共 2 个引用
[2026-06-04 18:58:20] [DEBUG] [data][ModbusConfigParser][initialCommandQueue]：已克隆初始指令 ref=ReadVersion
[2026-06-04 18:58:20] [DEBUG] [data][ModbusConfigParser][initialCommandQueue]：已克隆初始指令 ref=WriteVEFCGasType
[2026-06-04 18:58:20] [INFO] [data][ModbusConfigParser][initialCommandQueue]：初始指令队列构建完成，共 2 条
[2026-06-04 18:58:20] [INFO] [data][ModbusConfigParser][periodicCommandQueue]：开始构建定时指令队列，共 2 个引用
[2026-06-04 18:58:20] [DEBUG] [data][ModbusConfigParser][periodicCommandQueue]：已克隆定时指令 ref=ReadFoupStatus
[2026-06-04 18:58:20] [DEBUG] [data][ModbusConfigParser][periodicCommandQueue]：已克隆定时指令 ref=ReadIdlePurgeAll
[2026-06-04 18:58:20] [INFO] [data][ModbusConfigParser][periodicCommandQueue]：定时指令队列构建完成，共 2 条
[2026-06-04 18:58:20] [INFO] [data][ModbusTcpMasterPool][InitialCommandIssuer][initializeMaster]：已配置 InitialCommandIssuer 指令数=2 间隔=100 超时=1000 重试=3
[2026-06-04 18:58:20] [INFO] [data][ModbusTcpMasterPool][PeriodicCommandSender][initializeMaster]：已配置 PeriodicCommandSender 指令数=2 间隔=300 超时=1000 重试=0
[2026-06-04 18:58:20] [INFO] [data][ModbusTcpMasterPool][FirmwareUpgrader][initializeMaster]：已配置 FirmwareUpgrader PrepareTimeout=3000ms WaitingTime=1000ms SendInterval=160ms TransferTimeout=3000ms
[2026-06-04 18:58:20] [INFO] [data][ModbusTcpMasterManager][addMaster]：创建 Master ID=12010 IP=127.0.0.1 Port=509
[2026-06-04 18:58:20] [INFO] [data][ModbusTcpMasterPool][addMaster]：已创建并添加 Master ID=12010 IP=127.0.0.1 Port=509 到线程 9 ModbusPoolThread-9
[2026-06-04 18:58:20] [INFO] [data][ModbusTcpMasterPool][initializeMaster]：开始初始化 Master ID=12010
[2026-06-04 18:58:20] [INFO] [data][ModbusConfigParser][initialCommandQueue]：开始构建初始指令队列，共 2 个引用
[2026-06-04 18:58:20] [DEBUG] [data][ModbusConfigParser][initialCommandQueue]：已克隆初始指令 ref=ReadVersion
[2026-06-04 18:58:20] [DEBUG] [data][ModbusConfigParser][initialCommandQueue]：已克隆初始指令 ref=WriteVEFCGasType
[2026-06-04 18:58:20] [INFO] [data][ModbusConfigParser][initialCommandQueue]：初始指令队列构建完成，共 2 条
[2026-06-04 18:58:20] [INFO] [data][ModbusConfigParser][periodicCommandQueue]：开始构建定时指令队列，共 2 个引用
[2026-06-04 18:58:20] [DEBUG] [data][ModbusConfigParser][periodicCommandQueue]：已克隆定时指令 ref=ReadFoupStatus
[2026-06-04 18:58:20] [DEBUG] [data][ModbusConfigParser][periodicCommandQueue]：已克隆定时指令 ref=ReadIdlePurgeAll
[2026-06-04 18:58:20] [INFO] [data][ModbusConfigParser][periodicCommandQueue]：定时指令队列构建完成，共 2 条
[2026-06-04 18:58:20] [INFO] [data][ModbusTcpMasterPool][InitialCommandIssuer][initializeMaster]：已配置 InitialCommandIssuer 指令数=2 间隔=100 超时=1000 重试=3
[2026-06-04 18:58:20] [INFO] [data][ModbusTcpMasterPool][PeriodicCommandSender][initializeMaster]：已配置 PeriodicCommandSender 指令数=2 间隔=300 超时=1000 重试=0
[2026-06-04 18:58:20] [INFO] [data][ModbusTcpMasterPool][FirmwareUpgrader][initializeMaster]：已配置 FirmwareUpgrader PrepareTimeout=3000ms WaitingTime=1000ms SendInterval=160ms TransferTimeout=3000ms
[2026-06-04 18:58:20] [INFO] [data][ModbusTcpMasterManager][addMaster]：创建 Master ID=12011 IP=127.0.0.1 Port=510
[2026-06-04 18:58:20] [INFO] [data][ModbusTcpMasterPool][addMaster]：已创建并添加 Master ID=12011 IP=127.0.0.1 Port=510 到线程 10 ModbusPoolThread-10
[2026-06-04 18:58:20] [INFO] [data][ModbusTcpMasterPool][initializeMaster]：开始初始化 Master ID=12011
[2026-06-04 18:58:20] [INFO] [data][ModbusConfigParser][initialCommandQueue]：开始构建初始指令队列，共 2 个引用
[2026-06-04 18:58:20] [DEBUG] [data][ModbusConfigParser][initialCommandQueue]：已克隆初始指令 ref=ReadVersion
[2026-06-04 18:58:20] [DEBUG] [data][ModbusConfigParser][initialCommandQueue]：已克隆初始指令 ref=WriteVEFCGasType
[2026-06-04 18:58:20] [INFO] [data][ModbusConfigParser][initialCommandQueue]：初始指令队列构建完成，共 2 条
[2026-06-04 18:58:20] [INFO] [data][ModbusConfigParser][periodicCommandQueue]：开始构建定时指令队列，共 2 个引用
[2026-06-04 18:58:20] [DEBUG] [data][ModbusConfigParser][periodicCommandQueue]：已克隆定时指令 ref=ReadFoupStatus
[2026-06-04 18:58:20] [DEBUG] [data][ModbusConfigParser][periodicCommandQueue]：已克隆定时指令 ref=ReadIdlePurgeAll
[2026-06-04 18:58:20] [INFO] [data][ModbusConfigParser][periodicCommandQueue]：定时指令队列构建完成，共 2 条
[2026-06-04 18:58:20] [INFO] [data][ModbusTcpMasterPool][InitialCommandIssuer][initializeMaster]：已配置 InitialCommandIssuer 指令数=2 间隔=100 超时=1000 重试=3
[2026-06-04 18:58:20] [INFO] [data][ModbusTcpMasterPool][PeriodicCommandSender][initializeMaster]：已配置 PeriodicCommandSender 指令数=2 间隔=300 超时=1000 重试=0
[2026-06-04 18:58:20] [INFO] [data][ModbusTcpMasterPool][FirmwareUpgrader][initializeMaster]：已配置 FirmwareUpgrader PrepareTimeout=3000ms WaitingTime=1000ms SendInterval=160ms TransferTimeout=3000ms
[2026-06-04 18:58:20] [INFO] [data][ModbusTcpMasterManager][addMaster]：创建 Master ID=12012 IP=127.0.0.1 Port=511
[2026-06-04 18:58:20] [INFO] [data][ModbusTcpMasterPool][addMaster]：已创建并添加 Master ID=12012 IP=127.0.0.1 Port=511 到线程 11 ModbusPoolThread-11
[2026-06-04 18:58:20] [INFO] [data][ModbusTcpMasterPool][initializeMaster]：开始初始化 Master ID=12012
[2026-06-04 18:58:20] [INFO] [data][ModbusConfigParser][initialCommandQueue]：开始构建初始指令队列，共 2 个引用
[2026-06-04 18:58:20] [DEBUG] [data][ModbusConfigParser][initialCommandQueue]：已克隆初始指令 ref=WriteVEFCGasType
[2026-06-04 18:58:20] [DEBUG] [data][ModbusConfigParser][initialCommandQueue]：已克隆初始指令 ref=ReadVersion
[2026-06-04 18:58:20] [INFO] [data][ModbusConfigParser][initialCommandQueue]：初始指令队列构建完成，共 2 条
[2026-06-04 18:58:20] [INFO] [data][ModbusConfigParser][periodicCommandQueue]：开始构建定时指令队列，共 2 个引用
[2026-06-04 18:58:20] [DEBUG] [data][ModbusConfigParser][periodicCommandQueue]：已克隆定时指令 ref=ReadFoupStatus
[2026-06-04 18:58:20] [DEBUG] [data][ModbusConfigParser][periodicCommandQueue]：已克隆定时指令 ref=ReadIdlePurgeAll
[2026-06-04 18:58:20] [INFO] [data][ModbusConfigParser][periodicCommandQueue]：定时指令队列构建完成，共 2 条
[2026-06-04 18:58:20] [INFO] [data][ModbusTcpMasterPool][InitialCommandIssuer][initializeMaster]：已配置 InitialCommandIssuer 指令数=2 间隔=100 超时=1000 重试=3
[2026-06-04 18:58:20] [INFO] [data][ModbusTcpMasterPool][PeriodicCommandSender][initializeMaster]：已配置 PeriodicCommandSender 指令数=2 间隔=300 超时=1000 重试=0
[2026-06-04 18:58:20] [INFO] [data][ModbusTcpMasterPool][FirmwareUpgrader][initializeMaster]：已配置 FirmwareUpgrader PrepareTimeout=3000ms WaitingTime=1000ms SendInterval=160ms TransferTimeout=3000ms
[2026-06-04 18:58:20] [INFO] [data][ModbusTcpMasterManager][addMaster]：创建 Master ID=12013 IP=127.0.0.1 Port=512
[2026-06-04 18:58:20] [INFO] [data][ModbusTcpMasterPool][addMaster]：已创建并添加 Master ID=12013 IP=127.0.0.1 Port=512 到线程 12 ModbusPoolThread-12
[2026-06-04 18:58:20] [INFO] [data][ModbusTcpMasterPool][initializeMaster]：开始初始化 Master ID=12013
[2026-06-04 18:58:20] [INFO] [data][ModbusConfigParser][initialCommandQueue]：开始构建初始指令队列，共 2 个引用
[2026-06-04 18:58:20] [DEBUG] [data][ModbusConfigParser][initialCommandQueue]：已克隆初始指令 ref=ReadVersion
[2026-06-04 18:58:20] [DEBUG] [data][ModbusConfigParser][initialCommandQueue]：已克隆初始指令 ref=WriteVEFCGasType
[2026-06-04 18:58:20] [INFO] [data][ModbusConfigParser][initialCommandQueue]：初始指令队列构建完成，共 2 条
[2026-06-04 18:58:20] [INFO] [data][ModbusConfigParser][periodicCommandQueue]：开始构建定时指令队列，共 2 个引用
[2026-06-04 18:58:20] [DEBUG] [data][ModbusConfigParser][periodicCommandQueue]：已克隆定时指令 ref=ReadFoupStatus
[2026-06-04 18:58:20] [DEBUG] [data][ModbusConfigParser][periodicCommandQueue]：已克隆定时指令 ref=ReadIdlePurgeAll
[2026-06-04 18:58:20] [INFO] [data][ModbusConfigParser][periodicCommandQueue]：定时指令队列构建完成，共 2 条
[2026-06-04 18:58:20] [INFO] [data][ModbusTcpMasterPool][InitialCommandIssuer][initializeMaster]：已配置 InitialCommandIssuer 指令数=2 间隔=100 超时=1000 重试=3
[2026-06-04 18:58:20] [INFO] [data][ModbusTcpMasterPool][PeriodicCommandSender][initializeMaster]：已配置 PeriodicCommandSender 指令数=2 间隔=300 超时=1000 重试=0
[2026-06-04 18:58:20] [INFO] [data][ModbusTcpMasterPool][FirmwareUpgrader][initializeMaster]：已配置 FirmwareUpgrader PrepareTimeout=3000ms WaitingTime=1000ms SendInterval=160ms TransferTimeout=3000ms
[2026-06-04 18:58:20] [INFO] [data][ModbusTcpMasterManager][addMaster]：创建 Master ID=12014 IP=127.0.0.1 Port=513
[2026-06-04 18:58:20] [INFO] [data][ModbusTcpMasterPool][addMaster]：已创建并添加 Master ID=12014 IP=127.0.0.1 Port=513 到线程 13 ModbusPoolThread-13
[2026-06-04 18:58:20] [INFO] [data][ModbusTcpMasterPool][initializeMaster]：开始初始化 Master ID=12014
[2026-06-04 18:58:20] [INFO] [data][ModbusConfigParser][initialCommandQueue]：开始构建初始指令队列，共 2 个引用
[2026-06-04 18:58:20] [DEBUG] [data][ModbusConfigParser][initialCommandQueue]：已克隆初始指令 ref=ReadVersion
[2026-06-04 18:58:20] [DEBUG] [data][ModbusConfigParser][initialCommandQueue]：已克隆初始指令 ref=WriteVEFCGasType
[2026-06-04 18:58:20] [INFO] [data][ModbusConfigParser][initialCommandQueue]：初始指令队列构建完成，共 2 条
[2026-06-04 18:58:20] [INFO] [data][ModbusConfigParser][periodicCommandQueue]：开始构建定时指令队列，共 2 个引用
[2026-06-04 18:58:20] [DEBUG] [data][ModbusConfigParser][periodicCommandQueue]：已克隆定时指令 ref=ReadFoupStatus
[2026-06-04 18:58:20] [DEBUG] [data][ModbusConfigParser][periodicCommandQueue]：已克隆定时指令 ref=ReadIdlePurgeAll
[2026-06-04 18:58:20] [INFO] [data][ModbusConfigParser][periodicCommandQueue]：定时指令队列构建完成，共 2 条
[2026-06-04 18:58:20] [INFO] [data][ModbusTcpMasterPool][InitialCommandIssuer][initializeMaster]：已配置 InitialCommandIssuer 指令数=2 间隔=100 超时=1000 重试=3
[2026-06-04 18:58:20] [INFO] [data][ModbusTcpMasterPool][PeriodicCommandSender][initializeMaster]：已配置 PeriodicCommandSender 指令数=2 间隔=300 超时=1000 重试=0
[2026-06-04 18:58:20] [INFO] [data][ModbusTcpMasterPool][FirmwareUpgrader][initializeMaster]：已配置 FirmwareUpgrader PrepareTimeout=3000ms WaitingTime=1000ms SendInterval=160ms TransferTimeout=3000ms
[2026-06-04 18:58:20] [INFO] [data][ModbusTcpMasterManager][addMaster]：创建 Master ID=12015 IP=127.0.0.1 Port=514
[2026-06-04 18:58:20] [INFO] [data][ModbusTcpMasterPool][addMaster]：已创建并添加 Master ID=12015 IP=127.0.0.1 Port=514 到线程 14 ModbusPoolThread-14
[2026-06-04 18:58:20] [INFO] [data][ModbusTcpMasterPool][initializeMaster]：开始初始化 Master ID=12015
[2026-06-04 18:58:20] [INFO] [data][ModbusConfigParser][initialCommandQueue]：开始构建初始指令队列，共 2 个引用
[2026-06-04 18:58:20] [DEBUG] [data][ModbusConfigParser][initialCommandQueue]：已克隆初始指令 ref=ReadVersion
[2026-06-04 18:58:20] [DEBUG] [data][ModbusConfigParser][initialCommandQueue]：已克隆初始指令 ref=WriteVEFCGasType
[2026-06-04 18:58:20] [INFO] [data][ModbusConfigParser][initialCommandQueue]：初始指令队列构建完成，共 2 条
[2026-06-04 18:58:20] [INFO] [data][ModbusConfigParser][periodicCommandQueue]：开始构建定时指令队列，共 2 个引用
[2026-06-04 18:58:20] [DEBUG] [data][ModbusConfigParser][periodicCommandQueue]：已克隆定时指令 ref=ReadFoupStatus
[2026-06-04 18:58:20] [DEBUG] [data][ModbusConfigParser][periodicCommandQueue]：已克隆定时指令 ref=ReadIdlePurgeAll
[2026-06-04 18:58:20] [INFO] [data][ModbusConfigParser][periodicCommandQueue]：定时指令队列构建完成，共 2 条
[2026-06-04 18:58:20] [INFO] [data][ModbusTcpMasterPool][InitialCommandIssuer][initializeMaster]：已配置 InitialCommandIssuer 指令数=2 间隔=100 超时=1000 重试=3
[2026-06-04 18:58:20] [INFO] [data][ModbusTcpMasterPool][PeriodicCommandSender][initializeMaster]：已配置 PeriodicCommandSender 指令数=2 间隔=300 超时=1000 重试=0
[2026-06-04 18:58:20] [INFO] [data][ModbusTcpMasterPool][FirmwareUpgrader][initializeMaster]：已配置 FirmwareUpgrader PrepareTimeout=3000ms WaitingTime=1000ms SendInterval=160ms TransferTimeout=3000ms
[2026-06-04 18:58:20] [INFO] [data][ModbusTcpMasterManager][addMaster]：创建 Master ID=12016 IP=127.0.0.1 Port=515
[2026-06-04 18:58:20] [INFO] [data][ModbusTcpMasterPool][addMaster]：已创建并添加 Master ID=12016 IP=127.0.0.1 Port=515 到线程 15 ModbusPoolThread-15
[2026-06-04 18:58:20] [INFO] [data][ModbusTcpMasterPool][initializeMaster]：开始初始化 Master ID=12016
[2026-06-04 18:58:20] [INFO] [data][ModbusConfigParser][initialCommandQueue]：开始构建初始指令队列，共 2 个引用
[2026-06-04 18:58:20] [DEBUG] [data][ModbusConfigParser][initialCommandQueue]：已克隆初始指令 ref=ReadVersion
[2026-06-04 18:58:20] [DEBUG] [data][ModbusConfigParser][initialCommandQueue]：已克隆初始指令 ref=WriteVEFCGasType
[2026-06-04 18:58:20] [INFO] [data][ModbusConfigParser][initialCommandQueue]：初始指令队列构建完成，共 2 条
[2026-06-04 18:58:20] [INFO] [data][ModbusConfigParser][periodicCommandQueue]：开始构建定时指令队列，共 2 个引用
[2026-06-04 18:58:20] [DEBUG] [data][ModbusConfigParser][periodicCommandQueue]：已克隆定时指令 ref=ReadFoupStatus
[2026-06-04 18:58:20] [DEBUG] [data][ModbusConfigParser][periodicCommandQueue]：已克隆定时指令 ref=ReadIdlePurgeAll
[2026-06-04 18:58:20] [INFO] [data][ModbusConfigParser][periodicCommandQueue]：定时指令队列构建完成，共 2 条
[2026-06-04 18:58:20] [INFO] [data][ModbusTcpMasterPool][InitialCommandIssuer][initializeMaster]：已配置 InitialCommandIssuer 指令数=2 间隔=100 超时=1000 重试=3
[2026-06-04 18:58:20] [INFO] [data][ModbusTcpMasterPool][PeriodicCommandSender][initializeMaster]：已配置 PeriodicCommandSender 指令数=2 间隔=300 超时=1000 重试=0
[2026-06-04 18:58:20] [INFO] [data][ModbusTcpMasterPool][FirmwareUpgrader][initializeMaster]：已配置 FirmwareUpgrader PrepareTimeout=3000ms WaitingTime=1000ms SendInterval=160ms TransferTimeout=3000ms
[2026-06-04 18:58:20] [INFO] [data][ModbusTcpMasterManager][addMaster]：创建 Master ID=12017 IP=127.0.0.1 Port=516
[2026-06-04 18:58:20] [INFO] [data][ModbusTcpMasterPool][addMaster]：已创建并添加 Master ID=12017 IP=127.0.0.1 Port=516 到线程 16 ModbusPoolThread-16
[2026-06-04 18:58:20] [INFO] [data][ModbusTcpMasterPool][initializeMaster]：开始初始化 Master ID=12017
[2026-06-04 18:58:20] [INFO] [data][ModbusConfigParser][initialCommandQueue]：开始构建初始指令队列，共 2 个引用
[2026-06-04 18:58:20] [DEBUG] [data][ModbusConfigParser][initialCommandQueue]：已克隆初始指令 ref=ReadVersion
[2026-06-04 18:58:20] [DEBUG] [data][ModbusConfigParser][initialCommandQueue]：已克隆初始指令 ref=WriteVEFCGasType
[2026-06-04 18:58:20] [INFO] [data][ModbusConfigParser][initialCommandQueue]：初始指令队列构建完成，共 2 条
[2026-06-04 18:58:20] [INFO] [data][ModbusConfigParser][periodicCommandQueue]：开始构建定时指令队列，共 2 个引用
[2026-06-04 18:58:20] [DEBUG] [data][ModbusConfigParser][periodicCommandQueue]：已克隆定时指令 ref=ReadFoupStatus
[2026-06-04 18:58:20] [DEBUG] [data][ModbusConfigParser][periodicCommandQueue]：已克隆定时指令 ref=ReadIdlePurgeAll
[2026-06-04 18:58:20] [INFO] [data][ModbusConfigParser][periodicCommandQueue]：定时指令队列构建完成，共 2 条
[2026-06-04 18:58:20] [INFO] [data][ModbusTcpMasterPool][InitialCommandIssuer][initializeMaster]：已配置 InitialCommandIssuer 指令数=2 间隔=100 超时=1000 重试=3
[2026-06-04 18:58:20] [INFO] [data][ModbusTcpMasterPool][PeriodicCommandSender][initializeMaster]：已配置 PeriodicCommandSender 指令数=2 间隔=300 超时=1000 重试=0
[2026-06-04 18:58:20] [INFO] [data][ModbusTcpMasterPool][FirmwareUpgrader][initializeMaster]：已配置 FirmwareUpgrader PrepareTimeout=3000ms WaitingTime=1000ms SendInterval=160ms TransferTimeout=3000ms
[2026-06-04 18:58:20] [INFO] [data][ModbusTcpMasterManager][addMaster]：创建 Master ID=12018 IP=127.0.0.1 Port=517
[2026-06-04 18:58:20] [INFO] [data][ModbusTcpMasterPool][addMaster]：已创建并添加 Master ID=12018 IP=127.0.0.1 Port=517 到线程 17 ModbusPoolThread-17
[2026-06-04 18:58:20] [INFO] [data][ModbusTcpMasterPool][initializeMaster]：开始初始化 Master ID=12018
[2026-06-04 18:58:20] [INFO] [data][ModbusConfigParser][initialCommandQueue]：开始构建初始指令队列，共 2 个引用
[2026-06-04 18:58:20] [DEBUG] [data][ModbusConfigParser][initialCommandQueue]：已克隆初始指令 ref=ReadVersion
[2026-06-04 18:58:20] [DEBUG] [data][ModbusConfigParser][initialCommandQueue]：已克隆初始指令 ref=WriteVEFCGasType
[2026-06-04 18:58:20] [INFO] [data][ModbusConfigParser][initialCommandQueue]：初始指令队列构建完成，共 2 条
[2026-06-04 18:58:20] [INFO] [data][ModbusConfigParser][periodicCommandQueue]：开始构建定时指令队列，共 2 个引用
[2026-06-04 18:58:20] [DEBUG] [data][ModbusConfigParser][periodicCommandQueue]：已克隆定时指令 ref=ReadFoupStatus
[2026-06-04 18:58:20] [DEBUG] [data][ModbusConfigParser][periodicCommandQueue]：已克隆定时指令 ref=ReadIdlePurgeAll
[2026-06-04 18:58:20] [INFO] [data][ModbusConfigParser][periodicCommandQueue]：定时指令队列构建完成，共 2 条
[2026-06-04 18:58:20] [INFO] [data][ModbusTcpMasterPool][InitialCommandIssuer][initializeMaster]：已配置 InitialCommandIssuer 指令数=2 间隔=100 超时=1000 重试=3
[2026-06-04 18:58:20] [INFO] [data][ModbusTcpMasterPool][PeriodicCommandSender][initializeMaster]：已配置 PeriodicCommandSender 指令数=2 间隔=300 超时=1000 重试=0
[2026-06-04 18:58:20] [INFO] [data][ModbusTcpMasterPool][FirmwareUpgrader][initializeMaster]：已配置 FirmwareUpgrader PrepareTimeout=3000ms WaitingTime=1000ms SendInterval=160ms TransferTimeout=3000ms
[2026-06-04 18:58:20] [INFO] [data][ModbusTcpMasterManager][addMaster]：创建 Master ID=12019 IP=127.0.0.1 Port=518
[2026-06-04 18:58:20] [INFO] [data][ModbusTcpMasterPool][addMaster]：已创建并添加 Master ID=12019 IP=127.0.0.1 Port=518 到线程 18 ModbusPoolThread-18
[2026-06-04 18:58:20] [INFO] [data][ModbusTcpMasterPool][initializeMaster]：开始初始化 Master ID=12019
[2026-06-04 18:58:20] [INFO] [data][ModbusConfigParser][initialCommandQueue]：开始构建初始指令队列，共 2 个引用
[2026-06-04 18:58:20] [DEBUG] [data][ModbusConfigParser][initialCommandQueue]：已克隆初始指令 ref=ReadVersion
[2026-06-04 18:58:20] [DEBUG] [data][ModbusConfigParser][initialCommandQueue]：已克隆初始指令 ref=WriteVEFCGasType
[2026-06-04 18:58:20] [INFO] [data][ModbusConfigParser][initialCommandQueue]：初始指令队列构建完成，共 2 条
[2026-06-04 18:58:20] [INFO] [data][ModbusConfigParser][periodicCommandQueue]：开始构建定时指令队列，共 2 个引用
[2026-06-04 18:58:20] [DEBUG] [data][ModbusConfigParser][periodicCommandQueue]：已克隆定时指令 ref=ReadFoupStatus
[2026-06-04 18:58:20] [DEBUG] [data][ModbusConfigParser][periodicCommandQueue]：已克隆定时指令 ref=ReadIdlePurgeAll
[2026-06-04 18:58:20] [INFO] [data][ModbusConfigParser][periodicCommandQueue]：定时指令队列构建完成，共 2 条
[2026-06-04 18:58:20] [INFO] [data][ModbusTcpMasterPool][InitialCommandIssuer][initializeMaster]：已配置 InitialCommandIssuer 指令数=2 间隔=100 超时=1000 重试=3
[2026-06-04 18:58:20] [INFO] [data][ModbusTcpMasterPool][PeriodicCommandSender][initializeMaster]：已配置 PeriodicCommandSender 指令数=2 间隔=300 超时=1000 重试=0
[2026-06-04 18:58:20] [INFO] [data][ModbusTcpMasterPool][FirmwareUpgrader][initializeMaster]：已配置 FirmwareUpgrader PrepareTimeout=3000ms WaitingTime=1000ms SendInterval=160ms TransferTimeout=3000ms
[2026-06-04 18:58:20] [INFO] [data][ModbusTcpMasterManager][addMaster]：创建 Master ID=12020 IP=127.0.0.1 Port=519
[2026-06-04 18:58:20] [INFO] [data][ModbusTcpMasterPool][addMaster]：已创建并添加 Master ID=12020 IP=127.0.0.1 Port=519 到线程 19 ModbusPoolThread-19
[2026-06-04 18:58:20] [INFO] [data][ModbusTcpMasterPool][initializeMaster]：开始初始化 Master ID=12020
[2026-06-04 18:58:20] [INFO] [data][ModbusConfigParser][initialCommandQueue]：开始构建初始指令队列，共 2 个引用
[2026-06-04 18:58:20] [DEBUG] [data][ModbusConfigParser][initialCommandQueue]：已克隆初始指令 ref=ReadVersion
[2026-06-04 18:58:20] [DEBUG] [data][ModbusConfigParser][initialCommandQueue]：已克隆初始指令 ref=WriteVEFCGasType
[2026-06-04 18:58:20] [INFO] [data][ModbusConfigParser][initialCommandQueue]：初始指令队列构建完成，共 2 条
[2026-06-04 18:58:20] [INFO] [data][ModbusConfigParser][periodicCommandQueue]：开始构建定时指令队列，共 2 个引用
[2026-06-04 18:58:20] [DEBUG] [data][ModbusConfigParser][periodicCommandQueue]：已克隆定时指令 ref=ReadFoupStatus
[2026-06-04 18:58:20] [DEBUG] [data][ModbusConfigParser][periodicCommandQueue]：已克隆定时指令 ref=ReadIdlePurgeAll
[2026-06-04 18:58:20] [INFO] [data][ModbusConfigParser][periodicCommandQueue]：定时指令队列构建完成，共 2 条
[2026-06-04 18:58:20] [INFO] [data][ModbusTcpMasterPool][InitialCommandIssuer][initializeMaster]：已配置 InitialCommandIssuer 指令数=2 间隔=100 超时=1000 重试=3
[2026-06-04 18:58:20] [INFO] [data][ModbusTcpMasterPool][PeriodicCommandSender][initializeMaster]：已配置 PeriodicCommandSender 指令数=2 间隔=300 超时=1000 重试=0
[2026-06-04 18:58:20] [INFO] [data][ModbusTcpMasterPool][FirmwareUpgrader][initializeMaster]：已配置 FirmwareUpgrader PrepareTimeout=3000ms WaitingTime=1000ms SendInterval=160ms TransferTimeout=3000ms
[2026-06-04 18:58:20] [INFO] [data][ModbusTcpMasterManager][addMaster]：创建 Master ID=12021 IP=127.0.0.1 Port=520
[2026-06-04 18:58:20] [INFO] [data][ModbusTcpMasterPool][addMaster]：已创建并添加 Master ID=12021 IP=127.0.0.1 Port=520 到线程 20 ModbusPoolThread-20
[2026-06-04 18:58:20] [INFO] [data][ModbusTcpMasterPool][initializeMaster]：开始初始化 Master ID=12021
[2026-06-04 18:58:20] [INFO] [data][ModbusConfigParser][initialCommandQueue]：开始构建初始指令队列，共 2 个引用
[2026-06-04 18:58:20] [DEBUG] [data][ModbusConfigParser][initialCommandQueue]：已克隆初始指令 ref=ReadVersion
[2026-06-04 18:58:20] [DEBUG] [data][ModbusConfigParser][initialCommandQueue]：已克隆初始指令 ref=WriteVEFCGasType
[2026-06-04 18:58:20] [INFO] [data][ModbusConfigParser][initialCommandQueue]：初始指令队列构建完成，共 2 条
[2026-06-04 18:58:20] [INFO] [data][ModbusConfigParser][periodicCommandQueue]：开始构建定时指令队列，共 2 个引用
[2026-06-04 18:58:20] [DEBUG] [data][ModbusConfigParser][periodicCommandQueue]：已克隆定时指令 ref=ReadFoupStatus
[2026-06-04 18:58:20] [DEBUG] [data][ModbusConfigParser][periodicCommandQueue]：已克隆定时指令 ref=ReadIdlePurgeAll
[2026-06-04 18:58:20] [INFO] [data][ModbusConfigParser][periodicCommandQueue]：定时指令队列构建完成，共 2 条
[2026-06-04 18:58:20] [INFO] [data][ModbusTcpMasterPool][InitialCommandIssuer][initializeMaster]：已配置 InitialCommandIssuer 指令数=2 间隔=100 超时=1000 重试=3
[2026-06-04 18:58:20] [INFO] [data][ModbusTcpMasterPool][PeriodicCommandSender][initializeMaster]：已配置 PeriodicCommandSender 指令数=2 间隔=300 超时=1000 重试=0
[2026-06-04 18:58:20] [INFO] [data][ModbusTcpMasterPool][FirmwareUpgrader][initializeMaster]：已配置 FirmwareUpgrader PrepareTimeout=3000ms WaitingTime=1000ms SendInterval=160ms TransferTimeout=3000ms
[2026-06-04 18:58:20] [INFO] [data][ModbusTcpMasterManager][addMaster]：创建 Master ID=12022 IP=127.0.0.1 Port=521
[2026-06-04 18:58:20] [INFO] [data][ModbusTcpMasterPool][addMaster]：已创建并添加 Master ID=12022 IP=127.0.0.1 Port=521 到线程 21 ModbusPoolThread-21
[2026-06-04 18:58:20] [INFO] [data][ModbusTcpMasterPool][initializeMaster]：开始初始化 Master ID=12022
[2026-06-04 18:58:20] [INFO] [data][ModbusConfigParser][initialCommandQueue]：开始构建初始指令队列，共 2 个引用
[2026-06-04 18:58:20] [DEBUG] [data][ModbusConfigParser][initialCommandQueue]：已克隆初始指令 ref=ReadVersion
[2026-06-04 18:58:20] [DEBUG] [data][ModbusConfigParser][initialCommandQueue]：已克隆初始指令 ref=WriteVEFCGasType
[2026-06-04 18:58:20] [INFO] [data][ModbusConfigParser][initialCommandQueue]：初始指令队列构建完成，共 2 条
[2026-06-04 18:58:20] [INFO] [data][ModbusConfigParser][periodicCommandQueue]：开始构建定时指令队列，共 2 个引用
[2026-06-04 18:58:20] [DEBUG] [data][ModbusConfigParser][periodicCommandQueue]：已克隆定时指令 ref=ReadFoupStatus
[2026-06-04 18:58:20] [DEBUG] [data][ModbusConfigParser][periodicCommandQueue]：已克隆定时指令 ref=ReadIdlePurgeAll
[2026-06-04 18:58:20] [INFO] [data][ModbusConfigParser][periodicCommandQueue]：定时指令队列构建完成，共 2 条
[2026-06-04 18:58:20] [INFO] [data][ModbusTcpMasterPool][InitialCommandIssuer][initializeMaster]：已配置 InitialCommandIssuer 指令数=2 间隔=100 超时=1000 重试=3
[2026-06-04 18:58:20] [INFO] [data][ModbusTcpMasterPool][PeriodicCommandSender][initializeMaster]：已配置 PeriodicCommandSender 指令数=2 间隔=300 超时=1000 重试=0
[2026-06-04 18:58:20] [INFO] [data][ModbusTcpMasterPool][FirmwareUpgrader][initializeMaster]：已配置 FirmwareUpgrader PrepareTimeout=3000ms WaitingTime=1000ms SendInterval=160ms TransferTimeout=3000ms
[2026-06-04 18:58:20] [INFO] [data][ModbusTcpMasterManager][addMaster]：创建 Master ID=12023 IP=127.0.0.1 Port=522
[2026-06-04 18:58:20] [INFO] [data][ModbusTcpMasterPool][addMaster]：已创建并添加 Master ID=12023 IP=127.0.0.1 Port=522 到线程 0 ModbusPoolThread-0
[2026-06-04 18:58:20] [INFO] [data][ModbusTcpMasterPool][initializeMaster]：开始初始化 Master ID=12023
[2026-06-04 18:58:20] [INFO] [data][ModbusConfigParser][initialCommandQueue]：开始构建初始指令队列，共 2 个引用
[2026-06-04 18:58:20] [DEBUG] [data][ModbusConfigParser][initialCommandQueue]：已克隆初始指令 ref=ReadVersion
[2026-06-04 18:58:20] [DEBUG] [data][ModbusConfigParser][initialCommandQueue]：已克隆初始指令 ref=WriteVEFCGasType
[2026-06-04 18:58:20] [INFO] [data][ModbusConfigParser][initialCommandQueue]：初始指令队列构建完成，共 2 条
[2026-06-04 18:58:20] [INFO] [data][ModbusConfigParser][periodicCommandQueue]：开始构建定时指令队列，共 2 个引用
[2026-06-04 18:58:20] [DEBUG] [data][ModbusConfigParser][periodicCommandQueue]：已克隆定时指令 ref=ReadFoupStatus
[2026-06-04 18:58:20] [DEBUG] [data][ModbusConfigParser][periodicCommandQueue]：已克隆定时指令 ref=ReadIdlePurgeAll
[2026-06-04 18:58:20] [INFO] [data][ModbusConfigParser][periodicCommandQueue]：定时指令队列构建完成，共 2 条
[2026-06-04 18:58:20] [INFO] [data][ModbusTcpMasterPool][InitialCommandIssuer][initializeMaster]：已配置 InitialCommandIssuer 指令数=2 间隔=100 超时=1000 重试=3
[2026-06-04 18:58:20] [INFO] [data][ModbusTcpMasterPool][PeriodicCommandSender][initializeMaster]：已配置 PeriodicCommandSender 指令数=2 间隔=300 超时=1000 重试=0
[2026-06-04 18:58:20] [INFO] [data][ModbusTcpMasterPool][FirmwareUpgrader][initializeMaster]：已配置 FirmwareUpgrader PrepareTimeout=3000ms WaitingTime=1000ms SendInterval=160ms TransferTimeout=3000ms
[2026-06-04 18:58:20] [INFO] [data][ModbusTcpMasterManager][addMaster]：创建 Master ID=12024 IP=127.0.0.1 Port=523
[2026-06-04 18:58:20] [INFO] [data][ModbusTcpMasterPool][addMaster]：已创建并添加 Master ID=12024 IP=127.0.0.1 Port=523 到线程 1 ModbusPoolThread-1
[2026-06-04 18:58:20] [INFO] [data][ModbusTcpMasterPool][initializeMaster]：开始初始化 Master ID=12024
[2026-06-04 18:58:20] [INFO] [data][ModbusConfigParser][initialCommandQueue]：开始构建初始指令队列，共 2 个引用
[2026-06-04 18:58:20] [DEBUG] [data][ModbusConfigParser][initialCommandQueue]：已克隆初始指令 ref=ReadVersion
[2026-06-04 18:58:20] [DEBUG] [data][ModbusConfigParser][initialCommandQueue]：已克隆初始指令 ref=WriteVEFCGasType
[2026-06-04 18:58:20] [INFO] [data][ModbusConfigParser][initialCommandQueue]：初始指令队列构建完成，共 2 条
[2026-06-04 18:58:20] [INFO] [data][ModbusConfigParser][periodicCommandQueue]：开始构建定时指令队列，共 2 个引用
[2026-06-04 18:58:20] [DEBUG] [data][ModbusConfigParser][periodicCommandQueue]：已克隆定时指令 ref=ReadFoupStatus
[2026-06-04 18:58:20] [DEBUG] [data][ModbusConfigParser][periodicCommandQueue]：已克隆定时指令 ref=ReadIdlePurgeAll
[2026-06-04 18:58:20] [INFO] [data][ModbusConfigParser][periodicCommandQueue]：定时指令队列构建完成，共 2 条
[2026-06-04 18:58:20] [INFO] [data][ModbusTcpMasterPool][InitialCommandIssuer][initializeMaster]：已配置 InitialCommandIssuer 指令数=2 间隔=100 超时=1000 重试=3
[2026-06-04 18:58:20] [INFO] [data][ModbusTcpMasterPool][PeriodicCommandSender][initializeMaster]：已配置 PeriodicCommandSender 指令数=2 间隔=300 超时=1000 重试=0
[2026-06-04 18:58:20] [INFO] [data][ModbusTcpMasterPool][FirmwareUpgrader][initializeMaster]：已配置 FirmwareUpgrader PrepareTimeout=3000ms WaitingTime=1000ms SendInterval=160ms TransferTimeout=3000ms
[2026-06-04 18:58:20] [INFO] [data][ModbusTcpMasterManager][addMaster]：创建 Master ID=12025 IP=127.0.0.1 Port=524
[2026-06-04 18:58:20] [INFO] [data][ModbusTcpMasterPool][addMaster]：已创建并添加 Master ID=12025 IP=127.0.0.1 Port=524 到线程 2 ModbusPoolThread-2
[2026-06-04 18:58:20] [INFO] [data][ModbusTcpMasterPool][initializeMaster]：开始初始化 Master ID=12025
[2026-06-04 18:58:20] [INFO] [data][ModbusConfigParser][initialCommandQueue]：开始构建初始指令队列，共 2 个引用
[2026-06-04 18:58:20] [DEBUG] [data][ModbusConfigParser][initialCommandQueue]：已克隆初始指令 ref=ReadVersion
[2026-06-04 18:58:20] [DEBUG] [data][ModbusConfigParser][initialCommandQueue]：已克隆初始指令 ref=WriteVEFCGasType
[2026-06-04 18:58:20] [INFO] [data][ModbusConfigParser][initialCommandQueue]：初始指令队列构建完成，共 2 条
[2026-06-04 18:58:20] [INFO] [data][ModbusConfigParser][periodicCommandQueue]：开始构建定时指令队列，共 2 个引用
[2026-06-04 18:58:20] [DEBUG] [data][ModbusConfigParser][periodicCommandQueue]：已克隆定时指令 ref=ReadFoupStatus
[2026-06-04 18:58:20] [DEBUG] [data][ModbusConfigParser][periodicCommandQueue]：已克隆定时指令 ref=ReadIdlePurgeAll
[2026-06-04 18:58:20] [INFO] [data][ModbusConfigParser][periodicCommandQueue]：定时指令队列构建完成，共 2 条
[2026-06-04 18:58:20] [INFO] [data][ModbusTcpMasterPool][InitialCommandIssuer][initializeMaster]：已配置 InitialCommandIssuer 指令数=2 间隔=100 超时=1000 重试=3
[2026-06-04 18:58:20] [INFO] [data][ModbusTcpMasterPool][PeriodicCommandSender][initializeMaster]：已配置 PeriodicCommandSender 指令数=2 间隔=300 超时=1000 重试=0
[2026-06-04 18:58:20] [INFO] [data][ModbusTcpMasterPool][FirmwareUpgrader][initializeMaster]：已配置 FirmwareUpgrader PrepareTimeout=3000ms WaitingTime=1000ms SendInterval=160ms TransferTimeout=3000ms
[2026-06-04 18:58:20] [INFO] [data][ModbusTcpMasterManager][addMaster]：创建 Master ID=12026 IP=127.0.0.1 Port=525
[2026-06-04 18:58:20] [INFO] [data][ModbusTcpMasterPool][addMaster]：已创建并添加 Master ID=12026 IP=127.0.0.1 Port=525 到线程 3 ModbusPoolThread-3
[2026-06-04 18:58:20] [INFO] [data][ModbusTcpMasterPool][initializeMaster]：开始初始化 Master ID=12026
[2026-06-04 18:58:20] [INFO] [data][ModbusConfigParser][initialCommandQueue]：开始构建初始指令队列，共 2 个引用
[2026-06-04 18:58:20] [DEBUG] [data][ModbusConfigParser][initialCommandQueue]：已克隆初始指令 ref=ReadVersion
[2026-06-04 18:58:20] [DEBUG] [data][ModbusConfigParser][initialCommandQueue]：已克隆初始指令 ref=WriteVEFCGasType
[2026-06-04 18:58:20] [INFO] [data][ModbusConfigParser][initialCommandQueue]：初始指令队列构建完成，共 2 条
[2026-06-04 18:58:20] [INFO] [data][ModbusConfigParser][periodicCommandQueue]：开始构建定时指令队列，共 2 个引用
[2026-06-04 18:58:20] [DEBUG] [data][ModbusConfigParser][periodicCommandQueue]：已克隆定时指令 ref=ReadFoupStatus
[2026-06-04 18:58:20] [DEBUG] [data][ModbusConfigParser][periodicCommandQueue]：已克隆定时指令 ref=ReadIdlePurgeAll
[2026-06-04 18:58:20] [INFO] [data][ModbusConfigParser][periodicCommandQueue]：定时指令队列构建完成，共 2 条
[2026-06-04 18:58:20] [INFO] [data][ModbusTcpMasterPool][InitialCommandIssuer][initializeMaster]：已配置 InitialCommandIssuer 指令数=2 间隔=100 超时=1000 重试=3
[2026-06-04 18:58:20] [INFO] [data][ModbusTcpMasterPool][PeriodicCommandSender][initializeMaster]：已配置 PeriodicCommandSender 指令数=2 间隔=300 超时=1000 重试=0
[2026-06-04 18:58:20] [INFO] [data][ModbusTcpMasterPool][FirmwareUpgrader][initializeMaster]：已配置 FirmwareUpgrader PrepareTimeout=3000ms WaitingTime=1000ms SendInterval=160ms TransferTimeout=3000ms
[2026-06-04 18:58:20] [INFO] [data][ModbusTcpMasterManager][addMaster]：创建 Master ID=12027 IP=127.0.0.1 Port=526
[2026-06-04 18:58:20] [INFO] [data][ModbusTcpMasterPool][addMaster]：已创建并添加 Master ID=12027 IP=127.0.0.1 Port=526 到线程 4 ModbusPoolThread-4
[2026-06-04 18:58:20] [INFO] [data][ModbusTcpMasterPool][initializeMaster]：开始初始化 Master ID=12027
[2026-06-04 18:58:20] [INFO] [data][ModbusConfigParser][initialCommandQueue]：开始构建初始指令队列，共 2 个引用
[2026-06-04 18:58:20] [DEBUG] [data][ModbusConfigParser][initialCommandQueue]：已克隆初始指令 ref=ReadVersion
[2026-06-04 18:58:20] [DEBUG] [data][ModbusConfigParser][initialCommandQueue]：已克隆初始指令 ref=WriteVEFCGasType
[2026-06-04 18:58:20] [INFO] [data][ModbusConfigParser][initialCommandQueue]：初始指令队列构建完成，共 2 条
[2026-06-04 18:58:20] [INFO] [data][ModbusConfigParser][periodicCommandQueue]：开始构建定时指令队列，共 2 个引用
[2026-06-04 18:58:20] [DEBUG] [data][ModbusConfigParser][periodicCommandQueue]：已克隆定时指令 ref=ReadFoupStatus
[2026-06-04 18:58:20] [DEBUG] [data][ModbusConfigParser][periodicCommandQueue]：已克隆定时指令 ref=ReadIdlePurgeAll
[2026-06-04 18:58:20] [INFO] [data][ModbusConfigParser][periodicCommandQueue]：定时指令队列构建完成，共 2 条
[2026-06-04 18:58:20] [INFO] [data][ModbusTcpMasterPool][InitialCommandIssuer][initializeMaster]：已配置 InitialCommandIssuer 指令数=2 间隔=100 超时=1000 重试=3
[2026-06-04 18:58:20] [INFO] [data][ModbusTcpMasterPool][PeriodicCommandSender][initializeMaster]：已配置 PeriodicCommandSender 指令数=2 间隔=300 超时=1000 重试=0
[2026-06-04 18:58:20] [INFO] [data][ModbusTcpMasterPool][FirmwareUpgrader][initializeMaster]：已配置 FirmwareUpgrader PrepareTimeout=3000ms WaitingTime=1000ms SendInterval=160ms TransferTimeout=3000ms
[2026-06-04 18:58:20] [INFO] [data][ModbusTcpMasterManager][addMaster]：创建 Master ID=12028 IP=127.0.0.1 Port=527
[2026-06-04 18:58:20] [INFO] [data][ModbusTcpMasterPool][addMaster]：已创建并添加 Master ID=12028 IP=127.0.0.1 Port=527 到线程 5 ModbusPoolThread-5
[2026-06-04 18:58:20] [INFO] [data][ModbusTcpMasterPool][initializeMaster]：开始初始化 Master ID=12028
[2026-06-04 18:58:20] [INFO] [data][ModbusConfigParser][initialCommandQueue]：开始构建初始指令队列，共 2 个引用
[2026-06-04 18:58:20] [DEBUG] [data][ModbusConfigParser][initialCommandQueue]：已克隆初始指令 ref=ReadVersion
[2026-06-04 18:58:20] [DEBUG] [data][ModbusConfigParser][initialCommandQueue]：已克隆初始指令 ref=WriteVEFCGasType
[2026-06-04 18:58:20] [INFO] [data][ModbusConfigParser][initialCommandQueue]：初始指令队列构建完成，共 2 条
[2026-06-04 18:58:20] [INFO] [data][ModbusConfigParser][periodicCommandQueue]：开始构建定时指令队列，共 2 个引用
[2026-06-04 18:58:20] [DEBUG] [data][ModbusConfigParser][periodicCommandQueue]：已克隆定时指令 ref=ReadFoupStatus
[2026-06-04 18:58:20] [DEBUG] [data][ModbusConfigParser][periodicCommandQueue]：已克隆定时指令 ref=ReadIdlePurgeAll
[2026-06-04 18:58:20] [INFO] [data][ModbusConfigParser][periodicCommandQueue]：定时指令队列构建完成，共 2 条
[2026-06-04 18:58:20] [INFO] [data][ModbusTcpMasterPool][InitialCommandIssuer][initializeMaster]：已配置 InitialCommandIssuer 指令数=2 间隔=100 超时=1000 重试=3
[2026-06-04 18:58:20] [INFO] [data][ModbusTcpMasterPool][PeriodicCommandSender][initializeMaster]：已配置 PeriodicCommandSender 指令数=2 间隔=300 超时=1000 重试=0
[2026-06-04 18:58:20] [INFO] [data][ModbusTcpMasterPool][FirmwareUpgrader][initializeMaster]：已配置 FirmwareUpgrader PrepareTimeout=3000ms WaitingTime=1000ms SendInterval=160ms TransferTimeout=3000ms
[2026-06-04 18:58:20] [INFO] [data][ModbusTcpMasterManager][addMaster]：创建 Master ID=12029 IP=127.0.0.1 Port=528
[2026-06-04 18:58:20] [INFO] [data][ModbusTcpMasterPool][addMaster]：已创建并添加 Master ID=12029 IP=127.0.0.1 Port=528 到线程 6 ModbusPoolThread-6
[2026-06-04 18:58:20] [INFO] [data][ModbusTcpMasterPool][initializeMaster]：开始初始化 Master ID=12029
[2026-06-04 18:58:20] [INFO] [data][ModbusConfigParser][initialCommandQueue]：开始构建初始指令队列，共 2 个引用
[2026-06-04 18:58:20] [DEBUG] [data][ModbusConfigParser][initialCommandQueue]：已克隆初始指令 ref=ReadVersion
[2026-06-04 18:58:20] [DEBUG] [data][ModbusConfigParser][initialCommandQueue]：已克隆初始指令 ref=WriteVEFCGasType
[2026-06-04 18:58:20] [INFO] [data][ModbusConfigParser][initialCommandQueue]：初始指令队列构建完成，共 2 条
[2026-06-04 18:58:20] [INFO] [data][ModbusConfigParser][periodicCommandQueue]：开始构建定时指令队列，共 2 个引用
[2026-06-04 18:58:20] [DEBUG] [data][ModbusConfigParser][periodicCommandQueue]：已克隆定时指令 ref=ReadFoupStatus
[2026-06-04 18:58:20] [DEBUG] [data][ModbusConfigParser][periodicCommandQueue]：已克隆定时指令 ref=ReadIdlePurgeAll
[2026-06-04 18:58:20] [INFO] [data][ModbusConfigParser][periodicCommandQueue]：定时指令队列构建完成，共 2 条
[2026-06-04 18:58:20] [INFO] [data][ModbusTcpMasterPool][InitialCommandIssuer][initializeMaster]：已配置 InitialCommandIssuer 指令数=2 间隔=100 超时=1000 重试=3
[2026-06-04 18:58:20] [INFO] [data][ModbusTcpMasterPool][PeriodicCommandSender][initializeMaster]：已配置 PeriodicCommandSender 指令数=2 间隔=300 超时=1000 重试=0
[2026-06-04 18:58:20] [INFO] [data][ModbusTcpMasterPool][FirmwareUpgrader][initializeMaster]：已配置 FirmwareUpgrader PrepareTimeout=3000ms WaitingTime=1000ms SendInterval=160ms TransferTimeout=3000ms
[2026-06-04 18:58:20] [INFO] [data][ModbusTcpMasterManager][addMaster]：创建 Master ID=12030 IP=127.0.0.1 Port=529
[2026-06-04 18:58:20] [INFO] [data][ModbusTcpMasterPool][addMaster]：已创建并添加 Master ID=12030 IP=127.0.0.1 Port=529 到线程 7 ModbusPoolThread-7
[2026-06-04 18:58:20] [INFO] [data][ModbusTcpMasterPool][initializeMaster]：开始初始化 Master ID=12030
[2026-06-04 18:58:20] [INFO] [data][ModbusConfigParser][initialCommandQueue]：开始构建初始指令队列，共 2 个引用
[2026-06-04 18:58:20] [DEBUG] [data][ModbusConfigParser][initialCommandQueue]：已克隆初始指令 ref=ReadVersion
[2026-06-04 18:58:20] [DEBUG] [data][ModbusConfigParser][initialCommandQueue]：已克隆初始指令 ref=WriteVEFCGasType
[2026-06-04 18:58:20] [INFO] [data][ModbusConfigParser][initialCommandQueue]：初始指令队列构建完成，共 2 条
[2026-06-04 18:58:20] [INFO] [data][ModbusConfigParser][periodicCommandQueue]：开始构建定时指令队列，共 2 个引用
[2026-06-04 18:58:20] [DEBUG] [data][ModbusConfigParser][periodicCommandQueue]：已克隆定时指令 ref=ReadFoupStatus
[2026-06-04 18:58:20] [DEBUG] [data][ModbusConfigParser][periodicCommandQueue]：已克隆定时指令 ref=ReadIdlePurgeAll
[2026-06-04 18:58:20] [INFO] [data][ModbusConfigParser][periodicCommandQueue]：定时指令队列构建完成，共 2 条
[2026-06-04 18:58:20] [INFO] [data][ModbusTcpMasterPool][InitialCommandIssuer][initializeMaster]：已配置 InitialCommandIssuer 指令数=2 间隔=100 超时=1000 重试=3
[2026-06-04 18:58:20] [INFO] [data][ModbusTcpMasterPool][PeriodicCommandSender][initializeMaster]：已配置 PeriodicCommandSender 指令数=2 间隔=300 超时=1000 重试=0
[2026-06-04 18:58:20] [INFO] [data][ModbusTcpMasterPool][FirmwareUpgrader][initializeMaster]：已配置 FirmwareUpgrader PrepareTimeout=3000ms WaitingTime=1000ms SendInterval=160ms TransferTimeout=3000ms
[2026-06-04 18:58:20] [INFO] [data][ModbusTcpMasterManager][addMaster]：创建 Master ID=12031 IP=127.0.0.1 Port=530
[2026-06-04 18:58:20] [INFO] [data][ModbusTcpMasterPool][addMaster]：已创建并添加 Master ID=12031 IP=127.0.0.1 Port=530 到线程 8 ModbusPoolThread-8
[2026-06-04 18:58:20] [INFO] [data][ModbusTcpMasterPool][initializeMaster]：开始初始化 Master ID=12031
[2026-06-04 18:58:20] [INFO] [data][ModbusConfigParser][initialCommandQueue]：开始构建初始指令队列，共 2 个引用
[2026-06-04 18:58:20] [DEBUG] [data][ModbusConfigParser][initialCommandQueue]：已克隆初始指令 ref=ReadVersion
[2026-06-04 18:58:20] [DEBUG] [data][ModbusConfigParser][initialCommandQueue]：已克隆初始指令 ref=WriteVEFCGasType
[2026-06-04 18:58:20] [INFO] [data][ModbusConfigParser][initialCommandQueue]：初始指令队列构建完成，共 2 条
[2026-06-04 18:58:20] [INFO] [data][ModbusConfigParser][periodicCommandQueue]：开始构建定时指令队列，共 2 个引用
[2026-06-04 18:58:20] [DEBUG] [data][ModbusConfigParser][periodicCommandQueue]：已克隆定时指令 ref=ReadFoupStatus
[2026-06-04 18:58:20] [DEBUG] [data][ModbusConfigParser][periodicCommandQueue]：已克隆定时指令 ref=ReadIdlePurgeAll
[2026-06-04 18:58:20] [INFO] [data][ModbusConfigParser][periodicCommandQueue]：定时指令队列构建完成，共 2 条
[2026-06-04 18:58:20] [INFO] [data][ModbusTcpMasterPool][InitialCommandIssuer][initializeMaster]：已配置 InitialCommandIssuer 指令数=2 间隔=100 超时=1000 重试=3
[2026-06-04 18:58:20] [INFO] [data][ModbusTcpMasterPool][PeriodicCommandSender][initializeMaster]：已配置 PeriodicCommandSender 指令数=2 间隔=300 超时=1000 重试=0
[2026-06-04 18:58:20] [INFO] [data][ModbusTcpMasterPool][FirmwareUpgrader][initializeMaster]：已配置 FirmwareUpgrader PrepareTimeout=3000ms WaitingTime=1000ms SendInterval=160ms TransferTimeout=3000ms
[2026-06-04 18:58:20] [INFO] [data][ModbusTcpMasterManager][addMaster]：创建 Master ID=12032 IP=127.0.0.1 Port=531
[2026-06-04 18:58:20] [INFO] [data][ModbusTcpMasterPool][addMaster]：已创建并添加 Master ID=12032 IP=127.0.0.1 Port=531 到线程 9 ModbusPoolThread-9
[2026-06-04 18:58:20] [INFO] [data][ModbusTcpMasterPool][initializeMaster]：开始初始化 Master ID=12032
[2026-06-04 18:58:20] [INFO] [data][ModbusConfigParser][initialCommandQueue]：开始构建初始指令队列，共 2 个引用
[2026-06-04 18:58:20] [DEBUG] [data][ModbusConfigParser][initialCommandQueue]：已克隆初始指令 ref=ReadVersion
[2026-06-04 18:58:20] [DEBUG] [data][ModbusConfigParser][initialCommandQueue]：已克隆初始指令 ref=WriteVEFCGasType
[2026-06-04 18:58:20] [INFO] [data][ModbusConfigParser][initialCommandQueue]：初始指令队列构建完成，共 2 条
[2026-06-04 18:58:20] [INFO] [data][ModbusConfigParser][periodicCommandQueue]：开始构建定时指令队列，共 2 个引用
[2026-06-04 18:58:20] [DEBUG] [data][ModbusConfigParser][periodicCommandQueue]：已克隆定时指令 ref=ReadFoupStatus
[2026-06-04 18:58:20] [DEBUG] [data][ModbusConfigParser][periodicCommandQueue]：已克隆定时指令 ref=ReadIdlePurgeAll
[2026-06-04 18:58:20] [INFO] [data][ModbusConfigParser][periodicCommandQueue]：定时指令队列构建完成，共 2 条
[2026-06-04 18:58:20] [INFO] [data][ModbusTcpMasterPool][InitialCommandIssuer][initializeMaster]：已配置 InitialCommandIssuer 指令数=2 间隔=100 超时=1000 重试=3
[2026-06-04 18:58:20] [INFO] [data][ModbusTcpMasterPool][PeriodicCommandSender][initializeMaster]：已配置 PeriodicCommandSender 指令数=2 间隔=300 超时=1000 重试=0
[2026-06-04 18:58:20] [INFO] [data][ModbusTcpMasterPool][FirmwareUpgrader][initializeMaster]：已配置 FirmwareUpgrader PrepareTimeout=3000ms WaitingTime=1000ms SendInterval=160ms TransferTimeout=3000ms
[2026-06-04 18:58:20] [INFO] [data][ModbusTcpMasterManager][addMaster]：创建 Master ID=12033 IP=127.0.0.1 Port=532
[2026-06-04 18:58:20] [INFO] [data][ModbusTcpMasterPool][addMaster]：已创建并添加 Master ID=12033 IP=127.0.0.1 Port=532 到线程 10 ModbusPoolThread-10
[2026-06-04 18:58:20] [INFO] [data][ModbusTcpMasterPool][initializeMaster]：开始初始化 Master ID=12033
[2026-06-04 18:58:20] [INFO] [data][ModbusConfigParser][initialCommandQueue]：开始构建初始指令队列，共 2 个引用
[2026-06-04 18:58:20] [DEBUG] [data][ModbusConfigParser][initialCommandQueue]：已克隆初始指令 ref=ReadVersion
[2026-06-04 18:58:20] [DEBUG] [data][ModbusConfigParser][initialCommandQueue]：已克隆初始指令 ref=WriteVEFCGasType
[2026-06-04 18:58:20] [INFO] [data][ModbusConfigParser][initialCommandQueue]：初始指令队列构建完成，共 2 条
[2026-06-04 18:58:20] [INFO] [data][ModbusConfigParser][periodicCommandQueue]：开始构建定时指令队列，共 2 个引用
[2026-06-04 18:58:20] [DEBUG] [data][ModbusConfigParser][periodicCommandQueue]：已克隆定时指令 ref=ReadFoupStatus
[2026-06-04 18:58:20] [DEBUG] [data][ModbusConfigParser][periodicCommandQueue]：已克隆定时指令 ref=ReadIdlePurgeAll
[2026-06-04 18:58:20] [INFO] [data][ModbusConfigParser][periodicCommandQueue]：定时指令队列构建完成，共 2 条
[2026-06-04 18:58:20] [INFO] [data][ModbusTcpMasterPool][InitialCommandIssuer][initializeMaster]：已配置 InitialCommandIssuer 指令数=2 间隔=100 超时=1000 重试=3
[2026-06-04 18:58:20] [INFO] [data][ModbusTcpMasterPool][PeriodicCommandSender][initializeMaster]：已配置 PeriodicCommandSender 指令数=2 间隔=300 超时=1000 重试=0
[2026-06-04 18:58:20] [INFO] [data][ModbusTcpMasterPool][FirmwareUpgrader][initializeMaster]：已配置 FirmwareUpgrader PrepareTimeout=3000ms WaitingTime=1000ms SendInterval=160ms TransferTimeout=3000ms
[2026-06-04 18:58:20] [INFO] [data][ModbusTcpMasterManager][addMaster]：创建 Master ID=12034 IP=127.0.0.1 Port=533
[2026-06-04 18:58:20] [INFO] [data][ModbusTcpMasterPool][addMaster]：已创建并添加 Master ID=12034 IP=127.0.0.1 Port=533 到线程 11 ModbusPoolThread-11
[2026-06-04 18:58:20] [INFO] [data][ModbusTcpMasterPool][initializeMaster]：开始初始化 Master ID=12034
[2026-06-04 18:58:20] [INFO] [data][ModbusConfigParser][initialCommandQueue]：开始构建初始指令队列，共 2 个引用
[2026-06-04 18:58:20] [DEBUG] [data][ModbusConfigParser][initialCommandQueue]：已克隆初始指令 ref=ReadVersion
[2026-06-04 18:58:20] [DEBUG] [data][ModbusConfigParser][initialCommandQueue]：已克隆初始指令 ref=WriteVEFCGasType
[2026-06-04 18:58:20] [INFO] [data][ModbusConfigParser][initialCommandQueue]：初始指令队列构建完成，共 2 条
[2026-06-04 18:58:20] [INFO] [data][ModbusConfigParser][periodicCommandQueue]：开始构建定时指令队列，共 2 个引用
[2026-06-04 18:58:20] [DEBUG] [data][ModbusConfigParser][periodicCommandQueue]：已克隆定时指令 ref=ReadFoupStatus
[2026-06-04 18:58:20] [DEBUG] [data][ModbusConfigParser][periodicCommandQueue]：已克隆定时指令 ref=ReadIdlePurgeAll
[2026-06-04 18:58:20] [INFO] [data][ModbusConfigParser][periodicCommandQueue]：定时指令队列构建完成，共 2 条
[2026-06-04 18:58:20] [INFO] [data][ModbusTcpMasterPool][InitialCommandIssuer][initializeMaster]：已配置 InitialCommandIssuer 指令数=2 间隔=100 超时=1000 重试=3
[2026-06-04 18:58:20] [INFO] [data][ModbusTcpMasterPool][PeriodicCommandSender][initializeMaster]：已配置 PeriodicCommandSender 指令数=2 间隔=300 超时=1000 重试=0
[2026-06-04 18:58:20] [INFO] [data][ModbusTcpMasterPool][FirmwareUpgrader][initializeMaster]：已配置 FirmwareUpgrader PrepareTimeout=3000ms WaitingTime=1000ms SendInterval=160ms TransferTimeout=3000ms
[2026-06-04 18:58:20] [INFO] [data][ModbusTcpMasterManager][addMaster]：创建 Master ID=12035 IP=127.0.0.1 Port=534
[2026-06-04 18:58:20] [INFO] [data][ModbusTcpMasterPool][addMaster]：已创建并添加 Master ID=12035 IP=127.0.0.1 Port=534 到线程 12 ModbusPoolThread-12
[2026-06-04 18:58:20] [INFO] [data][ModbusTcpMasterPool][initializeMaster]：开始初始化 Master ID=12035
[2026-06-04 18:58:20] [INFO] [data][ModbusConfigParser][initialCommandQueue]：开始构建初始指令队列，共 2 个引用
[2026-06-04 18:58:20] [DEBUG] [data][ModbusConfigParser][initialCommandQueue]：已克隆初始指令 ref=ReadVersion
[2026-06-04 18:58:20] [DEBUG] [data][ModbusConfigParser][initialCommandQueue]：已克隆初始指令 ref=WriteVEFCGasType
[2026-06-04 18:58:20] [DEBUG] [data][ModbusConfigParser][periodicCommandQueue]：已克隆定时指令 ref=ReadIdlePurgeAll
[2026-06-04 18:58:20] [INFO] [data][ModbusConfigParser][periodicCommandQueue]：定时指令队列构建完成，共 2 条
[2026-06-04 18:58:20] [INFO] [data][ModbusTcpMasterPool][InitialCommandIssuer][initializeMaster]：已配置 InitialCommandIssuer 指令数=2 间隔=100 超时=1000 重试=3
[2026-06-04 18:58:20] [INFO] [data][ModbusConfigParser][periodicCommandQueue]：开始构建定时指令队列，共 2 个引用
[2026-06-04 18:58:20] [DEBUG] [data][ModbusConfigParser][periodicCommandQueue]：已克隆定时指令 ref=ReadFoupStatus
[2026-06-04 18:58:20] [INFO] [data][ModbusConfigParser][initialCommandQueue]：初始指令队列构建完成，共 2 条
[2026-06-04 18:58:20] [INFO] [data][ModbusTcpMasterPool][PeriodicCommandSender][initializeMaster]：已配置 PeriodicCommandSender 指令数=2 间隔=300 超时=1000 重试=0
[2026-06-04 18:58:20] [INFO] [data][ModbusTcpMasterPool][FirmwareUpgrader][initializeMaster]：已配置 FirmwareUpgrader PrepareTimeout=3000ms WaitingTime=1000ms SendInterval=160ms TransferTimeout=3000ms
[2026-06-04 18:58:20] [INFO] [data][ModbusTcpMasterManager][addMaster]：创建 Master ID=12036 IP=127.0.0.1 Port=535
[2026-06-04 18:58:20] [INFO] [data][ModbusTcpMasterPool][addMaster]：已创建并添加 Master ID=12036 IP=127.0.0.1 Port=535 到线程 13 ModbusPoolThread-13
[2026-06-04 18:58:20] [INFO] [data][ModbusTcpMasterPool][initializeMaster]：开始初始化 Master ID=12036
[2026-06-04 18:58:20] [INFO] [data][ModbusConfigParser][initialCommandQueue]：开始构建初始指令队列，共 2 个引用
[2026-06-04 18:58:20] [DEBUG] [data][ModbusConfigParser][initialCommandQueue]：已克隆初始指令 ref=ReadVersion
[2026-06-04 18:58:20] [DEBUG] [data][ModbusConfigParser][initialCommandQueue]：已克隆初始指令 ref=WriteVEFCGasType
[2026-06-04 18:58:20] [INFO] [data][ModbusConfigParser][initialCommandQueue]：初始指令队列构建完成，共 2 条
[2026-06-04 18:58:20] [INFO] [data][ModbusConfigParser][periodicCommandQueue]：开始构建定时指令队列，共 2 个引用
[2026-06-04 18:58:20] [DEBUG] [data][ModbusConfigParser][periodicCommandQueue]：已克隆定时指令 ref=ReadFoupStatus
[2026-06-04 18:58:20] [DEBUG] [data][ModbusConfigParser][periodicCommandQueue]：已克隆定时指令 ref=ReadIdlePurgeAll
[2026-06-04 18:58:20] [INFO] [data][ModbusConfigParser][periodicCommandQueue]：定时指令队列构建完成，共 2 条
[2026-06-04 18:58:20] [INFO] [data][ModbusTcpMasterPool][InitialCommandIssuer][initializeMaster]：已配置 InitialCommandIssuer 指令数=2 间隔=100 超时=1000 重试=3
[2026-06-04 18:58:20] [INFO] [data][ModbusTcpMasterPool][PeriodicCommandSender][initializeMaster]：已配置 PeriodicCommandSender 指令数=2 间隔=300 超时=1000 重试=0
[2026-06-04 18:58:20] [INFO] [data][ModbusTcpMasterPool][FirmwareUpgrader][initializeMaster]：已配置 FirmwareUpgrader PrepareTimeout=3000ms WaitingTime=1000ms SendInterval=160ms TransferTimeout=3000ms
[2026-06-04 18:58:20] [INFO] [data][ModbusTcpMasterManager][addMaster]：创建 Master ID=12037 IP=127.0.0.1 Port=536
[2026-06-04 18:58:20] [INFO] [data][ModbusTcpMasterPool][addMaster]：已创建并添加 Master ID=12037 IP=127.0.0.1 Port=536 到线程 14 ModbusPoolThread-14
[2026-06-04 18:58:20] [INFO] [data][ModbusTcpMasterPool][initializeMaster]：开始初始化 Master ID=12037
[2026-06-04 18:58:20] [INFO] [data][ModbusConfigParser][initialCommandQueue]：开始构建初始指令队列，共 2 个引用
[2026-06-04 18:58:20] [DEBUG] [data][ModbusConfigParser][initialCommandQueue]：已克隆初始指令 ref=ReadVersion
[2026-06-04 18:58:20] [DEBUG] [data][ModbusConfigParser][initialCommandQueue]：已克隆初始指令 ref=WriteVEFCGasType
[2026-06-04 18:58:20] [INFO] [data][ModbusConfigParser][initialCommandQueue]：初始指令队列构建完成，共 2 条
[2026-06-04 18:58:20] [INFO] [data][ModbusConfigParser][periodicCommandQueue]：开始构建定时指令队列，共 2 个引用
[2026-06-04 18:58:20] [DEBUG] [data][ModbusConfigParser][periodicCommandQueue]：已克隆定时指令 ref=ReadFoupStatus
[2026-06-04 18:58:20] [DEBUG] [data][ModbusConfigParser][periodicCommandQueue]：已克隆定时指令 ref=ReadIdlePurgeAll
[2026-06-04 18:58:20] [INFO] [data][ModbusConfigParser][periodicCommandQueue]：定时指令队列构建完成，共 2 条
[2026-06-04 18:58:20] [INFO] [data][ModbusTcpMasterPool][InitialCommandIssuer][initializeMaster]：已配置 InitialCommandIssuer 指令数=2 间隔=100 超时=1000 重试=3
[2026-06-04 18:58:20] [INFO] [data][ModbusTcpMasterPool][PeriodicCommandSender][initializeMaster]：已配置 PeriodicCommandSender 指令数=2 间隔=300 超时=1000 重试=0
[2026-06-04 18:58:20] [INFO] [data][ModbusTcpMasterPool][FirmwareUpgrader][initializeMaster]：已配置 FirmwareUpgrader PrepareTimeout=3000ms WaitingTime=1000ms SendInterval=160ms TransferTimeout=3000ms
[2026-06-04 18:58:20] [INFO] [data][ModbusTcpMasterManager][addMaster]：创建 Master ID=12038 IP=127.0.0.1 Port=537
[2026-06-04 18:58:20] [INFO] [data][ModbusTcpMasterPool][addMaster]：已创建并添加 Master ID=12038 IP=127.0.0.1 Port=537 到线程 15 ModbusPoolThread-15
[2026-06-04 18:58:20] [INFO] [data][ModbusTcpMasterPool][initializeMaster]：开始初始化 Master ID=12038
[2026-06-04 18:58:20] [INFO] [data][ModbusConfigParser][initialCommandQueue]：开始构建初始指令队列，共 2 个引用
[2026-06-04 18:58:20] [DEBUG] [data][ModbusConfigParser][initialCommandQueue]：已克隆初始指令 ref=ReadVersion
[2026-06-04 18:58:20] [DEBUG] [data][ModbusConfigParser][initialCommandQueue]：已克隆初始指令 ref=WriteVEFCGasType
[2026-06-04 18:58:20] [INFO] [data][ModbusConfigParser][initialCommandQueue]：初始指令队列构建完成，共 2 条
[2026-06-04 18:58:20] [INFO] [data][ModbusConfigParser][periodicCommandQueue]：开始构建定时指令队列，共 2 个引用
[2026-06-04 18:58:20] [DEBUG] [data][ModbusConfigParser][periodicCommandQueue]：已克隆定时指令 ref=ReadFoupStatus
[2026-06-04 18:58:20] [DEBUG] [data][ModbusConfigParser][periodicCommandQueue]：已克隆定时指令 ref=ReadIdlePurgeAll
[2026-06-04 18:58:20] [INFO] [data][ModbusConfigParser][periodicCommandQueue]：定时指令队列构建完成，共 2 条
[2026-06-04 18:58:20] [INFO] [data][ModbusTcpMasterPool][InitialCommandIssuer][initializeMaster]：已配置 InitialCommandIssuer 指令数=2 间隔=100 超时=1000 重试=3
[2026-06-04 18:58:20] [INFO] [data][ModbusTcpMasterPool][PeriodicCommandSender][initializeMaster]：已配置 PeriodicCommandSender 指令数=2 间隔=300 超时=1000 重试=0
[2026-06-04 18:58:20] [INFO] [data][ModbusTcpMasterPool][FirmwareUpgrader][initializeMaster]：已配置 FirmwareUpgrader PrepareTimeout=3000ms WaitingTime=1000ms SendInterval=160ms TransferTimeout=3000ms
[2026-06-04 18:58:20] [INFO] [data][ModbusTcpMasterManager][addMaster]：创建 Master ID=12039 IP=127.0.0.1 Port=538
[2026-06-04 18:58:20] [INFO] [data][ModbusTcpMasterPool][addMaster]：已创建并添加 Master ID=12039 IP=127.0.0.1 Port=538 到线程 16 ModbusPoolThread-16
[2026-06-04 18:58:20] [INFO] [data][ModbusTcpMasterPool][initializeMaster]：开始初始化 Master ID=12039
[2026-06-04 18:58:20] [INFO] [data][ModbusConfigParser][initialCommandQueue]：开始构建初始指令队列，共 2 个引用
[2026-06-04 18:58:20] [DEBUG] [data][ModbusConfigParser][initialCommandQueue]：已克隆初始指令 ref=ReadVersion
[2026-06-04 18:58:20] [DEBUG] [data][ModbusConfigParser][initialCommandQueue]：已克隆初始指令 ref=WriteVEFCGasType
[2026-06-04 18:58:20] [INFO] [data][ModbusConfigParser][initialCommandQueue]：初始指令队列构建完成，共 2 条
[2026-06-04 18:58:20] [INFO] [data][ModbusConfigParser][periodicCommandQueue]：开始构建定时指令队列，共 2 个引用
[2026-06-04 18:58:20] [DEBUG] [data][ModbusConfigParser][periodicCommandQueue]：已克隆定时指令 ref=ReadFoupStatus
[2026-06-04 18:58:20] [DEBUG] [data][ModbusConfigParser][periodicCommandQueue]：已克隆定时指令 ref=ReadIdlePurgeAll
[2026-06-04 18:58:20] [INFO] [data][ModbusConfigParser][periodicCommandQueue]：定时指令队列构建完成，共 2 条
[2026-06-04 18:58:20] [INFO] [data][ModbusTcpMasterPool][InitialCommandIssuer][initializeMaster]：已配置 InitialCommandIssuer 指令数=2 间隔=100 超时=1000 重试=3
[2026-06-04 18:58:20] [INFO] [data][ModbusTcpMasterPool][PeriodicCommandSender][initializeMaster]：已配置 PeriodicCommandSender 指令数=2 间隔=300 超时=1000 重试=0
[2026-06-04 18:58:20] [INFO] [data][ModbusTcpMasterPool][FirmwareUpgrader][initializeMaster]：已配置 FirmwareUpgrader PrepareTimeout=3000ms WaitingTime=1000ms SendInterval=160ms TransferTimeout=3000ms
[2026-06-04 18:58:20] [INFO] [data][ModbusTcpMasterManager][addMaster]：创建 Master ID=12040 IP=127.0.0.1 Port=539
[2026-06-04 18:58:20] [INFO] [data][ModbusTcpMasterPool][addMaster]：已创建并添加 Master ID=12040 IP=127.0.0.1 Port=539 到线程 17 ModbusPoolThread-17
[2026-06-04 18:58:20] [INFO] [data][ModbusTcpMasterPool][initializeMaster]：开始初始化 Master ID=12040
[2026-06-04 18:58:20] [INFO] [data][ModbusConfigParser][initialCommandQueue]：开始构建初始指令队列，共 2 个引用
[2026-06-04 18:58:20] [DEBUG] [data][ModbusConfigParser][initialCommandQueue]：已克隆初始指令 ref=ReadVersion
[2026-06-04 18:58:20] [DEBUG] [data][ModbusConfigParser][initialCommandQueue]：已克隆初始指令 ref=WriteVEFCGasType
[2026-06-04 18:58:20] [INFO] [data][ModbusConfigParser][initialCommandQueue]：初始指令队列构建完成，共 2 条
[2026-06-04 18:58:20] [INFO] [data][ModbusConfigParser][periodicCommandQueue]：开始构建定时指令队列，共 2 个引用
[2026-06-04 18:58:20] [DEBUG] [data][ModbusConfigParser][periodicCommandQueue]：已克隆定时指令 ref=ReadFoupStatus
[2026-06-04 18:58:20] [DEBUG] [data][ModbusConfigParser][periodicCommandQueue]：已克隆定时指令 ref=ReadIdlePurgeAll
[2026-06-04 18:58:20] [INFO] [data][ModbusConfigParser][periodicCommandQueue]：定时指令队列构建完成，共 2 条
[2026-06-04 18:58:20] [INFO] [data][ModbusTcpMasterPool][InitialCommandIssuer][initializeMaster]：已配置 InitialCommandIssuer 指令数=2 间隔=100 超时=1000 重试=3
[2026-06-04 18:58:20] [INFO] [data][ModbusTcpMasterPool][PeriodicCommandSender][initializeMaster]：已配置 PeriodicCommandSender 指令数=2 间隔=300 超时=1000 重试=0
[2026-06-04 18:58:20] [INFO] [data][ModbusTcpMasterPool][FirmwareUpgrader][initializeMaster]：已配置 FirmwareUpgrader PrepareTimeout=3000ms WaitingTime=1000ms SendInterval=160ms TransferTimeout=3000ms
[2026-06-04 18:58:20] [INFO] [data][ModbusTcpMasterManager][addMaster]：创建 Master ID=12041 IP=127.0.0.1 Port=540
[2026-06-04 18:58:20] [INFO] [data][ModbusTcpMasterPool][addMaster]：已创建并添加 Master ID=12041 IP=127.0.0.1 Port=540 到线程 18 ModbusPoolThread-18
[2026-06-04 18:58:20] [INFO] [data][ModbusTcpMasterPool][initializeMaster]：开始初始化 Master ID=12041
[2026-06-04 18:58:20] [INFO] [data][ModbusConfigParser][initialCommandQueue]：开始构建初始指令队列，共 2 个引用
[2026-06-04 18:58:20] [DEBUG] [data][ModbusConfigParser][initialCommandQueue]：已克隆初始指令 ref=ReadVersion
[2026-06-04 18:58:20] [DEBUG] [data][ModbusConfigParser][initialCommandQueue]：已克隆初始指令 ref=WriteVEFCGasType
[2026-06-04 18:58:20] [INFO] [data][ModbusConfigParser][initialCommandQueue]：初始指令队列构建完成，共 2 条
[2026-06-04 18:58:20] [INFO] [data][ModbusConfigParser][periodicCommandQueue]：开始构建定时指令队列，共 2 个引用
[2026-06-04 18:58:20] [DEBUG] [data][ModbusConfigParser][periodicCommandQueue]：已克隆定时指令 ref=ReadFoupStatus
[2026-06-04 18:58:20] [DEBUG] [data][ModbusConfigParser][periodicCommandQueue]：已克隆定时指令 ref=ReadIdlePurgeAll
[2026-06-04 18:58:20] [INFO] [data][ModbusConfigParser][periodicCommandQueue]：定时指令队列构建完成，共 2 条
[2026-06-04 18:58:20] [INFO] [data][ModbusTcpMasterPool][InitialCommandIssuer][initializeMaster]：已配置 InitialCommandIssuer 指令数=2 间隔=100 超时=1000 重试=3
[2026-06-04 18:58:20] [INFO] [data][ModbusTcpMasterPool][PeriodicCommandSender][initializeMaster]：已配置 PeriodicCommandSender 指令数=2 间隔=300 超时=1000 重试=0
[2026-06-04 18:58:20] [INFO] [data][ModbusTcpMasterPool][FirmwareUpgrader][initializeMaster]：已配置 FirmwareUpgrader PrepareTimeout=3000ms WaitingTime=1000ms SendInterval=160ms TransferTimeout=3000ms
[2026-06-04 18:58:20] [INFO] [data][ModbusTcpMasterManager][addMaster]：创建 Master ID=12042 IP=127.0.0.1 Port=541
[2026-06-04 18:58:20] [INFO] [data][ModbusTcpMasterPool][addMaster]：已创建并添加 Master ID=12042 IP=127.0.0.1 Port=541 到线程 19 ModbusPoolThread-19
[2026-06-04 18:58:20] [INFO] [data][ModbusTcpMasterPool][initializeMaster]：开始初始化 Master ID=12042
[2026-06-04 18:58:20] [INFO] [data][ModbusConfigParser][initialCommandQueue]：开始构建初始指令队列，共 2 个引用
[2026-06-04 18:58:20] [DEBUG] [data][ModbusConfigParser][initialCommandQueue]：已克隆初始指令 ref=ReadVersion
[2026-06-04 18:58:20] [DEBUG] [data][ModbusConfigParser][initialCommandQueue]：已克隆初始指令 ref=WriteVEFCGasType
[2026-06-04 18:58:20] [INFO] [data][ModbusConfigParser][initialCommandQueue]：初始指令队列构建完成，共 2 条
[2026-06-04 18:58:20] [INFO] [data][ModbusConfigParser][periodicCommandQueue]：开始构建定时指令队列，共 2 个引用
[2026-06-04 18:58:20] [DEBUG] [data][ModbusConfigParser][periodicCommandQueue]：已克隆定时指令 ref=ReadFoupStatus
[2026-06-04 18:58:20] [DEBUG] [data][ModbusConfigParser][periodicCommandQueue]：已克隆定时指令 ref=ReadIdlePurgeAll
[2026-06-04 18:58:20] [INFO] [data][ModbusConfigParser][periodicCommandQueue]：定时指令队列构建完成，共 2 条
[2026-06-04 18:58:20] [INFO] [data][ModbusTcpMasterPool][InitialCommandIssuer][initializeMaster]：已配置 InitialCommandIssuer 指令数=2 间隔=100 超时=1000 重试=3
[2026-06-04 18:58:20] [INFO] [data][ModbusTcpMasterPool][PeriodicCommandSender][initializeMaster]：已配置 PeriodicCommandSender 指令数=2 间隔=300 超时=1000 重试=0
[2026-06-04 18:58:20] [INFO] [data][ModbusTcpMasterPool][FirmwareUpgrader][initializeMaster]：已配置 FirmwareUpgrader PrepareTimeout=3000ms WaitingTime=1000ms SendInterval=160ms TransferTimeout=3000ms
[2026-06-04 18:58:20] [INFO] [data][ModbusTcpMasterManager][addMaster]：创建 Master ID=12043 IP=127.0.0.1 Port=542
[2026-06-04 18:58:20] [INFO] [data][ModbusTcpMasterPool][addMaster]：已创建并添加 Master ID=12043 IP=127.0.0.1 Port=542 到线程 20 ModbusPoolThread-20
[2026-06-04 18:58:20] [INFO] [data][ModbusTcpMasterPool][initializeMaster]：开始初始化 Master ID=12043
[2026-06-04 18:58:20] [INFO] [data][ModbusConfigParser][initialCommandQueue]：开始构建初始指令队列，共 2 个引用
[2026-06-04 18:58:20] [DEBUG] [data][ModbusConfigParser][initialCommandQueue]：已克隆初始指令 ref=ReadVersion
[2026-06-04 18:58:20] [DEBUG] [data][ModbusConfigParser][initialCommandQueue]：已克隆初始指令 ref=WriteVEFCGasType
[2026-06-04 18:58:20] [INFO] [data][ModbusConfigParser][initialCommandQueue]：初始指令队列构建完成，共 2 条
[2026-06-04 18:58:20] [INFO] [data][ModbusConfigParser][periodicCommandQueue]：开始构建定时指令队列，共 2 个引用
[2026-06-04 18:58:20] [DEBUG] [data][ModbusConfigParser][periodicCommandQueue]：已克隆定时指令 ref=ReadFoupStatus
[2026-06-04 18:58:20] [DEBUG] [data][ModbusConfigParser][periodicCommandQueue]：已克隆定时指令 ref=ReadIdlePurgeAll
[2026-06-04 18:58:20] [INFO] [data][ModbusConfigParser][periodicCommandQueue]：定时指令队列构建完成，共 2 条
[2026-06-04 18:58:20] [INFO] [data][ModbusTcpMasterPool][InitialCommandIssuer][initializeMaster]：已配置 InitialCommandIssuer 指令数=2 间隔=100 超时=1000 重试=3
[2026-06-04 18:58:20] [INFO] [data][ModbusTcpMasterPool][PeriodicCommandSender][initializeMaster]：已配置 PeriodicCommandSender 指令数=2 间隔=300 超时=1000 重试=0
[2026-06-04 18:58:20] [INFO] [data][ModbusTcpMasterPool][FirmwareUpgrader][initializeMaster]：已配置 FirmwareUpgrader PrepareTimeout=3000ms WaitingTime=1000ms SendInterval=160ms TransferTimeout=3000ms
[2026-06-04 18:58:20] [INFO] [data][ModbusTcpMasterManager][addMaster]：创建 Master ID=12044 IP=127.0.0.1 Port=543
[2026-06-04 18:58:20] [INFO] [data][ModbusTcpMasterPool][addMaster]：已创建并添加 Master ID=12044 IP=127.0.0.1 Port=543 到线程 21 ModbusPoolThread-21
[2026-06-04 18:58:20] [INFO] [data][ModbusTcpMasterPool][initializeMaster]：开始初始化 Master ID=12044
[2026-06-04 18:58:20] [INFO] [data][ModbusConfigParser][initialCommandQueue]：开始构建初始指令队列，共 2 个引用
[2026-06-04 18:58:20] [DEBUG] [data][ModbusConfigParser][initialCommandQueue]：已克隆初始指令 ref=ReadVersion
[2026-06-04 18:58:20] [DEBUG] [data][ModbusConfigParser][initialCommandQueue]：已克隆初始指令 ref=WriteVEFCGasType
[2026-06-04 18:58:20] [INFO] [data][ModbusConfigParser][initialCommandQueue]：初始指令队列构建完成，共 2 条
[2026-06-04 18:58:20] [INFO] [data][ModbusConfigParser][periodicCommandQueue]：开始构建定时指令队列，共 2 个引用
[2026-06-04 18:58:20] [DEBUG] [data][ModbusConfigParser][periodicCommandQueue]：已克隆定时指令 ref=ReadFoupStatus
[2026-06-04 18:58:20] [DEBUG] [data][ModbusConfigParser][periodicCommandQueue]：已克隆定时指令 ref=ReadIdlePurgeAll
[2026-06-04 18:58:20] [INFO] [data][ModbusConfigParser][periodicCommandQueue]：定时指令队列构建完成，共 2 条
[2026-06-04 18:58:20] [INFO] [data][ModbusTcpMasterPool][InitialCommandIssuer][initializeMaster]：已配置 InitialCommandIssuer 指令数=2 间隔=100 超时=1000 重试=3
[2026-06-04 18:58:20] [INFO] [data][ModbusTcpMasterPool][PeriodicCommandSender][initializeMaster]：已配置 PeriodicCommandSender 指令数=2 间隔=300 超时=1000 重试=0
[2026-06-04 18:58:20] [INFO] [data][ModbusTcpMasterPool][FirmwareUpgrader][initializeMaster]：已配置 FirmwareUpgrader PrepareTimeout=3000ms WaitingTime=1000ms SendInterval=160ms TransferTimeout=3000ms
[2026-06-04 18:58:20] [INFO] [data][ModbusTcpMasterManager][addMaster]：创建 Master ID=12045 IP=127.0.0.1 Port=544
[2026-06-04 18:58:20] [INFO] [data][ModbusTcpMasterPool][addMaster]：已创建并添加 Master ID=12045 IP=127.0.0.1 Port=544 到线程 0 ModbusPoolThread-0
[2026-06-04 18:58:20] [INFO] [data][ModbusTcpMasterPool][initializeMaster]：开始初始化 Master ID=12045
[2026-06-04 18:58:20] [INFO] [data][ModbusConfigParser][initialCommandQueue]：开始构建初始指令队列，共 2 个引用
[2026-06-04 18:58:20] [DEBUG] [data][ModbusConfigParser][initialCommandQueue]：已克隆初始指令 ref=ReadVersion
[2026-06-04 18:58:20] [DEBUG] [data][ModbusConfigParser][initialCommandQueue]：已克隆初始指令 ref=WriteVEFCGasType
[2026-06-04 18:58:20] [INFO] [data][ModbusConfigParser][initialCommandQueue]：初始指令队列构建完成，共 2 条
[2026-06-04 18:58:20] [INFO] [data][ModbusConfigParser][periodicCommandQueue]：开始构建定时指令队列，共 2 个引用
[2026-06-04 18:58:20] [DEBUG] [data][ModbusConfigParser][periodicCommandQueue]：已克隆定时指令 ref=ReadFoupStatus
[2026-06-04 18:58:20] [DEBUG] [data][ModbusConfigParser][periodicCommandQueue]：已克隆定时指令 ref=ReadIdlePurgeAll
[2026-06-04 18:58:20] [INFO] [data][ModbusConfigParser][periodicCommandQueue]：定时指令队列构建完成，共 2 条
[2026-06-04 18:58:20] [INFO] [data][ModbusTcpMasterPool][InitialCommandIssuer][initializeMaster]：已配置 InitialCommandIssuer 指令数=2 间隔=100 超时=1000 重试=3
[2026-06-04 18:58:20] [INFO] [data][ModbusTcpMasterPool][PeriodicCommandSender][initializeMaster]：已配置 PeriodicCommandSender 指令数=2 间隔=300 超时=1000 重试=0
[2026-06-04 18:58:20] [INFO] [data][ModbusTcpMasterPool][FirmwareUpgrader][initializeMaster]：已配置 FirmwareUpgrader PrepareTimeout=3000ms WaitingTime=1000ms SendInterval=160ms TransferTimeout=3000ms
[2026-06-04 18:58:20] [INFO] [data][ModbusTcpMasterManager][addMaster]：创建 Master ID=12046 IP=127.0.0.1 Port=545
[2026-06-04 18:58:20] [INFO] [data][ModbusTcpMasterPool][addMaster]：已创建并添加 Master ID=12046 IP=127.0.0.1 Port=545 到线程 1 ModbusPoolThread-1
[2026-06-04 18:58:20] [INFO] [data][ModbusTcpMasterPool][initializeMaster]：开始初始化 Master ID=12046
[2026-06-04 18:58:20] [INFO] [data][ModbusConfigParser][initialCommandQueue]：开始构建初始指令队列，共 2 个引用
[2026-06-04 18:58:20] [DEBUG] [data][ModbusConfigParser][initialCommandQueue]：已克隆初始指令 ref=ReadVersion
[2026-06-04 18:58:20] [DEBUG] [data][ModbusConfigParser][initialCommandQueue]：已克隆初始指令 ref=WriteVEFCGasType
[2026-06-04 18:58:20] [INFO] [data][ModbusConfigParser][initialCommandQueue]：初始指令队列构建完成，共 2 条
[2026-06-04 18:58:20] [INFO] [data][ModbusConfigParser][periodicCommandQueue]：开始构建定时指令队列，共 2 个引用
[2026-06-04 18:58:20] [DEBUG] [data][ModbusConfigParser][periodicCommandQueue]：已克隆定时指令 ref=ReadFoupStatus
[2026-06-04 18:58:20] [DEBUG] [data][ModbusConfigParser][periodicCommandQueue]：已克隆定时指令 ref=ReadIdlePurgeAll
[2026-06-04 18:58:20] [INFO] [data][ModbusConfigParser][periodicCommandQueue]：定时指令队列构建完成，共 2 条
[2026-06-04 18:58:20] [INFO] [data][ModbusTcpMasterPool][InitialCommandIssuer][initializeMaster]：已配置 InitialCommandIssuer 指令数=2 间隔=100 超时=1000 重试=3
[2026-06-04 18:58:20] [INFO] [data][ModbusTcpMasterPool][PeriodicCommandSender][initializeMaster]：已配置 PeriodicCommandSender 指令数=2 间隔=300 超时=1000 重试=0
[2026-06-04 18:58:20] [INFO] [data][ModbusTcpMasterPool][FirmwareUpgrader][initializeMaster]：已配置 FirmwareUpgrader PrepareTimeout=3000ms WaitingTime=1000ms SendInterval=160ms TransferTimeout=3000ms
[2026-06-04 18:58:20] [INFO] [data][ModbusTcpMasterManager][addMaster]：创建 Master ID=12047 IP=127.0.0.1 Port=546
[2026-06-04 18:58:20] [INFO] [data][ModbusTcpMasterPool][addMaster]：已创建并添加 Master ID=12047 IP=127.0.0.1 Port=546 到线程 2 ModbusPoolThread-2
[2026-06-04 18:58:20] [INFO] [data][ModbusTcpMasterPool][initializeMaster]：开始初始化 Master ID=12047
[2026-06-04 18:58:20] [INFO] [data][ModbusConfigParser][initialCommandQueue]：开始构建初始指令队列，共 2 个引用
[2026-06-04 18:58:20] [DEBUG] [data][ModbusConfigParser][initialCommandQueue]：已克隆初始指令 ref=ReadVersion
[2026-06-04 18:58:20] [DEBUG] [data][ModbusConfigParser][initialCommandQueue]：已克隆初始指令 ref=WriteVEFCGasType
[2026-06-04 18:58:20] [INFO] [data][ModbusConfigParser][initialCommandQueue]：初始指令队列构建完成，共 2 条
[2026-06-04 18:58:20] [INFO] [data][ModbusConfigParser][periodicCommandQueue]：开始构建定时指令队列，共 2 个引用
[2026-06-04 18:58:20] [DEBUG] [data][ModbusConfigParser][periodicCommandQueue]：已克隆定时指令 ref=ReadFoupStatus
[2026-06-04 18:58:20] [DEBUG] [data][ModbusConfigParser][periodicCommandQueue]：已克隆定时指令 ref=ReadIdlePurgeAll
[2026-06-04 18:58:20] [INFO] [data][ModbusConfigParser][periodicCommandQueue]：定时指令队列构建完成，共 2 条
[2026-06-04 18:58:20] [INFO] [data][ModbusTcpMasterPool][InitialCommandIssuer][initializeMaster]：已配置 InitialCommandIssuer 指令数=2 间隔=100 超时=1000 重试=3
[2026-06-04 18:58:20] [INFO] [data][ModbusTcpMasterPool][PeriodicCommandSender][initializeMaster]：已配置 PeriodicCommandSender 指令数=2 间隔=300 超时=1000 重试=0
[2026-06-04 18:58:20] [INFO] [data][ModbusTcpMasterPool][FirmwareUpgrader][initializeMaster]：已配置 FirmwareUpgrader PrepareTimeout=3000ms WaitingTime=1000ms SendInterval=160ms TransferTimeout=3000ms
[2026-06-04 18:58:20] [INFO] [data][ModbusTcpMasterManager][addMaster]：创建 Master ID=12048 IP=127.0.0.1 Port=547
[2026-06-04 18:58:20] [INFO] [data][ModbusTcpMasterPool][addMaster]：已创建并添加 Master ID=12048 IP=127.0.0.1 Port=547 到线程 3 ModbusPoolThread-3
[2026-06-04 18:58:20] [INFO] [data][ModbusTcpMasterPool][initializeMaster]：开始初始化 Master ID=12048
[2026-06-04 18:58:20] [INFO] [data][ModbusConfigParser][initialCommandQueue]：开始构建初始指令队列，共 2 个引用
[2026-06-04 18:58:20] [DEBUG] [data][ModbusConfigParser][initialCommandQueue]：已克隆初始指令 ref=ReadVersion
[2026-06-04 18:58:20] [DEBUG] [data][ModbusConfigParser][initialCommandQueue]：已克隆初始指令 ref=WriteVEFCGasType
[2026-06-04 18:58:20] [INFO] [data][ModbusConfigParser][initialCommandQueue]：初始指令队列构建完成，共 2 条
[2026-06-04 18:58:20] [INFO] [data][ModbusConfigParser][periodicCommandQueue]：开始构建定时指令队列，共 2 个引用
[2026-06-04 18:58:20] [DEBUG] [data][ModbusConfigParser][periodicCommandQueue]：已克隆定时指令 ref=ReadFoupStatus
[2026-06-04 18:58:20] [DEBUG] [data][ModbusConfigParser][periodicCommandQueue]：已克隆定时指令 ref=ReadIdlePurgeAll
[2026-06-04 18:58:20] [INFO] [data][ModbusConfigParser][periodicCommandQueue]：定时指令队列构建完成，共 2 条
[2026-06-04 18:58:20] [INFO] [data][ModbusTcpMasterPool][InitialCommandIssuer][initializeMaster]：已配置 InitialCommandIssuer 指令数=2 间隔=100 超时=1000 重试=3
[2026-06-04 18:58:20] [INFO] [data][ModbusTcpMasterPool][PeriodicCommandSender][initializeMaster]：已配置 PeriodicCommandSender 指令数=2 间隔=300 超时=1000 重试=0
[2026-06-04 18:58:20] [INFO] [data][ModbusTcpMasterPool][FirmwareUpgrader][initializeMaster]：已配置 FirmwareUpgrader PrepareTimeout=3000ms WaitingTime=1000ms SendInterval=160ms TransferTimeout=3000ms
[2026-06-04 18:58:20] [INFO] [data][ModbusTcpMasterManager][addMaster]：创建 Master ID=12049 IP=127.0.0.1 Port=548
[2026-06-04 18:58:20] [INFO] [data][ModbusTcpMasterPool][addMaster]：已创建并添加 Master ID=12049 IP=127.0.0.1 Port=548 到线程 4 ModbusPoolThread-4
[2026-06-04 18:58:20] [INFO] [data][ModbusTcpMasterPool][initializeMaster]：开始初始化 Master ID=12049
[2026-06-04 18:58:20] [INFO] [data][ModbusConfigParser][initialCommandQueue]：开始构建初始指令队列，共 2 个引用
[2026-06-04 18:58:20] [DEBUG] [data][ModbusConfigParser][initialCommandQueue]：已克隆初始指令 ref=ReadVersion
[2026-06-04 18:58:20] [DEBUG] [data][ModbusConfigParser][initialCommandQueue]：已克隆初始指令 ref=WriteVEFCGasType
[2026-06-04 18:58:20] [INFO] [data][ModbusConfigParser][initialCommandQueue]：初始指令队列构建完成，共 2 条
[2026-06-04 18:58:20] [INFO] [data][ModbusConfigParser][periodicCommandQueue]：开始构建定时指令队列，共 2 个引用
[2026-06-04 18:58:20] [DEBUG] [data][ModbusConfigParser][periodicCommandQueue]：已克隆定时指令 ref=ReadFoupStatus
[2026-06-04 18:58:20] [DEBUG] [data][ModbusConfigParser][periodicCommandQueue]：已克隆定时指令 ref=ReadIdlePurgeAll
[2026-06-04 18:58:20] [INFO] [data][ModbusConfigParser][periodicCommandQueue]：定时指令队列构建完成，共 2 条
[2026-06-04 18:58:20] [INFO] [data][ModbusTcpMasterPool][InitialCommandIssuer][initializeMaster]：已配置 InitialCommandIssuer 指令数=2 间隔=100 超时=1000 重试=3
[2026-06-04 18:58:20] [INFO] [data][ModbusTcpMasterPool][PeriodicCommandSender][initializeMaster]：已配置 PeriodicCommandSender 指令数=2 间隔=300 超时=1000 重试=0
[2026-06-04 18:58:20] [INFO] [data][ModbusTcpMasterPool][FirmwareUpgrader][initializeMaster]：已配置 FirmwareUpgrader PrepareTimeout=3000ms WaitingTime=1000ms SendInterval=160ms TransferTimeout=3000ms
[2026-06-04 18:58:20] [INFO] [data][ModbusTcpMasterManager][addMaster]：创建 Master ID=12050 IP=127.0.0.1 Port=549
[2026-06-04 18:58:20] [INFO] [data][ModbusTcpMasterPool][addMaster]：已创建并添加 Master ID=12050 IP=127.0.0.1 Port=549 到线程 5 ModbusPoolThread-5
[2026-06-04 18:58:20] [INFO] [data][ModbusTcpMasterPool][initializeMaster]：开始初始化 Master ID=12050
[2026-06-04 18:58:20] [INFO] [data][ModbusConfigParser][initialCommandQueue]：开始构建初始指令队列，共 2 个引用
[2026-06-04 18:58:20] [DEBUG] [data][ModbusConfigParser][initialCommandQueue]：已克隆初始指令 ref=ReadVersion
[2026-06-04 18:58:20] [DEBUG] [data][ModbusConfigParser][initialCommandQueue]：已克隆初始指令 ref=WriteVEFCGasType
[2026-06-04 18:58:20] [INFO] [data][ModbusConfigParser][initialCommandQueue]：初始指令队列构建完成，共 2 条
[2026-06-04 18:58:20] [INFO] [data][ModbusConfigParser][periodicCommandQueue]：开始构建定时指令队列，共 2 个引用
[2026-06-04 18:58:20] [DEBUG] [data][ModbusConfigParser][periodicCommandQueue]：已克隆定时指令 ref=ReadFoupStatus
[2026-06-04 18:58:20] [DEBUG] [data][ModbusConfigParser][periodicCommandQueue]：已克隆定时指令 ref=ReadIdlePurgeAll
[2026-06-04 18:58:20] [INFO] [data][ModbusConfigParser][periodicCommandQueue]：定时指令队列构建完成，共 2 条
[2026-06-04 18:58:20] [INFO] [data][ModbusTcpMasterPool][InitialCommandIssuer][initializeMaster]：已配置 InitialCommandIssuer 指令数=2 间隔=100 超时=1000 重试=3
[2026-06-04 18:58:20] [INFO] [data][ModbusTcpMasterPool][PeriodicCommandSender][initializeMaster]：已配置 PeriodicCommandSender 指令数=2 间隔=300 超时=1000 重试=0
[2026-06-04 18:58:20] [INFO] [data][ModbusTcpMasterPool][FirmwareUpgrader][initializeMaster]：已配置 FirmwareUpgrader PrepareTimeout=3000ms WaitingTime=1000ms SendInterval=160ms TransferTimeout=3000ms
[2026-06-04 18:58:20] [INFO] [data][ModbusTcpMasterManager][addMaster]：创建 Master ID=12051 IP=127.0.0.1 Port=550
[2026-06-04 18:58:20] [INFO] [data][ModbusTcpMasterPool][addMaster]：已创建并添加 Master ID=12051 IP=127.0.0.1 Port=550 到线程 6 ModbusPoolThread-6
[2026-06-04 18:58:20] [INFO] [data][ModbusTcpMasterPool][initializeMaster]：开始初始化 Master ID=12051
[2026-06-04 18:58:20] [INFO] [data][ModbusConfigParser][initialCommandQueue]：开始构建初始指令队列，共 2 个引用
[2026-06-04 18:58:20] [DEBUG] [data][ModbusConfigParser][initialCommandQueue]：已克隆初始指令 ref=ReadVersion
[2026-06-04 18:58:20] [DEBUG] [data][ModbusConfigParser][initialCommandQueue]：已克隆初始指令 ref=WriteVEFCGasType
[2026-06-04 18:58:20] [INFO] [data][ModbusConfigParser][initialCommandQueue]：初始指令队列构建完成，共 2 条
[2026-06-04 18:58:20] [INFO] [data][ModbusConfigParser][periodicCommandQueue]：开始构建定时指令队列，共 2 个引用
[2026-06-04 18:58:20] [DEBUG] [data][ModbusConfigParser][periodicCommandQueue]：已克隆定时指令 ref=ReadFoupStatus
[2026-06-04 18:58:20] [DEBUG] [data][ModbusConfigParser][periodicCommandQueue]：已克隆定时指令 ref=ReadIdlePurgeAll
[2026-06-04 18:58:20] [INFO] [data][ModbusConfigParser][periodicCommandQueue]：定时指令队列构建完成，共 2 条
[2026-06-04 18:58:20] [INFO] [data][ModbusTcpMasterPool][InitialCommandIssuer][initializeMaster]：已配置 InitialCommandIssuer 指令数=2 间隔=100 超时=1000 重试=3
[2026-06-04 18:58:20] [INFO] [data][ModbusTcpMasterPool][PeriodicCommandSender][initializeMaster]：已配置 PeriodicCommandSender 指令数=2 间隔=300 超时=1000 重试=0
[2026-06-04 18:58:20] [INFO] [data][ModbusTcpMasterPool][FirmwareUpgrader][initializeMaster]：已配置 FirmwareUpgrader PrepareTimeout=3000ms WaitingTime=1000ms SendInterval=160ms TransferTimeout=3000ms
[2026-06-04 18:58:20] [INFO] [data][ModbusTcpMasterManager][addMaster]：创建 Master ID=12052 IP=127.0.0.1 Port=551
[2026-06-04 18:58:20] [INFO] [data][ModbusTcpMasterPool][addMaster]：已创建并添加 Master ID=12052 IP=127.0.0.1 Port=551 到线程 7 ModbusPoolThread-7
[2026-06-04 18:58:20] [INFO] [data][ModbusTcpMasterPool][initializeMaster]：开始初始化 Master ID=12052
[2026-06-04 18:58:20] [INFO] [data][ModbusConfigParser][initialCommandQueue]：开始构建初始指令队列，共 2 个引用
[2026-06-04 18:58:20] [DEBUG] [data][ModbusConfigParser][initialCommandQueue]：已克隆初始指令 ref=ReadVersion
[2026-06-04 18:58:20] [DEBUG] [data][ModbusConfigParser][initialCommandQueue]：已克隆初始指令 ref=WriteVEFCGasType
[2026-06-04 18:58:20] [INFO] [data][ModbusConfigParser][initialCommandQueue]：初始指令队列构建完成，共 2 条
[2026-06-04 18:58:20] [INFO] [data][ModbusConfigParser][periodicCommandQueue]：开始构建定时指令队列，共 2 个引用
[2026-06-04 18:58:20] [DEBUG] [data][ModbusConfigParser][periodicCommandQueue]：已克隆定时指令 ref=ReadFoupStatus
[2026-06-04 18:58:20] [DEBUG] [data][ModbusConfigParser][periodicCommandQueue]：已克隆定时指令 ref=ReadIdlePurgeAll
[2026-06-04 18:58:20] [INFO] [data][ModbusConfigParser][periodicCommandQueue]：定时指令队列构建完成，共 2 条
[2026-06-04 18:58:20] [INFO] [data][ModbusTcpMasterPool][InitialCommandIssuer][initializeMaster]：已配置 InitialCommandIssuer 指令数=2 间隔=100 超时=1000 重试=3
[2026-06-04 18:58:20] [INFO] [data][ModbusTcpMasterPool][PeriodicCommandSender][initializeMaster]：已配置 PeriodicCommandSender 指令数=2 间隔=300 超时=1000 重试=0
[2026-06-04 18:58:20] [INFO] [data][ModbusTcpMasterPool][FirmwareUpgrader][initializeMaster]：已配置 FirmwareUpgrader PrepareTimeout=3000ms WaitingTime=1000ms SendInterval=160ms TransferTimeout=3000ms
[2026-06-04 18:58:20] [INFO] [data][ModbusTcpMasterManager][addMaster]：创建 Master ID=12053 IP=127.0.0.1 Port=552
[2026-06-04 18:58:20] [INFO] [data][ModbusTcpMasterPool][addMaster]：已创建并添加 Master ID=12053 IP=127.0.0.1 Port=552 到线程 8 ModbusPoolThread-8
[2026-06-04 18:58:20] [INFO] [data][ModbusTcpMasterPool][initializeMaster]：开始初始化 Master ID=12053
[2026-06-04 18:58:20] [INFO] [data][ModbusConfigParser][initialCommandQueue]：开始构建初始指令队列，共 2 个引用
[2026-06-04 18:58:20] [DEBUG] [data][ModbusConfigParser][initialCommandQueue]：已克隆初始指令 ref=ReadVersion
[2026-06-04 18:58:20] [DEBUG] [data][ModbusConfigParser][initialCommandQueue]：已克隆初始指令 ref=WriteVEFCGasType
[2026-06-04 18:58:20] [INFO] [data][ModbusConfigParser][initialCommandQueue]：初始指令队列构建完成，共 2 条
[2026-06-04 18:58:20] [INFO] [data][ModbusConfigParser][periodicCommandQueue]：开始构建定时指令队列，共 2 个引用
[2026-06-04 18:58:20] [DEBUG] [data][ModbusConfigParser][periodicCommandQueue]：已克隆定时指令 ref=ReadFoupStatus
[2026-06-04 18:58:20] [DEBUG] [data][ModbusConfigParser][periodicCommandQueue]：已克隆定时指令 ref=ReadIdlePurgeAll
[2026-06-04 18:58:20] [INFO] [data][ModbusConfigParser][periodicCommandQueue]：定时指令队列构建完成，共 2 条
[2026-06-04 18:58:20] [INFO] [data][ModbusTcpMasterPool][InitialCommandIssuer][initializeMaster]：已配置 InitialCommandIssuer 指令数=2 间隔=100 超时=1000 重试=3
[2026-06-04 18:58:20] [INFO] [data][ModbusTcpMasterPool][PeriodicCommandSender][initializeMaster]：已配置 PeriodicCommandSender 指令数=2 间隔=300 超时=1000 重试=0
[2026-06-04 18:58:20] [INFO] [data][ModbusTcpMasterPool][FirmwareUpgrader][initializeMaster]：已配置 FirmwareUpgrader PrepareTimeout=3000ms WaitingTime=1000ms SendInterval=160ms TransferTimeout=3000ms
[2026-06-04 18:58:20] [INFO] [data][ModbusTcpMasterManager][addMaster]：创建 Master ID=12054 IP=127.0.0.1 Port=553
[2026-06-04 18:58:20] [INFO] [data][ModbusTcpMasterPool][addMaster]：已创建并添加 Master ID=12054 IP=127.0.0.1 Port=553 到线程 9 ModbusPoolThread-9
[2026-06-04 18:58:20] [INFO] [data][ModbusTcpMasterPool][initializeMaster]：开始初始化 Master ID=12054
[2026-06-04 18:58:20] [INFO] [data][ModbusConfigParser][initialCommandQueue]：开始构建初始指令队列，共 2 个引用
[2026-06-04 18:58:20] [DEBUG] [data][ModbusConfigParser][initialCommandQueue]：已克隆初始指令 ref=ReadVersion
[2026-06-04 18:58:20] [DEBUG] [data][ModbusConfigParser][initialCommandQueue]：已克隆初始指令 ref=WriteVEFCGasType
[2026-06-04 18:58:20] [INFO] [data][ModbusConfigParser][initialCommandQueue]：初始指令队列构建完成，共 2 条
[2026-06-04 18:58:20] [INFO] [data][ModbusConfigParser][periodicCommandQueue]：开始构建定时指令队列，共 2 个引用
[2026-06-04 18:58:20] [DEBUG] [data][ModbusConfigParser][periodicCommandQueue]：已克隆定时指令 ref=ReadFoupStatus
[2026-06-04 18:58:20] [DEBUG] [data][ModbusConfigParser][periodicCommandQueue]：已克隆定时指令 ref=ReadIdlePurgeAll
[2026-06-04 18:58:20] [INFO] [data][ModbusConfigParser][periodicCommandQueue]：定时指令队列构建完成，共 2 条
[2026-06-04 18:58:20] [INFO] [data][ModbusTcpMasterPool][InitialCommandIssuer][initializeMaster]：已配置 InitialCommandIssuer 指令数=2 间隔=100 超时=1000 重试=3
[2026-06-04 18:58:20] [INFO] [data][ModbusTcpMasterPool][PeriodicCommandSender][initializeMaster]：已配置 PeriodicCommandSender 指令数=2 间隔=300 超时=1000 重试=0
[2026-06-04 18:58:20] [INFO] [data][ModbusTcpMasterPool][FirmwareUpgrader][initializeMaster]：已配置 FirmwareUpgrader PrepareTimeout=3000ms WaitingTime=1000ms SendInterval=160ms TransferTimeout=3000ms
[2026-06-04 18:58:20] [INFO] [data][ModbusTcpMasterManager][addMaster]：创建 Master ID=12055 IP=127.0.0.1 Port=554
[2026-06-04 18:58:20] [INFO] [data][ModbusTcpMasterPool][addMaster]：已创建并添加 Master ID=12055 IP=127.0.0.1 Port=554 到线程 10 ModbusPoolThread-10
[2026-06-04 18:58:20] [INFO] [data][ModbusTcpMasterPool][initializeMaster]：开始初始化 Master ID=12055
[2026-06-04 18:58:20] [INFO] [data][ModbusConfigParser][initialCommandQueue]：开始构建初始指令队列，共 2 个引用
[2026-06-04 18:58:20] [DEBUG] [data][ModbusConfigParser][initialCommandQueue]：已克隆初始指令 ref=ReadVersion
[2026-06-04 18:58:20] [DEBUG] [data][ModbusConfigParser][initialCommandQueue]：已克隆初始指令 ref=WriteVEFCGasType
[2026-06-04 18:58:20] [INFO] [data][ModbusConfigParser][initialCommandQueue]：初始指令队列构建完成，共 2 条
[2026-06-04 18:58:20] [INFO] [data][ModbusConfigParser][periodicCommandQueue]：开始构建定时指令队列，共 2 个引用
[2026-06-04 18:58:20] [DEBUG] [data][ModbusConfigParser][periodicCommandQueue]：已克隆定时指令 ref=ReadFoupStatus
[2026-06-04 18:58:20] [DEBUG] [data][ModbusConfigParser][periodicCommandQueue]：已克隆定时指令 ref=ReadIdlePurgeAll
[2026-06-04 18:58:20] [INFO] [data][ModbusConfigParser][periodicCommandQueue]：定时指令队列构建完成，共 2 条
[2026-06-04 18:58:20] [INFO] [data][ModbusTcpMasterPool][InitialCommandIssuer][initializeMaster]：已配置 InitialCommandIssuer 指令数=2 间隔=100 超时=1000 重试=3
[2026-06-04 18:58:20] [INFO] [data][ModbusTcpMasterPool][PeriodicCommandSender][initializeMaster]：已配置 PeriodicCommandSender 指令数=2 间隔=300 超时=1000 重试=0
[2026-06-04 18:58:20] [INFO] [data][ModbusTcpMasterPool][FirmwareUpgrader][initializeMaster]：已配置 FirmwareUpgrader PrepareTimeout=3000ms WaitingTime=1000ms SendInterval=160ms TransferTimeout=3000ms
[2026-06-04 18:58:20] [INFO] [data][ModbusTcpMasterManager][addMaster]：创建 Master ID=12056 IP=127.0.0.1 Port=555
[2026-06-04 18:58:20] [INFO] [data][ModbusTcpMasterPool][addMaster]：已创建并添加 Master ID=12056 IP=127.0.0.1 Port=555 到线程 11 ModbusPoolThread-11
[2026-06-04 18:58:20] [INFO] [data][ModbusTcpMasterPool][initializeMaster]：开始初始化 Master ID=12056
[2026-06-04 18:58:20] [INFO] [data][ModbusConfigParser][initialCommandQueue]：开始构建初始指令队列，共 2 个引用
[2026-06-04 18:58:20] [DEBUG] [data][ModbusConfigParser][initialCommandQueue]：已克隆初始指令 ref=ReadVersion
[2026-06-04 18:58:20] [DEBUG] [data][ModbusConfigParser][initialCommandQueue]：已克隆初始指令 ref=WriteVEFCGasType
[2026-06-04 18:58:20] [INFO] [data][ModbusConfigParser][initialCommandQueue]：初始指令队列构建完成，共 2 条
[2026-06-04 18:58:20] [INFO] [data][ModbusConfigParser][periodicCommandQueue]：开始构建定时指令队列，共 2 个引用
[2026-06-04 18:58:20] [DEBUG] [data][ModbusConfigParser][periodicCommandQueue]：已克隆定时指令 ref=ReadFoupStatus
[2026-06-04 18:58:20] [DEBUG] [data][ModbusConfigParser][periodicCommandQueue]：已克隆定时指令 ref=ReadIdlePurgeAll
[2026-06-04 18:58:20] [INFO] [data][ModbusConfigParser][periodicCommandQueue]：定时指令队列构建完成，共 2 条
[2026-06-04 18:58:20] [INFO] [data][ModbusTcpMasterPool][InitialCommandIssuer][initializeMaster]：已配置 InitialCommandIssuer 指令数=2 间隔=100 超时=1000 重试=3
[2026-06-04 18:58:20] [INFO] [data][ModbusTcpMasterPool][PeriodicCommandSender][initializeMaster]：已配置 PeriodicCommandSender 指令数=2 间隔=300 超时=1000 重试=0
[2026-06-04 18:58:20] [INFO] [data][ModbusTcpMasterPool][FirmwareUpgrader][initializeMaster]：已配置 FirmwareUpgrader PrepareTimeout=3000ms WaitingTime=1000ms SendInterval=160ms TransferTimeout=3000ms
[2026-06-04 18:58:20] [INFO] [data][ModbusTcpMasterManager][addMaster]：创建 Master ID=12057 IP=127.0.0.1 Port=556
[2026-06-04 18:58:20] [INFO] [data][ModbusTcpMasterPool][addMaster]：已创建并添加 Master ID=12057 IP=127.0.0.1 Port=556 到线程 12 ModbusPoolThread-12
[2026-06-04 18:58:20] [INFO] [data][ModbusTcpMasterPool][initializeMaster]：开始初始化 Master ID=12057
[2026-06-04 18:58:20] [INFO] [data][ModbusConfigParser][initialCommandQueue]：开始构建初始指令队列，共 2 个引用
[2026-06-04 18:58:20] [DEBUG] [data][ModbusConfigParser][initialCommandQueue]：已克隆初始指令 ref=ReadVersion
[2026-06-04 18:58:20] [DEBUG] [data][ModbusConfigParser][initialCommandQueue]：已克隆初始指令 ref=WriteVEFCGasType
[2026-06-04 18:58:20] [INFO] [data][ModbusConfigParser][initialCommandQueue]：初始指令队列构建完成，共 2 条
[2026-06-04 18:58:20] [INFO] [data][ModbusConfigParser][periodicCommandQueue]：开始构建定时指令队列，共 2 个引用
[2026-06-04 18:58:20] [DEBUG] [data][ModbusConfigParser][periodicCommandQueue]：已克隆定时指令 ref=ReadFoupStatus
[2026-06-04 18:58:20] [DEBUG] [data][ModbusConfigParser][periodicCommandQueue]：已克隆定时指令 ref=ReadIdlePurgeAll
[2026-06-04 18:58:20] [INFO] [data][ModbusConfigParser][periodicCommandQueue]：定时指令队列构建完成，共 2 条
[2026-06-04 18:58:20] [INFO] [data][ModbusTcpMasterPool][InitialCommandIssuer][initializeMaster]：已配置 InitialCommandIssuer 指令数=2 间隔=100 超时=1000 重试=3
[2026-06-04 18:58:20] [INFO] [data][ModbusTcpMasterPool][PeriodicCommandSender][initializeMaster]：已配置 PeriodicCommandSender 指令数=2 间隔=300 超时=1000 重试=0
[2026-06-04 18:58:20] [INFO] [data][ModbusTcpMasterPool][FirmwareUpgrader][initializeMaster]：已配置 FirmwareUpgrader PrepareTimeout=3000ms WaitingTime=1000ms SendInterval=160ms TransferTimeout=3000ms
[2026-06-04 18:58:20] [INFO] [data][ModbusTcpMasterManager][addMaster]：创建 Master ID=12058 IP=127.0.0.1 Port=557
[2026-06-04 18:58:20] [INFO] [data][ModbusTcpMasterPool][addMaster]：已创建并添加 Master ID=12058 IP=127.0.0.1 Port=557 到线程 13 ModbusPoolThread-13
[2026-06-04 18:58:20] [INFO] [data][ModbusTcpMasterPool][initializeMaster]：开始初始化 Master ID=12058
[2026-06-04 18:58:20] [INFO] [data][ModbusConfigParser][initialCommandQueue]：开始构建初始指令队列，共 2 个引用
[2026-06-04 18:58:20] [DEBUG] [data][ModbusConfigParser][initialCommandQueue]：已克隆初始指令 ref=ReadVersion
[2026-06-04 18:58:20] [DEBUG] [data][ModbusConfigParser][initialCommandQueue]：已克隆初始指令 ref=WriteVEFCGasType
[2026-06-04 18:58:20] [INFO] [data][ModbusConfigParser][initialCommandQueue]：初始指令队列构建完成，共 2 条
[2026-06-04 18:58:20] [INFO] [data][ModbusConfigParser][periodicCommandQueue]：开始构建定时指令队列，共 2 个引用
[2026-06-04 18:58:20] [DEBUG] [data][ModbusConfigParser][periodicCommandQueue]：已克隆定时指令 ref=ReadFoupStatus
[2026-06-04 18:58:20] [DEBUG] [data][ModbusConfigParser][periodicCommandQueue]：已克隆定时指令 ref=ReadIdlePurgeAll
[2026-06-04 18:58:20] [INFO] [data][ModbusConfigParser][periodicCommandQueue]：定时指令队列构建完成，共 2 条
[2026-06-04 18:58:20] [INFO] [data][ModbusTcpMasterPool][InitialCommandIssuer][initializeMaster]：已配置 InitialCommandIssuer 指令数=2 间隔=100 超时=1000 重试=3
[2026-06-04 18:58:20] [INFO] [data][ModbusTcpMasterPool][PeriodicCommandSender][initializeMaster]：已配置 PeriodicCommandSender 指令数=2 间隔=300 超时=1000 重试=0
[2026-06-04 18:58:20] [INFO] [data][ModbusTcpMasterPool][FirmwareUpgrader][initializeMaster]：已配置 FirmwareUpgrader PrepareTimeout=3000ms WaitingTime=1000ms SendInterval=160ms TransferTimeout=3000ms
[2026-06-04 18:58:20] [INFO] [data][ModbusTcpMasterManager][addMaster]：创建 Master ID=12059 IP=127.0.0.1 Port=558
[2026-06-04 18:58:20] [INFO] [data][ModbusTcpMasterPool][addMaster]：已创建并添加 Master ID=12059 IP=127.0.0.1 Port=558 到线程 14 ModbusPoolThread-14
[2026-06-04 18:58:20] [INFO] [data][ModbusTcpMasterPool][initializeMaster]：开始初始化 Master ID=12059
[2026-06-04 18:58:20] [INFO] [data][ModbusConfigParser][initialCommandQueue]：开始构建初始指令队列，共 2 个引用
[2026-06-04 18:58:20] [DEBUG] [data][ModbusConfigParser][initialCommandQueue]：已克隆初始指令 ref=ReadVersion
[2026-06-04 18:58:20] [DEBUG] [data][ModbusConfigParser][initialCommandQueue]：已克隆初始指令 ref=WriteVEFCGasType
[2026-06-04 18:58:20] [INFO] [data][ModbusConfigParser][initialCommandQueue]：初始指令队列构建完成，共 2 条
[2026-06-04 18:58:20] [INFO] [data][ModbusConfigParser][periodicCommandQueue]：开始构建定时指令队列，共 2 个引用
[2026-06-04 18:58:20] [DEBUG] [data][ModbusConfigParser][periodicCommandQueue]：已克隆定时指令 ref=ReadFoupStatus
[2026-06-04 18:58:20] [DEBUG] [data][ModbusConfigParser][periodicCommandQueue]：已克隆定时指令 ref=ReadIdlePurgeAll
[2026-06-04 18:58:20] [INFO] [data][ModbusConfigParser][periodicCommandQueue]：定时指令队列构建完成，共 2 条
[2026-06-04 18:58:20] [INFO] [data][ModbusTcpMasterPool][InitialCommandIssuer][initializeMaster]：已配置 InitialCommandIssuer 指令数=2 间隔=100 超时=1000 重试=3
[2026-06-04 18:58:20] [INFO] [data][ModbusTcpMasterPool][PeriodicCommandSender][initializeMaster]：已配置 PeriodicCommandSender 指令数=2 间隔=300 超时=1000 重试=0
[2026-06-04 18:58:20] [INFO] [data][ModbusTcpMasterPool][FirmwareUpgrader][initializeMaster]：已配置 FirmwareUpgrader PrepareTimeout=3000ms WaitingTime=1000ms SendInterval=160ms TransferTimeout=3000ms
[2026-06-04 18:58:20] [INFO] [data][ModbusTcpMasterManager][addMaster]：创建 Master ID=12060 IP=127.0.0.1 Port=559
[2026-06-04 18:58:20] [INFO] [data][ModbusTcpMasterPool][addMaster]：已创建并添加 Master ID=12060 IP=127.0.0.1 Port=559 到线程 15 ModbusPoolThread-15
[2026-06-04 18:58:20] [INFO] [data][ModbusTcpMasterPool][initializeMaster]：开始初始化 Master ID=12060
[2026-06-04 18:58:20] [INFO] [data][ModbusConfigParser][initialCommandQueue]：开始构建初始指令队列，共 2 个引用
[2026-06-04 18:58:20] [DEBUG] [data][ModbusConfigParser][initialCommandQueue]：已克隆初始指令 ref=ReadVersion
[2026-06-04 18:58:20] [DEBUG] [data][ModbusConfigParser][initialCommandQueue]：已克隆初始指令 ref=WriteVEFCGasType
[2026-06-04 18:58:20] [INFO] [data][ModbusConfigParser][initialCommandQueue]：初始指令队列构建完成，共 2 条
[2026-06-04 18:58:20] [INFO] [data][ModbusConfigParser][periodicCommandQueue]：开始构建定时指令队列，共 2 个引用
[2026-06-04 18:58:20] [DEBUG] [data][ModbusConfigParser][periodicCommandQueue]：已克隆定时指令 ref=ReadFoupStatus
[2026-06-04 18:58:20] [DEBUG] [data][ModbusConfigParser][periodicCommandQueue]：已克隆定时指令 ref=ReadIdlePurgeAll
[2026-06-04 18:58:20] [INFO] [data][ModbusConfigParser][periodicCommandQueue]：定时指令队列构建完成，共 2 条
[2026-06-04 18:58:20] [INFO] [data][ModbusTcpMasterPool][InitialCommandIssuer][initializeMaster]：已配置 InitialCommandIssuer 指令数=2 间隔=100 超时=1000 重试=3
[2026-06-04 18:58:20] [INFO] [data][ModbusTcpMasterPool][PeriodicCommandSender][initializeMaster]：已配置 PeriodicCommandSender 指令数=2 间隔=300 超时=1000 重试=0
[2026-06-04 18:58:20] [INFO] [data][ModbusTcpMasterPool][FirmwareUpgrader][initializeMaster]：已配置 FirmwareUpgrader PrepareTimeout=3000ms WaitingTime=1000ms SendInterval=160ms TransferTimeout=3000ms
[2026-06-04 18:58:20] [INFO] [data][ModbusTcpMasterManager][addMaster]：创建 Master ID=12061 IP=127.0.0.1 Port=560
[2026-06-04 18:58:20] [INFO] [data][ModbusTcpMasterPool][addMaster]：已创建并添加 Master ID=12061 IP=127.0.0.1 Port=560 到线程 16 ModbusPoolThread-16
[2026-06-04 18:58:20] [INFO] [data][ModbusTcpMasterPool][initializeMaster]：开始初始化 Master ID=12061
[2026-06-04 18:58:20] [INFO] [data][ModbusConfigParser][initialCommandQueue]：开始构建初始指令队列，共 2 个引用
[2026-06-04 18:58:20] [DEBUG] [data][ModbusConfigParser][initialCommandQueue]：已克隆初始指令 ref=ReadVersion
[2026-06-04 18:58:20] [DEBUG] [data][ModbusConfigParser][initialCommandQueue]：已克隆初始指令 ref=WriteVEFCGasType
[2026-06-04 18:58:20] [INFO] [data][ModbusConfigParser][initialCommandQueue]：初始指令队列构建完成，共 2 条
[2026-06-04 18:58:20] [INFO] [data][ModbusConfigParser][periodicCommandQueue]：开始构建定时指令队列，共 2 个引用
[2026-06-04 18:58:20] [DEBUG] [data][ModbusConfigParser][periodicCommandQueue]：已克隆定时指令 ref=ReadFoupStatus
[2026-06-04 18:58:20] [DEBUG] [data][ModbusConfigParser][periodicCommandQueue]：已克隆定时指令 ref=ReadIdlePurgeAll
[2026-06-04 18:58:20] [INFO] [data][ModbusConfigParser][periodicCommandQueue]：定时指令队列构建完成，共 2 条
[2026-06-04 18:58:20] [INFO] [data][ModbusTcpMasterPool][InitialCommandIssuer][initializeMaster]：已配置 InitialCommandIssuer 指令数=2 间隔=100 超时=1000 重试=3
[2026-06-04 18:58:20] [INFO] [data][ModbusTcpMasterPool][PeriodicCommandSender][initializeMaster]：已配置 PeriodicCommandSender 指令数=2 间隔=300 超时=1000 重试=0
[2026-06-04 18:58:20] [INFO] [data][ModbusTcpMasterPool][FirmwareUpgrader][initializeMaster]：已配置 FirmwareUpgrader PrepareTimeout=3000ms WaitingTime=1000ms SendInterval=160ms TransferTimeout=3000ms
[2026-06-04 18:58:20] [INFO] [data][ModbusTcpMasterManager][addMaster]：创建 Master ID=12062 IP=127.0.0.1 Port=561
[2026-06-04 18:58:20] [INFO] [data][ModbusTcpMasterPool][addMaster]：已创建并添加 Master ID=12062 IP=127.0.0.1 Port=561 到线程 17 ModbusPoolThread-17
[2026-06-04 18:58:20] [INFO] [data][ModbusTcpMasterPool][initializeMaster]：开始初始化 Master ID=12062
[2026-06-04 18:58:20] [INFO] [data][ModbusConfigParser][initialCommandQueue]：开始构建初始指令队列，共 2 个引用
[2026-06-04 18:58:20] [DEBUG] [data][ModbusConfigParser][initialCommandQueue]：已克隆初始指令 ref=ReadVersion
[2026-06-04 18:58:20] [DEBUG] [data][ModbusConfigParser][initialCommandQueue]：已克隆初始指令 ref=WriteVEFCGasType
[2026-06-04 18:58:20] [INFO] [data][ModbusConfigParser][initialCommandQueue]：初始指令队列构建完成，共 2 条
[2026-06-04 18:58:20] [INFO] [data][ModbusConfigParser][periodicCommandQueue]：开始构建定时指令队列，共 2 个引用
[2026-06-04 18:58:20] [DEBUG] [data][ModbusConfigParser][periodicCommandQueue]：已克隆定时指令 ref=ReadFoupStatus
[2026-06-04 18:58:20] [DEBUG] [data][ModbusConfigParser][periodicCommandQueue]：已克隆定时指令 ref=ReadIdlePurgeAll
[2026-06-04 18:58:20] [INFO] [data][ModbusConfigParser][periodicCommandQueue]：定时指令队列构建完成，共 2 条
[2026-06-04 18:58:20] [INFO] [data][ModbusTcpMasterPool][InitialCommandIssuer][initializeMaster]：已配置 InitialCommandIssuer 指令数=2 间隔=100 超时=1000 重试=3
[2026-06-04 18:58:20] [INFO] [data][ModbusTcpMasterPool][PeriodicCommandSender][initializeMaster]：已配置 PeriodicCommandSender 指令数=2 间隔=300 超时=1000 重试=0
[2026-06-04 18:58:20] [INFO] [data][ModbusTcpMasterPool][FirmwareUpgrader][initializeMaster]：已配置 FirmwareUpgrader PrepareTimeout=3000ms WaitingTime=1000ms SendInterval=160ms TransferTimeout=3000ms
[2026-06-04 18:58:20] [INFO] [data][ModbusTcpMasterManager][addMaster]：创建 Master ID=12063 IP=127.0.0.1 Port=562
[2026-06-04 18:58:20] [INFO] [data][ModbusTcpMasterPool][addMaster]：已创建并添加 Master ID=12063 IP=127.0.0.1 Port=562 到线程 18 ModbusPoolThread-18
[2026-06-04 18:58:20] [INFO] [data][ModbusTcpMasterPool][initializeMaster]：开始初始化 Master ID=12063
[2026-06-04 18:58:20] [INFO] [data][ModbusConfigParser][initialCommandQueue]：开始构建初始指令队列，共 2 个引用
[2026-06-04 18:58:20] [DEBUG] [data][ModbusConfigParser][initialCommandQueue]：已克隆初始指令 ref=ReadVersion
[2026-06-04 18:58:20] [DEBUG] [data][ModbusConfigParser][initialCommandQueue]：已克隆初始指令 ref=WriteVEFCGasType
[2026-06-04 18:58:20] [INFO] [data][ModbusConfigParser][initialCommandQueue]：初始指令队列构建完成，共 2 条
[2026-06-04 18:58:20] [INFO] [data][ModbusConfigParser][periodicCommandQueue]：开始构建定时指令队列，共 2 个引用
[2026-06-04 18:58:20] [DEBUG] [data][ModbusConfigParser][periodicCommandQueue]：已克隆定时指令 ref=ReadFoupStatus
[2026-06-04 18:58:20] [DEBUG] [data][ModbusConfigParser][periodicCommandQueue]：已克隆定时指令 ref=ReadIdlePurgeAll
[2026-06-04 18:58:20] [INFO] [data][ModbusConfigParser][periodicCommandQueue]：定时指令队列构建完成，共 2 条
[2026-06-04 18:58:20] [INFO] [data][ModbusTcpMasterPool][InitialCommandIssuer][initializeMaster]：已配置 InitialCommandIssuer 指令数=2 间隔=100 超时=1000 重试=3
[2026-06-04 18:58:20] [INFO] [data][ModbusTcpMasterPool][PeriodicCommandSender][initializeMaster]：已配置 PeriodicCommandSender 指令数=2 间隔=300 超时=1000 重试=0
[2026-06-04 18:58:20] [INFO] [data][ModbusTcpMasterPool][FirmwareUpgrader][initializeMaster]：已配置 FirmwareUpgrader PrepareTimeout=3000ms WaitingTime=1000ms SendInterval=160ms TransferTimeout=3000ms
[2026-06-04 18:58:20] [INFO] [data][ModbusTcpMasterManager][addMaster]：创建 Master ID=12064 IP=127.0.0.1 Port=563
[2026-06-04 18:58:20] [INFO] [data][ModbusTcpMasterPool][addMaster]：已创建并添加 Master ID=12064 IP=127.0.0.1 Port=563 到线程 19 ModbusPoolThread-19
[2026-06-04 18:58:20] [INFO] [data][ModbusTcpMasterPool][initializeMaster]：开始初始化 Master ID=12064
[2026-06-04 18:58:20] [INFO] [data][ModbusConfigParser][initialCommandQueue]：开始构建初始指令队列，共 2 个引用
[2026-06-04 18:58:20] [DEBUG] [data][ModbusConfigParser][initialCommandQueue]：已克隆初始指令 ref=ReadVersion
[2026-06-04 18:58:20] [DEBUG] [data][ModbusConfigParser][initialCommandQueue]：已克隆初始指令 ref=WriteVEFCGasType
[2026-06-04 18:58:20] [INFO] [data][ModbusConfigParser][initialCommandQueue]：初始指令队列构建完成，共 2 条
[2026-06-04 18:58:20] [INFO] [data][ModbusConfigParser][periodicCommandQueue]：开始构建定时指令队列，共 2 个引用
[2026-06-04 18:58:20] [DEBUG] [data][ModbusConfigParser][periodicCommandQueue]：已克隆定时指令 ref=ReadFoupStatus
[2026-06-04 18:58:20] [DEBUG] [data][ModbusConfigParser][periodicCommandQueue]：已克隆定时指令 ref=ReadIdlePurgeAll
[2026-06-04 18:58:20] [INFO] [data][ModbusConfigParser][periodicCommandQueue]：定时指令队列构建完成，共 2 条
[2026-06-04 18:58:20] [INFO] [data][ModbusTcpMasterPool][InitialCommandIssuer][initializeMaster]：已配置 InitialCommandIssuer 指令数=2 间隔=100 超时=1000 重试=3
[2026-06-04 18:58:20] [INFO] [data][ModbusTcpMasterPool][PeriodicCommandSender][initializeMaster]：已配置 PeriodicCommandSender 指令数=2 间隔=300 超时=1000 重试=0
[2026-06-04 18:58:20] [INFO] [data][ModbusTcpMasterPool][FirmwareUpgrader][initializeMaster]：已配置 FirmwareUpgrader PrepareTimeout=3000ms WaitingTime=1000ms SendInterval=160ms TransferTimeout=3000ms
[2026-06-04 18:58:20] [INFO] [data][ModbusTcpMasterManager][addMaster]：创建 Master ID=12065 IP=127.0.0.1 Port=564
[2026-06-04 18:58:20] [INFO] [data][ModbusTcpMasterPool][addMaster]：已创建并添加 Master ID=12065 IP=127.0.0.1 Port=564 到线程 20 ModbusPoolThread-20
[2026-06-04 18:58:20] [INFO] [data][ModbusTcpMasterPool][initializeMaster]：开始初始化 Master ID=12065
[2026-06-04 18:58:20] [INFO] [data][ModbusConfigParser][initialCommandQueue]：开始构建初始指令队列，共 2 个引用
[2026-06-04 18:58:20] [DEBUG] [data][ModbusConfigParser][initialCommandQueue]：已克隆初始指令 ref=ReadVersion
[2026-06-04 18:58:20] [DEBUG] [data][ModbusConfigParser][initialCommandQueue]：已克隆初始指令 ref=WriteVEFCGasType
[2026-06-04 18:58:20] [INFO] [data][ModbusConfigParser][initialCommandQueue]：初始指令队列构建完成，共 2 条
[2026-06-04 18:58:20] [INFO] [data][ModbusConfigParser][periodicCommandQueue]：开始构建定时指令队列，共 2 个引用
[2026-06-04 18:58:20] [DEBUG] [data][ModbusConfigParser][periodicCommandQueue]：已克隆定时指令 ref=ReadFoupStatus
[2026-06-04 18:58:20] [DEBUG] [data][ModbusConfigParser][periodicCommandQueue]：已克隆定时指令 ref=ReadIdlePurgeAll
[2026-06-04 18:58:20] [INFO] [data][ModbusConfigParser][periodicCommandQueue]：定时指令队列构建完成，共 2 条
[2026-06-04 18:58:20] [INFO] [data][ModbusTcpMasterPool][InitialCommandIssuer][initializeMaster]：已配置 InitialCommandIssuer 指令数=2 间隔=100 超时=1000 重试=3
[2026-06-04 18:58:20] [INFO] [data][ModbusTcpMasterPool][PeriodicCommandSender][initializeMaster]：已配置 PeriodicCommandSender 指令数=2 间隔=300 超时=1000 重试=0
[2026-06-04 18:58:20] [INFO] [data][ModbusTcpMasterPool][FirmwareUpgrader][initializeMaster]：已配置 FirmwareUpgrader PrepareTimeout=3000ms WaitingTime=1000ms SendInterval=160ms TransferTimeout=3000ms
[2026-06-04 18:58:20] [INFO] [data][ModbusTcpMasterManager][addMaster]：创建 Master ID=12066 IP=127.0.0.1 Port=565
[2026-06-04 18:58:20] [INFO] [data][ModbusTcpMasterPool][addMaster]：已创建并添加 Master ID=12066 IP=127.0.0.1 Port=565 到线程 21 ModbusPoolThread-21
[2026-06-04 18:58:20] [INFO] [data][ModbusTcpMasterPool][initializeMaster]：开始初始化 Master ID=12066
[2026-06-04 18:58:20] [INFO] [data][ModbusConfigParser][initialCommandQueue]：开始构建初始指令队列，共 2 个引用
[2026-06-04 18:58:20] [DEBUG] [data][ModbusConfigParser][initialCommandQueue]：已克隆初始指令 ref=ReadVersion
[2026-06-04 18:58:20] [DEBUG] [data][ModbusConfigParser][initialCommandQueue]：已克隆初始指令 ref=WriteVEFCGasType
[2026-06-04 18:58:20] [INFO] [data][ModbusConfigParser][initialCommandQueue]：初始指令队列构建完成，共 2 条
[2026-06-04 18:58:20] [INFO] [data][ModbusConfigParser][periodicCommandQueue]：开始构建定时指令队列，共 2 个引用
[2026-06-04 18:58:20] [DEBUG] [data][ModbusConfigParser][periodicCommandQueue]：已克隆定时指令 ref=ReadFoupStatus
[2026-06-04 18:58:20] [DEBUG] [data][ModbusConfigParser][periodicCommandQueue]：已克隆定时指令 ref=ReadIdlePurgeAll
[2026-06-04 18:58:20] [INFO] [data][ModbusConfigParser][periodicCommandQueue]：定时指令队列构建完成，共 2 条
[2026-06-04 18:58:20] [INFO] [data][ModbusTcpMasterPool][InitialCommandIssuer][initializeMaster]：已配置 InitialCommandIssuer 指令数=2 间隔=100 超时=1000 重试=3
[2026-06-04 18:58:20] [INFO] [data][ModbusTcpMasterPool][PeriodicCommandSender][initializeMaster]：已配置 PeriodicCommandSender 指令数=2 间隔=300 超时=1000 重试=0
[2026-06-04 18:58:20] [INFO] [data][ModbusTcpMasterPool][FirmwareUpgrader][initializeMaster]：已配置 FirmwareUpgrader PrepareTimeout=3000ms WaitingTime=1000ms SendInterval=160ms TransferTimeout=3000ms
[2026-06-04 18:58:20] [INFO] [data][ModbusTcpMasterManager][addMaster]：创建 Master ID=12067 IP=127.0.0.1 Port=566
[2026-06-04 18:58:20] [INFO] [data][ModbusTcpMasterPool][addMaster]：已创建并添加 Master ID=12067 IP=127.0.0.1 Port=566 到线程 0 ModbusPoolThread-0
[2026-06-04 18:58:20] [INFO] [data][ModbusTcpMasterPool][initializeMaster]：开始初始化 Master ID=12067
[2026-06-04 18:58:20] [INFO] [data][ModbusConfigParser][initialCommandQueue]：开始构建初始指令队列，共 2 个引用
[2026-06-04 18:58:20] [DEBUG] [data][ModbusConfigParser][initialCommandQueue]：已克隆初始指令 ref=ReadVersion
[2026-06-04 18:58:20] [DEBUG] [data][ModbusConfigParser][initialCommandQueue]：已克隆初始指令 ref=WriteVEFCGasType
[2026-06-04 18:58:20] [INFO] [data][ModbusConfigParser][initialCommandQueue]：初始指令队列构建完成，共 2 条
[2026-06-04 18:58:20] [INFO] [data][ModbusConfigParser][periodicCommandQueue]：开始构建定时指令队列，共 2 个引用
[2026-06-04 18:58:20] [DEBUG] [data][ModbusConfigParser][periodicCommandQueue]：已克隆定时指令 ref=ReadFoupStatus
[2026-06-04 18:58:20] [DEBUG] [data][ModbusConfigParser][periodicCommandQueue]：已克隆定时指令 ref=ReadIdlePurgeAll
[2026-06-04 18:58:20] [INFO] [data][ModbusConfigParser][periodicCommandQueue]：定时指令队列构建完成，共 2 条
[2026-06-04 18:58:20] [INFO] [data][ModbusTcpMasterPool][InitialCommandIssuer][initializeMaster]：已配置 InitialCommandIssuer 指令数=2 间隔=100 超时=1000 重试=3
[2026-06-04 18:58:20] [INFO] [data][ModbusTcpMasterPool][PeriodicCommandSender][initializeMaster]：已配置 PeriodicCommandSender 指令数=2 间隔=300 超时=1000 重试=0
[2026-06-04 18:58:20] [INFO] [data][ModbusTcpMasterPool][FirmwareUpgrader][initializeMaster]：已配置 FirmwareUpgrader PrepareTimeout=3000ms WaitingTime=1000ms SendInterval=160ms TransferTimeout=3000ms
[2026-06-04 18:58:20] [INFO] [data][ModbusTcpMasterManager][addMaster]：创建 Master ID=12068 IP=127.0.0.1 Port=567
[2026-06-04 18:58:20] [INFO] [data][ModbusTcpMasterPool][addMaster]：已创建并添加 Master ID=12068 IP=127.0.0.1 Port=567 到线程 1 ModbusPoolThread-1
[2026-06-04 18:58:20] [INFO] [data][ModbusTcpMasterPool][initializeMaster]：开始初始化 Master ID=12068
[2026-06-04 18:58:20] [INFO] [data][ModbusConfigParser][initialCommandQueue]：开始构建初始指令队列，共 2 个引用
[2026-06-04 18:58:20] [DEBUG] [data][ModbusConfigParser][initialCommandQueue]：已克隆初始指令 ref=ReadVersion
[2026-06-04 18:58:20] [DEBUG] [data][ModbusConfigParser][initialCommandQueue]：已克隆初始指令 ref=WriteVEFCGasType
[2026-06-04 18:58:20] [INFO] [data][ModbusConfigParser][initialCommandQueue]：初始指令队列构建完成，共 2 条
[2026-06-04 18:58:20] [INFO] [data][ModbusConfigParser][periodicCommandQueue]：开始构建定时指令队列，共 2 个引用
[2026-06-04 18:58:20] [DEBUG] [data][ModbusConfigParser][periodicCommandQueue]：已克隆定时指令 ref=ReadFoupStatus
[2026-06-04 18:58:20] [DEBUG] [data][ModbusConfigParser][periodicCommandQueue]：已克隆定时指令 ref=ReadIdlePurgeAll
[2026-06-04 18:58:20] [INFO] [data][ModbusConfigParser][periodicCommandQueue]：定时指令队列构建完成，共 2 条
[2026-06-04 18:58:20] [INFO] [data][ModbusTcpMasterPool][InitialCommandIssuer][initializeMaster]：已配置 InitialCommandIssuer 指令数=2 间隔=100 超时=1000 重试=3
[2026-06-04 18:58:20] [INFO] [data][ModbusTcpMasterPool][PeriodicCommandSender][initializeMaster]：已配置 PeriodicCommandSender 指令数=2 间隔=300 超时=1000 重试=0
[2026-06-04 18:58:20] [INFO] [data][ModbusTcpMasterPool][FirmwareUpgrader][initializeMaster]：已配置 FirmwareUpgrader PrepareTimeout=3000ms WaitingTime=1000ms SendInterval=160ms TransferTimeout=3000ms
[2026-06-04 18:58:20] [INFO] [data][ModbusTcpMasterManager][addMaster]：创建 Master ID=12069 IP=127.0.0.1 Port=568
[2026-06-04 18:58:20] [INFO] [data][ModbusTcpMasterPool][addMaster]：已创建并添加 Master ID=12069 IP=127.0.0.1 Port=568 到线程 2 ModbusPoolThread-2
[2026-06-04 18:58:20] [INFO] [data][ModbusTcpMasterPool][initializeMaster]：开始初始化 Master ID=12069
[2026-06-04 18:58:20] [INFO] [data][ModbusConfigParser][initialCommandQueue]：开始构建初始指令队列，共 2 个引用
[2026-06-04 18:58:20] [DEBUG] [data][ModbusConfigParser][initialCommandQueue]：已克隆初始指令 ref=ReadVersion
[2026-06-04 18:58:20] [DEBUG] [data][ModbusConfigParser][initialCommandQueue]：已克隆初始指令 ref=WriteVEFCGasType
[2026-06-04 18:58:20] [INFO] [data][ModbusConfigParser][initialCommandQueue]：初始指令队列构建完成，共 2 条
[2026-06-04 18:58:20] [INFO] [data][ModbusConfigParser][periodicCommandQueue]：开始构建定时指令队列，共 2 个引用
[2026-06-04 18:58:20] [DEBUG] [data][ModbusConfigParser][periodicCommandQueue]：已克隆定时指令 ref=ReadFoupStatus
[2026-06-04 18:58:20] [DEBUG] [data][ModbusConfigParser][periodicCommandQueue]：已克隆定时指令 ref=ReadIdlePurgeAll
[2026-06-04 18:58:20] [INFO] [data][ModbusConfigParser][periodicCommandQueue]：定时指令队列构建完成，共 2 条
[2026-06-04 18:58:20] [INFO] [data][ModbusTcpMasterPool][InitialCommandIssuer][initializeMaster]：已配置 InitialCommandIssuer 指令数=2 间隔=100 超时=1000 重试=3
[2026-06-04 18:58:20] [INFO] [data][ModbusTcpMasterPool][PeriodicCommandSender][initializeMaster]：已配置 PeriodicCommandSender 指令数=2 间隔=300 超时=1000 重试=0
[2026-06-04 18:58:20] [INFO] [data][ModbusTcpMasterPool][FirmwareUpgrader][initializeMaster]：已配置 FirmwareUpgrader PrepareTimeout=3000ms WaitingTime=1000ms SendInterval=160ms TransferTimeout=3000ms
[2026-06-04 18:58:20] [INFO] [data][ModbusTcpMasterManager][addMaster]：创建 Master ID=12070 IP=127.0.0.1 Port=569
[2026-06-04 18:58:20] [INFO] [data][ModbusTcpMasterPool][addMaster]：已创建并添加 Master ID=12070 IP=127.0.0.1 Port=569 到线程 3 ModbusPoolThread-3
[2026-06-04 18:58:20] [INFO] [data][ModbusTcpMasterPool][initializeMaster]：开始初始化 Master ID=12070
[2026-06-04 18:58:20] [INFO] [data][ModbusConfigParser][initialCommandQueue]：开始构建初始指令队列，共 2 个引用
[2026-06-04 18:58:20] [DEBUG] [data][ModbusConfigParser][initialCommandQueue]：已克隆初始指令 ref=ReadVersion
[2026-06-04 18:58:20] [DEBUG] [data][ModbusConfigParser][initialCommandQueue]：已克隆初始指令 ref=WriteVEFCGasType
[2026-06-04 18:58:20] [INFO] [data][ModbusConfigParser][initialCommandQueue]：初始指令队列构建完成，共 2 条
[2026-06-04 18:58:20] [INFO] [data][ModbusConfigParser][periodicCommandQueue]：开始构建定时指令队列，共 2 个引用
[2026-06-04 18:58:20] [DEBUG] [data][ModbusConfigParser][periodicCommandQueue]：已克隆定时指令 ref=ReadFoupStatus
[2026-06-04 18:58:20] [DEBUG] [data][ModbusConfigParser][periodicCommandQueue]：已克隆定时指令 ref=ReadIdlePurgeAll
[2026-06-04 18:58:20] [INFO] [data][ModbusConfigParser][periodicCommandQueue]：定时指令队列构建完成，共 2 条
[2026-06-04 18:58:20] [INFO] [data][ModbusTcpMasterPool][InitialCommandIssuer][initializeMaster]：已配置 InitialCommandIssuer 指令数=2 间隔=100 超时=1000 重试=3
[2026-06-04 18:58:20] [INFO] [data][ModbusTcpMasterPool][PeriodicCommandSender][initializeMaster]：已配置 PeriodicCommandSender 指令数=2 间隔=300 超时=1000 重试=0
[2026-06-04 18:58:20] [INFO] [data][ModbusTcpMasterPool][FirmwareUpgrader][initializeMaster]：已配置 FirmwareUpgrader PrepareTimeout=3000ms WaitingTime=1000ms SendInterval=160ms TransferTimeout=3000ms
[2026-06-04 18:58:20] [INFO] [data][ModbusTcpMasterManager][addMaster]：创建 Master ID=12071 IP=127.0.0.1 Port=570
[2026-06-04 18:58:20] [INFO] [data][ModbusTcpMasterPool][addMaster]：已创建并添加 Master ID=12071 IP=127.0.0.1 Port=570 到线程 4 ModbusPoolThread-4
[2026-06-04 18:58:20] [INFO] [data][ModbusTcpMasterPool][initializeMaster]：开始初始化 Master ID=12071
[2026-06-04 18:58:20] [INFO] [data][ModbusConfigParser][initialCommandQueue]：开始构建初始指令队列，共 2 个引用
[2026-06-04 18:58:20] [INFO] [data][ModbusConfigParser][initialCommandQueue]：初始指令队列构建完成，共 2 条
[2026-06-04 18:58:20] [DEBUG] [data][ModbusConfigParser][initialCommandQueue]：已克隆初始指令 ref=ReadVersion
[2026-06-04 18:58:20] [DEBUG] [data][ModbusConfigParser][initialCommandQueue]：已克隆初始指令 ref=WriteVEFCGasType
[2026-06-04 18:58:20] [INFO] [data][ModbusConfigParser][periodicCommandQueue]：开始构建定时指令队列，共 2 个引用
[2026-06-04 18:58:20] [DEBUG] [data][ModbusConfigParser][periodicCommandQueue]：已克隆定时指令 ref=ReadFoupStatus
[2026-06-04 18:58:20] [DEBUG] [data][ModbusConfigParser][periodicCommandQueue]：已克隆定时指令 ref=ReadIdlePurgeAll
[2026-06-04 18:58:20] [INFO] [data][ModbusConfigParser][periodicCommandQueue]：定时指令队列构建完成，共 2 条
[2026-06-04 18:58:20] [INFO] [data][ModbusTcpMasterPool][InitialCommandIssuer][initializeMaster]：已配置 InitialCommandIssuer 指令数=2 间隔=100 超时=1000 重试=3
[2026-06-04 18:58:20] [INFO] [data][ModbusTcpMasterPool][PeriodicCommandSender][initializeMaster]：已配置 PeriodicCommandSender 指令数=2 间隔=300 超时=1000 重试=0
[2026-06-04 18:58:20] [INFO] [data][ModbusTcpMasterPool][FirmwareUpgrader][initializeMaster]：已配置 FirmwareUpgrader PrepareTimeout=3000ms WaitingTime=1000ms SendInterval=160ms TransferTimeout=3000ms
[2026-06-04 18:58:20] [INFO] [data][ModbusTcpMasterManager][addMaster]：创建 Master ID=12072 IP=127.0.0.1 Port=571
[2026-06-04 18:58:20] [INFO] [data][ModbusTcpMasterPool][addMaster]：已创建并添加 Master ID=12072 IP=127.0.0.1 Port=571 到线程 5 ModbusPoolThread-5
[2026-06-04 18:58:20] [INFO] [data][ModbusTcpMasterPool][initializeMaster]：开始初始化 Master ID=12072
[2026-06-04 18:58:20] [INFO] [data][ModbusConfigParser][initialCommandQueue]：开始构建初始指令队列，共 2 个引用
[2026-06-04 18:58:20] [DEBUG] [data][ModbusConfigParser][initialCommandQueue]：已克隆初始指令 ref=ReadVersion
[2026-06-04 18:58:20] [DEBUG] [data][ModbusConfigParser][initialCommandQueue]：已克隆初始指令 ref=WriteVEFCGasType
[2026-06-04 18:58:20] [INFO] [data][ModbusConfigParser][initialCommandQueue]：初始指令队列构建完成，共 2 条
[2026-06-04 18:58:20] [INFO] [data][ModbusConfigParser][periodicCommandQueue]：开始构建定时指令队列，共 2 个引用
[2026-06-04 18:58:20] [DEBUG] [data][ModbusConfigParser][periodicCommandQueue]：已克隆定时指令 ref=ReadFoupStatus
[2026-06-04 18:58:20] [DEBUG] [data][ModbusConfigParser][periodicCommandQueue]：已克隆定时指令 ref=ReadIdlePurgeAll
[2026-06-04 18:58:20] [INFO] [data][ModbusConfigParser][periodicCommandQueue]：定时指令队列构建完成，共 2 条
[2026-06-04 18:58:20] [INFO] [data][ModbusTcpMasterPool][InitialCommandIssuer][initializeMaster]：已配置 InitialCommandIssuer 指令数=2 间隔=100 超时=1000 重试=3
[2026-06-04 18:58:20] [INFO] [data][ModbusTcpMasterPool][PeriodicCommandSender][initializeMaster]：已配置 PeriodicCommandSender 指令数=2 间隔=300 超时=1000 重试=0
[2026-06-04 18:58:20] [INFO] [data][ModbusTcpMasterPool][FirmwareUpgrader][initializeMaster]：已配置 FirmwareUpgrader PrepareTimeout=3000ms WaitingTime=1000ms SendInterval=160ms TransferTimeout=3000ms
[2026-06-04 18:58:20] [INFO] [data][ModbusTcpMasterManager][addMaster]：创建 Master ID=12073 IP=127.0.0.1 Port=572
[2026-06-04 18:58:20] [INFO] [data][ModbusTcpMasterPool][addMaster]：已创建并添加 Master ID=12073 IP=127.0.0.1 Port=572 到线程 6 ModbusPoolThread-6
[2026-06-04 18:58:20] [INFO] [data][ModbusTcpMasterPool][initializeMaster]：开始初始化 Master ID=12073
[2026-06-04 18:58:20] [INFO] [data][ModbusConfigParser][initialCommandQueue]：开始构建初始指令队列，共 2 个引用
[2026-06-04 18:58:20] [DEBUG] [data][ModbusConfigParser][initialCommandQueue]：已克隆初始指令 ref=ReadVersion
[2026-06-04 18:58:20] [DEBUG] [data][ModbusConfigParser][initialCommandQueue]：已克隆初始指令 ref=WriteVEFCGasType
[2026-06-04 18:58:20] [DEBUG] [data][ModbusConfigParser][periodicCommandQueue]：已克隆定时指令 ref=ReadFoupStatus
[2026-06-04 18:58:20] [DEBUG] [data][ModbusConfigParser][periodicCommandQueue]：已克隆定时指令 ref=ReadIdlePurgeAll
[2026-06-04 18:58:20] [INFO] [data][ModbusConfigParser][periodicCommandQueue]：定时指令队列构建完成，共 2 条
[2026-06-04 18:58:20] [INFO] [data][ModbusConfigParser][initialCommandQueue]：初始指令队列构建完成，共 2 条
[2026-06-04 18:58:20] [INFO] [data][ModbusConfigParser][periodicCommandQueue]：开始构建定时指令队列，共 2 个引用
[2026-06-04 18:58:20] [INFO] [data][ModbusTcpMasterPool][InitialCommandIssuer][initializeMaster]：已配置 InitialCommandIssuer 指令数=2 间隔=100 超时=1000 重试=3
[2026-06-04 18:58:20] [INFO] [data][ModbusTcpMasterPool][PeriodicCommandSender][initializeMaster]：已配置 PeriodicCommandSender 指令数=2 间隔=300 超时=1000 重试=0
[2026-06-04 18:58:20] [INFO] [data][ModbusTcpMasterPool][FirmwareUpgrader][initializeMaster]：已配置 FirmwareUpgrader PrepareTimeout=3000ms WaitingTime=1000ms SendInterval=160ms TransferTimeout=3000ms
[2026-06-04 18:58:20] [INFO] [data][ModbusTcpMasterManager][addMaster]：创建 Master ID=12074 IP=127.0.0.1 Port=573
[2026-06-04 18:58:20] [INFO] [data][ModbusTcpMasterPool][addMaster]：已创建并添加 Master ID=12074 IP=127.0.0.1 Port=573 到线程 7 ModbusPoolThread-7
[2026-06-04 18:58:20] [INFO] [data][ModbusTcpMasterPool][initializeMaster]：开始初始化 Master ID=12074
[2026-06-04 18:58:20] [INFO] [data][ModbusConfigParser][initialCommandQueue]：开始构建初始指令队列，共 2 个引用
[2026-06-04 18:58:20] [DEBUG] [data][ModbusConfigParser][initialCommandQueue]：已克隆初始指令 ref=ReadVersion
[2026-06-04 18:58:20] [DEBUG] [data][ModbusConfigParser][initialCommandQueue]：已克隆初始指令 ref=WriteVEFCGasType
[2026-06-04 18:58:20] [INFO] [data][ModbusConfigParser][initialCommandQueue]：初始指令队列构建完成，共 2 条
[2026-06-04 18:58:20] [INFO] [data][ModbusConfigParser][periodicCommandQueue]：开始构建定时指令队列，共 2 个引用
[2026-06-04 18:58:20] [DEBUG] [data][ModbusConfigParser][periodicCommandQueue]：已克隆定时指令 ref=ReadFoupStatus
[2026-06-04 18:58:20] [DEBUG] [data][ModbusConfigParser][periodicCommandQueue]：已克隆定时指令 ref=ReadIdlePurgeAll
[2026-06-04 18:58:20] [INFO] [data][ModbusConfigParser][periodicCommandQueue]：定时指令队列构建完成，共 2 条
[2026-06-04 18:58:20] [INFO] [data][ModbusTcpMasterPool][InitialCommandIssuer][initializeMaster]：已配置 InitialCommandIssuer 指令数=2 间隔=100 超时=1000 重试=3
[2026-06-04 18:58:20] [INFO] [data][ModbusTcpMasterPool][PeriodicCommandSender][initializeMaster]：已配置 PeriodicCommandSender 指令数=2 间隔=300 超时=1000 重试=0
[2026-06-04 18:58:20] [INFO] [data][ModbusTcpMasterPool][FirmwareUpgrader][initializeMaster]：已配置 FirmwareUpgrader PrepareTimeout=3000ms WaitingTime=1000ms SendInterval=160ms TransferTimeout=3000ms
[2026-06-04 18:58:20] [INFO] [data][ModbusTcpMasterManager][addMaster]：创建 Master ID=12075 IP=127.0.0.1 Port=574
[2026-06-04 18:58:20] [INFO] [data][ModbusTcpMasterPool][addMaster]：已创建并添加 Master ID=12075 IP=127.0.0.1 Port=574 到线程 8 ModbusPoolThread-8
[2026-06-04 18:58:20] [INFO] [data][ModbusTcpMasterPool][initializeMaster]：开始初始化 Master ID=12075
[2026-06-04 18:58:20] [INFO] [data][ModbusConfigParser][initialCommandQueue]：开始构建初始指令队列，共 2 个引用
[2026-06-04 18:58:20] [DEBUG] [data][ModbusConfigParser][initialCommandQueue]：已克隆初始指令 ref=ReadVersion
[2026-06-04 18:58:20] [DEBUG] [data][ModbusConfigParser][initialCommandQueue]：已克隆初始指令 ref=WriteVEFCGasType
[2026-06-04 18:58:20] [INFO] [data][ModbusConfigParser][initialCommandQueue]：初始指令队列构建完成，共 2 条
[2026-06-04 18:58:20] [INFO] [data][ModbusConfigParser][periodicCommandQueue]：开始构建定时指令队列，共 2 个引用
[2026-06-04 18:58:20] [DEBUG] [data][ModbusConfigParser][periodicCommandQueue]：已克隆定时指令 ref=ReadFoupStatus
[2026-06-04 18:58:20] [DEBUG] [data][ModbusConfigParser][periodicCommandQueue]：已克隆定时指令 ref=ReadIdlePurgeAll
[2026-06-04 18:58:20] [INFO] [data][ModbusConfigParser][periodicCommandQueue]：定时指令队列构建完成，共 2 条
[2026-06-04 18:58:20] [INFO] [data][ModbusTcpMasterPool][InitialCommandIssuer][initializeMaster]：已配置 InitialCommandIssuer 指令数=2 间隔=100 超时=1000 重试=3
[2026-06-04 18:58:20] [INFO] [data][ModbusTcpMasterPool][PeriodicCommandSender][initializeMaster]：已配置 PeriodicCommandSender 指令数=2 间隔=300 超时=1000 重试=0
[2026-06-04 18:58:20] [INFO] [data][ModbusTcpMasterPool][FirmwareUpgrader][initializeMaster]：已配置 FirmwareUpgrader PrepareTimeout=3000ms WaitingTime=1000ms SendInterval=160ms TransferTimeout=3000ms
[2026-06-04 18:58:20] [INFO] [data][ModbusTcpMasterManager][addMaster]：创建 Master ID=12076 IP=127.0.0.1 Port=575
[2026-06-04 18:58:20] [INFO] [data][ModbusTcpMasterPool][addMaster]：已创建并添加 Master ID=12076 IP=127.0.0.1 Port=575 到线程 9 ModbusPoolThread-9
[2026-06-04 18:58:20] [INFO] [data][ModbusTcpMasterPool][initializeMaster]：开始初始化 Master ID=12076
[2026-06-04 18:58:20] [INFO] [data][ModbusConfigParser][initialCommandQueue]：开始构建初始指令队列，共 2 个引用
[2026-06-04 18:58:20] [DEBUG] [data][ModbusConfigParser][initialCommandQueue]：已克隆初始指令 ref=ReadVersion
[2026-06-04 18:58:20] [DEBUG] [data][ModbusConfigParser][initialCommandQueue]：已克隆初始指令 ref=WriteVEFCGasType
[2026-06-04 18:58:20] [INFO] [data][ModbusConfigParser][initialCommandQueue]：初始指令队列构建完成，共 2 条
[2026-06-04 18:58:20] [INFO] [data][ModbusConfigParser][periodicCommandQueue]：开始构建定时指令队列，共 2 个引用
[2026-06-04 18:58:20] [DEBUG] [data][ModbusConfigParser][periodicCommandQueue]：已克隆定时指令 ref=ReadFoupStatus
[2026-06-04 18:58:20] [DEBUG] [data][ModbusConfigParser][periodicCommandQueue]：已克隆定时指令 ref=ReadIdlePurgeAll
[2026-06-04 18:58:20] [INFO] [data][ModbusConfigParser][periodicCommandQueue]：定时指令队列构建完成，共 2 条
[2026-06-04 18:58:20] [INFO] [data][ModbusTcpMasterPool][InitialCommandIssuer][initializeMaster]：已配置 InitialCommandIssuer 指令数=2 间隔=100 超时=1000 重试=3
[2026-06-04 18:58:20] [INFO] [data][ModbusTcpMasterPool][PeriodicCommandSender][initializeMaster]：已配置 PeriodicCommandSender 指令数=2 间隔=300 超时=1000 重试=0
[2026-06-04 18:58:20] [INFO] [data][ModbusTcpMasterPool][FirmwareUpgrader][initializeMaster]：已配置 FirmwareUpgrader PrepareTimeout=3000ms WaitingTime=1000ms SendInterval=160ms TransferTimeout=3000ms
[2026-06-04 18:58:20] [INFO] [data][ModbusTcpMasterManager][addMaster]：创建 Master ID=12077 IP=127.0.0.1 Port=576
[2026-06-04 18:58:20] [INFO] [data][ModbusTcpMasterPool][addMaster]：已创建并添加 Master ID=12077 IP=127.0.0.1 Port=576 到线程 10 ModbusPoolThread-10
[2026-06-04 18:58:20] [INFO] [data][ModbusTcpMasterPool][initializeMaster]：开始初始化 Master ID=12077
[2026-06-04 18:58:20] [INFO] [data][ModbusConfigParser][initialCommandQueue]：开始构建初始指令队列，共 2 个引用
[2026-06-04 18:58:20] [DEBUG] [data][ModbusConfigParser][initialCommandQueue]：已克隆初始指令 ref=ReadVersion
[2026-06-04 18:58:20] [DEBUG] [data][ModbusConfigParser][initialCommandQueue]：已克隆初始指令 ref=WriteVEFCGasType
[2026-06-04 18:58:20] [INFO] [data][ModbusConfigParser][initialCommandQueue]：初始指令队列构建完成，共 2 条
[2026-06-04 18:58:20] [INFO] [data][ModbusConfigParser][periodicCommandQueue]：开始构建定时指令队列，共 2 个引用
[2026-06-04 18:58:20] [DEBUG] [data][ModbusConfigParser][periodicCommandQueue]：已克隆定时指令 ref=ReadFoupStatus
[2026-06-04 18:58:20] [DEBUG] [data][ModbusConfigParser][periodicCommandQueue]：已克隆定时指令 ref=ReadIdlePurgeAll
[2026-06-04 18:58:20] [INFO] [data][ModbusConfigParser][periodicCommandQueue]：定时指令队列构建完成，共 2 条
[2026-06-04 18:58:20] [INFO] [data][ModbusTcpMasterPool][InitialCommandIssuer][initializeMaster]：已配置 InitialCommandIssuer 指令数=2 间隔=100 超时=1000 重试=3
[2026-06-04 18:58:20] [INFO] [data][ModbusTcpMasterPool][PeriodicCommandSender][initializeMaster]：已配置 PeriodicCommandSender 指令数=2 间隔=300 超时=1000 重试=0
[2026-06-04 18:58:20] [INFO] [data][ModbusTcpMasterPool][FirmwareUpgrader][initializeMaster]：已配置 FirmwareUpgrader PrepareTimeout=3000ms WaitingTime=1000ms SendInterval=160ms TransferTimeout=3000ms
[2026-06-04 18:58:20] [INFO] [data][ModbusTcpMasterManager][addMaster]：创建 Master ID=12078 IP=127.0.0.1 Port=577
[2026-06-04 18:58:20] [INFO] [data][ModbusTcpMasterPool][addMaster]：已创建并添加 Master ID=12078 IP=127.0.0.1 Port=577 到线程 11 ModbusPoolThread-11
[2026-06-04 18:58:20] [INFO] [data][ModbusTcpMasterPool][initializeMaster]：开始初始化 Master ID=12078
[2026-06-04 18:58:20] [INFO] [data][ModbusConfigParser][initialCommandQueue]：开始构建初始指令队列，共 2 个引用
[2026-06-04 18:58:20] [DEBUG] [data][ModbusConfigParser][initialCommandQueue]：已克隆初始指令 ref=ReadVersion
[2026-06-04 18:58:20] [DEBUG] [data][ModbusConfigParser][initialCommandQueue]：已克隆初始指令 ref=WriteVEFCGasType
[2026-06-04 18:58:20] [INFO] [data][ModbusConfigParser][initialCommandQueue]：初始指令队列构建完成，共 2 条
[2026-06-04 18:58:20] [INFO] [data][ModbusConfigParser][periodicCommandQueue]：开始构建定时指令队列，共 2 个引用
[2026-06-04 18:58:20] [DEBUG] [data][ModbusConfigParser][periodicCommandQueue]：已克隆定时指令 ref=ReadFoupStatus
[2026-06-04 18:58:20] [DEBUG] [data][ModbusConfigParser][periodicCommandQueue]：已克隆定时指令 ref=ReadIdlePurgeAll
[2026-06-04 18:58:20] [INFO] [data][ModbusConfigParser][periodicCommandQueue]：定时指令队列构建完成，共 2 条
[2026-06-04 18:58:20] [INFO] [data][ModbusTcpMasterPool][InitialCommandIssuer][initializeMaster]：已配置 InitialCommandIssuer 指令数=2 间隔=100 超时=1000 重试=3
[2026-06-04 18:58:20] [INFO] [data][ModbusTcpMasterPool][PeriodicCommandSender][initializeMaster]：已配置 PeriodicCommandSender 指令数=2 间隔=300 超时=1000 重试=0
[2026-06-04 18:58:20] [INFO] [data][ModbusTcpMasterPool][FirmwareUpgrader][initializeMaster]：已配置 FirmwareUpgrader PrepareTimeout=3000ms WaitingTime=1000ms SendInterval=160ms TransferTimeout=3000ms
[2026-06-04 18:58:20] [INFO] [data][ModbusTcpMasterManager][addMaster]：创建 Master ID=12079 IP=127.0.0.1 Port=578
[2026-06-04 18:58:20] [INFO] [data][ModbusTcpMasterPool][addMaster]：已创建并添加 Master ID=12079 IP=127.0.0.1 Port=578 到线程 12 ModbusPoolThread-12
[2026-06-04 18:58:20] [INFO] [data][ModbusTcpMasterPool][initializeMaster]：开始初始化 Master ID=12079
[2026-06-04 18:58:20] [INFO] [data][ModbusConfigParser][initialCommandQueue]：开始构建初始指令队列，共 2 个引用
[2026-06-04 18:58:20] [DEBUG] [data][ModbusConfigParser][initialCommandQueue]：已克隆初始指令 ref=ReadVersion
[2026-06-04 18:58:20] [DEBUG] [data][ModbusConfigParser][initialCommandQueue]：已克隆初始指令 ref=WriteVEFCGasType
[2026-06-04 18:58:20] [INFO] [data][ModbusConfigParser][initialCommandQueue]：初始指令队列构建完成，共 2 条
[2026-06-04 18:58:20] [INFO] [data][ModbusConfigParser][periodicCommandQueue]：开始构建定时指令队列，共 2 个引用
[2026-06-04 18:58:20] [DEBUG] [data][ModbusConfigParser][periodicCommandQueue]：已克隆定时指令 ref=ReadFoupStatus
[2026-06-04 18:58:20] [DEBUG] [data][ModbusConfigParser][periodicCommandQueue]：已克隆定时指令 ref=ReadIdlePurgeAll
[2026-06-04 18:58:20] [INFO] [data][ModbusConfigParser][periodicCommandQueue]：定时指令队列构建完成，共 2 条
[2026-06-04 18:58:20] [INFO] [data][ModbusTcpMasterPool][InitialCommandIssuer][initializeMaster]：已配置 InitialCommandIssuer 指令数=2 间隔=100 超时=1000 重试=3
[2026-06-04 18:58:20] [INFO] [data][ModbusTcpMasterPool][PeriodicCommandSender][initializeMaster]：已配置 PeriodicCommandSender 指令数=2 间隔=300 超时=1000 重试=0
[2026-06-04 18:58:20] [INFO] [data][ModbusTcpMasterPool][FirmwareUpgrader][initializeMaster]：已配置 FirmwareUpgrader PrepareTimeout=3000ms WaitingTime=1000ms SendInterval=160ms TransferTimeout=3000ms
[2026-06-04 18:58:20] [INFO] [data][ModbusTcpMasterManager][addMaster]：创建 Master ID=12080 IP=127.0.0.1 Port=579
[2026-06-04 18:58:20] [INFO] [data][ModbusTcpMasterPool][addMaster]：已创建并添加 Master ID=12080 IP=127.0.0.1 Port=579 到线程 13 ModbusPoolThread-13
[2026-06-04 18:58:20] [INFO] [data][ModbusTcpMasterPool][initializeMaster]：开始初始化 Master ID=12080
[2026-06-04 18:58:20] [INFO] [data][ModbusConfigParser][initialCommandQueue]：开始构建初始指令队列，共 2 个引用
[2026-06-04 18:58:20] [DEBUG] [data][ModbusConfigParser][initialCommandQueue]：已克隆初始指令 ref=ReadVersion
[2026-06-04 18:58:20] [DEBUG] [data][ModbusConfigParser][initialCommandQueue]：已克隆初始指令 ref=WriteVEFCGasType
[2026-06-04 18:58:20] [INFO] [data][ModbusConfigParser][initialCommandQueue]：初始指令队列构建完成，共 2 条
[2026-06-04 18:58:20] [INFO] [data][ModbusConfigParser][periodicCommandQueue]：开始构建定时指令队列，共 2 个引用
[2026-06-04 18:58:20] [DEBUG] [data][ModbusConfigParser][periodicCommandQueue]：已克隆定时指令 ref=ReadFoupStatus
[2026-06-04 18:58:20] [DEBUG] [data][ModbusConfigParser][periodicCommandQueue]：已克隆定时指令 ref=ReadIdlePurgeAll
[2026-06-04 18:58:20] [INFO] [data][ModbusConfigParser][periodicCommandQueue]：定时指令队列构建完成，共 2 条
[2026-06-04 18:58:20] [INFO] [data][ModbusTcpMasterPool][InitialCommandIssuer][initializeMaster]：已配置 InitialCommandIssuer 指令数=2 间隔=100 超时=1000 重试=3
[2026-06-04 18:58:20] [INFO] [data][ModbusTcpMasterPool][PeriodicCommandSender][initializeMaster]：已配置 PeriodicCommandSender 指令数=2 间隔=300 超时=1000 重试=0
[2026-06-04 18:58:20] [INFO] [data][ModbusTcpMasterPool][FirmwareUpgrader][initializeMaster]：已配置 FirmwareUpgrader PrepareTimeout=3000ms WaitingTime=1000ms SendInterval=160ms TransferTimeout=3000ms
[2026-06-04 18:58:20] [INFO] [data][ModbusTcpMasterManager][startMaster]：已投递启动请求 ID=12001
[2026-06-04 18:58:20] [INFO] [data][ModbusTcpMasterManager][startMaster]：已投递启动请求 ID=12002
[2026-06-04 18:58:20] [INFO] [data][ModbusTcpMasterManager][startMaster]：已投递启动请求 ID=12003
[2026-06-04 18:58:20] [INFO] [data][ModbusTcpMasterManager][startMaster]：已投递启动请求 ID=12004
[2026-06-04 18:58:20] [INFO] [data][ModbusTcpMasterManager][startMaster]：已投递启动请求 ID=12005
[2026-06-04 18:58:20] [INFO] [data][ModbusTcpMasterManager][startMaster]：已投递启动请求 ID=12006
[2026-06-04 18:58:20] [INFO] [data][ModbusTcpMasterManager][startMaster]：已投递启动请求 ID=12007
[2026-06-04 18:58:20] [INFO] [data][ModbusTcpMasterManager][startMaster]：已投递启动请求 ID=12008
[2026-06-04 18:58:20] [INFO] [data][ModbusTcpMasterManager][startMaster]：已投递启动请求 ID=12009
[2026-06-04 18:58:20] [INFO] [data][ModbusTcpMasterManager][startMaster]：已投递启动请求 ID=12010
[2026-06-04 18:58:20] [INFO] [data][ModbusTcpMasterManager][startMaster]：已投递启动请求 ID=12011
[2026-06-04 18:58:20] [INFO] [data][ModbusTcpMasterManager][startMaster]：已投递启动请求 ID=12012
[2026-06-04 18:58:20] [INFO] [data][ModbusTcpMasterManager][startMaster]：已投递启动请求 ID=12013
[2026-06-04 18:58:20] [INFO] [data][ModbusTcpMasterManager][startMaster]：已投递启动请求 ID=12014
[2026-06-04 18:58:20] [INFO] [data][ModbusTcpMasterManager][startMaster]：已投递启动请求 ID=12015
[2026-06-04 18:58:20] [INFO] [data][ModbusTcpMasterManager][startMaster]：已投递启动请求 ID=12016
[2026-06-04 18:58:20] [INFO] [data][ModbusTcpMasterManager][startMaster]：已投递启动请求 ID=12017
[2026-06-04 18:58:20] [INFO] [data][ModbusTcpMasterManager][startMaster]：已投递启动请求 ID=12018
[2026-06-04 18:58:20] [INFO] [data][ModbusTcpMasterManager][startMaster]：已投递启动请求 ID=12019
[2026-06-04 18:58:20] [INFO] [data][ModbusTcpMasterManager][startMaster]：已投递启动请求 ID=12020
[2026-06-04 18:58:20] [INFO] [data][ModbusTcpMasterManager][startMaster]：已投递启动请求 ID=12021
[2026-06-04 18:58:20] [INFO] [data][ModbusTcpMasterManager][startMaster]：已投递启动请求 ID=12022
[2026-06-04 18:58:20] [INFO] [data][ModbusTcpMasterManager][startMaster]：已投递启动请求 ID=12023
[2026-06-04 18:58:20] [INFO] [data][ModbusTcpMasterManager][startMaster]：已投递启动请求 ID=12024
[2026-06-04 18:58:20] [INFO] [data][ModbusTcpMasterManager][startMaster]：已投递启动请求 ID=12025
[2026-06-04 18:58:20] [INFO] [data][ModbusTcpMasterManager][startMaster]：已投递启动请求 ID=12026
[2026-06-04 18:58:20] [INFO] [data][ModbusTcpMasterManager][startMaster]：已投递启动请求 ID=12027
[2026-06-04 18:58:20] [INFO] [data][ModbusTcpMasterManager][startMaster]：已投递启动请求 ID=12028
[2026-06-04 18:58:20] [INFO] [data][ModbusTcpMasterManager][startMaster]：已投递启动请求 ID=12029
[2026-06-04 18:58:20] [INFO] [data][ModbusTcpMasterManager][startMaster]：已投递启动请求 ID=12030
[2026-06-04 18:58:20] [INFO] [data][ModbusTcpMasterManager][startMaster]：已投递启动请求 ID=12031
[2026-06-04 18:58:20] [INFO] [data][ModbusTcpMasterManager][startMaster]：已投递启动请求 ID=12032
[2026-06-04 18:58:20] [INFO] [data][ModbusTcpMasterManager][startMaster]：已投递启动请求 ID=12033
[2026-06-04 18:58:20] [INFO] [data][ModbusTcpMasterManager][startMaster]：已投递启动请求 ID=12034
[2026-06-04 18:58:20] [INFO] [data][ModbusTcpMasterManager][startMaster]：已投递启动请求 ID=12035
[2026-06-04 18:58:20] [INFO] [data][ModbusTcpMasterManager][startMaster]：已投递启动请求 ID=12036
[2026-06-04 18:58:20] [INFO] [data][ModbusTcpMasterManager][startMaster]：已投递启动请求 ID=12037
[2026-06-04 18:58:20] [INFO] [data][ModbusTcpMasterManager][startMaster]：已投递启动请求 ID=12038
[2026-06-04 18:58:20] [INFO] [data][ModbusTcpMasterManager][startMaster]：已投递启动请求 ID=12039
[2026-06-04 18:58:20] [INFO] [data][ModbusTcpMasterManager][startMaster]：已投递启动请求 ID=12040
[2026-06-04 18:58:20] [INFO] [data][ModbusTcpMasterManager][startMaster]：已投递启动请求 ID=12041
[2026-06-04 18:58:20] [INFO] [data][ModbusTcpMasterManager][startMaster]：已投递启动请求 ID=12042
[2026-06-04 18:58:20] [INFO] [data][ModbusTcpMasterManager][startMaster]：已投递启动请求 ID=12043
[2026-06-04 18:58:20] [INFO] [data][ModbusTcpMasterManager][startMaster]：已投递启动请求 ID=12044
[2026-06-04 18:58:20] [INFO] [data][ModbusTcpMasterManager][startMaster]：已投递启动请求 ID=12045
[2026-06-04 18:58:20] [INFO] [data][ModbusTcpMasterManager][startMaster]：已投递启动请求 ID=12046
[2026-06-04 18:58:20] [INFO] [data][ModbusTcpMasterManager][startMaster]：已投递启动请求 ID=12047
[2026-06-04 18:58:20] [INFO] [data][ModbusTcpMasterManager][startMaster]：已投递启动请求 ID=12048
[2026-06-04 18:58:20] [INFO] [data][ModbusTcpMasterManager][startMaster]：已投递启动请求 ID=12049
[2026-06-04 18:58:20] [INFO] [data][ModbusTcpMasterManager][startMaster]：已投递启动请求 ID=12050
[2026-06-04 18:58:20] [INFO] [data][ModbusTcpMasterManager][startMaster]：已投递启动请求 ID=12051
[2026-06-04 18:58:20] [INFO] [data][ModbusTcpMasterManager][startMaster]：已投递启动请求 ID=12052
[2026-06-04 18:58:20] [INFO] [data][ModbusTcpMasterManager][startMaster]：已投递启动请求 ID=12053
[2026-06-04 18:58:20] [INFO] [data][ModbusTcpMasterManager][startMaster]：已投递启动请求 ID=12054
[2026-06-04 18:58:20] [INFO] [data][ModbusTcpMasterManager][startMaster]：已投递启动请求 ID=12055
[2026-06-04 18:58:20] [INFO] [data][ModbusTcpMasterManager][startMaster]：已投递启动请求 ID=12056
[2026-06-04 18:58:20] [INFO] [data][ModbusTcpMasterManager][startMaster]：已投递启动请求 ID=12057
[2026-06-04 18:58:20] [INFO] [data][ModbusTcpMasterManager][startMaster]：已投递启动请求 ID=12058
[2026-06-04 18:58:20] [INFO] [data][ModbusTcpMasterManager][startMaster]：已投递启动请求 ID=12059
[2026-06-04 18:58:20] [INFO] [data][ModbusTcpMasterManager][startMaster]：已投递启动请求 ID=12060
[2026-06-04 18:58:20] [INFO] [data][ModbusTcpMasterManager][startMaster]：已投递启动请求 ID=12061
[2026-06-04 18:58:20] [INFO] [data][ModbusTcpMasterManager][startMaster]：已投递启动请求 ID=12062
[2026-06-04 18:58:20] [INFO] [data][ModbusTcpMasterManager][startMaster]：已投递启动请求 ID=12063
[2026-06-04 18:58:20] [INFO] [data][ModbusTcpMasterManager][startMaster]：已投递启动请求 ID=12064
[2026-06-04 18:58:20] [INFO] [data][ModbusTcpMasterManager][startMaster]：已投递启动请求 ID=12065
[2026-06-04 18:58:20] [INFO] [data][ModbusTcpMasterManager][startMaster]：已投递启动请求 ID=12066
[2026-06-04 18:58:20] [INFO] [data][ModbusTcpMasterManager][startMaster]：已投递启动请求 ID=12067
[2026-06-04 18:58:20] [INFO] [data][ModbusTcpMasterManager][startMaster]：已投递启动请求 ID=12068
[2026-06-04 18:58:20] [INFO] [data][ModbusTcpMasterManager][startMaster]：已投递启动请求 ID=12069
[2026-06-04 18:58:20] [INFO] [data][ModbusTcpMasterManager][startMaster]：已投递启动请求 ID=12070
[2026-06-04 18:58:20] [INFO] [data][ModbusTcpMasterManager][startMaster]：已投递启动请求 ID=12071
[2026-06-04 18:58:20] [INFO] [data][ModbusTcpMasterManager][startMaster]：已投递启动请求 ID=12072
[2026-06-04 18:58:20] [INFO] [data][ModbusTcpMasterManager][startMaster]：已投递启动请求 ID=12073
[2026-06-04 18:58:20] [INFO] [data][ModbusTcpMasterManager][startMaster]：已投递启动请求 ID=12074
[2026-06-04 18:58:20] [INFO] [data][ModbusTcpMasterManager][startMaster]：已投递启动请求 ID=12075
[2026-06-04 18:58:20] [INFO] [data][ModbusTcpMasterManager][startMaster]：已投递启动请求 ID=12076
[2026-06-04 18:58:20] [INFO] [data][ModbusTcpMasterManager][startMaster]：已投递启动请求 ID=12077
[2026-06-04 18:58:20] [INFO] [data][ModbusTcpMasterManager][startMaster]：已投递启动请求 ID=12078
[2026-06-04 18:58:20] [INFO] [data][ModbusTcpMasterManager][startMaster]：已投递启动请求 ID=12079
[2026-06-04 18:58:20] [INFO] [data][ModbusTcpMasterManager][startMaster]：已投递启动请求 ID=12080
[2026-06-04 18:58:21] [INFO] [ui][SH85PeriodicSelfCheckSettingWidget] bound to resident SH85PeriodicSelfCheckTask
[2026-06-04 18:58:21] [INFO] [ui][FirmwareUpdateConfigSettingWidget][initUI]：固件更新配置UI初始化完成
[2026-06-04 18:58:21] [INFO] [ui][FirmwareUpdateConfigSettingWidget][FirmwareUpdateConfigSettingWidget]：固件更新配置控件已创建
[2026-06-04 18:58:21] [INFO] [ui][FirmwareUpdateSettingWidget][FirmwareUpdateSettingWidget]：固件升级界面已创建
[2026-06-04 18:59:12] [INFO] [ui][FirmwareUpdateConfigSettingWidget][~FirmwareUpdateConfigSettingWidget]：固件更新配置控件已销毁
[2026-06-04 18:59:12] [INFO] [ui][FirmwareUpdateSettingWidget][~FirmwareUpdateSettingWidget]：固件升级界面已销毁
[2026-06-04 18:59:12] [INFO] [data][ModbusTcpMasterManager][shutdown]：销毁 Master 池及工作线程
[2026-06-04 18:59:12] [INFO] [data][ModbusTcpMasterPool][destructor]：析构开始，开始安全清理资源
[2026-06-04 18:59:12] [INFO] [data][ModbusTcpMasterPool][stopAllMasters]：开始停止所有 Master
[2026-06-04 18:59:12] [INFO] [data][ModbusTcpMasterPool][stopAllMasters]：停止 Master ID=12001
[2026-06-04 18:59:12] [INFO] [data][ModbusTcpMasterPool][stopAllMasters]：停止 Master ID=12002
[2026-06-04 18:59:12] [INFO] [data][ModbusTcpMasterPool][stopAllMasters]：停止 Master ID=12003
[2026-06-04 18:59:12] [INFO] [data][ModbusTcpMasterPool][stopAllMasters]：停止 Master ID=12004
[2026-06-04 18:59:12] [INFO] [data][ModbusTcpMasterPool][stopAllMasters]：停止 Master ID=12005
[2026-06-04 18:59:12] [INFO] [data][ModbusTcpMasterPool][stopAllMasters]：停止 Master ID=12006
[2026-06-04 18:59:12] [INFO] [data][ModbusTcpMasterPool][stopAllMasters]：停止 Master ID=12007
[2026-06-04 18:59:12] [INFO] [data][ModbusTcpMasterPool][stopAllMasters]：停止 Master ID=12008
[2026-06-04 18:59:12] [INFO] [data][ModbusTcpMasterPool][stopAllMasters]：停止 Master ID=12009
[2026-06-04 18:59:12] [INFO] [data][ModbusTcpMasterPool][stopAllMasters]：停止 Master ID=12010
[2026-06-04 18:59:12] [INFO] [data][ModbusTcpMasterPool][stopAllMasters]：停止 Master ID=12011
[2026-06-04 18:59:12] [INFO] [data][ModbusTcpMasterPool][stopAllMasters]：停止 Master ID=12012
[2026-06-04 18:59:12] [INFO] [data][ModbusTcpMasterPool][stopAllMasters]：停止 Master ID=12013
[2026-06-04 18:59:12] [INFO] [data][ModbusTcpMasterPool][stopAllMasters]：停止 Master ID=12014
[2026-06-04 18:59:12] [INFO] [data][ModbusTcpMasterPool][stopAllMasters]：停止 Master ID=12015
[2026-06-04 18:59:12] [INFO] [data][ModbusTcpMasterPool][stopAllMasters]：停止 Master ID=12016
[2026-06-04 18:59:12] [INFO] [data][ModbusTcpMasterPool][stopAllMasters]：停止 Master ID=12017
[2026-06-04 18:59:12] [INFO] [data][ModbusTcpMasterPool][stopAllMasters]：停止 Master ID=12018
[2026-06-04 18:59:12] [INFO] [data][ModbusTcpMasterPool][stopAllMasters]：停止 Master ID=12019
[2026-06-04 18:59:12] [INFO] [data][ModbusTcpMasterPool][stopAllMasters]：停止 Master ID=12020
[2026-06-04 18:59:12] [INFO] [data][ModbusTcpMasterPool][stopAllMasters]：停止 Master ID=12021
[2026-06-04 18:59:12] [INFO] [data][ModbusTcpMasterPool][stopAllMasters]：停止 Master ID=12022
[2026-06-04 18:59:12] [INFO] [data][ModbusTcpMasterPool][stopAllMasters]：停止 Master ID=12023
[2026-06-04 18:59:12] [INFO] [data][ModbusTcpMasterPool][stopAllMasters]：停止 Master ID=12024
[2026-06-04 18:59:12] [INFO] [data][ModbusTcpMasterPool][stopAllMasters]：停止 Master ID=12025
[2026-06-04 18:59:12] [INFO] [data][ModbusTcpMasterPool][stopAllMasters]：停止 Master ID=12026
[2026-06-04 18:59:12] [INFO] [data][ModbusTcpMasterPool][stopAllMasters]：停止 Master ID=12027
[2026-06-04 18:59:12] [INFO] [data][ModbusTcpMasterPool][stopAllMasters]：停止 Master ID=12028
[2026-06-04 18:59:12] [INFO] [data][ModbusTcpMasterPool][stopAllMasters]：停止 Master ID=12029
[2026-06-04 18:59:12] [INFO] [data][ModbusTcpMasterPool][stopAllMasters]：停止 Master ID=12030
[2026-06-04 18:59:12] [INFO] [data][ModbusTcpMasterPool][stopAllMasters]：停止 Master ID=12031
[2026-06-04 18:59:12] [INFO] [data][ModbusTcpMasterPool][stopAllMasters]：停止 Master ID=12032
[2026-06-04 18:59:12] [INFO] [data][ModbusTcpMasterPool][stopAllMasters]：停止 Master ID=12033
[2026-06-04 18:59:12] [INFO] [data][ModbusTcpMasterPool][stopAllMasters]：停止 Master ID=12034
[2026-06-04 18:59:12] [INFO] [data][ModbusTcpMasterPool][stopAllMasters]：停止 Master ID=12035
[2026-06-04 18:59:12] [INFO] [data][ModbusTcpMasterPool][stopAllMasters]：停止 Master ID=12036
[2026-06-04 18:59:12] [INFO] [data][ModbusTcpMasterPool][stopAllMasters]：停止 Master ID=12037
[2026-06-04 18:59:12] [INFO] [data][ModbusTcpMasterPool][stopAllMasters]：停止 Master ID=12038
[2026-06-04 18:59:12] [INFO] [data][ModbusTcpMasterPool][stopAllMasters]：停止 Master ID=12039
[2026-06-04 18:59:12] [INFO] [data][ModbusTcpMasterPool][stopAllMasters]：停止 Master ID=12040
[2026-06-04 18:59:12] [INFO] [data][ModbusTcpMasterPool][stopAllMasters]：停止 Master ID=12041
[2026-06-04 18:59:12] [INFO] [data][ModbusTcpMasterPool][stopAllMasters]：停止 Master ID=12042
[2026-06-04 18:59:12] [INFO] [data][ModbusTcpMasterPool][stopAllMasters]：停止 Master ID=12043
[2026-06-04 18:59:12] [INFO] [data][ModbusTcpMasterPool][stopAllMasters]：停止 Master ID=12044
[2026-06-04 18:59:12] [INFO] [data][ModbusTcpMasterPool][stopAllMasters]：停止 Master ID=12045
[2026-06-04 18:59:12] [INFO] [data][ModbusTcpMasterPool][stopAllMasters]：停止 Master ID=12046
[2026-06-04 18:59:12] [INFO] [data][ModbusTcpMasterPool][stopAllMasters]：停止 Master ID=12047
[2026-06-04 18:59:12] [INFO] [data][ModbusTcpMasterPool][stopAllMasters]：停止 Master ID=12048
[2026-06-04 18:59:12] [INFO] [data][ModbusTcpMasterPool][stopAllMasters]：停止 Master ID=12049
[2026-06-04 18:59:12] [INFO] [data][ModbusTcpMasterPool][stopAllMasters]：停止 Master ID=12050
[2026-06-04 18:59:12] [INFO] [data][ModbusTcpMasterPool][stopAllMasters]：停止 Master ID=12051
[2026-06-04 18:59:12] [INFO] [data][ModbusTcpMasterPool][stopAllMasters]：停止 Master ID=12052
[2026-06-04 18:59:12] [INFO] [data][ModbusTcpMasterPool][stopAllMasters]：停止 Master ID=12053
[2026-06-04 18:59:12] [INFO] [data][ModbusTcpMasterPool][stopAllMasters]：停止 Master ID=12054
[2026-06-04 18:59:12] [INFO] [data][ModbusTcpMasterPool][stopAllMasters]：停止 Master ID=12055
[2026-06-04 18:59:12] [INFO] [data][ModbusTcpMasterPool][stopAllMasters]：停止 Master ID=12056
[2026-06-04 18:59:12] [INFO] [data][ModbusTcpMasterPool][stopAllMasters]：停止 Master ID=12057
[2026-06-04 18:59:12] [INFO] [data][ModbusTcpMasterPool][stopAllMasters]：停止 Master ID=12058
[2026-06-04 18:59:12] [INFO] [data][ModbusTcpMasterPool][stopAllMasters]：停止 Master ID=12059
[2026-06-04 18:59:12] [INFO] [data][ModbusTcpMasterPool][stopAllMasters]：停止 Master ID=12060
[2026-06-04 18:59:12] [INFO] [data][ModbusTcpMasterPool][stopAllMasters]：停止 Master ID=12061
[2026-06-04 18:59:12] [INFO] [data][ModbusTcpMasterPool][stopAllMasters]：停止 Master ID=12062
[2026-06-04 18:59:12] [INFO] [data][ModbusTcpMasterPool][stopAllMasters]：停止 Master ID=12063
[2026-06-04 18:59:12] [INFO] [data][ModbusTcpMasterPool][stopAllMasters]：停止 Master ID=12064
[2026-06-04 18:59:12] [INFO] [data][ModbusTcpMasterPool][stopAllMasters]：停止 Master ID=12065
[2026-06-04 18:59:12] [INFO] [data][ModbusTcpMasterPool][stopAllMasters]：停止 Master ID=12066
[2026-06-04 18:59:12] [INFO] [data][ModbusTcpMasterPool][stopAllMasters]：停止 Master ID=12067
[2026-06-04 18:59:12] [INFO] [data][ModbusTcpMasterPool][stopAllMasters]：停止 Master ID=12068
[2026-06-04 18:59:12] [INFO] [data][ModbusTcpMasterPool][stopAllMasters]：停止 Master ID=12069
[2026-06-04 18:59:12] [INFO] [data][ModbusTcpMasterPool][stopAllMasters]：停止 Master ID=12070
[2026-06-04 18:59:12] [INFO] [data][ModbusTcpMasterPool][stopAllMasters]：停止 Master ID=12071
[2026-06-04 18:59:12] [INFO] [data][ModbusTcpMasterPool][stopAllMasters]：停止 Master ID=12072
[2026-06-04 18:59:12] [INFO] [data][ModbusTcpMasterPool][stopAllMasters]：停止 Master ID=12073
[2026-06-04 18:59:12] [INFO] [data][ModbusTcpMasterPool][stopAllMasters]：停止 Master ID=12074
[2026-06-04 18:59:12] [INFO] [data][ModbusTcpMasterPool][stopAllMasters]：停止 Master ID=12075
[2026-06-04 18:59:12] [INFO] [data][ModbusTcpMasterPool][stopAllMasters]：停止 Master ID=12076
[2026-06-04 18:59:12] [INFO] [data][ModbusTcpMasterPool][stopAllMasters]：停止 Master ID=12077
[2026-06-04 18:59:12] [INFO] [data][ModbusTcpMasterPool][stopAllMasters]：停止 Master ID=12078
[2026-06-04 18:59:12] [INFO] [data][ModbusTcpMasterPool][stopAllMasters]：停止 Master ID=12079
[2026-06-04 18:59:12] [INFO] [data][ModbusTcpMasterPool][stopAllMasters]：停止 Master ID=12080
[2026-06-04 18:59:12] [INFO] [data][ModbusTcpMasterPool][destructor]：调度删除 80 个 Master
[2026-06-04 18:59:12] [INFO] [data][ModbusTcpMasterPool][stopAllMasters]：所有 Master 已停止
[2026-06-04 18:59:12] [INFO] [data][ModbusTcpMasterPool][destructor]：向 22 个工作线程发出退出信号
[2026-06-04 18:59:12] [INFO] [data][ModbusTcpMasterPool][destructor]：析构完成，所有资源已清理
