[2026-06-04 09:18:17] [INFO] 日志系统初始化完成
[2026-06-04 09:18:17] [INFO] [data][ModbusTcpMasterManager][constructor]：已创建管理器
[2026-06-04 09:18:17] [INFO] [data][ModbusTcpMasterManager][loadConfig]：开始加载配置文件：D:/Project/CYTC_Project/OHB80PortMonitor/OHB80PortMonitor_V_1_0_0/bin/config/ModbusTcpMasterConfig.xml
[2026-06-04 09:18:17] [INFO] [data][ModbusConfigParser][transition]：[1.OpeningFile Start] 打开文件任务开始
[2026-06-04 09:18:17] [INFO] [data][ModbusConfigParser][transition]：[1.OpeningFile End] 打开文件任务完成
[2026-06-04 09:18:17] [INFO] [data][ModbusConfigParser][transition]：[2.ParsingXml Start] 解析XML任务开始
[2026-06-04 09:18:17] [INFO] [data][ModbusConfigParser][transition]：[2.ParsingXml End] 解析XML任务完成
[2026-06-04 09:18:17] [INFO] [data][ModbusConfigParser][transition]：[3.ValidatingRoot Start] 验证根节点任务开始
[2026-06-04 09:18:17] [INFO] [data][ModbusConfigParser][transition]：[3.ValidatingRoot End] 验证根节点任务完成
[2026-06-04 09:18:17] [INFO] [data][ModbusConfigParser][transition]：[4.ParsingInitialCommands Start] 解析初始指令组任务开始
[2026-06-04 09:18:17] [DEBUG] [data][ModbusConfigParser][parseCommandSet]：提取 ref 列表完成，共 2 条
[2026-06-04 09:18:17] [INFO] [data][ModbusConfigParser][parse]：InitialCommands 已解析，指令数=2
[2026-06-04 09:18:17] [INFO] [data][ModbusConfigParser][transition]：[4.ParsingInitialCommands End] 解析初始指令组任务完成
[2026-06-04 09:18:17] [INFO] [data][ModbusConfigParser][transition]：[5.ParsingPeriodicCommands Start] 解析定时指令组任务开始
[2026-06-04 09:18:17] [DEBUG] [data][ModbusConfigParser][parseCommandSet]：提取 ref 列表完成，共 2 条
[2026-06-04 09:18:17] [INFO] [data][ModbusConfigParser][parse]：PeriodicCommands 已解析，指令数=2
[2026-06-04 09:18:17] [INFO] [data][ModbusConfigParser][transition]：[5.ParsingPeriodicCommands End] 解析定时指令组任务完成
[2026-06-04 09:18:17] [INFO] [data][ModbusConfigParser][transition]：[6.ParsingBusinessCommands Start] 解析业务指令组任务开始
[2026-06-04 09:18:17] [INFO] [data][ModbusConfigParser][parse]：BusinessCommands 已解析
[2026-06-04 09:18:17] [INFO] [data][ModbusConfigParser][transition]：[6.ParsingBusinessCommands End] 解析业务指令组任务完成
[2026-06-04 09:18:17] [INFO] [data][ModbusConfigParser][transition]：[7.ParsingCommandDefinitions Start] 解析指令定义集合任务开始
[2026-06-04 09:18:17] [DEBUG] [data][ModbusConfigParser][parseCommandDef]：解析完成 id=ReadVersion 请求帧=6字节 响应模板=5字节
[2026-06-04 09:18:17] [DEBUG] [data][ModbusConfigParser][parse]：已注册指令模板 id=ReadVersion 请求帧长度=6 响应模板长度=5
[2026-06-04 09:18:17] [DEBUG] [data][ModbusConfigParser][parseCommandDef]：解析完成 id=ReadVEFCFlowUnitAndMediumStatus 请求帧=6字节 响应模板=5字节
[2026-06-04 09:18:17] [DEBUG] [data][ModbusConfigParser][parse]：已注册指令模板 id=ReadVEFCFlowUnitAndMediumStatus 请求帧长度=6 响应模板长度=5
[2026-06-04 09:18:17] [DEBUG] [data][ModbusConfigParser][parseCommandDef]：解析完成 id=ReadFoupStatus 请求帧=6字节 响应模板=21字节
[2026-06-04 09:18:17] [DEBUG] [data][ModbusConfigParser][parse]：已注册指令模板 id=ReadFoupStatus 请求帧长度=6 响应模板长度=21
[2026-06-04 09:18:17] [DEBUG] [data][ModbusConfigParser][parseCommandDef]：解析完成 id=ReadIdlePurgeAll 请求帧=6字节 响应模板=9字节
[2026-06-04 09:18:17] [DEBUG] [data][ModbusConfigParser][parse]：已注册指令模板 id=ReadIdlePurgeAll 请求帧长度=6 响应模板长度=9
[2026-06-04 09:18:17] [DEBUG] [data][ModbusConfigParser][parseCommandDef]：解析完成 id=ReadIdlePurgeEnable 请求帧=6字节 响应模板=5字节
[2026-06-04 09:18:17] [DEBUG] [data][ModbusConfigParser][parse]：已注册指令模板 id=ReadIdlePurgeEnable 请求帧长度=6 响应模板长度=5
[2026-06-04 09:18:17] [DEBUG] [data][ModbusConfigParser][parseCommandDef]：解析完成 id=ReadIdlePurgeStatus 请求帧=6字节 响应模板=5字节
[2026-06-04 09:18:17] [DEBUG] [data][ModbusConfigParser][parse]：已注册指令模板 id=ReadIdlePurgeStatus 请求帧长度=6 响应模板长度=5
[2026-06-04 09:18:17] [DEBUG] [data][ModbusConfigParser][parseCommandDef]：解析完成 id=ReadIdlePurgeWorkingTime 请求帧=6字节 响应模板=5字节
[2026-06-04 09:18:17] [DEBUG] [data][ModbusConfigParser][parse]：已注册指令模板 id=ReadIdlePurgeWorkingTime 请求帧长度=6 响应模板长度=5
[2026-06-04 09:18:17] [DEBUG] [data][ModbusConfigParser][parseCommandDef]：解析完成 id=WriteIdlePurgeEnable 请求帧=6字节 响应模板=6字节
[2026-06-04 09:18:17] [DEBUG] [data][ModbusConfigParser][parse]：已注册指令模板 id=WriteIdlePurgeEnable 请求帧长度=6 响应模板长度=6
[2026-06-04 09:18:17] [DEBUG] [data][ModbusConfigParser][parseCommandDef]：解析完成 id=WriteIdlePurgeTime 请求帧=6字节 响应模板=6字节
[2026-06-04 09:18:17] [DEBUG] [data][ModbusConfigParser][parse]：已注册指令模板 id=WriteIdlePurgeTime 请求帧长度=6 响应模板长度=6
[2026-06-04 09:18:17] [DEBUG] [data][ModbusConfigParser][parseCommandDef]：解析完成 id=WriteQRCode 请求帧=11字节 响应模板=6字节
[2026-06-04 09:18:17] [DEBUG] [data][ModbusConfigParser][parse]：已注册指令模板 id=WriteQRCode 请求帧长度=11 响应模板长度=6
[2026-06-04 09:18:17] [DEBUG] [data][ModbusConfigParser][parseCommandDef]：解析完成 id=WriteIdlePurgeInterval 请求帧=6字节 响应模板=6字节
[2026-06-04 09:18:17] [DEBUG] [data][ModbusConfigParser][parse]：已注册指令模板 id=WriteIdlePurgeInterval 请求帧长度=6 响应模板长度=6
[2026-06-04 09:18:17] [DEBUG] [data][ModbusConfigParser][parseCommandDef]：解析完成 id=WritePneumaticValvePressure 请求帧=6字节 响应模板=6字节
[2026-06-04 09:18:17] [DEBUG] [data][ModbusConfigParser][parse]：已注册指令模板 id=WritePneumaticValvePressure 请求帧长度=6 响应模板长度=6
[2026-06-04 09:18:17] [DEBUG] [data][ModbusConfigParser][parseCommandDef]：解析完成 id=ReadSelfCheckStatus 请求帧=6字节 响应模板=5字节
[2026-06-04 09:18:17] [DEBUG] [data][ModbusConfigParser][parse]：已注册指令模板 id=ReadSelfCheckStatus 请求帧长度=6 响应模板长度=5
[2026-06-04 09:18:17] [DEBUG] [data][ModbusConfigParser][parseCommandDef]：解析完成 id=ReadHumidityOffsetThreshold 请求帧=6字节 响应模板=5字节
[2026-06-04 09:18:17] [DEBUG] [data][ModbusConfigParser][parse]：已注册指令模板 id=ReadHumidityOffsetThreshold 请求帧长度=6 响应模板长度=5
[2026-06-04 09:18:17] [DEBUG] [data][ModbusConfigParser][parseCommandDef]：解析完成 id=StartSelfCheck 请求帧=6字节 响应模板=6字节
[2026-06-04 09:18:17] [DEBUG] [data][ModbusConfigParser][parse]：已注册指令模板 id=StartSelfCheck 请求帧长度=6 响应模板长度=6
[2026-06-04 09:18:17] [DEBUG] [data][ModbusConfigParser][parseCommandDef]：解析完成 id=WriteHumidityOffsetThreshold 请求帧=6字节 响应模板=6字节
[2026-06-04 09:18:17] [DEBUG] [data][ModbusConfigParser][parse]：已注册指令模板 id=WriteHumidityOffsetThreshold 请求帧长度=6 响应模板长度=6
[2026-06-04 09:18:17] [DEBUG] [data][ModbusConfigParser][parseCommandDef]：解析完成 id=WriteHumidityOffset 请求帧=6字节 响应模板=6字节
[2026-06-04 09:18:17] [DEBUG] [data][ModbusConfigParser][parse]：已注册指令模板 id=WriteHumidityOffset 请求帧长度=6 响应模板长度=6
[2026-06-04 09:18:17] [DEBUG] [data][ModbusConfigParser][parseCommandDef]：解析完成 id=WritePurgeFlow 请求帧=6字节 响应模板=6字节
[2026-06-04 09:18:17] [DEBUG] [data][ModbusConfigParser][parse]：已注册指令模板 id=WritePurgeFlow 请求帧长度=6 响应模板长度=6
[2026-06-04 09:18:17] [DEBUG] [data][ModbusConfigParser][parseCommandDef]：解析完成 id=WriteVEFCGasType 请求帧=6字节 响应模板=6字节
[2026-06-04 09:18:17] [DEBUG] [data][ModbusConfigParser][parse]：已注册指令模板 id=WriteVEFCGasType 请求帧长度=6 响应模板长度=6
[2026-06-04 09:18:17] [DEBUG] [data][ModbusConfigParser][parseCommandDef]：解析完成 id=SetBoardEnable 请求帧=6字节 响应模板=6字节
[2026-06-04 09:18:17] [DEBUG] [data][ModbusConfigParser][parse]：已注册指令模板 id=SetBoardEnable 请求帧长度=6 响应模板长度=6
[2026-06-04 09:18:17] [DEBUG] [data][ModbusConfigParser][parseCommandDef]：解析完成 id=ReadBoardEnable 请求帧=6字节 响应模板=5字节
[2026-06-04 09:18:17] [DEBUG] [data][ModbusConfigParser][parse]：已注册指令模板 id=ReadBoardEnable 请求帧长度=6 响应模板长度=5
[2026-06-04 09:18:17] [DEBUG] [data][ModbusConfigParser][parseCommandDef]：解析完成 id=WriteUIRefreshTime 请求帧=13字节 响应模板=6字节
[2026-06-04 09:18:17] [DEBUG] [data][ModbusConfigParser][parse]：已注册指令模板 id=WriteUIRefreshTime 请求帧长度=13 响应模板长度=6
[2026-06-04 09:18:17] [DEBUG] [data][ModbusConfigParser][parseCommandDef]：解析完成 id=ReadVEFCPressure 请求帧=6字节 响应模板=5字节
[2026-06-04 09:18:17] [DEBUG] [data][ModbusConfigParser][parse]：已注册指令模板 id=ReadVEFCPressure 请求帧长度=6 响应模板长度=5
[2026-06-04 09:18:17] [DEBUG] [data][ModbusConfigParser][parseCommandDef]：解析完成 id=ReadVEFCTemperature 请求帧=6字节 响应模板=5字节
[2026-06-04 09:18:17] [DEBUG] [data][ModbusConfigParser][parse]：已注册指令模板 id=ReadVEFCTemperature 请求帧长度=6 响应模板长度=5
[2026-06-04 09:18:17] [INFO] [data][ModbusConfigParser][parse]：CommandPool 共加载 24 条指令
[2026-06-04 09:18:17] [INFO] [data][ModbusConfigParser][transition]：[7.ParsingCommandDefinitions End] 解析指令定义集合任务完成
[2026-06-04 09:18:17] [INFO] [data][ModbusConfigParser][transition]：[Completed] 全部解析任务完成
[2026-06-04 09:18:17] [INFO] [data][ModbusTcpMasterPool][setConfigParser]：已设置配置解析器
[2026-06-04 09:18:17] [INFO] [data][ModbusTcpMasterManager][loadConfig]：配置文件加载成功
[2026-06-04 09:18:17] [INFO] [data][ModbusTcpMasterPool][setThreadCount]：系统最大可用线程数：22
[2026-06-04 09:18:17] [INFO] [data][ModbusTcpMasterPool][setThreadCount]：最终设置线程数：22
[2026-06-04 09:18:17] [INFO] [data][ModbusTcpMasterPool][setThreadCount]：已创建 22 个工作线程
[2026-06-04 09:18:17] [INFO] [data][ModbusTcpMasterManager][addMaster]：创建 Master ID=12001 IP=127.0.0.1 Port=500
[2026-06-04 09:18:17] [INFO] [data][ModbusTcpMasterPool][addMaster]：已创建并添加 Master ID=12001 IP=127.0.0.1 Port=500 到线程 0 ModbusPoolThread-0
[2026-06-04 09:18:17] [INFO] [data][ModbusTcpMasterPool][initializeMaster]：开始初始化 Master ID=12001
[2026-06-04 09:18:17] [INFO] [data][ModbusConfigParser][initialCommandQueue]：开始构建初始指令队列，共 2 个引用
[2026-06-04 09:18:17] [DEBUG] [data][ModbusConfigParser][initialCommandQueue]：已克隆初始指令 ref=ReadVersion
[2026-06-04 09:18:17] [DEBUG] [data][ModbusConfigParser][initialCommandQueue]：已克隆初始指令 ref=WriteVEFCGasType
[2026-06-04 09:18:17] [INFO] [data][ModbusConfigParser][initialCommandQueue]：初始指令队列构建完成，共 2 条
[2026-06-04 09:18:17] [INFO] [data][ModbusConfigParser][periodicCommandQueue]：开始构建定时指令队列，共 2 个引用
[2026-06-04 09:18:17] [DEBUG] [data][ModbusConfigParser][periodicCommandQueue]：已克隆定时指令 ref=ReadFoupStatus
[2026-06-04 09:18:17] [DEBUG] [data][ModbusConfigParser][periodicCommandQueue]：已克隆定时指令 ref=ReadIdlePurgeAll
[2026-06-04 09:18:17] [INFO] [data][ModbusConfigParser][periodicCommandQueue]：定时指令队列构建完成，共 2 条
[2026-06-04 09:18:17] [INFO] [data][ModbusTcpMasterPool][InitialCommandIssuer][initializeMaster]：已配置 InitialCommandIssuer 指令数=2 间隔=100 超时=1000 重试=3
[2026-06-04 09:18:17] [INFO] [data][ModbusTcpMasterPool][PeriodicCommandSender][initializeMaster]：已配置 PeriodicCommandSender 指令数=2 间隔=300 超时=1000 重试=0
[2026-06-04 09:18:17] [INFO] [app][FirmwareConfig][loadConfig]：加载固件配置 - PrepareCmdTimeout: 3000ms, WaitingTime: 1000ms, SendInterval: 160ms, TransferTimeout: 3000ms
[2026-06-04 09:18:17] [INFO] [app][FirmwareConfig][FirmwareConfig]：固件配置管理器已创建
[2026-06-04 09:18:17] [INFO] [data][ModbusTcpMasterPool][FirmwareUpgrader][initializeMaster]：已配置 FirmwareUpgrader PrepareTimeout=3000ms WaitingTime=1000ms SendInterval=160ms TransferTimeout=3000ms
[2026-06-04 09:18:17] [INFO] [data][ModbusTcpMasterManager][addMaster]：创建 Master ID=12002 IP=127.0.0.1 Port=501
[2026-06-04 09:18:17] [INFO] [data][ModbusTcpMasterPool][addMaster]：已创建并添加 Master ID=12002 IP=127.0.0.1 Port=501 到线程 1 ModbusPoolThread-1
[2026-06-04 09:18:17] [INFO] [data][ModbusTcpMasterPool][initializeMaster]：开始初始化 Master ID=12002
[2026-06-04 09:18:17] [INFO] [data][ModbusConfigParser][initialCommandQueue]：开始构建初始指令队列，共 2 个引用
[2026-06-04 09:18:17] [DEBUG] [data][ModbusConfigParser][initialCommandQueue]：已克隆初始指令 ref=ReadVersion
[2026-06-04 09:18:17] [DEBUG] [data][ModbusConfigParser][initialCommandQueue]：已克隆初始指令 ref=WriteVEFCGasType
[2026-06-04 09:18:17] [INFO] [data][ModbusConfigParser][initialCommandQueue]：初始指令队列构建完成，共 2 条
[2026-06-04 09:18:17] [INFO] [data][ModbusConfigParser][periodicCommandQueue]：开始构建定时指令队列，共 2 个引用
[2026-06-04 09:18:17] [DEBUG] [data][ModbusConfigParser][periodicCommandQueue]：已克隆定时指令 ref=ReadFoupStatus
[2026-06-04 09:18:17] [DEBUG] [data][ModbusConfigParser][periodicCommandQueue]：已克隆定时指令 ref=ReadIdlePurgeAll
[2026-06-04 09:18:17] [INFO] [data][ModbusConfigParser][periodicCommandQueue]：定时指令队列构建完成，共 2 条
[2026-06-04 09:18:17] [INFO] [data][ModbusTcpMasterPool][InitialCommandIssuer][initializeMaster]：已配置 InitialCommandIssuer 指令数=2 间隔=100 超时=1000 重试=3
[2026-06-04 09:18:17] [INFO] [data][ModbusTcpMasterPool][PeriodicCommandSender][initializeMaster]：已配置 PeriodicCommandSender 指令数=2 间隔=300 超时=1000 重试=0
[2026-06-04 09:18:17] [INFO] [data][ModbusTcpMasterPool][FirmwareUpgrader][initializeMaster]：已配置 FirmwareUpgrader PrepareTimeout=3000ms WaitingTime=1000ms SendInterval=160ms TransferTimeout=3000ms
[2026-06-04 09:18:17] [INFO] [data][ModbusTcpMasterManager][addMaster]：创建 Master ID=12003 IP=127.0.0.1 Port=502
[2026-06-04 09:18:17] [INFO] [data][ModbusTcpMasterPool][addMaster]：已创建并添加 Master ID=12003 IP=127.0.0.1 Port=502 到线程 2 ModbusPoolThread-2
[2026-06-04 09:18:17] [INFO] [data][ModbusTcpMasterPool][initializeMaster]：开始初始化 Master ID=12003
[2026-06-04 09:18:17] [INFO] [data][ModbusConfigParser][initialCommandQueue]：开始构建初始指令队列，共 2 个引用
[2026-06-04 09:18:17] [DEBUG] [data][ModbusConfigParser][initialCommandQueue]：已克隆初始指令 ref=ReadVersion
[2026-06-04 09:18:17] [DEBUG] [data][ModbusConfigParser][initialCommandQueue]：已克隆初始指令 ref=WriteVEFCGasType
[2026-06-04 09:18:17] [INFO] [data][ModbusConfigParser][initialCommandQueue]：初始指令队列构建完成，共 2 条
[2026-06-04 09:18:17] [INFO] [data][ModbusConfigParser][periodicCommandQueue]：开始构建定时指令队列，共 2 个引用
[2026-06-04 09:18:17] [DEBUG] [data][ModbusConfigParser][periodicCommandQueue]：已克隆定时指令 ref=ReadFoupStatus
[2026-06-04 09:18:17] [DEBUG] [data][ModbusConfigParser][periodicCommandQueue]：已克隆定时指令 ref=ReadIdlePurgeAll
[2026-06-04 09:18:17] [INFO] [data][ModbusConfigParser][periodicCommandQueue]：定时指令队列构建完成，共 2 条
[2026-06-04 09:18:17] [INFO] [data][ModbusTcpMasterPool][InitialCommandIssuer][initializeMaster]：已配置 InitialCommandIssuer 指令数=2 间隔=100 超时=1000 重试=3
[2026-06-04 09:18:17] [INFO] [data][ModbusTcpMasterPool][PeriodicCommandSender][initializeMaster]：已配置 PeriodicCommandSender 指令数=2 间隔=300 超时=1000 重试=0
[2026-06-04 09:18:17] [INFO] [data][ModbusTcpMasterPool][FirmwareUpgrader][initializeMaster]：已配置 FirmwareUpgrader PrepareTimeout=3000ms WaitingTime=1000ms SendInterval=160ms TransferTimeout=3000ms
[2026-06-04 09:18:17] [INFO] [data][ModbusTcpMasterManager][addMaster]：创建 Master ID=12004 IP=127.0.0.1 Port=503
[2026-06-04 09:18:17] [INFO] [data][ModbusTcpMasterPool][addMaster]：已创建并添加 Master ID=12004 IP=127.0.0.1 Port=503 到线程 3 ModbusPoolThread-3
[2026-06-04 09:18:17] [INFO] [data][ModbusTcpMasterPool][initializeMaster]：开始初始化 Master ID=12004
[2026-06-04 09:18:17] [INFO] [data][ModbusConfigParser][initialCommandQueue]：开始构建初始指令队列，共 2 个引用
[2026-06-04 09:18:17] [DEBUG] [data][ModbusConfigParser][initialCommandQueue]：已克隆初始指令 ref=ReadVersion
[2026-06-04 09:18:17] [DEBUG] [data][ModbusConfigParser][initialCommandQueue]：已克隆初始指令 ref=WriteVEFCGasType
[2026-06-04 09:18:17] [INFO] [data][ModbusConfigParser][initialCommandQueue]：初始指令队列构建完成，共 2 条
[2026-06-04 09:18:17] [INFO] [data][ModbusConfigParser][periodicCommandQueue]：开始构建定时指令队列，共 2 个引用
[2026-06-04 09:18:17] [DEBUG] [data][ModbusConfigParser][periodicCommandQueue]：已克隆定时指令 ref=ReadFoupStatus
[2026-06-04 09:18:17] [DEBUG] [data][ModbusConfigParser][periodicCommandQueue]：已克隆定时指令 ref=ReadIdlePurgeAll
[2026-06-04 09:18:17] [INFO] [data][ModbusConfigParser][periodicCommandQueue]：定时指令队列构建完成，共 2 条
[2026-06-04 09:18:17] [INFO] [data][ModbusTcpMasterPool][InitialCommandIssuer][initializeMaster]：已配置 InitialCommandIssuer 指令数=2 间隔=100 超时=1000 重试=3
[2026-06-04 09:18:17] [INFO] [data][ModbusTcpMasterPool][PeriodicCommandSender][initializeMaster]：已配置 PeriodicCommandSender 指令数=2 间隔=300 超时=1000 重试=0
[2026-06-04 09:18:17] [INFO] [data][ModbusTcpMasterPool][FirmwareUpgrader][initializeMaster]：已配置 FirmwareUpgrader PrepareTimeout=3000ms WaitingTime=1000ms SendInterval=160ms TransferTimeout=3000ms
[2026-06-04 09:18:17] [INFO] [data][ModbusTcpMasterManager][addMaster]：创建 Master ID=12005 IP=127.0.0.1 Port=504
[2026-06-04 09:18:17] [INFO] [data][ModbusTcpMasterPool][addMaster]：已创建并添加 Master ID=12005 IP=127.0.0.1 Port=504 到线程 4 ModbusPoolThread-4
[2026-06-04 09:18:17] [INFO] [data][ModbusTcpMasterPool][initializeMaster]：开始初始化 Master ID=12005
[2026-06-04 09:18:17] [INFO] [data][ModbusConfigParser][initialCommandQueue]：开始构建初始指令队列，共 2 个引用
[2026-06-04 09:18:17] [DEBUG] [data][ModbusConfigParser][initialCommandQueue]：已克隆初始指令 ref=ReadVersion
[2026-06-04 09:18:17] [DEBUG] [data][ModbusConfigParser][initialCommandQueue]：已克隆初始指令 ref=WriteVEFCGasType
[2026-06-04 09:18:17] [INFO] [data][ModbusConfigParser][initialCommandQueue]：初始指令队列构建完成，共 2 条
[2026-06-04 09:18:17] [INFO] [data][ModbusConfigParser][periodicCommandQueue]：开始构建定时指令队列，共 2 个引用
[2026-06-04 09:18:17] [DEBUG] [data][ModbusConfigParser][periodicCommandQueue]：已克隆定时指令 ref=ReadFoupStatus
[2026-06-04 09:18:17] [DEBUG] [data][ModbusConfigParser][periodicCommandQueue]：已克隆定时指令 ref=ReadIdlePurgeAll
[2026-06-04 09:18:17] [INFO] [data][ModbusConfigParser][periodicCommandQueue]：定时指令队列构建完成，共 2 条
[2026-06-04 09:18:17] [INFO] [data][ModbusTcpMasterPool][InitialCommandIssuer][initializeMaster]：已配置 InitialCommandIssuer 指令数=2 间隔=100 超时=1000 重试=3
[2026-06-04 09:18:17] [INFO] [data][ModbusTcpMasterPool][PeriodicCommandSender][initializeMaster]：已配置 PeriodicCommandSender 指令数=2 间隔=300 超时=1000 重试=0
[2026-06-04 09:18:17] [INFO] [data][ModbusTcpMasterPool][FirmwareUpgrader][initializeMaster]：已配置 FirmwareUpgrader PrepareTimeout=3000ms WaitingTime=1000ms SendInterval=160ms TransferTimeout=3000ms
[2026-06-04 09:18:17] [INFO] [data][ModbusTcpMasterManager][addMaster]：创建 Master ID=12006 IP=127.0.0.1 Port=505
[2026-06-04 09:18:17] [INFO] [data][ModbusTcpMasterPool][addMaster]：已创建并添加 Master ID=12006 IP=127.0.0.1 Port=505 到线程 5 ModbusPoolThread-5
[2026-06-04 09:18:17] [INFO] [data][ModbusTcpMasterPool][initializeMaster]：开始初始化 Master ID=12006
[2026-06-04 09:18:17] [INFO] [data][ModbusConfigParser][initialCommandQueue]：开始构建初始指令队列，共 2 个引用
[2026-06-04 09:18:17] [DEBUG] [data][ModbusConfigParser][initialCommandQueue]：已克隆初始指令 ref=ReadVersion
[2026-06-04 09:18:17] [DEBUG] [data][ModbusConfigParser][initialCommandQueue]：已克隆初始指令 ref=WriteVEFCGasType
[2026-06-04 09:18:17] [INFO] [data][ModbusConfigParser][initialCommandQueue]：初始指令队列构建完成，共 2 条
[2026-06-04 09:18:17] [INFO] [data][ModbusConfigParser][periodicCommandQueue]：开始构建定时指令队列，共 2 个引用
[2026-06-04 09:18:17] [DEBUG] [data][ModbusConfigParser][periodicCommandQueue]：已克隆定时指令 ref=ReadFoupStatus
[2026-06-04 09:18:17] [DEBUG] [data][ModbusConfigParser][periodicCommandQueue]：已克隆定时指令 ref=ReadIdlePurgeAll
[2026-06-04 09:18:17] [INFO] [data][ModbusConfigParser][periodicCommandQueue]：定时指令队列构建完成，共 2 条
[2026-06-04 09:18:17] [INFO] [data][ModbusTcpMasterPool][InitialCommandIssuer][initializeMaster]：已配置 InitialCommandIssuer 指令数=2 间隔=100 超时=1000 重试=3
[2026-06-04 09:18:17] [INFO] [data][ModbusTcpMasterPool][PeriodicCommandSender][initializeMaster]：已配置 PeriodicCommandSender 指令数=2 间隔=300 超时=1000 重试=0
[2026-06-04 09:18:17] [INFO] [data][ModbusTcpMasterPool][FirmwareUpgrader][initializeMaster]：已配置 FirmwareUpgrader PrepareTimeout=3000ms WaitingTime=1000ms SendInterval=160ms TransferTimeout=3000ms
[2026-06-04 09:18:17] [INFO] [data][ModbusTcpMasterManager][addMaster]：创建 Master ID=12007 IP=127.0.0.1 Port=506
[2026-06-04 09:18:17] [INFO] [data][ModbusTcpMasterPool][addMaster]：已创建并添加 Master ID=12007 IP=127.0.0.1 Port=506 到线程 6 ModbusPoolThread-6
[2026-06-04 09:18:17] [INFO] [data][ModbusTcpMasterPool][initializeMaster]：开始初始化 Master ID=12007
[2026-06-04 09:18:17] [INFO] [data][ModbusConfigParser][initialCommandQueue]：开始构建初始指令队列，共 2 个引用
[2026-06-04 09:18:17] [DEBUG] [data][ModbusConfigParser][initialCommandQueue]：已克隆初始指令 ref=ReadVersion
[2026-06-04 09:18:17] [DEBUG] [data][ModbusConfigParser][initialCommandQueue]：已克隆初始指令 ref=WriteVEFCGasType
[2026-06-04 09:18:17] [INFO] [data][ModbusConfigParser][initialCommandQueue]：初始指令队列构建完成，共 2 条
[2026-06-04 09:18:17] [INFO] [data][ModbusConfigParser][periodicCommandQueue]：开始构建定时指令队列，共 2 个引用
[2026-06-04 09:18:17] [DEBUG] [data][ModbusConfigParser][periodicCommandQueue]：已克隆定时指令 ref=ReadFoupStatus
[2026-06-04 09:18:17] [DEBUG] [data][ModbusConfigParser][periodicCommandQueue]：已克隆定时指令 ref=ReadIdlePurgeAll
[2026-06-04 09:18:17] [INFO] [data][ModbusConfigParser][periodicCommandQueue]：定时指令队列构建完成，共 2 条
[2026-06-04 09:18:17] [INFO] [data][ModbusTcpMasterPool][InitialCommandIssuer][initializeMaster]：已配置 InitialCommandIssuer 指令数=2 间隔=100 超时=1000 重试=3
[2026-06-04 09:18:17] [INFO] [data][ModbusTcpMasterPool][PeriodicCommandSender][initializeMaster]：已配置 PeriodicCommandSender 指令数=2 间隔=300 超时=1000 重试=0
[2026-06-04 09:18:17] [INFO] [data][ModbusTcpMasterPool][FirmwareUpgrader][initializeMaster]：已配置 FirmwareUpgrader PrepareTimeout=3000ms WaitingTime=1000ms SendInterval=160ms TransferTimeout=3000ms
[2026-06-04 09:18:17] [INFO] [data][ModbusTcpMasterManager][addMaster]：创建 Master ID=12008 IP=127.0.0.1 Port=507
[2026-06-04 09:18:17] [INFO] [data][ModbusTcpMasterPool][addMaster]：已创建并添加 Master ID=12008 IP=127.0.0.1 Port=507 到线程 7 ModbusPoolThread-7
[2026-06-04 09:18:17] [INFO] [data][ModbusTcpMasterPool][initializeMaster]：开始初始化 Master ID=12008
[2026-06-04 09:18:17] [INFO] [data][ModbusConfigParser][initialCommandQueue]：开始构建初始指令队列，共 2 个引用
[2026-06-04 09:18:17] [DEBUG] [data][ModbusConfigParser][initialCommandQueue]：已克隆初始指令 ref=ReadVersion
[2026-06-04 09:18:17] [DEBUG] [data][ModbusConfigParser][initialCommandQueue]：已克隆初始指令 ref=WriteVEFCGasType
[2026-06-04 09:18:17] [INFO] [data][ModbusConfigParser][initialCommandQueue]：初始指令队列构建完成，共 2 条
[2026-06-04 09:18:17] [INFO] [data][ModbusConfigParser][periodicCommandQueue]：开始构建定时指令队列，共 2 个引用
[2026-06-04 09:18:17] [DEBUG] [data][ModbusConfigParser][periodicCommandQueue]：已克隆定时指令 ref=ReadFoupStatus
[2026-06-04 09:18:17] [DEBUG] [data][ModbusConfigParser][periodicCommandQueue]：已克隆定时指令 ref=ReadIdlePurgeAll
[2026-06-04 09:18:17] [INFO] [data][ModbusConfigParser][periodicCommandQueue]：定时指令队列构建完成，共 2 条
[2026-06-04 09:18:17] [INFO] [data][ModbusTcpMasterPool][InitialCommandIssuer][initializeMaster]：已配置 InitialCommandIssuer 指令数=2 间隔=100 超时=1000 重试=3
[2026-06-04 09:18:17] [INFO] [data][ModbusTcpMasterPool][PeriodicCommandSender][initializeMaster]：已配置 PeriodicCommandSender 指令数=2 间隔=300 超时=1000 重试=0
[2026-06-04 09:18:17] [INFO] [data][ModbusTcpMasterPool][FirmwareUpgrader][initializeMaster]：已配置 FirmwareUpgrader PrepareTimeout=3000ms WaitingTime=1000ms SendInterval=160ms TransferTimeout=3000ms
[2026-06-04 09:18:17] [INFO] [data][ModbusTcpMasterManager][addMaster]：创建 Master ID=12009 IP=127.0.0.1 Port=508
[2026-06-04 09:18:17] [INFO] [data][ModbusTcpMasterPool][addMaster]：已创建并添加 Master ID=12009 IP=127.0.0.1 Port=508 到线程 8 ModbusPoolThread-8
[2026-06-04 09:18:17] [INFO] [data][ModbusTcpMasterPool][initializeMaster]：开始初始化 Master ID=12009
[2026-06-04 09:18:17] [INFO] [data][ModbusConfigParser][initialCommandQueue]：开始构建初始指令队列，共 2 个引用
[2026-06-04 09:18:17] [DEBUG] [data][ModbusConfigParser][initialCommandQueue]：已克隆初始指令 ref=ReadVersion
[2026-06-04 09:18:17] [DEBUG] [data][ModbusConfigParser][initialCommandQueue]：已克隆初始指令 ref=WriteVEFCGasType
[2026-06-04 09:18:17] [INFO] [data][ModbusConfigParser][initialCommandQueue]：初始指令队列构建完成，共 2 条
[2026-06-04 09:18:17] [INFO] [data][ModbusConfigParser][periodicCommandQueue]：开始构建定时指令队列，共 2 个引用
[2026-06-04 09:18:17] [DEBUG] [data][ModbusConfigParser][periodicCommandQueue]：已克隆定时指令 ref=ReadFoupStatus
[2026-06-04 09:18:17] [DEBUG] [data][ModbusConfigParser][periodicCommandQueue]：已克隆定时指令 ref=ReadIdlePurgeAll
[2026-06-04 09:18:17] [INFO] [data][ModbusConfigParser][periodicCommandQueue]：定时指令队列构建完成，共 2 条
[2026-06-04 09:18:17] [INFO] [data][ModbusTcpMasterPool][InitialCommandIssuer][initializeMaster]：已配置 InitialCommandIssuer 指令数=2 间隔=100 超时=1000 重试=3
[2026-06-04 09:18:17] [INFO] [data][ModbusTcpMasterPool][PeriodicCommandSender][initializeMaster]：已配置 PeriodicCommandSender 指令数=2 间隔=300 超时=1000 重试=0
[2026-06-04 09:18:17] [INFO] [data][ModbusTcpMasterPool][FirmwareUpgrader][initializeMaster]：已配置 FirmwareUpgrader PrepareTimeout=3000ms WaitingTime=1000ms SendInterval=160ms TransferTimeout=3000ms
[2026-06-04 09:18:17] [INFO] [data][ModbusTcpMasterManager][addMaster]：创建 Master ID=12010 IP=127.0.0.1 Port=509
[2026-06-04 09:18:17] [INFO] [data][ModbusTcpMasterPool][addMaster]：已创建并添加 Master ID=12010 IP=127.0.0.1 Port=509 到线程 9 ModbusPoolThread-9
[2026-06-04 09:18:17] [INFO] [data][ModbusTcpMasterPool][initializeMaster]：开始初始化 Master ID=12010
[2026-06-04 09:18:17] [INFO] [data][ModbusConfigParser][initialCommandQueue]：开始构建初始指令队列，共 2 个引用
[2026-06-04 09:18:17] [DEBUG] [data][ModbusConfigParser][initialCommandQueue]：已克隆初始指令 ref=ReadVersion
[2026-06-04 09:18:17] [DEBUG] [data][ModbusConfigParser][initialCommandQueue]：已克隆初始指令 ref=WriteVEFCGasType
[2026-06-04 09:18:17] [INFO] [data][ModbusConfigParser][initialCommandQueue]：初始指令队列构建完成，共 2 条
[2026-06-04 09:18:17] [INFO] [data][ModbusConfigParser][periodicCommandQueue]：开始构建定时指令队列，共 2 个引用
[2026-06-04 09:18:17] [DEBUG] [data][ModbusConfigParser][periodicCommandQueue]：已克隆定时指令 ref=ReadFoupStatus
[2026-06-04 09:18:17] [DEBUG] [data][ModbusConfigParser][periodicCommandQueue]：已克隆定时指令 ref=ReadIdlePurgeAll
[2026-06-04 09:18:17] [INFO] [data][ModbusConfigParser][periodicCommandQueue]：定时指令队列构建完成，共 2 条
[2026-06-04 09:18:17] [INFO] [data][ModbusTcpMasterPool][InitialCommandIssuer][initializeMaster]：已配置 InitialCommandIssuer 指令数=2 间隔=100 超时=1000 重试=3
[2026-06-04 09:18:17] [INFO] [data][ModbusTcpMasterPool][PeriodicCommandSender][initializeMaster]：已配置 PeriodicCommandSender 指令数=2 间隔=300 超时=1000 重试=0
[2026-06-04 09:18:17] [INFO] [data][ModbusTcpMasterPool][FirmwareUpgrader][initializeMaster]：已配置 FirmwareUpgrader PrepareTimeout=3000ms WaitingTime=1000ms SendInterval=160ms TransferTimeout=3000ms
[2026-06-04 09:18:17] [INFO] [data][ModbusTcpMasterManager][addMaster]：创建 Master ID=12011 IP=127.0.0.1 Port=510
[2026-06-04 09:18:17] [INFO] [data][ModbusTcpMasterPool][addMaster]：已创建并添加 Master ID=12011 IP=127.0.0.1 Port=510 到线程 10 ModbusPoolThread-10
[2026-06-04 09:18:17] [INFO] [data][ModbusTcpMasterPool][initializeMaster]：开始初始化 Master ID=12011
[2026-06-04 09:18:17] [INFO] [data][ModbusConfigParser][initialCommandQueue]：开始构建初始指令队列，共 2 个引用
[2026-06-04 09:18:17] [DEBUG] [data][ModbusConfigParser][initialCommandQueue]：已克隆初始指令 ref=ReadVersion
[2026-06-04 09:18:17] [DEBUG] [data][ModbusConfigParser][initialCommandQueue]：已克隆初始指令 ref=WriteVEFCGasType
[2026-06-04 09:18:17] [INFO] [data][ModbusConfigParser][initialCommandQueue]：初始指令队列构建完成，共 2 条
[2026-06-04 09:18:17] [INFO] [data][ModbusConfigParser][periodicCommandQueue]：开始构建定时指令队列，共 2 个引用
[2026-06-04 09:18:17] [DEBUG] [data][ModbusConfigParser][periodicCommandQueue]：已克隆定时指令 ref=ReadFoupStatus
[2026-06-04 09:18:17] [DEBUG] [data][ModbusConfigParser][periodicCommandQueue]：已克隆定时指令 ref=ReadIdlePurgeAll
[2026-06-04 09:18:17] [INFO] [data][ModbusConfigParser][periodicCommandQueue]：定时指令队列构建完成，共 2 条
[2026-06-04 09:18:17] [INFO] [data][ModbusTcpMasterPool][InitialCommandIssuer][initializeMaster]：已配置 InitialCommandIssuer 指令数=2 间隔=100 超时=1000 重试=3
[2026-06-04 09:18:17] [INFO] [data][ModbusTcpMasterPool][PeriodicCommandSender][initializeMaster]：已配置 PeriodicCommandSender 指令数=2 间隔=300 超时=1000 重试=0
[2026-06-04 09:18:17] [INFO] [data][ModbusTcpMasterPool][FirmwareUpgrader][initializeMaster]：已配置 FirmwareUpgrader PrepareTimeout=3000ms WaitingTime=1000ms SendInterval=160ms TransferTimeout=3000ms
[2026-06-04 09:18:17] [INFO] [data][ModbusTcpMasterManager][addMaster]：创建 Master ID=12012 IP=127.0.0.1 Port=511
[2026-06-04 09:18:17] [INFO] [data][ModbusTcpMasterPool][addMaster]：已创建并添加 Master ID=12012 IP=127.0.0.1 Port=511 到线程 11 ModbusPoolThread-11
[2026-06-04 09:18:17] [INFO] [data][ModbusTcpMasterPool][initializeMaster]：开始初始化 Master ID=12012
[2026-06-04 09:18:17] [INFO] [data][ModbusConfigParser][initialCommandQueue]：开始构建初始指令队列，共 2 个引用
[2026-06-04 09:18:17] [DEBUG] [data][ModbusConfigParser][initialCommandQueue]：已克隆初始指令 ref=ReadVersion
[2026-06-04 09:18:17] [DEBUG] [data][ModbusConfigParser][initialCommandQueue]：已克隆初始指令 ref=WriteVEFCGasType
[2026-06-04 09:18:17] [INFO] [data][ModbusConfigParser][initialCommandQueue]：初始指令队列构建完成，共 2 条
[2026-06-04 09:18:17] [INFO] [data][ModbusConfigParser][periodicCommandQueue]：开始构建定时指令队列，共 2 个引用
[2026-06-04 09:18:17] [DEBUG] [data][ModbusConfigParser][periodicCommandQueue]：已克隆定时指令 ref=ReadFoupStatus
[2026-06-04 09:18:17] [DEBUG] [data][ModbusConfigParser][periodicCommandQueue]：已克隆定时指令 ref=ReadIdlePurgeAll
[2026-06-04 09:18:17] [INFO] [data][ModbusConfigParser][periodicCommandQueue]：定时指令队列构建完成，共 2 条
[2026-06-04 09:18:17] [INFO] [data][ModbusTcpMasterPool][InitialCommandIssuer][initializeMaster]：已配置 InitialCommandIssuer 指令数=2 间隔=100 超时=1000 重试=3
[2026-06-04 09:18:17] [INFO] [data][ModbusTcpMasterPool][PeriodicCommandSender][initializeMaster]：已配置 PeriodicCommandSender 指令数=2 间隔=300 超时=1000 重试=0
[2026-06-04 09:18:17] [INFO] [data][ModbusTcpMasterPool][FirmwareUpgrader][initializeMaster]：已配置 FirmwareUpgrader PrepareTimeout=3000ms WaitingTime=1000ms SendInterval=160ms TransferTimeout=3000ms
[2026-06-04 09:18:17] [INFO] [data][ModbusTcpMasterManager][addMaster]：创建 Master ID=12013 IP=127.0.0.1 Port=512
[2026-06-04 09:18:17] [INFO] [data][ModbusTcpMasterPool][addMaster]：已创建并添加 Master ID=12013 IP=127.0.0.1 Port=512 到线程 12 ModbusPoolThread-12
[2026-06-04 09:18:17] [INFO] [data][ModbusTcpMasterPool][initializeMaster]：开始初始化 Master ID=12013
[2026-06-04 09:18:17] [INFO] [data][ModbusConfigParser][initialCommandQueue]：开始构建初始指令队列，共 2 个引用
[2026-06-04 09:18:17] [DEBUG] [data][ModbusConfigParser][initialCommandQueue]：已克隆初始指令 ref=ReadVersion
[2026-06-04 09:18:17] [DEBUG] [data][ModbusConfigParser][initialCommandQueue]：已克隆初始指令 ref=WriteVEFCGasType
[2026-06-04 09:18:17] [INFO] [data][ModbusConfigParser][initialCommandQueue]：初始指令队列构建完成，共 2 条
[2026-06-04 09:18:17] [INFO] [data][ModbusConfigParser][periodicCommandQueue]：开始构建定时指令队列，共 2 个引用
[2026-06-04 09:18:17] [DEBUG] [data][ModbusConfigParser][periodicCommandQueue]：已克隆定时指令 ref=ReadFoupStatus
[2026-06-04 09:18:17] [DEBUG] [data][ModbusConfigParser][periodicCommandQueue]：已克隆定时指令 ref=ReadIdlePurgeAll
[2026-06-04 09:18:17] [INFO] [data][ModbusConfigParser][periodicCommandQueue]：定时指令队列构建完成，共 2 条
[2026-06-04 09:18:17] [INFO] [data][ModbusTcpMasterPool][InitialCommandIssuer][initializeMaster]：已配置 InitialCommandIssuer 指令数=2 间隔=100 超时=1000 重试=3
[2026-06-04 09:18:17] [INFO] [data][ModbusTcpMasterPool][PeriodicCommandSender][initializeMaster]：已配置 PeriodicCommandSender 指令数=2 间隔=300 超时=1000 重试=0
[2026-06-04 09:18:17] [INFO] [data][ModbusTcpMasterPool][FirmwareUpgrader][initializeMaster]：已配置 FirmwareUpgrader PrepareTimeout=3000ms WaitingTime=1000ms SendInterval=160ms TransferTimeout=3000ms
[2026-06-04 09:18:17] [INFO] [data][ModbusTcpMasterManager][addMaster]：创建 Master ID=12014 IP=127.0.0.1 Port=513
[2026-06-04 09:18:17] [INFO] [data][ModbusTcpMasterPool][addMaster]：已创建并添加 Master ID=12014 IP=127.0.0.1 Port=513 到线程 13 ModbusPoolThread-13
[2026-06-04 09:18:17] [INFO] [data][ModbusTcpMasterPool][initializeMaster]：开始初始化 Master ID=12014
[2026-06-04 09:18:17] [INFO] [data][ModbusConfigParser][initialCommandQueue]：开始构建初始指令队列，共 2 个引用
[2026-06-04 09:18:17] [DEBUG] [data][ModbusConfigParser][initialCommandQueue]：已克隆初始指令 ref=ReadVersion
[2026-06-04 09:18:17] [DEBUG] [data][ModbusConfigParser][initialCommandQueue]：已克隆初始指令 ref=WriteVEFCGasType
[2026-06-04 09:18:17] [INFO] [data][ModbusConfigParser][initialCommandQueue]：初始指令队列构建完成，共 2 条
[2026-06-04 09:18:17] [INFO] [data][ModbusConfigParser][periodicCommandQueue]：开始构建定时指令队列，共 2 个引用
[2026-06-04 09:18:17] [DEBUG] [data][ModbusConfigParser][periodicCommandQueue]：已克隆定时指令 ref=ReadFoupStatus
[2026-06-04 09:18:17] [DEBUG] [data][ModbusConfigParser][periodicCommandQueue]：已克隆定时指令 ref=ReadIdlePurgeAll
[2026-06-04 09:18:17] [INFO] [data][ModbusConfigParser][periodicCommandQueue]：定时指令队列构建完成，共 2 条
[2026-06-04 09:18:17] [INFO] [data][ModbusTcpMasterPool][InitialCommandIssuer][initializeMaster]：已配置 InitialCommandIssuer 指令数=2 间隔=100 超时=1000 重试=3
[2026-06-04 09:18:17] [INFO] [data][ModbusTcpMasterPool][PeriodicCommandSender][initializeMaster]：已配置 PeriodicCommandSender 指令数=2 间隔=300 超时=1000 重试=0
[2026-06-04 09:18:17] [INFO] [data][ModbusTcpMasterPool][FirmwareUpgrader][initializeMaster]：已配置 FirmwareUpgrader PrepareTimeout=3000ms WaitingTime=1000ms SendInterval=160ms TransferTimeout=3000ms
[2026-06-04 09:18:17] [INFO] [data][ModbusTcpMasterManager][addMaster]：创建 Master ID=12015 IP=127.0.0.1 Port=514
[2026-06-04 09:18:17] [INFO] [data][ModbusTcpMasterPool][addMaster]：已创建并添加 Master ID=12015 IP=127.0.0.1 Port=514 到线程 14 ModbusPoolThread-14
[2026-06-04 09:18:17] [INFO] [data][ModbusTcpMasterPool][initializeMaster]：开始初始化 Master ID=12015
[2026-06-04 09:18:17] [INFO] [data][ModbusConfigParser][initialCommandQueue]：开始构建初始指令队列，共 2 个引用
[2026-06-04 09:18:17] [DEBUG] [data][ModbusConfigParser][initialCommandQueue]：已克隆初始指令 ref=ReadVersion
[2026-06-04 09:18:17] [DEBUG] [data][ModbusConfigParser][initialCommandQueue]：已克隆初始指令 ref=WriteVEFCGasType
[2026-06-04 09:18:17] [INFO] [data][ModbusConfigParser][initialCommandQueue]：初始指令队列构建完成，共 2 条
[2026-06-04 09:18:17] [INFO] [data][ModbusConfigParser][periodicCommandQueue]：开始构建定时指令队列，共 2 个引用
[2026-06-04 09:18:17] [DEBUG] [data][ModbusConfigParser][periodicCommandQueue]：已克隆定时指令 ref=ReadFoupStatus
[2026-06-04 09:18:17] [DEBUG] [data][ModbusConfigParser][periodicCommandQueue]：已克隆定时指令 ref=ReadIdlePurgeAll
[2026-06-04 09:18:17] [INFO] [data][ModbusConfigParser][periodicCommandQueue]：定时指令队列构建完成，共 2 条
[2026-06-04 09:18:17] [INFO] [data][ModbusTcpMasterPool][InitialCommandIssuer][initializeMaster]：已配置 InitialCommandIssuer 指令数=2 间隔=100 超时=1000 重试=3
[2026-06-04 09:18:17] [INFO] [data][ModbusTcpMasterPool][PeriodicCommandSender][initializeMaster]：已配置 PeriodicCommandSender 指令数=2 间隔=300 超时=1000 重试=0
[2026-06-04 09:18:17] [INFO] [data][ModbusTcpMasterPool][FirmwareUpgrader][initializeMaster]：已配置 FirmwareUpgrader PrepareTimeout=3000ms WaitingTime=1000ms SendInterval=160ms TransferTimeout=3000ms
[2026-06-04 09:18:17] [INFO] [data][ModbusTcpMasterManager][addMaster]：创建 Master ID=12016 IP=127.0.0.1 Port=515
[2026-06-04 09:18:17] [INFO] [data][ModbusTcpMasterPool][addMaster]：已创建并添加 Master ID=12016 IP=127.0.0.1 Port=515 到线程 15 ModbusPoolThread-15
[2026-06-04 09:18:17] [INFO] [data][ModbusTcpMasterPool][initializeMaster]：开始初始化 Master ID=12016
[2026-06-04 09:18:17] [INFO] [data][ModbusConfigParser][initialCommandQueue]：开始构建初始指令队列，共 2 个引用
[2026-06-04 09:18:17] [DEBUG] [data][ModbusConfigParser][initialCommandQueue]：已克隆初始指令 ref=ReadVersion
[2026-06-04 09:18:17] [DEBUG] [data][ModbusConfigParser][initialCommandQueue]：已克隆初始指令 ref=WriteVEFCGasType
[2026-06-04 09:18:17] [INFO] [data][ModbusConfigParser][initialCommandQueue]：初始指令队列构建完成，共 2 条
[2026-06-04 09:18:17] [INFO] [data][ModbusConfigParser][periodicCommandQueue]：开始构建定时指令队列，共 2 个引用
[2026-06-04 09:18:17] [DEBUG] [data][ModbusConfigParser][periodicCommandQueue]：已克隆定时指令 ref=ReadFoupStatus
[2026-06-04 09:18:17] [DEBUG] [data][ModbusConfigParser][periodicCommandQueue]：已克隆定时指令 ref=ReadIdlePurgeAll
[2026-06-04 09:18:17] [INFO] [data][ModbusConfigParser][periodicCommandQueue]：定时指令队列构建完成，共 2 条
[2026-06-04 09:18:17] [INFO] [data][ModbusTcpMasterPool][InitialCommandIssuer][initializeMaster]：已配置 InitialCommandIssuer 指令数=2 间隔=100 超时=1000 重试=3
[2026-06-04 09:18:17] [INFO] [data][ModbusTcpMasterPool][PeriodicCommandSender][initializeMaster]：已配置 PeriodicCommandSender 指令数=2 间隔=300 超时=1000 重试=0
[2026-06-04 09:18:17] [INFO] [data][ModbusTcpMasterPool][FirmwareUpgrader][initializeMaster]：已配置 FirmwareUpgrader PrepareTimeout=3000ms WaitingTime=1000ms SendInterval=160ms TransferTimeout=3000ms
[2026-06-04 09:18:17] [INFO] [data][ModbusTcpMasterManager][addMaster]：创建 Master ID=12017 IP=127.0.0.1 Port=516
[2026-06-04 09:18:17] [INFO] [data][ModbusTcpMasterPool][addMaster]：已创建并添加 Master ID=12017 IP=127.0.0.1 Port=516 到线程 16 ModbusPoolThread-16
[2026-06-04 09:18:17] [INFO] [data][ModbusTcpMasterPool][initializeMaster]：开始初始化 Master ID=12017
[2026-06-04 09:18:17] [INFO] [data][ModbusConfigParser][initialCommandQueue]：开始构建初始指令队列，共 2 个引用
[2026-06-04 09:18:17] [DEBUG] [data][ModbusConfigParser][initialCommandQueue]：已克隆初始指令 ref=ReadVersion
[2026-06-04 09:18:17] [DEBUG] [data][ModbusConfigParser][initialCommandQueue]：已克隆初始指令 ref=WriteVEFCGasType
[2026-06-04 09:18:17] [INFO] [data][ModbusConfigParser][initialCommandQueue]：初始指令队列构建完成，共 2 条
[2026-06-04 09:18:17] [INFO] [data][ModbusConfigParser][periodicCommandQueue]：开始构建定时指令队列，共 2 个引用
[2026-06-04 09:18:17] [DEBUG] [data][ModbusConfigParser][periodicCommandQueue]：已克隆定时指令 ref=ReadFoupStatus
[2026-06-04 09:18:17] [DEBUG] [data][ModbusConfigParser][periodicCommandQueue]：已克隆定时指令 ref=ReadIdlePurgeAll
[2026-06-04 09:18:17] [INFO] [data][ModbusConfigParser][periodicCommandQueue]：定时指令队列构建完成，共 2 条
[2026-06-04 09:18:17] [INFO] [data][ModbusTcpMasterPool][InitialCommandIssuer][initializeMaster]：已配置 InitialCommandIssuer 指令数=2 间隔=100 超时=1000 重试=3
[2026-06-04 09:18:17] [INFO] [data][ModbusTcpMasterPool][PeriodicCommandSender][initializeMaster]：已配置 PeriodicCommandSender 指令数=2 间隔=300 超时=1000 重试=0
[2026-06-04 09:18:17] [INFO] [data][ModbusTcpMasterPool][FirmwareUpgrader][initializeMaster]：已配置 FirmwareUpgrader PrepareTimeout=3000ms WaitingTime=1000ms SendInterval=160ms TransferTimeout=3000ms
[2026-06-04 09:18:17] [INFO] [data][ModbusTcpMasterManager][addMaster]：创建 Master ID=12018 IP=127.0.0.1 Port=517
[2026-06-04 09:18:17] [INFO] [data][ModbusTcpMasterPool][addMaster]：已创建并添加 Master ID=12018 IP=127.0.0.1 Port=517 到线程 17 ModbusPoolThread-17
[2026-06-04 09:18:17] [INFO] [data][ModbusTcpMasterPool][initializeMaster]：开始初始化 Master ID=12018
[2026-06-04 09:18:17] [INFO] [data][ModbusConfigParser][initialCommandQueue]：开始构建初始指令队列，共 2 个引用
[2026-06-04 09:18:17] [DEBUG] [data][ModbusConfigParser][initialCommandQueue]：已克隆初始指令 ref=ReadVersion
[2026-06-04 09:18:17] [DEBUG] [data][ModbusConfigParser][initialCommandQueue]：已克隆初始指令 ref=WriteVEFCGasType
[2026-06-04 09:18:17] [INFO] [data][ModbusConfigParser][initialCommandQueue]：初始指令队列构建完成，共 2 条
[2026-06-04 09:18:17] [INFO] [data][ModbusConfigParser][periodicCommandQueue]：开始构建定时指令队列，共 2 个引用
[2026-06-04 09:18:17] [DEBUG] [data][ModbusConfigParser][periodicCommandQueue]：已克隆定时指令 ref=ReadFoupStatus
[2026-06-04 09:18:17] [DEBUG] [data][ModbusConfigParser][periodicCommandQueue]：已克隆定时指令 ref=ReadIdlePurgeAll
[2026-06-04 09:18:17] [INFO] [data][ModbusConfigParser][periodicCommandQueue]：定时指令队列构建完成，共 2 条
[2026-06-04 09:18:17] [INFO] [data][ModbusTcpMasterPool][InitialCommandIssuer][initializeMaster]：已配置 InitialCommandIssuer 指令数=2 间隔=100 超时=1000 重试=3
[2026-06-04 09:18:17] [INFO] [data][ModbusTcpMasterPool][PeriodicCommandSender][initializeMaster]：已配置 PeriodicCommandSender 指令数=2 间隔=300 超时=1000 重试=0
[2026-06-04 09:18:17] [INFO] [data][ModbusTcpMasterPool][FirmwareUpgrader][initializeMaster]：已配置 FirmwareUpgrader PrepareTimeout=3000ms WaitingTime=1000ms SendInterval=160ms TransferTimeout=3000ms
[2026-06-04 09:18:17] [INFO] [data][ModbusTcpMasterManager][addMaster]：创建 Master ID=12019 IP=127.0.0.1 Port=518
[2026-06-04 09:18:17] [INFO] [data][ModbusTcpMasterPool][addMaster]：已创建并添加 Master ID=12019 IP=127.0.0.1 Port=518 到线程 18 ModbusPoolThread-18
[2026-06-04 09:18:17] [INFO] [data][ModbusTcpMasterPool][initializeMaster]：开始初始化 Master ID=12019
[2026-06-04 09:18:17] [INFO] [data][ModbusConfigParser][initialCommandQueue]：开始构建初始指令队列，共 2 个引用
[2026-06-04 09:18:17] [DEBUG] [data][ModbusConfigParser][initialCommandQueue]：已克隆初始指令 ref=ReadVersion
[2026-06-04 09:18:17] [DEBUG] [data][ModbusConfigParser][initialCommandQueue]：已克隆初始指令 ref=WriteVEFCGasType
[2026-06-04 09:18:17] [INFO] [data][ModbusConfigParser][initialCommandQueue]：初始指令队列构建完成，共 2 条
[2026-06-04 09:18:17] [INFO] [data][ModbusConfigParser][periodicCommandQueue]：开始构建定时指令队列，共 2 个引用
[2026-06-04 09:18:17] [DEBUG] [data][ModbusConfigParser][periodicCommandQueue]：已克隆定时指令 ref=ReadFoupStatus
[2026-06-04 09:18:17] [DEBUG] [data][ModbusConfigParser][periodicCommandQueue]：已克隆定时指令 ref=ReadIdlePurgeAll
[2026-06-04 09:18:17] [INFO] [data][ModbusConfigParser][periodicCommandQueue]：定时指令队列构建完成，共 2 条
[2026-06-04 09:18:17] [INFO] [data][ModbusTcpMasterPool][InitialCommandIssuer][initializeMaster]：已配置 InitialCommandIssuer 指令数=2 间隔=100 超时=1000 重试=3
[2026-06-04 09:18:17] [INFO] [data][ModbusTcpMasterPool][PeriodicCommandSender][initializeMaster]：已配置 PeriodicCommandSender 指令数=2 间隔=300 超时=1000 重试=0
[2026-06-04 09:18:17] [INFO] [data][ModbusTcpMasterPool][FirmwareUpgrader][initializeMaster]：已配置 FirmwareUpgrader PrepareTimeout=3000ms WaitingTime=1000ms SendInterval=160ms TransferTimeout=3000ms
[2026-06-04 09:18:17] [INFO] [data][ModbusTcpMasterManager][addMaster]：创建 Master ID=12020 IP=127.0.0.1 Port=519
[2026-06-04 09:18:17] [INFO] [data][ModbusTcpMasterPool][addMaster]：已创建并添加 Master ID=12020 IP=127.0.0.1 Port=519 到线程 19 ModbusPoolThread-19
[2026-06-04 09:18:17] [INFO] [data][ModbusTcpMasterPool][initializeMaster]：开始初始化 Master ID=12020
[2026-06-04 09:18:17] [INFO] [data][ModbusConfigParser][initialCommandQueue]：开始构建初始指令队列，共 2 个引用
[2026-06-04 09:18:17] [DEBUG] [data][ModbusConfigParser][initialCommandQueue]：已克隆初始指令 ref=ReadVersion
[2026-06-04 09:18:17] [DEBUG] [data][ModbusConfigParser][initialCommandQueue]：已克隆初始指令 ref=WriteVEFCGasType
[2026-06-04 09:18:17] [INFO] [data][ModbusConfigParser][initialCommandQueue]：初始指令队列构建完成，共 2 条
[2026-06-04 09:18:17] [INFO] [data][ModbusConfigParser][periodicCommandQueue]：开始构建定时指令队列，共 2 个引用
[2026-06-04 09:18:17] [DEBUG] [data][ModbusConfigParser][periodicCommandQueue]：已克隆定时指令 ref=ReadFoupStatus
[2026-06-04 09:18:17] [DEBUG] [data][ModbusConfigParser][periodicCommandQueue]：已克隆定时指令 ref=ReadIdlePurgeAll
[2026-06-04 09:18:17] [INFO] [data][ModbusConfigParser][periodicCommandQueue]：定时指令队列构建完成，共 2 条
[2026-06-04 09:18:17] [INFO] [data][ModbusTcpMasterPool][InitialCommandIssuer][initializeMaster]：已配置 InitialCommandIssuer 指令数=2 间隔=100 超时=1000 重试=3
[2026-06-04 09:18:17] [INFO] [data][ModbusTcpMasterPool][PeriodicCommandSender][initializeMaster]：已配置 PeriodicCommandSender 指令数=2 间隔=300 超时=1000 重试=0
[2026-06-04 09:18:17] [INFO] [data][ModbusTcpMasterPool][FirmwareUpgrader][initializeMaster]：已配置 FirmwareUpgrader PrepareTimeout=3000ms WaitingTime=1000ms SendInterval=160ms TransferTimeout=3000ms
[2026-06-04 09:18:17] [INFO] [data][ModbusTcpMasterManager][addMaster]：创建 Master ID=12021 IP=127.0.0.1 Port=520
[2026-06-04 09:18:17] [INFO] [data][ModbusTcpMasterPool][addMaster]：已创建并添加 Master ID=12021 IP=127.0.0.1 Port=520 到线程 20 ModbusPoolThread-20
[2026-06-04 09:18:17] [INFO] [data][ModbusTcpMasterPool][initializeMaster]：开始初始化 Master ID=12021
[2026-06-04 09:18:17] [INFO] [data][ModbusConfigParser][initialCommandQueue]：开始构建初始指令队列，共 2 个引用
[2026-06-04 09:18:17] [DEBUG] [data][ModbusConfigParser][initialCommandQueue]：已克隆初始指令 ref=ReadVersion
[2026-06-04 09:18:17] [DEBUG] [data][ModbusConfigParser][initialCommandQueue]：已克隆初始指令 ref=WriteVEFCGasType
[2026-06-04 09:18:17] [INFO] [data][ModbusConfigParser][initialCommandQueue]：初始指令队列构建完成，共 2 条
[2026-06-04 09:18:17] [INFO] [data][ModbusConfigParser][periodicCommandQueue]：开始构建定时指令队列，共 2 个引用
[2026-06-04 09:18:17] [DEBUG] [data][ModbusConfigParser][periodicCommandQueue]：已克隆定时指令 ref=ReadFoupStatus
[2026-06-04 09:18:17] [DEBUG] [data][ModbusConfigParser][periodicCommandQueue]：已克隆定时指令 ref=ReadIdlePurgeAll
[2026-06-04 09:18:17] [INFO] [data][ModbusConfigParser][periodicCommandQueue]：定时指令队列构建完成，共 2 条
[2026-06-04 09:18:17] [INFO] [data][ModbusTcpMasterPool][InitialCommandIssuer][initializeMaster]：已配置 InitialCommandIssuer 指令数=2 间隔=100 超时=1000 重试=3
[2026-06-04 09:18:17] [INFO] [data][ModbusTcpMasterPool][PeriodicCommandSender][initializeMaster]：已配置 PeriodicCommandSender 指令数=2 间隔=300 超时=1000 重试=0
[2026-06-04 09:18:17] [INFO] [data][ModbusTcpMasterPool][FirmwareUpgrader][initializeMaster]：已配置 FirmwareUpgrader PrepareTimeout=3000ms WaitingTime=1000ms SendInterval=160ms TransferTimeout=3000ms
[2026-06-04 09:18:17] [INFO] [data][ModbusTcpMasterManager][addMaster]：创建 Master ID=12022 IP=127.0.0.1 Port=521
[2026-06-04 09:18:17] [INFO] [data][ModbusTcpMasterPool][addMaster]：已创建并添加 Master ID=12022 IP=127.0.0.1 Port=521 到线程 21 ModbusPoolThread-21
[2026-06-04 09:18:17] [INFO] [data][ModbusTcpMasterPool][initializeMaster]：开始初始化 Master ID=12022
[2026-06-04 09:18:17] [INFO] [data][ModbusConfigParser][initialCommandQueue]：开始构建初始指令队列，共 2 个引用
[2026-06-04 09:18:17] [DEBUG] [data][ModbusConfigParser][initialCommandQueue]：已克隆初始指令 ref=ReadVersion
[2026-06-04 09:18:17] [DEBUG] [data][ModbusConfigParser][initialCommandQueue]：已克隆初始指令 ref=WriteVEFCGasType
[2026-06-04 09:18:17] [INFO] [data][ModbusConfigParser][initialCommandQueue]：初始指令队列构建完成，共 2 条
[2026-06-04 09:18:17] [INFO] [data][ModbusConfigParser][periodicCommandQueue]：开始构建定时指令队列，共 2 个引用
[2026-06-04 09:18:17] [DEBUG] [data][ModbusConfigParser][periodicCommandQueue]：已克隆定时指令 ref=ReadFoupStatus
[2026-06-04 09:18:17] [DEBUG] [data][ModbusConfigParser][periodicCommandQueue]：已克隆定时指令 ref=ReadIdlePurgeAll
[2026-06-04 09:18:17] [INFO] [data][ModbusConfigParser][periodicCommandQueue]：定时指令队列构建完成，共 2 条
[2026-06-04 09:18:17] [INFO] [data][ModbusTcpMasterPool][InitialCommandIssuer][initializeMaster]：已配置 InitialCommandIssuer 指令数=2 间隔=100 超时=1000 重试=3
[2026-06-04 09:18:17] [INFO] [data][ModbusTcpMasterPool][PeriodicCommandSender][initializeMaster]：已配置 PeriodicCommandSender 指令数=2 间隔=300 超时=1000 重试=0
[2026-06-04 09:18:17] [INFO] [data][ModbusTcpMasterPool][FirmwareUpgrader][initializeMaster]：已配置 FirmwareUpgrader PrepareTimeout=3000ms WaitingTime=1000ms SendInterval=160ms TransferTimeout=3000ms
[2026-06-04 09:18:17] [INFO] [data][ModbusTcpMasterManager][addMaster]：创建 Master ID=12023 IP=127.0.0.1 Port=522
[2026-06-04 09:18:17] [INFO] [data][ModbusTcpMasterPool][addMaster]：已创建并添加 Master ID=12023 IP=127.0.0.1 Port=522 到线程 0 ModbusPoolThread-0
[2026-06-04 09:18:17] [INFO] [data][ModbusTcpMasterPool][initializeMaster]：开始初始化 Master ID=12023
[2026-06-04 09:18:17] [INFO] [data][ModbusConfigParser][initialCommandQueue]：开始构建初始指令队列，共 2 个引用
[2026-06-04 09:18:17] [DEBUG] [data][ModbusConfigParser][initialCommandQueue]：已克隆初始指令 ref=ReadVersion
[2026-06-04 09:18:17] [DEBUG] [data][ModbusConfigParser][initialCommandQueue]：已克隆初始指令 ref=WriteVEFCGasType
[2026-06-04 09:18:17] [INFO] [data][ModbusConfigParser][initialCommandQueue]：初始指令队列构建完成，共 2 条
[2026-06-04 09:18:17] [INFO] [data][ModbusConfigParser][periodicCommandQueue]：开始构建定时指令队列，共 2 个引用
[2026-06-04 09:18:17] [DEBUG] [data][ModbusConfigParser][periodicCommandQueue]：已克隆定时指令 ref=ReadFoupStatus
[2026-06-04 09:18:17] [DEBUG] [data][ModbusConfigParser][periodicCommandQueue]：已克隆定时指令 ref=ReadIdlePurgeAll
[2026-06-04 09:18:17] [INFO] [data][ModbusConfigParser][periodicCommandQueue]：定时指令队列构建完成，共 2 条
[2026-06-04 09:18:17] [INFO] [data][ModbusTcpMasterPool][InitialCommandIssuer][initializeMaster]：已配置 InitialCommandIssuer 指令数=2 间隔=100 超时=1000 重试=3
[2026-06-04 09:18:17] [INFO] [data][ModbusTcpMasterPool][PeriodicCommandSender][initializeMaster]：已配置 PeriodicCommandSender 指令数=2 间隔=300 超时=1000 重试=0
[2026-06-04 09:18:17] [INFO] [data][ModbusTcpMasterPool][FirmwareUpgrader][initializeMaster]：已配置 FirmwareUpgrader PrepareTimeout=3000ms WaitingTime=1000ms SendInterval=160ms TransferTimeout=3000ms
[2026-06-04 09:18:17] [INFO] [data][ModbusTcpMasterManager][addMaster]：创建 Master ID=12024 IP=127.0.0.1 Port=523
[2026-06-04 09:18:17] [INFO] [data][ModbusTcpMasterPool][addMaster]：已创建并添加 Master ID=12024 IP=127.0.0.1 Port=523 到线程 1 ModbusPoolThread-1
[2026-06-04 09:18:17] [INFO] [data][ModbusTcpMasterPool][initializeMaster]：开始初始化 Master ID=12024
[2026-06-04 09:18:17] [INFO] [data][ModbusConfigParser][initialCommandQueue]：开始构建初始指令队列，共 2 个引用
[2026-06-04 09:18:17] [DEBUG] [data][ModbusConfigParser][initialCommandQueue]：已克隆初始指令 ref=ReadVersion
[2026-06-04 09:18:17] [DEBUG] [data][ModbusConfigParser][initialCommandQueue]：已克隆初始指令 ref=WriteVEFCGasType
[2026-06-04 09:18:17] [INFO] [data][ModbusConfigParser][initialCommandQueue]：初始指令队列构建完成，共 2 条
[2026-06-04 09:18:17] [INFO] [data][ModbusConfigParser][periodicCommandQueue]：开始构建定时指令队列，共 2 个引用
[2026-06-04 09:18:17] [DEBUG] [data][ModbusConfigParser][periodicCommandQueue]：已克隆定时指令 ref=ReadFoupStatus
[2026-06-04 09:18:17] [DEBUG] [data][ModbusConfigParser][periodicCommandQueue]：已克隆定时指令 ref=ReadIdlePurgeAll
[2026-06-04 09:18:17] [INFO] [data][ModbusConfigParser][periodicCommandQueue]：定时指令队列构建完成，共 2 条
[2026-06-04 09:18:17] [INFO] [data][ModbusTcpMasterPool][InitialCommandIssuer][initializeMaster]：已配置 InitialCommandIssuer 指令数=2 间隔=100 超时=1000 重试=3
[2026-06-04 09:18:17] [INFO] [data][ModbusTcpMasterPool][PeriodicCommandSender][initializeMaster]：已配置 PeriodicCommandSender 指令数=2 间隔=300 超时=1000 重试=0
[2026-06-04 09:18:17] [INFO] [data][ModbusTcpMasterPool][FirmwareUpgrader][initializeMaster]：已配置 FirmwareUpgrader PrepareTimeout=3000ms WaitingTime=1000ms SendInterval=160ms TransferTimeout=3000ms
[2026-06-04 09:18:17] [INFO] [data][ModbusTcpMasterManager][addMaster]：创建 Master ID=12025 IP=127.0.0.1 Port=524
[2026-06-04 09:18:17] [INFO] [data][ModbusTcpMasterPool][addMaster]：已创建并添加 Master ID=12025 IP=127.0.0.1 Port=524 到线程 2 ModbusPoolThread-2
[2026-06-04 09:18:17] [INFO] [data][ModbusTcpMasterPool][initializeMaster]：开始初始化 Master ID=12025
[2026-06-04 09:18:17] [INFO] [data][ModbusConfigParser][initialCommandQueue]：开始构建初始指令队列，共 2 个引用
[2026-06-04 09:18:17] [DEBUG] [data][ModbusConfigParser][initialCommandQueue]：已克隆初始指令 ref=ReadVersion
[2026-06-04 09:18:17] [DEBUG] [data][ModbusConfigParser][initialCommandQueue]：已克隆初始指令 ref=WriteVEFCGasType
[2026-06-04 09:18:17] [INFO] [data][ModbusConfigParser][initialCommandQueue]：初始指令队列构建完成，共 2 条
[2026-06-04 09:18:17] [INFO] [data][ModbusConfigParser][periodicCommandQueue]：开始构建定时指令队列，共 2 个引用
[2026-06-04 09:18:17] [DEBUG] [data][ModbusConfigParser][periodicCommandQueue]：已克隆定时指令 ref=ReadFoupStatus
[2026-06-04 09:18:17] [DEBUG] [data][ModbusConfigParser][periodicCommandQueue]：已克隆定时指令 ref=ReadIdlePurgeAll
[2026-06-04 09:18:17] [INFO] [data][ModbusConfigParser][periodicCommandQueue]：定时指令队列构建完成，共 2 条
[2026-06-04 09:18:17] [INFO] [data][ModbusTcpMasterPool][InitialCommandIssuer][initializeMaster]：已配置 InitialCommandIssuer 指令数=2 间隔=100 超时=1000 重试=3
[2026-06-04 09:18:17] [INFO] [data][ModbusTcpMasterPool][PeriodicCommandSender][initializeMaster]：已配置 PeriodicCommandSender 指令数=2 间隔=300 超时=1000 重试=0
[2026-06-04 09:18:17] [INFO] [data][ModbusTcpMasterPool][FirmwareUpgrader][initializeMaster]：已配置 FirmwareUpgrader PrepareTimeout=3000ms WaitingTime=1000ms SendInterval=160ms TransferTimeout=3000ms
[2026-06-04 09:18:17] [INFO] [data][ModbusTcpMasterManager][addMaster]：创建 Master ID=12026 IP=127.0.0.1 Port=525
[2026-06-04 09:18:17] [INFO] [data][ModbusTcpMasterPool][addMaster]：已创建并添加 Master ID=12026 IP=127.0.0.1 Port=525 到线程 3 ModbusPoolThread-3
[2026-06-04 09:18:17] [INFO] [data][ModbusTcpMasterPool][initializeMaster]：开始初始化 Master ID=12026
[2026-06-04 09:18:17] [INFO] [data][ModbusConfigParser][initialCommandQueue]：开始构建初始指令队列，共 2 个引用
[2026-06-04 09:18:17] [DEBUG] [data][ModbusConfigParser][initialCommandQueue]：已克隆初始指令 ref=ReadVersion
[2026-06-04 09:18:17] [DEBUG] [data][ModbusConfigParser][initialCommandQueue]：已克隆初始指令 ref=WriteVEFCGasType
[2026-06-04 09:18:17] [INFO] [data][ModbusConfigParser][initialCommandQueue]：初始指令队列构建完成，共 2 条
[2026-06-04 09:18:17] [INFO] [data][ModbusConfigParser][periodicCommandQueue]：开始构建定时指令队列，共 2 个引用
[2026-06-04 09:18:17] [DEBUG] [data][ModbusConfigParser][periodicCommandQueue]：已克隆定时指令 ref=ReadFoupStatus
[2026-06-04 09:18:17] [DEBUG] [data][ModbusConfigParser][periodicCommandQueue]：已克隆定时指令 ref=ReadIdlePurgeAll
[2026-06-04 09:18:17] [INFO] [data][ModbusConfigParser][periodicCommandQueue]：定时指令队列构建完成，共 2 条
[2026-06-04 09:18:17] [INFO] [data][ModbusTcpMasterPool][InitialCommandIssuer][initializeMaster]：已配置 InitialCommandIssuer 指令数=2 间隔=100 超时=1000 重试=3
[2026-06-04 09:18:17] [INFO] [data][ModbusTcpMasterPool][PeriodicCommandSender][initializeMaster]：已配置 PeriodicCommandSender 指令数=2 间隔=300 超时=1000 重试=0
[2026-06-04 09:18:17] [INFO] [data][ModbusTcpMasterPool][FirmwareUpgrader][initializeMaster]：已配置 FirmwareUpgrader PrepareTimeout=3000ms WaitingTime=1000ms SendInterval=160ms TransferTimeout=3000ms
[2026-06-04 09:18:17] [INFO] [data][ModbusTcpMasterManager][addMaster]：创建 Master ID=12027 IP=127.0.0.1 Port=526
[2026-06-04 09:18:17] [INFO] [data][ModbusTcpMasterPool][addMaster]：已创建并添加 Master ID=12027 IP=127.0.0.1 Port=526 到线程 4 ModbusPoolThread-4
[2026-06-04 09:18:17] [INFO] [data][ModbusTcpMasterPool][initializeMaster]：开始初始化 Master ID=12027
[2026-06-04 09:18:17] [INFO] [data][ModbusConfigParser][initialCommandQueue]：开始构建初始指令队列，共 2 个引用
[2026-06-04 09:18:17] [DEBUG] [data][ModbusConfigParser][initialCommandQueue]：已克隆初始指令 ref=ReadVersion
[2026-06-04 09:18:17] [DEBUG] [data][ModbusConfigParser][initialCommandQueue]：已克隆初始指令 ref=WriteVEFCGasType
[2026-06-04 09:18:17] [INFO] [data][ModbusConfigParser][initialCommandQueue]：初始指令队列构建完成，共 2 条
[2026-06-04 09:18:17] [INFO] [data][ModbusConfigParser][periodicCommandQueue]：开始构建定时指令队列，共 2 个引用
[2026-06-04 09:18:17] [DEBUG] [data][ModbusConfigParser][periodicCommandQueue]：已克隆定时指令 ref=ReadFoupStatus
[2026-06-04 09:18:17] [DEBUG] [data][ModbusConfigParser][periodicCommandQueue]：已克隆定时指令 ref=ReadIdlePurgeAll
[2026-06-04 09:18:17] [INFO] [data][ModbusConfigParser][periodicCommandQueue]：定时指令队列构建完成，共 2 条
[2026-06-04 09:18:17] [INFO] [data][ModbusTcpMasterPool][InitialCommandIssuer][initializeMaster]：已配置 InitialCommandIssuer 指令数=2 间隔=100 超时=1000 重试=3
[2026-06-04 09:18:17] [INFO] [data][ModbusTcpMasterPool][PeriodicCommandSender][initializeMaster]：已配置 PeriodicCommandSender 指令数=2 间隔=300 超时=1000 重试=0
[2026-06-04 09:18:17] [INFO] [data][ModbusTcpMasterPool][FirmwareUpgrader][initializeMaster]：已配置 FirmwareUpgrader PrepareTimeout=3000ms WaitingTime=1000ms SendInterval=160ms TransferTimeout=3000ms
[2026-06-04 09:18:17] [INFO] [data][ModbusTcpMasterManager][addMaster]：创建 Master ID=12028 IP=127.0.0.1 Port=527
[2026-06-04 09:18:17] [INFO] [data][ModbusTcpMasterPool][addMaster]：已创建并添加 Master ID=12028 IP=127.0.0.1 Port=527 到线程 5 ModbusPoolThread-5
[2026-06-04 09:18:17] [INFO] [data][ModbusTcpMasterPool][initializeMaster]：开始初始化 Master ID=12028
[2026-06-04 09:18:17] [INFO] [data][ModbusConfigParser][initialCommandQueue]：开始构建初始指令队列，共 2 个引用
[2026-06-04 09:18:17] [DEBUG] [data][ModbusConfigParser][initialCommandQueue]：已克隆初始指令 ref=ReadVersion
[2026-06-04 09:18:17] [DEBUG] [data][ModbusConfigParser][initialCommandQueue]：已克隆初始指令 ref=WriteVEFCGasType
[2026-06-04 09:18:17] [INFO] [data][ModbusConfigParser][initialCommandQueue]：初始指令队列构建完成，共 2 条
[2026-06-04 09:18:17] [INFO] [data][ModbusConfigParser][periodicCommandQueue]：开始构建定时指令队列，共 2 个引用
[2026-06-04 09:18:17] [DEBUG] [data][ModbusConfigParser][periodicCommandQueue]：已克隆定时指令 ref=ReadFoupStatus
[2026-06-04 09:18:17] [DEBUG] [data][ModbusConfigParser][periodicCommandQueue]：已克隆定时指令 ref=ReadIdlePurgeAll
[2026-06-04 09:18:17] [INFO] [data][ModbusConfigParser][periodicCommandQueue]：定时指令队列构建完成，共 2 条
[2026-06-04 09:18:17] [INFO] [data][ModbusTcpMasterPool][InitialCommandIssuer][initializeMaster]：已配置 InitialCommandIssuer 指令数=2 间隔=100 超时=1000 重试=3
[2026-06-04 09:18:17] [INFO] [data][ModbusTcpMasterPool][PeriodicCommandSender][initializeMaster]：已配置 PeriodicCommandSender 指令数=2 间隔=300 超时=1000 重试=0
[2026-06-04 09:18:17] [INFO] [data][ModbusTcpMasterPool][FirmwareUpgrader][initializeMaster]：已配置 FirmwareUpgrader PrepareTimeout=3000ms WaitingTime=1000ms SendInterval=160ms TransferTimeout=3000ms
[2026-06-04 09:18:17] [INFO] [data][ModbusTcpMasterManager][addMaster]：创建 Master ID=12029 IP=127.0.0.1 Port=528
[2026-06-04 09:18:17] [INFO] [data][ModbusTcpMasterPool][addMaster]：已创建并添加 Master ID=12029 IP=127.0.0.1 Port=528 到线程 6 ModbusPoolThread-6
[2026-06-04 09:18:17] [INFO] [data][ModbusTcpMasterPool][initializeMaster]：开始初始化 Master ID=12029
[2026-06-04 09:18:17] [INFO] [data][ModbusConfigParser][initialCommandQueue]：开始构建初始指令队列，共 2 个引用
[2026-06-04 09:18:17] [DEBUG] [data][ModbusConfigParser][initialCommandQueue]：已克隆初始指令 ref=ReadVersion
[2026-06-04 09:18:17] [DEBUG] [data][ModbusConfigParser][initialCommandQueue]：已克隆初始指令 ref=WriteVEFCGasType
[2026-06-04 09:18:17] [INFO] [data][ModbusConfigParser][initialCommandQueue]：初始指令队列构建完成，共 2 条
[2026-06-04 09:18:17] [INFO] [data][ModbusConfigParser][periodicCommandQueue]：开始构建定时指令队列，共 2 个引用
[2026-06-04 09:18:17] [DEBUG] [data][ModbusConfigParser][periodicCommandQueue]：已克隆定时指令 ref=ReadFoupStatus
[2026-06-04 09:18:17] [DEBUG] [data][ModbusConfigParser][periodicCommandQueue]：已克隆定时指令 ref=ReadIdlePurgeAll
[2026-06-04 09:18:17] [INFO] [data][ModbusConfigParser][periodicCommandQueue]：定时指令队列构建完成，共 2 条
[2026-06-04 09:18:17] [INFO] [data][ModbusTcpMasterPool][InitialCommandIssuer][initializeMaster]：已配置 InitialCommandIssuer 指令数=2 间隔=100 超时=1000 重试=3
[2026-06-04 09:18:17] [INFO] [data][ModbusTcpMasterPool][PeriodicCommandSender][initializeMaster]：已配置 PeriodicCommandSender 指令数=2 间隔=300 超时=1000 重试=0
[2026-06-04 09:18:17] [INFO] [data][ModbusTcpMasterPool][FirmwareUpgrader][initializeMaster]：已配置 FirmwareUpgrader PrepareTimeout=3000ms WaitingTime=1000ms SendInterval=160ms TransferTimeout=3000ms
[2026-06-04 09:18:17] [INFO] [data][ModbusTcpMasterManager][addMaster]：创建 Master ID=12030 IP=127.0.0.1 Port=529
[2026-06-04 09:18:17] [INFO] [data][ModbusTcpMasterPool][addMaster]：已创建并添加 Master ID=12030 IP=127.0.0.1 Port=529 到线程 7 ModbusPoolThread-7
[2026-06-04 09:18:17] [INFO] [data][ModbusTcpMasterPool][initializeMaster]：开始初始化 Master ID=12030
[2026-06-04 09:18:17] [INFO] [data][ModbusConfigParser][initialCommandQueue]：开始构建初始指令队列，共 2 个引用
[2026-06-04 09:18:17] [DEBUG] [data][ModbusConfigParser][initialCommandQueue]：已克隆初始指令 ref=ReadVersion
[2026-06-04 09:18:17] [DEBUG] [data][ModbusConfigParser][initialCommandQueue]：已克隆初始指令 ref=WriteVEFCGasType
[2026-06-04 09:18:17] [INFO] [data][ModbusConfigParser][initialCommandQueue]：初始指令队列构建完成，共 2 条
[2026-06-04 09:18:17] [INFO] [data][ModbusConfigParser][periodicCommandQueue]：开始构建定时指令队列，共 2 个引用
[2026-06-04 09:18:17] [DEBUG] [data][ModbusConfigParser][periodicCommandQueue]：已克隆定时指令 ref=ReadFoupStatus
[2026-06-04 09:18:17] [DEBUG] [data][ModbusConfigParser][periodicCommandQueue]：已克隆定时指令 ref=ReadIdlePurgeAll
[2026-06-04 09:18:17] [INFO] [data][ModbusConfigParser][periodicCommandQueue]：定时指令队列构建完成，共 2 条
[2026-06-04 09:18:17] [INFO] [data][ModbusTcpMasterPool][InitialCommandIssuer][initializeMaster]：已配置 InitialCommandIssuer 指令数=2 间隔=100 超时=1000 重试=3
[2026-06-04 09:18:17] [INFO] [data][ModbusTcpMasterPool][PeriodicCommandSender][initializeMaster]：已配置 PeriodicCommandSender 指令数=2 间隔=300 超时=1000 重试=0
[2026-06-04 09:18:17] [INFO] [data][ModbusTcpMasterPool][FirmwareUpgrader][initializeMaster]：已配置 FirmwareUpgrader PrepareTimeout=3000ms WaitingTime=1000ms SendInterval=160ms TransferTimeout=3000ms
[2026-06-04 09:18:17] [INFO] [data][ModbusTcpMasterManager][addMaster]：创建 Master ID=12031 IP=127.0.0.1 Port=530
[2026-06-04 09:18:17] [INFO] [data][ModbusTcpMasterPool][addMaster]：已创建并添加 Master ID=12031 IP=127.0.0.1 Port=530 到线程 8 ModbusPoolThread-8
[2026-06-04 09:18:17] [INFO] [data][ModbusTcpMasterPool][initializeMaster]：开始初始化 Master ID=12031
[2026-06-04 09:18:17] [INFO] [data][ModbusConfigParser][initialCommandQueue]：开始构建初始指令队列，共 2 个引用
[2026-06-04 09:18:17] [DEBUG] [data][ModbusConfigParser][initialCommandQueue]：已克隆初始指令 ref=ReadVersion
[2026-06-04 09:18:17] [DEBUG] [data][ModbusConfigParser][initialCommandQueue]：已克隆初始指令 ref=WriteVEFCGasType
[2026-06-04 09:18:17] [INFO] [data][ModbusConfigParser][initialCommandQueue]：初始指令队列构建完成，共 2 条
[2026-06-04 09:18:17] [INFO] [data][ModbusConfigParser][periodicCommandQueue]：开始构建定时指令队列，共 2 个引用
[2026-06-04 09:18:17] [DEBUG] [data][ModbusConfigParser][periodicCommandQueue]：已克隆定时指令 ref=ReadFoupStatus
[2026-06-04 09:18:17] [DEBUG] [data][ModbusConfigParser][periodicCommandQueue]：已克隆定时指令 ref=ReadIdlePurgeAll
[2026-06-04 09:18:17] [INFO] [data][ModbusConfigParser][periodicCommandQueue]：定时指令队列构建完成，共 2 条
[2026-06-04 09:18:17] [INFO] [data][ModbusTcpMasterPool][InitialCommandIssuer][initializeMaster]：已配置 InitialCommandIssuer 指令数=2 间隔=100 超时=1000 重试=3
[2026-06-04 09:18:17] [INFO] [data][ModbusTcpMasterPool][PeriodicCommandSender][initializeMaster]：已配置 PeriodicCommandSender 指令数=2 间隔=300 超时=1000 重试=0
[2026-06-04 09:18:17] [INFO] [data][ModbusTcpMasterPool][FirmwareUpgrader][initializeMaster]：已配置 FirmwareUpgrader PrepareTimeout=3000ms WaitingTime=1000ms SendInterval=160ms TransferTimeout=3000ms
[2026-06-04 09:18:17] [INFO] [data][ModbusTcpMasterManager][addMaster]：创建 Master ID=12032 IP=127.0.0.1 Port=531
[2026-06-04 09:18:17] [INFO] [data][ModbusTcpMasterPool][addMaster]：已创建并添加 Master ID=12032 IP=127.0.0.1 Port=531 到线程 9 ModbusPoolThread-9
[2026-06-04 09:18:17] [INFO] [data][ModbusTcpMasterPool][initializeMaster]：开始初始化 Master ID=12032
[2026-06-04 09:18:17] [INFO] [data][ModbusConfigParser][initialCommandQueue]：开始构建初始指令队列，共 2 个引用
[2026-06-04 09:18:17] [DEBUG] [data][ModbusConfigParser][initialCommandQueue]：已克隆初始指令 ref=ReadVersion
[2026-06-04 09:18:17] [DEBUG] [data][ModbusConfigParser][initialCommandQueue]：已克隆初始指令 ref=WriteVEFCGasType
[2026-06-04 09:18:17] [INFO] [data][ModbusConfigParser][initialCommandQueue]：初始指令队列构建完成，共 2 条
[2026-06-04 09:18:17] [INFO] [data][ModbusConfigParser][periodicCommandQueue]：开始构建定时指令队列，共 2 个引用
[2026-06-04 09:18:17] [DEBUG] [data][ModbusConfigParser][periodicCommandQueue]：已克隆定时指令 ref=ReadFoupStatus
[2026-06-04 09:18:17] [DEBUG] [data][ModbusConfigParser][periodicCommandQueue]：已克隆定时指令 ref=ReadIdlePurgeAll
[2026-06-04 09:18:17] [INFO] [data][ModbusConfigParser][periodicCommandQueue]：定时指令队列构建完成，共 2 条
[2026-06-04 09:18:17] [INFO] [data][ModbusTcpMasterPool][InitialCommandIssuer][initializeMaster]：已配置 InitialCommandIssuer 指令数=2 间隔=100 超时=1000 重试=3
[2026-06-04 09:18:17] [INFO] [data][ModbusTcpMasterPool][PeriodicCommandSender][initializeMaster]：已配置 PeriodicCommandSender 指令数=2 间隔=300 超时=1000 重试=0
[2026-06-04 09:18:17] [INFO] [data][ModbusTcpMasterPool][FirmwareUpgrader][initializeMaster]：已配置 FirmwareUpgrader PrepareTimeout=3000ms WaitingTime=1000ms SendInterval=160ms TransferTimeout=3000ms
[2026-06-04 09:18:17] [INFO] [data][ModbusTcpMasterManager][addMaster]：创建 Master ID=12033 IP=127.0.0.1 Port=532
[2026-06-04 09:18:17] [INFO] [data][ModbusTcpMasterPool][addMaster]：已创建并添加 Master ID=12033 IP=127.0.0.1 Port=532 到线程 10 ModbusPoolThread-10
[2026-06-04 09:18:17] [INFO] [data][ModbusTcpMasterPool][initializeMaster]：开始初始化 Master ID=12033
[2026-06-04 09:18:17] [INFO] [data][ModbusConfigParser][initialCommandQueue]：开始构建初始指令队列，共 2 个引用
[2026-06-04 09:18:17] [DEBUG] [data][ModbusConfigParser][initialCommandQueue]：已克隆初始指令 ref=ReadVersion
[2026-06-04 09:18:17] [DEBUG] [data][ModbusConfigParser][initialCommandQueue]：已克隆初始指令 ref=WriteVEFCGasType
[2026-06-04 09:18:17] [INFO] [data][ModbusConfigParser][initialCommandQueue]：初始指令队列构建完成，共 2 条
[2026-06-04 09:18:17] [INFO] [data][ModbusConfigParser][periodicCommandQueue]：开始构建定时指令队列，共 2 个引用
[2026-06-04 09:18:17] [DEBUG] [data][ModbusConfigParser][periodicCommandQueue]：已克隆定时指令 ref=ReadFoupStatus
[2026-06-04 09:18:17] [DEBUG] [data][ModbusConfigParser][periodicCommandQueue]：已克隆定时指令 ref=ReadIdlePurgeAll
[2026-06-04 09:18:17] [INFO] [data][ModbusConfigParser][periodicCommandQueue]：定时指令队列构建完成，共 2 条
[2026-06-04 09:18:17] [INFO] [data][ModbusTcpMasterPool][InitialCommandIssuer][initializeMaster]：已配置 InitialCommandIssuer 指令数=2 间隔=100 超时=1000 重试=3
[2026-06-04 09:18:17] [INFO] [data][ModbusTcpMasterPool][PeriodicCommandSender][initializeMaster]：已配置 PeriodicCommandSender 指令数=2 间隔=300 超时=1000 重试=0
[2026-06-04 09:18:17] [INFO] [data][ModbusTcpMasterPool][FirmwareUpgrader][initializeMaster]：已配置 FirmwareUpgrader PrepareTimeout=3000ms WaitingTime=1000ms SendInterval=160ms TransferTimeout=3000ms
[2026-06-04 09:18:17] [INFO] [data][ModbusTcpMasterManager][addMaster]：创建 Master ID=12034 IP=127.0.0.1 Port=533
[2026-06-04 09:18:17] [INFO] [data][ModbusTcpMasterPool][addMaster]：已创建并添加 Master ID=12034 IP=127.0.0.1 Port=533 到线程 11 ModbusPoolThread-11
[2026-06-04 09:18:17] [INFO] [data][ModbusTcpMasterPool][initializeMaster]：开始初始化 Master ID=12034
[2026-06-04 09:18:17] [INFO] [data][ModbusConfigParser][initialCommandQueue]：开始构建初始指令队列，共 2 个引用
[2026-06-04 09:18:17] [DEBUG] [data][ModbusConfigParser][initialCommandQueue]：已克隆初始指令 ref=ReadVersion
[2026-06-04 09:18:17] [DEBUG] [data][ModbusConfigParser][initialCommandQueue]：已克隆初始指令 ref=WriteVEFCGasType
[2026-06-04 09:18:17] [INFO] [data][ModbusConfigParser][initialCommandQueue]：初始指令队列构建完成，共 2 条
[2026-06-04 09:18:17] [INFO] [data][ModbusConfigParser][periodicCommandQueue]：开始构建定时指令队列，共 2 个引用
[2026-06-04 09:18:17] [DEBUG] [data][ModbusConfigParser][periodicCommandQueue]：已克隆定时指令 ref=ReadFoupStatus
[2026-06-04 09:18:17] [DEBUG] [data][ModbusConfigParser][periodicCommandQueue]：已克隆定时指令 ref=ReadIdlePurgeAll
[2026-06-04 09:18:17] [INFO] [data][ModbusConfigParser][periodicCommandQueue]：定时指令队列构建完成，共 2 条
[2026-06-04 09:18:17] [INFO] [data][ModbusTcpMasterPool][InitialCommandIssuer][initializeMaster]：已配置 InitialCommandIssuer 指令数=2 间隔=100 超时=1000 重试=3
[2026-06-04 09:18:17] [INFO] [data][ModbusTcpMasterPool][PeriodicCommandSender][initializeMaster]：已配置 PeriodicCommandSender 指令数=2 间隔=300 超时=1000 重试=0
[2026-06-04 09:18:17] [INFO] [data][ModbusTcpMasterPool][FirmwareUpgrader][initializeMaster]：已配置 FirmwareUpgrader PrepareTimeout=3000ms WaitingTime=1000ms SendInterval=160ms TransferTimeout=3000ms
[2026-06-04 09:18:17] [INFO] [data][ModbusTcpMasterManager][addMaster]：创建 Master ID=12035 IP=127.0.0.1 Port=534
[2026-06-04 09:18:17] [INFO] [data][ModbusTcpMasterPool][addMaster]：已创建并添加 Master ID=12035 IP=127.0.0.1 Port=534 到线程 12 ModbusPoolThread-12
[2026-06-04 09:18:17] [INFO] [data][ModbusTcpMasterPool][initializeMaster]：开始初始化 Master ID=12035
[2026-06-04 09:18:17] [INFO] [data][ModbusConfigParser][initialCommandQueue]：开始构建初始指令队列，共 2 个引用
[2026-06-04 09:18:17] [DEBUG] [data][ModbusConfigParser][initialCommandQueue]：已克隆初始指令 ref=ReadVersion
[2026-06-04 09:18:17] [DEBUG] [data][ModbusConfigParser][initialCommandQueue]：已克隆初始指令 ref=WriteVEFCGasType
[2026-06-04 09:18:17] [INFO] [data][ModbusConfigParser][initialCommandQueue]：初始指令队列构建完成，共 2 条
[2026-06-04 09:18:17] [INFO] [data][ModbusConfigParser][periodicCommandQueue]：开始构建定时指令队列，共 2 个引用
[2026-06-04 09:18:17] [DEBUG] [data][ModbusConfigParser][periodicCommandQueue]：已克隆定时指令 ref=ReadFoupStatus
[2026-06-04 09:18:17] [DEBUG] [data][ModbusConfigParser][periodicCommandQueue]：已克隆定时指令 ref=ReadIdlePurgeAll
[2026-06-04 09:18:17] [INFO] [data][ModbusConfigParser][periodicCommandQueue]：定时指令队列构建完成，共 2 条
[2026-06-04 09:18:17] [INFO] [data][ModbusTcpMasterPool][InitialCommandIssuer][initializeMaster]：已配置 InitialCommandIssuer 指令数=2 间隔=100 超时=1000 重试=3
[2026-06-04 09:18:17] [INFO] [data][ModbusTcpMasterPool][PeriodicCommandSender][initializeMaster]：已配置 PeriodicCommandSender 指令数=2 间隔=300 超时=1000 重试=0
[2026-06-04 09:18:17] [INFO] [data][ModbusTcpMasterPool][FirmwareUpgrader][initializeMaster]：已配置 FirmwareUpgrader PrepareTimeout=3000ms WaitingTime=1000ms SendInterval=160ms TransferTimeout=3000ms
[2026-06-04 09:18:17] [INFO] [data][ModbusTcpMasterManager][addMaster]：创建 Master ID=12036 IP=127.0.0.1 Port=535
[2026-06-04 09:18:17] [INFO] [data][ModbusTcpMasterPool][addMaster]：已创建并添加 Master ID=12036 IP=127.0.0.1 Port=535 到线程 13 ModbusPoolThread-13
[2026-06-04 09:18:17] [INFO] [data][ModbusTcpMasterPool][initializeMaster]：开始初始化 Master ID=12036
[2026-06-04 09:18:17] [INFO] [data][ModbusConfigParser][initialCommandQueue]：开始构建初始指令队列，共 2 个引用
[2026-06-04 09:18:17] [DEBUG] [data][ModbusConfigParser][initialCommandQueue]：已克隆初始指令 ref=ReadVersion
[2026-06-04 09:18:17] [DEBUG] [data][ModbusConfigParser][initialCommandQueue]：已克隆初始指令 ref=WriteVEFCGasType
[2026-06-04 09:18:17] [INFO] [data][ModbusConfigParser][initialCommandQueue]：初始指令队列构建完成，共 2 条
[2026-06-04 09:18:17] [INFO] [data][ModbusConfigParser][periodicCommandQueue]：开始构建定时指令队列，共 2 个引用
[2026-06-04 09:18:17] [DEBUG] [data][ModbusConfigParser][periodicCommandQueue]：已克隆定时指令 ref=ReadFoupStatus
[2026-06-04 09:18:17] [DEBUG] [data][ModbusConfigParser][periodicCommandQueue]：已克隆定时指令 ref=ReadIdlePurgeAll
[2026-06-04 09:18:17] [INFO] [data][ModbusConfigParser][periodicCommandQueue]：定时指令队列构建完成，共 2 条
[2026-06-04 09:18:17] [INFO] [data][ModbusTcpMasterPool][InitialCommandIssuer][initializeMaster]：已配置 InitialCommandIssuer 指令数=2 间隔=100 超时=1000 重试=3
[2026-06-04 09:18:17] [INFO] [data][ModbusTcpMasterPool][PeriodicCommandSender][initializeMaster]：已配置 PeriodicCommandSender 指令数=2 间隔=300 超时=1000 重试=0
[2026-06-04 09:18:17] [INFO] [data][ModbusTcpMasterPool][FirmwareUpgrader][initializeMaster]：已配置 FirmwareUpgrader PrepareTimeout=3000ms WaitingTime=1000ms SendInterval=160ms TransferTimeout=3000ms
[2026-06-04 09:18:17] [INFO] [data][ModbusTcpMasterManager][addMaster]：创建 Master ID=12037 IP=127.0.0.1 Port=536
[2026-06-04 09:18:17] [INFO] [data][ModbusTcpMasterPool][addMaster]：已创建并添加 Master ID=12037 IP=127.0.0.1 Port=536 到线程 14 ModbusPoolThread-14
[2026-06-04 09:18:17] [INFO] [data][ModbusTcpMasterPool][initializeMaster]：开始初始化 Master ID=12037
[2026-06-04 09:18:17] [INFO] [data][ModbusConfigParser][initialCommandQueue]：开始构建初始指令队列，共 2 个引用
[2026-06-04 09:18:17] [DEBUG] [data][ModbusConfigParser][initialCommandQueue]：已克隆初始指令 ref=ReadVersion
[2026-06-04 09:18:17] [DEBUG] [data][ModbusConfigParser][initialCommandQueue]：已克隆初始指令 ref=WriteVEFCGasType
[2026-06-04 09:18:17] [INFO] [data][ModbusConfigParser][initialCommandQueue]：初始指令队列构建完成，共 2 条
[2026-06-04 09:18:17] [INFO] [data][ModbusConfigParser][periodicCommandQueue]：开始构建定时指令队列，共 2 个引用
[2026-06-04 09:18:17] [DEBUG] [data][ModbusConfigParser][periodicCommandQueue]：已克隆定时指令 ref=ReadFoupStatus
[2026-06-04 09:18:17] [DEBUG] [data][ModbusConfigParser][periodicCommandQueue]：已克隆定时指令 ref=ReadIdlePurgeAll
[2026-06-04 09:18:17] [INFO] [data][ModbusConfigParser][periodicCommandQueue]：定时指令队列构建完成，共 2 条
[2026-06-04 09:18:17] [INFO] [data][ModbusTcpMasterPool][InitialCommandIssuer][initializeMaster]：已配置 InitialCommandIssuer 指令数=2 间隔=100 超时=1000 重试=3
[2026-06-04 09:18:17] [INFO] [data][ModbusTcpMasterPool][PeriodicCommandSender][initializeMaster]：已配置 PeriodicCommandSender 指令数=2 间隔=300 超时=1000 重试=0
[2026-06-04 09:18:17] [INFO] [data][ModbusTcpMasterPool][FirmwareUpgrader][initializeMaster]：已配置 FirmwareUpgrader PrepareTimeout=3000ms WaitingTime=1000ms SendInterval=160ms TransferTimeout=3000ms
[2026-06-04 09:18:17] [INFO] [data][ModbusTcpMasterManager][addMaster]：创建 Master ID=12038 IP=127.0.0.1 Port=537
[2026-06-04 09:18:17] [INFO] [data][ModbusTcpMasterPool][addMaster]：已创建并添加 Master ID=12038 IP=127.0.0.1 Port=537 到线程 15 ModbusPoolThread-15
[2026-06-04 09:18:17] [INFO] [data][ModbusTcpMasterPool][initializeMaster]：开始初始化 Master ID=12038
[2026-06-04 09:18:17] [INFO] [data][ModbusConfigParser][initialCommandQueue]：开始构建初始指令队列，共 2 个引用
[2026-06-04 09:18:17] [DEBUG] [data][ModbusConfigParser][initialCommandQueue]：已克隆初始指令 ref=ReadVersion
[2026-06-04 09:18:17] [DEBUG] [data][ModbusConfigParser][initialCommandQueue]：已克隆初始指令 ref=WriteVEFCGasType
[2026-06-04 09:18:17] [INFO] [data][ModbusConfigParser][initialCommandQueue]：初始指令队列构建完成，共 2 条
[2026-06-04 09:18:17] [INFO] [data][ModbusConfigParser][periodicCommandQueue]：开始构建定时指令队列，共 2 个引用
[2026-06-04 09:18:17] [DEBUG] [data][ModbusConfigParser][periodicCommandQueue]：已克隆定时指令 ref=ReadFoupStatus
[2026-06-04 09:18:17] [DEBUG] [data][ModbusConfigParser][periodicCommandQueue]：已克隆定时指令 ref=ReadIdlePurgeAll
[2026-06-04 09:18:17] [INFO] [data][ModbusConfigParser][periodicCommandQueue]：定时指令队列构建完成，共 2 条
[2026-06-04 09:18:17] [INFO] [data][ModbusTcpMasterPool][InitialCommandIssuer][initializeMaster]：已配置 InitialCommandIssuer 指令数=2 间隔=100 超时=1000 重试=3
[2026-06-04 09:18:17] [INFO] [data][ModbusTcpMasterPool][PeriodicCommandSender][initializeMaster]：已配置 PeriodicCommandSender 指令数=2 间隔=300 超时=1000 重试=0
[2026-06-04 09:18:17] [INFO] [data][ModbusTcpMasterPool][FirmwareUpgrader][initializeMaster]：已配置 FirmwareUpgrader PrepareTimeout=3000ms WaitingTime=1000ms SendInterval=160ms TransferTimeout=3000ms
[2026-06-04 09:18:17] [INFO] [data][ModbusTcpMasterManager][addMaster]：创建 Master ID=12039 IP=127.0.0.1 Port=538
[2026-06-04 09:18:17] [INFO] [data][ModbusTcpMasterPool][addMaster]：已创建并添加 Master ID=12039 IP=127.0.0.1 Port=538 到线程 16 ModbusPoolThread-16
[2026-06-04 09:18:17] [INFO] [data][ModbusTcpMasterPool][initializeMaster]：开始初始化 Master ID=12039
[2026-06-04 09:18:17] [INFO] [data][ModbusConfigParser][initialCommandQueue]：开始构建初始指令队列，共 2 个引用
[2026-06-04 09:18:17] [DEBUG] [data][ModbusConfigParser][initialCommandQueue]：已克隆初始指令 ref=ReadVersion
[2026-06-04 09:18:17] [DEBUG] [data][ModbusConfigParser][initialCommandQueue]：已克隆初始指令 ref=WriteVEFCGasType
[2026-06-04 09:18:17] [INFO] [data][ModbusConfigParser][initialCommandQueue]：初始指令队列构建完成，共 2 条
[2026-06-04 09:18:17] [INFO] [data][ModbusConfigParser][periodicCommandQueue]：开始构建定时指令队列，共 2 个引用
[2026-06-04 09:18:17] [DEBUG] [data][ModbusConfigParser][periodicCommandQueue]：已克隆定时指令 ref=ReadFoupStatus
[2026-06-04 09:18:17] [DEBUG] [data][ModbusConfigParser][periodicCommandQueue]：已克隆定时指令 ref=ReadIdlePurgeAll
[2026-06-04 09:18:17] [INFO] [data][ModbusConfigParser][periodicCommandQueue]：定时指令队列构建完成，共 2 条
[2026-06-04 09:18:17] [INFO] [data][ModbusTcpMasterPool][InitialCommandIssuer][initializeMaster]：已配置 InitialCommandIssuer 指令数=2 间隔=100 超时=1000 重试=3
[2026-06-04 09:18:17] [INFO] [data][ModbusTcpMasterPool][PeriodicCommandSender][initializeMaster]：已配置 PeriodicCommandSender 指令数=2 间隔=300 超时=1000 重试=0
[2026-06-04 09:18:17] [INFO] [data][ModbusTcpMasterPool][FirmwareUpgrader][initializeMaster]：已配置 FirmwareUpgrader PrepareTimeout=3000ms WaitingTime=1000ms SendInterval=160ms TransferTimeout=3000ms
[2026-06-04 09:18:17] [INFO] [data][ModbusTcpMasterManager][addMaster]：创建 Master ID=12040 IP=127.0.0.1 Port=539
[2026-06-04 09:18:17] [INFO] [data][ModbusTcpMasterPool][addMaster]：已创建并添加 Master ID=12040 IP=127.0.0.1 Port=539 到线程 17 ModbusPoolThread-17
[2026-06-04 09:18:17] [INFO] [data][ModbusTcpMasterPool][initializeMaster]：开始初始化 Master ID=12040
[2026-06-04 09:18:17] [INFO] [data][ModbusConfigParser][initialCommandQueue]：开始构建初始指令队列，共 2 个引用
[2026-06-04 09:18:17] [DEBUG] [data][ModbusConfigParser][initialCommandQueue]：已克隆初始指令 ref=ReadVersion
[2026-06-04 09:18:17] [DEBUG] [data][ModbusConfigParser][initialCommandQueue]：已克隆初始指令 ref=WriteVEFCGasType
[2026-06-04 09:18:17] [INFO] [data][ModbusConfigParser][initialCommandQueue]：初始指令队列构建完成，共 2 条
[2026-06-04 09:18:17] [INFO] [data][ModbusConfigParser][periodicCommandQueue]：开始构建定时指令队列，共 2 个引用
[2026-06-04 09:18:17] [DEBUG] [data][ModbusConfigParser][periodicCommandQueue]：已克隆定时指令 ref=ReadFoupStatus
[2026-06-04 09:18:17] [DEBUG] [data][ModbusConfigParser][periodicCommandQueue]：已克隆定时指令 ref=ReadIdlePurgeAll
[2026-06-04 09:18:17] [INFO] [data][ModbusConfigParser][periodicCommandQueue]：定时指令队列构建完成，共 2 条
[2026-06-04 09:18:17] [INFO] [data][ModbusTcpMasterPool][InitialCommandIssuer][initializeMaster]：已配置 InitialCommandIssuer 指令数=2 间隔=100 超时=1000 重试=3
[2026-06-04 09:18:17] [INFO] [data][ModbusTcpMasterPool][PeriodicCommandSender][initializeMaster]：已配置 PeriodicCommandSender 指令数=2 间隔=300 超时=1000 重试=0
[2026-06-04 09:18:17] [INFO] [data][ModbusTcpMasterPool][FirmwareUpgrader][initializeMaster]：已配置 FirmwareUpgrader PrepareTimeout=3000ms WaitingTime=1000ms SendInterval=160ms TransferTimeout=3000ms
[2026-06-04 09:18:17] [INFO] [data][ModbusTcpMasterManager][addMaster]：创建 Master ID=12041 IP=127.0.0.1 Port=540
[2026-06-04 09:18:17] [INFO] [data][ModbusTcpMasterPool][addMaster]：已创建并添加 Master ID=12041 IP=127.0.0.1 Port=540 到线程 18 ModbusPoolThread-18
[2026-06-04 09:18:17] [INFO] [data][ModbusTcpMasterPool][initializeMaster]：开始初始化 Master ID=12041
[2026-06-04 09:18:17] [INFO] [data][ModbusConfigParser][initialCommandQueue]：开始构建初始指令队列，共 2 个引用
[2026-06-04 09:18:17] [DEBUG] [data][ModbusConfigParser][initialCommandQueue]：已克隆初始指令 ref=ReadVersion
[2026-06-04 09:18:17] [DEBUG] [data][ModbusConfigParser][initialCommandQueue]：已克隆初始指令 ref=WriteVEFCGasType
[2026-06-04 09:18:17] [INFO] [data][ModbusConfigParser][initialCommandQueue]：初始指令队列构建完成，共 2 条
[2026-06-04 09:18:17] [INFO] [data][ModbusConfigParser][periodicCommandQueue]：开始构建定时指令队列，共 2 个引用
[2026-06-04 09:18:17] [DEBUG] [data][ModbusConfigParser][periodicCommandQueue]：已克隆定时指令 ref=ReadFoupStatus
[2026-06-04 09:18:17] [DEBUG] [data][ModbusConfigParser][periodicCommandQueue]：已克隆定时指令 ref=ReadIdlePurgeAll
[2026-06-04 09:18:17] [INFO] [data][ModbusConfigParser][periodicCommandQueue]：定时指令队列构建完成，共 2 条
[2026-06-04 09:18:17] [INFO] [data][ModbusTcpMasterPool][InitialCommandIssuer][initializeMaster]：已配置 InitialCommandIssuer 指令数=2 间隔=100 超时=1000 重试=3
[2026-06-04 09:18:17] [INFO] [data][ModbusTcpMasterPool][PeriodicCommandSender][initializeMaster]：已配置 PeriodicCommandSender 指令数=2 间隔=300 超时=1000 重试=0
[2026-06-04 09:18:17] [INFO] [data][ModbusTcpMasterPool][FirmwareUpgrader][initializeMaster]：已配置 FirmwareUpgrader PrepareTimeout=3000ms WaitingTime=1000ms SendInterval=160ms TransferTimeout=3000ms
[2026-06-04 09:18:17] [INFO] [data][ModbusTcpMasterManager][addMaster]：创建 Master ID=12042 IP=127.0.0.1 Port=541
[2026-06-04 09:18:17] [INFO] [data][ModbusTcpMasterPool][addMaster]：已创建并添加 Master ID=12042 IP=127.0.0.1 Port=541 到线程 19 ModbusPoolThread-19
[2026-06-04 09:18:17] [INFO] [data][ModbusTcpMasterPool][initializeMaster]：开始初始化 Master ID=12042
[2026-06-04 09:18:17] [INFO] [data][ModbusConfigParser][initialCommandQueue]：开始构建初始指令队列，共 2 个引用
[2026-06-04 09:18:17] [DEBUG] [data][ModbusConfigParser][initialCommandQueue]：已克隆初始指令 ref=ReadVersion
[2026-06-04 09:18:17] [DEBUG] [data][ModbusConfigParser][initialCommandQueue]：已克隆初始指令 ref=WriteVEFCGasType
[2026-06-04 09:18:17] [INFO] [data][ModbusConfigParser][initialCommandQueue]：初始指令队列构建完成，共 2 条
[2026-06-04 09:18:17] [INFO] [data][ModbusConfigParser][periodicCommandQueue]：开始构建定时指令队列，共 2 个引用
[2026-06-04 09:18:17] [DEBUG] [data][ModbusConfigParser][periodicCommandQueue]：已克隆定时指令 ref=ReadFoupStatus
[2026-06-04 09:18:17] [DEBUG] [data][ModbusConfigParser][periodicCommandQueue]：已克隆定时指令 ref=ReadIdlePurgeAll
[2026-06-04 09:18:17] [INFO] [data][ModbusConfigParser][periodicCommandQueue]：定时指令队列构建完成，共 2 条
[2026-06-04 09:18:17] [INFO] [data][ModbusTcpMasterPool][InitialCommandIssuer][initializeMaster]：已配置 InitialCommandIssuer 指令数=2 间隔=100 超时=1000 重试=3
[2026-06-04 09:18:17] [INFO] [data][ModbusTcpMasterPool][PeriodicCommandSender][initializeMaster]：已配置 PeriodicCommandSender 指令数=2 间隔=300 超时=1000 重试=0
[2026-06-04 09:18:17] [INFO] [data][ModbusTcpMasterPool][FirmwareUpgrader][initializeMaster]：已配置 FirmwareUpgrader PrepareTimeout=3000ms WaitingTime=1000ms SendInterval=160ms TransferTimeout=3000ms
[2026-06-04 09:18:17] [INFO] [data][ModbusTcpMasterManager][addMaster]：创建 Master ID=12043 IP=127.0.0.1 Port=542
[2026-06-04 09:18:17] [INFO] [data][ModbusTcpMasterPool][addMaster]：已创建并添加 Master ID=12043 IP=127.0.0.1 Port=542 到线程 20 ModbusPoolThread-20
[2026-06-04 09:18:17] [INFO] [data][ModbusTcpMasterPool][initializeMaster]：开始初始化 Master ID=12043
[2026-06-04 09:18:17] [INFO] [data][ModbusConfigParser][initialCommandQueue]：开始构建初始指令队列，共 2 个引用
[2026-06-04 09:18:17] [DEBUG] [data][ModbusConfigParser][initialCommandQueue]：已克隆初始指令 ref=ReadVersion
[2026-06-04 09:18:17] [DEBUG] [data][ModbusConfigParser][initialCommandQueue]：已克隆初始指令 ref=WriteVEFCGasType
[2026-06-04 09:18:17] [INFO] [data][ModbusConfigParser][initialCommandQueue]：初始指令队列构建完成，共 2 条
[2026-06-04 09:18:17] [INFO] [data][ModbusConfigParser][periodicCommandQueue]：开始构建定时指令队列，共 2 个引用
[2026-06-04 09:18:17] [DEBUG] [data][ModbusConfigParser][periodicCommandQueue]：已克隆定时指令 ref=ReadFoupStatus
[2026-06-04 09:18:17] [DEBUG] [data][ModbusConfigParser][periodicCommandQueue]：已克隆定时指令 ref=ReadIdlePurgeAll
[2026-06-04 09:18:17] [INFO] [data][ModbusConfigParser][periodicCommandQueue]：定时指令队列构建完成，共 2 条
[2026-06-04 09:18:17] [INFO] [data][ModbusTcpMasterPool][InitialCommandIssuer][initializeMaster]：已配置 InitialCommandIssuer 指令数=2 间隔=100 超时=1000 重试=3
[2026-06-04 09:18:17] [INFO] [data][ModbusTcpMasterPool][PeriodicCommandSender][initializeMaster]：已配置 PeriodicCommandSender 指令数=2 间隔=300 超时=1000 重试=0
[2026-06-04 09:18:17] [INFO] [data][ModbusTcpMasterPool][FirmwareUpgrader][initializeMaster]：已配置 FirmwareUpgrader PrepareTimeout=3000ms WaitingTime=1000ms SendInterval=160ms TransferTimeout=3000ms
[2026-06-04 09:18:17] [INFO] [data][ModbusTcpMasterManager][addMaster]：创建 Master ID=12044 IP=127.0.0.1 Port=543
[2026-06-04 09:18:17] [INFO] [data][ModbusTcpMasterPool][addMaster]：已创建并添加 Master ID=12044 IP=127.0.0.1 Port=543 到线程 21 ModbusPoolThread-21
[2026-06-04 09:18:17] [INFO] [data][ModbusTcpMasterPool][initializeMaster]：开始初始化 Master ID=12044
[2026-06-04 09:18:17] [INFO] [data][ModbusConfigParser][initialCommandQueue]：开始构建初始指令队列，共 2 个引用
[2026-06-04 09:18:17] [DEBUG] [data][ModbusConfigParser][initialCommandQueue]：已克隆初始指令 ref=ReadVersion
[2026-06-04 09:18:17] [DEBUG] [data][ModbusConfigParser][initialCommandQueue]：已克隆初始指令 ref=WriteVEFCGasType
[2026-06-04 09:18:17] [INFO] [data][ModbusConfigParser][initialCommandQueue]：初始指令队列构建完成，共 2 条
[2026-06-04 09:18:17] [INFO] [data][ModbusConfigParser][periodicCommandQueue]：开始构建定时指令队列，共 2 个引用
[2026-06-04 09:18:17] [DEBUG] [data][ModbusConfigParser][periodicCommandQueue]：已克隆定时指令 ref=ReadFoupStatus
[2026-06-04 09:18:17] [DEBUG] [data][ModbusConfigParser][periodicCommandQueue]：已克隆定时指令 ref=ReadIdlePurgeAll
[2026-06-04 09:18:17] [INFO] [data][ModbusConfigParser][periodicCommandQueue]：定时指令队列构建完成，共 2 条
[2026-06-04 09:18:17] [INFO] [data][ModbusTcpMasterPool][InitialCommandIssuer][initializeMaster]：已配置 InitialCommandIssuer 指令数=2 间隔=100 超时=1000 重试=3
[2026-06-04 09:18:17] [INFO] [data][ModbusTcpMasterPool][PeriodicCommandSender][initializeMaster]：已配置 PeriodicCommandSender 指令数=2 间隔=300 超时=1000 重试=0
[2026-06-04 09:18:17] [INFO] [data][ModbusTcpMasterPool][FirmwareUpgrader][initializeMaster]：已配置 FirmwareUpgrader PrepareTimeout=3000ms WaitingTime=1000ms SendInterval=160ms TransferTimeout=3000ms
[2026-06-04 09:18:17] [INFO] [data][ModbusTcpMasterManager][addMaster]：创建 Master ID=12045 IP=127.0.0.1 Port=544
[2026-06-04 09:18:17] [INFO] [data][ModbusTcpMasterPool][addMaster]：已创建并添加 Master ID=12045 IP=127.0.0.1 Port=544 到线程 0 ModbusPoolThread-0
[2026-06-04 09:18:17] [INFO] [data][ModbusTcpMasterPool][initializeMaster]：开始初始化 Master ID=12045
[2026-06-04 09:18:17] [INFO] [data][ModbusConfigParser][initialCommandQueue]：开始构建初始指令队列，共 2 个引用
[2026-06-04 09:18:17] [DEBUG] [data][ModbusConfigParser][initialCommandQueue]：已克隆初始指令 ref=ReadVersion
[2026-06-04 09:18:17] [DEBUG] [data][ModbusConfigParser][initialCommandQueue]：已克隆初始指令 ref=WriteVEFCGasType
[2026-06-04 09:18:17] [INFO] [data][ModbusConfigParser][initialCommandQueue]：初始指令队列构建完成，共 2 条
[2026-06-04 09:18:17] [INFO] [data][ModbusConfigParser][periodicCommandQueue]：开始构建定时指令队列，共 2 个引用
[2026-06-04 09:18:17] [DEBUG] [data][ModbusConfigParser][periodicCommandQueue]：已克隆定时指令 ref=ReadFoupStatus
[2026-06-04 09:18:17] [DEBUG] [data][ModbusConfigParser][periodicCommandQueue]：已克隆定时指令 ref=ReadIdlePurgeAll
[2026-06-04 09:18:17] [INFO] [data][ModbusConfigParser][periodicCommandQueue]：定时指令队列构建完成，共 2 条
[2026-06-04 09:18:17] [INFO] [data][ModbusTcpMasterPool][InitialCommandIssuer][initializeMaster]：已配置 InitialCommandIssuer 指令数=2 间隔=100 超时=1000 重试=3
[2026-06-04 09:18:17] [INFO] [data][ModbusTcpMasterPool][PeriodicCommandSender][initializeMaster]：已配置 PeriodicCommandSender 指令数=2 间隔=300 超时=1000 重试=0
[2026-06-04 09:18:17] [INFO] [data][ModbusTcpMasterPool][FirmwareUpgrader][initializeMaster]：已配置 FirmwareUpgrader PrepareTimeout=3000ms WaitingTime=1000ms SendInterval=160ms TransferTimeout=3000ms
[2026-06-04 09:18:17] [INFO] [data][ModbusTcpMasterManager][addMaster]：创建 Master ID=12046 IP=127.0.0.1 Port=545
[2026-06-04 09:18:17] [INFO] [data][ModbusTcpMasterPool][addMaster]：已创建并添加 Master ID=12046 IP=127.0.0.1 Port=545 到线程 1 ModbusPoolThread-1
[2026-06-04 09:18:17] [INFO] [data][ModbusTcpMasterPool][initializeMaster]：开始初始化 Master ID=12046
[2026-06-04 09:18:17] [INFO] [data][ModbusConfigParser][initialCommandQueue]：开始构建初始指令队列，共 2 个引用
[2026-06-04 09:18:17] [DEBUG] [data][ModbusConfigParser][initialCommandQueue]：已克隆初始指令 ref=ReadVersion
[2026-06-04 09:18:17] [DEBUG] [data][ModbusConfigParser][initialCommandQueue]：已克隆初始指令 ref=WriteVEFCGasType
[2026-06-04 09:18:17] [INFO] [data][ModbusConfigParser][initialCommandQueue]：初始指令队列构建完成，共 2 条
[2026-06-04 09:18:17] [INFO] [data][ModbusConfigParser][periodicCommandQueue]：开始构建定时指令队列，共 2 个引用
[2026-06-04 09:18:17] [DEBUG] [data][ModbusConfigParser][periodicCommandQueue]：已克隆定时指令 ref=ReadFoupStatus
[2026-06-04 09:18:17] [DEBUG] [data][ModbusConfigParser][periodicCommandQueue]：已克隆定时指令 ref=ReadIdlePurgeAll
[2026-06-04 09:18:17] [INFO] [data][ModbusConfigParser][periodicCommandQueue]：定时指令队列构建完成，共 2 条
[2026-06-04 09:18:17] [INFO] [data][ModbusTcpMasterPool][InitialCommandIssuer][initializeMaster]：已配置 InitialCommandIssuer 指令数=2 间隔=100 超时=1000 重试=3
[2026-06-04 09:18:17] [INFO] [data][ModbusTcpMasterPool][PeriodicCommandSender][initializeMaster]：已配置 PeriodicCommandSender 指令数=2 间隔=300 超时=1000 重试=0
[2026-06-04 09:18:17] [INFO] [data][ModbusTcpMasterPool][FirmwareUpgrader][initializeMaster]：已配置 FirmwareUpgrader PrepareTimeout=3000ms WaitingTime=1000ms SendInterval=160ms TransferTimeout=3000ms
[2026-06-04 09:18:17] [INFO] [data][ModbusTcpMasterManager][addMaster]：创建 Master ID=12047 IP=127.0.0.1 Port=546
[2026-06-04 09:18:17] [INFO] [data][ModbusTcpMasterPool][addMaster]：已创建并添加 Master ID=12047 IP=127.0.0.1 Port=546 到线程 2 ModbusPoolThread-2
[2026-06-04 09:18:17] [INFO] [data][ModbusTcpMasterPool][initializeMaster]：开始初始化 Master ID=12047
[2026-06-04 09:18:17] [INFO] [data][ModbusConfigParser][initialCommandQueue]：开始构建初始指令队列，共 2 个引用
[2026-06-04 09:18:17] [DEBUG] [data][ModbusConfigParser][initialCommandQueue]：已克隆初始指令 ref=ReadVersion
[2026-06-04 09:18:17] [DEBUG] [data][ModbusConfigParser][initialCommandQueue]：已克隆初始指令 ref=WriteVEFCGasType
[2026-06-04 09:18:17] [INFO] [data][ModbusConfigParser][initialCommandQueue]：初始指令队列构建完成，共 2 条
[2026-06-04 09:18:17] [INFO] [data][ModbusConfigParser][periodicCommandQueue]：开始构建定时指令队列，共 2 个引用
[2026-06-04 09:18:17] [DEBUG] [data][ModbusConfigParser][periodicCommandQueue]：已克隆定时指令 ref=ReadFoupStatus
[2026-06-04 09:18:17] [DEBUG] [data][ModbusConfigParser][periodicCommandQueue]：已克隆定时指令 ref=ReadIdlePurgeAll
[2026-06-04 09:18:17] [INFO] [data][ModbusConfigParser][periodicCommandQueue]：定时指令队列构建完成，共 2 条
[2026-06-04 09:18:17] [INFO] [data][ModbusTcpMasterPool][InitialCommandIssuer][initializeMaster]：已配置 InitialCommandIssuer 指令数=2 间隔=100 超时=1000 重试=3
[2026-06-04 09:18:17] [INFO] [data][ModbusTcpMasterPool][PeriodicCommandSender][initializeMaster]：已配置 PeriodicCommandSender 指令数=2 间隔=300 超时=1000 重试=0
[2026-06-04 09:18:17] [INFO] [data][ModbusTcpMasterPool][FirmwareUpgrader][initializeMaster]：已配置 FirmwareUpgrader PrepareTimeout=3000ms WaitingTime=1000ms SendInterval=160ms TransferTimeout=3000ms
[2026-06-04 09:18:17] [INFO] [data][ModbusTcpMasterManager][addMaster]：创建 Master ID=12048 IP=127.0.0.1 Port=547
[2026-06-04 09:18:17] [INFO] [data][ModbusTcpMasterPool][addMaster]：已创建并添加 Master ID=12048 IP=127.0.0.1 Port=547 到线程 3 ModbusPoolThread-3
[2026-06-04 09:18:17] [INFO] [data][ModbusTcpMasterPool][initializeMaster]：开始初始化 Master ID=12048
[2026-06-04 09:18:17] [INFO] [data][ModbusConfigParser][initialCommandQueue]：开始构建初始指令队列，共 2 个引用
[2026-06-04 09:18:17] [DEBUG] [data][ModbusConfigParser][initialCommandQueue]：已克隆初始指令 ref=ReadVersion
[2026-06-04 09:18:17] [DEBUG] [data][ModbusConfigParser][initialCommandQueue]：已克隆初始指令 ref=WriteVEFCGasType
[2026-06-04 09:18:17] [INFO] [data][ModbusConfigParser][initialCommandQueue]：初始指令队列构建完成，共 2 条
[2026-06-04 09:18:17] [INFO] [data][ModbusConfigParser][periodicCommandQueue]：开始构建定时指令队列，共 2 个引用
[2026-06-04 09:18:17] [DEBUG] [data][ModbusConfigParser][periodicCommandQueue]：已克隆定时指令 ref=ReadFoupStatus
[2026-06-04 09:18:17] [DEBUG] [data][ModbusConfigParser][periodicCommandQueue]：已克隆定时指令 ref=ReadIdlePurgeAll
[2026-06-04 09:18:17] [INFO] [data][ModbusConfigParser][periodicCommandQueue]：定时指令队列构建完成，共 2 条
[2026-06-04 09:18:17] [INFO] [data][ModbusTcpMasterPool][InitialCommandIssuer][initializeMaster]：已配置 InitialCommandIssuer 指令数=2 间隔=100 超时=1000 重试=3
[2026-06-04 09:18:17] [INFO] [data][ModbusTcpMasterPool][PeriodicCommandSender][initializeMaster]：已配置 PeriodicCommandSender 指令数=2 间隔=300 超时=1000 重试=0
[2026-06-04 09:18:17] [INFO] [data][ModbusTcpMasterPool][FirmwareUpgrader][initializeMaster]：已配置 FirmwareUpgrader PrepareTimeout=3000ms WaitingTime=1000ms SendInterval=160ms TransferTimeout=3000ms
[2026-06-04 09:18:17] [INFO] [data][ModbusTcpMasterManager][addMaster]：创建 Master ID=12049 IP=127.0.0.1 Port=548
[2026-06-04 09:18:17] [INFO] [data][ModbusTcpMasterPool][addMaster]：已创建并添加 Master ID=12049 IP=127.0.0.1 Port=548 到线程 4 ModbusPoolThread-4
[2026-06-04 09:18:17] [INFO] [data][ModbusTcpMasterPool][initializeMaster]：开始初始化 Master ID=12049
[2026-06-04 09:18:17] [INFO] [data][ModbusConfigParser][initialCommandQueue]：开始构建初始指令队列，共 2 个引用
[2026-06-04 09:18:17] [DEBUG] [data][ModbusConfigParser][initialCommandQueue]：已克隆初始指令 ref=ReadVersion
[2026-06-04 09:18:17] [DEBUG] [data][ModbusConfigParser][initialCommandQueue]：已克隆初始指令 ref=WriteVEFCGasType
[2026-06-04 09:18:17] [INFO] [data][ModbusConfigParser][initialCommandQueue]：初始指令队列构建完成，共 2 条
[2026-06-04 09:18:17] [INFO] [data][ModbusConfigParser][periodicCommandQueue]：开始构建定时指令队列，共 2 个引用
[2026-06-04 09:18:17] [DEBUG] [data][ModbusConfigParser][periodicCommandQueue]：已克隆定时指令 ref=ReadFoupStatus
[2026-06-04 09:18:17] [DEBUG] [data][ModbusConfigParser][periodicCommandQueue]：已克隆定时指令 ref=ReadIdlePurgeAll
[2026-06-04 09:18:17] [INFO] [data][ModbusConfigParser][periodicCommandQueue]：定时指令队列构建完成，共 2 条
[2026-06-04 09:18:17] [INFO] [data][ModbusTcpMasterPool][InitialCommandIssuer][initializeMaster]：已配置 InitialCommandIssuer 指令数=2 间隔=100 超时=1000 重试=3
[2026-06-04 09:18:17] [INFO] [data][ModbusTcpMasterPool][PeriodicCommandSender][initializeMaster]：已配置 PeriodicCommandSender 指令数=2 间隔=300 超时=1000 重试=0
[2026-06-04 09:18:17] [INFO] [data][ModbusTcpMasterPool][FirmwareUpgrader][initializeMaster]：已配置 FirmwareUpgrader PrepareTimeout=3000ms WaitingTime=1000ms SendInterval=160ms TransferTimeout=3000ms
[2026-06-04 09:18:17] [INFO] [data][ModbusTcpMasterManager][addMaster]：创建 Master ID=12050 IP=127.0.0.1 Port=549
[2026-06-04 09:18:17] [INFO] [data][ModbusTcpMasterPool][addMaster]：已创建并添加 Master ID=12050 IP=127.0.0.1 Port=549 到线程 5 ModbusPoolThread-5
[2026-06-04 09:18:17] [INFO] [data][ModbusTcpMasterPool][initializeMaster]：开始初始化 Master ID=12050
[2026-06-04 09:18:17] [INFO] [data][ModbusConfigParser][initialCommandQueue]：开始构建初始指令队列，共 2 个引用
[2026-06-04 09:18:17] [DEBUG] [data][ModbusConfigParser][initialCommandQueue]：已克隆初始指令 ref=ReadVersion
[2026-06-04 09:18:17] [DEBUG] [data][ModbusConfigParser][initialCommandQueue]：已克隆初始指令 ref=WriteVEFCGasType
[2026-06-04 09:18:17] [INFO] [data][ModbusConfigParser][initialCommandQueue]：初始指令队列构建完成，共 2 条
[2026-06-04 09:18:17] [INFO] [data][ModbusConfigParser][periodicCommandQueue]：开始构建定时指令队列，共 2 个引用
[2026-06-04 09:18:17] [DEBUG] [data][ModbusConfigParser][periodicCommandQueue]：已克隆定时指令 ref=ReadFoupStatus
[2026-06-04 09:18:17] [DEBUG] [data][ModbusConfigParser][periodicCommandQueue]：已克隆定时指令 ref=ReadIdlePurgeAll
[2026-06-04 09:18:17] [INFO] [data][ModbusConfigParser][periodicCommandQueue]：定时指令队列构建完成，共 2 条
[2026-06-04 09:18:17] [INFO] [data][ModbusTcpMasterPool][InitialCommandIssuer][initializeMaster]：已配置 InitialCommandIssuer 指令数=2 间隔=100 超时=1000 重试=3
[2026-06-04 09:18:17] [INFO] [data][ModbusTcpMasterPool][PeriodicCommandSender][initializeMaster]：已配置 PeriodicCommandSender 指令数=2 间隔=300 超时=1000 重试=0
[2026-06-04 09:18:17] [INFO] [data][ModbusTcpMasterPool][FirmwareUpgrader][initializeMaster]：已配置 FirmwareUpgrader PrepareTimeout=3000ms WaitingTime=1000ms SendInterval=160ms TransferTimeout=3000ms
[2026-06-04 09:18:17] [INFO] [data][ModbusTcpMasterManager][addMaster]：创建 Master ID=12051 IP=127.0.0.1 Port=550
[2026-06-04 09:18:17] [INFO] [data][ModbusTcpMasterPool][addMaster]：已创建并添加 Master ID=12051 IP=127.0.0.1 Port=550 到线程 6 ModbusPoolThread-6
[2026-06-04 09:18:17] [INFO] [data][ModbusTcpMasterPool][initializeMaster]：开始初始化 Master ID=12051
[2026-06-04 09:18:17] [INFO] [data][ModbusConfigParser][initialCommandQueue]：开始构建初始指令队列，共 2 个引用
[2026-06-04 09:18:17] [DEBUG] [data][ModbusConfigParser][initialCommandQueue]：已克隆初始指令 ref=ReadVersion
[2026-06-04 09:18:17] [DEBUG] [data][ModbusConfigParser][initialCommandQueue]：已克隆初始指令 ref=WriteVEFCGasType
[2026-06-04 09:18:17] [INFO] [data][ModbusConfigParser][initialCommandQueue]：初始指令队列构建完成，共 2 条
[2026-06-04 09:18:17] [INFO] [data][ModbusConfigParser][periodicCommandQueue]：开始构建定时指令队列，共 2 个引用
[2026-06-04 09:18:17] [DEBUG] [data][ModbusConfigParser][periodicCommandQueue]：已克隆定时指令 ref=ReadFoupStatus
[2026-06-04 09:18:17] [DEBUG] [data][ModbusConfigParser][periodicCommandQueue]：已克隆定时指令 ref=ReadIdlePurgeAll
[2026-06-04 09:18:17] [INFO] [data][ModbusConfigParser][periodicCommandQueue]：定时指令队列构建完成，共 2 条
[2026-06-04 09:18:17] [INFO] [data][ModbusTcpMasterPool][InitialCommandIssuer][initializeMaster]：已配置 InitialCommandIssuer 指令数=2 间隔=100 超时=1000 重试=3
[2026-06-04 09:18:17] [INFO] [data][ModbusTcpMasterPool][PeriodicCommandSender][initializeMaster]：已配置 PeriodicCommandSender 指令数=2 间隔=300 超时=1000 重试=0
[2026-06-04 09:18:17] [INFO] [data][ModbusTcpMasterPool][FirmwareUpgrader][initializeMaster]：已配置 FirmwareUpgrader PrepareTimeout=3000ms WaitingTime=1000ms SendInterval=160ms TransferTimeout=3000ms
[2026-06-04 09:18:17] [INFO] [data][ModbusTcpMasterManager][addMaster]：创建 Master ID=12052 IP=127.0.0.1 Port=551
[2026-06-04 09:18:17] [INFO] [data][ModbusTcpMasterPool][addMaster]：已创建并添加 Master ID=12052 IP=127.0.0.1 Port=551 到线程 7 ModbusPoolThread-7
[2026-06-04 09:18:17] [INFO] [data][ModbusTcpMasterPool][initializeMaster]：开始初始化 Master ID=12052
[2026-06-04 09:18:17] [INFO] [data][ModbusConfigParser][initialCommandQueue]：开始构建初始指令队列，共 2 个引用
[2026-06-04 09:18:17] [DEBUG] [data][ModbusConfigParser][initialCommandQueue]：已克隆初始指令 ref=ReadVersion
[2026-06-04 09:18:17] [DEBUG] [data][ModbusConfigParser][initialCommandQueue]：已克隆初始指令 ref=WriteVEFCGasType
[2026-06-04 09:18:17] [INFO] [data][ModbusConfigParser][initialCommandQueue]：初始指令队列构建完成，共 2 条
[2026-06-04 09:18:17] [INFO] [data][ModbusConfigParser][periodicCommandQueue]：开始构建定时指令队列，共 2 个引用
[2026-06-04 09:18:17] [DEBUG] [data][ModbusConfigParser][periodicCommandQueue]：已克隆定时指令 ref=ReadFoupStatus
[2026-06-04 09:18:17] [DEBUG] [data][ModbusConfigParser][periodicCommandQueue]：已克隆定时指令 ref=ReadIdlePurgeAll
[2026-06-04 09:18:17] [INFO] [data][ModbusConfigParser][periodicCommandQueue]：定时指令队列构建完成，共 2 条
[2026-06-04 09:18:17] [INFO] [data][ModbusTcpMasterPool][InitialCommandIssuer][initializeMaster]：已配置 InitialCommandIssuer 指令数=2 间隔=100 超时=1000 重试=3
[2026-06-04 09:18:17] [INFO] [data][ModbusTcpMasterPool][PeriodicCommandSender][initializeMaster]：已配置 PeriodicCommandSender 指令数=2 间隔=300 超时=1000 重试=0
[2026-06-04 09:18:17] [INFO] [data][ModbusTcpMasterPool][FirmwareUpgrader][initializeMaster]：已配置 FirmwareUpgrader PrepareTimeout=3000ms WaitingTime=1000ms SendInterval=160ms TransferTimeout=3000ms
[2026-06-04 09:18:17] [INFO] [data][ModbusTcpMasterManager][addMaster]：创建 Master ID=12053 IP=127.0.0.1 Port=552
[2026-06-04 09:18:17] [INFO] [data][ModbusTcpMasterPool][addMaster]：已创建并添加 Master ID=12053 IP=127.0.0.1 Port=552 到线程 8 ModbusPoolThread-8
[2026-06-04 09:18:17] [INFO] [data][ModbusTcpMasterPool][initializeMaster]：开始初始化 Master ID=12053
[2026-06-04 09:18:17] [INFO] [data][ModbusConfigParser][initialCommandQueue]：开始构建初始指令队列，共 2 个引用
[2026-06-04 09:18:17] [DEBUG] [data][ModbusConfigParser][initialCommandQueue]：已克隆初始指令 ref=ReadVersion
[2026-06-04 09:18:17] [DEBUG] [data][ModbusConfigParser][initialCommandQueue]：已克隆初始指令 ref=WriteVEFCGasType
[2026-06-04 09:18:17] [INFO] [data][ModbusConfigParser][initialCommandQueue]：初始指令队列构建完成，共 2 条
[2026-06-04 09:18:17] [INFO] [data][ModbusConfigParser][periodicCommandQueue]：开始构建定时指令队列，共 2 个引用
[2026-06-04 09:18:17] [DEBUG] [data][ModbusConfigParser][periodicCommandQueue]：已克隆定时指令 ref=ReadFoupStatus
[2026-06-04 09:18:17] [DEBUG] [data][ModbusConfigParser][periodicCommandQueue]：已克隆定时指令 ref=ReadIdlePurgeAll
[2026-06-04 09:18:17] [INFO] [data][ModbusConfigParser][periodicCommandQueue]：定时指令队列构建完成，共 2 条
[2026-06-04 09:18:17] [INFO] [data][ModbusTcpMasterPool][InitialCommandIssuer][initializeMaster]：已配置 InitialCommandIssuer 指令数=2 间隔=100 超时=1000 重试=3
[2026-06-04 09:18:17] [INFO] [data][ModbusTcpMasterPool][PeriodicCommandSender][initializeMaster]：已配置 PeriodicCommandSender 指令数=2 间隔=300 超时=1000 重试=0
[2026-06-04 09:18:17] [INFO] [data][ModbusTcpMasterPool][FirmwareUpgrader][initializeMaster]：已配置 FirmwareUpgrader PrepareTimeout=3000ms WaitingTime=1000ms SendInterval=160ms TransferTimeout=3000ms
[2026-06-04 09:18:17] [INFO] [data][ModbusTcpMasterManager][addMaster]：创建 Master ID=12054 IP=127.0.0.1 Port=553
[2026-06-04 09:18:17] [INFO] [data][ModbusTcpMasterPool][addMaster]：已创建并添加 Master ID=12054 IP=127.0.0.1 Port=553 到线程 9 ModbusPoolThread-9
[2026-06-04 09:18:17] [INFO] [data][ModbusTcpMasterPool][initializeMaster]：开始初始化 Master ID=12054
[2026-06-04 09:18:17] [INFO] [data][ModbusConfigParser][initialCommandQueue]：开始构建初始指令队列，共 2 个引用
[2026-06-04 09:18:17] [DEBUG] [data][ModbusConfigParser][initialCommandQueue]：已克隆初始指令 ref=ReadVersion
[2026-06-04 09:18:17] [DEBUG] [data][ModbusConfigParser][initialCommandQueue]：已克隆初始指令 ref=WriteVEFCGasType
[2026-06-04 09:18:17] [INFO] [data][ModbusConfigParser][initialCommandQueue]：初始指令队列构建完成，共 2 条
[2026-06-04 09:18:17] [INFO] [data][ModbusConfigParser][periodicCommandQueue]：开始构建定时指令队列，共 2 个引用
[2026-06-04 09:18:17] [DEBUG] [data][ModbusConfigParser][periodicCommandQueue]：已克隆定时指令 ref=ReadFoupStatus
[2026-06-04 09:18:17] [DEBUG] [data][ModbusConfigParser][periodicCommandQueue]：已克隆定时指令 ref=ReadIdlePurgeAll
[2026-06-04 09:18:17] [INFO] [data][ModbusConfigParser][periodicCommandQueue]：定时指令队列构建完成，共 2 条
[2026-06-04 09:18:17] [INFO] [data][ModbusTcpMasterPool][InitialCommandIssuer][initializeMaster]：已配置 InitialCommandIssuer 指令数=2 间隔=100 超时=1000 重试=3
[2026-06-04 09:18:17] [INFO] [data][ModbusTcpMasterPool][PeriodicCommandSender][initializeMaster]：已配置 PeriodicCommandSender 指令数=2 间隔=300 超时=1000 重试=0
[2026-06-04 09:18:17] [INFO] [data][ModbusTcpMasterPool][FirmwareUpgrader][initializeMaster]：已配置 FirmwareUpgrader PrepareTimeout=3000ms WaitingTime=1000ms SendInterval=160ms TransferTimeout=3000ms
[2026-06-04 09:18:17] [INFO] [data][ModbusTcpMasterManager][addMaster]：创建 Master ID=12055 IP=127.0.0.1 Port=554
[2026-06-04 09:18:17] [INFO] [data][ModbusTcpMasterPool][addMaster]：已创建并添加 Master ID=12055 IP=127.0.0.1 Port=554 到线程 10 ModbusPoolThread-10
[2026-06-04 09:18:17] [INFO] [data][ModbusTcpMasterPool][initializeMaster]：开始初始化 Master ID=12055
[2026-06-04 09:18:17] [INFO] [data][ModbusConfigParser][initialCommandQueue]：开始构建初始指令队列，共 2 个引用
[2026-06-04 09:18:17] [DEBUG] [data][ModbusConfigParser][initialCommandQueue]：已克隆初始指令 ref=ReadVersion
[2026-06-04 09:18:17] [DEBUG] [data][ModbusConfigParser][initialCommandQueue]：已克隆初始指令 ref=WriteVEFCGasType
[2026-06-04 09:18:17] [INFO] [data][ModbusConfigParser][initialCommandQueue]：初始指令队列构建完成，共 2 条
[2026-06-04 09:18:17] [INFO] [data][ModbusConfigParser][periodicCommandQueue]：开始构建定时指令队列，共 2 个引用
[2026-06-04 09:18:17] [DEBUG] [data][ModbusConfigParser][periodicCommandQueue]：已克隆定时指令 ref=ReadFoupStatus
[2026-06-04 09:18:17] [DEBUG] [data][ModbusConfigParser][periodicCommandQueue]：已克隆定时指令 ref=ReadIdlePurgeAll
[2026-06-04 09:18:17] [INFO] [data][ModbusConfigParser][periodicCommandQueue]：定时指令队列构建完成，共 2 条
[2026-06-04 09:18:17] [INFO] [data][ModbusTcpMasterPool][InitialCommandIssuer][initializeMaster]：已配置 InitialCommandIssuer 指令数=2 间隔=100 超时=1000 重试=3
[2026-06-04 09:18:17] [INFO] [data][ModbusTcpMasterPool][PeriodicCommandSender][initializeMaster]：已配置 PeriodicCommandSender 指令数=2 间隔=300 超时=1000 重试=0
[2026-06-04 09:18:17] [INFO] [data][ModbusTcpMasterPool][FirmwareUpgrader][initializeMaster]：已配置 FirmwareUpgrader PrepareTimeout=3000ms WaitingTime=1000ms SendInterval=160ms TransferTimeout=3000ms
[2026-06-04 09:18:17] [INFO] [data][ModbusTcpMasterManager][addMaster]：创建 Master ID=12056 IP=127.0.0.1 Port=555
[2026-06-04 09:18:17] [INFO] [data][ModbusTcpMasterPool][addMaster]：已创建并添加 Master ID=12056 IP=127.0.0.1 Port=555 到线程 11 ModbusPoolThread-11
[2026-06-04 09:18:17] [INFO] [data][ModbusTcpMasterPool][initializeMaster]：开始初始化 Master ID=12056
[2026-06-04 09:18:17] [INFO] [data][ModbusConfigParser][initialCommandQueue]：开始构建初始指令队列，共 2 个引用
[2026-06-04 09:18:17] [DEBUG] [data][ModbusConfigParser][initialCommandQueue]：已克隆初始指令 ref=ReadVersion
[2026-06-04 09:18:17] [DEBUG] [data][ModbusConfigParser][initialCommandQueue]：已克隆初始指令 ref=WriteVEFCGasType
[2026-06-04 09:18:17] [INFO] [data][ModbusConfigParser][initialCommandQueue]：初始指令队列构建完成，共 2 条
[2026-06-04 09:18:17] [INFO] [data][ModbusConfigParser][periodicCommandQueue]：开始构建定时指令队列，共 2 个引用
[2026-06-04 09:18:17] [DEBUG] [data][ModbusConfigParser][periodicCommandQueue]：已克隆定时指令 ref=ReadFoupStatus
[2026-06-04 09:18:17] [DEBUG] [data][ModbusConfigParser][periodicCommandQueue]：已克隆定时指令 ref=ReadIdlePurgeAll
[2026-06-04 09:18:17] [INFO] [data][ModbusConfigParser][periodicCommandQueue]：定时指令队列构建完成，共 2 条
[2026-06-04 09:18:17] [INFO] [data][ModbusTcpMasterPool][InitialCommandIssuer][initializeMaster]：已配置 InitialCommandIssuer 指令数=2 间隔=100 超时=1000 重试=3
[2026-06-04 09:18:17] [INFO] [data][ModbusTcpMasterPool][PeriodicCommandSender][initializeMaster]：已配置 PeriodicCommandSender 指令数=2 间隔=300 超时=1000 重试=0
[2026-06-04 09:18:17] [INFO] [data][ModbusTcpMasterPool][FirmwareUpgrader][initializeMaster]：已配置 FirmwareUpgrader PrepareTimeout=3000ms WaitingTime=1000ms SendInterval=160ms TransferTimeout=3000ms
[2026-06-04 09:18:17] [INFO] [data][ModbusTcpMasterManager][addMaster]：创建 Master ID=12057 IP=127.0.0.1 Port=556
[2026-06-04 09:18:17] [INFO] [data][ModbusTcpMasterPool][addMaster]：已创建并添加 Master ID=12057 IP=127.0.0.1 Port=556 到线程 12 ModbusPoolThread-12
[2026-06-04 09:18:17] [INFO] [data][ModbusTcpMasterPool][initializeMaster]：开始初始化 Master ID=12057
[2026-06-04 09:18:17] [INFO] [data][ModbusConfigParser][initialCommandQueue]：开始构建初始指令队列，共 2 个引用
[2026-06-04 09:18:17] [DEBUG] [data][ModbusConfigParser][initialCommandQueue]：已克隆初始指令 ref=ReadVersion
[2026-06-04 09:18:17] [DEBUG] [data][ModbusConfigParser][initialCommandQueue]：已克隆初始指令 ref=WriteVEFCGasType
[2026-06-04 09:18:17] [INFO] [data][ModbusConfigParser][initialCommandQueue]：初始指令队列构建完成，共 2 条
[2026-06-04 09:18:17] [INFO] [data][ModbusConfigParser][periodicCommandQueue]：开始构建定时指令队列，共 2 个引用
[2026-06-04 09:18:17] [DEBUG] [data][ModbusConfigParser][periodicCommandQueue]：已克隆定时指令 ref=ReadFoupStatus
[2026-06-04 09:18:17] [DEBUG] [data][ModbusConfigParser][periodicCommandQueue]：已克隆定时指令 ref=ReadIdlePurgeAll
[2026-06-04 09:18:17] [INFO] [data][ModbusConfigParser][periodicCommandQueue]：定时指令队列构建完成，共 2 条
[2026-06-04 09:18:17] [INFO] [data][ModbusTcpMasterPool][InitialCommandIssuer][initializeMaster]：已配置 InitialCommandIssuer 指令数=2 间隔=100 超时=1000 重试=3
[2026-06-04 09:18:17] [INFO] [data][ModbusTcpMasterPool][PeriodicCommandSender][initializeMaster]：已配置 PeriodicCommandSender 指令数=2 间隔=300 超时=1000 重试=0
[2026-06-04 09:18:17] [INFO] [data][ModbusTcpMasterPool][FirmwareUpgrader][initializeMaster]：已配置 FirmwareUpgrader PrepareTimeout=3000ms WaitingTime=1000ms SendInterval=160ms TransferTimeout=3000ms
[2026-06-04 09:18:17] [INFO] [data][ModbusTcpMasterManager][addMaster]：创建 Master ID=12058 IP=127.0.0.1 Port=557
[2026-06-04 09:18:17] [INFO] [data][ModbusTcpMasterPool][addMaster]：已创建并添加 Master ID=12058 IP=127.0.0.1 Port=557 到线程 13 ModbusPoolThread-13
[2026-06-04 09:18:17] [INFO] [data][ModbusTcpMasterPool][initializeMaster]：开始初始化 Master ID=12058
[2026-06-04 09:18:17] [INFO] [data][ModbusConfigParser][initialCommandQueue]：开始构建初始指令队列，共 2 个引用
[2026-06-04 09:18:17] [DEBUG] [data][ModbusConfigParser][initialCommandQueue]：已克隆初始指令 ref=ReadVersion
[2026-06-04 09:18:17] [DEBUG] [data][ModbusConfigParser][initialCommandQueue]：已克隆初始指令 ref=WriteVEFCGasType
[2026-06-04 09:18:17] [INFO] [data][ModbusConfigParser][initialCommandQueue]：初始指令队列构建完成，共 2 条
[2026-06-04 09:18:17] [INFO] [data][ModbusConfigParser][periodicCommandQueue]：开始构建定时指令队列，共 2 个引用
[2026-06-04 09:18:17] [DEBUG] [data][ModbusConfigParser][periodicCommandQueue]：已克隆定时指令 ref=ReadFoupStatus
[2026-06-04 09:18:17] [DEBUG] [data][ModbusConfigParser][periodicCommandQueue]：已克隆定时指令 ref=ReadIdlePurgeAll
[2026-06-04 09:18:17] [INFO] [data][ModbusConfigParser][periodicCommandQueue]：定时指令队列构建完成，共 2 条
[2026-06-04 09:18:17] [INFO] [data][ModbusTcpMasterPool][InitialCommandIssuer][initializeMaster]：已配置 InitialCommandIssuer 指令数=2 间隔=100 超时=1000 重试=3
[2026-06-04 09:18:17] [INFO] [data][ModbusTcpMasterPool][PeriodicCommandSender][initializeMaster]：已配置 PeriodicCommandSender 指令数=2 间隔=300 超时=1000 重试=0
[2026-06-04 09:18:17] [INFO] [data][ModbusTcpMasterPool][FirmwareUpgrader][initializeMaster]：已配置 FirmwareUpgrader PrepareTimeout=3000ms WaitingTime=1000ms SendInterval=160ms TransferTimeout=3000ms
[2026-06-04 09:18:17] [INFO] [data][ModbusTcpMasterManager][addMaster]：创建 Master ID=12059 IP=127.0.0.1 Port=558
[2026-06-04 09:18:17] [INFO] [data][ModbusTcpMasterPool][addMaster]：已创建并添加 Master ID=12059 IP=127.0.0.1 Port=558 到线程 14 ModbusPoolThread-14
[2026-06-04 09:18:17] [INFO] [data][ModbusTcpMasterPool][initializeMaster]：开始初始化 Master ID=12059
[2026-06-04 09:18:17] [INFO] [data][ModbusConfigParser][initialCommandQueue]：开始构建初始指令队列，共 2 个引用
[2026-06-04 09:18:17] [DEBUG] [data][ModbusConfigParser][initialCommandQueue]：已克隆初始指令 ref=ReadVersion
[2026-06-04 09:18:17] [DEBUG] [data][ModbusConfigParser][initialCommandQueue]：已克隆初始指令 ref=WriteVEFCGasType
[2026-06-04 09:18:17] [INFO] [data][ModbusConfigParser][initialCommandQueue]：初始指令队列构建完成，共 2 条
[2026-06-04 09:18:17] [INFO] [data][ModbusConfigParser][periodicCommandQueue]：开始构建定时指令队列，共 2 个引用
[2026-06-04 09:18:17] [DEBUG] [data][ModbusConfigParser][periodicCommandQueue]：已克隆定时指令 ref=ReadFoupStatus
[2026-06-04 09:18:17] [DEBUG] [data][ModbusConfigParser][periodicCommandQueue]：已克隆定时指令 ref=ReadIdlePurgeAll
[2026-06-04 09:18:17] [INFO] [data][ModbusConfigParser][periodicCommandQueue]：定时指令队列构建完成，共 2 条
[2026-06-04 09:18:17] [INFO] [data][ModbusTcpMasterPool][InitialCommandIssuer][initializeMaster]：已配置 InitialCommandIssuer 指令数=2 间隔=100 超时=1000 重试=3
[2026-06-04 09:18:17] [INFO] [data][ModbusTcpMasterPool][PeriodicCommandSender][initializeMaster]：已配置 PeriodicCommandSender 指令数=2 间隔=300 超时=1000 重试=0
[2026-06-04 09:18:17] [INFO] [data][ModbusTcpMasterPool][FirmwareUpgrader][initializeMaster]：已配置 FirmwareUpgrader PrepareTimeout=3000ms WaitingTime=1000ms SendInterval=160ms TransferTimeout=3000ms
[2026-06-04 09:18:17] [INFO] [data][ModbusTcpMasterManager][addMaster]：创建 Master ID=12060 IP=127.0.0.1 Port=559
[2026-06-04 09:18:17] [INFO] [data][ModbusTcpMasterPool][addMaster]：已创建并添加 Master ID=12060 IP=127.0.0.1 Port=559 到线程 15 ModbusPoolThread-15
[2026-06-04 09:18:17] [INFO] [data][ModbusTcpMasterPool][initializeMaster]：开始初始化 Master ID=12060
[2026-06-04 09:18:17] [INFO] [data][ModbusConfigParser][initialCommandQueue]：开始构建初始指令队列，共 2 个引用
[2026-06-04 09:18:17] [DEBUG] [data][ModbusConfigParser][initialCommandQueue]：已克隆初始指令 ref=ReadVersion
[2026-06-04 09:18:17] [DEBUG] [data][ModbusConfigParser][initialCommandQueue]：已克隆初始指令 ref=WriteVEFCGasType
[2026-06-04 09:18:17] [INFO] [data][ModbusConfigParser][initialCommandQueue]：初始指令队列构建完成，共 2 条
[2026-06-04 09:18:17] [INFO] [data][ModbusConfigParser][periodicCommandQueue]：开始构建定时指令队列，共 2 个引用
[2026-06-04 09:18:17] [DEBUG] [data][ModbusConfigParser][periodicCommandQueue]：已克隆定时指令 ref=ReadFoupStatus
[2026-06-04 09:18:17] [DEBUG] [data][ModbusConfigParser][periodicCommandQueue]：已克隆定时指令 ref=ReadIdlePurgeAll
[2026-06-04 09:18:17] [INFO] [data][ModbusConfigParser][periodicCommandQueue]：定时指令队列构建完成，共 2 条
[2026-06-04 09:18:17] [INFO] [data][ModbusTcpMasterPool][InitialCommandIssuer][initializeMaster]：已配置 InitialCommandIssuer 指令数=2 间隔=100 超时=1000 重试=3
[2026-06-04 09:18:17] [INFO] [data][ModbusTcpMasterPool][PeriodicCommandSender][initializeMaster]：已配置 PeriodicCommandSender 指令数=2 间隔=300 超时=1000 重试=0
[2026-06-04 09:18:17] [INFO] [data][ModbusTcpMasterPool][FirmwareUpgrader][initializeMaster]：已配置 FirmwareUpgrader PrepareTimeout=3000ms WaitingTime=1000ms SendInterval=160ms TransferTimeout=3000ms
[2026-06-04 09:18:17] [INFO] [data][ModbusTcpMasterManager][addMaster]：创建 Master ID=12061 IP=127.0.0.1 Port=560
[2026-06-04 09:18:17] [INFO] [data][ModbusTcpMasterPool][addMaster]：已创建并添加 Master ID=12061 IP=127.0.0.1 Port=560 到线程 16 ModbusPoolThread-16
[2026-06-04 09:18:17] [INFO] [data][ModbusTcpMasterPool][initializeMaster]：开始初始化 Master ID=12061
[2026-06-04 09:18:17] [INFO] [data][ModbusConfigParser][initialCommandQueue]：开始构建初始指令队列，共 2 个引用
[2026-06-04 09:18:17] [DEBUG] [data][ModbusConfigParser][initialCommandQueue]：已克隆初始指令 ref=ReadVersion
[2026-06-04 09:18:17] [DEBUG] [data][ModbusConfigParser][initialCommandQueue]：已克隆初始指令 ref=WriteVEFCGasType
[2026-06-04 09:18:17] [INFO] [data][ModbusConfigParser][initialCommandQueue]：初始指令队列构建完成，共 2 条
[2026-06-04 09:18:17] [INFO] [data][ModbusConfigParser][periodicCommandQueue]：开始构建定时指令队列，共 2 个引用
[2026-06-04 09:18:17] [DEBUG] [data][ModbusConfigParser][periodicCommandQueue]：已克隆定时指令 ref=ReadFoupStatus
[2026-06-04 09:18:17] [DEBUG] [data][ModbusConfigParser][periodicCommandQueue]：已克隆定时指令 ref=ReadIdlePurgeAll
[2026-06-04 09:18:17] [INFO] [data][ModbusConfigParser][periodicCommandQueue]：定时指令队列构建完成，共 2 条
[2026-06-04 09:18:17] [INFO] [data][ModbusTcpMasterPool][InitialCommandIssuer][initializeMaster]：已配置 InitialCommandIssuer 指令数=2 间隔=100 超时=1000 重试=3
[2026-06-04 09:18:17] [INFO] [data][ModbusTcpMasterPool][PeriodicCommandSender][initializeMaster]：已配置 PeriodicCommandSender 指令数=2 间隔=300 超时=1000 重试=0
[2026-06-04 09:18:17] [INFO] [data][ModbusTcpMasterPool][FirmwareUpgrader][initializeMaster]：已配置 FirmwareUpgrader PrepareTimeout=3000ms WaitingTime=1000ms SendInterval=160ms TransferTimeout=3000ms
[2026-06-04 09:18:17] [INFO] [data][ModbusTcpMasterManager][addMaster]：创建 Master ID=12062 IP=127.0.0.1 Port=561
[2026-06-04 09:18:17] [INFO] [data][ModbusTcpMasterPool][addMaster]：已创建并添加 Master ID=12062 IP=127.0.0.1 Port=561 到线程 17 ModbusPoolThread-17
[2026-06-04 09:18:17] [INFO] [data][ModbusTcpMasterPool][initializeMaster]：开始初始化 Master ID=12062
[2026-06-04 09:18:17] [INFO] [data][ModbusConfigParser][initialCommandQueue]：开始构建初始指令队列，共 2 个引用
[2026-06-04 09:18:17] [DEBUG] [data][ModbusConfigParser][initialCommandQueue]：已克隆初始指令 ref=ReadVersion
[2026-06-04 09:18:17] [DEBUG] [data][ModbusConfigParser][initialCommandQueue]：已克隆初始指令 ref=WriteVEFCGasType
[2026-06-04 09:18:17] [INFO] [data][ModbusConfigParser][initialCommandQueue]：初始指令队列构建完成，共 2 条
[2026-06-04 09:18:17] [INFO] [data][ModbusConfigParser][periodicCommandQueue]：开始构建定时指令队列，共 2 个引用
[2026-06-04 09:18:17] [DEBUG] [data][ModbusConfigParser][periodicCommandQueue]：已克隆定时指令 ref=ReadFoupStatus
[2026-06-04 09:18:17] [DEBUG] [data][ModbusConfigParser][periodicCommandQueue]：已克隆定时指令 ref=ReadIdlePurgeAll
[2026-06-04 09:18:17] [INFO] [data][ModbusConfigParser][periodicCommandQueue]：定时指令队列构建完成，共 2 条
[2026-06-04 09:18:17] [INFO] [data][ModbusTcpMasterPool][InitialCommandIssuer][initializeMaster]：已配置 InitialCommandIssuer 指令数=2 间隔=100 超时=1000 重试=3
[2026-06-04 09:18:17] [INFO] [data][ModbusTcpMasterPool][PeriodicCommandSender][initializeMaster]：已配置 PeriodicCommandSender 指令数=2 间隔=300 超时=1000 重试=0
[2026-06-04 09:18:17] [INFO] [data][ModbusTcpMasterPool][FirmwareUpgrader][initializeMaster]：已配置 FirmwareUpgrader PrepareTimeout=3000ms WaitingTime=1000ms SendInterval=160ms TransferTimeout=3000ms
[2026-06-04 09:18:17] [INFO] [data][ModbusTcpMasterManager][addMaster]：创建 Master ID=12063 IP=127.0.0.1 Port=562
[2026-06-04 09:18:17] [INFO] [data][ModbusTcpMasterPool][addMaster]：已创建并添加 Master ID=12063 IP=127.0.0.1 Port=562 到线程 18 ModbusPoolThread-18
[2026-06-04 09:18:17] [INFO] [data][ModbusTcpMasterPool][initializeMaster]：开始初始化 Master ID=12063
[2026-06-04 09:18:17] [INFO] [data][ModbusConfigParser][initialCommandQueue]：开始构建初始指令队列，共 2 个引用
[2026-06-04 09:18:17] [DEBUG] [data][ModbusConfigParser][initialCommandQueue]：已克隆初始指令 ref=ReadVersion
[2026-06-04 09:18:17] [DEBUG] [data][ModbusConfigParser][initialCommandQueue]：已克隆初始指令 ref=WriteVEFCGasType
[2026-06-04 09:18:17] [INFO] [data][ModbusConfigParser][initialCommandQueue]：初始指令队列构建完成，共 2 条
[2026-06-04 09:18:17] [INFO] [data][ModbusConfigParser][periodicCommandQueue]：开始构建定时指令队列，共 2 个引用
[2026-06-04 09:18:17] [DEBUG] [data][ModbusConfigParser][periodicCommandQueue]：已克隆定时指令 ref=ReadFoupStatus
[2026-06-04 09:18:17] [DEBUG] [data][ModbusConfigParser][periodicCommandQueue]：已克隆定时指令 ref=ReadIdlePurgeAll
[2026-06-04 09:18:17] [INFO] [data][ModbusConfigParser][periodicCommandQueue]：定时指令队列构建完成，共 2 条
[2026-06-04 09:18:17] [INFO] [data][ModbusTcpMasterPool][InitialCommandIssuer][initializeMaster]：已配置 InitialCommandIssuer 指令数=2 间隔=100 超时=1000 重试=3
[2026-06-04 09:18:17] [INFO] [data][ModbusTcpMasterPool][PeriodicCommandSender][initializeMaster]：已配置 PeriodicCommandSender 指令数=2 间隔=300 超时=1000 重试=0
[2026-06-04 09:18:17] [INFO] [data][ModbusTcpMasterPool][FirmwareUpgrader][initializeMaster]：已配置 FirmwareUpgrader PrepareTimeout=3000ms WaitingTime=1000ms SendInterval=160ms TransferTimeout=3000ms
[2026-06-04 09:18:17] [INFO] [data][ModbusTcpMasterManager][addMaster]：创建 Master ID=12064 IP=127.0.0.1 Port=563
[2026-06-04 09:18:17] [INFO] [data][ModbusTcpMasterPool][addMaster]：已创建并添加 Master ID=12064 IP=127.0.0.1 Port=563 到线程 19 ModbusPoolThread-19
[2026-06-04 09:18:17] [INFO] [data][ModbusTcpMasterPool][initializeMaster]：开始初始化 Master ID=12064
[2026-06-04 09:18:17] [INFO] [data][ModbusConfigParser][initialCommandQueue]：开始构建初始指令队列，共 2 个引用
[2026-06-04 09:18:17] [DEBUG] [data][ModbusConfigParser][initialCommandQueue]：已克隆初始指令 ref=ReadVersion
[2026-06-04 09:18:17] [DEBUG] [data][ModbusConfigParser][initialCommandQueue]：已克隆初始指令 ref=WriteVEFCGasType
[2026-06-04 09:18:17] [INFO] [data][ModbusConfigParser][initialCommandQueue]：初始指令队列构建完成，共 2 条
[2026-06-04 09:18:17] [INFO] [data][ModbusConfigParser][periodicCommandQueue]：开始构建定时指令队列，共 2 个引用
[2026-06-04 09:18:17] [DEBUG] [data][ModbusConfigParser][periodicCommandQueue]：已克隆定时指令 ref=ReadFoupStatus
[2026-06-04 09:18:17] [DEBUG] [data][ModbusConfigParser][periodicCommandQueue]：已克隆定时指令 ref=ReadIdlePurgeAll
[2026-06-04 09:18:17] [INFO] [data][ModbusConfigParser][periodicCommandQueue]：定时指令队列构建完成，共 2 条
[2026-06-04 09:18:17] [INFO] [data][ModbusTcpMasterPool][InitialCommandIssuer][initializeMaster]：已配置 InitialCommandIssuer 指令数=2 间隔=100 超时=1000 重试=3
[2026-06-04 09:18:17] [INFO] [data][ModbusTcpMasterPool][PeriodicCommandSender][initializeMaster]：已配置 PeriodicCommandSender 指令数=2 间隔=300 超时=1000 重试=0
[2026-06-04 09:18:17] [INFO] [data][ModbusTcpMasterPool][FirmwareUpgrader][initializeMaster]：已配置 FirmwareUpgrader PrepareTimeout=3000ms WaitingTime=1000ms SendInterval=160ms TransferTimeout=3000ms
[2026-06-04 09:18:17] [INFO] [data][ModbusTcpMasterManager][addMaster]：创建 Master ID=12065 IP=127.0.0.1 Port=564
[2026-06-04 09:18:17] [INFO] [data][ModbusTcpMasterPool][addMaster]：已创建并添加 Master ID=12065 IP=127.0.0.1 Port=564 到线程 20 ModbusPoolThread-20
[2026-06-04 09:18:17] [INFO] [data][ModbusTcpMasterPool][initializeMaster]：开始初始化 Master ID=12065
[2026-06-04 09:18:17] [INFO] [data][ModbusConfigParser][initialCommandQueue]：开始构建初始指令队列，共 2 个引用
[2026-06-04 09:18:17] [DEBUG] [data][ModbusConfigParser][initialCommandQueue]：已克隆初始指令 ref=ReadVersion
[2026-06-04 09:18:17] [DEBUG] [data][ModbusConfigParser][initialCommandQueue]：已克隆初始指令 ref=WriteVEFCGasType
[2026-06-04 09:18:17] [INFO] [data][ModbusConfigParser][initialCommandQueue]：初始指令队列构建完成，共 2 条
[2026-06-04 09:18:17] [INFO] [data][ModbusConfigParser][periodicCommandQueue]：开始构建定时指令队列，共 2 个引用
[2026-06-04 09:18:17] [DEBUG] [data][ModbusConfigParser][periodicCommandQueue]：已克隆定时指令 ref=ReadFoupStatus
[2026-06-04 09:18:17] [DEBUG] [data][ModbusConfigParser][periodicCommandQueue]：已克隆定时指令 ref=ReadIdlePurgeAll
[2026-06-04 09:18:17] [INFO] [data][ModbusConfigParser][periodicCommandQueue]：定时指令队列构建完成，共 2 条
[2026-06-04 09:18:17] [INFO] [data][ModbusTcpMasterPool][InitialCommandIssuer][initializeMaster]：已配置 InitialCommandIssuer 指令数=2 间隔=100 超时=1000 重试=3
[2026-06-04 09:18:17] [INFO] [data][ModbusTcpMasterPool][PeriodicCommandSender][initializeMaster]：已配置 PeriodicCommandSender 指令数=2 间隔=300 超时=1000 重试=0
[2026-06-04 09:18:17] [INFO] [data][ModbusTcpMasterPool][FirmwareUpgrader][initializeMaster]：已配置 FirmwareUpgrader PrepareTimeout=3000ms WaitingTime=1000ms SendInterval=160ms TransferTimeout=3000ms
[2026-06-04 09:18:17] [INFO] [data][ModbusTcpMasterManager][addMaster]：创建 Master ID=12066 IP=127.0.0.1 Port=565
[2026-06-04 09:18:17] [INFO] [data][ModbusTcpMasterPool][addMaster]：已创建并添加 Master ID=12066 IP=127.0.0.1 Port=565 到线程 21 ModbusPoolThread-21
[2026-06-04 09:18:17] [INFO] [data][ModbusTcpMasterPool][initializeMaster]：开始初始化 Master ID=12066
[2026-06-04 09:18:17] [INFO] [data][ModbusConfigParser][initialCommandQueue]：开始构建初始指令队列，共 2 个引用
[2026-06-04 09:18:17] [DEBUG] [data][ModbusConfigParser][initialCommandQueue]：已克隆初始指令 ref=ReadVersion
[2026-06-04 09:18:17] [DEBUG] [data][ModbusConfigParser][initialCommandQueue]：已克隆初始指令 ref=WriteVEFCGasType
[2026-06-04 09:18:17] [INFO] [data][ModbusConfigParser][initialCommandQueue]：初始指令队列构建完成，共 2 条
[2026-06-04 09:18:17] [INFO] [data][ModbusConfigParser][periodicCommandQueue]：开始构建定时指令队列，共 2 个引用
[2026-06-04 09:18:17] [DEBUG] [data][ModbusConfigParser][periodicCommandQueue]：已克隆定时指令 ref=ReadFoupStatus
[2026-06-04 09:18:17] [DEBUG] [data][ModbusConfigParser][periodicCommandQueue]：已克隆定时指令 ref=ReadIdlePurgeAll
[2026-06-04 09:18:17] [INFO] [data][ModbusConfigParser][periodicCommandQueue]：定时指令队列构建完成，共 2 条
[2026-06-04 09:18:17] [INFO] [data][ModbusTcpMasterPool][InitialCommandIssuer][initializeMaster]：已配置 InitialCommandIssuer 指令数=2 间隔=100 超时=1000 重试=3
[2026-06-04 09:18:17] [INFO] [data][ModbusTcpMasterPool][PeriodicCommandSender][initializeMaster]：已配置 PeriodicCommandSender 指令数=2 间隔=300 超时=1000 重试=0
[2026-06-04 09:18:17] [INFO] [data][ModbusTcpMasterPool][FirmwareUpgrader][initializeMaster]：已配置 FirmwareUpgrader PrepareTimeout=3000ms WaitingTime=1000ms SendInterval=160ms TransferTimeout=3000ms
[2026-06-04 09:18:17] [INFO] [data][ModbusTcpMasterManager][addMaster]：创建 Master ID=12067 IP=127.0.0.1 Port=566
[2026-06-04 09:18:17] [INFO] [data][ModbusTcpMasterPool][addMaster]：已创建并添加 Master ID=12067 IP=127.0.0.1 Port=566 到线程 0 ModbusPoolThread-0
[2026-06-04 09:18:17] [INFO] [data][ModbusTcpMasterPool][initializeMaster]：开始初始化 Master ID=12067
[2026-06-04 09:18:17] [INFO] [data][ModbusConfigParser][initialCommandQueue]：开始构建初始指令队列，共 2 个引用
[2026-06-04 09:18:17] [DEBUG] [data][ModbusConfigParser][initialCommandQueue]：已克隆初始指令 ref=ReadVersion
[2026-06-04 09:18:17] [DEBUG] [data][ModbusConfigParser][initialCommandQueue]：已克隆初始指令 ref=WriteVEFCGasType
[2026-06-04 09:18:17] [INFO] [data][ModbusConfigParser][initialCommandQueue]：初始指令队列构建完成，共 2 条
[2026-06-04 09:18:17] [INFO] [data][ModbusConfigParser][periodicCommandQueue]：开始构建定时指令队列，共 2 个引用
[2026-06-04 09:18:17] [DEBUG] [data][ModbusConfigParser][periodicCommandQueue]：已克隆定时指令 ref=ReadFoupStatus
[2026-06-04 09:18:17] [DEBUG] [data][ModbusConfigParser][periodicCommandQueue]：已克隆定时指令 ref=ReadIdlePurgeAll
[2026-06-04 09:18:17] [INFO] [data][ModbusConfigParser][periodicCommandQueue]：定时指令队列构建完成，共 2 条
[2026-06-04 09:18:17] [INFO] [data][ModbusTcpMasterPool][InitialCommandIssuer][initializeMaster]：已配置 InitialCommandIssuer 指令数=2 间隔=100 超时=1000 重试=3
[2026-06-04 09:18:17] [INFO] [data][ModbusTcpMasterPool][PeriodicCommandSender][initializeMaster]：已配置 PeriodicCommandSender 指令数=2 间隔=300 超时=1000 重试=0
[2026-06-04 09:18:17] [INFO] [data][ModbusTcpMasterPool][FirmwareUpgrader][initializeMaster]：已配置 FirmwareUpgrader PrepareTimeout=3000ms WaitingTime=1000ms SendInterval=160ms TransferTimeout=3000ms
[2026-06-04 09:18:17] [INFO] [data][ModbusTcpMasterManager][addMaster]：创建 Master ID=12068 IP=127.0.0.1 Port=567
[2026-06-04 09:18:17] [INFO] [data][ModbusTcpMasterPool][addMaster]：已创建并添加 Master ID=12068 IP=127.0.0.1 Port=567 到线程 1 ModbusPoolThread-1
[2026-06-04 09:18:17] [INFO] [data][ModbusTcpMasterPool][initializeMaster]：开始初始化 Master ID=12068
[2026-06-04 09:18:17] [INFO] [data][ModbusConfigParser][initialCommandQueue]：开始构建初始指令队列，共 2 个引用
[2026-06-04 09:18:17] [DEBUG] [data][ModbusConfigParser][initialCommandQueue]：已克隆初始指令 ref=ReadVersion
[2026-06-04 09:18:17] [DEBUG] [data][ModbusConfigParser][initialCommandQueue]：已克隆初始指令 ref=WriteVEFCGasType
[2026-06-04 09:18:17] [INFO] [data][ModbusConfigParser][initialCommandQueue]：初始指令队列构建完成，共 2 条
[2026-06-04 09:18:17] [INFO] [data][ModbusConfigParser][periodicCommandQueue]：开始构建定时指令队列，共 2 个引用
[2026-06-04 09:18:17] [DEBUG] [data][ModbusConfigParser][periodicCommandQueue]：已克隆定时指令 ref=ReadFoupStatus
[2026-06-04 09:18:17] [DEBUG] [data][ModbusConfigParser][periodicCommandQueue]：已克隆定时指令 ref=ReadIdlePurgeAll
[2026-06-04 09:18:17] [INFO] [data][ModbusConfigParser][periodicCommandQueue]：定时指令队列构建完成，共 2 条
[2026-06-04 09:18:17] [INFO] [data][ModbusTcpMasterPool][InitialCommandIssuer][initializeMaster]：已配置 InitialCommandIssuer 指令数=2 间隔=100 超时=1000 重试=3
[2026-06-04 09:18:17] [INFO] [data][ModbusTcpMasterPool][PeriodicCommandSender][initializeMaster]：已配置 PeriodicCommandSender 指令数=2 间隔=300 超时=1000 重试=0
[2026-06-04 09:18:17] [INFO] [data][ModbusTcpMasterPool][FirmwareUpgrader][initializeMaster]：已配置 FirmwareUpgrader PrepareTimeout=3000ms WaitingTime=1000ms SendInterval=160ms TransferTimeout=3000ms
[2026-06-04 09:18:17] [INFO] [data][ModbusTcpMasterManager][addMaster]：创建 Master ID=12069 IP=127.0.0.1 Port=568
[2026-06-04 09:18:17] [INFO] [data][ModbusTcpMasterPool][addMaster]：已创建并添加 Master ID=12069 IP=127.0.0.1 Port=568 到线程 2 ModbusPoolThread-2
[2026-06-04 09:18:17] [INFO] [data][ModbusTcpMasterPool][initializeMaster]：开始初始化 Master ID=12069
[2026-06-04 09:18:17] [INFO] [data][ModbusConfigParser][initialCommandQueue]：开始构建初始指令队列，共 2 个引用
[2026-06-04 09:18:17] [DEBUG] [data][ModbusConfigParser][initialCommandQueue]：已克隆初始指令 ref=ReadVersion
[2026-06-04 09:18:17] [DEBUG] [data][ModbusConfigParser][initialCommandQueue]：已克隆初始指令 ref=WriteVEFCGasType
[2026-06-04 09:18:17] [INFO] [data][ModbusConfigParser][initialCommandQueue]：初始指令队列构建完成，共 2 条
[2026-06-04 09:18:17] [INFO] [data][ModbusConfigParser][periodicCommandQueue]：开始构建定时指令队列，共 2 个引用
[2026-06-04 09:18:17] [DEBUG] [data][ModbusConfigParser][periodicCommandQueue]：已克隆定时指令 ref=ReadFoupStatus
[2026-06-04 09:18:17] [DEBUG] [data][ModbusConfigParser][periodicCommandQueue]：已克隆定时指令 ref=ReadIdlePurgeAll
[2026-06-04 09:18:17] [INFO] [data][ModbusConfigParser][periodicCommandQueue]：定时指令队列构建完成，共 2 条
[2026-06-04 09:18:17] [INFO] [data][ModbusTcpMasterPool][InitialCommandIssuer][initializeMaster]：已配置 InitialCommandIssuer 指令数=2 间隔=100 超时=1000 重试=3
[2026-06-04 09:18:17] [INFO] [data][ModbusTcpMasterPool][PeriodicCommandSender][initializeMaster]：已配置 PeriodicCommandSender 指令数=2 间隔=300 超时=1000 重试=0
[2026-06-04 09:18:17] [INFO] [data][ModbusTcpMasterPool][FirmwareUpgrader][initializeMaster]：已配置 FirmwareUpgrader PrepareTimeout=3000ms WaitingTime=1000ms SendInterval=160ms TransferTimeout=3000ms
[2026-06-04 09:18:17] [INFO] [data][ModbusTcpMasterManager][addMaster]：创建 Master ID=12070 IP=127.0.0.1 Port=569
[2026-06-04 09:18:17] [INFO] [data][ModbusTcpMasterPool][addMaster]：已创建并添加 Master ID=12070 IP=127.0.0.1 Port=569 到线程 3 ModbusPoolThread-3
[2026-06-04 09:18:17] [INFO] [data][ModbusTcpMasterPool][initializeMaster]：开始初始化 Master ID=12070
[2026-06-04 09:18:17] [INFO] [data][ModbusConfigParser][initialCommandQueue]：开始构建初始指令队列，共 2 个引用
[2026-06-04 09:18:17] [DEBUG] [data][ModbusConfigParser][initialCommandQueue]：已克隆初始指令 ref=ReadVersion
[2026-06-04 09:18:17] [DEBUG] [data][ModbusConfigParser][initialCommandQueue]：已克隆初始指令 ref=WriteVEFCGasType
[2026-06-04 09:18:17] [INFO] [data][ModbusConfigParser][initialCommandQueue]：初始指令队列构建完成，共 2 条
[2026-06-04 09:18:17] [INFO] [data][ModbusConfigParser][periodicCommandQueue]：开始构建定时指令队列，共 2 个引用
[2026-06-04 09:18:17] [DEBUG] [data][ModbusConfigParser][periodicCommandQueue]：已克隆定时指令 ref=ReadFoupStatus
[2026-06-04 09:18:17] [DEBUG] [data][ModbusConfigParser][periodicCommandQueue]：已克隆定时指令 ref=ReadIdlePurgeAll
[2026-06-04 09:18:17] [INFO] [data][ModbusConfigParser][periodicCommandQueue]：定时指令队列构建完成，共 2 条
[2026-06-04 09:18:17] [INFO] [data][ModbusTcpMasterPool][InitialCommandIssuer][initializeMaster]：已配置 InitialCommandIssuer 指令数=2 间隔=100 超时=1000 重试=3
[2026-06-04 09:18:17] [INFO] [data][ModbusTcpMasterPool][PeriodicCommandSender][initializeMaster]：已配置 PeriodicCommandSender 指令数=2 间隔=300 超时=1000 重试=0
[2026-06-04 09:18:17] [INFO] [data][ModbusTcpMasterPool][FirmwareUpgrader][initializeMaster]：已配置 FirmwareUpgrader PrepareTimeout=3000ms WaitingTime=1000ms SendInterval=160ms TransferTimeout=3000ms
[2026-06-04 09:18:17] [INFO] [data][ModbusTcpMasterManager][addMaster]：创建 Master ID=12071 IP=127.0.0.1 Port=570
[2026-06-04 09:18:17] [INFO] [data][ModbusTcpMasterPool][addMaster]：已创建并添加 Master ID=12071 IP=127.0.0.1 Port=570 到线程 4 ModbusPoolThread-4
[2026-06-04 09:18:17] [INFO] [data][ModbusTcpMasterPool][initializeMaster]：开始初始化 Master ID=12071
[2026-06-04 09:18:17] [INFO] [data][ModbusConfigParser][initialCommandQueue]：开始构建初始指令队列，共 2 个引用
[2026-06-04 09:18:17] [DEBUG] [data][ModbusConfigParser][initialCommandQueue]：已克隆初始指令 ref=ReadVersion
[2026-06-04 09:18:17] [DEBUG] [data][ModbusConfigParser][initialCommandQueue]：已克隆初始指令 ref=WriteVEFCGasType
[2026-06-04 09:18:17] [INFO] [data][ModbusConfigParser][initialCommandQueue]：初始指令队列构建完成，共 2 条
[2026-06-04 09:18:17] [INFO] [data][ModbusConfigParser][periodicCommandQueue]：开始构建定时指令队列，共 2 个引用
[2026-06-04 09:18:17] [DEBUG] [data][ModbusConfigParser][periodicCommandQueue]：已克隆定时指令 ref=ReadFoupStatus
[2026-06-04 09:18:17] [DEBUG] [data][ModbusConfigParser][periodicCommandQueue]：已克隆定时指令 ref=ReadIdlePurgeAll
[2026-06-04 09:18:17] [INFO] [data][ModbusConfigParser][periodicCommandQueue]：定时指令队列构建完成，共 2 条
[2026-06-04 09:18:17] [INFO] [data][ModbusTcpMasterPool][InitialCommandIssuer][initializeMaster]：已配置 InitialCommandIssuer 指令数=2 间隔=100 超时=1000 重试=3
[2026-06-04 09:18:17] [INFO] [data][ModbusTcpMasterPool][PeriodicCommandSender][initializeMaster]：已配置 PeriodicCommandSender 指令数=2 间隔=300 超时=1000 重试=0
[2026-06-04 09:18:17] [INFO] [data][ModbusTcpMasterPool][FirmwareUpgrader][initializeMaster]：已配置 FirmwareUpgrader PrepareTimeout=3000ms WaitingTime=1000ms SendInterval=160ms TransferTimeout=3000ms
[2026-06-04 09:18:17] [INFO] [data][ModbusTcpMasterManager][addMaster]：创建 Master ID=12072 IP=127.0.0.1 Port=571
[2026-06-04 09:18:17] [INFO] [data][ModbusTcpMasterPool][addMaster]：已创建并添加 Master ID=12072 IP=127.0.0.1 Port=571 到线程 5 ModbusPoolThread-5
[2026-06-04 09:18:17] [INFO] [data][ModbusTcpMasterPool][initializeMaster]：开始初始化 Master ID=12072
[2026-06-04 09:18:17] [INFO] [data][ModbusConfigParser][initialCommandQueue]：开始构建初始指令队列，共 2 个引用
[2026-06-04 09:18:17] [DEBUG] [data][ModbusConfigParser][initialCommandQueue]：已克隆初始指令 ref=ReadVersion
[2026-06-04 09:18:17] [DEBUG] [data][ModbusConfigParser][initialCommandQueue]：已克隆初始指令 ref=WriteVEFCGasType
[2026-06-04 09:18:17] [INFO] [data][ModbusConfigParser][initialCommandQueue]：初始指令队列构建完成，共 2 条
[2026-06-04 09:18:17] [INFO] [data][ModbusConfigParser][periodicCommandQueue]：开始构建定时指令队列，共 2 个引用
[2026-06-04 09:18:17] [DEBUG] [data][ModbusConfigParser][periodicCommandQueue]：已克隆定时指令 ref=ReadFoupStatus
[2026-06-04 09:18:17] [DEBUG] [data][ModbusConfigParser][periodicCommandQueue]：已克隆定时指令 ref=ReadIdlePurgeAll
[2026-06-04 09:18:17] [INFO] [data][ModbusConfigParser][periodicCommandQueue]：定时指令队列构建完成，共 2 条
[2026-06-04 09:18:17] [INFO] [data][ModbusTcpMasterPool][InitialCommandIssuer][initializeMaster]：已配置 InitialCommandIssuer 指令数=2 间隔=100 超时=1000 重试=3
[2026-06-04 09:18:17] [INFO] [data][ModbusTcpMasterPool][PeriodicCommandSender][initializeMaster]：已配置 PeriodicCommandSender 指令数=2 间隔=300 超时=1000 重试=0
[2026-06-04 09:18:17] [INFO] [data][ModbusTcpMasterPool][FirmwareUpgrader][initializeMaster]：已配置 FirmwareUpgrader PrepareTimeout=3000ms WaitingTime=1000ms SendInterval=160ms TransferTimeout=3000ms
[2026-06-04 09:18:17] [INFO] [data][ModbusTcpMasterManager][addMaster]：创建 Master ID=12073 IP=127.0.0.1 Port=572
[2026-06-04 09:18:17] [INFO] [data][ModbusTcpMasterPool][addMaster]：已创建并添加 Master ID=12073 IP=127.0.0.1 Port=572 到线程 6 ModbusPoolThread-6
[2026-06-04 09:18:17] [INFO] [data][ModbusTcpMasterPool][initializeMaster]：开始初始化 Master ID=12073
[2026-06-04 09:18:17] [INFO] [data][ModbusConfigParser][initialCommandQueue]：开始构建初始指令队列，共 2 个引用
[2026-06-04 09:18:17] [DEBUG] [data][ModbusConfigParser][initialCommandQueue]：已克隆初始指令 ref=ReadVersion
[2026-06-04 09:18:17] [DEBUG] [data][ModbusConfigParser][initialCommandQueue]：已克隆初始指令 ref=WriteVEFCGasType
[2026-06-04 09:18:17] [INFO] [data][ModbusConfigParser][initialCommandQueue]：初始指令队列构建完成，共 2 条
[2026-06-04 09:18:17] [INFO] [data][ModbusConfigParser][periodicCommandQueue]：开始构建定时指令队列，共 2 个引用
[2026-06-04 09:18:17] [DEBUG] [data][ModbusConfigParser][periodicCommandQueue]：已克隆定时指令 ref=ReadFoupStatus
[2026-06-04 09:18:17] [DEBUG] [data][ModbusConfigParser][periodicCommandQueue]：已克隆定时指令 ref=ReadIdlePurgeAll
[2026-06-04 09:18:17] [INFO] [data][ModbusConfigParser][periodicCommandQueue]：定时指令队列构建完成，共 2 条
[2026-06-04 09:18:17] [INFO] [data][ModbusTcpMasterPool][InitialCommandIssuer][initializeMaster]：已配置 InitialCommandIssuer 指令数=2 间隔=100 超时=1000 重试=3
[2026-06-04 09:18:17] [INFO] [data][ModbusTcpMasterPool][PeriodicCommandSender][initializeMaster]：已配置 PeriodicCommandSender 指令数=2 间隔=300 超时=1000 重试=0
[2026-06-04 09:18:17] [INFO] [data][ModbusTcpMasterPool][FirmwareUpgrader][initializeMaster]：已配置 FirmwareUpgrader PrepareTimeout=3000ms WaitingTime=1000ms SendInterval=160ms TransferTimeout=3000ms
[2026-06-04 09:18:17] [INFO] [data][ModbusTcpMasterManager][addMaster]：创建 Master ID=12074 IP=127.0.0.1 Port=573
[2026-06-04 09:18:17] [INFO] [data][ModbusTcpMasterPool][addMaster]：已创建并添加 Master ID=12074 IP=127.0.0.1 Port=573 到线程 7 ModbusPoolThread-7
[2026-06-04 09:18:17] [INFO] [data][ModbusTcpMasterPool][initializeMaster]：开始初始化 Master ID=12074
[2026-06-04 09:18:17] [INFO] [data][ModbusConfigParser][initialCommandQueue]：开始构建初始指令队列，共 2 个引用
[2026-06-04 09:18:17] [DEBUG] [data][ModbusConfigParser][initialCommandQueue]：已克隆初始指令 ref=ReadVersion
[2026-06-04 09:18:17] [DEBUG] [data][ModbusConfigParser][initialCommandQueue]：已克隆初始指令 ref=WriteVEFCGasType
[2026-06-04 09:18:17] [INFO] [data][ModbusConfigParser][initialCommandQueue]：初始指令队列构建完成，共 2 条
[2026-06-04 09:18:17] [INFO] [data][ModbusConfigParser][periodicCommandQueue]：开始构建定时指令队列，共 2 个引用
[2026-06-04 09:18:17] [DEBUG] [data][ModbusConfigParser][periodicCommandQueue]：已克隆定时指令 ref=ReadFoupStatus
[2026-06-04 09:18:17] [DEBUG] [data][ModbusConfigParser][periodicCommandQueue]：已克隆定时指令 ref=ReadIdlePurgeAll
[2026-06-04 09:18:17] [INFO] [data][ModbusConfigParser][periodicCommandQueue]：定时指令队列构建完成，共 2 条
[2026-06-04 09:18:17] [INFO] [data][ModbusTcpMasterPool][InitialCommandIssuer][initializeMaster]：已配置 InitialCommandIssuer 指令数=2 间隔=100 超时=1000 重试=3
[2026-06-04 09:18:17] [INFO] [data][ModbusTcpMasterPool][PeriodicCommandSender][initializeMaster]：已配置 PeriodicCommandSender 指令数=2 间隔=300 超时=1000 重试=0
[2026-06-04 09:18:17] [INFO] [data][ModbusTcpMasterPool][FirmwareUpgrader][initializeMaster]：已配置 FirmwareUpgrader PrepareTimeout=3000ms WaitingTime=1000ms SendInterval=160ms TransferTimeout=3000ms
[2026-06-04 09:18:17] [INFO] [data][ModbusTcpMasterManager][addMaster]：创建 Master ID=12075 IP=127.0.0.1 Port=574
[2026-06-04 09:18:17] [INFO] [data][ModbusTcpMasterPool][addMaster]：已创建并添加 Master ID=12075 IP=127.0.0.1 Port=574 到线程 8 ModbusPoolThread-8
[2026-06-04 09:18:17] [INFO] [data][ModbusTcpMasterPool][initializeMaster]：开始初始化 Master ID=12075
[2026-06-04 09:18:17] [INFO] [data][ModbusConfigParser][initialCommandQueue]：开始构建初始指令队列，共 2 个引用
[2026-06-04 09:18:17] [DEBUG] [data][ModbusConfigParser][initialCommandQueue]：已克隆初始指令 ref=ReadVersion
[2026-06-04 09:18:17] [DEBUG] [data][ModbusConfigParser][initialCommandQueue]：已克隆初始指令 ref=WriteVEFCGasType
[2026-06-04 09:18:17] [INFO] [data][ModbusConfigParser][initialCommandQueue]：初始指令队列构建完成，共 2 条
[2026-06-04 09:18:17] [INFO] [data][ModbusConfigParser][periodicCommandQueue]：开始构建定时指令队列，共 2 个引用
[2026-06-04 09:18:17] [DEBUG] [data][ModbusConfigParser][periodicCommandQueue]：已克隆定时指令 ref=ReadFoupStatus
[2026-06-04 09:18:17] [DEBUG] [data][ModbusConfigParser][periodicCommandQueue]：已克隆定时指令 ref=ReadIdlePurgeAll
[2026-06-04 09:18:17] [INFO] [data][ModbusConfigParser][periodicCommandQueue]：定时指令队列构建完成，共 2 条
[2026-06-04 09:18:17] [INFO] [data][ModbusTcpMasterPool][InitialCommandIssuer][initializeMaster]：已配置 InitialCommandIssuer 指令数=2 间隔=100 超时=1000 重试=3
[2026-06-04 09:18:17] [INFO] [data][ModbusTcpMasterPool][PeriodicCommandSender][initializeMaster]：已配置 PeriodicCommandSender 指令数=2 间隔=300 超时=1000 重试=0
[2026-06-04 09:18:17] [INFO] [data][ModbusTcpMasterPool][FirmwareUpgrader][initializeMaster]：已配置 FirmwareUpgrader PrepareTimeout=3000ms WaitingTime=1000ms SendInterval=160ms TransferTimeout=3000ms
[2026-06-04 09:18:17] [INFO] [data][ModbusTcpMasterManager][addMaster]：创建 Master ID=12076 IP=127.0.0.1 Port=575
[2026-06-04 09:18:17] [INFO] [data][ModbusTcpMasterPool][addMaster]：已创建并添加 Master ID=12076 IP=127.0.0.1 Port=575 到线程 9 ModbusPoolThread-9
[2026-06-04 09:18:17] [INFO] [data][ModbusTcpMasterPool][initializeMaster]：开始初始化 Master ID=12076
[2026-06-04 09:18:17] [INFO] [data][ModbusConfigParser][initialCommandQueue]：开始构建初始指令队列，共 2 个引用
[2026-06-04 09:18:17] [DEBUG] [data][ModbusConfigParser][initialCommandQueue]：已克隆初始指令 ref=ReadVersion
[2026-06-04 09:18:17] [DEBUG] [data][ModbusConfigParser][initialCommandQueue]：已克隆初始指令 ref=WriteVEFCGasType
[2026-06-04 09:18:17] [INFO] [data][ModbusConfigParser][initialCommandQueue]：初始指令队列构建完成，共 2 条
[2026-06-04 09:18:17] [INFO] [data][ModbusConfigParser][periodicCommandQueue]：开始构建定时指令队列，共 2 个引用
[2026-06-04 09:18:17] [DEBUG] [data][ModbusConfigParser][periodicCommandQueue]：已克隆定时指令 ref=ReadFoupStatus
[2026-06-04 09:18:17] [DEBUG] [data][ModbusConfigParser][periodicCommandQueue]：已克隆定时指令 ref=ReadIdlePurgeAll
[2026-06-04 09:18:17] [INFO] [data][ModbusConfigParser][periodicCommandQueue]：定时指令队列构建完成，共 2 条
[2026-06-04 09:18:17] [INFO] [data][ModbusTcpMasterPool][InitialCommandIssuer][initializeMaster]：已配置 InitialCommandIssuer 指令数=2 间隔=100 超时=1000 重试=3
[2026-06-04 09:18:17] [INFO] [data][ModbusTcpMasterPool][PeriodicCommandSender][initializeMaster]：已配置 PeriodicCommandSender 指令数=2 间隔=300 超时=1000 重试=0
[2026-06-04 09:18:17] [INFO] [data][ModbusTcpMasterPool][FirmwareUpgrader][initializeMaster]：已配置 FirmwareUpgrader PrepareTimeout=3000ms WaitingTime=1000ms SendInterval=160ms TransferTimeout=3000ms
[2026-06-04 09:18:17] [INFO] [data][ModbusTcpMasterManager][addMaster]：创建 Master ID=12077 IP=127.0.0.1 Port=576
[2026-06-04 09:18:17] [INFO] [data][ModbusTcpMasterPool][addMaster]：已创建并添加 Master ID=12077 IP=127.0.0.1 Port=576 到线程 10 ModbusPoolThread-10
[2026-06-04 09:18:17] [INFO] [data][ModbusTcpMasterPool][initializeMaster]：开始初始化 Master ID=12077
[2026-06-04 09:18:17] [INFO] [data][ModbusConfigParser][initialCommandQueue]：开始构建初始指令队列，共 2 个引用
[2026-06-04 09:18:17] [DEBUG] [data][ModbusConfigParser][initialCommandQueue]：已克隆初始指令 ref=ReadVersion
[2026-06-04 09:18:17] [DEBUG] [data][ModbusConfigParser][initialCommandQueue]：已克隆初始指令 ref=WriteVEFCGasType
[2026-06-04 09:18:17] [INFO] [data][ModbusConfigParser][initialCommandQueue]：初始指令队列构建完成，共 2 条
[2026-06-04 09:18:17] [INFO] [data][ModbusConfigParser][periodicCommandQueue]：开始构建定时指令队列，共 2 个引用
[2026-06-04 09:18:17] [DEBUG] [data][ModbusConfigParser][periodicCommandQueue]：已克隆定时指令 ref=ReadFoupStatus
[2026-06-04 09:18:17] [DEBUG] [data][ModbusConfigParser][periodicCommandQueue]：已克隆定时指令 ref=ReadIdlePurgeAll
[2026-06-04 09:18:17] [INFO] [data][ModbusConfigParser][periodicCommandQueue]：定时指令队列构建完成，共 2 条
[2026-06-04 09:18:17] [INFO] [data][ModbusTcpMasterPool][InitialCommandIssuer][initializeMaster]：已配置 InitialCommandIssuer 指令数=2 间隔=100 超时=1000 重试=3
[2026-06-04 09:18:17] [INFO] [data][ModbusTcpMasterPool][PeriodicCommandSender][initializeMaster]：已配置 PeriodicCommandSender 指令数=2 间隔=300 超时=1000 重试=0
[2026-06-04 09:18:17] [INFO] [data][ModbusTcpMasterPool][FirmwareUpgrader][initializeMaster]：已配置 FirmwareUpgrader PrepareTimeout=3000ms WaitingTime=1000ms SendInterval=160ms TransferTimeout=3000ms
[2026-06-04 09:18:17] [INFO] [data][ModbusTcpMasterManager][addMaster]：创建 Master ID=12078 IP=127.0.0.1 Port=577
[2026-06-04 09:18:17] [INFO] [data][ModbusTcpMasterPool][addMaster]：已创建并添加 Master ID=12078 IP=127.0.0.1 Port=577 到线程 11 ModbusPoolThread-11
[2026-06-04 09:18:17] [INFO] [data][ModbusTcpMasterPool][initializeMaster]：开始初始化 Master ID=12078
[2026-06-04 09:18:17] [INFO] [data][ModbusConfigParser][initialCommandQueue]：开始构建初始指令队列，共 2 个引用
[2026-06-04 09:18:17] [DEBUG] [data][ModbusConfigParser][initialCommandQueue]：已克隆初始指令 ref=ReadVersion
[2026-06-04 09:18:17] [DEBUG] [data][ModbusConfigParser][initialCommandQueue]：已克隆初始指令 ref=WriteVEFCGasType
[2026-06-04 09:18:17] [INFO] [data][ModbusConfigParser][initialCommandQueue]：初始指令队列构建完成，共 2 条
[2026-06-04 09:18:17] [INFO] [data][ModbusConfigParser][periodicCommandQueue]：开始构建定时指令队列，共 2 个引用
[2026-06-04 09:18:17] [DEBUG] [data][ModbusConfigParser][periodicCommandQueue]：已克隆定时指令 ref=ReadFoupStatus
[2026-06-04 09:18:17] [DEBUG] [data][ModbusConfigParser][periodicCommandQueue]：已克隆定时指令 ref=ReadIdlePurgeAll
[2026-06-04 09:18:17] [INFO] [data][ModbusConfigParser][periodicCommandQueue]：定时指令队列构建完成，共 2 条
[2026-06-04 09:18:17] [INFO] [data][ModbusTcpMasterPool][InitialCommandIssuer][initializeMaster]：已配置 InitialCommandIssuer 指令数=2 间隔=100 超时=1000 重试=3
[2026-06-04 09:18:17] [INFO] [data][ModbusTcpMasterPool][PeriodicCommandSender][initializeMaster]：已配置 PeriodicCommandSender 指令数=2 间隔=300 超时=1000 重试=0
[2026-06-04 09:18:17] [INFO] [data][ModbusTcpMasterPool][FirmwareUpgrader][initializeMaster]：已配置 FirmwareUpgrader PrepareTimeout=3000ms WaitingTime=1000ms SendInterval=160ms TransferTimeout=3000ms
[2026-06-04 09:18:17] [INFO] [data][ModbusTcpMasterManager][addMaster]：创建 Master ID=12079 IP=127.0.0.1 Port=578
[2026-06-04 09:18:17] [INFO] [data][ModbusTcpMasterPool][addMaster]：已创建并添加 Master ID=12079 IP=127.0.0.1 Port=578 到线程 12 ModbusPoolThread-12
[2026-06-04 09:18:17] [INFO] [data][ModbusTcpMasterPool][initializeMaster]：开始初始化 Master ID=12079
[2026-06-04 09:18:17] [INFO] [data][ModbusConfigParser][initialCommandQueue]：开始构建初始指令队列，共 2 个引用
[2026-06-04 09:18:17] [DEBUG] [data][ModbusConfigParser][initialCommandQueue]：已克隆初始指令 ref=ReadVersion
[2026-06-04 09:18:17] [DEBUG] [data][ModbusConfigParser][initialCommandQueue]：已克隆初始指令 ref=WriteVEFCGasType
[2026-06-04 09:18:17] [INFO] [data][ModbusConfigParser][initialCommandQueue]：初始指令队列构建完成，共 2 条
[2026-06-04 09:18:17] [INFO] [data][ModbusConfigParser][periodicCommandQueue]：开始构建定时指令队列，共 2 个引用
[2026-06-04 09:18:17] [DEBUG] [data][ModbusConfigParser][periodicCommandQueue]：已克隆定时指令 ref=ReadFoupStatus
[2026-06-04 09:18:17] [DEBUG] [data][ModbusConfigParser][periodicCommandQueue]：已克隆定时指令 ref=ReadIdlePurgeAll
[2026-06-04 09:18:17] [INFO] [data][ModbusConfigParser][periodicCommandQueue]：定时指令队列构建完成，共 2 条
[2026-06-04 09:18:17] [INFO] [data][ModbusTcpMasterPool][InitialCommandIssuer][initializeMaster]：已配置 InitialCommandIssuer 指令数=2 间隔=100 超时=1000 重试=3
[2026-06-04 09:18:17] [INFO] [data][ModbusTcpMasterPool][PeriodicCommandSender][initializeMaster]：已配置 PeriodicCommandSender 指令数=2 间隔=300 超时=1000 重试=0
[2026-06-04 09:18:17] [INFO] [data][ModbusTcpMasterPool][FirmwareUpgrader][initializeMaster]：已配置 FirmwareUpgrader PrepareTimeout=3000ms WaitingTime=1000ms SendInterval=160ms TransferTimeout=3000ms
[2026-06-04 09:18:17] [INFO] [data][ModbusTcpMasterManager][addMaster]：创建 Master ID=12080 IP=127.0.0.1 Port=579
[2026-06-04 09:18:17] [INFO] [data][ModbusTcpMasterPool][addMaster]：已创建并添加 Master ID=12080 IP=127.0.0.1 Port=579 到线程 13 ModbusPoolThread-13
[2026-06-04 09:18:17] [INFO] [data][ModbusTcpMasterPool][initializeMaster]：开始初始化 Master ID=12080
[2026-06-04 09:18:17] [INFO] [data][ModbusConfigParser][initialCommandQueue]：开始构建初始指令队列，共 2 个引用
[2026-06-04 09:18:17] [DEBUG] [data][ModbusConfigParser][initialCommandQueue]：已克隆初始指令 ref=ReadVersion
[2026-06-04 09:18:17] [DEBUG] [data][ModbusConfigParser][initialCommandQueue]：已克隆初始指令 ref=WriteVEFCGasType
[2026-06-04 09:18:17] [INFO] [data][ModbusConfigParser][initialCommandQueue]：初始指令队列构建完成，共 2 条
[2026-06-04 09:18:17] [INFO] [data][ModbusConfigParser][periodicCommandQueue]：开始构建定时指令队列，共 2 个引用
[2026-06-04 09:18:17] [DEBUG] [data][ModbusConfigParser][periodicCommandQueue]：已克隆定时指令 ref=ReadFoupStatus
[2026-06-04 09:18:17] [DEBUG] [data][ModbusConfigParser][periodicCommandQueue]：已克隆定时指令 ref=ReadIdlePurgeAll
[2026-06-04 09:18:17] [INFO] [data][ModbusConfigParser][periodicCommandQueue]：定时指令队列构建完成，共 2 条
[2026-06-04 09:18:17] [INFO] [data][ModbusTcpMasterPool][InitialCommandIssuer][initializeMaster]：已配置 InitialCommandIssuer 指令数=2 间隔=100 超时=1000 重试=3
[2026-06-04 09:18:17] [INFO] [data][ModbusTcpMasterPool][PeriodicCommandSender][initializeMaster]：已配置 PeriodicCommandSender 指令数=2 间隔=300 超时=1000 重试=0
[2026-06-04 09:18:17] [INFO] [data][ModbusTcpMasterPool][FirmwareUpgrader][initializeMaster]：已配置 FirmwareUpgrader PrepareTimeout=3000ms WaitingTime=1000ms SendInterval=160ms TransferTimeout=3000ms
[2026-06-04 09:18:17] [INFO] =============================Scheduler 调度器开始=============================
[2026-06-04 09:18:17] [INFO] [Scheduler][start] 调度器线程已启动
[2026-06-04 09:18:17] [INFO] 汇总计时器AlarmSummaryTimer开启。。。
[2026-06-04 09:18:17] [INFO] [Scheduler][submitTask] 提交长驻任务: OperationDispatchTask taskId: 0bfa67f0-b23b-4864-9d2a-76138a002854
[2026-06-04 09:18:17] [INFO] [startSummaryTimer] Summary timer started, interval=60000 ms
[2026-06-04 09:18:17] [INFO] [AlarmDispatchTask] 警报调度任务已构造
[2026-06-04 09:18:17] [INFO] [Scheduler][submitTask] 提交长驻任务: AlarmDispatchTask taskId: b9b46567-1e28-4c78-9b24-ab42990346f6
[2026-06-04 09:18:17] [INFO] ============================= MonitorDataTask 对象创建 =============================
[2026-06-04 09:18:17] [INFO] [Scheduler][submitTask] 提交长驻任务: NetworkStatusTask taskId: 8132eb4f-3e82-4585-bf61-300fc5156851
[2026-06-04 09:18:17] [WARN] [loadActiveFromDb] 警报日志数据库不可用，跳过恢复
[2026-06-04 09:18:17] [INFO] [startFoupAlarmSyncTimer] FOUP 告警状态刷新定时器已启动，interval=50 ms
[2026-06-04 09:18:17] [INFO] [start] 警报调度任务已启动，活跃警报数=0
[2026-06-04 09:18:17] [INFO] [Scheduler][submitTask] 提交长驻任务: MonitorDataTask taskId: a90c31cc-5fb7-4891-adff-a68a09daa477
[2026-06-04 09:18:17] [INFO] [scheduler][NetworkStatusTask][Summary][start]：网络状态任务启动，设备总数=80
[2026-06-04 09:18:17] [INFO] =============================InitCheckTask 调度任务开始=============================
[2026-06-04 09:18:17] [INFO] [Scheduler][InitCheckTask][start] 发现 80 个已注册的设备: 12001, 12002, 12003, 12004, 12005, 12006, 12007, 12008, 12009, 12010, 12011, 12012, 12013, 12014, 12015, 12016, 12017, 12018, 12019, 12020, 12021, 12022, 12023, 12024, 12025, 12026, 12027, 12028, 12029, 12030, 12031, 12032, 12033, 12034, 12035, 12036, 12037, 12038, 12039, 12040, 12041, 12042, 12043, 12044, 12045, 12046, 12047, 12048, 12049, 12050, 12051, 12052, 12053, 12054, 12055, 12056, 12057, 12058, 12059, 12060, 12061, 12062, 12063, 12064, 12065, 12066, 12067, 12068, 12069, 12070, 12071, 12072, 12073, 12074, 12075, 12076, 12077, 12078, 12079, 12080
[2026-06-04 09:18:17] [DEBUG] [Scheduler][InitCheckTask][start] 已连接设备 12001 的初始化完成信号
[2026-06-04 09:18:17] [DEBUG] [Scheduler][InitCheckTask][start] 已连接设备 12002 的初始化完成信号
[2026-06-04 09:18:17] [DEBUG] [Scheduler][InitCheckTask][start] 已连接设备 12003 的初始化完成信号
[2026-06-04 09:18:17] [DEBUG] [Scheduler][InitCheckTask][start] 已连接设备 12004 的初始化完成信号
[2026-06-04 09:18:17] [DEBUG] [Scheduler][InitCheckTask][start] 已连接设备 12005 的初始化完成信号
[2026-06-04 09:18:17] [DEBUG] [Scheduler][InitCheckTask][start] 已连接设备 12006 的初始化完成信号
[2026-06-04 09:18:17] [DEBUG] [Scheduler][InitCheckTask][start] 已连接设备 12007 的初始化完成信号
[2026-06-04 09:18:17] [DEBUG] [Scheduler][InitCheckTask][start] 已连接设备 12008 的初始化完成信号
[2026-06-04 09:18:17] [DEBUG] [Scheduler][InitCheckTask][start] 已连接设备 12009 的初始化完成信号
[2026-06-04 09:18:17] [DEBUG] [Scheduler][InitCheckTask][start] 已连接设备 12010 的初始化完成信号
[2026-06-04 09:18:17] [DEBUG] [Scheduler][InitCheckTask][start] 已连接设备 12011 的初始化完成信号
[2026-06-04 09:18:17] [DEBUG] [Scheduler][InitCheckTask][start] 已连接设备 12012 的初始化完成信号
[2026-06-04 09:18:17] [DEBUG] [Scheduler][InitCheckTask][start] 已连接设备 12013 的初始化完成信号
[2026-06-04 09:18:17] [DEBUG] [Scheduler][InitCheckTask][start] 已连接设备 12014 的初始化完成信号
[2026-06-04 09:18:17] [DEBUG] [Scheduler][InitCheckTask][start] 已连接设备 12015 的初始化完成信号
[2026-06-04 09:18:17] [DEBUG] [Scheduler][InitCheckTask][start] 已连接设备 12016 的初始化完成信号
[2026-06-04 09:18:17] [DEBUG] [Scheduler][InitCheckTask][start] 已连接设备 12017 的初始化完成信号
[2026-06-04 09:18:17] [DEBUG] [Scheduler][InitCheckTask][start] 已连接设备 12018 的初始化完成信号
[2026-06-04 09:18:17] [DEBUG] [Scheduler][InitCheckTask][start] 已连接设备 12019 的初始化完成信号
[2026-06-04 09:18:17] [DEBUG] [Scheduler][InitCheckTask][start] 已连接设备 12020 的初始化完成信号
[2026-06-04 09:18:17] [DEBUG] [Scheduler][InitCheckTask][start] 已连接设备 12021 的初始化完成信号
[2026-06-04 09:18:17] [DEBUG] [Scheduler][InitCheckTask][start] 已连接设备 12022 的初始化完成信号
[2026-06-04 09:18:17] [DEBUG] [Scheduler][InitCheckTask][start] 已连接设备 12023 的初始化完成信号
[2026-06-04 09:18:17] [DEBUG] [Scheduler][InitCheckTask][start] 已连接设备 12024 的初始化完成信号
[2026-06-04 09:18:17] [DEBUG] [Scheduler][InitCheckTask][start] 已连接设备 12025 的初始化完成信号
[2026-06-04 09:18:17] [DEBUG] [Scheduler][InitCheckTask][start] 已连接设备 12026 的初始化完成信号
[2026-06-04 09:18:17] [DEBUG] [Scheduler][InitCheckTask][start] 已连接设备 12027 的初始化完成信号
[2026-06-04 09:18:17] [DEBUG] [Scheduler][InitCheckTask][start] 已连接设备 12028 的初始化完成信号
[2026-06-04 09:18:17] [DEBUG] [Scheduler][InitCheckTask][start] 已连接设备 12029 的初始化完成信号
[2026-06-04 09:18:17] [DEBUG] [Scheduler][InitCheckTask][start] 已连接设备 12030 的初始化完成信号
[2026-06-04 09:18:17] [DEBUG] [Scheduler][InitCheckTask][start] 已连接设备 12031 的初始化完成信号
[2026-06-04 09:18:17] [DEBUG] [Scheduler][InitCheckTask][start] 已连接设备 12032 的初始化完成信号
[2026-06-04 09:18:17] [DEBUG] [Scheduler][InitCheckTask][start] 已连接设备 12033 的初始化完成信号
[2026-06-04 09:18:17] [DEBUG] [Scheduler][InitCheckTask][start] 已连接设备 12034 的初始化完成信号
[2026-06-04 09:18:17] [DEBUG] [Scheduler][InitCheckTask][start] 已连接设备 12035 的初始化完成信号
[2026-06-04 09:18:17] [DEBUG] [Scheduler][InitCheckTask][start] 已连接设备 12036 的初始化完成信号
[2026-06-04 09:18:17] [DEBUG] [Scheduler][InitCheckTask][start] 已连接设备 12037 的初始化完成信号
[2026-06-04 09:18:17] [DEBUG] [Scheduler][InitCheckTask][start] 已连接设备 12038 的初始化完成信号
[2026-06-04 09:18:17] [DEBUG] [Scheduler][InitCheckTask][start] 已连接设备 12039 的初始化完成信号
[2026-06-04 09:18:17] [DEBUG] [Scheduler][InitCheckTask][start] 已连接设备 12040 的初始化完成信号
[2026-06-04 09:18:17] [DEBUG] [Scheduler][InitCheckTask][start] 已连接设备 12041 的初始化完成信号
[2026-06-04 09:18:17] [DEBUG] [Scheduler][InitCheckTask][start] 已连接设备 12042 的初始化完成信号
[2026-06-04 09:18:17] [DEBUG] [Scheduler][InitCheckTask][start] 已连接设备 12043 的初始化完成信号
[2026-06-04 09:18:17] [DEBUG] [Scheduler][InitCheckTask][start] 已连接设备 12044 的初始化完成信号
[2026-06-04 09:18:17] [DEBUG] [Scheduler][InitCheckTask][start] 已连接设备 12045 的初始化完成信号
[2026-06-04 09:18:17] [DEBUG] [Scheduler][InitCheckTask][start] 已连接设备 12046 的初始化完成信号
[2026-06-04 09:18:17] [DEBUG] [Scheduler][InitCheckTask][start] 已连接设备 12047 的初始化完成信号
[2026-06-04 09:18:17] [DEBUG] [Scheduler][InitCheckTask][start] 已连接设备 12048 的初始化完成信号
[2026-06-04 09:18:17] [DEBUG] [Scheduler][InitCheckTask][start] 已连接设备 12049 的初始化完成信号
[2026-06-04 09:18:17] [DEBUG] [Scheduler][InitCheckTask][start] 已连接设备 12050 的初始化完成信号
[2026-06-04 09:18:17] [DEBUG] [Scheduler][InitCheckTask][start] 已连接设备 12051 的初始化完成信号
[2026-06-04 09:18:17] [DEBUG] [Scheduler][InitCheckTask][start] 已连接设备 12052 的初始化完成信号
[2026-06-04 09:18:17] [DEBUG] [Scheduler][InitCheckTask][start] 已连接设备 12053 的初始化完成信号
[2026-06-04 09:18:17] [DEBUG] [Scheduler][InitCheckTask][start] 已连接设备 12054 的初始化完成信号
[2026-06-04 09:18:17] [DEBUG] [Scheduler][InitCheckTask][start] 已连接设备 12055 的初始化完成信号
[2026-06-04 09:18:17] [DEBUG] [Scheduler][InitCheckTask][start] 已连接设备 12056 的初始化完成信号
[2026-06-04 09:18:17] [DEBUG] [Scheduler][InitCheckTask][start] 已连接设备 12057 的初始化完成信号
[2026-06-04 09:18:17] [DEBUG] [Scheduler][InitCheckTask][start] 已连接设备 12058 的初始化完成信号
[2026-06-04 09:18:17] [DEBUG] [Scheduler][InitCheckTask][start] 已连接设备 12059 的初始化完成信号
[2026-06-04 09:18:17] [DEBUG] [Scheduler][InitCheckTask][start] 已连接设备 12060 的初始化完成信号
[2026-06-04 09:18:17] [DEBUG] [Scheduler][InitCheckTask][start] 已连接设备 12061 的初始化完成信号
[2026-06-04 09:18:17] [DEBUG] [Scheduler][InitCheckTask][start] 已连接设备 12062 的初始化完成信号
[2026-06-04 09:18:17] [DEBUG] [Scheduler][InitCheckTask][start] 已连接设备 12063 的初始化完成信号
[2026-06-04 09:18:17] [DEBUG] [Scheduler][InitCheckTask][start] 已连接设备 12064 的初始化完成信号
[2026-06-04 09:18:17] [DEBUG] [Scheduler][InitCheckTask][start] 已连接设备 12065 的初始化完成信号
[2026-06-04 09:18:17] [DEBUG] [Scheduler][InitCheckTask][start] 已连接设备 12066 的初始化完成信号
[2026-06-04 09:18:17] [DEBUG] [Scheduler][InitCheckTask][start] 已连接设备 12067 的初始化完成信号
[2026-06-04 09:18:17] [DEBUG] [Scheduler][InitCheckTask][start] 已连接设备 12068 的初始化完成信号
[2026-06-04 09:18:17] [DEBUG] [Scheduler][InitCheckTask][start] 已连接设备 12069 的初始化完成信号
[2026-06-04 09:18:17] [DEBUG] [Scheduler][InitCheckTask][start] 已连接设备 12070 的初始化完成信号
[2026-06-04 09:18:17] [DEBUG] [Scheduler][InitCheckTask][start] 已连接设备 12071 的初始化完成信号
[2026-06-04 09:18:17] [DEBUG] [Scheduler][InitCheckTask][start] 已连接设备 12072 的初始化完成信号
[2026-06-04 09:18:17] [DEBUG] [Scheduler][InitCheckTask][start] 已连接设备 12073 的初始化完成信号
[2026-06-04 09:18:17] [DEBUG] [Scheduler][InitCheckTask][start] 已连接设备 12074 的初始化完成信号
[2026-06-04 09:18:17] [DEBUG] [Scheduler][InitCheckTask][start] 已连接设备 12075 的初始化完成信号
[2026-06-04 09:18:17] [DEBUG] [Scheduler][InitCheckTask][start] 已连接设备 12076 的初始化完成信号
[2026-06-04 09:18:17] [DEBUG] [Scheduler][InitCheckTask][start] 已连接设备 12077 的初始化完成信号
[2026-06-04 09:18:17] [DEBUG] [Scheduler][InitCheckTask][start] 已连接设备 12078 的初始化完成信号
[2026-06-04 09:18:17] [DEBUG] [Scheduler][InitCheckTask][start] 已连接设备 12079 的初始化完成信号
[2026-06-04 09:18:17] [DEBUG] [Scheduler][InitCheckTask][start] 已连接设备 12080 的初始化完成信号
[2026-06-04 09:18:17] [INFO] [Scheduler][InitCheckTask][start] 启动，等待 80 个设备完成初始化
[2026-06-04 09:18:17] [INFO] [scheduler][NetworkStatusTask][Summary][start]：初始化检查任务已启动
[2026-06-04 09:18:17] [INFO] [data][ModbusTcpMasterManager][startMaster]：已投递启动请求 ID=12001
[2026-06-04 09:18:17] [INFO] [data][ModbusTcpMaster][start]：设备ID=12001 开始启动设备连接，连接模式=AutoReconnect
[2026-06-04 09:18:17] [INFO] [data][ModbusTcpMaster][start]：设备ID=12002 开始启动设备连接，连接模式=AutoReconnect
[2026-06-04 09:18:17] [INFO] [data][ModbusTcpMaster][enterState]：设备ID=12001 状态切换: 空闲 -> 连接中
[2026-06-04 09:18:17] [INFO] [data][ModbusTcpMasterManager][startMaster]：已投递启动请求 ID=12002
[2026-06-04 09:18:17] [INFO] [data][ModbusTcpMaster][ModbusConnecter][connectDevice]：设备ID=12001 开始连接设备 IP=127.0.0.1 Port=500 模式=AutoReconnect
[2026-06-04 09:18:17] [INFO] [data][ModbusTcpMaster][start]：设备ID=12003 开始启动设备连接，连接模式=AutoReconnect
[2026-06-04 09:18:17] [INFO] [data][ModbusTcpMaster][enterState]：设备ID=12002 状态切换: 空闲 -> 连接中
[2026-06-04 09:18:17] [INFO] [data][ModbusTcpMaster][ModbusConnecter][connectDevice]：设备ID=12002 开始连接设备 IP=127.0.0.1 Port=501 模式=AutoReconnect
[2026-06-04 09:18:17] [INFO] [data][ModbusTcpMasterManager][startMaster]：已投递启动请求 ID=12003
[2026-06-04 09:18:17] [INFO] [data][ModbusTcpMaster][enterState]：设备ID=12003 状态切换: 空闲 -> 连接中
[2026-06-04 09:18:17] [INFO] [data][ModbusTcpMaster][start]：设备ID=12004 开始启动设备连接，连接模式=AutoReconnect
[2026-06-04 09:18:17] [INFO] [data][ModbusTcpMaster][enterState]：设备ID=12004 状态切换: 空闲 -> 连接中
[2026-06-04 09:18:17] [INFO] [data][ModbusTcpMaster][ModbusConnecter][connectDevice]：设备ID=12004 开始连接设备 IP=127.0.0.1 Port=503 模式=AutoReconnect
[2026-06-04 09:18:17] [INFO] [data][ModbusTcpMaster][ModbusConnecter][connectDevice]：设备ID=12003 开始连接设备 IP=127.0.0.1 Port=502 模式=AutoReconnect
[2026-06-04 09:18:17] [INFO] [data][ModbusTcpMasterManager][startMaster]：已投递启动请求 ID=12004
[2026-06-04 09:18:17] [INFO] [data][ModbusTcpMasterManager][startMaster]：已投递启动请求 ID=12005
[2026-06-04 09:18:17] [INFO] [data][ModbusTcpMaster][start]：设备ID=12005 开始启动设备连接，连接模式=AutoReconnect
[2026-06-04 09:18:17] [INFO] [data][ModbusTcpMaster][start]：设备ID=12006 开始启动设备连接，连接模式=AutoReconnect
[2026-06-04 09:18:17] [INFO] [data][ModbusTcpMaster][enterState]：设备ID=12005 状态切换: 空闲 -> 连接中
[2026-06-04 09:18:17] [INFO] [data][ModbusTcpMasterManager][startMaster]：已投递启动请求 ID=12006
[2026-06-04 09:18:17] [INFO] [data][ModbusTcpMaster][ModbusConnecter][connectDevice]：设备ID=12005 开始连接设备 IP=127.0.0.1 Port=504 模式=AutoReconnect
[2026-06-04 09:18:17] [INFO] [data][ModbusTcpMaster][start]：设备ID=12007 开始启动设备连接，连接模式=AutoReconnect
[2026-06-04 09:18:17] [INFO] [data][ModbusTcpMaster][enterState]：设备ID=12006 状态切换: 空闲 -> 连接中
[2026-06-04 09:18:17] [INFO] [data][ModbusTcpMaster][ModbusConnecter][connectDevice]：设备ID=12006 开始连接设备 IP=127.0.0.1 Port=505 模式=AutoReconnect
[2026-06-04 09:18:17] [INFO] [data][ModbusTcpMasterManager][startMaster]：已投递启动请求 ID=12007
[2026-06-04 09:18:17] [INFO] [data][ModbusTcpMaster][enterState]：设备ID=12007 状态切换: 空闲 -> 连接中
[2026-06-04 09:18:17] [INFO] [data][ModbusTcpMaster][ModbusConnecter][connectDevice]：设备ID=12007 开始连接设备 IP=127.0.0.1 Port=506 模式=AutoReconnect
[2026-06-04 09:18:17] [INFO] [data][ModbusTcpMaster][start]：设备ID=12008 开始启动设备连接，连接模式=AutoReconnect
[2026-06-04 09:18:17] [INFO] [data][ModbusTcpMasterManager][startMaster]：已投递启动请求 ID=12008
[2026-06-04 09:18:17] [INFO] [data][ModbusTcpMaster][enterState]：设备ID=12008 状态切换: 空闲 -> 连接中
[2026-06-04 09:18:17] [INFO] [data][ModbusTcpMaster][ModbusConnecter][connectDevice]：设备ID=12008 开始连接设备 IP=127.0.0.1 Port=507 模式=AutoReconnect
[2026-06-04 09:18:17] [INFO] [data][ModbusTcpMaster][start]：设备ID=12009 开始启动设备连接，连接模式=AutoReconnect
[2026-06-04 09:18:17] [INFO] [data][ModbusTcpMasterManager][startMaster]：已投递启动请求 ID=12009
[2026-06-04 09:18:17] [INFO] [data][ModbusTcpMaster][enterState]：设备ID=12009 状态切换: 空闲 -> 连接中
[2026-06-04 09:18:17] [INFO] [data][ModbusTcpMasterManager][startMaster]：已投递启动请求 ID=12010
[2026-06-04 09:18:17] [INFO] [data][ModbusTcpMaster][start]：设备ID=12010 开始启动设备连接，连接模式=AutoReconnect
[2026-06-04 09:18:17] [INFO] [data][ModbusTcpMaster][ModbusConnecter][connectDevice]：设备ID=12009 开始连接设备 IP=127.0.0.1 Port=508 模式=AutoReconnect
[2026-06-04 09:18:17] [INFO] [data][ModbusTcpMaster][start]：设备ID=12011 开始启动设备连接，连接模式=AutoReconnect
[2026-06-04 09:18:17] [INFO] [data][ModbusTcpMasterManager][startMaster]：已投递启动请求 ID=12011
[2026-06-04 09:18:17] [INFO] [data][ModbusTcpMaster][enterState]：设备ID=12010 状态切换: 空闲 -> 连接中
[2026-06-04 09:18:17] [INFO] [data][ModbusTcpMaster][ModbusConnecter][connectDevice]：设备ID=12010 开始连接设备 IP=127.0.0.1 Port=509 模式=AutoReconnect
[2026-06-04 09:18:17] [INFO] [data][ModbusTcpMaster][start]：设备ID=12012 开始启动设备连接，连接模式=AutoReconnect
[2026-06-04 09:18:17] [INFO] [data][ModbusTcpMaster][enterState]：设备ID=12011 状态切换: 空闲 -> 连接中
[2026-06-04 09:18:17] [INFO] [data][ModbusTcpMaster][ModbusConnecter][connectDevice]：设备ID=12011 开始连接设备 IP=127.0.0.1 Port=510 模式=AutoReconnect
[2026-06-04 09:18:17] [INFO] [data][ModbusTcpMasterManager][startMaster]：已投递启动请求 ID=12012
[2026-06-04 09:18:17] [INFO] [data][ModbusTcpMaster][enterState]：设备ID=12012 状态切换: 空闲 -> 连接中
[2026-06-04 09:18:17] [INFO] [data][ModbusTcpMaster][ModbusConnecter][connectDevice]：设备ID=12012 开始连接设备 IP=127.0.0.1 Port=511 模式=AutoReconnect
[2026-06-04 09:18:17] [INFO] [data][ModbusTcpMaster][start]：设备ID=12013 开始启动设备连接，连接模式=AutoReconnect
[2026-06-04 09:18:17] [INFO] [data][ModbusTcpMasterManager][startMaster]：已投递启动请求 ID=12013
[2026-06-04 09:18:17] [INFO] [data][ModbusTcpMaster][enterState]：设备ID=12013 状态切换: 空闲 -> 连接中
[2026-06-04 09:18:17] [INFO] [data][ModbusTcpMaster][ModbusConnecter][connectDevice]：设备ID=12013 开始连接设备 IP=127.0.0.1 Port=512 模式=AutoReconnect
[2026-06-04 09:18:17] [INFO] [data][ModbusTcpMaster][start]：设备ID=12014 开始启动设备连接，连接模式=AutoReconnect
[2026-06-04 09:18:17] [INFO] [data][ModbusTcpMasterManager][startMaster]：已投递启动请求 ID=12014
[2026-06-04 09:18:17] [INFO] [data][ModbusTcpMaster][enterState]：设备ID=12014 状态切换: 空闲 -> 连接中
[2026-06-04 09:18:17] [INFO] [data][ModbusTcpMaster][ModbusConnecter][connectDevice]：设备ID=12014 开始连接设备 IP=127.0.0.1 Port=513 模式=AutoReconnect
[2026-06-04 09:18:17] [INFO] [data][ModbusTcpMaster][start]：设备ID=12015 开始启动设备连接，连接模式=AutoReconnect
[2026-06-04 09:18:17] [INFO] [data][ModbusTcpMasterManager][startMaster]：已投递启动请求 ID=12015
[2026-06-04 09:18:17] [INFO] [data][ModbusTcpMaster][enterState]：设备ID=12015 状态切换: 空闲 -> 连接中
[2026-06-04 09:18:17] [INFO] [data][ModbusTcpMaster][ModbusConnecter][connectDevice]：设备ID=12015 开始连接设备 IP=127.0.0.1 Port=514 模式=AutoReconnect
[2026-06-04 09:18:17] [INFO] [data][ModbusTcpMaster][start]：设备ID=12016 开始启动设备连接，连接模式=AutoReconnect
[2026-06-04 09:18:17] [INFO] [data][ModbusTcpMasterManager][startMaster]：已投递启动请求 ID=12016
[2026-06-04 09:18:17] [INFO] [data][ModbusTcpMaster][enterState]：设备ID=12016 状态切换: 空闲 -> 连接中
[2026-06-04 09:18:17] [INFO] [data][ModbusTcpMaster][ModbusConnecter][connectDevice]：设备ID=12016 开始连接设备 IP=127.0.0.1 Port=515 模式=AutoReconnect
[2026-06-04 09:18:17] [INFO] [data][ModbusTcpMaster][start]：设备ID=12017 开始启动设备连接，连接模式=AutoReconnect
[2026-06-04 09:18:17] [INFO] [data][ModbusTcpMasterManager][startMaster]：已投递启动请求 ID=12017
[2026-06-04 09:18:17] [INFO] [data][ModbusTcpMaster][enterState]：设备ID=12017 状态切换: 空闲 -> 连接中
[2026-06-04 09:18:17] [INFO] [data][ModbusTcpMaster][ModbusConnecter][connectDevice]：设备ID=12017 开始连接设备 IP=127.0.0.1 Port=516 模式=AutoReconnect
[2026-06-04 09:18:17] [INFO] [data][ModbusTcpMasterManager][startMaster]：已投递启动请求 ID=12018
[2026-06-04 09:18:17] [INFO] [data][ModbusTcpMaster][start]：设备ID=12018 开始启动设备连接，连接模式=AutoReconnect
[2026-06-04 09:18:17] [INFO] [data][ModbusTcpMaster][enterState]：设备ID=12018 状态切换: 空闲 -> 连接中
[2026-06-04 09:18:17] [INFO] [data][ModbusTcpMaster][ModbusConnecter][connectDevice]：设备ID=12018 开始连接设备 IP=127.0.0.1 Port=517 模式=AutoReconnect
[2026-06-04 09:18:17] [INFO] [data][ModbusTcpMaster][start]：设备ID=12019 开始启动设备连接，连接模式=AutoReconnect
[2026-06-04 09:18:17] [INFO] [data][ModbusTcpMaster][enterState]：设备ID=12019 状态切换: 空闲 -> 连接中
[2026-06-04 09:18:17] [INFO] [data][ModbusTcpMaster][ModbusConnecter][connectDevice]：设备ID=12019 开始连接设备 IP=127.0.0.1 Port=518 模式=AutoReconnect
[2026-06-04 09:18:17] [INFO] [data][ModbusTcpMasterManager][startMaster]：已投递启动请求 ID=12019
[2026-06-04 09:18:17] [INFO] [data][ModbusTcpMasterManager][startMaster]：已投递启动请求 ID=12020
[2026-06-04 09:18:17] [INFO] [data][ModbusTcpMaster][start]：设备ID=12020 开始启动设备连接，连接模式=AutoReconnect
[2026-06-04 09:18:17] [INFO] [data][ModbusTcpMaster][start]：设备ID=12021 开始启动设备连接，连接模式=AutoReconnect
[2026-06-04 09:18:17] [INFO] [data][ModbusTcpMasterManager][startMaster]：已投递启动请求 ID=12021
[2026-06-04 09:18:17] [INFO] [data][ModbusTcpMaster][enterState]：设备ID=12020 状态切换: 空闲 -> 连接中
[2026-06-04 09:18:17] [INFO] [data][ModbusTcpMaster][enterState]：设备ID=12021 状态切换: 空闲 -> 连接中
[2026-06-04 09:18:17] [INFO] [data][ModbusTcpMasterManager][startMaster]：已投递启动请求 ID=12022
[2026-06-04 09:18:17] [INFO] [data][ModbusTcpMaster][start]：设备ID=12022 开始启动设备连接，连接模式=AutoReconnect
[2026-06-04 09:18:17] [INFO] [data][ModbusTcpMaster][ModbusConnecter][connectDevice]：设备ID=12020 开始连接设备 IP=127.0.0.1 Port=519 模式=AutoReconnect
[2026-06-04 09:18:17] [INFO] [data][ModbusTcpMaster][ModbusConnecter][connectDevice]：设备ID=12021 开始连接设备 IP=127.0.0.1 Port=520 模式=AutoReconnect
[2026-06-04 09:18:17] [INFO] [data][ModbusTcpMaster][enterState]：设备ID=12022 状态切换: 空闲 -> 连接中
[2026-06-04 09:18:17] [INFO] [data][ModbusTcpMaster][ModbusConnecter][connectDevice]：设备ID=12022 开始连接设备 IP=127.0.0.1 Port=521 模式=AutoReconnect
[2026-06-04 09:18:17] [INFO] [data][ModbusTcpMaster][start]：设备ID=12023 开始启动设备连接，连接模式=AutoReconnect
[2026-06-04 09:18:17] [INFO] [data][ModbusTcpMasterManager][startMaster]：已投递启动请求 ID=12023
[2026-06-04 09:18:17] [INFO] [data][ModbusTcpMaster][start]：设备ID=12024 开始启动设备连接，连接模式=AutoReconnect
[2026-06-04 09:18:17] [INFO] [data][ModbusTcpMaster][enterState]：设备ID=12023 状态切换: 空闲 -> 连接中
[2026-06-04 09:18:17] [INFO] [data][ModbusTcpMaster][ModbusConnecter][connectDevice]：设备ID=12023 开始连接设备 IP=127.0.0.1 Port=522 模式=AutoReconnect
[2026-06-04 09:18:17] [INFO] [data][ModbusTcpMaster][enterState]：设备ID=12024 状态切换: 空闲 -> 连接中
[2026-06-04 09:18:17] [INFO] [data][ModbusTcpMaster][ModbusConnecter][connectDevice]：设备ID=12024 开始连接设备 IP=127.0.0.1 Port=523 模式=AutoReconnect
[2026-06-04 09:18:17] [INFO] [data][ModbusTcpMasterManager][startMaster]：已投递启动请求 ID=12024
[2026-06-04 09:18:17] [INFO] [data][ModbusTcpMaster][start]：设备ID=12025 开始启动设备连接，连接模式=AutoReconnect
[2026-06-04 09:18:17] [INFO] [data][ModbusTcpMasterManager][startMaster]：已投递启动请求 ID=12025
[2026-06-04 09:18:17] [INFO] [data][ModbusTcpMaster][enterState]：设备ID=12025 状态切换: 空闲 -> 连接中
[2026-06-04 09:18:17] [INFO] [data][ModbusTcpMaster][start]：设备ID=12026 开始启动设备连接，连接模式=AutoReconnect
[2026-06-04 09:18:17] [INFO] [data][ModbusTcpMaster][ModbusConnecter][connectDevice]：设备ID=12025 开始连接设备 IP=127.0.0.1 Port=524 模式=AutoReconnect
[2026-06-04 09:18:17] [INFO] [data][ModbusTcpMaster][enterState]：设备ID=12026 状态切换: 空闲 -> 连接中
[2026-06-04 09:18:17] [INFO] [data][ModbusTcpMaster][ModbusConnecter][connectDevice]：设备ID=12026 开始连接设备 IP=127.0.0.1 Port=525 模式=AutoReconnect
[2026-06-04 09:18:17] [INFO] [data][ModbusTcpMasterManager][startMaster]：已投递启动请求 ID=12026
[2026-06-04 09:18:17] [INFO] [data][ModbusTcpMaster][start]：设备ID=12027 开始启动设备连接，连接模式=AutoReconnect
[2026-06-04 09:18:17] [INFO] [data][ModbusTcpMasterManager][startMaster]：已投递启动请求 ID=12027
[2026-06-04 09:18:17] [INFO] [data][ModbusTcpMaster][enterState]：设备ID=12027 状态切换: 空闲 -> 连接中
[2026-06-04 09:18:17] [INFO] [data][ModbusTcpMaster][ModbusConnecter][connectDevice]：设备ID=12027 开始连接设备 IP=127.0.0.1 Port=526 模式=AutoReconnect
[2026-06-04 09:18:17] [INFO] [data][ModbusTcpMaster][start]：设备ID=12028 开始启动设备连接，连接模式=AutoReconnect
[2026-06-04 09:18:17] [INFO] [data][ModbusTcpMasterManager][startMaster]：已投递启动请求 ID=12028
[2026-06-04 09:18:17] [INFO] [data][ModbusTcpMaster][enterState]：设备ID=12028 状态切换: 空闲 -> 连接中
[2026-06-04 09:18:17] [INFO] [data][ModbusTcpMaster][ModbusConnecter][connectDevice]：设备ID=12028 开始连接设备 IP=127.0.0.1 Port=527 模式=AutoReconnect
[2026-06-04 09:18:17] [INFO] [data][ModbusTcpMaster][start]：设备ID=12029 开始启动设备连接，连接模式=AutoReconnect
[2026-06-04 09:18:17] [INFO] [data][ModbusTcpMasterManager][startMaster]：已投递启动请求 ID=12029
[2026-06-04 09:18:17] [INFO] [data][ModbusTcpMaster][start]：设备ID=12030 开始启动设备连接，连接模式=AutoReconnect
[2026-06-04 09:18:17] [INFO] [data][ModbusTcpMaster][enterState]：设备ID=12029 状态切换: 空闲 -> 连接中
[2026-06-04 09:18:17] [INFO] [data][ModbusTcpMasterManager][startMaster]：已投递启动请求 ID=12030
[2026-06-04 09:18:17] [INFO] [data][ModbusTcpMaster][ModbusConnecter][connectDevice]：设备ID=12029 开始连接设备 IP=127.0.0.1 Port=528 模式=AutoReconnect
[2026-06-04 09:18:17] [INFO] [data][ModbusTcpMaster][enterState]：设备ID=12030 状态切换: 空闲 -> 连接中
[2026-06-04 09:18:17] [INFO] [data][ModbusTcpMaster][start]：设备ID=12031 开始启动设备连接，连接模式=AutoReconnect
[2026-06-04 09:18:17] [INFO] [data][ModbusTcpMaster][ModbusConnecter][connectDevice]：设备ID=12030 开始连接设备 IP=127.0.0.1 Port=529 模式=AutoReconnect
[2026-06-04 09:18:17] [INFO] [data][ModbusTcpMasterManager][startMaster]：已投递启动请求 ID=12031
[2026-06-04 09:18:17] [INFO] [data][ModbusTcpMaster][enterState]：设备ID=12031 状态切换: 空闲 -> 连接中
[2026-06-04 09:18:17] [INFO] [data][ModbusTcpMaster][ModbusConnecter][connectDevice]：设备ID=12031 开始连接设备 IP=127.0.0.1 Port=530 模式=AutoReconnect
[2026-06-04 09:18:17] [INFO] [data][ModbusTcpMaster][start]：设备ID=12032 开始启动设备连接，连接模式=AutoReconnect
[2026-06-04 09:18:17] [INFO] [data][ModbusTcpMaster][enterState]：设备ID=12032 状态切换: 空闲 -> 连接中
[2026-06-04 09:18:17] [INFO] [data][ModbusTcpMaster][ModbusConnecter][connectDevice]：设备ID=12032 开始连接设备 IP=127.0.0.1 Port=531 模式=AutoReconnect
[2026-06-04 09:18:17] [INFO] [data][ModbusTcpMasterManager][startMaster]：已投递启动请求 ID=12032
[2026-06-04 09:18:17] [INFO] [data][ModbusTcpMasterManager][startMaster]：已投递启动请求 ID=12033
[2026-06-04 09:18:17] [INFO] [data][ModbusTcpMaster][start]：设备ID=12033 开始启动设备连接，连接模式=AutoReconnect
[2026-06-04 09:18:17] [INFO] [data][ModbusTcpMaster][start]：设备ID=12034 开始启动设备连接，连接模式=AutoReconnect
[2026-06-04 09:18:17] [INFO] [data][ModbusTcpMaster][enterState]：设备ID=12033 状态切换: 空闲 -> 连接中
[2026-06-04 09:18:17] [INFO] [data][ModbusTcpMaster][ModbusConnecter][connectDevice]：设备ID=12033 开始连接设备 IP=127.0.0.1 Port=532 模式=AutoReconnect
[2026-06-04 09:18:17] [INFO] [data][ModbusTcpMaster][enterState]：设备ID=12034 状态切换: 空闲 -> 连接中
[2026-06-04 09:18:17] [INFO] [data][ModbusTcpMaster][ModbusConnecter][connectDevice]：设备ID=12034 开始连接设备 IP=127.0.0.1 Port=533 模式=AutoReconnect
[2026-06-04 09:18:17] [INFO] [data][ModbusTcpMasterManager][startMaster]：已投递启动请求 ID=12034
[2026-06-04 09:18:17] [INFO] [data][ModbusTcpMaster][start]：设备ID=12035 开始启动设备连接，连接模式=AutoReconnect
[2026-06-04 09:18:17] [INFO] [data][ModbusTcpMasterManager][startMaster]：已投递启动请求 ID=12035
[2026-06-04 09:18:17] [INFO] [data][ModbusTcpMaster][enterState]：设备ID=12035 状态切换: 空闲 -> 连接中
[2026-06-04 09:18:17] [INFO] [data][ModbusTcpMaster][start]：设备ID=12036 开始启动设备连接，连接模式=AutoReconnect
[2026-06-04 09:18:17] [INFO] [data][ModbusTcpMaster][ModbusConnecter][connectDevice]：设备ID=12035 开始连接设备 IP=127.0.0.1 Port=534 模式=AutoReconnect
[2026-06-04 09:18:17] [INFO] [data][ModbusTcpMaster][enterState]：设备ID=12036 状态切换: 空闲 -> 连接中
[2026-06-04 09:18:17] [INFO] [data][ModbusTcpMasterManager][startMaster]：已投递启动请求 ID=12036
[2026-06-04 09:18:17] [INFO] [data][ModbusTcpMaster][ModbusConnecter][connectDevice]：设备ID=12036 开始连接设备 IP=127.0.0.1 Port=535 模式=AutoReconnect
[2026-06-04 09:18:17] [INFO] [data][ModbusTcpMasterManager][startMaster]：已投递启动请求 ID=12037
[2026-06-04 09:18:17] [INFO] [data][ModbusTcpMasterManager][startMaster]：已投递启动请求 ID=12038
[2026-06-04 09:18:17] [INFO] [data][ModbusTcpMaster][start]：设备ID=12037 开始启动设备连接，连接模式=AutoReconnect
[2026-06-04 09:18:17] [INFO] [data][ModbusTcpMasterManager][startMaster]：已投递启动请求 ID=12039
[2026-06-04 09:18:17] [INFO] [data][ModbusTcpMaster][start]：设备ID=12038 开始启动设备连接，连接模式=AutoReconnect
[2026-06-04 09:18:17] [INFO] [data][ModbusTcpMaster][start]：设备ID=12040 开始启动设备连接，连接模式=AutoReconnect
[2026-06-04 09:18:17] [INFO] [data][ModbusTcpMaster][enterState]：设备ID=12037 状态切换: 空闲 -> 连接中
[2026-06-04 09:18:17] [INFO] [data][ModbusTcpMaster][ModbusConnecter][connectDevice]：设备ID=12037 开始连接设备 IP=127.0.0.1 Port=536 模式=AutoReconnect
[2026-06-04 09:18:17] [INFO] [data][ModbusTcpMaster][enterState]：设备ID=12038 状态切换: 空闲 -> 连接中
[2026-06-04 09:18:17] [INFO] [data][ModbusTcpMaster][ModbusConnecter][connectDevice]：设备ID=12038 开始连接设备 IP=127.0.0.1 Port=537 模式=AutoReconnect
[2026-06-04 09:18:17] [INFO] [data][ModbusTcpMasterManager][startMaster]：已投递启动请求 ID=12040
[2026-06-04 09:18:17] [INFO] [data][ModbusTcpMaster][enterState]：设备ID=12040 状态切换: 空闲 -> 连接中
[2026-06-04 09:18:17] [INFO] [data][ModbusTcpMaster][start]：设备ID=12039 开始启动设备连接，连接模式=AutoReconnect
[2026-06-04 09:18:17] [INFO] [data][ModbusTcpMaster][ModbusConnecter][connectDevice]：设备ID=12040 开始连接设备 IP=127.0.0.1 Port=539 模式=AutoReconnect
[2026-06-04 09:18:17] [INFO] [data][ModbusTcpMaster][enterState]：设备ID=12039 状态切换: 空闲 -> 连接中
[2026-06-04 09:18:17] [INFO] [data][ModbusTcpMaster][start]：设备ID=12041 开始启动设备连接，连接模式=AutoReconnect
[2026-06-04 09:18:17] [INFO] [data][ModbusTcpMaster][ModbusConnecter][connectDevice]：设备ID=12039 开始连接设备 IP=127.0.0.1 Port=538 模式=AutoReconnect
[2026-06-04 09:18:17] [INFO] [data][ModbusTcpMaster][enterState]：设备ID=12041 状态切换: 空闲 -> 连接中
[2026-06-04 09:18:17] [INFO] [data][ModbusTcpMaster][ModbusConnecter][connectDevice]：设备ID=12041 开始连接设备 IP=127.0.0.1 Port=540 模式=AutoReconnect
[2026-06-04 09:18:17] [INFO] [data][ModbusTcpMasterManager][startMaster]：已投递启动请求 ID=12041
[2026-06-04 09:18:17] [INFO] [data][ModbusTcpMaster][start]：设备ID=12042 开始启动设备连接，连接模式=AutoReconnect
[2026-06-04 09:18:17] [INFO] [data][ModbusTcpMasterManager][startMaster]：已投递启动请求 ID=12042
[2026-06-04 09:18:17] [INFO] [data][ModbusTcpMaster][enterState]：设备ID=12042 状态切换: 空闲 -> 连接中
[2026-06-04 09:18:17] [INFO] [data][ModbusTcpMaster][ModbusConnecter][connectDevice]：设备ID=12042 开始连接设备 IP=127.0.0.1 Port=541 模式=AutoReconnect
[2026-06-04 09:18:17] [INFO] [data][ModbusTcpMasterManager][startMaster]：已投递启动请求 ID=12043
[2026-06-04 09:18:17] [INFO] [data][ModbusTcpMaster][start]：设备ID=12043 开始启动设备连接，连接模式=AutoReconnect
[2026-06-04 09:18:17] [INFO] [data][ModbusTcpMasterManager][startMaster]：已投递启动请求 ID=12044
[2026-06-04 09:18:17] [INFO] [data][ModbusTcpMaster][start]：设备ID=12044 开始启动设备连接，连接模式=AutoReconnect
[2026-06-04 09:18:17] [INFO] [data][ModbusTcpMaster][start]：设备ID=12045 开始启动设备连接，连接模式=AutoReconnect
[2026-06-04 09:18:17] [INFO] [data][ModbusTcpMaster][enterState]：设备ID=12044 状态切换: 空闲 -> 连接中
[2026-06-04 09:18:17] [INFO] [data][ModbusTcpMaster][enterState]：设备ID=12043 状态切换: 空闲 -> 连接中
[2026-06-04 09:18:17] [INFO] [data][ModbusTcpMaster][ModbusConnecter][connectDevice]：设备ID=12044 开始连接设备 IP=127.0.0.1 Port=543 模式=AutoReconnect
[2026-06-04 09:18:17] [INFO] [data][ModbusTcpMaster][ModbusConnecter][connectDevice]：设备ID=12043 开始连接设备 IP=127.0.0.1 Port=542 模式=AutoReconnect
[2026-06-04 09:18:17] [INFO] [data][ModbusTcpMasterManager][startMaster]：已投递启动请求 ID=12045
[2026-06-04 09:18:17] [INFO] [data][ModbusTcpMaster][enterState]：设备ID=12045 状态切换: 空闲 -> 连接中
[2026-06-04 09:18:17] [INFO] [data][ModbusTcpMaster][ModbusConnecter][connectDevice]：设备ID=12045 开始连接设备 IP=127.0.0.1 Port=544 模式=AutoReconnect
[2026-06-04 09:18:17] [INFO] [data][ModbusTcpMasterManager][startMaster]：已投递启动请求 ID=12046
[2026-06-04 09:18:17] [INFO] [data][ModbusTcpMaster][start]：设备ID=12046 开始启动设备连接，连接模式=AutoReconnect
[2026-06-04 09:18:17] [INFO] [data][ModbusTcpMaster][enterState]：设备ID=12046 状态切换: 空闲 -> 连接中
[2026-06-04 09:18:17] [INFO] [data][ModbusTcpMaster][ModbusConnecter][connectDevice]：设备ID=12046 开始连接设备 IP=127.0.0.1 Port=545 模式=AutoReconnect
[2026-06-04 09:18:17] [INFO] [data][ModbusTcpMasterManager][startMaster]：已投递启动请求 ID=12047
[2026-06-04 09:18:17] [INFO] [data][ModbusTcpMaster][start]：设备ID=12047 开始启动设备连接，连接模式=AutoReconnect
[2026-06-04 09:18:17] [INFO] [data][ModbusTcpMaster][enterState]：设备ID=12047 状态切换: 空闲 -> 连接中
[2026-06-04 09:18:17] [INFO] [data][ModbusTcpMaster][ModbusConnecter][connectDevice]：设备ID=12047 开始连接设备 IP=127.0.0.1 Port=546 模式=AutoReconnect
[2026-06-04 09:18:17] [INFO] [data][ModbusTcpMasterManager][startMaster]：已投递启动请求 ID=12048
[2026-06-04 09:18:17] [INFO] [data][ModbusTcpMasterManager][startMaster]：已投递启动请求 ID=12049
[2026-06-04 09:18:17] [INFO] [data][ModbusTcpMasterManager][startMaster]：已投递启动请求 ID=12050
[2026-06-04 09:18:17] [INFO] [data][ModbusTcpMaster][start]：设备ID=12048 开始启动设备连接，连接模式=AutoReconnect
[2026-06-04 09:18:17] [INFO] [data][ModbusTcpMaster][start]：设备ID=12049 开始启动设备连接，连接模式=AutoReconnect
[2026-06-04 09:18:17] [INFO] [data][ModbusTcpMasterManager][startMaster]：已投递启动请求 ID=12051
[2026-06-04 09:18:17] [INFO] [data][ModbusTcpMaster][enterState]：设备ID=12048 状态切换: 空闲 -> 连接中
[2026-06-04 09:18:17] [INFO] [data][ModbusTcpMaster][ModbusConnecter][connectDevice]：设备ID=12048 开始连接设备 IP=127.0.0.1 Port=547 模式=AutoReconnect
[2026-06-04 09:18:17] [INFO] [data][ModbusTcpMaster][start]：设备ID=12050 开始启动设备连接，连接模式=AutoReconnect
[2026-06-04 09:18:17] [INFO] [data][ModbusTcpMaster][enterState]：设备ID=12049 状态切换: 空闲 -> 连接中
[2026-06-04 09:18:17] [INFO] [data][ModbusTcpMaster][ModbusConnecter][connectDevice]：设备ID=12049 开始连接设备 IP=127.0.0.1 Port=548 模式=AutoReconnect
[2026-06-04 09:18:17] [INFO] [data][ModbusTcpMasterManager][startMaster]：已投递启动请求 ID=12052
[2026-06-04 09:18:17] [INFO] [data][ModbusTcpMaster][enterState]：设备ID=12050 状态切换: 空闲 -> 连接中
[2026-06-04 09:18:17] [INFO] [data][ModbusTcpMaster][ModbusConnecter][connectDevice]：设备ID=12050 开始连接设备 IP=127.0.0.1 Port=549 模式=AutoReconnect
[2026-06-04 09:18:17] [INFO] [data][ModbusTcpMaster][start]：设备ID=12051 开始启动设备连接，连接模式=AutoReconnect
[2026-06-04 09:18:17] [INFO] [data][ModbusTcpMaster][start]：设备ID=12053 开始启动设备连接，连接模式=AutoReconnect
[2026-06-04 09:18:17] [INFO] [data][ModbusTcpMaster][start]：设备ID=12052 开始启动设备连接，连接模式=AutoReconnect
[2026-06-04 09:18:17] [INFO] [data][ModbusTcpMaster][enterState]：设备ID=12051 状态切换: 空闲 -> 连接中
[2026-06-04 09:18:17] [INFO] [data][ModbusTcpMaster][ModbusConnecter][connectDevice]：设备ID=12051 开始连接设备 IP=127.0.0.1 Port=550 模式=AutoReconnect
[2026-06-04 09:18:17] [INFO] [data][ModbusTcpMaster][enterState]：设备ID=12052 状态切换: 空闲 -> 连接中
[2026-06-04 09:18:17] [INFO] [data][ModbusTcpMaster][ModbusConnecter][connectDevice]：设备ID=12052 开始连接设备 IP=127.0.0.1 Port=551 模式=AutoReconnect
[2026-06-04 09:18:17] [INFO] [data][ModbusTcpMasterManager][startMaster]：已投递启动请求 ID=12053
[2026-06-04 09:18:17] [INFO] [data][ModbusTcpMaster][enterState]：设备ID=12053 状态切换: 空闲 -> 连接中
[2026-06-04 09:18:17] [INFO] [data][ModbusTcpMaster][ModbusConnecter][connectDevice]：设备ID=12053 开始连接设备 IP=127.0.0.1 Port=552 模式=AutoReconnect
[2026-06-04 09:18:17] [INFO] [data][ModbusTcpMaster][start]：设备ID=12054 开始启动设备连接，连接模式=AutoReconnect
[2026-06-04 09:18:17] [INFO] [data][ModbusTcpMasterManager][startMaster]：已投递启动请求 ID=12054
[2026-06-04 09:18:17] [INFO] [data][ModbusTcpMaster][enterState]：设备ID=12054 状态切换: 空闲 -> 连接中
[2026-06-04 09:18:17] [INFO] [data][ModbusTcpMaster][ModbusConnecter][connectDevice]：设备ID=12054 开始连接设备 IP=127.0.0.1 Port=553 模式=AutoReconnect
[2026-06-04 09:18:17] [INFO] [data][ModbusTcpMaster][start]：设备ID=12055 开始启动设备连接，连接模式=AutoReconnect
[2026-06-04 09:18:17] [INFO] [data][ModbusTcpMasterManager][startMaster]：已投递启动请求 ID=12055
[2026-06-04 09:18:17] [INFO] [data][ModbusTcpMaster][enterState]：设备ID=12055 状态切换: 空闲 -> 连接中
[2026-06-04 09:18:17] [INFO] [data][ModbusTcpMaster][ModbusConnecter][connectDevice]：设备ID=12055 开始连接设备 IP=127.0.0.1 Port=554 模式=AutoReconnect
[2026-06-04 09:18:17] [INFO] [data][ModbusTcpMasterManager][startMaster]：已投递启动请求 ID=12056
[2026-06-04 09:18:17] [INFO] [data][ModbusTcpMaster][start]：设备ID=12056 开始启动设备连接，连接模式=AutoReconnect
[2026-06-04 09:18:17] [INFO] [data][ModbusTcpMasterManager][startMaster]：已投递启动请求 ID=12057
[2026-06-04 09:18:17] [INFO] [data][ModbusTcpMaster][start]：设备ID=12057 开始启动设备连接，连接模式=AutoReconnect
[2026-06-04 09:18:17] [INFO] [data][ModbusTcpMaster][enterState]：设备ID=12056 状态切换: 空闲 -> 连接中
[2026-06-04 09:18:17] [INFO] [data][ModbusTcpMaster][start]：设备ID=12058 开始启动设备连接，连接模式=AutoReconnect
[2026-06-04 09:18:17] [INFO] [data][ModbusTcpMaster][ModbusConnecter][connectDevice]：设备ID=12056 开始连接设备 IP=127.0.0.1 Port=555 模式=AutoReconnect
[2026-06-04 09:18:17] [INFO] [data][ModbusTcpMaster][enterState]：设备ID=12058 状态切换: 空闲 -> 连接中
[2026-06-04 09:18:17] [INFO] [data][ModbusTcpMaster][ModbusConnecter][connectDevice]：设备ID=12058 开始连接设备 IP=127.0.0.1 Port=557 模式=AutoReconnect
[2026-06-04 09:18:17] [INFO] [data][ModbusTcpMasterManager][startMaster]：已投递启动请求 ID=12058
[2026-06-04 09:18:17] [INFO] [data][ModbusTcpMaster][enterState]：设备ID=12057 状态切换: 空闲 -> 连接中
[2026-06-04 09:18:17] [INFO] [data][ModbusTcpMaster][ModbusConnecter][connectDevice]：设备ID=12057 开始连接设备 IP=127.0.0.1 Port=556 模式=AutoReconnect
[2026-06-04 09:18:17] [INFO] [data][ModbusTcpMaster][start]：设备ID=12059 开始启动设备连接，连接模式=AutoReconnect
[2026-06-04 09:18:17] [INFO] [data][ModbusTcpMaster][enterState]：设备ID=12059 状态切换: 空闲 -> 连接中
[2026-06-04 09:18:17] [INFO] [data][ModbusTcpMaster][ModbusConnecter][connectDevice]：设备ID=12059 开始连接设备 IP=127.0.0.1 Port=558 模式=AutoReconnect
[2026-06-04 09:18:17] [INFO] [data][ModbusTcpMasterManager][startMaster]：已投递启动请求 ID=12059
[2026-06-04 09:18:17] [INFO] [data][ModbusTcpMaster][start]：设备ID=12060 开始启动设备连接，连接模式=AutoReconnect
[2026-06-04 09:18:17] [INFO] [data][ModbusTcpMasterManager][startMaster]：已投递启动请求 ID=12060
[2026-06-04 09:18:17] [INFO] [data][ModbusTcpMaster][enterState]：设备ID=12060 状态切换: 空闲 -> 连接中
[2026-06-04 09:18:17] [INFO] [data][ModbusTcpMaster][ModbusConnecter][connectDevice]：设备ID=12060 开始连接设备 IP=127.0.0.1 Port=559 模式=AutoReconnect
[2026-06-04 09:18:17] [INFO] [data][ModbusTcpMaster][start]：设备ID=12061 开始启动设备连接，连接模式=AutoReconnect
[2026-06-04 09:18:17] [INFO] [data][ModbusTcpMasterManager][startMaster]：已投递启动请求 ID=12061
[2026-06-04 09:18:17] [INFO] [data][ModbusTcpMaster][enterState]：设备ID=12061 状态切换: 空闲 -> 连接中
[2026-06-04 09:18:17] [INFO] [data][ModbusTcpMaster][ModbusConnecter][connectDevice]：设备ID=12061 开始连接设备 IP=127.0.0.1 Port=560 模式=AutoReconnect
[2026-06-04 09:18:17] [INFO] [data][ModbusTcpMasterManager][startMaster]：已投递启动请求 ID=12062
[2026-06-04 09:18:17] [INFO] [data][ModbusTcpMaster][start]：设备ID=12062 开始启动设备连接，连接模式=AutoReconnect
[2026-06-04 09:18:17] [INFO] [data][ModbusTcpMaster][enterState]：设备ID=12062 状态切换: 空闲 -> 连接中
[2026-06-04 09:18:17] [INFO] [data][ModbusTcpMaster][ModbusConnecter][connectDevice]：设备ID=12062 开始连接设备 IP=127.0.0.1 Port=561 模式=AutoReconnect
[2026-06-04 09:18:17] [INFO] [data][ModbusTcpMaster][start]：设备ID=12063 开始启动设备连接，连接模式=AutoReconnect
[2026-06-04 09:18:17] [INFO] [data][ModbusTcpMasterManager][startMaster]：已投递启动请求 ID=12063
[2026-06-04 09:18:17] [INFO] [data][ModbusTcpMaster][enterState]：设备ID=12063 状态切换: 空闲 -> 连接中
[2026-06-04 09:18:17] [INFO] [data][ModbusTcpMaster][ModbusConnecter][connectDevice]：设备ID=12063 开始连接设备 IP=127.0.0.1 Port=562 模式=AutoReconnect
[2026-06-04 09:18:17] [INFO] [data][ModbusTcpMaster][start]：设备ID=12064 开始启动设备连接，连接模式=AutoReconnect
[2026-06-04 09:18:17] [INFO] [data][ModbusTcpMasterManager][startMaster]：已投递启动请求 ID=12064
[2026-06-04 09:18:17] [INFO] [data][ModbusTcpMaster][enterState]：设备ID=12064 状态切换: 空闲 -> 连接中
[2026-06-04 09:18:17] [INFO] [data][ModbusTcpMaster][ModbusConnecter][connectDevice]：设备ID=12064 开始连接设备 IP=127.0.0.1 Port=563 模式=AutoReconnect
[2026-06-04 09:18:17] [INFO] [data][ModbusTcpMasterManager][startMaster]：已投递启动请求 ID=12065
[2026-06-04 09:18:17] [INFO] [data][ModbusTcpMaster][start]：设备ID=12065 开始启动设备连接，连接模式=AutoReconnect
[2026-06-04 09:18:17] [INFO] [data][ModbusTcpMasterManager][startMaster]：已投递启动请求 ID=12066
[2026-06-04 09:18:17] [INFO] [data][ModbusTcpMaster][start]：设备ID=12066 开始启动设备连接，连接模式=AutoReconnect
[2026-06-04 09:18:17] [INFO] [data][ModbusTcpMaster][start]：设备ID=12067 开始启动设备连接，连接模式=AutoReconnect
[2026-06-04 09:18:17] [INFO] [data][ModbusTcpMaster][enterState]：设备ID=12066 状态切换: 空闲 -> 连接中
[2026-06-04 09:18:17] [INFO] [data][ModbusTcpMaster][ModbusConnecter][connectDevice]：设备ID=12066 开始连接设备 IP=127.0.0.1 Port=565 模式=AutoReconnect
[2026-06-04 09:18:17] [INFO] [data][ModbusTcpMaster][enterState]：设备ID=12065 状态切换: 空闲 -> 连接中
[2026-06-04 09:18:17] [INFO] [data][ModbusTcpMaster][ModbusConnecter][connectDevice]：设备ID=12065 开始连接设备 IP=127.0.0.1 Port=564 模式=AutoReconnect
[2026-06-04 09:18:17] [INFO] [data][ModbusTcpMaster][enterState]：设备ID=12067 状态切换: 空闲 -> 连接中
[2026-06-04 09:18:17] [INFO] [data][ModbusTcpMasterManager][startMaster]：已投递启动请求 ID=12067
[2026-06-04 09:18:17] [INFO] [data][ModbusTcpMaster][ModbusConnecter][connectDevice]：设备ID=12067 开始连接设备 IP=127.0.0.1 Port=566 模式=AutoReconnect
[2026-06-04 09:18:17] [INFO] [data][ModbusTcpMaster][start]：设备ID=12068 开始启动设备连接，连接模式=AutoReconnect
[2026-06-04 09:18:17] [INFO] [data][ModbusTcpMasterManager][startMaster]：已投递启动请求 ID=12068
[2026-06-04 09:18:17] [INFO] [data][ModbusTcpMaster][enterState]：设备ID=12068 状态切换: 空闲 -> 连接中
[2026-06-04 09:18:17] [INFO] [data][ModbusTcpMaster][ModbusConnecter][connectDevice]：设备ID=12068 开始连接设备 IP=127.0.0.1 Port=567 模式=AutoReconnect
[2026-06-04 09:18:17] [INFO] [data][ModbusTcpMaster][start]：设备ID=12069 开始启动设备连接，连接模式=AutoReconnect
[2026-06-04 09:18:17] [INFO] [data][ModbusTcpMasterManager][startMaster]：已投递启动请求 ID=12069
[2026-06-04 09:18:17] [INFO] [data][ModbusTcpMaster][enterState]：设备ID=12069 状态切换: 空闲 -> 连接中
[2026-06-04 09:18:17] [INFO] [data][ModbusTcpMaster][ModbusConnecter][connectDevice]：设备ID=12069 开始连接设备 IP=127.0.0.1 Port=568 模式=AutoReconnect
[2026-06-04 09:18:17] [INFO] [data][ModbusTcpMaster][start]：设备ID=12070 开始启动设备连接，连接模式=AutoReconnect
[2026-06-04 09:18:17] [INFO] [data][ModbusTcpMasterManager][startMaster]：已投递启动请求 ID=12070
[2026-06-04 09:18:17] [INFO] [data][ModbusTcpMaster][enterState]：设备ID=12070 状态切换: 空闲 -> 连接中
[2026-06-04 09:18:17] [INFO] [data][ModbusTcpMaster][ModbusConnecter][connectDevice]：设备ID=12070 开始连接设备 IP=127.0.0.1 Port=569 模式=AutoReconnect
[2026-06-04 09:18:17] [INFO] [data][ModbusTcpMaster][start]：设备ID=12071 开始启动设备连接，连接模式=AutoReconnect
[2026-06-04 09:18:17] [INFO] [data][ModbusTcpMasterManager][startMaster]：已投递启动请求 ID=12071
[2026-06-04 09:18:17] [INFO] [data][ModbusTcpMaster][enterState]：设备ID=12071 状态切换: 空闲 -> 连接中
[2026-06-04 09:18:17] [INFO] [data][ModbusTcpMaster][ModbusConnecter][connectDevice]：设备ID=12071 开始连接设备 IP=127.0.0.1 Port=570 模式=AutoReconnect
[2026-06-04 09:18:17] [INFO] [data][ModbusTcpMaster][start]：设备ID=12072 开始启动设备连接，连接模式=AutoReconnect
[2026-06-04 09:18:17] [INFO] [data][ModbusTcpMasterManager][startMaster]：已投递启动请求 ID=12072
[2026-06-04 09:18:17] [INFO] [data][ModbusTcpMaster][enterState]：设备ID=12072 状态切换: 空闲 -> 连接中
[2026-06-04 09:18:17] [INFO] [data][ModbusTcpMaster][ModbusConnecter][connectDevice]：设备ID=12072 开始连接设备 IP=127.0.0.1 Port=571 模式=AutoReconnect
[2026-06-04 09:18:17] [INFO] [data][ModbusTcpMaster][start]：设备ID=12073 开始启动设备连接，连接模式=AutoReconnect
[2026-06-04 09:18:17] [INFO] [data][ModbusTcpMaster][enterState]：设备ID=12073 状态切换: 空闲 -> 连接中
[2026-06-04 09:18:17] [INFO] [data][ModbusTcpMaster][ModbusConnecter][connectDevice]：设备ID=12073 开始连接设备 IP=127.0.0.1 Port=572 模式=AutoReconnect
[2026-06-04 09:18:17] [INFO] [data][ModbusTcpMasterManager][startMaster]：已投递启动请求 ID=12073
[2026-06-04 09:18:17] [INFO] [data][ModbusTcpMasterManager][startMaster]：已投递启动请求 ID=12074
[2026-06-04 09:18:17] [INFO] [data][ModbusTcpMasterManager][startMaster]：已投递启动请求 ID=12075
[2026-06-04 09:18:17] [INFO] [data][ModbusTcpMaster][start]：设备ID=12074 开始启动设备连接，连接模式=AutoReconnect
[2026-06-04 09:18:17] [INFO] [data][ModbusTcpMasterManager][startMaster]：已投递启动请求 ID=12076
[2026-06-04 09:18:17] [INFO] [data][ModbusTcpMaster][enterState]：设备ID=12074 状态切换: 空闲 -> 连接中
[2026-06-04 09:18:17] [INFO] [data][ModbusTcpMaster][start]：设备ID=12075 开始启动设备连接，连接模式=AutoReconnect
[2026-06-04 09:18:17] [INFO] [data][ModbusTcpMaster][ModbusConnecter][connectDevice]：设备ID=12074 开始连接设备 IP=127.0.0.1 Port=573 模式=AutoReconnect
[2026-06-04 09:18:17] [INFO] [data][ModbusTcpMaster][enterState]：设备ID=12075 状态切换: 空闲 -> 连接中
[2026-06-04 09:18:17] [INFO] [data][ModbusTcpMaster][ModbusConnecter][connectDevice]：设备ID=12075 开始连接设备 IP=127.0.0.1 Port=574 模式=AutoReconnect
[2026-06-04 09:18:17] [INFO] [data][ModbusTcpMaster][start]：设备ID=12076 开始启动设备连接，连接模式=AutoReconnect
[2026-06-04 09:18:17] [INFO] [data][ModbusTcpMaster][start]：设备ID=12077 开始启动设备连接，连接模式=AutoReconnect
[2026-06-04 09:18:17] [INFO] [data][ModbusTcpMasterManager][startMaster]：已投递启动请求 ID=12077
[2026-06-04 09:18:17] [INFO] [data][ModbusTcpMaster][start]：设备ID=12078 开始启动设备连接，连接模式=AutoReconnect
[2026-06-04 09:18:17] [INFO] [data][ModbusTcpMaster][enterState]：设备ID=12076 状态切换: 空闲 -> 连接中
[2026-06-04 09:18:17] [INFO] [data][ModbusTcpMaster][ModbusConnecter][connectDevice]：设备ID=12076 开始连接设备 IP=127.0.0.1 Port=575 模式=AutoReconnect
[2026-06-04 09:18:17] [INFO] [data][ModbusTcpMaster][enterState]：设备ID=12077 状态切换: 空闲 -> 连接中
[2026-06-04 09:18:17] [INFO] [data][ModbusTcpMaster][ModbusConnecter][connectDevice]：设备ID=12077 开始连接设备 IP=127.0.0.1 Port=576 模式=AutoReconnect
[2026-06-04 09:18:17] [INFO] [data][ModbusTcpMaster][enterState]：设备ID=12078 状态切换: 空闲 -> 连接中
[2026-06-04 09:18:17] [INFO] [data][ModbusTcpMaster][ModbusConnecter][connectDevice]：设备ID=12078 开始连接设备 IP=127.0.0.1 Port=577 模式=AutoReconnect
[2026-06-04 09:18:17] [INFO] [data][ModbusTcpMasterManager][startMaster]：已投递启动请求 ID=12078
[2026-06-04 09:18:17] [INFO] [data][ModbusTcpMaster][start]：设备ID=12079 开始启动设备连接，连接模式=AutoReconnect
[2026-06-04 09:18:17] [INFO] [data][ModbusTcpMasterManager][startMaster]：已投递启动请求 ID=12079
[2026-06-04 09:18:17] [INFO] [data][ModbusTcpMasterManager][startMaster]：已投递启动请求 ID=12080
[2026-06-04 09:18:17] [INFO] [scheduler][NetworkStatusTask][Summary][start]：已批量启动自动重连，成功=80/80，失败=0
[2026-06-04 09:18:17] [INFO] [data][ModbusTcpMaster][enterState]：设备ID=12079 状态切换: 空闲 -> 连接中
[2026-06-04 09:18:17] [INFO] [data][ModbusTcpMaster][ModbusConnecter][connectDevice]：设备ID=12079 开始连接设备 IP=127.0.0.1 Port=578 模式=AutoReconnect
[2026-06-04 09:18:17] [INFO] [data][ModbusTcpMaster][start]：设备ID=12080 开始启动设备连接，连接模式=AutoReconnect
[2026-06-04 09:18:17] [WARN] [submitAlarm] 提交警报
警报ID: 2120802001
告警类型: 2001(Device Offline)
警报级别: 2(错误/Error)
设备标识: 12080
描述: [qrcode: 12080] Device Offline
[2026-06-04 09:18:17] [INFO] [data][ModbusTcpMaster][enterState]：设备ID=12080 状态切换: 空闲 -> 连接中
[2026-06-04 09:18:17] [ERROR] [persistInsert] 警报日志数据库不可用，丢弃警报
警报ID: 2120802001
设备标识: 12080
告警类型: 2001(Device Offline)
[2026-06-04 09:18:17] [INFO] [data][ModbusTcpMaster][ModbusConnecter][connectDevice]：设备ID=12080 开始连接设备 IP=127.0.0.1 Port=579 模式=AutoReconnect
[2026-06-04 09:18:17] [WARN] [scheduler][NetworkStatusTask][Device][start]：设备ID=12080 初始状态异常，提交离线告警，状态=已断开 alarmType=2001 alarmSource=1
[2026-06-04 09:18:17] [INFO] [scheduler][NetworkStatusTask][Summary][start]：初始连接状态汇总：已连接=0，连接中=79，已断开=1，错误=0
[2026-06-04 09:18:17] [INFO] [scheduler][NetworkStatusTask][Summary][start]：网络状态任务启动完成，监听设备数=80
[2026-06-04 09:18:17] [INFO] [Scheduler][submitTask] 提交普通任务: SH85PeriodicSelfCheckTask taskId: 6fa066ef-a62e-4726-8dac-ff8d4d3fe256
[2026-06-04 09:18:17] [INFO] [Scheduler][scheduleNext] 启动任务: SH85PeriodicSelfCheckTask taskId: 6fa066ef-a62e-4726-8dac-ff8d4d3fe256
[2026-06-04 09:18:17] [INFO] ============================= MonitorDataTask 启动 =============================
监听设备数: 80
启动时间: 2026-06-04 09:18:17
日志目录: scheduler/monitor_data_task
[2026-06-04 09:18:17] [INFO] [ui][SetLevelGraphBuilder][setStartNodePosition] 设置起始节点坐标: (20, 120)
[2026-06-04 09:18:17] [INFO] [ui][FoupLevelGraphBuilder][setStartNodePosition]设置起始节点坐标: (20, 120)
[2026-06-04 09:18:17] [INFO] ====================天车轨道布局图配置文件解析 开始====================
[2026-06-04 09:18:17] [INFO] [ui][GraphConfig][parse]解析阶段(1): 解析GraphConfig标签开始
[2026-06-04 09:18:17] [INFO] [ui][GraphConfig][parseGraphSettings]图类型: 无向图
[2026-06-04 09:18:17] [INFO] [ui][GraphConfig][parseGraphSettings]设备控件尺寸: 120, 间距: 20
[2026-06-04 09:18:17] [INFO] [ui][GraphConfig][parse]解析阶段(1): 解析GraphConfig标签完成
[2026-06-04 09:18:17] [INFO] [ui][GraphConfig][parseEdges]解析阶段(2): 解析Edges标签
[2026-06-04 09:18:17] [INFO] [ui][GraphConfig][parseEdges]找到49条边数据
[2026-06-04 09:18:17] [INFO] [ui][GraphConfig][processNode]SET节点文档顺序#0: 设置 setOfOHBInfoList[0].uiId = 6
[2026-06-04 09:18:17] [INFO] [ui][GraphConfig][parseEdges]解析阶段(3):收集TRACK节点: ID=1
[2026-06-04 09:18:17] [INFO] [ui][GraphConfig][parseEdges]解析阶段(3):收集SET节点: ID=6, QRCode=11005, Count=4, Position=ABOVE
[2026-06-04 09:18:17] [INFO] [ui][GraphConfig][parseEdges]解析阶段(4):成功解析边: 1 -> 6，类型: STRAIGHT_LINE，大小: 840
[2026-06-04 09:18:17] [INFO] [ui][GraphConfig][processNode]SET节点文档顺序#1: 设置 setOfOHBInfoList[1].uiId = 7
[2026-06-04 09:18:17] [INFO] [ui][GraphConfig][parseEdges]解析阶段(3):收集SET节点: ID=7, QRCode=11006, Count=4, Position=ABOVE
[2026-06-04 09:18:17] [INFO] [ui][GraphConfig][parseEdges]解析阶段(4):成功解析边: 6 -> 7，类型: STRAIGHT_LINE，大小: 140
[2026-06-04 09:18:17] [INFO] [ui][GraphConfig][processNode]SET节点文档顺序#2: 设置 setOfOHBInfoList[2].uiId = 8
[2026-06-04 09:18:17] [INFO] [ui][GraphConfig][parseEdges]解析阶段(3):收集SET节点: ID=8, QRCode=11007, Count=4, Position=ABOVE
[2026-06-04 09:18:17] [INFO] [ui][GraphConfig][parseEdges]解析阶段(4):成功解析边: 7 -> 8，类型: STRAIGHT_LINE，大小: 420
[2026-06-04 09:18:17] [INFO] [ui][GraphConfig][processNode]SET节点文档顺序#3: 设置 setOfOHBInfoList[3].uiId = 9
[2026-06-04 09:18:17] [INFO] [ui][GraphConfig][parseEdges]解析阶段(3):收集SET节点: ID=9, QRCode=11008, Count=4, Position=ABOVE
[2026-06-04 09:18:17] [INFO] [ui][GraphConfig][parseEdges]解析阶段(4):成功解析边: 8 -> 9，类型: STRAIGHT_LINE，大小: 140
[2026-06-04 09:18:17] [INFO] [ui][GraphConfig][processNode]SET节点文档顺序#4: 设置 setOfOHBInfoList[4].uiId = 10
[2026-06-04 09:18:17] [INFO] [ui][GraphConfig][parseEdges]解析阶段(3):收集SET节点: ID=10, QRCode=11009, Count=4, Position=ABOVE
[2026-06-04 09:18:17] [INFO] [ui][GraphConfig][parseEdges]解析阶段(4):成功解析边: 9 -> 10，类型: STRAIGHT_LINE，大小: 140
[2026-06-04 09:18:17] [INFO] [ui][GraphConfig][processNode]SET节点文档顺序#5: 设置 setOfOHBInfoList[5].uiId = 11
[2026-06-04 09:18:17] [INFO] [ui][GraphConfig][parseEdges]解析阶段(3):收集SET节点: ID=11, QRCode=11010, Count=4, Position=ABOVE
[2026-06-04 09:18:17] [INFO] [ui][GraphConfig][parseEdges]解析阶段(4):成功解析边: 10 -> 11，类型: STRAIGHT_LINE，大小: 140
[2026-06-04 09:18:17] [INFO] [ui][GraphConfig][processNode]SET节点文档顺序#6: 设置 setOfOHBInfoList[6].uiId = 12
[2026-06-04 09:18:17] [INFO] [ui][GraphConfig][parseEdges]解析阶段(3):收集SET节点: ID=12, QRCode=11011, Count=4, Position=ABOVE
[2026-06-04 09:18:17] [INFO] [ui][GraphConfig][parseEdges]解析阶段(4):成功解析边: 11 -> 12，类型: STRAIGHT_LINE，大小: 140
[2026-06-04 09:18:17] [INFO] [ui][GraphConfig][processNode]SET节点文档顺序#7: 设置 setOfOHBInfoList[7].uiId = 13
[2026-06-04 09:18:17] [INFO] [ui][GraphConfig][parseEdges]解析阶段(3):收集SET节点: ID=13, QRCode=11012, Count=4, Position=ABOVE
[2026-06-04 09:18:17] [INFO] [ui][GraphConfig][parseEdges]解析阶段(4):成功解析边: 12 -> 13，类型: STRAIGHT_LINE，大小: 140
[2026-06-04 09:18:17] [INFO] [ui][GraphConfig][parseEdges]解析阶段(3):收集TRACK节点: ID=14
[2026-06-04 09:18:17] [INFO] [ui][GraphConfig][parseEdges]解析阶段(4):成功解析边: 13 -> 14，类型: STRAIGHT_LINE，大小: 70，FoupLevel偏移: 416，SetLevel偏移: 118
[2026-06-04 09:18:17] [INFO] [ui][GraphConfig][parseEdges]解析阶段(3):收集TRACK节点: ID=15
[2026-06-04 09:18:17] [INFO] [ui][GraphConfig][parseEdges]解析阶段(4):成功解析边: 1 -> 15，类型: VERTICAL_VIRTUAL_LINE，大小: 6
[2026-06-04 09:18:17] [INFO] [ui][GraphConfig][parseEdges]解析阶段(3):收集TRACK节点: ID=16
[2026-06-04 09:18:17] [INFO] [ui][GraphConfig][parseEdges]解析阶段(4):成功解析边: 15 -> 16，类型: STRAIGHT_LINE，大小: 560
[2026-06-04 09:18:17] [INFO] [ui][GraphConfig][parseEdges]解析阶段(3):收集TRACK节点: ID=17
[2026-06-04 09:18:17] [INFO] [ui][GraphConfig][parseEdges]解析阶段(4):成功解析边: 16 -> 17，类型: HORIZONTAL_VIRTUAL_LINE，大小: 6
[2026-06-04 09:18:17] [INFO] [ui][GraphConfig][parseEdges]解析阶段(3):收集TRACK节点: ID=18
[2026-06-04 09:18:17] [INFO] [ui][GraphConfig][parseEdges]解析阶段(4):成功解析边: 17 -> 18，类型: STRAIGHT_LINE，大小: 1722，FoupLevel偏移: 194，SetLevel偏移: 0
[2026-06-04 09:18:17] [INFO] [ui][GraphConfig][parseEdges]解析阶段(3):收集TRACK节点: ID=19
[2026-06-04 09:18:17] [INFO] [ui][GraphConfig][parseEdges]解析阶段(4):成功解析边: 15 -> 19，类型: VERTICAL_VIRTUAL_LINE，大小: 140
[2026-06-04 09:18:17] [INFO] [ui][GraphConfig][parseEdges]解析阶段(3):收集TRACK节点: ID=20
[2026-06-04 09:18:17] [INFO] [ui][GraphConfig][parseEdges]解析阶段(4):成功解析边: 19 -> 20，类型: STRAIGHT_LINE，大小: 700
[2026-06-04 09:18:17] [INFO] [ui][GraphConfig][parseEdges]解析阶段(3):收集TRACK节点: ID=21
[2026-06-04 09:18:17] [INFO] [ui][GraphConfig][parseEdges]解析阶段(4):成功解析边: 20 -> 21，类型: HORIZONTAL_VIRTUAL_LINE，大小: 6
[2026-06-04 09:18:17] [INFO] [ui][GraphConfig][parseEdges]解析阶段(3):收集TRACK节点: ID=22
[2026-06-04 09:18:17] [INFO] [ui][GraphConfig][parseEdges]解析阶段(4):成功解析边: 21 -> 22，类型: STRAIGHT_LINE，大小: 1582，FoupLevel偏移: 190，SetLevel偏移: 10
[2026-06-04 09:18:17] [INFO] [ui][GraphConfig][parseEdges]解析阶段(4):成功解析边: 16 -> 20，类型: REVERSE_S_CURVE，大小: 140
[2026-06-04 09:18:17] [INFO] [ui][GraphConfig][parseEdges]解析阶段(4):成功解析边: 17 -> 21，类型: REVERSE_S_CURVE，大小: 140
[2026-06-04 09:18:17] [INFO] [ui][GraphConfig][parseEdges]解析阶段(3):收集TRACK节点: ID=23
[2026-06-04 09:18:17] [INFO] [ui][GraphConfig][parseEdges]解析阶段(4):成功解析边: 19 -> 23，类型: VERTICAL_VIRTUAL_LINE，大小: 6
[2026-06-04 09:18:17] [INFO] [ui][GraphConfig][parseEdges]解析阶段(3):收集TRACK节点: ID=24
[2026-06-04 09:18:17] [INFO] [ui][GraphConfig][parseEdges]解析阶段(4):成功解析边: 23 -> 24，类型: STRAIGHT_LINE，大小: 1190
[2026-06-04 09:18:17] [INFO] [ui][GraphConfig][parseEdges]解析阶段(3):收集TRACK节点: ID=25
[2026-06-04 09:18:17] [INFO] [ui][GraphConfig][parseEdges]解析阶段(4):成功解析边: 24 -> 25，类型: HORIZONTAL_VIRTUAL_LINE，大小: 6
[2026-06-04 09:18:17] [INFO] [ui][GraphConfig][parseEdges]解析阶段(3):收集TRACK节点: ID=26
[2026-06-04 09:18:17] [INFO] [ui][GraphConfig][parseEdges]解析阶段(4):成功解析边: 25 -> 26，类型: STRAIGHT_LINE，大小: 140
[2026-06-04 09:18:17] [INFO] [ui][GraphConfig][parseEdges]解析阶段(3):收集TRACK节点: ID=27
[2026-06-04 09:18:17] [INFO] [ui][GraphConfig][parseEdges]解析阶段(4):成功解析边: 26 -> 27，类型: HORIZONTAL_VIRTUAL_LINE，大小: 6
[2026-06-04 09:18:17] [INFO] [ui][GraphConfig][parseEdges]解析阶段(3):收集TRACK节点: ID=28
[2026-06-04 09:18:17] [INFO] [ui][GraphConfig][parseEdges]解析阶段(4):成功解析边: 27 -> 28，类型: STRAIGHT_LINE，大小: 980，FoupLevel偏移: 86，SetLevel偏移: -24
[2026-06-04 09:18:17] [INFO] [ui][GraphConfig][parseEdges]解析阶段(3):收集TRACK节点: ID=29
[2026-06-04 09:18:17] [INFO] [ui][GraphConfig][parseEdges]解析阶段(4):成功解析边: 23 -> 29，类型: VERTICAL_VIRTUAL_LINE，大小: 210
[2026-06-04 09:18:17] [INFO] [ui][GraphConfig][parseEdges]解析阶段(3):收集TRACK节点: ID=30
[2026-06-04 09:18:17] [INFO] [ui][GraphConfig][parseEdges]解析阶段(4):成功解析边: 29 -> 30，类型: STRAIGHT_LINE，大小: 1190
[2026-06-04 09:18:17] [INFO] [ui][GraphConfig][parseEdges]解析阶段(3):收集TRACK节点: ID=31
[2026-06-04 09:18:17] [INFO] [ui][GraphConfig][parseEdges]解析阶段(4):成功解析边: 30 -> 31，类型: HORIZONTAL_VIRTUAL_LINE，大小: 6
[2026-06-04 09:18:17] [INFO] [ui][GraphConfig][parseEdges]解析阶段(3):收集TRACK节点: ID=32
[2026-06-04 09:18:17] [INFO] [ui][GraphConfig][parseEdges]解析阶段(4):成功解析边: 31 -> 32，类型: STRAIGHT_LINE，大小: 140
[2026-06-04 09:18:17] [INFO] [ui][GraphConfig][parseEdges]解析阶段(3):收集TRACK节点: ID=33
[2026-06-04 09:18:17] [INFO] [ui][GraphConfig][parseEdges]解析阶段(4):成功解析边: 32 -> 33，类型: HORIZONTAL_VIRTUAL_LINE，大小: 6
[2026-06-04 09:18:17] [INFO] [ui][GraphConfig][parseEdges]解析阶段(3):收集TRACK节点: ID=34
[2026-06-04 09:18:17] [INFO] [ui][GraphConfig][parseEdges]解析阶段(4):成功解析边: 33 -> 34，类型: STRAIGHT_LINE，大小: 770，FoupLevel偏移: 828，SetLevel偏移: 190
[2026-06-04 09:18:17] [INFO] [ui][GraphConfig][parseEdges]解析阶段(4):成功解析边: 24 -> 30，类型: RIGHT_SEMICIRCLE_ARC，大小: 210
[2026-06-04 09:18:17] [INFO] [ui][GraphConfig][parseEdges]解析阶段(4):成功解析边: 25 -> 31，类型: RIGHT_SEMICIRCLE_ARC，大小: 210
[2026-06-04 09:18:17] [INFO] [ui][GraphConfig][parseEdges]解析阶段(4):成功解析边: 26 -> 32，类型: LEFT_SEMICIRCLE_ARC，大小: 210
[2026-06-04 09:18:17] [INFO] [ui][GraphConfig][parseEdges]解析阶段(4):成功解析边: 27 -> 33，类型: LEFT_SEMICIRCLE_ARC，大小: 210
[2026-06-04 09:18:17] [INFO] [ui][GraphConfig][parseEdges]解析阶段(3):收集TRACK节点: ID=35
[2026-06-04 09:18:17] [INFO] [ui][GraphConfig][parseEdges]解析阶段(4):成功解析边: 29 -> 35，类型: VERTICAL_VIRTUAL_LINE，大小: 6
[2026-06-04 09:18:17] [INFO] [ui][GraphConfig][processNode]SET节点文档顺序#8: 设置 setOfOHBInfoList[8].uiId = 36
[2026-06-04 09:18:17] [INFO] [ui][GraphConfig][parseEdges]解析阶段(3):收集SET节点: ID=36, QRCode=11036, Count=4, Position=BELOW
[2026-06-04 09:18:17] [INFO] [ui][GraphConfig][parseEdges]解析阶段(4):成功解析边: 35 -> 36，类型: STRAIGHT_LINE，大小: 70
[2026-06-04 09:18:17] [INFO] [ui][GraphConfig][processNode]SET节点文档顺序#9: 设置 setOfOHBInfoList[9].uiId = 37
[2026-06-04 09:18:17] [INFO] [ui][GraphConfig][parseEdges]解析阶段(3):收集SET节点: ID=37, QRCode=11037, Count=4, Position=BELOW
[2026-06-04 09:18:17] [INFO] [ui][GraphConfig][parseEdges]解析阶段(4):成功解析边: 36 -> 37，类型: STRAIGHT_LINE，大小: 140
[2026-06-04 09:18:17] [INFO] [ui][GraphConfig][processNode]SET节点文档顺序#10: 设置 setOfOHBInfoList[10].uiId = 38
[2026-06-04 09:18:17] [INFO] [ui][GraphConfig][parseEdges]解析阶段(3):收集SET节点: ID=38, QRCode=11038, Count=4, Position=BELOW
[2026-06-04 09:18:17] [INFO] [ui][GraphConfig][parseEdges]解析阶段(4):成功解析边: 37 -> 38，类型: STRAIGHT_LINE，大小: 140
[2026-06-04 09:18:17] [INFO] [ui][GraphConfig][processNode]SET节点文档顺序#11: 设置 setOfOHBInfoList[11].uiId = 39
[2026-06-04 09:18:17] [INFO] [ui][GraphConfig][parseEdges]解析阶段(3):收集SET节点: ID=39, QRCode=11039, Count=4, Position=BELOW
[2026-06-04 09:18:17] [INFO] [ui][GraphConfig][parseEdges]解析阶段(4):成功解析边: 38 -> 39，类型: STRAIGHT_LINE，大小: 140
[2026-06-04 09:18:17] [INFO] [ui][GraphConfig][processNode]SET节点文档顺序#12: 设置 setOfOHBInfoList[12].uiId = 40
[2026-06-04 09:18:17] [INFO] [ui][GraphConfig][parseEdges]解析阶段(3):收集SET节点: ID=40, QRCode=11040, Count=4, Position=BELOW
[2026-06-04 09:18:17] [INFO] [ui][GraphConfig][parseEdges]解析阶段(4):成功解析边: 39 -> 40，类型: STRAIGHT_LINE，大小: 140
[2026-06-04 09:18:17] [INFO] [ui][GraphConfig][processNode]SET节点文档顺序#13: 设置 setOfOHBInfoList[13].uiId = 41
[2026-06-04 09:18:17] [INFO] [ui][GraphConfig][parseEdges]解析阶段(3):收集SET节点: ID=41, QRCode=11041, Count=4, Position=BELOW
[2026-06-04 09:18:17] [INFO] [ui][GraphConfig][parseEdges]解析阶段(4):成功解析边: 40 -> 41，类型: STRAIGHT_LINE，大小: 140
[2026-06-04 09:18:17] [INFO] [ui][GraphConfig][processNode]SET节点文档顺序#14: 设置 setOfOHBInfoList[14].uiId = 42
[2026-06-04 09:18:17] [INFO] [ui][GraphConfig][parseEdges]解析阶段(3):收集SET节点: ID=42, QRCode=11042, Count=4, Position=BELOW
[2026-06-04 09:18:17] [INFO] [ui][GraphConfig][parseEdges]解析阶段(4):成功解析边: 41 -> 42，类型: STRAIGHT_LINE，大小: 140
[2026-06-04 09:18:17] [INFO] [ui][GraphConfig][processNode]SET节点文档顺序#15: 设置 setOfOHBInfoList[15].uiId = 43
[2026-06-04 09:18:17] [INFO] [ui][GraphConfig][parseEdges]解析阶段(3):收集SET节点: ID=43, QRCode=11043, Count=4, Position=BELOW
[2026-06-04 09:18:17] [INFO] [ui][GraphConfig][parseEdges]解析阶段(4):成功解析边: 42 -> 43，类型: STRAIGHT_LINE，大小: 140
[2026-06-04 09:18:17] [INFO] [ui][GraphConfig][processNode]SET节点文档顺序#16: 设置 setOfOHBInfoList[16].uiId = 2
[2026-06-04 09:18:17] [INFO] [ui][GraphConfig][parseEdges]解析阶段(3):收集SET节点: ID=2, QRCode=11001, Count=4, Position=BELOW
[2026-06-04 09:18:17] [INFO] [ui][GraphConfig][parseEdges]解析阶段(4):成功解析边: 43 -> 2，类型: STRAIGHT_LINE，大小: 322，FoupLevel偏移: 0，SetLevel偏移: 22
[2026-06-04 09:18:17] [INFO] [ui][GraphConfig][processNode]SET节点文档顺序#17: 设置 setOfOHBInfoList[17].uiId = 3
[2026-06-04 09:18:17] [INFO] [ui][GraphConfig][parseEdges]解析阶段(3):收集SET节点: ID=3, QRCode=11002, Count=4, Position=BELOW
[2026-06-04 09:18:17] [INFO] [ui][GraphConfig][parseEdges]解析阶段(4):成功解析边: 2 -> 3，类型: STRAIGHT_LINE，大小: 140
[2026-06-04 09:18:17] [INFO] [ui][GraphConfig][processNode]SET节点文档顺序#18: 设置 setOfOHBInfoList[18].uiId = 4
[2026-06-04 09:18:17] [INFO] [ui][GraphConfig][parseEdges]解析阶段(3):收集SET节点: ID=4, QRCode=11003, Count=4, Position=BELOW
[2026-06-04 09:18:17] [INFO] [ui][GraphConfig][parseEdges]解析阶段(4):成功解析边: 3 -> 4，类型: STRAIGHT_LINE，大小: 140
[2026-06-04 09:18:17] [INFO] [ui][GraphConfig][processNode]SET节点文档顺序#19: 设置 setOfOHBInfoList[19].uiId = 5
[2026-06-04 09:18:17] [INFO] [ui][GraphConfig][parseEdges]解析阶段(3):收集SET节点: ID=5, QRCode=11004, Count=4, Position=BELOW
[2026-06-04 09:18:17] [INFO] [ui][GraphConfig][parseEdges]解析阶段(4):成功解析边: 4 -> 5，类型: STRAIGHT_LINE，大小: 140
[2026-06-04 09:18:17] [INFO] [ui][GraphConfig][parseEdges]解析阶段(3):收集TRACK节点: ID=44
[2026-06-04 09:18:17] [INFO] [ui][GraphConfig][parseEdges]解析阶段(4):成功解析边: 5 -> 44，类型: STRAIGHT_LINE，大小: 350，FoupLevel偏移: 450，SetLevel偏移: 140
[2026-06-04 09:18:17] [INFO] [ui][GraphConfig][parse]解析阶段(5): 配置文件解析完毕
[2026-06-04 09:18:17] [INFO] [ui][GraphConfig][parse]配置文件解析完成，节点数: 44，边数: 49
[2026-06-04 09:18:17] [INFO] ====================天车轨道布局图配置文件解析 结束====================
[2026-06-04 09:18:17] [INFO] [ui][SH85PeriodicSelfCheckSettingWidget] bound to resident SH85PeriodicSelfCheckTask
[2026-06-04 09:18:18] [INFO] [ui][FirmwareUpdateConfigSettingWidget][initUI]：固件更新配置UI初始化完成
[2026-06-04 09:18:18] [INFO] [ui][FirmwareUpdateConfigSettingWidget][FirmwareUpdateConfigSettingWidget]：固件更新配置控件已创建
[2026-06-04 09:18:18] [INFO] [ui][FirmwareUpdateSettingWidget][FirmwareUpdateSettingWidget]：固件升级界面已创建
[2026-06-04 09:18:19] [INFO] ====================Set视图天车轨道布局图重构  开始====================
[2026-06-04 09:18:19] [INFO] [ui][SetLevelGraphBuilder][buildGraph] 开始构建图，节点数: 44，边数: 49
[2026-06-04 09:18:19] [DEBUG] [ui][Graph][addVertex] 添加顶点 1
[2026-06-04 09:18:19] [DEBUG] [ui][Graph][addVertex] 添加顶点 2
[2026-06-04 09:18:19] [DEBUG] [ui][Graph][addVertex] 添加顶点 3
[2026-06-04 09:18:19] [DEBUG] [ui][Graph][addVertex] 添加顶点 4
[2026-06-04 09:18:19] [DEBUG] [ui][Graph][addVertex] 添加顶点 5
[2026-06-04 09:18:19] [DEBUG] [ui][Graph][addVertex] 添加顶点 6
[2026-06-04 09:18:19] [DEBUG] [ui][Graph][addVertex] 添加顶点 7
[2026-06-04 09:18:19] [DEBUG] [ui][Graph][addVertex] 添加顶点 8
[2026-06-04 09:18:19] [DEBUG] [ui][Graph][addVertex] 添加顶点 9
[2026-06-04 09:18:19] [DEBUG] [ui][Graph][addVertex] 添加顶点 10
[2026-06-04 09:18:19] [DEBUG] [ui][Graph][addVertex] 添加顶点 11
[2026-06-04 09:18:19] [DEBUG] [ui][Graph][addVertex] 添加顶点 12
[2026-06-04 09:18:19] [DEBUG] [ui][Graph][addVertex] 添加顶点 13
[2026-06-04 09:18:19] [DEBUG] [ui][Graph][addVertex] 添加顶点 14
[2026-06-04 09:18:19] [DEBUG] [ui][Graph][addVertex] 添加顶点 15
[2026-06-04 09:18:19] [DEBUG] [ui][Graph][addVertex] 添加顶点 16
[2026-06-04 09:18:19] [DEBUG] [ui][Graph][addVertex] 添加顶点 17
[2026-06-04 09:18:19] [DEBUG] [ui][Graph][addVertex] 添加顶点 18
[2026-06-04 09:18:19] [DEBUG] [ui][Graph][addVertex] 添加顶点 19
[2026-06-04 09:18:19] [DEBUG] [ui][Graph][addVertex] 添加顶点 20
[2026-06-04 09:18:19] [DEBUG] [ui][Graph][addVertex] 添加顶点 21
[2026-06-04 09:18:19] [DEBUG] [ui][Graph][addVertex] 添加顶点 22
[2026-06-04 09:18:19] [DEBUG] [ui][Graph][addVertex] 添加顶点 23
[2026-06-04 09:18:19] [DEBUG] [ui][Graph][addVertex] 添加顶点 24
[2026-06-04 09:18:19] [DEBUG] [ui][Graph][addVertex] 添加顶点 25
[2026-06-04 09:18:19] [DEBUG] [ui][Graph][addVertex] 添加顶点 26
[2026-06-04 09:18:19] [DEBUG] [ui][Graph][addVertex] 添加顶点 27
[2026-06-04 09:18:19] [DEBUG] [ui][Graph][addVertex] 添加顶点 28
[2026-06-04 09:18:19] [DEBUG] [ui][Graph][addVertex] 添加顶点 29
[2026-06-04 09:18:19] [DEBUG] [ui][Graph][addVertex] 添加顶点 30
[2026-06-04 09:18:19] [DEBUG] [ui][Graph][addVertex] 添加顶点 31
[2026-06-04 09:18:19] [DEBUG] [ui][Graph][addVertex] 添加顶点 32
[2026-06-04 09:18:19] [DEBUG] [ui][Graph][addVertex] 添加顶点 33
[2026-06-04 09:18:19] [DEBUG] [ui][Graph][addVertex] 添加顶点 34
[2026-06-04 09:18:19] [DEBUG] [ui][Graph][addVertex] 添加顶点 35
[2026-06-04 09:18:19] [DEBUG] [ui][Graph][addVertex] 添加顶点 36
[2026-06-04 09:18:19] [DEBUG] [ui][Graph][addVertex] 添加顶点 37
[2026-06-04 09:18:19] [DEBUG] [ui][Graph][addVertex] 添加顶点 38
[2026-06-04 09:18:19] [DEBUG] [ui][Graph][addVertex] 添加顶点 39
[2026-06-04 09:18:19] [DEBUG] [ui][Graph][addVertex] 添加顶点 40
[2026-06-04 09:18:19] [DEBUG] [ui][Graph][addVertex] 添加顶点 41
[2026-06-04 09:18:19] [DEBUG] [ui][Graph][addVertex] 添加顶点 42
[2026-06-04 09:18:19] [DEBUG] [ui][Graph][addVertex] 添加顶点 43
[2026-06-04 09:18:19] [DEBUG] [ui][Graph][addVertex] 添加顶点 44
[2026-06-04 09:18:19] [DEBUG] [ui][Graph][addVertex] 顶点 1 已存在，跳过
[2026-06-04 09:18:19] [DEBUG] [ui][Graph][addVertex] 顶点 6 已存在，跳过
[2026-06-04 09:18:19] [DEBUG] [ui][Graph][addEdge] 添加边 (1,6)
[2026-06-04 09:18:19] [DEBUG] [ui][Graph][addVertex] 顶点 6 已存在，跳过
[2026-06-04 09:18:19] [DEBUG] [ui][Graph][addVertex] 顶点 7 已存在，跳过
[2026-06-04 09:18:19] [DEBUG] [ui][Graph][addEdge] 添加边 (6,7)
[2026-06-04 09:18:19] [DEBUG] [ui][Graph][addVertex] 顶点 7 已存在，跳过
[2026-06-04 09:18:19] [DEBUG] [ui][Graph][addVertex] 顶点 8 已存在，跳过
[2026-06-04 09:18:19] [DEBUG] [ui][Graph][addEdge] 添加边 (7,8)
[2026-06-04 09:18:19] [DEBUG] [ui][Graph][addVertex] 顶点 8 已存在，跳过
[2026-06-04 09:18:19] [DEBUG] [ui][Graph][addVertex] 顶点 9 已存在，跳过
[2026-06-04 09:18:19] [DEBUG] [ui][Graph][addEdge] 添加边 (8,9)
[2026-06-04 09:18:19] [DEBUG] [ui][Graph][addVertex] 顶点 9 已存在，跳过
[2026-06-04 09:18:19] [DEBUG] [ui][Graph][addVertex] 顶点 10 已存在，跳过
[2026-06-04 09:18:19] [DEBUG] [ui][Graph][addEdge] 添加边 (9,10)
[2026-06-04 09:18:19] [DEBUG] [ui][Graph][addVertex] 顶点 10 已存在，跳过
[2026-06-04 09:18:19] [DEBUG] [ui][Graph][addVertex] 顶点 11 已存在，跳过
[2026-06-04 09:18:19] [DEBUG] [ui][Graph][addEdge] 添加边 (10,11)
[2026-06-04 09:18:19] [DEBUG] [ui][Graph][addVertex] 顶点 11 已存在，跳过
[2026-06-04 09:18:19] [DEBUG] [ui][Graph][addVertex] 顶点 12 已存在，跳过
[2026-06-04 09:18:19] [DEBUG] [ui][Graph][addEdge] 添加边 (11,12)
[2026-06-04 09:18:19] [DEBUG] [ui][Graph][addVertex] 顶点 12 已存在，跳过
[2026-06-04 09:18:19] [DEBUG] [ui][Graph][addVertex] 顶点 13 已存在，跳过
[2026-06-04 09:18:19] [DEBUG] [ui][Graph][addEdge] 添加边 (12,13)
[2026-06-04 09:18:19] [DEBUG] [ui][Graph][addVertex] 顶点 13 已存在，跳过
[2026-06-04 09:18:19] [DEBUG] [ui][Graph][addVertex] 顶点 14 已存在，跳过
[2026-06-04 09:18:19] [DEBUG] [ui][Graph][addEdge] 添加边 (13,14)
[2026-06-04 09:18:19] [DEBUG] [ui][Graph][addVertex] 顶点 1 已存在，跳过
[2026-06-04 09:18:19] [DEBUG] [ui][Graph][addVertex] 顶点 15 已存在，跳过
[2026-06-04 09:18:19] [DEBUG] [ui][Graph][addEdge] 添加边 (1,15)
[2026-06-04 09:18:19] [DEBUG] [ui][Graph][addVertex] 顶点 15 已存在，跳过
[2026-06-04 09:18:19] [DEBUG] [ui][Graph][addVertex] 顶点 16 已存在，跳过
[2026-06-04 09:18:19] [DEBUG] [ui][Graph][addEdge] 添加边 (15,16)
[2026-06-04 09:18:19] [DEBUG] [ui][Graph][addVertex] 顶点 16 已存在，跳过
[2026-06-04 09:18:19] [DEBUG] [ui][Graph][addVertex] 顶点 17 已存在，跳过
[2026-06-04 09:18:19] [DEBUG] [ui][Graph][addEdge] 添加边 (16,17)
[2026-06-04 09:18:19] [DEBUG] [ui][Graph][addVertex] 顶点 17 已存在，跳过
[2026-06-04 09:18:19] [DEBUG] [ui][Graph][addVertex] 顶点 18 已存在，跳过
[2026-06-04 09:18:19] [DEBUG] [ui][Graph][addEdge] 添加边 (17,18)
[2026-06-04 09:18:19] [DEBUG] [ui][Graph][addVertex] 顶点 15 已存在，跳过
[2026-06-04 09:18:19] [DEBUG] [ui][Graph][addVertex] 顶点 19 已存在，跳过
[2026-06-04 09:18:19] [DEBUG] [ui][Graph][addEdge] 添加边 (15,19)
[2026-06-04 09:18:19] [DEBUG] [ui][Graph][addVertex] 顶点 19 已存在，跳过
[2026-06-04 09:18:19] [DEBUG] [ui][Graph][addVertex] 顶点 20 已存在，跳过
[2026-06-04 09:18:19] [DEBUG] [ui][Graph][addEdge] 添加边 (19,20)
[2026-06-04 09:18:19] [DEBUG] [ui][Graph][addVertex] 顶点 20 已存在，跳过
[2026-06-04 09:18:19] [DEBUG] [ui][Graph][addVertex] 顶点 21 已存在，跳过
[2026-06-04 09:18:19] [DEBUG] [ui][Graph][addEdge] 添加边 (20,21)
[2026-06-04 09:18:19] [DEBUG] [ui][Graph][addVertex] 顶点 21 已存在，跳过
[2026-06-04 09:18:19] [DEBUG] [ui][Graph][addVertex] 顶点 22 已存在，跳过
[2026-06-04 09:18:19] [DEBUG] [ui][Graph][addEdge] 添加边 (21,22)
[2026-06-04 09:18:19] [DEBUG] [ui][Graph][addVertex] 顶点 16 已存在，跳过
[2026-06-04 09:18:19] [DEBUG] [ui][Graph][addVertex] 顶点 20 已存在，跳过
[2026-06-04 09:18:19] [DEBUG] [ui][Graph][addEdge] 添加边 (16,20)
[2026-06-04 09:18:19] [DEBUG] [ui][Graph][addVertex] 顶点 17 已存在，跳过
[2026-06-04 09:18:19] [DEBUG] [ui][Graph][addVertex] 顶点 21 已存在，跳过
[2026-06-04 09:18:19] [DEBUG] [ui][Graph][addEdge] 添加边 (17,21)
[2026-06-04 09:18:19] [DEBUG] [ui][Graph][addVertex] 顶点 19 已存在，跳过
[2026-06-04 09:18:19] [DEBUG] [ui][Graph][addVertex] 顶点 23 已存在，跳过
[2026-06-04 09:18:19] [DEBUG] [ui][Graph][addEdge] 添加边 (19,23)
[2026-06-04 09:18:19] [DEBUG] [ui][Graph][addVertex] 顶点 23 已存在，跳过
[2026-06-04 09:18:19] [DEBUG] [ui][Graph][addVertex] 顶点 24 已存在，跳过
[2026-06-04 09:18:19] [DEBUG] [ui][Graph][addEdge] 添加边 (23,24)
[2026-06-04 09:18:19] [DEBUG] [ui][Graph][addVertex] 顶点 24 已存在，跳过
[2026-06-04 09:18:19] [DEBUG] [ui][Graph][addVertex] 顶点 25 已存在，跳过
[2026-06-04 09:18:19] [DEBUG] [ui][Graph][addEdge] 添加边 (24,25)
[2026-06-04 09:18:19] [DEBUG] [ui][Graph][addVertex] 顶点 25 已存在，跳过
[2026-06-04 09:18:19] [DEBUG] [ui][Graph][addVertex] 顶点 26 已存在，跳过
[2026-06-04 09:18:19] [DEBUG] [ui][Graph][addEdge] 添加边 (25,26)
[2026-06-04 09:18:19] [DEBUG] [ui][Graph][addVertex] 顶点 26 已存在，跳过
[2026-06-04 09:18:19] [DEBUG] [ui][Graph][addVertex] 顶点 27 已存在，跳过
[2026-06-04 09:18:19] [DEBUG] [ui][Graph][addEdge] 添加边 (26,27)
[2026-06-04 09:18:19] [DEBUG] [ui][Graph][addVertex] 顶点 27 已存在，跳过
[2026-06-04 09:18:19] [DEBUG] [ui][Graph][addVertex] 顶点 28 已存在，跳过
[2026-06-04 09:18:19] [DEBUG] [ui][Graph][addEdge] 添加边 (27,28)
[2026-06-04 09:18:19] [DEBUG] [ui][Graph][addVertex] 顶点 23 已存在，跳过
[2026-06-04 09:18:19] [DEBUG] [ui][Graph][addVertex] 顶点 29 已存在，跳过
[2026-06-04 09:18:19] [DEBUG] [ui][Graph][addEdge] 添加边 (23,29)
[2026-06-04 09:18:19] [DEBUG] [ui][Graph][addVertex] 顶点 29 已存在，跳过
[2026-06-04 09:18:19] [DEBUG] [ui][Graph][addVertex] 顶点 30 已存在，跳过
[2026-06-04 09:18:19] [DEBUG] [ui][Graph][addEdge] 添加边 (29,30)
[2026-06-04 09:18:19] [DEBUG] [ui][Graph][addVertex] 顶点 30 已存在，跳过
[2026-06-04 09:18:19] [DEBUG] [ui][Graph][addVertex] 顶点 31 已存在，跳过
[2026-06-04 09:18:19] [DEBUG] [ui][Graph][addEdge] 添加边 (30,31)
[2026-06-04 09:18:19] [DEBUG] [ui][Graph][addVertex] 顶点 31 已存在，跳过
[2026-06-04 09:18:19] [DEBUG] [ui][Graph][addVertex] 顶点 32 已存在，跳过
[2026-06-04 09:18:19] [DEBUG] [ui][Graph][addEdge] 添加边 (31,32)
[2026-06-04 09:18:19] [DEBUG] [ui][Graph][addVertex] 顶点 32 已存在，跳过
[2026-06-04 09:18:19] [DEBUG] [ui][Graph][addVertex] 顶点 33 已存在，跳过
[2026-06-04 09:18:19] [DEBUG] [ui][Graph][addEdge] 添加边 (32,33)
[2026-06-04 09:18:19] [DEBUG] [ui][Graph][addVertex] 顶点 33 已存在，跳过
[2026-06-04 09:18:19] [DEBUG] [ui][Graph][addVertex] 顶点 34 已存在，跳过
[2026-06-04 09:18:19] [DEBUG] [ui][Graph][addEdge] 添加边 (33,34)
[2026-06-04 09:18:19] [DEBUG] [ui][Graph][addVertex] 顶点 24 已存在，跳过
[2026-06-04 09:18:19] [DEBUG] [ui][Graph][addVertex] 顶点 30 已存在，跳过
[2026-06-04 09:18:19] [DEBUG] [ui][Graph][addEdge] 添加边 (24,30)
[2026-06-04 09:18:19] [DEBUG] [ui][Graph][addVertex] 顶点 25 已存在，跳过
[2026-06-04 09:18:19] [DEBUG] [ui][Graph][addVertex] 顶点 31 已存在，跳过
[2026-06-04 09:18:19] [DEBUG] [ui][Graph][addEdge] 添加边 (25,31)
[2026-06-04 09:18:19] [DEBUG] [ui][Graph][addVertex] 顶点 26 已存在，跳过
[2026-06-04 09:18:19] [DEBUG] [ui][Graph][addVertex] 顶点 32 已存在，跳过
[2026-06-04 09:18:19] [DEBUG] [ui][Graph][addEdge] 添加边 (26,32)
[2026-06-04 09:18:19] [DEBUG] [ui][Graph][addVertex] 顶点 27 已存在，跳过
[2026-06-04 09:18:19] [DEBUG] [ui][Graph][addVertex] 顶点 33 已存在，跳过
[2026-06-04 09:18:19] [DEBUG] [ui][Graph][addEdge] 添加边 (27,33)
[2026-06-04 09:18:19] [DEBUG] [ui][Graph][addVertex] 顶点 29 已存在，跳过
[2026-06-04 09:18:19] [DEBUG] [ui][Graph][addVertex] 顶点 35 已存在，跳过
[2026-06-04 09:18:19] [DEBUG] [ui][Graph][addEdge] 添加边 (29,35)
[2026-06-04 09:18:19] [DEBUG] [ui][Graph][addVertex] 顶点 35 已存在，跳过
[2026-06-04 09:18:19] [DEBUG] [ui][Graph][addVertex] 顶点 36 已存在，跳过
[2026-06-04 09:18:19] [DEBUG] [ui][Graph][addEdge] 添加边 (35,36)
[2026-06-04 09:18:19] [DEBUG] [ui][Graph][addVertex] 顶点 36 已存在，跳过
[2026-06-04 09:18:19] [DEBUG] [ui][Graph][addVertex] 顶点 37 已存在，跳过
[2026-06-04 09:18:19] [DEBUG] [ui][Graph][addEdge] 添加边 (36,37)
[2026-06-04 09:18:19] [DEBUG] [ui][Graph][addVertex] 顶点 37 已存在，跳过
[2026-06-04 09:18:19] [DEBUG] [ui][Graph][addVertex] 顶点 38 已存在，跳过
[2026-06-04 09:18:19] [DEBUG] [ui][Graph][addEdge] 添加边 (37,38)
[2026-06-04 09:18:19] [DEBUG] [ui][Graph][addVertex] 顶点 38 已存在，跳过
[2026-06-04 09:18:19] [DEBUG] [ui][Graph][addVertex] 顶点 39 已存在，跳过
[2026-06-04 09:18:19] [DEBUG] [ui][Graph][addEdge] 添加边 (38,39)
[2026-06-04 09:18:19] [DEBUG] [ui][Graph][addVertex] 顶点 39 已存在，跳过
[2026-06-04 09:18:19] [DEBUG] [ui][Graph][addVertex] 顶点 40 已存在，跳过
[2026-06-04 09:18:19] [DEBUG] [ui][Graph][addEdge] 添加边 (39,40)
[2026-06-04 09:18:19] [DEBUG] [ui][Graph][addVertex] 顶点 40 已存在，跳过
[2026-06-04 09:18:19] [DEBUG] [ui][Graph][addVertex] 顶点 41 已存在，跳过
[2026-06-04 09:18:19] [DEBUG] [ui][Graph][addEdge] 添加边 (40,41)
[2026-06-04 09:18:19] [DEBUG] [ui][Graph][addVertex] 顶点 41 已存在，跳过
[2026-06-04 09:18:19] [DEBUG] [ui][Graph][addVertex] 顶点 42 已存在，跳过
[2026-06-04 09:18:19] [DEBUG] [ui][Graph][addEdge] 添加边 (41,42)
[2026-06-04 09:18:19] [DEBUG] [ui][Graph][addVertex] 顶点 42 已存在，跳过
[2026-06-04 09:18:19] [DEBUG] [ui][Graph][addVertex] 顶点 43 已存在，跳过
[2026-06-04 09:18:19] [DEBUG] [ui][Graph][addEdge] 添加边 (42,43)
[2026-06-04 09:18:19] [DEBUG] [ui][Graph][addVertex] 顶点 43 已存在，跳过
[2026-06-04 09:18:19] [DEBUG] [ui][Graph][addVertex] 顶点 2 已存在，跳过
[2026-06-04 09:18:19] [DEBUG] [ui][Graph][addEdge] 添加边 (43,2)
[2026-06-04 09:18:19] [DEBUG] [ui][Graph][addVertex] 顶点 2 已存在，跳过
[2026-06-04 09:18:19] [DEBUG] [ui][Graph][addVertex] 顶点 3 已存在，跳过
[2026-06-04 09:18:19] [DEBUG] [ui][Graph][addEdge] 添加边 (2,3)
[2026-06-04 09:18:19] [DEBUG] [ui][Graph][addVertex] 顶点 3 已存在，跳过
[2026-06-04 09:18:19] [DEBUG] [ui][Graph][addVertex] 顶点 4 已存在，跳过
[2026-06-04 09:18:19] [DEBUG] [ui][Graph][addEdge] 添加边 (3,4)
[2026-06-04 09:18:19] [DEBUG] [ui][Graph][addVertex] 顶点 4 已存在，跳过
[2026-06-04 09:18:19] [DEBUG] [ui][Graph][addVertex] 顶点 5 已存在，跳过
[2026-06-04 09:18:19] [DEBUG] [ui][Graph][addEdge] 添加边 (4,5)
[2026-06-04 09:18:19] [DEBUG] [ui][Graph][addVertex] 顶点 5 已存在，跳过
[2026-06-04 09:18:19] [DEBUG] [ui][Graph][addVertex] 顶点 44 已存在，跳过
[2026-06-04 09:18:19] [DEBUG] [ui][Graph][addEdge] 添加边 (5,44)
[2026-06-04 09:18:19] [INFO] [ui][SetLevelGraphBuilder][buildMultilist]邻接多重表构建完成
[2026-06-04 09:18:19] [INFO] [ui][SetLevelGraphBuilder][buildGraph] 阶段(1): 重建邻接多重表完成
[2026-06-04 09:18:19] [INFO] [ui][SetLevelGraphBuilder][layoutAndDraw]起始节点ID: 1, 坐标: (20, 120)
[2026-06-04 09:18:19] [INFO] [ui][SetLevelGraphBuilder][processStraightLine]直线: 1 -> 6, 长度: 840, 起点(20,120), 终点(860,120)
[2026-06-04 09:18:19] [INFO] [ui][SetLevelGraphBuilder][createFrameDevice]成功为节点ID=6设置Set信息: uiId=6, setId=12001~12004, 压力范围=0.00~0.00Mpa, 流量平均值=0.00L/Min, 湿度范围=0.00~0.00%
[2026-06-04 09:18:19] [INFO] [ui][SetLevelGraphBuilder][createFrameDevice]创建FrameDevice: ID=6, 轨道坐标=(860, 120), 实际坐标=(800, 14), 位置=ABOVE
[2026-06-04 09:18:19] [INFO] [ui][SetLevelGraphBuilder][processNode]创建SET节点: ID=6
[2026-06-04 09:18:19] [INFO] [ui][SetLevelGraphBuilder][processStraightLine]直线: 6 -> 7, 长度: 140, 起点(860,120), 终点(1000,120)
[2026-06-04 09:18:19] [INFO] [ui][SetLevelGraphBuilder][createFrameDevice]成功为节点ID=7设置Set信息: uiId=7, setId=12005~12008, 压力范围=0.00~0.00Mpa, 流量平均值=0.00L/Min, 湿度范围=0.00~0.00%
[2026-06-04 09:18:19] [INFO] [ui][SetLevelGraphBuilder][createFrameDevice]创建FrameDevice: ID=7, 轨道坐标=(1000, 120), 实际坐标=(940, 14), 位置=ABOVE
[2026-06-04 09:18:19] [INFO] [ui][SetLevelGraphBuilder][processNode]创建SET节点: ID=7
[2026-06-04 09:18:19] [INFO] [ui][SetLevelGraphBuilder][processStraightLine]直线: 7 -> 8, 长度: 420, 起点(1000,120), 终点(1420,120)
[2026-06-04 09:18:19] [INFO] [ui][SetLevelGraphBuilder][createFrameDevice]成功为节点ID=8设置Set信息: uiId=8, setId=12009~12012, 压力范围=0.00~0.00Mpa, 流量平均值=0.00L/Min, 湿度范围=0.00~0.00%
[2026-06-04 09:18:19] [INFO] [ui][SetLevelGraphBuilder][createFrameDevice]创建FrameDevice: ID=8, 轨道坐标=(1420, 120), 实际坐标=(1360, 14), 位置=ABOVE
[2026-06-04 09:18:19] [INFO] [ui][SetLevelGraphBuilder][processNode]创建SET节点: ID=8
[2026-06-04 09:18:19] [INFO] [ui][SetLevelGraphBuilder][processStraightLine]直线: 8 -> 9, 长度: 140, 起点(1420,120), 终点(1560,120)
[2026-06-04 09:18:19] [INFO] [ui][SetLevelGraphBuilder][createFrameDevice]成功为节点ID=9设置Set信息: uiId=9, setId=12013~12016, 压力范围=0.00~0.00Mpa, 流量平均值=0.00L/Min, 湿度范围=0.00~0.00%
[2026-06-04 09:18:19] [INFO] [ui][SetLevelGraphBuilder][createFrameDevice]创建FrameDevice: ID=9, 轨道坐标=(1560, 120), 实际坐标=(1500, 14), 位置=ABOVE
[2026-06-04 09:18:19] [INFO] [ui][SetLevelGraphBuilder][processNode]创建SET节点: ID=9
[2026-06-04 09:18:19] [INFO] [ui][SetLevelGraphBuilder][processStraightLine]直线: 9 -> 10, 长度: 140, 起点(1560,120), 终点(1700,120)
[2026-06-04 09:18:19] [INFO] [ui][SetLevelGraphBuilder][createFrameDevice]成功为节点ID=10设置Set信息: uiId=10, setId=12017~12020, 压力范围=0.00~0.00Mpa, 流量平均值=0.00L/Min, 湿度范围=0.00~0.00%
[2026-06-04 09:18:19] [INFO] [ui][SetLevelGraphBuilder][createFrameDevice]创建FrameDevice: ID=10, 轨道坐标=(1700, 120), 实际坐标=(1640, 14), 位置=ABOVE
[2026-06-04 09:18:19] [INFO] [ui][SetLevelGraphBuilder][processNode]创建SET节点: ID=10
[2026-06-04 09:18:19] [INFO] [ui][SetLevelGraphBuilder][processStraightLine]直线: 10 -> 11, 长度: 140, 起点(1700,120), 终点(1840,120)
[2026-06-04 09:18:19] [INFO] [ui][SetLevelGraphBuilder][createFrameDevice]成功为节点ID=11设置Set信息: uiId=11, setId=12021~12024, 压力范围=0.00~0.00Mpa, 流量平均值=0.00L/Min, 湿度范围=0.00~0.00%
[2026-06-04 09:18:19] [INFO] [ui][SetLevelGraphBuilder][createFrameDevice]创建FrameDevice: ID=11, 轨道坐标=(1840, 120), 实际坐标=(1780, 14), 位置=ABOVE
[2026-06-04 09:18:19] [INFO] [ui][SetLevelGraphBuilder][processNode]创建SET节点: ID=11
[2026-06-04 09:18:19] [INFO] [ui][SetLevelGraphBuilder][processStraightLine]直线: 11 -> 12, 长度: 140, 起点(1840,120), 终点(1980,120)
[2026-06-04 09:18:19] [INFO] [ui][SetLevelGraphBuilder][createFrameDevice]成功为节点ID=12设置Set信息: uiId=12, setId=12025~12028, 压力范围=0.00~0.00Mpa, 流量平均值=0.00L/Min, 湿度范围=0.00~0.00%
[2026-06-04 09:18:19] [INFO] [ui][SetLevelGraphBuilder][createFrameDevice]创建FrameDevice: ID=12, 轨道坐标=(1980, 120), 实际坐标=(1920, 14), 位置=ABOVE
[2026-06-04 09:18:19] [INFO] [ui][SetLevelGraphBuilder][processNode]创建SET节点: ID=12
[2026-06-04 09:18:19] [INFO] [ui][SetLevelGraphBuilder][processStraightLine]直线: 12 -> 13, 长度: 140, 起点(1980,120), 终点(2120,120)
[2026-06-04 09:18:19] [INFO] [ui][SetLevelGraphBuilder][createFrameDevice]成功为节点ID=13设置Set信息: uiId=13, setId=12029~12032, 压力范围=0.00~0.00Mpa, 流量平均值=0.00L/Min, 湿度范围=0.00~0.00%
[2026-06-04 09:18:19] [INFO] [ui][SetLevelGraphBuilder][createFrameDevice]创建FrameDevice: ID=13, 轨道坐标=(2120, 120), 实际坐标=(2060, 14), 位置=ABOVE
[2026-06-04 09:18:19] [INFO] [ui][SetLevelGraphBuilder][processNode]创建SET节点: ID=13
[2026-06-04 09:18:19] [INFO] [ui][SetLevelGraphBuilder][processStraightLine]直线: 13 -> 14, 长度: 70 + 偏移: 118 = 188, 起点(2120,120), 终点(2308,120)
[2026-06-04 09:18:19] [INFO] [ui][SetLevelGraphBuilder][processVirtualLine]虚线: 1 -> 15, 类型: VERTICAL_VIRTUAL_LINE, 起点(20,120), 终点(20,126)
[2026-06-04 09:18:19] [INFO] [ui][SetLevelGraphBuilder][processStraightLine]直线: 15 -> 16, 长度: 560, 起点(20,126), 终点(580,126)
[2026-06-04 09:18:19] [INFO] [ui][SetLevelGraphBuilder][processVirtualLine]虚线: 16 -> 17, 类型: HORIZONTAL_VIRTUAL_LINE, 起点(580,126), 终点(586,126)
[2026-06-04 09:18:19] [INFO] [ui][SetLevelGraphBuilder][processStraightLine]直线: 17 -> 18, 长度: 1722, 起点(586,126), 终点(2308,126)
[2026-06-04 09:18:19] [INFO] [ui][SetLevelGraphBuilder][processVirtualLine]虚线: 15 -> 19, 类型: VERTICAL_VIRTUAL_LINE, 起点(20,126), 终点(20,266)
[2026-06-04 09:18:19] [INFO] [ui][SetLevelGraphBuilder][processStraightLine]直线: 19 -> 20, 长度: 700, 起点(20,266), 终点(720,266)
[2026-06-04 09:18:19] [INFO] [ui][SetLevelGraphBuilder][processVirtualLine]虚线: 20 -> 21, 类型: HORIZONTAL_VIRTUAL_LINE, 起点(720,266), 终点(726,266)
[2026-06-04 09:18:19] [INFO] [ui][SetLevelGraphBuilder][processStraightLine]直线: 21 -> 22, 长度: 1582 + 偏移: 10 = 1592, 起点(726,266), 终点(2318,266)
[2026-06-04 09:18:19] [INFO] [ui][SetLevelGraphBuilder][processSCurve]S曲线: 16 -> 20, 目标节点已有坐标，使用已有坐标
[2026-06-04 09:18:19] [INFO] [ui][SetLevelGraphBuilder][processSCurve]绘制曲线 16 -> 20, 类型: REVERSE_S_CURVE, 起点(580,126), 终点(720,266), 控制点1(650,126), 控制点2(650,266)
[2026-06-04 09:18:19] [INFO] [ui][SetLevelGraphBuilder][processSCurve]S曲线: 17 -> 21, 目标节点已有坐标，使用已有坐标
[2026-06-04 09:18:19] [INFO] [ui][SetLevelGraphBuilder][processSCurve]绘制曲线 17 -> 21, 类型: REVERSE_S_CURVE, 起点(586,126), 终点(726,266), 控制点1(656,126), 控制点2(656,266)
[2026-06-04 09:18:19] [INFO] [ui][SetLevelGraphBuilder][processVirtualLine]虚线: 19 -> 23, 类型: VERTICAL_VIRTUAL_LINE, 起点(20,266), 终点(20,272)
[2026-06-04 09:18:19] [INFO] [ui][SetLevelGraphBuilder][processStraightLine]直线: 23 -> 24, 长度: 1190, 起点(20,272), 终点(1210,272)
[2026-06-04 09:18:19] [INFO] [ui][SetLevelGraphBuilder][processVirtualLine]虚线: 24 -> 25, 类型: HORIZONTAL_VIRTUAL_LINE, 起点(1210,272), 终点(1216,272)
[2026-06-04 09:18:19] [INFO] [ui][SetLevelGraphBuilder][processStraightLine]直线: 25 -> 26, 长度: 140, 起点(1216,272), 终点(1356,272)
[2026-06-04 09:18:19] [INFO] [ui][SetLevelGraphBuilder][processVirtualLine]虚线: 26 -> 27, 类型: HORIZONTAL_VIRTUAL_LINE, 起点(1356,272), 终点(1362,272)
[2026-06-04 09:18:19] [INFO] [ui][SetLevelGraphBuilder][processStraightLine]直线: 27 -> 28, 长度: 980 + 偏移: -24 = 956, 起点(1362,272), 终点(2318,272)
[2026-06-04 09:18:19] [INFO] [ui][SetLevelGraphBuilder][processVirtualLine]虚线: 23 -> 29, 类型: VERTICAL_VIRTUAL_LINE, 起点(20,272), 终点(20,482)
[2026-06-04 09:18:19] [INFO] [ui][SetLevelGraphBuilder][processStraightLine]直线: 29 -> 30, 长度: 1190, 起点(20,482), 终点(1210,482)
[2026-06-04 09:18:19] [INFO] [ui][SetLevelGraphBuilder][processVirtualLine]虚线: 30 -> 31, 类型: HORIZONTAL_VIRTUAL_LINE, 起点(1210,482), 终点(1216,482)
[2026-06-04 09:18:19] [INFO] [ui][SetLevelGraphBuilder][processStraightLine]直线: 31 -> 32, 长度: 140, 起点(1216,482), 终点(1356,482)
[2026-06-04 09:18:19] [INFO] [ui][SetLevelGraphBuilder][processVirtualLine]虚线: 32 -> 33, 类型: HORIZONTAL_VIRTUAL_LINE, 起点(1356,482), 终点(1362,482)
[2026-06-04 09:18:19] [INFO] [ui][SetLevelGraphBuilder][processStraightLine]直线: 33 -> 34, 长度: 770 + 偏移: 190 = 960, 起点(1362,482), 终点(2322,482)
[2026-06-04 09:18:19] [INFO] [ui][SetLevelGraphBuilder][processSemicircleArc]绘制半圆弧 24 -> 30, 类型: RIGHT_SEMICIRCLE_ARC, 起点(1210,272), 终点(1210,482)
[2026-06-04 09:18:19] [INFO] [ui][SetLevelGraphBuilder][processSemicircleArc]半圆弧: 24 -> 30, 类型: RIGHT_SEMICIRCLE_ARC
[2026-06-04 09:18:19] [INFO] [ui][SetLevelGraphBuilder][processSemicircleArc]绘制半圆弧 25 -> 31, 类型: RIGHT_SEMICIRCLE_ARC, 起点(1216,272), 终点(1216,482)
[2026-06-04 09:18:19] [INFO] [ui][SetLevelGraphBuilder][processSemicircleArc]半圆弧: 25 -> 31, 类型: RIGHT_SEMICIRCLE_ARC
[2026-06-04 09:18:19] [INFO] [ui][SetLevelGraphBuilder][processSemicircleArc]绘制半圆弧 26 -> 32, 类型: LEFT_SEMICIRCLE_ARC, 起点(1356,272), 终点(1356,482)
[2026-06-04 09:18:19] [INFO] [ui][SetLevelGraphBuilder][processSemicircleArc]半圆弧: 26 -> 32, 类型: LEFT_SEMICIRCLE_ARC
[2026-06-04 09:18:19] [INFO] [ui][SetLevelGraphBuilder][processSemicircleArc]绘制半圆弧 27 -> 33, 类型: LEFT_SEMICIRCLE_ARC, 起点(1362,272), 终点(1362,482)
[2026-06-04 09:18:19] [INFO] [ui][SetLevelGraphBuilder][processSemicircleArc]半圆弧: 27 -> 33, 类型: LEFT_SEMICIRCLE_ARC
[2026-06-04 09:18:19] [INFO] [ui][SetLevelGraphBuilder][processVirtualLine]虚线: 29 -> 35, 类型: VERTICAL_VIRTUAL_LINE, 起点(20,482), 终点(20,488)
[2026-06-04 09:18:19] [INFO] [ui][SetLevelGraphBuilder][processStraightLine]直线: 35 -> 36, 长度: 70, 起点(20,488), 终点(90,488)
[2026-06-04 09:18:19] [INFO] [ui][SetLevelGraphBuilder][createFrameDevice]成功为节点ID=36设置Set信息: uiId=36, setId=12033~12036, 压力范围=0.00~0.00Mpa, 流量平均值=0.00L/Min, 湿度范围=0.00~0.00%
[2026-06-04 09:18:19] [INFO] [ui][SetLevelGraphBuilder][createFrameDevice]创建FrameDevice: ID=36, 轨道坐标=(90, 488), 实际坐标=(30, 496), 位置=BELOW
[2026-06-04 09:18:19] [INFO] [ui][SetLevelGraphBuilder][processNode]创建SET节点: ID=36
[2026-06-04 09:18:19] [INFO] [ui][SetLevelGraphBuilder][processStraightLine]直线: 36 -> 37, 长度: 140, 起点(90,488), 终点(230,488)
[2026-06-04 09:18:19] [INFO] [ui][SetLevelGraphBuilder][createFrameDevice]成功为节点ID=37设置Set信息: uiId=37, setId=12037~12040, 压力范围=0.00~0.00Mpa, 流量平均值=0.00L/Min, 湿度范围=0.00~0.00%
[2026-06-04 09:18:19] [INFO] [ui][SetLevelGraphBuilder][createFrameDevice]创建FrameDevice: ID=37, 轨道坐标=(230, 488), 实际坐标=(170, 496), 位置=BELOW
[2026-06-04 09:18:19] [INFO] [ui][SetLevelGraphBuilder][processNode]创建SET节点: ID=37
[2026-06-04 09:18:19] [INFO] [ui][SetLevelGraphBuilder][processStraightLine]直线: 37 -> 38, 长度: 140, 起点(230,488), 终点(370,488)
[2026-06-04 09:18:19] [INFO] [ui][SetLevelGraphBuilder][createFrameDevice]成功为节点ID=38设置Set信息: uiId=38, setId=12041~12044, 压力范围=0.00~0.00Mpa, 流量平均值=0.00L/Min, 湿度范围=0.00~0.00%
[2026-06-04 09:18:19] [INFO] [ui][SetLevelGraphBuilder][createFrameDevice]创建FrameDevice: ID=38, 轨道坐标=(370, 488), 实际坐标=(310, 496), 位置=BELOW
[2026-06-04 09:18:19] [INFO] [ui][SetLevelGraphBuilder][processNode]创建SET节点: ID=38
[2026-06-04 09:18:19] [INFO] [ui][SetLevelGraphBuilder][processStraightLine]直线: 38 -> 39, 长度: 140, 起点(370,488), 终点(510,488)
[2026-06-04 09:18:19] [INFO] [ui][SetLevelGraphBuilder][createFrameDevice]成功为节点ID=39设置Set信息: uiId=39, setId=12045~12048, 压力范围=0.00~0.00Mpa, 流量平均值=0.00L/Min, 湿度范围=0.00~0.00%
[2026-06-04 09:18:19] [INFO] [ui][SetLevelGraphBuilder][createFrameDevice]创建FrameDevice: ID=39, 轨道坐标=(510, 488), 实际坐标=(450, 496), 位置=BELOW
[2026-06-04 09:18:19] [INFO] [ui][SetLevelGraphBuilder][processNode]创建SET节点: ID=39
[2026-06-04 09:18:19] [INFO] [ui][SetLevelGraphBuilder][processStraightLine]直线: 39 -> 40, 长度: 140, 起点(510,488), 终点(650,488)
[2026-06-04 09:18:19] [INFO] [ui][SetLevelGraphBuilder][createFrameDevice]成功为节点ID=40设置Set信息: uiId=40, setId=12049~12052, 压力范围=0.00~0.00Mpa, 流量平均值=0.00L/Min, 湿度范围=0.00~0.00%
[2026-06-04 09:18:19] [INFO] [ui][SetLevelGraphBuilder][createFrameDevice]创建FrameDevice: ID=40, 轨道坐标=(650, 488), 实际坐标=(590, 496), 位置=BELOW
[2026-06-04 09:18:19] [INFO] [ui][SetLevelGraphBuilder][processNode]创建SET节点: ID=40
[2026-06-04 09:18:19] [INFO] [ui][SetLevelGraphBuilder][processStraightLine]直线: 40 -> 41, 长度: 140, 起点(650,488), 终点(790,488)
[2026-06-04 09:18:19] [INFO] [ui][SetLevelGraphBuilder][createFrameDevice]成功为节点ID=41设置Set信息: uiId=41, setId=12053~12056, 压力范围=0.00~0.00Mpa, 流量平均值=0.00L/Min, 湿度范围=0.00~0.00%
[2026-06-04 09:18:19] [INFO] [ui][SetLevelGraphBuilder][createFrameDevice]创建FrameDevice: ID=41, 轨道坐标=(790, 488), 实际坐标=(730, 496), 位置=BELOW
[2026-06-04 09:18:19] [INFO] [ui][SetLevelGraphBuilder][processNode]创建SET节点: ID=41
[2026-06-04 09:18:19] [INFO] [ui][SetLevelGraphBuilder][processStraightLine]直线: 41 -> 42, 长度: 140, 起点(790,488), 终点(930,488)
[2026-06-04 09:18:19] [INFO] [ui][SetLevelGraphBuilder][createFrameDevice]成功为节点ID=42设置Set信息: uiId=42, setId=12057~12060, 压力范围=0.00~0.00Mpa, 流量平均值=0.00L/Min, 湿度范围=0.00~0.00%
[2026-06-04 09:18:19] [INFO] [ui][SetLevelGraphBuilder][createFrameDevice]创建FrameDevice: ID=42, 轨道坐标=(930, 488), 实际坐标=(870, 496), 位置=BELOW
[2026-06-04 09:18:19] [INFO] [ui][SetLevelGraphBuilder][processNode]创建SET节点: ID=42
[2026-06-04 09:18:19] [INFO] [ui][SetLevelGraphBuilder][processStraightLine]直线: 42 -> 43, 长度: 140, 起点(930,488), 终点(1070,488)
[2026-06-04 09:18:19] [INFO] [ui][SetLevelGraphBuilder][createFrameDevice]成功为节点ID=43设置Set信息: uiId=43, setId=12061~12064, 压力范围=0.00~0.00Mpa, 流量平均值=0.00L/Min, 湿度范围=0.00~0.00%
[2026-06-04 09:18:19] [INFO] [ui][SetLevelGraphBuilder][createFrameDevice]创建FrameDevice: ID=43, 轨道坐标=(1070, 488), 实际坐标=(1010, 496), 位置=BELOW
[2026-06-04 09:18:19] [INFO] [ui][SetLevelGraphBuilder][processNode]创建SET节点: ID=43
[2026-06-04 09:18:19] [INFO] [ui][SetLevelGraphBuilder][processStraightLine]直线: 43 -> 2, 长度: 322 + 偏移: 22 = 344, 起点(1070,488), 终点(1414,488)
[2026-06-04 09:18:19] [INFO] [ui][SetLevelGraphBuilder][createFrameDevice]成功为节点ID=2设置Set信息: uiId=2, setId=12065~12068, 压力范围=0.00~0.00Mpa, 流量平均值=0.00L/Min, 湿度范围=0.00~0.00%
[2026-06-04 09:18:19] [INFO] [ui][SetLevelGraphBuilder][createFrameDevice]创建FrameDevice: ID=2, 轨道坐标=(1414, 488), 实际坐标=(1354, 496), 位置=BELOW
[2026-06-04 09:18:19] [INFO] [ui][SetLevelGraphBuilder][processNode]创建SET节点: ID=2
[2026-06-04 09:18:19] [INFO] [ui][SetLevelGraphBuilder][processStraightLine]直线: 2 -> 3, 长度: 140, 起点(1414,488), 终点(1554,488)
[2026-06-04 09:18:19] [INFO] [ui][SetLevelGraphBuilder][createFrameDevice]成功为节点ID=3设置Set信息: uiId=3, setId=12069~12072, 压力范围=0.00~0.00Mpa, 流量平均值=0.00L/Min, 湿度范围=0.00~0.00%
[2026-06-04 09:18:19] [INFO] [ui][SetLevelGraphBuilder][createFrameDevice]创建FrameDevice: ID=3, 轨道坐标=(1554, 488), 实际坐标=(1494, 496), 位置=BELOW
[2026-06-04 09:18:19] [INFO] [ui][SetLevelGraphBuilder][processNode]创建SET节点: ID=3
[2026-06-04 09:18:19] [INFO] [ui][SetLevelGraphBuilder][processStraightLine]直线: 3 -> 4, 长度: 140, 起点(1554,488), 终点(1694,488)
[2026-06-04 09:18:19] [INFO] [ui][SetLevelGraphBuilder][createFrameDevice]成功为节点ID=4设置Set信息: uiId=4, setId=12073~12076, 压力范围=0.00~0.00Mpa, 流量平均值=0.00L/Min, 湿度范围=0.00~0.00%
[2026-06-04 09:18:19] [INFO] [ui][SetLevelGraphBuilder][createFrameDevice]创建FrameDevice: ID=4, 轨道坐标=(1694, 488), 实际坐标=(1634, 496), 位置=BELOW
[2026-06-04 09:18:19] [INFO] [ui][SetLevelGraphBuilder][processNode]创建SET节点: ID=4
[2026-06-04 09:18:19] [INFO] [ui][SetLevelGraphBuilder][processStraightLine]直线: 4 -> 5, 长度: 140, 起点(1694,488), 终点(1834,488)
[2026-06-04 09:18:19] [INFO] [ui][SetLevelGraphBuilder][createFrameDevice]成功为节点ID=5设置Set信息: uiId=5, setId=12077~12080, 压力范围=0.00~0.00Mpa, 流量平均值=0.00L/Min, 湿度范围=0.00~0.00%
[2026-06-04 09:18:19] [INFO] [ui][SetLevelGraphBuilder][createFrameDevice]创建FrameDevice: ID=5, 轨道坐标=(1834, 488), 实际坐标=(1774, 496), 位置=BELOW
[2026-06-04 09:18:19] [INFO] [ui][SetLevelGraphBuilder][processNode]创建SET节点: ID=5
[2026-06-04 09:18:19] [INFO] [ui][SetLevelGraphBuilder][processStraightLine]直线: 5 -> 44, 长度: 350 + 偏移: 140 = 490, 起点(1834,488), 终点(2324,488)
[2026-06-04 09:18:19] [INFO] [ui][SetLevelGraphBuilder][layoutAndDraw]布局和绘制完成
[2026-06-04 09:18:19] [INFO] [ui][SetLevelGraphBuilder][buildGraph] 阶段(2): 绘制图像界面完成
[2026-06-04 09:18:19] [INFO] [ui][SetLevelGraphBuilder][buildGraph] 阶段(3): 布局图重构完毕
[2026-06-04 09:18:19] [INFO] [ui][SetLevelGraphBuilder][buildGraph] 图构建完成
[2026-06-04 09:18:19] [INFO] ====================Set视图天车轨道布局图重构  结束====================
[2026-06-04 09:18:19] [INFO] [CraneMapWidget::refreshDeviceData]Updated 20 devices
[2026-06-04 09:18:19] [INFO] [CraneMapWidget::refreshDeviceData]Updated 20 devices
[2026-06-04 09:18:20] [WARN] [data][ModbusTcpMaster][ModbusConnecter][onAsyncReconnectTimeout]：设备ID=12016 自动重连超时，连续失败次数=1
[2026-06-04 09:18:20] [WARN] [scheduler][NetworkStatusTask][Device][onStatusChanged]：设备ID=12016 连接中->错误，IP端口=127.0.0.1:515
[2026-06-04 09:18:20] [WARN] [data][ModbusTcpMaster][ModbusConnecter][onAsyncReconnectTimeout]：设备ID=12015 自动重连超时，连续失败次数=1
[2026-06-04 09:18:20] [WARN] [data][ModbusTcpMaster][ModbusConnecter][onAsyncReconnectTimeout]：设备ID=12013 自动重连超时，连续失败次数=1
[2026-06-04 09:18:20] [WARN] [data][ModbusTcpMaster][ModbusConnecter][onAsyncReconnectTimeout]：设备ID=12001 自动重连超时，连续失败次数=1
[2026-06-04 09:18:20] [WARN] [data][ModbusTcpMaster][ModbusConnecter][onAsyncReconnectTimeout]：设备ID=12009 自动重连超时，连续失败次数=1
[2026-06-04 09:18:20] [WARN] [data][ModbusTcpMaster][ModbusConnecter][onAsyncReconnectTimeout]：设备ID=12010 自动重连超时，连续失败次数=1
[2026-06-04 09:18:20] [WARN] [data][ModbusTcpMaster][ModbusConnecter][onAsyncReconnectTimeout]：设备ID=12005 自动重连超时，连续失败次数=1
[2026-06-04 09:18:20] [WARN] [data][ModbusTcpMaster][ModbusConnecter][onAsyncReconnectTimeout]：设备ID=12004 自动重连超时，连续失败次数=1
[2026-06-04 09:18:20] [WARN] [data][ModbusTcpMaster][ModbusConnecter][onAsyncReconnectTimeout]：设备ID=12006 自动重连超时，连续失败次数=1
[2026-06-04 09:18:20] [WARN] [submitAlarm] 提交警报
警报ID: 2120162001
告警类型: 2001(Device Offline)
警报级别: 2(错误/Error)
设备标识: 12016
描述: [qrcode: 12016] Device Offline
[2026-06-04 09:18:20] [ERROR] [persistInsert] 警报日志数据库不可用，丢弃警报
警报ID: 2120162001
设备标识: 12016
告警类型: 2001(Device Offline)
[2026-06-04 09:18:20] [WARN] [data][ModbusTcpMaster][ModbusConnecter][onConnectionError]：设备ID=12006 连接阶段错误: Connection timeout (non-blocking)
[2026-06-04 09:18:20] [WARN] [data][ModbusTcpMaster][ModbusConnecter][onAsyncReconnectTimeout]：设备ID=12014 自动重连超时，连续失败次数=1
[2026-06-04 09:18:20] [WARN] [data][ModbusTcpMaster][ModbusConnecter][onConnectionError]：设备ID=12015 连接阶段错误: Connection timeout (non-blocking)
[2026-06-04 09:18:20] [WARN] [data][ModbusTcpMaster][ModbusConnecter][onConnectionError]：设备ID=12013 连接阶段错误: Connection timeout (non-blocking)
[2026-06-04 09:18:20] [WARN] [data][ModbusTcpMaster][ModbusConnecter][onAsyncReconnectTimeout]：设备ID=12011 自动重连超时，连续失败次数=1
[2026-06-04 09:18:20] [WARN] [scheduler][NetworkStatusTask][Device][onStatusChanged]：设备ID=12015 连接中->错误，IP端口=127.0.0.1:514
[2026-06-04 09:18:20] [WARN] [submitAlarm] 提交警报
警报ID: 2120152001
告警类型: 2001(Device Offline)
警报级别: 2(错误/Error)
设备标识: 12015
描述: [qrcode: 12015] Device Offline
[2026-06-04 09:18:20] [ERROR] [persistInsert] 警报日志数据库不可用，丢弃警报
警报ID: 2120152001
设备标识: 12015
告警类型: 2001(Device Offline)
[2026-06-04 09:18:20] [WARN] [data][ModbusTcpMaster][ModbusConnecter][onConnectionError]：设备ID=12001 连接阶段错误: Connection timeout (non-blocking)
[2026-06-04 09:18:20] [WARN] [data][ModbusTcpMaster][ModbusConnecter][onConnectionError]：设备ID=12009 连接阶段错误: Connection timeout (non-blocking)
[2026-06-04 09:18:20] [WARN] [data][ModbusTcpMaster][ModbusConnecter][onAsyncReconnectTimeout]：设备ID=12007 自动重连超时，连续失败次数=1
[2026-06-04 09:18:20] [WARN] [data][ModbusTcpMaster][ModbusConnecter][onConnectionError]：设备ID=12010 连接阶段错误: Connection timeout (non-blocking)
[2026-06-04 09:18:20] [WARN] [data][ModbusTcpMaster][ModbusConnecter][onAsyncReconnectTimeout]：设备ID=12002 自动重连超时，连续失败次数=1
[2026-06-04 09:18:20] [WARN] [data][ModbusTcpMaster][ModbusConnecter][onConnectionError]：设备ID=12005 连接阶段错误: Connection timeout (non-blocking)
[2026-06-04 09:18:20] [WARN] [data][ModbusTcpMaster][ModbusConnecter][onAsyncReconnectTimeout]：设备ID=12040 自动重连超时，连续失败次数=1
[2026-06-04 09:18:20] [WARN] [data][ModbusTcpMaster][ModbusConnecter][onAsyncReconnectTimeout]：设备ID=12003 自动重连超时，连续失败次数=1
[2026-06-04 09:18:20] [WARN] [data][ModbusTcpMaster][ModbusConnecter][onConnectionError]：设备ID=12016 连接阶段错误: Connection timeout (non-blocking)
[2026-06-04 09:18:20] [WARN] [data][ModbusTcpMaster][ModbusConnecter][onAsyncReconnectTimeout]：设备ID=12012 自动重连超时，连续失败次数=1
[2026-06-04 09:18:20] [WARN] [data][ModbusTcpMaster][ModbusConnecter][onConnectionError]：设备ID=12004 连接阶段错误: Connection timeout (non-blocking)
[2026-06-04 09:18:20] [WARN] [data][ModbusTcpMaster][ModbusConnecter][onAsyncReconnectTimeout]：设备ID=12042 自动重连超时，连续失败次数=1
[2026-06-04 09:18:20] [WARN] [data][ModbusTcpMaster][ModbusConnecter][onAsyncReconnectTimeout]：设备ID=12039 自动重连超时，连续失败次数=1
[2026-06-04 09:18:20] [WARN] [data][ModbusTcpMaster][ModbusConnecter][onAsyncReconnectTimeout]：设备ID=12021 自动重连超时，连续失败次数=1
[2026-06-04 09:18:20] [WARN] [data][ModbusTcpMaster][ModbusConnecter][onAsyncReconnectTimeout]：设备ID=12041 自动重连超时，连续失败次数=1
[2026-06-04 09:18:20] [WARN] [data][ModbusTcpMaster][ModbusConnecter][onAsyncReconnectTimeout]：设备ID=12022 自动重连超时，连续失败次数=1
[2026-06-04 09:18:20] [WARN] [data][ModbusTcpMaster][ModbusConnecter][onAsyncReconnectTimeout]：设备ID=12008 自动重连超时，连续失败次数=1
[2026-06-04 09:18:20] [INFO] [data][ModbusTcpMaster][enterState]：设备ID=12006 状态切换: 连接中 -> 错误状态
[2026-06-04 09:18:20] [INFO] [data][ModbusTcpMaster][ModbusConnecter][startAutoReconnect]：设备ID=12006 开始自动重连，间隔=3000ms
[2026-06-04 09:18:20] [WARN] [data][ModbusTcpMaster][ModbusConnecter][onConnectionError]：设备ID=12014 连接阶段错误: Connection timeout (non-blocking)
[2026-06-04 09:18:20] [WARN] [data][ModbusTcpMaster][ModbusConnecter][onAsyncReconnectTimeout]：设备ID=12028 自动重连超时，连续失败次数=1
[2026-06-04 09:18:20] [INFO] [data][ModbusTcpMaster][enterState]：设备ID=12015 状态切换: 连接中 -> 错误状态
[2026-06-04 09:18:20] [INFO] [data][ModbusTcpMaster][ModbusConnecter][startAutoReconnect]：设备ID=12015 开始自动重连，间隔=3000ms
[2026-06-04 09:18:20] [WARN] [data][ModbusTcpMaster][ModbusConnecter][onAsyncReconnectTimeout]：设备ID=12037 自动重连超时，连续失败次数=1
[2026-06-04 09:18:20] [INFO] [data][ModbusTcpMaster][enterState]：设备ID=12013 状态切换: 连接中 -> 错误状态
[2026-06-04 09:18:20] [INFO] [data][ModbusTcpMaster][ModbusConnecter][startAutoReconnect]：设备ID=12013 开始自动重连，间隔=3000ms
[2026-06-04 09:18:20] [WARN] [data][ModbusTcpMaster][ModbusConnecter][onAsyncReconnectTimeout]：设备ID=12035 自动重连超时，连续失败次数=1
[2026-06-04 09:18:20] [WARN] [scheduler][NetworkStatusTask][Device][onStatusChanged]：设备ID=12014 连接中->错误，IP端口=127.0.0.1:513
[2026-06-04 09:18:20] [WARN] [data][ModbusTcpMaster][ModbusConnecter][onConnectionError]：设备ID=12011 连接阶段错误: Connection timeout (non-blocking)
[2026-06-04 09:18:20] [WARN] [submitAlarm] 提交警报
警报ID: 2120142001
告警类型: 2001(Device Offline)
警报级别: 2(错误/Error)
设备标识: 12014
描述: [qrcode: 12014] Device Offline
[2026-06-04 09:18:20] [ERROR] [persistInsert] 警报日志数据库不可用，丢弃警报
警报ID: 2120142001
设备标识: 12014
告警类型: 2001(Device Offline)
[2026-06-04 09:18:20] [INFO] [data][ModbusTcpMaster][enterState]：设备ID=12001 状态切换: 连接中 -> 错误状态
[2026-06-04 09:18:20] [INFO] [data][ModbusTcpMaster][ModbusConnecter][startAutoReconnect]：设备ID=12001 开始自动重连，间隔=3000ms
[2026-06-04 09:18:20] [WARN] [data][ModbusTcpMaster][ModbusConnecter][onAsyncReconnectTimeout]：设备ID=12023 自动重连超时，连续失败次数=1
[2026-06-04 09:18:20] [INFO] [data][ModbusTcpMaster][enterState]：设备ID=12009 状态切换: 连接中 -> 错误状态
[2026-06-04 09:18:20] [WARN] [data][ModbusTcpMaster][ModbusConnecter][onConnectionError]：设备ID=12007 连接阶段错误: Connection timeout (non-blocking)
[2026-06-04 09:18:20] [INFO] [data][ModbusTcpMaster][ModbusConnecter][startAutoReconnect]：设备ID=12009 开始自动重连，间隔=3000ms
[2026-06-04 09:18:20] [INFO] [data][ModbusTcpMaster][enterState]：设备ID=12010 状态切换: 连接中 -> 错误状态
[2026-06-04 09:18:20] [INFO] [data][ModbusTcpMaster][ModbusConnecter][startAutoReconnect]：设备ID=12010 开始自动重连，间隔=3000ms
[2026-06-04 09:18:20] [WARN] [data][ModbusTcpMaster][ModbusConnecter][onAsyncReconnectTimeout]：设备ID=12031 自动重连超时，连续失败次数=1
[2026-06-04 09:18:20] [WARN] [data][ModbusTcpMaster][ModbusConnecter][onConnectionError]：设备ID=12002 连接阶段错误: Connection timeout (non-blocking)
[2026-06-04 09:18:20] [WARN] [data][ModbusTcpMaster][ModbusConnecter][onAsyncReconnectTimeout]：设备ID=12032 自动重连超时，连续失败次数=1
[2026-06-04 09:18:20] [WARN] [data][ModbusTcpMaster][ModbusConnecter][onConnectionError]：设备ID=12040 连接阶段错误: Connection timeout (non-blocking)
[2026-06-04 09:18:20] [INFO] [data][ModbusTcpMaster][enterState]：设备ID=12005 状态切换: 连接中 -> 错误状态
[2026-06-04 09:18:20] [WARN] [data][ModbusTcpMaster][ModbusConnecter][onConnectionError]：设备ID=12003 连接阶段错误: Connection timeout (non-blocking)
[2026-06-04 09:18:20] [INFO] [data][ModbusTcpMaster][ModbusConnecter][startAutoReconnect]：设备ID=12005 开始自动重连，间隔=3000ms
[2026-06-04 09:18:20] [WARN] [data][ModbusTcpMaster][ModbusConnecter][onConnectionError]：设备ID=12012 连接阶段错误: Connection timeout (non-blocking)
[2026-06-04 09:18:20] [INFO] [data][ModbusTcpMaster][enterState]：设备ID=12016 状态切换: 连接中 -> 错误状态
[2026-06-04 09:18:20] [INFO] [data][ModbusTcpMaster][ModbusConnecter][startAutoReconnect]：设备ID=12016 开始自动重连，间隔=3000ms
[2026-06-04 09:18:20] [WARN] [data][ModbusTcpMaster][ModbusConnecter][onAsyncReconnectTimeout]：设备ID=12027 自动重连超时，连续失败次数=1
[2026-06-04 09:18:20] [WARN] [data][ModbusTcpMaster][ModbusConnecter][onAsyncReconnectTimeout]：设备ID=12038 自动重连超时，连续失败次数=1
[2026-06-04 09:18:20] [INFO] [data][ModbusTcpMaster][enterState]：设备ID=12004 状态切换: 连接中 -> 错误状态
[2026-06-04 09:18:20] [INFO] [data][ModbusTcpMaster][ModbusConnecter][startAutoReconnect]：设备ID=12004 开始自动重连，间隔=3000ms
[2026-06-04 09:18:20] [WARN] [data][ModbusTcpMaster][ModbusConnecter][onAsyncReconnectTimeout]：设备ID=12026 自动重连超时，连续失败次数=1
[2026-06-04 09:18:20] [WARN] [data][ModbusTcpMaster][ModbusConnecter][onConnectionError]：设备ID=12042 连接阶段错误: Connection timeout (non-blocking)
[2026-06-04 09:18:20] [WARN] [data][ModbusTcpMaster][ModbusConnecter][onConnectionError]：设备ID=12039 连接阶段错误: Connection timeout (non-blocking)
[2026-06-04 09:18:20] [WARN] [data][ModbusTcpMaster][ModbusConnecter][onConnectionError]：设备ID=12021 连接阶段错误: Connection timeout (non-blocking)
[2026-06-04 09:18:20] [WARN] [data][ModbusTcpMaster][ModbusConnecter][onConnectionError]：设备ID=12041 连接阶段错误: Connection timeout (non-blocking)
[2026-06-04 09:18:20] [WARN] [data][ModbusTcpMaster][ModbusConnecter][onConnectionError]：设备ID=12022 连接阶段错误: Connection timeout (non-blocking)
[2026-06-04 09:18:20] [WARN] [data][ModbusTcpMaster][ModbusConnecter][onConnectionError]：设备ID=12008 连接阶段错误: Connection timeout (non-blocking)
[2026-06-04 09:18:20] [INFO] [data][ModbusTcpMaster][enterState]：设备ID=12014 状态切换: 连接中 -> 错误状态
[2026-06-04 09:18:20] [INFO] [data][ModbusTcpMaster][ModbusConnecter][startAutoReconnect]：设备ID=12014 开始自动重连，间隔=3000ms
[2026-06-04 09:18:20] [WARN] [data][ModbusTcpMaster][ModbusConnecter][onConnectionError]：设备ID=12028 连接阶段错误: Connection timeout (non-blocking)
[2026-06-04 09:18:20] [WARN] [data][ModbusTcpMaster][ModbusConnecter][onAsyncReconnectTimeout]：设备ID=12036 自动重连超时，连续失败次数=1
[2026-06-04 09:18:20] [WARN] [data][ModbusTcpMaster][ModbusConnecter][onConnectionError]：设备ID=12037 连接阶段错误: Connection timeout (non-blocking)
[2026-06-04 09:18:20] [WARN] [data][ModbusTcpMaster][ModbusConnecter][onConnectionError]：设备ID=12035 连接阶段错误: Connection timeout (non-blocking)
[2026-06-04 09:18:20] [INFO] [data][ModbusTcpMaster][enterState]：设备ID=12011 状态切换: 连接中 -> 错误状态
[2026-06-04 09:18:20] [INFO] [data][ModbusTcpMaster][ModbusConnecter][startAutoReconnect]：设备ID=12011 开始自动重连，间隔=3000ms
[2026-06-04 09:18:20] [WARN] [scheduler][NetworkStatusTask][Device][onStatusChanged]：设备ID=12013 连接中->错误，IP端口=127.0.0.1:512
[2026-06-04 09:18:20] [WARN] [submitAlarm] 提交警报
警报ID: 2120132001
告警类型: 2001(Device Offline)
警报级别: 2(错误/Error)
设备标识: 12013
描述: [qrcode: 12013] Device Offline
[2026-06-04 09:18:20] [ERROR] [persistInsert] 警报日志数据库不可用，丢弃警报
警报ID: 2120132001
设备标识: 12013
告警类型: 2001(Device Offline)
[2026-06-04 09:18:20] [WARN] [data][ModbusTcpMaster][ModbusConnecter][onAsyncReconnectTimeout]：设备ID=12033 自动重连超时，连续失败次数=1
[2026-06-04 09:18:20] [WARN] [data][ModbusTcpMaster][ModbusConnecter][onConnectionError]：设备ID=12023 连接阶段错误: Connection timeout (non-blocking)
[2026-06-04 09:18:20] [INFO] [data][ModbusTcpMaster][enterState]：设备ID=12007 状态切换: 连接中 -> 错误状态
[2026-06-04 09:18:20] [INFO] [data][ModbusTcpMaster][ModbusConnecter][startAutoReconnect]：设备ID=12007 开始自动重连，间隔=3000ms
[2026-06-04 09:18:20] [WARN] [data][ModbusTcpMaster][ModbusConnecter][onAsyncReconnectTimeout]：设备ID=12029 自动重连超时，连续失败次数=1
[2026-06-04 09:18:20] [INFO] [data][ModbusTcpMaster][enterState]：设备ID=12002 状态切换: 连接中 -> 错误状态
[2026-06-04 09:18:20] [WARN] [data][ModbusTcpMaster][ModbusConnecter][onConnectionError]：设备ID=12031 连接阶段错误: Connection timeout (non-blocking)
[2026-06-04 09:18:20] [INFO] [data][ModbusTcpMaster][ModbusConnecter][startAutoReconnect]：设备ID=12002 开始自动重连，间隔=3000ms
[2026-06-04 09:18:20] [WARN] [data][ModbusTcpMaster][ModbusConnecter][onConnectionError]：设备ID=12032 连接阶段错误: Connection timeout (non-blocking)
[2026-06-04 09:18:20] [INFO] [data][ModbusTcpMaster][enterState]：设备ID=12040 状态切换: 连接中 -> 错误状态
[2026-06-04 09:18:20] [INFO] [data][ModbusTcpMaster][ModbusConnecter][startAutoReconnect]：设备ID=12040 开始自动重连，间隔=3000ms
[2026-06-04 09:18:20] [INFO] [data][ModbusTcpMaster][enterState]：设备ID=12003 状态切换: 连接中 -> 错误状态
[2026-06-04 09:18:20] [INFO] [data][ModbusTcpMaster][ModbusConnecter][startAutoReconnect]：设备ID=12003 开始自动重连，间隔=3000ms
[2026-06-04 09:18:20] [WARN] [data][ModbusTcpMaster][ModbusConnecter][onAsyncReconnectTimeout]：设备ID=12024 自动重连超时，连续失败次数=1
[2026-06-04 09:18:20] [WARN] [data][ModbusTcpMaster][ModbusConnecter][onAsyncReconnectTimeout]：设备ID=12018 自动重连超时，连续失败次数=1
[2026-06-04 09:18:20] [INFO] [data][ModbusTcpMaster][enterState]：设备ID=12012 状态切换: 连接中 -> 错误状态
[2026-06-04 09:18:20] [WARN] [data][ModbusTcpMaster][ModbusConnecter][onAsyncReconnectTimeout]：设备ID=12025 自动重连超时，连续失败次数=1
[2026-06-04 09:18:20] [INFO] [data][ModbusTcpMaster][ModbusConnecter][startAutoReconnect]：设备ID=12012 开始自动重连，间隔=3000ms
[2026-06-04 09:18:20] [WARN] [data][ModbusTcpMaster][ModbusConnecter][onAsyncReconnectTimeout]：设备ID=12034 自动重连超时，连续失败次数=1
[2026-06-04 09:18:20] [WARN] [data][ModbusTcpMaster][ModbusConnecter][onConnectionError]：设备ID=12027 连接阶段错误: Connection timeout (non-blocking)
[2026-06-04 09:18:20] [WARN] [data][ModbusTcpMaster][ModbusConnecter][onConnectionError]：设备ID=12038 连接阶段错误: Connection timeout (non-blocking)
[2026-06-04 09:18:20] [WARN] [data][ModbusTcpMaster][ModbusConnecter][onConnectionError]：设备ID=12026 连接阶段错误: Connection timeout (non-blocking)
[2026-06-04 09:18:20] [INFO] [data][ModbusTcpMaster][enterState]：设备ID=12039 状态切换: 连接中 -> 错误状态
[2026-06-04 09:18:20] [INFO] [data][ModbusTcpMaster][ModbusConnecter][startAutoReconnect]：设备ID=12039 开始自动重连，间隔=3000ms
[2026-06-04 09:18:20] [INFO] [data][ModbusTcpMaster][enterState]：设备ID=12042 状态切换: 连接中 -> 错误状态
[2026-06-04 09:18:20] [INFO] [data][ModbusTcpMaster][ModbusConnecter][startAutoReconnect]：设备ID=12042 开始自动重连，间隔=3000ms
[2026-06-04 09:18:20] [WARN] [data][ModbusTcpMaster][ModbusConnecter][onAsyncReconnectTimeout]：设备ID=12017 自动重连超时，连续失败次数=1
[2026-06-04 09:18:20] [INFO] [data][ModbusTcpMaster][enterState]：设备ID=12037 状态切换: 连接中 -> 错误状态
[2026-06-04 09:18:20] [INFO] [data][ModbusTcpMaster][ModbusConnecter][startAutoReconnect]：设备ID=12037 开始自动重连，间隔=3000ms
[2026-06-04 09:18:20] [INFO] [data][ModbusTcpMaster][enterState]：设备ID=12041 状态切换: 连接中 -> 错误状态
[2026-06-04 09:18:20] [INFO] [data][ModbusTcpMaster][ModbusConnecter][startAutoReconnect]：设备ID=12041 开始自动重连，间隔=3000ms
[2026-06-04 09:18:20] [WARN] [data][ModbusTcpMaster][ModbusConnecter][onAsyncReconnectTimeout]：设备ID=12020 自动重连超时，连续失败次数=1
[2026-06-04 09:18:20] [INFO] [data][ModbusTcpMaster][enterState]：设备ID=12022 状态切换: 连接中 -> 错误状态
[2026-06-04 09:18:20] [WARN] [data][ModbusTcpMaster][ModbusConnecter][onAsyncReconnectTimeout]：设备ID=12059 自动重连超时，连续失败次数=1
[2026-06-04 09:18:20] [INFO] [data][ModbusTcpMaster][enterState]：设备ID=12021 状态切换: 连接中 -> 错误状态
[2026-06-04 09:18:20] [INFO] [data][ModbusTcpMaster][enterState]：设备ID=12028 状态切换: 连接中 -> 错误状态
[2026-06-04 09:18:20] [INFO] [data][ModbusTcpMaster][ModbusConnecter][startAutoReconnect]：设备ID=12021 开始自动重连，间隔=3000ms
[2026-06-04 09:18:20] [WARN] [data][ModbusTcpMaster][ModbusConnecter][onConnectionError]：设备ID=12036 连接阶段错误: Connection timeout (non-blocking)
[2026-06-04 09:18:20] [INFO] [data][ModbusTcpMaster][ModbusConnecter][startAutoReconnect]：设备ID=12028 开始自动重连，间隔=3000ms
[2026-06-04 09:18:20] [INFO] [data][ModbusTcpMaster][ModbusConnecter][startAutoReconnect]：设备ID=12022 开始自动重连，间隔=3000ms
[2026-06-04 09:18:20] [INFO] [data][ModbusTcpMaster][enterState]：设备ID=12008 状态切换: 连接中 -> 错误状态
[2026-06-04 09:18:20] [WARN] [data][ModbusTcpMaster][ModbusConnecter][onAsyncReconnectTimeout]：设备ID=12019 自动重连超时，连续失败次数=1
[2026-06-04 09:18:20] [INFO] [data][ModbusTcpMaster][ModbusConnecter][startAutoReconnect]：设备ID=12008 开始自动重连，间隔=3000ms
[2026-06-04 09:18:20] [WARN] [data][ModbusTcpMaster][ModbusConnecter][onAsyncReconnectTimeout]：设备ID=12065 自动重连超时，连续失败次数=1
[2026-06-04 09:18:20] [WARN] [data][ModbusTcpMaster][ModbusConnecter][onAsyncReconnectTimeout]：设备ID=12066 自动重连超时，连续失败次数=1
[2026-06-04 09:18:20] [WARN] [data][ModbusTcpMaster][ModbusConnecter][onAsyncReconnectTimeout]：设备ID=12030 自动重连超时，连续失败次数=1
[2026-06-04 09:18:20] [WARN] [data][ModbusTcpMaster][ModbusConnecter][onAsyncReconnectTimeout]：设备ID=12072 自动重连超时，连续失败次数=1
[2026-06-04 09:18:20] [INFO] [data][ModbusTcpMaster][enterState]：设备ID=12035 状态切换: 连接中 -> 错误状态
[2026-06-04 09:18:20] [WARN] [scheduler][NetworkStatusTask][Device][onStatusChanged]：设备ID=12012 连接中->错误，IP端口=127.0.0.1:511
[2026-06-04 09:18:20] [INFO] [data][ModbusTcpMaster][ModbusConnecter][startAutoReconnect]：设备ID=12035 开始自动重连，间隔=3000ms
[2026-06-04 09:18:20] [WARN] [submitAlarm] 提交警报
警报ID: 2120122001
告警类型: 2001(Device Offline)
警报级别: 2(错误/Error)
设备标识: 12012
描述: [qrcode: 12012] Device Offline
[2026-06-04 09:18:20] [ERROR] [persistInsert] 警报日志数据库不可用，丢弃警报
警报ID: 2120122001
设备标识: 12012
告警类型: 2001(Device Offline)
[2026-06-04 09:18:20] [WARN] [data][ModbusTcpMaster][ModbusConnecter][onAsyncReconnectTimeout]：设备ID=12057 自动重连超时，连续失败次数=1
[2026-06-04 09:18:20] [WARN] [data][ModbusTcpMaster][ModbusConnecter][onConnectionError]：设备ID=12033 连接阶段错误: Connection timeout (non-blocking)
[2026-06-04 09:18:20] [INFO] [data][ModbusTcpMaster][enterState]：设备ID=12023 状态切换: 连接中 -> 错误状态
[2026-06-04 09:18:20] [INFO] [data][ModbusTcpMaster][ModbusConnecter][startAutoReconnect]：设备ID=12023 开始自动重连，间隔=3000ms
[2026-06-04 09:18:20] [WARN] [data][ModbusTcpMaster][ModbusConnecter][onConnectionError]：设备ID=12029 连接阶段错误: Connection timeout (non-blocking)
[2026-06-04 09:18:20] [WARN] [data][ModbusTcpMaster][ModbusConnecter][onAsyncReconnectTimeout]：设备ID=12067 自动重连超时，连续失败次数=1
[2026-06-04 09:18:20] [INFO] [data][ModbusTcpMaster][enterState]：设备ID=12031 状态切换: 连接中 -> 错误状态
[2026-06-04 09:18:20] [WARN] [data][ModbusTcpMaster][ModbusConnecter][onConnectionError]：设备ID=12024 连接阶段错误: Connection timeout (non-blocking)
[2026-06-04 09:18:20] [INFO] [data][ModbusTcpMaster][enterState]：设备ID=12032 状态切换: 连接中 -> 错误状态
[2026-06-04 09:18:20] [INFO] [data][ModbusTcpMaster][ModbusConnecter][startAutoReconnect]：设备ID=12031 开始自动重连，间隔=3000ms
[2026-06-04 09:18:20] [INFO] [data][ModbusTcpMaster][ModbusConnecter][startAutoReconnect]：设备ID=12032 开始自动重连，间隔=3000ms
[2026-06-04 09:18:20] [WARN] [data][ModbusTcpMaster][ModbusConnecter][onAsyncReconnectTimeout]：设备ID=12053 自动重连超时，连续失败次数=1
[2026-06-04 09:18:20] [WARN] [data][ModbusTcpMaster][ModbusConnecter][onAsyncReconnectTimeout]：设备ID=12054 自动重连超时，连续失败次数=1
[2026-06-04 09:18:20] [WARN] [data][ModbusTcpMaster][ModbusConnecter][onConnectionError]：设备ID=12018 连接阶段错误: Connection timeout (non-blocking)
[2026-06-04 09:18:20] [WARN] [data][ModbusTcpMaster][ModbusConnecter][onConnectionError]：设备ID=12025 连接阶段错误: Connection timeout (non-blocking)
[2026-06-04 09:18:20] [WARN] [data][ModbusTcpMaster][ModbusConnecter][onConnectionError]：设备ID=12034 连接阶段错误: Connection timeout (non-blocking)
[2026-06-04 09:18:20] [INFO] [data][ModbusTcpMaster][enterState]：设备ID=12027 状态切换: 连接中 -> 错误状态
[2026-06-04 09:18:20] [INFO] [data][ModbusTcpMaster][ModbusConnecter][startAutoReconnect]：设备ID=12027 开始自动重连，间隔=3000ms
[2026-06-04 09:18:20] [INFO] [data][ModbusTcpMaster][enterState]：设备ID=12038 状态切换: 连接中 -> 错误状态
[2026-06-04 09:18:20] [INFO] [data][ModbusTcpMaster][ModbusConnecter][startAutoReconnect]：设备ID=12038 开始自动重连，间隔=3000ms
[2026-06-04 09:18:20] [WARN] [data][ModbusTcpMaster][ModbusConnecter][onAsyncReconnectTimeout]：设备ID=12071 自动重连超时，连续失败次数=1
[2026-06-04 09:18:20] [WARN] [data][ModbusTcpMaster][ModbusConnecter][onConnectionError]：设备ID=12059 连接阶段错误: Connection timeout (non-blocking)
[2026-06-04 09:18:20] [INFO] [data][ModbusTcpMaster][enterState]：设备ID=12026 状态切换: 连接中 -> 错误状态
[2026-06-04 09:18:20] [WARN] [data][ModbusTcpMaster][ModbusConnecter][onAsyncReconnectTimeout]：设备ID=12060 自动重连超时，连续失败次数=1
[2026-06-04 09:18:20] [WARN] [data][ModbusTcpMaster][ModbusConnecter][onConnectionError]：设备ID=12020 连接阶段错误: Connection timeout (non-blocking)
[2026-06-04 09:18:20] [WARN] [data][ModbusTcpMaster][ModbusConnecter][onConnectionError]：设备ID=12017 连接阶段错误: Connection timeout (non-blocking)
[2026-06-04 09:18:20] [INFO] [data][ModbusTcpMaster][ModbusConnecter][startAutoReconnect]：设备ID=12026 开始自动重连，间隔=3000ms
[2026-06-04 09:18:20] [WARN] [data][ModbusTcpMaster][ModbusConnecter][onAsyncReconnectTimeout]：设备ID=12070 自动重连超时，连续失败次数=1
[2026-06-04 09:18:20] [INFO] [data][ModbusTcpMaster][enterState]：设备ID=12036 状态切换: 连接中 -> 错误状态
[2026-06-04 09:18:20] [INFO] [data][ModbusTcpMaster][ModbusConnecter][startAutoReconnect]：设备ID=12036 开始自动重连，间隔=3000ms
[2026-06-04 09:18:20] [WARN] [data][ModbusTcpMaster][ModbusConnecter][onAsyncReconnectTimeout]：设备ID=12058 自动重连超时，连续失败次数=1
[2026-06-04 09:18:20] [WARN] [data][ModbusTcpMaster][ModbusConnecter][onConnectionError]：设备ID=12019 连接阶段错误: Connection timeout (non-blocking)
[2026-06-04 09:18:20] [WARN] [data][ModbusTcpMaster][ModbusConnecter][onConnectionError]：设备ID=12065 连接阶段错误: Connection timeout (non-blocking)
[2026-06-04 09:18:20] [WARN] [data][ModbusTcpMaster][ModbusConnecter][onConnectionError]：设备ID=12066 连接阶段错误: Connection timeout (non-blocking)
[2026-06-04 09:18:20] [WARN] [data][ModbusTcpMaster][ModbusConnecter][onConnectionError]：设备ID=12030 连接阶段错误: Connection timeout (non-blocking)
[2026-06-04 09:18:20] [WARN] [data][ModbusTcpMaster][ModbusConnecter][onConnectionError]：设备ID=12072 连接阶段错误: Connection timeout (non-blocking)
[2026-06-04 09:18:20] [WARN] [scheduler][NetworkStatusTask][Device][onStatusChanged]：设备ID=12001 连接中->错误，IP端口=127.0.0.1:500
[2026-06-04 09:18:20] [WARN] [data][ModbusTcpMaster][ModbusConnecter][onConnectionError]：设备ID=12057 连接阶段错误: Connection timeout (non-blocking)
[2026-06-04 09:18:20] [WARN] [submitAlarm] 提交警报
警报ID: 2120012001
告警类型: 2001(Device Offline)
警报级别: 2(错误/Error)
设备标识: 12001
描述: [qrcode: 12001] Device Offline
[2026-06-04 09:18:20] [ERROR] [persistInsert] 警报日志数据库不可用，丢弃警报
警报ID: 2120012001
设备标识: 12001
告警类型: 2001(Device Offline)
[2026-06-04 09:18:20] [INFO] [data][ModbusTcpMaster][enterState]：设备ID=12033 状态切换: 连接中 -> 错误状态
[2026-06-04 09:18:20] [INFO] [data][ModbusTcpMaster][ModbusConnecter][startAutoReconnect]：设备ID=12033 开始自动重连，间隔=3000ms
[2026-06-04 09:18:20] [WARN] [data][ModbusTcpMaster][ModbusConnecter][onAsyncReconnectTimeout]：设备ID=12055 自动重连超时，连续失败次数=1
[2026-06-04 09:18:20] [WARN] [data][ModbusTcpMaster][ModbusConnecter][onConnectionError]：设备ID=12054 连接阶段错误: Connection timeout (non-blocking)
[2026-06-04 09:18:20] [INFO] [data][ModbusTcpMaster][enterState]：设备ID=12029 状态切换: 连接中 -> 错误状态
[2026-06-04 09:18:20] [INFO] [data][ModbusTcpMaster][ModbusConnecter][startAutoReconnect]：设备ID=12029 开始自动重连，间隔=3000ms
[2026-06-04 09:18:20] [WARN] [data][ModbusTcpMaster][ModbusConnecter][onAsyncReconnectTimeout]：设备ID=12051 自动重连超时，连续失败次数=1
[2026-06-04 09:18:20] [INFO] [data][ModbusTcpMaster][enterState]：设备ID=12024 状态切换: 连接中 -> 错误状态
[2026-06-04 09:18:20] [INFO] [data][ModbusTcpMaster][ModbusConnecter][startAutoReconnect]：设备ID=12024 开始自动重连，间隔=3000ms
[2026-06-04 09:18:20] [INFO] [data][ModbusTcpMaster][enterState]：设备ID=12018 状态切换: 连接中 -> 错误状态
[2026-06-04 09:18:20] [INFO] [data][ModbusTcpMaster][ModbusConnecter][startAutoReconnect]：设备ID=12018 开始自动重连，间隔=3000ms
[2026-06-04 09:18:20] [WARN] [data][ModbusTcpMaster][ModbusConnecter][onConnectionError]：设备ID=12053 连接阶段错误: Connection timeout (non-blocking)
[2026-06-04 09:18:20] [WARN] [data][ModbusTcpMaster][ModbusConnecter][onConnectionError]：设备ID=12067 连接阶段错误: Connection timeout (non-blocking)
[2026-06-04 09:18:20] [WARN] [data][ModbusTcpMaster][ModbusConnecter][onAsyncReconnectTimeout]：设备ID=12062 自动重连超时，连续失败次数=1
[2026-06-04 09:18:20] [WARN] [data][ModbusTcpMaster][ModbusConnecter][onAsyncReconnectTimeout]：设备ID=12068 自动重连超时，连续失败次数=1
[2026-06-04 09:18:20] [INFO] [data][ModbusTcpMaster][enterState]：设备ID=12025 状态切换: 连接中 -> 错误状态
[2026-06-04 09:18:20] [INFO] [data][ModbusTcpMaster][ModbusConnecter][startAutoReconnect]：设备ID=12025 开始自动重连，间隔=3000ms
[2026-06-04 09:18:20] [WARN] [data][ModbusTcpMaster][ModbusConnecter][onConnectionError]：设备ID=12060 连接阶段错误: Connection timeout (non-blocking)
[2026-06-04 09:18:20] [INFO] [data][ModbusTcpMaster][ModbusConnecter][startAutoReconnect]：设备ID=12034 开始自动重连，间隔=3000ms
[2026-06-04 09:18:20] [WARN] [data][ModbusTcpMaster][ModbusConnecter][onConnectionError]：设备ID=12071 连接阶段错误: Connection timeout (non-blocking)
[2026-06-04 09:18:20] [INFO] [data][ModbusTcpMaster][enterState]：设备ID=12059 状态切换: 连接中 -> 错误状态
[2026-06-04 09:18:20] [INFO] [data][ModbusTcpMaster][ModbusConnecter][startAutoReconnect]：设备ID=12059 开始自动重连，间隔=3000ms
[2026-06-04 09:18:20] [INFO] [data][ModbusTcpMaster][enterState]：设备ID=12034 状态切换: 连接中 -> 错误状态
[2026-06-04 09:18:20] [WARN] [data][ModbusTcpMaster][ModbusConnecter][onAsyncReconnectTimeout]：设备ID=12056 自动重连超时，连续失败次数=1
[2026-06-04 09:18:20] [WARN] [data][ModbusTcpMaster][ModbusConnecter][onConnectionError]：设备ID=12058 连接阶段错误: Connection timeout (non-blocking)
[2026-06-04 09:18:20] [WARN] [data][ModbusTcpMaster][ModbusConnecter][onAsyncReconnectTimeout]：设备ID=12069 自动重连超时，连续失败次数=1
[2026-06-04 09:18:20] [INFO] [data][ModbusTcpMaster][enterState]：设备ID=12065 状态切换: 连接中 -> 错误状态
[2026-06-04 09:18:20] [INFO] [data][ModbusTcpMaster][enterState]：设备ID=12017 状态切换: 连接中 -> 错误状态
[2026-06-04 09:18:20] [INFO] [data][ModbusTcpMaster][ModbusConnecter][startAutoReconnect]：设备ID=12065 开始自动重连，间隔=3000ms
[2026-06-04 09:18:20] [WARN] [data][ModbusTcpMaster][ModbusConnecter][onConnectionError]：设备ID=12070 连接阶段错误: Connection timeout (non-blocking)
[2026-06-04 09:18:20] [INFO] [data][ModbusTcpMaster][ModbusConnecter][startAutoReconnect]：设备ID=12017 开始自动重连，间隔=3000ms
[2026-06-04 09:18:20] [INFO] [data][ModbusTcpMaster][enterState]：设备ID=12019 状态切换: 连接中 -> 错误状态
[2026-06-04 09:18:20] [INFO] [data][ModbusTcpMaster][enterState]：设备ID=12020 状态切换: 连接中 -> 错误状态
[2026-06-04 09:18:20] [INFO] [data][ModbusTcpMaster][ModbusConnecter][startAutoReconnect]：设备ID=12019 开始自动重连，间隔=3000ms
[2026-06-04 09:18:20] [INFO] [data][ModbusTcpMaster][ModbusConnecter][startAutoReconnect]：设备ID=12020 开始自动重连，间隔=3000ms
[2026-06-04 09:18:20] [INFO] [data][ModbusTcpMaster][enterState]：设备ID=12066 状态切换: 连接中 -> 错误状态
[2026-06-04 09:18:20] [INFO] [data][ModbusTcpMaster][ModbusConnecter][startAutoReconnect]：设备ID=12066 开始自动重连，间隔=3000ms
[2026-06-04 09:18:20] [INFO] [data][ModbusTcpMaster][enterState]：设备ID=12030 状态切换: 连接中 -> 错误状态
[2026-06-04 09:18:20] [INFO] [data][ModbusTcpMaster][ModbusConnecter][startAutoReconnect]：设备ID=12030 开始自动重连，间隔=3000ms
[2026-06-04 09:18:20] [WARN] [data][ModbusTcpMaster][ModbusConnecter][onAsyncReconnectTimeout]：设备ID=12043 自动重连超时，连续失败次数=1
[2026-06-04 09:18:20] [INFO] [data][ModbusTcpMaster][enterState]：设备ID=12072 状态切换: 连接中 -> 错误状态
[2026-06-04 09:18:20] [WARN] [data][ModbusTcpMaster][ModbusConnecter][onAsyncReconnectTimeout]：设备ID=12061 自动重连超时，连续失败次数=1
[2026-06-04 09:18:20] [WARN] [data][ModbusTcpMaster][ModbusConnecter][onAsyncReconnectTimeout]：设备ID=12064 自动重连超时，连续失败次数=1
[2026-06-04 09:18:20] [WARN] [data][ModbusTcpMaster][ModbusConnecter][onConnectionError]：设备ID=12062 连接阶段错误: Connection timeout (non-blocking)
[2026-06-04 09:18:20] [WARN] [data][ModbusTcpMaster][ModbusConnecter][onAsyncReconnectTimeout]：设备ID=12052 自动重连超时，连续失败次数=1
[2026-06-04 09:18:20] [WARN] [data][ModbusTcpMaster][ModbusConnecter][onConnectionError]：设备ID=12056 连接阶段错误: Connection timeout (non-blocking)
[2026-06-04 09:18:20] [INFO] [data][ModbusTcpMaster][ModbusConnecter][startAutoReconnect]：设备ID=12072 开始自动重连，间隔=3000ms
[2026-06-04 09:18:20] [INFO] [data][ModbusTcpMaster][enterState]：设备ID=12057 状态切换: 连接中 -> 错误状态
[2026-06-04 09:18:20] [WARN] [scheduler][NetworkStatusTask][Device][onStatusChanged]：设备ID=12011 连接中->错误，IP端口=127.0.0.1:510
[2026-06-04 09:18:20] [INFO] [data][ModbusTcpMaster][ModbusConnecter][startAutoReconnect]：设备ID=12057 开始自动重连，间隔=3000ms
[2026-06-04 09:18:20] [WARN] [data][ModbusTcpMaster][ModbusConnecter][onConnectionError]：设备ID=12055 连接阶段错误: Connection timeout (non-blocking)
[2026-06-04 09:18:20] [INFO] [data][ModbusTcpMaster][enterState]：设备ID=12054 状态切换: 连接中 -> 错误状态
[2026-06-04 09:18:20] [WARN] [submitAlarm] 提交警报
警报ID: 2120112001
告警类型: 2001(Device Offline)
警报级别: 2(错误/Error)
设备标识: 12011
描述: [qrcode: 12011] Device Offline
[2026-06-04 09:18:20] [INFO] [data][ModbusTcpMaster][ModbusConnecter][startAutoReconnect]：设备ID=12054 开始自动重连，间隔=3000ms
[2026-06-04 09:18:20] [ERROR] [persistInsert] 警报日志数据库不可用，丢弃警报
警报ID: 2120112001
设备标识: 12011
告警类型: 2001(Device Offline)
[2026-06-04 09:18:20] [INFO] [data][ModbusTcpMaster][enterState]：设备ID=12058 状态切换: 连接中 -> 错误状态
[2026-06-04 09:18:20] [INFO] [data][ModbusTcpMaster][ModbusConnecter][startAutoReconnect]：设备ID=12058 开始自动重连，间隔=3000ms
[2026-06-04 09:18:20] [WARN] [data][ModbusTcpMaster][ModbusConnecter][onConnectionError]：设备ID=12051 连接阶段错误: Connection timeout (non-blocking)
[2026-06-04 09:18:20] [WARN] [data][ModbusTcpMaster][ModbusConnecter][onAsyncReconnectTimeout]：设备ID=12044 自动重连超时，连续失败次数=1
[2026-06-04 09:18:20] [WARN] [data][ModbusTcpMaster][ModbusConnecter][onAsyncReconnectTimeout]：设备ID=12079 自动重连超时，连续失败次数=1
[2026-06-04 09:18:20] [WARN] [data][ModbusTcpMaster][ModbusConnecter][onConnectionError]：设备ID=12068 连接阶段错误: Connection timeout (non-blocking)
[2026-06-04 09:18:20] [INFO] [data][ModbusTcpMaster][enterState]：设备ID=12060 状态切换: 连接中 -> 错误状态
[2026-06-04 09:18:20] [INFO] [data][ModbusTcpMaster][ModbusConnecter][startAutoReconnect]：设备ID=12060 开始自动重连，间隔=3000ms
[2026-06-04 09:18:20] [INFO] [data][ModbusTcpMaster][enterState]：设备ID=12071 状态切换: 连接中 -> 错误状态
[2026-06-04 09:18:20] [INFO] [data][ModbusTcpMaster][ModbusConnecter][startAutoReconnect]：设备ID=12071 开始自动重连，间隔=3000ms
[2026-06-04 09:18:20] [WARN] [data][ModbusTcpMaster][ModbusConnecter][onAsyncReconnectTimeout]：设备ID=12063 自动重连超时，连续失败次数=1
[2026-06-04 09:18:20] [INFO] [data][ModbusTcpMaster][enterState]：设备ID=12062 状态切换: 连接中 -> 错误状态
[2026-06-04 09:18:20] [WARN] [data][ModbusTcpMaster][ModbusConnecter][onAsyncReconnectTimeout]：设备ID=12076 自动重连超时，连续失败次数=1
[2026-06-04 09:18:20] [WARN] [data][ModbusTcpMaster][ModbusConnecter][onConnectionError]：设备ID=12064 连接阶段错误: Connection timeout (non-blocking)
[2026-06-04 09:18:20] [INFO] [data][ModbusTcpMaster][enterState]：设备ID=12067 状态切换: 连接中 -> 错误状态
[2026-06-04 09:18:20] [WARN] [data][ModbusTcpMaster][ModbusConnecter][onConnectionError]：设备ID=12069 连接阶段错误: Connection timeout (non-blocking)
[2026-06-04 09:18:20] [WARN] [data][ModbusTcpMaster][ModbusConnecter][onAsyncReconnectTimeout]：设备ID=12080 自动重连超时，连续失败次数=1
[2026-06-04 09:18:20] [INFO] [data][ModbusTcpMaster][enterState]：设备ID=12053 状态切换: 连接中 -> 错误状态
[2026-06-04 09:18:20] [WARN] [data][ModbusTcpMaster][ModbusConnecter][onConnectionError]：设备ID=12061 连接阶段错误: Connection timeout (non-blocking)
[2026-06-04 09:18:20] [INFO] [data][ModbusTcpMaster][ModbusConnecter][startAutoReconnect]：设备ID=12062 开始自动重连，间隔=3000ms
[2026-06-04 09:18:20] [INFO] [data][ModbusTcpMaster][ModbusConnecter][startAutoReconnect]：设备ID=12053 开始自动重连，间隔=3000ms
[2026-06-04 09:18:20] [WARN] [data][ModbusTcpMaster][ModbusConnecter][onConnectionError]：设备ID=12043 连接阶段错误: Connection timeout (non-blocking)
[2026-06-04 09:18:20] [INFO] [data][ModbusTcpMaster][enterState]：设备ID=12070 状态切换: 连接中 -> 错误状态
[2026-06-04 09:18:20] [INFO] [data][ModbusTcpMaster][ModbusConnecter][startAutoReconnect]：设备ID=12067 开始自动重连，间隔=3000ms
[2026-06-04 09:18:20] [WARN] [data][ModbusTcpMaster][ModbusConnecter][onAsyncReconnectTimeout]：设备ID=12050 自动重连超时，连续失败次数=1
[2026-06-04 09:18:20] [WARN] [data][ModbusTcpMaster][ModbusConnecter][onAsyncReconnectTimeout]：设备ID=12075 自动重连超时，连续失败次数=1
[2026-06-04 09:18:20] [INFO] [data][ModbusTcpMaster][ModbusConnecter][startAutoReconnect]：设备ID=12070 开始自动重连，间隔=3000ms
[2026-06-04 09:18:20] [WARN] [data][ModbusTcpMaster][ModbusConnecter][onAsyncReconnectTimeout]：设备ID=12045 自动重连超时，连续失败次数=1
[2026-06-04 09:18:20] [WARN] [data][ModbusTcpMaster][ModbusConnecter][onConnectionError]：设备ID=12052 连接阶段错误: Connection timeout (non-blocking)
[2026-06-04 09:18:20] [INFO] [data][ModbusTcpMaster][enterState]：设备ID=12056 状态切换: 连接中 -> 错误状态
[2026-06-04 09:18:20] [WARN] [data][ModbusTcpMaster][ModbusConnecter][onAsyncReconnectTimeout]：设备ID=12048 自动重连超时，连续失败次数=1
[2026-06-04 09:18:20] [INFO] [data][ModbusTcpMaster][ModbusConnecter][startAutoReconnect]：设备ID=12056 开始自动重连，间隔=3000ms
[2026-06-04 09:18:20] [WARN] [data][ModbusTcpMaster][ModbusConnecter][onAsyncReconnectTimeout]：设备ID=12049 自动重连超时，连续失败次数=1
[2026-06-04 09:18:20] [WARN] [scheduler][NetworkStatusTask][Device][onStatusChanged]：设备ID=12009 连接中->错误，IP端口=127.0.0.1:508
[2026-06-04 09:18:20] [WARN] [data][ModbusTcpMaster][ModbusConnecter][onAsyncReconnectTimeout]：设备ID=12078 自动重连超时，连续失败次数=1
[2026-06-04 09:18:20] [WARN] [submitAlarm] 提交警报
警报ID: 2120092001
告警类型: 2001(Device Offline)
警报级别: 2(错误/Error)
设备标识: 12009
描述: [qrcode: 12009] Device Offline
[2026-06-04 09:18:20] [ERROR] [persistInsert] 警报日志数据库不可用，丢弃警报
警报ID: 2120092001
设备标识: 12009
告警类型: 2001(Device Offline)
[2026-06-04 09:18:20] [INFO] [data][ModbusTcpMaster][enterState]：设备ID=12055 状态切换: 连接中 -> 错误状态
[2026-06-04 09:18:20] [INFO] [data][ModbusTcpMaster][enterState]：设备ID=12068 状态切换: 连接中 -> 错误状态
[2026-06-04 09:18:20] [INFO] [data][ModbusTcpMaster][ModbusConnecter][startAutoReconnect]：设备ID=12055 开始自动重连，间隔=3000ms
[2026-06-04 09:18:20] [INFO] [data][ModbusTcpMaster][ModbusConnecter][startAutoReconnect]：设备ID=12068 开始自动重连，间隔=3000ms
[2026-06-04 09:18:20] [INFO] [data][ModbusTcpMaster][enterState]：设备ID=12051 状态切换: 连接中 -> 错误状态
[2026-06-04 09:18:20] [WARN] [data][ModbusTcpMaster][ModbusConnecter][onConnectionError]：设备ID=12044 连接阶段错误: Connection timeout (non-blocking)
[2026-06-04 09:18:20] [WARN] [data][ModbusTcpMaster][ModbusConnecter][onConnectionError]：设备ID=12079 连接阶段错误: Connection timeout (non-blocking)
[2026-06-04 09:18:20] [INFO] [data][ModbusTcpMaster][ModbusConnecter][startAutoReconnect]：设备ID=12051 开始自动重连，间隔=3000ms
[2026-06-04 09:18:20] [WARN] [data][ModbusTcpMaster][ModbusConnecter][onConnectionError]：设备ID=12063 连接阶段错误: Connection timeout (non-blocking)
[2026-06-04 09:18:20] [WARN] [data][ModbusTcpMaster][ModbusConnecter][onConnectionError]：设备ID=12076 连接阶段错误: Connection timeout (non-blocking)
[2026-06-04 09:18:20] [WARN] [data][ModbusTcpMaster][ModbusConnecter][onAsyncReconnectTimeout]：设备ID=12077 自动重连超时，连续失败次数=1
[2026-06-04 09:18:20] [WARN] [data][ModbusTcpMaster][ModbusConnecter][onAsyncReconnectTimeout]：设备ID=12046 自动重连超时，连续失败次数=1
[2026-06-04 09:18:20] [INFO] [data][ModbusTcpMaster][enterState]：设备ID=12069 状态切换: 连接中 -> 错误状态
[2026-06-04 09:18:20] [INFO] [data][ModbusTcpMaster][enterState]：设备ID=12064 状态切换: 连接中 -> 错误状态
[2026-06-04 09:18:20] [WARN] [data][ModbusTcpMaster][ModbusConnecter][onAsyncReconnectTimeout]：设备ID=12073 自动重连超时，连续失败次数=1
[2026-06-04 09:18:20] [INFO] [data][ModbusTcpMaster][enterState]：设备ID=12061 状态切换: 连接中 -> 错误状态
[2026-06-04 09:18:20] [INFO] [data][ModbusTcpMaster][ModbusConnecter][startAutoReconnect]：设备ID=12064 开始自动重连，间隔=3000ms
[2026-06-04 09:18:20] [INFO] [data][ModbusTcpMaster][ModbusConnecter][startAutoReconnect]：设备ID=12061 开始自动重连，间隔=3000ms
[2026-06-04 09:18:20] [WARN] [data][ModbusTcpMaster][ModbusConnecter][onConnectionError]：设备ID=12080 连接阶段错误: Connection timeout (non-blocking)
[2026-06-04 09:18:20] [INFO] [data][ModbusTcpMaster][ModbusConnecter][startAutoReconnect]：设备ID=12069 开始自动重连，间隔=3000ms
[2026-06-04 09:18:20] [INFO] [data][ModbusTcpMaster][enterState]：设备ID=12043 状态切换: 连接中 -> 错误状态
[2026-06-04 09:18:20] [INFO] [data][ModbusTcpMaster][ModbusConnecter][startAutoReconnect]：设备ID=12043 开始自动重连，间隔=3000ms
[2026-06-04 09:18:20] [WARN] [data][ModbusTcpMaster][ModbusConnecter][onConnectionError]：设备ID=12050 连接阶段错误: Connection timeout (non-blocking)
[2026-06-04 09:18:20] [WARN] [data][ModbusTcpMaster][ModbusConnecter][onAsyncReconnectTimeout]：设备ID=12047 自动重连超时，连续失败次数=1
[2026-06-04 09:18:20] [WARN] [data][ModbusTcpMaster][ModbusConnecter][onConnectionError]：设备ID=12075 连接阶段错误: Connection timeout (non-blocking)
[2026-06-04 09:18:20] [WARN] [data][ModbusTcpMaster][ModbusConnecter][onConnectionError]：设备ID=12078 连接阶段错误: Connection timeout (non-blocking)
[2026-06-04 09:18:20] [WARN] [data][ModbusTcpMaster][ModbusConnecter][onConnectionError]：设备ID=12045 连接阶段错误: Connection timeout (non-blocking)
[2026-06-04 09:18:20] [WARN] [scheduler][NetworkStatusTask][Device][onStatusChanged]：设备ID=12008 连接中->错误，IP端口=127.0.0.1:507
[2026-06-04 09:18:20] [INFO] [data][ModbusTcpMaster][enterState]：设备ID=12052 状态切换: 连接中 -> 错误状态
[2026-06-04 09:18:20] [WARN] [submitAlarm] 提交警报
警报ID: 2120082001
告警类型: 2001(Device Offline)
警报级别: 2(错误/Error)
设备标识: 12008
描述: [qrcode: 12008] Device Offline
[2026-06-04 09:18:20] [ERROR] [persistInsert] 警报日志数据库不可用，丢弃警报
警报ID: 2120082001
设备标识: 12008
告警类型: 2001(Device Offline)
[2026-06-04 09:18:20] [INFO] [data][ModbusTcpMaster][ModbusConnecter][startAutoReconnect]：设备ID=12052 开始自动重连，间隔=3000ms
[2026-06-04 09:18:20] [INFO] [data][ModbusTcpMaster][enterState]：设备ID=12044 状态切换: 连接中 -> 错误状态
[2026-06-04 09:18:20] [INFO] [data][ModbusTcpMaster][ModbusConnecter][startAutoReconnect]：设备ID=12044 开始自动重连，间隔=3000ms
[2026-06-04 09:18:20] [WARN] [data][ModbusTcpMaster][ModbusConnecter][onConnectionError]：设备ID=12048 连接阶段错误: Connection timeout (non-blocking)
[2026-06-04 09:18:20] [WARN] [data][ModbusTcpMaster][ModbusConnecter][onAsyncReconnectTimeout]：设备ID=12074 自动重连超时，连续失败次数=1
[2026-06-04 09:18:20] [WARN] [data][ModbusTcpMaster][ModbusConnecter][onConnectionError]：设备ID=12049 连接阶段错误: Connection timeout (non-blocking)
[2026-06-04 09:18:20] [INFO] [data][ModbusTcpMaster][enterState]：设备ID=12079 状态切换: 连接中 -> 错误状态
[2026-06-04 09:18:20] [INFO] [data][ModbusTcpMaster][ModbusConnecter][startAutoReconnect]：设备ID=12079 开始自动重连，间隔=3000ms
[2026-06-04 09:18:20] [INFO] [data][ModbusTcpMaster][enterState]：设备ID=12063 状态切换: 连接中 -> 错误状态
[2026-06-04 09:18:20] [INFO] [data][ModbusTcpMaster][ModbusConnecter][startAutoReconnect]：设备ID=12063 开始自动重连，间隔=3000ms
[2026-06-04 09:18:20] [INFO] [data][ModbusTcpMaster][enterState]：设备ID=12076 状态切换: 连接中 -> 错误状态
[2026-06-04 09:18:20] [INFO] [data][ModbusTcpMaster][ModbusConnecter][startAutoReconnect]：设备ID=12076 开始自动重连，间隔=3000ms
[2026-06-04 09:18:20] [WARN] [data][ModbusTcpMaster][ModbusConnecter][onConnectionError]：设备ID=12077 连接阶段错误: Connection timeout (non-blocking)
[2026-06-04 09:18:20] [WARN] [data][ModbusTcpMaster][ModbusConnecter][onConnectionError]：设备ID=12046 连接阶段错误: Connection timeout (non-blocking)
[2026-06-04 09:18:20] [WARN] [data][ModbusTcpMaster][ModbusConnecter][onConnectionError]：设备ID=12073 连接阶段错误: Connection timeout (non-blocking)
[2026-06-04 09:18:20] [INFO] [data][ModbusTcpMaster][enterState]：设备ID=12080 状态切换: 连接中 -> 错误状态
[2026-06-04 09:18:20] [INFO] [data][ModbusTcpMaster][ModbusConnecter][startAutoReconnect]：设备ID=12080 开始自动重连，间隔=3000ms
[2026-06-04 09:18:20] [INFO] [data][ModbusTcpMaster][enterState]：设备ID=12050 状态切换: 连接中 -> 错误状态
[2026-06-04 09:18:20] [INFO] [data][ModbusTcpMaster][ModbusConnecter][startAutoReconnect]：设备ID=12050 开始自动重连，间隔=3000ms
[2026-06-04 09:18:20] [WARN] [data][ModbusTcpMaster][ModbusConnecter][onConnectionError]：设备ID=12047 连接阶段错误: Connection timeout (non-blocking)
[2026-06-04 09:18:20] [INFO] [data][ModbusTcpMaster][enterState]：设备ID=12075 状态切换: 连接中 -> 错误状态
[2026-06-04 09:18:20] [INFO] [data][ModbusTcpMaster][ModbusConnecter][startAutoReconnect]：设备ID=12075 开始自动重连，间隔=3000ms
[2026-06-04 09:18:20] [INFO] [data][ModbusTcpMaster][enterState]：设备ID=12078 状态切换: 连接中 -> 错误状态
[2026-06-04 09:18:20] [INFO] [data][ModbusTcpMaster][ModbusConnecter][startAutoReconnect]：设备ID=12078 开始自动重连，间隔=3000ms
[2026-06-04 09:18:20] [INFO] [data][ModbusTcpMaster][enterState]：设备ID=12045 状态切换: 连接中 -> 错误状态
[2026-06-04 09:18:20] [INFO] [data][ModbusTcpMaster][ModbusConnecter][startAutoReconnect]：设备ID=12045 开始自动重连，间隔=3000ms
[2026-06-04 09:18:20] [INFO] [data][ModbusTcpMaster][enterState]：设备ID=12048 状态切换: 连接中 -> 错误状态
[2026-06-04 09:18:20] [INFO] [data][ModbusTcpMaster][ModbusConnecter][startAutoReconnect]：设备ID=12048 开始自动重连，间隔=3000ms
[2026-06-04 09:18:20] [WARN] [scheduler][NetworkStatusTask][Device][onStatusChanged]：设备ID=12010 连接中->错误，IP端口=127.0.0.1:509
[2026-06-04 09:18:20] [WARN] [submitAlarm] 提交警报
警报ID: 2120102001
告警类型: 2001(Device Offline)
警报级别: 2(错误/Error)
设备标识: 12010
描述: [qrcode: 12010] Device Offline
[2026-06-04 09:18:20] [ERROR] [persistInsert] 警报日志数据库不可用，丢弃警报
警报ID: 2120102001
设备标识: 12010
告警类型: 2001(Device Offline)
[2026-06-04 09:18:20] [WARN] [data][ModbusTcpMaster][ModbusConnecter][onConnectionError]：设备ID=12074 连接阶段错误: Connection timeout (non-blocking)
[2026-06-04 09:18:20] [INFO] [data][ModbusTcpMaster][enterState]：设备ID=12049 状态切换: 连接中 -> 错误状态
[2026-06-04 09:18:20] [INFO] [data][ModbusTcpMaster][ModbusConnecter][startAutoReconnect]：设备ID=12049 开始自动重连，间隔=3000ms
[2026-06-04 09:18:20] [INFO] [data][ModbusTcpMaster][enterState]：设备ID=12077 状态切换: 连接中 -> 错误状态
[2026-06-04 09:18:20] [INFO] [data][ModbusTcpMaster][ModbusConnecter][startAutoReconnect]：设备ID=12077 开始自动重连，间隔=3000ms
[2026-06-04 09:18:20] [INFO] [data][ModbusTcpMaster][enterState]：设备ID=12046 状态切换: 连接中 -> 错误状态
[2026-06-04 09:18:20] [INFO] [data][ModbusTcpMaster][ModbusConnecter][startAutoReconnect]：设备ID=12046 开始自动重连，间隔=3000ms
[2026-06-04 09:18:20] [INFO] [data][ModbusTcpMaster][enterState]：设备ID=12073 状态切换: 连接中 -> 错误状态
[2026-06-04 09:18:20] [INFO] [data][ModbusTcpMaster][ModbusConnecter][startAutoReconnect]：设备ID=12073 开始自动重连，间隔=3000ms
[2026-06-04 09:18:20] [INFO] [data][ModbusTcpMaster][enterState]：设备ID=12047 状态切换: 连接中 -> 错误状态
[2026-06-04 09:18:20] [INFO] [data][ModbusTcpMaster][ModbusConnecter][startAutoReconnect]：设备ID=12047 开始自动重连，间隔=3000ms
[2026-06-04 09:18:20] [WARN] [scheduler][NetworkStatusTask][Device][onStatusChanged]：设备ID=12007 连接中->错误，IP端口=127.0.0.1:506
[2026-06-04 09:18:20] [WARN] [submitAlarm] 提交警报
警报ID: 2120072001
告警类型: 2001(Device Offline)
警报级别: 2(错误/Error)
设备标识: 12007
描述: [qrcode: 12007] Device Offline
[2026-06-04 09:18:20] [ERROR] [persistInsert] 警报日志数据库不可用，丢弃警报
警报ID: 2120072001
设备标识: 12007
告警类型: 2001(Device Offline)
[2026-06-04 09:18:20] [INFO] [data][ModbusTcpMaster][enterState]：设备ID=12074 状态切换: 连接中 -> 错误状态
[2026-06-04 09:18:20] [WARN] [scheduler][NetworkStatusTask][Device][onStatusChanged]：设备ID=12005 连接中->错误，IP端口=127.0.0.1:504
[2026-06-04 09:18:20] [INFO] [data][ModbusTcpMaster][ModbusConnecter][startAutoReconnect]：设备ID=12074 开始自动重连，间隔=3000ms
[2026-06-04 09:18:20] [WARN] [submitAlarm] 提交警报
警报ID: 2120052001
告警类型: 2001(Device Offline)
警报级别: 2(错误/Error)
设备标识: 12005
描述: [qrcode: 12005] Device Offline
[2026-06-04 09:18:20] [ERROR] [persistInsert] 警报日志数据库不可用，丢弃警报
警报ID: 2120052001
设备标识: 12005
告警类型: 2001(Device Offline)
[2026-06-04 09:18:20] [WARN] [scheduler][NetworkStatusTask][Device][onStatusChanged]：设备ID=12002 连接中->错误，IP端口=127.0.0.1:501
[2026-06-04 09:18:20] [WARN] [submitAlarm] 提交警报
警报ID: 2120022001
告警类型: 2001(Device Offline)
警报级别: 2(错误/Error)
设备标识: 12002
描述: [qrcode: 12002] Device Offline
[2026-06-04 09:18:20] [ERROR] [persistInsert] 警报日志数据库不可用，丢弃警报
警报ID: 2120022001
设备标识: 12002
告警类型: 2001(Device Offline)
[2026-06-04 09:18:20] [WARN] [scheduler][NetworkStatusTask][Device][onStatusChanged]：设备ID=12004 连接中->错误，IP端口=127.0.0.1:503
[2026-06-04 09:18:20] [WARN] [submitAlarm] 提交警报
警报ID: 2120042001
告警类型: 2001(Device Offline)
警报级别: 2(错误/Error)
设备标识: 12004
描述: [qrcode: 12004] Device Offline
[2026-06-04 09:18:20] [ERROR] [persistInsert] 警报日志数据库不可用，丢弃警报
警报ID: 2120042001
设备标识: 12004
告警类型: 2001(Device Offline)
[2026-06-04 09:18:20] [WARN] [scheduler][NetworkStatusTask][Device][onStatusChanged]：设备ID=12003 连接中->错误，IP端口=127.0.0.1:502
[2026-06-04 09:18:20] [WARN] [submitAlarm] 提交警报
警报ID: 2120032001
告警类型: 2001(Device Offline)
警报级别: 2(错误/Error)
设备标识: 12003
描述: [qrcode: 12003] Device Offline
[2026-06-04 09:18:20] [ERROR] [persistInsert] 警报日志数据库不可用，丢弃警报
警报ID: 2120032001
设备标识: 12003
告警类型: 2001(Device Offline)
[2026-06-04 09:18:20] [WARN] [scheduler][NetworkStatusTask][Device][onStatusChanged]：设备ID=12006 连接中->错误，IP端口=127.0.0.1:505
[2026-06-04 09:18:20] [WARN] [submitAlarm] 提交警报
警报ID: 2120062001
告警类型: 2001(Device Offline)
警报级别: 2(错误/Error)
设备标识: 12006
描述: [qrcode: 12006] Device Offline
[2026-06-04 09:18:20] [ERROR] [persistInsert] 警报日志数据库不可用，丢弃警报
警报ID: 2120062001
设备标识: 12006
告警类型: 2001(Device Offline)
[2026-06-04 09:18:20] [WARN] [scheduler][NetworkStatusTask][Device][onStatusChanged]：设备ID=12040 连接中->错误，IP端口=127.0.0.1:539
[2026-06-04 09:18:20] [WARN] [submitAlarm] 提交警报
警报ID: 2120402001
告警类型: 2001(Device Offline)
警报级别: 2(错误/Error)
设备标识: 12040
描述: [qrcode: 12040] Device Offline
[2026-06-04 09:18:20] [ERROR] [persistInsert] 警报日志数据库不可用，丢弃警报
警报ID: 2120402001
设备标识: 12040
告警类型: 2001(Device Offline)
[2026-06-04 09:18:20] [WARN] [scheduler][NetworkStatusTask][Device][onStatusChanged]：设备ID=12042 连接中->错误，IP端口=127.0.0.1:541
[2026-06-04 09:18:20] [WARN] [submitAlarm] 提交警报
警报ID: 2120422001
告警类型: 2001(Device Offline)
警报级别: 2(错误/Error)
设备标识: 12042
描述: [qrcode: 12042] Device Offline
[2026-06-04 09:18:20] [ERROR] [persistInsert] 警报日志数据库不可用，丢弃警报
警报ID: 2120422001
设备标识: 12042
告警类型: 2001(Device Offline)
[2026-06-04 09:18:20] [WARN] [scheduler][NetworkStatusTask][Device][onStatusChanged]：设备ID=12041 连接中->错误，IP端口=127.0.0.1:540
[2026-06-04 09:18:20] [WARN] [submitAlarm] 提交警报
警报ID: 2120412001
告警类型: 2001(Device Offline)
警报级别: 2(错误/Error)
设备标识: 12041
描述: [qrcode: 12041] Device Offline
[2026-06-04 09:18:20] [ERROR] [persistInsert] 警报日志数据库不可用，丢弃警报
警报ID: 2120412001
设备标识: 12041
告警类型: 2001(Device Offline)
[2026-06-04 09:18:20] [WARN] [scheduler][NetworkStatusTask][Device][onStatusChanged]：设备ID=12039 连接中->错误，IP端口=127.0.0.1:538
[2026-06-04 09:18:20] [WARN] [submitAlarm] 提交警报
警报ID: 2120392001
告警类型: 2001(Device Offline)
警报级别: 2(错误/Error)
设备标识: 12039
描述: [qrcode: 12039] Device Offline
[2026-06-04 09:18:20] [ERROR] [persistInsert] 警报日志数据库不可用，丢弃警报
警报ID: 2120392001
设备标识: 12039
告警类型: 2001(Device Offline)
[2026-06-04 09:18:20] [WARN] [scheduler][NetworkStatusTask][Device][onStatusChanged]：设备ID=12022 连接中->错误，IP端口=127.0.0.1:521
[2026-06-04 09:18:20] [WARN] [submitAlarm] 提交警报
警报ID: 2120222001
告警类型: 2001(Device Offline)
警报级别: 2(错误/Error)
设备标识: 12022
描述: [qrcode: 12022] Device Offline
[2026-06-04 09:18:20] [ERROR] [persistInsert] 警报日志数据库不可用，丢弃警报
警报ID: 2120222001
设备标识: 12022
告警类型: 2001(Device Offline)
[2026-06-04 09:18:20] [WARN] [scheduler][NetworkStatusTask][Device][onStatusChanged]：设备ID=12021 连接中->错误，IP端口=127.0.0.1:520
[2026-06-04 09:18:20] [WARN] [submitAlarm] 提交警报
警报ID: 2120212001
告警类型: 2001(Device Offline)
警报级别: 2(错误/Error)
设备标识: 12021
描述: [qrcode: 12021] Device Offline
[2026-06-04 09:18:20] [ERROR] [persistInsert] 警报日志数据库不可用，丢弃警报
警报ID: 2120212001
设备标识: 12021
告警类型: 2001(Device Offline)
[2026-06-04 09:18:20] [WARN] [scheduler][NetworkStatusTask][Device][onStatusChanged]：设备ID=12028 连接中->错误，IP端口=127.0.0.1:527
[2026-06-04 09:18:20] [WARN] [submitAlarm] 提交警报
警报ID: 2120282001
告警类型: 2001(Device Offline)
警报级别: 2(错误/Error)
设备标识: 12028
描述: [qrcode: 12028] Device Offline
[2026-06-04 09:18:20] [ERROR] [persistInsert] 警报日志数据库不可用，丢弃警报
警报ID: 2120282001
设备标识: 12028
告警类型: 2001(Device Offline)
[2026-06-04 09:18:20] [WARN] [scheduler][NetworkStatusTask][Device][onStatusChanged]：设备ID=12037 连接中->错误，IP端口=127.0.0.1:536
[2026-06-04 09:18:20] [WARN] [submitAlarm] 提交警报
警报ID: 2120372001
告警类型: 2001(Device Offline)
警报级别: 2(错误/Error)
设备标识: 12037
描述: [qrcode: 12037] Device Offline
[2026-06-04 09:18:20] [ERROR] [persistInsert] 警报日志数据库不可用，丢弃警报
警报ID: 2120372001
设备标识: 12037
告警类型: 2001(Device Offline)
[2026-06-04 09:18:20] [WARN] [scheduler][NetworkStatusTask][Device][onStatusChanged]：设备ID=12035 连接中->错误，IP端口=127.0.0.1:534
[2026-06-04 09:18:20] [WARN] [submitAlarm] 提交警报
警报ID: 2120352001
告警类型: 2001(Device Offline)
警报级别: 2(错误/Error)
设备标识: 12035
描述: [qrcode: 12035] Device Offline
[2026-06-04 09:18:20] [ERROR] [persistInsert] 警报日志数据库不可用，丢弃警报
警报ID: 2120352001
设备标识: 12035
告警类型: 2001(Device Offline)
[2026-06-04 09:18:20] [WARN] [scheduler][NetworkStatusTask][Device][onStatusChanged]：设备ID=12023 连接中->错误，IP端口=127.0.0.1:522
[2026-06-04 09:18:20] [WARN] [submitAlarm] 提交警报
警报ID: 2120232001
告警类型: 2001(Device Offline)
警报级别: 2(错误/Error)
设备标识: 12023
描述: [qrcode: 12023] Device Offline
[2026-06-04 09:18:20] [ERROR] [persistInsert] 警报日志数据库不可用，丢弃警报
警报ID: 2120232001
设备标识: 12023
告警类型: 2001(Device Offline)
[2026-06-04 09:18:20] [WARN] [scheduler][NetworkStatusTask][Device][onStatusChanged]：设备ID=12031 连接中->错误，IP端口=127.0.0.1:530
[2026-06-04 09:18:20] [WARN] [submitAlarm] 提交警报
警报ID: 2120312001
告警类型: 2001(Device Offline)
警报级别: 2(错误/Error)
设备标识: 12031
描述: [qrcode: 12031] Device Offline
[2026-06-04 09:18:20] [ERROR] [persistInsert] 警报日志数据库不可用，丢弃警报
警报ID: 2120312001
设备标识: 12031
告警类型: 2001(Device Offline)
[2026-06-04 09:18:20] [WARN] [scheduler][NetworkStatusTask][Device][onStatusChanged]：设备ID=12032 连接中->错误，IP端口=127.0.0.1:531
[2026-06-04 09:18:20] [WARN] [submitAlarm] 提交警报
警报ID: 2120322001
告警类型: 2001(Device Offline)
警报级别: 2(错误/Error)
设备标识: 12032
描述: [qrcode: 12032] Device Offline
[2026-06-04 09:18:20] [ERROR] [persistInsert] 警报日志数据库不可用，丢弃警报
警报ID: 2120322001
设备标识: 12032
告警类型: 2001(Device Offline)
[2026-06-04 09:18:20] [WARN] [scheduler][NetworkStatusTask][Device][onStatusChanged]：设备ID=12027 连接中->错误，IP端口=127.0.0.1:526
[2026-06-04 09:18:20] [WARN] [submitAlarm] 提交警报
警报ID: 2120272001
告警类型: 2001(Device Offline)
警报级别: 2(错误/Error)
设备标识: 12027
描述: [qrcode: 12027] Device Offline
[2026-06-04 09:18:20] [ERROR] [persistInsert] 警报日志数据库不可用，丢弃警报
警报ID: 2120272001
设备标识: 12027
告警类型: 2001(Device Offline)
[2026-06-04 09:18:20] [WARN] [scheduler][NetworkStatusTask][Device][onStatusChanged]：设备ID=12038 连接中->错误，IP端口=127.0.0.1:537
[2026-06-04 09:18:20] [WARN] [submitAlarm] 提交警报
警报ID: 2120382001
告警类型: 2001(Device Offline)
警报级别: 2(错误/Error)
设备标识: 12038
描述: [qrcode: 12038] Device Offline
[2026-06-04 09:18:20] [ERROR] [persistInsert] 警报日志数据库不可用，丢弃警报
警报ID: 2120382001
设备标识: 12038
告警类型: 2001(Device Offline)
[2026-06-04 09:18:20] [WARN] [scheduler][NetworkStatusTask][Device][onStatusChanged]：设备ID=12026 连接中->错误，IP端口=127.0.0.1:525
[2026-06-04 09:18:20] [WARN] [submitAlarm] 提交警报
警报ID: 2120262001
告警类型: 2001(Device Offline)
警报级别: 2(错误/Error)
设备标识: 12026
描述: [qrcode: 12026] Device Offline
[2026-06-04 09:18:20] [ERROR] [persistInsert] 警报日志数据库不可用，丢弃警报
警报ID: 2120262001
设备标识: 12026
告警类型: 2001(Device Offline)
[2026-06-04 09:18:20] [WARN] [scheduler][NetworkStatusTask][Device][onStatusChanged]：设备ID=12036 连接中->错误，IP端口=127.0.0.1:535
[2026-06-04 09:18:20] [WARN] [submitAlarm] 提交警报
警报ID: 2120362001
告警类型: 2001(Device Offline)
警报级别: 2(错误/Error)
设备标识: 12036
描述: [qrcode: 12036] Device Offline
[2026-06-04 09:18:20] [ERROR] [persistInsert] 警报日志数据库不可用，丢弃警报
警报ID: 2120362001
设备标识: 12036
告警类型: 2001(Device Offline)
[2026-06-04 09:18:20] [WARN] [scheduler][NetworkStatusTask][Device][onStatusChanged]：设备ID=12033 连接中->错误，IP端口=127.0.0.1:532
[2026-06-04 09:18:20] [WARN] [submitAlarm] 提交警报
警报ID: 2120332001
告警类型: 2001(Device Offline)
警报级别: 2(错误/Error)
设备标识: 12033
描述: [qrcode: 12033] Device Offline
[2026-06-04 09:18:20] [ERROR] [persistInsert] 警报日志数据库不可用，丢弃警报
警报ID: 2120332001
设备标识: 12033
告警类型: 2001(Device Offline)
[2026-06-04 09:18:20] [WARN] [scheduler][NetworkStatusTask][Device][onStatusChanged]：设备ID=12029 连接中->错误，IP端口=127.0.0.1:528
[2026-06-04 09:18:20] [WARN] [submitAlarm] 提交警报
警报ID: 2120292001
告警类型: 2001(Device Offline)
警报级别: 2(错误/Error)
设备标识: 12029
描述: [qrcode: 12029] Device Offline
[2026-06-04 09:18:20] [ERROR] [persistInsert] 警报日志数据库不可用，丢弃警报
警报ID: 2120292001
设备标识: 12029
告警类型: 2001(Device Offline)
[2026-06-04 09:18:20] [WARN] [scheduler][NetworkStatusTask][Device][onStatusChanged]：设备ID=12024 连接中->错误，IP端口=127.0.0.1:523
[2026-06-04 09:18:20] [WARN] [submitAlarm] 提交警报
警报ID: 2120242001
告警类型: 2001(Device Offline)
警报级别: 2(错误/Error)
设备标识: 12024
描述: [qrcode: 12024] Device Offline
[2026-06-04 09:18:20] [ERROR] [persistInsert] 警报日志数据库不可用，丢弃警报
警报ID: 2120242001
设备标识: 12024
告警类型: 2001(Device Offline)
[2026-06-04 09:18:20] [WARN] [scheduler][NetworkStatusTask][Device][onStatusChanged]：设备ID=12018 连接中->错误，IP端口=127.0.0.1:517
[2026-06-04 09:18:20] [WARN] [submitAlarm] 提交警报
警报ID: 2120182001
告警类型: 2001(Device Offline)
警报级别: 2(错误/Error)
设备标识: 12018
描述: [qrcode: 12018] Device Offline
[2026-06-04 09:18:20] [ERROR] [persistInsert] 警报日志数据库不可用，丢弃警报
警报ID: 2120182001
设备标识: 12018
告警类型: 2001(Device Offline)
[2026-06-04 09:18:20] [WARN] [scheduler][NetworkStatusTask][Device][onStatusChanged]：设备ID=12025 连接中->错误，IP端口=127.0.0.1:524
[2026-06-04 09:18:20] [WARN] [submitAlarm] 提交警报
警报ID: 2120252001
告警类型: 2001(Device Offline)
警报级别: 2(错误/Error)
设备标识: 12025
描述: [qrcode: 12025] Device Offline
[2026-06-04 09:18:20] [ERROR] [persistInsert] 警报日志数据库不可用，丢弃警报
警报ID: 2120252001
设备标识: 12025
告警类型: 2001(Device Offline)
[2026-06-04 09:18:20] [WARN] [scheduler][NetworkStatusTask][Device][onStatusChanged]：设备ID=12034 连接中->错误，IP端口=127.0.0.1:533
[2026-06-04 09:18:20] [WARN] [submitAlarm] 提交警报
警报ID: 2120342001
告警类型: 2001(Device Offline)
警报级别: 2(错误/Error)
设备标识: 12034
描述: [qrcode: 12034] Device Offline
[2026-06-04 09:18:20] [ERROR] [persistInsert] 警报日志数据库不可用，丢弃警报
警报ID: 2120342001
设备标识: 12034
告警类型: 2001(Device Offline)
[2026-06-04 09:18:20] [WARN] [scheduler][NetworkStatusTask][Device][onStatusChanged]：设备ID=12017 连接中->错误，IP端口=127.0.0.1:516
[2026-06-04 09:18:20] [WARN] [submitAlarm] 提交警报
警报ID: 2120172001
告警类型: 2001(Device Offline)
警报级别: 2(错误/Error)
设备标识: 12017
描述: [qrcode: 12017] Device Offline
[2026-06-04 09:18:20] [ERROR] [persistInsert] 警报日志数据库不可用，丢弃警报
警报ID: 2120172001
设备标识: 12017
告警类型: 2001(Device Offline)
[2026-06-04 09:18:20] [WARN] [scheduler][NetworkStatusTask][Device][onStatusChanged]：设备ID=12020 连接中->错误，IP端口=127.0.0.1:519
[2026-06-04 09:18:20] [WARN] [submitAlarm] 提交警报
警报ID: 2120202001
告警类型: 2001(Device Offline)
警报级别: 2(错误/Error)
设备标识: 12020
描述: [qrcode: 12020] Device Offline
[2026-06-04 09:18:20] [ERROR] [persistInsert] 警报日志数据库不可用，丢弃警报
警报ID: 2120202001
设备标识: 12020
告警类型: 2001(Device Offline)
[2026-06-04 09:18:20] [WARN] [scheduler][NetworkStatusTask][Device][onStatusChanged]：设备ID=12059 连接中->错误，IP端口=127.0.0.1:558
[2026-06-04 09:18:20] [WARN] [submitAlarm] 提交警报
警报ID: 2120592001
告警类型: 2001(Device Offline)
警报级别: 2(错误/Error)
设备标识: 12059
描述: [qrcode: 12059] Device Offline
[2026-06-04 09:18:20] [ERROR] [persistInsert] 警报日志数据库不可用，丢弃警报
警报ID: 2120592001
设备标识: 12059
告警类型: 2001(Device Offline)
[2026-06-04 09:18:20] [WARN] [scheduler][NetworkStatusTask][Device][onStatusChanged]：设备ID=12019 连接中->错误，IP端口=127.0.0.1:518
[2026-06-04 09:18:20] [WARN] [submitAlarm] 提交警报
警报ID: 2120192001
告警类型: 2001(Device Offline)
警报级别: 2(错误/Error)
设备标识: 12019
描述: [qrcode: 12019] Device Offline
[2026-06-04 09:18:20] [ERROR] [persistInsert] 警报日志数据库不可用，丢弃警报
警报ID: 2120192001
设备标识: 12019
告警类型: 2001(Device Offline)
[2026-06-04 09:18:20] [WARN] [scheduler][NetworkStatusTask][Device][onStatusChanged]：设备ID=12065 连接中->错误，IP端口=127.0.0.1:564
[2026-06-04 09:18:20] [WARN] [submitAlarm] 提交警报
警报ID: 2120652001
告警类型: 2001(Device Offline)
警报级别: 2(错误/Error)
设备标识: 12065
描述: [qrcode: 12065] Device Offline
[2026-06-04 09:18:20] [ERROR] [persistInsert] 警报日志数据库不可用，丢弃警报
警报ID: 2120652001
设备标识: 12065
告警类型: 2001(Device Offline)
[2026-06-04 09:18:20] [WARN] [scheduler][NetworkStatusTask][Device][onStatusChanged]：设备ID=12072 连接中->错误，IP端口=127.0.0.1:571
[2026-06-04 09:18:20] [WARN] [submitAlarm] 提交警报
警报ID: 2120722001
告警类型: 2001(Device Offline)
警报级别: 2(错误/Error)
设备标识: 12072
描述: [qrcode: 12072] Device Offline
[2026-06-04 09:18:20] [ERROR] [persistInsert] 警报日志数据库不可用，丢弃警报
警报ID: 2120722001
设备标识: 12072
告警类型: 2001(Device Offline)
[2026-06-04 09:18:20] [WARN] [scheduler][NetworkStatusTask][Device][onStatusChanged]：设备ID=12066 连接中->错误，IP端口=127.0.0.1:565
[2026-06-04 09:18:20] [WARN] [submitAlarm] 提交警报
警报ID: 2120662001
告警类型: 2001(Device Offline)
警报级别: 2(错误/Error)
设备标识: 12066
描述: [qrcode: 12066] Device Offline
[2026-06-04 09:18:20] [ERROR] [persistInsert] 警报日志数据库不可用，丢弃警报
警报ID: 2120662001
设备标识: 12066
告警类型: 2001(Device Offline)
[2026-06-04 09:18:20] [WARN] [scheduler][NetworkStatusTask][Device][onStatusChanged]：设备ID=12030 连接中->错误，IP端口=127.0.0.1:529
[2026-06-04 09:18:20] [WARN] [submitAlarm] 提交警报
警报ID: 2120302001
告警类型: 2001(Device Offline)
警报级别: 2(错误/Error)
设备标识: 12030
描述: [qrcode: 12030] Device Offline
[2026-06-04 09:18:20] [ERROR] [persistInsert] 警报日志数据库不可用，丢弃警报
警报ID: 2120302001
设备标识: 12030
告警类型: 2001(Device Offline)
[2026-06-04 09:18:20] [WARN] [scheduler][NetworkStatusTask][Device][onStatusChanged]：设备ID=12057 连接中->错误，IP端口=127.0.0.1:556
[2026-06-04 09:18:20] [WARN] [submitAlarm] 提交警报
警报ID: 2120572001
告警类型: 2001(Device Offline)
警报级别: 2(错误/Error)
设备标识: 12057
描述: [qrcode: 12057] Device Offline
[2026-06-04 09:18:20] [ERROR] [persistInsert] 警报日志数据库不可用，丢弃警报
警报ID: 2120572001
设备标识: 12057
告警类型: 2001(Device Offline)
[2026-06-04 09:18:20] [WARN] [scheduler][NetworkStatusTask][Device][onStatusChanged]：设备ID=12067 连接中->错误，IP端口=127.0.0.1:566
[2026-06-04 09:18:20] [WARN] [submitAlarm] 提交警报
警报ID: 2120672001
告警类型: 2001(Device Offline)
警报级别: 2(错误/Error)
设备标识: 12067
描述: [qrcode: 12067] Device Offline
[2026-06-04 09:18:20] [ERROR] [persistInsert] 警报日志数据库不可用，丢弃警报
警报ID: 2120672001
设备标识: 12067
告警类型: 2001(Device Offline)
[2026-06-04 09:18:20] [WARN] [scheduler][NetworkStatusTask][Device][onStatusChanged]：设备ID=12053 连接中->错误，IP端口=127.0.0.1:552
[2026-06-04 09:18:20] [WARN] [submitAlarm] 提交警报
警报ID: 2120532001
告警类型: 2001(Device Offline)
警报级别: 2(错误/Error)
设备标识: 12053
描述: [qrcode: 12053] Device Offline
[2026-06-04 09:18:20] [ERROR] [persistInsert] 警报日志数据库不可用，丢弃警报
警报ID: 2120532001
设备标识: 12053
告警类型: 2001(Device Offline)
[2026-06-04 09:18:20] [WARN] [scheduler][NetworkStatusTask][Device][onStatusChanged]：设备ID=12054 连接中->错误，IP端口=127.0.0.1:553
[2026-06-04 09:18:20] [WARN] [submitAlarm] 提交警报
警报ID: 2120542001
告警类型: 2001(Device Offline)
警报级别: 2(错误/Error)
设备标识: 12054
描述: [qrcode: 12054] Device Offline
[2026-06-04 09:18:20] [ERROR] [persistInsert] 警报日志数据库不可用，丢弃警报
警报ID: 2120542001
设备标识: 12054
告警类型: 2001(Device Offline)
[2026-06-04 09:18:20] [WARN] [scheduler][NetworkStatusTask][Device][onStatusChanged]：设备ID=12071 连接中->错误，IP端口=127.0.0.1:570
[2026-06-04 09:18:20] [WARN] [submitAlarm] 提交警报
警报ID: 2120712001
告警类型: 2001(Device Offline)
警报级别: 2(错误/Error)
设备标识: 12071
描述: [qrcode: 12071] Device Offline
[2026-06-04 09:18:20] [ERROR] [persistInsert] 警报日志数据库不可用，丢弃警报
警报ID: 2120712001
设备标识: 12071
告警类型: 2001(Device Offline)
[2026-06-04 09:18:20] [WARN] [scheduler][NetworkStatusTask][Device][onStatusChanged]：设备ID=12060 连接中->错误，IP端口=127.0.0.1:559
[2026-06-04 09:18:20] [WARN] [submitAlarm] 提交警报
警报ID: 2120602001
告警类型: 2001(Device Offline)
警报级别: 2(错误/Error)
设备标识: 12060
描述: [qrcode: 12060] Device Offline
[2026-06-04 09:18:20] [ERROR] [persistInsert] 警报日志数据库不可用，丢弃警报
警报ID: 2120602001
设备标识: 12060
告警类型: 2001(Device Offline)
[2026-06-04 09:18:20] [WARN] [scheduler][NetworkStatusTask][Device][onStatusChanged]：设备ID=12070 连接中->错误，IP端口=127.0.0.1:569
[2026-06-04 09:18:20] [WARN] [submitAlarm] 提交警报
警报ID: 2120702001
告警类型: 2001(Device Offline)
警报级别: 2(错误/Error)
设备标识: 12070
描述: [qrcode: 12070] Device Offline
[2026-06-04 09:18:20] [ERROR] [persistInsert] 警报日志数据库不可用，丢弃警报
警报ID: 2120702001
设备标识: 12070
告警类型: 2001(Device Offline)
[2026-06-04 09:18:20] [WARN] [scheduler][NetworkStatusTask][Device][onStatusChanged]：设备ID=12058 连接中->错误，IP端口=127.0.0.1:557
[2026-06-04 09:18:20] [WARN] [submitAlarm] 提交警报
警报ID: 2120582001
告警类型: 2001(Device Offline)
警报级别: 2(错误/Error)
设备标识: 12058
描述: [qrcode: 12058] Device Offline
[2026-06-04 09:18:20] [ERROR] [persistInsert] 警报日志数据库不可用，丢弃警报
警报ID: 2120582001
设备标识: 12058
告警类型: 2001(Device Offline)
[2026-06-04 09:18:20] [WARN] [scheduler][NetworkStatusTask][Device][onStatusChanged]：设备ID=12055 连接中->错误，IP端口=127.0.0.1:554
[2026-06-04 09:18:20] [WARN] [submitAlarm] 提交警报
警报ID: 2120552001
告警类型: 2001(Device Offline)
警报级别: 2(错误/Error)
设备标识: 12055
描述: [qrcode: 12055] Device Offline
[2026-06-04 09:18:20] [ERROR] [persistInsert] 警报日志数据库不可用，丢弃警报
警报ID: 2120552001
设备标识: 12055
告警类型: 2001(Device Offline)
[2026-06-04 09:18:20] [WARN] [scheduler][NetworkStatusTask][Device][onStatusChanged]：设备ID=12051 连接中->错误，IP端口=127.0.0.1:550
[2026-06-04 09:18:20] [WARN] [submitAlarm] 提交警报
警报ID: 2120512001
告警类型: 2001(Device Offline)
警报级别: 2(错误/Error)
设备标识: 12051
描述: [qrcode: 12051] Device Offline
[2026-06-04 09:18:20] [ERROR] [persistInsert] 警报日志数据库不可用，丢弃警报
警报ID: 2120512001
设备标识: 12051
告警类型: 2001(Device Offline)
[2026-06-04 09:18:20] [WARN] [scheduler][NetworkStatusTask][Device][onStatusChanged]：设备ID=12068 连接中->错误，IP端口=127.0.0.1:567
[2026-06-04 09:18:20] [WARN] [submitAlarm] 提交警报
警报ID: 2120682001
告警类型: 2001(Device Offline)
警报级别: 2(错误/Error)
设备标识: 12068
描述: [qrcode: 12068] Device Offline
[2026-06-04 09:18:20] [ERROR] [persistInsert] 警报日志数据库不可用，丢弃警报
警报ID: 2120682001
设备标识: 12068
告警类型: 2001(Device Offline)
[2026-06-04 09:18:20] [WARN] [scheduler][NetworkStatusTask][Device][onStatusChanged]：设备ID=12062 连接中->错误，IP端口=127.0.0.1:561
[2026-06-04 09:18:20] [WARN] [submitAlarm] 提交警报
警报ID: 2120622001
告警类型: 2001(Device Offline)
警报级别: 2(错误/Error)
设备标识: 12062
描述: [qrcode: 12062] Device Offline
[2026-06-04 09:18:20] [ERROR] [persistInsert] 警报日志数据库不可用，丢弃警报
警报ID: 2120622001
设备标识: 12062
告警类型: 2001(Device Offline)
[2026-06-04 09:18:20] [WARN] [scheduler][NetworkStatusTask][Device][onStatusChanged]：设备ID=12056 连接中->错误，IP端口=127.0.0.1:555
[2026-06-04 09:18:20] [WARN] [submitAlarm] 提交警报
警报ID: 2120562001
告警类型: 2001(Device Offline)
警报级别: 2(错误/Error)
设备标识: 12056
描述: [qrcode: 12056] Device Offline
[2026-06-04 09:18:20] [ERROR] [persistInsert] 警报日志数据库不可用，丢弃警报
警报ID: 2120562001
设备标识: 12056
告警类型: 2001(Device Offline)
[2026-06-04 09:18:20] [WARN] [scheduler][NetworkStatusTask][Device][onStatusChanged]：设备ID=12069 连接中->错误，IP端口=127.0.0.1:568
[2026-06-04 09:18:20] [WARN] [submitAlarm] 提交警报
警报ID: 2120692001
告警类型: 2001(Device Offline)
警报级别: 2(错误/Error)
设备标识: 12069
描述: [qrcode: 12069] Device Offline
[2026-06-04 09:18:20] [ERROR] [persistInsert] 警报日志数据库不可用，丢弃警报
警报ID: 2120692001
设备标识: 12069
告警类型: 2001(Device Offline)
[2026-06-04 09:18:20] [WARN] [scheduler][NetworkStatusTask][Device][onStatusChanged]：设备ID=12043 连接中->错误，IP端口=127.0.0.1:542
[2026-06-04 09:18:20] [WARN] [submitAlarm] 提交警报
警报ID: 2120432001
告警类型: 2001(Device Offline)
警报级别: 2(错误/Error)
设备标识: 12043
描述: [qrcode: 12043] Device Offline
[2026-06-04 09:18:20] [ERROR] [persistInsert] 警报日志数据库不可用，丢弃警报
警报ID: 2120432001
设备标识: 12043
告警类型: 2001(Device Offline)
[2026-06-04 09:18:20] [WARN] [scheduler][NetworkStatusTask][Device][onStatusChanged]：设备ID=12061 连接中->错误，IP端口=127.0.0.1:560
[2026-06-04 09:18:20] [WARN] [submitAlarm] 提交警报
警报ID: 2120612001
告警类型: 2001(Device Offline)
警报级别: 2(错误/Error)
设备标识: 12061
描述: [qrcode: 12061] Device Offline
[2026-06-04 09:18:20] [ERROR] [persistInsert] 警报日志数据库不可用，丢弃警报
警报ID: 2120612001
设备标识: 12061
告警类型: 2001(Device Offline)
[2026-06-04 09:18:20] [WARN] [scheduler][NetworkStatusTask][Device][onStatusChanged]：设备ID=12063 连接中->错误，IP端口=127.0.0.1:562
[2026-06-04 09:18:20] [WARN] [submitAlarm] 提交警报
警报ID: 2120632001
告警类型: 2001(Device Offline)
警报级别: 2(错误/Error)
设备标识: 12063
描述: [qrcode: 12063] Device Offline
[2026-06-04 09:18:20] [ERROR] [persistInsert] 警报日志数据库不可用，丢弃警报
警报ID: 2120632001
设备标识: 12063
告警类型: 2001(Device Offline)
[2026-06-04 09:18:20] [WARN] [scheduler][NetworkStatusTask][Device][onStatusChanged]：设备ID=12064 连接中->错误，IP端口=127.0.0.1:563
[2026-06-04 09:18:20] [WARN] [submitAlarm] 提交警报
警报ID: 2120642001
告警类型: 2001(Device Offline)
警报级别: 2(错误/Error)
设备标识: 12064
描述: [qrcode: 12064] Device Offline
[2026-06-04 09:18:20] [ERROR] [persistInsert] 警报日志数据库不可用，丢弃警报
警报ID: 2120642001
设备标识: 12064
告警类型: 2001(Device Offline)
[2026-06-04 09:18:20] [WARN] [scheduler][NetworkStatusTask][Device][onStatusChanged]：设备ID=12044 连接中->错误，IP端口=127.0.0.1:543
[2026-06-04 09:18:20] [WARN] [submitAlarm] 提交警报
警报ID: 2120442001
告警类型: 2001(Device Offline)
警报级别: 2(错误/Error)
设备标识: 12044
描述: [qrcode: 12044] Device Offline
[2026-06-04 09:18:20] [ERROR] [persistInsert] 警报日志数据库不可用，丢弃警报
警报ID: 2120442001
设备标识: 12044
告警类型: 2001(Device Offline)
[2026-06-04 09:18:20] [WARN] [scheduler][NetworkStatusTask][Device][onStatusChanged]：设备ID=12052 连接中->错误，IP端口=127.0.0.1:551
[2026-06-04 09:18:20] [WARN] [submitAlarm] 提交警报
警报ID: 2120522001
告警类型: 2001(Device Offline)
警报级别: 2(错误/Error)
设备标识: 12052
描述: [qrcode: 12052] Device Offline
[2026-06-04 09:18:20] [ERROR] [persistInsert] 警报日志数据库不可用，丢弃警报
警报ID: 2120522001
设备标识: 12052
告警类型: 2001(Device Offline)
[2026-06-04 09:18:20] [WARN] [scheduler][NetworkStatusTask][Device][onStatusChanged]：设备ID=12076 连接中->错误，IP端口=127.0.0.1:575
[2026-06-04 09:18:20] [WARN] [submitAlarm] 提交警报
警报ID: 2120762001
告警类型: 2001(Device Offline)
警报级别: 2(错误/Error)
设备标识: 12076
描述: [qrcode: 12076] Device Offline
[2026-06-04 09:18:20] [ERROR] [persistInsert] 警报日志数据库不可用，丢弃警报
警报ID: 2120762001
设备标识: 12076
告警类型: 2001(Device Offline)
[2026-06-04 09:18:20] [WARN] [scheduler][NetworkStatusTask][Device][onStatusChanged]：设备ID=12050 连接中->错误，IP端口=127.0.0.1:549
[2026-06-04 09:18:20] [WARN] [submitAlarm] 提交警报
警报ID: 2120502001
告警类型: 2001(Device Offline)
警报级别: 2(错误/Error)
设备标识: 12050
描述: [qrcode: 12050] Device Offline
[2026-06-04 09:18:20] [ERROR] [persistInsert] 警报日志数据库不可用，丢弃警报
警报ID: 2120502001
设备标识: 12050
告警类型: 2001(Device Offline)
[2026-06-04 09:18:20] [WARN] [scheduler][NetworkStatusTask][Device][onStatusChanged]：设备ID=12079 连接中->错误，IP端口=127.0.0.1:578
[2026-06-04 09:18:20] [WARN] [submitAlarm] 提交警报
警报ID: 2120792001
告警类型: 2001(Device Offline)
警报级别: 2(错误/Error)
设备标识: 12079
描述: [qrcode: 12079] Device Offline
[2026-06-04 09:18:20] [ERROR] [persistInsert] 警报日志数据库不可用，丢弃警报
警报ID: 2120792001
设备标识: 12079
告警类型: 2001(Device Offline)
[2026-06-04 09:18:20] [WARN] [scheduler][NetworkStatusTask][Device][onStatusChanged]：设备ID=12049 连接中->错误，IP端口=127.0.0.1:548
[2026-06-04 09:18:20] [WARN] [submitAlarm] 提交警报
警报ID: 2120492001
告警类型: 2001(Device Offline)
警报级别: 2(错误/Error)
设备标识: 12049
描述: [qrcode: 12049] Device Offline
[2026-06-04 09:18:20] [ERROR] [persistInsert] 警报日志数据库不可用，丢弃警报
警报ID: 2120492001
设备标识: 12049
告警类型: 2001(Device Offline)
[2026-06-04 09:18:20] [WARN] [scheduler][NetworkStatusTask][Device][onStatusChanged]：设备ID=12075 连接中->错误，IP端口=127.0.0.1:574
[2026-06-04 09:18:20] [WARN] [submitAlarm] 提交警报
警报ID: 2120752001
告警类型: 2001(Device Offline)
警报级别: 2(错误/Error)
设备标识: 12075
描述: [qrcode: 12075] Device Offline
[2026-06-04 09:18:20] [ERROR] [persistInsert] 警报日志数据库不可用，丢弃警报
警报ID: 2120752001
设备标识: 12075
告警类型: 2001(Device Offline)
[2026-06-04 09:18:20] [WARN] [scheduler][NetworkStatusTask][Device][onStatusChanged]：设备ID=12045 连接中->错误，IP端口=127.0.0.1:544
[2026-06-04 09:18:20] [WARN] [submitAlarm] 提交警报
警报ID: 2120452001
告警类型: 2001(Device Offline)
警报级别: 2(错误/Error)
设备标识: 12045
描述: [qrcode: 12045] Device Offline
[2026-06-04 09:18:20] [ERROR] [persistInsert] 警报日志数据库不可用，丢弃警报
警报ID: 2120452001
设备标识: 12045
告警类型: 2001(Device Offline)
[2026-06-04 09:18:20] [WARN] [scheduler][NetworkStatusTask][Device][onStatusChanged]：设备ID=12048 连接中->错误，IP端口=127.0.0.1:547
[2026-06-04 09:18:20] [WARN] [submitAlarm] 提交警报
警报ID: 2120482001
告警类型: 2001(Device Offline)
警报级别: 2(错误/Error)
设备标识: 12048
描述: [qrcode: 12048] Device Offline
[2026-06-04 09:18:20] [ERROR] [persistInsert] 警报日志数据库不可用，丢弃警报
警报ID: 2120482001
设备标识: 12048
告警类型: 2001(Device Offline)
[2026-06-04 09:18:20] [WARN] [scheduler][NetworkStatusTask][Device][onStatusChanged]：设备ID=12078 连接中->错误，IP端口=127.0.0.1:577
[2026-06-04 09:18:20] [WARN] [submitAlarm] 提交警报
警报ID: 2120782001
告警类型: 2001(Device Offline)
警报级别: 2(错误/Error)
设备标识: 12078
描述: [qrcode: 12078] Device Offline
[2026-06-04 09:18:20] [ERROR] [persistInsert] 警报日志数据库不可用，丢弃警报
警报ID: 2120782001
设备标识: 12078
告警类型: 2001(Device Offline)
[2026-06-04 09:18:20] [WARN] [scheduler][NetworkStatusTask][Device][onStatusChanged]：设备ID=12077 连接中->错误，IP端口=127.0.0.1:576
[2026-06-04 09:18:20] [WARN] [submitAlarm] 提交警报
警报ID: 2120772001
告警类型: 2001(Device Offline)
警报级别: 2(错误/Error)
设备标识: 12077
描述: [qrcode: 12077] Device Offline
[2026-06-04 09:18:20] [ERROR] [persistInsert] 警报日志数据库不可用，丢弃警报
警报ID: 2120772001
设备标识: 12077
告警类型: 2001(Device Offline)
[2026-06-04 09:18:20] [WARN] [scheduler][NetworkStatusTask][Device][onStatusChanged]：设备ID=12046 连接中->错误，IP端口=127.0.0.1:545
[2026-06-04 09:18:20] [WARN] [submitAlarm] 提交警报
警报ID: 2120462001
告警类型: 2001(Device Offline)
警报级别: 2(错误/Error)
设备标识: 12046
描述: [qrcode: 12046] Device Offline
[2026-06-04 09:18:20] [ERROR] [persistInsert] 警报日志数据库不可用，丢弃警报
警报ID: 2120462001
设备标识: 12046
告警类型: 2001(Device Offline)
[2026-06-04 09:18:20] [WARN] [scheduler][NetworkStatusTask][Device][onStatusChanged]：设备ID=12073 连接中->错误，IP端口=127.0.0.1:572
[2026-06-04 09:18:20] [WARN] [submitAlarm] 提交警报
警报ID: 2120732001
告警类型: 2001(Device Offline)
警报级别: 2(错误/Error)
设备标识: 12073
描述: [qrcode: 12073] Device Offline
[2026-06-04 09:18:20] [ERROR] [persistInsert] 警报日志数据库不可用，丢弃警报
警报ID: 2120732001
设备标识: 12073
告警类型: 2001(Device Offline)
[2026-06-04 09:18:20] [WARN] [scheduler][NetworkStatusTask][Device][onStatusChanged]：设备ID=12047 连接中->错误，IP端口=127.0.0.1:546
[2026-06-04 09:18:20] [WARN] [submitAlarm] 提交警报
警报ID: 2120472001
告警类型: 2001(Device Offline)
警报级别: 2(错误/Error)
设备标识: 12047
描述: [qrcode: 12047] Device Offline
[2026-06-04 09:18:20] [ERROR] [persistInsert] 警报日志数据库不可用，丢弃警报
警报ID: 2120472001
设备标识: 12047
告警类型: 2001(Device Offline)
[2026-06-04 09:18:20] [WARN] [scheduler][NetworkStatusTask][Device][onStatusChanged]：设备ID=12074 连接中->错误，IP端口=127.0.0.1:573
[2026-06-04 09:18:20] [WARN] [submitAlarm] 提交警报
警报ID: 2120742001
告警类型: 2001(Device Offline)
警报级别: 2(错误/Error)
设备标识: 12074
描述: [qrcode: 12074] Device Offline
[2026-06-04 09:18:20] [ERROR] [persistInsert] 警报日志数据库不可用，丢弃警报
警报ID: 2120742001
设备标识: 12074
告警类型: 2001(Device Offline)
[2026-06-04 09:18:20] [INFO] [CraneMapWidget::refreshDeviceData]Updated 20 devices
[2026-06-04 09:18:21] [INFO] [CraneMapWidget::refreshDeviceData]Updated 20 devices
[2026-06-04 09:18:22] [INFO] [CraneMapWidget::refreshDeviceData]Updated 20 devices
[2026-06-04 09:18:23] [INFO] [CraneMapWidget::refreshDeviceData]Updated 20 devices
[2026-06-04 09:18:24] [INFO] [CraneMapWidget::refreshDeviceData]Updated 20 devices
[2026-06-04 09:18:25] [INFO] [CraneMapWidget::refreshDeviceData]Updated 20 devices
[2026-06-04 09:18:26] [INFO] [CraneMapWidget::refreshDeviceData]Updated 20 devices
[2026-06-04 09:18:27] [INFO] ################################################################################
############################# SH85_PERIODIC_ROUND_BEGIN #############################
任务名称: SH85PeriodicSelfCheckTask
模式: 周期自检
轮次ID: 20260604_091827_618
开始时间: 2026-06-04 09:18:27
结束时间: 2026-06-04 09:18:27
总设备数: 80
参与设备数: 80
成功设备数: 0
失败设备数: 80
跳过设备数: 0
结果: 失败
失败设备: 12001, 12002, 12003, 12004, 12005, 12006, 12007, 12008, 12009, 12010, 12011, 12012, 12013, 12014, 12015, 12016, 12017, 12018, 12019, 12020, 12021, 12022, 12023, 12024, 12025, 12026, 12027, 12028, 12029, 12030, 12031, 12032, 12033, 12034, 12035, 12036, 12037, 12038, 12039, 12040, 12041, 12042, 12043, 12044, 12045, 12046, 12047, 12048, 12049, 12050, 12051, 12052, 12053, 12054, 12055, 12056, 12057, 12058, 12059, 12060, 12061, 12062, 12063, 12064, 12065, 12066, 12067, 12068, 12069, 12070, 12071, 12072, 12073, 12074, 12075, 12076, 12077, 12078, 12079, 12080
跳过设备: 无
----------------------------- 设备执行记录列表 -----------------------------
[设备记录 1/80 BEGIN] QRCode=12001 轮次ID=20260604_091827_618
============================= SH85SelfCheck 执行记录 =============================
任务名称: SH85SelfCheck
模式: 周期自检
轮次ID: 20260604_091827_618
设备: 12001
结果: 失败
结果码: StartCommandFailed
说明: 设备未连接
开始时间: 2026-06-04 09:18:27.618
结束时间: 2026-06-04 09:18:27.619
耗时: 1 ms
----------------------------- 执行明细 -----------------------------
自检任务开始
总时长: 70 s
指令下发明细: 未下发
指令: StartSelfCheck
所属阶段: 阶段1 - 下发启动自检指令
发送时间: -
响应时间: -
发送次数: 0/1
请求帧: 01 06 00 17 00 A5
响应帧: 未下发, 设备未连接
处理结果: 未下发
启动失败
原因: 设备未连接
============================= SH85SelfCheck 执行记录结束 =============================
[设备记录 1/80 END] QRCode=12001 轮次ID=20260604_091827_618
[设备记录 2/80 BEGIN] QRCode=12002 轮次ID=20260604_091827_618
============================= SH85SelfCheck 执行记录 =============================
任务名称: SH85SelfCheck
模式: 周期自检
轮次ID: 20260604_091827_618
设备: 12002
结果: 失败
结果码: StartCommandFailed
说明: 设备未连接
开始时间: 2026-06-04 09:18:27.618
结束时间: 2026-06-04 09:18:27.619
耗时: 1 ms
----------------------------- 执行明细 -----------------------------
自检任务开始
总时长: 70 s
指令下发明细: 未下发
指令: StartSelfCheck
所属阶段: 阶段1 - 下发启动自检指令
发送时间: -
响应时间: -
发送次数: 0/1
请求帧: 01 06 00 17 00 A5
响应帧: 未下发, 设备未连接
处理结果: 未下发
启动失败
原因: 设备未连接
============================= SH85SelfCheck 执行记录结束 =============================
[设备记录 2/80 END] QRCode=12002 轮次ID=20260604_091827_618
[设备记录 3/80 BEGIN] QRCode=12003 轮次ID=20260604_091827_618
============================= SH85SelfCheck 执行记录 =============================
任务名称: SH85SelfCheck
模式: 周期自检
轮次ID: 20260604_091827_618
设备: 12003
结果: 失败
结果码: StartCommandFailed
说明: 设备未连接
开始时间: 2026-06-04 09:18:27.618
结束时间: 2026-06-04 09:18:27.619
耗时: 1 ms
----------------------------- 执行明细 -----------------------------
自检任务开始
总时长: 70 s
指令下发明细: 未下发
指令: StartSelfCheck
所属阶段: 阶段1 - 下发启动自检指令
发送时间: -
响应时间: -
发送次数: 0/1
请求帧: 01 06 00 17 00 A5
响应帧: 未下发, 设备未连接
处理结果: 未下发
启动失败
原因: 设备未连接
============================= SH85SelfCheck 执行记录结束 =============================
[设备记录 3/80 END] QRCode=12003 轮次ID=20260604_091827_618
[设备记录 4/80 BEGIN] QRCode=12004 轮次ID=20260604_091827_618
============================= SH85SelfCheck 执行记录 =============================
任务名称: SH85SelfCheck
模式: 周期自检
轮次ID: 20260604_091827_618
设备: 12004
结果: 失败
结果码: StartCommandFailed
说明: 设备未连接
开始时间: 2026-06-04 09:18:27.618
结束时间: 2026-06-04 09:18:27.619
耗时: 1 ms
----------------------------- 执行明细 -----------------------------
自检任务开始
总时长: 70 s
指令下发明细: 未下发
指令: StartSelfCheck
所属阶段: 阶段1 - 下发启动自检指令
发送时间: -
响应时间: -
发送次数: 0/1
请求帧: 01 06 00 17 00 A5
响应帧: 未下发, 设备未连接
处理结果: 未下发
启动失败
原因: 设备未连接
============================= SH85SelfCheck 执行记录结束 =============================
[设备记录 4/80 END] QRCode=12004 轮次ID=20260604_091827_618
[设备记录 5/80 BEGIN] QRCode=12005 轮次ID=20260604_091827_618
============================= SH85SelfCheck 执行记录 =============================
任务名称: SH85SelfCheck
模式: 周期自检
轮次ID: 20260604_091827_618
设备: 12005
结果: 失败
结果码: StartCommandFailed
说明: 设备未连接
开始时间: 2026-06-04 09:18:27.618
结束时间: 2026-06-04 09:18:27.619
耗时: 1 ms
----------------------------- 执行明细 -----------------------------
自检任务开始
总时长: 70 s
指令下发明细: 未下发
指令: StartSelfCheck
所属阶段: 阶段1 - 下发启动自检指令
发送时间: -
响应时间: -
发送次数: 0/1
请求帧: 01 06 00 17 00 A5
响应帧: 未下发, 设备未连接
处理结果: 未下发
启动失败
原因: 设备未连接
============================= SH85SelfCheck 执行记录结束 =============================
[设备记录 5/80 END] QRCode=12005 轮次ID=20260604_091827_618
[设备记录 6/80 BEGIN] QRCode=12006 轮次ID=20260604_091827_618
============================= SH85SelfCheck 执行记录 =============================
任务名称: SH85SelfCheck
模式: 周期自检
轮次ID: 20260604_091827_618
设备: 12006
结果: 失败
结果码: StartCommandFailed
说明: 设备未连接
开始时间: 2026-06-04 09:18:27.618
结束时间: 2026-06-04 09:18:27.619
耗时: 1 ms
----------------------------- 执行明细 -----------------------------
自检任务开始
总时长: 70 s
指令下发明细: 未下发
指令: StartSelfCheck
所属阶段: 阶段1 - 下发启动自检指令
发送时间: -
响应时间: -
发送次数: 0/1
请求帧: 01 06 00 17 00 A5
响应帧: 未下发, 设备未连接
处理结果: 未下发
启动失败
原因: 设备未连接
============================= SH85SelfCheck 执行记录结束 =============================
[设备记录 6/80 END] QRCode=12006 轮次ID=20260604_091827_618
[设备记录 7/80 BEGIN] QRCode=12007 轮次ID=20260604_091827_618
============================= SH85SelfCheck 执行记录 =============================
任务名称: SH85SelfCheck
模式: 周期自检
轮次ID: 20260604_091827_618
设备: 12007
结果: 失败
结果码: StartCommandFailed
说明: 设备未连接
开始时间: 2026-06-04 09:18:27.618
结束时间: 2026-06-04 09:18:27.619
耗时: 1 ms
----------------------------- 执行明细 -----------------------------
自检任务开始
总时长: 70 s
指令下发明细: 未下发
指令: StartSelfCheck
所属阶段: 阶段1 - 下发启动自检指令
发送时间: -
响应时间: -
发送次数: 0/1
请求帧: 01 06 00 17 00 A5
响应帧: 未下发, 设备未连接
处理结果: 未下发
启动失败
原因: 设备未连接
============================= SH85SelfCheck 执行记录结束 =============================
[设备记录 7/80 END] QRCode=12007 轮次ID=20260604_091827_618
[设备记录 8/80 BEGIN] QRCode=12008 轮次ID=20260604_091827_618
============================= SH85SelfCheck 执行记录 =============================
任务名称: SH85SelfCheck
模式: 周期自检
轮次ID: 20260604_091827_618
设备: 12008
结果: 失败
结果码: StartCommandFailed
说明: 设备未连接
开始时间: 2026-06-04 09:18:27.618
结束时间: 2026-06-04 09:18:27.619
耗时: 1 ms
----------------------------- 执行明细 -----------------------------
自检任务开始
总时长: 70 s
指令下发明细: 未下发
指令: StartSelfCheck
所属阶段: 阶段1 - 下发启动自检指令
发送时间: -
响应时间: -
发送次数: 0/1
请求帧: 01 06 00 17 00 A5
响应帧: 未下发, 设备未连接
处理结果: 未下发
启动失败
原因: 设备未连接
============================= SH85SelfCheck 执行记录结束 =============================
[设备记录 8/80 END] QRCode=12008 轮次ID=20260604_091827_618
[设备记录 9/80 BEGIN] QRCode=12009 轮次ID=20260604_091827_618
============================= SH85SelfCheck 执行记录 =============================
任务名称: SH85SelfCheck
模式: 周期自检
轮次ID: 20260604_091827_618
设备: 12009
结果: 失败
结果码: StartCommandFailed
说明: 设备未连接
开始时间: 2026-06-04 09:18:27.618
结束时间: 2026-06-04 09:18:27.619
耗时: 1 ms
----------------------------- 执行明细 -----------------------------
自检任务开始
总时长: 70 s
指令下发明细: 未下发
指令: StartSelfCheck
所属阶段: 阶段1 - 下发启动自检指令
发送时间: -
响应时间: -
发送次数: 0/1
请求帧: 01 06 00 17 00 A5
响应帧: 未下发, 设备未连接
处理结果: 未下发
启动失败
原因: 设备未连接
============================= SH85SelfCheck 执行记录结束 =============================
[设备记录 9/80 END] QRCode=12009 轮次ID=20260604_091827_618
[设备记录 10/80 BEGIN] QRCode=12010 轮次ID=20260604_091827_618
============================= SH85SelfCheck 执行记录 =============================
任务名称: SH85SelfCheck
模式: 周期自检
轮次ID: 20260604_091827_618
设备: 12010
结果: 失败
结果码: StartCommandFailed
说明: 设备未连接
开始时间: 2026-06-04 09:18:27.618
结束时间: 2026-06-04 09:18:27.619
耗时: 1 ms
----------------------------- 执行明细 -----------------------------
自检任务开始
总时长: 70 s
指令下发明细: 未下发
指令: StartSelfCheck
所属阶段: 阶段1 - 下发启动自检指令
发送时间: -
响应时间: -
发送次数: 0/1
请求帧: 01 06 00 17 00 A5
响应帧: 未下发, 设备未连接
处理结果: 未下发
启动失败
原因: 设备未连接
============================= SH85SelfCheck 执行记录结束 =============================
[设备记录 10/80 END] QRCode=12010 轮次ID=20260604_091827_618
[设备记录 11/80 BEGIN] QRCode=12011 轮次ID=20260604_091827_618
============================= SH85SelfCheck 执行记录 =============================
任务名称: SH85SelfCheck
模式: 周期自检
轮次ID: 20260604_091827_618
设备: 12011
结果: 失败
结果码: StartCommandFailed
说明: 设备未连接
开始时间: 2026-06-04 09:18:27.618
结束时间: 2026-06-04 09:18:27.619
耗时: 1 ms
----------------------------- 执行明细 -----------------------------
自检任务开始
总时长: 70 s
指令下发明细: 未下发
指令: StartSelfCheck
所属阶段: 阶段1 - 下发启动自检指令
发送时间: -
响应时间: -
发送次数: 0/1
请求帧: 01 06 00 17 00 A5
响应帧: 未下发, 设备未连接
处理结果: 未下发
启动失败
原因: 设备未连接
============================= SH85SelfCheck 执行记录结束 =============================
[设备记录 11/80 END] QRCode=12011 轮次ID=20260604_091827_618
[设备记录 12/80 BEGIN] QRCode=12012 轮次ID=20260604_091827_618
============================= SH85SelfCheck 执行记录 =============================
任务名称: SH85SelfCheck
模式: 周期自检
轮次ID: 20260604_091827_618
设备: 12012
结果: 失败
结果码: StartCommandFailed
说明: 设备未连接
开始时间: 2026-06-04 09:18:27.618
结束时间: 2026-06-04 09:18:27.619
耗时: 1 ms
----------------------------- 执行明细 -----------------------------
自检任务开始
总时长: 70 s
指令下发明细: 未下发
指令: StartSelfCheck
所属阶段: 阶段1 - 下发启动自检指令
发送时间: -
响应时间: -
发送次数: 0/1
请求帧: 01 06 00 17 00 A5
响应帧: 未下发, 设备未连接
处理结果: 未下发
启动失败
原因: 设备未连接
============================= SH85SelfCheck 执行记录结束 =============================
[设备记录 12/80 END] QRCode=12012 轮次ID=20260604_091827_618
[设备记录 13/80 BEGIN] QRCode=12013 轮次ID=20260604_091827_618
============================= SH85SelfCheck 执行记录 =============================
任务名称: SH85SelfCheck
模式: 周期自检
轮次ID: 20260604_091827_618
设备: 12013
结果: 失败
结果码: StartCommandFailed
说明: 设备未连接
开始时间: 2026-06-04 09:18:27.618
结束时间: 2026-06-04 09:18:27.619
耗时: 1 ms
----------------------------- 执行明细 -----------------------------
自检任务开始
总时长: 70 s
指令下发明细: 未下发
指令: StartSelfCheck
所属阶段: 阶段1 - 下发启动自检指令
发送时间: -
响应时间: -
发送次数: 0/1
请求帧: 01 06 00 17 00 A5
响应帧: 未下发, 设备未连接
处理结果: 未下发
启动失败
原因: 设备未连接
============================= SH85SelfCheck 执行记录结束 =============================
[设备记录 13/80 END] QRCode=12013 轮次ID=20260604_091827_618
[设备记录 14/80 BEGIN] QRCode=12014 轮次ID=20260604_091827_618
============================= SH85SelfCheck 执行记录 =============================
任务名称: SH85SelfCheck
模式: 周期自检
轮次ID: 20260604_091827_618
设备: 12014
结果: 失败
结果码: StartCommandFailed
说明: 设备未连接
开始时间: 2026-06-04 09:18:27.618
结束时间: 2026-06-04 09:18:27.619
耗时: 1 ms
----------------------------- 执行明细 -----------------------------
自检任务开始
总时长: 70 s
指令下发明细: 未下发
指令: StartSelfCheck
所属阶段: 阶段1 - 下发启动自检指令
发送时间: -
响应时间: -
发送次数: 0/1
请求帧: 01 06 00 17 00 A5
响应帧: 未下发, 设备未连接
处理结果: 未下发
启动失败
原因: 设备未连接
============================= SH85SelfCheck 执行记录结束 =============================
[设备记录 14/80 END] QRCode=12014 轮次ID=20260604_091827_618
[设备记录 15/80 BEGIN] QRCode=12015 轮次ID=20260604_091827_618
============================= SH85SelfCheck 执行记录 =============================
任务名称: SH85SelfCheck
模式: 周期自检
轮次ID: 20260604_091827_618
设备: 12015
结果: 失败
结果码: StartCommandFailed
说明: 设备未连接
开始时间: 2026-06-04 09:18:27.618
结束时间: 2026-06-04 09:18:27.619
耗时: 1 ms
----------------------------- 执行明细 -----------------------------
自检任务开始
总时长: 70 s
指令下发明细: 未下发
指令: StartSelfCheck
所属阶段: 阶段1 - 下发启动自检指令
发送时间: -
响应时间: -
发送次数: 0/1
请求帧: 01 06 00 17 00 A5
响应帧: 未下发, 设备未连接
处理结果: 未下发
启动失败
原因: 设备未连接
============================= SH85SelfCheck 执行记录结束 =============================
[设备记录 15/80 END] QRCode=12015 轮次ID=20260604_091827_618
[设备记录 16/80 BEGIN] QRCode=12016 轮次ID=20260604_091827_618
============================= SH85SelfCheck 执行记录 =============================
任务名称: SH85SelfCheck
模式: 周期自检
轮次ID: 20260604_091827_618
设备: 12016
结果: 失败
结果码: StartCommandFailed
说明: 设备未连接
开始时间: 2026-06-04 09:18:27.618
结束时间: 2026-06-04 09:18:27.619
耗时: 1 ms
----------------------------- 执行明细 -----------------------------
自检任务开始
总时长: 70 s
指令下发明细: 未下发
指令: StartSelfCheck
所属阶段: 阶段1 - 下发启动自检指令
发送时间: -
响应时间: -
发送次数: 0/1
请求帧: 01 06 00 17 00 A5
响应帧: 未下发, 设备未连接
处理结果: 未下发
启动失败
原因: 设备未连接
============================= SH85SelfCheck 执行记录结束 =============================
[设备记录 16/80 END] QRCode=12016 轮次ID=20260604_091827_618
[设备记录 17/80 BEGIN] QRCode=12017 轮次ID=20260604_091827_618
============================= SH85SelfCheck 执行记录 =============================
任务名称: SH85SelfCheck
模式: 周期自检
轮次ID: 20260604_091827_618
设备: 12017
结果: 失败
结果码: StartCommandFailed
说明: 设备未连接
开始时间: 2026-06-04 09:18:27.618
结束时间: 2026-06-04 09:18:27.619
耗时: 1 ms
----------------------------- 执行明细 -----------------------------
自检任务开始
总时长: 70 s
指令下发明细: 未下发
指令: StartSelfCheck
所属阶段: 阶段1 - 下发启动自检指令
发送时间: -
响应时间: -
发送次数: 0/1
请求帧: 01 06 00 17 00 A5
响应帧: 未下发, 设备未连接
处理结果: 未下发
启动失败
原因: 设备未连接
============================= SH85SelfCheck 执行记录结束 =============================
[设备记录 17/80 END] QRCode=12017 轮次ID=20260604_091827_618
[设备记录 18/80 BEGIN] QRCode=12018 轮次ID=20260604_091827_618
============================= SH85SelfCheck 执行记录 =============================
任务名称: SH85SelfCheck
模式: 周期自检
轮次ID: 20260604_091827_618
设备: 12018
结果: 失败
结果码: StartCommandFailed
说明: 设备未连接
开始时间: 2026-06-04 09:18:27.618
结束时间: 2026-06-04 09:18:27.619
耗时: 1 ms
----------------------------- 执行明细 -----------------------------
自检任务开始
总时长: 70 s
指令下发明细: 未下发
指令: StartSelfCheck
所属阶段: 阶段1 - 下发启动自检指令
发送时间: -
响应时间: -
发送次数: 0/1
请求帧: 01 06 00 17 00 A5
响应帧: 未下发, 设备未连接
处理结果: 未下发
启动失败
原因: 设备未连接
============================= SH85SelfCheck 执行记录结束 =============================
[设备记录 18/80 END] QRCode=12018 轮次ID=20260604_091827_618
[设备记录 19/80 BEGIN] QRCode=12019 轮次ID=20260604_091827_618
============================= SH85SelfCheck 执行记录 =============================
任务名称: SH85SelfCheck
模式: 周期自检
轮次ID: 20260604_091827_618
设备: 12019
结果: 失败
结果码: StartCommandFailed
说明: 设备未连接
开始时间: 2026-06-04 09:18:27.618
结束时间: 2026-06-04 09:18:27.620
耗时: 2 ms
----------------------------- 执行明细 -----------------------------
自检任务开始
总时长: 70 s
指令下发明细: 未下发
指令: StartSelfCheck
所属阶段: 阶段1 - 下发启动自检指令
发送时间: -
响应时间: -
发送次数: 0/1
请求帧: 01 06 00 17 00 A5
响应帧: 未下发, 设备未连接
处理结果: 未下发
启动失败
原因: 设备未连接
============================= SH85SelfCheck 执行记录结束 =============================
[设备记录 19/80 END] QRCode=12019 轮次ID=20260604_091827_618
[设备记录 20/80 BEGIN] QRCode=12020 轮次ID=20260604_091827_618
============================= SH85SelfCheck 执行记录 =============================
任务名称: SH85SelfCheck
模式: 周期自检
轮次ID: 20260604_091827_618
设备: 12020
结果: 失败
结果码: StartCommandFailed
说明: 设备未连接
开始时间: 2026-06-04 09:18:27.618
结束时间: 2026-06-04 09:18:27.620
耗时: 2 ms
----------------------------- 执行明细 -----------------------------
自检任务开始
总时长: 70 s
指令下发明细: 未下发
指令: StartSelfCheck
所属阶段: 阶段1 - 下发启动自检指令
发送时间: -
响应时间: -
发送次数: 0/1
请求帧: 01 06 00 17 00 A5
响应帧: 未下发, 设备未连接
处理结果: 未下发
启动失败
原因: 设备未连接
============================= SH85SelfCheck 执行记录结束 =============================
[设备记录 20/80 END] QRCode=12020 轮次ID=20260604_091827_618
[设备记录 21/80 BEGIN] QRCode=12021 轮次ID=20260604_091827_618
============================= SH85SelfCheck 执行记录 =============================
任务名称: SH85SelfCheck
模式: 周期自检
轮次ID: 20260604_091827_618
设备: 12021
结果: 失败
结果码: StartCommandFailed
说明: 设备未连接
开始时间: 2026-06-04 09:18:27.618
结束时间: 2026-06-04 09:18:27.620
耗时: 2 ms
----------------------------- 执行明细 -----------------------------
自检任务开始
总时长: 70 s
指令下发明细: 未下发
指令: StartSelfCheck
所属阶段: 阶段1 - 下发启动自检指令
发送时间: -
响应时间: -
发送次数: 0/1
请求帧: 01 06 00 17 00 A5
响应帧: 未下发, 设备未连接
处理结果: 未下发
启动失败
原因: 设备未连接
============================= SH85SelfCheck 执行记录结束 =============================
[设备记录 21/80 END] QRCode=12021 轮次ID=20260604_091827_618
[设备记录 22/80 BEGIN] QRCode=12022 轮次ID=20260604_091827_618
============================= SH85SelfCheck 执行记录 =============================
任务名称: SH85SelfCheck
模式: 周期自检
轮次ID: 20260604_091827_618
设备: 12022
结果: 失败
结果码: StartCommandFailed
说明: 设备未连接
开始时间: 2026-06-04 09:18:27.618
结束时间: 2026-06-04 09:18:27.620
耗时: 2 ms
----------------------------- 执行明细 -----------------------------
自检任务开始
总时长: 70 s
指令下发明细: 未下发
指令: StartSelfCheck
所属阶段: 阶段1 - 下发启动自检指令
发送时间: -
响应时间: -
发送次数: 0/1
请求帧: 01 06 00 17 00 A5
响应帧: 未下发, 设备未连接
处理结果: 未下发
启动失败
原因: 设备未连接
============================= SH85SelfCheck 执行记录结束 =============================
[设备记录 22/80 END] QRCode=12022 轮次ID=20260604_091827_618
[设备记录 23/80 BEGIN] QRCode=12023 轮次ID=20260604_091827_618
============================= SH85SelfCheck 执行记录 =============================
任务名称: SH85SelfCheck
模式: 周期自检
轮次ID: 20260604_091827_618
设备: 12023
结果: 失败
结果码: StartCommandFailed
说明: 设备未连接
开始时间: 2026-06-04 09:18:27.618
结束时间: 2026-06-04 09:18:27.622
耗时: 4 ms
----------------------------- 执行明细 -----------------------------
自检任务开始
总时长: 70 s
指令下发明细: 未下发
指令: StartSelfCheck
所属阶段: 阶段1 - 下发启动自检指令
发送时间: -
响应时间: -
发送次数: 0/1
请求帧: 01 06 00 17 00 A5
响应帧: 未下发, 设备未连接
处理结果: 未下发
启动失败
原因: 设备未连接
============================= SH85SelfCheck 执行记录结束 =============================
[设备记录 23/80 END] QRCode=12023 轮次ID=20260604_091827_618
[设备记录 24/80 BEGIN] QRCode=12024 轮次ID=20260604_091827_618
============================= SH85SelfCheck 执行记录 =============================
任务名称: SH85SelfCheck
模式: 周期自检
轮次ID: 20260604_091827_618
设备: 12024
结果: 失败
结果码: StartCommandFailed
说明: 设备未连接
开始时间: 2026-06-04 09:18:27.618
结束时间: 2026-06-04 09:18:27.622
耗时: 4 ms
----------------------------- 执行明细 -----------------------------
自检任务开始
总时长: 70 s
指令下发明细: 未下发
指令: StartSelfCheck
所属阶段: 阶段1 - 下发启动自检指令
发送时间: -
响应时间: -
发送次数: 0/1
请求帧: 01 06 00 17 00 A5
响应帧: 未下发, 设备未连接
处理结果: 未下发
启动失败
原因: 设备未连接
============================= SH85SelfCheck 执行记录结束 =============================
[设备记录 24/80 END] QRCode=12024 轮次ID=20260604_091827_618
[设备记录 25/80 BEGIN] QRCode=12025 轮次ID=20260604_091827_618
============================= SH85SelfCheck 执行记录 =============================
任务名称: SH85SelfCheck
模式: 周期自检
轮次ID: 20260604_091827_618
设备: 12025
结果: 失败
结果码: StartCommandFailed
说明: 设备未连接
开始时间: 2026-06-04 09:18:27.618
结束时间: 2026-06-04 09:18:27.622
耗时: 4 ms
----------------------------- 执行明细 -----------------------------
自检任务开始
总时长: 70 s
指令下发明细: 未下发
指令: StartSelfCheck
所属阶段: 阶段1 - 下发启动自检指令
发送时间: -
响应时间: -
发送次数: 0/1
请求帧: 01 06 00 17 00 A5
响应帧: 未下发, 设备未连接
处理结果: 未下发
启动失败
原因: 设备未连接
============================= SH85SelfCheck 执行记录结束 =============================
[设备记录 25/80 END] QRCode=12025 轮次ID=20260604_091827_618
[设备记录 26/80 BEGIN] QRCode=12026 轮次ID=20260604_091827_618
============================= SH85SelfCheck 执行记录 =============================
任务名称: SH85SelfCheck
模式: 周期自检
轮次ID: 20260604_091827_618
设备: 12026
结果: 失败
结果码: StartCommandFailed
说明: 设备未连接
开始时间: 2026-06-04 09:18:27.618
结束时间: 2026-06-04 09:18:27.622
耗时: 4 ms
----------------------------- 执行明细 -----------------------------
自检任务开始
总时长: 70 s
指令下发明细: 未下发
指令: StartSelfCheck
所属阶段: 阶段1 - 下发启动自检指令
发送时间: -
响应时间: -
发送次数: 0/1
请求帧: 01 06 00 17 00 A5
响应帧: 未下发, 设备未连接
处理结果: 未下发
启动失败
原因: 设备未连接
============================= SH85SelfCheck 执行记录结束 =============================
[设备记录 26/80 END] QRCode=12026 轮次ID=20260604_091827_618
[设备记录 27/80 BEGIN] QRCode=12027 轮次ID=20260604_091827_618
============================= SH85SelfCheck 执行记录 =============================
任务名称: SH85SelfCheck
模式: 周期自检
轮次ID: 20260604_091827_618
设备: 12027
结果: 失败
结果码: StartCommandFailed
说明: 设备未连接
开始时间: 2026-06-04 09:18:27.618
结束时间: 2026-06-04 09:18:27.622
耗时: 4 ms
----------------------------- 执行明细 -----------------------------
自检任务开始
总时长: 70 s
指令下发明细: 未下发
指令: StartSelfCheck
所属阶段: 阶段1 - 下发启动自检指令
发送时间: -
响应时间: -
发送次数: 0/1
请求帧: 01 06 00 17 00 A5
响应帧: 未下发, 设备未连接
处理结果: 未下发
启动失败
原因: 设备未连接
============================= SH85SelfCheck 执行记录结束 =============================
[设备记录 27/80 END] QRCode=12027 轮次ID=20260604_091827_618
[设备记录 28/80 BEGIN] QRCode=12028 轮次ID=20260604_091827_618
============================= SH85SelfCheck 执行记录 =============================
任务名称: SH85SelfCheck
模式: 周期自检
轮次ID: 20260604_091827_618
设备: 12028
结果: 失败
结果码: StartCommandFailed
说明: 设备未连接
开始时间: 2026-06-04 09:18:27.618
结束时间: 2026-06-04 09:18:27.622
耗时: 4 ms
----------------------------- 执行明细 -----------------------------
自检任务开始
总时长: 70 s
指令下发明细: 未下发
指令: StartSelfCheck
所属阶段: 阶段1 - 下发启动自检指令
发送时间: -
响应时间: -
发送次数: 0/1
请求帧: 01 06 00 17 00 A5
响应帧: 未下发, 设备未连接
处理结果: 未下发
启动失败
原因: 设备未连接
============================= SH85SelfCheck 执行记录结束 =============================
[设备记录 28/80 END] QRCode=12028 轮次ID=20260604_091827_618
[设备记录 29/80 BEGIN] QRCode=12029 轮次ID=20260604_091827_618
============================= SH85SelfCheck 执行记录 =============================
任务名称: SH85SelfCheck
模式: 周期自检
轮次ID: 20260604_091827_618
设备: 12029
结果: 失败
结果码: StartCommandFailed
说明: 设备未连接
开始时间: 2026-06-04 09:18:27.618
结束时间: 2026-06-04 09:18:27.622
耗时: 4 ms
----------------------------- 执行明细 -----------------------------
自检任务开始
总时长: 70 s
指令下发明细: 未下发
指令: StartSelfCheck
所属阶段: 阶段1 - 下发启动自检指令
发送时间: -
响应时间: -
发送次数: 0/1
请求帧: 01 06 00 17 00 A5
响应帧: 未下发, 设备未连接
处理结果: 未下发
启动失败
原因: 设备未连接
============================= SH85SelfCheck 执行记录结束 =============================
[设备记录 29/80 END] QRCode=12029 轮次ID=20260604_091827_618
[设备记录 30/80 BEGIN] QRCode=12030 轮次ID=20260604_091827_618
============================= SH85SelfCheck 执行记录 =============================
任务名称: SH85SelfCheck
模式: 周期自检
轮次ID: 20260604_091827_618
设备: 12030
结果: 失败
结果码: StartCommandFailed
说明: 设备未连接
开始时间: 2026-06-04 09:18:27.618
结束时间: 2026-06-04 09:18:27.622
耗时: 4 ms
----------------------------- 执行明细 -----------------------------
自检任务开始
总时长: 70 s
指令下发明细: 未下发
指令: StartSelfCheck
所属阶段: 阶段1 - 下发启动自检指令
发送时间: -
响应时间: -
发送次数: 0/1
请求帧: 01 06 00 17 00 A5
响应帧: 未下发, 设备未连接
处理结果: 未下发
启动失败
原因: 设备未连接
============================= SH85SelfCheck 执行记录结束 =============================
[设备记录 30/80 END] QRCode=12030 轮次ID=20260604_091827_618
[设备记录 31/80 BEGIN] QRCode=12031 轮次ID=20260604_091827_618
============================= SH85SelfCheck 执行记录 =============================
任务名称: SH85SelfCheck
模式: 周期自检
轮次ID: 20260604_091827_618
设备: 12031
结果: 失败
结果码: StartCommandFailed
说明: 设备未连接
开始时间: 2026-06-04 09:18:27.618
结束时间: 2026-06-04 09:18:27.622
耗时: 4 ms
----------------------------- 执行明细 -----------------------------
自检任务开始
总时长: 70 s
指令下发明细: 未下发
指令: StartSelfCheck
所属阶段: 阶段1 - 下发启动自检指令
发送时间: -
响应时间: -
发送次数: 0/1
请求帧: 01 06 00 17 00 A5
响应帧: 未下发, 设备未连接
处理结果: 未下发
启动失败
原因: 设备未连接
============================= SH85SelfCheck 执行记录结束 =============================
[设备记录 31/80 END] QRCode=12031 轮次ID=20260604_091827_618
[设备记录 32/80 BEGIN] QRCode=12032 轮次ID=20260604_091827_618
============================= SH85SelfCheck 执行记录 =============================
任务名称: SH85SelfCheck
模式: 周期自检
轮次ID: 20260604_091827_618
设备: 12032
结果: 失败
结果码: StartCommandFailed
说明: 设备未连接
开始时间: 2026-06-04 09:18:27.618
结束时间: 2026-06-04 09:18:27.622
耗时: 4 ms
----------------------------- 执行明细 -----------------------------
自检任务开始
总时长: 70 s
指令下发明细: 未下发
指令: StartSelfCheck
所属阶段: 阶段1 - 下发启动自检指令
发送时间: -
响应时间: -
发送次数: 0/1
请求帧: 01 06 00 17 00 A5
响应帧: 未下发, 设备未连接
处理结果: 未下发
启动失败
原因: 设备未连接
============================= SH85SelfCheck 执行记录结束 =============================
[设备记录 32/80 END] QRCode=12032 轮次ID=20260604_091827_618
[设备记录 33/80 BEGIN] QRCode=12033 轮次ID=20260604_091827_618
============================= SH85SelfCheck 执行记录 =============================
任务名称: SH85SelfCheck
模式: 周期自检
轮次ID: 20260604_091827_618
设备: 12033
结果: 失败
结果码: StartCommandFailed
说明: 设备未连接
开始时间: 2026-06-04 09:18:27.618
结束时间: 2026-06-04 09:18:27.622
耗时: 4 ms
----------------------------- 执行明细 -----------------------------
自检任务开始
总时长: 70 s
指令下发明细: 未下发
指令: StartSelfCheck
所属阶段: 阶段1 - 下发启动自检指令
发送时间: -
响应时间: -
发送次数: 0/1
请求帧: 01 06 00 17 00 A5
响应帧: 未下发, 设备未连接
处理结果: 未下发
启动失败
原因: 设备未连接
============================= SH85SelfCheck 执行记录结束 =============================
[设备记录 33/80 END] QRCode=12033 轮次ID=20260604_091827_618
[设备记录 34/80 BEGIN] QRCode=12034 轮次ID=20260604_091827_618
============================= SH85SelfCheck 执行记录 =============================
任务名称: SH85SelfCheck
模式: 周期自检
轮次ID: 20260604_091827_618
设备: 12034
结果: 失败
结果码: StartCommandFailed
说明: 设备未连接
开始时间: 2026-06-04 09:18:27.618
结束时间: 2026-06-04 09:18:27.622
耗时: 4 ms
----------------------------- 执行明细 -----------------------------
自检任务开始
总时长: 70 s
指令下发明细: 未下发
指令: StartSelfCheck
所属阶段: 阶段1 - 下发启动自检指令
发送时间: -
响应时间: -
发送次数: 0/1
请求帧: 01 06 00 17 00 A5
响应帧: 未下发, 设备未连接
处理结果: 未下发
启动失败
原因: 设备未连接
============================= SH85SelfCheck 执行记录结束 =============================
[设备记录 34/80 END] QRCode=12034 轮次ID=20260604_091827_618
[设备记录 35/80 BEGIN] QRCode=12035 轮次ID=20260604_091827_618
============================= SH85SelfCheck 执行记录 =============================
任务名称: SH85SelfCheck
模式: 周期自检
轮次ID: 20260604_091827_618
设备: 12035
结果: 失败
结果码: StartCommandFailed
说明: 设备未连接
开始时间: 2026-06-04 09:18:27.618
结束时间: 2026-06-04 09:18:27.622
耗时: 4 ms
----------------------------- 执行明细 -----------------------------
自检任务开始
总时长: 70 s
指令下发明细: 未下发
指令: StartSelfCheck
所属阶段: 阶段1 - 下发启动自检指令
发送时间: -
响应时间: -
发送次数: 0/1
请求帧: 01 06 00 17 00 A5
响应帧: 未下发, 设备未连接
处理结果: 未下发
启动失败
原因: 设备未连接
============================= SH85SelfCheck 执行记录结束 =============================
[设备记录 35/80 END] QRCode=12035 轮次ID=20260604_091827_618
[设备记录 36/80 BEGIN] QRCode=12036 轮次ID=20260604_091827_618
============================= SH85SelfCheck 执行记录 =============================
任务名称: SH85SelfCheck
模式: 周期自检
轮次ID: 20260604_091827_618
设备: 12036
结果: 失败
结果码: StartCommandFailed
说明: 设备未连接
开始时间: 2026-06-04 09:18:27.618
结束时间: 2026-06-04 09:18:27.622
耗时: 4 ms
----------------------------- 执行明细 -----------------------------
自检任务开始
总时长: 70 s
指令下发明细: 未下发
指令: StartSelfCheck
所属阶段: 阶段1 - 下发启动自检指令
发送时间: -
响应时间: -
发送次数: 0/1
请求帧: 01 06 00 17 00 A5
响应帧: 未下发, 设备未连接
处理结果: 未下发
启动失败
原因: 设备未连接
============================= SH85SelfCheck 执行记录结束 =============================
[设备记录 36/80 END] QRCode=12036 轮次ID=20260604_091827_618
[设备记录 37/80 BEGIN] QRCode=12037 轮次ID=20260604_091827_618
============================= SH85SelfCheck 执行记录 =============================
任务名称: SH85SelfCheck
模式: 周期自检
轮次ID: 20260604_091827_618
设备: 12037
结果: 失败
结果码: StartCommandFailed
说明: 设备未连接
开始时间: 2026-06-04 09:18:27.618
结束时间: 2026-06-04 09:18:27.622
耗时: 4 ms
----------------------------- 执行明细 -----------------------------
自检任务开始
总时长: 70 s
指令下发明细: 未下发
指令: StartSelfCheck
所属阶段: 阶段1 - 下发启动自检指令
发送时间: -
响应时间: -
发送次数: 0/1
请求帧: 01 06 00 17 00 A5
响应帧: 未下发, 设备未连接
处理结果: 未下发
启动失败
原因: 设备未连接
============================= SH85SelfCheck 执行记录结束 =============================
[设备记录 37/80 END] QRCode=12037 轮次ID=20260604_091827_618
[设备记录 38/80 BEGIN] QRCode=12038 轮次ID=20260604_091827_618
============================= SH85SelfCheck 执行记录 =============================
任务名称: SH85SelfCheck
模式: 周期自检
轮次ID: 20260604_091827_618
设备: 12038
结果: 失败
结果码: StartCommandFailed
说明: 设备未连接
开始时间: 2026-06-04 09:18:27.618
结束时间: 2026-06-04 09:18:27.622
耗时: 4 ms
----------------------------- 执行明细 -----------------------------
自检任务开始
总时长: 70 s
指令下发明细: 未下发
指令: StartSelfCheck
所属阶段: 阶段1 - 下发启动自检指令
发送时间: -
响应时间: -
发送次数: 0/1
请求帧: 01 06 00 17 00 A5
响应帧: 未下发, 设备未连接
处理结果: 未下发
启动失败
原因: 设备未连接
============================= SH85SelfCheck 执行记录结束 =============================
[设备记录 38/80 END] QRCode=12038 轮次ID=20260604_091827_618
[设备记录 39/80 BEGIN] QRCode=12039 轮次ID=20260604_091827_618
============================= SH85SelfCheck 执行记录 =============================
任务名称: SH85SelfCheck
模式: 周期自检
轮次ID: 20260604_091827_618
设备: 12039
结果: 失败
结果码: StartCommandFailed
说明: 设备未连接
开始时间: 2026-06-04 09:18:27.618
结束时间: 2026-06-04 09:18:27.622
耗时: 4 ms
----------------------------- 执行明细 -----------------------------
自检任务开始
总时长: 70 s
指令下发明细: 未下发
指令: StartSelfCheck
所属阶段: 阶段1 - 下发启动自检指令
发送时间: -
响应时间: -
发送次数: 0/1
请求帧: 01 06 00 17 00 A5
响应帧: 未下发, 设备未连接
处理结果: 未下发
启动失败
原因: 设备未连接
============================= SH85SelfCheck 执行记录结束 =============================
[设备记录 39/80 END] QRCode=12039 轮次ID=20260604_091827_618
[设备记录 40/80 BEGIN] QRCode=12040 轮次ID=20260604_091827_618
============================= SH85SelfCheck 执行记录 =============================
任务名称: SH85SelfCheck
模式: 周期自检
轮次ID: 20260604_091827_618
设备: 12040
结果: 失败
结果码: StartCommandFailed
说明: 设备未连接
开始时间: 2026-06-04 09:18:27.618
结束时间: 2026-06-04 09:18:27.622
耗时: 4 ms
----------------------------- 执行明细 -----------------------------
自检任务开始
总时长: 70 s
指令下发明细: 未下发
指令: StartSelfCheck
所属阶段: 阶段1 - 下发启动自检指令
发送时间: -
响应时间: -
发送次数: 0/1
请求帧: 01 06 00 17 00 A5
响应帧: 未下发, 设备未连接
处理结果: 未下发
启动失败
原因: 设备未连接
============================= SH85SelfCheck 执行记录结束 =============================
[设备记录 40/80 END] QRCode=12040 轮次ID=20260604_091827_618
[设备记录 41/80 BEGIN] QRCode=12041 轮次ID=20260604_091827_618
============================= SH85SelfCheck 执行记录 =============================
任务名称: SH85SelfCheck
模式: 周期自检
轮次ID: 20260604_091827_618
设备: 12041
结果: 失败
结果码: StartCommandFailed
说明: 设备未连接
开始时间: 2026-06-04 09:18:27.618
结束时间: 2026-06-04 09:18:27.622
耗时: 4 ms
----------------------------- 执行明细 -----------------------------
自检任务开始
总时长: 70 s
指令下发明细: 未下发
指令: StartSelfCheck
所属阶段: 阶段1 - 下发启动自检指令
发送时间: -
响应时间: -
发送次数: 0/1
请求帧: 01 06 00 17 00 A5
响应帧: 未下发, 设备未连接
处理结果: 未下发
启动失败
原因: 设备未连接
============================= SH85SelfCheck 执行记录结束 =============================
[设备记录 41/80 END] QRCode=12041 轮次ID=20260604_091827_618
[设备记录 42/80 BEGIN] QRCode=12042 轮次ID=20260604_091827_618
============================= SH85SelfCheck 执行记录 =============================
任务名称: SH85SelfCheck
模式: 周期自检
轮次ID: 20260604_091827_618
设备: 12042
结果: 失败
结果码: StartCommandFailed
说明: 设备未连接
开始时间: 2026-06-04 09:18:27.618
结束时间: 2026-06-04 09:18:27.622
耗时: 4 ms
----------------------------- 执行明细 -----------------------------
自检任务开始
总时长: 70 s
指令下发明细: 未下发
指令: StartSelfCheck
所属阶段: 阶段1 - 下发启动自检指令
发送时间: -
响应时间: -
发送次数: 0/1
请求帧: 01 06 00 17 00 A5
响应帧: 未下发, 设备未连接
处理结果: 未下发
启动失败
原因: 设备未连接
============================= SH85SelfCheck 执行记录结束 =============================
[设备记录 42/80 END] QRCode=12042 轮次ID=20260604_091827_618
[设备记录 43/80 BEGIN] QRCode=12043 轮次ID=20260604_091827_618
============================= SH85SelfCheck 执行记录 =============================
任务名称: SH85SelfCheck
模式: 周期自检
轮次ID: 20260604_091827_618
设备: 12043
结果: 失败
结果码: StartCommandFailed
说明: 设备未连接
开始时间: 2026-06-04 09:18:27.618
结束时间: 2026-06-04 09:18:27.622
耗时: 4 ms
----------------------------- 执行明细 -----------------------------
自检任务开始
总时长: 70 s
指令下发明细: 未下发
指令: StartSelfCheck
所属阶段: 阶段1 - 下发启动自检指令
发送时间: -
响应时间: -
发送次数: 0/1
请求帧: 01 06 00 17 00 A5
响应帧: 未下发, 设备未连接
处理结果: 未下发
启动失败
原因: 设备未连接
============================= SH85SelfCheck 执行记录结束 =============================
[设备记录 43/80 END] QRCode=12043 轮次ID=20260604_091827_618
[设备记录 44/80 BEGIN] QRCode=12044 轮次ID=20260604_091827_618
============================= SH85SelfCheck 执行记录 =============================
任务名称: SH85SelfCheck
模式: 周期自检
轮次ID: 20260604_091827_618
设备: 12044
结果: 失败
结果码: StartCommandFailed
说明: 设备未连接
开始时间: 2026-06-04 09:18:27.618
结束时间: 2026-06-04 09:18:27.622
耗时: 4 ms
----------------------------- 执行明细 -----------------------------
自检任务开始
总时长: 70 s
指令下发明细: 未下发
指令: StartSelfCheck
所属阶段: 阶段1 - 下发启动自检指令
发送时间: -
响应时间: -
发送次数: 0/1
请求帧: 01 06 00 17 00 A5
响应帧: 未下发, 设备未连接
处理结果: 未下发
启动失败
原因: 设备未连接
============================= SH85SelfCheck 执行记录结束 =============================
[设备记录 44/80 END] QRCode=12044 轮次ID=20260604_091827_618
[设备记录 45/80 BEGIN] QRCode=12045 轮次ID=20260604_091827_618
============================= SH85SelfCheck 执行记录 =============================
任务名称: SH85SelfCheck
模式: 周期自检
轮次ID: 20260604_091827_618
设备: 12045
结果: 失败
结果码: StartCommandFailed
说明: 设备未连接
开始时间: 2026-06-04 09:18:27.618
结束时间: 2026-06-04 09:18:27.622
耗时: 4 ms
----------------------------- 执行明细 -----------------------------
自检任务开始
总时长: 70 s
指令下发明细: 未下发
指令: StartSelfCheck
所属阶段: 阶段1 - 下发启动自检指令
发送时间: -
响应时间: -
发送次数: 0/1
请求帧: 01 06 00 17 00 A5
响应帧: 未下发, 设备未连接
处理结果: 未下发
启动失败
原因: 设备未连接
============================= SH85SelfCheck 执行记录结束 =============================
[设备记录 45/80 END] QRCode=12045 轮次ID=20260604_091827_618
[设备记录 46/80 BEGIN] QRCode=12046 轮次ID=20260604_091827_618
============================= SH85SelfCheck 执行记录 =============================
任务名称: SH85SelfCheck
模式: 周期自检
轮次ID: 20260604_091827_618
设备: 12046
结果: 失败
结果码: StartCommandFailed
说明: 设备未连接
开始时间: 2026-06-04 09:18:27.618
结束时间: 2026-06-04 09:18:27.622
耗时: 4 ms
----------------------------- 执行明细 -----------------------------
自检任务开始
总时长: 70 s
指令下发明细: 未下发
指令: StartSelfCheck
所属阶段: 阶段1 - 下发启动自检指令
发送时间: -
响应时间: -
发送次数: 0/1
请求帧: 01 06 00 17 00 A5
响应帧: 未下发, 设备未连接
处理结果: 未下发
启动失败
原因: 设备未连接
============================= SH85SelfCheck 执行记录结束 =============================
[设备记录 46/80 END] QRCode=12046 轮次ID=20260604_091827_618
[设备记录 47/80 BEGIN] QRCode=12047 轮次ID=20260604_091827_618
============================= SH85SelfCheck 执行记录 =============================
任务名称: SH85SelfCheck
模式: 周期自检
轮次ID: 20260604_091827_618
设备: 12047
结果: 失败
结果码: StartCommandFailed
说明: 设备未连接
开始时间: 2026-06-04 09:18:27.618
结束时间: 2026-06-04 09:18:27.622
耗时: 4 ms
----------------------------- 执行明细 -----------------------------
自检任务开始
总时长: 70 s
指令下发明细: 未下发
指令: StartSelfCheck
所属阶段: 阶段1 - 下发启动自检指令
发送时间: -
响应时间: -
发送次数: 0/1
请求帧: 01 06 00 17 00 A5
响应帧: 未下发, 设备未连接
处理结果: 未下发
启动失败
原因: 设备未连接
============================= SH85SelfCheck 执行记录结束 =============================
[设备记录 47/80 END] QRCode=12047 轮次ID=20260604_091827_618
[设备记录 48/80 BEGIN] QRCode=12048 轮次ID=20260604_091827_618
============================= SH85SelfCheck 执行记录 =============================
任务名称: SH85SelfCheck
模式: 周期自检
轮次ID: 20260604_091827_618
设备: 12048
结果: 失败
结果码: StartCommandFailed
说明: 设备未连接
开始时间: 2026-06-04 09:18:27.618
结束时间: 2026-06-04 09:18:27.622
耗时: 4 ms
----------------------------- 执行明细 -----------------------------
自检任务开始
总时长: 70 s
指令下发明细: 未下发
指令: StartSelfCheck
所属阶段: 阶段1 - 下发启动自检指令
发送时间: -
响应时间: -
发送次数: 0/1
请求帧: 01 06 00 17 00 A5
响应帧: 未下发, 设备未连接
处理结果: 未下发
启动失败
原因: 设备未连接
============================= SH85SelfCheck 执行记录结束 =============================
[设备记录 48/80 END] QRCode=12048 轮次ID=20260604_091827_618
[设备记录 49/80 BEGIN] QRCode=12049 轮次ID=20260604_091827_618
============================= SH85SelfCheck 执行记录 =============================
任务名称: SH85SelfCheck
模式: 周期自检
轮次ID: 20260604_091827_618
设备: 12049
结果: 失败
结果码: StartCommandFailed
说明: 设备未连接
开始时间: 2026-06-04 09:18:27.618
结束时间: 2026-06-04 09:18:27.622
耗时: 4 ms
----------------------------- 执行明细 -----------------------------
自检任务开始
总时长: 70 s
指令下发明细: 未下发
指令: StartSelfCheck
所属阶段: 阶段1 - 下发启动自检指令
发送时间: -
响应时间: -
发送次数: 0/1
请求帧: 01 06 00 17 00 A5
响应帧: 未下发, 设备未连接
处理结果: 未下发
启动失败
原因: 设备未连接
============================= SH85SelfCheck 执行记录结束 =============================
[设备记录 49/80 END] QRCode=12049 轮次ID=20260604_091827_618
[设备记录 50/80 BEGIN] QRCode=12050 轮次ID=20260604_091827_618
============================= SH85SelfCheck 执行记录 =============================
任务名称: SH85SelfCheck
模式: 周期自检
轮次ID: 20260604_091827_618
设备: 12050
结果: 失败
结果码: StartCommandFailed
说明: 设备未连接
开始时间: 2026-06-04 09:18:27.618
结束时间: 2026-06-04 09:18:27.622
耗时: 4 ms
----------------------------- 执行明细 -----------------------------
自检任务开始
总时长: 70 s
指令下发明细: 未下发
指令: StartSelfCheck
所属阶段: 阶段1 - 下发启动自检指令
发送时间: -
响应时间: -
发送次数: 0/1
请求帧: 01 06 00 17 00 A5
响应帧: 未下发, 设备未连接
处理结果: 未下发
启动失败
原因: 设备未连接
============================= SH85SelfCheck 执行记录结束 =============================
[设备记录 50/80 END] QRCode=12050 轮次ID=20260604_091827_618
[设备记录 51/80 BEGIN] QRCode=12051 轮次ID=20260604_091827_618
============================= SH85SelfCheck 执行记录 =============================
任务名称: SH85SelfCheck
模式: 周期自检
轮次ID: 20260604_091827_618
设备: 12051
结果: 失败
结果码: StartCommandFailed
说明: 设备未连接
开始时间: 2026-06-04 09:18:27.618
结束时间: 2026-06-04 09:18:27.622
耗时: 4 ms
----------------------------- 执行明细 -----------------------------
自检任务开始
总时长: 70 s
指令下发明细: 未下发
指令: StartSelfCheck
所属阶段: 阶段1 - 下发启动自检指令
发送时间: -
响应时间: -
发送次数: 0/1
请求帧: 01 06 00 17 00 A5
响应帧: 未下发, 设备未连接
处理结果: 未下发
启动失败
原因: 设备未连接
============================= SH85SelfCheck 执行记录结束 =============================
[设备记录 51/80 END] QRCode=12051 轮次ID=20260604_091827_618
[设备记录 52/80 BEGIN] QRCode=12052 轮次ID=20260604_091827_618
============================= SH85SelfCheck 执行记录 =============================
任务名称: SH85SelfCheck
模式: 周期自检
轮次ID: 20260604_091827_618
设备: 12052
结果: 失败
结果码: StartCommandFailed
说明: 设备未连接
开始时间: 2026-06-04 09:18:27.618
结束时间: 2026-06-04 09:18:27.625
耗时: 7 ms
----------------------------- 执行明细 -----------------------------
自检任务开始
总时长: 70 s
指令下发明细: 未下发
指令: StartSelfCheck
所属阶段: 阶段1 - 下发启动自检指令
发送时间: -
响应时间: -
发送次数: 0/1
请求帧: 01 06 00 17 00 A5
响应帧: 未下发, 设备未连接
处理结果: 未下发
启动失败
原因: 设备未连接
============================= SH85SelfCheck 执行记录结束 =============================
[设备记录 52/80 END] QRCode=12052 轮次ID=20260604_091827_618
[设备记录 53/80 BEGIN] QRCode=12053 轮次ID=20260604_091827_618
============================= SH85SelfCheck 执行记录 =============================
任务名称: SH85SelfCheck
模式: 周期自检
轮次ID: 20260604_091827_618
设备: 12053
结果: 失败
结果码: StartCommandFailed
说明: 设备未连接
开始时间: 2026-06-04 09:18:27.618
结束时间: 2026-06-04 09:18:27.625
耗时: 7 ms
----------------------------- 执行明细 -----------------------------
自检任务开始
总时长: 70 s
指令下发明细: 未下发
指令: StartSelfCheck
所属阶段: 阶段1 - 下发启动自检指令
发送时间: -
响应时间: -
发送次数: 0/1
请求帧: 01 06 00 17 00 A5
响应帧: 未下发, 设备未连接
处理结果: 未下发
启动失败
原因: 设备未连接
============================= SH85SelfCheck 执行记录结束 =============================
[设备记录 53/80 END] QRCode=12053 轮次ID=20260604_091827_618
[设备记录 54/80 BEGIN] QRCode=12054 轮次ID=20260604_091827_618
============================= SH85SelfCheck 执行记录 =============================
任务名称: SH85SelfCheck
模式: 周期自检
轮次ID: 20260604_091827_618
设备: 12054
结果: 失败
结果码: StartCommandFailed
说明: 设备未连接
开始时间: 2026-06-04 09:18:27.618
结束时间: 2026-06-04 09:18:27.625
耗时: 7 ms
----------------------------- 执行明细 -----------------------------
自检任务开始
总时长: 70 s
指令下发明细: 未下发
指令: StartSelfCheck
所属阶段: 阶段1 - 下发启动自检指令
发送时间: -
响应时间: -
发送次数: 0/1
请求帧: 01 06 00 17 00 A5
响应帧: 未下发, 设备未连接
处理结果: 未下发
启动失败
原因: 设备未连接
============================= SH85SelfCheck 执行记录结束 =============================
[设备记录 54/80 END] QRCode=12054 轮次ID=20260604_091827_618
[设备记录 55/80 BEGIN] QRCode=12055 轮次ID=20260604_091827_618
============================= SH85SelfCheck 执行记录 =============================
任务名称: SH85SelfCheck
模式: 周期自检
轮次ID: 20260604_091827_618
设备: 12055
结果: 失败
结果码: StartCommandFailed
说明: 设备未连接
开始时间: 2026-06-04 09:18:27.618
结束时间: 2026-06-04 09:18:27.625
耗时: 7 ms
----------------------------- 执行明细 -----------------------------
自检任务开始
总时长: 70 s
指令下发明细: 未下发
指令: StartSelfCheck
所属阶段: 阶段1 - 下发启动自检指令
发送时间: -
响应时间: -
发送次数: 0/1
请求帧: 01 06 00 17 00 A5
响应帧: 未下发, 设备未连接
处理结果: 未下发
启动失败
原因: 设备未连接
============================= SH85SelfCheck 执行记录结束 =============================
[设备记录 55/80 END] QRCode=12055 轮次ID=20260604_091827_618
[设备记录 56/80 BEGIN] QRCode=12056 轮次ID=20260604_091827_618
============================= SH85SelfCheck 执行记录 =============================
任务名称: SH85SelfCheck
模式: 周期自检
轮次ID: 20260604_091827_618
设备: 12056
结果: 失败
结果码: StartCommandFailed
说明: 设备未连接
开始时间: 2026-06-04 09:18:27.618
结束时间: 2026-06-04 09:18:27.625
耗时: 7 ms
----------------------------- 执行明细 -----------------------------
自检任务开始
总时长: 70 s
指令下发明细: 未下发
指令: StartSelfCheck
所属阶段: 阶段1 - 下发启动自检指令
发送时间: -
响应时间: -
发送次数: 0/1
请求帧: 01 06 00 17 00 A5
响应帧: 未下发, 设备未连接
处理结果: 未下发
启动失败
原因: 设备未连接
============================= SH85SelfCheck 执行记录结束 =============================
[设备记录 56/80 END] QRCode=12056 轮次ID=20260604_091827_618
[设备记录 57/80 BEGIN] QRCode=12057 轮次ID=20260604_091827_618
============================= SH85SelfCheck 执行记录 =============================
任务名称: SH85SelfCheck
模式: 周期自检
轮次ID: 20260604_091827_618
设备: 12057
结果: 失败
结果码: StartCommandFailed
说明: 设备未连接
开始时间: 2026-06-04 09:18:27.618
结束时间: 2026-06-04 09:18:27.625
耗时: 7 ms
----------------------------- 执行明细 -----------------------------
自检任务开始
总时长: 70 s
指令下发明细: 未下发
指令: StartSelfCheck
所属阶段: 阶段1 - 下发启动自检指令
发送时间: -
响应时间: -
发送次数: 0/1
请求帧: 01 06 00 17 00 A5
响应帧: 未下发, 设备未连接
处理结果: 未下发
启动失败
原因: 设备未连接
============================= SH85SelfCheck 执行记录结束 =============================
[设备记录 57/80 END] QRCode=12057 轮次ID=20260604_091827_618
[设备记录 58/80 BEGIN] QRCode=12058 轮次ID=20260604_091827_618
============================= SH85SelfCheck 执行记录 =============================
任务名称: SH85SelfCheck
模式: 周期自检
轮次ID: 20260604_091827_618
设备: 12058
结果: 失败
结果码: StartCommandFailed
说明: 设备未连接
开始时间: 2026-06-04 09:18:27.618
结束时间: 2026-06-04 09:18:27.625
耗时: 7 ms
----------------------------- 执行明细 -----------------------------
自检任务开始
总时长: 70 s
指令下发明细: 未下发
指令: StartSelfCheck
所属阶段: 阶段1 - 下发启动自检指令
发送时间: -
响应时间: -
发送次数: 0/1
请求帧: 01 06 00 17 00 A5
响应帧: 未下发, 设备未连接
处理结果: 未下发
启动失败
原因: 设备未连接
============================= SH85SelfCheck 执行记录结束 =============================
[设备记录 58/80 END] QRCode=12058 轮次ID=20260604_091827_618
[设备记录 59/80 BEGIN] QRCode=12059 轮次ID=20260604_091827_618
============================= SH85SelfCheck 执行记录 =============================
任务名称: SH85SelfCheck
模式: 周期自检
轮次ID: 20260604_091827_618
设备: 12059
结果: 失败
结果码: StartCommandFailed
说明: 设备未连接
开始时间: 2026-06-04 09:18:27.618
结束时间: 2026-06-04 09:18:27.625
耗时: 7 ms
----------------------------- 执行明细 -----------------------------
自检任务开始
总时长: 70 s
指令下发明细: 未下发
指令: StartSelfCheck
所属阶段: 阶段1 - 下发启动自检指令
发送时间: -
响应时间: -
发送次数: 0/1
请求帧: 01 06 00 17 00 A5
响应帧: 未下发, 设备未连接
处理结果: 未下发
启动失败
原因: 设备未连接
============================= SH85SelfCheck 执行记录结束 =============================
[设备记录 59/80 END] QRCode=12059 轮次ID=20260604_091827_618
[设备记录 60/80 BEGIN] QRCode=12060 轮次ID=20260604_091827_618
============================= SH85SelfCheck 执行记录 =============================
任务名称: SH85SelfCheck
模式: 周期自检
轮次ID: 20260604_091827_618
设备: 12060
结果: 失败
结果码: StartCommandFailed
说明: 设备未连接
开始时间: 2026-06-04 09:18:27.618
结束时间: 2026-06-04 09:18:27.625
耗时: 7 ms
----------------------------- 执行明细 -----------------------------
自检任务开始
总时长: 70 s
指令下发明细: 未下发
指令: StartSelfCheck
所属阶段: 阶段1 - 下发启动自检指令
发送时间: -
响应时间: -
发送次数: 0/1
请求帧: 01 06 00 17 00 A5
响应帧: 未下发, 设备未连接
处理结果: 未下发
启动失败
原因: 设备未连接
============================= SH85SelfCheck 执行记录结束 =============================
[设备记录 60/80 END] QRCode=12060 轮次ID=20260604_091827_618
[设备记录 61/80 BEGIN] QRCode=12061 轮次ID=20260604_091827_618
============================= SH85SelfCheck 执行记录 =============================
任务名称: SH85SelfCheck
模式: 周期自检
轮次ID: 20260604_091827_618
设备: 12061
结果: 失败
结果码: StartCommandFailed
说明: 设备未连接
开始时间: 2026-06-04 09:18:27.618
结束时间: 2026-06-04 09:18:27.625
耗时: 7 ms
----------------------------- 执行明细 -----------------------------
自检任务开始
总时长: 70 s
指令下发明细: 未下发
指令: StartSelfCheck
所属阶段: 阶段1 - 下发启动自检指令
发送时间: -
响应时间: -
发送次数: 0/1
请求帧: 01 06 00 17 00 A5
响应帧: 未下发, 设备未连接
处理结果: 未下发
启动失败
原因: 设备未连接
============================= SH85SelfCheck 执行记录结束 =============================
[设备记录 61/80 END] QRCode=12061 轮次ID=20260604_091827_618
[设备记录 62/80 BEGIN] QRCode=12062 轮次ID=20260604_091827_618
============================= SH85SelfCheck 执行记录 =============================
任务名称: SH85SelfCheck
模式: 周期自检
轮次ID: 20260604_091827_618
设备: 12062
结果: 失败
结果码: StartCommandFailed
说明: 设备未连接
开始时间: 2026-06-04 09:18:27.618
结束时间: 2026-06-04 09:18:27.625
耗时: 7 ms
----------------------------- 执行明细 -----------------------------
自检任务开始
总时长: 70 s
指令下发明细: 未下发
指令: StartSelfCheck
所属阶段: 阶段1 - 下发启动自检指令
发送时间: -
响应时间: -
发送次数: 0/1
请求帧: 01 06 00 17 00 A5
响应帧: 未下发, 设备未连接
处理结果: 未下发
启动失败
原因: 设备未连接
============================= SH85SelfCheck 执行记录结束 =============================
[设备记录 62/80 END] QRCode=12062 轮次ID=20260604_091827_618
[设备记录 63/80 BEGIN] QRCode=12063 轮次ID=20260604_091827_618
============================= SH85SelfCheck 执行记录 =============================
任务名称: SH85SelfCheck
模式: 周期自检
轮次ID: 20260604_091827_618
设备: 12063
结果: 失败
结果码: StartCommandFailed
说明: 设备未连接
开始时间: 2026-06-04 09:18:27.618
结束时间: 2026-06-04 09:18:27.625
耗时: 7 ms
----------------------------- 执行明细 -----------------------------
自检任务开始
总时长: 70 s
指令下发明细: 未下发
指令: StartSelfCheck
所属阶段: 阶段1 - 下发启动自检指令
发送时间: -
响应时间: -
发送次数: 0/1
请求帧: 01 06 00 17 00 A5
响应帧: 未下发, 设备未连接
处理结果: 未下发
启动失败
原因: 设备未连接
============================= SH85SelfCheck 执行记录结束 =============================
[设备记录 63/80 END] QRCode=12063 轮次ID=20260604_091827_618
[设备记录 64/80 BEGIN] QRCode=12064 轮次ID=20260604_091827_618
============================= SH85SelfCheck 执行记录 =============================
任务名称: SH85SelfCheck
模式: 周期自检
轮次ID: 20260604_091827_618
设备: 12064
结果: 失败
结果码: StartCommandFailed
说明: 设备未连接
开始时间: 2026-06-04 09:18:27.618
结束时间: 2026-06-04 09:18:27.625
耗时: 7 ms
----------------------------- 执行明细 -----------------------------
自检任务开始
总时长: 70 s
指令下发明细: 未下发
指令: StartSelfCheck
所属阶段: 阶段1 - 下发启动自检指令
发送时间: -
响应时间: -
发送次数: 0/1
请求帧: 01 06 00 17 00 A5
响应帧: 未下发, 设备未连接
处理结果: 未下发
启动失败
原因: 设备未连接
============================= SH85SelfCheck 执行记录结束 =============================
[设备记录 64/80 END] QRCode=12064 轮次ID=20260604_091827_618
[设备记录 65/80 BEGIN] QRCode=12065 轮次ID=20260604_091827_618
============================= SH85SelfCheck 执行记录 =============================
任务名称: SH85SelfCheck
模式: 周期自检
轮次ID: 20260604_091827_618
设备: 12065
结果: 失败
结果码: StartCommandFailed
说明: 设备未连接
开始时间: 2026-06-04 09:18:27.618
结束时间: 2026-06-04 09:18:27.625
耗时: 7 ms
----------------------------- 执行明细 -----------------------------
自检任务开始
总时长: 70 s
指令下发明细: 未下发
指令: StartSelfCheck
所属阶段: 阶段1 - 下发启动自检指令
发送时间: -
响应时间: -
发送次数: 0/1
请求帧: 01 06 00 17 00 A5
响应帧: 未下发, 设备未连接
处理结果: 未下发
启动失败
原因: 设备未连接
============================= SH85SelfCheck 执行记录结束 =============================
[设备记录 65/80 END] QRCode=12065 轮次ID=20260604_091827_618
[设备记录 66/80 BEGIN] QRCode=12066 轮次ID=20260604_091827_618
============================= SH85SelfCheck 执行记录 =============================
任务名称: SH85SelfCheck
模式: 周期自检
轮次ID: 20260604_091827_618
设备: 12066
结果: 失败
结果码: StartCommandFailed
说明: 设备未连接
开始时间: 2026-06-04 09:18:27.618
结束时间: 2026-06-04 09:18:27.625
耗时: 7 ms
----------------------------- 执行明细 -----------------------------
自检任务开始
总时长: 70 s
指令下发明细: 未下发
指令: StartSelfCheck
所属阶段: 阶段1 - 下发启动自检指令
发送时间: -
响应时间: -
发送次数: 0/1
请求帧: 01 06 00 17 00 A5
响应帧: 未下发, 设备未连接
处理结果: 未下发
启动失败
原因: 设备未连接
============================= SH85SelfCheck 执行记录结束 =============================
[设备记录 66/80 END] QRCode=12066 轮次ID=20260604_091827_618
[设备记录 67/80 BEGIN] QRCode=12067 轮次ID=20260604_091827_618
============================= SH85SelfCheck 执行记录 =============================
任务名称: SH85SelfCheck
模式: 周期自检
轮次ID: 20260604_091827_618
设备: 12067
结果: 失败
结果码: StartCommandFailed
说明: 设备未连接
开始时间: 2026-06-04 09:18:27.618
结束时间: 2026-06-04 09:18:27.625
耗时: 7 ms
----------------------------- 执行明细 -----------------------------
自检任务开始
总时长: 70 s
指令下发明细: 未下发
指令: StartSelfCheck
所属阶段: 阶段1 - 下发启动自检指令
发送时间: -
响应时间: -
发送次数: 0/1
请求帧: 01 06 00 17 00 A5
响应帧: 未下发, 设备未连接
处理结果: 未下发
启动失败
原因: 设备未连接
============================= SH85SelfCheck 执行记录结束 =============================
[设备记录 67/80 END] QRCode=12067 轮次ID=20260604_091827_618
[设备记录 68/80 BEGIN] QRCode=12068 轮次ID=20260604_091827_618
============================= SH85SelfCheck 执行记录 =============================
任务名称: SH85SelfCheck
模式: 周期自检
轮次ID: 20260604_091827_618
设备: 12068
结果: 失败
结果码: StartCommandFailed
说明: 设备未连接
开始时间: 2026-06-04 09:18:27.618
结束时间: 2026-06-04 09:18:27.625
耗时: 7 ms
----------------------------- 执行明细 -----------------------------
自检任务开始
总时长: 70 s
指令下发明细: 未下发
指令: StartSelfCheck
所属阶段: 阶段1 - 下发启动自检指令
发送时间: -
响应时间: -
发送次数: 0/1
请求帧: 01 06 00 17 00 A5
响应帧: 未下发, 设备未连接
处理结果: 未下发
启动失败
原因: 设备未连接
============================= SH85SelfCheck 执行记录结束 =============================
[设备记录 68/80 END] QRCode=12068 轮次ID=20260604_091827_618
[设备记录 69/80 BEGIN] QRCode=12069 轮次ID=20260604_091827_618
============================= SH85SelfCheck 执行记录 =============================
任务名称: SH85SelfCheck
模式: 周期自检
轮次ID: 20260604_091827_618
设备: 12069
结果: 失败
结果码: StartCommandFailed
说明: 设备未连接
开始时间: 2026-06-04 09:18:27.618
结束时间: 2026-06-04 09:18:27.625
耗时: 7 ms
----------------------------- 执行明细 -----------------------------
自检任务开始
总时长: 70 s
指令下发明细: 未下发
指令: StartSelfCheck
所属阶段: 阶段1 - 下发启动自检指令
发送时间: -
响应时间: -
发送次数: 0/1
请求帧: 01 06 00 17 00 A5
响应帧: 未下发, 设备未连接
处理结果: 未下发
启动失败
原因: 设备未连接
============================= SH85SelfCheck 执行记录结束 =============================
[设备记录 69/80 END] QRCode=12069 轮次ID=20260604_091827_618
[设备记录 70/80 BEGIN] QRCode=12070 轮次ID=20260604_091827_618
============================= SH85SelfCheck 执行记录 =============================
任务名称: SH85SelfCheck
模式: 周期自检
轮次ID: 20260604_091827_618
设备: 12070
结果: 失败
结果码: StartCommandFailed
说明: 设备未连接
开始时间: 2026-06-04 09:18:27.618
结束时间: 2026-06-04 09:18:27.625
耗时: 7 ms
----------------------------- 执行明细 -----------------------------
自检任务开始
总时长: 70 s
指令下发明细: 未下发
指令: StartSelfCheck
所属阶段: 阶段1 - 下发启动自检指令
发送时间: -
响应时间: -
发送次数: 0/1
请求帧: 01 06 00 17 00 A5
响应帧: 未下发, 设备未连接
处理结果: 未下发
启动失败
原因: 设备未连接
============================= SH85SelfCheck 执行记录结束 =============================
[设备记录 70/80 END] QRCode=12070 轮次ID=20260604_091827_618
[设备记录 71/80 BEGIN] QRCode=12071 轮次ID=20260604_091827_618
============================= SH85SelfCheck 执行记录 =============================
任务名称: SH85SelfCheck
模式: 周期自检
轮次ID: 20260604_091827_618
设备: 12071
结果: 失败
结果码: StartCommandFailed
说明: 设备未连接
开始时间: 2026-06-04 09:18:27.618
结束时间: 2026-06-04 09:18:27.625
耗时: 7 ms
----------------------------- 执行明细 -----------------------------
自检任务开始
总时长: 70 s
指令下发明细: 未下发
指令: StartSelfCheck
所属阶段: 阶段1 - 下发启动自检指令
发送时间: -
响应时间: -
发送次数: 0/1
请求帧: 01 06 00 17 00 A5
响应帧: 未下发, 设备未连接
处理结果: 未下发
启动失败
原因: 设备未连接
============================= SH85SelfCheck 执行记录结束 =============================
[设备记录 71/80 END] QRCode=12071 轮次ID=20260604_091827_618
[设备记录 72/80 BEGIN] QRCode=12072 轮次ID=20260604_091827_618
============================= SH85SelfCheck 执行记录 =============================
任务名称: SH85SelfCheck
模式: 周期自检
轮次ID: 20260604_091827_618
设备: 12072
结果: 失败
结果码: StartCommandFailed
说明: 设备未连接
开始时间: 2026-06-04 09:18:27.618
结束时间: 2026-06-04 09:18:27.625
耗时: 7 ms
----------------------------- 执行明细 -----------------------------
自检任务开始
总时长: 70 s
指令下发明细: 未下发
指令: StartSelfCheck
所属阶段: 阶段1 - 下发启动自检指令
发送时间: -
响应时间: -
发送次数: 0/1
请求帧: 01 06 00 17 00 A5
响应帧: 未下发, 设备未连接
处理结果: 未下发
启动失败
原因: 设备未连接
============================= SH85SelfCheck 执行记录结束 =============================
[设备记录 72/80 END] QRCode=12072 轮次ID=20260604_091827_618
[设备记录 73/80 BEGIN] QRCode=12073 轮次ID=20260604_091827_618
============================= SH85SelfCheck 执行记录 =============================
任务名称: SH85SelfCheck
模式: 周期自检
轮次ID: 20260604_091827_618
设备: 12073
结果: 失败
结果码: StartCommandFailed
说明: 设备未连接
开始时间: 2026-06-04 09:18:27.618
结束时间: 2026-06-04 09:18:27.625
耗时: 7 ms
----------------------------- 执行明细 -----------------------------
自检任务开始
总时长: 70 s
指令下发明细: 未下发
指令: StartSelfCheck
所属阶段: 阶段1 - 下发启动自检指令
发送时间: -
响应时间: -
发送次数: 0/1
请求帧: 01 06 00 17 00 A5
响应帧: 未下发, 设备未连接
处理结果: 未下发
启动失败
原因: 设备未连接
============================= SH85SelfCheck 执行记录结束 =============================
[设备记录 73/80 END] QRCode=12073 轮次ID=20260604_091827_618
[设备记录 74/80 BEGIN] QRCode=12074 轮次ID=20260604_091827_618
============================= SH85SelfCheck 执行记录 =============================
任务名称: SH85SelfCheck
模式: 周期自检
轮次ID: 20260604_091827_618
设备: 12074
结果: 失败
结果码: StartCommandFailed
说明: 设备未连接
开始时间: 2026-06-04 09:18:27.618
结束时间: 2026-06-04 09:18:27.625
耗时: 7 ms
----------------------------- 执行明细 -----------------------------
自检任务开始
总时长: 70 s
指令下发明细: 未下发
指令: StartSelfCheck
所属阶段: 阶段1 - 下发启动自检指令
发送时间: -
响应时间: -
发送次数: 0/1
请求帧: 01 06 00 17 00 A5
响应帧: 未下发, 设备未连接
处理结果: 未下发
启动失败
原因: 设备未连接
============================= SH85SelfCheck 执行记录结束 =============================
[设备记录 74/80 END] QRCode=12074 轮次ID=20260604_091827_618
[设备记录 75/80 BEGIN] QRCode=12075 轮次ID=20260604_091827_618
============================= SH85SelfCheck 执行记录 =============================
任务名称: SH85SelfCheck
模式: 周期自检
轮次ID: 20260604_091827_618
设备: 12075
结果: 失败
结果码: StartCommandFailed
说明: 设备未连接
开始时间: 2026-06-04 09:18:27.618
结束时间: 2026-06-04 09:18:27.625
耗时: 7 ms
----------------------------- 执行明细 -----------------------------
自检任务开始
总时长: 70 s
指令下发明细: 未下发
指令: StartSelfCheck
所属阶段: 阶段1 - 下发启动自检指令
发送时间: -
响应时间: -
发送次数: 0/1
请求帧: 01 06 00 17 00 A5
响应帧: 未下发, 设备未连接
处理结果: 未下发
启动失败
原因: 设备未连接
============================= SH85SelfCheck 执行记录结束 =============================
[设备记录 75/80 END] QRCode=12075 轮次ID=20260604_091827_618
[设备记录 76/80 BEGIN] QRCode=12076 轮次ID=20260604_091827_618
============================= SH85SelfCheck 执行记录 =============================
任务名称: SH85SelfCheck
模式: 周期自检
轮次ID: 20260604_091827_618
设备: 12076
结果: 失败
结果码: StartCommandFailed
说明: 设备未连接
开始时间: 2026-06-04 09:18:27.618
结束时间: 2026-06-04 09:18:27.625
耗时: 7 ms
----------------------------- 执行明细 -----------------------------
自检任务开始
总时长: 70 s
指令下发明细: 未下发
指令: StartSelfCheck
所属阶段: 阶段1 - 下发启动自检指令
发送时间: -
响应时间: -
发送次数: 0/1
请求帧: 01 06 00 17 00 A5
响应帧: 未下发, 设备未连接
处理结果: 未下发
启动失败
原因: 设备未连接
============================= SH85SelfCheck 执行记录结束 =============================
[设备记录 76/80 END] QRCode=12076 轮次ID=20260604_091827_618
[设备记录 77/80 BEGIN] QRCode=12077 轮次ID=20260604_091827_618
============================= SH85SelfCheck 执行记录 =============================
任务名称: SH85SelfCheck
模式: 周期自检
轮次ID: 20260604_091827_618
设备: 12077
结果: 失败
结果码: StartCommandFailed
说明: 设备未连接
开始时间: 2026-06-04 09:18:27.618
结束时间: 2026-06-04 09:18:27.625
耗时: 7 ms
----------------------------- 执行明细 -----------------------------
自检任务开始
总时长: 70 s
指令下发明细: 未下发
指令: StartSelfCheck
所属阶段: 阶段1 - 下发启动自检指令
发送时间: -
响应时间: -
发送次数: 0/1
请求帧: 01 06 00 17 00 A5
响应帧: 未下发, 设备未连接
处理结果: 未下发
启动失败
原因: 设备未连接
============================= SH85SelfCheck 执行记录结束 =============================
[设备记录 77/80 END] QRCode=12077 轮次ID=20260604_091827_618
[设备记录 78/80 BEGIN] QRCode=12078 轮次ID=20260604_091827_618
============================= SH85SelfCheck 执行记录 =============================
任务名称: SH85SelfCheck
模式: 周期自检
轮次ID: 20260604_091827_618
设备: 12078
结果: 失败
结果码: StartCommandFailed
说明: 设备未连接
开始时间: 2026-06-04 09:18:27.618
结束时间: 2026-06-04 09:18:27.625
耗时: 7 ms
----------------------------- 执行明细 -----------------------------
自检任务开始
总时长: 70 s
指令下发明细: 未下发
指令: StartSelfCheck
所属阶段: 阶段1 - 下发启动自检指令
发送时间: -
响应时间: -
发送次数: 0/1
请求帧: 01 06 00 17 00 A5
响应帧: 未下发, 设备未连接
处理结果: 未下发
启动失败
原因: 设备未连接
============================= SH85SelfCheck 执行记录结束 =============================
[设备记录 78/80 END] QRCode=12078 轮次ID=20260604_091827_618
[设备记录 79/80 BEGIN] QRCode=12079 轮次ID=20260604_091827_618
============================= SH85SelfCheck 执行记录 =============================
任务名称: SH85SelfCheck
模式: 周期自检
轮次ID: 20260604_091827_618
设备: 12079
结果: 失败
结果码: StartCommandFailed
说明: 设备未连接
开始时间: 2026-06-04 09:18:27.618
结束时间: 2026-06-04 09:18:27.625
耗时: 7 ms
----------------------------- 执行明细 -----------------------------
自检任务开始
总时长: 70 s
指令下发明细: 未下发
指令: StartSelfCheck
所属阶段: 阶段1 - 下发启动自检指令
发送时间: -
响应时间: -
发送次数: 0/1
请求帧: 01 06 00 17 00 A5
响应帧: 未下发, 设备未连接
处理结果: 未下发
启动失败
原因: 设备未连接
============================= SH85SelfCheck 执行记录结束 =============================
[设备记录 79/80 END] QRCode=12079 轮次ID=20260604_091827_618
[设备记录 80/80 BEGIN] QRCode=12080 轮次ID=20260604_091827_618
============================= SH85SelfCheck 执行记录 =============================
任务名称: SH85SelfCheck
模式: 周期自检
轮次ID: 20260604_091827_618
设备: 12080
结果: 失败
结果码: StartCommandFailed
说明: 设备未连接
开始时间: 2026-06-04 09:18:27.618
结束时间: 2026-06-04 09:18:27.625
耗时: 7 ms
----------------------------- 执行明细 -----------------------------
自检任务开始
总时长: 70 s
指令下发明细: 未下发
指令: StartSelfCheck
所属阶段: 阶段1 - 下发启动自检指令
发送时间: -
响应时间: -
发送次数: 0/1
请求帧: 01 06 00 17 00 A5
响应帧: 未下发, 设备未连接
处理结果: 未下发
启动失败
原因: 设备未连接
============================= SH85SelfCheck 执行记录结束 =============================
[设备记录 80/80 END] QRCode=12080 轮次ID=20260604_091827_618
############################## SH85_PERIODIC_ROUND_END ##############################
轮次ID: 20260604_091827_618
################################################################################
[2026-06-04 09:18:27] [WARN] [SH85PeriodicSelfCheckTask] 周期自检轮次失败
轮次ID: 20260604_091827_618
开始时间: 2026-06-04 09:18:27
结束时间: 2026-06-04 09:18:27
总设备数: 80
参与设备数: 80
成功设备数: 0
失败设备数: 80
跳过设备数: 0
失败原因摘要:
- 设备未连接: 80 台
  设备: 12001, 12002, 12003, 12004, 12005, 12006, 12007, 12008, 12009, 12010, 12011, 12012, 12013, 12014, 12015, 12016, 12017, 12018, 12019, 12020, 12021, 12022, 12023, 12024, 12025, 12026, 12027, 12028, 12029, 12030, 12031, 12032, 12033, 12034, 12035, 12036, 12037, 12038, 12039, 12040, 12041, 12042, 12043, 12044, 12045, 12046, 12047, 12048, 12049, 12050, 12051, 12052, 12053, 12054, 12055, 12056, 12057, 12058, 12059, 12060, 12061, 12062, 12063, 12064, 12065, 12066, 12067, 12068, 12069, 12070, 12071, 12072, 12073, 12074, 12075, 12076, 12077, 12078, 12079, 12080
详细执行记录: 请在 self_check.log 搜索轮次ID 20260604_091827_618
[2026-06-04 09:18:27] [INFO] [CraneMapWidget::refreshDeviceData]Updated 20 devices
[2026-06-04 09:18:28] [INFO] [CraneMapWidget::refreshDeviceData]Updated 20 devices
[2026-06-04 09:18:29] [INFO] [CraneMapWidget::refreshDeviceData]Updated 20 devices
[2026-06-04 09:18:30] [INFO] [CraneMapWidget::refreshDeviceData]Updated 20 devices
[2026-06-04 09:18:31] [INFO] [CraneMapWidget::refreshDeviceData]Updated 20 devices
[2026-06-04 09:18:32] [WARN] [data][ModbusTcpMaster][ModbusConnecter][onAsyncReconnectTimeout]：设备ID=12013 自动重连超时，连续失败次数=3
[2026-06-04 09:18:32] [WARN] [data][ModbusTcpMaster][ModbusConnecter][onAsyncReconnectTimeout]：设备ID=12015 自动重连超时，连续失败次数=3
[2026-06-04 09:18:32] [WARN] [data][ModbusTcpMaster][ModbusConnecter][onAsyncReconnectTimeout]：设备ID=12006 自动重连超时，连续失败次数=3
[2026-06-04 09:18:32] [WARN] [data][ModbusTcpMaster][ModbusConnecter][onAsyncReconnectTimeout]：设备ID=12010 自动重连超时，连续失败次数=3
[2026-06-04 09:18:32] [WARN] [data][ModbusTcpMaster][ModbusConnecter][onAsyncReconnectTimeout]：设备ID=12005 自动重连超时，连续失败次数=3
[2026-06-04 09:18:32] [WARN] [data][ModbusTcpMaster][ModbusConnecter][onAsyncReconnectTimeout]：设备ID=12001 自动重连超时，连续失败次数=3
[2026-06-04 09:18:32] [WARN] [data][ModbusTcpMaster][ModbusConnecter][onAsyncReconnectTimeout]：设备ID=12014 自动重连超时，连续失败次数=3
[2026-06-04 09:18:32] [WARN] [data][ModbusTcpMaster][ModbusConnecter][onAsyncReconnectTimeout]：设备ID=12011 自动重连超时，连续失败次数=3
[2026-06-04 09:18:32] [WARN] [data][ModbusTcpMaster][ModbusConnecter][onAsyncReconnectTimeout]：设备ID=12004 自动重连超时，连续失败次数=3
[2026-06-04 09:18:32] [WARN] [data][ModbusTcpMaster][ModbusConnecter][onAsyncReconnectTimeout]：设备ID=12040 自动重连超时，连续失败次数=3
[2026-06-04 09:18:32] [WARN] [data][ModbusTcpMaster][ModbusConnecter][onAsyncReconnectTimeout]：设备ID=12016 自动重连超时，连续失败次数=3
[2026-06-04 09:18:32] [WARN] [data][ModbusTcpMaster][ModbusConnecter][onAsyncReconnectTimeout]：设备ID=12002 自动重连超时，连续失败次数=3
[2026-06-04 09:18:32] [WARN] [data][ModbusTcpMaster][ModbusConnecter][onAsyncReconnectTimeout]：设备ID=12007 自动重连超时，连续失败次数=3
[2026-06-04 09:18:32] [WARN] [data][ModbusTcpMaster][ModbusConnecter][onAsyncReconnectTimeout]：设备ID=12003 自动重连超时，连续失败次数=3
[2026-06-04 09:18:32] [WARN] [data][ModbusTcpMaster][ModbusConnecter][onAsyncReconnectTimeout]：设备ID=12009 自动重连超时，连续失败次数=3
[2026-06-04 09:18:32] [WARN] [data][ModbusTcpMaster][ModbusConnecter][onAsyncReconnectTimeout]：设备ID=12036 自动重连超时，连续失败次数=3
[2026-06-04 09:18:32] [WARN] [data][ModbusTcpMaster][ModbusConnecter][onAsyncReconnectTimeout]：设备ID=12024 自动重连超时，连续失败次数=3
[2026-06-04 09:18:32] [WARN] [data][ModbusTcpMaster][ModbusConnecter][onAsyncReconnectTimeout]：设备ID=12029 自动重连超时，连续失败次数=3
[2026-06-04 09:18:32] [WARN] [data][ModbusTcpMaster][ModbusConnecter][onAsyncReconnectTimeout]：设备ID=12018 自动重连超时，连续失败次数=3
[2026-06-04 09:18:32] [WARN] [data][ModbusTcpMaster][ModbusConnecter][onAsyncReconnectTimeout]：设备ID=12025 自动重连超时，连续失败次数=3
[2026-06-04 09:18:32] [WARN] [data][ModbusTcpMaster][ModbusConnecter][onAsyncReconnectTimeout]：设备ID=12034 自动重连超时，连续失败次数=3
[2026-06-04 09:18:32] [WARN] [data][ModbusTcpMaster][ModbusConnecter][onAsyncReconnectTimeout]：设备ID=12059 自动重连超时，连续失败次数=3
[2026-06-04 09:18:32] [WARN] [data][ModbusTcpMaster][ModbusConnecter][onAsyncReconnectTimeout]：设备ID=12017 自动重连超时，连续失败次数=3
[2026-06-04 09:18:32] [WARN] [data][ModbusTcpMaster][ModbusConnecter][onAsyncReconnectTimeout]：设备ID=12019 自动重连超时，连续失败次数=3
[2026-06-04 09:18:32] [WARN] [data][ModbusTcpMaster][ModbusConnecter][onAsyncReconnectTimeout]：设备ID=12065 自动重连超时，连续失败次数=3
[2026-06-04 09:18:32] [WARN] [data][ModbusTcpMaster][ModbusConnecter][onAsyncReconnectTimeout]：设备ID=12066 自动重连超时，连续失败次数=3
[2026-06-04 09:18:32] [WARN] [data][ModbusTcpMaster][ModbusConnecter][onAsyncReconnectTimeout]：设备ID=12072 自动重连超时，连续失败次数=3
[2026-06-04 09:18:32] [WARN] [data][ModbusTcpMaster][ModbusConnecter][onAsyncReconnectTimeout]：设备ID=12030 自动重连超时，连续失败次数=3
[2026-06-04 09:18:32] [WARN] [data][ModbusTcpMaster][ModbusConnecter][onAsyncReconnectTimeout]：设备ID=12020 自动重连超时，连续失败次数=3
[2026-06-04 09:18:32] [WARN] [data][ModbusTcpMaster][ModbusConnecter][onAsyncReconnectTimeout]：设备ID=12056 自动重连超时，连续失败次数=3
[2026-06-04 09:18:32] [WARN] [data][ModbusTcpMaster][ModbusConnecter][onAsyncReconnectTimeout]：设备ID=12057 自动重连超时，连续失败次数=3
[2026-06-04 09:18:32] [WARN] [data][ModbusTcpMaster][ModbusConnecter][onAsyncReconnectTimeout]：设备ID=12054 自动重连超时，连续失败次数=3
[2026-06-04 09:18:32] [WARN] [data][ModbusTcpMaster][ModbusConnecter][onAsyncReconnectTimeout]：设备ID=12053 自动重连超时，连续失败次数=3
[2026-06-04 09:18:32] [WARN] [data][ModbusTcpMaster][ModbusConnecter][onAsyncReconnectTimeout]：设备ID=12052 自动重连超时，连续失败次数=3
[2026-06-04 09:18:32] [WARN] [data][ModbusTcpMaster][ModbusConnecter][onAsyncReconnectTimeout]：设备ID=12055 自动重连超时，连续失败次数=3
[2026-06-04 09:18:32] [WARN] [data][ModbusTcpMaster][ModbusConnecter][onAsyncReconnectTimeout]：设备ID=12070 自动重连超时，连续失败次数=3
[2026-06-04 09:18:32] [WARN] [data][ModbusTcpMaster][ModbusConnecter][onAsyncReconnectTimeout]：设备ID=12067 自动重连超时，连续失败次数=3
[2026-06-04 09:18:32] [WARN] [data][ModbusTcpMaster][ModbusConnecter][onAsyncReconnectTimeout]：设备ID=12069 自动重连超时，连续失败次数=3
[2026-06-04 09:18:32] [WARN] [data][ModbusTcpMaster][ModbusConnecter][onAsyncReconnectTimeout]：设备ID=12068 自动重连超时，连续失败次数=3
[2026-06-04 09:18:32] [WARN] [data][ModbusTcpMaster][ModbusConnecter][onAsyncReconnectTimeout]：设备ID=12058 自动重连超时，连续失败次数=3
[2026-06-04 09:18:32] [WARN] [data][ModbusTcpMaster][ModbusConnecter][onAsyncReconnectTimeout]：设备ID=12051 自动重连超时，连续失败次数=3
[2026-06-04 09:18:32] [WARN] [data][ModbusTcpMaster][ModbusConnecter][onAsyncReconnectTimeout]：设备ID=12061 自动重连超时，连续失败次数=3
[2026-06-04 09:18:32] [WARN] [data][ModbusTcpMaster][ModbusConnecter][onAsyncReconnectTimeout]：设备ID=12064 自动重连超时，连续失败次数=3
[2026-06-04 09:18:32] [WARN] [data][ModbusTcpMaster][ModbusConnecter][onAsyncReconnectTimeout]：设备ID=12063 自动重连超时，连续失败次数=3
[2026-06-04 09:18:32] [WARN] [data][ModbusTcpMaster][ModbusConnecter][onAsyncReconnectTimeout]：设备ID=12043 自动重连超时，连续失败次数=3
[2026-06-04 09:18:32] [WARN] [data][ModbusTcpMaster][ModbusConnecter][onAsyncReconnectTimeout]：设备ID=12044 自动重连超时，连续失败次数=3
[2026-06-04 09:18:32] [WARN] [data][ModbusTcpMaster][ModbusConnecter][onAsyncReconnectTimeout]：设备ID=12050 自动重连超时，连续失败次数=3
[2026-06-04 09:18:32] [WARN] [data][ModbusTcpMaster][ModbusConnecter][onAsyncReconnectTimeout]：设备ID=12060 自动重连超时，连续失败次数=3
[2026-06-04 09:18:32] [WARN] [data][ModbusTcpMaster][ModbusConnecter][onAsyncReconnectTimeout]：设备ID=12062 自动重连超时，连续失败次数=3
[2026-06-04 09:18:32] [WARN] [data][ModbusTcpMaster][ModbusConnecter][onAsyncReconnectTimeout]：设备ID=12037 自动重连超时，连续失败次数=3
[2026-06-04 09:18:32] [WARN] [data][ModbusTcpMaster][ModbusConnecter][onAsyncReconnectTimeout]：设备ID=12071 自动重连超时，连续失败次数=3
[2026-06-04 09:18:32] [WARN] [data][ModbusTcpMaster][ModbusConnecter][onAsyncReconnectTimeout]：设备ID=12078 自动重连超时，连续失败次数=3
[2026-06-04 09:18:32] [WARN] [data][ModbusTcpMaster][ModbusConnecter][onAsyncReconnectTimeout]：设备ID=12079 自动重连超时，连续失败次数=3
[2026-06-04 09:18:32] [WARN] [data][ModbusTcpMaster][ModbusConnecter][onAsyncReconnectTimeout]：设备ID=12076 自动重连超时，连续失败次数=3
[2026-06-04 09:18:32] [WARN] [data][ModbusTcpMaster][ModbusConnecter][onAsyncReconnectTimeout]：设备ID=12075 自动重连超时，连续失败次数=3
[2026-06-04 09:18:32] [WARN] [data][ModbusTcpMaster][ModbusConnecter][onAsyncReconnectTimeout]：设备ID=12074 自动重连超时，连续失败次数=3
[2026-06-04 09:18:32] [WARN] [data][ModbusTcpMaster][ModbusConnecter][onAsyncReconnectTimeout]：设备ID=12077 自动重连超时，连续失败次数=3
[2026-06-04 09:18:32] [WARN] [data][ModbusTcpMaster][ModbusConnecter][onAsyncReconnectTimeout]：设备ID=12048 自动重连超时，连续失败次数=3
[2026-06-04 09:18:32] [WARN] [data][ModbusTcpMaster][ModbusConnecter][onAsyncReconnectTimeout]：设备ID=12045 自动重连超时，连续失败次数=3
[2026-06-04 09:18:32] [WARN] [data][ModbusTcpMaster][ModbusConnecter][onAsyncReconnectTimeout]：设备ID=12047 自动重连超时，连续失败次数=3
[2026-06-04 09:18:32] [WARN] [data][ModbusTcpMaster][ModbusConnecter][onAsyncReconnectTimeout]：设备ID=12046 自动重连超时，连续失败次数=3
[2026-06-04 09:18:32] [WARN] [data][ModbusTcpMaster][ModbusConnecter][onAsyncReconnectTimeout]：设备ID=12080 自动重连超时，连续失败次数=3
[2026-06-04 09:18:32] [WARN] [data][ModbusTcpMaster][ModbusConnecter][onAsyncReconnectTimeout]：设备ID=12073 自动重连超时，连续失败次数=3
[2026-06-04 09:18:32] [WARN] [data][ModbusTcpMaster][ModbusConnecter][onAsyncReconnectTimeout]：设备ID=12039 自动重连超时，连续失败次数=3
[2026-06-04 09:18:32] [WARN] [data][ModbusTcpMaster][ModbusConnecter][onAsyncReconnectTimeout]：设备ID=12042 自动重连超时，连续失败次数=3
[2026-06-04 09:18:32] [WARN] [data][ModbusTcpMaster][ModbusConnecter][onAsyncReconnectTimeout]：设备ID=12041 自动重连超时，连续失败次数=3
[2026-06-04 09:18:32] [WARN] [data][ModbusTcpMaster][ModbusConnecter][onAsyncReconnectTimeout]：设备ID=12021 自动重连超时，连续失败次数=3
[2026-06-04 09:18:32] [WARN] [data][ModbusTcpMaster][ModbusConnecter][onAsyncReconnectTimeout]：设备ID=12028 自动重连超时，连续失败次数=3
[2026-06-04 09:18:32] [WARN] [data][ModbusTcpMaster][ModbusConnecter][onAsyncReconnectTimeout]：设备ID=12022 自动重连超时，连续失败次数=3
[2026-06-04 09:18:32] [WARN] [data][ModbusTcpMaster][ModbusConnecter][onAsyncReconnectTimeout]：设备ID=12038 自动重连超时，连续失败次数=3
[2026-06-04 09:18:32] [WARN] [data][ModbusTcpMaster][ModbusConnecter][onAsyncReconnectTimeout]：设备ID=12049 自动重连超时，连续失败次数=3
[2026-06-04 09:18:32] [WARN] [data][ModbusTcpMaster][ModbusConnecter][onAsyncReconnectTimeout]：设备ID=12012 自动重连超时，连续失败次数=3
[2026-06-04 09:18:32] [WARN] [data][ModbusTcpMaster][ModbusConnecter][onAsyncReconnectTimeout]：设备ID=12035 自动重连超时，连续失败次数=3
[2026-06-04 09:18:32] [WARN] [data][ModbusTcpMaster][ModbusConnecter][onAsyncReconnectTimeout]：设备ID=12032 自动重连超时，连续失败次数=3
[2026-06-04 09:18:32] [WARN] [data][ModbusTcpMaster][ModbusConnecter][onAsyncReconnectTimeout]：设备ID=12031 自动重连超时，连续失败次数=3
[2026-06-04 09:18:32] [WARN] [data][ModbusTcpMaster][ModbusConnecter][onAsyncReconnectTimeout]：设备ID=12008 自动重连超时，连续失败次数=3
[2026-06-04 09:18:32] [WARN] [data][ModbusTcpMaster][ModbusConnecter][onAsyncReconnectTimeout]：设备ID=12033 自动重连超时，连续失败次数=3
[2026-06-04 09:18:32] [WARN] [data][ModbusTcpMaster][ModbusConnecter][onAsyncReconnectTimeout]：设备ID=12026 自动重连超时，连续失败次数=3
[2026-06-04 09:18:32] [WARN] [data][ModbusTcpMaster][ModbusConnecter][onAsyncReconnectTimeout]：设备ID=12023 自动重连超时，连续失败次数=3
[2026-06-04 09:18:32] [WARN] [data][ModbusTcpMaster][ModbusConnecter][onAsyncReconnectTimeout]：设备ID=12027 自动重连超时，连续失败次数=3
[2026-06-04 09:18:32] [INFO] [CraneMapWidget::refreshDeviceData]Updated 20 devices
[2026-06-04 09:18:33] [INFO] [CraneMapWidget::refreshDeviceData]Updated 20 devices
[2026-06-04 09:18:34] [INFO] [CraneMapWidget::refreshDeviceData]Updated 20 devices
[2026-06-04 09:18:35] [INFO] [CraneMapWidget::refreshDeviceData]Updated 20 devices
[2026-06-04 09:18:36] [INFO] [CraneMapWidget::refreshDeviceData]Updated 20 devices
[2026-06-04 09:18:37] [INFO] [CraneMapWidget::refreshDeviceData]Updated 20 devices
[2026-06-04 09:18:38] [INFO] [CraneMapWidget::refreshDeviceData]Updated 20 devices
[2026-06-04 09:18:39] [INFO] [CraneMapWidget::refreshDeviceData]Updated 20 devices
[2026-06-04 09:18:40] [INFO] [CraneMapWidget::refreshDeviceData]Updated 20 devices
[2026-06-04 09:18:41] [INFO] [CraneMapWidget::refreshDeviceData]Updated 20 devices
[2026-06-04 09:18:42] [INFO] [CraneMapWidget::refreshDeviceData]Updated 20 devices
[2026-06-04 09:18:43] [INFO] [CraneMapWidget::refreshDeviceData]Updated 20 devices
[2026-06-04 09:18:44] [INFO] [CraneMapWidget::refreshDeviceData]Updated 20 devices
[2026-06-04 09:18:45] [INFO] [CraneMapWidget::refreshDeviceData]Updated 20 devices
[2026-06-04 09:18:46] [INFO] [CraneMapWidget::refreshDeviceData]Updated 20 devices
[2026-06-04 09:18:47] [INFO] [CraneMapWidget::refreshDeviceData]Updated 20 devices
[2026-06-04 09:18:48] [INFO] [CraneMapWidget::refreshDeviceData]Updated 20 devices
[2026-06-04 09:18:49] [INFO] [CraneMapWidget::refreshDeviceData]Updated 20 devices
[2026-06-04 09:18:50] [INFO] [CraneMapWidget::refreshDeviceData]Updated 20 devices
[2026-06-04 09:18:51] [INFO] [CraneMapWidget::refreshDeviceData]Updated 20 devices
[2026-06-04 09:18:52] [INFO] [CraneMapWidget::refreshDeviceData]Updated 20 devices
[2026-06-04 09:18:53] [INFO] [CraneMapWidget::refreshDeviceData]Updated 20 devices
[2026-06-04 09:18:54] [INFO] [CraneMapWidget::refreshDeviceData]Updated 20 devices
[2026-06-04 09:18:55] [INFO] [CraneMapWidget::refreshDeviceData]Updated 20 devices
[2026-06-04 09:18:56] [INFO] [CraneMapWidget::refreshDeviceData]Updated 20 devices
[2026-06-04 09:18:57] [INFO] [CraneMapWidget::refreshDeviceData]Updated 20 devices
[2026-06-04 09:18:58] [INFO] [CraneMapWidget::refreshDeviceData]Updated 20 devices
[2026-06-04 09:18:59] [INFO] [CraneMapWidget::refreshDeviceData]Updated 20 devices
[2026-06-04 09:19:00] [INFO] [CraneMapWidget::refreshDeviceData]Updated 20 devices
[2026-06-04 09:19:01] [INFO] [CraneMapWidget::refreshDeviceData]Updated 20 devices
[2026-06-04 09:19:02] [INFO] [CraneMapWidget::refreshDeviceData]Updated 20 devices
[2026-06-04 09:19:03] [INFO] [CraneMapWidget::refreshDeviceData]Updated 20 devices
[2026-06-04 09:19:04] [INFO] [CraneMapWidget::refreshDeviceData]Updated 20 devices
[2026-06-04 09:19:05] [INFO] [CraneMapWidget::refreshDeviceData]Updated 20 devices
[2026-06-04 09:19:06] [INFO] [CraneMapWidget::refreshDeviceData]Updated 20 devices
[2026-06-04 09:19:07] [INFO] [CraneMapWidget::refreshDeviceData]Updated 20 devices
[2026-06-04 09:19:08] [INFO] [CraneMapWidget::refreshDeviceData]Updated 20 devices
[2026-06-04 09:19:09] [INFO] [CraneMapWidget::refreshDeviceData]Updated 20 devices
[2026-06-04 09:19:10] [INFO] [CraneMapWidget::refreshDeviceData]Updated 20 devices
[2026-06-04 09:19:11] [INFO] [CraneMapWidget::refreshDeviceData]Updated 20 devices
[2026-06-04 09:19:12] [INFO] [CraneMapWidget::refreshDeviceData]Updated 20 devices
[2026-06-04 09:19:13] [INFO] [CraneMapWidget::refreshDeviceData]Updated 20 devices
[2026-06-04 09:19:14] [WARN] [data][ModbusTcpMaster][ModbusConnecter][onAsyncReconnectTimeout]：设备ID=12004 自动重连超时，连续失败次数=10
[2026-06-04 09:19:14] [WARN] [data][ModbusTcpMaster][ModbusConnecter][onAsyncReconnectTimeout]：设备ID=12005 自动重连超时，连续失败次数=10
[2026-06-04 09:19:14] [WARN] [data][ModbusTcpMaster][ModbusConnecter][onAsyncReconnectTimeout]：设备ID=12013 自动重连超时，连续失败次数=10
[2026-06-04 09:19:14] [WARN] [data][ModbusTcpMaster][ModbusConnecter][onAsyncReconnectTimeout]：设备ID=12006 自动重连超时，连续失败次数=10
[2026-06-04 09:19:14] [WARN] [data][ModbusTcpMaster][ModbusConnecter][onAsyncReconnectTimeout]：设备ID=12014 自动重连超时，连续失败次数=10
[2026-06-04 09:19:14] [WARN] [data][ModbusTcpMaster][ModbusConnecter][onAsyncReconnectTimeout]：设备ID=12001 自动重连超时，连续失败次数=10
[2026-06-04 09:19:14] [WARN] [data][ModbusTcpMaster][ModbusConnecter][onAsyncReconnectTimeout]：设备ID=12002 自动重连超时，连续失败次数=10
[2026-06-04 09:19:14] [WARN] [data][ModbusTcpMaster][ModbusConnecter][onAsyncReconnectTimeout]：设备ID=12010 自动重连超时，连续失败次数=10
[2026-06-04 09:19:14] [WARN] [data][ModbusTcpMaster][ModbusConnecter][onAsyncReconnectTimeout]：设备ID=12015 自动重连超时，连续失败次数=10
[2026-06-04 09:19:14] [WARN] [data][ModbusTcpMaster][ModbusConnecter][onAsyncReconnectTimeout]：设备ID=12011 自动重连超时，连续失败次数=10
[2026-06-04 09:19:14] [WARN] [data][ModbusTcpMaster][ModbusConnecter][onAsyncReconnectTimeout]：设备ID=12040 自动重连超时，连续失败次数=10
[2026-06-04 09:19:14] [WARN] [data][ModbusTcpMaster][ModbusConnecter][onAsyncReconnectTimeout]：设备ID=12003 自动重连超时，连续失败次数=10
[2026-06-04 09:19:14] [WARN] [data][ModbusTcpMaster][ModbusConnecter][onAsyncReconnectTimeout]：设备ID=12007 自动重连超时，连续失败次数=10
[2026-06-04 09:19:14] [WARN] [data][ModbusTcpMaster][ModbusConnecter][onAsyncReconnectTimeout]：设备ID=12016 自动重连超时，连续失败次数=10
[2026-06-04 09:19:14] [WARN] [data][ModbusTcpMaster][ModbusConnecter][onAsyncReconnectTimeout]：设备ID=12009 自动重连超时，连续失败次数=10
[2026-06-04 09:19:14] [WARN] [data][ModbusTcpMaster][ModbusConnecter][onAsyncReconnectTimeout]：设备ID=12024 自动重连超时，连续失败次数=10
[2026-06-04 09:19:14] [WARN] [data][ModbusTcpMaster][ModbusConnecter][onAsyncReconnectTimeout]：设备ID=12018 自动重连超时，连续失败次数=10
[2026-06-04 09:19:14] [WARN] [data][ModbusTcpMaster][ModbusConnecter][onAsyncReconnectTimeout]：设备ID=12017 自动重连超时，连续失败次数=10
[2026-06-04 09:19:14] [WARN] [data][ModbusTcpMaster][ModbusConnecter][onAsyncReconnectTimeout]：设备ID=12036 自动重连超时，连续失败次数=10
[2026-06-04 09:19:14] [WARN] [data][ModbusTcpMaster][ModbusConnecter][onAsyncReconnectTimeout]：设备ID=12034 自动重连超时，连续失败次数=10
[2026-06-04 09:19:14] [WARN] [data][ModbusTcpMaster][ModbusConnecter][onAsyncReconnectTimeout]：设备ID=12025 自动重连超时，连续失败次数=10
[2026-06-04 09:19:14] [WARN] [data][ModbusTcpMaster][ModbusConnecter][onAsyncReconnectTimeout]：设备ID=12059 自动重连超时，连续失败次数=10
[2026-06-04 09:19:14] [WARN] [data][ModbusTcpMaster][ModbusConnecter][onAsyncReconnectTimeout]：设备ID=12029 自动重连超时，连续失败次数=10
[2026-06-04 09:19:14] [WARN] [data][ModbusTcpMaster][ModbusConnecter][onAsyncReconnectTimeout]：设备ID=12027 自动重连超时，连续失败次数=10
[2026-06-04 09:19:14] [WARN] [data][ModbusTcpMaster][ModbusConnecter][onAsyncReconnectTimeout]：设备ID=12019 自动重连超时，连续失败次数=10
[2026-06-04 09:19:14] [WARN] [data][ModbusTcpMaster][ModbusConnecter][onAsyncReconnectTimeout]：设备ID=12030 自动重连超时，连续失败次数=10
[2026-06-04 09:19:14] [WARN] [data][ModbusTcpMaster][ModbusConnecter][onAsyncReconnectTimeout]：设备ID=12057 自动重连超时，连续失败次数=10
[2026-06-04 09:19:14] [WARN] [data][ModbusTcpMaster][ModbusConnecter][onAsyncReconnectTimeout]：设备ID=12054 自动重连超时，连续失败次数=10
[2026-06-04 09:19:14] [WARN] [data][ModbusTcpMaster][ModbusConnecter][onAsyncReconnectTimeout]：设备ID=12065 自动重连超时，连续失败次数=10
[2026-06-04 09:19:14] [WARN] [data][ModbusTcpMaster][ModbusConnecter][onAsyncReconnectTimeout]：设备ID=12066 自动重连超时，连续失败次数=10
[2026-06-04 09:19:14] [WARN] [data][ModbusTcpMaster][ModbusConnecter][onAsyncReconnectTimeout]：设备ID=12020 自动重连超时，连续失败次数=10
[2026-06-04 09:19:14] [WARN] [data][ModbusTcpMaster][ModbusConnecter][onAsyncReconnectTimeout]：设备ID=12072 自动重连超时，连续失败次数=10
[2026-06-04 09:19:14] [WARN] [data][ModbusTcpMaster][ModbusConnecter][onAsyncReconnectTimeout]：设备ID=12055 自动重连超时，连续失败次数=10
[2026-06-04 09:19:14] [WARN] [data][ModbusTcpMaster][ModbusConnecter][onAsyncReconnectTimeout]：设备ID=12056 自动重连超时，连续失败次数=10
[2026-06-04 09:19:14] [WARN] [data][ModbusTcpMaster][ModbusConnecter][onAsyncReconnectTimeout]：设备ID=12053 自动重连超时，连续失败次数=10
[2026-06-04 09:19:14] [WARN] [data][ModbusTcpMaster][ModbusConnecter][onAsyncReconnectTimeout]：设备ID=12052 自动重连超时，连续失败次数=10
[2026-06-04 09:19:14] [WARN] [data][ModbusTcpMaster][ModbusConnecter][onAsyncReconnectTimeout]：设备ID=12043 自动重连超时，连续失败次数=10
[2026-06-04 09:19:14] [WARN] [data][ModbusTcpMaster][ModbusConnecter][onAsyncReconnectTimeout]：设备ID=12070 自动重连超时，连续失败次数=10
[2026-06-04 09:19:14] [WARN] [data][ModbusTcpMaster][ModbusConnecter][onAsyncReconnectTimeout]：设备ID=12061 自动重连超时，连续失败次数=10
[2026-06-04 09:19:14] [WARN] [data][ModbusTcpMaster][ModbusConnecter][onAsyncReconnectTimeout]：设备ID=12063 自动重连超时，连续失败次数=10
[2026-06-04 09:19:14] [WARN] [data][ModbusTcpMaster][ModbusConnecter][onAsyncReconnectTimeout]：设备ID=12045 自动重连超时，连续失败次数=10
[2026-06-04 09:19:14] [WARN] [data][ModbusTcpMaster][ModbusConnecter][onAsyncReconnectTimeout]：设备ID=12048 自动重连超时，连续失败次数=10
[2026-06-04 09:19:14] [WARN] [data][ModbusTcpMaster][ModbusConnecter][onAsyncReconnectTimeout]：设备ID=12023 自动重连超时，连续失败次数=10
[2026-06-04 09:19:14] [INFO] [CraneMapWidget::refreshDeviceData]Updated 20 devices
[2026-06-04 09:19:14] [WARN] [data][ModbusTcpMaster][ModbusConnecter][onAsyncReconnectTimeout]：设备ID=12069 自动重连超时，连续失败次数=10
[2026-06-04 09:19:14] [WARN] [data][ModbusTcpMaster][ModbusConnecter][onAsyncReconnectTimeout]：设备ID=12079 自动重连超时，连续失败次数=10
[2026-06-04 09:19:14] [WARN] [data][ModbusTcpMaster][ModbusConnecter][onAsyncReconnectTimeout]：设备ID=12044 自动重连超时，连续失败次数=10
[2026-06-04 09:19:14] [WARN] [data][ModbusTcpMaster][ModbusConnecter][onAsyncReconnectTimeout]：设备ID=12068 自动重连超时，连续失败次数=10
[2026-06-04 09:19:14] [WARN] [data][ModbusTcpMaster][ModbusConnecter][onAsyncReconnectTimeout]：设备ID=12060 自动重连超时，连续失败次数=10
[2026-06-04 09:19:14] [WARN] [data][ModbusTcpMaster][ModbusConnecter][onAsyncReconnectTimeout]：设备ID=12058 自动重连超时，连续失败次数=10
[2026-06-04 09:19:14] [WARN] [data][ModbusTcpMaster][ModbusConnecter][onAsyncReconnectTimeout]：设备ID=12050 自动重连超时，连续失败次数=10
[2026-06-04 09:19:14] [WARN] [data][ModbusTcpMaster][ModbusConnecter][onAsyncReconnectTimeout]：设备ID=12064 自动重连超时，连续失败次数=10
[2026-06-04 09:19:14] [WARN] [data][ModbusTcpMaster][ModbusConnecter][onAsyncReconnectTimeout]：设备ID=12075 自动重连超时，连续失败次数=10
[2026-06-04 09:19:14] [WARN] [data][ModbusTcpMaster][ModbusConnecter][onAsyncReconnectTimeout]：设备ID=12051 自动重连超时，连续失败次数=10
[2026-06-04 09:19:14] [WARN] [data][ModbusTcpMaster][ModbusConnecter][onAsyncReconnectTimeout]：设备ID=12074 自动重连超时，连续失败次数=10
[2026-06-04 09:19:14] [WARN] [data][ModbusTcpMaster][ModbusConnecter][onAsyncReconnectTimeout]：设备ID=12077 自动重连超时，连续失败次数=10
[2026-06-04 09:19:14] [WARN] [data][ModbusTcpMaster][ModbusConnecter][onAsyncReconnectTimeout]：设备ID=12071 自动重连超时，连续失败次数=10
[2026-06-04 09:19:14] [WARN] [data][ModbusTcpMaster][ModbusConnecter][onAsyncReconnectTimeout]：设备ID=12078 自动重连超时，连续失败次数=10
[2026-06-04 09:19:14] [WARN] [data][ModbusTcpMaster][ModbusConnecter][onAsyncReconnectTimeout]：设备ID=12037 自动重连超时，连续失败次数=10
[2026-06-04 09:19:14] [WARN] [data][ModbusTcpMaster][ModbusConnecter][onAsyncReconnectTimeout]：设备ID=12062 自动重连超时，连续失败次数=10
[2026-06-04 09:19:14] [WARN] [data][ModbusTcpMaster][ModbusConnecter][onAsyncReconnectTimeout]：设备ID=12021 自动重连超时，连续失败次数=10
[2026-06-04 09:19:14] [WARN] [data][ModbusTcpMaster][ModbusConnecter][onAsyncReconnectTimeout]：设备ID=12067 自动重连超时，连续失败次数=10
[2026-06-04 09:19:14] [WARN] [data][ModbusTcpMaster][ModbusConnecter][onAsyncReconnectTimeout]：设备ID=12026 自动重连超时，连续失败次数=10
[2026-06-04 09:19:14] [WARN] [data][ModbusTcpMaster][ModbusConnecter][onAsyncReconnectTimeout]：设备ID=12039 自动重连超时，连续失败次数=10
[2026-06-04 09:19:14] [WARN] [data][ModbusTcpMaster][ModbusConnecter][onAsyncReconnectTimeout]：设备ID=12047 自动重连超时，连续失败次数=10
[2026-06-04 09:19:14] [WARN] [data][ModbusTcpMaster][ModbusConnecter][onAsyncReconnectTimeout]：设备ID=12041 自动重连超时，连续失败次数=10
[2026-06-04 09:19:14] [WARN] [data][ModbusTcpMaster][ModbusConnecter][onAsyncReconnectTimeout]：设备ID=12035 自动重连超时，连续失败次数=10
[2026-06-04 09:19:14] [WARN] [data][ModbusTcpMaster][ModbusConnecter][onAsyncReconnectTimeout]：设备ID=12076 自动重连超时，连续失败次数=10
[2026-06-04 09:19:14] [WARN] [data][ModbusTcpMaster][ModbusConnecter][onAsyncReconnectTimeout]：设备ID=12022 自动重连超时，连续失败次数=10
[2026-06-04 09:19:14] [WARN] [data][ModbusTcpMaster][ModbusConnecter][onAsyncReconnectTimeout]：设备ID=12046 自动重连超时，连续失败次数=10
[2026-06-04 09:19:14] [WARN] [data][ModbusTcpMaster][ModbusConnecter][onAsyncReconnectTimeout]：设备ID=12038 自动重连超时，连续失败次数=10
[2026-06-04 09:19:14] [WARN] [data][ModbusTcpMaster][ModbusConnecter][onAsyncReconnectTimeout]：设备ID=12080 自动重连超时，连续失败次数=10
[2026-06-04 09:19:14] [WARN] [data][ModbusTcpMaster][ModbusConnecter][onAsyncReconnectTimeout]：设备ID=12028 自动重连超时，连续失败次数=10
[2026-06-04 09:19:14] [WARN] [data][ModbusTcpMaster][ModbusConnecter][onAsyncReconnectTimeout]：设备ID=12042 自动重连超时，连续失败次数=10
[2026-06-04 09:19:14] [WARN] [data][ModbusTcpMaster][ModbusConnecter][onAsyncReconnectTimeout]：设备ID=12031 自动重连超时，连续失败次数=10
[2026-06-04 09:19:14] [WARN] [data][ModbusTcpMaster][ModbusConnecter][onAsyncReconnectTimeout]：设备ID=12073 自动重连超时，连续失败次数=10
[2026-06-04 09:19:14] [WARN] [data][ModbusTcpMaster][ModbusConnecter][onAsyncReconnectTimeout]：设备ID=12008 自动重连超时，连续失败次数=10
[2026-06-04 09:19:14] [WARN] [data][ModbusTcpMaster][ModbusConnecter][onAsyncReconnectTimeout]：设备ID=12033 自动重连超时，连续失败次数=10
[2026-06-04 09:19:14] [WARN] [data][ModbusTcpMaster][ModbusConnecter][onAsyncReconnectTimeout]：设备ID=12032 自动重连超时，连续失败次数=10
[2026-06-04 09:19:14] [WARN] [data][ModbusTcpMaster][ModbusConnecter][onAsyncReconnectTimeout]：设备ID=12049 自动重连超时，连续失败次数=10
[2026-06-04 09:19:14] [WARN] [data][ModbusTcpMaster][ModbusConnecter][onAsyncReconnectTimeout]：设备ID=12012 自动重连超时，连续失败次数=10
[2026-06-04 09:19:15] [INFO] [CraneMapWidget::refreshDeviceData]Updated 20 devices
[2026-06-04 09:19:16] [INFO] [CraneMapWidget::refreshDeviceData]Updated 20 devices
[2026-06-04 09:19:17] [INFO] [2026-06-04 09:19:17.558] 当前未恢复错误汇总
Device Offline（80个）：12001，12002，12003，12004，12005，12006，12007，12008，12009，12010，12011，12012，12013，12014，12015，12016，12017，12018，12019，12020，12021，12022，12023，12024，12025，12026，12027，12028，12029，12030，12031，12032，12033，12034，12035，12036，12037，12038，12039，12040，12041，12042，12043，12044，12045，12046，12047，12048，12049，12050，12051，12052，12053，12054，12055，12056，12057，12058，12059，12060，12061，12062，12063，12064，12065，12066，12067，12068，12069，12070，12071，12072，12073，12074，12075，12076，12077，12078，12079，12080
[2026-06-04 09:19:17] [INFO] [CraneMapWidget::refreshDeviceData]Updated 20 devices
[2026-06-04 09:19:18] [INFO] [CraneMapWidget::refreshDeviceData]Updated 20 devices
[2026-06-04 09:19:19] [INFO] [CraneMapWidget::refreshDeviceData]Updated 20 devices
[2026-06-04 09:19:20] [INFO] [CraneMapWidget::refreshDeviceData]Updated 20 devices
[2026-06-04 09:19:21] [INFO] [CraneMapWidget::refreshDeviceData]Updated 20 devices
[2026-06-04 09:19:22] [INFO] [CraneMapWidget::refreshDeviceData]Updated 20 devices
[2026-06-04 09:19:23] [INFO] [CraneMapWidget::refreshDeviceData]Updated 20 devices
[2026-06-04 09:19:24] [INFO] [CraneMapWidget::refreshDeviceData]Updated 20 devices
[2026-06-04 09:19:25] [INFO] [CraneMapWidget::refreshDeviceData]Updated 20 devices
[2026-06-04 09:19:26] [INFO] [CraneMapWidget::refreshDeviceData]Updated 20 devices
[2026-06-04 09:19:27] [INFO] [CraneMapWidget::refreshDeviceData]Updated 20 devices
[2026-06-04 09:19:28] [INFO] [CraneMapWidget::refreshDeviceData]Updated 20 devices
[2026-06-04 09:19:29] [INFO] [CraneMapWidget::refreshDeviceData]Updated 20 devices
[2026-06-04 09:19:30] [INFO] [CraneMapWidget::refreshDeviceData]Updated 20 devices
[2026-06-04 09:19:31] [INFO] [CraneMapWidget::refreshDeviceData]Updated 20 devices
[2026-06-04 09:19:32] [INFO] [CraneMapWidget::refreshDeviceData]Updated 20 devices
[2026-06-04 09:19:33] [INFO] [CraneMapWidget::refreshDeviceData]Updated 20 devices
[2026-06-04 09:19:34] [INFO] [CraneMapWidget::refreshDeviceData]Updated 20 devices
[2026-06-04 09:19:35] [INFO] [CraneMapWidget::refreshDeviceData]Updated 20 devices
[2026-06-04 09:19:36] [INFO] [CraneMapWidget::refreshDeviceData]Updated 20 devices
[2026-06-04 09:19:37] [INFO] [CraneMapWidget::refreshDeviceData]Updated 20 devices
[2026-06-04 09:19:38] [INFO] [CraneMapWidget::refreshDeviceData]Updated 20 devices
[2026-06-04 09:19:39] [INFO] [CraneMapWidget::refreshDeviceData]Updated 20 devices
[2026-06-04 09:19:40] [INFO] [CraneMapWidget::refreshDeviceData]Updated 20 devices
[2026-06-04 09:19:41] [INFO] [CraneMapWidget::refreshDeviceData]Updated 20 devices
[2026-06-04 09:19:42] [INFO] [CraneMapWidget::refreshDeviceData]Updated 20 devices
[2026-06-04 09:19:43] [INFO] [CraneMapWidget::refreshDeviceData]Updated 20 devices
[2026-06-04 09:19:44] [INFO] [CraneMapWidget::refreshDeviceData]Updated 20 devices
[2026-06-04 09:19:45] [INFO] [CraneMapWidget::refreshDeviceData]Updated 20 devices
[2026-06-04 09:19:46] [INFO] [CraneMapWidget::refreshDeviceData]Updated 20 devices
[2026-06-04 09:19:47] [INFO] [CraneMapWidget::refreshDeviceData]Updated 20 devices
[2026-06-04 09:19:48] [INFO] [CraneMapWidget::refreshDeviceData]Updated 20 devices
[2026-06-04 09:19:49] [INFO] [CraneMapWidget::refreshDeviceData]Updated 20 devices
[2026-06-04 09:19:50] [INFO] [CraneMapWidget::refreshDeviceData]Updated 20 devices
[2026-06-04 09:19:51] [INFO] [CraneMapWidget::refreshDeviceData]Updated 20 devices
[2026-06-04 09:19:52] [INFO] [CraneMapWidget::refreshDeviceData]Updated 20 devices
[2026-06-04 09:19:53] [INFO] [CraneMapWidget::refreshDeviceData]Updated 20 devices
[2026-06-04 09:19:54] [INFO] [CraneMapWidget::refreshDeviceData]Updated 20 devices
[2026-06-04 09:19:55] [INFO] [CraneMapWidget::refreshDeviceData]Updated 20 devices
[2026-06-04 09:19:56] [INFO] [CraneMapWidget::refreshDeviceData]Updated 20 devices
[2026-06-04 09:19:57] [INFO] [CraneMapWidget::refreshDeviceData]Updated 20 devices
[2026-06-04 09:19:58] [INFO] [CraneMapWidget::refreshDeviceData]Updated 20 devices
[2026-06-04 09:19:59] [INFO] [CraneMapWidget::refreshDeviceData]Updated 20 devices
[2026-06-04 09:20:00] [INFO] [CraneMapWidget::refreshDeviceData]Updated 20 devices
[2026-06-04 09:20:01] [INFO] [CraneMapWidget::refreshDeviceData]Updated 20 devices
[2026-06-04 09:20:02] [INFO] [CraneMapWidget::refreshDeviceData]Updated 20 devices
[2026-06-04 09:20:03] [INFO] [CraneMapWidget::refreshDeviceData]Updated 20 devices
[2026-06-04 09:20:04] [INFO] [CraneMapWidget::refreshDeviceData]Updated 20 devices
[2026-06-04 09:20:05] [INFO] [CraneMapWidget::refreshDeviceData]Updated 20 devices
[2026-06-04 09:20:06] [INFO] [CraneMapWidget::refreshDeviceData]Updated 20 devices
[2026-06-04 09:20:07] [INFO] [CraneMapWidget::refreshDeviceData]Updated 20 devices
[2026-06-04 09:20:08] [INFO] [CraneMapWidget::refreshDeviceData]Updated 20 devices
[2026-06-04 09:20:09] [INFO] [CraneMapWidget::refreshDeviceData]Updated 20 devices
[2026-06-04 09:20:10] [INFO] [CraneMapWidget::refreshDeviceData]Updated 20 devices
[2026-06-04 09:20:11] [INFO] [CraneMapWidget::refreshDeviceData]Updated 20 devices
[2026-06-04 09:20:12] [INFO] [CraneMapWidget::refreshDeviceData]Updated 20 devices
[2026-06-04 09:20:13] [INFO] [CraneMapWidget::refreshDeviceData]Updated 20 devices
[2026-06-04 09:20:14] [WARN] [data][ModbusTcpMaster][ModbusConnecter][onAsyncReconnectTimeout]：设备ID=12004 自动重连超时，连续失败次数=20
[2026-06-04 09:20:14] [WARN] [data][ModbusTcpMaster][ModbusConnecter][onAsyncReconnectTimeout]：设备ID=12001 自动重连超时，连续失败次数=20
[2026-06-04 09:20:14] [WARN] [data][ModbusTcpMaster][ModbusConnecter][onAsyncReconnectTimeout]：设备ID=12040 自动重连超时，连续失败次数=20
[2026-06-04 09:20:14] [WARN] [data][ModbusTcpMaster][ModbusConnecter][onAsyncReconnectTimeout]：设备ID=12016 自动重连超时，连续失败次数=20
[2026-06-04 09:20:14] [WARN] [data][ModbusTcpMaster][ModbusConnecter][onAsyncReconnectTimeout]：设备ID=12009 自动重连超时，连续失败次数=20
[2026-06-04 09:20:14] [WARN] [data][ModbusTcpMaster][ModbusConnecter][onAsyncReconnectTimeout]：设备ID=12010 自动重连超时，连续失败次数=20
[2026-06-04 09:20:14] [WARN] [data][ModbusTcpMaster][ModbusConnecter][onAsyncReconnectTimeout]：设备ID=12007 自动重连超时，连续失败次数=20
[2026-06-04 09:20:14] [WARN] [data][ModbusTcpMaster][ModbusConnecter][onAsyncReconnectTimeout]：设备ID=12011 自动重连超时，连续失败次数=20
[2026-06-04 09:20:14] [WARN] [data][ModbusTcpMaster][ModbusConnecter][onAsyncReconnectTimeout]：设备ID=12024 自动重连超时，连续失败次数=20
[2026-06-04 09:20:14] [WARN] [data][ModbusTcpMaster][ModbusConnecter][onAsyncReconnectTimeout]：设备ID=12015 自动重连超时，连续失败次数=20
[2026-06-04 09:20:14] [WARN] [data][ModbusTcpMaster][ModbusConnecter][onAsyncReconnectTimeout]：设备ID=12003 自动重连超时，连续失败次数=20
[2026-06-04 09:20:14] [WARN] [data][ModbusTcpMaster][ModbusConnecter][onAsyncReconnectTimeout]：设备ID=12034 自动重连超时，连续失败次数=20
[2026-06-04 09:20:14] [WARN] [data][ModbusTcpMaster][ModbusConnecter][onAsyncReconnectTimeout]：设备ID=12018 自动重连超时，连续失败次数=20
[2026-06-04 09:20:14] [WARN] [data][ModbusTcpMaster][ModbusConnecter][onAsyncReconnectTimeout]：设备ID=12002 自动重连超时，连续失败次数=20
[2026-06-04 09:20:14] [WARN] [data][ModbusTcpMaster][ModbusConnecter][onAsyncReconnectTimeout]：设备ID=12013 自动重连超时，连续失败次数=20
[2026-06-04 09:20:14] [WARN] [data][ModbusTcpMaster][ModbusConnecter][onAsyncReconnectTimeout]：设备ID=12005 自动重连超时，连续失败次数=20
[2026-06-04 09:20:14] [WARN] [data][ModbusTcpMaster][ModbusConnecter][onAsyncReconnectTimeout]：设备ID=12014 自动重连超时，连续失败次数=20
[2026-06-04 09:20:14] [WARN] [data][ModbusTcpMaster][ModbusConnecter][onAsyncReconnectTimeout]：设备ID=12006 自动重连超时，连续失败次数=20
[2026-06-04 09:20:14] [WARN] [data][ModbusTcpMaster][ModbusConnecter][onAsyncReconnectTimeout]：设备ID=12036 自动重连超时，连续失败次数=20
[2026-06-04 09:20:14] [WARN] [data][ModbusTcpMaster][ModbusConnecter][onAsyncReconnectTimeout]：设备ID=12029 自动重连超时，连续失败次数=20
[2026-06-04 09:20:14] [WARN] [data][ModbusTcpMaster][ModbusConnecter][onAsyncReconnectTimeout]：设备ID=12059 自动重连超时，连续失败次数=20
[2026-06-04 09:20:14] [WARN] [data][ModbusTcpMaster][ModbusConnecter][onAsyncReconnectTimeout]：设备ID=12017 自动重连超时，连续失败次数=20
[2026-06-04 09:20:14] [WARN] [data][ModbusTcpMaster][ModbusConnecter][onAsyncReconnectTimeout]：设备ID=12025 自动重连超时，连续失败次数=20
[2026-06-04 09:20:14] [WARN] [data][ModbusTcpMaster][ModbusConnecter][onAsyncReconnectTimeout]：设备ID=12070 自动重连超时，连续失败次数=20
[2026-06-04 09:20:14] [WARN] [data][ModbusTcpMaster][ModbusConnecter][onAsyncReconnectTimeout]：设备ID=12057 自动重连超时，连续失败次数=20
[2026-06-04 09:20:14] [WARN] [data][ModbusTcpMaster][ModbusConnecter][onAsyncReconnectTimeout]：设备ID=12056 自动重连超时，连续失败次数=20
[2026-06-04 09:20:14] [WARN] [data][ModbusTcpMaster][ModbusConnecter][onAsyncReconnectTimeout]：设备ID=12045 自动重连超时，连续失败次数=20
[2026-06-04 09:20:14] [WARN] [data][ModbusTcpMaster][ModbusConnecter][onAsyncReconnectTimeout]：设备ID=12030 自动重连超时，连续失败次数=20
[2026-06-04 09:20:14] [WARN] [data][ModbusTcpMaster][ModbusConnecter][onAsyncReconnectTimeout]：设备ID=12063 自动重连超时，连续失败次数=20
[2026-06-04 09:20:14] [WARN] [data][ModbusTcpMaster][ModbusConnecter][onAsyncReconnectTimeout]：设备ID=12043 自动重连超时，连续失败次数=20
[2026-06-04 09:20:14] [WARN] [data][ModbusTcpMaster][ModbusConnecter][onAsyncReconnectTimeout]：设备ID=12020 自动重连超时，连续失败次数=20
[2026-06-04 09:20:14] [WARN] [data][ModbusTcpMaster][ModbusConnecter][onAsyncReconnectTimeout]：设备ID=12054 自动重连超时，连续失败次数=20
[2026-06-04 09:20:14] [INFO] [CraneMapWidget::refreshDeviceData]Updated 20 devices
[2026-06-04 09:20:14] [WARN] [data][ModbusTcpMaster][ModbusConnecter][onAsyncReconnectTimeout]：设备ID=12053 自动重连超时，连续失败次数=20
[2026-06-04 09:20:14] [WARN] [data][ModbusTcpMaster][ModbusConnecter][onAsyncReconnectTimeout]：设备ID=12048 自动重连超时，连续失败次数=20
[2026-06-04 09:20:14] [WARN] [data][ModbusTcpMaster][ModbusConnecter][onAsyncReconnectTimeout]：设备ID=12055 自动重连超时，连续失败次数=20
[2026-06-04 09:20:14] [WARN] [data][ModbusTcpMaster][ModbusConnecter][onAsyncReconnectTimeout]：设备ID=12027 自动重连超时，连续失败次数=20
[2026-06-04 09:20:14] [WARN] [data][ModbusTcpMaster][ModbusConnecter][onAsyncReconnectTimeout]：设备ID=12072 自动重连超时，连续失败次数=20
[2026-06-04 09:20:14] [WARN] [data][ModbusTcpMaster][ModbusConnecter][onAsyncReconnectTimeout]：设备ID=12066 自动重连超时，连续失败次数=20
[2026-06-04 09:20:14] [WARN] [data][ModbusTcpMaster][ModbusConnecter][onAsyncReconnectTimeout]：设备ID=12069 自动重连超时，连续失败次数=20
[2026-06-04 09:20:14] [WARN] [data][ModbusTcpMaster][ModbusConnecter][onAsyncReconnectTimeout]：设备ID=12061 自动重连超时，连续失败次数=20
[2026-06-04 09:20:14] [WARN] [data][ModbusTcpMaster][ModbusConnecter][onAsyncReconnectTimeout]：设备ID=12023 自动重连超时，连续失败次数=20
[2026-06-04 09:20:14] [WARN] [data][ModbusTcpMaster][ModbusConnecter][onAsyncReconnectTimeout]：设备ID=12052 自动重连超时，连续失败次数=20
[2026-06-04 09:20:14] [WARN] [data][ModbusTcpMaster][ModbusConnecter][onAsyncReconnectTimeout]：设备ID=12065 自动重连超时，连续失败次数=20
[2026-06-04 09:20:14] [WARN] [data][ModbusTcpMaster][ModbusConnecter][onAsyncReconnectTimeout]：设备ID=12019 自动重连超时，连续失败次数=20
[2026-06-04 09:20:14] [WARN] [data][ModbusTcpMaster][ModbusConnecter][onAsyncReconnectTimeout]：设备ID=12051 自动重连超时，连续失败次数=20
[2026-06-04 09:20:14] [WARN] [data][ModbusTcpMaster][ModbusConnecter][onAsyncReconnectTimeout]：设备ID=12075 自动重连超时，连续失败次数=20
[2026-06-04 09:20:14] [WARN] [data][ModbusTcpMaster][ModbusConnecter][onAsyncReconnectTimeout]：设备ID=12074 自动重连超时，连续失败次数=20
[2026-06-04 09:20:14] [WARN] [data][ModbusTcpMaster][ModbusConnecter][onAsyncReconnectTimeout]：设备ID=12079 自动重连超时，连续失败次数=20
[2026-06-04 09:20:14] [WARN] [data][ModbusTcpMaster][ModbusConnecter][onAsyncReconnectTimeout]：设备ID=12068 自动重连超时，连续失败次数=20
[2026-06-04 09:20:14] [WARN] [data][ModbusTcpMaster][ModbusConnecter][onAsyncReconnectTimeout]：设备ID=12033 自动重连超时，连续失败次数=20
[2026-06-04 09:20:14] [WARN] [data][ModbusTcpMaster][ModbusConnecter][onAsyncReconnectTimeout]：设备ID=12044 自动重连超时，连续失败次数=20
[2026-06-04 09:20:14] [WARN] [data][ModbusTcpMaster][ModbusConnecter][onAsyncReconnectTimeout]：设备ID=12060 自动重连超时，连续失败次数=20
[2026-06-04 09:20:14] [WARN] [data][ModbusTcpMaster][ModbusConnecter][onAsyncReconnectTimeout]：设备ID=12064 自动重连超时，连续失败次数=20
[2026-06-04 09:20:14] [WARN] [data][ModbusTcpMaster][ModbusConnecter][onAsyncReconnectTimeout]：设备ID=12050 自动重连超时，连续失败次数=20
[2026-06-04 09:20:14] [WARN] [data][ModbusTcpMaster][ModbusConnecter][onAsyncReconnectTimeout]：设备ID=12058 自动重连超时，连续失败次数=20
[2026-06-04 09:20:14] [WARN] [data][ModbusTcpMaster][ModbusConnecter][onAsyncReconnectTimeout]：设备ID=12012 自动重连超时，连续失败次数=20
[2026-06-04 09:20:14] [WARN] [data][ModbusTcpMaster][ModbusConnecter][onAsyncReconnectTimeout]：设备ID=12032 自动重连超时，连续失败次数=20
[2026-06-04 09:20:14] [WARN] [data][ModbusTcpMaster][ModbusConnecter][onAsyncReconnectTimeout]：设备ID=12049 自动重连超时，连续失败次数=20
[2026-06-04 09:20:14] [WARN] [data][ModbusTcpMaster][ModbusConnecter][onAsyncReconnectTimeout]：设备ID=12035 自动重连超时，连续失败次数=20
[2026-06-04 09:20:14] [WARN] [data][ModbusTcpMaster][ModbusConnecter][onAsyncReconnectTimeout]：设备ID=12022 自动重连超时，连续失败次数=20
[2026-06-04 09:20:14] [WARN] [data][ModbusTcpMaster][ModbusConnecter][onAsyncReconnectTimeout]：设备ID=12047 自动重连超时，连续失败次数=20
[2026-06-04 09:20:14] [WARN] [data][ModbusTcpMaster][ModbusConnecter][onAsyncReconnectTimeout]：设备ID=12021 自动重连超时，连续失败次数=20
[2026-06-04 09:20:14] [WARN] [data][ModbusTcpMaster][ModbusConnecter][onAsyncReconnectTimeout]：设备ID=12026 自动重连超时，连续失败次数=20
[2026-06-04 09:20:14] [WARN] [data][ModbusTcpMaster][ModbusConnecter][onAsyncReconnectTimeout]：设备ID=12039 自动重连超时，连续失败次数=20
[2026-06-04 09:20:14] [WARN] [data][ModbusTcpMaster][ModbusConnecter][onAsyncReconnectTimeout]：设备ID=12008 自动重连超时，连续失败次数=20
[2026-06-04 09:20:14] [WARN] [data][ModbusTcpMaster][ModbusConnecter][onAsyncReconnectTimeout]：设备ID=12046 自动重连超时，连续失败次数=20
[2026-06-04 09:20:14] [WARN] [data][ModbusTcpMaster][ModbusConnecter][onAsyncReconnectTimeout]：设备ID=12071 自动重连超时，连续失败次数=20
[2026-06-04 09:20:14] [WARN] [data][ModbusTcpMaster][ModbusConnecter][onAsyncReconnectTimeout]：设备ID=12031 自动重连超时，连续失败次数=20
[2026-06-04 09:20:14] [WARN] [data][ModbusTcpMaster][ModbusConnecter][onAsyncReconnectTimeout]：设备ID=12042 自动重连超时，连续失败次数=20
[2026-06-04 09:20:14] [WARN] [data][ModbusTcpMaster][ModbusConnecter][onAsyncReconnectTimeout]：设备ID=12073 自动重连超时，连续失败次数=20
[2026-06-04 09:20:14] [WARN] [data][ModbusTcpMaster][ModbusConnecter][onAsyncReconnectTimeout]：设备ID=12076 自动重连超时，连续失败次数=20
[2026-06-04 09:20:14] [WARN] [data][ModbusTcpMaster][ModbusConnecter][onAsyncReconnectTimeout]：设备ID=12078 自动重连超时，连续失败次数=20
[2026-06-04 09:20:14] [WARN] [data][ModbusTcpMaster][ModbusConnecter][onAsyncReconnectTimeout]：设备ID=12077 自动重连超时，连续失败次数=20
[2026-06-04 09:20:14] [WARN] [data][ModbusTcpMaster][ModbusConnecter][onAsyncReconnectTimeout]：设备ID=12037 自动重连超时，连续失败次数=20
[2026-06-04 09:20:14] [WARN] [data][ModbusTcpMaster][ModbusConnecter][onAsyncReconnectTimeout]：设备ID=12041 自动重连超时，连续失败次数=20
[2026-06-04 09:20:14] [WARN] [data][ModbusTcpMaster][ModbusConnecter][onAsyncReconnectTimeout]：设备ID=12028 自动重连超时，连续失败次数=20
[2026-06-04 09:20:14] [WARN] [data][ModbusTcpMaster][ModbusConnecter][onAsyncReconnectTimeout]：设备ID=12038 自动重连超时，连续失败次数=20
[2026-06-04 09:20:14] [WARN] [data][ModbusTcpMaster][ModbusConnecter][onAsyncReconnectTimeout]：设备ID=12067 自动重连超时，连续失败次数=20
[2026-06-04 09:20:14] [WARN] [data][ModbusTcpMaster][ModbusConnecter][onAsyncReconnectTimeout]：设备ID=12062 自动重连超时，连续失败次数=20
[2026-06-04 09:20:14] [WARN] [data][ModbusTcpMaster][ModbusConnecter][onAsyncReconnectTimeout]：设备ID=12080 自动重连超时，连续失败次数=20
[2026-06-04 09:20:15] [INFO] [CraneMapWidget::refreshDeviceData]Updated 20 devices
[2026-06-04 09:20:16] [INFO] [CraneMapWidget::refreshDeviceData]Updated 20 devices
[2026-06-04 09:20:17] [INFO] [2026-06-04 09:20:17.565] 当前未恢复错误汇总
Device Offline（80个）：12001，12002，12003，12004，12005，12006，12007，12008，12009，12010，12011，12012，12013，12014，12015，12016，12017，12018，12019，12020，12021，12022，12023，12024，12025，12026，12027，12028，12029，12030，12031，12032，12033，12034，12035，12036，12037，12038，12039，12040，12041，12042，12043，12044，12045，12046，12047，12048，12049，12050，12051，12052，12053，12054，12055，12056，12057，12058，12059，12060，12061，12062，12063，12064，12065，12066，12067，12068，12069，12070，12071，12072，12073，12074，12075，12076，12077，12078，12079，12080
[2026-06-04 09:20:17] [INFO] [CraneMapWidget::refreshDeviceData]Updated 20 devices
[2026-06-04 09:20:18] [INFO] [CraneMapWidget::refreshDeviceData]Updated 20 devices
[2026-06-04 09:20:19] [INFO] [CraneMapWidget::refreshDeviceData]Updated 20 devices
[2026-06-04 09:20:20] [INFO] [CraneMapWidget::refreshDeviceData]Updated 20 devices
[2026-06-04 09:20:21] [INFO] [CraneMapWidget::refreshDeviceData]Updated 20 devices
[2026-06-04 09:20:22] [INFO] [CraneMapWidget::refreshDeviceData]Updated 20 devices
[2026-06-04 09:20:23] [INFO] [CraneMapWidget::refreshDeviceData]Updated 20 devices
[2026-06-04 09:20:24] [INFO] [CraneMapWidget::refreshDeviceData]Updated 20 devices
[2026-06-04 09:20:25] [INFO] [CraneMapWidget::refreshDeviceData]Updated 20 devices
[2026-06-04 09:20:26] [INFO] [CraneMapWidget::refreshDeviceData]Updated 20 devices
[2026-06-04 09:20:27] [INFO] [CraneMapWidget::refreshDeviceData]Updated 20 devices
[2026-06-04 09:20:28] [INFO] [CraneMapWidget::refreshDeviceData]Updated 20 devices
[2026-06-04 09:20:29] [INFO] [CraneMapWidget::refreshDeviceData]Updated 20 devices
[2026-06-04 09:20:30] [INFO] [CraneMapWidget::refreshDeviceData]Updated 20 devices
[2026-06-04 09:20:31] [INFO] [CraneMapWidget::refreshDeviceData]Updated 20 devices
[2026-06-04 09:20:32] [INFO] [CraneMapWidget::refreshDeviceData]Updated 20 devices
[2026-06-04 09:20:33] [INFO] [CraneMapWidget::refreshDeviceData]Updated 20 devices
[2026-06-04 09:20:34] [INFO] [CraneMapWidget::refreshDeviceData]Updated 20 devices
[2026-06-04 09:20:35] [INFO] [CraneMapWidget::refreshDeviceData]Updated 20 devices
[2026-06-04 09:20:36] [INFO] [CraneMapWidget::refreshDeviceData]Updated 20 devices
[2026-06-04 09:20:37] [INFO] [CraneMapWidget::refreshDeviceData]Updated 20 devices
[2026-06-04 09:20:38] [INFO] [CraneMapWidget::refreshDeviceData]Updated 20 devices
[2026-06-04 09:20:39] [INFO] [CraneMapWidget::refreshDeviceData]Updated 20 devices
[2026-06-04 09:20:40] [INFO] [CraneMapWidget::refreshDeviceData]Updated 20 devices
[2026-06-04 09:20:41] [INFO] [CraneMapWidget::refreshDeviceData]Updated 20 devices
[2026-06-04 09:20:42] [INFO] [CraneMapWidget::refreshDeviceData]Updated 20 devices
[2026-06-04 09:20:43] [INFO] [CraneMapWidget::refreshDeviceData]Updated 20 devices
[2026-06-04 09:20:44] [INFO] [CraneMapWidget::refreshDeviceData]Updated 20 devices
[2026-06-04 09:20:45] [INFO] [CraneMapWidget::refreshDeviceData]Updated 20 devices
[2026-06-04 09:20:46] [INFO] [CraneMapWidget::refreshDeviceData]Updated 20 devices
[2026-06-04 09:20:47] [INFO] [CraneMapWidget::refreshDeviceData]Updated 20 devices
[2026-06-04 09:20:48] [INFO] [CraneMapWidget::refreshDeviceData]Updated 20 devices
[2026-06-04 09:20:49] [INFO] [CraneMapWidget::refreshDeviceData]Updated 20 devices
[2026-06-04 09:20:50] [INFO] [CraneMapWidget::refreshDeviceData]Updated 20 devices
[2026-06-04 09:20:51] [INFO] [CraneMapWidget::refreshDeviceData]Updated 20 devices
[2026-06-04 09:20:52] [INFO] [CraneMapWidget::refreshDeviceData]Updated 20 devices
[2026-06-04 09:20:53] [INFO] [CraneMapWidget::refreshDeviceData]Updated 20 devices
[2026-06-04 09:20:54] [INFO] [CraneMapWidget::refreshDeviceData]Updated 20 devices
[2026-06-04 09:20:55] [INFO] [CraneMapWidget::refreshDeviceData]Updated 20 devices
[2026-06-04 09:20:56] [INFO] [CraneMapWidget::refreshDeviceData]Updated 20 devices
[2026-06-04 09:20:57] [INFO] [CraneMapWidget::refreshDeviceData]Updated 20 devices
[2026-06-04 09:20:58] [INFO] [CraneMapWidget::refreshDeviceData]Updated 20 devices
[2026-06-04 09:20:59] [INFO] [CraneMapWidget::refreshDeviceData]Updated 20 devices
[2026-06-04 09:21:00] [INFO] [CraneMapWidget::refreshDeviceData]Updated 20 devices
[2026-06-04 09:21:01] [INFO] [CraneMapWidget::refreshDeviceData]Updated 20 devices
[2026-06-04 09:21:02] [INFO] [CraneMapWidget::refreshDeviceData]Updated 20 devices
[2026-06-04 09:21:03] [INFO] [CraneMapWidget::refreshDeviceData]Updated 20 devices
[2026-06-04 09:21:04] [INFO] [CraneMapWidget::refreshDeviceData]Updated 20 devices
[2026-06-04 09:21:05] [INFO] [CraneMapWidget::refreshDeviceData]Updated 20 devices
[2026-06-04 09:21:06] [INFO] [CraneMapWidget::refreshDeviceData]Updated 20 devices
[2026-06-04 09:21:07] [INFO] [CraneMapWidget::refreshDeviceData]Updated 20 devices
[2026-06-04 09:21:08] [INFO] [CraneMapWidget::refreshDeviceData]Updated 20 devices
[2026-06-04 09:21:09] [INFO] [CraneMapWidget::refreshDeviceData]Updated 20 devices
[2026-06-04 09:21:10] [INFO] [CraneMapWidget::refreshDeviceData]Updated 20 devices
[2026-06-04 09:21:11] [INFO] [CraneMapWidget::refreshDeviceData]Updated 20 devices
[2026-06-04 09:21:12] [INFO] [CraneMapWidget::refreshDeviceData]Updated 20 devices
[2026-06-04 09:21:13] [INFO] [CraneMapWidget::refreshDeviceData]Updated 20 devices
[2026-06-04 09:21:14] [WARN] [data][ModbusTcpMaster][ModbusConnecter][onAsyncReconnectTimeout]：设备ID=12024 自动重连超时，连续失败次数=30
[2026-06-04 09:21:14] [WARN] [data][ModbusTcpMaster][ModbusConnecter][onAsyncReconnectTimeout]：设备ID=12040 自动重连超时，连续失败次数=30
[2026-06-04 09:21:14] [WARN] [data][ModbusTcpMaster][ModbusConnecter][onAsyncReconnectTimeout]：设备ID=12005 自动重连超时，连续失败次数=30
[2026-06-04 09:21:14] [WARN] [data][ModbusTcpMaster][ModbusConnecter][onAsyncReconnectTimeout]：设备ID=12029 自动重连超时，连续失败次数=30
[2026-06-04 09:21:14] [WARN] [data][ModbusTcpMaster][ModbusConnecter][onAsyncReconnectTimeout]：设备ID=12014 自动重连超时，连续失败次数=30
[2026-06-04 09:21:14] [WARN] [data][ModbusTcpMaster][ModbusConnecter][onAsyncReconnectTimeout]：设备ID=12015 自动重连超时，连续失败次数=30
[2026-06-04 09:21:14] [WARN] [data][ModbusTcpMaster][ModbusConnecter][onAsyncReconnectTimeout]：设备ID=12007 自动重连超时，连续失败次数=30
[2026-06-04 09:21:14] [INFO] [CraneMapWidget::refreshDeviceData]Updated 20 devices
[2026-06-04 09:21:14] [WARN] [data][ModbusTcpMaster][ModbusConnecter][onAsyncReconnectTimeout]：设备ID=12036 自动重连超时，连续失败次数=30
[2026-06-04 09:21:14] [WARN] [data][ModbusTcpMaster][ModbusConnecter][onAsyncReconnectTimeout]：设备ID=12017 自动重连超时，连续失败次数=30
[2026-06-04 09:21:14] [WARN] [data][ModbusTcpMaster][ModbusConnecter][onAsyncReconnectTimeout]：设备ID=12006 自动重连超时，连续失败次数=30
[2026-06-04 09:21:14] [WARN] [data][ModbusTcpMaster][ModbusConnecter][onAsyncReconnectTimeout]：设备ID=12016 自动重连超时，连续失败次数=30
[2026-06-04 09:21:14] [WARN] [data][ModbusTcpMaster][ModbusConnecter][onAsyncReconnectTimeout]：设备ID=12057 自动重连超时，连续失败次数=30
[2026-06-04 09:21:14] [WARN] [data][ModbusTcpMaster][ModbusConnecter][onAsyncReconnectTimeout]：设备ID=12009 自动重连超时，连续失败次数=30
[2026-06-04 09:21:14] [WARN] [data][ModbusTcpMaster][ModbusConnecter][onAsyncReconnectTimeout]：设备ID=12001 自动重连超时，连续失败次数=30
[2026-06-04 09:21:14] [WARN] [data][ModbusTcpMaster][ModbusConnecter][onAsyncReconnectTimeout]：设备ID=12034 自动重连超时，连续失败次数=30
[2026-06-04 09:21:14] [WARN] [data][ModbusTcpMaster][ModbusConnecter][onAsyncReconnectTimeout]：设备ID=12002 自动重连超时，连续失败次数=30
[2026-06-04 09:21:14] [WARN] [data][ModbusTcpMaster][ModbusConnecter][onAsyncReconnectTimeout]：设备ID=12011 自动重连超时，连续失败次数=30
[2026-06-04 09:21:14] [WARN] [data][ModbusTcpMaster][ModbusConnecter][onAsyncReconnectTimeout]：设备ID=12010 自动重连超时，连续失败次数=30
[2026-06-04 09:21:14] [WARN] [data][ModbusTcpMaster][ModbusConnecter][onAsyncReconnectTimeout]：设备ID=12018 自动重连超时，连续失败次数=30
[2026-06-04 09:21:14] [WARN] [data][ModbusTcpMaster][ModbusConnecter][onAsyncReconnectTimeout]：设备ID=12025 自动重连超时，连续失败次数=30
[2026-06-04 09:21:14] [WARN] [data][ModbusTcpMaster][ModbusConnecter][onAsyncReconnectTimeout]：设备ID=12004 自动重连超时，连续失败次数=30
[2026-06-04 09:21:14] [WARN] [data][ModbusTcpMaster][ModbusConnecter][onAsyncReconnectTimeout]：设备ID=12059 自动重连超时，连续失败次数=30
[2026-06-04 09:21:14] [WARN] [data][ModbusTcpMaster][ModbusConnecter][onAsyncReconnectTimeout]：设备ID=12013 自动重连超时，连续失败次数=30
[2026-06-04 09:21:14] [WARN] [data][ModbusTcpMaster][ModbusConnecter][onAsyncReconnectTimeout]：设备ID=12061 自动重连超时，连续失败次数=30
[2026-06-04 09:21:14] [WARN] [data][ModbusTcpMaster][ModbusConnecter][onAsyncReconnectTimeout]：设备ID=12045 自动重连超时，连续失败次数=30
[2026-06-04 09:21:14] [WARN] [data][ModbusTcpMaster][ModbusConnecter][onAsyncReconnectTimeout]：设备ID=12072 自动重连超时，连续失败次数=30
[2026-06-04 09:21:14] [WARN] [data][ModbusTcpMaster][ModbusConnecter][onAsyncReconnectTimeout]：设备ID=12020 自动重连超时，连续失败次数=30
[2026-06-04 09:21:14] [WARN] [data][ModbusTcpMaster][ModbusConnecter][onAsyncReconnectTimeout]：设备ID=12063 自动重连超时，连续失败次数=30
[2026-06-04 09:21:14] [WARN] [data][ModbusTcpMaster][ModbusConnecter][onAsyncReconnectTimeout]：设备ID=12056 自动重连超时，连续失败次数=30
[2026-06-04 09:21:14] [WARN] [data][ModbusTcpMaster][ModbusConnecter][onAsyncReconnectTimeout]：设备ID=12027 自动重连超时，连续失败次数=30
[2026-06-04 09:21:14] [WARN] [data][ModbusTcpMaster][ModbusConnecter][onAsyncReconnectTimeout]：设备ID=12054 自动重连超时，连续失败次数=30
[2026-06-04 09:21:14] [WARN] [data][ModbusTcpMaster][ModbusConnecter][onAsyncReconnectTimeout]：设备ID=12052 自动重连超时，连续失败次数=30
[2026-06-04 09:21:14] [WARN] [data][ModbusTcpMaster][ModbusConnecter][onAsyncReconnectTimeout]：设备ID=12033 自动重连超时，连续失败次数=30
[2026-06-04 09:21:14] [WARN] [data][ModbusTcpMaster][ModbusConnecter][onAsyncReconnectTimeout]：设备ID=12003 自动重连超时，连续失败次数=30
[2026-06-04 09:21:14] [WARN] [data][ModbusTcpMaster][ModbusConnecter][onAsyncReconnectTimeout]：设备ID=12070 自动重连超时，连续失败次数=30
[2026-06-04 09:21:14] [WARN] [data][ModbusTcpMaster][ModbusConnecter][onAsyncReconnectTimeout]：设备ID=12079 自动重连超时，连续失败次数=30
[2026-06-04 09:21:14] [WARN] [data][ModbusTcpMaster][ModbusConnecter][onAsyncReconnectTimeout]：设备ID=12075 自动重连超时，连续失败次数=30
[2026-06-04 09:21:14] [WARN] [data][ModbusTcpMaster][ModbusConnecter][onAsyncReconnectTimeout]：设备ID=12044 自动重连超时，连续失败次数=30
[2026-06-04 09:21:14] [WARN] [data][ModbusTcpMaster][ModbusConnecter][onAsyncReconnectTimeout]：设备ID=12060 自动重连超时，连续失败次数=30
[2026-06-04 09:21:14] [WARN] [data][ModbusTcpMaster][ModbusConnecter][onAsyncReconnectTimeout]：设备ID=12051 自动重连超时，连续失败次数=30
[2026-06-04 09:21:14] [WARN] [data][ModbusTcpMaster][ModbusConnecter][onAsyncReconnectTimeout]：设备ID=12068 自动重连超时，连续失败次数=30
[2026-06-04 09:21:14] [WARN] [data][ModbusTcpMaster][ModbusConnecter][onAsyncReconnectTimeout]：设备ID=12058 自动重连超时，连续失败次数=30
[2026-06-04 09:21:14] [WARN] [data][ModbusTcpMaster][ModbusConnecter][onAsyncReconnectTimeout]：设备ID=12065 自动重连超时，连续失败次数=30
[2026-06-04 09:21:14] [WARN] [data][ModbusTcpMaster][ModbusConnecter][onAsyncReconnectTimeout]：设备ID=12050 自动重连超时，连续失败次数=30
[2026-06-04 09:21:14] [WARN] [data][ModbusTcpMaster][ModbusConnecter][onAsyncReconnectTimeout]：设备ID=12023 自动重连超时，连续失败次数=30
[2026-06-04 09:21:14] [WARN] [data][ModbusTcpMaster][ModbusConnecter][onAsyncReconnectTimeout]：设备ID=12049 自动重连超时，连续失败次数=30
[2026-06-04 09:21:14] [WARN] [data][ModbusTcpMaster][ModbusConnecter][onAsyncReconnectTimeout]：设备ID=12064 自动重连超时，连续失败次数=30
[2026-06-04 09:21:14] [WARN] [data][ModbusTcpMaster][ModbusConnecter][onAsyncReconnectTimeout]：设备ID=12019 自动重连超时，连续失败次数=30
[2026-06-04 09:21:14] [WARN] [data][ModbusTcpMaster][ModbusConnecter][onAsyncReconnectTimeout]：设备ID=12012 自动重连超时，连续失败次数=30
[2026-06-04 09:21:14] [WARN] [data][ModbusTcpMaster][ModbusConnecter][onAsyncReconnectTimeout]：设备ID=12032 自动重连超时，连续失败次数=30
[2026-06-04 09:21:14] [WARN] [data][ModbusTcpMaster][ModbusConnecter][onAsyncReconnectTimeout]：设备ID=12055 自动重连超时，连续失败次数=30
[2026-06-04 09:21:14] [WARN] [data][ModbusTcpMaster][ModbusConnecter][onAsyncReconnectTimeout]：设备ID=12074 自动重连超时，连续失败次数=30
[2026-06-04 09:21:14] [WARN] [data][ModbusTcpMaster][ModbusConnecter][onAsyncReconnectTimeout]：设备ID=12069 自动重连超时，连续失败次数=30
[2026-06-04 09:21:14] [WARN] [data][ModbusTcpMaster][ModbusConnecter][onAsyncReconnectTimeout]：设备ID=12048 自动重连超时，连续失败次数=30
[2026-06-04 09:21:14] [WARN] [data][ModbusTcpMaster][ModbusConnecter][onAsyncReconnectTimeout]：设备ID=12035 自动重连超时，连续失败次数=30
[2026-06-04 09:21:14] [WARN] [data][ModbusTcpMaster][ModbusConnecter][onAsyncReconnectTimeout]：设备ID=12062 自动重连超时，连续失败次数=30
[2026-06-04 09:21:14] [WARN] [data][ModbusTcpMaster][ModbusConnecter][onAsyncReconnectTimeout]：设备ID=12039 自动重连超时，连续失败次数=30
[2026-06-04 09:21:14] [WARN] [data][ModbusTcpMaster][ModbusConnecter][onAsyncReconnectTimeout]：设备ID=12037 自动重连超时，连续失败次数=30
[2026-06-04 09:21:14] [WARN] [data][ModbusTcpMaster][ModbusConnecter][onAsyncReconnectTimeout]：设备ID=12053 自动重连超时，连续失败次数=30
[2026-06-04 09:21:14] [WARN] [data][ModbusTcpMaster][ModbusConnecter][onAsyncReconnectTimeout]：设备ID=12066 自动重连超时，连续失败次数=30
[2026-06-04 09:21:14] [WARN] [data][ModbusTcpMaster][ModbusConnecter][onAsyncReconnectTimeout]：设备ID=12038 自动重连超时，连续失败次数=30
[2026-06-04 09:21:14] [WARN] [data][ModbusTcpMaster][ModbusConnecter][onAsyncReconnectTimeout]：设备ID=12043 自动重连超时，连续失败次数=30
[2026-06-04 09:21:14] [WARN] [data][ModbusTcpMaster][ModbusConnecter][onAsyncReconnectTimeout]：设备ID=12073 自动重连超时，连续失败次数=30
[2026-06-04 09:21:14] [WARN] [data][ModbusTcpMaster][ModbusConnecter][onAsyncReconnectTimeout]：设备ID=12046 自动重连超时，连续失败次数=30
[2026-06-04 09:21:14] [WARN] [data][ModbusTcpMaster][ModbusConnecter][onAsyncReconnectTimeout]：设备ID=12080 自动重连超时，连续失败次数=30
[2026-06-04 09:21:14] [WARN] [data][ModbusTcpMaster][ModbusConnecter][onAsyncReconnectTimeout]：设备ID=12028 自动重连超时，连续失败次数=30
[2026-06-04 09:21:14] [WARN] [data][ModbusTcpMaster][ModbusConnecter][onAsyncReconnectTimeout]：设备ID=12067 自动重连超时，连续失败次数=30
[2026-06-04 09:21:14] [WARN] [data][ModbusTcpMaster][ModbusConnecter][onAsyncReconnectTimeout]：设备ID=12071 自动重连超时，连续失败次数=30
[2026-06-04 09:21:14] [WARN] [data][ModbusTcpMaster][ModbusConnecter][onAsyncReconnectTimeout]：设备ID=12042 自动重连超时，连续失败次数=30
[2026-06-04 09:21:14] [WARN] [data][ModbusTcpMaster][ModbusConnecter][onAsyncReconnectTimeout]：设备ID=12041 自动重连超时，连续失败次数=30
[2026-06-04 09:21:14] [WARN] [data][ModbusTcpMaster][ModbusConnecter][onAsyncReconnectTimeout]：设备ID=12078 自动重连超时，连续失败次数=30
[2026-06-04 09:21:14] [WARN] [data][ModbusTcpMaster][ModbusConnecter][onAsyncReconnectTimeout]：设备ID=12077 自动重连超时，连续失败次数=30
[2026-06-04 09:21:14] [WARN] [data][ModbusTcpMaster][ModbusConnecter][onAsyncReconnectTimeout]：设备ID=12076 自动重连超时，连续失败次数=30
[2026-06-04 09:21:14] [WARN] [data][ModbusTcpMaster][ModbusConnecter][onAsyncReconnectTimeout]：设备ID=12030 自动重连超时，连续失败次数=30
[2026-06-04 09:21:14] [WARN] [data][ModbusTcpMaster][ModbusConnecter][onAsyncReconnectTimeout]：设备ID=12047 自动重连超时，连续失败次数=30
[2026-06-04 09:21:14] [WARN] [data][ModbusTcpMaster][ModbusConnecter][onAsyncReconnectTimeout]：设备ID=12026 自动重连超时，连续失败次数=30
[2026-06-04 09:21:14] [WARN] [data][ModbusTcpMaster][ModbusConnecter][onAsyncReconnectTimeout]：设备ID=12031 自动重连超时，连续失败次数=30
[2026-06-04 09:21:14] [WARN] [data][ModbusTcpMaster][ModbusConnecter][onAsyncReconnectTimeout]：设备ID=12022 自动重连超时，连续失败次数=30
[2026-06-04 09:21:14] [WARN] [data][ModbusTcpMaster][ModbusConnecter][onAsyncReconnectTimeout]：设备ID=12021 自动重连超时，连续失败次数=30
[2026-06-04 09:21:14] [WARN] [data][ModbusTcpMaster][ModbusConnecter][onAsyncReconnectTimeout]：设备ID=12008 自动重连超时，连续失败次数=30
[2026-06-04 09:21:15] [INFO] [CraneMapWidget::refreshDeviceData]Updated 20 devices
[2026-06-04 09:21:16] [INFO] [CraneMapWidget::refreshDeviceData]Updated 20 devices
[2026-06-04 09:21:17] [INFO] [2026-06-04 09:21:17.556] 当前未恢复错误汇总
Device Offline（80个）：12001，12002，12003，12004，12005，12006，12007，12008，12009，12010，12011，12012，12013，12014，12015，12016，12017，12018，12019，12020，12021，12022，12023，12024，12025，12026，12027，12028，12029，12030，12031，12032，12033，12034，12035，12036，12037，12038，12039，12040，12041，12042，12043，12044，12045，12046，12047，12048，12049，12050，12051，12052，12053，12054，12055，12056，12057，12058，12059，12060，12061，12062，12063，12064，12065，12066，12067，12068，12069，12070，12071，12072，12073，12074，12075，12076，12077，12078，12079，12080
[2026-06-04 09:21:17] [INFO] [CraneMapWidget::refreshDeviceData]Updated 20 devices
[2026-06-04 09:21:18] [INFO] [CraneMapWidget::refreshDeviceData]Updated 20 devices
[2026-06-04 09:21:19] [INFO] [CraneMapWidget::refreshDeviceData]Updated 20 devices
[2026-06-04 09:21:20] [INFO] [CraneMapWidget::refreshDeviceData]Updated 20 devices
[2026-06-04 09:21:21] [INFO] [CraneMapWidget::refreshDeviceData]Updated 20 devices
[2026-06-04 09:21:22] [INFO] [CraneMapWidget::refreshDeviceData]Updated 20 devices
[2026-06-04 09:21:23] [INFO] [CraneMapWidget::refreshDeviceData]Updated 20 devices
[2026-06-04 09:21:24] [INFO] [CraneMapWidget::refreshDeviceData]Updated 20 devices
[2026-06-04 09:21:25] [INFO] [CraneMapWidget::refreshDeviceData]Updated 20 devices
[2026-06-04 09:21:26] [INFO] [CraneMapWidget::refreshDeviceData]Updated 20 devices
[2026-06-04 09:21:27] [INFO] [CraneMapWidget::refreshDeviceData]Updated 20 devices
[2026-06-04 09:21:28] [INFO] [CraneMapWidget::refreshDeviceData]Updated 20 devices
[2026-06-04 09:21:29] [INFO] [CraneMapWidget::refreshDeviceData]Updated 20 devices
[2026-06-04 09:21:30] [INFO] [CraneMapWidget::refreshDeviceData]Updated 20 devices
[2026-06-04 09:21:31] [INFO] [CraneMapWidget::refreshDeviceData]Updated 20 devices
[2026-06-04 09:21:32] [INFO] [CraneMapWidget::refreshDeviceData]Updated 20 devices
[2026-06-04 09:21:33] [INFO] [CraneMapWidget::refreshDeviceData]Updated 20 devices
[2026-06-04 09:21:34] [INFO] [CraneMapWidget::refreshDeviceData]Updated 20 devices
[2026-06-04 09:21:35] [INFO] [CraneMapWidget::refreshDeviceData]Updated 20 devices
[2026-06-04 09:21:36] [INFO] [CraneMapWidget::refreshDeviceData]Updated 20 devices
[2026-06-04 09:21:37] [INFO] [CraneMapWidget::refreshDeviceData]Updated 20 devices
[2026-06-04 09:21:38] [INFO] [CraneMapWidget::refreshDeviceData]Updated 20 devices
[2026-06-04 09:21:39] [INFO] [CraneMapWidget::refreshDeviceData]Updated 20 devices
[2026-06-04 09:21:40] [INFO] [CraneMapWidget::refreshDeviceData]Updated 20 devices
[2026-06-04 09:21:41] [INFO] [CraneMapWidget::refreshDeviceData]Updated 20 devices
[2026-06-04 09:21:42] [INFO] [CraneMapWidget::refreshDeviceData]Updated 20 devices
[2026-06-04 09:21:43] [INFO] [CraneMapWidget::refreshDeviceData]Updated 20 devices
[2026-06-04 09:21:44] [INFO] [CraneMapWidget::refreshDeviceData]Updated 20 devices
[2026-06-04 09:21:45] [INFO] [CraneMapWidget::refreshDeviceData]Updated 20 devices
[2026-06-04 09:21:46] [INFO] [CraneMapWidget::refreshDeviceData]Updated 20 devices
[2026-06-04 09:21:47] [INFO] [CraneMapWidget::refreshDeviceData]Updated 20 devices
[2026-06-04 09:21:48] [INFO] [CraneMapWidget::refreshDeviceData]Updated 20 devices
[2026-06-04 09:21:49] [INFO] [CraneMapWidget::refreshDeviceData]Updated 20 devices
[2026-06-04 09:21:50] [INFO] [CraneMapWidget::refreshDeviceData]Updated 20 devices
[2026-06-04 09:21:51] [INFO] [CraneMapWidget::refreshDeviceData]Updated 20 devices
[2026-06-04 09:21:52] [INFO] [CraneMapWidget::refreshDeviceData]Updated 20 devices
[2026-06-04 09:21:53] [INFO] [CraneMapWidget::refreshDeviceData]Updated 20 devices
[2026-06-04 09:21:54] [INFO] [CraneMapWidget::refreshDeviceData]Updated 20 devices
[2026-06-04 09:21:55] [INFO] [CraneMapWidget::refreshDeviceData]Updated 20 devices
[2026-06-04 09:21:56] [INFO] [CraneMapWidget::refreshDeviceData]Updated 20 devices
[2026-06-04 09:21:57] [INFO] [CraneMapWidget::refreshDeviceData]Updated 20 devices
[2026-06-04 09:21:58] [INFO] [CraneMapWidget::refreshDeviceData]Updated 20 devices
[2026-06-04 09:21:59] [INFO] [CraneMapWidget::refreshDeviceData]Updated 20 devices
[2026-06-04 09:22:00] [INFO] [CraneMapWidget::refreshDeviceData]Updated 20 devices
[2026-06-04 09:22:01] [INFO] [scheduler][NetworkStatusTask][Summary][disconnectAll]：断开所有信号连接（statusChanged=80, commandFinished=0），总数=80
[2026-06-04 09:22:01] [WARN] [Scheduler][onTaskFinished] 任务完成: NetworkStatusTask taskId: 8132eb4f-3e82-4585-bf61-300fc5156851 成功: 0 网络状态监控任务被取消
[2026-06-04 09:22:01] [INFO] [scheduler][NetworkStatusTask][Summary][stop]：网络状态任务已停止
[2026-06-04 09:22:01] [WARN] [Scheduler][onTaskFinished] 任务完成: MonitorDataTask taskId: a90c31cc-5fb7-4891-adff-a68a09daa477 成功: 0 监控任务被取消
[2026-06-04 09:22:01] [INFO] ============================= MonitorDataTask 停止 =============================
运行时长: 223750 ms
监听设备数: 80
通讯总数: 0
成功数: 0
失败数: 0
解析失败数: 0
停止时间: 2026-06-04 09:22:01
[2026-06-04 09:22:01] [WARN] [Scheduler][onTaskFinished] 任务完成: OperationDispatchTask taskId: 0bfa67f0-b23b-4864-9d2a-76138a002854 成功: 0 Operation log dispatcher stopped
[2026-06-04 09:22:01] [INFO] [stopFoupAlarmSyncTimer] FOUP 告警状态刷新定时器已停止
[2026-06-04 09:22:01] [WARN] [Scheduler][onTaskFinished] 任务完成: AlarmDispatchTask taskId: b9b46567-1e28-4c78-9b24-ab42990346f6 成功: 0 Alarm dispatcher stopped
[2026-06-04 09:22:01] [INFO] [stop] 警报调度任务已停止
[2026-06-04 09:22:01] [INFO] [Scheduler][onTaskFinished] 任务完成: SH85PeriodicSelfCheckTask taskId: 6fa066ef-a62e-4726-8dac-ff8d4d3fe256 成功: 1 SH85PeriodicSelfCheckTask stopped
[2026-06-04 09:22:01] [INFO] [Scheduler][stop] 调度器线程已停止
[2026-06-04 09:22:01] [INFO] [ui][FirmwareUpdateConfigSettingWidget][~FirmwareUpdateConfigSettingWidget]：固件更新配置控件已销毁
[2026-06-04 09:22:01] [INFO] [ui][FirmwareUpdateSettingWidget][~FirmwareUpdateSettingWidget]：固件升级界面已销毁
[2026-06-04 09:22:01] [INFO] [data][ModbusTcpMasterManager][shutdown]：销毁 Master 池及工作线程
[2026-06-04 09:22:01] [INFO] [data][ModbusTcpMasterPool][destructor]：析构开始，开始安全清理资源
[2026-06-04 09:22:01] [INFO] [data][ModbusTcpMasterPool][stopAllMasters]：开始停止所有 Master
[2026-06-04 09:22:01] [INFO] [data][ModbusTcpMasterPool][stopAllMasters]：停止 Master ID=12001
[2026-06-04 09:22:01] [INFO] [data][ModbusTcpMaster][stop]：设备ID=12001 停止设备，连接模式=AutoReconnect
[2026-06-04 09:22:01] [INFO] [data][ModbusTcpMaster][pauseChildren]：设备ID=12001 暂停普通收发子模块
[2026-06-04 09:22:01] [INFO] [data][ModbusTcpMaster][ModbusCommandSender][stop]：设备ID=12001 指令发送器停止
[2026-06-04 09:22:01] [INFO] [data][ModbusTcpMaster][ModbusConnecter][onConnectionStatusChanged]：设备ID=12001 连接状态变化: Disconnected
[2026-06-04 09:22:01] [INFO] [data][ModbusTcpMaster][ModbusCommandSender][stop]：设备ID=12001 指令发送器停止
[2026-06-04 09:22:01] [INFO] [data][ModbusTcpMaster][enterState]：设备ID=12001 状态切换: 错误状态 -> 连接中
[2026-06-04 09:22:01] [INFO] [data][ModbusTcpMaster][ModbusConnecter][disconnectDevice]：设备ID=12001 完全断开连接，已停止自动重连
[2026-06-04 09:22:01] [INFO] [data][ModbusTcpMaster][enterState]：设备ID=12001 状态切换: 连接中 -> 空闲
[2026-06-04 09:22:01] [INFO] [data][ModbusTcpMasterPool][stopAllMasters]：停止 Master ID=12002
[2026-06-04 09:22:01] [INFO] [data][ModbusTcpMaster][stop]：设备ID=12002 停止设备，连接模式=AutoReconnect
[2026-06-04 09:22:01] [INFO] [data][ModbusTcpMaster][pauseChildren]：设备ID=12002 暂停普通收发子模块
[2026-06-04 09:22:01] [INFO] [data][ModbusTcpMaster][ModbusCommandSender][stop]：设备ID=12002 指令发送器停止
[2026-06-04 09:22:01] [INFO] [data][ModbusTcpMaster][ModbusConnecter][onConnectionStatusChanged]：设备ID=12002 连接状态变化: Disconnected
[2026-06-04 09:22:01] [INFO] [data][ModbusTcpMaster][ModbusCommandSender][stop]：设备ID=12002 指令发送器停止
[2026-06-04 09:22:01] [INFO] [data][ModbusTcpMaster][enterState]：设备ID=12002 状态切换: 错误状态 -> 连接中
[2026-06-04 09:22:01] [INFO] [data][ModbusTcpMaster][ModbusConnecter][disconnectDevice]：设备ID=12002 完全断开连接，已停止自动重连
[2026-06-04 09:22:01] [INFO] [data][ModbusTcpMaster][enterState]：设备ID=12002 状态切换: 连接中 -> 空闲
[2026-06-04 09:22:01] [INFO] [data][ModbusTcpMasterPool][stopAllMasters]：停止 Master ID=12003
[2026-06-04 09:22:01] [INFO] [data][ModbusTcpMaster][stop]：设备ID=12003 停止设备，连接模式=AutoReconnect
[2026-06-04 09:22:01] [INFO] [data][ModbusTcpMaster][pauseChildren]：设备ID=12003 暂停普通收发子模块
[2026-06-04 09:22:01] [INFO] [data][ModbusTcpMaster][ModbusCommandSender][stop]：设备ID=12003 指令发送器停止
[2026-06-04 09:22:01] [INFO] [data][ModbusTcpMaster][ModbusConnecter][onConnectionStatusChanged]：设备ID=12003 连接状态变化: Disconnected
[2026-06-04 09:22:01] [INFO] [data][ModbusTcpMaster][ModbusCommandSender][stop]：设备ID=12003 指令发送器停止
[2026-06-04 09:22:01] [INFO] [data][ModbusTcpMaster][enterState]：设备ID=12003 状态切换: 错误状态 -> 连接中
[2026-06-04 09:22:01] [INFO] [data][ModbusTcpMaster][ModbusConnecter][disconnectDevice]：设备ID=12003 完全断开连接，已停止自动重连
[2026-06-04 09:22:01] [INFO] [data][ModbusTcpMaster][enterState]：设备ID=12003 状态切换: 连接中 -> 空闲
[2026-06-04 09:22:01] [INFO] [data][ModbusTcpMasterPool][stopAllMasters]：停止 Master ID=12004
[2026-06-04 09:22:01] [INFO] [data][ModbusTcpMaster][stop]：设备ID=12004 停止设备，连接模式=AutoReconnect
[2026-06-04 09:22:01] [INFO] [data][ModbusTcpMaster][pauseChildren]：设备ID=12004 暂停普通收发子模块
[2026-06-04 09:22:01] [INFO] [data][ModbusTcpMaster][ModbusCommandSender][stop]：设备ID=12004 指令发送器停止
[2026-06-04 09:22:01] [INFO] [data][ModbusTcpMaster][ModbusConnecter][onConnectionStatusChanged]：设备ID=12004 连接状态变化: Disconnected
[2026-06-04 09:22:01] [INFO] [data][ModbusTcpMaster][ModbusCommandSender][stop]：设备ID=12004 指令发送器停止
[2026-06-04 09:22:01] [INFO] [data][ModbusTcpMaster][enterState]：设备ID=12004 状态切换: 错误状态 -> 连接中
[2026-06-04 09:22:01] [INFO] [data][ModbusTcpMaster][ModbusConnecter][disconnectDevice]：设备ID=12004 完全断开连接，已停止自动重连
[2026-06-04 09:22:01] [INFO] [data][ModbusTcpMaster][enterState]：设备ID=12004 状态切换: 连接中 -> 空闲
[2026-06-04 09:22:01] [INFO] [data][ModbusTcpMasterPool][stopAllMasters]：停止 Master ID=12005
[2026-06-04 09:22:01] [INFO] [data][ModbusTcpMaster][stop]：设备ID=12005 停止设备，连接模式=AutoReconnect
[2026-06-04 09:22:01] [INFO] [data][ModbusTcpMaster][pauseChildren]：设备ID=12005 暂停普通收发子模块
[2026-06-04 09:22:01] [INFO] [data][ModbusTcpMaster][ModbusCommandSender][stop]：设备ID=12005 指令发送器停止
[2026-06-04 09:22:01] [INFO] [data][ModbusTcpMaster][ModbusConnecter][onConnectionStatusChanged]：设备ID=12005 连接状态变化: Disconnected
[2026-06-04 09:22:01] [INFO] [data][ModbusTcpMaster][ModbusCommandSender][stop]：设备ID=12005 指令发送器停止
[2026-06-04 09:22:01] [INFO] [data][ModbusTcpMaster][enterState]：设备ID=12005 状态切换: 错误状态 -> 连接中
[2026-06-04 09:22:01] [INFO] [data][ModbusTcpMaster][ModbusConnecter][disconnectDevice]：设备ID=12005 完全断开连接，已停止自动重连
[2026-06-04 09:22:01] [INFO] [data][ModbusTcpMaster][enterState]：设备ID=12005 状态切换: 连接中 -> 空闲
[2026-06-04 09:22:01] [INFO] [data][ModbusTcpMasterPool][stopAllMasters]：停止 Master ID=12006
[2026-06-04 09:22:01] [INFO] [data][ModbusTcpMaster][stop]：设备ID=12006 停止设备，连接模式=AutoReconnect
[2026-06-04 09:22:01] [INFO] [data][ModbusTcpMaster][pauseChildren]：设备ID=12006 暂停普通收发子模块
[2026-06-04 09:22:01] [INFO] [data][ModbusTcpMaster][ModbusCommandSender][stop]：设备ID=12006 指令发送器停止
[2026-06-04 09:22:01] [INFO] [data][ModbusTcpMaster][ModbusConnecter][onConnectionStatusChanged]：设备ID=12006 连接状态变化: Disconnected
[2026-06-04 09:22:01] [INFO] [data][ModbusTcpMaster][ModbusCommandSender][stop]：设备ID=12006 指令发送器停止
[2026-06-04 09:22:01] [INFO] [data][ModbusTcpMaster][enterState]：设备ID=12006 状态切换: 错误状态 -> 连接中
[2026-06-04 09:22:01] [INFO] [data][ModbusTcpMaster][ModbusConnecter][disconnectDevice]：设备ID=12006 完全断开连接，已停止自动重连
[2026-06-04 09:22:01] [INFO] [data][ModbusTcpMaster][enterState]：设备ID=12006 状态切换: 连接中 -> 空闲
[2026-06-04 09:22:01] [INFO] [data][ModbusTcpMasterPool][stopAllMasters]：停止 Master ID=12007
[2026-06-04 09:22:01] [INFO] [data][ModbusTcpMaster][stop]：设备ID=12007 停止设备，连接模式=AutoReconnect
[2026-06-04 09:22:01] [INFO] [data][ModbusTcpMaster][pauseChildren]：设备ID=12007 暂停普通收发子模块
[2026-06-04 09:22:01] [INFO] [data][ModbusTcpMaster][ModbusCommandSender][stop]：设备ID=12007 指令发送器停止
[2026-06-04 09:22:01] [INFO] [data][ModbusTcpMaster][ModbusConnecter][onConnectionStatusChanged]：设备ID=12007 连接状态变化: Disconnected
[2026-06-04 09:22:01] [INFO] [data][ModbusTcpMaster][ModbusCommandSender][stop]：设备ID=12007 指令发送器停止
[2026-06-04 09:22:01] [INFO] [data][ModbusTcpMaster][enterState]：设备ID=12007 状态切换: 错误状态 -> 连接中
[2026-06-04 09:22:01] [INFO] [data][ModbusTcpMaster][ModbusConnecter][disconnectDevice]：设备ID=12007 完全断开连接，已停止自动重连
[2026-06-04 09:22:01] [INFO] [data][ModbusTcpMaster][enterState]：设备ID=12007 状态切换: 连接中 -> 空闲
[2026-06-04 09:22:01] [INFO] [data][ModbusTcpMasterPool][stopAllMasters]：停止 Master ID=12008
[2026-06-04 09:22:01] [INFO] [data][ModbusTcpMaster][stop]：设备ID=12008 停止设备，连接模式=AutoReconnect
[2026-06-04 09:22:01] [INFO] [data][ModbusTcpMaster][pauseChildren]：设备ID=12008 暂停普通收发子模块
[2026-06-04 09:22:01] [INFO] [data][ModbusTcpMaster][ModbusCommandSender][stop]：设备ID=12008 指令发送器停止
[2026-06-04 09:22:01] [INFO] [data][ModbusTcpMaster][ModbusConnecter][onConnectionStatusChanged]：设备ID=12008 连接状态变化: Disconnected
[2026-06-04 09:22:01] [INFO] [data][ModbusTcpMaster][ModbusCommandSender][stop]：设备ID=12008 指令发送器停止
[2026-06-04 09:22:01] [INFO] [data][ModbusTcpMaster][enterState]：设备ID=12008 状态切换: 错误状态 -> 连接中
[2026-06-04 09:22:01] [INFO] [data][ModbusTcpMaster][ModbusConnecter][disconnectDevice]：设备ID=12008 完全断开连接，已停止自动重连
[2026-06-04 09:22:01] [INFO] [data][ModbusTcpMaster][enterState]：设备ID=12008 状态切换: 连接中 -> 空闲
[2026-06-04 09:22:01] [INFO] [data][ModbusTcpMasterPool][stopAllMasters]：停止 Master ID=12009
[2026-06-04 09:22:01] [INFO] [data][ModbusTcpMaster][stop]：设备ID=12009 停止设备，连接模式=AutoReconnect
[2026-06-04 09:22:01] [INFO] [data][ModbusTcpMaster][pauseChildren]：设备ID=12009 暂停普通收发子模块
[2026-06-04 09:22:01] [INFO] [data][ModbusTcpMaster][ModbusCommandSender][stop]：设备ID=12009 指令发送器停止
[2026-06-04 09:22:01] [INFO] [data][ModbusTcpMaster][ModbusConnecter][onConnectionStatusChanged]：设备ID=12009 连接状态变化: Disconnected
[2026-06-04 09:22:01] [INFO] [data][ModbusTcpMaster][ModbusCommandSender][stop]：设备ID=12009 指令发送器停止
[2026-06-04 09:22:01] [INFO] [data][ModbusTcpMaster][enterState]：设备ID=12009 状态切换: 错误状态 -> 连接中
[2026-06-04 09:22:01] [INFO] [data][ModbusTcpMaster][ModbusConnecter][disconnectDevice]：设备ID=12009 完全断开连接，已停止自动重连
[2026-06-04 09:22:01] [INFO] [data][ModbusTcpMaster][enterState]：设备ID=12009 状态切换: 连接中 -> 空闲
[2026-06-04 09:22:01] [INFO] [data][ModbusTcpMasterPool][stopAllMasters]：停止 Master ID=12010
[2026-06-04 09:22:01] [INFO] [data][ModbusTcpMaster][stop]：设备ID=12010 停止设备，连接模式=AutoReconnect
[2026-06-04 09:22:01] [INFO] [data][ModbusTcpMaster][pauseChildren]：设备ID=12010 暂停普通收发子模块
[2026-06-04 09:22:01] [INFO] [data][ModbusTcpMaster][ModbusCommandSender][stop]：设备ID=12010 指令发送器停止
[2026-06-04 09:22:01] [INFO] [data][ModbusTcpMaster][ModbusConnecter][onConnectionStatusChanged]：设备ID=12010 连接状态变化: Disconnected
[2026-06-04 09:22:01] [INFO] [data][ModbusTcpMaster][ModbusCommandSender][stop]：设备ID=12010 指令发送器停止
[2026-06-04 09:22:01] [INFO] [data][ModbusTcpMaster][enterState]：设备ID=12010 状态切换: 错误状态 -> 连接中
[2026-06-04 09:22:01] [INFO] [data][ModbusTcpMaster][ModbusConnecter][disconnectDevice]：设备ID=12010 完全断开连接，已停止自动重连
[2026-06-04 09:22:01] [INFO] [data][ModbusTcpMaster][enterState]：设备ID=12010 状态切换: 连接中 -> 空闲
[2026-06-04 09:22:01] [INFO] [data][ModbusTcpMasterPool][stopAllMasters]：停止 Master ID=12011
[2026-06-04 09:22:01] [INFO] [data][ModbusTcpMaster][stop]：设备ID=12011 停止设备，连接模式=AutoReconnect
[2026-06-04 09:22:01] [INFO] [data][ModbusTcpMaster][pauseChildren]：设备ID=12011 暂停普通收发子模块
[2026-06-04 09:22:01] [INFO] [data][ModbusTcpMaster][ModbusCommandSender][stop]：设备ID=12011 指令发送器停止
[2026-06-04 09:22:01] [INFO] [data][ModbusTcpMaster][ModbusConnecter][onConnectionStatusChanged]：设备ID=12011 连接状态变化: Disconnected
[2026-06-04 09:22:01] [INFO] [data][ModbusTcpMaster][ModbusCommandSender][stop]：设备ID=12011 指令发送器停止
[2026-06-04 09:22:01] [INFO] [data][ModbusTcpMaster][enterState]：设备ID=12011 状态切换: 错误状态 -> 连接中
[2026-06-04 09:22:01] [INFO] [data][ModbusTcpMaster][ModbusConnecter][disconnectDevice]：设备ID=12011 完全断开连接，已停止自动重连
[2026-06-04 09:22:01] [INFO] [data][ModbusTcpMaster][enterState]：设备ID=12011 状态切换: 连接中 -> 空闲
[2026-06-04 09:22:01] [INFO] [data][ModbusTcpMasterPool][stopAllMasters]：停止 Master ID=12012
[2026-06-04 09:22:01] [INFO] [data][ModbusTcpMaster][stop]：设备ID=12012 停止设备，连接模式=AutoReconnect
[2026-06-04 09:22:01] [INFO] [data][ModbusTcpMaster][pauseChildren]：设备ID=12012 暂停普通收发子模块
[2026-06-04 09:22:01] [INFO] [data][ModbusTcpMaster][ModbusCommandSender][stop]：设备ID=12012 指令发送器停止
[2026-06-04 09:22:01] [INFO] [data][ModbusTcpMaster][ModbusConnecter][onConnectionStatusChanged]：设备ID=12012 连接状态变化: Disconnected
[2026-06-04 09:22:01] [INFO] [data][ModbusTcpMaster][ModbusCommandSender][stop]：设备ID=12012 指令发送器停止
[2026-06-04 09:22:01] [INFO] [data][ModbusTcpMaster][enterState]：设备ID=12012 状态切换: 错误状态 -> 连接中
[2026-06-04 09:22:01] [INFO] [data][ModbusTcpMaster][ModbusConnecter][disconnectDevice]：设备ID=12012 完全断开连接，已停止自动重连
[2026-06-04 09:22:01] [INFO] [data][ModbusTcpMaster][enterState]：设备ID=12012 状态切换: 连接中 -> 空闲
[2026-06-04 09:22:01] [INFO] [data][ModbusTcpMasterPool][stopAllMasters]：停止 Master ID=12013
[2026-06-04 09:22:01] [INFO] [data][ModbusTcpMaster][stop]：设备ID=12013 停止设备，连接模式=AutoReconnect
[2026-06-04 09:22:01] [INFO] [data][ModbusTcpMaster][pauseChildren]：设备ID=12013 暂停普通收发子模块
[2026-06-04 09:22:01] [INFO] [data][ModbusTcpMaster][ModbusCommandSender][stop]：设备ID=12013 指令发送器停止
[2026-06-04 09:22:01] [INFO] [data][ModbusTcpMaster][ModbusConnecter][onConnectionStatusChanged]：设备ID=12013 连接状态变化: Disconnected
[2026-06-04 09:22:01] [INFO] [data][ModbusTcpMaster][ModbusCommandSender][stop]：设备ID=12013 指令发送器停止
[2026-06-04 09:22:01] [INFO] [data][ModbusTcpMaster][enterState]：设备ID=12013 状态切换: 错误状态 -> 连接中
[2026-06-04 09:22:01] [INFO] [data][ModbusTcpMaster][ModbusConnecter][disconnectDevice]：设备ID=12013 完全断开连接，已停止自动重连
[2026-06-04 09:22:01] [INFO] [data][ModbusTcpMaster][enterState]：设备ID=12013 状态切换: 连接中 -> 空闲
[2026-06-04 09:22:01] [INFO] [data][ModbusTcpMasterPool][stopAllMasters]：停止 Master ID=12014
[2026-06-04 09:22:01] [INFO] [data][ModbusTcpMaster][stop]：设备ID=12014 停止设备，连接模式=AutoReconnect
[2026-06-04 09:22:01] [INFO] [data][ModbusTcpMaster][pauseChildren]：设备ID=12014 暂停普通收发子模块
[2026-06-04 09:22:01] [INFO] [data][ModbusTcpMaster][ModbusCommandSender][stop]：设备ID=12014 指令发送器停止
[2026-06-04 09:22:01] [INFO] [data][ModbusTcpMaster][ModbusConnecter][onConnectionStatusChanged]：设备ID=12014 连接状态变化: Disconnected
[2026-06-04 09:22:01] [INFO] [data][ModbusTcpMaster][ModbusCommandSender][stop]：设备ID=12014 指令发送器停止
[2026-06-04 09:22:01] [INFO] [data][ModbusTcpMaster][enterState]：设备ID=12014 状态切换: 错误状态 -> 连接中
[2026-06-04 09:22:01] [INFO] [data][ModbusTcpMaster][ModbusConnecter][disconnectDevice]：设备ID=12014 完全断开连接，已停止自动重连
[2026-06-04 09:22:01] [INFO] [data][ModbusTcpMaster][enterState]：设备ID=12014 状态切换: 连接中 -> 空闲
[2026-06-04 09:22:01] [INFO] [data][ModbusTcpMasterPool][stopAllMasters]：停止 Master ID=12015
[2026-06-04 09:22:01] [INFO] [data][ModbusTcpMaster][stop]：设备ID=12015 停止设备，连接模式=AutoReconnect
[2026-06-04 09:22:01] [INFO] [data][ModbusTcpMaster][pauseChildren]：设备ID=12015 暂停普通收发子模块
[2026-06-04 09:22:01] [INFO] [data][ModbusTcpMaster][ModbusCommandSender][stop]：设备ID=12015 指令发送器停止
[2026-06-04 09:22:01] [INFO] [data][ModbusTcpMaster][ModbusConnecter][onConnectionStatusChanged]：设备ID=12015 连接状态变化: Disconnected
[2026-06-04 09:22:01] [INFO] [data][ModbusTcpMaster][ModbusCommandSender][stop]：设备ID=12015 指令发送器停止
[2026-06-04 09:22:01] [INFO] [data][ModbusTcpMaster][enterState]：设备ID=12015 状态切换: 错误状态 -> 连接中
[2026-06-04 09:22:01] [INFO] [data][ModbusTcpMaster][ModbusConnecter][disconnectDevice]：设备ID=12015 完全断开连接，已停止自动重连
[2026-06-04 09:22:01] [INFO] [data][ModbusTcpMaster][enterState]：设备ID=12015 状态切换: 连接中 -> 空闲
[2026-06-04 09:22:01] [INFO] [data][ModbusTcpMasterPool][stopAllMasters]：停止 Master ID=12016
[2026-06-04 09:22:01] [INFO] [data][ModbusTcpMaster][stop]：设备ID=12016 停止设备，连接模式=AutoReconnect
[2026-06-04 09:22:01] [INFO] [data][ModbusTcpMaster][pauseChildren]：设备ID=12016 暂停普通收发子模块
[2026-06-04 09:22:01] [INFO] [data][ModbusTcpMaster][ModbusCommandSender][stop]：设备ID=12016 指令发送器停止
[2026-06-04 09:22:01] [INFO] [data][ModbusTcpMaster][ModbusConnecter][onConnectionStatusChanged]：设备ID=12016 连接状态变化: Disconnected
[2026-06-04 09:22:01] [INFO] [data][ModbusTcpMaster][ModbusCommandSender][stop]：设备ID=12016 指令发送器停止
[2026-06-04 09:22:01] [INFO] [data][ModbusTcpMaster][enterState]：设备ID=12016 状态切换: 错误状态 -> 连接中
[2026-06-04 09:22:01] [INFO] [data][ModbusTcpMaster][ModbusConnecter][disconnectDevice]：设备ID=12016 完全断开连接，已停止自动重连
[2026-06-04 09:22:01] [INFO] [data][ModbusTcpMaster][enterState]：设备ID=12016 状态切换: 连接中 -> 空闲
[2026-06-04 09:22:01] [INFO] [data][ModbusTcpMasterPool][stopAllMasters]：停止 Master ID=12017
[2026-06-04 09:22:01] [INFO] [data][ModbusTcpMaster][stop]：设备ID=12017 停止设备，连接模式=AutoReconnect
[2026-06-04 09:22:01] [INFO] [data][ModbusTcpMaster][pauseChildren]：设备ID=12017 暂停普通收发子模块
[2026-06-04 09:22:01] [INFO] [data][ModbusTcpMaster][ModbusCommandSender][stop]：设备ID=12017 指令发送器停止
[2026-06-04 09:22:01] [INFO] [data][ModbusTcpMaster][ModbusConnecter][onConnectionStatusChanged]：设备ID=12017 连接状态变化: Disconnected
[2026-06-04 09:22:01] [INFO] [data][ModbusTcpMaster][ModbusCommandSender][stop]：设备ID=12017 指令发送器停止
[2026-06-04 09:22:01] [INFO] [data][ModbusTcpMaster][enterState]：设备ID=12017 状态切换: 错误状态 -> 连接中
[2026-06-04 09:22:01] [INFO] [data][ModbusTcpMaster][ModbusConnecter][disconnectDevice]：设备ID=12017 完全断开连接，已停止自动重连
[2026-06-04 09:22:01] [INFO] [data][ModbusTcpMaster][enterState]：设备ID=12017 状态切换: 连接中 -> 空闲
[2026-06-04 09:22:01] [INFO] [data][ModbusTcpMasterPool][stopAllMasters]：停止 Master ID=12018
[2026-06-04 09:22:01] [INFO] [data][ModbusTcpMaster][stop]：设备ID=12018 停止设备，连接模式=AutoReconnect
[2026-06-04 09:22:01] [INFO] [data][ModbusTcpMaster][pauseChildren]：设备ID=12018 暂停普通收发子模块
[2026-06-04 09:22:01] [INFO] [data][ModbusTcpMaster][ModbusCommandSender][stop]：设备ID=12018 指令发送器停止
[2026-06-04 09:22:01] [INFO] [data][ModbusTcpMaster][ModbusConnecter][onConnectionStatusChanged]：设备ID=12018 连接状态变化: Disconnected
[2026-06-04 09:22:01] [INFO] [data][ModbusTcpMaster][ModbusCommandSender][stop]：设备ID=12018 指令发送器停止
[2026-06-04 09:22:01] [INFO] [data][ModbusTcpMaster][enterState]：设备ID=12018 状态切换: 错误状态 -> 连接中
[2026-06-04 09:22:01] [INFO] [data][ModbusTcpMaster][ModbusConnecter][disconnectDevice]：设备ID=12018 完全断开连接，已停止自动重连
[2026-06-04 09:22:01] [INFO] [data][ModbusTcpMaster][enterState]：设备ID=12018 状态切换: 连接中 -> 空闲
[2026-06-04 09:22:01] [INFO] [data][ModbusTcpMasterPool][stopAllMasters]：停止 Master ID=12019
[2026-06-04 09:22:01] [INFO] [data][ModbusTcpMaster][stop]：设备ID=12019 停止设备，连接模式=AutoReconnect
[2026-06-04 09:22:01] [INFO] [data][ModbusTcpMaster][pauseChildren]：设备ID=12019 暂停普通收发子模块
[2026-06-04 09:22:01] [INFO] [data][ModbusTcpMaster][ModbusCommandSender][stop]：设备ID=12019 指令发送器停止
[2026-06-04 09:22:01] [INFO] [data][ModbusTcpMaster][ModbusConnecter][onConnectionStatusChanged]：设备ID=12019 连接状态变化: Disconnected
[2026-06-04 09:22:01] [INFO] [data][ModbusTcpMaster][ModbusCommandSender][stop]：设备ID=12019 指令发送器停止
[2026-06-04 09:22:01] [INFO] [data][ModbusTcpMaster][enterState]：设备ID=12019 状态切换: 错误状态 -> 连接中
[2026-06-04 09:22:01] [INFO] [data][ModbusTcpMaster][ModbusConnecter][disconnectDevice]：设备ID=12019 完全断开连接，已停止自动重连
[2026-06-04 09:22:01] [INFO] [data][ModbusTcpMaster][enterState]：设备ID=12019 状态切换: 连接中 -> 空闲
[2026-06-04 09:22:01] [INFO] [data][ModbusTcpMasterPool][stopAllMasters]：停止 Master ID=12020
[2026-06-04 09:22:01] [INFO] [data][ModbusTcpMaster][stop]：设备ID=12020 停止设备，连接模式=AutoReconnect
[2026-06-04 09:22:01] [INFO] [data][ModbusTcpMaster][pauseChildren]：设备ID=12020 暂停普通收发子模块
[2026-06-04 09:22:01] [INFO] [data][ModbusTcpMaster][ModbusCommandSender][stop]：设备ID=12020 指令发送器停止
[2026-06-04 09:22:01] [INFO] [data][ModbusTcpMaster][ModbusConnecter][onConnectionStatusChanged]：设备ID=12020 连接状态变化: Disconnected
[2026-06-04 09:22:01] [INFO] [data][ModbusTcpMaster][ModbusCommandSender][stop]：设备ID=12020 指令发送器停止
[2026-06-04 09:22:01] [INFO] [data][ModbusTcpMaster][enterState]：设备ID=12020 状态切换: 错误状态 -> 连接中
[2026-06-04 09:22:01] [INFO] [data][ModbusTcpMaster][ModbusConnecter][disconnectDevice]：设备ID=12020 完全断开连接，已停止自动重连
[2026-06-04 09:22:01] [INFO] [data][ModbusTcpMaster][enterState]：设备ID=12020 状态切换: 连接中 -> 空闲
[2026-06-04 09:22:01] [INFO] [data][ModbusTcpMasterPool][stopAllMasters]：停止 Master ID=12021
[2026-06-04 09:22:01] [INFO] [data][ModbusTcpMaster][stop]：设备ID=12021 停止设备，连接模式=AutoReconnect
[2026-06-04 09:22:01] [INFO] [data][ModbusTcpMaster][pauseChildren]：设备ID=12021 暂停普通收发子模块
[2026-06-04 09:22:01] [INFO] [data][ModbusTcpMaster][ModbusCommandSender][stop]：设备ID=12021 指令发送器停止
[2026-06-04 09:22:01] [INFO] [data][ModbusTcpMaster][ModbusConnecter][onConnectionStatusChanged]：设备ID=12021 连接状态变化: Disconnected
[2026-06-04 09:22:01] [INFO] [data][ModbusTcpMaster][ModbusCommandSender][stop]：设备ID=12021 指令发送器停止
[2026-06-04 09:22:01] [INFO] [data][ModbusTcpMaster][enterState]：设备ID=12021 状态切换: 错误状态 -> 连接中
[2026-06-04 09:22:01] [INFO] [data][ModbusTcpMaster][ModbusConnecter][disconnectDevice]：设备ID=12021 完全断开连接，已停止自动重连
[2026-06-04 09:22:01] [INFO] [data][ModbusTcpMaster][enterState]：设备ID=12021 状态切换: 连接中 -> 空闲
[2026-06-04 09:22:01] [INFO] [data][ModbusTcpMasterPool][stopAllMasters]：停止 Master ID=12022
[2026-06-04 09:22:01] [INFO] [data][ModbusTcpMaster][stop]：设备ID=12022 停止设备，连接模式=AutoReconnect
[2026-06-04 09:22:01] [INFO] [data][ModbusTcpMaster][pauseChildren]：设备ID=12022 暂停普通收发子模块
[2026-06-04 09:22:01] [INFO] [data][ModbusTcpMaster][ModbusCommandSender][stop]：设备ID=12022 指令发送器停止
[2026-06-04 09:22:01] [INFO] [data][ModbusTcpMaster][ModbusConnecter][onConnectionStatusChanged]：设备ID=12022 连接状态变化: Disconnected
[2026-06-04 09:22:01] [INFO] [data][ModbusTcpMaster][ModbusCommandSender][stop]：设备ID=12022 指令发送器停止
[2026-06-04 09:22:01] [INFO] [data][ModbusTcpMaster][enterState]：设备ID=12022 状态切换: 错误状态 -> 连接中
[2026-06-04 09:22:01] [INFO] [data][ModbusTcpMaster][ModbusConnecter][disconnectDevice]：设备ID=12022 完全断开连接，已停止自动重连
[2026-06-04 09:22:01] [INFO] [data][ModbusTcpMaster][enterState]：设备ID=12022 状态切换: 连接中 -> 空闲
[2026-06-04 09:22:01] [INFO] [data][ModbusTcpMasterPool][stopAllMasters]：停止 Master ID=12023
[2026-06-04 09:22:01] [INFO] [data][ModbusTcpMaster][stop]：设备ID=12023 停止设备，连接模式=AutoReconnect
[2026-06-04 09:22:01] [INFO] [data][ModbusTcpMaster][pauseChildren]：设备ID=12023 暂停普通收发子模块
[2026-06-04 09:22:01] [INFO] [data][ModbusTcpMaster][ModbusCommandSender][stop]：设备ID=12023 指令发送器停止
[2026-06-04 09:22:01] [INFO] [data][ModbusTcpMaster][ModbusConnecter][onConnectionStatusChanged]：设备ID=12023 连接状态变化: Disconnected
[2026-06-04 09:22:01] [INFO] [data][ModbusTcpMaster][ModbusCommandSender][stop]：设备ID=12023 指令发送器停止
[2026-06-04 09:22:01] [INFO] [data][ModbusTcpMaster][enterState]：设备ID=12023 状态切换: 错误状态 -> 连接中
[2026-06-04 09:22:01] [INFO] [data][ModbusTcpMaster][ModbusConnecter][disconnectDevice]：设备ID=12023 完全断开连接，已停止自动重连
[2026-06-04 09:22:01] [INFO] [data][ModbusTcpMaster][enterState]：设备ID=12023 状态切换: 连接中 -> 空闲
[2026-06-04 09:22:01] [INFO] [data][ModbusTcpMasterPool][stopAllMasters]：停止 Master ID=12024
[2026-06-04 09:22:01] [INFO] [data][ModbusTcpMaster][stop]：设备ID=12024 停止设备，连接模式=AutoReconnect
[2026-06-04 09:22:01] [INFO] [data][ModbusTcpMaster][pauseChildren]：设备ID=12024 暂停普通收发子模块
[2026-06-04 09:22:01] [INFO] [data][ModbusTcpMaster][ModbusCommandSender][stop]：设备ID=12024 指令发送器停止
[2026-06-04 09:22:01] [INFO] [data][ModbusTcpMaster][ModbusConnecter][onConnectionStatusChanged]：设备ID=12024 连接状态变化: Disconnected
[2026-06-04 09:22:01] [INFO] [data][ModbusTcpMaster][ModbusCommandSender][stop]：设备ID=12024 指令发送器停止
[2026-06-04 09:22:01] [INFO] [data][ModbusTcpMaster][enterState]：设备ID=12024 状态切换: 错误状态 -> 连接中
[2026-06-04 09:22:01] [INFO] [data][ModbusTcpMaster][ModbusConnecter][disconnectDevice]：设备ID=12024 完全断开连接，已停止自动重连
[2026-06-04 09:22:01] [INFO] [data][ModbusTcpMaster][enterState]：设备ID=12024 状态切换: 连接中 -> 空闲
[2026-06-04 09:22:01] [INFO] [data][ModbusTcpMasterPool][stopAllMasters]：停止 Master ID=12025
[2026-06-04 09:22:01] [INFO] [data][ModbusTcpMaster][stop]：设备ID=12025 停止设备，连接模式=AutoReconnect
[2026-06-04 09:22:01] [INFO] [data][ModbusTcpMaster][pauseChildren]：设备ID=12025 暂停普通收发子模块
[2026-06-04 09:22:01] [INFO] [data][ModbusTcpMaster][ModbusCommandSender][stop]：设备ID=12025 指令发送器停止
[2026-06-04 09:22:01] [INFO] [data][ModbusTcpMaster][ModbusConnecter][onConnectionStatusChanged]：设备ID=12025 连接状态变化: Disconnected
[2026-06-04 09:22:01] [INFO] [data][ModbusTcpMaster][ModbusCommandSender][stop]：设备ID=12025 指令发送器停止
[2026-06-04 09:22:01] [INFO] [data][ModbusTcpMaster][enterState]：设备ID=12025 状态切换: 错误状态 -> 连接中
[2026-06-04 09:22:01] [INFO] [data][ModbusTcpMaster][ModbusConnecter][disconnectDevice]：设备ID=12025 完全断开连接，已停止自动重连
[2026-06-04 09:22:01] [INFO] [data][ModbusTcpMaster][enterState]：设备ID=12025 状态切换: 连接中 -> 空闲
[2026-06-04 09:22:01] [INFO] [data][ModbusTcpMasterPool][stopAllMasters]：停止 Master ID=12026
[2026-06-04 09:22:01] [INFO] [data][ModbusTcpMaster][stop]：设备ID=12026 停止设备，连接模式=AutoReconnect
[2026-06-04 09:22:01] [INFO] [data][ModbusTcpMaster][pauseChildren]：设备ID=12026 暂停普通收发子模块
[2026-06-04 09:22:01] [INFO] [data][ModbusTcpMaster][ModbusCommandSender][stop]：设备ID=12026 指令发送器停止
[2026-06-04 09:22:01] [INFO] [data][ModbusTcpMaster][ModbusConnecter][onConnectionStatusChanged]：设备ID=12026 连接状态变化: Disconnected
[2026-06-04 09:22:01] [INFO] [data][ModbusTcpMaster][ModbusCommandSender][stop]：设备ID=12026 指令发送器停止
[2026-06-04 09:22:01] [INFO] [data][ModbusTcpMaster][enterState]：设备ID=12026 状态切换: 错误状态 -> 连接中
[2026-06-04 09:22:01] [INFO] [data][ModbusTcpMaster][ModbusConnecter][disconnectDevice]：设备ID=12026 完全断开连接，已停止自动重连
[2026-06-04 09:22:01] [INFO] [data][ModbusTcpMaster][enterState]：设备ID=12026 状态切换: 连接中 -> 空闲
[2026-06-04 09:22:01] [INFO] [data][ModbusTcpMasterPool][stopAllMasters]：停止 Master ID=12027
[2026-06-04 09:22:01] [INFO] [data][ModbusTcpMaster][stop]：设备ID=12027 停止设备，连接模式=AutoReconnect
[2026-06-04 09:22:01] [INFO] [data][ModbusTcpMaster][pauseChildren]：设备ID=12027 暂停普通收发子模块
[2026-06-04 09:22:01] [INFO] [data][ModbusTcpMaster][ModbusCommandSender][stop]：设备ID=12027 指令发送器停止
[2026-06-04 09:22:01] [INFO] [data][ModbusTcpMaster][ModbusConnecter][onConnectionStatusChanged]：设备ID=12027 连接状态变化: Disconnected
[2026-06-04 09:22:01] [INFO] [data][ModbusTcpMaster][ModbusCommandSender][stop]：设备ID=12027 指令发送器停止
[2026-06-04 09:22:01] [INFO] [data][ModbusTcpMaster][enterState]：设备ID=12027 状态切换: 错误状态 -> 连接中
[2026-06-04 09:22:01] [INFO] [data][ModbusTcpMaster][ModbusConnecter][disconnectDevice]：设备ID=12027 完全断开连接，已停止自动重连
[2026-06-04 09:22:01] [INFO] [data][ModbusTcpMaster][enterState]：设备ID=12027 状态切换: 连接中 -> 空闲
[2026-06-04 09:22:01] [INFO] [data][ModbusTcpMasterPool][stopAllMasters]：停止 Master ID=12028
[2026-06-04 09:22:01] [INFO] [data][ModbusTcpMaster][stop]：设备ID=12028 停止设备，连接模式=AutoReconnect
[2026-06-04 09:22:01] [INFO] [data][ModbusTcpMaster][pauseChildren]：设备ID=12028 暂停普通收发子模块
[2026-06-04 09:22:01] [INFO] [data][ModbusTcpMaster][ModbusCommandSender][stop]：设备ID=12028 指令发送器停止
[2026-06-04 09:22:01] [INFO] [data][ModbusTcpMaster][ModbusConnecter][onConnectionStatusChanged]：设备ID=12028 连接状态变化: Disconnected
[2026-06-04 09:22:01] [INFO] [data][ModbusTcpMaster][ModbusCommandSender][stop]：设备ID=12028 指令发送器停止
[2026-06-04 09:22:01] [INFO] [data][ModbusTcpMaster][enterState]：设备ID=12028 状态切换: 错误状态 -> 连接中
[2026-06-04 09:22:01] [INFO] [data][ModbusTcpMaster][ModbusConnecter][disconnectDevice]：设备ID=12028 完全断开连接，已停止自动重连
[2026-06-04 09:22:01] [INFO] [data][ModbusTcpMaster][enterState]：设备ID=12028 状态切换: 连接中 -> 空闲
[2026-06-04 09:22:01] [INFO] [data][ModbusTcpMasterPool][stopAllMasters]：停止 Master ID=12029
[2026-06-04 09:22:01] [INFO] [data][ModbusTcpMaster][stop]：设备ID=12029 停止设备，连接模式=AutoReconnect
[2026-06-04 09:22:01] [INFO] [data][ModbusTcpMaster][pauseChildren]：设备ID=12029 暂停普通收发子模块
[2026-06-04 09:22:01] [INFO] [data][ModbusTcpMaster][ModbusCommandSender][stop]：设备ID=12029 指令发送器停止
[2026-06-04 09:22:01] [INFO] [data][ModbusTcpMaster][ModbusConnecter][onConnectionStatusChanged]：设备ID=12029 连接状态变化: Disconnected
[2026-06-04 09:22:01] [INFO] [data][ModbusTcpMaster][ModbusCommandSender][stop]：设备ID=12029 指令发送器停止
[2026-06-04 09:22:01] [INFO] [data][ModbusTcpMaster][enterState]：设备ID=12029 状态切换: 错误状态 -> 连接中
[2026-06-04 09:22:01] [INFO] [data][ModbusTcpMaster][ModbusConnecter][disconnectDevice]：设备ID=12029 完全断开连接，已停止自动重连
[2026-06-04 09:22:01] [INFO] [data][ModbusTcpMaster][enterState]：设备ID=12029 状态切换: 连接中 -> 空闲
[2026-06-04 09:22:01] [INFO] [data][ModbusTcpMasterPool][stopAllMasters]：停止 Master ID=12030
[2026-06-04 09:22:01] [INFO] [data][ModbusTcpMaster][stop]：设备ID=12030 停止设备，连接模式=AutoReconnect
[2026-06-04 09:22:01] [INFO] [data][ModbusTcpMaster][pauseChildren]：设备ID=12030 暂停普通收发子模块
[2026-06-04 09:22:01] [INFO] [data][ModbusTcpMaster][ModbusCommandSender][stop]：设备ID=12030 指令发送器停止
[2026-06-04 09:22:01] [INFO] [data][ModbusTcpMaster][ModbusConnecter][onConnectionStatusChanged]：设备ID=12030 连接状态变化: Disconnected
[2026-06-04 09:22:01] [INFO] [data][ModbusTcpMaster][ModbusCommandSender][stop]：设备ID=12030 指令发送器停止
[2026-06-04 09:22:01] [INFO] [data][ModbusTcpMaster][enterState]：设备ID=12030 状态切换: 错误状态 -> 连接中
[2026-06-04 09:22:01] [INFO] [data][ModbusTcpMaster][ModbusConnecter][disconnectDevice]：设备ID=12030 完全断开连接，已停止自动重连
[2026-06-04 09:22:01] [INFO] [data][ModbusTcpMaster][enterState]：设备ID=12030 状态切换: 连接中 -> 空闲
[2026-06-04 09:22:01] [INFO] [data][ModbusTcpMasterPool][stopAllMasters]：停止 Master ID=12031
[2026-06-04 09:22:01] [INFO] [data][ModbusTcpMaster][stop]：设备ID=12031 停止设备，连接模式=AutoReconnect
[2026-06-04 09:22:01] [INFO] [data][ModbusTcpMaster][pauseChildren]：设备ID=12031 暂停普通收发子模块
[2026-06-04 09:22:01] [INFO] [data][ModbusTcpMaster][ModbusCommandSender][stop]：设备ID=12031 指令发送器停止
[2026-06-04 09:22:01] [INFO] [data][ModbusTcpMaster][ModbusConnecter][onConnectionStatusChanged]：设备ID=12031 连接状态变化: Disconnected
[2026-06-04 09:22:01] [INFO] [data][ModbusTcpMaster][ModbusCommandSender][stop]：设备ID=12031 指令发送器停止
[2026-06-04 09:22:01] [INFO] [data][ModbusTcpMaster][enterState]：设备ID=12031 状态切换: 错误状态 -> 连接中
[2026-06-04 09:22:01] [INFO] [data][ModbusTcpMaster][ModbusConnecter][disconnectDevice]：设备ID=12031 完全断开连接，已停止自动重连
[2026-06-04 09:22:01] [INFO] [data][ModbusTcpMaster][enterState]：设备ID=12031 状态切换: 连接中 -> 空闲
[2026-06-04 09:22:01] [INFO] [data][ModbusTcpMasterPool][stopAllMasters]：停止 Master ID=12032
[2026-06-04 09:22:01] [INFO] [data][ModbusTcpMaster][stop]：设备ID=12032 停止设备，连接模式=AutoReconnect
[2026-06-04 09:22:01] [INFO] [data][ModbusTcpMaster][pauseChildren]：设备ID=12032 暂停普通收发子模块
[2026-06-04 09:22:01] [INFO] [data][ModbusTcpMaster][ModbusCommandSender][stop]：设备ID=12032 指令发送器停止
[2026-06-04 09:22:01] [INFO] [data][ModbusTcpMaster][ModbusConnecter][onConnectionStatusChanged]：设备ID=12032 连接状态变化: Disconnected
[2026-06-04 09:22:01] [INFO] [data][ModbusTcpMaster][ModbusCommandSender][stop]：设备ID=12032 指令发送器停止
[2026-06-04 09:22:01] [INFO] [data][ModbusTcpMaster][enterState]：设备ID=12032 状态切换: 错误状态 -> 连接中
[2026-06-04 09:22:01] [INFO] [data][ModbusTcpMaster][ModbusConnecter][disconnectDevice]：设备ID=12032 完全断开连接，已停止自动重连
[2026-06-04 09:22:01] [INFO] [data][ModbusTcpMaster][enterState]：设备ID=12032 状态切换: 连接中 -> 空闲
[2026-06-04 09:22:01] [INFO] [data][ModbusTcpMasterPool][stopAllMasters]：停止 Master ID=12033
[2026-06-04 09:22:01] [INFO] [data][ModbusTcpMaster][stop]：设备ID=12033 停止设备，连接模式=AutoReconnect
[2026-06-04 09:22:01] [INFO] [data][ModbusTcpMaster][pauseChildren]：设备ID=12033 暂停普通收发子模块
[2026-06-04 09:22:01] [INFO] [data][ModbusTcpMaster][ModbusCommandSender][stop]：设备ID=12033 指令发送器停止
[2026-06-04 09:22:01] [INFO] [data][ModbusTcpMaster][ModbusConnecter][onConnectionStatusChanged]：设备ID=12033 连接状态变化: Disconnected
[2026-06-04 09:22:01] [INFO] [data][ModbusTcpMaster][ModbusCommandSender][stop]：设备ID=12033 指令发送器停止
[2026-06-04 09:22:01] [INFO] [data][ModbusTcpMaster][enterState]：设备ID=12033 状态切换: 错误状态 -> 连接中
[2026-06-04 09:22:01] [INFO] [data][ModbusTcpMaster][ModbusConnecter][disconnectDevice]：设备ID=12033 完全断开连接，已停止自动重连
[2026-06-04 09:22:01] [INFO] [data][ModbusTcpMaster][enterState]：设备ID=12033 状态切换: 连接中 -> 空闲
[2026-06-04 09:22:01] [INFO] [data][ModbusTcpMasterPool][stopAllMasters]：停止 Master ID=12034
[2026-06-04 09:22:01] [INFO] [data][ModbusTcpMaster][stop]：设备ID=12034 停止设备，连接模式=AutoReconnect
[2026-06-04 09:22:01] [INFO] [data][ModbusTcpMaster][pauseChildren]：设备ID=12034 暂停普通收发子模块
[2026-06-04 09:22:01] [INFO] [data][ModbusTcpMaster][ModbusCommandSender][stop]：设备ID=12034 指令发送器停止
[2026-06-04 09:22:01] [INFO] [data][ModbusTcpMaster][ModbusConnecter][onConnectionStatusChanged]：设备ID=12034 连接状态变化: Disconnected
[2026-06-04 09:22:01] [INFO] [data][ModbusTcpMaster][ModbusCommandSender][stop]：设备ID=12034 指令发送器停止
[2026-06-04 09:22:01] [INFO] [data][ModbusTcpMaster][enterState]：设备ID=12034 状态切换: 错误状态 -> 连接中
[2026-06-04 09:22:01] [INFO] [data][ModbusTcpMaster][ModbusConnecter][disconnectDevice]：设备ID=12034 完全断开连接，已停止自动重连
[2026-06-04 09:22:01] [INFO] [data][ModbusTcpMaster][enterState]：设备ID=12034 状态切换: 连接中 -> 空闲
[2026-06-04 09:22:01] [INFO] [data][ModbusTcpMasterPool][stopAllMasters]：停止 Master ID=12035
[2026-06-04 09:22:01] [INFO] [data][ModbusTcpMaster][stop]：设备ID=12035 停止设备，连接模式=AutoReconnect
[2026-06-04 09:22:01] [INFO] [data][ModbusTcpMaster][pauseChildren]：设备ID=12035 暂停普通收发子模块
[2026-06-04 09:22:01] [INFO] [data][ModbusTcpMaster][ModbusCommandSender][stop]：设备ID=12035 指令发送器停止
[2026-06-04 09:22:01] [INFO] [data][ModbusTcpMaster][ModbusConnecter][onConnectionStatusChanged]：设备ID=12035 连接状态变化: Disconnected
[2026-06-04 09:22:01] [INFO] [data][ModbusTcpMaster][ModbusCommandSender][stop]：设备ID=12035 指令发送器停止
[2026-06-04 09:22:01] [INFO] [data][ModbusTcpMaster][enterState]：设备ID=12035 状态切换: 错误状态 -> 连接中
[2026-06-04 09:22:01] [INFO] [data][ModbusTcpMaster][ModbusConnecter][disconnectDevice]：设备ID=12035 完全断开连接，已停止自动重连
[2026-06-04 09:22:01] [INFO] [data][ModbusTcpMaster][enterState]：设备ID=12035 状态切换: 连接中 -> 空闲
[2026-06-04 09:22:01] [INFO] [data][ModbusTcpMasterPool][stopAllMasters]：停止 Master ID=12036
[2026-06-04 09:22:01] [INFO] [data][ModbusTcpMaster][stop]：设备ID=12036 停止设备，连接模式=AutoReconnect
[2026-06-04 09:22:01] [INFO] [data][ModbusTcpMaster][pauseChildren]：设备ID=12036 暂停普通收发子模块
[2026-06-04 09:22:01] [INFO] [data][ModbusTcpMaster][ModbusCommandSender][stop]：设备ID=12036 指令发送器停止
[2026-06-04 09:22:01] [INFO] [data][ModbusTcpMaster][ModbusConnecter][onConnectionStatusChanged]：设备ID=12036 连接状态变化: Disconnected
[2026-06-04 09:22:01] [INFO] [data][ModbusTcpMaster][ModbusCommandSender][stop]：设备ID=12036 指令发送器停止
[2026-06-04 09:22:01] [INFO] [data][ModbusTcpMaster][enterState]：设备ID=12036 状态切换: 错误状态 -> 连接中
[2026-06-04 09:22:01] [INFO] [data][ModbusTcpMaster][ModbusConnecter][disconnectDevice]：设备ID=12036 完全断开连接，已停止自动重连
[2026-06-04 09:22:01] [INFO] [data][ModbusTcpMaster][enterState]：设备ID=12036 状态切换: 连接中 -> 空闲
[2026-06-04 09:22:01] [INFO] [data][ModbusTcpMasterPool][stopAllMasters]：停止 Master ID=12037
[2026-06-04 09:22:01] [INFO] [data][ModbusTcpMaster][stop]：设备ID=12037 停止设备，连接模式=AutoReconnect
[2026-06-04 09:22:01] [INFO] [data][ModbusTcpMaster][pauseChildren]：设备ID=12037 暂停普通收发子模块
[2026-06-04 09:22:01] [INFO] [data][ModbusTcpMaster][ModbusCommandSender][stop]：设备ID=12037 指令发送器停止
[2026-06-04 09:22:01] [INFO] [data][ModbusTcpMaster][ModbusConnecter][onConnectionStatusChanged]：设备ID=12037 连接状态变化: Disconnected
[2026-06-04 09:22:01] [INFO] [data][ModbusTcpMaster][ModbusCommandSender][stop]：设备ID=12037 指令发送器停止
[2026-06-04 09:22:01] [INFO] [data][ModbusTcpMaster][enterState]：设备ID=12037 状态切换: 错误状态 -> 连接中
[2026-06-04 09:22:01] [INFO] [data][ModbusTcpMaster][ModbusConnecter][disconnectDevice]：设备ID=12037 完全断开连接，已停止自动重连
[2026-06-04 09:22:01] [INFO] [data][ModbusTcpMaster][enterState]：设备ID=12037 状态切换: 连接中 -> 空闲
[2026-06-04 09:22:01] [INFO] [data][ModbusTcpMasterPool][stopAllMasters]：停止 Master ID=12038
[2026-06-04 09:22:01] [INFO] [data][ModbusTcpMaster][stop]：设备ID=12038 停止设备，连接模式=AutoReconnect
[2026-06-04 09:22:01] [INFO] [data][ModbusTcpMaster][pauseChildren]：设备ID=12038 暂停普通收发子模块
[2026-06-04 09:22:01] [INFO] [data][ModbusTcpMaster][ModbusCommandSender][stop]：设备ID=12038 指令发送器停止
[2026-06-04 09:22:01] [INFO] [data][ModbusTcpMaster][ModbusConnecter][onConnectionStatusChanged]：设备ID=12038 连接状态变化: Disconnected
[2026-06-04 09:22:01] [INFO] [data][ModbusTcpMaster][ModbusCommandSender][stop]：设备ID=12038 指令发送器停止
[2026-06-04 09:22:01] [INFO] [data][ModbusTcpMaster][enterState]：设备ID=12038 状态切换: 错误状态 -> 连接中
[2026-06-04 09:22:01] [INFO] [data][ModbusTcpMaster][ModbusConnecter][disconnectDevice]：设备ID=12038 完全断开连接，已停止自动重连
[2026-06-04 09:22:01] [INFO] [data][ModbusTcpMaster][enterState]：设备ID=12038 状态切换: 连接中 -> 空闲
[2026-06-04 09:22:01] [INFO] [data][ModbusTcpMasterPool][stopAllMasters]：停止 Master ID=12039
[2026-06-04 09:22:01] [INFO] [data][ModbusTcpMaster][stop]：设备ID=12039 停止设备，连接模式=AutoReconnect
[2026-06-04 09:22:01] [INFO] [data][ModbusTcpMaster][pauseChildren]：设备ID=12039 暂停普通收发子模块
[2026-06-04 09:22:01] [INFO] [data][ModbusTcpMaster][ModbusCommandSender][stop]：设备ID=12039 指令发送器停止
[2026-06-04 09:22:01] [INFO] [data][ModbusTcpMaster][ModbusConnecter][onConnectionStatusChanged]：设备ID=12039 连接状态变化: Disconnected
[2026-06-04 09:22:01] [INFO] [data][ModbusTcpMaster][ModbusCommandSender][stop]：设备ID=12039 指令发送器停止
[2026-06-04 09:22:01] [INFO] [data][ModbusTcpMaster][enterState]：设备ID=12039 状态切换: 错误状态 -> 连接中
[2026-06-04 09:22:01] [INFO] [data][ModbusTcpMaster][ModbusConnecter][disconnectDevice]：设备ID=12039 完全断开连接，已停止自动重连
[2026-06-04 09:22:01] [INFO] [data][ModbusTcpMaster][enterState]：设备ID=12039 状态切换: 连接中 -> 空闲
[2026-06-04 09:22:01] [INFO] [data][ModbusTcpMasterPool][stopAllMasters]：停止 Master ID=12040
[2026-06-04 09:22:01] [INFO] [data][ModbusTcpMaster][stop]：设备ID=12040 停止设备，连接模式=AutoReconnect
[2026-06-04 09:22:01] [INFO] [data][ModbusTcpMaster][pauseChildren]：设备ID=12040 暂停普通收发子模块
[2026-06-04 09:22:01] [INFO] [data][ModbusTcpMaster][ModbusCommandSender][stop]：设备ID=12040 指令发送器停止
[2026-06-04 09:22:01] [INFO] [data][ModbusTcpMaster][ModbusConnecter][onConnectionStatusChanged]：设备ID=12040 连接状态变化: Disconnected
[2026-06-04 09:22:01] [INFO] [data][ModbusTcpMaster][ModbusCommandSender][stop]：设备ID=12040 指令发送器停止
[2026-06-04 09:22:01] [INFO] [data][ModbusTcpMaster][enterState]：设备ID=12040 状态切换: 错误状态 -> 连接中
[2026-06-04 09:22:01] [INFO] [data][ModbusTcpMaster][ModbusConnecter][disconnectDevice]：设备ID=12040 完全断开连接，已停止自动重连
[2026-06-04 09:22:01] [INFO] [data][ModbusTcpMaster][enterState]：设备ID=12040 状态切换: 连接中 -> 空闲
[2026-06-04 09:22:01] [INFO] [data][ModbusTcpMasterPool][stopAllMasters]：停止 Master ID=12041
[2026-06-04 09:22:01] [INFO] [data][ModbusTcpMaster][stop]：设备ID=12041 停止设备，连接模式=AutoReconnect
[2026-06-04 09:22:01] [INFO] [data][ModbusTcpMaster][pauseChildren]：设备ID=12041 暂停普通收发子模块
[2026-06-04 09:22:01] [INFO] [data][ModbusTcpMaster][ModbusCommandSender][stop]：设备ID=12041 指令发送器停止
[2026-06-04 09:22:01] [INFO] [data][ModbusTcpMaster][ModbusConnecter][onConnectionStatusChanged]：设备ID=12041 连接状态变化: Disconnected
[2026-06-04 09:22:01] [INFO] [data][ModbusTcpMaster][ModbusCommandSender][stop]：设备ID=12041 指令发送器停止
[2026-06-04 09:22:01] [INFO] [data][ModbusTcpMaster][enterState]：设备ID=12041 状态切换: 错误状态 -> 连接中
[2026-06-04 09:22:01] [INFO] [data][ModbusTcpMaster][ModbusConnecter][disconnectDevice]：设备ID=12041 完全断开连接，已停止自动重连
[2026-06-04 09:22:01] [INFO] [data][ModbusTcpMaster][enterState]：设备ID=12041 状态切换: 连接中 -> 空闲
[2026-06-04 09:22:01] [INFO] [data][ModbusTcpMasterPool][stopAllMasters]：停止 Master ID=12042
[2026-06-04 09:22:01] [INFO] [data][ModbusTcpMaster][stop]：设备ID=12042 停止设备，连接模式=AutoReconnect
[2026-06-04 09:22:01] [INFO] [data][ModbusTcpMaster][pauseChildren]：设备ID=12042 暂停普通收发子模块
[2026-06-04 09:22:01] [INFO] [data][ModbusTcpMaster][ModbusCommandSender][stop]：设备ID=12042 指令发送器停止
[2026-06-04 09:22:01] [INFO] [data][ModbusTcpMaster][ModbusConnecter][onConnectionStatusChanged]：设备ID=12042 连接状态变化: Disconnected
[2026-06-04 09:22:01] [INFO] [data][ModbusTcpMaster][ModbusCommandSender][stop]：设备ID=12042 指令发送器停止
[2026-06-04 09:22:01] [INFO] [data][ModbusTcpMaster][enterState]：设备ID=12042 状态切换: 错误状态 -> 连接中
[2026-06-04 09:22:01] [INFO] [data][ModbusTcpMaster][ModbusConnecter][disconnectDevice]：设备ID=12042 完全断开连接，已停止自动重连
[2026-06-04 09:22:01] [INFO] [data][ModbusTcpMaster][enterState]：设备ID=12042 状态切换: 连接中 -> 空闲
[2026-06-04 09:22:01] [INFO] [data][ModbusTcpMasterPool][stopAllMasters]：停止 Master ID=12043
[2026-06-04 09:22:01] [INFO] [data][ModbusTcpMaster][stop]：设备ID=12043 停止设备，连接模式=AutoReconnect
[2026-06-04 09:22:01] [INFO] [data][ModbusTcpMaster][pauseChildren]：设备ID=12043 暂停普通收发子模块
[2026-06-04 09:22:01] [INFO] [data][ModbusTcpMaster][ModbusCommandSender][stop]：设备ID=12043 指令发送器停止
[2026-06-04 09:22:01] [INFO] [data][ModbusTcpMaster][ModbusConnecter][onConnectionStatusChanged]：设备ID=12043 连接状态变化: Disconnected
[2026-06-04 09:22:01] [INFO] [data][ModbusTcpMaster][ModbusCommandSender][stop]：设备ID=12043 指令发送器停止
[2026-06-04 09:22:01] [INFO] [data][ModbusTcpMaster][enterState]：设备ID=12043 状态切换: 错误状态 -> 连接中
[2026-06-04 09:22:01] [INFO] [data][ModbusTcpMaster][ModbusConnecter][disconnectDevice]：设备ID=12043 完全断开连接，已停止自动重连
[2026-06-04 09:22:01] [INFO] [data][ModbusTcpMaster][enterState]：设备ID=12043 状态切换: 连接中 -> 空闲
[2026-06-04 09:22:01] [INFO] [data][ModbusTcpMasterPool][stopAllMasters]：停止 Master ID=12044
[2026-06-04 09:22:01] [INFO] [data][ModbusTcpMaster][stop]：设备ID=12044 停止设备，连接模式=AutoReconnect
[2026-06-04 09:22:01] [INFO] [data][ModbusTcpMaster][pauseChildren]：设备ID=12044 暂停普通收发子模块
[2026-06-04 09:22:01] [INFO] [data][ModbusTcpMaster][ModbusCommandSender][stop]：设备ID=12044 指令发送器停止
[2026-06-04 09:22:01] [INFO] [data][ModbusTcpMaster][ModbusConnecter][onConnectionStatusChanged]：设备ID=12044 连接状态变化: Disconnected
[2026-06-04 09:22:01] [INFO] [data][ModbusTcpMaster][ModbusCommandSender][stop]：设备ID=12044 指令发送器停止
[2026-06-04 09:22:01] [INFO] [data][ModbusTcpMaster][enterState]：设备ID=12044 状态切换: 错误状态 -> 连接中
[2026-06-04 09:22:01] [INFO] [data][ModbusTcpMaster][ModbusConnecter][disconnectDevice]：设备ID=12044 完全断开连接，已停止自动重连
[2026-06-04 09:22:01] [INFO] [data][ModbusTcpMaster][enterState]：设备ID=12044 状态切换: 连接中 -> 空闲
[2026-06-04 09:22:01] [INFO] [data][ModbusTcpMasterPool][stopAllMasters]：停止 Master ID=12045
[2026-06-04 09:22:01] [INFO] [data][ModbusTcpMaster][stop]：设备ID=12045 停止设备，连接模式=AutoReconnect
[2026-06-04 09:22:01] [INFO] [data][ModbusTcpMaster][pauseChildren]：设备ID=12045 暂停普通收发子模块
[2026-06-04 09:22:01] [INFO] [data][ModbusTcpMaster][ModbusCommandSender][stop]：设备ID=12045 指令发送器停止
[2026-06-04 09:22:01] [INFO] [data][ModbusTcpMaster][ModbusConnecter][onConnectionStatusChanged]：设备ID=12045 连接状态变化: Disconnected
[2026-06-04 09:22:01] [INFO] [data][ModbusTcpMaster][ModbusCommandSender][stop]：设备ID=12045 指令发送器停止
[2026-06-04 09:22:01] [INFO] [data][ModbusTcpMaster][enterState]：设备ID=12045 状态切换: 错误状态 -> 连接中
[2026-06-04 09:22:01] [INFO] [data][ModbusTcpMaster][ModbusConnecter][disconnectDevice]：设备ID=12045 完全断开连接，已停止自动重连
[2026-06-04 09:22:01] [INFO] [data][ModbusTcpMaster][enterState]：设备ID=12045 状态切换: 连接中 -> 空闲
[2026-06-04 09:22:01] [INFO] [data][ModbusTcpMasterPool][stopAllMasters]：停止 Master ID=12046
[2026-06-04 09:22:01] [INFO] [data][ModbusTcpMaster][stop]：设备ID=12046 停止设备，连接模式=AutoReconnect
[2026-06-04 09:22:01] [INFO] [data][ModbusTcpMaster][pauseChildren]：设备ID=12046 暂停普通收发子模块
[2026-06-04 09:22:01] [INFO] [data][ModbusTcpMaster][ModbusCommandSender][stop]：设备ID=12046 指令发送器停止
[2026-06-04 09:22:01] [INFO] [data][ModbusTcpMaster][ModbusConnecter][onConnectionStatusChanged]：设备ID=12046 连接状态变化: Disconnected
[2026-06-04 09:22:01] [INFO] [data][ModbusTcpMaster][ModbusCommandSender][stop]：设备ID=12046 指令发送器停止
[2026-06-04 09:22:01] [INFO] [data][ModbusTcpMaster][enterState]：设备ID=12046 状态切换: 错误状态 -> 连接中
[2026-06-04 09:22:01] [INFO] [data][ModbusTcpMaster][ModbusConnecter][disconnectDevice]：设备ID=12046 完全断开连接，已停止自动重连
[2026-06-04 09:22:01] [INFO] [data][ModbusTcpMaster][enterState]：设备ID=12046 状态切换: 连接中 -> 空闲
[2026-06-04 09:22:01] [INFO] [data][ModbusTcpMasterPool][stopAllMasters]：停止 Master ID=12047
[2026-06-04 09:22:01] [INFO] [data][ModbusTcpMaster][stop]：设备ID=12047 停止设备，连接模式=AutoReconnect
[2026-06-04 09:22:01] [INFO] [data][ModbusTcpMaster][pauseChildren]：设备ID=12047 暂停普通收发子模块
[2026-06-04 09:22:01] [INFO] [data][ModbusTcpMaster][ModbusCommandSender][stop]：设备ID=12047 指令发送器停止
[2026-06-04 09:22:01] [INFO] [data][ModbusTcpMaster][ModbusConnecter][onConnectionStatusChanged]：设备ID=12047 连接状态变化: Disconnected
[2026-06-04 09:22:01] [INFO] [data][ModbusTcpMaster][ModbusCommandSender][stop]：设备ID=12047 指令发送器停止
[2026-06-04 09:22:01] [INFO] [data][ModbusTcpMaster][enterState]：设备ID=12047 状态切换: 错误状态 -> 连接中
[2026-06-04 09:22:01] [INFO] [data][ModbusTcpMaster][ModbusConnecter][disconnectDevice]：设备ID=12047 完全断开连接，已停止自动重连
[2026-06-04 09:22:01] [INFO] [data][ModbusTcpMaster][enterState]：设备ID=12047 状态切换: 连接中 -> 空闲
[2026-06-04 09:22:01] [INFO] [data][ModbusTcpMasterPool][stopAllMasters]：停止 Master ID=12048
[2026-06-04 09:22:01] [INFO] [data][ModbusTcpMaster][stop]：设备ID=12048 停止设备，连接模式=AutoReconnect
[2026-06-04 09:22:01] [INFO] [data][ModbusTcpMaster][pauseChildren]：设备ID=12048 暂停普通收发子模块
[2026-06-04 09:22:01] [INFO] [data][ModbusTcpMaster][ModbusCommandSender][stop]：设备ID=12048 指令发送器停止
[2026-06-04 09:22:01] [INFO] [data][ModbusTcpMaster][ModbusConnecter][onConnectionStatusChanged]：设备ID=12048 连接状态变化: Disconnected
[2026-06-04 09:22:01] [INFO] [data][ModbusTcpMaster][ModbusCommandSender][stop]：设备ID=12048 指令发送器停止
[2026-06-04 09:22:01] [INFO] [data][ModbusTcpMaster][enterState]：设备ID=12048 状态切换: 错误状态 -> 连接中
[2026-06-04 09:22:01] [INFO] [data][ModbusTcpMaster][ModbusConnecter][disconnectDevice]：设备ID=12048 完全断开连接，已停止自动重连
[2026-06-04 09:22:01] [INFO] [data][ModbusTcpMaster][enterState]：设备ID=12048 状态切换: 连接中 -> 空闲
[2026-06-04 09:22:01] [INFO] [data][ModbusTcpMasterPool][stopAllMasters]：停止 Master ID=12049
[2026-06-04 09:22:01] [INFO] [data][ModbusTcpMaster][stop]：设备ID=12049 停止设备，连接模式=AutoReconnect
[2026-06-04 09:22:01] [INFO] [data][ModbusTcpMaster][pauseChildren]：设备ID=12049 暂停普通收发子模块
[2026-06-04 09:22:01] [INFO] [data][ModbusTcpMaster][ModbusCommandSender][stop]：设备ID=12049 指令发送器停止
[2026-06-04 09:22:01] [INFO] [data][ModbusTcpMaster][ModbusConnecter][onConnectionStatusChanged]：设备ID=12049 连接状态变化: Disconnected
[2026-06-04 09:22:01] [INFO] [data][ModbusTcpMaster][ModbusCommandSender][stop]：设备ID=12049 指令发送器停止
[2026-06-04 09:22:01] [INFO] [data][ModbusTcpMaster][enterState]：设备ID=12049 状态切换: 错误状态 -> 连接中
[2026-06-04 09:22:01] [INFO] [data][ModbusTcpMaster][ModbusConnecter][disconnectDevice]：设备ID=12049 完全断开连接，已停止自动重连
[2026-06-04 09:22:01] [INFO] [data][ModbusTcpMaster][enterState]：设备ID=12049 状态切换: 连接中 -> 空闲
[2026-06-04 09:22:01] [INFO] [data][ModbusTcpMasterPool][stopAllMasters]：停止 Master ID=12050
[2026-06-04 09:22:01] [INFO] [data][ModbusTcpMaster][stop]：设备ID=12050 停止设备，连接模式=AutoReconnect
[2026-06-04 09:22:01] [INFO] [data][ModbusTcpMaster][pauseChildren]：设备ID=12050 暂停普通收发子模块
[2026-06-04 09:22:01] [INFO] [data][ModbusTcpMaster][ModbusCommandSender][stop]：设备ID=12050 指令发送器停止
[2026-06-04 09:22:01] [INFO] [data][ModbusTcpMaster][ModbusConnecter][onConnectionStatusChanged]：设备ID=12050 连接状态变化: Disconnected
[2026-06-04 09:22:01] [INFO] [data][ModbusTcpMaster][ModbusCommandSender][stop]：设备ID=12050 指令发送器停止
[2026-06-04 09:22:01] [INFO] [data][ModbusTcpMaster][enterState]：设备ID=12050 状态切换: 错误状态 -> 连接中
[2026-06-04 09:22:01] [INFO] [data][ModbusTcpMaster][ModbusConnecter][disconnectDevice]：设备ID=12050 完全断开连接，已停止自动重连
[2026-06-04 09:22:01] [INFO] [data][ModbusTcpMaster][enterState]：设备ID=12050 状态切换: 连接中 -> 空闲
[2026-06-04 09:22:01] [INFO] [data][ModbusTcpMasterPool][stopAllMasters]：停止 Master ID=12051
[2026-06-04 09:22:01] [INFO] [data][ModbusTcpMaster][stop]：设备ID=12051 停止设备，连接模式=AutoReconnect
[2026-06-04 09:22:01] [INFO] [data][ModbusTcpMaster][pauseChildren]：设备ID=12051 暂停普通收发子模块
[2026-06-04 09:22:01] [INFO] [data][ModbusTcpMaster][ModbusCommandSender][stop]：设备ID=12051 指令发送器停止
[2026-06-04 09:22:01] [INFO] [data][ModbusTcpMaster][ModbusConnecter][onConnectionStatusChanged]：设备ID=12051 连接状态变化: Disconnected
[2026-06-04 09:22:01] [INFO] [data][ModbusTcpMaster][ModbusCommandSender][stop]：设备ID=12051 指令发送器停止
[2026-06-04 09:22:01] [INFO] [data][ModbusTcpMaster][enterState]：设备ID=12051 状态切换: 错误状态 -> 连接中
[2026-06-04 09:22:01] [INFO] [data][ModbusTcpMaster][ModbusConnecter][disconnectDevice]：设备ID=12051 完全断开连接，已停止自动重连
[2026-06-04 09:22:01] [INFO] [data][ModbusTcpMaster][enterState]：设备ID=12051 状态切换: 连接中 -> 空闲
[2026-06-04 09:22:01] [INFO] [data][ModbusTcpMasterPool][stopAllMasters]：停止 Master ID=12052
[2026-06-04 09:22:01] [INFO] [data][ModbusTcpMaster][stop]：设备ID=12052 停止设备，连接模式=AutoReconnect
[2026-06-04 09:22:01] [INFO] [data][ModbusTcpMaster][pauseChildren]：设备ID=12052 暂停普通收发子模块
[2026-06-04 09:22:01] [INFO] [data][ModbusTcpMaster][ModbusCommandSender][stop]：设备ID=12052 指令发送器停止
[2026-06-04 09:22:01] [INFO] [data][ModbusTcpMaster][ModbusConnecter][onConnectionStatusChanged]：设备ID=12052 连接状态变化: Disconnected
[2026-06-04 09:22:01] [INFO] [data][ModbusTcpMaster][ModbusCommandSender][stop]：设备ID=12052 指令发送器停止
[2026-06-04 09:22:01] [INFO] [data][ModbusTcpMaster][enterState]：设备ID=12052 状态切换: 错误状态 -> 连接中
[2026-06-04 09:22:01] [INFO] [data][ModbusTcpMaster][ModbusConnecter][disconnectDevice]：设备ID=12052 完全断开连接，已停止自动重连
[2026-06-04 09:22:01] [INFO] [data][ModbusTcpMaster][enterState]：设备ID=12052 状态切换: 连接中 -> 空闲
[2026-06-04 09:22:01] [INFO] [data][ModbusTcpMasterPool][stopAllMasters]：停止 Master ID=12053
[2026-06-04 09:22:01] [INFO] [data][ModbusTcpMaster][stop]：设备ID=12053 停止设备，连接模式=AutoReconnect
[2026-06-04 09:22:01] [INFO] [data][ModbusTcpMaster][pauseChildren]：设备ID=12053 暂停普通收发子模块
[2026-06-04 09:22:01] [INFO] [data][ModbusTcpMaster][ModbusCommandSender][stop]：设备ID=12053 指令发送器停止
[2026-06-04 09:22:01] [INFO] [data][ModbusTcpMaster][ModbusConnecter][onConnectionStatusChanged]：设备ID=12053 连接状态变化: Disconnected
[2026-06-04 09:22:01] [INFO] [data][ModbusTcpMaster][ModbusCommandSender][stop]：设备ID=12053 指令发送器停止
[2026-06-04 09:22:01] [INFO] [data][ModbusTcpMaster][enterState]：设备ID=12053 状态切换: 错误状态 -> 连接中
[2026-06-04 09:22:01] [INFO] [data][ModbusTcpMaster][ModbusConnecter][disconnectDevice]：设备ID=12053 完全断开连接，已停止自动重连
[2026-06-04 09:22:01] [INFO] [data][ModbusTcpMaster][enterState]：设备ID=12053 状态切换: 连接中 -> 空闲
[2026-06-04 09:22:01] [INFO] [data][ModbusTcpMasterPool][stopAllMasters]：停止 Master ID=12054
[2026-06-04 09:22:01] [INFO] [data][ModbusTcpMaster][stop]：设备ID=12054 停止设备，连接模式=AutoReconnect
[2026-06-04 09:22:01] [INFO] [data][ModbusTcpMaster][pauseChildren]：设备ID=12054 暂停普通收发子模块
[2026-06-04 09:22:01] [INFO] [data][ModbusTcpMaster][ModbusCommandSender][stop]：设备ID=12054 指令发送器停止
[2026-06-04 09:22:01] [INFO] [data][ModbusTcpMaster][ModbusConnecter][onConnectionStatusChanged]：设备ID=12054 连接状态变化: Disconnected
[2026-06-04 09:22:01] [INFO] [data][ModbusTcpMaster][ModbusCommandSender][stop]：设备ID=12054 指令发送器停止
[2026-06-04 09:22:01] [INFO] [data][ModbusTcpMaster][enterState]：设备ID=12054 状态切换: 错误状态 -> 连接中
[2026-06-04 09:22:01] [INFO] [data][ModbusTcpMaster][ModbusConnecter][disconnectDevice]：设备ID=12054 完全断开连接，已停止自动重连
[2026-06-04 09:22:01] [INFO] [data][ModbusTcpMaster][enterState]：设备ID=12054 状态切换: 连接中 -> 空闲
[2026-06-04 09:22:01] [INFO] [data][ModbusTcpMasterPool][stopAllMasters]：停止 Master ID=12055
[2026-06-04 09:22:01] [INFO] [data][ModbusTcpMaster][stop]：设备ID=12055 停止设备，连接模式=AutoReconnect
[2026-06-04 09:22:01] [INFO] [data][ModbusTcpMaster][pauseChildren]：设备ID=12055 暂停普通收发子模块
[2026-06-04 09:22:01] [INFO] [data][ModbusTcpMaster][ModbusCommandSender][stop]：设备ID=12055 指令发送器停止
[2026-06-04 09:22:01] [INFO] [data][ModbusTcpMaster][ModbusConnecter][onConnectionStatusChanged]：设备ID=12055 连接状态变化: Disconnected
[2026-06-04 09:22:01] [INFO] [data][ModbusTcpMaster][ModbusCommandSender][stop]：设备ID=12055 指令发送器停止
[2026-06-04 09:22:01] [INFO] [data][ModbusTcpMaster][enterState]：设备ID=12055 状态切换: 错误状态 -> 连接中
[2026-06-04 09:22:01] [INFO] [data][ModbusTcpMaster][ModbusConnecter][disconnectDevice]：设备ID=12055 完全断开连接，已停止自动重连
[2026-06-04 09:22:01] [INFO] [data][ModbusTcpMaster][enterState]：设备ID=12055 状态切换: 连接中 -> 空闲
[2026-06-04 09:22:01] [INFO] [data][ModbusTcpMasterPool][stopAllMasters]：停止 Master ID=12056
[2026-06-04 09:22:01] [INFO] [data][ModbusTcpMaster][stop]：设备ID=12056 停止设备，连接模式=AutoReconnect
[2026-06-04 09:22:01] [INFO] [data][ModbusTcpMaster][pauseChildren]：设备ID=12056 暂停普通收发子模块
[2026-06-04 09:22:01] [INFO] [data][ModbusTcpMaster][ModbusCommandSender][stop]：设备ID=12056 指令发送器停止
[2026-06-04 09:22:01] [INFO] [data][ModbusTcpMaster][ModbusConnecter][onConnectionStatusChanged]：设备ID=12056 连接状态变化: Disconnected
[2026-06-04 09:22:01] [INFO] [data][ModbusTcpMaster][ModbusCommandSender][stop]：设备ID=12056 指令发送器停止
[2026-06-04 09:22:01] [INFO] [data][ModbusTcpMaster][enterState]：设备ID=12056 状态切换: 错误状态 -> 连接中
[2026-06-04 09:22:01] [INFO] [data][ModbusTcpMaster][ModbusConnecter][disconnectDevice]：设备ID=12056 完全断开连接，已停止自动重连
[2026-06-04 09:22:01] [INFO] [data][ModbusTcpMaster][enterState]：设备ID=12056 状态切换: 连接中 -> 空闲
[2026-06-04 09:22:01] [INFO] [data][ModbusTcpMasterPool][stopAllMasters]：停止 Master ID=12057
[2026-06-04 09:22:01] [INFO] [data][ModbusTcpMaster][stop]：设备ID=12057 停止设备，连接模式=AutoReconnect
[2026-06-04 09:22:01] [INFO] [data][ModbusTcpMaster][pauseChildren]：设备ID=12057 暂停普通收发子模块
[2026-06-04 09:22:01] [INFO] [data][ModbusTcpMaster][ModbusCommandSender][stop]：设备ID=12057 指令发送器停止
[2026-06-04 09:22:01] [INFO] [data][ModbusTcpMaster][ModbusConnecter][onConnectionStatusChanged]：设备ID=12057 连接状态变化: Disconnected
[2026-06-04 09:22:01] [INFO] [data][ModbusTcpMaster][ModbusCommandSender][stop]：设备ID=12057 指令发送器停止
[2026-06-04 09:22:01] [INFO] [data][ModbusTcpMaster][enterState]：设备ID=12057 状态切换: 错误状态 -> 连接中
[2026-06-04 09:22:01] [INFO] [data][ModbusTcpMaster][ModbusConnecter][disconnectDevice]：设备ID=12057 完全断开连接，已停止自动重连
[2026-06-04 09:22:01] [INFO] [data][ModbusTcpMaster][enterState]：设备ID=12057 状态切换: 连接中 -> 空闲
[2026-06-04 09:22:01] [INFO] [data][ModbusTcpMasterPool][stopAllMasters]：停止 Master ID=12058
[2026-06-04 09:22:01] [INFO] [data][ModbusTcpMaster][stop]：设备ID=12058 停止设备，连接模式=AutoReconnect
[2026-06-04 09:22:01] [INFO] [data][ModbusTcpMaster][pauseChildren]：设备ID=12058 暂停普通收发子模块
[2026-06-04 09:22:01] [INFO] [data][ModbusTcpMaster][ModbusCommandSender][stop]：设备ID=12058 指令发送器停止
[2026-06-04 09:22:01] [INFO] [data][ModbusTcpMaster][ModbusConnecter][onConnectionStatusChanged]：设备ID=12058 连接状态变化: Disconnected
[2026-06-04 09:22:01] [INFO] [data][ModbusTcpMaster][ModbusCommandSender][stop]：设备ID=12058 指令发送器停止
[2026-06-04 09:22:01] [INFO] [data][ModbusTcpMaster][enterState]：设备ID=12058 状态切换: 错误状态 -> 连接中
[2026-06-04 09:22:01] [INFO] [data][ModbusTcpMaster][ModbusConnecter][disconnectDevice]：设备ID=12058 完全断开连接，已停止自动重连
[2026-06-04 09:22:01] [INFO] [data][ModbusTcpMaster][enterState]：设备ID=12058 状态切换: 连接中 -> 空闲
[2026-06-04 09:22:01] [INFO] [data][ModbusTcpMasterPool][stopAllMasters]：停止 Master ID=12059
[2026-06-04 09:22:01] [INFO] [data][ModbusTcpMaster][stop]：设备ID=12059 停止设备，连接模式=AutoReconnect
[2026-06-04 09:22:01] [INFO] [data][ModbusTcpMaster][pauseChildren]：设备ID=12059 暂停普通收发子模块
[2026-06-04 09:22:01] [INFO] [data][ModbusTcpMaster][ModbusCommandSender][stop]：设备ID=12059 指令发送器停止
[2026-06-04 09:22:01] [INFO] [data][ModbusTcpMaster][ModbusConnecter][onConnectionStatusChanged]：设备ID=12059 连接状态变化: Disconnected
[2026-06-04 09:22:01] [INFO] [data][ModbusTcpMaster][ModbusCommandSender][stop]：设备ID=12059 指令发送器停止
[2026-06-04 09:22:01] [INFO] [data][ModbusTcpMaster][enterState]：设备ID=12059 状态切换: 错误状态 -> 连接中
[2026-06-04 09:22:01] [INFO] [data][ModbusTcpMaster][ModbusConnecter][disconnectDevice]：设备ID=12059 完全断开连接，已停止自动重连
[2026-06-04 09:22:01] [INFO] [data][ModbusTcpMaster][enterState]：设备ID=12059 状态切换: 连接中 -> 空闲
[2026-06-04 09:22:01] [INFO] [data][ModbusTcpMasterPool][stopAllMasters]：停止 Master ID=12060
[2026-06-04 09:22:01] [INFO] [data][ModbusTcpMaster][stop]：设备ID=12060 停止设备，连接模式=AutoReconnect
[2026-06-04 09:22:01] [INFO] [data][ModbusTcpMaster][pauseChildren]：设备ID=12060 暂停普通收发子模块
[2026-06-04 09:22:01] [INFO] [data][ModbusTcpMaster][ModbusCommandSender][stop]：设备ID=12060 指令发送器停止
[2026-06-04 09:22:01] [INFO] [data][ModbusTcpMaster][ModbusConnecter][onConnectionStatusChanged]：设备ID=12060 连接状态变化: Disconnected
[2026-06-04 09:22:01] [INFO] [data][ModbusTcpMaster][ModbusCommandSender][stop]：设备ID=12060 指令发送器停止
[2026-06-04 09:22:01] [INFO] [data][ModbusTcpMaster][enterState]：设备ID=12060 状态切换: 错误状态 -> 连接中
[2026-06-04 09:22:01] [INFO] [data][ModbusTcpMaster][ModbusConnecter][disconnectDevice]：设备ID=12060 完全断开连接，已停止自动重连
[2026-06-04 09:22:01] [INFO] [data][ModbusTcpMaster][enterState]：设备ID=12060 状态切换: 连接中 -> 空闲
[2026-06-04 09:22:01] [INFO] [data][ModbusTcpMasterPool][stopAllMasters]：停止 Master ID=12061
[2026-06-04 09:22:01] [INFO] [data][ModbusTcpMaster][stop]：设备ID=12061 停止设备，连接模式=AutoReconnect
[2026-06-04 09:22:01] [INFO] [data][ModbusTcpMaster][pauseChildren]：设备ID=12061 暂停普通收发子模块
[2026-06-04 09:22:01] [INFO] [data][ModbusTcpMaster][ModbusCommandSender][stop]：设备ID=12061 指令发送器停止
[2026-06-04 09:22:01] [INFO] [data][ModbusTcpMaster][ModbusConnecter][onConnectionStatusChanged]：设备ID=12061 连接状态变化: Disconnected
[2026-06-04 09:22:01] [INFO] [data][ModbusTcpMaster][ModbusCommandSender][stop]：设备ID=12061 指令发送器停止
[2026-06-04 09:22:01] [INFO] [data][ModbusTcpMaster][enterState]：设备ID=12061 状态切换: 错误状态 -> 连接中
[2026-06-04 09:22:01] [INFO] [data][ModbusTcpMaster][ModbusConnecter][disconnectDevice]：设备ID=12061 完全断开连接，已停止自动重连
[2026-06-04 09:22:01] [INFO] [data][ModbusTcpMaster][enterState]：设备ID=12061 状态切换: 连接中 -> 空闲
[2026-06-04 09:22:01] [INFO] [data][ModbusTcpMasterPool][stopAllMasters]：停止 Master ID=12062
[2026-06-04 09:22:01] [INFO] [data][ModbusTcpMaster][stop]：设备ID=12062 停止设备，连接模式=AutoReconnect
[2026-06-04 09:22:01] [INFO] [data][ModbusTcpMaster][pauseChildren]：设备ID=12062 暂停普通收发子模块
[2026-06-04 09:22:01] [INFO] [data][ModbusTcpMaster][ModbusCommandSender][stop]：设备ID=12062 指令发送器停止
[2026-06-04 09:22:01] [INFO] [data][ModbusTcpMaster][ModbusConnecter][onConnectionStatusChanged]：设备ID=12062 连接状态变化: Disconnected
[2026-06-04 09:22:01] [INFO] [data][ModbusTcpMaster][ModbusCommandSender][stop]：设备ID=12062 指令发送器停止
[2026-06-04 09:22:01] [INFO] [data][ModbusTcpMaster][enterState]：设备ID=12062 状态切换: 错误状态 -> 连接中
[2026-06-04 09:22:01] [INFO] [data][ModbusTcpMaster][ModbusConnecter][disconnectDevice]：设备ID=12062 完全断开连接，已停止自动重连
[2026-06-04 09:22:01] [INFO] [data][ModbusTcpMaster][enterState]：设备ID=12062 状态切换: 连接中 -> 空闲
[2026-06-04 09:22:01] [INFO] [data][ModbusTcpMasterPool][stopAllMasters]：停止 Master ID=12063
[2026-06-04 09:22:01] [INFO] [data][ModbusTcpMaster][stop]：设备ID=12063 停止设备，连接模式=AutoReconnect
[2026-06-04 09:22:01] [INFO] [data][ModbusTcpMaster][pauseChildren]：设备ID=12063 暂停普通收发子模块
[2026-06-04 09:22:01] [INFO] [data][ModbusTcpMaster][ModbusCommandSender][stop]：设备ID=12063 指令发送器停止
[2026-06-04 09:22:01] [INFO] [data][ModbusTcpMaster][ModbusConnecter][onConnectionStatusChanged]：设备ID=12063 连接状态变化: Disconnected
[2026-06-04 09:22:01] [INFO] [data][ModbusTcpMaster][ModbusCommandSender][stop]：设备ID=12063 指令发送器停止
[2026-06-04 09:22:01] [INFO] [data][ModbusTcpMaster][enterState]：设备ID=12063 状态切换: 错误状态 -> 连接中
[2026-06-04 09:22:01] [INFO] [data][ModbusTcpMaster][ModbusConnecter][disconnectDevice]：设备ID=12063 完全断开连接，已停止自动重连
[2026-06-04 09:22:01] [INFO] [data][ModbusTcpMaster][enterState]：设备ID=12063 状态切换: 连接中 -> 空闲
[2026-06-04 09:22:01] [INFO] [data][ModbusTcpMasterPool][stopAllMasters]：停止 Master ID=12064
[2026-06-04 09:22:01] [INFO] [data][ModbusTcpMaster][stop]：设备ID=12064 停止设备，连接模式=AutoReconnect
[2026-06-04 09:22:01] [INFO] [data][ModbusTcpMaster][pauseChildren]：设备ID=12064 暂停普通收发子模块
[2026-06-04 09:22:01] [INFO] [data][ModbusTcpMaster][ModbusCommandSender][stop]：设备ID=12064 指令发送器停止
[2026-06-04 09:22:01] [INFO] [data][ModbusTcpMaster][ModbusConnecter][onConnectionStatusChanged]：设备ID=12064 连接状态变化: Disconnected
[2026-06-04 09:22:01] [INFO] [data][ModbusTcpMaster][ModbusCommandSender][stop]：设备ID=12064 指令发送器停止
[2026-06-04 09:22:01] [INFO] [data][ModbusTcpMaster][enterState]：设备ID=12064 状态切换: 错误状态 -> 连接中
[2026-06-04 09:22:01] [INFO] [data][ModbusTcpMaster][ModbusConnecter][disconnectDevice]：设备ID=12064 完全断开连接，已停止自动重连
[2026-06-04 09:22:01] [INFO] [data][ModbusTcpMaster][enterState]：设备ID=12064 状态切换: 连接中 -> 空闲
[2026-06-04 09:22:01] [INFO] [data][ModbusTcpMasterPool][stopAllMasters]：停止 Master ID=12065
[2026-06-04 09:22:01] [INFO] [data][ModbusTcpMaster][stop]：设备ID=12065 停止设备，连接模式=AutoReconnect
[2026-06-04 09:22:01] [INFO] [data][ModbusTcpMaster][pauseChildren]：设备ID=12065 暂停普通收发子模块
[2026-06-04 09:22:01] [INFO] [data][ModbusTcpMaster][ModbusCommandSender][stop]：设备ID=12065 指令发送器停止
[2026-06-04 09:22:01] [INFO] [data][ModbusTcpMaster][ModbusConnecter][onConnectionStatusChanged]：设备ID=12065 连接状态变化: Disconnected
[2026-06-04 09:22:01] [INFO] [data][ModbusTcpMaster][ModbusCommandSender][stop]：设备ID=12065 指令发送器停止
[2026-06-04 09:22:01] [INFO] [data][ModbusTcpMaster][enterState]：设备ID=12065 状态切换: 错误状态 -> 连接中
[2026-06-04 09:22:01] [INFO] [data][ModbusTcpMaster][ModbusConnecter][disconnectDevice]：设备ID=12065 完全断开连接，已停止自动重连
[2026-06-04 09:22:01] [INFO] [data][ModbusTcpMaster][enterState]：设备ID=12065 状态切换: 连接中 -> 空闲
[2026-06-04 09:22:01] [INFO] [data][ModbusTcpMasterPool][stopAllMasters]：停止 Master ID=12066
[2026-06-04 09:22:01] [INFO] [data][ModbusTcpMaster][stop]：设备ID=12066 停止设备，连接模式=AutoReconnect
[2026-06-04 09:22:01] [INFO] [data][ModbusTcpMaster][pauseChildren]：设备ID=12066 暂停普通收发子模块
[2026-06-04 09:22:01] [INFO] [data][ModbusTcpMaster][ModbusCommandSender][stop]：设备ID=12066 指令发送器停止
[2026-06-04 09:22:01] [INFO] [data][ModbusTcpMaster][ModbusConnecter][onConnectionStatusChanged]：设备ID=12066 连接状态变化: Disconnected
[2026-06-04 09:22:01] [INFO] [data][ModbusTcpMaster][ModbusCommandSender][stop]：设备ID=12066 指令发送器停止
[2026-06-04 09:22:01] [INFO] [data][ModbusTcpMaster][enterState]：设备ID=12066 状态切换: 错误状态 -> 连接中
[2026-06-04 09:22:01] [INFO] [data][ModbusTcpMaster][ModbusConnecter][disconnectDevice]：设备ID=12066 完全断开连接，已停止自动重连
[2026-06-04 09:22:01] [INFO] [data][ModbusTcpMaster][enterState]：设备ID=12066 状态切换: 连接中 -> 空闲
[2026-06-04 09:22:01] [INFO] [data][ModbusTcpMasterPool][stopAllMasters]：停止 Master ID=12067
[2026-06-04 09:22:01] [INFO] [data][ModbusTcpMaster][stop]：设备ID=12067 停止设备，连接模式=AutoReconnect
[2026-06-04 09:22:01] [INFO] [data][ModbusTcpMaster][pauseChildren]：设备ID=12067 暂停普通收发子模块
[2026-06-04 09:22:01] [INFO] [data][ModbusTcpMaster][ModbusCommandSender][stop]：设备ID=12067 指令发送器停止
[2026-06-04 09:22:01] [INFO] [data][ModbusTcpMaster][ModbusConnecter][onConnectionStatusChanged]：设备ID=12067 连接状态变化: Disconnected
[2026-06-04 09:22:01] [INFO] [data][ModbusTcpMaster][ModbusCommandSender][stop]：设备ID=12067 指令发送器停止
[2026-06-04 09:22:01] [INFO] [data][ModbusTcpMaster][enterState]：设备ID=12067 状态切换: 错误状态 -> 连接中
[2026-06-04 09:22:01] [INFO] [data][ModbusTcpMaster][ModbusConnecter][disconnectDevice]：设备ID=12067 完全断开连接，已停止自动重连
[2026-06-04 09:22:01] [INFO] [data][ModbusTcpMaster][enterState]：设备ID=12067 状态切换: 连接中 -> 空闲
[2026-06-04 09:22:01] [INFO] [data][ModbusTcpMasterPool][stopAllMasters]：停止 Master ID=12068
[2026-06-04 09:22:01] [INFO] [data][ModbusTcpMaster][stop]：设备ID=12068 停止设备，连接模式=AutoReconnect
[2026-06-04 09:22:01] [INFO] [data][ModbusTcpMaster][pauseChildren]：设备ID=12068 暂停普通收发子模块
[2026-06-04 09:22:01] [INFO] [data][ModbusTcpMaster][ModbusCommandSender][stop]：设备ID=12068 指令发送器停止
[2026-06-04 09:22:01] [INFO] [data][ModbusTcpMaster][ModbusConnecter][onConnectionStatusChanged]：设备ID=12068 连接状态变化: Disconnected
[2026-06-04 09:22:01] [INFO] [data][ModbusTcpMaster][ModbusCommandSender][stop]：设备ID=12068 指令发送器停止
[2026-06-04 09:22:01] [INFO] [data][ModbusTcpMaster][enterState]：设备ID=12068 状态切换: 错误状态 -> 连接中
[2026-06-04 09:22:01] [INFO] [data][ModbusTcpMaster][ModbusConnecter][disconnectDevice]：设备ID=12068 完全断开连接，已停止自动重连
[2026-06-04 09:22:01] [INFO] [data][ModbusTcpMaster][enterState]：设备ID=12068 状态切换: 连接中 -> 空闲
[2026-06-04 09:22:01] [INFO] [data][ModbusTcpMasterPool][stopAllMasters]：停止 Master ID=12069
[2026-06-04 09:22:01] [INFO] [data][ModbusTcpMaster][stop]：设备ID=12069 停止设备，连接模式=AutoReconnect
[2026-06-04 09:22:01] [INFO] [data][ModbusTcpMaster][pauseChildren]：设备ID=12069 暂停普通收发子模块
[2026-06-04 09:22:01] [INFO] [data][ModbusTcpMaster][ModbusCommandSender][stop]：设备ID=12069 指令发送器停止
[2026-06-04 09:22:01] [INFO] [data][ModbusTcpMaster][ModbusConnecter][onConnectionStatusChanged]：设备ID=12069 连接状态变化: Disconnected
[2026-06-04 09:22:01] [INFO] [data][ModbusTcpMaster][ModbusCommandSender][stop]：设备ID=12069 指令发送器停止
[2026-06-04 09:22:01] [INFO] [data][ModbusTcpMaster][enterState]：设备ID=12069 状态切换: 错误状态 -> 连接中
[2026-06-04 09:22:01] [INFO] [data][ModbusTcpMaster][ModbusConnecter][disconnectDevice]：设备ID=12069 完全断开连接，已停止自动重连
[2026-06-04 09:22:01] [INFO] [data][ModbusTcpMaster][enterState]：设备ID=12069 状态切换: 连接中 -> 空闲
[2026-06-04 09:22:01] [INFO] [data][ModbusTcpMasterPool][stopAllMasters]：停止 Master ID=12070
[2026-06-04 09:22:01] [INFO] [data][ModbusTcpMaster][stop]：设备ID=12070 停止设备，连接模式=AutoReconnect
[2026-06-04 09:22:01] [INFO] [data][ModbusTcpMaster][pauseChildren]：设备ID=12070 暂停普通收发子模块
[2026-06-04 09:22:01] [INFO] [data][ModbusTcpMaster][ModbusCommandSender][stop]：设备ID=12070 指令发送器停止
[2026-06-04 09:22:01] [INFO] [data][ModbusTcpMaster][ModbusConnecter][onConnectionStatusChanged]：设备ID=12070 连接状态变化: Disconnected
[2026-06-04 09:22:01] [INFO] [data][ModbusTcpMaster][ModbusCommandSender][stop]：设备ID=12070 指令发送器停止
[2026-06-04 09:22:01] [INFO] [data][ModbusTcpMaster][enterState]：设备ID=12070 状态切换: 错误状态 -> 连接中
[2026-06-04 09:22:01] [INFO] [data][ModbusTcpMaster][ModbusConnecter][disconnectDevice]：设备ID=12070 完全断开连接，已停止自动重连
[2026-06-04 09:22:01] [INFO] [data][ModbusTcpMaster][enterState]：设备ID=12070 状态切换: 连接中 -> 空闲
[2026-06-04 09:22:01] [INFO] [data][ModbusTcpMasterPool][stopAllMasters]：停止 Master ID=12071
[2026-06-04 09:22:01] [INFO] [data][ModbusTcpMaster][stop]：设备ID=12071 停止设备，连接模式=AutoReconnect
[2026-06-04 09:22:01] [INFO] [data][ModbusTcpMaster][pauseChildren]：设备ID=12071 暂停普通收发子模块
[2026-06-04 09:22:01] [INFO] [data][ModbusTcpMaster][ModbusCommandSender][stop]：设备ID=12071 指令发送器停止
[2026-06-04 09:22:01] [INFO] [data][ModbusTcpMaster][ModbusConnecter][onConnectionStatusChanged]：设备ID=12071 连接状态变化: Disconnected
[2026-06-04 09:22:01] [INFO] [data][ModbusTcpMaster][ModbusCommandSender][stop]：设备ID=12071 指令发送器停止
[2026-06-04 09:22:01] [INFO] [data][ModbusTcpMaster][enterState]：设备ID=12071 状态切换: 错误状态 -> 连接中
[2026-06-04 09:22:01] [INFO] [data][ModbusTcpMaster][ModbusConnecter][disconnectDevice]：设备ID=12071 完全断开连接，已停止自动重连
[2026-06-04 09:22:01] [INFO] [data][ModbusTcpMaster][enterState]：设备ID=12071 状态切换: 连接中 -> 空闲
[2026-06-04 09:22:01] [INFO] [data][ModbusTcpMasterPool][stopAllMasters]：停止 Master ID=12072
[2026-06-04 09:22:01] [INFO] [data][ModbusTcpMaster][stop]：设备ID=12072 停止设备，连接模式=AutoReconnect
[2026-06-04 09:22:01] [INFO] [data][ModbusTcpMaster][pauseChildren]：设备ID=12072 暂停普通收发子模块
[2026-06-04 09:22:01] [INFO] [data][ModbusTcpMaster][ModbusCommandSender][stop]：设备ID=12072 指令发送器停止
[2026-06-04 09:22:01] [INFO] [data][ModbusTcpMaster][ModbusConnecter][onConnectionStatusChanged]：设备ID=12072 连接状态变化: Disconnected
[2026-06-04 09:22:01] [INFO] [data][ModbusTcpMaster][ModbusCommandSender][stop]：设备ID=12072 指令发送器停止
[2026-06-04 09:22:01] [INFO] [data][ModbusTcpMaster][enterState]：设备ID=12072 状态切换: 错误状态 -> 连接中
[2026-06-04 09:22:01] [INFO] [data][ModbusTcpMaster][ModbusConnecter][disconnectDevice]：设备ID=12072 完全断开连接，已停止自动重连
[2026-06-04 09:22:01] [INFO] [data][ModbusTcpMaster][enterState]：设备ID=12072 状态切换: 连接中 -> 空闲
[2026-06-04 09:22:01] [INFO] [data][ModbusTcpMasterPool][stopAllMasters]：停止 Master ID=12073
[2026-06-04 09:22:01] [INFO] [data][ModbusTcpMaster][stop]：设备ID=12073 停止设备，连接模式=AutoReconnect
[2026-06-04 09:22:01] [INFO] [data][ModbusTcpMaster][pauseChildren]：设备ID=12073 暂停普通收发子模块
[2026-06-04 09:22:01] [INFO] [data][ModbusTcpMaster][ModbusCommandSender][stop]：设备ID=12073 指令发送器停止
[2026-06-04 09:22:01] [INFO] [data][ModbusTcpMaster][ModbusConnecter][onConnectionStatusChanged]：设备ID=12073 连接状态变化: Disconnected
[2026-06-04 09:22:01] [INFO] [data][ModbusTcpMaster][ModbusCommandSender][stop]：设备ID=12073 指令发送器停止
[2026-06-04 09:22:01] [INFO] [data][ModbusTcpMaster][enterState]：设备ID=12073 状态切换: 错误状态 -> 连接中
[2026-06-04 09:22:01] [INFO] [data][ModbusTcpMaster][ModbusConnecter][disconnectDevice]：设备ID=12073 完全断开连接，已停止自动重连
[2026-06-04 09:22:01] [INFO] [data][ModbusTcpMaster][enterState]：设备ID=12073 状态切换: 连接中 -> 空闲
[2026-06-04 09:22:01] [INFO] [data][ModbusTcpMasterPool][stopAllMasters]：停止 Master ID=12074
[2026-06-04 09:22:01] [INFO] [data][ModbusTcpMaster][stop]：设备ID=12074 停止设备，连接模式=AutoReconnect
[2026-06-04 09:22:01] [INFO] [data][ModbusTcpMaster][pauseChildren]：设备ID=12074 暂停普通收发子模块
[2026-06-04 09:22:01] [INFO] [data][ModbusTcpMaster][ModbusCommandSender][stop]：设备ID=12074 指令发送器停止
[2026-06-04 09:22:01] [INFO] [data][ModbusTcpMaster][ModbusConnecter][onConnectionStatusChanged]：设备ID=12074 连接状态变化: Disconnected
[2026-06-04 09:22:01] [INFO] [data][ModbusTcpMaster][ModbusCommandSender][stop]：设备ID=12074 指令发送器停止
[2026-06-04 09:22:01] [INFO] [data][ModbusTcpMaster][enterState]：设备ID=12074 状态切换: 错误状态 -> 连接中
[2026-06-04 09:22:01] [INFO] [data][ModbusTcpMaster][ModbusConnecter][disconnectDevice]：设备ID=12074 完全断开连接，已停止自动重连
[2026-06-04 09:22:01] [INFO] [data][ModbusTcpMaster][enterState]：设备ID=12074 状态切换: 连接中 -> 空闲
[2026-06-04 09:22:01] [INFO] [data][ModbusTcpMasterPool][stopAllMasters]：停止 Master ID=12075
[2026-06-04 09:22:01] [INFO] [data][ModbusTcpMaster][stop]：设备ID=12075 停止设备，连接模式=AutoReconnect
[2026-06-04 09:22:01] [INFO] [data][ModbusTcpMaster][pauseChildren]：设备ID=12075 暂停普通收发子模块
[2026-06-04 09:22:01] [INFO] [data][ModbusTcpMaster][ModbusCommandSender][stop]：设备ID=12075 指令发送器停止
[2026-06-04 09:22:01] [INFO] [data][ModbusTcpMaster][ModbusConnecter][onConnectionStatusChanged]：设备ID=12075 连接状态变化: Disconnected
[2026-06-04 09:22:01] [INFO] [data][ModbusTcpMaster][ModbusCommandSender][stop]：设备ID=12075 指令发送器停止
[2026-06-04 09:22:01] [INFO] [data][ModbusTcpMaster][enterState]：设备ID=12075 状态切换: 错误状态 -> 连接中
[2026-06-04 09:22:01] [INFO] [data][ModbusTcpMaster][ModbusConnecter][disconnectDevice]：设备ID=12075 完全断开连接，已停止自动重连
[2026-06-04 09:22:01] [INFO] [data][ModbusTcpMaster][enterState]：设备ID=12075 状态切换: 连接中 -> 空闲
[2026-06-04 09:22:01] [INFO] [data][ModbusTcpMasterPool][stopAllMasters]：停止 Master ID=12076
[2026-06-04 09:22:01] [INFO] [data][ModbusTcpMaster][stop]：设备ID=12076 停止设备，连接模式=AutoReconnect
[2026-06-04 09:22:01] [INFO] [data][ModbusTcpMaster][pauseChildren]：设备ID=12076 暂停普通收发子模块
[2026-06-04 09:22:01] [INFO] [data][ModbusTcpMaster][ModbusCommandSender][stop]：设备ID=12076 指令发送器停止
[2026-06-04 09:22:01] [INFO] [data][ModbusTcpMaster][ModbusConnecter][onConnectionStatusChanged]：设备ID=12076 连接状态变化: Disconnected
[2026-06-04 09:22:01] [INFO] [data][ModbusTcpMaster][ModbusCommandSender][stop]：设备ID=12076 指令发送器停止
[2026-06-04 09:22:01] [INFO] [data][ModbusTcpMaster][enterState]：设备ID=12076 状态切换: 错误状态 -> 连接中
[2026-06-04 09:22:01] [INFO] [data][ModbusTcpMaster][ModbusConnecter][disconnectDevice]：设备ID=12076 完全断开连接，已停止自动重连
[2026-06-04 09:22:01] [INFO] [data][ModbusTcpMaster][enterState]：设备ID=12076 状态切换: 连接中 -> 空闲
[2026-06-04 09:22:01] [INFO] [data][ModbusTcpMasterPool][stopAllMasters]：停止 Master ID=12077
[2026-06-04 09:22:01] [INFO] [data][ModbusTcpMaster][stop]：设备ID=12077 停止设备，连接模式=AutoReconnect
[2026-06-04 09:22:01] [INFO] [data][ModbusTcpMaster][pauseChildren]：设备ID=12077 暂停普通收发子模块
[2026-06-04 09:22:01] [INFO] [data][ModbusTcpMaster][ModbusCommandSender][stop]：设备ID=12077 指令发送器停止
[2026-06-04 09:22:01] [INFO] [data][ModbusTcpMaster][ModbusConnecter][onConnectionStatusChanged]：设备ID=12077 连接状态变化: Disconnected
[2026-06-04 09:22:01] [INFO] [data][ModbusTcpMaster][ModbusCommandSender][stop]：设备ID=12077 指令发送器停止
[2026-06-04 09:22:01] [INFO] [data][ModbusTcpMaster][enterState]：设备ID=12077 状态切换: 错误状态 -> 连接中
[2026-06-04 09:22:01] [INFO] [data][ModbusTcpMaster][ModbusConnecter][disconnectDevice]：设备ID=12077 完全断开连接，已停止自动重连
[2026-06-04 09:22:01] [INFO] [data][ModbusTcpMaster][enterState]：设备ID=12077 状态切换: 连接中 -> 空闲
[2026-06-04 09:22:01] [INFO] [data][ModbusTcpMasterPool][stopAllMasters]：停止 Master ID=12078
[2026-06-04 09:22:01] [INFO] [data][ModbusTcpMaster][stop]：设备ID=12078 停止设备，连接模式=AutoReconnect
[2026-06-04 09:22:01] [INFO] [data][ModbusTcpMaster][pauseChildren]：设备ID=12078 暂停普通收发子模块
[2026-06-04 09:22:01] [INFO] [data][ModbusTcpMaster][ModbusCommandSender][stop]：设备ID=12078 指令发送器停止
[2026-06-04 09:22:01] [INFO] [data][ModbusTcpMaster][ModbusConnecter][onConnectionStatusChanged]：设备ID=12078 连接状态变化: Disconnected
[2026-06-04 09:22:01] [INFO] [data][ModbusTcpMaster][ModbusCommandSender][stop]：设备ID=12078 指令发送器停止
[2026-06-04 09:22:01] [INFO] [data][ModbusTcpMaster][enterState]：设备ID=12078 状态切换: 错误状态 -> 连接中
[2026-06-04 09:22:01] [INFO] [data][ModbusTcpMaster][ModbusConnecter][disconnectDevice]：设备ID=12078 完全断开连接，已停止自动重连
[2026-06-04 09:22:01] [INFO] [data][ModbusTcpMaster][enterState]：设备ID=12078 状态切换: 连接中 -> 空闲
[2026-06-04 09:22:01] [INFO] [data][ModbusTcpMasterPool][stopAllMasters]：停止 Master ID=12079
[2026-06-04 09:22:01] [INFO] [data][ModbusTcpMaster][stop]：设备ID=12079 停止设备，连接模式=AutoReconnect
[2026-06-04 09:22:01] [INFO] [data][ModbusTcpMaster][pauseChildren]：设备ID=12079 暂停普通收发子模块
[2026-06-04 09:22:01] [INFO] [data][ModbusTcpMaster][ModbusCommandSender][stop]：设备ID=12079 指令发送器停止
[2026-06-04 09:22:01] [INFO] [data][ModbusTcpMaster][ModbusConnecter][onConnectionStatusChanged]：设备ID=12079 连接状态变化: Disconnected
[2026-06-04 09:22:01] [INFO] [data][ModbusTcpMaster][ModbusCommandSender][stop]：设备ID=12079 指令发送器停止
[2026-06-04 09:22:01] [INFO] [data][ModbusTcpMaster][enterState]：设备ID=12079 状态切换: 错误状态 -> 连接中
[2026-06-04 09:22:01] [INFO] [data][ModbusTcpMaster][ModbusConnecter][disconnectDevice]：设备ID=12079 完全断开连接，已停止自动重连
[2026-06-04 09:22:01] [INFO] [data][ModbusTcpMaster][enterState]：设备ID=12079 状态切换: 连接中 -> 空闲
[2026-06-04 09:22:01] [INFO] [data][ModbusTcpMasterPool][stopAllMasters]：停止 Master ID=12080
[2026-06-04 09:22:01] [INFO] [data][ModbusTcpMaster][stop]：设备ID=12080 停止设备，连接模式=AutoReconnect
[2026-06-04 09:22:01] [INFO] [data][ModbusTcpMaster][pauseChildren]：设备ID=12080 暂停普通收发子模块
[2026-06-04 09:22:01] [INFO] [data][ModbusTcpMaster][ModbusCommandSender][stop]：设备ID=12080 指令发送器停止
[2026-06-04 09:22:01] [INFO] [data][ModbusTcpMaster][ModbusConnecter][onConnectionStatusChanged]：设备ID=12080 连接状态变化: Disconnected
[2026-06-04 09:22:01] [INFO] [data][ModbusTcpMaster][ModbusCommandSender][stop]：设备ID=12080 指令发送器停止
[2026-06-04 09:22:01] [INFO] [data][ModbusTcpMaster][enterState]：设备ID=12080 状态切换: 错误状态 -> 连接中
[2026-06-04 09:22:01] [INFO] [data][ModbusTcpMaster][ModbusConnecter][disconnectDevice]：设备ID=12080 完全断开连接，已停止自动重连
[2026-06-04 09:22:01] [INFO] [data][ModbusTcpMaster][enterState]：设备ID=12080 状态切换: 连接中 -> 空闲
[2026-06-04 09:22:01] [INFO] [data][ModbusTcpMasterPool][stopAllMasters]：所有 Master 已停止
[2026-06-04 09:22:01] [INFO] [data][ModbusTcpMasterPool][destructor]：调度删除 80 个 Master
[2026-06-04 09:22:01] [INFO] [data][ModbusTcpMasterPool][destructor]：向 22 个工作线程发出退出信号
[2026-06-04 09:22:01] [INFO] [data][ModbusTcpMasterPool][destructor]：析构完成，所有资源已清理
[2026-06-04 18:58:20] [INFO] 日志系统初始化完成
[2026-06-04 18:58:20] [INFO] [data][ModbusTcpMasterManager][constructor]：已创建管理器
[2026-06-04 18:58:20] [INFO] [data][ModbusTcpMasterManager][loadConfig]：开始加载配置文件：D:/Project/CYTC_Project/OHB80PortMonitor/OHB80PortMonitor_V_1_0_0/bin/config/ModbusTcpMasterConfig.xml
[2026-06-04 18:58:20] [INFO] [data][ModbusConfigParser][transition]：[1.OpeningFile Start] 打开文件任务开始
[2026-06-04 18:58:20] [INFO] [data][ModbusConfigParser][transition]：[1.OpeningFile End] 打开文件任务完成
[2026-06-04 18:58:20] [INFO] [data][ModbusConfigParser][transition]：[2.ParsingXml Start] 解析XML任务开始
[2026-06-04 18:58:20] [INFO] [data][ModbusConfigParser][transition]：[2.ParsingXml End] 解析XML任务完成
[2026-06-04 18:58:20] [INFO] [data][ModbusConfigParser][transition]：[3.ValidatingRoot Start] 验证根节点任务开始
[2026-06-04 18:58:20] [INFO] [data][ModbusConfigParser][transition]：[3.ValidatingRoot End] 验证根节点任务完成
[2026-06-04 18:58:20] [INFO] [data][ModbusConfigParser][transition]：[4.ParsingInitialCommands Start] 解析初始指令组任务开始
[2026-06-04 18:58:20] [DEBUG] [data][ModbusConfigParser][parseCommandSet]：提取 ref 列表完成，共 2 条
[2026-06-04 18:58:20] [INFO] [data][ModbusConfigParser][parse]：InitialCommands 已解析，指令数=2
[2026-06-04 18:58:20] [INFO] [data][ModbusConfigParser][transition]：[4.ParsingInitialCommands End] 解析初始指令组任务完成
[2026-06-04 18:58:20] [INFO] [data][ModbusConfigParser][transition]：[5.ParsingPeriodicCommands Start] 解析定时指令组任务开始
[2026-06-04 18:58:20] [DEBUG] [data][ModbusConfigParser][parseCommandSet]：提取 ref 列表完成，共 2 条
[2026-06-04 18:58:20] [INFO] [data][ModbusConfigParser][parse]：PeriodicCommands 已解析，指令数=2
[2026-06-04 18:58:20] [INFO] [data][ModbusConfigParser][transition]：[5.ParsingPeriodicCommands End] 解析定时指令组任务完成
[2026-06-04 18:58:20] [INFO] [data][ModbusConfigParser][transition]：[6.ParsingBusinessCommands Start] 解析业务指令组任务开始
[2026-06-04 18:58:20] [INFO] [data][ModbusConfigParser][parse]：BusinessCommands 已解析
[2026-06-04 18:58:20] [INFO] [data][ModbusConfigParser][transition]：[6.ParsingBusinessCommands End] 解析业务指令组任务完成
[2026-06-04 18:58:20] [INFO] [data][ModbusConfigParser][transition]：[7.ParsingCommandDefinitions Start] 解析指令定义集合任务开始
[2026-06-04 18:58:20] [DEBUG] [data][ModbusConfigParser][parseCommandDef]：解析完成 id=ReadVersion 请求帧=6字节 响应模板=5字节
[2026-06-04 18:58:20] [DEBUG] [data][ModbusConfigParser][parse]：已注册指令模板 id=ReadVersion 请求帧长度=6 响应模板长度=5
[2026-06-04 18:58:20] [DEBUG] [data][ModbusConfigParser][parseCommandDef]：解析完成 id=ReadVEFCFlowUnitAndMediumStatus 请求帧=6字节 响应模板=5字节
[2026-06-04 18:58:20] [DEBUG] [data][ModbusConfigParser][parse]：已注册指令模板 id=ReadVEFCFlowUnitAndMediumStatus 请求帧长度=6 响应模板长度=5
[2026-06-04 18:58:20] [DEBUG] [data][ModbusConfigParser][parseCommandDef]：解析完成 id=ReadFoupStatus 请求帧=6字节 响应模板=21字节
[2026-06-04 18:58:20] [DEBUG] [data][ModbusConfigParser][parse]：已注册指令模板 id=ReadFoupStatus 请求帧长度=6 响应模板长度=21
[2026-06-04 18:58:20] [DEBUG] [data][ModbusConfigParser][parseCommandDef]：解析完成 id=ReadIdlePurgeAll 请求帧=6字节 响应模板=9字节
[2026-06-04 18:58:20] [DEBUG] [data][ModbusConfigParser][parse]：已注册指令模板 id=ReadIdlePurgeAll 请求帧长度=6 响应模板长度=9
[2026-06-04 18:58:20] [DEBUG] [data][ModbusConfigParser][parseCommandDef]：解析完成 id=ReadIdlePurgeEnable 请求帧=6字节 响应模板=5字节
[2026-06-04 18:58:20] [DEBUG] [data][ModbusConfigParser][parse]：已注册指令模板 id=ReadIdlePurgeEnable 请求帧长度=6 响应模板长度=5
[2026-06-04 18:58:20] [DEBUG] [data][ModbusConfigParser][parseCommandDef]：解析完成 id=ReadIdlePurgeStatus 请求帧=6字节 响应模板=5字节
[2026-06-04 18:58:20] [DEBUG] [data][ModbusConfigParser][parse]：已注册指令模板 id=ReadIdlePurgeStatus 请求帧长度=6 响应模板长度=5
[2026-06-04 18:58:20] [DEBUG] [data][ModbusConfigParser][parse]：已注册指令模板 id=ReadIdlePurgeWorkingTime 请求帧长度=6 响应模板长度=5
[2026-06-04 18:58:20] [DEBUG] [data][ModbusConfigParser][parseCommandDef]：解析完成 id=WriteIdlePurgeEnable 请求帧=6字节 响应模板=6字节
[2026-06-04 18:58:20] [DEBUG] [data][ModbusConfigParser][parseCommandDef]：解析完成 id=ReadIdlePurgeWorkingTime 请求帧=6字节 响应模板=5字节
[2026-06-04 18:58:20] [DEBUG] [data][ModbusConfigParser][parse]：已注册指令模板 id=WriteIdlePurgeEnable 请求帧长度=6 响应模板长度=6
[2026-06-04 18:58:20] [DEBUG] [data][ModbusConfigParser][parseCommandDef]：解析完成 id=WriteIdlePurgeTime 请求帧=6字节 响应模板=6字节
[2026-06-04 18:58:20] [DEBUG] [data][ModbusConfigParser][parse]：已注册指令模板 id=WriteIdlePurgeTime 请求帧长度=6 响应模板长度=6
[2026-06-04 18:58:20] [DEBUG] [data][ModbusConfigParser][parseCommandDef]：解析完成 id=WriteQRCode 请求帧=11字节 响应模板=6字节
[2026-06-04 18:58:20] [DEBUG] [data][ModbusConfigParser][parse]：已注册指令模板 id=WriteQRCode 请求帧长度=11 响应模板长度=6
[2026-06-04 18:58:20] [DEBUG] [data][ModbusConfigParser][parseCommandDef]：解析完成 id=WriteIdlePurgeInterval 请求帧=6字节 响应模板=6字节
[2026-06-04 18:58:20] [DEBUG] [data][ModbusConfigParser][parse]：已注册指令模板 id=WriteIdlePurgeInterval 请求帧长度=6 响应模板长度=6
[2026-06-04 18:58:20] [DEBUG] [data][ModbusConfigParser][parseCommandDef]：解析完成 id=WritePneumaticValvePressure 请求帧=6字节 响应模板=6字节
[2026-06-04 18:58:20] [DEBUG] [data][ModbusConfigParser][parse]：已注册指令模板 id=WritePneumaticValvePressure 请求帧长度=6 响应模板长度=6
[2026-06-04 18:58:20] [DEBUG] [data][ModbusConfigParser][parseCommandDef]：解析完成 id=ReadSelfCheckStatus 请求帧=6字节 响应模板=5字节
[2026-06-04 18:58:20] [DEBUG] [data][ModbusConfigParser][parse]：已注册指令模板 id=ReadSelfCheckStatus 请求帧长度=6 响应模板长度=5
[2026-06-04 18:58:20] [DEBUG] [data][ModbusConfigParser][parseCommandDef]：解析完成 id=ReadHumidityOffsetThreshold 请求帧=6字节 响应模板=5字节
[2026-06-04 18:58:20] [DEBUG] [data][ModbusConfigParser][parse]：已注册指令模板 id=ReadHumidityOffsetThreshold 请求帧长度=6 响应模板长度=5
[2026-06-04 18:58:20] [DEBUG] [data][ModbusConfigParser][parseCommandDef]：解析完成 id=StartSelfCheck 请求帧=6字节 响应模板=6字节
[2026-06-04 18:58:20] [DEBUG] [data][ModbusConfigParser][parse]：已注册指令模板 id=StartSelfCheck 请求帧长度=6 响应模板长度=6
[2026-06-04 18:58:20] [DEBUG] [data][ModbusConfigParser][parseCommandDef]：解析完成 id=WriteHumidityOffsetThreshold 请求帧=6字节 响应模板=6字节
[2026-06-04 18:58:20] [DEBUG] [data][ModbusConfigParser][parse]：已注册指令模板 id=WriteHumidityOffsetThreshold 请求帧长度=6 响应模板长度=6
[2026-06-04 18:58:20] [DEBUG] [data][ModbusConfigParser][parseCommandDef]：解析完成 id=WriteHumidityOffset 请求帧=6字节 响应模板=6字节
[2026-06-04 18:58:20] [DEBUG] [data][ModbusConfigParser][parse]：已注册指令模板 id=WriteHumidityOffset 请求帧长度=6 响应模板长度=6
[2026-06-04 18:58:20] [DEBUG] [data][ModbusConfigParser][parseCommandDef]：解析完成 id=WritePurgeFlow 请求帧=6字节 响应模板=6字节
[2026-06-04 18:58:20] [DEBUG] [data][ModbusConfigParser][parse]：已注册指令模板 id=WritePurgeFlow 请求帧长度=6 响应模板长度=6
[2026-06-04 18:58:20] [DEBUG] [data][ModbusConfigParser][parseCommandDef]：解析完成 id=WriteVEFCGasType 请求帧=6字节 响应模板=6字节
[2026-06-04 18:58:20] [DEBUG] [data][ModbusConfigParser][parse]：已注册指令模板 id=WriteVEFCGasType 请求帧长度=6 响应模板长度=6
[2026-06-04 18:58:20] [DEBUG] [data][ModbusConfigParser][parseCommandDef]：解析完成 id=SetBoardEnable 请求帧=6字节 响应模板=6字节
[2026-06-04 18:58:20] [DEBUG] [data][ModbusConfigParser][parse]：已注册指令模板 id=SetBoardEnable 请求帧长度=6 响应模板长度=6
[2026-06-04 18:58:20] [DEBUG] [data][ModbusConfigParser][parseCommandDef]：解析完成 id=ReadBoardEnable 请求帧=6字节 响应模板=5字节
[2026-06-04 18:58:20] [DEBUG] [data][ModbusConfigParser][parse]：已注册指令模板 id=ReadBoardEnable 请求帧长度=6 响应模板长度=5
[2026-06-04 18:58:20] [DEBUG] [data][ModbusConfigParser][parseCommandDef]：解析完成 id=WriteUIRefreshTime 请求帧=13字节 响应模板=6字节
[2026-06-04 18:58:20] [DEBUG] [data][ModbusConfigParser][parse]：已注册指令模板 id=WriteUIRefreshTime 请求帧长度=13 响应模板长度=6
[2026-06-04 18:58:20] [DEBUG] [data][ModbusConfigParser][parseCommandDef]：解析完成 id=ReadVEFCPressure 请求帧=6字节 响应模板=5字节
[2026-06-04 18:58:20] [DEBUG] [data][ModbusConfigParser][parse]：已注册指令模板 id=ReadVEFCPressure 请求帧长度=6 响应模板长度=5
[2026-06-04 18:58:20] [DEBUG] [data][ModbusConfigParser][parseCommandDef]：解析完成 id=ReadVEFCTemperature 请求帧=6字节 响应模板=5字节
[2026-06-04 18:58:20] [DEBUG] [data][ModbusConfigParser][parse]：已注册指令模板 id=ReadVEFCTemperature 请求帧长度=6 响应模板长度=5
[2026-06-04 18:58:20] [INFO] [data][ModbusConfigParser][parse]：CommandPool 共加载 24 条指令
[2026-06-04 18:58:20] [INFO] [data][ModbusConfigParser][transition]：[7.ParsingCommandDefinitions End] 解析指令定义集合任务完成
[2026-06-04 18:58:20] [INFO] [data][ModbusConfigParser][transition]：[Completed] 全部解析任务完成
[2026-06-04 18:58:20] [INFO] [data][ModbusTcpMasterPool][setConfigParser]：已设置配置解析器
[2026-06-04 18:58:20] [INFO] [data][ModbusTcpMasterManager][loadConfig]：配置文件加载成功
[2026-06-04 18:58:20] [INFO] [data][ModbusTcpMasterPool][setThreadCount]：系统最大可用线程数：22
[2026-06-04 18:58:20] [INFO] [data][ModbusTcpMasterPool][setThreadCount]：最终设置线程数：22
[2026-06-04 18:58:20] [INFO] [data][ModbusTcpMasterPool][setThreadCount]：已创建 22 个工作线程
[2026-06-04 18:58:20] [INFO] [data][ModbusTcpMasterManager][addMaster]：创建 Master ID=12001 IP=127.0.0.1 Port=500
[2026-06-04 18:58:20] [INFO] [data][ModbusTcpMasterPool][addMaster]：已创建并添加 Master ID=12001 IP=127.0.0.1 Port=500 到线程 0 ModbusPoolThread-0
[2026-06-04 18:58:20] [INFO] [data][ModbusTcpMasterPool][initializeMaster]：开始初始化 Master ID=12001
[2026-06-04 18:58:20] [INFO] [data][ModbusConfigParser][initialCommandQueue]：开始构建初始指令队列，共 2 个引用
[2026-06-04 18:58:20] [DEBUG] [data][ModbusConfigParser][initialCommandQueue]：已克隆初始指令 ref=ReadVersion
[2026-06-04 18:58:20] [DEBUG] [data][ModbusConfigParser][initialCommandQueue]：已克隆初始指令 ref=WriteVEFCGasType
[2026-06-04 18:58:20] [INFO] [data][ModbusConfigParser][initialCommandQueue]：初始指令队列构建完成，共 2 条
[2026-06-04 18:58:20] [INFO] [data][ModbusConfigParser][periodicCommandQueue]：开始构建定时指令队列，共 2 个引用
[2026-06-04 18:58:20] [DEBUG] [data][ModbusConfigParser][periodicCommandQueue]：已克隆定时指令 ref=ReadFoupStatus
[2026-06-04 18:58:20] [DEBUG] [data][ModbusConfigParser][periodicCommandQueue]：已克隆定时指令 ref=ReadIdlePurgeAll
[2026-06-04 18:58:20] [INFO] [data][ModbusConfigParser][periodicCommandQueue]：定时指令队列构建完成，共 2 条
[2026-06-04 18:58:20] [INFO] [data][ModbusTcpMasterPool][InitialCommandIssuer][initializeMaster]：已配置 InitialCommandIssuer 指令数=2 间隔=100 超时=1000 重试=3
[2026-06-04 18:58:20] [INFO] [data][ModbusTcpMasterPool][PeriodicCommandSender][initializeMaster]：已配置 PeriodicCommandSender 指令数=2 间隔=300 超时=1000 重试=0
[2026-06-04 18:58:20] [INFO] [app][FirmwareConfig][loadConfig]：加载固件配置 - PrepareCmdTimeout: 3000ms, WaitingTime: 1000ms, SendInterval: 160ms, TransferTimeout: 3000ms
[2026-06-04 18:58:20] [INFO] [app][FirmwareConfig][FirmwareConfig]：固件配置管理器已创建
[2026-06-04 18:58:20] [INFO] [data][ModbusTcpMasterPool][FirmwareUpgrader][initializeMaster]：已配置 FirmwareUpgrader PrepareTimeout=3000ms WaitingTime=1000ms SendInterval=160ms TransferTimeout=3000ms
[2026-06-04 18:58:20] [INFO] [data][ModbusTcpMasterManager][addMaster]：创建 Master ID=12002 IP=127.0.0.1 Port=501
[2026-06-04 18:58:20] [INFO] [data][ModbusTcpMasterPool][addMaster]：已创建并添加 Master ID=12002 IP=127.0.0.1 Port=501 到线程 1 ModbusPoolThread-1
[2026-06-04 18:58:20] [INFO] [data][ModbusTcpMasterPool][initializeMaster]：开始初始化 Master ID=12002
[2026-06-04 18:58:20] [INFO] [data][ModbusConfigParser][initialCommandQueue]：开始构建初始指令队列，共 2 个引用
[2026-06-04 18:58:20] [DEBUG] [data][ModbusConfigParser][initialCommandQueue]：已克隆初始指令 ref=ReadVersion
[2026-06-04 18:58:20] [DEBUG] [data][ModbusConfigParser][initialCommandQueue]：已克隆初始指令 ref=WriteVEFCGasType
[2026-06-04 18:58:20] [INFO] [data][ModbusConfigParser][initialCommandQueue]：初始指令队列构建完成，共 2 条
[2026-06-04 18:58:20] [INFO] [data][ModbusConfigParser][periodicCommandQueue]：开始构建定时指令队列，共 2 个引用
[2026-06-04 18:58:20] [DEBUG] [data][ModbusConfigParser][periodicCommandQueue]：已克隆定时指令 ref=ReadFoupStatus
[2026-06-04 18:58:20] [DEBUG] [data][ModbusConfigParser][periodicCommandQueue]：已克隆定时指令 ref=ReadIdlePurgeAll
[2026-06-04 18:58:20] [INFO] [data][ModbusConfigParser][periodicCommandQueue]：定时指令队列构建完成，共 2 条
[2026-06-04 18:58:20] [INFO] [data][ModbusTcpMasterPool][InitialCommandIssuer][initializeMaster]：已配置 InitialCommandIssuer 指令数=2 间隔=100 超时=1000 重试=3
[2026-06-04 18:58:20] [INFO] [data][ModbusTcpMasterPool][PeriodicCommandSender][initializeMaster]：已配置 PeriodicCommandSender 指令数=2 间隔=300 超时=1000 重试=0
[2026-06-04 18:58:20] [INFO] [data][ModbusTcpMasterPool][FirmwareUpgrader][initializeMaster]：已配置 FirmwareUpgrader PrepareTimeout=3000ms WaitingTime=1000ms SendInterval=160ms TransferTimeout=3000ms
[2026-06-04 18:58:20] [INFO] [data][ModbusTcpMasterManager][addMaster]：创建 Master ID=12003 IP=127.0.0.1 Port=502
[2026-06-04 18:58:20] [INFO] [data][ModbusTcpMasterPool][addMaster]：已创建并添加 Master ID=12003 IP=127.0.0.1 Port=502 到线程 2 ModbusPoolThread-2
[2026-06-04 18:58:20] [INFO] [data][ModbusTcpMasterPool][initializeMaster]：开始初始化 Master ID=12003
[2026-06-04 18:58:20] [INFO] [data][ModbusConfigParser][initialCommandQueue]：开始构建初始指令队列，共 2 个引用
[2026-06-04 18:58:20] [DEBUG] [data][ModbusConfigParser][initialCommandQueue]：已克隆初始指令 ref=ReadVersion
[2026-06-04 18:58:20] [DEBUG] [data][ModbusConfigParser][initialCommandQueue]：已克隆初始指令 ref=WriteVEFCGasType
[2026-06-04 18:58:20] [INFO] [data][ModbusConfigParser][initialCommandQueue]：初始指令队列构建完成，共 2 条
[2026-06-04 18:58:20] [INFO] [data][ModbusConfigParser][periodicCommandQueue]：开始构建定时指令队列，共 2 个引用
[2026-06-04 18:58:20] [DEBUG] [data][ModbusConfigParser][periodicCommandQueue]：已克隆定时指令 ref=ReadFoupStatus
[2026-06-04 18:58:20] [DEBUG] [data][ModbusConfigParser][periodicCommandQueue]：已克隆定时指令 ref=ReadIdlePurgeAll
[2026-06-04 18:58:20] [INFO] [data][ModbusConfigParser][periodicCommandQueue]：定时指令队列构建完成，共 2 条
[2026-06-04 18:58:20] [INFO] [data][ModbusTcpMasterPool][InitialCommandIssuer][initializeMaster]：已配置 InitialCommandIssuer 指令数=2 间隔=100 超时=1000 重试=3
[2026-06-04 18:58:20] [INFO] [data][ModbusTcpMasterPool][PeriodicCommandSender][initializeMaster]：已配置 PeriodicCommandSender 指令数=2 间隔=300 超时=1000 重试=0
[2026-06-04 18:58:20] [INFO] [data][ModbusTcpMasterPool][FirmwareUpgrader][initializeMaster]：已配置 FirmwareUpgrader PrepareTimeout=3000ms WaitingTime=1000ms SendInterval=160ms TransferTimeout=3000ms
[2026-06-04 18:58:20] [INFO] [data][ModbusTcpMasterManager][addMaster]：创建 Master ID=12004 IP=127.0.0.1 Port=503
[2026-06-04 18:58:20] [INFO] [data][ModbusTcpMasterPool][addMaster]：已创建并添加 Master ID=12004 IP=127.0.0.1 Port=503 到线程 3 ModbusPoolThread-3
[2026-06-04 18:58:20] [INFO] [data][ModbusTcpMasterPool][initializeMaster]：开始初始化 Master ID=12004
[2026-06-04 18:58:20] [INFO] [data][ModbusConfigParser][initialCommandQueue]：开始构建初始指令队列，共 2 个引用
[2026-06-04 18:58:20] [DEBUG] [data][ModbusConfigParser][initialCommandQueue]：已克隆初始指令 ref=ReadVersion
[2026-06-04 18:58:20] [DEBUG] [data][ModbusConfigParser][initialCommandQueue]：已克隆初始指令 ref=WriteVEFCGasType
[2026-06-04 18:58:20] [INFO] [data][ModbusConfigParser][initialCommandQueue]：初始指令队列构建完成，共 2 条
[2026-06-04 18:58:20] [INFO] [data][ModbusConfigParser][periodicCommandQueue]：开始构建定时指令队列，共 2 个引用
[2026-06-04 18:58:20] [DEBUG] [data][ModbusConfigParser][periodicCommandQueue]：已克隆定时指令 ref=ReadFoupStatus
[2026-06-04 18:58:20] [DEBUG] [data][ModbusConfigParser][periodicCommandQueue]：已克隆定时指令 ref=ReadIdlePurgeAll
[2026-06-04 18:58:20] [INFO] [data][ModbusConfigParser][periodicCommandQueue]：定时指令队列构建完成，共 2 条
[2026-06-04 18:58:20] [INFO] [data][ModbusTcpMasterPool][InitialCommandIssuer][initializeMaster]：已配置 InitialCommandIssuer 指令数=2 间隔=100 超时=1000 重试=3
[2026-06-04 18:58:20] [INFO] [data][ModbusTcpMasterPool][PeriodicCommandSender][initializeMaster]：已配置 PeriodicCommandSender 指令数=2 间隔=300 超时=1000 重试=0
[2026-06-04 18:58:20] [INFO] [data][ModbusTcpMasterPool][FirmwareUpgrader][initializeMaster]：已配置 FirmwareUpgrader PrepareTimeout=3000ms WaitingTime=1000ms SendInterval=160ms TransferTimeout=3000ms
[2026-06-04 18:58:20] [INFO] [data][ModbusTcpMasterManager][addMaster]：创建 Master ID=12005 IP=127.0.0.1 Port=504
[2026-06-04 18:58:20] [INFO] [data][ModbusTcpMasterPool][addMaster]：已创建并添加 Master ID=12005 IP=127.0.0.1 Port=504 到线程 4 ModbusPoolThread-4
[2026-06-04 18:58:20] [INFO] [data][ModbusTcpMasterPool][initializeMaster]：开始初始化 Master ID=12005
[2026-06-04 18:58:20] [INFO] [data][ModbusConfigParser][initialCommandQueue]：开始构建初始指令队列，共 2 个引用
[2026-06-04 18:58:20] [DEBUG] [data][ModbusConfigParser][initialCommandQueue]：已克隆初始指令 ref=ReadVersion
[2026-06-04 18:58:20] [DEBUG] [data][ModbusConfigParser][initialCommandQueue]：已克隆初始指令 ref=WriteVEFCGasType
[2026-06-04 18:58:20] [INFO] [data][ModbusConfigParser][initialCommandQueue]：初始指令队列构建完成，共 2 条
[2026-06-04 18:58:20] [INFO] [data][ModbusConfigParser][periodicCommandQueue]：开始构建定时指令队列，共 2 个引用
[2026-06-04 18:58:20] [DEBUG] [data][ModbusConfigParser][periodicCommandQueue]：已克隆定时指令 ref=ReadFoupStatus
[2026-06-04 18:58:20] [DEBUG] [data][ModbusConfigParser][periodicCommandQueue]：已克隆定时指令 ref=ReadIdlePurgeAll
[2026-06-04 18:58:20] [INFO] [data][ModbusConfigParser][periodicCommandQueue]：定时指令队列构建完成，共 2 条
[2026-06-04 18:58:20] [INFO] [data][ModbusTcpMasterPool][InitialCommandIssuer][initializeMaster]：已配置 InitialCommandIssuer 指令数=2 间隔=100 超时=1000 重试=3
[2026-06-04 18:58:20] [INFO] [data][ModbusTcpMasterPool][PeriodicCommandSender][initializeMaster]：已配置 PeriodicCommandSender 指令数=2 间隔=300 超时=1000 重试=0
[2026-06-04 18:58:20] [INFO] [data][ModbusTcpMasterPool][FirmwareUpgrader][initializeMaster]：已配置 FirmwareUpgrader PrepareTimeout=3000ms WaitingTime=1000ms SendInterval=160ms TransferTimeout=3000ms
[2026-06-04 18:58:20] [INFO] [data][ModbusTcpMasterManager][addMaster]：创建 Master ID=12006 IP=127.0.0.1 Port=505
[2026-06-04 18:58:20] [INFO] [data][ModbusTcpMasterPool][addMaster]：已创建并添加 Master ID=12006 IP=127.0.0.1 Port=505 到线程 5 ModbusPoolThread-5
[2026-06-04 18:58:20] [INFO] [data][ModbusTcpMasterPool][initializeMaster]：开始初始化 Master ID=12006
[2026-06-04 18:58:20] [INFO] [data][ModbusConfigParser][initialCommandQueue]：开始构建初始指令队列，共 2 个引用
[2026-06-04 18:58:20] [DEBUG] [data][ModbusConfigParser][initialCommandQueue]：已克隆初始指令 ref=ReadVersion
[2026-06-04 18:58:20] [DEBUG] [data][ModbusConfigParser][initialCommandQueue]：已克隆初始指令 ref=WriteVEFCGasType
[2026-06-04 18:58:20] [INFO] [data][ModbusConfigParser][initialCommandQueue]：初始指令队列构建完成，共 2 条
[2026-06-04 18:58:20] [INFO] [data][ModbusConfigParser][periodicCommandQueue]：开始构建定时指令队列，共 2 个引用
[2026-06-04 18:58:20] [DEBUG] [data][ModbusConfigParser][periodicCommandQueue]：已克隆定时指令 ref=ReadFoupStatus
[2026-06-04 18:58:20] [DEBUG] [data][ModbusConfigParser][periodicCommandQueue]：已克隆定时指令 ref=ReadIdlePurgeAll
[2026-06-04 18:58:20] [INFO] [data][ModbusConfigParser][periodicCommandQueue]：定时指令队列构建完成，共 2 条
[2026-06-04 18:58:20] [INFO] [data][ModbusTcpMasterPool][InitialCommandIssuer][initializeMaster]：已配置 InitialCommandIssuer 指令数=2 间隔=100 超时=1000 重试=3
[2026-06-04 18:58:20] [INFO] [data][ModbusTcpMasterPool][PeriodicCommandSender][initializeMaster]：已配置 PeriodicCommandSender 指令数=2 间隔=300 超时=1000 重试=0
[2026-06-04 18:58:20] [INFO] [data][ModbusTcpMasterPool][FirmwareUpgrader][initializeMaster]：已配置 FirmwareUpgrader PrepareTimeout=3000ms WaitingTime=1000ms SendInterval=160ms TransferTimeout=3000ms
[2026-06-04 18:58:20] [INFO] [data][ModbusTcpMasterManager][addMaster]：创建 Master ID=12007 IP=127.0.0.1 Port=506
[2026-06-04 18:58:20] [INFO] [data][ModbusTcpMasterPool][addMaster]：已创建并添加 Master ID=12007 IP=127.0.0.1 Port=506 到线程 6 ModbusPoolThread-6
[2026-06-04 18:58:20] [INFO] [data][ModbusTcpMasterPool][initializeMaster]：开始初始化 Master ID=12007
[2026-06-04 18:58:20] [INFO] [data][ModbusConfigParser][initialCommandQueue]：开始构建初始指令队列，共 2 个引用
[2026-06-04 18:58:20] [DEBUG] [data][ModbusConfigParser][initialCommandQueue]：已克隆初始指令 ref=ReadVersion
[2026-06-04 18:58:20] [DEBUG] [data][ModbusConfigParser][initialCommandQueue]：已克隆初始指令 ref=WriteVEFCGasType
[2026-06-04 18:58:20] [INFO] [data][ModbusConfigParser][initialCommandQueue]：初始指令队列构建完成，共 2 条
[2026-06-04 18:58:20] [INFO] [data][ModbusConfigParser][periodicCommandQueue]：开始构建定时指令队列，共 2 个引用
[2026-06-04 18:58:20] [DEBUG] [data][ModbusConfigParser][periodicCommandQueue]：已克隆定时指令 ref=ReadFoupStatus
[2026-06-04 18:58:20] [DEBUG] [data][ModbusConfigParser][periodicCommandQueue]：已克隆定时指令 ref=ReadIdlePurgeAll
[2026-06-04 18:58:20] [INFO] [data][ModbusConfigParser][periodicCommandQueue]：定时指令队列构建完成，共 2 条
[2026-06-04 18:58:20] [INFO] [data][ModbusTcpMasterPool][InitialCommandIssuer][initializeMaster]：已配置 InitialCommandIssuer 指令数=2 间隔=100 超时=1000 重试=3
[2026-06-04 18:58:20] [INFO] [data][ModbusTcpMasterPool][PeriodicCommandSender][initializeMaster]：已配置 PeriodicCommandSender 指令数=2 间隔=300 超时=1000 重试=0
[2026-06-04 18:58:20] [INFO] [data][ModbusTcpMasterPool][FirmwareUpgrader][initializeMaster]：已配置 FirmwareUpgrader PrepareTimeout=3000ms WaitingTime=1000ms SendInterval=160ms TransferTimeout=3000ms
[2026-06-04 18:58:20] [INFO] [data][ModbusTcpMasterManager][addMaster]：创建 Master ID=12008 IP=127.0.0.1 Port=507
[2026-06-04 18:58:20] [INFO] [data][ModbusTcpMasterPool][addMaster]：已创建并添加 Master ID=12008 IP=127.0.0.1 Port=507 到线程 7 ModbusPoolThread-7
[2026-06-04 18:58:20] [INFO] [data][ModbusTcpMasterPool][initializeMaster]：开始初始化 Master ID=12008
[2026-06-04 18:58:20] [INFO] [data][ModbusConfigParser][initialCommandQueue]：开始构建初始指令队列，共 2 个引用
[2026-06-04 18:58:20] [DEBUG] [data][ModbusConfigParser][initialCommandQueue]：已克隆初始指令 ref=ReadVersion
[2026-06-04 18:58:20] [DEBUG] [data][ModbusConfigParser][initialCommandQueue]：已克隆初始指令 ref=WriteVEFCGasType
[2026-06-04 18:58:20] [INFO] [data][ModbusConfigParser][initialCommandQueue]：初始指令队列构建完成，共 2 条
[2026-06-04 18:58:20] [INFO] [data][ModbusConfigParser][periodicCommandQueue]：开始构建定时指令队列，共 2 个引用
[2026-06-04 18:58:20] [DEBUG] [data][ModbusConfigParser][periodicCommandQueue]：已克隆定时指令 ref=ReadFoupStatus
[2026-06-04 18:58:20] [DEBUG] [data][ModbusConfigParser][periodicCommandQueue]：已克隆定时指令 ref=ReadIdlePurgeAll
[2026-06-04 18:58:20] [INFO] [data][ModbusConfigParser][periodicCommandQueue]：定时指令队列构建完成，共 2 条
[2026-06-04 18:58:20] [INFO] [data][ModbusTcpMasterPool][InitialCommandIssuer][initializeMaster]：已配置 InitialCommandIssuer 指令数=2 间隔=100 超时=1000 重试=3
[2026-06-04 18:58:20] [INFO] [data][ModbusTcpMasterPool][PeriodicCommandSender][initializeMaster]：已配置 PeriodicCommandSender 指令数=2 间隔=300 超时=1000 重试=0
[2026-06-04 18:58:20] [INFO] [data][ModbusTcpMasterPool][FirmwareUpgrader][initializeMaster]：已配置 FirmwareUpgrader PrepareTimeout=3000ms WaitingTime=1000ms SendInterval=160ms TransferTimeout=3000ms
[2026-06-04 18:58:20] [INFO] [data][ModbusTcpMasterManager][addMaster]：创建 Master ID=12009 IP=127.0.0.1 Port=508
[2026-06-04 18:58:20] [INFO] [data][ModbusTcpMasterPool][addMaster]：已创建并添加 Master ID=12009 IP=127.0.0.1 Port=508 到线程 8 ModbusPoolThread-8
[2026-06-04 18:58:20] [INFO] [data][ModbusTcpMasterPool][initializeMaster]：开始初始化 Master ID=12009
[2026-06-04 18:58:20] [INFO] [data][ModbusConfigParser][initialCommandQueue]：开始构建初始指令队列，共 2 个引用
[2026-06-04 18:58:20] [DEBUG] [data][ModbusConfigParser][initialCommandQueue]：已克隆初始指令 ref=ReadVersion
[2026-06-04 18:58:20] [DEBUG] [data][ModbusConfigParser][initialCommandQueue]：已克隆初始指令 ref=WriteVEFCGasType
[2026-06-04 18:58:20] [INFO] [data][ModbusConfigParser][initialCommandQueue]：初始指令队列构建完成，共 2 条
[2026-06-04 18:58:20] [INFO] [data][ModbusConfigParser][periodicCommandQueue]：开始构建定时指令队列，共 2 个引用
[2026-06-04 18:58:20] [DEBUG] [data][ModbusConfigParser][periodicCommandQueue]：已克隆定时指令 ref=ReadFoupStatus
[2026-06-04 18:58:20] [DEBUG] [data][ModbusConfigParser][periodicCommandQueue]：已克隆定时指令 ref=ReadIdlePurgeAll
[2026-06-04 18:58:20] [INFO] [data][ModbusConfigParser][periodicCommandQueue]：定时指令队列构建完成，共 2 条
[2026-06-04 18:58:20] [INFO] [data][ModbusTcpMasterPool][InitialCommandIssuer][initializeMaster]：已配置 InitialCommandIssuer 指令数=2 间隔=100 超时=1000 重试=3
[2026-06-04 18:58:20] [INFO] [data][ModbusTcpMasterPool][PeriodicCommandSender][initializeMaster]：已配置 PeriodicCommandSender 指令数=2 间隔=300 超时=1000 重试=0
[2026-06-04 18:58:20] [INFO] [data][ModbusTcpMasterPool][FirmwareUpgrader][initializeMaster]：已配置 FirmwareUpgrader PrepareTimeout=3000ms WaitingTime=1000ms SendInterval=160ms TransferTimeout=3000ms
[2026-06-04 18:58:20] [INFO] [data][ModbusTcpMasterManager][addMaster]：创建 Master ID=12010 IP=127.0.0.1 Port=509
[2026-06-04 18:58:20] [INFO] [data][ModbusTcpMasterPool][addMaster]：已创建并添加 Master ID=12010 IP=127.0.0.1 Port=509 到线程 9 ModbusPoolThread-9
[2026-06-04 18:58:20] [DEBUG] [data][ModbusConfigParser][initialCommandQueue]：已克隆初始指令 ref=ReadVersion
[2026-06-04 18:58:20] [INFO] [data][ModbusTcpMasterPool][initializeMaster]：开始初始化 Master ID=12010
[2026-06-04 18:58:20] [INFO] [data][ModbusConfigParser][initialCommandQueue]：开始构建初始指令队列，共 2 个引用
[2026-06-04 18:58:20] [DEBUG] [data][ModbusConfigParser][initialCommandQueue]：已克隆初始指令 ref=WriteVEFCGasType
[2026-06-04 18:58:20] [INFO] [data][ModbusConfigParser][initialCommandQueue]：初始指令队列构建完成，共 2 条
[2026-06-04 18:58:20] [INFO] [data][ModbusConfigParser][periodicCommandQueue]：开始构建定时指令队列，共 2 个引用
[2026-06-04 18:58:20] [DEBUG] [data][ModbusConfigParser][periodicCommandQueue]：已克隆定时指令 ref=ReadFoupStatus
[2026-06-04 18:58:20] [DEBUG] [data][ModbusConfigParser][periodicCommandQueue]：已克隆定时指令 ref=ReadIdlePurgeAll
[2026-06-04 18:58:20] [INFO] [data][ModbusConfigParser][periodicCommandQueue]：定时指令队列构建完成，共 2 条
[2026-06-04 18:58:20] [INFO] [data][ModbusTcpMasterPool][InitialCommandIssuer][initializeMaster]：已配置 InitialCommandIssuer 指令数=2 间隔=100 超时=1000 重试=3
[2026-06-04 18:58:20] [INFO] [data][ModbusTcpMasterPool][PeriodicCommandSender][initializeMaster]：已配置 PeriodicCommandSender 指令数=2 间隔=300 超时=1000 重试=0
[2026-06-04 18:58:20] [INFO] [data][ModbusTcpMasterPool][FirmwareUpgrader][initializeMaster]：已配置 FirmwareUpgrader PrepareTimeout=3000ms WaitingTime=1000ms SendInterval=160ms TransferTimeout=3000ms
[2026-06-04 18:58:20] [INFO] [data][ModbusTcpMasterManager][addMaster]：创建 Master ID=12011 IP=127.0.0.1 Port=510
[2026-06-04 18:58:20] [INFO] [data][ModbusTcpMasterPool][addMaster]：已创建并添加 Master ID=12011 IP=127.0.0.1 Port=510 到线程 10 ModbusPoolThread-10
[2026-06-04 18:58:20] [INFO] [data][ModbusTcpMasterPool][initializeMaster]：开始初始化 Master ID=12011
[2026-06-04 18:58:20] [INFO] [data][ModbusConfigParser][initialCommandQueue]：开始构建初始指令队列，共 2 个引用
[2026-06-04 18:58:20] [DEBUG] [data][ModbusConfigParser][initialCommandQueue]：已克隆初始指令 ref=ReadVersion
[2026-06-04 18:58:20] [DEBUG] [data][ModbusConfigParser][initialCommandQueue]：已克隆初始指令 ref=WriteVEFCGasType
[2026-06-04 18:58:20] [INFO] [data][ModbusConfigParser][initialCommandQueue]：初始指令队列构建完成，共 2 条
[2026-06-04 18:58:20] [INFO] [data][ModbusConfigParser][periodicCommandQueue]：开始构建定时指令队列，共 2 个引用
[2026-06-04 18:58:20] [DEBUG] [data][ModbusConfigParser][periodicCommandQueue]：已克隆定时指令 ref=ReadFoupStatus
[2026-06-04 18:58:20] [DEBUG] [data][ModbusConfigParser][periodicCommandQueue]：已克隆定时指令 ref=ReadIdlePurgeAll
[2026-06-04 18:58:20] [INFO] [data][ModbusConfigParser][periodicCommandQueue]：定时指令队列构建完成，共 2 条
[2026-06-04 18:58:20] [INFO] [data][ModbusTcpMasterPool][InitialCommandIssuer][initializeMaster]：已配置 InitialCommandIssuer 指令数=2 间隔=100 超时=1000 重试=3
[2026-06-04 18:58:20] [INFO] [data][ModbusTcpMasterPool][PeriodicCommandSender][initializeMaster]：已配置 PeriodicCommandSender 指令数=2 间隔=300 超时=1000 重试=0
[2026-06-04 18:58:20] [INFO] [data][ModbusTcpMasterPool][FirmwareUpgrader][initializeMaster]：已配置 FirmwareUpgrader PrepareTimeout=3000ms WaitingTime=1000ms SendInterval=160ms TransferTimeout=3000ms
[2026-06-04 18:58:20] [INFO] [data][ModbusTcpMasterManager][addMaster]：创建 Master ID=12012 IP=127.0.0.1 Port=511
[2026-06-04 18:58:20] [INFO] [data][ModbusTcpMasterPool][addMaster]：已创建并添加 Master ID=12012 IP=127.0.0.1 Port=511 到线程 11 ModbusPoolThread-11
[2026-06-04 18:58:20] [INFO] [data][ModbusTcpMasterPool][initializeMaster]：开始初始化 Master ID=12012
[2026-06-04 18:58:20] [INFO] [data][ModbusConfigParser][initialCommandQueue]：开始构建初始指令队列，共 2 个引用
[2026-06-04 18:58:20] [DEBUG] [data][ModbusConfigParser][initialCommandQueue]：已克隆初始指令 ref=ReadVersion
[2026-06-04 18:58:20] [DEBUG] [data][ModbusConfigParser][initialCommandQueue]：已克隆初始指令 ref=WriteVEFCGasType
[2026-06-04 18:58:20] [INFO] [data][ModbusConfigParser][initialCommandQueue]：初始指令队列构建完成，共 2 条
[2026-06-04 18:58:20] [INFO] [data][ModbusConfigParser][periodicCommandQueue]：开始构建定时指令队列，共 2 个引用
[2026-06-04 18:58:20] [DEBUG] [data][ModbusConfigParser][periodicCommandQueue]：已克隆定时指令 ref=ReadFoupStatus
[2026-06-04 18:58:20] [DEBUG] [data][ModbusConfigParser][periodicCommandQueue]：已克隆定时指令 ref=ReadIdlePurgeAll
[2026-06-04 18:58:20] [INFO] [data][ModbusConfigParser][periodicCommandQueue]：定时指令队列构建完成，共 2 条
[2026-06-04 18:58:20] [INFO] [data][ModbusTcpMasterPool][InitialCommandIssuer][initializeMaster]：已配置 InitialCommandIssuer 指令数=2 间隔=100 超时=1000 重试=3
[2026-06-04 18:58:20] [INFO] [data][ModbusTcpMasterPool][PeriodicCommandSender][initializeMaster]：已配置 PeriodicCommandSender 指令数=2 间隔=300 超时=1000 重试=0
[2026-06-04 18:58:20] [INFO] [data][ModbusTcpMasterPool][FirmwareUpgrader][initializeMaster]：已配置 FirmwareUpgrader PrepareTimeout=3000ms WaitingTime=1000ms SendInterval=160ms TransferTimeout=3000ms
[2026-06-04 18:58:20] [INFO] [data][ModbusTcpMasterManager][addMaster]：创建 Master ID=12013 IP=127.0.0.1 Port=512
[2026-06-04 18:58:20] [INFO] [data][ModbusTcpMasterPool][addMaster]：已创建并添加 Master ID=12013 IP=127.0.0.1 Port=512 到线程 12 ModbusPoolThread-12
[2026-06-04 18:58:20] [INFO] [data][ModbusTcpMasterPool][initializeMaster]：开始初始化 Master ID=12013
[2026-06-04 18:58:20] [INFO] [data][ModbusConfigParser][initialCommandQueue]：开始构建初始指令队列，共 2 个引用
[2026-06-04 18:58:20] [DEBUG] [data][ModbusConfigParser][initialCommandQueue]：已克隆初始指令 ref=ReadVersion
[2026-06-04 18:58:20] [DEBUG] [data][ModbusConfigParser][initialCommandQueue]：已克隆初始指令 ref=WriteVEFCGasType
[2026-06-04 18:58:20] [INFO] [data][ModbusConfigParser][initialCommandQueue]：初始指令队列构建完成，共 2 条
[2026-06-04 18:58:20] [INFO] [data][ModbusConfigParser][periodicCommandQueue]：开始构建定时指令队列，共 2 个引用
[2026-06-04 18:58:20] [DEBUG] [data][ModbusConfigParser][periodicCommandQueue]：已克隆定时指令 ref=ReadFoupStatus
[2026-06-04 18:58:20] [DEBUG] [data][ModbusConfigParser][periodicCommandQueue]：已克隆定时指令 ref=ReadIdlePurgeAll
[2026-06-04 18:58:20] [INFO] [data][ModbusConfigParser][periodicCommandQueue]：定时指令队列构建完成，共 2 条
[2026-06-04 18:58:20] [INFO] [data][ModbusTcpMasterPool][InitialCommandIssuer][initializeMaster]：已配置 InitialCommandIssuer 指令数=2 间隔=100 超时=1000 重试=3
[2026-06-04 18:58:20] [INFO] [data][ModbusTcpMasterPool][PeriodicCommandSender][initializeMaster]：已配置 PeriodicCommandSender 指令数=2 间隔=300 超时=1000 重试=0
[2026-06-04 18:58:20] [INFO] [data][ModbusTcpMasterPool][FirmwareUpgrader][initializeMaster]：已配置 FirmwareUpgrader PrepareTimeout=3000ms WaitingTime=1000ms SendInterval=160ms TransferTimeout=3000ms
[2026-06-04 18:58:20] [INFO] [data][ModbusTcpMasterManager][addMaster]：创建 Master ID=12014 IP=127.0.0.1 Port=513
[2026-06-04 18:58:20] [INFO] [data][ModbusTcpMasterPool][addMaster]：已创建并添加 Master ID=12014 IP=127.0.0.1 Port=513 到线程 13 ModbusPoolThread-13
[2026-06-04 18:58:20] [INFO] [data][ModbusTcpMasterPool][initializeMaster]：开始初始化 Master ID=12014
[2026-06-04 18:58:20] [INFO] [data][ModbusConfigParser][initialCommandQueue]：开始构建初始指令队列，共 2 个引用
[2026-06-04 18:58:20] [DEBUG] [data][ModbusConfigParser][initialCommandQueue]：已克隆初始指令 ref=ReadVersion
[2026-06-04 18:58:20] [DEBUG] [data][ModbusConfigParser][initialCommandQueue]：已克隆初始指令 ref=WriteVEFCGasType
[2026-06-04 18:58:20] [INFO] [data][ModbusConfigParser][initialCommandQueue]：初始指令队列构建完成，共 2 条
[2026-06-04 18:58:20] [INFO] [data][ModbusConfigParser][periodicCommandQueue]：开始构建定时指令队列，共 2 个引用
[2026-06-04 18:58:20] [DEBUG] [data][ModbusConfigParser][periodicCommandQueue]：已克隆定时指令 ref=ReadFoupStatus
[2026-06-04 18:58:20] [DEBUG] [data][ModbusConfigParser][periodicCommandQueue]：已克隆定时指令 ref=ReadIdlePurgeAll
[2026-06-04 18:58:20] [INFO] [data][ModbusConfigParser][periodicCommandQueue]：定时指令队列构建完成，共 2 条
[2026-06-04 18:58:20] [INFO] [data][ModbusTcpMasterPool][InitialCommandIssuer][initializeMaster]：已配置 InitialCommandIssuer 指令数=2 间隔=100 超时=1000 重试=3
[2026-06-04 18:58:20] [INFO] [data][ModbusTcpMasterPool][PeriodicCommandSender][initializeMaster]：已配置 PeriodicCommandSender 指令数=2 间隔=300 超时=1000 重试=0
[2026-06-04 18:58:20] [INFO] [data][ModbusTcpMasterPool][FirmwareUpgrader][initializeMaster]：已配置 FirmwareUpgrader PrepareTimeout=3000ms WaitingTime=1000ms SendInterval=160ms TransferTimeout=3000ms
[2026-06-04 18:58:20] [INFO] [data][ModbusTcpMasterManager][addMaster]：创建 Master ID=12015 IP=127.0.0.1 Port=514
[2026-06-04 18:58:20] [INFO] [data][ModbusTcpMasterPool][addMaster]：已创建并添加 Master ID=12015 IP=127.0.0.1 Port=514 到线程 14 ModbusPoolThread-14
[2026-06-04 18:58:20] [INFO] [data][ModbusTcpMasterPool][initializeMaster]：开始初始化 Master ID=12015
[2026-06-04 18:58:20] [INFO] [data][ModbusConfigParser][initialCommandQueue]：开始构建初始指令队列，共 2 个引用
[2026-06-04 18:58:20] [DEBUG] [data][ModbusConfigParser][initialCommandQueue]：已克隆初始指令 ref=ReadVersion
[2026-06-04 18:58:20] [DEBUG] [data][ModbusConfigParser][initialCommandQueue]：已克隆初始指令 ref=WriteVEFCGasType
[2026-06-04 18:58:20] [INFO] [data][ModbusConfigParser][initialCommandQueue]：初始指令队列构建完成，共 2 条
[2026-06-04 18:58:20] [INFO] [data][ModbusConfigParser][periodicCommandQueue]：开始构建定时指令队列，共 2 个引用
[2026-06-04 18:58:20] [DEBUG] [data][ModbusConfigParser][periodicCommandQueue]：已克隆定时指令 ref=ReadFoupStatus
[2026-06-04 18:58:20] [DEBUG] [data][ModbusConfigParser][periodicCommandQueue]：已克隆定时指令 ref=ReadIdlePurgeAll
[2026-06-04 18:58:20] [INFO] [data][ModbusConfigParser][periodicCommandQueue]：定时指令队列构建完成，共 2 条
[2026-06-04 18:58:20] [INFO] [data][ModbusTcpMasterPool][InitialCommandIssuer][initializeMaster]：已配置 InitialCommandIssuer 指令数=2 间隔=100 超时=1000 重试=3
[2026-06-04 18:58:20] [INFO] [data][ModbusTcpMasterPool][PeriodicCommandSender][initializeMaster]：已配置 PeriodicCommandSender 指令数=2 间隔=300 超时=1000 重试=0
[2026-06-04 18:58:20] [INFO] [data][ModbusTcpMasterPool][FirmwareUpgrader][initializeMaster]：已配置 FirmwareUpgrader PrepareTimeout=3000ms WaitingTime=1000ms SendInterval=160ms TransferTimeout=3000ms
[2026-06-04 18:58:20] [INFO] [data][ModbusTcpMasterManager][addMaster]：创建 Master ID=12016 IP=127.0.0.1 Port=515
[2026-06-04 18:58:20] [INFO] [data][ModbusTcpMasterPool][addMaster]：已创建并添加 Master ID=12016 IP=127.0.0.1 Port=515 到线程 15 ModbusPoolThread-15
[2026-06-04 18:58:20] [INFO] [data][ModbusTcpMasterPool][initializeMaster]：开始初始化 Master ID=12016
[2026-06-04 18:58:20] [INFO] [data][ModbusConfigParser][initialCommandQueue]：开始构建初始指令队列，共 2 个引用
[2026-06-04 18:58:20] [DEBUG] [data][ModbusConfigParser][initialCommandQueue]：已克隆初始指令 ref=ReadVersion
[2026-06-04 18:58:20] [DEBUG] [data][ModbusConfigParser][initialCommandQueue]：已克隆初始指令 ref=WriteVEFCGasType
[2026-06-04 18:58:20] [INFO] [data][ModbusConfigParser][initialCommandQueue]：初始指令队列构建完成，共 2 条
[2026-06-04 18:58:20] [INFO] [data][ModbusConfigParser][periodicCommandQueue]：开始构建定时指令队列，共 2 个引用
[2026-06-04 18:58:20] [INFO] [data][ModbusConfigParser][periodicCommandQueue]：定时指令队列构建完成，共 2 条
[2026-06-04 18:58:20] [DEBUG] [data][ModbusConfigParser][periodicCommandQueue]：已克隆定时指令 ref=ReadFoupStatus
[2026-06-04 18:58:20] [DEBUG] [data][ModbusConfigParser][periodicCommandQueue]：已克隆定时指令 ref=ReadIdlePurgeAll
[2026-06-04 18:58:20] [INFO] [data][ModbusTcpMasterPool][InitialCommandIssuer][initializeMaster]：已配置 InitialCommandIssuer 指令数=2 间隔=100 超时=1000 重试=3
[2026-06-04 18:58:20] [INFO] [data][ModbusTcpMasterPool][PeriodicCommandSender][initializeMaster]：已配置 PeriodicCommandSender 指令数=2 间隔=300 超时=1000 重试=0
[2026-06-04 18:58:20] [INFO] [data][ModbusTcpMasterPool][FirmwareUpgrader][initializeMaster]：已配置 FirmwareUpgrader PrepareTimeout=3000ms WaitingTime=1000ms SendInterval=160ms TransferTimeout=3000ms
[2026-06-04 18:58:20] [INFO] [data][ModbusTcpMasterManager][addMaster]：创建 Master ID=12017 IP=127.0.0.1 Port=516
[2026-06-04 18:58:20] [INFO] [data][ModbusTcpMasterPool][addMaster]：已创建并添加 Master ID=12017 IP=127.0.0.1 Port=516 到线程 16 ModbusPoolThread-16
[2026-06-04 18:58:20] [INFO] [data][ModbusTcpMasterPool][initializeMaster]：开始初始化 Master ID=12017
[2026-06-04 18:58:20] [INFO] [data][ModbusConfigParser][initialCommandQueue]：开始构建初始指令队列，共 2 个引用
[2026-06-04 18:58:20] [DEBUG] [data][ModbusConfigParser][initialCommandQueue]：已克隆初始指令 ref=ReadVersion
[2026-06-04 18:58:20] [DEBUG] [data][ModbusConfigParser][initialCommandQueue]：已克隆初始指令 ref=WriteVEFCGasType
[2026-06-04 18:58:20] [INFO] [data][ModbusConfigParser][initialCommandQueue]：初始指令队列构建完成，共 2 条
[2026-06-04 18:58:20] [INFO] [data][ModbusConfigParser][periodicCommandQueue]：开始构建定时指令队列，共 2 个引用
[2026-06-04 18:58:20] [DEBUG] [data][ModbusConfigParser][periodicCommandQueue]：已克隆定时指令 ref=ReadFoupStatus
[2026-06-04 18:58:20] [DEBUG] [data][ModbusConfigParser][periodicCommandQueue]：已克隆定时指令 ref=ReadIdlePurgeAll
[2026-06-04 18:58:20] [INFO] [data][ModbusConfigParser][periodicCommandQueue]：定时指令队列构建完成，共 2 条
[2026-06-04 18:58:20] [INFO] [data][ModbusTcpMasterPool][InitialCommandIssuer][initializeMaster]：已配置 InitialCommandIssuer 指令数=2 间隔=100 超时=1000 重试=3
[2026-06-04 18:58:20] [INFO] [data][ModbusTcpMasterPool][PeriodicCommandSender][initializeMaster]：已配置 PeriodicCommandSender 指令数=2 间隔=300 超时=1000 重试=0
[2026-06-04 18:58:20] [INFO] [data][ModbusTcpMasterPool][FirmwareUpgrader][initializeMaster]：已配置 FirmwareUpgrader PrepareTimeout=3000ms WaitingTime=1000ms SendInterval=160ms TransferTimeout=3000ms
[2026-06-04 18:58:20] [INFO] [data][ModbusTcpMasterManager][addMaster]：创建 Master ID=12018 IP=127.0.0.1 Port=517
[2026-06-04 18:58:20] [INFO] [data][ModbusTcpMasterPool][addMaster]：已创建并添加 Master ID=12018 IP=127.0.0.1 Port=517 到线程 17 ModbusPoolThread-17
[2026-06-04 18:58:20] [INFO] [data][ModbusTcpMasterPool][initializeMaster]：开始初始化 Master ID=12018
[2026-06-04 18:58:20] [INFO] [data][ModbusConfigParser][initialCommandQueue]：开始构建初始指令队列，共 2 个引用
[2026-06-04 18:58:20] [DEBUG] [data][ModbusConfigParser][initialCommandQueue]：已克隆初始指令 ref=ReadVersion
[2026-06-04 18:58:20] [DEBUG] [data][ModbusConfigParser][initialCommandQueue]：已克隆初始指令 ref=WriteVEFCGasType
[2026-06-04 18:58:20] [INFO] [data][ModbusConfigParser][initialCommandQueue]：初始指令队列构建完成，共 2 条
[2026-06-04 18:58:20] [INFO] [data][ModbusConfigParser][periodicCommandQueue]：开始构建定时指令队列，共 2 个引用
[2026-06-04 18:58:20] [DEBUG] [data][ModbusConfigParser][periodicCommandQueue]：已克隆定时指令 ref=ReadFoupStatus
[2026-06-04 18:58:20] [DEBUG] [data][ModbusConfigParser][periodicCommandQueue]：已克隆定时指令 ref=ReadIdlePurgeAll
[2026-06-04 18:58:20] [INFO] [data][ModbusConfigParser][periodicCommandQueue]：定时指令队列构建完成，共 2 条
[2026-06-04 18:58:20] [INFO] [data][ModbusTcpMasterPool][InitialCommandIssuer][initializeMaster]：已配置 InitialCommandIssuer 指令数=2 间隔=100 超时=1000 重试=3
[2026-06-04 18:58:20] [INFO] [data][ModbusTcpMasterPool][PeriodicCommandSender][initializeMaster]：已配置 PeriodicCommandSender 指令数=2 间隔=300 超时=1000 重试=0
[2026-06-04 18:58:20] [INFO] [data][ModbusTcpMasterPool][FirmwareUpgrader][initializeMaster]：已配置 FirmwareUpgrader PrepareTimeout=3000ms WaitingTime=1000ms SendInterval=160ms TransferTimeout=3000ms
[2026-06-04 18:58:20] [INFO] [data][ModbusTcpMasterManager][addMaster]：创建 Master ID=12019 IP=127.0.0.1 Port=518
[2026-06-04 18:58:20] [INFO] [data][ModbusTcpMasterPool][addMaster]：已创建并添加 Master ID=12019 IP=127.0.0.1 Port=518 到线程 18 ModbusPoolThread-18
[2026-06-04 18:58:20] [INFO] [data][ModbusTcpMasterPool][initializeMaster]：开始初始化 Master ID=12019
[2026-06-04 18:58:20] [INFO] [data][ModbusConfigParser][initialCommandQueue]：开始构建初始指令队列，共 2 个引用
[2026-06-04 18:58:20] [DEBUG] [data][ModbusConfigParser][initialCommandQueue]：已克隆初始指令 ref=ReadVersion
[2026-06-04 18:58:20] [DEBUG] [data][ModbusConfigParser][initialCommandQueue]：已克隆初始指令 ref=WriteVEFCGasType
[2026-06-04 18:58:20] [INFO] [data][ModbusConfigParser][initialCommandQueue]：初始指令队列构建完成，共 2 条
[2026-06-04 18:58:20] [INFO] [data][ModbusConfigParser][periodicCommandQueue]：开始构建定时指令队列，共 2 个引用
[2026-06-04 18:58:20] [DEBUG] [data][ModbusConfigParser][periodicCommandQueue]：已克隆定时指令 ref=ReadFoupStatus
[2026-06-04 18:58:20] [DEBUG] [data][ModbusConfigParser][periodicCommandQueue]：已克隆定时指令 ref=ReadIdlePurgeAll
[2026-06-04 18:58:20] [INFO] [data][ModbusConfigParser][periodicCommandQueue]：定时指令队列构建完成，共 2 条
[2026-06-04 18:58:20] [INFO] [data][ModbusTcpMasterPool][InitialCommandIssuer][initializeMaster]：已配置 InitialCommandIssuer 指令数=2 间隔=100 超时=1000 重试=3
[2026-06-04 18:58:20] [INFO] [data][ModbusTcpMasterPool][PeriodicCommandSender][initializeMaster]：已配置 PeriodicCommandSender 指令数=2 间隔=300 超时=1000 重试=0
[2026-06-04 18:58:20] [INFO] [data][ModbusTcpMasterPool][FirmwareUpgrader][initializeMaster]：已配置 FirmwareUpgrader PrepareTimeout=3000ms WaitingTime=1000ms SendInterval=160ms TransferTimeout=3000ms
[2026-06-04 18:58:20] [INFO] [data][ModbusTcpMasterManager][addMaster]：创建 Master ID=12020 IP=127.0.0.1 Port=519
[2026-06-04 18:58:20] [INFO] [data][ModbusTcpMasterPool][addMaster]：已创建并添加 Master ID=12020 IP=127.0.0.1 Port=519 到线程 19 ModbusPoolThread-19
[2026-06-04 18:58:20] [INFO] [data][ModbusTcpMasterPool][initializeMaster]：开始初始化 Master ID=12020
[2026-06-04 18:58:20] [INFO] [data][ModbusConfigParser][initialCommandQueue]：开始构建初始指令队列，共 2 个引用
[2026-06-04 18:58:20] [DEBUG] [data][ModbusConfigParser][initialCommandQueue]：已克隆初始指令 ref=ReadVersion
[2026-06-04 18:58:20] [DEBUG] [data][ModbusConfigParser][initialCommandQueue]：已克隆初始指令 ref=WriteVEFCGasType
[2026-06-04 18:58:20] [INFO] [data][ModbusConfigParser][initialCommandQueue]：初始指令队列构建完成，共 2 条
[2026-06-04 18:58:20] [INFO] [data][ModbusConfigParser][periodicCommandQueue]：开始构建定时指令队列，共 2 个引用
[2026-06-04 18:58:20] [DEBUG] [data][ModbusConfigParser][periodicCommandQueue]：已克隆定时指令 ref=ReadFoupStatus
[2026-06-04 18:58:20] [DEBUG] [data][ModbusConfigParser][periodicCommandQueue]：已克隆定时指令 ref=ReadIdlePurgeAll
[2026-06-04 18:58:20] [INFO] [data][ModbusConfigParser][periodicCommandQueue]：定时指令队列构建完成，共 2 条
[2026-06-04 18:58:20] [INFO] [data][ModbusTcpMasterPool][InitialCommandIssuer][initializeMaster]：已配置 InitialCommandIssuer 指令数=2 间隔=100 超时=1000 重试=3
[2026-06-04 18:58:20] [INFO] [data][ModbusTcpMasterPool][PeriodicCommandSender][initializeMaster]：已配置 PeriodicCommandSender 指令数=2 间隔=300 超时=1000 重试=0
[2026-06-04 18:58:20] [INFO] [data][ModbusTcpMasterPool][FirmwareUpgrader][initializeMaster]：已配置 FirmwareUpgrader PrepareTimeout=3000ms WaitingTime=1000ms SendInterval=160ms TransferTimeout=3000ms
[2026-06-04 18:58:20] [INFO] [data][ModbusTcpMasterManager][addMaster]：创建 Master ID=12021 IP=127.0.0.1 Port=520
[2026-06-04 18:58:20] [INFO] [data][ModbusTcpMasterPool][addMaster]：已创建并添加 Master ID=12021 IP=127.0.0.1 Port=520 到线程 20 ModbusPoolThread-20
[2026-06-04 18:58:20] [INFO] [data][ModbusTcpMasterPool][initializeMaster]：开始初始化 Master ID=12021
[2026-06-04 18:58:20] [INFO] [data][ModbusConfigParser][initialCommandQueue]：开始构建初始指令队列，共 2 个引用
[2026-06-04 18:58:20] [DEBUG] [data][ModbusConfigParser][initialCommandQueue]：已克隆初始指令 ref=ReadVersion
[2026-06-04 18:58:20] [DEBUG] [data][ModbusConfigParser][initialCommandQueue]：已克隆初始指令 ref=WriteVEFCGasType
[2026-06-04 18:58:20] [INFO] [data][ModbusConfigParser][initialCommandQueue]：初始指令队列构建完成，共 2 条
[2026-06-04 18:58:20] [INFO] [data][ModbusConfigParser][periodicCommandQueue]：开始构建定时指令队列，共 2 个引用
[2026-06-04 18:58:20] [DEBUG] [data][ModbusConfigParser][periodicCommandQueue]：已克隆定时指令 ref=ReadFoupStatus
[2026-06-04 18:58:20] [DEBUG] [data][ModbusConfigParser][periodicCommandQueue]：已克隆定时指令 ref=ReadIdlePurgeAll
[2026-06-04 18:58:20] [INFO] [data][ModbusConfigParser][periodicCommandQueue]：定时指令队列构建完成，共 2 条
[2026-06-04 18:58:20] [INFO] [data][ModbusTcpMasterPool][InitialCommandIssuer][initializeMaster]：已配置 InitialCommandIssuer 指令数=2 间隔=100 超时=1000 重试=3
[2026-06-04 18:58:20] [INFO] [data][ModbusTcpMasterPool][PeriodicCommandSender][initializeMaster]：已配置 PeriodicCommandSender 指令数=2 间隔=300 超时=1000 重试=0
[2026-06-04 18:58:20] [INFO] [data][ModbusTcpMasterPool][FirmwareUpgrader][initializeMaster]：已配置 FirmwareUpgrader PrepareTimeout=3000ms WaitingTime=1000ms SendInterval=160ms TransferTimeout=3000ms
[2026-06-04 18:58:20] [INFO] [data][ModbusTcpMasterManager][addMaster]：创建 Master ID=12022 IP=127.0.0.1 Port=521
[2026-06-04 18:58:20] [INFO] [data][ModbusTcpMasterPool][addMaster]：已创建并添加 Master ID=12022 IP=127.0.0.1 Port=521 到线程 21 ModbusPoolThread-21
[2026-06-04 18:58:20] [INFO] [data][ModbusTcpMasterPool][initializeMaster]：开始初始化 Master ID=12022
[2026-06-04 18:58:20] [INFO] [data][ModbusConfigParser][initialCommandQueue]：开始构建初始指令队列，共 2 个引用
[2026-06-04 18:58:20] [DEBUG] [data][ModbusConfigParser][initialCommandQueue]：已克隆初始指令 ref=ReadVersion
[2026-06-04 18:58:20] [DEBUG] [data][ModbusConfigParser][initialCommandQueue]：已克隆初始指令 ref=WriteVEFCGasType
[2026-06-04 18:58:20] [INFO] [data][ModbusConfigParser][initialCommandQueue]：初始指令队列构建完成，共 2 条
[2026-06-04 18:58:20] [INFO] [data][ModbusConfigParser][periodicCommandQueue]：开始构建定时指令队列，共 2 个引用
[2026-06-04 18:58:20] [DEBUG] [data][ModbusConfigParser][periodicCommandQueue]：已克隆定时指令 ref=ReadFoupStatus
[2026-06-04 18:58:20] [DEBUG] [data][ModbusConfigParser][periodicCommandQueue]：已克隆定时指令 ref=ReadIdlePurgeAll
[2026-06-04 18:58:20] [INFO] [data][ModbusConfigParser][periodicCommandQueue]：定时指令队列构建完成，共 2 条
[2026-06-04 18:58:20] [INFO] [data][ModbusTcpMasterPool][InitialCommandIssuer][initializeMaster]：已配置 InitialCommandIssuer 指令数=2 间隔=100 超时=1000 重试=3
[2026-06-04 18:58:20] [INFO] [data][ModbusTcpMasterPool][PeriodicCommandSender][initializeMaster]：已配置 PeriodicCommandSender 指令数=2 间隔=300 超时=1000 重试=0
[2026-06-04 18:58:20] [INFO] [data][ModbusTcpMasterPool][FirmwareUpgrader][initializeMaster]：已配置 FirmwareUpgrader PrepareTimeout=3000ms WaitingTime=1000ms SendInterval=160ms TransferTimeout=3000ms
[2026-06-04 18:58:20] [INFO] [data][ModbusTcpMasterManager][addMaster]：创建 Master ID=12023 IP=127.0.0.1 Port=522
[2026-06-04 18:58:20] [INFO] [data][ModbusTcpMasterPool][addMaster]：已创建并添加 Master ID=12023 IP=127.0.0.1 Port=522 到线程 0 ModbusPoolThread-0
[2026-06-04 18:58:20] [INFO] [data][ModbusTcpMasterPool][initializeMaster]：开始初始化 Master ID=12023
[2026-06-04 18:58:20] [INFO] [data][ModbusConfigParser][initialCommandQueue]：开始构建初始指令队列，共 2 个引用
[2026-06-04 18:58:20] [DEBUG] [data][ModbusConfigParser][initialCommandQueue]：已克隆初始指令 ref=ReadVersion
[2026-06-04 18:58:20] [DEBUG] [data][ModbusConfigParser][initialCommandQueue]：已克隆初始指令 ref=WriteVEFCGasType
[2026-06-04 18:58:20] [INFO] [data][ModbusConfigParser][initialCommandQueue]：初始指令队列构建完成，共 2 条
[2026-06-04 18:58:20] [INFO] [data][ModbusConfigParser][periodicCommandQueue]：开始构建定时指令队列，共 2 个引用
[2026-06-04 18:58:20] [DEBUG] [data][ModbusConfigParser][periodicCommandQueue]：已克隆定时指令 ref=ReadFoupStatus
[2026-06-04 18:58:20] [DEBUG] [data][ModbusConfigParser][periodicCommandQueue]：已克隆定时指令 ref=ReadIdlePurgeAll
[2026-06-04 18:58:20] [INFO] [data][ModbusConfigParser][periodicCommandQueue]：定时指令队列构建完成，共 2 条
[2026-06-04 18:58:20] [INFO] [data][ModbusTcpMasterPool][InitialCommandIssuer][initializeMaster]：已配置 InitialCommandIssuer 指令数=2 间隔=100 超时=1000 重试=3
[2026-06-04 18:58:20] [INFO] [data][ModbusTcpMasterPool][PeriodicCommandSender][initializeMaster]：已配置 PeriodicCommandSender 指令数=2 间隔=300 超时=1000 重试=0
[2026-06-04 18:58:20] [INFO] [data][ModbusTcpMasterPool][FirmwareUpgrader][initializeMaster]：已配置 FirmwareUpgrader PrepareTimeout=3000ms WaitingTime=1000ms SendInterval=160ms TransferTimeout=3000ms
[2026-06-04 18:58:20] [INFO] [data][ModbusTcpMasterManager][addMaster]：创建 Master ID=12024 IP=127.0.0.1 Port=523
[2026-06-04 18:58:20] [INFO] [data][ModbusTcpMasterPool][addMaster]：已创建并添加 Master ID=12024 IP=127.0.0.1 Port=523 到线程 1 ModbusPoolThread-1
[2026-06-04 18:58:20] [INFO] [data][ModbusTcpMasterPool][initializeMaster]：开始初始化 Master ID=12024
[2026-06-04 18:58:20] [INFO] [data][ModbusConfigParser][initialCommandQueue]：开始构建初始指令队列，共 2 个引用
[2026-06-04 18:58:20] [DEBUG] [data][ModbusConfigParser][initialCommandQueue]：已克隆初始指令 ref=ReadVersion
[2026-06-04 18:58:20] [DEBUG] [data][ModbusConfigParser][initialCommandQueue]：已克隆初始指令 ref=WriteVEFCGasType
[2026-06-04 18:58:20] [INFO] [data][ModbusConfigParser][initialCommandQueue]：初始指令队列构建完成，共 2 条
[2026-06-04 18:58:20] [INFO] [data][ModbusConfigParser][periodicCommandQueue]：开始构建定时指令队列，共 2 个引用
[2026-06-04 18:58:20] [DEBUG] [data][ModbusConfigParser][periodicCommandQueue]：已克隆定时指令 ref=ReadFoupStatus
[2026-06-04 18:58:20] [DEBUG] [data][ModbusConfigParser][periodicCommandQueue]：已克隆定时指令 ref=ReadIdlePurgeAll
[2026-06-04 18:58:20] [INFO] [data][ModbusConfigParser][periodicCommandQueue]：定时指令队列构建完成，共 2 条
[2026-06-04 18:58:20] [INFO] [data][ModbusTcpMasterPool][InitialCommandIssuer][initializeMaster]：已配置 InitialCommandIssuer 指令数=2 间隔=100 超时=1000 重试=3
[2026-06-04 18:58:20] [INFO] [data][ModbusTcpMasterPool][PeriodicCommandSender][initializeMaster]：已配置 PeriodicCommandSender 指令数=2 间隔=300 超时=1000 重试=0
[2026-06-04 18:58:20] [INFO] [data][ModbusTcpMasterPool][FirmwareUpgrader][initializeMaster]：已配置 FirmwareUpgrader PrepareTimeout=3000ms WaitingTime=1000ms SendInterval=160ms TransferTimeout=3000ms
[2026-06-04 18:58:20] [INFO] [data][ModbusTcpMasterManager][addMaster]：创建 Master ID=12025 IP=127.0.0.1 Port=524
[2026-06-04 18:58:20] [INFO] [data][ModbusTcpMasterPool][addMaster]：已创建并添加 Master ID=12025 IP=127.0.0.1 Port=524 到线程 2 ModbusPoolThread-2
[2026-06-04 18:58:20] [INFO] [data][ModbusTcpMasterPool][initializeMaster]：开始初始化 Master ID=12025
[2026-06-04 18:58:20] [INFO] [data][ModbusConfigParser][initialCommandQueue]：开始构建初始指令队列，共 2 个引用
[2026-06-04 18:58:20] [DEBUG] [data][ModbusConfigParser][initialCommandQueue]：已克隆初始指令 ref=ReadVersion
[2026-06-04 18:58:20] [DEBUG] [data][ModbusConfigParser][initialCommandQueue]：已克隆初始指令 ref=WriteVEFCGasType
[2026-06-04 18:58:20] [INFO] [data][ModbusConfigParser][initialCommandQueue]：初始指令队列构建完成，共 2 条
[2026-06-04 18:58:20] [INFO] [data][ModbusConfigParser][periodicCommandQueue]：开始构建定时指令队列，共 2 个引用
[2026-06-04 18:58:20] [DEBUG] [data][ModbusConfigParser][periodicCommandQueue]：已克隆定时指令 ref=ReadFoupStatus
[2026-06-04 18:58:20] [DEBUG] [data][ModbusConfigParser][periodicCommandQueue]：已克隆定时指令 ref=ReadIdlePurgeAll
[2026-06-04 18:58:20] [INFO] [data][ModbusConfigParser][periodicCommandQueue]：定时指令队列构建完成，共 2 条
[2026-06-04 18:58:20] [INFO] [data][ModbusTcpMasterPool][InitialCommandIssuer][initializeMaster]：已配置 InitialCommandIssuer 指令数=2 间隔=100 超时=1000 重试=3
[2026-06-04 18:58:20] [INFO] [data][ModbusTcpMasterPool][PeriodicCommandSender][initializeMaster]：已配置 PeriodicCommandSender 指令数=2 间隔=300 超时=1000 重试=0
[2026-06-04 18:58:20] [INFO] [data][ModbusTcpMasterPool][FirmwareUpgrader][initializeMaster]：已配置 FirmwareUpgrader PrepareTimeout=3000ms WaitingTime=1000ms SendInterval=160ms TransferTimeout=3000ms
[2026-06-04 18:58:20] [INFO] [data][ModbusTcpMasterManager][addMaster]：创建 Master ID=12026 IP=127.0.0.1 Port=525
[2026-06-04 18:58:20] [INFO] [data][ModbusTcpMasterPool][addMaster]：已创建并添加 Master ID=12026 IP=127.0.0.1 Port=525 到线程 3 ModbusPoolThread-3
[2026-06-04 18:58:20] [INFO] [data][ModbusTcpMasterPool][initializeMaster]：开始初始化 Master ID=12026
[2026-06-04 18:58:20] [INFO] [data][ModbusConfigParser][initialCommandQueue]：开始构建初始指令队列，共 2 个引用
[2026-06-04 18:58:20] [DEBUG] [data][ModbusConfigParser][initialCommandQueue]：已克隆初始指令 ref=ReadVersion
[2026-06-04 18:58:20] [DEBUG] [data][ModbusConfigParser][initialCommandQueue]：已克隆初始指令 ref=WriteVEFCGasType
[2026-06-04 18:58:20] [INFO] [data][ModbusConfigParser][initialCommandQueue]：初始指令队列构建完成，共 2 条
[2026-06-04 18:58:20] [INFO] [data][ModbusConfigParser][periodicCommandQueue]：开始构建定时指令队列，共 2 个引用
[2026-06-04 18:58:20] [DEBUG] [data][ModbusConfigParser][periodicCommandQueue]：已克隆定时指令 ref=ReadFoupStatus
[2026-06-04 18:58:20] [DEBUG] [data][ModbusConfigParser][periodicCommandQueue]：已克隆定时指令 ref=ReadIdlePurgeAll
[2026-06-04 18:58:20] [INFO] [data][ModbusConfigParser][periodicCommandQueue]：定时指令队列构建完成，共 2 条
[2026-06-04 18:58:20] [INFO] [data][ModbusTcpMasterPool][InitialCommandIssuer][initializeMaster]：已配置 InitialCommandIssuer 指令数=2 间隔=100 超时=1000 重试=3
[2026-06-04 18:58:20] [INFO] [data][ModbusTcpMasterPool][PeriodicCommandSender][initializeMaster]：已配置 PeriodicCommandSender 指令数=2 间隔=300 超时=1000 重试=0
[2026-06-04 18:58:20] [INFO] [data][ModbusTcpMasterPool][FirmwareUpgrader][initializeMaster]：已配置 FirmwareUpgrader PrepareTimeout=3000ms WaitingTime=1000ms SendInterval=160ms TransferTimeout=3000ms
[2026-06-04 18:58:20] [INFO] [data][ModbusTcpMasterManager][addMaster]：创建 Master ID=12027 IP=127.0.0.1 Port=526
[2026-06-04 18:58:20] [INFO] [data][ModbusTcpMasterPool][addMaster]：已创建并添加 Master ID=12027 IP=127.0.0.1 Port=526 到线程 4 ModbusPoolThread-4
[2026-06-04 18:58:20] [INFO] [data][ModbusTcpMasterPool][initializeMaster]：开始初始化 Master ID=12027
[2026-06-04 18:58:20] [INFO] [data][ModbusConfigParser][initialCommandQueue]：开始构建初始指令队列，共 2 个引用
[2026-06-04 18:58:20] [DEBUG] [data][ModbusConfigParser][initialCommandQueue]：已克隆初始指令 ref=ReadVersion
[2026-06-04 18:58:20] [DEBUG] [data][ModbusConfigParser][initialCommandQueue]：已克隆初始指令 ref=WriteVEFCGasType
[2026-06-04 18:58:20] [INFO] [data][ModbusConfigParser][initialCommandQueue]：初始指令队列构建完成，共 2 条
[2026-06-04 18:58:20] [INFO] [data][ModbusConfigParser][periodicCommandQueue]：开始构建定时指令队列，共 2 个引用
[2026-06-04 18:58:20] [DEBUG] [data][ModbusConfigParser][periodicCommandQueue]：已克隆定时指令 ref=ReadFoupStatus
[2026-06-04 18:58:20] [DEBUG] [data][ModbusConfigParser][periodicCommandQueue]：已克隆定时指令 ref=ReadIdlePurgeAll
[2026-06-04 18:58:20] [INFO] [data][ModbusConfigParser][periodicCommandQueue]：定时指令队列构建完成，共 2 条
[2026-06-04 18:58:20] [INFO] [data][ModbusTcpMasterPool][InitialCommandIssuer][initializeMaster]：已配置 InitialCommandIssuer 指令数=2 间隔=100 超时=1000 重试=3
[2026-06-04 18:58:20] [INFO] [data][ModbusTcpMasterPool][PeriodicCommandSender][initializeMaster]：已配置 PeriodicCommandSender 指令数=2 间隔=300 超时=1000 重试=0
[2026-06-04 18:58:20] [INFO] [data][ModbusTcpMasterPool][FirmwareUpgrader][initializeMaster]：已配置 FirmwareUpgrader PrepareTimeout=3000ms WaitingTime=1000ms SendInterval=160ms TransferTimeout=3000ms
[2026-06-04 18:58:20] [INFO] [data][ModbusTcpMasterManager][addMaster]：创建 Master ID=12028 IP=127.0.0.1 Port=527
[2026-06-04 18:58:20] [INFO] [data][ModbusTcpMasterPool][addMaster]：已创建并添加 Master ID=12028 IP=127.0.0.1 Port=527 到线程 5 ModbusPoolThread-5
[2026-06-04 18:58:20] [INFO] [data][ModbusTcpMasterPool][initializeMaster]：开始初始化 Master ID=12028
[2026-06-04 18:58:20] [INFO] [data][ModbusConfigParser][initialCommandQueue]：开始构建初始指令队列，共 2 个引用
[2026-06-04 18:58:20] [DEBUG] [data][ModbusConfigParser][initialCommandQueue]：已克隆初始指令 ref=ReadVersion
[2026-06-04 18:58:20] [DEBUG] [data][ModbusConfigParser][initialCommandQueue]：已克隆初始指令 ref=WriteVEFCGasType
[2026-06-04 18:58:20] [INFO] [data][ModbusConfigParser][initialCommandQueue]：初始指令队列构建完成，共 2 条
[2026-06-04 18:58:20] [INFO] [data][ModbusConfigParser][periodicCommandQueue]：开始构建定时指令队列，共 2 个引用
[2026-06-04 18:58:20] [DEBUG] [data][ModbusConfigParser][periodicCommandQueue]：已克隆定时指令 ref=ReadFoupStatus
[2026-06-04 18:58:20] [DEBUG] [data][ModbusConfigParser][periodicCommandQueue]：已克隆定时指令 ref=ReadIdlePurgeAll
[2026-06-04 18:58:20] [INFO] [data][ModbusConfigParser][periodicCommandQueue]：定时指令队列构建完成，共 2 条
[2026-06-04 18:58:20] [INFO] [data][ModbusTcpMasterPool][InitialCommandIssuer][initializeMaster]：已配置 InitialCommandIssuer 指令数=2 间隔=100 超时=1000 重试=3
[2026-06-04 18:58:20] [INFO] [data][ModbusTcpMasterPool][PeriodicCommandSender][initializeMaster]：已配置 PeriodicCommandSender 指令数=2 间隔=300 超时=1000 重试=0
[2026-06-04 18:58:20] [INFO] [data][ModbusTcpMasterPool][FirmwareUpgrader][initializeMaster]：已配置 FirmwareUpgrader PrepareTimeout=3000ms WaitingTime=1000ms SendInterval=160ms TransferTimeout=3000ms
[2026-06-04 18:58:20] [INFO] [data][ModbusTcpMasterManager][addMaster]：创建 Master ID=12029 IP=127.0.0.1 Port=528
[2026-06-04 18:58:20] [INFO] [data][ModbusTcpMasterPool][addMaster]：已创建并添加 Master ID=12029 IP=127.0.0.1 Port=528 到线程 6 ModbusPoolThread-6
[2026-06-04 18:58:20] [INFO] [data][ModbusTcpMasterPool][initializeMaster]：开始初始化 Master ID=12029
[2026-06-04 18:58:20] [INFO] [data][ModbusConfigParser][initialCommandQueue]：开始构建初始指令队列，共 2 个引用
[2026-06-04 18:58:20] [DEBUG] [data][ModbusConfigParser][initialCommandQueue]：已克隆初始指令 ref=ReadVersion
[2026-06-04 18:58:20] [DEBUG] [data][ModbusConfigParser][initialCommandQueue]：已克隆初始指令 ref=WriteVEFCGasType
[2026-06-04 18:58:20] [INFO] [data][ModbusConfigParser][initialCommandQueue]：初始指令队列构建完成，共 2 条
[2026-06-04 18:58:20] [INFO] [data][ModbusConfigParser][periodicCommandQueue]：开始构建定时指令队列，共 2 个引用
[2026-06-04 18:58:20] [DEBUG] [data][ModbusConfigParser][periodicCommandQueue]：已克隆定时指令 ref=ReadFoupStatus
[2026-06-04 18:58:20] [DEBUG] [data][ModbusConfigParser][periodicCommandQueue]：已克隆定时指令 ref=ReadIdlePurgeAll
[2026-06-04 18:58:20] [INFO] [data][ModbusConfigParser][periodicCommandQueue]：定时指令队列构建完成，共 2 条
[2026-06-04 18:58:20] [INFO] [data][ModbusTcpMasterPool][InitialCommandIssuer][initializeMaster]：已配置 InitialCommandIssuer 指令数=2 间隔=100 超时=1000 重试=3
[2026-06-04 18:58:20] [INFO] [data][ModbusTcpMasterPool][PeriodicCommandSender][initializeMaster]：已配置 PeriodicCommandSender 指令数=2 间隔=300 超时=1000 重试=0
[2026-06-04 18:58:20] [INFO] [data][ModbusTcpMasterPool][FirmwareUpgrader][initializeMaster]：已配置 FirmwareUpgrader PrepareTimeout=3000ms WaitingTime=1000ms SendInterval=160ms TransferTimeout=3000ms
[2026-06-04 18:58:20] [INFO] [data][ModbusTcpMasterManager][addMaster]：创建 Master ID=12030 IP=127.0.0.1 Port=529
[2026-06-04 18:58:20] [INFO] [data][ModbusTcpMasterPool][addMaster]：已创建并添加 Master ID=12030 IP=127.0.0.1 Port=529 到线程 7 ModbusPoolThread-7
[2026-06-04 18:58:20] [INFO] [data][ModbusTcpMasterPool][initializeMaster]：开始初始化 Master ID=12030
[2026-06-04 18:58:20] [INFO] [data][ModbusConfigParser][initialCommandQueue]：开始构建初始指令队列，共 2 个引用
[2026-06-04 18:58:20] [DEBUG] [data][ModbusConfigParser][initialCommandQueue]：已克隆初始指令 ref=ReadVersion
[2026-06-04 18:58:20] [DEBUG] [data][ModbusConfigParser][initialCommandQueue]：已克隆初始指令 ref=WriteVEFCGasType
[2026-06-04 18:58:20] [INFO] [data][ModbusConfigParser][initialCommandQueue]：初始指令队列构建完成，共 2 条
[2026-06-04 18:58:20] [INFO] [data][ModbusConfigParser][periodicCommandQueue]：开始构建定时指令队列，共 2 个引用
[2026-06-04 18:58:20] [DEBUG] [data][ModbusConfigParser][periodicCommandQueue]：已克隆定时指令 ref=ReadFoupStatus
[2026-06-04 18:58:20] [DEBUG] [data][ModbusConfigParser][periodicCommandQueue]：已克隆定时指令 ref=ReadIdlePurgeAll
[2026-06-04 18:58:20] [INFO] [data][ModbusConfigParser][periodicCommandQueue]：定时指令队列构建完成，共 2 条
[2026-06-04 18:58:20] [INFO] [data][ModbusTcpMasterPool][InitialCommandIssuer][initializeMaster]：已配置 InitialCommandIssuer 指令数=2 间隔=100 超时=1000 重试=3
[2026-06-04 18:58:20] [INFO] [data][ModbusTcpMasterPool][PeriodicCommandSender][initializeMaster]：已配置 PeriodicCommandSender 指令数=2 间隔=300 超时=1000 重试=0
[2026-06-04 18:58:20] [INFO] [data][ModbusTcpMasterPool][FirmwareUpgrader][initializeMaster]：已配置 FirmwareUpgrader PrepareTimeout=3000ms WaitingTime=1000ms SendInterval=160ms TransferTimeout=3000ms
[2026-06-04 18:58:20] [INFO] [data][ModbusTcpMasterManager][addMaster]：创建 Master ID=12031 IP=127.0.0.1 Port=530
[2026-06-04 18:58:20] [INFO] [data][ModbusTcpMasterPool][addMaster]：已创建并添加 Master ID=12031 IP=127.0.0.1 Port=530 到线程 8 ModbusPoolThread-8
[2026-06-04 18:58:20] [INFO] [data][ModbusTcpMasterPool][initializeMaster]：开始初始化 Master ID=12031
[2026-06-04 18:58:20] [INFO] [data][ModbusConfigParser][initialCommandQueue]：开始构建初始指令队列，共 2 个引用
[2026-06-04 18:58:20] [DEBUG] [data][ModbusConfigParser][initialCommandQueue]：已克隆初始指令 ref=ReadVersion
[2026-06-04 18:58:20] [DEBUG] [data][ModbusConfigParser][initialCommandQueue]：已克隆初始指令 ref=WriteVEFCGasType
[2026-06-04 18:58:20] [INFO] [data][ModbusConfigParser][initialCommandQueue]：初始指令队列构建完成，共 2 条
[2026-06-04 18:58:20] [INFO] [data][ModbusConfigParser][periodicCommandQueue]：开始构建定时指令队列，共 2 个引用
[2026-06-04 18:58:20] [DEBUG] [data][ModbusConfigParser][periodicCommandQueue]：已克隆定时指令 ref=ReadFoupStatus
[2026-06-04 18:58:20] [DEBUG] [data][ModbusConfigParser][periodicCommandQueue]：已克隆定时指令 ref=ReadIdlePurgeAll
[2026-06-04 18:58:20] [INFO] [data][ModbusConfigParser][periodicCommandQueue]：定时指令队列构建完成，共 2 条
[2026-06-04 18:58:20] [INFO] [data][ModbusTcpMasterPool][InitialCommandIssuer][initializeMaster]：已配置 InitialCommandIssuer 指令数=2 间隔=100 超时=1000 重试=3
[2026-06-04 18:58:20] [INFO] [data][ModbusTcpMasterPool][PeriodicCommandSender][initializeMaster]：已配置 PeriodicCommandSender 指令数=2 间隔=300 超时=1000 重试=0
[2026-06-04 18:58:20] [INFO] [data][ModbusTcpMasterPool][FirmwareUpgrader][initializeMaster]：已配置 FirmwareUpgrader PrepareTimeout=3000ms WaitingTime=1000ms SendInterval=160ms TransferTimeout=3000ms
[2026-06-04 18:58:20] [INFO] [data][ModbusTcpMasterManager][addMaster]：创建 Master ID=12032 IP=127.0.0.1 Port=531
[2026-06-04 18:58:20] [INFO] [data][ModbusTcpMasterPool][addMaster]：已创建并添加 Master ID=12032 IP=127.0.0.1 Port=531 到线程 9 ModbusPoolThread-9
[2026-06-04 18:58:20] [INFO] [data][ModbusTcpMasterPool][initializeMaster]：开始初始化 Master ID=12032
[2026-06-04 18:58:20] [INFO] [data][ModbusConfigParser][initialCommandQueue]：开始构建初始指令队列，共 2 个引用
[2026-06-04 18:58:20] [DEBUG] [data][ModbusConfigParser][initialCommandQueue]：已克隆初始指令 ref=ReadVersion
[2026-06-04 18:58:20] [DEBUG] [data][ModbusConfigParser][initialCommandQueue]：已克隆初始指令 ref=WriteVEFCGasType
[2026-06-04 18:58:20] [INFO] [data][ModbusConfigParser][initialCommandQueue]：初始指令队列构建完成，共 2 条
[2026-06-04 18:58:20] [INFO] [data][ModbusConfigParser][periodicCommandQueue]：开始构建定时指令队列，共 2 个引用
[2026-06-04 18:58:20] [DEBUG] [data][ModbusConfigParser][periodicCommandQueue]：已克隆定时指令 ref=ReadFoupStatus
[2026-06-04 18:58:20] [DEBUG] [data][ModbusConfigParser][periodicCommandQueue]：已克隆定时指令 ref=ReadIdlePurgeAll
[2026-06-04 18:58:20] [INFO] [data][ModbusConfigParser][periodicCommandQueue]：定时指令队列构建完成，共 2 条
[2026-06-04 18:58:20] [INFO] [data][ModbusTcpMasterPool][InitialCommandIssuer][initializeMaster]：已配置 InitialCommandIssuer 指令数=2 间隔=100 超时=1000 重试=3
[2026-06-04 18:58:20] [INFO] [data][ModbusTcpMasterPool][PeriodicCommandSender][initializeMaster]：已配置 PeriodicCommandSender 指令数=2 间隔=300 超时=1000 重试=0
[2026-06-04 18:58:20] [INFO] [data][ModbusTcpMasterPool][FirmwareUpgrader][initializeMaster]：已配置 FirmwareUpgrader PrepareTimeout=3000ms WaitingTime=1000ms SendInterval=160ms TransferTimeout=3000ms
[2026-06-04 18:58:20] [INFO] [data][ModbusTcpMasterManager][addMaster]：创建 Master ID=12033 IP=127.0.0.1 Port=532
[2026-06-04 18:58:20] [INFO] [data][ModbusTcpMasterPool][addMaster]：已创建并添加 Master ID=12033 IP=127.0.0.1 Port=532 到线程 10 ModbusPoolThread-10
[2026-06-04 18:58:20] [INFO] [data][ModbusTcpMasterPool][initializeMaster]：开始初始化 Master ID=12033
[2026-06-04 18:58:20] [INFO] [data][ModbusConfigParser][initialCommandQueue]：开始构建初始指令队列，共 2 个引用
[2026-06-04 18:58:20] [DEBUG] [data][ModbusConfigParser][initialCommandQueue]：已克隆初始指令 ref=ReadVersion
[2026-06-04 18:58:20] [DEBUG] [data][ModbusConfigParser][initialCommandQueue]：已克隆初始指令 ref=WriteVEFCGasType
[2026-06-04 18:58:20] [INFO] [data][ModbusConfigParser][initialCommandQueue]：初始指令队列构建完成，共 2 条
[2026-06-04 18:58:20] [INFO] [data][ModbusConfigParser][periodicCommandQueue]：开始构建定时指令队列，共 2 个引用
[2026-06-04 18:58:20] [DEBUG] [data][ModbusConfigParser][periodicCommandQueue]：已克隆定时指令 ref=ReadFoupStatus
[2026-06-04 18:58:20] [DEBUG] [data][ModbusConfigParser][periodicCommandQueue]：已克隆定时指令 ref=ReadIdlePurgeAll
[2026-06-04 18:58:20] [INFO] [data][ModbusConfigParser][periodicCommandQueue]：定时指令队列构建完成，共 2 条
[2026-06-04 18:58:20] [INFO] [data][ModbusTcpMasterPool][InitialCommandIssuer][initializeMaster]：已配置 InitialCommandIssuer 指令数=2 间隔=100 超时=1000 重试=3
[2026-06-04 18:58:20] [INFO] [data][ModbusTcpMasterPool][PeriodicCommandSender][initializeMaster]：已配置 PeriodicCommandSender 指令数=2 间隔=300 超时=1000 重试=0
[2026-06-04 18:58:20] [INFO] [data][ModbusTcpMasterPool][FirmwareUpgrader][initializeMaster]：已配置 FirmwareUpgrader PrepareTimeout=3000ms WaitingTime=1000ms SendInterval=160ms TransferTimeout=3000ms
[2026-06-04 18:58:20] [INFO] [data][ModbusTcpMasterManager][addMaster]：创建 Master ID=12034 IP=127.0.0.1 Port=533
[2026-06-04 18:58:20] [INFO] [data][ModbusTcpMasterPool][addMaster]：已创建并添加 Master ID=12034 IP=127.0.0.1 Port=533 到线程 11 ModbusPoolThread-11
[2026-06-04 18:58:20] [INFO] [data][ModbusTcpMasterPool][initializeMaster]：开始初始化 Master ID=12034
[2026-06-04 18:58:20] [INFO] [data][ModbusConfigParser][initialCommandQueue]：开始构建初始指令队列，共 2 个引用
[2026-06-04 18:58:20] [DEBUG] [data][ModbusConfigParser][initialCommandQueue]：已克隆初始指令 ref=ReadVersion
[2026-06-04 18:58:20] [DEBUG] [data][ModbusConfigParser][initialCommandQueue]：已克隆初始指令 ref=WriteVEFCGasType
[2026-06-04 18:58:20] [INFO] [data][ModbusConfigParser][initialCommandQueue]：初始指令队列构建完成，共 2 条
[2026-06-04 18:58:20] [INFO] [data][ModbusConfigParser][periodicCommandQueue]：开始构建定时指令队列，共 2 个引用
[2026-06-04 18:58:20] [DEBUG] [data][ModbusConfigParser][periodicCommandQueue]：已克隆定时指令 ref=ReadFoupStatus
[2026-06-04 18:58:20] [DEBUG] [data][ModbusConfigParser][periodicCommandQueue]：已克隆定时指令 ref=ReadIdlePurgeAll
[2026-06-04 18:58:20] [INFO] [data][ModbusConfigParser][periodicCommandQueue]：定时指令队列构建完成，共 2 条
[2026-06-04 18:58:20] [INFO] [data][ModbusTcpMasterPool][InitialCommandIssuer][initializeMaster]：已配置 InitialCommandIssuer 指令数=2 间隔=100 超时=1000 重试=3
[2026-06-04 18:58:20] [INFO] [data][ModbusTcpMasterPool][PeriodicCommandSender][initializeMaster]：已配置 PeriodicCommandSender 指令数=2 间隔=300 超时=1000 重试=0
[2026-06-04 18:58:20] [INFO] [data][ModbusTcpMasterPool][FirmwareUpgrader][initializeMaster]：已配置 FirmwareUpgrader PrepareTimeout=3000ms WaitingTime=1000ms SendInterval=160ms TransferTimeout=3000ms
[2026-06-04 18:58:20] [INFO] [data][ModbusTcpMasterManager][addMaster]：创建 Master ID=12035 IP=127.0.0.1 Port=534
[2026-06-04 18:58:20] [INFO] [data][ModbusTcpMasterPool][addMaster]：已创建并添加 Master ID=12035 IP=127.0.0.1 Port=534 到线程 12 ModbusPoolThread-12
[2026-06-04 18:58:20] [INFO] [data][ModbusTcpMasterPool][initializeMaster]：开始初始化 Master ID=12035
[2026-06-04 18:58:20] [INFO] [data][ModbusConfigParser][initialCommandQueue]：开始构建初始指令队列，共 2 个引用
[2026-06-04 18:58:20] [DEBUG] [data][ModbusConfigParser][initialCommandQueue]：已克隆初始指令 ref=ReadVersion
[2026-06-04 18:58:20] [DEBUG] [data][ModbusConfigParser][initialCommandQueue]：已克隆初始指令 ref=WriteVEFCGasType
[2026-06-04 18:58:20] [INFO] [data][ModbusConfigParser][initialCommandQueue]：初始指令队列构建完成，共 2 条
[2026-06-04 18:58:20] [INFO] [data][ModbusConfigParser][periodicCommandQueue]：开始构建定时指令队列，共 2 个引用
[2026-06-04 18:58:20] [DEBUG] [data][ModbusConfigParser][periodicCommandQueue]：已克隆定时指令 ref=ReadFoupStatus
[2026-06-04 18:58:20] [DEBUG] [data][ModbusConfigParser][periodicCommandQueue]：已克隆定时指令 ref=ReadIdlePurgeAll
[2026-06-04 18:58:20] [INFO] [data][ModbusConfigParser][periodicCommandQueue]：定时指令队列构建完成，共 2 条
[2026-06-04 18:58:20] [INFO] [data][ModbusTcpMasterPool][InitialCommandIssuer][initializeMaster]：已配置 InitialCommandIssuer 指令数=2 间隔=100 超时=1000 重试=3
[2026-06-04 18:58:20] [INFO] [data][ModbusTcpMasterPool][PeriodicCommandSender][initializeMaster]：已配置 PeriodicCommandSender 指令数=2 间隔=300 超时=1000 重试=0
[2026-06-04 18:58:20] [INFO] [data][ModbusTcpMasterPool][FirmwareUpgrader][initializeMaster]：已配置 FirmwareUpgrader PrepareTimeout=3000ms WaitingTime=1000ms SendInterval=160ms TransferTimeout=3000ms
[2026-06-04 18:58:20] [INFO] [data][ModbusTcpMasterManager][addMaster]：创建 Master ID=12036 IP=127.0.0.1 Port=535
[2026-06-04 18:58:20] [INFO] [data][ModbusTcpMasterPool][addMaster]：已创建并添加 Master ID=12036 IP=127.0.0.1 Port=535 到线程 13 ModbusPoolThread-13
[2026-06-04 18:58:20] [INFO] [data][ModbusTcpMasterPool][initializeMaster]：开始初始化 Master ID=12036
[2026-06-04 18:58:20] [INFO] [data][ModbusConfigParser][initialCommandQueue]：开始构建初始指令队列，共 2 个引用
[2026-06-04 18:58:20] [DEBUG] [data][ModbusConfigParser][initialCommandQueue]：已克隆初始指令 ref=ReadVersion
[2026-06-04 18:58:20] [DEBUG] [data][ModbusConfigParser][initialCommandQueue]：已克隆初始指令 ref=WriteVEFCGasType
[2026-06-04 18:58:20] [INFO] [data][ModbusConfigParser][initialCommandQueue]：初始指令队列构建完成，共 2 条
[2026-06-04 18:58:20] [INFO] [data][ModbusConfigParser][periodicCommandQueue]：开始构建定时指令队列，共 2 个引用
[2026-06-04 18:58:20] [DEBUG] [data][ModbusConfigParser][periodicCommandQueue]：已克隆定时指令 ref=ReadFoupStatus
[2026-06-04 18:58:20] [DEBUG] [data][ModbusConfigParser][periodicCommandQueue]：已克隆定时指令 ref=ReadIdlePurgeAll
[2026-06-04 18:58:20] [INFO] [data][ModbusConfigParser][periodicCommandQueue]：定时指令队列构建完成，共 2 条
[2026-06-04 18:58:20] [INFO] [data][ModbusTcpMasterPool][InitialCommandIssuer][initializeMaster]：已配置 InitialCommandIssuer 指令数=2 间隔=100 超时=1000 重试=3
[2026-06-04 18:58:20] [INFO] [data][ModbusTcpMasterPool][PeriodicCommandSender][initializeMaster]：已配置 PeriodicCommandSender 指令数=2 间隔=300 超时=1000 重试=0
[2026-06-04 18:58:20] [INFO] [data][ModbusTcpMasterPool][FirmwareUpgrader][initializeMaster]：已配置 FirmwareUpgrader PrepareTimeout=3000ms WaitingTime=1000ms SendInterval=160ms TransferTimeout=3000ms
[2026-06-04 18:58:20] [INFO] [data][ModbusTcpMasterManager][addMaster]：创建 Master ID=12037 IP=127.0.0.1 Port=536
[2026-06-04 18:58:20] [INFO] [data][ModbusTcpMasterPool][addMaster]：已创建并添加 Master ID=12037 IP=127.0.0.1 Port=536 到线程 14 ModbusPoolThread-14
[2026-06-04 18:58:20] [INFO] [data][ModbusTcpMasterPool][initializeMaster]：开始初始化 Master ID=12037
[2026-06-04 18:58:20] [INFO] [data][ModbusConfigParser][initialCommandQueue]：开始构建初始指令队列，共 2 个引用
[2026-06-04 18:58:20] [DEBUG] [data][ModbusConfigParser][initialCommandQueue]：已克隆初始指令 ref=ReadVersion
[2026-06-04 18:58:20] [DEBUG] [data][ModbusConfigParser][initialCommandQueue]：已克隆初始指令 ref=WriteVEFCGasType
[2026-06-04 18:58:20] [INFO] [data][ModbusConfigParser][initialCommandQueue]：初始指令队列构建完成，共 2 条
[2026-06-04 18:58:20] [INFO] [data][ModbusConfigParser][periodicCommandQueue]：开始构建定时指令队列，共 2 个引用
[2026-06-04 18:58:20] [DEBUG] [data][ModbusConfigParser][periodicCommandQueue]：已克隆定时指令 ref=ReadFoupStatus
[2026-06-04 18:58:20] [DEBUG] [data][ModbusConfigParser][periodicCommandQueue]：已克隆定时指令 ref=ReadIdlePurgeAll
[2026-06-04 18:58:20] [INFO] [data][ModbusConfigParser][periodicCommandQueue]：定时指令队列构建完成，共 2 条
[2026-06-04 18:58:20] [INFO] [data][ModbusTcpMasterPool][InitialCommandIssuer][initializeMaster]：已配置 InitialCommandIssuer 指令数=2 间隔=100 超时=1000 重试=3
[2026-06-04 18:58:20] [INFO] [data][ModbusTcpMasterPool][PeriodicCommandSender][initializeMaster]：已配置 PeriodicCommandSender 指令数=2 间隔=300 超时=1000 重试=0
[2026-06-04 18:58:20] [INFO] [data][ModbusTcpMasterPool][FirmwareUpgrader][initializeMaster]：已配置 FirmwareUpgrader PrepareTimeout=3000ms WaitingTime=1000ms SendInterval=160ms TransferTimeout=3000ms
[2026-06-04 18:58:20] [INFO] [data][ModbusTcpMasterManager][addMaster]：创建 Master ID=12038 IP=127.0.0.1 Port=537
[2026-06-04 18:58:20] [INFO] [data][ModbusTcpMasterPool][addMaster]：已创建并添加 Master ID=12038 IP=127.0.0.1 Port=537 到线程 15 ModbusPoolThread-15
[2026-06-04 18:58:20] [INFO] [data][ModbusTcpMasterPool][initializeMaster]：开始初始化 Master ID=12038
[2026-06-04 18:58:20] [INFO] [data][ModbusConfigParser][initialCommandQueue]：开始构建初始指令队列，共 2 个引用
[2026-06-04 18:58:20] [DEBUG] [data][ModbusConfigParser][initialCommandQueue]：已克隆初始指令 ref=ReadVersion
[2026-06-04 18:58:20] [DEBUG] [data][ModbusConfigParser][initialCommandQueue]：已克隆初始指令 ref=WriteVEFCGasType
[2026-06-04 18:58:20] [INFO] [data][ModbusConfigParser][initialCommandQueue]：初始指令队列构建完成，共 2 条
[2026-06-04 18:58:20] [INFO] [data][ModbusConfigParser][periodicCommandQueue]：开始构建定时指令队列，共 2 个引用
[2026-06-04 18:58:20] [DEBUG] [data][ModbusConfigParser][periodicCommandQueue]：已克隆定时指令 ref=ReadFoupStatus
[2026-06-04 18:58:20] [DEBUG] [data][ModbusConfigParser][periodicCommandQueue]：已克隆定时指令 ref=ReadIdlePurgeAll
[2026-06-04 18:58:20] [INFO] [data][ModbusConfigParser][periodicCommandQueue]：定时指令队列构建完成，共 2 条
[2026-06-04 18:58:20] [INFO] [data][ModbusTcpMasterPool][InitialCommandIssuer][initializeMaster]：已配置 InitialCommandIssuer 指令数=2 间隔=100 超时=1000 重试=3
[2026-06-04 18:58:20] [INFO] [data][ModbusTcpMasterPool][PeriodicCommandSender][initializeMaster]：已配置 PeriodicCommandSender 指令数=2 间隔=300 超时=1000 重试=0
[2026-06-04 18:58:20] [INFO] [data][ModbusTcpMasterPool][FirmwareUpgrader][initializeMaster]：已配置 FirmwareUpgrader PrepareTimeout=3000ms WaitingTime=1000ms SendInterval=160ms TransferTimeout=3000ms
[2026-06-04 18:58:20] [INFO] [data][ModbusTcpMasterManager][addMaster]：创建 Master ID=12039 IP=127.0.0.1 Port=538
[2026-06-04 18:58:20] [INFO] [data][ModbusTcpMasterPool][addMaster]：已创建并添加 Master ID=12039 IP=127.0.0.1 Port=538 到线程 16 ModbusPoolThread-16
[2026-06-04 18:58:20] [INFO] [data][ModbusTcpMasterPool][initializeMaster]：开始初始化 Master ID=12039
[2026-06-04 18:58:20] [INFO] [data][ModbusConfigParser][initialCommandQueue]：开始构建初始指令队列，共 2 个引用
[2026-06-04 18:58:20] [DEBUG] [data][ModbusConfigParser][initialCommandQueue]：已克隆初始指令 ref=ReadVersion
[2026-06-04 18:58:20] [DEBUG] [data][ModbusConfigParser][initialCommandQueue]：已克隆初始指令 ref=WriteVEFCGasType
[2026-06-04 18:58:20] [INFO] [data][ModbusConfigParser][initialCommandQueue]：初始指令队列构建完成，共 2 条
[2026-06-04 18:58:20] [INFO] [data][ModbusConfigParser][periodicCommandQueue]：开始构建定时指令队列，共 2 个引用
[2026-06-04 18:58:20] [DEBUG] [data][ModbusConfigParser][periodicCommandQueue]：已克隆定时指令 ref=ReadFoupStatus
[2026-06-04 18:58:20] [DEBUG] [data][ModbusConfigParser][periodicCommandQueue]：已克隆定时指令 ref=ReadIdlePurgeAll
[2026-06-04 18:58:20] [INFO] [data][ModbusConfigParser][periodicCommandQueue]：定时指令队列构建完成，共 2 条
[2026-06-04 18:58:20] [INFO] [data][ModbusTcpMasterPool][InitialCommandIssuer][initializeMaster]：已配置 InitialCommandIssuer 指令数=2 间隔=100 超时=1000 重试=3
[2026-06-04 18:58:20] [INFO] [data][ModbusTcpMasterPool][PeriodicCommandSender][initializeMaster]：已配置 PeriodicCommandSender 指令数=2 间隔=300 超时=1000 重试=0
[2026-06-04 18:58:20] [INFO] [data][ModbusTcpMasterPool][FirmwareUpgrader][initializeMaster]：已配置 FirmwareUpgrader PrepareTimeout=3000ms WaitingTime=1000ms SendInterval=160ms TransferTimeout=3000ms
[2026-06-04 18:58:20] [INFO] [data][ModbusTcpMasterManager][addMaster]：创建 Master ID=12040 IP=127.0.0.1 Port=539
[2026-06-04 18:58:20] [INFO] [data][ModbusTcpMasterPool][addMaster]：已创建并添加 Master ID=12040 IP=127.0.0.1 Port=539 到线程 17 ModbusPoolThread-17
[2026-06-04 18:58:20] [INFO] [data][ModbusTcpMasterPool][initializeMaster]：开始初始化 Master ID=12040
[2026-06-04 18:58:20] [INFO] [data][ModbusConfigParser][initialCommandQueue]：开始构建初始指令队列，共 2 个引用
[2026-06-04 18:58:20] [DEBUG] [data][ModbusConfigParser][initialCommandQueue]：已克隆初始指令 ref=ReadVersion
[2026-06-04 18:58:20] [DEBUG] [data][ModbusConfigParser][initialCommandQueue]：已克隆初始指令 ref=WriteVEFCGasType
[2026-06-04 18:58:20] [INFO] [data][ModbusConfigParser][initialCommandQueue]：初始指令队列构建完成，共 2 条
[2026-06-04 18:58:20] [INFO] [data][ModbusConfigParser][periodicCommandQueue]：开始构建定时指令队列，共 2 个引用
[2026-06-04 18:58:20] [DEBUG] [data][ModbusConfigParser][periodicCommandQueue]：已克隆定时指令 ref=ReadFoupStatus
[2026-06-04 18:58:20] [DEBUG] [data][ModbusConfigParser][periodicCommandQueue]：已克隆定时指令 ref=ReadIdlePurgeAll
[2026-06-04 18:58:20] [INFO] [data][ModbusConfigParser][periodicCommandQueue]：定时指令队列构建完成，共 2 条
[2026-06-04 18:58:20] [INFO] [data][ModbusTcpMasterPool][InitialCommandIssuer][initializeMaster]：已配置 InitialCommandIssuer 指令数=2 间隔=100 超时=1000 重试=3
[2026-06-04 18:58:20] [INFO] [data][ModbusTcpMasterPool][PeriodicCommandSender][initializeMaster]：已配置 PeriodicCommandSender 指令数=2 间隔=300 超时=1000 重试=0
[2026-06-04 18:58:20] [INFO] [data][ModbusTcpMasterPool][FirmwareUpgrader][initializeMaster]：已配置 FirmwareUpgrader PrepareTimeout=3000ms WaitingTime=1000ms SendInterval=160ms TransferTimeout=3000ms
[2026-06-04 18:58:20] [INFO] [data][ModbusTcpMasterManager][addMaster]：创建 Master ID=12041 IP=127.0.0.1 Port=540
[2026-06-04 18:58:20] [INFO] [data][ModbusTcpMasterPool][addMaster]：已创建并添加 Master ID=12041 IP=127.0.0.1 Port=540 到线程 18 ModbusPoolThread-18
[2026-06-04 18:58:20] [INFO] [data][ModbusTcpMasterPool][initializeMaster]：开始初始化 Master ID=12041
[2026-06-04 18:58:20] [INFO] [data][ModbusConfigParser][initialCommandQueue]：开始构建初始指令队列，共 2 个引用
[2026-06-04 18:58:20] [DEBUG] [data][ModbusConfigParser][initialCommandQueue]：已克隆初始指令 ref=ReadVersion
[2026-06-04 18:58:20] [DEBUG] [data][ModbusConfigParser][initialCommandQueue]：已克隆初始指令 ref=WriteVEFCGasType
[2026-06-04 18:58:20] [INFO] [data][ModbusConfigParser][initialCommandQueue]：初始指令队列构建完成，共 2 条
[2026-06-04 18:58:20] [INFO] [data][ModbusConfigParser][periodicCommandQueue]：开始构建定时指令队列，共 2 个引用
[2026-06-04 18:58:20] [DEBUG] [data][ModbusConfigParser][periodicCommandQueue]：已克隆定时指令 ref=ReadFoupStatus
[2026-06-04 18:58:20] [DEBUG] [data][ModbusConfigParser][periodicCommandQueue]：已克隆定时指令 ref=ReadIdlePurgeAll
[2026-06-04 18:58:20] [INFO] [data][ModbusConfigParser][periodicCommandQueue]：定时指令队列构建完成，共 2 条
[2026-06-04 18:58:20] [INFO] [data][ModbusTcpMasterPool][InitialCommandIssuer][initializeMaster]：已配置 InitialCommandIssuer 指令数=2 间隔=100 超时=1000 重试=3
[2026-06-04 18:58:20] [INFO] [data][ModbusTcpMasterPool][PeriodicCommandSender][initializeMaster]：已配置 PeriodicCommandSender 指令数=2 间隔=300 超时=1000 重试=0
[2026-06-04 18:58:20] [INFO] [data][ModbusTcpMasterPool][FirmwareUpgrader][initializeMaster]：已配置 FirmwareUpgrader PrepareTimeout=3000ms WaitingTime=1000ms SendInterval=160ms TransferTimeout=3000ms
[2026-06-04 18:58:20] [INFO] [data][ModbusTcpMasterManager][addMaster]：创建 Master ID=12042 IP=127.0.0.1 Port=541
[2026-06-04 18:58:20] [INFO] [data][ModbusTcpMasterPool][addMaster]：已创建并添加 Master ID=12042 IP=127.0.0.1 Port=541 到线程 19 ModbusPoolThread-19
[2026-06-04 18:58:20] [INFO] [data][ModbusTcpMasterPool][initializeMaster]：开始初始化 Master ID=12042
[2026-06-04 18:58:20] [INFO] [data][ModbusConfigParser][initialCommandQueue]：开始构建初始指令队列，共 2 个引用
[2026-06-04 18:58:20] [DEBUG] [data][ModbusConfigParser][initialCommandQueue]：已克隆初始指令 ref=ReadVersion
[2026-06-04 18:58:20] [DEBUG] [data][ModbusConfigParser][initialCommandQueue]：已克隆初始指令 ref=WriteVEFCGasType
[2026-06-04 18:58:20] [INFO] [data][ModbusConfigParser][initialCommandQueue]：初始指令队列构建完成，共 2 条
[2026-06-04 18:58:20] [INFO] [data][ModbusConfigParser][periodicCommandQueue]：开始构建定时指令队列，共 2 个引用
[2026-06-04 18:58:20] [DEBUG] [data][ModbusConfigParser][periodicCommandQueue]：已克隆定时指令 ref=ReadFoupStatus
[2026-06-04 18:58:20] [DEBUG] [data][ModbusConfigParser][periodicCommandQueue]：已克隆定时指令 ref=ReadIdlePurgeAll
[2026-06-04 18:58:20] [INFO] [data][ModbusConfigParser][periodicCommandQueue]：定时指令队列构建完成，共 2 条
[2026-06-04 18:58:20] [INFO] [data][ModbusTcpMasterPool][InitialCommandIssuer][initializeMaster]：已配置 InitialCommandIssuer 指令数=2 间隔=100 超时=1000 重试=3
[2026-06-04 18:58:20] [INFO] [data][ModbusTcpMasterPool][PeriodicCommandSender][initializeMaster]：已配置 PeriodicCommandSender 指令数=2 间隔=300 超时=1000 重试=0
[2026-06-04 18:58:20] [INFO] [data][ModbusTcpMasterPool][FirmwareUpgrader][initializeMaster]：已配置 FirmwareUpgrader PrepareTimeout=3000ms WaitingTime=1000ms SendInterval=160ms TransferTimeout=3000ms
[2026-06-04 18:58:20] [INFO] [data][ModbusTcpMasterManager][addMaster]：创建 Master ID=12043 IP=127.0.0.1 Port=542
[2026-06-04 18:58:20] [INFO] [data][ModbusTcpMasterPool][addMaster]：已创建并添加 Master ID=12043 IP=127.0.0.1 Port=542 到线程 20 ModbusPoolThread-20
[2026-06-04 18:58:20] [INFO] [data][ModbusTcpMasterPool][initializeMaster]：开始初始化 Master ID=12043
[2026-06-04 18:58:20] [INFO] [data][ModbusConfigParser][initialCommandQueue]：开始构建初始指令队列，共 2 个引用
[2026-06-04 18:58:20] [DEBUG] [data][ModbusConfigParser][initialCommandQueue]：已克隆初始指令 ref=ReadVersion
[2026-06-04 18:58:20] [DEBUG] [data][ModbusConfigParser][initialCommandQueue]：已克隆初始指令 ref=WriteVEFCGasType
[2026-06-04 18:58:20] [INFO] [data][ModbusConfigParser][initialCommandQueue]：初始指令队列构建完成，共 2 条
[2026-06-04 18:58:20] [INFO] [data][ModbusConfigParser][periodicCommandQueue]：开始构建定时指令队列，共 2 个引用
[2026-06-04 18:58:20] [DEBUG] [data][ModbusConfigParser][periodicCommandQueue]：已克隆定时指令 ref=ReadFoupStatus
[2026-06-04 18:58:20] [DEBUG] [data][ModbusConfigParser][periodicCommandQueue]：已克隆定时指令 ref=ReadIdlePurgeAll
[2026-06-04 18:58:20] [INFO] [data][ModbusConfigParser][periodicCommandQueue]：定时指令队列构建完成，共 2 条
[2026-06-04 18:58:20] [INFO] [data][ModbusTcpMasterPool][InitialCommandIssuer][initializeMaster]：已配置 InitialCommandIssuer 指令数=2 间隔=100 超时=1000 重试=3
[2026-06-04 18:58:20] [INFO] [data][ModbusTcpMasterPool][PeriodicCommandSender][initializeMaster]：已配置 PeriodicCommandSender 指令数=2 间隔=300 超时=1000 重试=0
[2026-06-04 18:58:20] [INFO] [data][ModbusTcpMasterPool][FirmwareUpgrader][initializeMaster]：已配置 FirmwareUpgrader PrepareTimeout=3000ms WaitingTime=1000ms SendInterval=160ms TransferTimeout=3000ms
[2026-06-04 18:58:20] [INFO] [data][ModbusTcpMasterManager][addMaster]：创建 Master ID=12044 IP=127.0.0.1 Port=543
[2026-06-04 18:58:20] [INFO] [data][ModbusTcpMasterPool][addMaster]：已创建并添加 Master ID=12044 IP=127.0.0.1 Port=543 到线程 21 ModbusPoolThread-21
[2026-06-04 18:58:20] [INFO] [data][ModbusTcpMasterPool][initializeMaster]：开始初始化 Master ID=12044
[2026-06-04 18:58:20] [INFO] [data][ModbusConfigParser][initialCommandQueue]：开始构建初始指令队列，共 2 个引用
[2026-06-04 18:58:20] [DEBUG] [data][ModbusConfigParser][initialCommandQueue]：已克隆初始指令 ref=ReadVersion
[2026-06-04 18:58:20] [DEBUG] [data][ModbusConfigParser][initialCommandQueue]：已克隆初始指令 ref=WriteVEFCGasType
[2026-06-04 18:58:20] [INFO] [data][ModbusConfigParser][initialCommandQueue]：初始指令队列构建完成，共 2 条
[2026-06-04 18:58:20] [INFO] [data][ModbusConfigParser][periodicCommandQueue]：开始构建定时指令队列，共 2 个引用
[2026-06-04 18:58:20] [DEBUG] [data][ModbusConfigParser][periodicCommandQueue]：已克隆定时指令 ref=ReadFoupStatus
[2026-06-04 18:58:20] [DEBUG] [data][ModbusConfigParser][periodicCommandQueue]：已克隆定时指令 ref=ReadIdlePurgeAll
[2026-06-04 18:58:20] [INFO] [data][ModbusConfigParser][periodicCommandQueue]：定时指令队列构建完成，共 2 条
[2026-06-04 18:58:20] [INFO] [data][ModbusTcpMasterPool][InitialCommandIssuer][initializeMaster]：已配置 InitialCommandIssuer 指令数=2 间隔=100 超时=1000 重试=3
[2026-06-04 18:58:20] [INFO] [data][ModbusTcpMasterPool][PeriodicCommandSender][initializeMaster]：已配置 PeriodicCommandSender 指令数=2 间隔=300 超时=1000 重试=0
[2026-06-04 18:58:20] [INFO] [data][ModbusTcpMasterPool][FirmwareUpgrader][initializeMaster]：已配置 FirmwareUpgrader PrepareTimeout=3000ms WaitingTime=1000ms SendInterval=160ms TransferTimeout=3000ms
[2026-06-04 18:58:20] [INFO] [data][ModbusTcpMasterManager][addMaster]：创建 Master ID=12045 IP=127.0.0.1 Port=544
[2026-06-04 18:58:20] [INFO] [data][ModbusTcpMasterPool][addMaster]：已创建并添加 Master ID=12045 IP=127.0.0.1 Port=544 到线程 0 ModbusPoolThread-0
[2026-06-04 18:58:20] [INFO] [data][ModbusTcpMasterPool][initializeMaster]：开始初始化 Master ID=12045
[2026-06-04 18:58:20] [INFO] [data][ModbusConfigParser][initialCommandQueue]：开始构建初始指令队列，共 2 个引用
[2026-06-04 18:58:20] [DEBUG] [data][ModbusConfigParser][initialCommandQueue]：已克隆初始指令 ref=ReadVersion
[2026-06-04 18:58:20] [DEBUG] [data][ModbusConfigParser][initialCommandQueue]：已克隆初始指令 ref=WriteVEFCGasType
[2026-06-04 18:58:20] [INFO] [data][ModbusConfigParser][initialCommandQueue]：初始指令队列构建完成，共 2 条
[2026-06-04 18:58:20] [INFO] [data][ModbusConfigParser][periodicCommandQueue]：开始构建定时指令队列，共 2 个引用
[2026-06-04 18:58:20] [DEBUG] [data][ModbusConfigParser][periodicCommandQueue]：已克隆定时指令 ref=ReadFoupStatus
[2026-06-04 18:58:20] [DEBUG] [data][ModbusConfigParser][periodicCommandQueue]：已克隆定时指令 ref=ReadIdlePurgeAll
[2026-06-04 18:58:20] [INFO] [data][ModbusConfigParser][periodicCommandQueue]：定时指令队列构建完成，共 2 条
[2026-06-04 18:58:20] [INFO] [data][ModbusTcpMasterPool][InitialCommandIssuer][initializeMaster]：已配置 InitialCommandIssuer 指令数=2 间隔=100 超时=1000 重试=3
[2026-06-04 18:58:20] [INFO] [data][ModbusTcpMasterPool][PeriodicCommandSender][initializeMaster]：已配置 PeriodicCommandSender 指令数=2 间隔=300 超时=1000 重试=0
[2026-06-04 18:58:20] [INFO] [data][ModbusTcpMasterPool][FirmwareUpgrader][initializeMaster]：已配置 FirmwareUpgrader PrepareTimeout=3000ms WaitingTime=1000ms SendInterval=160ms TransferTimeout=3000ms
[2026-06-04 18:58:20] [INFO] [data][ModbusTcpMasterManager][addMaster]：创建 Master ID=12046 IP=127.0.0.1 Port=545
[2026-06-04 18:58:20] [INFO] [data][ModbusTcpMasterPool][addMaster]：已创建并添加 Master ID=12046 IP=127.0.0.1 Port=545 到线程 1 ModbusPoolThread-1
[2026-06-04 18:58:20] [INFO] [data][ModbusTcpMasterPool][initializeMaster]：开始初始化 Master ID=12046
[2026-06-04 18:58:20] [INFO] [data][ModbusConfigParser][initialCommandQueue]：开始构建初始指令队列，共 2 个引用
[2026-06-04 18:58:20] [DEBUG] [data][ModbusConfigParser][initialCommandQueue]：已克隆初始指令 ref=ReadVersion
[2026-06-04 18:58:20] [DEBUG] [data][ModbusConfigParser][initialCommandQueue]：已克隆初始指令 ref=WriteVEFCGasType
[2026-06-04 18:58:20] [INFO] [data][ModbusConfigParser][initialCommandQueue]：初始指令队列构建完成，共 2 条
[2026-06-04 18:58:20] [INFO] [data][ModbusConfigParser][periodicCommandQueue]：开始构建定时指令队列，共 2 个引用
[2026-06-04 18:58:20] [DEBUG] [data][ModbusConfigParser][periodicCommandQueue]：已克隆定时指令 ref=ReadFoupStatus
[2026-06-04 18:58:20] [DEBUG] [data][ModbusConfigParser][periodicCommandQueue]：已克隆定时指令 ref=ReadIdlePurgeAll
[2026-06-04 18:58:20] [INFO] [data][ModbusConfigParser][periodicCommandQueue]：定时指令队列构建完成，共 2 条
[2026-06-04 18:58:20] [INFO] [data][ModbusTcpMasterPool][InitialCommandIssuer][initializeMaster]：已配置 InitialCommandIssuer 指令数=2 间隔=100 超时=1000 重试=3
[2026-06-04 18:58:20] [INFO] [data][ModbusTcpMasterPool][PeriodicCommandSender][initializeMaster]：已配置 PeriodicCommandSender 指令数=2 间隔=300 超时=1000 重试=0
[2026-06-04 18:58:20] [INFO] [data][ModbusTcpMasterPool][FirmwareUpgrader][initializeMaster]：已配置 FirmwareUpgrader PrepareTimeout=3000ms WaitingTime=1000ms SendInterval=160ms TransferTimeout=3000ms
[2026-06-04 18:58:20] [INFO] [data][ModbusTcpMasterManager][addMaster]：创建 Master ID=12047 IP=127.0.0.1 Port=546
[2026-06-04 18:58:20] [INFO] [data][ModbusTcpMasterPool][addMaster]：已创建并添加 Master ID=12047 IP=127.0.0.1 Port=546 到线程 2 ModbusPoolThread-2
[2026-06-04 18:58:20] [INFO] [data][ModbusTcpMasterPool][initializeMaster]：开始初始化 Master ID=12047
[2026-06-04 18:58:20] [INFO] [data][ModbusConfigParser][initialCommandQueue]：开始构建初始指令队列，共 2 个引用
[2026-06-04 18:58:20] [DEBUG] [data][ModbusConfigParser][initialCommandQueue]：已克隆初始指令 ref=ReadVersion
[2026-06-04 18:58:20] [DEBUG] [data][ModbusConfigParser][initialCommandQueue]：已克隆初始指令 ref=WriteVEFCGasType
[2026-06-04 18:58:20] [INFO] [data][ModbusConfigParser][initialCommandQueue]：初始指令队列构建完成，共 2 条
[2026-06-04 18:58:20] [INFO] [data][ModbusConfigParser][periodicCommandQueue]：开始构建定时指令队列，共 2 个引用
[2026-06-04 18:58:20] [DEBUG] [data][ModbusConfigParser][periodicCommandQueue]：已克隆定时指令 ref=ReadFoupStatus
[2026-06-04 18:58:20] [DEBUG] [data][ModbusConfigParser][periodicCommandQueue]：已克隆定时指令 ref=ReadIdlePurgeAll
[2026-06-04 18:58:20] [INFO] [data][ModbusConfigParser][periodicCommandQueue]：定时指令队列构建完成，共 2 条
[2026-06-04 18:58:20] [INFO] [data][ModbusTcpMasterPool][InitialCommandIssuer][initializeMaster]：已配置 InitialCommandIssuer 指令数=2 间隔=100 超时=1000 重试=3
[2026-06-04 18:58:20] [INFO] [data][ModbusTcpMasterPool][PeriodicCommandSender][initializeMaster]：已配置 PeriodicCommandSender 指令数=2 间隔=300 超时=1000 重试=0
[2026-06-04 18:58:20] [INFO] [data][ModbusTcpMasterPool][FirmwareUpgrader][initializeMaster]：已配置 FirmwareUpgrader PrepareTimeout=3000ms WaitingTime=1000ms SendInterval=160ms TransferTimeout=3000ms
[2026-06-04 18:58:20] [INFO] [data][ModbusTcpMasterManager][addMaster]：创建 Master ID=12048 IP=127.0.0.1 Port=547
[2026-06-04 18:58:20] [INFO] [data][ModbusTcpMasterPool][addMaster]：已创建并添加 Master ID=12048 IP=127.0.0.1 Port=547 到线程 3 ModbusPoolThread-3
[2026-06-04 18:58:20] [INFO] [data][ModbusTcpMasterPool][initializeMaster]：开始初始化 Master ID=12048
[2026-06-04 18:58:20] [INFO] [data][ModbusConfigParser][initialCommandQueue]：开始构建初始指令队列，共 2 个引用
[2026-06-04 18:58:20] [DEBUG] [data][ModbusConfigParser][initialCommandQueue]：已克隆初始指令 ref=ReadVersion
[2026-06-04 18:58:20] [DEBUG] [data][ModbusConfigParser][initialCommandQueue]：已克隆初始指令 ref=WriteVEFCGasType
[2026-06-04 18:58:20] [INFO] [data][ModbusConfigParser][initialCommandQueue]：初始指令队列构建完成，共 2 条
[2026-06-04 18:58:20] [INFO] [data][ModbusConfigParser][periodicCommandQueue]：开始构建定时指令队列，共 2 个引用
[2026-06-04 18:58:20] [DEBUG] [data][ModbusConfigParser][periodicCommandQueue]：已克隆定时指令 ref=ReadFoupStatus
[2026-06-04 18:58:20] [DEBUG] [data][ModbusConfigParser][periodicCommandQueue]：已克隆定时指令 ref=ReadIdlePurgeAll
[2026-06-04 18:58:20] [INFO] [data][ModbusConfigParser][periodicCommandQueue]：定时指令队列构建完成，共 2 条
[2026-06-04 18:58:20] [INFO] [data][ModbusTcpMasterPool][InitialCommandIssuer][initializeMaster]：已配置 InitialCommandIssuer 指令数=2 间隔=100 超时=1000 重试=3
[2026-06-04 18:58:20] [INFO] [data][ModbusTcpMasterPool][PeriodicCommandSender][initializeMaster]：已配置 PeriodicCommandSender 指令数=2 间隔=300 超时=1000 重试=0
[2026-06-04 18:58:20] [INFO] [data][ModbusTcpMasterPool][FirmwareUpgrader][initializeMaster]：已配置 FirmwareUpgrader PrepareTimeout=3000ms WaitingTime=1000ms SendInterval=160ms TransferTimeout=3000ms
[2026-06-04 18:58:20] [INFO] [data][ModbusTcpMasterManager][addMaster]：创建 Master ID=12049 IP=127.0.0.1 Port=548
[2026-06-04 18:58:20] [INFO] [data][ModbusTcpMasterPool][addMaster]：已创建并添加 Master ID=12049 IP=127.0.0.1 Port=548 到线程 4 ModbusPoolThread-4
[2026-06-04 18:58:20] [INFO] [data][ModbusTcpMasterPool][initializeMaster]：开始初始化 Master ID=12049
[2026-06-04 18:58:20] [INFO] [data][ModbusConfigParser][initialCommandQueue]：开始构建初始指令队列，共 2 个引用
[2026-06-04 18:58:20] [DEBUG] [data][ModbusConfigParser][initialCommandQueue]：已克隆初始指令 ref=ReadVersion
[2026-06-04 18:58:20] [DEBUG] [data][ModbusConfigParser][initialCommandQueue]：已克隆初始指令 ref=WriteVEFCGasType
[2026-06-04 18:58:20] [INFO] [data][ModbusConfigParser][initialCommandQueue]：初始指令队列构建完成，共 2 条
[2026-06-04 18:58:20] [INFO] [data][ModbusConfigParser][periodicCommandQueue]：开始构建定时指令队列，共 2 个引用
[2026-06-04 18:58:20] [DEBUG] [data][ModbusConfigParser][periodicCommandQueue]：已克隆定时指令 ref=ReadFoupStatus
[2026-06-04 18:58:20] [DEBUG] [data][ModbusConfigParser][periodicCommandQueue]：已克隆定时指令 ref=ReadIdlePurgeAll
[2026-06-04 18:58:20] [INFO] [data][ModbusConfigParser][periodicCommandQueue]：定时指令队列构建完成，共 2 条
[2026-06-04 18:58:20] [INFO] [data][ModbusTcpMasterPool][InitialCommandIssuer][initializeMaster]：已配置 InitialCommandIssuer 指令数=2 间隔=100 超时=1000 重试=3
[2026-06-04 18:58:20] [INFO] [data][ModbusTcpMasterPool][PeriodicCommandSender][initializeMaster]：已配置 PeriodicCommandSender 指令数=2 间隔=300 超时=1000 重试=0
[2026-06-04 18:58:20] [INFO] [data][ModbusTcpMasterPool][FirmwareUpgrader][initializeMaster]：已配置 FirmwareUpgrader PrepareTimeout=3000ms WaitingTime=1000ms SendInterval=160ms TransferTimeout=3000ms
[2026-06-04 18:58:20] [INFO] [data][ModbusTcpMasterManager][addMaster]：创建 Master ID=12050 IP=127.0.0.1 Port=549
[2026-06-04 18:58:20] [INFO] [data][ModbusTcpMasterPool][addMaster]：已创建并添加 Master ID=12050 IP=127.0.0.1 Port=549 到线程 5 ModbusPoolThread-5
[2026-06-04 18:58:20] [INFO] [data][ModbusTcpMasterPool][initializeMaster]：开始初始化 Master ID=12050
[2026-06-04 18:58:20] [INFO] [data][ModbusConfigParser][initialCommandQueue]：开始构建初始指令队列，共 2 个引用
[2026-06-04 18:58:20] [DEBUG] [data][ModbusConfigParser][initialCommandQueue]：已克隆初始指令 ref=ReadVersion
[2026-06-04 18:58:20] [DEBUG] [data][ModbusConfigParser][initialCommandQueue]：已克隆初始指令 ref=WriteVEFCGasType
[2026-06-04 18:58:20] [INFO] [data][ModbusConfigParser][initialCommandQueue]：初始指令队列构建完成，共 2 条
[2026-06-04 18:58:20] [INFO] [data][ModbusConfigParser][periodicCommandQueue]：开始构建定时指令队列，共 2 个引用
[2026-06-04 18:58:20] [DEBUG] [data][ModbusConfigParser][periodicCommandQueue]：已克隆定时指令 ref=ReadFoupStatus
[2026-06-04 18:58:20] [DEBUG] [data][ModbusConfigParser][periodicCommandQueue]：已克隆定时指令 ref=ReadIdlePurgeAll
[2026-06-04 18:58:20] [INFO] [data][ModbusConfigParser][periodicCommandQueue]：定时指令队列构建完成，共 2 条
[2026-06-04 18:58:20] [INFO] [data][ModbusTcpMasterPool][InitialCommandIssuer][initializeMaster]：已配置 InitialCommandIssuer 指令数=2 间隔=100 超时=1000 重试=3
[2026-06-04 18:58:20] [INFO] [data][ModbusTcpMasterPool][PeriodicCommandSender][initializeMaster]：已配置 PeriodicCommandSender 指令数=2 间隔=300 超时=1000 重试=0
[2026-06-04 18:58:20] [INFO] [data][ModbusTcpMasterPool][FirmwareUpgrader][initializeMaster]：已配置 FirmwareUpgrader PrepareTimeout=3000ms WaitingTime=1000ms SendInterval=160ms TransferTimeout=3000ms
[2026-06-04 18:58:20] [INFO] [data][ModbusTcpMasterManager][addMaster]：创建 Master ID=12051 IP=127.0.0.1 Port=550
[2026-06-04 18:58:20] [INFO] [data][ModbusTcpMasterPool][addMaster]：已创建并添加 Master ID=12051 IP=127.0.0.1 Port=550 到线程 6 ModbusPoolThread-6
[2026-06-04 18:58:20] [INFO] [data][ModbusTcpMasterPool][initializeMaster]：开始初始化 Master ID=12051
[2026-06-04 18:58:20] [INFO] [data][ModbusConfigParser][initialCommandQueue]：开始构建初始指令队列，共 2 个引用
[2026-06-04 18:58:20] [DEBUG] [data][ModbusConfigParser][initialCommandQueue]：已克隆初始指令 ref=ReadVersion
[2026-06-04 18:58:20] [DEBUG] [data][ModbusConfigParser][initialCommandQueue]：已克隆初始指令 ref=WriteVEFCGasType
[2026-06-04 18:58:20] [INFO] [data][ModbusConfigParser][initialCommandQueue]：初始指令队列构建完成，共 2 条
[2026-06-04 18:58:20] [INFO] [data][ModbusConfigParser][periodicCommandQueue]：开始构建定时指令队列，共 2 个引用
[2026-06-04 18:58:20] [DEBUG] [data][ModbusConfigParser][periodicCommandQueue]：已克隆定时指令 ref=ReadFoupStatus
[2026-06-04 18:58:20] [DEBUG] [data][ModbusConfigParser][periodicCommandQueue]：已克隆定时指令 ref=ReadIdlePurgeAll
[2026-06-04 18:58:20] [INFO] [data][ModbusConfigParser][periodicCommandQueue]：定时指令队列构建完成，共 2 条
[2026-06-04 18:58:20] [INFO] [data][ModbusTcpMasterPool][InitialCommandIssuer][initializeMaster]：已配置 InitialCommandIssuer 指令数=2 间隔=100 超时=1000 重试=3
[2026-06-04 18:58:20] [INFO] [data][ModbusTcpMasterPool][PeriodicCommandSender][initializeMaster]：已配置 PeriodicCommandSender 指令数=2 间隔=300 超时=1000 重试=0
[2026-06-04 18:58:20] [INFO] [data][ModbusTcpMasterPool][FirmwareUpgrader][initializeMaster]：已配置 FirmwareUpgrader PrepareTimeout=3000ms WaitingTime=1000ms SendInterval=160ms TransferTimeout=3000ms
[2026-06-04 18:58:20] [INFO] [data][ModbusTcpMasterManager][addMaster]：创建 Master ID=12052 IP=127.0.0.1 Port=551
[2026-06-04 18:58:20] [INFO] [data][ModbusTcpMasterPool][addMaster]：已创建并添加 Master ID=12052 IP=127.0.0.1 Port=551 到线程 7 ModbusPoolThread-7
[2026-06-04 18:58:20] [INFO] [data][ModbusTcpMasterPool][initializeMaster]：开始初始化 Master ID=12052
[2026-06-04 18:58:20] [INFO] [data][ModbusConfigParser][initialCommandQueue]：开始构建初始指令队列，共 2 个引用
[2026-06-04 18:58:20] [DEBUG] [data][ModbusConfigParser][initialCommandQueue]：已克隆初始指令 ref=ReadVersion
[2026-06-04 18:58:20] [INFO] [data][ModbusConfigParser][periodicCommandQueue]：开始构建定时指令队列，共 2 个引用
[2026-06-04 18:58:20] [DEBUG] [data][ModbusConfigParser][periodicCommandQueue]：已克隆定时指令 ref=ReadFoupStatus
[2026-06-04 18:58:20] [DEBUG] [data][ModbusConfigParser][periodicCommandQueue]：已克隆定时指令 ref=ReadIdlePurgeAll
[2026-06-04 18:58:20] [DEBUG] [data][ModbusConfigParser][initialCommandQueue]：已克隆初始指令 ref=WriteVEFCGasType
[2026-06-04 18:58:20] [INFO] [data][ModbusConfigParser][initialCommandQueue]：初始指令队列构建完成，共 2 条
[2026-06-04 18:58:20] [INFO] [data][ModbusConfigParser][periodicCommandQueue]：定时指令队列构建完成，共 2 条
[2026-06-04 18:58:20] [INFO] [data][ModbusTcpMasterPool][InitialCommandIssuer][initializeMaster]：已配置 InitialCommandIssuer 指令数=2 间隔=100 超时=1000 重试=3
[2026-06-04 18:58:20] [INFO] [data][ModbusTcpMasterPool][PeriodicCommandSender][initializeMaster]：已配置 PeriodicCommandSender 指令数=2 间隔=300 超时=1000 重试=0
[2026-06-04 18:58:20] [INFO] [data][ModbusTcpMasterPool][FirmwareUpgrader][initializeMaster]：已配置 FirmwareUpgrader PrepareTimeout=3000ms WaitingTime=1000ms SendInterval=160ms TransferTimeout=3000ms
[2026-06-04 18:58:20] [INFO] [data][ModbusTcpMasterManager][addMaster]：创建 Master ID=12053 IP=127.0.0.1 Port=552
[2026-06-04 18:58:20] [INFO] [data][ModbusTcpMasterPool][addMaster]：已创建并添加 Master ID=12053 IP=127.0.0.1 Port=552 到线程 8 ModbusPoolThread-8
[2026-06-04 18:58:20] [INFO] [data][ModbusTcpMasterPool][initializeMaster]：开始初始化 Master ID=12053
[2026-06-04 18:58:20] [INFO] [data][ModbusConfigParser][initialCommandQueue]：开始构建初始指令队列，共 2 个引用
[2026-06-04 18:58:20] [DEBUG] [data][ModbusConfigParser][initialCommandQueue]：已克隆初始指令 ref=ReadVersion
[2026-06-04 18:58:20] [DEBUG] [data][ModbusConfigParser][initialCommandQueue]：已克隆初始指令 ref=WriteVEFCGasType
[2026-06-04 18:58:20] [INFO] [data][ModbusConfigParser][initialCommandQueue]：初始指令队列构建完成，共 2 条
[2026-06-04 18:58:20] [INFO] [data][ModbusConfigParser][periodicCommandQueue]：开始构建定时指令队列，共 2 个引用
[2026-06-04 18:58:20] [DEBUG] [data][ModbusConfigParser][periodicCommandQueue]：已克隆定时指令 ref=ReadFoupStatus
[2026-06-04 18:58:20] [DEBUG] [data][ModbusConfigParser][periodicCommandQueue]：已克隆定时指令 ref=ReadIdlePurgeAll
[2026-06-04 18:58:20] [INFO] [data][ModbusConfigParser][periodicCommandQueue]：定时指令队列构建完成，共 2 条
[2026-06-04 18:58:20] [INFO] [data][ModbusTcpMasterPool][InitialCommandIssuer][initializeMaster]：已配置 InitialCommandIssuer 指令数=2 间隔=100 超时=1000 重试=3
[2026-06-04 18:58:20] [INFO] [data][ModbusTcpMasterPool][PeriodicCommandSender][initializeMaster]：已配置 PeriodicCommandSender 指令数=2 间隔=300 超时=1000 重试=0
[2026-06-04 18:58:20] [INFO] [data][ModbusTcpMasterPool][FirmwareUpgrader][initializeMaster]：已配置 FirmwareUpgrader PrepareTimeout=3000ms WaitingTime=1000ms SendInterval=160ms TransferTimeout=3000ms
[2026-06-04 18:58:20] [INFO] [data][ModbusTcpMasterManager][addMaster]：创建 Master ID=12054 IP=127.0.0.1 Port=553
[2026-06-04 18:58:20] [INFO] [data][ModbusTcpMasterPool][addMaster]：已创建并添加 Master ID=12054 IP=127.0.0.1 Port=553 到线程 9 ModbusPoolThread-9
[2026-06-04 18:58:20] [INFO] [data][ModbusTcpMasterPool][initializeMaster]：开始初始化 Master ID=12054
[2026-06-04 18:58:20] [INFO] [data][ModbusConfigParser][initialCommandQueue]：开始构建初始指令队列，共 2 个引用
[2026-06-04 18:58:20] [DEBUG] [data][ModbusConfigParser][initialCommandQueue]：已克隆初始指令 ref=ReadVersion
[2026-06-04 18:58:20] [DEBUG] [data][ModbusConfigParser][initialCommandQueue]：已克隆初始指令 ref=WriteVEFCGasType
[2026-06-04 18:58:20] [INFO] [data][ModbusConfigParser][initialCommandQueue]：初始指令队列构建完成，共 2 条
[2026-06-04 18:58:20] [INFO] [data][ModbusConfigParser][periodicCommandQueue]：开始构建定时指令队列，共 2 个引用
[2026-06-04 18:58:20] [DEBUG] [data][ModbusConfigParser][periodicCommandQueue]：已克隆定时指令 ref=ReadFoupStatus
[2026-06-04 18:58:20] [DEBUG] [data][ModbusConfigParser][periodicCommandQueue]：已克隆定时指令 ref=ReadIdlePurgeAll
[2026-06-04 18:58:20] [INFO] [data][ModbusConfigParser][periodicCommandQueue]：定时指令队列构建完成，共 2 条
[2026-06-04 18:58:20] [INFO] [data][ModbusTcpMasterPool][InitialCommandIssuer][initializeMaster]：已配置 InitialCommandIssuer 指令数=2 间隔=100 超时=1000 重试=3
[2026-06-04 18:58:20] [INFO] [data][ModbusTcpMasterPool][PeriodicCommandSender][initializeMaster]：已配置 PeriodicCommandSender 指令数=2 间隔=300 超时=1000 重试=0
[2026-06-04 18:58:20] [INFO] [data][ModbusTcpMasterPool][FirmwareUpgrader][initializeMaster]：已配置 FirmwareUpgrader PrepareTimeout=3000ms WaitingTime=1000ms SendInterval=160ms TransferTimeout=3000ms
[2026-06-04 18:58:20] [INFO] [data][ModbusTcpMasterManager][addMaster]：创建 Master ID=12055 IP=127.0.0.1 Port=554
[2026-06-04 18:58:20] [INFO] [data][ModbusTcpMasterPool][addMaster]：已创建并添加 Master ID=12055 IP=127.0.0.1 Port=554 到线程 10 ModbusPoolThread-10
[2026-06-04 18:58:20] [INFO] [data][ModbusTcpMasterPool][initializeMaster]：开始初始化 Master ID=12055
[2026-06-04 18:58:20] [INFO] [data][ModbusConfigParser][initialCommandQueue]：开始构建初始指令队列，共 2 个引用
[2026-06-04 18:58:20] [DEBUG] [data][ModbusConfigParser][initialCommandQueue]：已克隆初始指令 ref=ReadVersion
[2026-06-04 18:58:20] [DEBUG] [data][ModbusConfigParser][initialCommandQueue]：已克隆初始指令 ref=WriteVEFCGasType
[2026-06-04 18:58:20] [INFO] [data][ModbusConfigParser][initialCommandQueue]：初始指令队列构建完成，共 2 条
[2026-06-04 18:58:20] [INFO] [data][ModbusConfigParser][periodicCommandQueue]：开始构建定时指令队列，共 2 个引用
[2026-06-04 18:58:20] [DEBUG] [data][ModbusConfigParser][periodicCommandQueue]：已克隆定时指令 ref=ReadFoupStatus
[2026-06-04 18:58:20] [DEBUG] [data][ModbusConfigParser][periodicCommandQueue]：已克隆定时指令 ref=ReadIdlePurgeAll
[2026-06-04 18:58:20] [INFO] [data][ModbusConfigParser][periodicCommandQueue]：定时指令队列构建完成，共 2 条
[2026-06-04 18:58:20] [INFO] [data][ModbusTcpMasterPool][InitialCommandIssuer][initializeMaster]：已配置 InitialCommandIssuer 指令数=2 间隔=100 超时=1000 重试=3
[2026-06-04 18:58:20] [INFO] [data][ModbusTcpMasterPool][PeriodicCommandSender][initializeMaster]：已配置 PeriodicCommandSender 指令数=2 间隔=300 超时=1000 重试=0
[2026-06-04 18:58:20] [INFO] [data][ModbusTcpMasterPool][FirmwareUpgrader][initializeMaster]：已配置 FirmwareUpgrader PrepareTimeout=3000ms WaitingTime=1000ms SendInterval=160ms TransferTimeout=3000ms
[2026-06-04 18:58:20] [INFO] [data][ModbusTcpMasterManager][addMaster]：创建 Master ID=12056 IP=127.0.0.1 Port=555
[2026-06-04 18:58:20] [INFO] [data][ModbusTcpMasterPool][addMaster]：已创建并添加 Master ID=12056 IP=127.0.0.1 Port=555 到线程 11 ModbusPoolThread-11
[2026-06-04 18:58:20] [INFO] [data][ModbusTcpMasterPool][initializeMaster]：开始初始化 Master ID=12056
[2026-06-04 18:58:20] [INFO] [data][ModbusConfigParser][initialCommandQueue]：开始构建初始指令队列，共 2 个引用
[2026-06-04 18:58:20] [DEBUG] [data][ModbusConfigParser][initialCommandQueue]：已克隆初始指令 ref=ReadVersion
[2026-06-04 18:58:20] [DEBUG] [data][ModbusConfigParser][initialCommandQueue]：已克隆初始指令 ref=WriteVEFCGasType
[2026-06-04 18:58:20] [INFO] [data][ModbusConfigParser][initialCommandQueue]：初始指令队列构建完成，共 2 条
[2026-06-04 18:58:20] [INFO] [data][ModbusConfigParser][periodicCommandQueue]：开始构建定时指令队列，共 2 个引用
[2026-06-04 18:58:20] [DEBUG] [data][ModbusConfigParser][periodicCommandQueue]：已克隆定时指令 ref=ReadFoupStatus
[2026-06-04 18:58:20] [DEBUG] [data][ModbusConfigParser][periodicCommandQueue]：已克隆定时指令 ref=ReadIdlePurgeAll
[2026-06-04 18:58:20] [INFO] [data][ModbusConfigParser][periodicCommandQueue]：定时指令队列构建完成，共 2 条
[2026-06-04 18:58:20] [INFO] [data][ModbusTcpMasterPool][InitialCommandIssuer][initializeMaster]：已配置 InitialCommandIssuer 指令数=2 间隔=100 超时=1000 重试=3
[2026-06-04 18:58:20] [INFO] [data][ModbusTcpMasterPool][PeriodicCommandSender][initializeMaster]：已配置 PeriodicCommandSender 指令数=2 间隔=300 超时=1000 重试=0
[2026-06-04 18:58:20] [INFO] [data][ModbusTcpMasterPool][FirmwareUpgrader][initializeMaster]：已配置 FirmwareUpgrader PrepareTimeout=3000ms WaitingTime=1000ms SendInterval=160ms TransferTimeout=3000ms
[2026-06-04 18:58:20] [INFO] [data][ModbusTcpMasterManager][addMaster]：创建 Master ID=12057 IP=127.0.0.1 Port=556
[2026-06-04 18:58:20] [INFO] [data][ModbusTcpMasterPool][addMaster]：已创建并添加 Master ID=12057 IP=127.0.0.1 Port=556 到线程 12 ModbusPoolThread-12
[2026-06-04 18:58:20] [INFO] [data][ModbusTcpMasterPool][initializeMaster]：开始初始化 Master ID=12057
[2026-06-04 18:58:20] [INFO] [data][ModbusConfigParser][initialCommandQueue]：开始构建初始指令队列，共 2 个引用
[2026-06-04 18:58:20] [DEBUG] [data][ModbusConfigParser][initialCommandQueue]：已克隆初始指令 ref=ReadVersion
[2026-06-04 18:58:20] [DEBUG] [data][ModbusConfigParser][initialCommandQueue]：已克隆初始指令 ref=WriteVEFCGasType
[2026-06-04 18:58:20] [INFO] [data][ModbusConfigParser][initialCommandQueue]：初始指令队列构建完成，共 2 条
[2026-06-04 18:58:20] [INFO] [data][ModbusConfigParser][periodicCommandQueue]：开始构建定时指令队列，共 2 个引用
[2026-06-04 18:58:20] [DEBUG] [data][ModbusConfigParser][periodicCommandQueue]：已克隆定时指令 ref=ReadFoupStatus
[2026-06-04 18:58:20] [DEBUG] [data][ModbusConfigParser][periodicCommandQueue]：已克隆定时指令 ref=ReadIdlePurgeAll
[2026-06-04 18:58:20] [INFO] [data][ModbusConfigParser][periodicCommandQueue]：定时指令队列构建完成，共 2 条
[2026-06-04 18:58:20] [INFO] [data][ModbusTcpMasterPool][InitialCommandIssuer][initializeMaster]：已配置 InitialCommandIssuer 指令数=2 间隔=100 超时=1000 重试=3
[2026-06-04 18:58:20] [INFO] [data][ModbusTcpMasterPool][PeriodicCommandSender][initializeMaster]：已配置 PeriodicCommandSender 指令数=2 间隔=300 超时=1000 重试=0
[2026-06-04 18:58:20] [INFO] [data][ModbusTcpMasterPool][FirmwareUpgrader][initializeMaster]：已配置 FirmwareUpgrader PrepareTimeout=3000ms WaitingTime=1000ms SendInterval=160ms TransferTimeout=3000ms
[2026-06-04 18:58:20] [INFO] [data][ModbusTcpMasterManager][addMaster]：创建 Master ID=12058 IP=127.0.0.1 Port=557
[2026-06-04 18:58:20] [INFO] [data][ModbusTcpMasterPool][addMaster]：已创建并添加 Master ID=12058 IP=127.0.0.1 Port=557 到线程 13 ModbusPoolThread-13
[2026-06-04 18:58:20] [INFO] [data][ModbusTcpMasterPool][initializeMaster]：开始初始化 Master ID=12058
[2026-06-04 18:58:20] [INFO] [data][ModbusConfigParser][initialCommandQueue]：开始构建初始指令队列，共 2 个引用
[2026-06-04 18:58:20] [DEBUG] [data][ModbusConfigParser][initialCommandQueue]：已克隆初始指令 ref=ReadVersion
[2026-06-04 18:58:20] [DEBUG] [data][ModbusConfigParser][initialCommandQueue]：已克隆初始指令 ref=WriteVEFCGasType
[2026-06-04 18:58:20] [INFO] [data][ModbusConfigParser][initialCommandQueue]：初始指令队列构建完成，共 2 条
[2026-06-04 18:58:20] [INFO] [data][ModbusConfigParser][periodicCommandQueue]：开始构建定时指令队列，共 2 个引用
[2026-06-04 18:58:20] [DEBUG] [data][ModbusConfigParser][periodicCommandQueue]：已克隆定时指令 ref=ReadFoupStatus
[2026-06-04 18:58:20] [DEBUG] [data][ModbusConfigParser][periodicCommandQueue]：已克隆定时指令 ref=ReadIdlePurgeAll
[2026-06-04 18:58:20] [INFO] [data][ModbusConfigParser][periodicCommandQueue]：定时指令队列构建完成，共 2 条
[2026-06-04 18:58:20] [INFO] [data][ModbusTcpMasterPool][InitialCommandIssuer][initializeMaster]：已配置 InitialCommandIssuer 指令数=2 间隔=100 超时=1000 重试=3
[2026-06-04 18:58:20] [INFO] [data][ModbusTcpMasterPool][PeriodicCommandSender][initializeMaster]：已配置 PeriodicCommandSender 指令数=2 间隔=300 超时=1000 重试=0
[2026-06-04 18:58:20] [INFO] [data][ModbusTcpMasterPool][FirmwareUpgrader][initializeMaster]：已配置 FirmwareUpgrader PrepareTimeout=3000ms WaitingTime=1000ms SendInterval=160ms TransferTimeout=3000ms
[2026-06-04 18:58:20] [INFO] [data][ModbusTcpMasterManager][addMaster]：创建 Master ID=12059 IP=127.0.0.1 Port=558
[2026-06-04 18:58:20] [INFO] [data][ModbusTcpMasterPool][addMaster]：已创建并添加 Master ID=12059 IP=127.0.0.1 Port=558 到线程 14 ModbusPoolThread-14
[2026-06-04 18:58:20] [INFO] [data][ModbusTcpMasterPool][initializeMaster]：开始初始化 Master ID=12059
[2026-06-04 18:58:20] [INFO] [data][ModbusConfigParser][initialCommandQueue]：开始构建初始指令队列，共 2 个引用
[2026-06-04 18:58:20] [DEBUG] [data][ModbusConfigParser][initialCommandQueue]：已克隆初始指令 ref=ReadVersion
[2026-06-04 18:58:20] [DEBUG] [data][ModbusConfigParser][initialCommandQueue]：已克隆初始指令 ref=WriteVEFCGasType
[2026-06-04 18:58:20] [INFO] [data][ModbusConfigParser][initialCommandQueue]：初始指令队列构建完成，共 2 条
[2026-06-04 18:58:20] [INFO] [data][ModbusConfigParser][periodicCommandQueue]：开始构建定时指令队列，共 2 个引用
[2026-06-04 18:58:20] [DEBUG] [data][ModbusConfigParser][periodicCommandQueue]：已克隆定时指令 ref=ReadFoupStatus
[2026-06-04 18:58:20] [DEBUG] [data][ModbusConfigParser][periodicCommandQueue]：已克隆定时指令 ref=ReadIdlePurgeAll
[2026-06-04 18:58:20] [INFO] [data][ModbusConfigParser][periodicCommandQueue]：定时指令队列构建完成，共 2 条
[2026-06-04 18:58:20] [INFO] [data][ModbusTcpMasterPool][InitialCommandIssuer][initializeMaster]：已配置 InitialCommandIssuer 指令数=2 间隔=100 超时=1000 重试=3
[2026-06-04 18:58:20] [INFO] [data][ModbusTcpMasterPool][PeriodicCommandSender][initializeMaster]：已配置 PeriodicCommandSender 指令数=2 间隔=300 超时=1000 重试=0
[2026-06-04 18:58:20] [INFO] [data][ModbusTcpMasterPool][FirmwareUpgrader][initializeMaster]：已配置 FirmwareUpgrader PrepareTimeout=3000ms WaitingTime=1000ms SendInterval=160ms TransferTimeout=3000ms
[2026-06-04 18:58:20] [INFO] [data][ModbusTcpMasterManager][addMaster]：创建 Master ID=12060 IP=127.0.0.1 Port=559
[2026-06-04 18:58:20] [INFO] [data][ModbusTcpMasterPool][addMaster]：已创建并添加 Master ID=12060 IP=127.0.0.1 Port=559 到线程 15 ModbusPoolThread-15
[2026-06-04 18:58:20] [INFO] [data][ModbusTcpMasterPool][initializeMaster]：开始初始化 Master ID=12060
[2026-06-04 18:58:20] [INFO] [data][ModbusConfigParser][initialCommandQueue]：开始构建初始指令队列，共 2 个引用
[2026-06-04 18:58:20] [DEBUG] [data][ModbusConfigParser][initialCommandQueue]：已克隆初始指令 ref=ReadVersion
[2026-06-04 18:58:20] [DEBUG] [data][ModbusConfigParser][initialCommandQueue]：已克隆初始指令 ref=WriteVEFCGasType
[2026-06-04 18:58:20] [INFO] [data][ModbusConfigParser][initialCommandQueue]：初始指令队列构建完成，共 2 条
[2026-06-04 18:58:20] [INFO] [data][ModbusConfigParser][periodicCommandQueue]：开始构建定时指令队列，共 2 个引用
[2026-06-04 18:58:20] [DEBUG] [data][ModbusConfigParser][periodicCommandQueue]：已克隆定时指令 ref=ReadFoupStatus
[2026-06-04 18:58:20] [DEBUG] [data][ModbusConfigParser][periodicCommandQueue]：已克隆定时指令 ref=ReadIdlePurgeAll
[2026-06-04 18:58:20] [INFO] [data][ModbusConfigParser][periodicCommandQueue]：定时指令队列构建完成，共 2 条
[2026-06-04 18:58:20] [INFO] [data][ModbusTcpMasterPool][InitialCommandIssuer][initializeMaster]：已配置 InitialCommandIssuer 指令数=2 间隔=100 超时=1000 重试=3
[2026-06-04 18:58:20] [INFO] [data][ModbusTcpMasterPool][PeriodicCommandSender][initializeMaster]：已配置 PeriodicCommandSender 指令数=2 间隔=300 超时=1000 重试=0
[2026-06-04 18:58:20] [INFO] [data][ModbusTcpMasterPool][FirmwareUpgrader][initializeMaster]：已配置 FirmwareUpgrader PrepareTimeout=3000ms WaitingTime=1000ms SendInterval=160ms TransferTimeout=3000ms
[2026-06-04 18:58:20] [INFO] [data][ModbusTcpMasterManager][addMaster]：创建 Master ID=12061 IP=127.0.0.1 Port=560
[2026-06-04 18:58:20] [INFO] [data][ModbusTcpMasterPool][addMaster]：已创建并添加 Master ID=12061 IP=127.0.0.1 Port=560 到线程 16 ModbusPoolThread-16
[2026-06-04 18:58:20] [INFO] [data][ModbusTcpMasterPool][initializeMaster]：开始初始化 Master ID=12061
[2026-06-04 18:58:20] [INFO] [data][ModbusConfigParser][initialCommandQueue]：开始构建初始指令队列，共 2 个引用
[2026-06-04 18:58:20] [DEBUG] [data][ModbusConfigParser][initialCommandQueue]：已克隆初始指令 ref=ReadVersion
[2026-06-04 18:58:20] [DEBUG] [data][ModbusConfigParser][initialCommandQueue]：已克隆初始指令 ref=WriteVEFCGasType
[2026-06-04 18:58:20] [INFO] [data][ModbusConfigParser][initialCommandQueue]：初始指令队列构建完成，共 2 条
[2026-06-04 18:58:20] [INFO] [data][ModbusConfigParser][periodicCommandQueue]：开始构建定时指令队列，共 2 个引用
[2026-06-04 18:58:20] [DEBUG] [data][ModbusConfigParser][periodicCommandQueue]：已克隆定时指令 ref=ReadFoupStatus
[2026-06-04 18:58:20] [DEBUG] [data][ModbusConfigParser][periodicCommandQueue]：已克隆定时指令 ref=ReadIdlePurgeAll
[2026-06-04 18:58:20] [INFO] [data][ModbusConfigParser][periodicCommandQueue]：定时指令队列构建完成，共 2 条
[2026-06-04 18:58:20] [INFO] [data][ModbusTcpMasterPool][InitialCommandIssuer][initializeMaster]：已配置 InitialCommandIssuer 指令数=2 间隔=100 超时=1000 重试=3
[2026-06-04 18:58:20] [INFO] [data][ModbusTcpMasterPool][PeriodicCommandSender][initializeMaster]：已配置 PeriodicCommandSender 指令数=2 间隔=300 超时=1000 重试=0
[2026-06-04 18:58:20] [INFO] [data][ModbusTcpMasterPool][FirmwareUpgrader][initializeMaster]：已配置 FirmwareUpgrader PrepareTimeout=3000ms WaitingTime=1000ms SendInterval=160ms TransferTimeout=3000ms
[2026-06-04 18:58:20] [INFO] [data][ModbusTcpMasterManager][addMaster]：创建 Master ID=12062 IP=127.0.0.1 Port=561
[2026-06-04 18:58:20] [INFO] [data][ModbusTcpMasterPool][addMaster]：已创建并添加 Master ID=12062 IP=127.0.0.1 Port=561 到线程 17 ModbusPoolThread-17
[2026-06-04 18:58:20] [INFO] [data][ModbusTcpMasterPool][initializeMaster]：开始初始化 Master ID=12062
[2026-06-04 18:58:20] [INFO] [data][ModbusConfigParser][initialCommandQueue]：开始构建初始指令队列，共 2 个引用
[2026-06-04 18:58:20] [DEBUG] [data][ModbusConfigParser][initialCommandQueue]：已克隆初始指令 ref=ReadVersion
[2026-06-04 18:58:20] [DEBUG] [data][ModbusConfigParser][initialCommandQueue]：已克隆初始指令 ref=WriteVEFCGasType
[2026-06-04 18:58:20] [INFO] [data][ModbusConfigParser][initialCommandQueue]：初始指令队列构建完成，共 2 条
[2026-06-04 18:58:20] [INFO] [data][ModbusConfigParser][periodicCommandQueue]：开始构建定时指令队列，共 2 个引用
[2026-06-04 18:58:20] [DEBUG] [data][ModbusConfigParser][periodicCommandQueue]：已克隆定时指令 ref=ReadFoupStatus
[2026-06-04 18:58:20] [DEBUG] [data][ModbusConfigParser][periodicCommandQueue]：已克隆定时指令 ref=ReadIdlePurgeAll
[2026-06-04 18:58:20] [INFO] [data][ModbusConfigParser][periodicCommandQueue]：定时指令队列构建完成，共 2 条
[2026-06-04 18:58:20] [INFO] [data][ModbusTcpMasterPool][InitialCommandIssuer][initializeMaster]：已配置 InitialCommandIssuer 指令数=2 间隔=100 超时=1000 重试=3
[2026-06-04 18:58:20] [INFO] [data][ModbusTcpMasterPool][PeriodicCommandSender][initializeMaster]：已配置 PeriodicCommandSender 指令数=2 间隔=300 超时=1000 重试=0
[2026-06-04 18:58:20] [INFO] [data][ModbusTcpMasterPool][FirmwareUpgrader][initializeMaster]：已配置 FirmwareUpgrader PrepareTimeout=3000ms WaitingTime=1000ms SendInterval=160ms TransferTimeout=3000ms
[2026-06-04 18:58:20] [INFO] [data][ModbusTcpMasterManager][addMaster]：创建 Master ID=12063 IP=127.0.0.1 Port=562
[2026-06-04 18:58:20] [INFO] [data][ModbusTcpMasterPool][addMaster]：已创建并添加 Master ID=12063 IP=127.0.0.1 Port=562 到线程 18 ModbusPoolThread-18
[2026-06-04 18:58:20] [INFO] [data][ModbusTcpMasterPool][initializeMaster]：开始初始化 Master ID=12063
[2026-06-04 18:58:20] [INFO] [data][ModbusConfigParser][initialCommandQueue]：开始构建初始指令队列，共 2 个引用
[2026-06-04 18:58:20] [DEBUG] [data][ModbusConfigParser][initialCommandQueue]：已克隆初始指令 ref=ReadVersion
[2026-06-04 18:58:20] [DEBUG] [data][ModbusConfigParser][initialCommandQueue]：已克隆初始指令 ref=WriteVEFCGasType
[2026-06-04 18:58:20] [INFO] [data][ModbusConfigParser][initialCommandQueue]：初始指令队列构建完成，共 2 条
[2026-06-04 18:58:20] [INFO] [data][ModbusConfigParser][periodicCommandQueue]：开始构建定时指令队列，共 2 个引用
[2026-06-04 18:58:20] [DEBUG] [data][ModbusConfigParser][periodicCommandQueue]：已克隆定时指令 ref=ReadFoupStatus
[2026-06-04 18:58:20] [DEBUG] [data][ModbusConfigParser][periodicCommandQueue]：已克隆定时指令 ref=ReadIdlePurgeAll
[2026-06-04 18:58:20] [INFO] [data][ModbusConfigParser][periodicCommandQueue]：定时指令队列构建完成，共 2 条
[2026-06-04 18:58:20] [INFO] [data][ModbusTcpMasterPool][InitialCommandIssuer][initializeMaster]：已配置 InitialCommandIssuer 指令数=2 间隔=100 超时=1000 重试=3
[2026-06-04 18:58:20] [INFO] [data][ModbusTcpMasterPool][PeriodicCommandSender][initializeMaster]：已配置 PeriodicCommandSender 指令数=2 间隔=300 超时=1000 重试=0
[2026-06-04 18:58:20] [INFO] [data][ModbusTcpMasterPool][FirmwareUpgrader][initializeMaster]：已配置 FirmwareUpgrader PrepareTimeout=3000ms WaitingTime=1000ms SendInterval=160ms TransferTimeout=3000ms
[2026-06-04 18:58:20] [INFO] [data][ModbusTcpMasterManager][addMaster]：创建 Master ID=12064 IP=127.0.0.1 Port=563
[2026-06-04 18:58:20] [INFO] [data][ModbusTcpMasterPool][addMaster]：已创建并添加 Master ID=12064 IP=127.0.0.1 Port=563 到线程 19 ModbusPoolThread-19
[2026-06-04 18:58:20] [INFO] [data][ModbusTcpMasterPool][initializeMaster]：开始初始化 Master ID=12064
[2026-06-04 18:58:20] [INFO] [data][ModbusConfigParser][initialCommandQueue]：开始构建初始指令队列，共 2 个引用
[2026-06-04 18:58:20] [DEBUG] [data][ModbusConfigParser][initialCommandQueue]：已克隆初始指令 ref=ReadVersion
[2026-06-04 18:58:20] [DEBUG] [data][ModbusConfigParser][initialCommandQueue]：已克隆初始指令 ref=WriteVEFCGasType
[2026-06-04 18:58:20] [INFO] [data][ModbusConfigParser][initialCommandQueue]：初始指令队列构建完成，共 2 条
[2026-06-04 18:58:20] [INFO] [data][ModbusConfigParser][periodicCommandQueue]：开始构建定时指令队列，共 2 个引用
[2026-06-04 18:58:20] [DEBUG] [data][ModbusConfigParser][periodicCommandQueue]：已克隆定时指令 ref=ReadFoupStatus
[2026-06-04 18:58:20] [DEBUG] [data][ModbusConfigParser][periodicCommandQueue]：已克隆定时指令 ref=ReadIdlePurgeAll
[2026-06-04 18:58:20] [INFO] [data][ModbusConfigParser][periodicCommandQueue]：定时指令队列构建完成，共 2 条
[2026-06-04 18:58:20] [INFO] [data][ModbusTcpMasterPool][InitialCommandIssuer][initializeMaster]：已配置 InitialCommandIssuer 指令数=2 间隔=100 超时=1000 重试=3
[2026-06-04 18:58:20] [INFO] [data][ModbusTcpMasterPool][PeriodicCommandSender][initializeMaster]：已配置 PeriodicCommandSender 指令数=2 间隔=300 超时=1000 重试=0
[2026-06-04 18:58:20] [INFO] [data][ModbusTcpMasterPool][FirmwareUpgrader][initializeMaster]：已配置 FirmwareUpgrader PrepareTimeout=3000ms WaitingTime=1000ms SendInterval=160ms TransferTimeout=3000ms
[2026-06-04 18:58:20] [INFO] [data][ModbusTcpMasterManager][addMaster]：创建 Master ID=12065 IP=127.0.0.1 Port=564
[2026-06-04 18:58:20] [INFO] [data][ModbusTcpMasterPool][addMaster]：已创建并添加 Master ID=12065 IP=127.0.0.1 Port=564 到线程 20 ModbusPoolThread-20
[2026-06-04 18:58:20] [INFO] [data][ModbusTcpMasterPool][initializeMaster]：开始初始化 Master ID=12065
[2026-06-04 18:58:20] [INFO] [data][ModbusConfigParser][initialCommandQueue]：开始构建初始指令队列，共 2 个引用
[2026-06-04 18:58:20] [DEBUG] [data][ModbusConfigParser][initialCommandQueue]：已克隆初始指令 ref=ReadVersion
[2026-06-04 18:58:20] [DEBUG] [data][ModbusConfigParser][initialCommandQueue]：已克隆初始指令 ref=WriteVEFCGasType
[2026-06-04 18:58:20] [INFO] [data][ModbusConfigParser][initialCommandQueue]：初始指令队列构建完成，共 2 条
[2026-06-04 18:58:20] [INFO] [data][ModbusConfigParser][periodicCommandQueue]：开始构建定时指令队列，共 2 个引用
[2026-06-04 18:58:20] [DEBUG] [data][ModbusConfigParser][periodicCommandQueue]：已克隆定时指令 ref=ReadFoupStatus
[2026-06-04 18:58:20] [DEBUG] [data][ModbusConfigParser][periodicCommandQueue]：已克隆定时指令 ref=ReadIdlePurgeAll
[2026-06-04 18:58:20] [INFO] [data][ModbusConfigParser][periodicCommandQueue]：定时指令队列构建完成，共 2 条
[2026-06-04 18:58:20] [INFO] [data][ModbusTcpMasterPool][InitialCommandIssuer][initializeMaster]：已配置 InitialCommandIssuer 指令数=2 间隔=100 超时=1000 重试=3
[2026-06-04 18:58:20] [INFO] [data][ModbusTcpMasterPool][PeriodicCommandSender][initializeMaster]：已配置 PeriodicCommandSender 指令数=2 间隔=300 超时=1000 重试=0
[2026-06-04 18:58:20] [INFO] [data][ModbusTcpMasterPool][FirmwareUpgrader][initializeMaster]：已配置 FirmwareUpgrader PrepareTimeout=3000ms WaitingTime=1000ms SendInterval=160ms TransferTimeout=3000ms
[2026-06-04 18:58:20] [INFO] [data][ModbusTcpMasterManager][addMaster]：创建 Master ID=12066 IP=127.0.0.1 Port=565
[2026-06-04 18:58:20] [INFO] [data][ModbusTcpMasterPool][addMaster]：已创建并添加 Master ID=12066 IP=127.0.0.1 Port=565 到线程 21 ModbusPoolThread-21
[2026-06-04 18:58:20] [INFO] [data][ModbusTcpMasterPool][initializeMaster]：开始初始化 Master ID=12066
[2026-06-04 18:58:20] [INFO] [data][ModbusConfigParser][initialCommandQueue]：开始构建初始指令队列，共 2 个引用
[2026-06-04 18:58:20] [DEBUG] [data][ModbusConfigParser][initialCommandQueue]：已克隆初始指令 ref=ReadVersion
[2026-06-04 18:58:20] [DEBUG] [data][ModbusConfigParser][initialCommandQueue]：已克隆初始指令 ref=WriteVEFCGasType
[2026-06-04 18:58:20] [INFO] [data][ModbusConfigParser][initialCommandQueue]：初始指令队列构建完成，共 2 条
[2026-06-04 18:58:20] [INFO] [data][ModbusConfigParser][periodicCommandQueue]：开始构建定时指令队列，共 2 个引用
[2026-06-04 18:58:20] [DEBUG] [data][ModbusConfigParser][periodicCommandQueue]：已克隆定时指令 ref=ReadFoupStatus
[2026-06-04 18:58:20] [DEBUG] [data][ModbusConfigParser][periodicCommandQueue]：已克隆定时指令 ref=ReadIdlePurgeAll
[2026-06-04 18:58:20] [INFO] [data][ModbusConfigParser][periodicCommandQueue]：定时指令队列构建完成，共 2 条
[2026-06-04 18:58:20] [INFO] [data][ModbusTcpMasterPool][InitialCommandIssuer][initializeMaster]：已配置 InitialCommandIssuer 指令数=2 间隔=100 超时=1000 重试=3
[2026-06-04 18:58:20] [INFO] [data][ModbusTcpMasterPool][PeriodicCommandSender][initializeMaster]：已配置 PeriodicCommandSender 指令数=2 间隔=300 超时=1000 重试=0
[2026-06-04 18:58:20] [INFO] [data][ModbusTcpMasterPool][FirmwareUpgrader][initializeMaster]：已配置 FirmwareUpgrader PrepareTimeout=3000ms WaitingTime=1000ms SendInterval=160ms TransferTimeout=3000ms
[2026-06-04 18:58:20] [INFO] [data][ModbusTcpMasterManager][addMaster]：创建 Master ID=12067 IP=127.0.0.1 Port=566
[2026-06-04 18:58:20] [INFO] [data][ModbusTcpMasterPool][addMaster]：已创建并添加 Master ID=12067 IP=127.0.0.1 Port=566 到线程 0 ModbusPoolThread-0
[2026-06-04 18:58:20] [INFO] [data][ModbusTcpMasterPool][initializeMaster]：开始初始化 Master ID=12067
[2026-06-04 18:58:20] [INFO] [data][ModbusConfigParser][initialCommandQueue]：开始构建初始指令队列，共 2 个引用
[2026-06-04 18:58:20] [DEBUG] [data][ModbusConfigParser][initialCommandQueue]：已克隆初始指令 ref=ReadVersion
[2026-06-04 18:58:20] [DEBUG] [data][ModbusConfigParser][initialCommandQueue]：已克隆初始指令 ref=WriteVEFCGasType
[2026-06-04 18:58:20] [INFO] [data][ModbusConfigParser][initialCommandQueue]：初始指令队列构建完成，共 2 条
[2026-06-04 18:58:20] [INFO] [data][ModbusConfigParser][periodicCommandQueue]：开始构建定时指令队列，共 2 个引用
[2026-06-04 18:58:20] [DEBUG] [data][ModbusConfigParser][periodicCommandQueue]：已克隆定时指令 ref=ReadFoupStatus
[2026-06-04 18:58:20] [DEBUG] [data][ModbusConfigParser][periodicCommandQueue]：已克隆定时指令 ref=ReadIdlePurgeAll
[2026-06-04 18:58:20] [INFO] [data][ModbusConfigParser][periodicCommandQueue]：定时指令队列构建完成，共 2 条
[2026-06-04 18:58:20] [INFO] [data][ModbusTcpMasterPool][InitialCommandIssuer][initializeMaster]：已配置 InitialCommandIssuer 指令数=2 间隔=100 超时=1000 重试=3
[2026-06-04 18:58:20] [INFO] [data][ModbusTcpMasterPool][PeriodicCommandSender][initializeMaster]：已配置 PeriodicCommandSender 指令数=2 间隔=300 超时=1000 重试=0
[2026-06-04 18:58:20] [INFO] [data][ModbusTcpMasterPool][FirmwareUpgrader][initializeMaster]：已配置 FirmwareUpgrader PrepareTimeout=3000ms WaitingTime=1000ms SendInterval=160ms TransferTimeout=3000ms
[2026-06-04 18:58:20] [INFO] [data][ModbusTcpMasterManager][addMaster]：创建 Master ID=12068 IP=127.0.0.1 Port=567
[2026-06-04 18:58:20] [INFO] [data][ModbusTcpMasterPool][addMaster]：已创建并添加 Master ID=12068 IP=127.0.0.1 Port=567 到线程 1 ModbusPoolThread-1
[2026-06-04 18:58:20] [INFO] [data][ModbusTcpMasterPool][initializeMaster]：开始初始化 Master ID=12068
[2026-06-04 18:58:20] [INFO] [data][ModbusConfigParser][initialCommandQueue]：开始构建初始指令队列，共 2 个引用
[2026-06-04 18:58:20] [DEBUG] [data][ModbusConfigParser][initialCommandQueue]：已克隆初始指令 ref=ReadVersion
[2026-06-04 18:58:20] [DEBUG] [data][ModbusConfigParser][initialCommandQueue]：已克隆初始指令 ref=WriteVEFCGasType
[2026-06-04 18:58:20] [INFO] [data][ModbusConfigParser][initialCommandQueue]：初始指令队列构建完成，共 2 条
[2026-06-04 18:58:20] [INFO] [data][ModbusConfigParser][periodicCommandQueue]：开始构建定时指令队列，共 2 个引用
[2026-06-04 18:58:20] [DEBUG] [data][ModbusConfigParser][periodicCommandQueue]：已克隆定时指令 ref=ReadFoupStatus
[2026-06-04 18:58:20] [DEBUG] [data][ModbusConfigParser][periodicCommandQueue]：已克隆定时指令 ref=ReadIdlePurgeAll
[2026-06-04 18:58:20] [INFO] [data][ModbusConfigParser][periodicCommandQueue]：定时指令队列构建完成，共 2 条
[2026-06-04 18:58:20] [INFO] [data][ModbusTcpMasterPool][InitialCommandIssuer][initializeMaster]：已配置 InitialCommandIssuer 指令数=2 间隔=100 超时=1000 重试=3
[2026-06-04 18:58:20] [INFO] [data][ModbusTcpMasterPool][PeriodicCommandSender][initializeMaster]：已配置 PeriodicCommandSender 指令数=2 间隔=300 超时=1000 重试=0
[2026-06-04 18:58:20] [INFO] [data][ModbusTcpMasterPool][FirmwareUpgrader][initializeMaster]：已配置 FirmwareUpgrader PrepareTimeout=3000ms WaitingTime=1000ms SendInterval=160ms TransferTimeout=3000ms
[2026-06-04 18:58:20] [INFO] [data][ModbusTcpMasterManager][addMaster]：创建 Master ID=12069 IP=127.0.0.1 Port=568
[2026-06-04 18:58:20] [INFO] [data][ModbusTcpMasterPool][addMaster]：已创建并添加 Master ID=12069 IP=127.0.0.1 Port=568 到线程 2 ModbusPoolThread-2
[2026-06-04 18:58:20] [INFO] [data][ModbusTcpMasterPool][initializeMaster]：开始初始化 Master ID=12069
[2026-06-04 18:58:20] [INFO] [data][ModbusConfigParser][initialCommandQueue]：开始构建初始指令队列，共 2 个引用
[2026-06-04 18:58:20] [DEBUG] [data][ModbusConfigParser][initialCommandQueue]：已克隆初始指令 ref=ReadVersion
[2026-06-04 18:58:20] [DEBUG] [data][ModbusConfigParser][initialCommandQueue]：已克隆初始指令 ref=WriteVEFCGasType
[2026-06-04 18:58:20] [INFO] [data][ModbusConfigParser][initialCommandQueue]：初始指令队列构建完成，共 2 条
[2026-06-04 18:58:20] [INFO] [data][ModbusConfigParser][periodicCommandQueue]：开始构建定时指令队列，共 2 个引用
[2026-06-04 18:58:20] [DEBUG] [data][ModbusConfigParser][periodicCommandQueue]：已克隆定时指令 ref=ReadFoupStatus
[2026-06-04 18:58:20] [DEBUG] [data][ModbusConfigParser][periodicCommandQueue]：已克隆定时指令 ref=ReadIdlePurgeAll
[2026-06-04 18:58:20] [INFO] [data][ModbusConfigParser][periodicCommandQueue]：定时指令队列构建完成，共 2 条
[2026-06-04 18:58:20] [INFO] [data][ModbusTcpMasterPool][InitialCommandIssuer][initializeMaster]：已配置 InitialCommandIssuer 指令数=2 间隔=100 超时=1000 重试=3
[2026-06-04 18:58:20] [INFO] [data][ModbusTcpMasterPool][PeriodicCommandSender][initializeMaster]：已配置 PeriodicCommandSender 指令数=2 间隔=300 超时=1000 重试=0
[2026-06-04 18:58:20] [INFO] [data][ModbusTcpMasterPool][FirmwareUpgrader][initializeMaster]：已配置 FirmwareUpgrader PrepareTimeout=3000ms WaitingTime=1000ms SendInterval=160ms TransferTimeout=3000ms
[2026-06-04 18:58:20] [INFO] [data][ModbusTcpMasterManager][addMaster]：创建 Master ID=12070 IP=127.0.0.1 Port=569
[2026-06-04 18:58:20] [INFO] [data][ModbusTcpMasterPool][addMaster]：已创建并添加 Master ID=12070 IP=127.0.0.1 Port=569 到线程 3 ModbusPoolThread-3
[2026-06-04 18:58:20] [INFO] [data][ModbusTcpMasterPool][initializeMaster]：开始初始化 Master ID=12070
[2026-06-04 18:58:20] [INFO] [data][ModbusConfigParser][initialCommandQueue]：开始构建初始指令队列，共 2 个引用
[2026-06-04 18:58:20] [DEBUG] [data][ModbusConfigParser][initialCommandQueue]：已克隆初始指令 ref=ReadVersion
[2026-06-04 18:58:20] [DEBUG] [data][ModbusConfigParser][initialCommandQueue]：已克隆初始指令 ref=WriteVEFCGasType
[2026-06-04 18:58:20] [INFO] [data][ModbusConfigParser][initialCommandQueue]：初始指令队列构建完成，共 2 条
[2026-06-04 18:58:20] [INFO] [data][ModbusConfigParser][periodicCommandQueue]：开始构建定时指令队列，共 2 个引用
[2026-06-04 18:58:20] [DEBUG] [data][ModbusConfigParser][periodicCommandQueue]：已克隆定时指令 ref=ReadFoupStatus
[2026-06-04 18:58:20] [DEBUG] [data][ModbusConfigParser][periodicCommandQueue]：已克隆定时指令 ref=ReadIdlePurgeAll
[2026-06-04 18:58:20] [INFO] [data][ModbusConfigParser][periodicCommandQueue]：定时指令队列构建完成，共 2 条
[2026-06-04 18:58:20] [INFO] [data][ModbusTcpMasterPool][InitialCommandIssuer][initializeMaster]：已配置 InitialCommandIssuer 指令数=2 间隔=100 超时=1000 重试=3
[2026-06-04 18:58:20] [INFO] [data][ModbusTcpMasterPool][PeriodicCommandSender][initializeMaster]：已配置 PeriodicCommandSender 指令数=2 间隔=300 超时=1000 重试=0
[2026-06-04 18:58:20] [INFO] [data][ModbusTcpMasterPool][FirmwareUpgrader][initializeMaster]：已配置 FirmwareUpgrader PrepareTimeout=3000ms WaitingTime=1000ms SendInterval=160ms TransferTimeout=3000ms
[2026-06-04 18:58:20] [INFO] [data][ModbusTcpMasterManager][addMaster]：创建 Master ID=12071 IP=127.0.0.1 Port=570
[2026-06-04 18:58:20] [INFO] [data][ModbusTcpMasterPool][addMaster]：已创建并添加 Master ID=12071 IP=127.0.0.1 Port=570 到线程 4 ModbusPoolThread-4
[2026-06-04 18:58:20] [INFO] [data][ModbusTcpMasterPool][initializeMaster]：开始初始化 Master ID=12071
[2026-06-04 18:58:20] [INFO] [data][ModbusConfigParser][initialCommandQueue]：开始构建初始指令队列，共 2 个引用
[2026-06-04 18:58:20] [DEBUG] [data][ModbusConfigParser][initialCommandQueue]：已克隆初始指令 ref=ReadVersion
[2026-06-04 18:58:20] [DEBUG] [data][ModbusConfigParser][initialCommandQueue]：已克隆初始指令 ref=WriteVEFCGasType
[2026-06-04 18:58:20] [INFO] [data][ModbusConfigParser][initialCommandQueue]：初始指令队列构建完成，共 2 条
[2026-06-04 18:58:20] [INFO] [data][ModbusConfigParser][periodicCommandQueue]：开始构建定时指令队列，共 2 个引用
[2026-06-04 18:58:20] [DEBUG] [data][ModbusConfigParser][periodicCommandQueue]：已克隆定时指令 ref=ReadFoupStatus
[2026-06-04 18:58:20] [DEBUG] [data][ModbusConfigParser][periodicCommandQueue]：已克隆定时指令 ref=ReadIdlePurgeAll
[2026-06-04 18:58:20] [INFO] [data][ModbusConfigParser][periodicCommandQueue]：定时指令队列构建完成，共 2 条
[2026-06-04 18:58:20] [INFO] [data][ModbusTcpMasterPool][InitialCommandIssuer][initializeMaster]：已配置 InitialCommandIssuer 指令数=2 间隔=100 超时=1000 重试=3
[2026-06-04 18:58:20] [INFO] [data][ModbusTcpMasterPool][PeriodicCommandSender][initializeMaster]：已配置 PeriodicCommandSender 指令数=2 间隔=300 超时=1000 重试=0
[2026-06-04 18:58:20] [INFO] [data][ModbusTcpMasterPool][FirmwareUpgrader][initializeMaster]：已配置 FirmwareUpgrader PrepareTimeout=3000ms WaitingTime=1000ms SendInterval=160ms TransferTimeout=3000ms
[2026-06-04 18:58:20] [INFO] [data][ModbusTcpMasterManager][addMaster]：创建 Master ID=12072 IP=127.0.0.1 Port=571
[2026-06-04 18:58:20] [INFO] [data][ModbusTcpMasterPool][addMaster]：已创建并添加 Master ID=12072 IP=127.0.0.1 Port=571 到线程 5 ModbusPoolThread-5
[2026-06-04 18:58:20] [INFO] [data][ModbusTcpMasterPool][initializeMaster]：开始初始化 Master ID=12072
[2026-06-04 18:58:20] [INFO] [data][ModbusConfigParser][initialCommandQueue]：开始构建初始指令队列，共 2 个引用
[2026-06-04 18:58:20] [DEBUG] [data][ModbusConfigParser][initialCommandQueue]：已克隆初始指令 ref=ReadVersion
[2026-06-04 18:58:20] [DEBUG] [data][ModbusConfigParser][initialCommandQueue]：已克隆初始指令 ref=WriteVEFCGasType
[2026-06-04 18:58:20] [INFO] [data][ModbusConfigParser][initialCommandQueue]：初始指令队列构建完成，共 2 条
[2026-06-04 18:58:20] [INFO] [data][ModbusConfigParser][periodicCommandQueue]：开始构建定时指令队列，共 2 个引用
[2026-06-04 18:58:20] [DEBUG] [data][ModbusConfigParser][periodicCommandQueue]：已克隆定时指令 ref=ReadFoupStatus
[2026-06-04 18:58:20] [DEBUG] [data][ModbusConfigParser][periodicCommandQueue]：已克隆定时指令 ref=ReadIdlePurgeAll
[2026-06-04 18:58:20] [INFO] [data][ModbusConfigParser][periodicCommandQueue]：定时指令队列构建完成，共 2 条
[2026-06-04 18:58:20] [INFO] [data][ModbusTcpMasterPool][InitialCommandIssuer][initializeMaster]：已配置 InitialCommandIssuer 指令数=2 间隔=100 超时=1000 重试=3
[2026-06-04 18:58:20] [INFO] [data][ModbusTcpMasterPool][PeriodicCommandSender][initializeMaster]：已配置 PeriodicCommandSender 指令数=2 间隔=300 超时=1000 重试=0
[2026-06-04 18:58:20] [INFO] [data][ModbusTcpMasterPool][FirmwareUpgrader][initializeMaster]：已配置 FirmwareUpgrader PrepareTimeout=3000ms WaitingTime=1000ms SendInterval=160ms TransferTimeout=3000ms
[2026-06-04 18:58:20] [INFO] [data][ModbusTcpMasterManager][addMaster]：创建 Master ID=12073 IP=127.0.0.1 Port=572
[2026-06-04 18:58:20] [INFO] [data][ModbusTcpMasterPool][addMaster]：已创建并添加 Master ID=12073 IP=127.0.0.1 Port=572 到线程 6 ModbusPoolThread-6
[2026-06-04 18:58:20] [INFO] [data][ModbusTcpMasterPool][initializeMaster]：开始初始化 Master ID=12073
[2026-06-04 18:58:20] [INFO] [data][ModbusConfigParser][initialCommandQueue]：开始构建初始指令队列，共 2 个引用
[2026-06-04 18:58:20] [DEBUG] [data][ModbusConfigParser][initialCommandQueue]：已克隆初始指令 ref=ReadVersion
[2026-06-04 18:58:20] [DEBUG] [data][ModbusConfigParser][initialCommandQueue]：已克隆初始指令 ref=WriteVEFCGasType
[2026-06-04 18:58:20] [INFO] [data][ModbusConfigParser][initialCommandQueue]：初始指令队列构建完成，共 2 条
[2026-06-04 18:58:20] [INFO] [data][ModbusConfigParser][periodicCommandQueue]：开始构建定时指令队列，共 2 个引用
[2026-06-04 18:58:20] [DEBUG] [data][ModbusConfigParser][periodicCommandQueue]：已克隆定时指令 ref=ReadFoupStatus
[2026-06-04 18:58:20] [DEBUG] [data][ModbusConfigParser][periodicCommandQueue]：已克隆定时指令 ref=ReadIdlePurgeAll
[2026-06-04 18:58:20] [INFO] [data][ModbusConfigParser][periodicCommandQueue]：定时指令队列构建完成，共 2 条
[2026-06-04 18:58:20] [INFO] [data][ModbusTcpMasterPool][InitialCommandIssuer][initializeMaster]：已配置 InitialCommandIssuer 指令数=2 间隔=100 超时=1000 重试=3
[2026-06-04 18:58:20] [INFO] [data][ModbusTcpMasterPool][PeriodicCommandSender][initializeMaster]：已配置 PeriodicCommandSender 指令数=2 间隔=300 超时=1000 重试=0
[2026-06-04 18:58:20] [INFO] [data][ModbusTcpMasterPool][FirmwareUpgrader][initializeMaster]：已配置 FirmwareUpgrader PrepareTimeout=3000ms WaitingTime=1000ms SendInterval=160ms TransferTimeout=3000ms
[2026-06-04 18:58:20] [INFO] [data][ModbusTcpMasterManager][addMaster]：创建 Master ID=12074 IP=127.0.0.1 Port=573
[2026-06-04 18:58:20] [INFO] [data][ModbusTcpMasterPool][addMaster]：已创建并添加 Master ID=12074 IP=127.0.0.1 Port=573 到线程 7 ModbusPoolThread-7
[2026-06-04 18:58:20] [INFO] [data][ModbusTcpMasterPool][initializeMaster]：开始初始化 Master ID=12074
[2026-06-04 18:58:20] [INFO] [data][ModbusConfigParser][initialCommandQueue]：开始构建初始指令队列，共 2 个引用
[2026-06-04 18:58:20] [DEBUG] [data][ModbusConfigParser][initialCommandQueue]：已克隆初始指令 ref=ReadVersion
[2026-06-04 18:58:20] [DEBUG] [data][ModbusConfigParser][initialCommandQueue]：已克隆初始指令 ref=WriteVEFCGasType
[2026-06-04 18:58:20] [INFO] [data][ModbusConfigParser][initialCommandQueue]：初始指令队列构建完成，共 2 条
[2026-06-04 18:58:20] [INFO] [data][ModbusConfigParser][periodicCommandQueue]：开始构建定时指令队列，共 2 个引用
[2026-06-04 18:58:20] [DEBUG] [data][ModbusConfigParser][periodicCommandQueue]：已克隆定时指令 ref=ReadFoupStatus
[2026-06-04 18:58:20] [DEBUG] [data][ModbusConfigParser][periodicCommandQueue]：已克隆定时指令 ref=ReadIdlePurgeAll
[2026-06-04 18:58:20] [INFO] [data][ModbusConfigParser][periodicCommandQueue]：定时指令队列构建完成，共 2 条
[2026-06-04 18:58:20] [INFO] [data][ModbusTcpMasterPool][InitialCommandIssuer][initializeMaster]：已配置 InitialCommandIssuer 指令数=2 间隔=100 超时=1000 重试=3
[2026-06-04 18:58:20] [INFO] [data][ModbusTcpMasterPool][PeriodicCommandSender][initializeMaster]：已配置 PeriodicCommandSender 指令数=2 间隔=300 超时=1000 重试=0
[2026-06-04 18:58:20] [INFO] [data][ModbusTcpMasterPool][FirmwareUpgrader][initializeMaster]：已配置 FirmwareUpgrader PrepareTimeout=3000ms WaitingTime=1000ms SendInterval=160ms TransferTimeout=3000ms
[2026-06-04 18:58:20] [INFO] [data][ModbusTcpMasterManager][addMaster]：创建 Master ID=12075 IP=127.0.0.1 Port=574
[2026-06-04 18:58:20] [INFO] [data][ModbusTcpMasterPool][addMaster]：已创建并添加 Master ID=12075 IP=127.0.0.1 Port=574 到线程 8 ModbusPoolThread-8
[2026-06-04 18:58:20] [INFO] [data][ModbusTcpMasterPool][initializeMaster]：开始初始化 Master ID=12075
[2026-06-04 18:58:20] [INFO] [data][ModbusConfigParser][initialCommandQueue]：开始构建初始指令队列，共 2 个引用
[2026-06-04 18:58:20] [DEBUG] [data][ModbusConfigParser][initialCommandQueue]：已克隆初始指令 ref=ReadVersion
[2026-06-04 18:58:20] [DEBUG] [data][ModbusConfigParser][initialCommandQueue]：已克隆初始指令 ref=WriteVEFCGasType
[2026-06-04 18:58:20] [INFO] [data][ModbusConfigParser][initialCommandQueue]：初始指令队列构建完成，共 2 条
[2026-06-04 18:58:20] [INFO] [data][ModbusConfigParser][periodicCommandQueue]：开始构建定时指令队列，共 2 个引用
[2026-06-04 18:58:20] [DEBUG] [data][ModbusConfigParser][periodicCommandQueue]：已克隆定时指令 ref=ReadFoupStatus
[2026-06-04 18:58:20] [DEBUG] [data][ModbusConfigParser][periodicCommandQueue]：已克隆定时指令 ref=ReadIdlePurgeAll
[2026-06-04 18:58:20] [INFO] [data][ModbusConfigParser][periodicCommandQueue]：定时指令队列构建完成，共 2 条
[2026-06-04 18:58:20] [INFO] [data][ModbusTcpMasterPool][InitialCommandIssuer][initializeMaster]：已配置 InitialCommandIssuer 指令数=2 间隔=100 超时=1000 重试=3
[2026-06-04 18:58:20] [INFO] [data][ModbusTcpMasterPool][PeriodicCommandSender][initializeMaster]：已配置 PeriodicCommandSender 指令数=2 间隔=300 超时=1000 重试=0
[2026-06-04 18:58:20] [INFO] [data][ModbusTcpMasterPool][FirmwareUpgrader][initializeMaster]：已配置 FirmwareUpgrader PrepareTimeout=3000ms WaitingTime=1000ms SendInterval=160ms TransferTimeout=3000ms
[2026-06-04 18:58:20] [INFO] [data][ModbusTcpMasterManager][addMaster]：创建 Master ID=12076 IP=127.0.0.1 Port=575
[2026-06-04 18:58:20] [INFO] [data][ModbusTcpMasterPool][addMaster]：已创建并添加 Master ID=12076 IP=127.0.0.1 Port=575 到线程 9 ModbusPoolThread-9
[2026-06-04 18:58:20] [INFO] [data][ModbusTcpMasterPool][initializeMaster]：开始初始化 Master ID=12076
[2026-06-04 18:58:20] [INFO] [data][ModbusConfigParser][initialCommandQueue]：开始构建初始指令队列，共 2 个引用
[2026-06-04 18:58:20] [DEBUG] [data][ModbusConfigParser][initialCommandQueue]：已克隆初始指令 ref=ReadVersion
[2026-06-04 18:58:20] [DEBUG] [data][ModbusConfigParser][initialCommandQueue]：已克隆初始指令 ref=WriteVEFCGasType
[2026-06-04 18:58:20] [INFO] [data][ModbusConfigParser][initialCommandQueue]：初始指令队列构建完成，共 2 条
[2026-06-04 18:58:20] [INFO] [data][ModbusConfigParser][periodicCommandQueue]：开始构建定时指令队列，共 2 个引用
[2026-06-04 18:58:20] [DEBUG] [data][ModbusConfigParser][periodicCommandQueue]：已克隆定时指令 ref=ReadFoupStatus
[2026-06-04 18:58:20] [DEBUG] [data][ModbusConfigParser][periodicCommandQueue]：已克隆定时指令 ref=ReadIdlePurgeAll
[2026-06-04 18:58:20] [INFO] [data][ModbusConfigParser][periodicCommandQueue]：定时指令队列构建完成，共 2 条
[2026-06-04 18:58:20] [INFO] [data][ModbusTcpMasterPool][InitialCommandIssuer][initializeMaster]：已配置 InitialCommandIssuer 指令数=2 间隔=100 超时=1000 重试=3
[2026-06-04 18:58:20] [INFO] [data][ModbusTcpMasterPool][PeriodicCommandSender][initializeMaster]：已配置 PeriodicCommandSender 指令数=2 间隔=300 超时=1000 重试=0
[2026-06-04 18:58:20] [INFO] [data][ModbusTcpMasterPool][FirmwareUpgrader][initializeMaster]：已配置 FirmwareUpgrader PrepareTimeout=3000ms WaitingTime=1000ms SendInterval=160ms TransferTimeout=3000ms
[2026-06-04 18:58:20] [INFO] [data][ModbusTcpMasterManager][addMaster]：创建 Master ID=12077 IP=127.0.0.1 Port=576
[2026-06-04 18:58:20] [INFO] [data][ModbusTcpMasterPool][addMaster]：已创建并添加 Master ID=12077 IP=127.0.0.1 Port=576 到线程 10 ModbusPoolThread-10
[2026-06-04 18:58:20] [INFO] [data][ModbusTcpMasterPool][initializeMaster]：开始初始化 Master ID=12077
[2026-06-04 18:58:20] [INFO] [data][ModbusConfigParser][initialCommandQueue]：开始构建初始指令队列，共 2 个引用
[2026-06-04 18:58:20] [DEBUG] [data][ModbusConfigParser][initialCommandQueue]：已克隆初始指令 ref=ReadVersion
[2026-06-04 18:58:20] [DEBUG] [data][ModbusConfigParser][initialCommandQueue]：已克隆初始指令 ref=WriteVEFCGasType
[2026-06-04 18:58:20] [INFO] [data][ModbusConfigParser][initialCommandQueue]：初始指令队列构建完成，共 2 条
[2026-06-04 18:58:20] [INFO] [data][ModbusConfigParser][periodicCommandQueue]：开始构建定时指令队列，共 2 个引用
[2026-06-04 18:58:20] [DEBUG] [data][ModbusConfigParser][periodicCommandQueue]：已克隆定时指令 ref=ReadFoupStatus
[2026-06-04 18:58:20] [DEBUG] [data][ModbusConfigParser][periodicCommandQueue]：已克隆定时指令 ref=ReadIdlePurgeAll
[2026-06-04 18:58:20] [INFO] [data][ModbusConfigParser][periodicCommandQueue]：定时指令队列构建完成，共 2 条
[2026-06-04 18:58:20] [INFO] [data][ModbusTcpMasterPool][InitialCommandIssuer][initializeMaster]：已配置 InitialCommandIssuer 指令数=2 间隔=100 超时=1000 重试=3
[2026-06-04 18:58:20] [INFO] [data][ModbusTcpMasterPool][PeriodicCommandSender][initializeMaster]：已配置 PeriodicCommandSender 指令数=2 间隔=300 超时=1000 重试=0
[2026-06-04 18:58:20] [INFO] [data][ModbusTcpMasterPool][FirmwareUpgrader][initializeMaster]：已配置 FirmwareUpgrader PrepareTimeout=3000ms WaitingTime=1000ms SendInterval=160ms TransferTimeout=3000ms
[2026-06-04 18:58:20] [INFO] [data][ModbusTcpMasterManager][addMaster]：创建 Master ID=12078 IP=127.0.0.1 Port=577
[2026-06-04 18:58:20] [INFO] [data][ModbusTcpMasterPool][addMaster]：已创建并添加 Master ID=12078 IP=127.0.0.1 Port=577 到线程 11 ModbusPoolThread-11
[2026-06-04 18:58:20] [INFO] [data][ModbusTcpMasterPool][initializeMaster]：开始初始化 Master ID=12078
[2026-06-04 18:58:20] [INFO] [data][ModbusConfigParser][initialCommandQueue]：开始构建初始指令队列，共 2 个引用
[2026-06-04 18:58:20] [DEBUG] [data][ModbusConfigParser][initialCommandQueue]：已克隆初始指令 ref=ReadVersion
[2026-06-04 18:58:20] [DEBUG] [data][ModbusConfigParser][initialCommandQueue]：已克隆初始指令 ref=WriteVEFCGasType
[2026-06-04 18:58:20] [INFO] [data][ModbusConfigParser][initialCommandQueue]：初始指令队列构建完成，共 2 条
[2026-06-04 18:58:20] [INFO] [data][ModbusConfigParser][periodicCommandQueue]：开始构建定时指令队列，共 2 个引用
[2026-06-04 18:58:20] [DEBUG] [data][ModbusConfigParser][periodicCommandQueue]：已克隆定时指令 ref=ReadFoupStatus
[2026-06-04 18:58:20] [DEBUG] [data][ModbusConfigParser][periodicCommandQueue]：已克隆定时指令 ref=ReadIdlePurgeAll
[2026-06-04 18:58:20] [INFO] [data][ModbusConfigParser][periodicCommandQueue]：定时指令队列构建完成，共 2 条
[2026-06-04 18:58:20] [INFO] [data][ModbusTcpMasterPool][InitialCommandIssuer][initializeMaster]：已配置 InitialCommandIssuer 指令数=2 间隔=100 超时=1000 重试=3
[2026-06-04 18:58:20] [INFO] [data][ModbusTcpMasterPool][PeriodicCommandSender][initializeMaster]：已配置 PeriodicCommandSender 指令数=2 间隔=300 超时=1000 重试=0
[2026-06-04 18:58:20] [INFO] [data][ModbusTcpMasterPool][FirmwareUpgrader][initializeMaster]：已配置 FirmwareUpgrader PrepareTimeout=3000ms WaitingTime=1000ms SendInterval=160ms TransferTimeout=3000ms
[2026-06-04 18:58:20] [INFO] [data][ModbusTcpMasterManager][addMaster]：创建 Master ID=12079 IP=127.0.0.1 Port=578
[2026-06-04 18:58:20] [INFO] [data][ModbusTcpMasterPool][addMaster]：已创建并添加 Master ID=12079 IP=127.0.0.1 Port=578 到线程 12 ModbusPoolThread-12
[2026-06-04 18:58:20] [INFO] [data][ModbusTcpMasterPool][initializeMaster]：开始初始化 Master ID=12079
[2026-06-04 18:58:20] [INFO] [data][ModbusConfigParser][initialCommandQueue]：开始构建初始指令队列，共 2 个引用
[2026-06-04 18:58:20] [DEBUG] [data][ModbusConfigParser][initialCommandQueue]：已克隆初始指令 ref=ReadVersion
[2026-06-04 18:58:20] [DEBUG] [data][ModbusConfigParser][initialCommandQueue]：已克隆初始指令 ref=WriteVEFCGasType
[2026-06-04 18:58:20] [INFO] [data][ModbusConfigParser][initialCommandQueue]：初始指令队列构建完成，共 2 条
[2026-06-04 18:58:20] [INFO] [data][ModbusConfigParser][periodicCommandQueue]：开始构建定时指令队列，共 2 个引用
[2026-06-04 18:58:20] [DEBUG] [data][ModbusConfigParser][periodicCommandQueue]：已克隆定时指令 ref=ReadFoupStatus
[2026-06-04 18:58:20] [DEBUG] [data][ModbusConfigParser][periodicCommandQueue]：已克隆定时指令 ref=ReadIdlePurgeAll
[2026-06-04 18:58:20] [INFO] [data][ModbusConfigParser][periodicCommandQueue]：定时指令队列构建完成，共 2 条
[2026-06-04 18:58:20] [INFO] [data][ModbusTcpMasterPool][InitialCommandIssuer][initializeMaster]：已配置 InitialCommandIssuer 指令数=2 间隔=100 超时=1000 重试=3
[2026-06-04 18:58:20] [INFO] [data][ModbusTcpMasterPool][PeriodicCommandSender][initializeMaster]：已配置 PeriodicCommandSender 指令数=2 间隔=300 超时=1000 重试=0
[2026-06-04 18:58:20] [INFO] [data][ModbusTcpMasterPool][FirmwareUpgrader][initializeMaster]：已配置 FirmwareUpgrader PrepareTimeout=3000ms WaitingTime=1000ms SendInterval=160ms TransferTimeout=3000ms
[2026-06-04 18:58:20] [INFO] [data][ModbusTcpMasterManager][addMaster]：创建 Master ID=12080 IP=127.0.0.1 Port=579
[2026-06-04 18:58:20] [INFO] [data][ModbusTcpMasterPool][addMaster]：已创建并添加 Master ID=12080 IP=127.0.0.1 Port=579 到线程 13 ModbusPoolThread-13
[2026-06-04 18:58:20] [INFO] [data][ModbusTcpMasterPool][initializeMaster]：开始初始化 Master ID=12080
[2026-06-04 18:58:20] [INFO] [data][ModbusConfigParser][initialCommandQueue]：开始构建初始指令队列，共 2 个引用
[2026-06-04 18:58:20] [DEBUG] [data][ModbusConfigParser][initialCommandQueue]：已克隆初始指令 ref=ReadVersion
[2026-06-04 18:58:20] [DEBUG] [data][ModbusConfigParser][initialCommandQueue]：已克隆初始指令 ref=WriteVEFCGasType
[2026-06-04 18:58:20] [INFO] [data][ModbusConfigParser][initialCommandQueue]：初始指令队列构建完成，共 2 条
[2026-06-04 18:58:20] [INFO] [data][ModbusConfigParser][periodicCommandQueue]：开始构建定时指令队列，共 2 个引用
[2026-06-04 18:58:20] [DEBUG] [data][ModbusConfigParser][periodicCommandQueue]：已克隆定时指令 ref=ReadFoupStatus
[2026-06-04 18:58:20] [DEBUG] [data][ModbusConfigParser][periodicCommandQueue]：已克隆定时指令 ref=ReadIdlePurgeAll
[2026-06-04 18:58:20] [INFO] [data][ModbusConfigParser][periodicCommandQueue]：定时指令队列构建完成，共 2 条
[2026-06-04 18:58:20] [INFO] [data][ModbusTcpMasterPool][InitialCommandIssuer][initializeMaster]：已配置 InitialCommandIssuer 指令数=2 间隔=100 超时=1000 重试=3
[2026-06-04 18:58:20] [INFO] [data][ModbusTcpMasterPool][PeriodicCommandSender][initializeMaster]：已配置 PeriodicCommandSender 指令数=2 间隔=300 超时=1000 重试=0
[2026-06-04 18:58:20] [INFO] [data][ModbusTcpMasterPool][FirmwareUpgrader][initializeMaster]：已配置 FirmwareUpgrader PrepareTimeout=3000ms WaitingTime=1000ms SendInterval=160ms TransferTimeout=3000ms
[2026-06-04 18:58:20] [INFO] =============================Scheduler 调度器开始=============================
[2026-06-04 18:58:20] [INFO] [Scheduler][start] 调度器线程已启动
[2026-06-04 18:58:20] [INFO] 汇总计时器AlarmSummaryTimer开启。。。
[2026-06-04 18:58:20] [INFO] [Scheduler][submitTask] 提交长驻任务: OperationDispatchTask taskId: 45254c9a-c7af-4df7-a38d-fc9e40d15fd8
[2026-06-04 18:58:20] [INFO] [startSummaryTimer] Summary timer started, interval=60000 ms
[2026-06-04 18:58:20] [INFO] [AlarmDispatchTask] 警报调度任务已构造
[2026-06-04 18:58:20] [INFO] ============================= MonitorDataTask 对象创建 =============================
[2026-06-04 18:58:20] [INFO] [Scheduler][submitTask] 提交长驻任务: AlarmDispatchTask taskId: 629236e7-f510-41a5-91a7-a90e477034fd
[2026-06-04 18:58:20] [INFO] [Scheduler][submitTask] 提交长驻任务: NetworkStatusTask taskId: 025d6257-55e7-4b37-a1d1-049b7394875e
[2026-06-04 18:58:20] [INFO] [Scheduler][submitTask] 提交长驻任务: MonitorDataTask taskId: 6bc70c46-6633-4e35-bbec-f6c52b80556a
[2026-06-04 18:58:20] [INFO] [Scheduler][submitTask] 提交普通任务: SH85PeriodicSelfCheckTask taskId: 5c276a33-06fc-4fae-a47a-c0c5f860a557
[2026-06-04 18:58:20] [INFO] [Scheduler][scheduleNext] 启动任务: SH85PeriodicSelfCheckTask taskId: 5c276a33-06fc-4fae-a47a-c0c5f860a557
[2026-06-04 18:58:20] [WARN] [loadActiveFromDb] 警报日志数据库不可用，跳过恢复
[2026-06-04 18:58:20] [INFO] [startFoupAlarmSyncTimer] FOUP 告警状态刷新定时器已启动，interval=50 ms
[2026-06-04 18:58:20] [INFO] [start] 警报调度任务已启动，活跃警报数=0
[2026-06-04 18:58:20] [INFO] [scheduler][NetworkStatusTask][Summary][start]：网络状态任务启动，设备总数=80
[2026-06-04 18:58:20] [INFO] =============================InitCheckTask 调度任务开始=============================
[2026-06-04 18:58:20] [INFO] [Scheduler][InitCheckTask][start] 发现 80 个已注册的设备: 12001, 12002, 12003, 12004, 12005, 12006, 12007, 12008, 12009, 12010, 12011, 12012, 12013, 12014, 12015, 12016, 12017, 12018, 12019, 12020, 12021, 12022, 12023, 12024, 12025, 12026, 12027, 12028, 12029, 12030, 12031, 12032, 12033, 12034, 12035, 12036, 12037, 12038, 12039, 12040, 12041, 12042, 12043, 12044, 12045, 12046, 12047, 12048, 12049, 12050, 12051, 12052, 12053, 12054, 12055, 12056, 12057, 12058, 12059, 12060, 12061, 12062, 12063, 12064, 12065, 12066, 12067, 12068, 12069, 12070, 12071, 12072, 12073, 12074, 12075, 12076, 12077, 12078, 12079, 12080
[2026-06-04 18:58:20] [DEBUG] [Scheduler][InitCheckTask][start] 已连接设备 12001 的初始化完成信号
[2026-06-04 18:58:20] [DEBUG] [Scheduler][InitCheckTask][start] 已连接设备 12002 的初始化完成信号
[2026-06-04 18:58:20] [DEBUG] [Scheduler][InitCheckTask][start] 已连接设备 12003 的初始化完成信号
[2026-06-04 18:58:20] [DEBUG] [Scheduler][InitCheckTask][start] 已连接设备 12004 的初始化完成信号
[2026-06-04 18:58:20] [DEBUG] [Scheduler][InitCheckTask][start] 已连接设备 12005 的初始化完成信号
[2026-06-04 18:58:20] [DEBUG] [Scheduler][InitCheckTask][start] 已连接设备 12006 的初始化完成信号
[2026-06-04 18:58:20] [DEBUG] [Scheduler][InitCheckTask][start] 已连接设备 12007 的初始化完成信号
[2026-06-04 18:58:20] [DEBUG] [Scheduler][InitCheckTask][start] 已连接设备 12008 的初始化完成信号
[2026-06-04 18:58:20] [DEBUG] [Scheduler][InitCheckTask][start] 已连接设备 12009 的初始化完成信号
[2026-06-04 18:58:20] [DEBUG] [Scheduler][InitCheckTask][start] 已连接设备 12010 的初始化完成信号
[2026-06-04 18:58:20] [DEBUG] [Scheduler][InitCheckTask][start] 已连接设备 12011 的初始化完成信号
[2026-06-04 18:58:20] [DEBUG] [Scheduler][InitCheckTask][start] 已连接设备 12012 的初始化完成信号
[2026-06-04 18:58:20] [DEBUG] [Scheduler][InitCheckTask][start] 已连接设备 12013 的初始化完成信号
[2026-06-04 18:58:20] [DEBUG] [Scheduler][InitCheckTask][start] 已连接设备 12014 的初始化完成信号
[2026-06-04 18:58:20] [DEBUG] [Scheduler][InitCheckTask][start] 已连接设备 12015 的初始化完成信号
[2026-06-04 18:58:20] [DEBUG] [Scheduler][InitCheckTask][start] 已连接设备 12016 的初始化完成信号
[2026-06-04 18:58:20] [DEBUG] [Scheduler][InitCheckTask][start] 已连接设备 12017 的初始化完成信号
[2026-06-04 18:58:20] [DEBUG] [Scheduler][InitCheckTask][start] 已连接设备 12018 的初始化完成信号
[2026-06-04 18:58:20] [DEBUG] [Scheduler][InitCheckTask][start] 已连接设备 12019 的初始化完成信号
[2026-06-04 18:58:20] [DEBUG] [Scheduler][InitCheckTask][start] 已连接设备 12020 的初始化完成信号
[2026-06-04 18:58:20] [DEBUG] [Scheduler][InitCheckTask][start] 已连接设备 12021 的初始化完成信号
[2026-06-04 18:58:20] [DEBUG] [Scheduler][InitCheckTask][start] 已连接设备 12022 的初始化完成信号
[2026-06-04 18:58:20] [DEBUG] [Scheduler][InitCheckTask][start] 已连接设备 12023 的初始化完成信号
[2026-06-04 18:58:20] [DEBUG] [Scheduler][InitCheckTask][start] 已连接设备 12024 的初始化完成信号
[2026-06-04 18:58:20] [DEBUG] [Scheduler][InitCheckTask][start] 已连接设备 12025 的初始化完成信号
[2026-06-04 18:58:20] [DEBUG] [Scheduler][InitCheckTask][start] 已连接设备 12026 的初始化完成信号
[2026-06-04 18:58:20] [DEBUG] [Scheduler][InitCheckTask][start] 已连接设备 12027 的初始化完成信号
[2026-06-04 18:58:20] [DEBUG] [Scheduler][InitCheckTask][start] 已连接设备 12028 的初始化完成信号
[2026-06-04 18:58:20] [DEBUG] [Scheduler][InitCheckTask][start] 已连接设备 12029 的初始化完成信号
[2026-06-04 18:58:20] [DEBUG] [Scheduler][InitCheckTask][start] 已连接设备 12030 的初始化完成信号
[2026-06-04 18:58:20] [DEBUG] [Scheduler][InitCheckTask][start] 已连接设备 12031 的初始化完成信号
[2026-06-04 18:58:20] [DEBUG] [Scheduler][InitCheckTask][start] 已连接设备 12032 的初始化完成信号
[2026-06-04 18:58:20] [DEBUG] [Scheduler][InitCheckTask][start] 已连接设备 12033 的初始化完成信号
[2026-06-04 18:58:20] [DEBUG] [Scheduler][InitCheckTask][start] 已连接设备 12034 的初始化完成信号
[2026-06-04 18:58:20] [DEBUG] [Scheduler][InitCheckTask][start] 已连接设备 12035 的初始化完成信号
[2026-06-04 18:58:20] [DEBUG] [Scheduler][InitCheckTask][start] 已连接设备 12036 的初始化完成信号
[2026-06-04 18:58:20] [DEBUG] [Scheduler][InitCheckTask][start] 已连接设备 12037 的初始化完成信号
[2026-06-04 18:58:20] [DEBUG] [Scheduler][InitCheckTask][start] 已连接设备 12038 的初始化完成信号
[2026-06-04 18:58:20] [DEBUG] [Scheduler][InitCheckTask][start] 已连接设备 12039 的初始化完成信号
[2026-06-04 18:58:20] [DEBUG] [Scheduler][InitCheckTask][start] 已连接设备 12040 的初始化完成信号
[2026-06-04 18:58:20] [DEBUG] [Scheduler][InitCheckTask][start] 已连接设备 12041 的初始化完成信号
[2026-06-04 18:58:20] [DEBUG] [Scheduler][InitCheckTask][start] 已连接设备 12042 的初始化完成信号
[2026-06-04 18:58:20] [DEBUG] [Scheduler][InitCheckTask][start] 已连接设备 12043 的初始化完成信号
[2026-06-04 18:58:20] [DEBUG] [Scheduler][InitCheckTask][start] 已连接设备 12044 的初始化完成信号
[2026-06-04 18:58:20] [DEBUG] [Scheduler][InitCheckTask][start] 已连接设备 12045 的初始化完成信号
[2026-06-04 18:58:20] [DEBUG] [Scheduler][InitCheckTask][start] 已连接设备 12046 的初始化完成信号
[2026-06-04 18:58:20] [DEBUG] [Scheduler][InitCheckTask][start] 已连接设备 12047 的初始化完成信号
[2026-06-04 18:58:20] [DEBUG] [Scheduler][InitCheckTask][start] 已连接设备 12048 的初始化完成信号
[2026-06-04 18:58:20] [DEBUG] [Scheduler][InitCheckTask][start] 已连接设备 12049 的初始化完成信号
[2026-06-04 18:58:20] [DEBUG] [Scheduler][InitCheckTask][start] 已连接设备 12050 的初始化完成信号
[2026-06-04 18:58:20] [DEBUG] [Scheduler][InitCheckTask][start] 已连接设备 12051 的初始化完成信号
[2026-06-04 18:58:20] [DEBUG] [Scheduler][InitCheckTask][start] 已连接设备 12052 的初始化完成信号
[2026-06-04 18:58:20] [DEBUG] [Scheduler][InitCheckTask][start] 已连接设备 12053 的初始化完成信号
[2026-06-04 18:58:20] [DEBUG] [Scheduler][InitCheckTask][start] 已连接设备 12054 的初始化完成信号
[2026-06-04 18:58:20] [DEBUG] [Scheduler][InitCheckTask][start] 已连接设备 12055 的初始化完成信号
[2026-06-04 18:58:20] [DEBUG] [Scheduler][InitCheckTask][start] 已连接设备 12056 的初始化完成信号
[2026-06-04 18:58:20] [DEBUG] [Scheduler][InitCheckTask][start] 已连接设备 12057 的初始化完成信号
[2026-06-04 18:58:20] [DEBUG] [Scheduler][InitCheckTask][start] 已连接设备 12058 的初始化完成信号
[2026-06-04 18:58:20] [DEBUG] [Scheduler][InitCheckTask][start] 已连接设备 12059 的初始化完成信号
[2026-06-04 18:58:20] [DEBUG] [Scheduler][InitCheckTask][start] 已连接设备 12060 的初始化完成信号
[2026-06-04 18:58:20] [DEBUG] [Scheduler][InitCheckTask][start] 已连接设备 12061 的初始化完成信号
[2026-06-04 18:58:20] [DEBUG] [Scheduler][InitCheckTask][start] 已连接设备 12062 的初始化完成信号
[2026-06-04 18:58:20] [DEBUG] [Scheduler][InitCheckTask][start] 已连接设备 12063 的初始化完成信号
[2026-06-04 18:58:20] [DEBUG] [Scheduler][InitCheckTask][start] 已连接设备 12064 的初始化完成信号
[2026-06-04 18:58:20] [DEBUG] [Scheduler][InitCheckTask][start] 已连接设备 12065 的初始化完成信号
[2026-06-04 18:58:20] [DEBUG] [Scheduler][InitCheckTask][start] 已连接设备 12066 的初始化完成信号
[2026-06-04 18:58:20] [DEBUG] [Scheduler][InitCheckTask][start] 已连接设备 12067 的初始化完成信号
[2026-06-04 18:58:20] [DEBUG] [Scheduler][InitCheckTask][start] 已连接设备 12068 的初始化完成信号
[2026-06-04 18:58:20] [DEBUG] [Scheduler][InitCheckTask][start] 已连接设备 12069 的初始化完成信号
[2026-06-04 18:58:20] [DEBUG] [Scheduler][InitCheckTask][start] 已连接设备 12070 的初始化完成信号
[2026-06-04 18:58:20] [DEBUG] [Scheduler][InitCheckTask][start] 已连接设备 12071 的初始化完成信号
[2026-06-04 18:58:20] [DEBUG] [Scheduler][InitCheckTask][start] 已连接设备 12072 的初始化完成信号
[2026-06-04 18:58:20] [DEBUG] [Scheduler][InitCheckTask][start] 已连接设备 12073 的初始化完成信号
[2026-06-04 18:58:20] [DEBUG] [Scheduler][InitCheckTask][start] 已连接设备 12074 的初始化完成信号
[2026-06-04 18:58:20] [DEBUG] [Scheduler][InitCheckTask][start] 已连接设备 12075 的初始化完成信号
[2026-06-04 18:58:20] [DEBUG] [Scheduler][InitCheckTask][start] 已连接设备 12076 的初始化完成信号
[2026-06-04 18:58:20] [DEBUG] [Scheduler][InitCheckTask][start] 已连接设备 12077 的初始化完成信号
[2026-06-04 18:58:20] [DEBUG] [Scheduler][InitCheckTask][start] 已连接设备 12078 的初始化完成信号
[2026-06-04 18:58:20] [DEBUG] [Scheduler][InitCheckTask][start] 已连接设备 12079 的初始化完成信号
[2026-06-04 18:58:20] [DEBUG] [Scheduler][InitCheckTask][start] 已连接设备 12080 的初始化完成信号
[2026-06-04 18:58:20] [INFO] [Scheduler][InitCheckTask][start] 启动，等待 80 个设备完成初始化
[2026-06-04 18:58:20] [INFO] [scheduler][NetworkStatusTask][Summary][start]：初始化检查任务已启动
[2026-06-04 18:58:20] [INFO] [data][ModbusTcpMasterManager][startMaster]：已投递启动请求 ID=12001
[2026-06-04 18:58:20] [INFO] [data][ModbusTcpMasterManager][startMaster]：已投递启动请求 ID=12002
[2026-06-04 18:58:20] [INFO] [data][ModbusTcpMasterManager][startMaster]：已投递启动请求 ID=12003
[2026-06-04 18:58:20] [INFO] [data][ModbusTcpMaster][start]：设备ID=12001 开始启动设备连接，连接模式=AutoReconnect
[2026-06-04 18:58:20] [INFO] [data][ModbusTcpMasterManager][startMaster]：已投递启动请求 ID=12004
[2026-06-04 18:58:20] [INFO] [data][ModbusTcpMaster][start]：设备ID=12002 开始启动设备连接，连接模式=AutoReconnect
[2026-06-04 18:58:20] [INFO] [data][ModbusTcpMaster][enterState]：设备ID=12001 状态切换: 空闲 -> 连接中
[2026-06-04 18:58:20] [INFO] [data][ModbusTcpMaster][start]：设备ID=12003 开始启动设备连接，连接模式=AutoReconnect
[2026-06-04 18:58:20] [INFO] [data][ModbusTcpMasterManager][startMaster]：已投递启动请求 ID=12005
[2026-06-04 18:58:20] [INFO] [data][ModbusTcpMaster][start]：设备ID=12005 开始启动设备连接，连接模式=AutoReconnect
[2026-06-04 18:58:20] [INFO] [data][ModbusTcpMaster][enterState]：设备ID=12002 状态切换: 空闲 -> 连接中
[2026-06-04 18:58:20] [INFO] [data][ModbusTcpMaster][ModbusConnecter][connectDevice]：设备ID=12001 开始连接设备 IP=127.0.0.1 Port=500 模式=AutoReconnect
[2026-06-04 18:58:20] [INFO] [data][ModbusTcpMaster][start]：设备ID=12004 开始启动设备连接，连接模式=AutoReconnect
[2026-06-04 18:58:20] [INFO] [data][ModbusTcpMasterManager][startMaster]：已投递启动请求 ID=12006
[2026-06-04 18:58:20] [INFO] [data][ModbusTcpMaster][ModbusConnecter][connectDevice]：设备ID=12002 开始连接设备 IP=127.0.0.1 Port=501 模式=AutoReconnect
[2026-06-04 18:58:20] [INFO] [data][ModbusTcpMaster][enterState]：设备ID=12003 状态切换: 空闲 -> 连接中
[2026-06-04 18:58:20] [INFO] [data][ModbusTcpMaster][start]：设备ID=12006 开始启动设备连接，连接模式=AutoReconnect
[2026-06-04 18:58:20] [INFO] [data][ModbusTcpMaster][ModbusConnecter][connectDevice]：设备ID=12003 开始连接设备 IP=127.0.0.1 Port=502 模式=AutoReconnect
[2026-06-04 18:58:20] [INFO] [data][ModbusTcpMaster][enterState]：设备ID=12004 状态切换: 空闲 -> 连接中
[2026-06-04 18:58:20] [INFO] [data][ModbusTcpMaster][enterState]：设备ID=12005 状态切换: 空闲 -> 连接中
[2026-06-04 18:58:20] [INFO] [data][ModbusTcpMasterManager][startMaster]：已投递启动请求 ID=12007
[2026-06-04 18:58:20] [INFO] [data][ModbusTcpMaster][start]：设备ID=12007 开始启动设备连接，连接模式=AutoReconnect
[2026-06-04 18:58:20] [INFO] [data][ModbusTcpMaster][enterState]：设备ID=12006 状态切换: 空闲 -> 连接中
[2026-06-04 18:58:20] [INFO] [data][ModbusTcpMaster][ModbusConnecter][connectDevice]：设备ID=12004 开始连接设备 IP=127.0.0.1 Port=503 模式=AutoReconnect
[2026-06-04 18:58:20] [INFO] [data][ModbusTcpMaster][ModbusConnecter][connectDevice]：设备ID=12005 开始连接设备 IP=127.0.0.1 Port=504 模式=AutoReconnect
[2026-06-04 18:58:20] [INFO] [data][ModbusTcpMasterManager][startMaster]：已投递启动请求 ID=12008
[2026-06-04 18:58:20] [INFO] [data][ModbusTcpMaster][ModbusConnecter][connectDevice]：设备ID=12006 开始连接设备 IP=127.0.0.1 Port=505 模式=AutoReconnect
[2026-06-04 18:58:20] [INFO] [data][ModbusTcpMaster][enterState]：设备ID=12007 状态切换: 空闲 -> 连接中
[2026-06-04 18:58:20] [INFO] [data][ModbusTcpMaster][start]：设备ID=12008 开始启动设备连接，连接模式=AutoReconnect
[2026-06-04 18:58:20] [INFO] [data][ModbusTcpMaster][ModbusConnecter][connectDevice]：设备ID=12007 开始连接设备 IP=127.0.0.1 Port=506 模式=AutoReconnect
[2026-06-04 18:58:20] [INFO] [data][ModbusTcpMasterManager][startMaster]：已投递启动请求 ID=12009
[2026-06-04 18:58:20] [INFO] [data][ModbusTcpMaster][start]：设备ID=12009 开始启动设备连接，连接模式=AutoReconnect
[2026-06-04 18:58:20] [INFO] [data][ModbusTcpMasterManager][startMaster]：已投递启动请求 ID=12010
[2026-06-04 18:58:20] [INFO] [data][ModbusTcpMaster][enterState]：设备ID=12008 状态切换: 空闲 -> 连接中
[2026-06-04 18:58:20] [INFO] [data][ModbusTcpMaster][start]：设备ID=12010 开始启动设备连接，连接模式=AutoReconnect
[2026-06-04 18:58:20] [INFO] [data][ModbusTcpMaster][enterState]：设备ID=12009 状态切换: 空闲 -> 连接中
[2026-06-04 18:58:20] [INFO] [data][ModbusTcpMaster][ModbusConnecter][connectDevice]：设备ID=12008 开始连接设备 IP=127.0.0.1 Port=507 模式=AutoReconnect
[2026-06-04 18:58:20] [INFO] [data][ModbusTcpMasterManager][startMaster]：已投递启动请求 ID=12011
[2026-06-04 18:58:20] [INFO] [data][ModbusTcpMaster][start]：设备ID=12011 开始启动设备连接，连接模式=AutoReconnect
[2026-06-04 18:58:20] [INFO] [data][ModbusTcpMaster][ModbusConnecter][connectDevice]：设备ID=12009 开始连接设备 IP=127.0.0.1 Port=508 模式=AutoReconnect
[2026-06-04 18:58:20] [INFO] [data][ModbusTcpMaster][start]：设备ID=12012 开始启动设备连接，连接模式=AutoReconnect
[2026-06-04 18:58:20] [INFO] [data][ModbusTcpMasterManager][startMaster]：已投递启动请求 ID=12012
[2026-06-04 18:58:20] [INFO] [data][ModbusTcpMaster][enterState]：设备ID=12010 状态切换: 空闲 -> 连接中
[2026-06-04 18:58:20] [INFO] [data][ModbusTcpMaster][enterState]：设备ID=12011 状态切换: 空闲 -> 连接中
[2026-06-04 18:58:20] [INFO] [data][ModbusTcpMaster][enterState]：设备ID=12012 状态切换: 空闲 -> 连接中
[2026-06-04 18:58:20] [INFO] [data][ModbusTcpMaster][ModbusConnecter][connectDevice]：设备ID=12011 开始连接设备 IP=127.0.0.1 Port=510 模式=AutoReconnect
[2026-06-04 18:58:20] [INFO] [data][ModbusTcpMaster][ModbusConnecter][connectDevice]：设备ID=12010 开始连接设备 IP=127.0.0.1 Port=509 模式=AutoReconnect
[2026-06-04 18:58:20] [INFO] [data][ModbusTcpMaster][ModbusConnecter][connectDevice]：设备ID=12012 开始连接设备 IP=127.0.0.1 Port=511 模式=AutoReconnect
[2026-06-04 18:58:20] [INFO] [data][ModbusTcpMasterManager][startMaster]：已投递启动请求 ID=12013
[2026-06-04 18:58:20] [INFO] [data][ModbusTcpMaster][start]：设备ID=12013 开始启动设备连接，连接模式=AutoReconnect
[2026-06-04 18:58:20] [INFO] [data][ModbusTcpMasterManager][startMaster]：已投递启动请求 ID=12014
[2026-06-04 18:58:20] [INFO] [data][ModbusTcpMaster][start]：设备ID=12014 开始启动设备连接，连接模式=AutoReconnect
[2026-06-04 18:58:20] [INFO] [data][ModbusTcpMaster][enterState]：设备ID=12013 状态切换: 空闲 -> 连接中
[2026-06-04 18:58:20] [INFO] [data][ModbusTcpMasterManager][startMaster]：已投递启动请求 ID=12015
[2026-06-04 18:58:20] [INFO] [data][ModbusTcpMaster][start]：设备ID=12015 开始启动设备连接，连接模式=AutoReconnect
[2026-06-04 18:58:20] [INFO] [data][ModbusTcpMaster][enterState]：设备ID=12014 状态切换: 空闲 -> 连接中
[2026-06-04 18:58:20] [INFO] [data][ModbusTcpMaster][ModbusConnecter][connectDevice]：设备ID=12013 开始连接设备 IP=127.0.0.1 Port=512 模式=AutoReconnect
[2026-06-04 18:58:20] [INFO] [data][ModbusTcpMaster][ModbusConnecter][connectDevice]：设备ID=12014 开始连接设备 IP=127.0.0.1 Port=513 模式=AutoReconnect
[2026-06-04 18:58:20] [INFO] [data][ModbusTcpMasterManager][startMaster]：已投递启动请求 ID=12016
[2026-06-04 18:58:20] [INFO] [data][ModbusTcpMaster][start]：设备ID=12016 开始启动设备连接，连接模式=AutoReconnect
[2026-06-04 18:58:20] [INFO] [data][ModbusTcpMaster][enterState]：设备ID=12015 状态切换: 空闲 -> 连接中
[2026-06-04 18:58:20] [INFO] [data][ModbusTcpMaster][ModbusConnecter][connectDevice]：设备ID=12015 开始连接设备 IP=127.0.0.1 Port=514 模式=AutoReconnect
[2026-06-04 18:58:20] [INFO] [data][ModbusTcpMasterManager][startMaster]：已投递启动请求 ID=12017
[2026-06-04 18:58:20] [INFO] [data][ModbusTcpMaster][start]：设备ID=12017 开始启动设备连接，连接模式=AutoReconnect
[2026-06-04 18:58:20] [INFO] [data][ModbusTcpMaster][enterState]：设备ID=12016 状态切换: 空闲 -> 连接中
[2026-06-04 18:58:20] [INFO] [data][ModbusTcpMasterManager][startMaster]：已投递启动请求 ID=12018
[2026-06-04 18:58:20] [INFO] [data][ModbusTcpMaster][start]：设备ID=12018 开始启动设备连接，连接模式=AutoReconnect
[2026-06-04 18:58:20] [INFO] [data][ModbusTcpMaster][ModbusConnecter][connectDevice]：设备ID=12016 开始连接设备 IP=127.0.0.1 Port=515 模式=AutoReconnect
[2026-06-04 18:58:20] [INFO] [data][ModbusTcpMaster][start]：设备ID=12019 开始启动设备连接，连接模式=AutoReconnect
[2026-06-04 18:58:20] [INFO] [data][ModbusTcpMasterManager][startMaster]：已投递启动请求 ID=12019
[2026-06-04 18:58:20] [INFO] [data][ModbusTcpMaster][enterState]：设备ID=12018 状态切换: 空闲 -> 连接中
[2026-06-04 18:58:20] [INFO] [data][ModbusTcpMaster][enterState]：设备ID=12017 状态切换: 空闲 -> 连接中
[2026-06-04 18:58:20] [INFO] [data][ModbusTcpMasterManager][startMaster]：已投递启动请求 ID=12020
[2026-06-04 18:58:20] [INFO] [data][ModbusTcpMaster][enterState]：设备ID=12019 状态切换: 空闲 -> 连接中
[2026-06-04 18:58:20] [INFO] [data][ModbusTcpMaster][ModbusConnecter][connectDevice]：设备ID=12017 开始连接设备 IP=127.0.0.1 Port=516 模式=AutoReconnect
[2026-06-04 18:58:20] [INFO] [data][ModbusTcpMaster][ModbusConnecter][connectDevice]：设备ID=12018 开始连接设备 IP=127.0.0.1 Port=517 模式=AutoReconnect
[2026-06-04 18:58:20] [INFO] [data][ModbusTcpMaster][ModbusConnecter][connectDevice]：设备ID=12019 开始连接设备 IP=127.0.0.1 Port=518 模式=AutoReconnect
[2026-06-04 18:58:20] [INFO] [data][ModbusTcpMaster][start]：设备ID=12020 开始启动设备连接，连接模式=AutoReconnect
[2026-06-04 18:58:20] [INFO] [data][ModbusTcpMasterManager][startMaster]：已投递启动请求 ID=12021
[2026-06-04 18:58:20] [INFO] [data][ModbusTcpMaster][start]：设备ID=12021 开始启动设备连接，连接模式=AutoReconnect
[2026-06-04 18:58:20] [INFO] [data][ModbusTcpMaster][start]：设备ID=12022 开始启动设备连接，连接模式=AutoReconnect
[2026-06-04 18:58:20] [INFO] [data][ModbusTcpMaster][enterState]：设备ID=12022 状态切换: 空闲 -> 连接中
[2026-06-04 18:58:20] [INFO] [data][ModbusTcpMaster][enterState]：设备ID=12020 状态切换: 空闲 -> 连接中
[2026-06-04 18:58:20] [INFO] [data][ModbusTcpMaster][ModbusConnecter][connectDevice]：设备ID=12022 开始连接设备 IP=127.0.0.1 Port=521 模式=AutoReconnect
[2026-06-04 18:58:20] [INFO] [data][ModbusTcpMaster][enterState]：设备ID=12021 状态切换: 空闲 -> 连接中
[2026-06-04 18:58:20] [INFO] [data][ModbusTcpMaster][ModbusConnecter][connectDevice]：设备ID=12020 开始连接设备 IP=127.0.0.1 Port=519 模式=AutoReconnect
[2026-06-04 18:58:20] [INFO] [data][ModbusTcpMasterManager][startMaster]：已投递启动请求 ID=12022
[2026-06-04 18:58:20] [INFO] [data][ModbusTcpMaster][ModbusConnecter][connectDevice]：设备ID=12021 开始连接设备 IP=127.0.0.1 Port=520 模式=AutoReconnect
[2026-06-04 18:58:20] [INFO] [data][ModbusTcpMasterManager][startMaster]：已投递启动请求 ID=12023
[2026-06-04 18:58:20] [INFO] [data][ModbusTcpMasterManager][startMaster]：已投递启动请求 ID=12024
[2026-06-04 18:58:20] [INFO] [data][ModbusTcpMasterManager][startMaster]：已投递启动请求 ID=12025
[2026-06-04 18:58:20] [INFO] [data][ModbusTcpMaster][start]：设备ID=12026 开始启动设备连接，连接模式=AutoReconnect
[2026-06-04 18:58:20] [INFO] [data][ModbusTcpMasterManager][startMaster]：已投递启动请求 ID=12026
[2026-06-04 18:58:20] [INFO] [data][ModbusTcpMaster][start]：设备ID=12023 开始启动设备连接，连接模式=AutoReconnect
[2026-06-04 18:58:20] [INFO] [data][ModbusTcpMaster][enterState]：设备ID=12026 状态切换: 空闲 -> 连接中
[2026-06-04 18:58:20] [INFO] [data][ModbusTcpMaster][start]：设备ID=12025 开始启动设备连接，连接模式=AutoReconnect
[2026-06-04 18:58:20] [INFO] [data][ModbusTcpMasterManager][startMaster]：已投递启动请求 ID=12027
[2026-06-04 18:58:20] [INFO] [data][ModbusTcpMaster][start]：设备ID=12027 开始启动设备连接，连接模式=AutoReconnect
[2026-06-04 18:58:20] [INFO] [data][ModbusTcpMaster][start]：设备ID=12024 开始启动设备连接，连接模式=AutoReconnect
[2026-06-04 18:58:20] [INFO] [data][ModbusTcpMaster][enterState]：设备ID=12023 状态切换: 空闲 -> 连接中
[2026-06-04 18:58:20] [INFO] [data][ModbusTcpMaster][enterState]：设备ID=12027 状态切换: 空闲 -> 连接中
[2026-06-04 18:58:20] [INFO] [data][ModbusTcpMaster][ModbusConnecter][connectDevice]：设备ID=12027 开始连接设备 IP=127.0.0.1 Port=526 模式=AutoReconnect
[2026-06-04 18:58:20] [INFO] [data][ModbusTcpMaster][enterState]：设备ID=12025 状态切换: 空闲 -> 连接中
[2026-06-04 18:58:20] [INFO] [data][ModbusTcpMaster][ModbusConnecter][connectDevice]：设备ID=12026 开始连接设备 IP=127.0.0.1 Port=525 模式=AutoReconnect
[2026-06-04 18:58:20] [INFO] [data][ModbusTcpMaster][ModbusConnecter][connectDevice]：设备ID=12023 开始连接设备 IP=127.0.0.1 Port=522 模式=AutoReconnect
[2026-06-04 18:58:20] [INFO] [data][ModbusTcpMasterManager][startMaster]：已投递启动请求 ID=12028
[2026-06-04 18:58:20] [INFO] [data][ModbusTcpMaster][ModbusConnecter][connectDevice]：设备ID=12025 开始连接设备 IP=127.0.0.1 Port=524 模式=AutoReconnect
[2026-06-04 18:58:20] [INFO] [data][ModbusTcpMaster][enterState]：设备ID=12024 状态切换: 空闲 -> 连接中
[2026-06-04 18:58:20] [INFO] [data][ModbusTcpMaster][ModbusConnecter][connectDevice]：设备ID=12024 开始连接设备 IP=127.0.0.1 Port=523 模式=AutoReconnect
[2026-06-04 18:58:20] [INFO] [data][ModbusTcpMasterManager][startMaster]：已投递启动请求 ID=12029
[2026-06-04 18:58:20] [INFO] [data][ModbusTcpMasterManager][startMaster]：已投递启动请求 ID=12030
[2026-06-04 18:58:20] [INFO] [data][ModbusTcpMasterManager][startMaster]：已投递启动请求 ID=12031
[2026-06-04 18:58:20] [INFO] [data][ModbusTcpMasterManager][startMaster]：已投递启动请求 ID=12032
[2026-06-04 18:58:20] [INFO] [data][ModbusTcpMaster][start]：设备ID=12028 开始启动设备连接，连接模式=AutoReconnect
[2026-06-04 18:58:20] [INFO] [data][ModbusTcpMasterManager][startMaster]：已投递启动请求 ID=12033
[2026-06-04 18:58:20] [INFO] [data][ModbusTcpMaster][enterState]：设备ID=12028 状态切换: 空闲 -> 连接中
[2026-06-04 18:58:20] [INFO] [data][ModbusTcpMaster][ModbusConnecter][connectDevice]：设备ID=12028 开始连接设备 IP=127.0.0.1 Port=527 模式=AutoReconnect
[2026-06-04 18:58:20] [INFO] [data][ModbusTcpMaster][start]：设备ID=12029 开始启动设备连接，连接模式=AutoReconnect
[2026-06-04 18:58:20] [INFO] [data][ModbusTcpMasterManager][startMaster]：已投递启动请求 ID=12034
[2026-06-04 18:58:20] [INFO] [data][ModbusTcpMaster][start]：设备ID=12030 开始启动设备连接，连接模式=AutoReconnect
[2026-06-04 18:58:20] [INFO] [data][ModbusTcpMaster][enterState]：设备ID=12029 状态切换: 空闲 -> 连接中
[2026-06-04 18:58:20] [INFO] [data][ModbusTcpMaster][start]：设备ID=12031 开始启动设备连接，连接模式=AutoReconnect
[2026-06-04 18:58:20] [INFO] [data][ModbusTcpMasterManager][startMaster]：已投递启动请求 ID=12035
[2026-06-04 18:58:20] [INFO] [data][ModbusTcpMaster][start]：设备ID=12032 开始启动设备连接，连接模式=AutoReconnect
[2026-06-04 18:58:20] [INFO] [data][ModbusTcpMaster][enterState]：设备ID=12030 状态切换: 空闲 -> 连接中
[2026-06-04 18:58:20] [INFO] [data][ModbusTcpMaster][enterState]：设备ID=12031 状态切换: 空闲 -> 连接中
[2026-06-04 18:58:20] [INFO] [data][ModbusTcpMaster][start]：设备ID=12033 开始启动设备连接，连接模式=AutoReconnect
[2026-06-04 18:58:20] [INFO] [data][ModbusTcpMasterManager][startMaster]：已投递启动请求 ID=12036
[2026-06-04 18:58:20] [INFO] [data][ModbusTcpMaster][start]：设备ID=12034 开始启动设备连接，连接模式=AutoReconnect
[2026-06-04 18:58:20] [INFO] [data][ModbusTcpMaster][ModbusConnecter][connectDevice]：设备ID=12029 开始连接设备 IP=127.0.0.1 Port=528 模式=AutoReconnect
[2026-06-04 18:58:20] [INFO] [data][ModbusTcpMaster][start]：设备ID=12036 开始启动设备连接，连接模式=AutoReconnect
[2026-06-04 18:58:20] [INFO] [data][ModbusTcpMaster][enterState]：设备ID=12032 状态切换: 空闲 -> 连接中
[2026-06-04 18:58:20] [INFO] [data][ModbusTcpMaster][ModbusConnecter][connectDevice]：设备ID=12031 开始连接设备 IP=127.0.0.1 Port=530 模式=AutoReconnect
[2026-06-04 18:58:20] [INFO] [data][ModbusTcpMaster][ModbusConnecter][connectDevice]：设备ID=12030 开始连接设备 IP=127.0.0.1 Port=529 模式=AutoReconnect
[2026-06-04 18:58:20] [INFO] [data][ModbusTcpMaster][start]：设备ID=12035 开始启动设备连接，连接模式=AutoReconnect
[2026-06-04 18:58:20] [INFO] [data][ModbusTcpMasterManager][startMaster]：已投递启动请求 ID=12037
[2026-06-04 18:58:20] [INFO] [data][ModbusTcpMaster][start]：设备ID=12037 开始启动设备连接，连接模式=AutoReconnect
[2026-06-04 18:58:20] [INFO] [data][ModbusTcpMaster][ModbusConnecter][connectDevice]：设备ID=12032 开始连接设备 IP=127.0.0.1 Port=531 模式=AutoReconnect
[2026-06-04 18:58:20] [INFO] [data][ModbusTcpMaster][enterState]：设备ID=12033 状态切换: 空闲 -> 连接中
[2026-06-04 18:58:20] [INFO] [data][ModbusTcpMasterManager][startMaster]：已投递启动请求 ID=12038
[2026-06-04 18:58:20] [INFO] [data][ModbusTcpMaster][enterState]：设备ID=12035 状态切换: 空闲 -> 连接中
[2026-06-04 18:58:20] [INFO] [data][ModbusTcpMaster][enterState]：设备ID=12034 状态切换: 空闲 -> 连接中
[2026-06-04 18:58:20] [INFO] [data][ModbusTcpMaster][enterState]：设备ID=12036 状态切换: 空闲 -> 连接中
[2026-06-04 18:58:20] [INFO] [data][ModbusTcpMaster][start]：设备ID=12038 开始启动设备连接，连接模式=AutoReconnect
[2026-06-04 18:58:20] [INFO] [data][ModbusTcpMaster][ModbusConnecter][connectDevice]：设备ID=12036 开始连接设备 IP=127.0.0.1 Port=535 模式=AutoReconnect
[2026-06-04 18:58:20] [INFO] [data][ModbusTcpMaster][enterState]：设备ID=12037 状态切换: 空闲 -> 连接中
[2026-06-04 18:58:20] [INFO] [data][ModbusTcpMaster][ModbusConnecter][connectDevice]：设备ID=12034 开始连接设备 IP=127.0.0.1 Port=533 模式=AutoReconnect
[2026-06-04 18:58:20] [INFO] [data][ModbusTcpMaster][ModbusConnecter][connectDevice]：设备ID=12033 开始连接设备 IP=127.0.0.1 Port=532 模式=AutoReconnect
[2026-06-04 18:58:20] [INFO] [data][ModbusTcpMaster][ModbusConnecter][connectDevice]：设备ID=12035 开始连接设备 IP=127.0.0.1 Port=534 模式=AutoReconnect
[2026-06-04 18:58:20] [INFO] [data][ModbusTcpMasterManager][startMaster]：已投递启动请求 ID=12039
[2026-06-04 18:58:20] [INFO] [data][ModbusTcpMaster][start]：设备ID=12039 开始启动设备连接，连接模式=AutoReconnect
[2026-06-04 18:58:20] [INFO] [data][ModbusTcpMaster][enterState]：设备ID=12038 状态切换: 空闲 -> 连接中
[2026-06-04 18:58:20] [INFO] [data][ModbusTcpMasterManager][startMaster]：已投递启动请求 ID=12040
[2026-06-04 18:58:20] [INFO] [data][ModbusTcpMaster][ModbusConnecter][connectDevice]：设备ID=12037 开始连接设备 IP=127.0.0.1 Port=536 模式=AutoReconnect
[2026-06-04 18:58:20] [INFO] [data][ModbusTcpMaster][ModbusConnecter][connectDevice]：设备ID=12038 开始连接设备 IP=127.0.0.1 Port=537 模式=AutoReconnect
[2026-06-04 18:58:20] [INFO] [data][ModbusTcpMaster][start]：设备ID=12040 开始启动设备连接，连接模式=AutoReconnect
[2026-06-04 18:58:20] [INFO] [data][ModbusTcpMasterManager][startMaster]：已投递启动请求 ID=12041
[2026-06-04 18:58:20] [INFO] [data][ModbusTcpMaster][enterState]：设备ID=12039 状态切换: 空闲 -> 连接中
[2026-06-04 18:58:20] [INFO] [data][ModbusTcpMaster][ModbusConnecter][connectDevice]：设备ID=12039 开始连接设备 IP=127.0.0.1 Port=538 模式=AutoReconnect
[2026-06-04 18:58:20] [INFO] [data][ModbusTcpMasterManager][startMaster]：已投递启动请求 ID=12042
[2026-06-04 18:58:20] [INFO] [data][ModbusTcpMaster][start]：设备ID=12041 开始启动设备连接，连接模式=AutoReconnect
[2026-06-04 18:58:20] [INFO] [data][ModbusTcpMaster][enterState]：设备ID=12040 状态切换: 空闲 -> 连接中
[2026-06-04 18:58:20] [INFO] [data][ModbusTcpMaster][start]：设备ID=12042 开始启动设备连接，连接模式=AutoReconnect
[2026-06-04 18:58:20] [INFO] [data][ModbusTcpMasterManager][startMaster]：已投递启动请求 ID=12043
[2026-06-04 18:58:20] [INFO] [data][ModbusTcpMaster][ModbusConnecter][connectDevice]：设备ID=12040 开始连接设备 IP=127.0.0.1 Port=539 模式=AutoReconnect
[2026-06-04 18:58:20] [INFO] [data][ModbusTcpMaster][enterState]：设备ID=12041 状态切换: 空闲 -> 连接中
[2026-06-04 18:58:20] [INFO] [data][ModbusTcpMaster][start]：设备ID=12043 开始启动设备连接，连接模式=AutoReconnect
[2026-06-04 18:58:20] [INFO] [data][ModbusTcpMaster][ModbusConnecter][connectDevice]：设备ID=12041 开始连接设备 IP=127.0.0.1 Port=540 模式=AutoReconnect
[2026-06-04 18:58:20] [INFO] [data][ModbusTcpMaster][enterState]：设备ID=12042 状态切换: 空闲 -> 连接中
[2026-06-04 18:58:20] [INFO] [data][ModbusTcpMasterManager][startMaster]：已投递启动请求 ID=12044
[2026-06-04 18:58:20] [INFO] [data][ModbusTcpMaster][start]：设备ID=12044 开始启动设备连接，连接模式=AutoReconnect
[2026-06-04 18:58:20] [INFO] [data][ModbusTcpMaster][ModbusConnecter][connectDevice]：设备ID=12042 开始连接设备 IP=127.0.0.1 Port=541 模式=AutoReconnect
[2026-06-04 18:58:20] [INFO] [data][ModbusTcpMaster][enterState]：设备ID=12043 状态切换: 空闲 -> 连接中
[2026-06-04 18:58:20] [INFO] [data][ModbusTcpMaster][ModbusConnecter][connectDevice]：设备ID=12043 开始连接设备 IP=127.0.0.1 Port=542 模式=AutoReconnect
[2026-06-04 18:58:20] [INFO] [data][ModbusTcpMaster][start]：设备ID=12045 开始启动设备连接，连接模式=AutoReconnect
[2026-06-04 18:58:20] [INFO] [data][ModbusTcpMaster][enterState]：设备ID=12044 状态切换: 空闲 -> 连接中
[2026-06-04 18:58:20] [INFO] [data][ModbusTcpMaster][ModbusConnecter][connectDevice]：设备ID=12044 开始连接设备 IP=127.0.0.1 Port=543 模式=AutoReconnect
[2026-06-04 18:58:20] [INFO] [data][ModbusTcpMasterManager][startMaster]：已投递启动请求 ID=12045
[2026-06-04 18:58:20] [INFO] [data][ModbusTcpMaster][enterState]：设备ID=12045 状态切换: 空闲 -> 连接中
[2026-06-04 18:58:20] [INFO] [data][ModbusTcpMaster][ModbusConnecter][connectDevice]：设备ID=12045 开始连接设备 IP=127.0.0.1 Port=544 模式=AutoReconnect
[2026-06-04 18:58:20] [INFO] [data][ModbusTcpMasterManager][startMaster]：已投递启动请求 ID=12046
[2026-06-04 18:58:20] [INFO] [data][ModbusTcpMasterManager][startMaster]：已投递启动请求 ID=12047
[2026-06-04 18:58:20] [INFO] [data][ModbusTcpMasterManager][startMaster]：已投递启动请求 ID=12048
[2026-06-04 18:58:20] [INFO] [data][ModbusTcpMasterManager][startMaster]：已投递启动请求 ID=12049
[2026-06-04 18:58:20] [INFO] [data][ModbusTcpMaster][start]：设备ID=12046 开始启动设备连接，连接模式=AutoReconnect
[2026-06-04 18:58:20] [INFO] [data][ModbusTcpMasterManager][startMaster]：已投递启动请求 ID=12050
[2026-06-04 18:58:20] [INFO] [data][ModbusTcpMaster][start]：设备ID=12047 开始启动设备连接，连接模式=AutoReconnect
[2026-06-04 18:58:20] [INFO] [data][ModbusTcpMaster][start]：设备ID=12048 开始启动设备连接，连接模式=AutoReconnect
[2026-06-04 18:58:20] [INFO] [data][ModbusTcpMaster][start]：设备ID=12049 开始启动设备连接，连接模式=AutoReconnect
[2026-06-04 18:58:20] [INFO] [data][ModbusTcpMasterManager][startMaster]：已投递启动请求 ID=12051
[2026-06-04 18:58:20] [INFO] [data][ModbusTcpMaster][start]：设备ID=12050 开始启动设备连接，连接模式=AutoReconnect
[2026-06-04 18:58:20] [INFO] [data][ModbusTcpMaster][enterState]：设备ID=12047 状态切换: 空闲 -> 连接中
[2026-06-04 18:58:20] [INFO] [data][ModbusTcpMaster][enterState]：设备ID=12046 状态切换: 空闲 -> 连接中
[2026-06-04 18:58:20] [INFO] [data][ModbusTcpMaster][ModbusConnecter][connectDevice]：设备ID=12047 开始连接设备 IP=127.0.0.1 Port=546 模式=AutoReconnect
[2026-06-04 18:58:20] [INFO] [data][ModbusTcpMaster][enterState]：设备ID=12049 状态切换: 空闲 -> 连接中
[2026-06-04 18:58:20] [INFO] [data][ModbusTcpMaster][enterState]：设备ID=12048 状态切换: 空闲 -> 连接中
[2026-06-04 18:58:20] [INFO] [data][ModbusTcpMaster][start]：设备ID=12051 开始启动设备连接，连接模式=AutoReconnect
[2026-06-04 18:58:20] [INFO] [data][ModbusTcpMasterManager][startMaster]：已投递启动请求 ID=12052
[2026-06-04 18:58:20] [INFO] [data][ModbusTcpMaster][ModbusConnecter][connectDevice]：设备ID=12046 开始连接设备 IP=127.0.0.1 Port=545 模式=AutoReconnect
[2026-06-04 18:58:20] [INFO] [data][ModbusTcpMaster][start]：设备ID=12052 开始启动设备连接，连接模式=AutoReconnect
[2026-06-04 18:58:20] [INFO] [data][ModbusTcpMaster][ModbusConnecter][connectDevice]：设备ID=12049 开始连接设备 IP=127.0.0.1 Port=548 模式=AutoReconnect
[2026-06-04 18:58:20] [INFO] [data][ModbusTcpMaster][ModbusConnecter][connectDevice]：设备ID=12048 开始连接设备 IP=127.0.0.1 Port=547 模式=AutoReconnect
[2026-06-04 18:58:20] [INFO] [data][ModbusTcpMaster][enterState]：设备ID=12050 状态切换: 空闲 -> 连接中
[2026-06-04 18:58:20] [INFO] [data][ModbusTcpMasterManager][startMaster]：已投递启动请求 ID=12053
[2026-06-04 18:58:20] [INFO] [data][ModbusTcpMaster][ModbusConnecter][connectDevice]：设备ID=12050 开始连接设备 IP=127.0.0.1 Port=549 模式=AutoReconnect
[2026-06-04 18:58:20] [INFO] [data][ModbusTcpMaster][enterState]：设备ID=12051 状态切换: 空闲 -> 连接中
[2026-06-04 18:58:20] [INFO] [data][ModbusTcpMaster][ModbusConnecter][connectDevice]：设备ID=12052 开始连接设备 IP=127.0.0.1 Port=551 模式=AutoReconnect
[2026-06-04 18:58:20] [INFO] [data][ModbusTcpMaster][enterState]：设备ID=12052 状态切换: 空闲 -> 连接中
[2026-06-04 18:58:20] [INFO] [data][ModbusTcpMaster][ModbusConnecter][connectDevice]：设备ID=12051 开始连接设备 IP=127.0.0.1 Port=550 模式=AutoReconnect
[2026-06-04 18:58:20] [INFO] [data][ModbusTcpMasterManager][startMaster]：已投递启动请求 ID=12054
[2026-06-04 18:58:20] [INFO] [data][ModbusTcpMasterManager][startMaster]：已投递启动请求 ID=12055
[2026-06-04 18:58:20] [INFO] [data][ModbusTcpMaster][start]：设备ID=12053 开始启动设备连接，连接模式=AutoReconnect
[2026-06-04 18:58:20] [INFO] [data][ModbusTcpMasterManager][startMaster]：已投递启动请求 ID=12056
[2026-06-04 18:58:20] [INFO] [data][ModbusTcpMaster][enterState]：设备ID=12053 状态切换: 空闲 -> 连接中
[2026-06-04 18:58:20] [INFO] [data][ModbusTcpMaster][ModbusConnecter][connectDevice]：设备ID=12053 开始连接设备 IP=127.0.0.1 Port=552 模式=AutoReconnect
[2026-06-04 18:58:20] [INFO] [data][ModbusTcpMasterManager][startMaster]：已投递启动请求 ID=12057
[2026-06-04 18:58:20] [INFO] [data][ModbusTcpMasterManager][startMaster]：已投递启动请求 ID=12058
[2026-06-04 18:58:20] [INFO] [data][ModbusTcpMaster][start]：设备ID=12054 开始启动设备连接，连接模式=AutoReconnect
[2026-06-04 18:58:20] [INFO] [data][ModbusTcpMasterManager][startMaster]：已投递启动请求 ID=12059
[2026-06-04 18:58:20] [INFO] [data][ModbusTcpMaster][enterState]：设备ID=12054 状态切换: 空闲 -> 连接中
[2026-06-04 18:58:20] [INFO] [data][ModbusTcpMaster][ModbusConnecter][connectDevice]：设备ID=12054 开始连接设备 IP=127.0.0.1 Port=553 模式=AutoReconnect
[2026-06-04 18:58:20] [INFO] [data][ModbusTcpMaster][start]：设备ID=12055 开始启动设备连接，连接模式=AutoReconnect
[2026-06-04 18:58:20] [INFO] [data][ModbusTcpMasterManager][startMaster]：已投递启动请求 ID=12060
[2026-06-04 18:58:20] [INFO] [data][ModbusTcpMaster][start]：设备ID=12056 开始启动设备连接，连接模式=AutoReconnect
[2026-06-04 18:58:20] [INFO] [data][ModbusTcpMaster][start]：设备ID=12057 开始启动设备连接，连接模式=AutoReconnect
[2026-06-04 18:58:20] [INFO] [data][ModbusTcpMaster][enterState]：设备ID=12055 状态切换: 空闲 -> 连接中
[2026-06-04 18:58:20] [INFO] [data][ModbusTcpMasterManager][startMaster]：已投递启动请求 ID=12061
[2026-06-04 18:58:20] [INFO] [data][ModbusTcpMaster][start]：设备ID=12058 开始启动设备连接，连接模式=AutoReconnect
[2026-06-04 18:58:20] [INFO] [data][ModbusTcpMaster][start]：设备ID=12059 开始启动设备连接，连接模式=AutoReconnect
[2026-06-04 18:58:20] [INFO] [data][ModbusTcpMaster][enterState]：设备ID=12056 状态切换: 空闲 -> 连接中
[2026-06-04 18:58:20] [INFO] [data][ModbusTcpMaster][start]：设备ID=12061 开始启动设备连接，连接模式=AutoReconnect
[2026-06-04 18:58:20] [INFO] [data][ModbusTcpMaster][enterState]：设备ID=12057 状态切换: 空闲 -> 连接中
[2026-06-04 18:58:20] [INFO] [data][ModbusTcpMasterManager][startMaster]：已投递启动请求 ID=12062
[2026-06-04 18:58:20] [INFO] [data][ModbusTcpMaster][start]：设备ID=12062 开始启动设备连接，连接模式=AutoReconnect
[2026-06-04 18:58:20] [INFO] [data][ModbusTcpMaster][enterState]：设备ID=12058 状态切换: 空闲 -> 连接中
[2026-06-04 18:58:20] [INFO] [data][ModbusTcpMaster][ModbusConnecter][connectDevice]：设备ID=12055 开始连接设备 IP=127.0.0.1 Port=554 模式=AutoReconnect
[2026-06-04 18:58:20] [INFO] [data][ModbusTcpMaster][ModbusConnecter][connectDevice]：设备ID=12056 开始连接设备 IP=127.0.0.1 Port=555 模式=AutoReconnect
[2026-06-04 18:58:20] [INFO] [data][ModbusTcpMaster][enterState]：设备ID=12059 状态切换: 空闲 -> 连接中
[2026-06-04 18:58:20] [INFO] [data][ModbusTcpMaster][start]：设备ID=12060 开始启动设备连接，连接模式=AutoReconnect
[2026-06-04 18:58:20] [INFO] [data][ModbusTcpMaster][ModbusConnecter][connectDevice]：设备ID=12057 开始连接设备 IP=127.0.0.1 Port=556 模式=AutoReconnect
[2026-06-04 18:58:20] [INFO] [data][ModbusTcpMasterManager][startMaster]：已投递启动请求 ID=12063
[2026-06-04 18:58:20] [INFO] [data][ModbusTcpMaster][enterState]：设备ID=12062 状态切换: 空闲 -> 连接中
[2026-06-04 18:58:20] [INFO] [data][ModbusTcpMaster][enterState]：设备ID=12061 状态切换: 空闲 -> 连接中
[2026-06-04 18:58:20] [INFO] [data][ModbusTcpMaster][start]：设备ID=12063 开始启动设备连接，连接模式=AutoReconnect
[2026-06-04 18:58:20] [INFO] [data][ModbusTcpMasterManager][startMaster]：已投递启动请求 ID=12064
[2026-06-04 18:58:20] [INFO] [data][ModbusTcpMaster][enterState]：设备ID=12060 状态切换: 空闲 -> 连接中
[2026-06-04 18:58:20] [INFO] [data][ModbusTcpMaster][ModbusConnecter][connectDevice]：设备ID=12061 开始连接设备 IP=127.0.0.1 Port=560 模式=AutoReconnect
[2026-06-04 18:58:20] [INFO] [data][ModbusTcpMaster][ModbusConnecter][connectDevice]：设备ID=12058 开始连接设备 IP=127.0.0.1 Port=557 模式=AutoReconnect
[2026-06-04 18:58:20] [INFO] [data][ModbusTcpMaster][ModbusConnecter][connectDevice]：设备ID=12062 开始连接设备 IP=127.0.0.1 Port=561 模式=AutoReconnect
[2026-06-04 18:58:20] [INFO] [data][ModbusTcpMaster][ModbusConnecter][connectDevice]：设备ID=12059 开始连接设备 IP=127.0.0.1 Port=558 模式=AutoReconnect
[2026-06-04 18:58:20] [INFO] [data][ModbusTcpMaster][start]：设备ID=12064 开始启动设备连接，连接模式=AutoReconnect
[2026-06-04 18:58:20] [INFO] [data][ModbusTcpMaster][enterState]：设备ID=12063 状态切换: 空闲 -> 连接中
[2026-06-04 18:58:20] [INFO] [data][ModbusTcpMaster][ModbusConnecter][connectDevice]：设备ID=12060 开始连接设备 IP=127.0.0.1 Port=559 模式=AutoReconnect
[2026-06-04 18:58:20] [INFO] [data][ModbusTcpMaster][ModbusConnecter][connectDevice]：设备ID=12063 开始连接设备 IP=127.0.0.1 Port=562 模式=AutoReconnect
[2026-06-04 18:58:20] [INFO] [data][ModbusTcpMaster][enterState]：设备ID=12064 状态切换: 空闲 -> 连接中
[2026-06-04 18:58:20] [INFO] [data][ModbusTcpMaster][start]：设备ID=12065 开始启动设备连接，连接模式=AutoReconnect
[2026-06-04 18:58:20] [INFO] [data][ModbusTcpMasterManager][startMaster]：已投递启动请求 ID=12065
[2026-06-04 18:58:20] [INFO] [data][ModbusTcpMaster][ModbusConnecter][connectDevice]：设备ID=12064 开始连接设备 IP=127.0.0.1 Port=563 模式=AutoReconnect
[2026-06-04 18:58:20] [INFO] [data][ModbusTcpMaster][enterState]：设备ID=12065 状态切换: 空闲 -> 连接中
[2026-06-04 18:58:20] [INFO] [data][ModbusTcpMaster][ModbusConnecter][connectDevice]：设备ID=12065 开始连接设备 IP=127.0.0.1 Port=564 模式=AutoReconnect
[2026-06-04 18:58:20] [INFO] [data][ModbusTcpMasterManager][startMaster]：已投递启动请求 ID=12066
[2026-06-04 18:58:20] [INFO] [data][ModbusTcpMaster][start]：设备ID=12066 开始启动设备连接，连接模式=AutoReconnect
[2026-06-04 18:58:20] [INFO] [data][ModbusTcpMasterManager][startMaster]：已投递启动请求 ID=12067
[2026-06-04 18:58:20] [INFO] [data][ModbusTcpMaster][start]：设备ID=12067 开始启动设备连接，连接模式=AutoReconnect
[2026-06-04 18:58:20] [INFO] [data][ModbusTcpMaster][enterState]：设备ID=12066 状态切换: 空闲 -> 连接中
[2026-06-04 18:58:20] [INFO] [data][ModbusTcpMasterManager][startMaster]：已投递启动请求 ID=12068
[2026-06-04 18:58:20] [INFO] [data][ModbusTcpMaster][start]：设备ID=12068 开始启动设备连接，连接模式=AutoReconnect
[2026-06-04 18:58:20] [INFO] [data][ModbusTcpMaster][ModbusConnecter][connectDevice]：设备ID=12066 开始连接设备 IP=127.0.0.1 Port=565 模式=AutoReconnect
[2026-06-04 18:58:20] [INFO] [data][ModbusTcpMasterManager][startMaster]：已投递启动请求 ID=12069
[2026-06-04 18:58:20] [INFO] [data][ModbusTcpMaster][enterState]：设备ID=12067 状态切换: 空闲 -> 连接中
[2026-06-04 18:58:20] [INFO] [data][ModbusTcpMaster][start]：设备ID=12069 开始启动设备连接，连接模式=AutoReconnect
[2026-06-04 18:58:20] [INFO] [data][ModbusTcpMaster][ModbusConnecter][connectDevice]：设备ID=12067 开始连接设备 IP=127.0.0.1 Port=566 模式=AutoReconnect
[2026-06-04 18:58:20] [INFO] [data][ModbusTcpMaster][enterState]：设备ID=12068 状态切换: 空闲 -> 连接中
[2026-06-04 18:58:20] [INFO] [data][ModbusTcpMasterManager][startMaster]：已投递启动请求 ID=12070
[2026-06-04 18:58:20] [INFO] [data][ModbusTcpMaster][enterState]：设备ID=12069 状态切换: 空闲 -> 连接中
[2026-06-04 18:58:20] [INFO] [data][ModbusTcpMaster][start]：设备ID=12070 开始启动设备连接，连接模式=AutoReconnect
[2026-06-04 18:58:20] [INFO] [data][ModbusTcpMaster][ModbusConnecter][connectDevice]：设备ID=12068 开始连接设备 IP=127.0.0.1 Port=567 模式=AutoReconnect
[2026-06-04 18:58:20] [INFO] [data][ModbusTcpMasterManager][startMaster]：已投递启动请求 ID=12071
[2026-06-04 18:58:20] [INFO] [data][ModbusTcpMaster][start]：设备ID=12071 开始启动设备连接，连接模式=AutoReconnect
[2026-06-04 18:58:20] [INFO] [data][ModbusTcpMaster][ModbusConnecter][connectDevice]：设备ID=12069 开始连接设备 IP=127.0.0.1 Port=568 模式=AutoReconnect
[2026-06-04 18:58:20] [INFO] [data][ModbusTcpMaster][enterState]：设备ID=12070 状态切换: 空闲 -> 连接中
[2026-06-04 18:58:20] [INFO] [data][ModbusTcpMasterManager][startMaster]：已投递启动请求 ID=12072
[2026-06-04 18:58:20] [INFO] [data][ModbusTcpMaster][start]：设备ID=12072 开始启动设备连接，连接模式=AutoReconnect
[2026-06-04 18:58:20] [INFO] [data][ModbusTcpMaster][ModbusConnecter][connectDevice]：设备ID=12070 开始连接设备 IP=127.0.0.1 Port=569 模式=AutoReconnect
[2026-06-04 18:58:20] [INFO] [data][ModbusTcpMaster][enterState]：设备ID=12071 状态切换: 空闲 -> 连接中
[2026-06-04 18:58:20] [INFO] [data][ModbusTcpMasterManager][startMaster]：已投递启动请求 ID=12073
[2026-06-04 18:58:20] [INFO] [data][ModbusTcpMaster][start]：设备ID=12073 开始启动设备连接，连接模式=AutoReconnect
[2026-06-04 18:58:20] [INFO] [data][ModbusTcpMasterManager][startMaster]：已投递启动请求 ID=12074
[2026-06-04 18:58:20] [INFO] [data][ModbusTcpMaster][enterState]：设备ID=12072 状态切换: 空闲 -> 连接中
[2026-06-04 18:58:20] [INFO] [data][ModbusTcpMaster][ModbusConnecter][connectDevice]：设备ID=12071 开始连接设备 IP=127.0.0.1 Port=570 模式=AutoReconnect
[2026-06-04 18:58:20] [INFO] [data][ModbusTcpMaster][start]：设备ID=12074 开始启动设备连接，连接模式=AutoReconnect
[2026-06-04 18:58:20] [INFO] [data][ModbusTcpMaster][enterState]：设备ID=12073 状态切换: 空闲 -> 连接中
[2026-06-04 18:58:20] [INFO] [data][ModbusTcpMaster][ModbusConnecter][connectDevice]：设备ID=12072 开始连接设备 IP=127.0.0.1 Port=571 模式=AutoReconnect
[2026-06-04 18:58:20] [INFO] [data][ModbusTcpMasterManager][startMaster]：已投递启动请求 ID=12075
[2026-06-04 18:58:20] [INFO] [data][ModbusTcpMaster][start]：设备ID=12075 开始启动设备连接，连接模式=AutoReconnect
[2026-06-04 18:58:20] [INFO] [data][ModbusTcpMaster][enterState]：设备ID=12074 状态切换: 空闲 -> 连接中
[2026-06-04 18:58:20] [INFO] [data][ModbusTcpMaster][ModbusConnecter][connectDevice]：设备ID=12073 开始连接设备 IP=127.0.0.1 Port=572 模式=AutoReconnect
[2026-06-04 18:58:20] [INFO] [data][ModbusTcpMasterManager][startMaster]：已投递启动请求 ID=12076
[2026-06-04 18:58:20] [INFO] [data][ModbusTcpMaster][start]：设备ID=12076 开始启动设备连接，连接模式=AutoReconnect
[2026-06-04 18:58:20] [INFO] [data][ModbusTcpMaster][ModbusConnecter][connectDevice]：设备ID=12074 开始连接设备 IP=127.0.0.1 Port=573 模式=AutoReconnect
[2026-06-04 18:58:20] [INFO] [data][ModbusTcpMaster][ModbusConnecter][connectDevice]：设备ID=12075 开始连接设备 IP=127.0.0.1 Port=574 模式=AutoReconnect
[2026-06-04 18:58:20] [INFO] [data][ModbusTcpMaster][enterState]：设备ID=12075 状态切换: 空闲 -> 连接中
[2026-06-04 18:58:20] [INFO] [data][ModbusTcpMasterManager][startMaster]：已投递启动请求 ID=12077
[2026-06-04 18:58:20] [INFO] [data][ModbusTcpMaster][enterState]：设备ID=12076 状态切换: 空闲 -> 连接中
[2026-06-04 18:58:20] [INFO] [data][ModbusTcpMaster][start]：设备ID=12077 开始启动设备连接，连接模式=AutoReconnect
[2026-06-04 18:58:20] [INFO] [data][ModbusTcpMaster][ModbusConnecter][connectDevice]：设备ID=12076 开始连接设备 IP=127.0.0.1 Port=575 模式=AutoReconnect
[2026-06-04 18:58:20] [INFO] [data][ModbusTcpMasterManager][startMaster]：已投递启动请求 ID=12078
[2026-06-04 18:58:20] [INFO] [data][ModbusTcpMaster][start]：设备ID=12078 开始启动设备连接，连接模式=AutoReconnect
[2026-06-04 18:58:20] [INFO] [data][ModbusTcpMaster][enterState]：设备ID=12077 状态切换: 空闲 -> 连接中
[2026-06-04 18:58:20] [INFO] [data][ModbusTcpMasterManager][startMaster]：已投递启动请求 ID=12079
[2026-06-04 18:58:20] [INFO] [data][ModbusTcpMaster][ModbusConnecter][connectDevice]：设备ID=12077 开始连接设备 IP=127.0.0.1 Port=576 模式=AutoReconnect
[2026-06-04 18:58:20] [INFO] [data][ModbusTcpMaster][enterState]：设备ID=12078 状态切换: 空闲 -> 连接中
[2026-06-04 18:58:20] [INFO] [data][ModbusTcpMaster][ModbusConnecter][connectDevice]：设备ID=12078 开始连接设备 IP=127.0.0.1 Port=577 模式=AutoReconnect
[2026-06-04 18:58:20] [INFO] [data][ModbusTcpMaster][start]：设备ID=12079 开始启动设备连接，连接模式=AutoReconnect
[2026-06-04 18:58:20] [INFO] [data][ModbusTcpMasterManager][startMaster]：已投递启动请求 ID=12080
[2026-06-04 18:58:20] [INFO] [data][ModbusTcpMaster][start]：设备ID=12080 开始启动设备连接，连接模式=AutoReconnect
[2026-06-04 18:58:20] [INFO] [scheduler][NetworkStatusTask][Summary][start]：已批量启动自动重连，成功=80/80，失败=0
[2026-06-04 18:58:20] [INFO] [data][ModbusTcpMaster][enterState]：设备ID=12079 状态切换: 空闲 -> 连接中
[2026-06-04 18:58:20] [INFO] [data][ModbusTcpMaster][ModbusConnecter][connectDevice]：设备ID=12079 开始连接设备 IP=127.0.0.1 Port=578 模式=AutoReconnect
[2026-06-04 18:58:20] [INFO] [data][ModbusTcpMaster][enterState]：设备ID=12080 状态切换: 空闲 -> 连接中
[2026-06-04 18:58:20] [INFO] [data][ModbusTcpMaster][ModbusConnecter][connectDevice]：设备ID=12080 开始连接设备 IP=127.0.0.1 Port=579 模式=AutoReconnect
[2026-06-04 18:58:20] [INFO] [scheduler][NetworkStatusTask][Summary][start]：初始连接状态汇总：已连接=0，连接中=80，已断开=0，错误=0
[2026-06-04 18:58:20] [INFO] [scheduler][NetworkStatusTask][Summary][start]：网络状态任务启动完成，监听设备数=80
[2026-06-04 18:58:20] [INFO] ============================= MonitorDataTask 启动 =============================
监听设备数: 80
启动时间: 2026-06-04 18:58:20
日志目录: scheduler/monitor_data_task
[2026-06-04 18:58:20] [INFO] [ui][SetLevelGraphBuilder][setStartNodePosition] 设置起始节点坐标: (20, 120)
[2026-06-04 18:58:20] [INFO] [ui][FoupLevelGraphBuilder][setStartNodePosition]设置起始节点坐标: (20, 120)
[2026-06-04 18:58:20] [INFO] ====================天车轨道布局图配置文件解析 开始====================
[2026-06-04 18:58:20] [INFO] [ui][GraphConfig][parse]解析阶段(1): 解析GraphConfig标签开始
[2026-06-04 18:58:20] [INFO] [ui][GraphConfig][parseGraphSettings]图类型: 无向图
[2026-06-04 18:58:20] [INFO] [ui][GraphConfig][parseGraphSettings]设备控件尺寸: 120, 间距: 20
[2026-06-04 18:58:20] [INFO] [ui][GraphConfig][parse]解析阶段(1): 解析GraphConfig标签完成
[2026-06-04 18:58:20] [INFO] [ui][GraphConfig][parseEdges]解析阶段(2): 解析Edges标签
[2026-06-04 18:58:20] [INFO] [ui][GraphConfig][parseEdges]找到49条边数据
[2026-06-04 18:58:20] [INFO] [ui][GraphConfig][processNode]SET节点文档顺序#0: 设置 setOfOHBInfoList[0].uiId = 6
[2026-06-04 18:58:20] [INFO] [ui][GraphConfig][parseEdges]解析阶段(3):收集TRACK节点: ID=1
[2026-06-04 18:58:20] [INFO] [ui][GraphConfig][parseEdges]解析阶段(3):收集SET节点: ID=6, QRCode=11005, Count=4, Position=ABOVE
[2026-06-04 18:58:20] [INFO] [ui][GraphConfig][parseEdges]解析阶段(4):成功解析边: 1 -> 6，类型: STRAIGHT_LINE，大小: 840
[2026-06-04 18:58:20] [INFO] [ui][GraphConfig][processNode]SET节点文档顺序#1: 设置 setOfOHBInfoList[1].uiId = 7
[2026-06-04 18:58:20] [INFO] [ui][GraphConfig][parseEdges]解析阶段(3):收集SET节点: ID=7, QRCode=11006, Count=4, Position=ABOVE
[2026-06-04 18:58:20] [INFO] [ui][GraphConfig][parseEdges]解析阶段(4):成功解析边: 6 -> 7，类型: STRAIGHT_LINE，大小: 140
[2026-06-04 18:58:20] [INFO] [ui][GraphConfig][processNode]SET节点文档顺序#2: 设置 setOfOHBInfoList[2].uiId = 8
[2026-06-04 18:58:20] [INFO] [ui][GraphConfig][parseEdges]解析阶段(3):收集SET节点: ID=8, QRCode=11007, Count=4, Position=ABOVE
[2026-06-04 18:58:20] [INFO] [ui][GraphConfig][parseEdges]解析阶段(4):成功解析边: 7 -> 8，类型: STRAIGHT_LINE，大小: 420
[2026-06-04 18:58:20] [INFO] [ui][GraphConfig][processNode]SET节点文档顺序#3: 设置 setOfOHBInfoList[3].uiId = 9
[2026-06-04 18:58:20] [INFO] [ui][GraphConfig][parseEdges]解析阶段(3):收集SET节点: ID=9, QRCode=11008, Count=4, Position=ABOVE
[2026-06-04 18:58:20] [INFO] [ui][GraphConfig][parseEdges]解析阶段(4):成功解析边: 8 -> 9，类型: STRAIGHT_LINE，大小: 140
[2026-06-04 18:58:20] [INFO] [ui][GraphConfig][processNode]SET节点文档顺序#4: 设置 setOfOHBInfoList[4].uiId = 10
[2026-06-04 18:58:20] [INFO] [ui][GraphConfig][parseEdges]解析阶段(3):收集SET节点: ID=10, QRCode=11009, Count=4, Position=ABOVE
[2026-06-04 18:58:20] [INFO] [ui][GraphConfig][parseEdges]解析阶段(4):成功解析边: 9 -> 10，类型: STRAIGHT_LINE，大小: 140
[2026-06-04 18:58:20] [INFO] [ui][GraphConfig][processNode]SET节点文档顺序#5: 设置 setOfOHBInfoList[5].uiId = 11
[2026-06-04 18:58:20] [INFO] [ui][GraphConfig][parseEdges]解析阶段(3):收集SET节点: ID=11, QRCode=11010, Count=4, Position=ABOVE
[2026-06-04 18:58:20] [INFO] [ui][GraphConfig][parseEdges]解析阶段(4):成功解析边: 10 -> 11，类型: STRAIGHT_LINE，大小: 140
[2026-06-04 18:58:20] [INFO] [ui][GraphConfig][processNode]SET节点文档顺序#6: 设置 setOfOHBInfoList[6].uiId = 12
[2026-06-04 18:58:20] [INFO] [ui][GraphConfig][parseEdges]解析阶段(3):收集SET节点: ID=12, QRCode=11011, Count=4, Position=ABOVE
[2026-06-04 18:58:20] [INFO] [ui][GraphConfig][parseEdges]解析阶段(4):成功解析边: 11 -> 12，类型: STRAIGHT_LINE，大小: 140
[2026-06-04 18:58:20] [INFO] [ui][GraphConfig][processNode]SET节点文档顺序#7: 设置 setOfOHBInfoList[7].uiId = 13
[2026-06-04 18:58:20] [INFO] [ui][GraphConfig][parseEdges]解析阶段(3):收集SET节点: ID=13, QRCode=11012, Count=4, Position=ABOVE
[2026-06-04 18:58:20] [INFO] [ui][GraphConfig][parseEdges]解析阶段(4):成功解析边: 12 -> 13，类型: STRAIGHT_LINE，大小: 140
[2026-06-04 18:58:20] [INFO] [ui][GraphConfig][parseEdges]解析阶段(3):收集TRACK节点: ID=14
[2026-06-04 18:58:20] [INFO] [ui][GraphConfig][parseEdges]解析阶段(4):成功解析边: 13 -> 14，类型: STRAIGHT_LINE，大小: 70，FoupLevel偏移: 416，SetLevel偏移: 118
[2026-06-04 18:58:20] [INFO] [ui][GraphConfig][parseEdges]解析阶段(3):收集TRACK节点: ID=15
[2026-06-04 18:58:20] [INFO] [ui][GraphConfig][parseEdges]解析阶段(4):成功解析边: 1 -> 15，类型: VERTICAL_VIRTUAL_LINE，大小: 6
[2026-06-04 18:58:20] [INFO] [ui][GraphConfig][parseEdges]解析阶段(3):收集TRACK节点: ID=16
[2026-06-04 18:58:20] [INFO] [ui][GraphConfig][parseEdges]解析阶段(4):成功解析边: 15 -> 16，类型: STRAIGHT_LINE，大小: 560
[2026-06-04 18:58:20] [INFO] [ui][GraphConfig][parseEdges]解析阶段(3):收集TRACK节点: ID=17
[2026-06-04 18:58:20] [INFO] [ui][GraphConfig][parseEdges]解析阶段(4):成功解析边: 16 -> 17，类型: HORIZONTAL_VIRTUAL_LINE，大小: 6
[2026-06-04 18:58:20] [INFO] [ui][GraphConfig][parseEdges]解析阶段(3):收集TRACK节点: ID=18
[2026-06-04 18:58:20] [INFO] [ui][GraphConfig][parseEdges]解析阶段(4):成功解析边: 17 -> 18，类型: STRAIGHT_LINE，大小: 1722，FoupLevel偏移: 194，SetLevel偏移: 0
[2026-06-04 18:58:20] [INFO] [ui][GraphConfig][parseEdges]解析阶段(3):收集TRACK节点: ID=19
[2026-06-04 18:58:20] [INFO] [ui][GraphConfig][parseEdges]解析阶段(4):成功解析边: 15 -> 19，类型: VERTICAL_VIRTUAL_LINE，大小: 140
[2026-06-04 18:58:20] [INFO] [ui][GraphConfig][parseEdges]解析阶段(3):收集TRACK节点: ID=20
[2026-06-04 18:58:20] [INFO] [ui][GraphConfig][parseEdges]解析阶段(4):成功解析边: 19 -> 20，类型: STRAIGHT_LINE，大小: 700
[2026-06-04 18:58:20] [INFO] [ui][GraphConfig][parseEdges]解析阶段(3):收集TRACK节点: ID=21
[2026-06-04 18:58:20] [INFO] [ui][GraphConfig][parseEdges]解析阶段(4):成功解析边: 20 -> 21，类型: HORIZONTAL_VIRTUAL_LINE，大小: 6
[2026-06-04 18:58:20] [INFO] [ui][GraphConfig][parseEdges]解析阶段(3):收集TRACK节点: ID=22
[2026-06-04 18:58:20] [INFO] [ui][GraphConfig][parseEdges]解析阶段(4):成功解析边: 21 -> 22，类型: STRAIGHT_LINE，大小: 1582，FoupLevel偏移: 190，SetLevel偏移: 10
[2026-06-04 18:58:20] [INFO] [ui][GraphConfig][parseEdges]解析阶段(4):成功解析边: 16 -> 20，类型: REVERSE_S_CURVE，大小: 140
[2026-06-04 18:58:20] [INFO] [ui][GraphConfig][parseEdges]解析阶段(4):成功解析边: 17 -> 21，类型: REVERSE_S_CURVE，大小: 140
[2026-06-04 18:58:20] [INFO] [ui][GraphConfig][parseEdges]解析阶段(3):收集TRACK节点: ID=23
[2026-06-04 18:58:20] [INFO] [ui][GraphConfig][parseEdges]解析阶段(4):成功解析边: 19 -> 23，类型: VERTICAL_VIRTUAL_LINE，大小: 6
[2026-06-04 18:58:20] [INFO] [ui][GraphConfig][parseEdges]解析阶段(3):收集TRACK节点: ID=24
[2026-06-04 18:58:20] [INFO] [ui][GraphConfig][parseEdges]解析阶段(4):成功解析边: 23 -> 24，类型: STRAIGHT_LINE，大小: 1190
[2026-06-04 18:58:20] [INFO] [ui][GraphConfig][parseEdges]解析阶段(3):收集TRACK节点: ID=25
[2026-06-04 18:58:20] [INFO] [ui][GraphConfig][parseEdges]解析阶段(4):成功解析边: 24 -> 25，类型: HORIZONTAL_VIRTUAL_LINE，大小: 6
[2026-06-04 18:58:20] [INFO] [ui][GraphConfig][parseEdges]解析阶段(3):收集TRACK节点: ID=26
[2026-06-04 18:58:20] [INFO] [ui][GraphConfig][parseEdges]解析阶段(4):成功解析边: 25 -> 26，类型: STRAIGHT_LINE，大小: 140
[2026-06-04 18:58:20] [INFO] [ui][GraphConfig][parseEdges]解析阶段(3):收集TRACK节点: ID=27
[2026-06-04 18:58:20] [INFO] [ui][GraphConfig][parseEdges]解析阶段(4):成功解析边: 26 -> 27，类型: HORIZONTAL_VIRTUAL_LINE，大小: 6
[2026-06-04 18:58:20] [INFO] [ui][GraphConfig][parseEdges]解析阶段(3):收集TRACK节点: ID=28
[2026-06-04 18:58:20] [INFO] [ui][GraphConfig][parseEdges]解析阶段(4):成功解析边: 27 -> 28，类型: STRAIGHT_LINE，大小: 980，FoupLevel偏移: 86，SetLevel偏移: -24
[2026-06-04 18:58:20] [INFO] [ui][GraphConfig][parseEdges]解析阶段(3):收集TRACK节点: ID=29
[2026-06-04 18:58:20] [INFO] [ui][GraphConfig][parseEdges]解析阶段(4):成功解析边: 23 -> 29，类型: VERTICAL_VIRTUAL_LINE，大小: 210
[2026-06-04 18:58:20] [INFO] [ui][GraphConfig][parseEdges]解析阶段(3):收集TRACK节点: ID=30
[2026-06-04 18:58:20] [INFO] [ui][GraphConfig][parseEdges]解析阶段(4):成功解析边: 29 -> 30，类型: STRAIGHT_LINE，大小: 1190
[2026-06-04 18:58:20] [INFO] [ui][GraphConfig][parseEdges]解析阶段(3):收集TRACK节点: ID=31
[2026-06-04 18:58:20] [INFO] [ui][GraphConfig][parseEdges]解析阶段(4):成功解析边: 31 -> 32，类型: STRAIGHT_LINE，大小: 140
[2026-06-04 18:58:20] [INFO] [ui][GraphConfig][parseEdges]解析阶段(3):收集TRACK节点: ID=33
[2026-06-04 18:58:20] [INFO] [ui][GraphConfig][parseEdges]解析阶段(4):成功解析边: 30 -> 31，类型: HORIZONTAL_VIRTUAL_LINE，大小: 6
[2026-06-04 18:58:20] [INFO] [ui][GraphConfig][parseEdges]解析阶段(3):收集TRACK节点: ID=32
[2026-06-04 18:58:20] [INFO] [ui][GraphConfig][parseEdges]解析阶段(4):成功解析边: 32 -> 33，类型: HORIZONTAL_VIRTUAL_LINE，大小: 6
[2026-06-04 18:58:20] [INFO] [ui][GraphConfig][parseEdges]解析阶段(3):收集TRACK节点: ID=34
[2026-06-04 18:58:20] [INFO] [ui][GraphConfig][parseEdges]解析阶段(4):成功解析边: 33 -> 34，类型: STRAIGHT_LINE，大小: 770，FoupLevel偏移: 828，SetLevel偏移: 190
[2026-06-04 18:58:20] [INFO] [ui][GraphConfig][parseEdges]解析阶段(4):成功解析边: 24 -> 30，类型: RIGHT_SEMICIRCLE_ARC，大小: 210
[2026-06-04 18:58:20] [INFO] [ui][GraphConfig][parseEdges]解析阶段(4):成功解析边: 25 -> 31，类型: RIGHT_SEMICIRCLE_ARC，大小: 210
[2026-06-04 18:58:20] [INFO] [ui][GraphConfig][parseEdges]解析阶段(4):成功解析边: 26 -> 32，类型: LEFT_SEMICIRCLE_ARC，大小: 210
[2026-06-04 18:58:20] [INFO] [ui][GraphConfig][parseEdges]解析阶段(4):成功解析边: 27 -> 33，类型: LEFT_SEMICIRCLE_ARC，大小: 210
[2026-06-04 18:58:20] [INFO] [ui][GraphConfig][parseEdges]解析阶段(3):收集TRACK节点: ID=35
[2026-06-04 18:58:20] [INFO] [ui][GraphConfig][parseEdges]解析阶段(4):成功解析边: 29 -> 35，类型: VERTICAL_VIRTUAL_LINE，大小: 6
[2026-06-04 18:58:20] [INFO] [ui][GraphConfig][processNode]SET节点文档顺序#8: 设置 setOfOHBInfoList[8].uiId = 36
[2026-06-04 18:58:20] [INFO] [ui][GraphConfig][parseEdges]解析阶段(3):收集SET节点: ID=36, QRCode=11036, Count=4, Position=BELOW
[2026-06-04 18:58:20] [INFO] [ui][GraphConfig][parseEdges]解析阶段(4):成功解析边: 35 -> 36，类型: STRAIGHT_LINE，大小: 70
[2026-06-04 18:58:20] [INFO] [ui][GraphConfig][processNode]SET节点文档顺序#9: 设置 setOfOHBInfoList[9].uiId = 37
[2026-06-04 18:58:20] [INFO] [ui][GraphConfig][parseEdges]解析阶段(3):收集SET节点: ID=37, QRCode=11037, Count=4, Position=BELOW
[2026-06-04 18:58:20] [INFO] [ui][GraphConfig][parseEdges]解析阶段(4):成功解析边: 36 -> 37，类型: STRAIGHT_LINE，大小: 140
[2026-06-04 18:58:20] [INFO] [ui][GraphConfig][processNode]SET节点文档顺序#10: 设置 setOfOHBInfoList[10].uiId = 38
[2026-06-04 18:58:20] [INFO] [ui][GraphConfig][parseEdges]解析阶段(3):收集SET节点: ID=38, QRCode=11038, Count=4, Position=BELOW
[2026-06-04 18:58:20] [INFO] [ui][GraphConfig][parseEdges]解析阶段(4):成功解析边: 37 -> 38，类型: STRAIGHT_LINE，大小: 140
[2026-06-04 18:58:20] [INFO] [ui][GraphConfig][processNode]SET节点文档顺序#11: 设置 setOfOHBInfoList[11].uiId = 39
[2026-06-04 18:58:20] [INFO] [ui][GraphConfig][parseEdges]解析阶段(3):收集SET节点: ID=39, QRCode=11039, Count=4, Position=BELOW
[2026-06-04 18:58:20] [INFO] [ui][GraphConfig][parseEdges]解析阶段(4):成功解析边: 38 -> 39，类型: STRAIGHT_LINE，大小: 140
[2026-06-04 18:58:20] [INFO] [ui][GraphConfig][processNode]SET节点文档顺序#12: 设置 setOfOHBInfoList[12].uiId = 40
[2026-06-04 18:58:20] [INFO] [ui][GraphConfig][parseEdges]解析阶段(3):收集SET节点: ID=40, QRCode=11040, Count=4, Position=BELOW
[2026-06-04 18:58:20] [INFO] [ui][GraphConfig][parseEdges]解析阶段(4):成功解析边: 39 -> 40，类型: STRAIGHT_LINE，大小: 140
[2026-06-04 18:58:20] [INFO] [ui][GraphConfig][processNode]SET节点文档顺序#13: 设置 setOfOHBInfoList[13].uiId = 41
[2026-06-04 18:58:20] [INFO] [ui][GraphConfig][parseEdges]解析阶段(3):收集SET节点: ID=41, QRCode=11041, Count=4, Position=BELOW
[2026-06-04 18:58:20] [INFO] [ui][GraphConfig][parseEdges]解析阶段(4):成功解析边: 40 -> 41，类型: STRAIGHT_LINE，大小: 140
[2026-06-04 18:58:20] [INFO] [ui][GraphConfig][processNode]SET节点文档顺序#14: 设置 setOfOHBInfoList[14].uiId = 42
[2026-06-04 18:58:20] [INFO] [ui][GraphConfig][parseEdges]解析阶段(3):收集SET节点: ID=42, QRCode=11042, Count=4, Position=BELOW
[2026-06-04 18:58:20] [INFO] [ui][GraphConfig][parseEdges]解析阶段(4):成功解析边: 41 -> 42，类型: STRAIGHT_LINE，大小: 140
[2026-06-04 18:58:20] [INFO] [ui][GraphConfig][processNode]SET节点文档顺序#15: 设置 setOfOHBInfoList[15].uiId = 43
[2026-06-04 18:58:20] [INFO] [ui][GraphConfig][parseEdges]解析阶段(3):收集SET节点: ID=43, QRCode=11043, Count=4, Position=BELOW
[2026-06-04 18:58:20] [INFO] [ui][GraphConfig][parseEdges]解析阶段(4):成功解析边: 42 -> 43，类型: STRAIGHT_LINE，大小: 140
[2026-06-04 18:58:20] [INFO] [ui][GraphConfig][processNode]SET节点文档顺序#16: 设置 setOfOHBInfoList[16].uiId = 2
[2026-06-04 18:58:20] [INFO] [ui][GraphConfig][parseEdges]解析阶段(3):收集SET节点: ID=2, QRCode=11001, Count=4, Position=BELOW
[2026-06-04 18:58:20] [INFO] [ui][GraphConfig][parseEdges]解析阶段(4):成功解析边: 43 -> 2，类型: STRAIGHT_LINE，大小: 322，FoupLevel偏移: 0，SetLevel偏移: 22
[2026-06-04 18:58:20] [INFO] [ui][GraphConfig][processNode]SET节点文档顺序#17: 设置 setOfOHBInfoList[17].uiId = 3
[2026-06-04 18:58:20] [INFO] [ui][GraphConfig][parseEdges]解析阶段(3):收集SET节点: ID=3, QRCode=11002, Count=4, Position=BELOW
[2026-06-04 18:58:20] [INFO] [ui][GraphConfig][parseEdges]解析阶段(4):成功解析边: 2 -> 3，类型: STRAIGHT_LINE，大小: 140
[2026-06-04 18:58:20] [INFO] [ui][GraphConfig][processNode]SET节点文档顺序#18: 设置 setOfOHBInfoList[18].uiId = 4
[2026-06-04 18:58:20] [INFO] [ui][GraphConfig][parseEdges]解析阶段(3):收集SET节点: ID=4, QRCode=11003, Count=4, Position=BELOW
[2026-06-04 18:58:20] [INFO] [ui][GraphConfig][parseEdges]解析阶段(4):成功解析边: 3 -> 4，类型: STRAIGHT_LINE，大小: 140
[2026-06-04 18:58:20] [INFO] [ui][GraphConfig][processNode]SET节点文档顺序#19: 设置 setOfOHBInfoList[19].uiId = 5
[2026-06-04 18:58:20] [INFO] [ui][GraphConfig][parseEdges]解析阶段(3):收集SET节点: ID=5, QRCode=11004, Count=4, Position=BELOW
[2026-06-04 18:58:20] [INFO] [ui][GraphConfig][parseEdges]解析阶段(4):成功解析边: 4 -> 5，类型: STRAIGHT_LINE，大小: 140
[2026-06-04 18:58:20] [INFO] [ui][GraphConfig][parseEdges]解析阶段(3):收集TRACK节点: ID=44
[2026-06-04 18:58:20] [INFO] [ui][GraphConfig][parseEdges]解析阶段(4):成功解析边: 5 -> 44，类型: STRAIGHT_LINE，大小: 350，FoupLevel偏移: 450，SetLevel偏移: 140
[2026-06-04 18:58:20] [INFO] [ui][GraphConfig][parse]解析阶段(5): 配置文件解析完毕
[2026-06-04 18:58:20] [INFO] [ui][GraphConfig][parse]配置文件解析完成，节点数: 44，边数: 49
[2026-06-04 18:58:20] [INFO] ====================天车轨道布局图配置文件解析 结束====================
[2026-06-04 18:58:21] [INFO] [ui][SH85PeriodicSelfCheckSettingWidget] bound to resident SH85PeriodicSelfCheckTask
[2026-06-04 18:58:21] [INFO] [ui][FirmwareUpdateConfigSettingWidget][initUI]：固件更新配置UI初始化完成
[2026-06-04 18:58:21] [INFO] [ui][FirmwareUpdateConfigSettingWidget][FirmwareUpdateConfigSettingWidget]：固件更新配置控件已创建
[2026-06-04 18:58:21] [INFO] [ui][FirmwareUpdateSettingWidget][FirmwareUpdateSettingWidget]：固件升级界面已创建
[2026-06-04 18:58:22] [INFO] ====================Set视图天车轨道布局图重构  开始====================
[2026-06-04 18:58:22] [INFO] [ui][SetLevelGraphBuilder][buildGraph] 开始构建图，节点数: 44，边数: 49
[2026-06-04 18:58:22] [DEBUG] [ui][Graph][addVertex] 添加顶点 1
[2026-06-04 18:58:22] [DEBUG] [ui][Graph][addVertex] 添加顶点 2
[2026-06-04 18:58:22] [DEBUG] [ui][Graph][addVertex] 添加顶点 3
[2026-06-04 18:58:22] [DEBUG] [ui][Graph][addVertex] 添加顶点 4
[2026-06-04 18:58:22] [DEBUG] [ui][Graph][addVertex] 添加顶点 5
[2026-06-04 18:58:22] [DEBUG] [ui][Graph][addVertex] 添加顶点 7
[2026-06-04 18:58:22] [DEBUG] [ui][Graph][addVertex] 添加顶点 6
[2026-06-04 18:58:22] [DEBUG] [ui][Graph][addVertex] 添加顶点 9
[2026-06-04 18:58:22] [DEBUG] [ui][Graph][addVertex] 添加顶点 10
[2026-06-04 18:58:22] [DEBUG] [ui][Graph][addVertex] 添加顶点 11
[2026-06-04 18:58:22] [DEBUG] [ui][Graph][addVertex] 添加顶点 12
[2026-06-04 18:58:22] [DEBUG] [ui][Graph][addVertex] 添加顶点 8
[2026-06-04 18:58:22] [DEBUG] [ui][Graph][addVertex] 添加顶点 13
[2026-06-04 18:58:22] [DEBUG] [ui][Graph][addVertex] 添加顶点 14
[2026-06-04 18:58:22] [DEBUG] [ui][Graph][addVertex] 添加顶点 15
[2026-06-04 18:58:22] [DEBUG] [ui][Graph][addVertex] 添加顶点 16
[2026-06-04 18:58:22] [DEBUG] [ui][Graph][addVertex] 添加顶点 17
[2026-06-04 18:58:22] [DEBUG] [ui][Graph][addVertex] 添加顶点 18
[2026-06-04 18:58:22] [DEBUG] [ui][Graph][addVertex] 添加顶点 19
[2026-06-04 18:58:22] [DEBUG] [ui][Graph][addVertex] 添加顶点 20
[2026-06-04 18:58:22] [DEBUG] [ui][Graph][addVertex] 添加顶点 21
[2026-06-04 18:58:22] [DEBUG] [ui][Graph][addVertex] 添加顶点 22
[2026-06-04 18:58:22] [DEBUG] [ui][Graph][addVertex] 添加顶点 23
[2026-06-04 18:58:22] [DEBUG] [ui][Graph][addVertex] 添加顶点 24
[2026-06-04 18:58:22] [DEBUG] [ui][Graph][addVertex] 添加顶点 25
[2026-06-04 18:58:22] [DEBUG] [ui][Graph][addVertex] 添加顶点 26
[2026-06-04 18:58:22] [DEBUG] [ui][Graph][addVertex] 添加顶点 27
[2026-06-04 18:58:22] [DEBUG] [ui][Graph][addVertex] 添加顶点 28
[2026-06-04 18:58:22] [DEBUG] [ui][Graph][addVertex] 添加顶点 29
[2026-06-04 18:58:22] [DEBUG] [ui][Graph][addVertex] 添加顶点 30
[2026-06-04 18:58:22] [DEBUG] [ui][Graph][addVertex] 添加顶点 31
[2026-06-04 18:58:22] [DEBUG] [ui][Graph][addVertex] 添加顶点 32
[2026-06-04 18:58:22] [DEBUG] [ui][Graph][addVertex] 添加顶点 33
[2026-06-04 18:58:22] [DEBUG] [ui][Graph][addVertex] 添加顶点 34
[2026-06-04 18:58:22] [DEBUG] [ui][Graph][addVertex] 添加顶点 35
[2026-06-04 18:58:22] [DEBUG] [ui][Graph][addVertex] 添加顶点 36
[2026-06-04 18:58:22] [DEBUG] [ui][Graph][addVertex] 添加顶点 37
[2026-06-04 18:58:22] [DEBUG] [ui][Graph][addVertex] 添加顶点 38
[2026-06-04 18:58:22] [DEBUG] [ui][Graph][addVertex] 添加顶点 39
[2026-06-04 18:58:22] [DEBUG] [ui][Graph][addVertex] 添加顶点 40
[2026-06-04 18:58:22] [DEBUG] [ui][Graph][addVertex] 添加顶点 41
[2026-06-04 18:58:22] [DEBUG] [ui][Graph][addVertex] 添加顶点 42
[2026-06-04 18:58:22] [DEBUG] [ui][Graph][addVertex] 添加顶点 43
[2026-06-04 18:58:22] [DEBUG] [ui][Graph][addVertex] 添加顶点 44
[2026-06-04 18:58:22] [DEBUG] [ui][Graph][addVertex] 顶点 1 已存在，跳过
[2026-06-04 18:58:22] [DEBUG] [ui][Graph][addVertex] 顶点 6 已存在，跳过
[2026-06-04 18:58:22] [DEBUG] [ui][Graph][addEdge] 添加边 (1,6)
[2026-06-04 18:58:22] [DEBUG] [ui][Graph][addVertex] 顶点 6 已存在，跳过
[2026-06-04 18:58:22] [DEBUG] [ui][Graph][addVertex] 顶点 7 已存在，跳过
[2026-06-04 18:58:22] [DEBUG] [ui][Graph][addEdge] 添加边 (6,7)
[2026-06-04 18:58:22] [DEBUG] [ui][Graph][addVertex] 顶点 7 已存在，跳过
[2026-06-04 18:58:22] [DEBUG] [ui][Graph][addVertex] 顶点 8 已存在，跳过
[2026-06-04 18:58:22] [DEBUG] [ui][Graph][addEdge] 添加边 (7,8)
[2026-06-04 18:58:22] [DEBUG] [ui][Graph][addVertex] 顶点 8 已存在，跳过
[2026-06-04 18:58:22] [DEBUG] [ui][Graph][addVertex] 顶点 9 已存在，跳过
[2026-06-04 18:58:22] [DEBUG] [ui][Graph][addEdge] 添加边 (8,9)
[2026-06-04 18:58:22] [DEBUG] [ui][Graph][addVertex] 顶点 9 已存在，跳过
[2026-06-04 18:58:22] [DEBUG] [ui][Graph][addVertex] 顶点 10 已存在，跳过
[2026-06-04 18:58:22] [DEBUG] [ui][Graph][addEdge] 添加边 (9,10)
[2026-06-04 18:58:22] [DEBUG] [ui][Graph][addVertex] 顶点 10 已存在，跳过
[2026-06-04 18:58:22] [DEBUG] [ui][Graph][addVertex] 顶点 11 已存在，跳过
[2026-06-04 18:58:22] [DEBUG] [ui][Graph][addEdge] 添加边 (10,11)
[2026-06-04 18:58:22] [DEBUG] [ui][Graph][addVertex] 顶点 11 已存在，跳过
[2026-06-04 18:58:22] [DEBUG] [ui][Graph][addVertex] 顶点 12 已存在，跳过
[2026-06-04 18:58:22] [DEBUG] [ui][Graph][addEdge] 添加边 (11,12)
[2026-06-04 18:58:22] [DEBUG] [ui][Graph][addVertex] 顶点 12 已存在，跳过
[2026-06-04 18:58:22] [DEBUG] [ui][Graph][addVertex] 顶点 13 已存在，跳过
[2026-06-04 18:58:22] [DEBUG] [ui][Graph][addEdge] 添加边 (12,13)
[2026-06-04 18:58:22] [DEBUG] [ui][Graph][addVertex] 顶点 13 已存在，跳过
[2026-06-04 18:58:22] [DEBUG] [ui][Graph][addVertex] 顶点 14 已存在，跳过
[2026-06-04 18:58:22] [DEBUG] [ui][Graph][addEdge] 添加边 (13,14)
[2026-06-04 18:58:22] [DEBUG] [ui][Graph][addVertex] 顶点 1 已存在，跳过
[2026-06-04 18:58:22] [DEBUG] [ui][Graph][addVertex] 顶点 15 已存在，跳过
[2026-06-04 18:58:22] [DEBUG] [ui][Graph][addEdge] 添加边 (1,15)
[2026-06-04 18:58:22] [DEBUG] [ui][Graph][addVertex] 顶点 15 已存在，跳过
[2026-06-04 18:58:22] [DEBUG] [ui][Graph][addVertex] 顶点 16 已存在，跳过
[2026-06-04 18:58:22] [DEBUG] [ui][Graph][addEdge] 添加边 (15,16)
[2026-06-04 18:58:22] [DEBUG] [ui][Graph][addVertex] 顶点 16 已存在，跳过
[2026-06-04 18:58:22] [DEBUG] [ui][Graph][addVertex] 顶点 17 已存在，跳过
[2026-06-04 18:58:22] [DEBUG] [ui][Graph][addEdge] 添加边 (16,17)
[2026-06-04 18:58:22] [DEBUG] [ui][Graph][addVertex] 顶点 17 已存在，跳过
[2026-06-04 18:58:22] [DEBUG] [ui][Graph][addVertex] 顶点 18 已存在，跳过
[2026-06-04 18:58:22] [DEBUG] [ui][Graph][addEdge] 添加边 (17,18)
[2026-06-04 18:58:22] [DEBUG] [ui][Graph][addVertex] 顶点 15 已存在，跳过
[2026-06-04 18:58:22] [DEBUG] [ui][Graph][addVertex] 顶点 19 已存在，跳过
[2026-06-04 18:58:22] [DEBUG] [ui][Graph][addEdge] 添加边 (15,19)
[2026-06-04 18:58:22] [DEBUG] [ui][Graph][addVertex] 顶点 19 已存在，跳过
[2026-06-04 18:58:22] [DEBUG] [ui][Graph][addVertex] 顶点 20 已存在，跳过
[2026-06-04 18:58:22] [DEBUG] [ui][Graph][addEdge] 添加边 (19,20)
[2026-06-04 18:58:22] [DEBUG] [ui][Graph][addVertex] 顶点 20 已存在，跳过
[2026-06-04 18:58:22] [DEBUG] [ui][Graph][addVertex] 顶点 21 已存在，跳过
[2026-06-04 18:58:22] [DEBUG] [ui][Graph][addEdge] 添加边 (20,21)
[2026-06-04 18:58:22] [DEBUG] [ui][Graph][addVertex] 顶点 21 已存在，跳过
[2026-06-04 18:58:22] [DEBUG] [ui][Graph][addVertex] 顶点 22 已存在，跳过
[2026-06-04 18:58:22] [DEBUG] [ui][Graph][addEdge] 添加边 (21,22)
[2026-06-04 18:58:22] [DEBUG] [ui][Graph][addVertex] 顶点 16 已存在，跳过
[2026-06-04 18:58:22] [DEBUG] [ui][Graph][addVertex] 顶点 20 已存在，跳过
[2026-06-04 18:58:22] [DEBUG] [ui][Graph][addEdge] 添加边 (16,20)
[2026-06-04 18:58:22] [DEBUG] [ui][Graph][addVertex] 顶点 17 已存在，跳过
[2026-06-04 18:58:22] [DEBUG] [ui][Graph][addVertex] 顶点 21 已存在，跳过
[2026-06-04 18:58:22] [DEBUG] [ui][Graph][addEdge] 添加边 (17,21)
[2026-06-04 18:58:22] [DEBUG] [ui][Graph][addVertex] 顶点 19 已存在，跳过
[2026-06-04 18:58:22] [DEBUG] [ui][Graph][addVertex] 顶点 23 已存在，跳过
[2026-06-04 18:58:22] [DEBUG] [ui][Graph][addEdge] 添加边 (19,23)
[2026-06-04 18:58:22] [DEBUG] [ui][Graph][addVertex] 顶点 23 已存在，跳过
[2026-06-04 18:58:22] [DEBUG] [ui][Graph][addVertex] 顶点 24 已存在，跳过
[2026-06-04 18:58:22] [DEBUG] [ui][Graph][addEdge] 添加边 (23,24)
[2026-06-04 18:58:22] [DEBUG] [ui][Graph][addVertex] 顶点 24 已存在，跳过
[2026-06-04 18:58:22] [DEBUG] [ui][Graph][addVertex] 顶点 25 已存在，跳过
[2026-06-04 18:58:22] [DEBUG] [ui][Graph][addEdge] 添加边 (24,25)
[2026-06-04 18:58:22] [DEBUG] [ui][Graph][addVertex] 顶点 25 已存在，跳过
[2026-06-04 18:58:22] [DEBUG] [ui][Graph][addVertex] 顶点 26 已存在，跳过
[2026-06-04 18:58:22] [DEBUG] [ui][Graph][addEdge] 添加边 (25,26)
[2026-06-04 18:58:22] [DEBUG] [ui][Graph][addVertex] 顶点 27 已存在，跳过
[2026-06-04 18:58:22] [DEBUG] [ui][Graph][addEdge] 添加边 (26,27)
[2026-06-04 18:58:22] [DEBUG] [ui][Graph][addVertex] 顶点 26 已存在，跳过
[2026-06-04 18:58:22] [DEBUG] [ui][Graph][addVertex] 顶点 27 已存在，跳过
[2026-06-04 18:58:22] [DEBUG] [ui][Graph][addVertex] 顶点 28 已存在，跳过
[2026-06-04 18:58:22] [DEBUG] [ui][Graph][addEdge] 添加边 (27,28)
[2026-06-04 18:58:22] [DEBUG] [ui][Graph][addVertex] 顶点 23 已存在，跳过
[2026-06-04 18:58:22] [DEBUG] [ui][Graph][addVertex] 顶点 29 已存在，跳过
[2026-06-04 18:58:22] [DEBUG] [ui][Graph][addEdge] 添加边 (23,29)
[2026-06-04 18:58:22] [DEBUG] [ui][Graph][addVertex] 顶点 29 已存在，跳过
[2026-06-04 18:58:22] [DEBUG] [ui][Graph][addVertex] 顶点 30 已存在，跳过
[2026-06-04 18:58:22] [DEBUG] [ui][Graph][addEdge] 添加边 (29,30)
[2026-06-04 18:58:22] [DEBUG] [ui][Graph][addVertex] 顶点 30 已存在，跳过
[2026-06-04 18:58:22] [DEBUG] [ui][Graph][addVertex] 顶点 31 已存在，跳过
[2026-06-04 18:58:22] [DEBUG] [ui][Graph][addEdge] 添加边 (30,31)
[2026-06-04 18:58:22] [DEBUG] [ui][Graph][addVertex] 顶点 31 已存在，跳过
[2026-06-04 18:58:22] [DEBUG] [ui][Graph][addVertex] 顶点 32 已存在，跳过
[2026-06-04 18:58:22] [DEBUG] [ui][Graph][addEdge] 添加边 (31,32)
[2026-06-04 18:58:22] [DEBUG] [ui][Graph][addVertex] 顶点 32 已存在，跳过
[2026-06-04 18:58:22] [DEBUG] [ui][Graph][addVertex] 顶点 33 已存在，跳过
[2026-06-04 18:58:22] [DEBUG] [ui][Graph][addEdge] 添加边 (32,33)
[2026-06-04 18:58:22] [DEBUG] [ui][Graph][addVertex] 顶点 33 已存在，跳过
[2026-06-04 18:58:22] [DEBUG] [ui][Graph][addVertex] 顶点 34 已存在，跳过
[2026-06-04 18:58:22] [DEBUG] [ui][Graph][addEdge] 添加边 (33,34)
[2026-06-04 18:58:22] [DEBUG] [ui][Graph][addVertex] 顶点 24 已存在，跳过
[2026-06-04 18:58:22] [DEBUG] [ui][Graph][addVertex] 顶点 30 已存在，跳过
[2026-06-04 18:58:22] [DEBUG] [ui][Graph][addEdge] 添加边 (24,30)
[2026-06-04 18:58:22] [DEBUG] [ui][Graph][addVertex] 顶点 25 已存在，跳过
[2026-06-04 18:58:22] [DEBUG] [ui][Graph][addVertex] 顶点 31 已存在，跳过
[2026-06-04 18:58:22] [DEBUG] [ui][Graph][addEdge] 添加边 (25,31)
[2026-06-04 18:58:22] [DEBUG] [ui][Graph][addVertex] 顶点 26 已存在，跳过
[2026-06-04 18:58:22] [DEBUG] [ui][Graph][addVertex] 顶点 32 已存在，跳过
[2026-06-04 18:58:22] [DEBUG] [ui][Graph][addEdge] 添加边 (26,32)
[2026-06-04 18:58:22] [DEBUG] [ui][Graph][addVertex] 顶点 27 已存在，跳过
[2026-06-04 18:58:22] [DEBUG] [ui][Graph][addVertex] 顶点 33 已存在，跳过
[2026-06-04 18:58:22] [DEBUG] [ui][Graph][addEdge] 添加边 (27,33)
[2026-06-04 18:58:22] [DEBUG] [ui][Graph][addVertex] 顶点 29 已存在，跳过
[2026-06-04 18:58:22] [DEBUG] [ui][Graph][addVertex] 顶点 35 已存在，跳过
[2026-06-04 18:58:22] [DEBUG] [ui][Graph][addEdge] 添加边 (29,35)
[2026-06-04 18:58:22] [DEBUG] [ui][Graph][addVertex] 顶点 35 已存在，跳过
[2026-06-04 18:58:22] [DEBUG] [ui][Graph][addVertex] 顶点 36 已存在，跳过
[2026-06-04 18:58:22] [DEBUG] [ui][Graph][addEdge] 添加边 (35,36)
[2026-06-04 18:58:22] [DEBUG] [ui][Graph][addVertex] 顶点 36 已存在，跳过
[2026-06-04 18:58:22] [DEBUG] [ui][Graph][addVertex] 顶点 37 已存在，跳过
[2026-06-04 18:58:22] [DEBUG] [ui][Graph][addEdge] 添加边 (36,37)
[2026-06-04 18:58:22] [DEBUG] [ui][Graph][addVertex] 顶点 37 已存在，跳过
[2026-06-04 18:58:22] [DEBUG] [ui][Graph][addVertex] 顶点 38 已存在，跳过
[2026-06-04 18:58:22] [DEBUG] [ui][Graph][addEdge] 添加边 (37,38)
[2026-06-04 18:58:22] [DEBUG] [ui][Graph][addVertex] 顶点 38 已存在，跳过
[2026-06-04 18:58:22] [DEBUG] [ui][Graph][addVertex] 顶点 39 已存在，跳过
[2026-06-04 18:58:22] [DEBUG] [ui][Graph][addEdge] 添加边 (38,39)
[2026-06-04 18:58:22] [DEBUG] [ui][Graph][addVertex] 顶点 39 已存在，跳过
[2026-06-04 18:58:22] [DEBUG] [ui][Graph][addVertex] 顶点 40 已存在，跳过
[2026-06-04 18:58:22] [DEBUG] [ui][Graph][addEdge] 添加边 (39,40)
[2026-06-04 18:58:22] [DEBUG] [ui][Graph][addVertex] 顶点 40 已存在，跳过
[2026-06-04 18:58:22] [DEBUG] [ui][Graph][addVertex] 顶点 41 已存在，跳过
[2026-06-04 18:58:22] [DEBUG] [ui][Graph][addEdge] 添加边 (40,41)
[2026-06-04 18:58:22] [DEBUG] [ui][Graph][addVertex] 顶点 41 已存在，跳过
[2026-06-04 18:58:22] [DEBUG] [ui][Graph][addVertex] 顶点 42 已存在，跳过
[2026-06-04 18:58:22] [DEBUG] [ui][Graph][addEdge] 添加边 (41,42)
[2026-06-04 18:58:22] [DEBUG] [ui][Graph][addVertex] 顶点 42 已存在，跳过
[2026-06-04 18:58:22] [DEBUG] [ui][Graph][addVertex] 顶点 43 已存在，跳过
[2026-06-04 18:58:22] [DEBUG] [ui][Graph][addEdge] 添加边 (42,43)
[2026-06-04 18:58:22] [DEBUG] [ui][Graph][addVertex] 顶点 43 已存在，跳过
[2026-06-04 18:58:22] [DEBUG] [ui][Graph][addVertex] 顶点 2 已存在，跳过
[2026-06-04 18:58:22] [DEBUG] [ui][Graph][addEdge] 添加边 (43,2)
[2026-06-04 18:58:22] [DEBUG] [ui][Graph][addVertex] 顶点 2 已存在，跳过
[2026-06-04 18:58:22] [DEBUG] [ui][Graph][addVertex] 顶点 3 已存在，跳过
[2026-06-04 18:58:22] [DEBUG] [ui][Graph][addEdge] 添加边 (2,3)
[2026-06-04 18:58:22] [DEBUG] [ui][Graph][addVertex] 顶点 3 已存在，跳过
[2026-06-04 18:58:22] [DEBUG] [ui][Graph][addVertex] 顶点 4 已存在，跳过
[2026-06-04 18:58:22] [DEBUG] [ui][Graph][addEdge] 添加边 (3,4)
[2026-06-04 18:58:22] [DEBUG] [ui][Graph][addVertex] 顶点 4 已存在，跳过
[2026-06-04 18:58:22] [DEBUG] [ui][Graph][addVertex] 顶点 5 已存在，跳过
[2026-06-04 18:58:22] [DEBUG] [ui][Graph][addEdge] 添加边 (4,5)
[2026-06-04 18:58:22] [DEBUG] [ui][Graph][addVertex] 顶点 5 已存在，跳过
[2026-06-04 18:58:22] [DEBUG] [ui][Graph][addVertex] 顶点 44 已存在，跳过
[2026-06-04 18:58:22] [DEBUG] [ui][Graph][addEdge] 添加边 (5,44)
[2026-06-04 18:58:22] [INFO] [ui][SetLevelGraphBuilder][buildMultilist]邻接多重表构建完成
[2026-06-04 18:58:22] [INFO] [ui][SetLevelGraphBuilder][buildGraph] 阶段(1): 重建邻接多重表完成
[2026-06-04 18:58:22] [INFO] [ui][SetLevelGraphBuilder][layoutAndDraw]起始节点ID: 1, 坐标: (20, 120)
[2026-06-04 18:58:22] [INFO] [ui][SetLevelGraphBuilder][processStraightLine]直线: 1 -> 6, 长度: 840, 起点(20,120), 终点(860,120)
[2026-06-04 18:58:22] [INFO] [ui][SetLevelGraphBuilder][createFrameDevice]成功为节点ID=6设置Set信息: uiId=6, setId=12001~12004, 压力范围=0.00~0.00Mpa, 流量平均值=0.00L/Min, 湿度范围=0.00~0.00%
[2026-06-04 18:58:22] [INFO] [ui][SetLevelGraphBuilder][createFrameDevice]创建FrameDevice: ID=6, 轨道坐标=(860, 120), 实际坐标=(800, 14), 位置=ABOVE
[2026-06-04 18:58:22] [INFO] [ui][SetLevelGraphBuilder][processNode]创建SET节点: ID=6
[2026-06-04 18:58:22] [INFO] [ui][SetLevelGraphBuilder][processStraightLine]直线: 6 -> 7, 长度: 140, 起点(860,120), 终点(1000,120)
[2026-06-04 18:58:22] [INFO] [ui][SetLevelGraphBuilder][createFrameDevice]成功为节点ID=7设置Set信息: uiId=7, setId=12005~12008, 压力范围=0.00~0.00Mpa, 流量平均值=0.00L/Min, 湿度范围=0.00~0.00%
[2026-06-04 18:58:22] [INFO] [ui][SetLevelGraphBuilder][createFrameDevice]创建FrameDevice: ID=7, 轨道坐标=(1000, 120), 实际坐标=(940, 14), 位置=ABOVE
[2026-06-04 18:58:22] [INFO] [ui][SetLevelGraphBuilder][processNode]创建SET节点: ID=7
[2026-06-04 18:58:22] [INFO] [ui][SetLevelGraphBuilder][processStraightLine]直线: 7 -> 8, 长度: 420, 起点(1000,120), 终点(1420,120)
[2026-06-04 18:58:22] [INFO] [ui][SetLevelGraphBuilder][createFrameDevice]成功为节点ID=8设置Set信息: uiId=8, setId=12009~12012, 压力范围=0.00~0.00Mpa, 流量平均值=0.00L/Min, 湿度范围=0.00~0.00%
[2026-06-04 18:58:22] [INFO] [ui][SetLevelGraphBuilder][createFrameDevice]创建FrameDevice: ID=8, 轨道坐标=(1420, 120), 实际坐标=(1360, 14), 位置=ABOVE
[2026-06-04 18:58:22] [INFO] [ui][SetLevelGraphBuilder][processNode]创建SET节点: ID=8
[2026-06-04 18:58:22] [INFO] [ui][SetLevelGraphBuilder][processStraightLine]直线: 8 -> 9, 长度: 140, 起点(1420,120), 终点(1560,120)
[2026-06-04 18:58:22] [INFO] [ui][SetLevelGraphBuilder][createFrameDevice]成功为节点ID=9设置Set信息: uiId=9, setId=12013~12016, 压力范围=0.00~0.00Mpa, 流量平均值=0.00L/Min, 湿度范围=0.00~0.00%
[2026-06-04 18:58:22] [INFO] [ui][SetLevelGraphBuilder][createFrameDevice]创建FrameDevice: ID=9, 轨道坐标=(1560, 120), 实际坐标=(1500, 14), 位置=ABOVE
[2026-06-04 18:58:22] [INFO] [ui][SetLevelGraphBuilder][processNode]创建SET节点: ID=9
[2026-06-04 18:58:22] [INFO] [ui][SetLevelGraphBuilder][processStraightLine]直线: 9 -> 10, 长度: 140, 起点(1560,120), 终点(1700,120)
[2026-06-04 18:58:22] [INFO] [ui][SetLevelGraphBuilder][createFrameDevice]成功为节点ID=10设置Set信息: uiId=10, setId=12017~12020, 压力范围=0.00~0.00Mpa, 流量平均值=0.00L/Min, 湿度范围=0.00~0.00%
[2026-06-04 18:58:22] [INFO] [ui][SetLevelGraphBuilder][createFrameDevice]创建FrameDevice: ID=10, 轨道坐标=(1700, 120), 实际坐标=(1640, 14), 位置=ABOVE
[2026-06-04 18:58:22] [INFO] [ui][SetLevelGraphBuilder][processNode]创建SET节点: ID=10
[2026-06-04 18:58:22] [INFO] [ui][SetLevelGraphBuilder][processStraightLine]直线: 10 -> 11, 长度: 140, 起点(1700,120), 终点(1840,120)
[2026-06-04 18:58:22] [INFO] [ui][SetLevelGraphBuilder][createFrameDevice]成功为节点ID=11设置Set信息: uiId=11, setId=12021~12024, 压力范围=0.00~0.00Mpa, 流量平均值=0.00L/Min, 湿度范围=0.00~0.00%
[2026-06-04 18:58:22] [INFO] [ui][SetLevelGraphBuilder][createFrameDevice]创建FrameDevice: ID=11, 轨道坐标=(1840, 120), 实际坐标=(1780, 14), 位置=ABOVE
[2026-06-04 18:58:22] [INFO] [ui][SetLevelGraphBuilder][processNode]创建SET节点: ID=11
[2026-06-04 18:58:22] [INFO] [ui][SetLevelGraphBuilder][processStraightLine]直线: 11 -> 12, 长度: 140, 起点(1840,120), 终点(1980,120)
[2026-06-04 18:58:22] [INFO] [ui][SetLevelGraphBuilder][createFrameDevice]成功为节点ID=12设置Set信息: uiId=12, setId=12025~12028, 压力范围=0.00~0.00Mpa, 流量平均值=0.00L/Min, 湿度范围=0.00~0.00%
[2026-06-04 18:58:22] [INFO] [ui][SetLevelGraphBuilder][createFrameDevice]创建FrameDevice: ID=12, 轨道坐标=(1980, 120), 实际坐标=(1920, 14), 位置=ABOVE
[2026-06-04 18:58:22] [INFO] [ui][SetLevelGraphBuilder][processNode]创建SET节点: ID=12
[2026-06-04 18:58:22] [INFO] [ui][SetLevelGraphBuilder][processStraightLine]直线: 12 -> 13, 长度: 140, 起点(1980,120), 终点(2120,120)
[2026-06-04 18:58:22] [INFO] [ui][SetLevelGraphBuilder][createFrameDevice]成功为节点ID=13设置Set信息: uiId=13, setId=12029~12032, 压力范围=0.00~0.00Mpa, 流量平均值=0.00L/Min, 湿度范围=0.00~0.00%
[2026-06-04 18:58:22] [INFO] [ui][SetLevelGraphBuilder][createFrameDevice]创建FrameDevice: ID=13, 轨道坐标=(2120, 120), 实际坐标=(2060, 14), 位置=ABOVE
[2026-06-04 18:58:22] [INFO] [ui][SetLevelGraphBuilder][processNode]创建SET节点: ID=13
[2026-06-04 18:58:22] [INFO] [ui][SetLevelGraphBuilder][processStraightLine]直线: 13 -> 14, 长度: 70 + 偏移: 118 = 188, 起点(2120,120), 终点(2308,120)
[2026-06-04 18:58:22] [INFO] [ui][SetLevelGraphBuilder][processVirtualLine]虚线: 1 -> 15, 类型: VERTICAL_VIRTUAL_LINE, 起点(20,120), 终点(20,126)
[2026-06-04 18:58:22] [INFO] [ui][SetLevelGraphBuilder][processStraightLine]直线: 15 -> 16, 长度: 560, 起点(20,126), 终点(580,126)
[2026-06-04 18:58:22] [INFO] [ui][SetLevelGraphBuilder][processVirtualLine]虚线: 16 -> 17, 类型: HORIZONTAL_VIRTUAL_LINE, 起点(580,126), 终点(586,126)
[2026-06-04 18:58:22] [INFO] [ui][SetLevelGraphBuilder][processStraightLine]直线: 17 -> 18, 长度: 1722, 起点(586,126), 终点(2308,126)
[2026-06-04 18:58:22] [INFO] [ui][SetLevelGraphBuilder][processVirtualLine]虚线: 15 -> 19, 类型: VERTICAL_VIRTUAL_LINE, 起点(20,126), 终点(20,266)
[2026-06-04 18:58:22] [INFO] [ui][SetLevelGraphBuilder][processStraightLine]直线: 19 -> 20, 长度: 700, 起点(20,266), 终点(720,266)
[2026-06-04 18:58:22] [INFO] [ui][SetLevelGraphBuilder][processVirtualLine]虚线: 20 -> 21, 类型: HORIZONTAL_VIRTUAL_LINE, 起点(720,266), 终点(726,266)
[2026-06-04 18:58:22] [INFO] [ui][SetLevelGraphBuilder][processStraightLine]直线: 21 -> 22, 长度: 1582 + 偏移: 10 = 1592, 起点(726,266), 终点(2318,266)
[2026-06-04 18:58:22] [INFO] [ui][SetLevelGraphBuilder][processSCurve]S曲线: 16 -> 20, 目标节点已有坐标，使用已有坐标
[2026-06-04 18:58:22] [INFO] [ui][SetLevelGraphBuilder][processSCurve]绘制曲线 16 -> 20, 类型: REVERSE_S_CURVE, 起点(580,126), 终点(720,266), 控制点1(650,126), 控制点2(650,266)
[2026-06-04 18:58:22] [INFO] [ui][SetLevelGraphBuilder][processSCurve]S曲线: 17 -> 21, 目标节点已有坐标，使用已有坐标
[2026-06-04 18:58:22] [INFO] [ui][SetLevelGraphBuilder][processSCurve]绘制曲线 17 -> 21, 类型: REVERSE_S_CURVE, 起点(586,126), 终点(726,266), 控制点1(656,126), 控制点2(656,266)
[2026-06-04 18:58:22] [INFO] [ui][SetLevelGraphBuilder][processVirtualLine]虚线: 19 -> 23, 类型: VERTICAL_VIRTUAL_LINE, 起点(20,266), 终点(20,272)
[2026-06-04 18:58:22] [INFO] [ui][SetLevelGraphBuilder][processStraightLine]直线: 23 -> 24, 长度: 1190, 起点(20,272), 终点(1210,272)
[2026-06-04 18:58:22] [INFO] [ui][SetLevelGraphBuilder][processVirtualLine]虚线: 24 -> 25, 类型: HORIZONTAL_VIRTUAL_LINE, 起点(1210,272), 终点(1216,272)
[2026-06-04 18:58:22] [INFO] [ui][SetLevelGraphBuilder][processStraightLine]直线: 25 -> 26, 长度: 140, 起点(1216,272), 终点(1356,272)
[2026-06-04 18:58:22] [INFO] [ui][SetLevelGraphBuilder][processVirtualLine]虚线: 26 -> 27, 类型: HORIZONTAL_VIRTUAL_LINE, 起点(1356,272), 终点(1362,272)
[2026-06-04 18:58:22] [INFO] [ui][SetLevelGraphBuilder][processStraightLine]直线: 27 -> 28, 长度: 980 + 偏移: -24 = 956, 起点(1362,272), 终点(2318,272)
[2026-06-04 18:58:22] [INFO] [ui][SetLevelGraphBuilder][processVirtualLine]虚线: 23 -> 29, 类型: VERTICAL_VIRTUAL_LINE, 起点(20,272), 终点(20,482)
[2026-06-04 18:58:22] [INFO] [ui][SetLevelGraphBuilder][processStraightLine]直线: 29 -> 30, 长度: 1190, 起点(20,482), 终点(1210,482)
[2026-06-04 18:58:22] [INFO] [ui][SetLevelGraphBuilder][processVirtualLine]虚线: 30 -> 31, 类型: HORIZONTAL_VIRTUAL_LINE, 起点(1210,482), 终点(1216,482)
[2026-06-04 18:58:22] [INFO] [ui][SetLevelGraphBuilder][processStraightLine]直线: 31 -> 32, 长度: 140, 起点(1216,482), 终点(1356,482)
[2026-06-04 18:58:22] [INFO] [ui][SetLevelGraphBuilder][processVirtualLine]虚线: 32 -> 33, 类型: HORIZONTAL_VIRTUAL_LINE, 起点(1356,482), 终点(1362,482)
[2026-06-04 18:58:22] [INFO] [ui][SetLevelGraphBuilder][processStraightLine]直线: 33 -> 34, 长度: 770 + 偏移: 190 = 960, 起点(1362,482), 终点(2322,482)
[2026-06-04 18:58:22] [INFO] [ui][SetLevelGraphBuilder][processSemicircleArc]绘制半圆弧 24 -> 30, 类型: RIGHT_SEMICIRCLE_ARC, 起点(1210,272), 终点(1210,482)
[2026-06-04 18:58:22] [INFO] [ui][SetLevelGraphBuilder][processSemicircleArc]半圆弧: 24 -> 30, 类型: RIGHT_SEMICIRCLE_ARC
[2026-06-04 18:58:22] [INFO] [ui][SetLevelGraphBuilder][processSemicircleArc]绘制半圆弧 25 -> 31, 类型: RIGHT_SEMICIRCLE_ARC, 起点(1216,272), 终点(1216,482)
[2026-06-04 18:58:22] [INFO] [ui][SetLevelGraphBuilder][processSemicircleArc]半圆弧: 25 -> 31, 类型: RIGHT_SEMICIRCLE_ARC
[2026-06-04 18:58:22] [INFO] [ui][SetLevelGraphBuilder][processSemicircleArc]绘制半圆弧 26 -> 32, 类型: LEFT_SEMICIRCLE_ARC, 起点(1356,272), 终点(1356,482)
[2026-06-04 18:58:22] [INFO] [ui][SetLevelGraphBuilder][processSemicircleArc]半圆弧: 26 -> 32, 类型: LEFT_SEMICIRCLE_ARC
[2026-06-04 18:58:22] [INFO] [ui][SetLevelGraphBuilder][processSemicircleArc]绘制半圆弧 27 -> 33, 类型: LEFT_SEMICIRCLE_ARC, 起点(1362,272), 终点(1362,482)
[2026-06-04 18:58:22] [INFO] [ui][SetLevelGraphBuilder][processSemicircleArc]半圆弧: 27 -> 33, 类型: LEFT_SEMICIRCLE_ARC
[2026-06-04 18:58:22] [INFO] [ui][SetLevelGraphBuilder][processStraightLine]直线: 35 -> 36, 长度: 70, 起点(20,488), 终点(90,488)
[2026-06-04 18:58:22] [INFO] [ui][SetLevelGraphBuilder][processVirtualLine]虚线: 29 -> 35, 类型: VERTICAL_VIRTUAL_LINE, 起点(20,482), 终点(20,488)
[2026-06-04 18:58:22] [INFO] [ui][SetLevelGraphBuilder][createFrameDevice]成功为节点ID=36设置Set信息: uiId=36, setId=12033~12036, 压力范围=0.00~0.00Mpa, 流量平均值=0.00L/Min, 湿度范围=0.00~0.00%
[2026-06-04 18:58:22] [INFO] [ui][SetLevelGraphBuilder][createFrameDevice]创建FrameDevice: ID=36, 轨道坐标=(90, 488), 实际坐标=(30, 496), 位置=BELOW
[2026-06-04 18:58:22] [INFO] [ui][SetLevelGraphBuilder][processNode]创建SET节点: ID=36
[2026-06-04 18:58:22] [INFO] [ui][SetLevelGraphBuilder][processStraightLine]直线: 36 -> 37, 长度: 140, 起点(90,488), 终点(230,488)
[2026-06-04 18:58:22] [INFO] [ui][SetLevelGraphBuilder][createFrameDevice]成功为节点ID=37设置Set信息: uiId=37, setId=12037~12040, 压力范围=0.00~0.00Mpa, 流量平均值=0.00L/Min, 湿度范围=0.00~0.00%
[2026-06-04 18:58:22] [INFO] [ui][SetLevelGraphBuilder][createFrameDevice]创建FrameDevice: ID=37, 轨道坐标=(230, 488), 实际坐标=(170, 496), 位置=BELOW
[2026-06-04 18:58:22] [INFO] [ui][SetLevelGraphBuilder][processNode]创建SET节点: ID=37
[2026-06-04 18:58:22] [INFO] [ui][SetLevelGraphBuilder][processStraightLine]直线: 37 -> 38, 长度: 140, 起点(230,488), 终点(370,488)
[2026-06-04 18:58:22] [INFO] [ui][SetLevelGraphBuilder][createFrameDevice]成功为节点ID=38设置Set信息: uiId=38, setId=12041~12044, 压力范围=0.00~0.00Mpa, 流量平均值=0.00L/Min, 湿度范围=0.00~0.00%
[2026-06-04 18:58:22] [INFO] [ui][SetLevelGraphBuilder][createFrameDevice]创建FrameDevice: ID=38, 轨道坐标=(370, 488), 实际坐标=(310, 496), 位置=BELOW
[2026-06-04 18:58:22] [INFO] [ui][SetLevelGraphBuilder][processNode]创建SET节点: ID=38
[2026-06-04 18:58:22] [INFO] [ui][SetLevelGraphBuilder][processStraightLine]直线: 38 -> 39, 长度: 140, 起点(370,488), 终点(510,488)
[2026-06-04 18:58:22] [INFO] [ui][SetLevelGraphBuilder][createFrameDevice]成功为节点ID=39设置Set信息: uiId=39, setId=12045~12048, 压力范围=0.00~0.00Mpa, 流量平均值=0.00L/Min, 湿度范围=0.00~0.00%
[2026-06-04 18:58:22] [INFO] [ui][SetLevelGraphBuilder][createFrameDevice]创建FrameDevice: ID=39, 轨道坐标=(510, 488), 实际坐标=(450, 496), 位置=BELOW
[2026-06-04 18:58:22] [INFO] [ui][SetLevelGraphBuilder][processNode]创建SET节点: ID=39
[2026-06-04 18:58:22] [INFO] [ui][SetLevelGraphBuilder][processStraightLine]直线: 39 -> 40, 长度: 140, 起点(510,488), 终点(650,488)
[2026-06-04 18:58:22] [INFO] [ui][SetLevelGraphBuilder][createFrameDevice]成功为节点ID=40设置Set信息: uiId=40, setId=12049~12052, 压力范围=0.00~0.00Mpa, 流量平均值=0.00L/Min, 湿度范围=0.00~0.00%
[2026-06-04 18:58:22] [INFO] [ui][SetLevelGraphBuilder][createFrameDevice]创建FrameDevice: ID=40, 轨道坐标=(650, 488), 实际坐标=(590, 496), 位置=BELOW
[2026-06-04 18:58:22] [INFO] [ui][SetLevelGraphBuilder][processNode]创建SET节点: ID=40
[2026-06-04 18:58:22] [INFO] [ui][SetLevelGraphBuilder][processStraightLine]直线: 40 -> 41, 长度: 140, 起点(650,488), 终点(790,488)
[2026-06-04 18:58:22] [INFO] [ui][SetLevelGraphBuilder][createFrameDevice]成功为节点ID=41设置Set信息: uiId=41, setId=12053~12056, 压力范围=0.00~0.00Mpa, 流量平均值=0.00L/Min, 湿度范围=0.00~0.00%
[2026-06-04 18:58:22] [INFO] [ui][SetLevelGraphBuilder][createFrameDevice]创建FrameDevice: ID=41, 轨道坐标=(790, 488), 实际坐标=(730, 496), 位置=BELOW
[2026-06-04 18:58:22] [INFO] [ui][SetLevelGraphBuilder][processNode]创建SET节点: ID=41
[2026-06-04 18:58:22] [INFO] [ui][SetLevelGraphBuilder][processStraightLine]直线: 41 -> 42, 长度: 140, 起点(790,488), 终点(930,488)
[2026-06-04 18:58:22] [INFO] [ui][SetLevelGraphBuilder][createFrameDevice]成功为节点ID=42设置Set信息: uiId=42, setId=12057~12060, 压力范围=0.00~0.00Mpa, 流量平均值=0.00L/Min, 湿度范围=0.00~0.00%
[2026-06-04 18:58:22] [INFO] [ui][SetLevelGraphBuilder][createFrameDevice]创建FrameDevice: ID=42, 轨道坐标=(930, 488), 实际坐标=(870, 496), 位置=BELOW
[2026-06-04 18:58:22] [INFO] [ui][SetLevelGraphBuilder][processNode]创建SET节点: ID=42
[2026-06-04 18:58:22] [INFO] [ui][SetLevelGraphBuilder][processStraightLine]直线: 42 -> 43, 长度: 140, 起点(930,488), 终点(1070,488)
[2026-06-04 18:58:22] [INFO] [ui][SetLevelGraphBuilder][createFrameDevice]成功为节点ID=43设置Set信息: uiId=43, setId=12061~12064, 压力范围=0.00~0.00Mpa, 流量平均值=0.00L/Min, 湿度范围=0.00~0.00%
[2026-06-04 18:58:22] [INFO] [ui][SetLevelGraphBuilder][createFrameDevice]创建FrameDevice: ID=43, 轨道坐标=(1070, 488), 实际坐标=(1010, 496), 位置=BELOW
[2026-06-04 18:58:22] [INFO] [ui][SetLevelGraphBuilder][processNode]创建SET节点: ID=43
[2026-06-04 18:58:22] [INFO] [ui][SetLevelGraphBuilder][processStraightLine]直线: 43 -> 2, 长度: 322 + 偏移: 22 = 344, 起点(1070,488), 终点(1414,488)
[2026-06-04 18:58:22] [INFO] [ui][SetLevelGraphBuilder][createFrameDevice]成功为节点ID=2设置Set信息: uiId=2, setId=12065~12068, 压力范围=0.00~0.00Mpa, 流量平均值=0.00L/Min, 湿度范围=0.00~0.00%
[2026-06-04 18:58:22] [INFO] [ui][SetLevelGraphBuilder][createFrameDevice]创建FrameDevice: ID=2, 轨道坐标=(1414, 488), 实际坐标=(1354, 496), 位置=BELOW
[2026-06-04 18:58:22] [INFO] [ui][SetLevelGraphBuilder][processNode]创建SET节点: ID=2
[2026-06-04 18:58:22] [INFO] [ui][SetLevelGraphBuilder][processStraightLine]直线: 2 -> 3, 长度: 140, 起点(1414,488), 终点(1554,488)
[2026-06-04 18:58:22] [INFO] [ui][SetLevelGraphBuilder][createFrameDevice]成功为节点ID=3设置Set信息: uiId=3, setId=12069~12072, 压力范围=0.00~0.00Mpa, 流量平均值=0.00L/Min, 湿度范围=0.00~0.00%
[2026-06-04 18:58:22] [INFO] [ui][SetLevelGraphBuilder][createFrameDevice]创建FrameDevice: ID=3, 轨道坐标=(1554, 488), 实际坐标=(1494, 496), 位置=BELOW
[2026-06-04 18:58:22] [INFO] [ui][SetLevelGraphBuilder][processNode]创建SET节点: ID=3
[2026-06-04 18:58:22] [INFO] [ui][SetLevelGraphBuilder][processStraightLine]直线: 3 -> 4, 长度: 140, 起点(1554,488), 终点(1694,488)
[2026-06-04 18:58:22] [INFO] [ui][SetLevelGraphBuilder][createFrameDevice]成功为节点ID=4设置Set信息: uiId=4, setId=12073~12076, 压力范围=0.00~0.00Mpa, 流量平均值=0.00L/Min, 湿度范围=0.00~0.00%
[2026-06-04 18:58:22] [INFO] [ui][SetLevelGraphBuilder][createFrameDevice]创建FrameDevice: ID=4, 轨道坐标=(1694, 488), 实际坐标=(1634, 496), 位置=BELOW
[2026-06-04 18:58:22] [INFO] [ui][SetLevelGraphBuilder][processNode]创建SET节点: ID=4
[2026-06-04 18:58:22] [INFO] [ui][SetLevelGraphBuilder][processStraightLine]直线: 4 -> 5, 长度: 140, 起点(1694,488), 终点(1834,488)
[2026-06-04 18:58:22] [INFO] [ui][SetLevelGraphBuilder][createFrameDevice]成功为节点ID=5设置Set信息: uiId=5, setId=12077~12080, 压力范围=0.00~0.00Mpa, 流量平均值=0.00L/Min, 湿度范围=0.00~0.00%
[2026-06-04 18:58:22] [INFO] [ui][SetLevelGraphBuilder][createFrameDevice]创建FrameDevice: ID=5, 轨道坐标=(1834, 488), 实际坐标=(1774, 496), 位置=BELOW
[2026-06-04 18:58:22] [INFO] [ui][SetLevelGraphBuilder][processNode]创建SET节点: ID=5
[2026-06-04 18:58:22] [INFO] [ui][SetLevelGraphBuilder][processStraightLine]直线: 5 -> 44, 长度: 350 + 偏移: 140 = 490, 起点(1834,488), 终点(2324,488)
[2026-06-04 18:58:22] [INFO] [ui][SetLevelGraphBuilder][layoutAndDraw]布局和绘制完成
[2026-06-04 18:58:22] [INFO] [ui][SetLevelGraphBuilder][buildGraph] 阶段(2): 绘制图像界面完成
[2026-06-04 18:58:22] [INFO] [ui][SetLevelGraphBuilder][buildGraph] 阶段(3): 布局图重构完毕
[2026-06-04 18:58:22] [INFO] [ui][SetLevelGraphBuilder][buildGraph] 图构建完成
[2026-06-04 18:58:22] [INFO] ====================Set视图天车轨道布局图重构  结束====================
[2026-06-04 18:58:22] [INFO] [CraneMapWidget::refreshDeviceData]Updated 20 devices
[2026-06-04 18:58:22] [INFO] [CraneMapWidget::refreshDeviceData]Updated 20 devices
[2026-06-04 18:58:23] [WARN] [data][ModbusTcpMaster][ModbusConnecter][onAsyncReconnectTimeout]：设备ID=12005 自动重连超时，连续失败次数=1
[2026-06-04 18:58:23] [WARN] [data][ModbusTcpMaster][ModbusConnecter][onAsyncReconnectTimeout]：设备ID=12011 自动重连超时，连续失败次数=1
[2026-06-04 18:58:23] [WARN] [data][ModbusTcpMaster][ModbusConnecter][onConnectionError]：设备ID=12011 连接阶段错误: Connection timeout (non-blocking)
[2026-06-04 18:58:23] [WARN] [scheduler][NetworkStatusTask][Device][onStatusChanged]：设备ID=12005 连接中->错误，IP端口=127.0.0.1:504
[2026-06-04 18:58:23] [WARN] [data][ModbusTcpMaster][ModbusConnecter][onAsyncReconnectTimeout]：设备ID=12009 自动重连超时，连续失败次数=1
[2026-06-04 18:58:23] [WARN] [data][ModbusTcpMaster][ModbusConnecter][onConnectionError]：设备ID=12005 连接阶段错误: Connection timeout (non-blocking)
[2026-06-04 18:58:23] [WARN] [data][ModbusTcpMaster][ModbusConnecter][onAsyncReconnectTimeout]：设备ID=12004 自动重连超时，连续失败次数=1
[2026-06-04 18:58:23] [WARN] [data][ModbusTcpMaster][ModbusConnecter][onAsyncReconnectTimeout]：设备ID=12003 自动重连超时，连续失败次数=1
[2026-06-04 18:58:23] [WARN] [data][ModbusTcpMaster][ModbusConnecter][onAsyncReconnectTimeout]：设备ID=12008 自动重连超时，连续失败次数=1
[2026-06-04 18:58:23] [WARN] [data][ModbusTcpMaster][ModbusConnecter][onAsyncReconnectTimeout]：设备ID=12006 自动重连超时，连续失败次数=1
[2026-06-04 18:58:23] [WARN] [submitAlarm] 提交警报
警报ID: 2120052001
告警类型: 2001(Device Offline)
警报级别: 2(错误/Error)
设备标识: 12005
描述: [qrcode: 12005] Device Offline
[2026-06-04 18:58:23] [WARN] [data][ModbusTcpMaster][ModbusConnecter][onAsyncReconnectTimeout]：设备ID=12010 自动重连超时，连续失败次数=1
[2026-06-04 18:58:23] [WARN] [data][ModbusTcpMaster][ModbusConnecter][onConnectionError]：设备ID=12010 连接阶段错误: Connection timeout (non-blocking)
[2026-06-04 18:58:23] [WARN] [data][ModbusTcpMaster][ModbusConnecter][onAsyncReconnectTimeout]：设备ID=12001 自动重连超时，连续失败次数=1
[2026-06-04 18:58:23] [WARN] [data][ModbusTcpMaster][ModbusConnecter][onConnectionError]：设备ID=12004 连接阶段错误: Connection timeout (non-blocking)
[2026-06-04 18:58:23] [INFO] [data][ModbusTcpMaster][enterState]：设备ID=12011 状态切换: 连接中 -> 错误状态
[2026-06-04 18:58:23] [INFO] [data][ModbusTcpMaster][ModbusConnecter][startAutoReconnect]：设备ID=12011 开始自动重连，间隔=3000ms
[2026-06-04 18:58:23] [WARN] [data][ModbusTcpMaster][ModbusConnecter][onConnectionError]：设备ID=12001 连接阶段错误: Connection timeout (non-blocking)
[2026-06-04 18:58:23] [WARN] [data][ModbusTcpMaster][ModbusConnecter][onConnectionError]：设备ID=12003 连接阶段错误: Connection timeout (non-blocking)
[2026-06-04 18:58:23] [WARN] [data][ModbusTcpMaster][ModbusConnecter][onAsyncReconnectTimeout]：设备ID=12012 自动重连超时，连续失败次数=1
[2026-06-04 18:58:23] [WARN] [data][ModbusTcpMaster][ModbusConnecter][onConnectionError]：设备ID=12012 连接阶段错误: Connection timeout (non-blocking)
[2026-06-04 18:58:23] [WARN] [data][ModbusTcpMaster][ModbusConnecter][onAsyncReconnectTimeout]：设备ID=12002 自动重连超时，连续失败次数=1
[2026-06-04 18:58:23] [WARN] [data][ModbusTcpMaster][ModbusConnecter][onAsyncReconnectTimeout]：设备ID=12007 自动重连超时，连续失败次数=1
[2026-06-04 18:58:23] [WARN] [data][ModbusTcpMaster][ModbusConnecter][onConnectionError]：设备ID=12009 连接阶段错误: Connection timeout (non-blocking)
[2026-06-04 18:58:23] [INFO] [data][ModbusTcpMaster][enterState]：设备ID=12010 状态切换: 连接中 -> 错误状态
[2026-06-04 18:58:23] [INFO] [data][ModbusTcpMaster][ModbusConnecter][startAutoReconnect]：设备ID=12010 开始自动重连，间隔=3000ms
[2026-06-04 18:58:23] [INFO] [data][ModbusTcpMaster][enterState]：设备ID=12005 状态切换: 连接中 -> 错误状态
[2026-06-04 18:58:23] [INFO] [data][ModbusTcpMaster][ModbusConnecter][startAutoReconnect]：设备ID=12005 开始自动重连，间隔=3000ms
[2026-06-04 18:58:23] [WARN] [data][ModbusTcpMaster][ModbusConnecter][onConnectionError]：设备ID=12007 连接阶段错误: Connection timeout (non-blocking)
[2026-06-04 18:58:23] [INFO] [data][ModbusTcpMaster][enterState]：设备ID=12004 状态切换: 连接中 -> 错误状态
[2026-06-04 18:58:23] [INFO] [data][ModbusTcpMaster][ModbusConnecter][startAutoReconnect]：设备ID=12004 开始自动重连，间隔=3000ms
[2026-06-04 18:58:23] [WARN] [data][ModbusTcpMaster][ModbusConnecter][onConnectionError]：设备ID=12008 连接阶段错误: Connection timeout (non-blocking)
[2026-06-04 18:58:23] [INFO] [data][ModbusTcpMaster][enterState]：设备ID=12009 状态切换: 连接中 -> 错误状态
[2026-06-04 18:58:23] [INFO] [data][ModbusTcpMaster][ModbusConnecter][startAutoReconnect]：设备ID=12009 开始自动重连，间隔=3000ms
[2026-06-04 18:58:23] [INFO] [data][ModbusTcpMaster][enterState]：设备ID=12001 状态切换: 连接中 -> 错误状态
[2026-06-04 18:58:23] [INFO] [data][ModbusTcpMaster][ModbusConnecter][startAutoReconnect]：设备ID=12001 开始自动重连，间隔=3000ms
[2026-06-04 18:58:23] [INFO] [data][ModbusTcpMaster][enterState]：设备ID=12003 状态切换: 连接中 -> 错误状态
[2026-06-04 18:58:23] [INFO] [data][ModbusTcpMaster][enterState]：设备ID=12007 状态切换: 连接中 -> 错误状态
[2026-06-04 18:58:23] [INFO] [data][ModbusTcpMaster][ModbusConnecter][startAutoReconnect]：设备ID=12003 开始自动重连，间隔=3000ms
[2026-06-04 18:58:23] [INFO] [data][ModbusTcpMaster][ModbusConnecter][startAutoReconnect]：设备ID=12007 开始自动重连，间隔=3000ms
[2026-06-04 18:58:23] [INFO] [data][ModbusTcpMaster][enterState]：设备ID=12012 状态切换: 连接中 -> 错误状态
[2026-06-04 18:58:23] [INFO] [data][ModbusTcpMaster][ModbusConnecter][startAutoReconnect]：设备ID=12012 开始自动重连，间隔=3000ms
[2026-06-04 18:58:23] [INFO] [data][ModbusTcpMaster][enterState]：设备ID=12008 状态切换: 连接中 -> 错误状态
[2026-06-04 18:58:23] [WARN] [data][ModbusTcpMaster][ModbusConnecter][onConnectionError]：设备ID=12002 连接阶段错误: Connection timeout (non-blocking)
[2026-06-04 18:58:23] [INFO] [data][ModbusTcpMaster][ModbusConnecter][startAutoReconnect]：设备ID=12008 开始自动重连，间隔=3000ms
[2026-06-04 18:58:23] [WARN] [data][ModbusTcpMaster][ModbusConnecter][onConnectionError]：设备ID=12006 连接阶段错误: Connection timeout (non-blocking)
[2026-06-04 18:58:23] [INFO] [data][ModbusTcpMaster][enterState]：设备ID=12002 状态切换: 连接中 -> 错误状态
[2026-06-04 18:58:23] [INFO] [data][ModbusTcpMaster][ModbusConnecter][startAutoReconnect]：设备ID=12002 开始自动重连，间隔=3000ms
[2026-06-04 18:58:23] [ERROR] [persistInsert] 警报日志数据库不可用，丢弃警报
警报ID: 2120052001
设备标识: 12005
告警类型: 2001(Device Offline)
[2026-06-04 18:58:23] [INFO] [data][ModbusTcpMaster][enterState]：设备ID=12006 状态切换: 连接中 -> 错误状态
[2026-06-04 18:58:23] [INFO] [data][ModbusTcpMaster][ModbusConnecter][startAutoReconnect]：设备ID=12006 开始自动重连，间隔=3000ms
[2026-06-04 18:58:23] [WARN] [scheduler][NetworkStatusTask][Device][onStatusChanged]：设备ID=12012 连接中->错误，IP端口=127.0.0.1:511
[2026-06-04 18:58:23] [WARN] [submitAlarm] 提交警报
警报ID: 2120122001
告警类型: 2001(Device Offline)
警报级别: 2(错误/Error)
设备标识: 12012
描述: [qrcode: 12012] Device Offline
[2026-06-04 18:58:23] [ERROR] [persistInsert] 警报日志数据库不可用，丢弃警报
警报ID: 2120122001
设备标识: 12012
告警类型: 2001(Device Offline)
[2026-06-04 18:58:23] [WARN] [scheduler][NetworkStatusTask][Device][onStatusChanged]：设备ID=12002 连接中->错误，IP端口=127.0.0.1:501
[2026-06-04 18:58:23] [WARN] [submitAlarm] 提交警报
警报ID: 2120022001
告警类型: 2001(Device Offline)
警报级别: 2(错误/Error)
设备标识: 12002
描述: [qrcode: 12002] Device Offline
[2026-06-04 18:58:23] [ERROR] [persistInsert] 警报日志数据库不可用，丢弃警报
警报ID: 2120022001
设备标识: 12002
告警类型: 2001(Device Offline)
[2026-06-04 18:58:23] [WARN] [scheduler][NetworkStatusTask][Device][onStatusChanged]：设备ID=12010 连接中->错误，IP端口=127.0.0.1:509
[2026-06-04 18:58:23] [WARN] [submitAlarm] 提交警报
警报ID: 2120102001
告警类型: 2001(Device Offline)
警报级别: 2(错误/Error)
设备标识: 12010
描述: [qrcode: 12010] Device Offline
[2026-06-04 18:58:23] [ERROR] [persistInsert] 警报日志数据库不可用，丢弃警报
警报ID: 2120102001
设备标识: 12010
告警类型: 2001(Device Offline)
[2026-06-04 18:58:23] [WARN] [scheduler][NetworkStatusTask][Device][onStatusChanged]：设备ID=12011 连接中->错误，IP端口=127.0.0.1:510
[2026-06-04 18:58:23] [WARN] [submitAlarm] 提交警报
警报ID: 2120112001
告警类型: 2001(Device Offline)
警报级别: 2(错误/Error)
设备标识: 12011
描述: [qrcode: 12011] Device Offline
[2026-06-04 18:58:23] [ERROR] [persistInsert] 警报日志数据库不可用，丢弃警报
警报ID: 2120112001
设备标识: 12011
告警类型: 2001(Device Offline)
[2026-06-04 18:58:23] [WARN] [scheduler][NetworkStatusTask][Device][onStatusChanged]：设备ID=12004 连接中->错误，IP端口=127.0.0.1:503
[2026-06-04 18:58:23] [WARN] [submitAlarm] 提交警报
警报ID: 2120042001
告警类型: 2001(Device Offline)
警报级别: 2(错误/Error)
设备标识: 12004
描述: [qrcode: 12004] Device Offline
[2026-06-04 18:58:23] [ERROR] [persistInsert] 警报日志数据库不可用，丢弃警报
警报ID: 2120042001
设备标识: 12004
告警类型: 2001(Device Offline)
[2026-06-04 18:58:23] [WARN] [scheduler][NetworkStatusTask][Device][onStatusChanged]：设备ID=12003 连接中->错误，IP端口=127.0.0.1:502
[2026-06-04 18:58:23] [WARN] [submitAlarm] 提交警报
警报ID: 2120032001
告警类型: 2001(Device Offline)
警报级别: 2(错误/Error)
设备标识: 12003
描述: [qrcode: 12003] Device Offline
[2026-06-04 18:58:23] [ERROR] [persistInsert] 警报日志数据库不可用，丢弃警报
警报ID: 2120032001
设备标识: 12003
告警类型: 2001(Device Offline)
[2026-06-04 18:58:23] [WARN] [scheduler][NetworkStatusTask][Device][onStatusChanged]：设备ID=12001 连接中->错误，IP端口=127.0.0.1:500
[2026-06-04 18:58:23] [WARN] [submitAlarm] 提交警报
警报ID: 2120012001
告警类型: 2001(Device Offline)
警报级别: 2(错误/Error)
设备标识: 12001
描述: [qrcode: 12001] Device Offline
[2026-06-04 18:58:23] [ERROR] [persistInsert] 警报日志数据库不可用，丢弃警报
警报ID: 2120012001
设备标识: 12001
告警类型: 2001(Device Offline)
[2026-06-04 18:58:23] [WARN] [scheduler][NetworkStatusTask][Device][onStatusChanged]：设备ID=12008 连接中->错误，IP端口=127.0.0.1:507
[2026-06-04 18:58:23] [WARN] [submitAlarm] 提交警报
警报ID: 2120082001
告警类型: 2001(Device Offline)
警报级别: 2(错误/Error)
设备标识: 12008
描述: [qrcode: 12008] Device Offline
[2026-06-04 18:58:23] [ERROR] [persistInsert] 警报日志数据库不可用，丢弃警报
警报ID: 2120082001
设备标识: 12008
告警类型: 2001(Device Offline)
[2026-06-04 18:58:23] [WARN] [scheduler][NetworkStatusTask][Device][onStatusChanged]：设备ID=12006 连接中->错误，IP端口=127.0.0.1:505
[2026-06-04 18:58:23] [WARN] [submitAlarm] 提交警报
警报ID: 2120062001
告警类型: 2001(Device Offline)
警报级别: 2(错误/Error)
设备标识: 12006
描述: [qrcode: 12006] Device Offline
[2026-06-04 18:58:23] [ERROR] [persistInsert] 警报日志数据库不可用，丢弃警报
警报ID: 2120062001
设备标识: 12006
告警类型: 2001(Device Offline)
[2026-06-04 18:58:23] [WARN] [scheduler][NetworkStatusTask][Device][onStatusChanged]：设备ID=12009 连接中->错误，IP端口=127.0.0.1:508
[2026-06-04 18:58:23] [WARN] [submitAlarm] 提交警报
警报ID: 2120092001
告警类型: 2001(Device Offline)
警报级别: 2(错误/Error)
设备标识: 12009
描述: [qrcode: 12009] Device Offline
[2026-06-04 18:58:23] [ERROR] [persistInsert] 警报日志数据库不可用，丢弃警报
警报ID: 2120092001
设备标识: 12009
告警类型: 2001(Device Offline)
[2026-06-04 18:58:23] [WARN] [scheduler][NetworkStatusTask][Device][onStatusChanged]：设备ID=12007 连接中->错误，IP端口=127.0.0.1:506
[2026-06-04 18:58:23] [WARN] [submitAlarm] 提交警报
警报ID: 2120072001
告警类型: 2001(Device Offline)
警报级别: 2(错误/Error)
设备标识: 12007
描述: [qrcode: 12007] Device Offline
[2026-06-04 18:58:23] [ERROR] [persistInsert] 警报日志数据库不可用，丢弃警报
警报ID: 2120072001
设备标识: 12007
告警类型: 2001(Device Offline)
[2026-06-04 18:58:23] [WARN] [data][ModbusTcpMaster][ModbusConnecter][onAsyncReconnectTimeout]：设备ID=12034 自动重连超时，连续失败次数=1
[2026-06-04 18:58:23] [WARN] [data][ModbusTcpMaster][ModbusConnecter][onConnectionError]：设备ID=12034 连接阶段错误: Connection timeout (non-blocking)
[2026-06-04 18:58:23] [WARN] [scheduler][NetworkStatusTask][Device][onStatusChanged]：设备ID=12034 连接中->错误，IP端口=127.0.0.1:533
[2026-06-04 18:58:23] [INFO] [data][ModbusTcpMaster][enterState]：设备ID=12034 状态切换: 连接中 -> 错误状态
[2026-06-04 18:58:23] [INFO] [data][ModbusTcpMaster][ModbusConnecter][startAutoReconnect]：设备ID=12034 开始自动重连，间隔=3000ms
[2026-06-04 18:58:23] [WARN] [submitAlarm] 提交警报
警报ID: 2120342001
告警类型: 2001(Device Offline)
警报级别: 2(错误/Error)
设备标识: 12034
描述: [qrcode: 12034] Device Offline
[2026-06-04 18:58:23] [ERROR] [persistInsert] 警报日志数据库不可用，丢弃警报
警报ID: 2120342001
设备标识: 12034
告警类型: 2001(Device Offline)
[2026-06-04 18:58:23] [WARN] [data][ModbusTcpMaster][ModbusConnecter][onAsyncReconnectTimeout]：设备ID=12025 自动重连超时，连续失败次数=1
[2026-06-04 18:58:23] [WARN] [data][ModbusTcpMaster][ModbusConnecter][onAsyncReconnectTimeout]：设备ID=12039 自动重连超时，连续失败次数=1
[2026-06-04 18:58:23] [WARN] [data][ModbusTcpMaster][ModbusConnecter][onAsyncReconnectTimeout]：设备ID=12027 自动重连超时，连续失败次数=1
[2026-06-04 18:58:23] [WARN] [data][ModbusTcpMaster][ModbusConnecter][onAsyncReconnectTimeout]：设备ID=12028 自动重连超时，连续失败次数=1
[2026-06-04 18:58:23] [WARN] [data][ModbusTcpMaster][ModbusConnecter][onConnectionError]：设备ID=12028 连接阶段错误: Connection timeout (non-blocking)
[2026-06-04 18:58:23] [WARN] [data][ModbusTcpMaster][ModbusConnecter][onAsyncReconnectTimeout]：设备ID=12040 自动重连超时，连续失败次数=1
[2026-06-04 18:58:23] [WARN] [data][ModbusTcpMaster][ModbusConnecter][onAsyncReconnectTimeout]：设备ID=12036 自动重连超时，连续失败次数=1
[2026-06-04 18:58:23] [WARN] [data][ModbusTcpMaster][ModbusConnecter][onAsyncReconnectTimeout]：设备ID=12032 自动重连超时，连续失败次数=1
[2026-06-04 18:58:23] [WARN] [data][ModbusTcpMaster][ModbusConnecter][onAsyncReconnectTimeout]：设备ID=12045 自动重连超时，连续失败次数=1
[2026-06-04 18:58:23] [WARN] [data][ModbusTcpMaster][ModbusConnecter][onAsyncReconnectTimeout]：设备ID=12030 自动重连超时，连续失败次数=1
[2026-06-04 18:58:23] [WARN] [data][ModbusTcpMaster][ModbusConnecter][onAsyncReconnectTimeout]：设备ID=12042 自动重连超时，连续失败次数=1
[2026-06-04 18:58:23] [WARN] [data][ModbusTcpMaster][ModbusConnecter][onConnectionError]：设备ID=12025 连接阶段错误: Connection timeout (non-blocking)
[2026-06-04 18:58:23] [WARN] [data][ModbusTcpMaster][ModbusConnecter][onAsyncReconnectTimeout]：设备ID=12041 自动重连超时，连续失败次数=1
[2026-06-04 18:58:23] [WARN] [data][ModbusTcpMaster][ModbusConnecter][onAsyncReconnectTimeout]：设备ID=12037 自动重连超时，连续失败次数=1
[2026-06-04 18:58:23] [WARN] [data][ModbusTcpMaster][ModbusConnecter][onAsyncReconnectTimeout]：设备ID=12033 自动重连超时，连续失败次数=1
[2026-06-04 18:58:23] [WARN] [data][ModbusTcpMaster][ModbusConnecter][onConnectionError]：设备ID=12027 连接阶段错误: Connection timeout (non-blocking)
[2026-06-04 18:58:23] [WARN] [data][ModbusTcpMaster][ModbusConnecter][onAsyncReconnectTimeout]：设备ID=12031 自动重连超时，连续失败次数=1
[2026-06-04 18:58:23] [WARN] [data][ModbusTcpMaster][ModbusConnecter][onAsyncReconnectTimeout]：设备ID=12024 自动重连超时，连续失败次数=1
[2026-06-04 18:58:23] [WARN] [data][ModbusTcpMaster][ModbusConnecter][onAsyncReconnectTimeout]：设备ID=12035 自动重连超时，连续失败次数=1
[2026-06-04 18:58:23] [WARN] [data][ModbusTcpMaster][ModbusConnecter][onConnectionError]：设备ID=12035 连接阶段错误: Connection timeout (non-blocking)
[2026-06-04 18:58:23] [INFO] [data][ModbusTcpMaster][enterState]：设备ID=12035 状态切换: 连接中 -> 错误状态
[2026-06-04 18:58:23] [INFO] [data][ModbusTcpMaster][ModbusConnecter][startAutoReconnect]：设备ID=12035 开始自动重连，间隔=3000ms
[2026-06-04 18:58:23] [WARN] [data][ModbusTcpMaster][ModbusConnecter][onAsyncReconnectTimeout]：设备ID=12029 自动重连超时，连续失败次数=1
[2026-06-04 18:58:23] [WARN] [data][ModbusTcpMaster][ModbusConnecter][onConnectionError]：设备ID=12029 连接阶段错误: Connection timeout (non-blocking)
[2026-06-04 18:58:23] [WARN] [data][ModbusTcpMaster][ModbusConnecter][onAsyncReconnectTimeout]：设备ID=12038 自动重连超时，连续失败次数=1
[2026-06-04 18:58:23] [WARN] [data][ModbusTcpMaster][ModbusConnecter][onAsyncReconnectTimeout]：设备ID=12043 自动重连超时，连续失败次数=1
[2026-06-04 18:58:23] [WARN] [data][ModbusTcpMaster][ModbusConnecter][onConnectionError]：设备ID=12043 连接阶段错误: Connection timeout (non-blocking)
[2026-06-04 18:58:23] [INFO] [data][ModbusTcpMaster][enterState]：设备ID=12043 状态切换: 连接中 -> 错误状态
[2026-06-04 18:58:23] [INFO] [data][ModbusTcpMaster][ModbusConnecter][startAutoReconnect]：设备ID=12043 开始自动重连，间隔=3000ms
[2026-06-04 18:58:23] [WARN] [data][ModbusTcpMaster][ModbusConnecter][onAsyncReconnectTimeout]：设备ID=12044 自动重连超时，连续失败次数=1
[2026-06-04 18:58:23] [WARN] [data][ModbusTcpMaster][ModbusConnecter][onConnectionError]：设备ID=12044 连接阶段错误: Connection timeout (non-blocking)
[2026-06-04 18:58:23] [INFO] [data][ModbusTcpMaster][enterState]：设备ID=12044 状态切换: 连接中 -> 错误状态
[2026-06-04 18:58:23] [INFO] [data][ModbusTcpMaster][ModbusConnecter][startAutoReconnect]：设备ID=12044 开始自动重连，间隔=3000ms
[2026-06-04 18:58:23] [WARN] [data][ModbusTcpMaster][ModbusConnecter][onAsyncReconnectTimeout]：设备ID=12026 自动重连超时，连续失败次数=1
[2026-06-04 18:58:23] [WARN] [data][ModbusTcpMaster][ModbusConnecter][onConnectionError]：设备ID=12041 连接阶段错误: Connection timeout (non-blocking)
[2026-06-04 18:58:23] [WARN] [data][ModbusTcpMaster][ModbusConnecter][onConnectionError]：设备ID=12039 连接阶段错误: Connection timeout (non-blocking)
[2026-06-04 18:58:23] [WARN] [data][ModbusTcpMaster][ModbusConnecter][onConnectionError]：设备ID=12037 连接阶段错误: Connection timeout (non-blocking)
[2026-06-04 18:58:23] [WARN] [data][ModbusTcpMaster][ModbusConnecter][onConnectionError]：设备ID=12033 连接阶段错误: Connection timeout (non-blocking)
[2026-06-04 18:58:23] [WARN] [data][ModbusTcpMaster][ModbusConnecter][onConnectionError]：设备ID=12026 连接阶段错误: Connection timeout (non-blocking)
[2026-06-04 18:58:23] [INFO] [data][ModbusTcpMaster][enterState]：设备ID=12028 状态切换: 连接中 -> 错误状态
[2026-06-04 18:58:23] [INFO] [data][ModbusTcpMaster][ModbusConnecter][startAutoReconnect]：设备ID=12028 开始自动重连，间隔=3000ms
[2026-06-04 18:58:23] [INFO] [data][ModbusTcpMaster][enterState]：设备ID=12027 状态切换: 连接中 -> 错误状态
[2026-06-04 18:58:23] [INFO] [data][ModbusTcpMaster][ModbusConnecter][startAutoReconnect]：设备ID=12027 开始自动重连，间隔=3000ms
[2026-06-04 18:58:23] [INFO] [data][ModbusTcpMaster][enterState]：设备ID=12041 状态切换: 连接中 -> 错误状态
[2026-06-04 18:58:23] [INFO] [data][ModbusTcpMaster][ModbusConnecter][startAutoReconnect]：设备ID=12041 开始自动重连，间隔=3000ms
[2026-06-04 18:58:23] [WARN] [data][ModbusTcpMaster][ModbusConnecter][onConnectionError]：设备ID=12031 连接阶段错误: Connection timeout (non-blocking)
[2026-06-04 18:58:23] [WARN] [data][ModbusTcpMaster][ModbusConnecter][onConnectionError]：设备ID=12040 连接阶段错误: Connection timeout (non-blocking)
[2026-06-04 18:58:23] [WARN] [data][ModbusTcpMaster][ModbusConnecter][onConnectionError]：设备ID=12024 连接阶段错误: Connection timeout (non-blocking)
[2026-06-04 18:58:23] [INFO] [data][ModbusTcpMaster][enterState]：设备ID=12039 状态切换: 连接中 -> 错误状态
[2026-06-04 18:58:23] [INFO] [data][ModbusTcpMaster][enterState]：设备ID=12037 状态切换: 连接中 -> 错误状态
[2026-06-04 18:58:23] [INFO] [data][ModbusTcpMaster][ModbusConnecter][startAutoReconnect]：设备ID=12039 开始自动重连，间隔=3000ms
[2026-06-04 18:58:23] [INFO] [data][ModbusTcpMaster][ModbusConnecter][startAutoReconnect]：设备ID=12037 开始自动重连，间隔=3000ms
[2026-06-04 18:58:23] [WARN] [data][ModbusTcpMaster][ModbusConnecter][onConnectionError]：设备ID=12036 连接阶段错误: Connection timeout (non-blocking)
[2026-06-04 18:58:23] [WARN] [data][ModbusTcpMaster][ModbusConnecter][onConnectionError]：设备ID=12032 连接阶段错误: Connection timeout (non-blocking)
[2026-06-04 18:58:23] [INFO] [data][ModbusTcpMaster][enterState]：设备ID=12033 状态切换: 连接中 -> 错误状态
[2026-06-04 18:58:23] [INFO] [data][ModbusTcpMaster][ModbusConnecter][startAutoReconnect]：设备ID=12033 开始自动重连，间隔=3000ms
[2026-06-04 18:58:23] [WARN] [scheduler][NetworkStatusTask][Device][onStatusChanged]：设备ID=12025 连接中->错误，IP端口=127.0.0.1:524
[2026-06-04 18:58:23] [WARN] [data][ModbusTcpMaster][ModbusConnecter][onAsyncReconnectTimeout]：设备ID=12013 自动重连超时，连续失败次数=1
[2026-06-04 18:58:23] [WARN] [data][ModbusTcpMaster][ModbusConnecter][onConnectionError]：设备ID=12045 连接阶段错误: Connection timeout (non-blocking)
[2026-06-04 18:58:23] [WARN] [data][ModbusTcpMaster][ModbusConnecter][onConnectionError]：设备ID=12038 连接阶段错误: Connection timeout (non-blocking)
[2026-06-04 18:58:23] [WARN] [data][ModbusTcpMaster][ModbusConnecter][onConnectionError]：设备ID=12030 连接阶段错误: Connection timeout (non-blocking)
[2026-06-04 18:58:23] [WARN] [data][ModbusTcpMaster][ModbusConnecter][onConnectionError]：设备ID=12042 连接阶段错误: Connection timeout (non-blocking)
[2026-06-04 18:58:23] [WARN] [data][ModbusTcpMaster][ModbusConnecter][onConnectionError]：设备ID=12013 连接阶段错误: Connection timeout (non-blocking)
[2026-06-04 18:58:23] [WARN] [data][ModbusTcpMaster][ModbusConnecter][onAsyncReconnectTimeout]：设备ID=12021 自动重连超时，连续失败次数=1
[2026-06-04 18:58:23] [INFO] [data][ModbusTcpMaster][enterState]：设备ID=12025 状态切换: 连接中 -> 错误状态
[2026-06-04 18:58:23] [INFO] [data][ModbusTcpMaster][ModbusConnecter][startAutoReconnect]：设备ID=12025 开始自动重连，间隔=3000ms
[2026-06-04 18:58:23] [INFO] [data][ModbusTcpMaster][enterState]：设备ID=12026 状态切换: 连接中 -> 错误状态
[2026-06-04 18:58:23] [WARN] [data][ModbusTcpMaster][ModbusConnecter][onConnectionError]：设备ID=12021 连接阶段错误: Connection timeout (non-blocking)
[2026-06-04 18:58:23] [INFO] [data][ModbusTcpMaster][ModbusConnecter][startAutoReconnect]：设备ID=12026 开始自动重连，间隔=3000ms
[2026-06-04 18:58:23] [INFO] [data][ModbusTcpMaster][enterState]：设备ID=12029 状态切换: 连接中 -> 错误状态
[2026-06-04 18:58:23] [INFO] [data][ModbusTcpMaster][ModbusConnecter][startAutoReconnect]：设备ID=12029 开始自动重连，间隔=3000ms
[2026-06-04 18:58:23] [INFO] [data][ModbusTcpMaster][enterState]：设备ID=12021 状态切换: 连接中 -> 错误状态
[2026-06-04 18:58:23] [INFO] [data][ModbusTcpMaster][ModbusConnecter][startAutoReconnect]：设备ID=12021 开始自动重连，间隔=3000ms
[2026-06-04 18:58:23] [WARN] [data][ModbusTcpMaster][ModbusConnecter][onAsyncReconnectTimeout]：设备ID=12019 自动重连超时，连续失败次数=1
[2026-06-04 18:58:23] [WARN] [data][ModbusTcpMaster][ModbusConnecter][onAsyncReconnectTimeout]：设备ID=12015 自动重连超时，连续失败次数=1
[2026-06-04 18:58:23] [INFO] [data][ModbusTcpMaster][enterState]：设备ID=12040 状态切换: 连接中 -> 错误状态
[2026-06-04 18:58:23] [INFO] [data][ModbusTcpMaster][ModbusConnecter][startAutoReconnect]：设备ID=12040 开始自动重连，间隔=3000ms
[2026-06-04 18:58:23] [INFO] [data][ModbusTcpMaster][enterState]：设备ID=12024 状态切换: 连接中 -> 错误状态
[2026-06-04 18:58:23] [WARN] [data][ModbusTcpMaster][ModbusConnecter][onConnectionError]：设备ID=12015 连接阶段错误: Connection timeout (non-blocking)
[2026-06-04 18:58:23] [INFO] [data][ModbusTcpMaster][enterState]：设备ID=12015 状态切换: 连接中 -> 错误状态
[2026-06-04 18:58:23] [INFO] [data][ModbusTcpMaster][ModbusConnecter][startAutoReconnect]：设备ID=12015 开始自动重连，间隔=3000ms
[2026-06-04 18:58:23] [INFO] [data][ModbusTcpMaster][enterState]：设备ID=12036 状态切换: 连接中 -> 错误状态
[2026-06-04 18:58:23] [INFO] [data][ModbusTcpMaster][ModbusConnecter][startAutoReconnect]：设备ID=12024 开始自动重连，间隔=3000ms
[2026-06-04 18:58:23] [INFO] [data][ModbusTcpMaster][ModbusConnecter][startAutoReconnect]：设备ID=12036 开始自动重连，间隔=3000ms
[2026-06-04 18:58:23] [INFO] [data][ModbusTcpMaster][enterState]：设备ID=12032 状态切换: 连接中 -> 错误状态
[2026-06-04 18:58:23] [INFO] [data][ModbusTcpMaster][ModbusConnecter][startAutoReconnect]：设备ID=12032 开始自动重连，间隔=3000ms
[2026-06-04 18:58:23] [WARN] [data][ModbusTcpMaster][ModbusConnecter][onAsyncReconnectTimeout]：设备ID=12018 自动重连超时，连续失败次数=1
[2026-06-04 18:58:23] [WARN] [data][ModbusTcpMaster][ModbusConnecter][onConnectionError]：设备ID=12018 连接阶段错误: Connection timeout (non-blocking)
[2026-06-04 18:58:23] [INFO] [data][ModbusTcpMaster][enterState]：设备ID=12045 状态切换: 连接中 -> 错误状态
[2026-06-04 18:58:23] [INFO] [data][ModbusTcpMaster][ModbusConnecter][startAutoReconnect]：设备ID=12045 开始自动重连，间隔=3000ms
[2026-06-04 18:58:23] [INFO] [data][ModbusTcpMaster][enterState]：设备ID=12038 状态切换: 连接中 -> 错误状态
[2026-06-04 18:58:23] [WARN] [data][ModbusTcpMaster][ModbusConnecter][onAsyncReconnectTimeout]：设备ID=12022 自动重连超时，连续失败次数=1
[2026-06-04 18:58:23] [INFO] [data][ModbusTcpMaster][enterState]：设备ID=12042 状态切换: 连接中 -> 错误状态
[2026-06-04 18:58:23] [INFO] [data][ModbusTcpMaster][ModbusConnecter][startAutoReconnect]：设备ID=12042 开始自动重连，间隔=3000ms
[2026-06-04 18:58:23] [WARN] [data][ModbusTcpMaster][ModbusConnecter][onConnectionError]：设备ID=12022 连接阶段错误: Connection timeout (non-blocking)
[2026-06-04 18:58:23] [INFO] [data][ModbusTcpMaster][enterState]：设备ID=12013 状态切换: 连接中 -> 错误状态
[2026-06-04 18:58:23] [INFO] [data][ModbusTcpMaster][ModbusConnecter][startAutoReconnect]：设备ID=12013 开始自动重连，间隔=3000ms
[2026-06-04 18:58:23] [INFO] [data][ModbusTcpMaster][enterState]：设备ID=12022 状态切换: 连接中 -> 错误状态
[2026-06-04 18:58:23] [INFO] [data][ModbusTcpMaster][ModbusConnecter][startAutoReconnect]：设备ID=12022 开始自动重连，间隔=3000ms
[2026-06-04 18:58:23] [INFO] [data][ModbusTcpMaster][enterState]：设备ID=12031 状态切换: 连接中 -> 错误状态
[2026-06-04 18:58:23] [INFO] [data][ModbusTcpMaster][ModbusConnecter][startAutoReconnect]：设备ID=12031 开始自动重连，间隔=3000ms
[2026-06-04 18:58:23] [WARN] [data][ModbusTcpMaster][ModbusConnecter][onConnectionError]：设备ID=12019 连接阶段错误: Connection timeout (non-blocking)
[2026-06-04 18:58:23] [WARN] [data][ModbusTcpMaster][ModbusConnecter][onAsyncReconnectTimeout]：设备ID=12017 自动重连超时，连续失败次数=1
[2026-06-04 18:58:23] [WARN] [data][ModbusTcpMaster][ModbusConnecter][onConnectionError]：设备ID=12017 连接阶段错误: Connection timeout (non-blocking)
[2026-06-04 18:58:23] [INFO] [data][ModbusTcpMaster][enterState]：设备ID=12017 状态切换: 连接中 -> 错误状态
[2026-06-04 18:58:23] [INFO] [data][ModbusTcpMaster][ModbusConnecter][startAutoReconnect]：设备ID=12017 开始自动重连，间隔=3000ms
[2026-06-04 18:58:23] [WARN] [data][ModbusTcpMaster][ModbusConnecter][onAsyncReconnectTimeout]：设备ID=12065 自动重连超时，连续失败次数=1
[2026-06-04 18:58:23] [INFO] [data][ModbusTcpMaster][enterState]：设备ID=12030 状态切换: 连接中 -> 错误状态
[2026-06-04 18:58:23] [INFO] [data][ModbusTcpMaster][ModbusConnecter][startAutoReconnect]：设备ID=12038 开始自动重连，间隔=3000ms
[2026-06-04 18:58:23] [WARN] [data][ModbusTcpMaster][ModbusConnecter][onAsyncReconnectTimeout]：设备ID=12077 自动重连超时，连续失败次数=1
[2026-06-04 18:58:23] [WARN] [data][ModbusTcpMaster][ModbusConnecter][onAsyncReconnectTimeout]：设备ID=12075 自动重连超时，连续失败次数=1
[2026-06-04 18:58:23] [WARN] [submitAlarm] 提交警报
警报ID: 2120252001
告警类型: 2001(Device Offline)
警报级别: 2(错误/Error)
设备标识: 12025
描述: [qrcode: 12025] Device Offline
[2026-06-04 18:58:23] [WARN] [data][ModbusTcpMaster][ModbusConnecter][onAsyncReconnectTimeout]：设备ID=12072 自动重连超时，连续失败次数=1
[2026-06-04 18:58:23] [WARN] [data][ModbusTcpMaster][ModbusConnecter][onConnectionError]：设备ID=12072 连接阶段错误: Connection timeout (non-blocking)
[2026-06-04 18:58:23] [INFO] [data][ModbusTcpMaster][enterState]：设备ID=12072 状态切换: 连接中 -> 错误状态
[2026-06-04 18:58:23] [INFO] [data][ModbusTcpMaster][ModbusConnecter][startAutoReconnect]：设备ID=12072 开始自动重连，间隔=3000ms
[2026-06-04 18:58:23] [WARN] [data][ModbusTcpMaster][ModbusConnecter][onAsyncReconnectTimeout]：设备ID=12059 自动重连超时，连续失败次数=1
[2026-06-04 18:58:23] [INFO] [data][ModbusTcpMaster][enterState]：设备ID=12018 状态切换: 连接中 -> 错误状态
[2026-06-04 18:58:23] [WARN] [data][ModbusTcpMaster][ModbusConnecter][onAsyncReconnectTimeout]：设备ID=12071 自动重连超时，连续失败次数=1
[2026-06-04 18:58:23] [WARN] [data][ModbusTcpMaster][ModbusConnecter][onAsyncReconnectTimeout]：设备ID=12076 自动重连超时，连续失败次数=1
[2026-06-04 18:58:23] [WARN] [data][ModbusTcpMaster][ModbusConnecter][onAsyncReconnectTimeout]：设备ID=12073 自动重连超时，连续失败次数=1
[2026-06-04 18:58:23] [WARN] [data][ModbusTcpMaster][ModbusConnecter][onConnectionError]：设备ID=12076 连接阶段错误: Connection timeout (non-blocking)
[2026-06-04 18:58:23] [WARN] [data][ModbusTcpMaster][ModbusConnecter][onAsyncReconnectTimeout]：设备ID=12078 自动重连超时，连续失败次数=1
[2026-06-04 18:58:23] [WARN] [data][ModbusTcpMaster][ModbusConnecter][onConnectionError]：设备ID=12073 连接阶段错误: Connection timeout (non-blocking)
[2026-06-04 18:58:23] [INFO] [data][ModbusTcpMaster][enterState]：设备ID=12019 状态切换: 连接中 -> 错误状态
[2026-06-04 18:58:23] [INFO] [data][ModbusTcpMaster][ModbusConnecter][startAutoReconnect]：设备ID=12019 开始自动重连，间隔=3000ms
[2026-06-04 18:58:23] [WARN] [data][ModbusTcpMaster][ModbusConnecter][onAsyncReconnectTimeout]：设备ID=12063 自动重连超时，连续失败次数=1
[2026-06-04 18:58:23] [WARN] [data][ModbusTcpMaster][ModbusConnecter][onAsyncReconnectTimeout]：设备ID=12066 自动重连超时，连续失败次数=1
[2026-06-04 18:58:23] [WARN] [data][ModbusTcpMaster][ModbusConnecter][onAsyncReconnectTimeout]：设备ID=12014 自动重连超时，连续失败次数=1
[2026-06-04 18:58:23] [WARN] [data][ModbusTcpMaster][ModbusConnecter][onConnectionError]：设备ID=12014 连接阶段错误: Connection timeout (non-blocking)
[2026-06-04 18:58:23] [WARN] [data][ModbusTcpMaster][ModbusConnecter][onAsyncReconnectTimeout]：设备ID=12061 自动重连超时，连续失败次数=1
[2026-06-04 18:58:23] [WARN] [data][ModbusTcpMaster][ModbusConnecter][onAsyncReconnectTimeout]：设备ID=12070 自动重连超时，连续失败次数=1
[2026-06-04 18:58:23] [WARN] [data][ModbusTcpMaster][ModbusConnecter][onConnectionError]：设备ID=12070 连接阶段错误: Connection timeout (non-blocking)
[2026-06-04 18:58:23] [WARN] [data][ModbusTcpMaster][ModbusConnecter][onAsyncReconnectTimeout]：设备ID=12016 自动重连超时，连续失败次数=1
[2026-06-04 18:58:23] [WARN] [data][ModbusTcpMaster][ModbusConnecter][onConnectionError]：设备ID=12077 连接阶段错误: Connection timeout (non-blocking)
[2026-06-04 18:58:23] [WARN] [data][ModbusTcpMaster][ModbusConnecter][onAsyncReconnectTimeout]：设备ID=12050 自动重连超时，连续失败次数=1
[2026-06-04 18:58:23] [WARN] [data][ModbusTcpMaster][ModbusConnecter][onAsyncReconnectTimeout]：设备ID=12079 自动重连超时，连续失败次数=1
[2026-06-04 18:58:23] [WARN] [data][ModbusTcpMaster][ModbusConnecter][onAsyncReconnectTimeout]：设备ID=12069 自动重连超时，连续失败次数=1
[2026-06-04 18:58:23] [WARN] [data][ModbusTcpMaster][ModbusConnecter][onConnectionError]：设备ID=12069 连接阶段错误: Connection timeout (non-blocking)
[2026-06-04 18:58:23] [INFO] [data][ModbusTcpMaster][enterState]：设备ID=12076 状态切换: 连接中 -> 错误状态
[2026-06-04 18:58:23] [WARN] [data][ModbusTcpMaster][ModbusConnecter][onConnectionError]：设备ID=12065 连接阶段错误: Connection timeout (non-blocking)
[2026-06-04 18:58:23] [INFO] [data][ModbusTcpMaster][ModbusConnecter][startAutoReconnect]：设备ID=12076 开始自动重连，间隔=3000ms
[2026-06-04 18:58:23] [WARN] [data][ModbusTcpMaster][ModbusConnecter][onConnectionError]：设备ID=12071 连接阶段错误: Connection timeout (non-blocking)
[2026-06-04 18:58:23] [WARN] [data][ModbusTcpMaster][ModbusConnecter][onAsyncReconnectTimeout]：设备ID=12020 自动重连超时，连续失败次数=1
[2026-06-04 18:58:23] [INFO] [data][ModbusTcpMaster][enterState]：设备ID=12073 状态切换: 连接中 -> 错误状态
[2026-06-04 18:58:23] [WARN] [data][ModbusTcpMaster][ModbusConnecter][onConnectionError]：设备ID=12063 连接阶段错误: Connection timeout (non-blocking)
[2026-06-04 18:58:23] [INFO] [data][ModbusTcpMaster][ModbusConnecter][startAutoReconnect]：设备ID=12073 开始自动重连，间隔=3000ms
[2026-06-04 18:58:23] [WARN] [data][ModbusTcpMaster][ModbusConnecter][onConnectionError]：设备ID=12066 连接阶段错误: Connection timeout (non-blocking)
[2026-06-04 18:58:23] [INFO] [data][ModbusTcpMaster][ModbusConnecter][startAutoReconnect]：设备ID=12030 开始自动重连，间隔=3000ms
[2026-06-04 18:58:23] [INFO] [data][ModbusTcpMaster][enterState]：设备ID=12014 状态切换: 连接中 -> 错误状态
[2026-06-04 18:58:23] [INFO] [data][ModbusTcpMaster][ModbusConnecter][startAutoReconnect]：设备ID=12014 开始自动重连，间隔=3000ms
[2026-06-04 18:58:23] [WARN] [data][ModbusTcpMaster][ModbusConnecter][onConnectionError]：设备ID=12075 连接阶段错误: Connection timeout (non-blocking)
[2026-06-04 18:58:23] [WARN] [data][ModbusTcpMaster][ModbusConnecter][onConnectionError]：设备ID=12061 连接阶段错误: Connection timeout (non-blocking)
[2026-06-04 18:58:23] [WARN] [data][ModbusTcpMaster][ModbusConnecter][onConnectionError]：设备ID=12078 连接阶段错误: Connection timeout (non-blocking)
[2026-06-04 18:58:23] [WARN] [data][ModbusTcpMaster][ModbusConnecter][onAsyncReconnectTimeout]：设备ID=12054 自动重连超时，连续失败次数=1
[2026-06-04 18:58:23] [WARN] [data][ModbusTcpMaster][ModbusConnecter][onAsyncReconnectTimeout]：设备ID=12023 自动重连超时，连续失败次数=1
[2026-06-04 18:58:23] [WARN] [data][ModbusTcpMaster][ModbusConnecter][onConnectionError]：设备ID=12059 连接阶段错误: Connection timeout (non-blocking)
[2026-06-04 18:58:23] [WARN] [data][ModbusTcpMaster][ModbusConnecter][onConnectionError]：设备ID=12054 连接阶段错误: Connection timeout (non-blocking)
[2026-06-04 18:58:23] [INFO] [data][ModbusTcpMaster][ModbusConnecter][startAutoReconnect]：设备ID=12018 开始自动重连，间隔=3000ms
[2026-06-04 18:58:23] [WARN] [data][ModbusTcpMaster][ModbusConnecter][onConnectionError]：设备ID=12023 连接阶段错误: Connection timeout (non-blocking)
[2026-06-04 18:58:23] [INFO] [data][ModbusTcpMaster][enterState]：设备ID=12077 状态切换: 连接中 -> 错误状态
[2026-06-04 18:58:23] [WARN] [data][ModbusTcpMaster][ModbusConnecter][onAsyncReconnectTimeout]：设备ID=12068 自动重连超时，连续失败次数=1
[2026-06-04 18:58:23] [WARN] [data][ModbusTcpMaster][ModbusConnecter][onConnectionError]：设备ID=12068 连接阶段错误: Connection timeout (non-blocking)
[2026-06-04 18:58:23] [INFO] [data][ModbusTcpMaster][enterState]：设备ID=12068 状态切换: 连接中 -> 错误状态
[2026-06-04 18:58:23] [INFO] [data][ModbusTcpMaster][ModbusConnecter][startAutoReconnect]：设备ID=12068 开始自动重连，间隔=3000ms
[2026-06-04 18:58:23] [WARN] [data][ModbusTcpMaster][ModbusConnecter][onConnectionError]：设备ID=12079 连接阶段错误: Connection timeout (non-blocking)
[2026-06-04 18:58:23] [INFO] [data][ModbusTcpMaster][enterState]：设备ID=12079 状态切换: 连接中 -> 错误状态
[2026-06-04 18:58:23] [INFO] [data][ModbusTcpMaster][ModbusConnecter][startAutoReconnect]：设备ID=12079 开始自动重连，间隔=3000ms
[2026-06-04 18:58:23] [INFO] [data][ModbusTcpMaster][enterState]：设备ID=12065 状态切换: 连接中 -> 错误状态
[2026-06-04 18:58:23] [INFO] [data][ModbusTcpMaster][ModbusConnecter][startAutoReconnect]：设备ID=12065 开始自动重连，间隔=3000ms
[2026-06-04 18:58:23] [WARN] [data][ModbusTcpMaster][ModbusConnecter][onAsyncReconnectTimeout]：设备ID=12057 自动重连超时，连续失败次数=1
[2026-06-04 18:58:23] [WARN] [data][ModbusTcpMaster][ModbusConnecter][onAsyncReconnectTimeout]：设备ID=12074 自动重连超时，连续失败次数=1
[2026-06-04 18:58:23] [WARN] [data][ModbusTcpMaster][ModbusConnecter][onAsyncReconnectTimeout]：设备ID=12058 自动重连超时，连续失败次数=1
[2026-06-04 18:58:23] [WARN] [data][ModbusTcpMaster][ModbusConnecter][onConnectionError]：设备ID=12074 连接阶段错误: Connection timeout (non-blocking)
[2026-06-04 18:58:23] [INFO] [data][ModbusTcpMaster][enterState]：设备ID=12063 状态切换: 连接中 -> 错误状态
[2026-06-04 18:58:23] [INFO] [data][ModbusTcpMaster][ModbusConnecter][startAutoReconnect]：设备ID=12063 开始自动重连，间隔=3000ms
[2026-06-04 18:58:23] [INFO] [data][ModbusTcpMaster][enterState]：设备ID=12066 状态切换: 连接中 -> 错误状态
[2026-06-04 18:58:23] [WARN] [data][ModbusTcpMaster][ModbusConnecter][onConnectionError]：设备ID=12058 连接阶段错误: Connection timeout (non-blocking)
[2026-06-04 18:58:23] [INFO] [data][ModbusTcpMaster][ModbusConnecter][startAutoReconnect]：设备ID=12066 开始自动重连，间隔=3000ms
[2026-06-04 18:58:23] [INFO] [data][ModbusTcpMaster][enterState]：设备ID=12075 状态切换: 连接中 -> 错误状态
[2026-06-04 18:58:23] [INFO] [data][ModbusTcpMaster][enterState]：设备ID=12074 状态切换: 连接中 -> 错误状态
[2026-06-04 18:58:23] [INFO] [data][ModbusTcpMaster][ModbusConnecter][startAutoReconnect]：设备ID=12075 开始自动重连，间隔=3000ms
[2026-06-04 18:58:23] [INFO] [data][ModbusTcpMaster][ModbusConnecter][startAutoReconnect]：设备ID=12074 开始自动重连，间隔=3000ms
[2026-06-04 18:58:23] [INFO] [data][ModbusTcpMaster][enterState]：设备ID=12061 状态切换: 连接中 -> 错误状态
[2026-06-04 18:58:23] [INFO] [data][ModbusTcpMaster][ModbusConnecter][startAutoReconnect]：设备ID=12061 开始自动重连，间隔=3000ms
[2026-06-04 18:58:23] [WARN] [data][ModbusTcpMaster][ModbusConnecter][onConnectionError]：设备ID=12016 连接阶段错误: Connection timeout (non-blocking)
[2026-06-04 18:58:23] [INFO] [data][ModbusTcpMaster][enterState]：设备ID=12058 状态切换: 连接中 -> 错误状态
[2026-06-04 18:58:23] [INFO] [data][ModbusTcpMaster][ModbusConnecter][startAutoReconnect]：设备ID=12058 开始自动重连，间隔=3000ms
[2026-06-04 18:58:23] [WARN] [data][ModbusTcpMaster][ModbusConnecter][onConnectionError]：设备ID=12057 连接阶段错误: Connection timeout (non-blocking)
[2026-06-04 18:58:23] [INFO] [data][ModbusTcpMaster][enterState]：设备ID=12057 状态切换: 连接中 -> 错误状态
[2026-06-04 18:58:23] [INFO] [data][ModbusTcpMaster][enterState]：设备ID=12016 状态切换: 连接中 -> 错误状态
[2026-06-04 18:58:23] [INFO] [data][ModbusTcpMaster][ModbusConnecter][startAutoReconnect]：设备ID=12057 开始自动重连，间隔=3000ms
[2026-06-04 18:58:23] [INFO] [data][ModbusTcpMaster][ModbusConnecter][startAutoReconnect]：设备ID=12016 开始自动重连，间隔=3000ms
[2026-06-04 18:58:23] [INFO] [data][ModbusTcpMaster][enterState]：设备ID=12071 状态切换: 连接中 -> 错误状态
[2026-06-04 18:58:23] [INFO] [data][ModbusTcpMaster][ModbusConnecter][startAutoReconnect]：设备ID=12071 开始自动重连，间隔=3000ms
[2026-06-04 18:58:23] [ERROR] [persistInsert] 警报日志数据库不可用，丢弃警报
警报ID: 2120252001
设备标识: 12025
告警类型: 2001(Device Offline)
[2026-06-04 18:58:23] [INFO] [data][ModbusTcpMaster][enterState]：设备ID=12070 状态切换: 连接中 -> 错误状态
[2026-06-04 18:58:23] [INFO] [data][ModbusTcpMaster][ModbusConnecter][startAutoReconnect]：设备ID=12070 开始自动重连，间隔=3000ms
[2026-06-04 18:58:23] [INFO] [data][ModbusTcpMaster][enterState]：设备ID=12078 状态切换: 连接中 -> 错误状态
[2026-06-04 18:58:23] [WARN] [data][ModbusTcpMaster][ModbusConnecter][onAsyncReconnectTimeout]：设备ID=12052 自动重连超时，连续失败次数=1
[2026-06-04 18:58:23] [WARN] [data][ModbusTcpMaster][ModbusConnecter][onAsyncReconnectTimeout]：设备ID=12062 自动重连超时，连续失败次数=1
[2026-06-04 18:58:23] [INFO] [data][ModbusTcpMaster][enterState]：设备ID=12059 状态切换: 连接中 -> 错误状态
[2026-06-04 18:58:23] [INFO] [data][ModbusTcpMaster][ModbusConnecter][startAutoReconnect]：设备ID=12059 开始自动重连，间隔=3000ms
[2026-06-04 18:58:23] [WARN] [data][ModbusTcpMaster][ModbusConnecter][onAsyncReconnectTimeout]：设备ID=12049 自动重连超时，连续失败次数=1
[2026-06-04 18:58:23] [INFO] [data][ModbusTcpMaster][ModbusConnecter][startAutoReconnect]：设备ID=12077 开始自动重连，间隔=3000ms
[2026-06-04 18:58:23] [WARN] [data][ModbusTcpMaster][ModbusConnecter][onConnectionError]：设备ID=12062 连接阶段错误: Connection timeout (non-blocking)
[2026-06-04 18:58:23] [WARN] [data][ModbusTcpMaster][ModbusConnecter][onAsyncReconnectTimeout]：设备ID=12055 自动重连超时，连续失败次数=1
[2026-06-04 18:58:23] [INFO] [data][ModbusTcpMaster][enterState]：设备ID=12062 状态切换: 连接中 -> 错误状态
[2026-06-04 18:58:23] [INFO] [data][ModbusTcpMaster][ModbusConnecter][startAutoReconnect]：设备ID=12062 开始自动重连，间隔=3000ms
[2026-06-04 18:58:23] [WARN] [data][ModbusTcpMaster][ModbusConnecter][onConnectionError]：设备ID=12055 连接阶段错误: Connection timeout (non-blocking)
[2026-06-04 18:58:23] [INFO] [data][ModbusTcpMaster][enterState]：设备ID=12023 状态切换: 连接中 -> 错误状态
[2026-06-04 18:58:23] [INFO] [data][ModbusTcpMaster][ModbusConnecter][startAutoReconnect]：设备ID=12023 开始自动重连，间隔=3000ms
[2026-06-04 18:58:23] [INFO] [data][ModbusTcpMaster][enterState]：设备ID=12055 状态切换: 连接中 -> 错误状态
[2026-06-04 18:58:23] [INFO] [data][ModbusTcpMaster][ModbusConnecter][startAutoReconnect]：设备ID=12055 开始自动重连，间隔=3000ms
[2026-06-04 18:58:23] [WARN] [data][ModbusTcpMaster][ModbusConnecter][onAsyncReconnectTimeout]：设备ID=12046 自动重连超时，连续失败次数=1
[2026-06-04 18:58:23] [WARN] [data][ModbusTcpMaster][ModbusConnecter][onConnectionError]：设备ID=12020 连接阶段错误: Connection timeout (non-blocking)
[2026-06-04 18:58:23] [INFO] [data][ModbusTcpMaster][enterState]：设备ID=12069 状态切换: 连接中 -> 错误状态
[2026-06-04 18:58:23] [INFO] [data][ModbusTcpMaster][ModbusConnecter][startAutoReconnect]：设备ID=12069 开始自动重连，间隔=3000ms
[2026-06-04 18:58:23] [WARN] [data][ModbusTcpMaster][ModbusConnecter][onAsyncReconnectTimeout]：设备ID=12060 自动重连超时，连续失败次数=1
[2026-06-04 18:58:23] [WARN] [data][ModbusTcpMaster][ModbusConnecter][onConnectionError]：设备ID=12060 连接阶段错误: Connection timeout (non-blocking)
[2026-06-04 18:58:23] [INFO] [data][ModbusTcpMaster][enterState]：设备ID=12060 状态切换: 连接中 -> 错误状态
[2026-06-04 18:58:23] [INFO] [data][ModbusTcpMaster][ModbusConnecter][startAutoReconnect]：设备ID=12060 开始自动重连，间隔=3000ms
[2026-06-04 18:58:23] [WARN] [data][ModbusTcpMaster][ModbusConnecter][onAsyncReconnectTimeout]：设备ID=12051 自动重连超时，连续失败次数=1
[2026-06-04 18:58:23] [WARN] [data][ModbusTcpMaster][ModbusConnecter][onAsyncReconnectTimeout]：设备ID=12047 自动重连超时，连续失败次数=1
[2026-06-04 18:58:23] [WARN] [data][ModbusTcpMaster][ModbusConnecter][onAsyncReconnectTimeout]：设备ID=12048 自动重连超时，连续失败次数=1
[2026-06-04 18:58:23] [WARN] [data][ModbusTcpMaster][ModbusConnecter][onConnectionError]：设备ID=12048 连接阶段错误: Connection timeout (non-blocking)
[2026-06-04 18:58:23] [INFO] [data][ModbusTcpMaster][enterState]：设备ID=12054 状态切换: 连接中 -> 错误状态
[2026-06-04 18:58:23] [INFO] [data][ModbusTcpMaster][ModbusConnecter][startAutoReconnect]：设备ID=12054 开始自动重连，间隔=3000ms
[2026-06-04 18:58:23] [INFO] [data][ModbusTcpMaster][enterState]：设备ID=12048 状态切换: 连接中 -> 错误状态
[2026-06-04 18:58:23] [INFO] [data][ModbusTcpMaster][ModbusConnecter][startAutoReconnect]：设备ID=12048 开始自动重连，间隔=3000ms
[2026-06-04 18:58:23] [WARN] [data][ModbusTcpMaster][ModbusConnecter][onConnectionError]：设备ID=12049 连接阶段错误: Connection timeout (non-blocking)
[2026-06-04 18:58:23] [WARN] [data][ModbusTcpMaster][ModbusConnecter][onConnectionError]：设备ID=12046 连接阶段错误: Connection timeout (non-blocking)
[2026-06-04 18:58:23] [INFO] [data][ModbusTcpMaster][enterState]：设备ID=12020 状态切换: 连接中 -> 错误状态
[2026-06-04 18:58:23] [INFO] [data][ModbusTcpMaster][ModbusConnecter][startAutoReconnect]：设备ID=12049 开始自动重连，间隔=3000ms
[2026-06-04 18:58:23] [INFO] [data][ModbusTcpMaster][enterState]：设备ID=12046 状态切换: 连接中 -> 错误状态
[2026-06-04 18:58:23] [INFO] [data][ModbusTcpMaster][ModbusConnecter][startAutoReconnect]：设备ID=12046 开始自动重连，间隔=3000ms
[2026-06-04 18:58:23] [INFO] [data][ModbusTcpMaster][ModbusConnecter][startAutoReconnect]：设备ID=12020 开始自动重连，间隔=3000ms
[2026-06-04 18:58:23] [WARN] [data][ModbusTcpMaster][ModbusConnecter][onAsyncReconnectTimeout]：设备ID=12064 自动重连超时，连续失败次数=1
[2026-06-04 18:58:23] [INFO] [data][ModbusTcpMaster][enterState]：设备ID=12049 状态切换: 连接中 -> 错误状态
[2026-06-04 18:58:23] [WARN] [data][ModbusTcpMaster][ModbusConnecter][onAsyncReconnectTimeout]：设备ID=12080 自动重连超时，连续失败次数=1
[2026-06-04 18:58:23] [WARN] [scheduler][NetworkStatusTask][Device][onStatusChanged]：设备ID=12027 连接中->错误，IP端口=127.0.0.1:526
[2026-06-04 18:58:23] [WARN] [submitAlarm] 提交警报
警报ID: 2120272001
告警类型: 2001(Device Offline)
警报级别: 2(错误/Error)
设备标识: 12027
描述: [qrcode: 12027] Device Offline
[2026-06-04 18:58:23] [WARN] [data][ModbusTcpMaster][ModbusConnecter][onConnectionError]：设备ID=12080 连接阶段错误: Connection timeout (non-blocking)
[2026-06-04 18:58:23] [ERROR] [persistInsert] 警报日志数据库不可用，丢弃警报
警报ID: 2120272001
设备标识: 12027
告警类型: 2001(Device Offline)
[2026-06-04 18:58:23] [WARN] [data][ModbusTcpMaster][ModbusConnecter][onConnectionError]：设备ID=12051 连接阶段错误: Connection timeout (non-blocking)
[2026-06-04 18:58:23] [WARN] [data][ModbusTcpMaster][ModbusConnecter][onConnectionError]：设备ID=12052 连接阶段错误: Connection timeout (non-blocking)
[2026-06-04 18:58:23] [WARN] [data][ModbusTcpMaster][ModbusConnecter][onConnectionError]：设备ID=12047 连接阶段错误: Connection timeout (non-blocking)
[2026-06-04 18:58:23] [INFO] [data][ModbusTcpMaster][enterState]：设备ID=12080 状态切换: 连接中 -> 错误状态
[2026-06-04 18:58:23] [INFO] [data][ModbusTcpMaster][ModbusConnecter][startAutoReconnect]：设备ID=12080 开始自动重连，间隔=3000ms
[2026-06-04 18:58:23] [WARN] [data][ModbusTcpMaster][ModbusConnecter][onConnectionError]：设备ID=12050 连接阶段错误: Connection timeout (non-blocking)
[2026-06-04 18:58:23] [WARN] [data][ModbusTcpMaster][ModbusConnecter][onAsyncReconnectTimeout]：设备ID=12067 自动重连超时，连续失败次数=1
[2026-06-04 18:58:23] [INFO] [data][ModbusTcpMaster][enterState]：设备ID=12050 状态切换: 连接中 -> 错误状态
[2026-06-04 18:58:23] [INFO] [data][ModbusTcpMaster][ModbusConnecter][startAutoReconnect]：设备ID=12050 开始自动重连，间隔=3000ms
[2026-06-04 18:58:23] [WARN] [data][ModbusTcpMaster][ModbusConnecter][onConnectionError]：设备ID=12064 连接阶段错误: Connection timeout (non-blocking)
[2026-06-04 18:58:23] [INFO] [data][ModbusTcpMaster][ModbusConnecter][startAutoReconnect]：设备ID=12078 开始自动重连，间隔=3000ms
[2026-06-04 18:58:23] [WARN] [data][ModbusTcpMaster][ModbusConnecter][onAsyncReconnectTimeout]：设备ID=12056 自动重连超时，连续失败次数=1
[2026-06-04 18:58:23] [WARN] [data][ModbusTcpMaster][ModbusConnecter][onConnectionError]：设备ID=12067 连接阶段错误: Connection timeout (non-blocking)
[2026-06-04 18:58:23] [INFO] [data][ModbusTcpMaster][enterState]：设备ID=12064 状态切换: 连接中 -> 错误状态
[2026-06-04 18:58:23] [INFO] [data][ModbusTcpMaster][ModbusConnecter][startAutoReconnect]：设备ID=12064 开始自动重连，间隔=3000ms
[2026-06-04 18:58:23] [WARN] [data][ModbusTcpMaster][ModbusConnecter][onAsyncReconnectTimeout]：设备ID=12053 自动重连超时，连续失败次数=1
[2026-06-04 18:58:23] [WARN] [data][ModbusTcpMaster][ModbusConnecter][onConnectionError]：设备ID=12056 连接阶段错误: Connection timeout (non-blocking)
[2026-06-04 18:58:23] [WARN] [scheduler][NetworkStatusTask][Device][onStatusChanged]：设备ID=12033 连接中->错误，IP端口=127.0.0.1:532
[2026-06-04 18:58:23] [WARN] [submitAlarm] 提交警报
警报ID: 2120332001
告警类型: 2001(Device Offline)
警报级别: 2(错误/Error)
设备标识: 12033
描述: [qrcode: 12033] Device Offline
[2026-06-04 18:58:23] [ERROR] [persistInsert] 警报日志数据库不可用，丢弃警报
警报ID: 2120332001
设备标识: 12033
告警类型: 2001(Device Offline)
[2026-06-04 18:58:23] [INFO] [data][ModbusTcpMaster][enterState]：设备ID=12067 状态切换: 连接中 -> 错误状态
[2026-06-04 18:58:23] [INFO] [data][ModbusTcpMaster][ModbusConnecter][startAutoReconnect]：设备ID=12067 开始自动重连，间隔=3000ms
[2026-06-04 18:58:23] [INFO] [data][ModbusTcpMaster][enterState]：设备ID=12051 状态切换: 连接中 -> 错误状态
[2026-06-04 18:58:23] [INFO] [data][ModbusTcpMaster][ModbusConnecter][startAutoReconnect]：设备ID=12051 开始自动重连，间隔=3000ms
[2026-06-04 18:58:23] [INFO] [data][ModbusTcpMaster][enterState]：设备ID=12052 状态切换: 连接中 -> 错误状态
[2026-06-04 18:58:23] [WARN] [data][ModbusTcpMaster][ModbusConnecter][onConnectionError]：设备ID=12053 连接阶段错误: Connection timeout (non-blocking)
[2026-06-04 18:58:23] [INFO] [data][ModbusTcpMaster][ModbusConnecter][startAutoReconnect]：设备ID=12052 开始自动重连，间隔=3000ms
[2026-06-04 18:58:23] [INFO] [data][ModbusTcpMaster][enterState]：设备ID=12047 状态切换: 连接中 -> 错误状态
[2026-06-04 18:58:23] [INFO] [data][ModbusTcpMaster][ModbusConnecter][startAutoReconnect]：设备ID=12047 开始自动重连，间隔=3000ms
[2026-06-04 18:58:23] [INFO] [data][ModbusTcpMaster][enterState]：设备ID=12056 状态切换: 连接中 -> 错误状态
[2026-06-04 18:58:23] [INFO] [data][ModbusTcpMaster][ModbusConnecter][startAutoReconnect]：设备ID=12056 开始自动重连，间隔=3000ms
[2026-06-04 18:58:23] [WARN] [scheduler][NetworkStatusTask][Device][onStatusChanged]：设备ID=12028 连接中->错误，IP端口=127.0.0.1:527
[2026-06-04 18:58:23] [WARN] [submitAlarm] 提交警报
警报ID: 2120282001
告警类型: 2001(Device Offline)
警报级别: 2(错误/Error)
设备标识: 12028
描述: [qrcode: 12028] Device Offline
[2026-06-04 18:58:23] [ERROR] [persistInsert] 警报日志数据库不可用，丢弃警报
警报ID: 2120282001
设备标识: 12028
告警类型: 2001(Device Offline)
[2026-06-04 18:58:23] [INFO] [data][ModbusTcpMaster][enterState]：设备ID=12053 状态切换: 连接中 -> 错误状态
[2026-06-04 18:58:23] [INFO] [data][ModbusTcpMaster][ModbusConnecter][startAutoReconnect]：设备ID=12053 开始自动重连，间隔=3000ms
[2026-06-04 18:58:23] [WARN] [scheduler][NetworkStatusTask][Device][onStatusChanged]：设备ID=12031 连接中->错误，IP端口=127.0.0.1:530
[2026-06-04 18:58:23] [WARN] [submitAlarm] 提交警报
警报ID: 2120312001
告警类型: 2001(Device Offline)
警报级别: 2(错误/Error)
设备标识: 12031
描述: [qrcode: 12031] Device Offline
[2026-06-04 18:58:23] [ERROR] [persistInsert] 警报日志数据库不可用，丢弃警报
警报ID: 2120312001
设备标识: 12031
告警类型: 2001(Device Offline)
[2026-06-04 18:58:23] [WARN] [scheduler][NetworkStatusTask][Device][onStatusChanged]：设备ID=12040 连接中->错误，IP端口=127.0.0.1:539
[2026-06-04 18:58:23] [WARN] [submitAlarm] 提交警报
警报ID: 2120402001
告警类型: 2001(Device Offline)
警报级别: 2(错误/Error)
设备标识: 12040
描述: [qrcode: 12040] Device Offline
[2026-06-04 18:58:23] [ERROR] [persistInsert] 警报日志数据库不可用，丢弃警报
警报ID: 2120402001
设备标识: 12040
告警类型: 2001(Device Offline)
[2026-06-04 18:58:23] [WARN] [scheduler][NetworkStatusTask][Device][onStatusChanged]：设备ID=12024 连接中->错误，IP端口=127.0.0.1:523
[2026-06-04 18:58:23] [WARN] [submitAlarm] 提交警报
警报ID: 2120242001
告警类型: 2001(Device Offline)
警报级别: 2(错误/Error)
设备标识: 12024
描述: [qrcode: 12024] Device Offline
[2026-06-04 18:58:23] [ERROR] [persistInsert] 警报日志数据库不可用，丢弃警报
警报ID: 2120242001
设备标识: 12024
告警类型: 2001(Device Offline)
[2026-06-04 18:58:23] [WARN] [scheduler][NetworkStatusTask][Device][onStatusChanged]：设备ID=12036 连接中->错误，IP端口=127.0.0.1:535
[2026-06-04 18:58:23] [WARN] [submitAlarm] 提交警报
警报ID: 2120362001
告警类型: 2001(Device Offline)
警报级别: 2(错误/Error)
设备标识: 12036
描述: [qrcode: 12036] Device Offline
[2026-06-04 18:58:23] [ERROR] [persistInsert] 警报日志数据库不可用，丢弃警报
警报ID: 2120362001
设备标识: 12036
告警类型: 2001(Device Offline)
[2026-06-04 18:58:23] [WARN] [scheduler][NetworkStatusTask][Device][onStatusChanged]：设备ID=12035 连接中->错误，IP端口=127.0.0.1:534
[2026-06-04 18:58:23] [WARN] [submitAlarm] 提交警报
警报ID: 2120352001
告警类型: 2001(Device Offline)
警报级别: 2(错误/Error)
设备标识: 12035
描述: [qrcode: 12035] Device Offline
[2026-06-04 18:58:23] [ERROR] [persistInsert] 警报日志数据库不可用，丢弃警报
警报ID: 2120352001
设备标识: 12035
告警类型: 2001(Device Offline)
[2026-06-04 18:58:23] [WARN] [scheduler][NetworkStatusTask][Device][onStatusChanged]：设备ID=12032 连接中->错误，IP端口=127.0.0.1:531
[2026-06-04 18:58:23] [WARN] [submitAlarm] 提交警报
警报ID: 2120322001
告警类型: 2001(Device Offline)
警报级别: 2(错误/Error)
设备标识: 12032
描述: [qrcode: 12032] Device Offline
[2026-06-04 18:58:23] [ERROR] [persistInsert] 警报日志数据库不可用，丢弃警报
警报ID: 2120322001
设备标识: 12032
告警类型: 2001(Device Offline)
[2026-06-04 18:58:23] [WARN] [scheduler][NetworkStatusTask][Device][onStatusChanged]：设备ID=12029 连接中->错误，IP端口=127.0.0.1:528
[2026-06-04 18:58:23] [WARN] [submitAlarm] 提交警报
警报ID: 2120292001
告警类型: 2001(Device Offline)
警报级别: 2(错误/Error)
设备标识: 12029
描述: [qrcode: 12029] Device Offline
[2026-06-04 18:58:23] [ERROR] [persistInsert] 警报日志数据库不可用，丢弃警报
警报ID: 2120292001
设备标识: 12029
告警类型: 2001(Device Offline)
[2026-06-04 18:58:23] [WARN] [submitAlarm] 提交警报
警报ID: 2120452001
告警类型: 2001(Device Offline)
警报级别: 2(错误/Error)
设备标识: 12045
描述: [qrcode: 12045] Device Offline
[2026-06-04 18:58:23] [ERROR] [persistInsert] 警报日志数据库不可用，丢弃警报
警报ID: 2120452001
设备标识: 12045
告警类型: 2001(Device Offline)
[2026-06-04 18:58:23] [WARN] [scheduler][NetworkStatusTask][Device][onStatusChanged]：设备ID=12038 连接中->错误，IP端口=127.0.0.1:537
[2026-06-04 18:58:23] [WARN] [submitAlarm] 提交警报
警报ID: 2120382001
告警类型: 2001(Device Offline)
警报级别: 2(错误/Error)
设备标识: 12038
描述: [qrcode: 12038] Device Offline
[2026-06-04 18:58:23] [ERROR] [persistInsert] 警报日志数据库不可用，丢弃警报
警报ID: 2120382001
设备标识: 12038
告警类型: 2001(Device Offline)
[2026-06-04 18:58:23] [WARN] [scheduler][NetworkStatusTask][Device][onStatusChanged]：设备ID=12030 连接中->错误，IP端口=127.0.0.1:529
[2026-06-04 18:58:23] [WARN] [submitAlarm] 提交警报
警报ID: 2120302001
告警类型: 2001(Device Offline)
警报级别: 2(错误/Error)
设备标识: 12030
描述: [qrcode: 12030] Device Offline
[2026-06-04 18:58:23] [ERROR] [persistInsert] 警报日志数据库不可用，丢弃警报
警报ID: 2120302001
设备标识: 12030
告警类型: 2001(Device Offline)
[2026-06-04 18:58:23] [WARN] [scheduler][NetworkStatusTask][Device][onStatusChanged]：设备ID=12043 连接中->错误，IP端口=127.0.0.1:542
[2026-06-04 18:58:23] [WARN] [submitAlarm] 提交警报
警报ID: 2120432001
告警类型: 2001(Device Offline)
警报级别: 2(错误/Error)
设备标识: 12043
描述: [qrcode: 12043] Device Offline
[2026-06-04 18:58:23] [ERROR] [persistInsert] 警报日志数据库不可用，丢弃警报
警报ID: 2120432001
设备标识: 12043
告警类型: 2001(Device Offline)
[2026-06-04 18:58:23] [WARN] [scheduler][NetworkStatusTask][Device][onStatusChanged]：设备ID=12042 连接中->错误，IP端口=127.0.0.1:541
[2026-06-04 18:58:23] [WARN] [submitAlarm] 提交警报
警报ID: 2120422001
告警类型: 2001(Device Offline)
警报级别: 2(错误/Error)
设备标识: 12042
描述: [qrcode: 12042] Device Offline
[2026-06-04 18:58:23] [ERROR] [persistInsert] 警报日志数据库不可用，丢弃警报
警报ID: 2120422001
设备标识: 12042
告警类型: 2001(Device Offline)
[2026-06-04 18:58:23] [WARN] [scheduler][NetworkStatusTask][Device][onStatusChanged]：设备ID=12044 连接中->错误，IP端口=127.0.0.1:543
[2026-06-04 18:58:23] [WARN] [submitAlarm] 提交警报
警报ID: 2120442001
告警类型: 2001(Device Offline)
警报级别: 2(错误/Error)
设备标识: 12044
描述: [qrcode: 12044] Device Offline
[2026-06-04 18:58:23] [ERROR] [persistInsert] 警报日志数据库不可用，丢弃警报
警报ID: 2120442001
设备标识: 12044
告警类型: 2001(Device Offline)
[2026-06-04 18:58:23] [WARN] [scheduler][NetworkStatusTask][Device][onStatusChanged]：设备ID=12039 连接中->错误，IP端口=127.0.0.1:538
[2026-06-04 18:58:23] [WARN] [submitAlarm] 提交警报
警报ID: 2120392001
告警类型: 2001(Device Offline)
警报级别: 2(错误/Error)
设备标识: 12039
描述: [qrcode: 12039] Device Offline
[2026-06-04 18:58:23] [ERROR] [persistInsert] 警报日志数据库不可用，丢弃警报
警报ID: 2120392001
设备标识: 12039
告警类型: 2001(Device Offline)
[2026-06-04 18:58:23] [WARN] [scheduler][NetworkStatusTask][Device][onStatusChanged]：设备ID=12041 连接中->错误，IP端口=127.0.0.1:540
[2026-06-04 18:58:23] [WARN] [submitAlarm] 提交警报
警报ID: 2120412001
告警类型: 2001(Device Offline)
警报级别: 2(错误/Error)
设备标识: 12041
描述: [qrcode: 12041] Device Offline
[2026-06-04 18:58:23] [ERROR] [persistInsert] 警报日志数据库不可用，丢弃警报
警报ID: 2120412001
设备标识: 12041
告警类型: 2001(Device Offline)
[2026-06-04 18:58:23] [WARN] [scheduler][NetworkStatusTask][Device][onStatusChanged]：设备ID=12026 连接中->错误，IP端口=127.0.0.1:525
[2026-06-04 18:58:23] [WARN] [submitAlarm] 提交警报
警报ID: 2120262001
告警类型: 2001(Device Offline)
警报级别: 2(错误/Error)
设备标识: 12026
描述: [qrcode: 12026] Device Offline
[2026-06-04 18:58:23] [ERROR] [persistInsert] 警报日志数据库不可用，丢弃警报
警报ID: 2120262001
设备标识: 12026
告警类型: 2001(Device Offline)
[2026-06-04 18:58:23] [WARN] [scheduler][NetworkStatusTask][Device][onStatusChanged]：设备ID=12037 连接中->错误，IP端口=127.0.0.1:536
[2026-06-04 18:58:23] [WARN] [submitAlarm] 提交警报
警报ID: 2120372001
告警类型: 2001(Device Offline)
警报级别: 2(错误/Error)
设备标识: 12037
描述: [qrcode: 12037] Device Offline
[2026-06-04 18:58:23] [ERROR] [persistInsert] 警报日志数据库不可用，丢弃警报
警报ID: 2120372001
设备标识: 12037
告警类型: 2001(Device Offline)
[2026-06-04 18:58:23] [WARN] [scheduler][NetworkStatusTask][Device][onStatusChanged]：设备ID=12013 连接中->错误，IP端口=127.0.0.1:512
[2026-06-04 18:58:23] [WARN] [submitAlarm] 提交警报
警报ID: 2120132001
告警类型: 2001(Device Offline)
警报级别: 2(错误/Error)
设备标识: 12013
描述: [qrcode: 12013] Device Offline
[2026-06-04 18:58:23] [ERROR] [persistInsert] 警报日志数据库不可用，丢弃警报
警报ID: 2120132001
设备标识: 12013
告警类型: 2001(Device Offline)
[2026-06-04 18:58:23] [WARN] [scheduler][NetworkStatusTask][Device][onStatusChanged]：设备ID=12021 连接中->错误，IP端口=127.0.0.1:520
[2026-06-04 18:58:23] [WARN] [submitAlarm] 提交警报
警报ID: 2120212001
告警类型: 2001(Device Offline)
警报级别: 2(错误/Error)
设备标识: 12021
描述: [qrcode: 12021] Device Offline
[2026-06-04 18:58:23] [ERROR] [persistInsert] 警报日志数据库不可用，丢弃警报
警报ID: 2120212001
设备标识: 12021
告警类型: 2001(Device Offline)
[2026-06-04 18:58:23] [WARN] [scheduler][NetworkStatusTask][Device][onStatusChanged]：设备ID=12022 连接中->错误，IP端口=127.0.0.1:521
[2026-06-04 18:58:23] [WARN] [submitAlarm] 提交警报
警报ID: 2120222001
告警类型: 2001(Device Offline)
警报级别: 2(错误/Error)
设备标识: 12022
描述: [qrcode: 12022] Device Offline
[2026-06-04 18:58:23] [ERROR] [persistInsert] 警报日志数据库不可用，丢弃警报
警报ID: 2120222001
设备标识: 12022
告警类型: 2001(Device Offline)
[2026-06-04 18:58:23] [WARN] [scheduler][NetworkStatusTask][Device][onStatusChanged]：设备ID=12019 连接中->错误，IP端口=127.0.0.1:518
[2026-06-04 18:58:23] [WARN] [submitAlarm] 提交警报
警报ID: 2120192001
告警类型: 2001(Device Offline)
警报级别: 2(错误/Error)
设备标识: 12019
描述: [qrcode: 12019] Device Offline
[2026-06-04 18:58:23] [ERROR] [persistInsert] 警报日志数据库不可用，丢弃警报
警报ID: 2120192001
设备标识: 12019
告警类型: 2001(Device Offline)
[2026-06-04 18:58:23] [WARN] [scheduler][NetworkStatusTask][Device][onStatusChanged]：设备ID=12015 连接中->错误，IP端口=127.0.0.1:514
[2026-06-04 18:58:23] [WARN] [submitAlarm] 提交警报
警报ID: 2120152001
告警类型: 2001(Device Offline)
警报级别: 2(错误/Error)
设备标识: 12015
描述: [qrcode: 12015] Device Offline
[2026-06-04 18:58:23] [ERROR] [persistInsert] 警报日志数据库不可用，丢弃警报
警报ID: 2120152001
设备标识: 12015
告警类型: 2001(Device Offline)
[2026-06-04 18:58:23] [WARN] [scheduler][NetworkStatusTask][Device][onStatusChanged]：设备ID=12017 连接中->错误，IP端口=127.0.0.1:516
[2026-06-04 18:58:23] [WARN] [submitAlarm] 提交警报
警报ID: 2120172001
告警类型: 2001(Device Offline)
警报级别: 2(错误/Error)
设备标识: 12017
描述: [qrcode: 12017] Device Offline
[2026-06-04 18:58:23] [ERROR] [persistInsert] 警报日志数据库不可用，丢弃警报
警报ID: 2120172001
设备标识: 12017
告警类型: 2001(Device Offline)
[2026-06-04 18:58:23] [WARN] [scheduler][NetworkStatusTask][Device][onStatusChanged]：设备ID=12018 连接中->错误，IP端口=127.0.0.1:517
[2026-06-04 18:58:23] [WARN] [submitAlarm] 提交警报
警报ID: 2120182001
告警类型: 2001(Device Offline)
警报级别: 2(错误/Error)
设备标识: 12018
描述: [qrcode: 12018] Device Offline
[2026-06-04 18:58:23] [WARN] [scheduler][NetworkStatusTask][Device][onStatusChanged]：设备ID=12045 连接中->错误，IP端口=127.0.0.1:544
[2026-06-04 18:58:23] [ERROR] [persistInsert] 警报日志数据库不可用，丢弃警报
警报ID: 2120182001
设备标识: 12018
告警类型: 2001(Device Offline)
[2026-06-04 18:58:23] [WARN] [scheduler][NetworkStatusTask][Device][onStatusChanged]：设备ID=12014 连接中->错误，IP端口=127.0.0.1:513
[2026-06-04 18:58:23] [WARN] [submitAlarm] 提交警报
警报ID: 2120142001
告警类型: 2001(Device Offline)
警报级别: 2(错误/Error)
设备标识: 12014
描述: [qrcode: 12014] Device Offline
[2026-06-04 18:58:23] [ERROR] [persistInsert] 警报日志数据库不可用，丢弃警报
警报ID: 2120142001
设备标识: 12014
告警类型: 2001(Device Offline)
[2026-06-04 18:58:23] [WARN] [scheduler][NetworkStatusTask][Device][onStatusChanged]：设备ID=12070 连接中->错误，IP端口=127.0.0.1:569
[2026-06-04 18:58:23] [WARN] [submitAlarm] 提交警报
警报ID: 2120702001
告警类型: 2001(Device Offline)
警报级别: 2(错误/Error)
设备标识: 12070
描述: [qrcode: 12070] Device Offline
[2026-06-04 18:58:23] [ERROR] [persistInsert] 警报日志数据库不可用，丢弃警报
警报ID: 2120702001
设备标识: 12070
告警类型: 2001(Device Offline)
[2026-06-04 18:58:23] [WARN] [scheduler][NetworkStatusTask][Device][onStatusChanged]：设备ID=12072 连接中->错误，IP端口=127.0.0.1:571
[2026-06-04 18:58:23] [WARN] [submitAlarm] 提交警报
警报ID: 2120722001
告警类型: 2001(Device Offline)
警报级别: 2(错误/Error)
设备标识: 12072
描述: [qrcode: 12072] Device Offline
[2026-06-04 18:58:23] [ERROR] [persistInsert] 警报日志数据库不可用，丢弃警报
警报ID: 2120722001
设备标识: 12072
告警类型: 2001(Device Offline)
[2026-06-04 18:58:23] [WARN] [scheduler][NetworkStatusTask][Device][onStatusChanged]：设备ID=12023 连接中->错误，IP端口=127.0.0.1:522
[2026-06-04 18:58:23] [WARN] [submitAlarm] 提交警报
警报ID: 2120232001
告警类型: 2001(Device Offline)
警报级别: 2(错误/Error)
设备标识: 12023
描述: [qrcode: 12023] Device Offline
[2026-06-04 18:58:23] [ERROR] [persistInsert] 警报日志数据库不可用，丢弃警报
警报ID: 2120232001
设备标识: 12023
告警类型: 2001(Device Offline)
[2026-06-04 18:58:23] [WARN] [scheduler][NetworkStatusTask][Device][onStatusChanged]：设备ID=12077 连接中->错误，IP端口=127.0.0.1:576
[2026-06-04 18:58:23] [WARN] [submitAlarm] 提交警报
警报ID: 2120772001
告警类型: 2001(Device Offline)
警报级别: 2(错误/Error)
设备标识: 12077
描述: [qrcode: 12077] Device Offline
[2026-06-04 18:58:23] [ERROR] [persistInsert] 警报日志数据库不可用，丢弃警报
警报ID: 2120772001
设备标识: 12077
告警类型: 2001(Device Offline)
[2026-06-04 18:58:23] [WARN] [scheduler][NetworkStatusTask][Device][onStatusChanged]：设备ID=12059 连接中->错误，IP端口=127.0.0.1:558
[2026-06-04 18:58:23] [WARN] [submitAlarm] 提交警报
警报ID: 2120592001
告警类型: 2001(Device Offline)
警报级别: 2(错误/Error)
设备标识: 12059
描述: [qrcode: 12059] Device Offline
[2026-06-04 18:58:23] [WARN] [scheduler][NetworkStatusTask][Device][onStatusChanged]：设备ID=12071 连接中->错误，IP端口=127.0.0.1:570
[2026-06-04 18:58:23] [WARN] [submitAlarm] 提交警报
警报ID: 2120712001
告警类型: 2001(Device Offline)
警报级别: 2(错误/Error)
设备标识: 12071
描述: [qrcode: 12071] Device Offline
[2026-06-04 18:58:23] [ERROR] [persistInsert] 警报日志数据库不可用，丢弃警报
警报ID: 2120592001
设备标识: 12059
告警类型: 2001(Device Offline)
[2026-06-04 18:58:23] [ERROR] [persistInsert] 警报日志数据库不可用，丢弃警报
警报ID: 2120712001
设备标识: 12071
告警类型: 2001(Device Offline)
[2026-06-04 18:58:23] [WARN] [submitAlarm] 提交警报
警报ID: 2120792001
告警类型: 2001(Device Offline)
警报级别: 2(错误/Error)
设备标识: 12079
描述: [qrcode: 12079] Device Offline
[2026-06-04 18:58:23] [WARN] [scheduler][NetworkStatusTask][Device][onStatusChanged]：设备ID=12076 连接中->错误，IP端口=127.0.0.1:575
[2026-06-04 18:58:23] [WARN] [submitAlarm] 提交警报
警报ID: 2120762001
告警类型: 2001(Device Offline)
警报级别: 2(错误/Error)
设备标识: 12076
描述: [qrcode: 12076] Device Offline
[2026-06-04 18:58:23] [ERROR] [persistInsert] 警报日志数据库不可用，丢弃警报
警报ID: 2120792001
设备标识: 12079
告警类型: 2001(Device Offline)
[2026-06-04 18:58:23] [ERROR] [persistInsert] 警报日志数据库不可用，丢弃警报
警报ID: 2120762001
设备标识: 12076
告警类型: 2001(Device Offline)
[2026-06-04 18:58:23] [WARN] [scheduler][NetworkStatusTask][Device][onStatusChanged]：设备ID=12069 连接中->错误，IP端口=127.0.0.1:568
[2026-06-04 18:58:23] [WARN] [scheduler][NetworkStatusTask][Device][onStatusChanged]：设备ID=12079 连接中->错误，IP端口=127.0.0.1:578
[2026-06-04 18:58:23] [ERROR] [persistInsert] 警报日志数据库不可用，丢弃警报
警报ID: 2120692001
设备标识: 12069
告警类型: 2001(Device Offline)
[2026-06-04 18:58:23] [WARN] [submitAlarm] 提交警报
警报ID: 2120692001
告警类型: 2001(Device Offline)
警报级别: 2(错误/Error)
设备标识: 12069
描述: [qrcode: 12069] Device Offline
[2026-06-04 18:58:23] [WARN] [submitAlarm] 提交警报
警报ID: 2120732001
告警类型: 2001(Device Offline)
警报级别: 2(错误/Error)
设备标识: 12073
描述: [qrcode: 12073] Device Offline
[2026-06-04 18:58:23] [ERROR] [persistInsert] 警报日志数据库不可用，丢弃警报
警报ID: 2120732001
设备标识: 12073
告警类型: 2001(Device Offline)
[2026-06-04 18:58:23] [WARN] [scheduler][NetworkStatusTask][Device][onStatusChanged]：设备ID=12073 连接中->错误，IP端口=127.0.0.1:572
[2026-06-04 18:58:23] [WARN] [scheduler][NetworkStatusTask][Device][onStatusChanged]：设备ID=12068 连接中->错误，IP端口=127.0.0.1:567
[2026-06-04 18:58:23] [ERROR] [persistInsert] 警报日志数据库不可用，丢弃警报
警报ID: 2120682001
设备标识: 12068
告警类型: 2001(Device Offline)
[2026-06-04 18:58:23] [WARN] [submitAlarm] 提交警报
警报ID: 2120682001
告警类型: 2001(Device Offline)
警报级别: 2(错误/Error)
设备标识: 12068
描述: [qrcode: 12068] Device Offline
[2026-06-04 18:58:23] [WARN] [scheduler][NetworkStatusTask][Device][onStatusChanged]：设备ID=12065 连接中->错误，IP端口=127.0.0.1:564
[2026-06-04 18:58:23] [WARN] [submitAlarm] 提交警报
警报ID: 2120652001
告警类型: 2001(Device Offline)
警报级别: 2(错误/Error)
设备标识: 12065
描述: [qrcode: 12065] Device Offline
[2026-06-04 18:58:23] [WARN] [scheduler][NetworkStatusTask][Device][onStatusChanged]：设备ID=12078 连接中->错误，IP端口=127.0.0.1:577
[2026-06-04 18:58:23] [ERROR] [persistInsert] 警报日志数据库不可用，丢弃警报
警报ID: 2120652001
设备标识: 12065
告警类型: 2001(Device Offline)
[2026-06-04 18:58:23] [ERROR] [persistInsert] 警报日志数据库不可用，丢弃警报
警报ID: 2120782001
设备标识: 12078
告警类型: 2001(Device Offline)
[2026-06-04 18:58:23] [WARN] [submitAlarm] 提交警报
警报ID: 2120782001
告警类型: 2001(Device Offline)
警报级别: 2(错误/Error)
设备标识: 12078
描述: [qrcode: 12078] Device Offline
[2026-06-04 18:58:23] [WARN] [scheduler][NetworkStatusTask][Device][onStatusChanged]：设备ID=12075 连接中->错误，IP端口=127.0.0.1:574
[2026-06-04 18:58:23] [WARN] [submitAlarm] 提交警报
警报ID: 2120752001
告警类型: 2001(Device Offline)
警报级别: 2(错误/Error)
设备标识: 12075
描述: [qrcode: 12075] Device Offline
[2026-06-04 18:58:23] [ERROR] [persistInsert] 警报日志数据库不可用，丢弃警报
警报ID: 2120752001
设备标识: 12075
告警类型: 2001(Device Offline)
[2026-06-04 18:58:23] [WARN] [scheduler][NetworkStatusTask][Device][onStatusChanged]：设备ID=12066 连接中->错误，IP端口=127.0.0.1:565
[2026-06-04 18:58:23] [WARN] [submitAlarm] 提交警报
警报ID: 2120662001
告警类型: 2001(Device Offline)
警报级别: 2(错误/Error)
设备标识: 12066
描述: [qrcode: 12066] Device Offline
[2026-06-04 18:58:23] [ERROR] [persistInsert] 警报日志数据库不可用，丢弃警报
警报ID: 2120662001
设备标识: 12066
告警类型: 2001(Device Offline)
[2026-06-04 18:58:23] [WARN] [scheduler][NetworkStatusTask][Device][onStatusChanged]：设备ID=12020 连接中->错误，IP端口=127.0.0.1:519
[2026-06-04 18:58:23] [ERROR] [persistInsert] 警报日志数据库不可用，丢弃警报
警报ID: 2120202001
设备标识: 12020
告警类型: 2001(Device Offline)
[2026-06-04 18:58:23] [WARN] [scheduler][NetworkStatusTask][Device][onStatusChanged]：设备ID=12061 连接中->错误，IP端口=127.0.0.1:560
[2026-06-04 18:58:23] [ERROR] [persistInsert] 警报日志数据库不可用，丢弃警报
警报ID: 2120612001
设备标识: 12061
告警类型: 2001(Device Offline)
[2026-06-04 18:58:23] [WARN] [scheduler][NetworkStatusTask][Device][onStatusChanged]：设备ID=12016 连接中->错误，IP端口=127.0.0.1:515
[2026-06-04 18:58:23] [WARN] [submitAlarm] 提交警报
警报ID: 2120162001
告警类型: 2001(Device Offline)
警报级别: 2(错误/Error)
设备标识: 12016
描述: [qrcode: 12016] Device Offline
[2026-06-04 18:58:23] [ERROR] [persistInsert] 警报日志数据库不可用，丢弃警报
警报ID: 2120162001
设备标识: 12016
告警类型: 2001(Device Offline)
[2026-06-04 18:58:23] [WARN] [scheduler][NetworkStatusTask][Device][onStatusChanged]：设备ID=12050 连接中->错误，IP端口=127.0.0.1:549
[2026-06-04 18:58:23] [WARN] [submitAlarm] 提交警报
警报ID: 2120502001
告警类型: 2001(Device Offline)
警报级别: 2(错误/Error)
设备标识: 12050
描述: [qrcode: 12050] Device Offline
[2026-06-04 18:58:23] [ERROR] [persistInsert] 警报日志数据库不可用，丢弃警报
警报ID: 2120502001
设备标识: 12050
告警类型: 2001(Device Offline)
[2026-06-04 18:58:23] [WARN] [scheduler][NetworkStatusTask][Device][onStatusChanged]：设备ID=12063 连接中->错误，IP端口=127.0.0.1:562
[2026-06-04 18:58:23] [WARN] [submitAlarm] 提交警报
警报ID: 2120612001
告警类型: 2001(Device Offline)
警报级别: 2(错误/Error)
设备标识: 12061
描述: [qrcode: 12061] Device Offline
[2026-06-04 18:58:23] [WARN] [scheduler][NetworkStatusTask][Device][onStatusChanged]：设备ID=12074 连接中->错误，IP端口=127.0.0.1:573
[2026-06-04 18:58:23] [WARN] [submitAlarm] 提交警报
警报ID: 2120202001
告警类型: 2001(Device Offline)
警报级别: 2(错误/Error)
设备标识: 12020
描述: [qrcode: 12020] Device Offline
[2026-06-04 18:58:23] [ERROR] [persistInsert] 警报日志数据库不可用，丢弃警报
警报ID: 2120632001
设备标识: 12063
告警类型: 2001(Device Offline)
[2026-06-04 18:58:23] [WARN] [submitAlarm] 提交警报
警报ID: 2120632001
告警类型: 2001(Device Offline)
警报级别: 2(错误/Error)
设备标识: 12063
描述: [qrcode: 12063] Device Offline
[2026-06-04 18:58:23] [WARN] [submitAlarm] 提交警报
警报ID: 2120742001
告警类型: 2001(Device Offline)
警报级别: 2(错误/Error)
设备标识: 12074
描述: [qrcode: 12074] Device Offline
[2026-06-04 18:58:23] [WARN] [submitAlarm] 提交警报
警报ID: 2120542001
告警类型: 2001(Device Offline)
警报级别: 2(错误/Error)
设备标识: 12054
描述: [qrcode: 12054] Device Offline
[2026-06-04 18:58:23] [ERROR] [persistInsert] 警报日志数据库不可用，丢弃警报
警报ID: 2120742001
设备标识: 12074
告警类型: 2001(Device Offline)
[2026-06-04 18:58:23] [ERROR] [persistInsert] 警报日志数据库不可用，丢弃警报
警报ID: 2120542001
设备标识: 12054
告警类型: 2001(Device Offline)
[2026-06-04 18:58:23] [WARN] [scheduler][NetworkStatusTask][Device][onStatusChanged]：设备ID=12058 连接中->错误，IP端口=127.0.0.1:557
[2026-06-04 18:58:23] [ERROR] [persistInsert] 警报日志数据库不可用，丢弃警报
警报ID: 2120582001
设备标识: 12058
告警类型: 2001(Device Offline)
[2026-06-04 18:58:23] [WARN] [scheduler][NetworkStatusTask][Device][onStatusChanged]：设备ID=12054 连接中->错误，IP端口=127.0.0.1:553
[2026-06-04 18:58:23] [WARN] [scheduler][NetworkStatusTask][Device][onStatusChanged]：设备ID=12051 连接中->错误，IP端口=127.0.0.1:550
[2026-06-04 18:58:23] [WARN] [submitAlarm] 提交警报
警报ID: 2120582001
告警类型: 2001(Device Offline)
警报级别: 2(错误/Error)
设备标识: 12058
描述: [qrcode: 12058] Device Offline
[2026-06-04 18:58:23] [WARN] [submitAlarm] 提交警报
警报ID: 2120512001
告警类型: 2001(Device Offline)
警报级别: 2(错误/Error)
设备标识: 12051
描述: [qrcode: 12051] Device Offline
[2026-06-04 18:58:23] [ERROR] [persistInsert] 警报日志数据库不可用，丢弃警报
警报ID: 2120512001
设备标识: 12051
告警类型: 2001(Device Offline)
[2026-06-04 18:58:23] [WARN] [scheduler][NetworkStatusTask][Device][onStatusChanged]：设备ID=12062 连接中->错误，IP端口=127.0.0.1:561
[2026-06-04 18:58:23] [WARN] [submitAlarm] 提交警报
警报ID: 2120622001
告警类型: 2001(Device Offline)
警报级别: 2(错误/Error)
设备标识: 12062
描述: [qrcode: 12062] Device Offline
[2026-06-04 18:58:23] [ERROR] [persistInsert] 警报日志数据库不可用，丢弃警报
警报ID: 2120622001
设备标识: 12062
告警类型: 2001(Device Offline)
[2026-06-04 18:58:23] [WARN] [scheduler][NetworkStatusTask][Device][onStatusChanged]：设备ID=12057 连接中->错误，IP端口=127.0.0.1:556
[2026-06-04 18:58:23] [WARN] [submitAlarm] 提交警报
警报ID: 2120572001
告警类型: 2001(Device Offline)
警报级别: 2(错误/Error)
设备标识: 12057
描述: [qrcode: 12057] Device Offline
[2026-06-04 18:58:23] [ERROR] [persistInsert] 警报日志数据库不可用，丢弃警报
警报ID: 2120572001
设备标识: 12057
告警类型: 2001(Device Offline)
[2026-06-04 18:58:23] [WARN] [scheduler][NetworkStatusTask][Device][onStatusChanged]：设备ID=12046 连接中->错误，IP端口=127.0.0.1:545
[2026-06-04 18:58:23] [WARN] [submitAlarm] 提交警报
警报ID: 2120462001
告警类型: 2001(Device Offline)
警报级别: 2(错误/Error)
设备标识: 12046
描述: [qrcode: 12046] Device Offline
[2026-06-04 18:58:23] [ERROR] [persistInsert] 警报日志数据库不可用，丢弃警报
警报ID: 2120462001
设备标识: 12046
告警类型: 2001(Device Offline)
[2026-06-04 18:58:23] [WARN] [scheduler][NetworkStatusTask][Device][onStatusChanged]：设备ID=12052 连接中->错误，IP端口=127.0.0.1:551
[2026-06-04 18:58:23] [WARN] [submitAlarm] 提交警报
警报ID: 2120522001
告警类型: 2001(Device Offline)
警报级别: 2(错误/Error)
设备标识: 12052
描述: [qrcode: 12052] Device Offline
[2026-06-04 18:58:23] [ERROR] [persistInsert] 警报日志数据库不可用，丢弃警报
警报ID: 2120522001
设备标识: 12052
告警类型: 2001(Device Offline)
[2026-06-04 18:58:23] [WARN] [scheduler][NetworkStatusTask][Device][onStatusChanged]：设备ID=12060 连接中->错误，IP端口=127.0.0.1:559
[2026-06-04 18:58:23] [WARN] [submitAlarm] 提交警报
警报ID: 2120602001
告警类型: 2001(Device Offline)
警报级别: 2(错误/Error)
设备标识: 12060
描述: [qrcode: 12060] Device Offline
[2026-06-04 18:58:23] [ERROR] [persistInsert] 警报日志数据库不可用，丢弃警报
警报ID: 2120602001
设备标识: 12060
告警类型: 2001(Device Offline)
[2026-06-04 18:58:23] [WARN] [scheduler][NetworkStatusTask][Device][onStatusChanged]：设备ID=12053 连接中->错误，IP端口=127.0.0.1:552
[2026-06-04 18:58:23] [WARN] [submitAlarm] 提交警报
警报ID: 2120532001
告警类型: 2001(Device Offline)
警报级别: 2(错误/Error)
设备标识: 12053
描述: [qrcode: 12053] Device Offline
[2026-06-04 18:58:23] [ERROR] [persistInsert] 警报日志数据库不可用，丢弃警报
警报ID: 2120532001
设备标识: 12053
告警类型: 2001(Device Offline)
[2026-06-04 18:58:23] [WARN] [scheduler][NetworkStatusTask][Device][onStatusChanged]：设备ID=12049 连接中->错误，IP端口=127.0.0.1:548
[2026-06-04 18:58:23] [WARN] [submitAlarm] 提交警报
警报ID: 2120492001
告警类型: 2001(Device Offline)
警报级别: 2(错误/Error)
设备标识: 12049
描述: [qrcode: 12049] Device Offline
[2026-06-04 18:58:23] [ERROR] [persistInsert] 警报日志数据库不可用，丢弃警报
警报ID: 2120492001
设备标识: 12049
告警类型: 2001(Device Offline)
[2026-06-04 18:58:23] [WARN] [scheduler][NetworkStatusTask][Device][onStatusChanged]：设备ID=12055 连接中->错误，IP端口=127.0.0.1:554
[2026-06-04 18:58:23] [ERROR] [persistInsert] 警报日志数据库不可用，丢弃警报
警报ID: 2120552001
设备标识: 12055
告警类型: 2001(Device Offline)
[2026-06-04 18:58:23] [WARN] [scheduler][NetworkStatusTask][Device][onStatusChanged]：设备ID=12048 连接中->错误，IP端口=127.0.0.1:547
[2026-06-04 18:58:23] [WARN] [submitAlarm] 提交警报
警报ID: 2120482001
告警类型: 2001(Device Offline)
警报级别: 2(错误/Error)
设备标识: 12048
描述: [qrcode: 12048] Device Offline
[2026-06-04 18:58:23] [WARN] [submitAlarm] 提交警报
警报ID: 2120552001
告警类型: 2001(Device Offline)
警报级别: 2(错误/Error)
设备标识: 12055
描述: [qrcode: 12055] Device Offline
[2026-06-04 18:58:23] [ERROR] [persistInsert] 警报日志数据库不可用，丢弃警报
警报ID: 2120482001
设备标识: 12048
告警类型: 2001(Device Offline)
[2026-06-04 18:58:23] [WARN] [scheduler][NetworkStatusTask][Device][onStatusChanged]：设备ID=12067 连接中->错误，IP端口=127.0.0.1:566
[2026-06-04 18:58:23] [WARN] [submitAlarm] 提交警报
警报ID: 2120672001
告警类型: 2001(Device Offline)
警报级别: 2(错误/Error)
设备标识: 12067
描述: [qrcode: 12067] Device Offline
[2026-06-04 18:58:23] [ERROR] [persistInsert] 警报日志数据库不可用，丢弃警报
警报ID: 2120672001
设备标识: 12067
告警类型: 2001(Device Offline)
[2026-06-04 18:58:23] [WARN] [scheduler][NetworkStatusTask][Device][onStatusChanged]：设备ID=12080 连接中->错误，IP端口=127.0.0.1:579
[2026-06-04 18:58:23] [WARN] [submitAlarm] 提交警报
警报ID: 2120802001
告警类型: 2001(Device Offline)
警报级别: 2(错误/Error)
设备标识: 12080
描述: [qrcode: 12080] Device Offline
[2026-06-04 18:58:23] [ERROR] [persistInsert] 警报日志数据库不可用，丢弃警报
警报ID: 2120802001
设备标识: 12080
告警类型: 2001(Device Offline)
[2026-06-04 18:58:23] [WARN] [scheduler][NetworkStatusTask][Device][onStatusChanged]：设备ID=12047 连接中->错误，IP端口=127.0.0.1:546
[2026-06-04 18:58:23] [WARN] [submitAlarm] 提交警报
警报ID: 2120472001
告警类型: 2001(Device Offline)
警报级别: 2(错误/Error)
设备标识: 12047
描述: [qrcode: 12047] Device Offline
[2026-06-04 18:58:23] [ERROR] [persistInsert] 警报日志数据库不可用，丢弃警报
警报ID: 2120472001
设备标识: 12047
告警类型: 2001(Device Offline)
[2026-06-04 18:58:23] [WARN] [scheduler][NetworkStatusTask][Device][onStatusChanged]：设备ID=12064 连接中->错误，IP端口=127.0.0.1:563
[2026-06-04 18:58:23] [WARN] [submitAlarm] 提交警报
警报ID: 2120642001
告警类型: 2001(Device Offline)
警报级别: 2(错误/Error)
设备标识: 12064
描述: [qrcode: 12064] Device Offline
[2026-06-04 18:58:23] [ERROR] [persistInsert] 警报日志数据库不可用，丢弃警报
警报ID: 2120642001
设备标识: 12064
告警类型: 2001(Device Offline)
[2026-06-04 18:58:23] [WARN] [scheduler][NetworkStatusTask][Device][onStatusChanged]：设备ID=12056 连接中->错误，IP端口=127.0.0.1:555
[2026-06-04 18:58:23] [WARN] [submitAlarm] 提交警报
警报ID: 2120562001
告警类型: 2001(Device Offline)
警报级别: 2(错误/Error)
设备标识: 12056
描述: [qrcode: 12056] Device Offline
[2026-06-04 18:58:23] [ERROR] [persistInsert] 警报日志数据库不可用，丢弃警报
警报ID: 2120562001
设备标识: 12056
告警类型: 2001(Device Offline)
[2026-06-04 18:58:23] [INFO] [CraneMapWidget::refreshDeviceData]Updated 20 devices
[2026-06-04 18:58:24] [INFO] [CraneMapWidget::refreshDeviceData]Updated 20 devices
[2026-06-04 18:58:25] [INFO] [CraneMapWidget::refreshDeviceData]Updated 20 devices
[2026-06-04 18:58:26] [INFO] [CraneMapWidget::refreshDeviceData]Updated 20 devices
[2026-06-04 18:58:27] [INFO] [CraneMapWidget::refreshDeviceData]Updated 20 devices
[2026-06-04 18:58:28] [INFO] [CraneMapWidget::refreshDeviceData]Updated 20 devices
[2026-06-04 18:58:29] [INFO] [CraneMapWidget::refreshDeviceData]Updated 20 devices
[2026-06-04 18:58:30] [INFO] ################################################################################
############################# SH85_PERIODIC_ROUND_BEGIN #############################
任务名称: SH85PeriodicSelfCheckTask
模式: 周期自检
轮次ID: 20260604_185830_263
开始时间: 2026-06-04 18:58:30
结束时间: 2026-06-04 18:58:30
总设备数: 80
参与设备数: 80
成功设备数: 0
失败设备数: 80
跳过设备数: 0
结果: 失败
失败设备: 12001, 12002, 12003, 12004, 12005, 12006, 12007, 12008, 12009, 12010, 12011, 12012, 12013, 12014, 12015, 12016, 12017, 12018, 12019, 12020, 12021, 12022, 12023, 12024, 12025, 12026, 12027, 12028, 12029, 12030, 12031, 12032, 12033, 12034, 12035, 12036, 12037, 12038, 12039, 12040, 12041, 12042, 12043, 12044, 12045, 12046, 12047, 12048, 12049, 12050, 12051, 12052, 12053, 12054, 12055, 12056, 12057, 12058, 12059, 12060, 12061, 12062, 12063, 12064, 12065, 12066, 12067, 12068, 12069, 12070, 12071, 12072, 12073, 12074, 12075, 12076, 12077, 12078, 12079, 12080
跳过设备: 无
----------------------------- 设备执行记录列表 -----------------------------
[设备记录 1/80 BEGIN] QRCode=12001 轮次ID=20260604_185830_263
============================= SH85SelfCheck 执行记录 =============================
任务名称: SH85SelfCheck
模式: 周期自检
轮次ID: 20260604_185830_263
设备: 12001
结果: 失败
结果码: StartCommandFailed
说明: 设备未连接
开始时间: 2026-06-04 18:58:30.263
结束时间: 2026-06-04 18:58:30.264
耗时: 1 ms
----------------------------- 执行明细 -----------------------------
自检任务开始
总时长: 70 s
指令下发明细: 未下发
指令: StartSelfCheck
所属阶段: 阶段1 - 下发启动自检指令
发送时间: -
响应时间: -
发送次数: 0/1
请求帧: 01 06 00 17 00 A5
响应帧: 未下发, 设备未连接
处理结果: 未下发
启动失败
原因: 设备未连接
============================= SH85SelfCheck 执行记录结束 =============================
[设备记录 1/80 END] QRCode=12001 轮次ID=20260604_185830_263
[设备记录 2/80 BEGIN] QRCode=12002 轮次ID=20260604_185830_263
============================= SH85SelfCheck 执行记录 =============================
任务名称: SH85SelfCheck
模式: 周期自检
轮次ID: 20260604_185830_263
设备: 12002
结果: 失败
结果码: StartCommandFailed
说明: 设备未连接
开始时间: 2026-06-04 18:58:30.263
结束时间: 2026-06-04 18:58:30.264
耗时: 1 ms
----------------------------- 执行明细 -----------------------------
自检任务开始
总时长: 70 s
指令下发明细: 未下发
指令: StartSelfCheck
所属阶段: 阶段1 - 下发启动自检指令
发送时间: -
响应时间: -
发送次数: 0/1
请求帧: 01 06 00 17 00 A5
响应帧: 未下发, 设备未连接
处理结果: 未下发
启动失败
原因: 设备未连接
============================= SH85SelfCheck 执行记录结束 =============================
[设备记录 2/80 END] QRCode=12002 轮次ID=20260604_185830_263
[设备记录 3/80 BEGIN] QRCode=12003 轮次ID=20260604_185830_263
============================= SH85SelfCheck 执行记录 =============================
任务名称: SH85SelfCheck
模式: 周期自检
轮次ID: 20260604_185830_263
设备: 12003
结果: 失败
结果码: StartCommandFailed
说明: 设备未连接
开始时间: 2026-06-04 18:58:30.263
结束时间: 2026-06-04 18:58:30.264
耗时: 1 ms
----------------------------- 执行明细 -----------------------------
自检任务开始
总时长: 70 s
指令下发明细: 未下发
指令: StartSelfCheck
所属阶段: 阶段1 - 下发启动自检指令
发送时间: -
响应时间: -
发送次数: 0/1
请求帧: 01 06 00 17 00 A5
响应帧: 未下发, 设备未连接
处理结果: 未下发
启动失败
原因: 设备未连接
============================= SH85SelfCheck 执行记录结束 =============================
[设备记录 3/80 END] QRCode=12003 轮次ID=20260604_185830_263
[设备记录 4/80 BEGIN] QRCode=12004 轮次ID=20260604_185830_263
============================= SH85SelfCheck 执行记录 =============================
任务名称: SH85SelfCheck
模式: 周期自检
轮次ID: 20260604_185830_263
设备: 12004
结果: 失败
结果码: StartCommandFailed
说明: 设备未连接
开始时间: 2026-06-04 18:58:30.263
结束时间: 2026-06-04 18:58:30.264
耗时: 1 ms
----------------------------- 执行明细 -----------------------------
自检任务开始
总时长: 70 s
指令下发明细: 未下发
指令: StartSelfCheck
所属阶段: 阶段1 - 下发启动自检指令
发送时间: -
响应时间: -
发送次数: 0/1
请求帧: 01 06 00 17 00 A5
响应帧: 未下发, 设备未连接
处理结果: 未下发
启动失败
原因: 设备未连接
============================= SH85SelfCheck 执行记录结束 =============================
[设备记录 4/80 END] QRCode=12004 轮次ID=20260604_185830_263
[设备记录 5/80 BEGIN] QRCode=12005 轮次ID=20260604_185830_263
============================= SH85SelfCheck 执行记录 =============================
任务名称: SH85SelfCheck
模式: 周期自检
轮次ID: 20260604_185830_263
设备: 12005
结果: 失败
结果码: StartCommandFailed
说明: 设备未连接
开始时间: 2026-06-04 18:58:30.263
结束时间: 2026-06-04 18:58:30.264
耗时: 1 ms
----------------------------- 执行明细 -----------------------------
自检任务开始
总时长: 70 s
指令下发明细: 未下发
指令: StartSelfCheck
所属阶段: 阶段1 - 下发启动自检指令
发送时间: -
响应时间: -
发送次数: 0/1
请求帧: 01 06 00 17 00 A5
响应帧: 未下发, 设备未连接
处理结果: 未下发
启动失败
原因: 设备未连接
============================= SH85SelfCheck 执行记录结束 =============================
[设备记录 5/80 END] QRCode=12005 轮次ID=20260604_185830_263
[设备记录 6/80 BEGIN] QRCode=12006 轮次ID=20260604_185830_263
============================= SH85SelfCheck 执行记录 =============================
任务名称: SH85SelfCheck
模式: 周期自检
轮次ID: 20260604_185830_263
设备: 12006
结果: 失败
结果码: StartCommandFailed
说明: 设备未连接
开始时间: 2026-06-04 18:58:30.263
结束时间: 2026-06-04 18:58:30.264
耗时: 1 ms
----------------------------- 执行明细 -----------------------------
自检任务开始
总时长: 70 s
指令下发明细: 未下发
指令: StartSelfCheck
所属阶段: 阶段1 - 下发启动自检指令
发送时间: -
响应时间: -
发送次数: 0/1
请求帧: 01 06 00 17 00 A5
响应帧: 未下发, 设备未连接
处理结果: 未下发
启动失败
原因: 设备未连接
============================= SH85SelfCheck 执行记录结束 =============================
[设备记录 6/80 END] QRCode=12006 轮次ID=20260604_185830_263
[设备记录 7/80 BEGIN] QRCode=12007 轮次ID=20260604_185830_263
============================= SH85SelfCheck 执行记录 =============================
任务名称: SH85SelfCheck
模式: 周期自检
轮次ID: 20260604_185830_263
设备: 12007
结果: 失败
结果码: StartCommandFailed
说明: 设备未连接
开始时间: 2026-06-04 18:58:30.263
结束时间: 2026-06-04 18:58:30.264
耗时: 1 ms
----------------------------- 执行明细 -----------------------------
自检任务开始
总时长: 70 s
指令下发明细: 未下发
指令: StartSelfCheck
所属阶段: 阶段1 - 下发启动自检指令
发送时间: -
响应时间: -
发送次数: 0/1
请求帧: 01 06 00 17 00 A5
响应帧: 未下发, 设备未连接
处理结果: 未下发
启动失败
原因: 设备未连接
============================= SH85SelfCheck 执行记录结束 =============================
[设备记录 7/80 END] QRCode=12007 轮次ID=20260604_185830_263
[设备记录 8/80 BEGIN] QRCode=12008 轮次ID=20260604_185830_263
============================= SH85SelfCheck 执行记录 =============================
任务名称: SH85SelfCheck
模式: 周期自检
轮次ID: 20260604_185830_263
设备: 12008
结果: 失败
结果码: StartCommandFailed
说明: 设备未连接
开始时间: 2026-06-04 18:58:30.263
结束时间: 2026-06-04 18:58:30.264
耗时: 1 ms
----------------------------- 执行明细 -----------------------------
自检任务开始
总时长: 70 s
指令下发明细: 未下发
指令: StartSelfCheck
所属阶段: 阶段1 - 下发启动自检指令
发送时间: -
响应时间: -
发送次数: 0/1
请求帧: 01 06 00 17 00 A5
响应帧: 未下发, 设备未连接
处理结果: 未下发
启动失败
原因: 设备未连接
============================= SH85SelfCheck 执行记录结束 =============================
[设备记录 8/80 END] QRCode=12008 轮次ID=20260604_185830_263
[设备记录 9/80 BEGIN] QRCode=12009 轮次ID=20260604_185830_263
============================= SH85SelfCheck 执行记录 =============================
任务名称: SH85SelfCheck
模式: 周期自检
轮次ID: 20260604_185830_263
设备: 12009
结果: 失败
结果码: StartCommandFailed
说明: 设备未连接
开始时间: 2026-06-04 18:58:30.263
结束时间: 2026-06-04 18:58:30.264
耗时: 1 ms
----------------------------- 执行明细 -----------------------------
自检任务开始
总时长: 70 s
指令下发明细: 未下发
指令: StartSelfCheck
所属阶段: 阶段1 - 下发启动自检指令
发送时间: -
响应时间: -
发送次数: 0/1
请求帧: 01 06 00 17 00 A5
响应帧: 未下发, 设备未连接
处理结果: 未下发
启动失败
原因: 设备未连接
============================= SH85SelfCheck 执行记录结束 =============================
[设备记录 9/80 END] QRCode=12009 轮次ID=20260604_185830_263
[设备记录 10/80 BEGIN] QRCode=12010 轮次ID=20260604_185830_263
============================= SH85SelfCheck 执行记录 =============================
任务名称: SH85SelfCheck
模式: 周期自检
轮次ID: 20260604_185830_263
设备: 12010
结果: 失败
结果码: StartCommandFailed
说明: 设备未连接
开始时间: 2026-06-04 18:58:30.263
结束时间: 2026-06-04 18:58:30.265
耗时: 2 ms
----------------------------- 执行明细 -----------------------------
自检任务开始
总时长: 70 s
指令下发明细: 未下发
指令: StartSelfCheck
所属阶段: 阶段1 - 下发启动自检指令
发送时间: -
响应时间: -
发送次数: 0/1
请求帧: 01 06 00 17 00 A5
响应帧: 未下发, 设备未连接
处理结果: 未下发
启动失败
原因: 设备未连接
============================= SH85SelfCheck 执行记录结束 =============================
[设备记录 10/80 END] QRCode=12010 轮次ID=20260604_185830_263
[设备记录 11/80 BEGIN] QRCode=12011 轮次ID=20260604_185830_263
============================= SH85SelfCheck 执行记录 =============================
任务名称: SH85SelfCheck
模式: 周期自检
轮次ID: 20260604_185830_263
设备: 12011
结果: 失败
结果码: StartCommandFailed
说明: 设备未连接
开始时间: 2026-06-04 18:58:30.263
结束时间: 2026-06-04 18:58:30.265
耗时: 2 ms
----------------------------- 执行明细 -----------------------------
自检任务开始
总时长: 70 s
指令下发明细: 未下发
指令: StartSelfCheck
所属阶段: 阶段1 - 下发启动自检指令
发送时间: -
响应时间: -
发送次数: 0/1
请求帧: 01 06 00 17 00 A5
响应帧: 未下发, 设备未连接
处理结果: 未下发
启动失败
原因: 设备未连接
============================= SH85SelfCheck 执行记录结束 =============================
[设备记录 11/80 END] QRCode=12011 轮次ID=20260604_185830_263
[设备记录 12/80 BEGIN] QRCode=12012 轮次ID=20260604_185830_263
============================= SH85SelfCheck 执行记录 =============================
任务名称: SH85SelfCheck
模式: 周期自检
轮次ID: 20260604_185830_263
设备: 12012
结果: 失败
结果码: StartCommandFailed
说明: 设备未连接
开始时间: 2026-06-04 18:58:30.263
结束时间: 2026-06-04 18:58:30.265
耗时: 2 ms
----------------------------- 执行明细 -----------------------------
自检任务开始
总时长: 70 s
指令下发明细: 未下发
指令: StartSelfCheck
所属阶段: 阶段1 - 下发启动自检指令
发送时间: -
响应时间: -
发送次数: 0/1
请求帧: 01 06 00 17 00 A5
响应帧: 未下发, 设备未连接
处理结果: 未下发
启动失败
原因: 设备未连接
============================= SH85SelfCheck 执行记录结束 =============================
[设备记录 12/80 END] QRCode=12012 轮次ID=20260604_185830_263
[设备记录 13/80 BEGIN] QRCode=12013 轮次ID=20260604_185830_263
============================= SH85SelfCheck 执行记录 =============================
任务名称: SH85SelfCheck
模式: 周期自检
轮次ID: 20260604_185830_263
设备: 12013
结果: 失败
结果码: StartCommandFailed
说明: 设备未连接
开始时间: 2026-06-04 18:58:30.263
结束时间: 2026-06-04 18:58:30.265
耗时: 2 ms
----------------------------- 执行明细 -----------------------------
自检任务开始
总时长: 70 s
指令下发明细: 未下发
指令: StartSelfCheck
所属阶段: 阶段1 - 下发启动自检指令
发送时间: -
响应时间: -
发送次数: 0/1
请求帧: 01 06 00 17 00 A5
响应帧: 未下发, 设备未连接
处理结果: 未下发
启动失败
原因: 设备未连接
============================= SH85SelfCheck 执行记录结束 =============================
[设备记录 13/80 END] QRCode=12013 轮次ID=20260604_185830_263
[设备记录 14/80 BEGIN] QRCode=12014 轮次ID=20260604_185830_263
============================= SH85SelfCheck 执行记录 =============================
任务名称: SH85SelfCheck
模式: 周期自检
轮次ID: 20260604_185830_263
设备: 12014
结果: 失败
结果码: StartCommandFailed
说明: 设备未连接
开始时间: 2026-06-04 18:58:30.263
结束时间: 2026-06-04 18:58:30.265
耗时: 2 ms
----------------------------- 执行明细 -----------------------------
自检任务开始
总时长: 70 s
指令下发明细: 未下发
指令: StartSelfCheck
所属阶段: 阶段1 - 下发启动自检指令
发送时间: -
响应时间: -
发送次数: 0/1
请求帧: 01 06 00 17 00 A5
响应帧: 未下发, 设备未连接
处理结果: 未下发
启动失败
原因: 设备未连接
============================= SH85SelfCheck 执行记录结束 =============================
[设备记录 14/80 END] QRCode=12014 轮次ID=20260604_185830_263
[设备记录 15/80 BEGIN] QRCode=12015 轮次ID=20260604_185830_263
============================= SH85SelfCheck 执行记录 =============================
任务名称: SH85SelfCheck
模式: 周期自检
轮次ID: 20260604_185830_263
设备: 12015
结果: 失败
结果码: StartCommandFailed
说明: 设备未连接
开始时间: 2026-06-04 18:58:30.263
结束时间: 2026-06-04 18:58:30.265
耗时: 2 ms
----------------------------- 执行明细 -----------------------------
自检任务开始
总时长: 70 s
指令下发明细: 未下发
指令: StartSelfCheck
所属阶段: 阶段1 - 下发启动自检指令
发送时间: -
响应时间: -
发送次数: 0/1
请求帧: 01 06 00 17 00 A5
响应帧: 未下发, 设备未连接
处理结果: 未下发
启动失败
原因: 设备未连接
============================= SH85SelfCheck 执行记录结束 =============================
[设备记录 15/80 END] QRCode=12015 轮次ID=20260604_185830_263
[设备记录 16/80 BEGIN] QRCode=12016 轮次ID=20260604_185830_263
============================= SH85SelfCheck 执行记录 =============================
任务名称: SH85SelfCheck
模式: 周期自检
轮次ID: 20260604_185830_263
设备: 12016
结果: 失败
结果码: StartCommandFailed
说明: 设备未连接
开始时间: 2026-06-04 18:58:30.263
结束时间: 2026-06-04 18:58:30.265
耗时: 2 ms
----------------------------- 执行明细 -----------------------------
自检任务开始
总时长: 70 s
指令下发明细: 未下发
指令: StartSelfCheck
所属阶段: 阶段1 - 下发启动自检指令
发送时间: -
响应时间: -
发送次数: 0/1
请求帧: 01 06 00 17 00 A5
响应帧: 未下发, 设备未连接
处理结果: 未下发
启动失败
原因: 设备未连接
============================= SH85SelfCheck 执行记录结束 =============================
[设备记录 16/80 END] QRCode=12016 轮次ID=20260604_185830_263
[设备记录 17/80 BEGIN] QRCode=12017 轮次ID=20260604_185830_263
============================= SH85SelfCheck 执行记录 =============================
任务名称: SH85SelfCheck
模式: 周期自检
轮次ID: 20260604_185830_263
设备: 12017
结果: 失败
结果码: StartCommandFailed
说明: 设备未连接
开始时间: 2026-06-04 18:58:30.263
结束时间: 2026-06-04 18:58:30.265
耗时: 2 ms
----------------------------- 执行明细 -----------------------------
自检任务开始
总时长: 70 s
指令下发明细: 未下发
指令: StartSelfCheck
所属阶段: 阶段1 - 下发启动自检指令
发送时间: -
响应时间: -
发送次数: 0/1
请求帧: 01 06 00 17 00 A5
响应帧: 未下发, 设备未连接
处理结果: 未下发
启动失败
原因: 设备未连接
============================= SH85SelfCheck 执行记录结束 =============================
[设备记录 17/80 END] QRCode=12017 轮次ID=20260604_185830_263
[设备记录 18/80 BEGIN] QRCode=12018 轮次ID=20260604_185830_263
============================= SH85SelfCheck 执行记录 =============================
任务名称: SH85SelfCheck
模式: 周期自检
轮次ID: 20260604_185830_263
设备: 12018
结果: 失败
结果码: StartCommandFailed
说明: 设备未连接
开始时间: 2026-06-04 18:58:30.263
结束时间: 2026-06-04 18:58:30.265
耗时: 2 ms
----------------------------- 执行明细 -----------------------------
自检任务开始
总时长: 70 s
指令下发明细: 未下发
指令: StartSelfCheck
所属阶段: 阶段1 - 下发启动自检指令
发送时间: -
响应时间: -
发送次数: 0/1
请求帧: 01 06 00 17 00 A5
响应帧: 未下发, 设备未连接
处理结果: 未下发
启动失败
原因: 设备未连接
============================= SH85SelfCheck 执行记录结束 =============================
[设备记录 18/80 END] QRCode=12018 轮次ID=20260604_185830_263
[设备记录 19/80 BEGIN] QRCode=12019 轮次ID=20260604_185830_263
============================= SH85SelfCheck 执行记录 =============================
任务名称: SH85SelfCheck
模式: 周期自检
轮次ID: 20260604_185830_263
设备: 12019
结果: 失败
结果码: StartCommandFailed
说明: 设备未连接
开始时间: 2026-06-04 18:58:30.263
结束时间: 2026-06-04 18:58:30.266
耗时: 3 ms
----------------------------- 执行明细 -----------------------------
自检任务开始
总时长: 70 s
指令下发明细: 未下发
指令: StartSelfCheck
所属阶段: 阶段1 - 下发启动自检指令
发送时间: -
响应时间: -
发送次数: 0/1
请求帧: 01 06 00 17 00 A5
响应帧: 未下发, 设备未连接
处理结果: 未下发
启动失败
原因: 设备未连接
============================= SH85SelfCheck 执行记录结束 =============================
[设备记录 19/80 END] QRCode=12019 轮次ID=20260604_185830_263
[设备记录 20/80 BEGIN] QRCode=12020 轮次ID=20260604_185830_263
============================= SH85SelfCheck 执行记录 =============================
任务名称: SH85SelfCheck
模式: 周期自检
轮次ID: 20260604_185830_263
设备: 12020
结果: 失败
结果码: StartCommandFailed
说明: 设备未连接
开始时间: 2026-06-04 18:58:30.263
结束时间: 2026-06-04 18:58:30.266
耗时: 3 ms
----------------------------- 执行明细 -----------------------------
自检任务开始
总时长: 70 s
指令下发明细: 未下发
指令: StartSelfCheck
所属阶段: 阶段1 - 下发启动自检指令
发送时间: -
响应时间: -
发送次数: 0/1
请求帧: 01 06 00 17 00 A5
响应帧: 未下发, 设备未连接
处理结果: 未下发
启动失败
原因: 设备未连接
============================= SH85SelfCheck 执行记录结束 =============================
[设备记录 20/80 END] QRCode=12020 轮次ID=20260604_185830_263
[设备记录 21/80 BEGIN] QRCode=12021 轮次ID=20260604_185830_263
============================= SH85SelfCheck 执行记录 =============================
任务名称: SH85SelfCheck
模式: 周期自检
轮次ID: 20260604_185830_263
设备: 12021
结果: 失败
结果码: StartCommandFailed
说明: 设备未连接
开始时间: 2026-06-04 18:58:30.263
结束时间: 2026-06-04 18:58:30.266
耗时: 3 ms
----------------------------- 执行明细 -----------------------------
自检任务开始
总时长: 70 s
指令下发明细: 未下发
指令: StartSelfCheck
所属阶段: 阶段1 - 下发启动自检指令
发送时间: -
响应时间: -
发送次数: 0/1
请求帧: 01 06 00 17 00 A5
响应帧: 未下发, 设备未连接
处理结果: 未下发
启动失败
原因: 设备未连接
============================= SH85SelfCheck 执行记录结束 =============================
[设备记录 21/80 END] QRCode=12021 轮次ID=20260604_185830_263
[设备记录 22/80 BEGIN] QRCode=12022 轮次ID=20260604_185830_263
============================= SH85SelfCheck 执行记录 =============================
任务名称: SH85SelfCheck
模式: 周期自检
轮次ID: 20260604_185830_263
设备: 12022
结果: 失败
结果码: StartCommandFailed
说明: 设备未连接
开始时间: 2026-06-04 18:58:30.263
结束时间: 2026-06-04 18:58:30.266
耗时: 3 ms
----------------------------- 执行明细 -----------------------------
自检任务开始
总时长: 70 s
指令下发明细: 未下发
指令: StartSelfCheck
所属阶段: 阶段1 - 下发启动自检指令
发送时间: -
响应时间: -
发送次数: 0/1
请求帧: 01 06 00 17 00 A5
响应帧: 未下发, 设备未连接
处理结果: 未下发
启动失败
原因: 设备未连接
============================= SH85SelfCheck 执行记录结束 =============================
[设备记录 22/80 END] QRCode=12022 轮次ID=20260604_185830_263
[设备记录 23/80 BEGIN] QRCode=12023 轮次ID=20260604_185830_263
============================= SH85SelfCheck 执行记录 =============================
任务名称: SH85SelfCheck
模式: 周期自检
轮次ID: 20260604_185830_263
设备: 12023
结果: 失败
结果码: StartCommandFailed
说明: 设备未连接
开始时间: 2026-06-04 18:58:30.263
结束时间: 2026-06-04 18:58:30.266
耗时: 3 ms
----------------------------- 执行明细 -----------------------------
自检任务开始
总时长: 70 s
指令下发明细: 未下发
指令: StartSelfCheck
所属阶段: 阶段1 - 下发启动自检指令
发送时间: -
响应时间: -
发送次数: 0/1
请求帧: 01 06 00 17 00 A5
响应帧: 未下发, 设备未连接
处理结果: 未下发
启动失败
原因: 设备未连接
============================= SH85SelfCheck 执行记录结束 =============================
[设备记录 23/80 END] QRCode=12023 轮次ID=20260604_185830_263
[设备记录 24/80 BEGIN] QRCode=12024 轮次ID=20260604_185830_263
============================= SH85SelfCheck 执行记录 =============================
任务名称: SH85SelfCheck
模式: 周期自检
轮次ID: 20260604_185830_263
设备: 12024
结果: 失败
结果码: StartCommandFailed
说明: 设备未连接
开始时间: 2026-06-04 18:58:30.263
结束时间: 2026-06-04 18:58:30.266
耗时: 3 ms
----------------------------- 执行明细 -----------------------------
自检任务开始
总时长: 70 s
指令下发明细: 未下发
指令: StartSelfCheck
所属阶段: 阶段1 - 下发启动自检指令
发送时间: -
响应时间: -
发送次数: 0/1
请求帧: 01 06 00 17 00 A5
响应帧: 未下发, 设备未连接
处理结果: 未下发
启动失败
原因: 设备未连接
============================= SH85SelfCheck 执行记录结束 =============================
[设备记录 24/80 END] QRCode=12024 轮次ID=20260604_185830_263
[设备记录 25/80 BEGIN] QRCode=12025 轮次ID=20260604_185830_263
============================= SH85SelfCheck 执行记录 =============================
任务名称: SH85SelfCheck
模式: 周期自检
轮次ID: 20260604_185830_263
设备: 12025
结果: 失败
结果码: StartCommandFailed
说明: 设备未连接
开始时间: 2026-06-04 18:58:30.263
结束时间: 2026-06-04 18:58:30.266
耗时: 3 ms
----------------------------- 执行明细 -----------------------------
自检任务开始
总时长: 70 s
指令下发明细: 未下发
指令: StartSelfCheck
所属阶段: 阶段1 - 下发启动自检指令
发送时间: -
响应时间: -
发送次数: 0/1
请求帧: 01 06 00 17 00 A5
响应帧: 未下发, 设备未连接
处理结果: 未下发
启动失败
原因: 设备未连接
============================= SH85SelfCheck 执行记录结束 =============================
[设备记录 25/80 END] QRCode=12025 轮次ID=20260604_185830_263
[设备记录 26/80 BEGIN] QRCode=12026 轮次ID=20260604_185830_263
============================= SH85SelfCheck 执行记录 =============================
任务名称: SH85SelfCheck
模式: 周期自检
轮次ID: 20260604_185830_263
设备: 12026
结果: 失败
结果码: StartCommandFailed
说明: 设备未连接
开始时间: 2026-06-04 18:58:30.263
结束时间: 2026-06-04 18:58:30.266
耗时: 3 ms
----------------------------- 执行明细 -----------------------------
自检任务开始
总时长: 70 s
指令下发明细: 未下发
指令: StartSelfCheck
所属阶段: 阶段1 - 下发启动自检指令
发送时间: -
响应时间: -
发送次数: 0/1
请求帧: 01 06 00 17 00 A5
响应帧: 未下发, 设备未连接
处理结果: 未下发
启动失败
原因: 设备未连接
============================= SH85SelfCheck 执行记录结束 =============================
[设备记录 26/80 END] QRCode=12026 轮次ID=20260604_185830_263
[设备记录 27/80 BEGIN] QRCode=12027 轮次ID=20260604_185830_263
============================= SH85SelfCheck 执行记录 =============================
任务名称: SH85SelfCheck
模式: 周期自检
轮次ID: 20260604_185830_263
设备: 12027
结果: 失败
结果码: StartCommandFailed
说明: 设备未连接
开始时间: 2026-06-04 18:58:30.263
结束时间: 2026-06-04 18:58:30.266
耗时: 3 ms
----------------------------- 执行明细 -----------------------------
自检任务开始
总时长: 70 s
指令下发明细: 未下发
指令: StartSelfCheck
所属阶段: 阶段1 - 下发启动自检指令
发送时间: -
响应时间: -
发送次数: 0/1
请求帧: 01 06 00 17 00 A5
响应帧: 未下发, 设备未连接
处理结果: 未下发
启动失败
原因: 设备未连接
============================= SH85SelfCheck 执行记录结束 =============================
[设备记录 27/80 END] QRCode=12027 轮次ID=20260604_185830_263
[设备记录 28/80 BEGIN] QRCode=12028 轮次ID=20260604_185830_263
============================= SH85SelfCheck 执行记录 =============================
任务名称: SH85SelfCheck
模式: 周期自检
轮次ID: 20260604_185830_263
设备: 12028
结果: 失败
结果码: StartCommandFailed
说明: 设备未连接
开始时间: 2026-06-04 18:58:30.263
结束时间: 2026-06-04 18:58:30.266
耗时: 3 ms
----------------------------- 执行明细 -----------------------------
自检任务开始
总时长: 70 s
指令下发明细: 未下发
指令: StartSelfCheck
所属阶段: 阶段1 - 下发启动自检指令
发送时间: -
响应时间: -
发送次数: 0/1
请求帧: 01 06 00 17 00 A5
响应帧: 未下发, 设备未连接
处理结果: 未下发
启动失败
原因: 设备未连接
============================= SH85SelfCheck 执行记录结束 =============================
[设备记录 28/80 END] QRCode=12028 轮次ID=20260604_185830_263
[设备记录 29/80 BEGIN] QRCode=12029 轮次ID=20260604_185830_263
============================= SH85SelfCheck 执行记录 =============================
任务名称: SH85SelfCheck
模式: 周期自检
轮次ID: 20260604_185830_263
设备: 12029
结果: 失败
结果码: StartCommandFailed
说明: 设备未连接
开始时间: 2026-06-04 18:58:30.263
结束时间: 2026-06-04 18:58:30.266
耗时: 3 ms
----------------------------- 执行明细 -----------------------------
自检任务开始
总时长: 70 s
指令下发明细: 未下发
指令: StartSelfCheck
所属阶段: 阶段1 - 下发启动自检指令
发送时间: -
响应时间: -
发送次数: 0/1
请求帧: 01 06 00 17 00 A5
响应帧: 未下发, 设备未连接
处理结果: 未下发
启动失败
原因: 设备未连接
============================= SH85SelfCheck 执行记录结束 =============================
[设备记录 29/80 END] QRCode=12029 轮次ID=20260604_185830_263
[设备记录 30/80 BEGIN] QRCode=12030 轮次ID=20260604_185830_263
============================= SH85SelfCheck 执行记录 =============================
任务名称: SH85SelfCheck
模式: 周期自检
轮次ID: 20260604_185830_263
设备: 12030
结果: 失败
结果码: StartCommandFailed
说明: 设备未连接
开始时间: 2026-06-04 18:58:30.263
结束时间: 2026-06-04 18:58:30.266
耗时: 3 ms
----------------------------- 执行明细 -----------------------------
自检任务开始
总时长: 70 s
指令下发明细: 未下发
指令: StartSelfCheck
所属阶段: 阶段1 - 下发启动自检指令
发送时间: -
响应时间: -
发送次数: 0/1
请求帧: 01 06 00 17 00 A5
响应帧: 未下发, 设备未连接
处理结果: 未下发
启动失败
原因: 设备未连接
============================= SH85SelfCheck 执行记录结束 =============================
[设备记录 30/80 END] QRCode=12030 轮次ID=20260604_185830_263
[设备记录 31/80 BEGIN] QRCode=12031 轮次ID=20260604_185830_263
============================= SH85SelfCheck 执行记录 =============================
任务名称: SH85SelfCheck
模式: 周期自检
轮次ID: 20260604_185830_263
设备: 12031
结果: 失败
结果码: StartCommandFailed
说明: 设备未连接
开始时间: 2026-06-04 18:58:30.263
结束时间: 2026-06-04 18:58:30.266
耗时: 3 ms
----------------------------- 执行明细 -----------------------------
自检任务开始
总时长: 70 s
指令下发明细: 未下发
指令: StartSelfCheck
所属阶段: 阶段1 - 下发启动自检指令
发送时间: -
响应时间: -
发送次数: 0/1
请求帧: 01 06 00 17 00 A5
响应帧: 未下发, 设备未连接
处理结果: 未下发
启动失败
原因: 设备未连接
============================= SH85SelfCheck 执行记录结束 =============================
[设备记录 31/80 END] QRCode=12031 轮次ID=20260604_185830_263
[设备记录 32/80 BEGIN] QRCode=12032 轮次ID=20260604_185830_263
============================= SH85SelfCheck 执行记录 =============================
任务名称: SH85SelfCheck
模式: 周期自检
轮次ID: 20260604_185830_263
设备: 12032
结果: 失败
结果码: StartCommandFailed
说明: 设备未连接
开始时间: 2026-06-04 18:58:30.263
结束时间: 2026-06-04 18:58:30.266
耗时: 3 ms
----------------------------- 执行明细 -----------------------------
自检任务开始
总时长: 70 s
指令下发明细: 未下发
指令: StartSelfCheck
所属阶段: 阶段1 - 下发启动自检指令
发送时间: -
响应时间: -
发送次数: 0/1
请求帧: 01 06 00 17 00 A5
响应帧: 未下发, 设备未连接
处理结果: 未下发
启动失败
原因: 设备未连接
============================= SH85SelfCheck 执行记录结束 =============================
[设备记录 32/80 END] QRCode=12032 轮次ID=20260604_185830_263
[设备记录 33/80 BEGIN] QRCode=12033 轮次ID=20260604_185830_263
============================= SH85SelfCheck 执行记录 =============================
任务名称: SH85SelfCheck
模式: 周期自检
轮次ID: 20260604_185830_263
设备: 12033
结果: 失败
结果码: StartCommandFailed
说明: 设备未连接
开始时间: 2026-06-04 18:58:30.263
结束时间: 2026-06-04 18:58:30.266
耗时: 3 ms
----------------------------- 执行明细 -----------------------------
自检任务开始
总时长: 70 s
指令下发明细: 未下发
指令: StartSelfCheck
所属阶段: 阶段1 - 下发启动自检指令
发送时间: -
响应时间: -
发送次数: 0/1
请求帧: 01 06 00 17 00 A5
响应帧: 未下发, 设备未连接
处理结果: 未下发
启动失败
原因: 设备未连接
============================= SH85SelfCheck 执行记录结束 =============================
[设备记录 33/80 END] QRCode=12033 轮次ID=20260604_185830_263
[设备记录 34/80 BEGIN] QRCode=12034 轮次ID=20260604_185830_263
============================= SH85SelfCheck 执行记录 =============================
任务名称: SH85SelfCheck
模式: 周期自检
轮次ID: 20260604_185830_263
设备: 12034
结果: 失败
结果码: StartCommandFailed
说明: 设备未连接
开始时间: 2026-06-04 18:58:30.263
结束时间: 2026-06-04 18:58:30.266
耗时: 3 ms
----------------------------- 执行明细 -----------------------------
自检任务开始
总时长: 70 s
指令下发明细: 未下发
指令: StartSelfCheck
所属阶段: 阶段1 - 下发启动自检指令
发送时间: -
响应时间: -
发送次数: 0/1
请求帧: 01 06 00 17 00 A5
响应帧: 未下发, 设备未连接
处理结果: 未下发
启动失败
原因: 设备未连接
============================= SH85SelfCheck 执行记录结束 =============================
[设备记录 34/80 END] QRCode=12034 轮次ID=20260604_185830_263
[设备记录 35/80 BEGIN] QRCode=12035 轮次ID=20260604_185830_263
============================= SH85SelfCheck 执行记录 =============================
任务名称: SH85SelfCheck
模式: 周期自检
轮次ID: 20260604_185830_263
设备: 12035
结果: 失败
结果码: StartCommandFailed
说明: 设备未连接
开始时间: 2026-06-04 18:58:30.263
结束时间: 2026-06-04 18:58:30.266
耗时: 3 ms
----------------------------- 执行明细 -----------------------------
自检任务开始
总时长: 70 s
指令下发明细: 未下发
指令: StartSelfCheck
所属阶段: 阶段1 - 下发启动自检指令
发送时间: -
响应时间: -
发送次数: 0/1
请求帧: 01 06 00 17 00 A5
响应帧: 未下发, 设备未连接
处理结果: 未下发
启动失败
原因: 设备未连接
============================= SH85SelfCheck 执行记录结束 =============================
[设备记录 35/80 END] QRCode=12035 轮次ID=20260604_185830_263
[设备记录 36/80 BEGIN] QRCode=12036 轮次ID=20260604_185830_263
============================= SH85SelfCheck 执行记录 =============================
任务名称: SH85SelfCheck
模式: 周期自检
轮次ID: 20260604_185830_263
设备: 12036
结果: 失败
结果码: StartCommandFailed
说明: 设备未连接
开始时间: 2026-06-04 18:58:30.263
结束时间: 2026-06-04 18:58:30.266
耗时: 3 ms
----------------------------- 执行明细 -----------------------------
自检任务开始
总时长: 70 s
指令下发明细: 未下发
指令: StartSelfCheck
所属阶段: 阶段1 - 下发启动自检指令
发送时间: -
响应时间: -
发送次数: 0/1
请求帧: 01 06 00 17 00 A5
响应帧: 未下发, 设备未连接
处理结果: 未下发
启动失败
原因: 设备未连接
============================= SH85SelfCheck 执行记录结束 =============================
[设备记录 36/80 END] QRCode=12036 轮次ID=20260604_185830_263
[设备记录 37/80 BEGIN] QRCode=12037 轮次ID=20260604_185830_263
============================= SH85SelfCheck 执行记录 =============================
任务名称: SH85SelfCheck
模式: 周期自检
轮次ID: 20260604_185830_263
设备: 12037
结果: 失败
结果码: StartCommandFailed
说明: 设备未连接
开始时间: 2026-06-04 18:58:30.263
结束时间: 2026-06-04 18:58:30.266
耗时: 3 ms
----------------------------- 执行明细 -----------------------------
自检任务开始
总时长: 70 s
指令下发明细: 未下发
指令: StartSelfCheck
所属阶段: 阶段1 - 下发启动自检指令
发送时间: -
响应时间: -
发送次数: 0/1
请求帧: 01 06 00 17 00 A5
响应帧: 未下发, 设备未连接
处理结果: 未下发
启动失败
原因: 设备未连接
============================= SH85SelfCheck 执行记录结束 =============================
[设备记录 37/80 END] QRCode=12037 轮次ID=20260604_185830_263
[设备记录 38/80 BEGIN] QRCode=12038 轮次ID=20260604_185830_263
============================= SH85SelfCheck 执行记录 =============================
任务名称: SH85SelfCheck
模式: 周期自检
轮次ID: 20260604_185830_263
设备: 12038
结果: 失败
结果码: StartCommandFailed
说明: 设备未连接
开始时间: 2026-06-04 18:58:30.263
结束时间: 2026-06-04 18:58:30.267
耗时: 4 ms
----------------------------- 执行明细 -----------------------------
自检任务开始
总时长: 70 s
指令下发明细: 未下发
指令: StartSelfCheck
所属阶段: 阶段1 - 下发启动自检指令
发送时间: -
响应时间: -
发送次数: 0/1
请求帧: 01 06 00 17 00 A5
响应帧: 未下发, 设备未连接
处理结果: 未下发
启动失败
原因: 设备未连接
============================= SH85SelfCheck 执行记录结束 =============================
[设备记录 38/80 END] QRCode=12038 轮次ID=20260604_185830_263
[设备记录 39/80 BEGIN] QRCode=12039 轮次ID=20260604_185830_263
============================= SH85SelfCheck 执行记录 =============================
任务名称: SH85SelfCheck
模式: 周期自检
轮次ID: 20260604_185830_263
设备: 12039
结果: 失败
结果码: StartCommandFailed
说明: 设备未连接
开始时间: 2026-06-04 18:58:30.263
结束时间: 2026-06-04 18:58:30.267
耗时: 4 ms
----------------------------- 执行明细 -----------------------------
自检任务开始
总时长: 70 s
指令下发明细: 未下发
指令: StartSelfCheck
所属阶段: 阶段1 - 下发启动自检指令
发送时间: -
响应时间: -
发送次数: 0/1
请求帧: 01 06 00 17 00 A5
响应帧: 未下发, 设备未连接
处理结果: 未下发
启动失败
原因: 设备未连接
============================= SH85SelfCheck 执行记录结束 =============================
[设备记录 39/80 END] QRCode=12039 轮次ID=20260604_185830_263
[设备记录 40/80 BEGIN] QRCode=12040 轮次ID=20260604_185830_263
============================= SH85SelfCheck 执行记录 =============================
任务名称: SH85SelfCheck
模式: 周期自检
轮次ID: 20260604_185830_263
设备: 12040
结果: 失败
结果码: StartCommandFailed
说明: 设备未连接
开始时间: 2026-06-04 18:58:30.263
结束时间: 2026-06-04 18:58:30.267
耗时: 4 ms
----------------------------- 执行明细 -----------------------------
自检任务开始
总时长: 70 s
指令下发明细: 未下发
指令: StartSelfCheck
所属阶段: 阶段1 - 下发启动自检指令
发送时间: -
响应时间: -
发送次数: 0/1
请求帧: 01 06 00 17 00 A5
响应帧: 未下发, 设备未连接
处理结果: 未下发
启动失败
原因: 设备未连接
============================= SH85SelfCheck 执行记录结束 =============================
[设备记录 40/80 END] QRCode=12040 轮次ID=20260604_185830_263
[设备记录 41/80 BEGIN] QRCode=12041 轮次ID=20260604_185830_263
============================= SH85SelfCheck 执行记录 =============================
任务名称: SH85SelfCheck
模式: 周期自检
轮次ID: 20260604_185830_263
设备: 12041
结果: 失败
结果码: StartCommandFailed
说明: 设备未连接
开始时间: 2026-06-04 18:58:30.263
结束时间: 2026-06-04 18:58:30.267
耗时: 4 ms
----------------------------- 执行明细 -----------------------------
自检任务开始
总时长: 70 s
指令下发明细: 未下发
指令: StartSelfCheck
所属阶段: 阶段1 - 下发启动自检指令
发送时间: -
响应时间: -
发送次数: 0/1
请求帧: 01 06 00 17 00 A5
响应帧: 未下发, 设备未连接
处理结果: 未下发
启动失败
原因: 设备未连接
============================= SH85SelfCheck 执行记录结束 =============================
[设备记录 41/80 END] QRCode=12041 轮次ID=20260604_185830_263
[设备记录 42/80 BEGIN] QRCode=12042 轮次ID=20260604_185830_263
============================= SH85SelfCheck 执行记录 =============================
任务名称: SH85SelfCheck
模式: 周期自检
轮次ID: 20260604_185830_263
设备: 12042
结果: 失败
结果码: StartCommandFailed
说明: 设备未连接
开始时间: 2026-06-04 18:58:30.263
结束时间: 2026-06-04 18:58:30.267
耗时: 4 ms
----------------------------- 执行明细 -----------------------------
自检任务开始
总时长: 70 s
指令下发明细: 未下发
指令: StartSelfCheck
所属阶段: 阶段1 - 下发启动自检指令
发送时间: -
响应时间: -
发送次数: 0/1
请求帧: 01 06 00 17 00 A5
响应帧: 未下发, 设备未连接
处理结果: 未下发
启动失败
原因: 设备未连接
============================= SH85SelfCheck 执行记录结束 =============================
[设备记录 42/80 END] QRCode=12042 轮次ID=20260604_185830_263
[设备记录 43/80 BEGIN] QRCode=12043 轮次ID=20260604_185830_263
============================= SH85SelfCheck 执行记录 =============================
任务名称: SH85SelfCheck
模式: 周期自检
轮次ID: 20260604_185830_263
设备: 12043
结果: 失败
结果码: StartCommandFailed
说明: 设备未连接
开始时间: 2026-06-04 18:58:30.263
结束时间: 2026-06-04 18:58:30.267
耗时: 4 ms
----------------------------- 执行明细 -----------------------------
自检任务开始
总时长: 70 s
指令下发明细: 未下发
指令: StartSelfCheck
所属阶段: 阶段1 - 下发启动自检指令
发送时间: -
响应时间: -
发送次数: 0/1
请求帧: 01 06 00 17 00 A5
响应帧: 未下发, 设备未连接
处理结果: 未下发
启动失败
原因: 设备未连接
============================= SH85SelfCheck 执行记录结束 =============================
[设备记录 43/80 END] QRCode=12043 轮次ID=20260604_185830_263
[设备记录 44/80 BEGIN] QRCode=12044 轮次ID=20260604_185830_263
============================= SH85SelfCheck 执行记录 =============================
任务名称: SH85SelfCheck
模式: 周期自检
轮次ID: 20260604_185830_263
设备: 12044
结果: 失败
结果码: StartCommandFailed
说明: 设备未连接
开始时间: 2026-06-04 18:58:30.263
结束时间: 2026-06-04 18:58:30.267
耗时: 4 ms
----------------------------- 执行明细 -----------------------------
自检任务开始
总时长: 70 s
指令下发明细: 未下发
指令: StartSelfCheck
所属阶段: 阶段1 - 下发启动自检指令
发送时间: -
响应时间: -
发送次数: 0/1
请求帧: 01 06 00 17 00 A5
响应帧: 未下发, 设备未连接
处理结果: 未下发
启动失败
原因: 设备未连接
============================= SH85SelfCheck 执行记录结束 =============================
[设备记录 44/80 END] QRCode=12044 轮次ID=20260604_185830_263
[设备记录 45/80 BEGIN] QRCode=12045 轮次ID=20260604_185830_263
============================= SH85SelfCheck 执行记录 =============================
任务名称: SH85SelfCheck
模式: 周期自检
轮次ID: 20260604_185830_263
设备: 12045
结果: 失败
结果码: StartCommandFailed
说明: 设备未连接
开始时间: 2026-06-04 18:58:30.263
结束时间: 2026-06-04 18:58:30.267
耗时: 4 ms
----------------------------- 执行明细 -----------------------------
自检任务开始
总时长: 70 s
指令下发明细: 未下发
指令: StartSelfCheck
所属阶段: 阶段1 - 下发启动自检指令
发送时间: -
响应时间: -
发送次数: 0/1
请求帧: 01 06 00 17 00 A5
响应帧: 未下发, 设备未连接
处理结果: 未下发
启动失败
原因: 设备未连接
============================= SH85SelfCheck 执行记录结束 =============================
[设备记录 45/80 END] QRCode=12045 轮次ID=20260604_185830_263
[设备记录 46/80 BEGIN] QRCode=12046 轮次ID=20260604_185830_263
============================= SH85SelfCheck 执行记录 =============================
任务名称: SH85SelfCheck
模式: 周期自检
轮次ID: 20260604_185830_263
设备: 12046
结果: 失败
结果码: StartCommandFailed
说明: 设备未连接
开始时间: 2026-06-04 18:58:30.263
结束时间: 2026-06-04 18:58:30.267
耗时: 4 ms
----------------------------- 执行明细 -----------------------------
自检任务开始
总时长: 70 s
指令下发明细: 未下发
指令: StartSelfCheck
所属阶段: 阶段1 - 下发启动自检指令
发送时间: -
响应时间: -
发送次数: 0/1
请求帧: 01 06 00 17 00 A5
响应帧: 未下发, 设备未连接
处理结果: 未下发
启动失败
原因: 设备未连接
============================= SH85SelfCheck 执行记录结束 =============================
[设备记录 46/80 END] QRCode=12046 轮次ID=20260604_185830_263
[设备记录 47/80 BEGIN] QRCode=12047 轮次ID=20260604_185830_263
============================= SH85SelfCheck 执行记录 =============================
任务名称: SH85SelfCheck
模式: 周期自检
轮次ID: 20260604_185830_263
设备: 12047
结果: 失败
结果码: StartCommandFailed
说明: 设备未连接
开始时间: 2026-06-04 18:58:30.263
结束时间: 2026-06-04 18:58:30.267
耗时: 4 ms
----------------------------- 执行明细 -----------------------------
自检任务开始
总时长: 70 s
指令下发明细: 未下发
指令: StartSelfCheck
所属阶段: 阶段1 - 下发启动自检指令
发送时间: -
响应时间: -
发送次数: 0/1
请求帧: 01 06 00 17 00 A5
响应帧: 未下发, 设备未连接
处理结果: 未下发
启动失败
原因: 设备未连接
============================= SH85SelfCheck 执行记录结束 =============================
[设备记录 47/80 END] QRCode=12047 轮次ID=20260604_185830_263
[设备记录 48/80 BEGIN] QRCode=12048 轮次ID=20260604_185830_263
============================= SH85SelfCheck 执行记录 =============================
任务名称: SH85SelfCheck
模式: 周期自检
轮次ID: 20260604_185830_263
设备: 12048
结果: 失败
结果码: StartCommandFailed
说明: 设备未连接
开始时间: 2026-06-04 18:58:30.263
结束时间: 2026-06-04 18:58:30.267
耗时: 4 ms
----------------------------- 执行明细 -----------------------------
自检任务开始
总时长: 70 s
指令下发明细: 未下发
指令: StartSelfCheck
所属阶段: 阶段1 - 下发启动自检指令
发送时间: -
响应时间: -
发送次数: 0/1
请求帧: 01 06 00 17 00 A5
响应帧: 未下发, 设备未连接
处理结果: 未下发
启动失败
原因: 设备未连接
============================= SH85SelfCheck 执行记录结束 =============================
[设备记录 48/80 END] QRCode=12048 轮次ID=20260604_185830_263
[设备记录 49/80 BEGIN] QRCode=12049 轮次ID=20260604_185830_263
============================= SH85SelfCheck 执行记录 =============================
任务名称: SH85SelfCheck
模式: 周期自检
轮次ID: 20260604_185830_263
设备: 12049
结果: 失败
结果码: StartCommandFailed
说明: 设备未连接
开始时间: 2026-06-04 18:58:30.263
结束时间: 2026-06-04 18:58:30.267
耗时: 4 ms
----------------------------- 执行明细 -----------------------------
自检任务开始
总时长: 70 s
指令下发明细: 未下发
指令: StartSelfCheck
所属阶段: 阶段1 - 下发启动自检指令
发送时间: -
响应时间: -
发送次数: 0/1
请求帧: 01 06 00 17 00 A5
响应帧: 未下发, 设备未连接
处理结果: 未下发
启动失败
原因: 设备未连接
============================= SH85SelfCheck 执行记录结束 =============================
[设备记录 49/80 END] QRCode=12049 轮次ID=20260604_185830_263
[设备记录 50/80 BEGIN] QRCode=12050 轮次ID=20260604_185830_263
============================= SH85SelfCheck 执行记录 =============================
任务名称: SH85SelfCheck
模式: 周期自检
轮次ID: 20260604_185830_263
设备: 12050
结果: 失败
结果码: StartCommandFailed
说明: 设备未连接
开始时间: 2026-06-04 18:58:30.263
结束时间: 2026-06-04 18:58:30.267
耗时: 4 ms
----------------------------- 执行明细 -----------------------------
自检任务开始
总时长: 70 s
指令下发明细: 未下发
指令: StartSelfCheck
所属阶段: 阶段1 - 下发启动自检指令
发送时间: -
响应时间: -
发送次数: 0/1
请求帧: 01 06 00 17 00 A5
响应帧: 未下发, 设备未连接
处理结果: 未下发
启动失败
原因: 设备未连接
============================= SH85SelfCheck 执行记录结束 =============================
[设备记录 50/80 END] QRCode=12050 轮次ID=20260604_185830_263
[设备记录 51/80 BEGIN] QRCode=12051 轮次ID=20260604_185830_263
============================= SH85SelfCheck 执行记录 =============================
任务名称: SH85SelfCheck
模式: 周期自检
轮次ID: 20260604_185830_263
设备: 12051
结果: 失败
结果码: StartCommandFailed
说明: 设备未连接
开始时间: 2026-06-04 18:58:30.263
结束时间: 2026-06-04 18:58:30.267
耗时: 4 ms
----------------------------- 执行明细 -----------------------------
自检任务开始
总时长: 70 s
指令下发明细: 未下发
指令: StartSelfCheck
所属阶段: 阶段1 - 下发启动自检指令
发送时间: -
响应时间: -
发送次数: 0/1
请求帧: 01 06 00 17 00 A5
响应帧: 未下发, 设备未连接
处理结果: 未下发
启动失败
原因: 设备未连接
============================= SH85SelfCheck 执行记录结束 =============================
[设备记录 51/80 END] QRCode=12051 轮次ID=20260604_185830_263
[设备记录 52/80 BEGIN] QRCode=12052 轮次ID=20260604_185830_263
============================= SH85SelfCheck 执行记录 =============================
任务名称: SH85SelfCheck
模式: 周期自检
轮次ID: 20260604_185830_263
设备: 12052
结果: 失败
结果码: StartCommandFailed
说明: 设备未连接
开始时间: 2026-06-04 18:58:30.263
结束时间: 2026-06-04 18:58:30.269
耗时: 6 ms
----------------------------- 执行明细 -----------------------------
自检任务开始
总时长: 70 s
指令下发明细: 未下发
指令: StartSelfCheck
所属阶段: 阶段1 - 下发启动自检指令
发送时间: -
响应时间: -
发送次数: 0/1
请求帧: 01 06 00 17 00 A5
响应帧: 未下发, 设备未连接
处理结果: 未下发
启动失败
原因: 设备未连接
============================= SH85SelfCheck 执行记录结束 =============================
[设备记录 52/80 END] QRCode=12052 轮次ID=20260604_185830_263
[设备记录 53/80 BEGIN] QRCode=12053 轮次ID=20260604_185830_263
============================= SH85SelfCheck 执行记录 =============================
任务名称: SH85SelfCheck
模式: 周期自检
轮次ID: 20260604_185830_263
设备: 12053
结果: 失败
结果码: StartCommandFailed
说明: 设备未连接
开始时间: 2026-06-04 18:58:30.263
结束时间: 2026-06-04 18:58:30.269
耗时: 6 ms
----------------------------- 执行明细 -----------------------------
自检任务开始
总时长: 70 s
指令下发明细: 未下发
指令: StartSelfCheck
所属阶段: 阶段1 - 下发启动自检指令
发送时间: -
响应时间: -
发送次数: 0/1
请求帧: 01 06 00 17 00 A5
响应帧: 未下发, 设备未连接
处理结果: 未下发
启动失败
原因: 设备未连接
============================= SH85SelfCheck 执行记录结束 =============================
[设备记录 53/80 END] QRCode=12053 轮次ID=20260604_185830_263
[设备记录 54/80 BEGIN] QRCode=12054 轮次ID=20260604_185830_263
============================= SH85SelfCheck 执行记录 =============================
任务名称: SH85SelfCheck
模式: 周期自检
轮次ID: 20260604_185830_263
设备: 12054
结果: 失败
结果码: StartCommandFailed
说明: 设备未连接
开始时间: 2026-06-04 18:58:30.263
结束时间: 2026-06-04 18:58:30.269
耗时: 6 ms
----------------------------- 执行明细 -----------------------------
自检任务开始
总时长: 70 s
指令下发明细: 未下发
指令: StartSelfCheck
所属阶段: 阶段1 - 下发启动自检指令
发送时间: -
响应时间: -
发送次数: 0/1
请求帧: 01 06 00 17 00 A5
响应帧: 未下发, 设备未连接
处理结果: 未下发
启动失败
原因: 设备未连接
============================= SH85SelfCheck 执行记录结束 =============================
[设备记录 54/80 END] QRCode=12054 轮次ID=20260604_185830_263
[设备记录 55/80 BEGIN] QRCode=12055 轮次ID=20260604_185830_263
============================= SH85SelfCheck 执行记录 =============================
任务名称: SH85SelfCheck
模式: 周期自检
轮次ID: 20260604_185830_263
设备: 12055
结果: 失败
结果码: StartCommandFailed
说明: 设备未连接
开始时间: 2026-06-04 18:58:30.263
结束时间: 2026-06-04 18:58:30.269
耗时: 6 ms
----------------------------- 执行明细 -----------------------------
自检任务开始
总时长: 70 s
指令下发明细: 未下发
指令: StartSelfCheck
所属阶段: 阶段1 - 下发启动自检指令
发送时间: -
响应时间: -
发送次数: 0/1
请求帧: 01 06 00 17 00 A5
响应帧: 未下发, 设备未连接
处理结果: 未下发
启动失败
原因: 设备未连接
============================= SH85SelfCheck 执行记录结束 =============================
[设备记录 55/80 END] QRCode=12055 轮次ID=20260604_185830_263
[设备记录 56/80 BEGIN] QRCode=12056 轮次ID=20260604_185830_263
============================= SH85SelfCheck 执行记录 =============================
任务名称: SH85SelfCheck
模式: 周期自检
轮次ID: 20260604_185830_263
设备: 12056
结果: 失败
结果码: StartCommandFailed
说明: 设备未连接
开始时间: 2026-06-04 18:58:30.263
结束时间: 2026-06-04 18:58:30.269
耗时: 6 ms
----------------------------- 执行明细 -----------------------------
自检任务开始
总时长: 70 s
指令下发明细: 未下发
指令: StartSelfCheck
所属阶段: 阶段1 - 下发启动自检指令
发送时间: -
响应时间: -
发送次数: 0/1
请求帧: 01 06 00 17 00 A5
响应帧: 未下发, 设备未连接
处理结果: 未下发
启动失败
原因: 设备未连接
============================= SH85SelfCheck 执行记录结束 =============================
[设备记录 56/80 END] QRCode=12056 轮次ID=20260604_185830_263
[设备记录 57/80 BEGIN] QRCode=12057 轮次ID=20260604_185830_263
============================= SH85SelfCheck 执行记录 =============================
任务名称: SH85SelfCheck
模式: 周期自检
轮次ID: 20260604_185830_263
设备: 12057
结果: 失败
结果码: StartCommandFailed
说明: 设备未连接
开始时间: 2026-06-04 18:58:30.263
结束时间: 2026-06-04 18:58:30.269
耗时: 6 ms
----------------------------- 执行明细 -----------------------------
自检任务开始
总时长: 70 s
指令下发明细: 未下发
指令: StartSelfCheck
所属阶段: 阶段1 - 下发启动自检指令
发送时间: -
响应时间: -
发送次数: 0/1
请求帧: 01 06 00 17 00 A5
响应帧: 未下发, 设备未连接
处理结果: 未下发
启动失败
原因: 设备未连接
============================= SH85SelfCheck 执行记录结束 =============================
[设备记录 57/80 END] QRCode=12057 轮次ID=20260604_185830_263
[设备记录 58/80 BEGIN] QRCode=12058 轮次ID=20260604_185830_263
============================= SH85SelfCheck 执行记录 =============================
任务名称: SH85SelfCheck
模式: 周期自检
轮次ID: 20260604_185830_263
设备: 12058
结果: 失败
结果码: StartCommandFailed
说明: 设备未连接
开始时间: 2026-06-04 18:58:30.263
结束时间: 2026-06-04 18:58:30.269
耗时: 6 ms
----------------------------- 执行明细 -----------------------------
自检任务开始
总时长: 70 s
指令下发明细: 未下发
指令: StartSelfCheck
所属阶段: 阶段1 - 下发启动自检指令
发送时间: -
响应时间: -
发送次数: 0/1
请求帧: 01 06 00 17 00 A5
响应帧: 未下发, 设备未连接
处理结果: 未下发
启动失败
原因: 设备未连接
============================= SH85SelfCheck 执行记录结束 =============================
[设备记录 58/80 END] QRCode=12058 轮次ID=20260604_185830_263
[设备记录 59/80 BEGIN] QRCode=12059 轮次ID=20260604_185830_263
============================= SH85SelfCheck 执行记录 =============================
任务名称: SH85SelfCheck
模式: 周期自检
轮次ID: 20260604_185830_263
设备: 12059
结果: 失败
结果码: StartCommandFailed
说明: 设备未连接
开始时间: 2026-06-04 18:58:30.263
结束时间: 2026-06-04 18:58:30.269
耗时: 6 ms
----------------------------- 执行明细 -----------------------------
自检任务开始
总时长: 70 s
指令下发明细: 未下发
指令: StartSelfCheck
所属阶段: 阶段1 - 下发启动自检指令
发送时间: -
响应时间: -
发送次数: 0/1
请求帧: 01 06 00 17 00 A5
响应帧: 未下发, 设备未连接
处理结果: 未下发
启动失败
原因: 设备未连接
============================= SH85SelfCheck 执行记录结束 =============================
[设备记录 59/80 END] QRCode=12059 轮次ID=20260604_185830_263
[设备记录 60/80 BEGIN] QRCode=12060 轮次ID=20260604_185830_263
============================= SH85SelfCheck 执行记录 =============================
任务名称: SH85SelfCheck
模式: 周期自检
轮次ID: 20260604_185830_263
设备: 12060
结果: 失败
结果码: StartCommandFailed
说明: 设备未连接
开始时间: 2026-06-04 18:58:30.263
结束时间: 2026-06-04 18:58:30.269
耗时: 6 ms
----------------------------- 执行明细 -----------------------------
自检任务开始
总时长: 70 s
指令下发明细: 未下发
指令: StartSelfCheck
所属阶段: 阶段1 - 下发启动自检指令
发送时间: -
响应时间: -
发送次数: 0/1
请求帧: 01 06 00 17 00 A5
响应帧: 未下发, 设备未连接
处理结果: 未下发
启动失败
原因: 设备未连接
============================= SH85SelfCheck 执行记录结束 =============================
[设备记录 60/80 END] QRCode=12060 轮次ID=20260604_185830_263
[设备记录 61/80 BEGIN] QRCode=12061 轮次ID=20260604_185830_263
============================= SH85SelfCheck 执行记录 =============================
任务名称: SH85SelfCheck
模式: 周期自检
轮次ID: 20260604_185830_263
设备: 12061
结果: 失败
结果码: StartCommandFailed
说明: 设备未连接
开始时间: 2026-06-04 18:58:30.263
结束时间: 2026-06-04 18:58:30.269
耗时: 6 ms
----------------------------- 执行明细 -----------------------------
自检任务开始
总时长: 70 s
指令下发明细: 未下发
指令: StartSelfCheck
所属阶段: 阶段1 - 下发启动自检指令
发送时间: -
响应时间: -
发送次数: 0/1
请求帧: 01 06 00 17 00 A5
响应帧: 未下发, 设备未连接
处理结果: 未下发
启动失败
原因: 设备未连接
============================= SH85SelfCheck 执行记录结束 =============================
[设备记录 61/80 END] QRCode=12061 轮次ID=20260604_185830_263
[设备记录 62/80 BEGIN] QRCode=12062 轮次ID=20260604_185830_263
============================= SH85SelfCheck 执行记录 =============================
任务名称: SH85SelfCheck
模式: 周期自检
轮次ID: 20260604_185830_263
设备: 12062
结果: 失败
结果码: StartCommandFailed
说明: 设备未连接
开始时间: 2026-06-04 18:58:30.263
结束时间: 2026-06-04 18:58:30.269
耗时: 6 ms
----------------------------- 执行明细 -----------------------------
自检任务开始
总时长: 70 s
指令下发明细: 未下发
指令: StartSelfCheck
所属阶段: 阶段1 - 下发启动自检指令
发送时间: -
响应时间: -
发送次数: 0/1
请求帧: 01 06 00 17 00 A5
响应帧: 未下发, 设备未连接
处理结果: 未下发
启动失败
原因: 设备未连接
============================= SH85SelfCheck 执行记录结束 =============================
[设备记录 62/80 END] QRCode=12062 轮次ID=20260604_185830_263
[设备记录 63/80 BEGIN] QRCode=12063 轮次ID=20260604_185830_263
============================= SH85SelfCheck 执行记录 =============================
任务名称: SH85SelfCheck
模式: 周期自检
轮次ID: 20260604_185830_263
设备: 12063
结果: 失败
结果码: StartCommandFailed
说明: 设备未连接
开始时间: 2026-06-04 18:58:30.263
结束时间: 2026-06-04 18:58:30.269
耗时: 6 ms
----------------------------- 执行明细 -----------------------------
自检任务开始
总时长: 70 s
指令下发明细: 未下发
指令: StartSelfCheck
所属阶段: 阶段1 - 下发启动自检指令
发送时间: -
响应时间: -
发送次数: 0/1
请求帧: 01 06 00 17 00 A5
响应帧: 未下发, 设备未连接
处理结果: 未下发
启动失败
原因: 设备未连接
============================= SH85SelfCheck 执行记录结束 =============================
[设备记录 63/80 END] QRCode=12063 轮次ID=20260604_185830_263
[设备记录 64/80 BEGIN] QRCode=12064 轮次ID=20260604_185830_263
============================= SH85SelfCheck 执行记录 =============================
任务名称: SH85SelfCheck
模式: 周期自检
轮次ID: 20260604_185830_263
设备: 12064
结果: 失败
结果码: StartCommandFailed
说明: 设备未连接
开始时间: 2026-06-04 18:58:30.263
结束时间: 2026-06-04 18:58:30.269
耗时: 6 ms
----------------------------- 执行明细 -----------------------------
自检任务开始
总时长: 70 s
指令下发明细: 未下发
指令: StartSelfCheck
所属阶段: 阶段1 - 下发启动自检指令
发送时间: -
响应时间: -
发送次数: 0/1
请求帧: 01 06 00 17 00 A5
响应帧: 未下发, 设备未连接
处理结果: 未下发
启动失败
原因: 设备未连接
============================= SH85SelfCheck 执行记录结束 =============================
[设备记录 64/80 END] QRCode=12064 轮次ID=20260604_185830_263
[设备记录 65/80 BEGIN] QRCode=12065 轮次ID=20260604_185830_263
============================= SH85SelfCheck 执行记录 =============================
任务名称: SH85SelfCheck
模式: 周期自检
轮次ID: 20260604_185830_263
设备: 12065
结果: 失败
结果码: StartCommandFailed
说明: 设备未连接
开始时间: 2026-06-04 18:58:30.263
结束时间: 2026-06-04 18:58:30.269
耗时: 6 ms
----------------------------- 执行明细 -----------------------------
自检任务开始
总时长: 70 s
指令下发明细: 未下发
指令: StartSelfCheck
所属阶段: 阶段1 - 下发启动自检指令
发送时间: -
响应时间: -
发送次数: 0/1
请求帧: 01 06 00 17 00 A5
响应帧: 未下发, 设备未连接
处理结果: 未下发
启动失败
原因: 设备未连接
============================= SH85SelfCheck 执行记录结束 =============================
[设备记录 65/80 END] QRCode=12065 轮次ID=20260604_185830_263
[设备记录 66/80 BEGIN] QRCode=12066 轮次ID=20260604_185830_263
============================= SH85SelfCheck 执行记录 =============================
任务名称: SH85SelfCheck
模式: 周期自检
轮次ID: 20260604_185830_263
设备: 12066
结果: 失败
结果码: StartCommandFailed
说明: 设备未连接
开始时间: 2026-06-04 18:58:30.263
结束时间: 2026-06-04 18:58:30.269
耗时: 6 ms
----------------------------- 执行明细 -----------------------------
自检任务开始
总时长: 70 s
指令下发明细: 未下发
指令: StartSelfCheck
所属阶段: 阶段1 - 下发启动自检指令
发送时间: -
响应时间: -
发送次数: 0/1
请求帧: 01 06 00 17 00 A5
响应帧: 未下发, 设备未连接
处理结果: 未下发
启动失败
原因: 设备未连接
============================= SH85SelfCheck 执行记录结束 =============================
[设备记录 66/80 END] QRCode=12066 轮次ID=20260604_185830_263
[设备记录 67/80 BEGIN] QRCode=12067 轮次ID=20260604_185830_263
============================= SH85SelfCheck 执行记录 =============================
任务名称: SH85SelfCheck
模式: 周期自检
轮次ID: 20260604_185830_263
设备: 12067
结果: 失败
结果码: StartCommandFailed
说明: 设备未连接
开始时间: 2026-06-04 18:58:30.263
结束时间: 2026-06-04 18:58:30.269
耗时: 6 ms
----------------------------- 执行明细 -----------------------------
自检任务开始
总时长: 70 s
指令下发明细: 未下发
指令: StartSelfCheck
所属阶段: 阶段1 - 下发启动自检指令
发送时间: -
响应时间: -
发送次数: 0/1
请求帧: 01 06 00 17 00 A5
响应帧: 未下发, 设备未连接
处理结果: 未下发
启动失败
原因: 设备未连接
============================= SH85SelfCheck 执行记录结束 =============================
[设备记录 67/80 END] QRCode=12067 轮次ID=20260604_185830_263
[设备记录 68/80 BEGIN] QRCode=12068 轮次ID=20260604_185830_263
============================= SH85SelfCheck 执行记录 =============================
任务名称: SH85SelfCheck
模式: 周期自检
轮次ID: 20260604_185830_263
设备: 12068
结果: 失败
结果码: StartCommandFailed
说明: 设备未连接
开始时间: 2026-06-04 18:58:30.263
结束时间: 2026-06-04 18:58:30.269
耗时: 6 ms
----------------------------- 执行明细 -----------------------------
自检任务开始
总时长: 70 s
指令下发明细: 未下发
指令: StartSelfCheck
所属阶段: 阶段1 - 下发启动自检指令
发送时间: -
响应时间: -
发送次数: 0/1
请求帧: 01 06 00 17 00 A5
响应帧: 未下发, 设备未连接
处理结果: 未下发
启动失败
原因: 设备未连接
============================= SH85SelfCheck 执行记录结束 =============================
[设备记录 68/80 END] QRCode=12068 轮次ID=20260604_185830_263
[设备记录 69/80 BEGIN] QRCode=12069 轮次ID=20260604_185830_263
============================= SH85SelfCheck 执行记录 =============================
任务名称: SH85SelfCheck
模式: 周期自检
轮次ID: 20260604_185830_263
设备: 12069
结果: 失败
结果码: StartCommandFailed
说明: 设备未连接
开始时间: 2026-06-04 18:58:30.263
结束时间: 2026-06-04 18:58:30.269
耗时: 6 ms
----------------------------- 执行明细 -----------------------------
自检任务开始
总时长: 70 s
指令下发明细: 未下发
指令: StartSelfCheck
所属阶段: 阶段1 - 下发启动自检指令
发送时间: -
响应时间: -
发送次数: 0/1
请求帧: 01 06 00 17 00 A5
响应帧: 未下发, 设备未连接
处理结果: 未下发
启动失败
原因: 设备未连接
============================= SH85SelfCheck 执行记录结束 =============================
[设备记录 69/80 END] QRCode=12069 轮次ID=20260604_185830_263
[设备记录 70/80 BEGIN] QRCode=12070 轮次ID=20260604_185830_263
============================= SH85SelfCheck 执行记录 =============================
任务名称: SH85SelfCheck
模式: 周期自检
轮次ID: 20260604_185830_263
设备: 12070
结果: 失败
结果码: StartCommandFailed
说明: 设备未连接
开始时间: 2026-06-04 18:58:30.263
结束时间: 2026-06-04 18:58:30.269
耗时: 6 ms
----------------------------- 执行明细 -----------------------------
自检任务开始
总时长: 70 s
指令下发明细: 未下发
指令: StartSelfCheck
所属阶段: 阶段1 - 下发启动自检指令
发送时间: -
响应时间: -
发送次数: 0/1
请求帧: 01 06 00 17 00 A5
响应帧: 未下发, 设备未连接
处理结果: 未下发
启动失败
原因: 设备未连接
============================= SH85SelfCheck 执行记录结束 =============================
[设备记录 70/80 END] QRCode=12070 轮次ID=20260604_185830_263
[设备记录 71/80 BEGIN] QRCode=12071 轮次ID=20260604_185830_263
============================= SH85SelfCheck 执行记录 =============================
任务名称: SH85SelfCheck
模式: 周期自检
轮次ID: 20260604_185830_263
设备: 12071
结果: 失败
结果码: StartCommandFailed
说明: 设备未连接
开始时间: 2026-06-04 18:58:30.263
结束时间: 2026-06-04 18:58:30.269
耗时: 6 ms
----------------------------- 执行明细 -----------------------------
自检任务开始
总时长: 70 s
指令下发明细: 未下发
指令: StartSelfCheck
所属阶段: 阶段1 - 下发启动自检指令
发送时间: -
响应时间: -
发送次数: 0/1
请求帧: 01 06 00 17 00 A5
响应帧: 未下发, 设备未连接
处理结果: 未下发
启动失败
原因: 设备未连接
============================= SH85SelfCheck 执行记录结束 =============================
[设备记录 71/80 END] QRCode=12071 轮次ID=20260604_185830_263
[设备记录 72/80 BEGIN] QRCode=12072 轮次ID=20260604_185830_263
============================= SH85SelfCheck 执行记录 =============================
任务名称: SH85SelfCheck
模式: 周期自检
轮次ID: 20260604_185830_263
设备: 12072
结果: 失败
结果码: StartCommandFailed
说明: 设备未连接
开始时间: 2026-06-04 18:58:30.263
结束时间: 2026-06-04 18:58:30.269
耗时: 6 ms
----------------------------- 执行明细 -----------------------------
自检任务开始
总时长: 70 s
指令下发明细: 未下发
指令: StartSelfCheck
所属阶段: 阶段1 - 下发启动自检指令
发送时间: -
响应时间: -
发送次数: 0/1
请求帧: 01 06 00 17 00 A5
响应帧: 未下发, 设备未连接
处理结果: 未下发
启动失败
原因: 设备未连接
============================= SH85SelfCheck 执行记录结束 =============================
[设备记录 72/80 END] QRCode=12072 轮次ID=20260604_185830_263
[设备记录 73/80 BEGIN] QRCode=12073 轮次ID=20260604_185830_263
============================= SH85SelfCheck 执行记录 =============================
任务名称: SH85SelfCheck
模式: 周期自检
轮次ID: 20260604_185830_263
设备: 12073
结果: 失败
结果码: StartCommandFailed
说明: 设备未连接
开始时间: 2026-06-04 18:58:30.263
结束时间: 2026-06-04 18:58:30.269
耗时: 6 ms
----------------------------- 执行明细 -----------------------------
自检任务开始
总时长: 70 s
指令下发明细: 未下发
指令: StartSelfCheck
所属阶段: 阶段1 - 下发启动自检指令
发送时间: -
响应时间: -
发送次数: 0/1
请求帧: 01 06 00 17 00 A5
响应帧: 未下发, 设备未连接
处理结果: 未下发
启动失败
原因: 设备未连接
============================= SH85SelfCheck 执行记录结束 =============================
[设备记录 73/80 END] QRCode=12073 轮次ID=20260604_185830_263
[设备记录 74/80 BEGIN] QRCode=12074 轮次ID=20260604_185830_263
============================= SH85SelfCheck 执行记录 =============================
任务名称: SH85SelfCheck
模式: 周期自检
轮次ID: 20260604_185830_263
设备: 12074
结果: 失败
结果码: StartCommandFailed
说明: 设备未连接
开始时间: 2026-06-04 18:58:30.263
结束时间: 2026-06-04 18:58:30.270
耗时: 7 ms
----------------------------- 执行明细 -----------------------------
自检任务开始
总时长: 70 s
指令下发明细: 未下发
指令: StartSelfCheck
所属阶段: 阶段1 - 下发启动自检指令
发送时间: -
响应时间: -
发送次数: 0/1
请求帧: 01 06 00 17 00 A5
响应帧: 未下发, 设备未连接
处理结果: 未下发
启动失败
原因: 设备未连接
============================= SH85SelfCheck 执行记录结束 =============================
[设备记录 74/80 END] QRCode=12074 轮次ID=20260604_185830_263
[设备记录 75/80 BEGIN] QRCode=12075 轮次ID=20260604_185830_263
============================= SH85SelfCheck 执行记录 =============================
任务名称: SH85SelfCheck
模式: 周期自检
轮次ID: 20260604_185830_263
设备: 12075
结果: 失败
结果码: StartCommandFailed
说明: 设备未连接
开始时间: 2026-06-04 18:58:30.263
结束时间: 2026-06-04 18:58:30.270
耗时: 7 ms
----------------------------- 执行明细 -----------------------------
自检任务开始
总时长: 70 s
指令下发明细: 未下发
指令: StartSelfCheck
所属阶段: 阶段1 - 下发启动自检指令
发送时间: -
响应时间: -
发送次数: 0/1
请求帧: 01 06 00 17 00 A5
响应帧: 未下发, 设备未连接
处理结果: 未下发
启动失败
原因: 设备未连接
============================= SH85SelfCheck 执行记录结束 =============================
[设备记录 75/80 END] QRCode=12075 轮次ID=20260604_185830_263
[设备记录 76/80 BEGIN] QRCode=12076 轮次ID=20260604_185830_263
============================= SH85SelfCheck 执行记录 =============================
任务名称: SH85SelfCheck
模式: 周期自检
轮次ID: 20260604_185830_263
设备: 12076
结果: 失败
结果码: StartCommandFailed
说明: 设备未连接
开始时间: 2026-06-04 18:58:30.263
结束时间: 2026-06-04 18:58:30.270
耗时: 7 ms
----------------------------- 执行明细 -----------------------------
自检任务开始
总时长: 70 s
指令下发明细: 未下发
指令: StartSelfCheck
所属阶段: 阶段1 - 下发启动自检指令
发送时间: -
响应时间: -
发送次数: 0/1
请求帧: 01 06 00 17 00 A5
响应帧: 未下发, 设备未连接
处理结果: 未下发
启动失败
原因: 设备未连接
============================= SH85SelfCheck 执行记录结束 =============================
[设备记录 76/80 END] QRCode=12076 轮次ID=20260604_185830_263
[设备记录 77/80 BEGIN] QRCode=12077 轮次ID=20260604_185830_263
============================= SH85SelfCheck 执行记录 =============================
任务名称: SH85SelfCheck
模式: 周期自检
轮次ID: 20260604_185830_263
设备: 12077
结果: 失败
结果码: StartCommandFailed
说明: 设备未连接
开始时间: 2026-06-04 18:58:30.263
结束时间: 2026-06-04 18:58:30.270
耗时: 7 ms
----------------------------- 执行明细 -----------------------------
自检任务开始
总时长: 70 s
指令下发明细: 未下发
指令: StartSelfCheck
所属阶段: 阶段1 - 下发启动自检指令
发送时间: -
响应时间: -
发送次数: 0/1
请求帧: 01 06 00 17 00 A5
响应帧: 未下发, 设备未连接
处理结果: 未下发
启动失败
原因: 设备未连接
============================= SH85SelfCheck 执行记录结束 =============================
[设备记录 77/80 END] QRCode=12077 轮次ID=20260604_185830_263
[设备记录 78/80 BEGIN] QRCode=12078 轮次ID=20260604_185830_263
============================= SH85SelfCheck 执行记录 =============================
任务名称: SH85SelfCheck
模式: 周期自检
轮次ID: 20260604_185830_263
设备: 12078
结果: 失败
结果码: StartCommandFailed
说明: 设备未连接
开始时间: 2026-06-04 18:58:30.263
结束时间: 2026-06-04 18:58:30.270
耗时: 7 ms
----------------------------- 执行明细 -----------------------------
自检任务开始
总时长: 70 s
指令下发明细: 未下发
指令: StartSelfCheck
所属阶段: 阶段1 - 下发启动自检指令
发送时间: -
响应时间: -
发送次数: 0/1
请求帧: 01 06 00 17 00 A5
响应帧: 未下发, 设备未连接
处理结果: 未下发
启动失败
原因: 设备未连接
============================= SH85SelfCheck 执行记录结束 =============================
[设备记录 78/80 END] QRCode=12078 轮次ID=20260604_185830_263
[设备记录 79/80 BEGIN] QRCode=12079 轮次ID=20260604_185830_263
============================= SH85SelfCheck 执行记录 =============================
任务名称: SH85SelfCheck
模式: 周期自检
轮次ID: 20260604_185830_263
设备: 12079
结果: 失败
结果码: StartCommandFailed
说明: 设备未连接
开始时间: 2026-06-04 18:58:30.263
结束时间: 2026-06-04 18:58:30.270
耗时: 7 ms
----------------------------- 执行明细 -----------------------------
自检任务开始
总时长: 70 s
指令下发明细: 未下发
指令: StartSelfCheck
所属阶段: 阶段1 - 下发启动自检指令
发送时间: -
响应时间: -
发送次数: 0/1
请求帧: 01 06 00 17 00 A5
响应帧: 未下发, 设备未连接
处理结果: 未下发
启动失败
原因: 设备未连接
============================= SH85SelfCheck 执行记录结束 =============================
[设备记录 79/80 END] QRCode=12079 轮次ID=20260604_185830_263
[设备记录 80/80 BEGIN] QRCode=12080 轮次ID=20260604_185830_263
============================= SH85SelfCheck 执行记录 =============================
任务名称: SH85SelfCheck
模式: 周期自检
轮次ID: 20260604_185830_263
设备: 12080
结果: 失败
结果码: StartCommandFailed
说明: 设备未连接
开始时间: 2026-06-04 18:58:30.263
结束时间: 2026-06-04 18:58:30.270
耗时: 7 ms
----------------------------- 执行明细 -----------------------------
自检任务开始
总时长: 70 s
指令下发明细: 未下发
指令: StartSelfCheck
所属阶段: 阶段1 - 下发启动自检指令
发送时间: -
响应时间: -
发送次数: 0/1
请求帧: 01 06 00 17 00 A5
响应帧: 未下发, 设备未连接
处理结果: 未下发
启动失败
原因: 设备未连接
============================= SH85SelfCheck 执行记录结束 =============================
[设备记录 80/80 END] QRCode=12080 轮次ID=20260604_185830_263
############################## SH85_PERIODIC_ROUND_END ##############################
轮次ID: 20260604_185830_263
################################################################################
[2026-06-04 18:58:30] [WARN] [SH85PeriodicSelfCheckTask] 周期自检轮次失败
轮次ID: 20260604_185830_263
开始时间: 2026-06-04 18:58:30
结束时间: 2026-06-04 18:58:30
总设备数: 80
参与设备数: 80
成功设备数: 0
失败设备数: 80
跳过设备数: 0
失败原因摘要:
- 设备未连接: 80 台
  设备: 12001, 12002, 12003, 12004, 12005, 12006, 12007, 12008, 12009, 12010, 12011, 12012, 12013, 12014, 12015, 12016, 12017, 12018, 12019, 12020, 12021, 12022, 12023, 12024, 12025, 12026, 12027, 12028, 12029, 12030, 12031, 12032, 12033, 12034, 12035, 12036, 12037, 12038, 12039, 12040, 12041, 12042, 12043, 12044, 12045, 12046, 12047, 12048, 12049, 12050, 12051, 12052, 12053, 12054, 12055, 12056, 12057, 12058, 12059, 12060, 12061, 12062, 12063, 12064, 12065, 12066, 12067, 12068, 12069, 12070, 12071, 12072, 12073, 12074, 12075, 12076, 12077, 12078, 12079, 12080
详细执行记录: 请在 self_check.log 搜索轮次ID 20260604_185830_263
[2026-06-04 18:58:30] [INFO] [CraneMapWidget::refreshDeviceData]Updated 20 devices
[2026-06-04 18:58:31] [INFO] [CraneMapWidget::refreshDeviceData]Updated 20 devices
[2026-06-04 18:58:32] [INFO] [CraneMapWidget::refreshDeviceData]Updated 20 devices
[2026-06-04 18:58:33] [INFO] [CraneMapWidget::refreshDeviceData]Updated 20 devices
[2026-06-04 18:58:34] [INFO] [CraneMapWidget::refreshDeviceData]Updated 20 devices
[2026-06-04 18:58:35] [WARN] [data][ModbusTcpMaster][ModbusConnecter][onAsyncReconnectTimeout]：设备ID=12027 自动重连超时，连续失败次数=3
[2026-06-04 18:58:35] [WARN] [data][ModbusTcpMaster][ModbusConnecter][onAsyncReconnectTimeout]：设备ID=12025 自动重连超时，连续失败次数=3
[2026-06-04 18:58:35] [WARN] [data][ModbusTcpMaster][ModbusConnecter][onAsyncReconnectTimeout]：设备ID=12009 自动重连超时，连续失败次数=3
[2026-06-04 18:58:35] [WARN] [data][ModbusTcpMaster][ModbusConnecter][onAsyncReconnectTimeout]：设备ID=12032 自动重连超时，连续失败次数=3
[2026-06-04 18:58:35] [WARN] [data][ModbusTcpMaster][ModbusConnecter][onAsyncReconnectTimeout]：设备ID=12026 自动重连超时，连续失败次数=3
[2026-06-04 18:58:35] [WARN] [data][ModbusTcpMaster][ModbusConnecter][onAsyncReconnectTimeout]：设备ID=12034 自动重连超时，连续失败次数=3
[2026-06-04 18:58:35] [WARN] [data][ModbusTcpMaster][ModbusConnecter][onAsyncReconnectTimeout]：设备ID=12037 自动重连超时，连续失败次数=3
[2026-06-04 18:58:35] [WARN] [data][ModbusTcpMaster][ModbusConnecter][onAsyncReconnectTimeout]：设备ID=12043 自动重连超时，连续失败次数=3
[2026-06-04 18:58:35] [WARN] [data][ModbusTcpMaster][ModbusConnecter][onAsyncReconnectTimeout]：设备ID=12040 自动重连超时，连续失败次数=3
[2026-06-04 18:58:35] [WARN] [data][ModbusTcpMaster][ModbusConnecter][onAsyncReconnectTimeout]：设备ID=12044 自动重连超时，连续失败次数=3
[2026-06-04 18:58:35] [WARN] [data][ModbusTcpMaster][ModbusConnecter][onAsyncReconnectTimeout]：设备ID=12033 自动重连超时，连续失败次数=3
[2026-06-04 18:58:35] [WARN] [data][ModbusTcpMaster][ModbusConnecter][onAsyncReconnectTimeout]：设备ID=12035 自动重连超时，连续失败次数=3
[2026-06-04 18:58:35] [WARN] [data][ModbusTcpMaster][ModbusConnecter][onAsyncReconnectTimeout]：设备ID=12028 自动重连超时，连续失败次数=3
[2026-06-04 18:58:35] [WARN] [data][ModbusTcpMaster][ModbusConnecter][onAsyncReconnectTimeout]：设备ID=12041 自动重连超时，连续失败次数=3
[2026-06-04 18:58:35] [WARN] [data][ModbusTcpMaster][ModbusConnecter][onAsyncReconnectTimeout]：设备ID=12029 自动重连超时，连续失败次数=3
[2026-06-04 18:58:35] [WARN] [data][ModbusTcpMaster][ModbusConnecter][onAsyncReconnectTimeout]：设备ID=12024 自动重连超时，连续失败次数=3
[2026-06-04 18:58:35] [WARN] [data][ModbusTcpMaster][ModbusConnecter][onAsyncReconnectTimeout]：设备ID=12001 自动重连超时，连续失败次数=3
[2026-06-04 18:58:35] [WARN] [data][ModbusTcpMaster][ModbusConnecter][onAsyncReconnectTimeout]：设备ID=12008 自动重连超时，连续失败次数=3
[2026-06-04 18:58:35] [WARN] [data][ModbusTcpMaster][ModbusConnecter][onAsyncReconnectTimeout]：设备ID=12036 自动重连超时，连续失败次数=3
[2026-06-04 18:58:35] [WARN] [data][ModbusTcpMaster][ModbusConnecter][onAsyncReconnectTimeout]：设备ID=12039 自动重连超时，连续失败次数=3
[2026-06-04 18:58:35] [WARN] [data][ModbusTcpMaster][ModbusConnecter][onAsyncReconnectTimeout]：设备ID=12005 自动重连超时，连续失败次数=3
[2026-06-04 18:58:35] [WARN] [data][ModbusTcpMaster][ModbusConnecter][onAsyncReconnectTimeout]：设备ID=12012 自动重连超时，连续失败次数=3
[2026-06-04 18:58:35] [WARN] [data][ModbusTcpMaster][ModbusConnecter][onAsyncReconnectTimeout]：设备ID=12010 自动重连超时，连续失败次数=3
[2026-06-04 18:58:35] [WARN] [data][ModbusTcpMaster][ModbusConnecter][onAsyncReconnectTimeout]：设备ID=12004 自动重连超时，连续失败次数=3
[2026-06-04 18:58:35] [WARN] [data][ModbusTcpMaster][ModbusConnecter][onAsyncReconnectTimeout]：设备ID=12003 自动重连超时，连续失败次数=3
[2026-06-04 18:58:35] [WARN] [data][ModbusTcpMaster][ModbusConnecter][onAsyncReconnectTimeout]：设备ID=12011 自动重连超时，连续失败次数=3
[2026-06-04 18:58:35] [WARN] [data][ModbusTcpMaster][ModbusConnecter][onAsyncReconnectTimeout]：设备ID=12015 自动重连超时，连续失败次数=3
[2026-06-04 18:58:35] [WARN] [data][ModbusTcpMaster][ModbusConnecter][onAsyncReconnectTimeout]：设备ID=12002 自动重连超时，连续失败次数=3
[2026-06-04 18:58:35] [WARN] [data][ModbusTcpMaster][ModbusConnecter][onAsyncReconnectTimeout]：设备ID=12021 自动重连超时，连续失败次数=3
[2026-06-04 18:58:35] [WARN] [data][ModbusTcpMaster][ModbusConnecter][onAsyncReconnectTimeout]：设备ID=12006 自动重连超时，连续失败次数=3
[2026-06-04 18:58:35] [WARN] [data][ModbusTcpMaster][ModbusConnecter][onAsyncReconnectTimeout]：设备ID=12007 自动重连超时，连续失败次数=3
[2026-06-04 18:58:35] [WARN] [data][ModbusTcpMaster][ModbusConnecter][onAsyncReconnectTimeout]：设备ID=12070 自动重连超时，连续失败次数=3
[2026-06-04 18:58:35] [WARN] [data][ModbusTcpMaster][ModbusConnecter][onAsyncReconnectTimeout]：设备ID=12071 自动重连超时，连续失败次数=3
[2026-06-04 18:58:35] [WARN] [data][ModbusTcpMaster][ModbusConnecter][onAsyncReconnectTimeout]：设备ID=12030 自动重连超时，连续失败次数=3
[2026-06-04 18:58:35] [WARN] [data][ModbusTcpMaster][ModbusConnecter][onAsyncReconnectTimeout]：设备ID=12076 自动重连超时，连续失败次数=3
[2026-06-04 18:58:35] [WARN] [data][ModbusTcpMaster][ModbusConnecter][onAsyncReconnectTimeout]：设备ID=12013 自动重连超时，连续失败次数=3
[2026-06-04 18:58:35] [WARN] [data][ModbusTcpMaster][ModbusConnecter][onAsyncReconnectTimeout]：设备ID=12059 自动重连超时，连续失败次数=3
[2026-06-04 18:58:35] [WARN] [data][ModbusTcpMaster][ModbusConnecter][onAsyncReconnectTimeout]：设备ID=12077 自动重连超时，连续失败次数=3
[2026-06-04 18:58:35] [WARN] [data][ModbusTcpMaster][ModbusConnecter][onAsyncReconnectTimeout]：设备ID=12042 自动重连超时，连续失败次数=3
[2026-06-04 18:58:35] [WARN] [data][ModbusTcpMaster][ModbusConnecter][onAsyncReconnectTimeout]：设备ID=12018 自动重连超时，连续失败次数=3
[2026-06-04 18:58:35] [WARN] [data][ModbusTcpMaster][ModbusConnecter][onAsyncReconnectTimeout]：设备ID=12065 自动重连超时，连续失败次数=3
[2026-06-04 18:58:35] [WARN] [data][ModbusTcpMaster][ModbusConnecter][onAsyncReconnectTimeout]：设备ID=12022 自动重连超时，连续失败次数=3
[2026-06-04 18:58:35] [WARN] [data][ModbusTcpMaster][ModbusConnecter][onAsyncReconnectTimeout]：设备ID=12017 自动重连超时，连续失败次数=3
[2026-06-04 18:58:35] [WARN] [data][ModbusTcpMaster][ModbusConnecter][onAsyncReconnectTimeout]：设备ID=12014 自动重连超时，连续失败次数=3
[2026-06-04 18:58:35] [WARN] [data][ModbusTcpMaster][ModbusConnecter][onAsyncReconnectTimeout]：设备ID=12045 自动重连超时，连续失败次数=3
[2026-06-04 18:58:35] [WARN] [data][ModbusTcpMaster][ModbusConnecter][onAsyncReconnectTimeout]：设备ID=12038 自动重连超时，连续失败次数=3
[2026-06-04 18:58:35] [WARN] [data][ModbusTcpMaster][ModbusConnecter][onAsyncReconnectTimeout]：设备ID=12031 自动重连超时，连续失败次数=3
[2026-06-04 18:58:35] [WARN] [data][ModbusTcpMaster][ModbusConnecter][onAsyncReconnectTimeout]：设备ID=12019 自动重连超时，连续失败次数=3
[2026-06-04 18:58:35] [WARN] [data][ModbusTcpMaster][ModbusConnecter][onAsyncReconnectTimeout]：设备ID=12072 自动重连超时，连续失败次数=3
[2026-06-04 18:58:35] [WARN] [data][ModbusTcpMaster][ModbusConnecter][onAsyncReconnectTimeout]：设备ID=12068 自动重连超时，连续失败次数=3
[2026-06-04 18:58:35] [WARN] [data][ModbusTcpMaster][ModbusConnecter][onAsyncReconnectTimeout]：设备ID=12073 自动重连超时，连续失败次数=3
[2026-06-04 18:58:35] [WARN] [data][ModbusTcpMaster][ModbusConnecter][onAsyncReconnectTimeout]：设备ID=12074 自动重连超时，连续失败次数=3
[2026-06-04 18:58:35] [WARN] [data][ModbusTcpMaster][ModbusConnecter][onAsyncReconnectTimeout]：设备ID=12079 自动重连超时，连续失败次数=3
[2026-06-04 18:58:35] [WARN] [data][ModbusTcpMaster][ModbusConnecter][onAsyncReconnectTimeout]：设备ID=12055 自动重连超时，连续失败次数=3
[2026-06-04 18:58:35] [WARN] [data][ModbusTcpMaster][ModbusConnecter][onAsyncReconnectTimeout]：设备ID=12066 自动重连超时，连续失败次数=3
[2026-06-04 18:58:35] [WARN] [data][ModbusTcpMaster][ModbusConnecter][onAsyncReconnectTimeout]：设备ID=12061 自动重连超时，连续失败次数=3
[2026-06-04 18:58:35] [WARN] [data][ModbusTcpMaster][ModbusConnecter][onAsyncReconnectTimeout]：设备ID=12062 自动重连超时，连续失败次数=3
[2026-06-04 18:58:35] [WARN] [data][ModbusTcpMaster][ModbusConnecter][onAsyncReconnectTimeout]：设备ID=12058 自动重连超时，连续失败次数=3
[2026-06-04 18:58:35] [WARN] [data][ModbusTcpMaster][ModbusConnecter][onAsyncReconnectTimeout]：设备ID=12023 自动重连超时，连续失败次数=3
[2026-06-04 18:58:35] [WARN] [data][ModbusTcpMaster][ModbusConnecter][onAsyncReconnectTimeout]：设备ID=12016 自动重连超时，连续失败次数=3
[2026-06-04 18:58:35] [WARN] [data][ModbusTcpMaster][ModbusConnecter][onAsyncReconnectTimeout]：设备ID=12063 自动重连超时，连续失败次数=3
[2026-06-04 18:58:35] [WARN] [data][ModbusTcpMaster][ModbusConnecter][onAsyncReconnectTimeout]：设备ID=12075 自动重连超时，连续失败次数=3
[2026-06-04 18:58:35] [WARN] [data][ModbusTcpMaster][ModbusConnecter][onAsyncReconnectTimeout]：设备ID=12057 自动重连超时，连续失败次数=3
[2026-06-04 18:58:35] [WARN] [data][ModbusTcpMaster][ModbusConnecter][onAsyncReconnectTimeout]：设备ID=12069 自动重连超时，连续失败次数=3
[2026-06-04 18:58:35] [WARN] [data][ModbusTcpMaster][ModbusConnecter][onAsyncReconnectTimeout]：设备ID=12060 自动重连超时，连续失败次数=3
[2026-06-04 18:58:35] [WARN] [data][ModbusTcpMaster][ModbusConnecter][onAsyncReconnectTimeout]：设备ID=12078 自动重连超时，连续失败次数=3
[2026-06-04 18:58:35] [WARN] [data][ModbusTcpMaster][ModbusConnecter][onAsyncReconnectTimeout]：设备ID=12048 自动重连超时，连续失败次数=3
[2026-06-04 18:58:35] [WARN] [data][ModbusTcpMaster][ModbusConnecter][onAsyncReconnectTimeout]：设备ID=12047 自动重连超时，连续失败次数=3
[2026-06-04 18:58:35] [WARN] [data][ModbusTcpMaster][ModbusConnecter][onAsyncReconnectTimeout]：设备ID=12080 自动重连超时，连续失败次数=3
[2026-06-04 18:58:35] [WARN] [data][ModbusTcpMaster][ModbusConnecter][onAsyncReconnectTimeout]：设备ID=12046 自动重连超时，连续失败次数=3
[2026-06-04 18:58:35] [WARN] [data][ModbusTcpMaster][ModbusConnecter][onAsyncReconnectTimeout]：设备ID=12020 自动重连超时，连续失败次数=3
[2026-06-04 18:58:35] [WARN] [data][ModbusTcpMaster][ModbusConnecter][onAsyncReconnectTimeout]：设备ID=12050 自动重连超时，连续失败次数=3
[2026-06-04 18:58:35] [WARN] [data][ModbusTcpMaster][ModbusConnecter][onAsyncReconnectTimeout]：设备ID=12054 自动重连超时，连续失败次数=3
[2026-06-04 18:58:35] [WARN] [data][ModbusTcpMaster][ModbusConnecter][onAsyncReconnectTimeout]：设备ID=12051 自动重连超时，连续失败次数=3
[2026-06-04 18:58:35] [WARN] [data][ModbusTcpMaster][ModbusConnecter][onAsyncReconnectTimeout]：设备ID=12053 自动重连超时，连续失败次数=3
[2026-06-04 18:58:35] [WARN] [data][ModbusTcpMaster][ModbusConnecter][onAsyncReconnectTimeout]：设备ID=12049 自动重连超时，连续失败次数=3
[2026-06-04 18:58:35] [WARN] [data][ModbusTcpMaster][ModbusConnecter][onAsyncReconnectTimeout]：设备ID=12052 自动重连超时，连续失败次数=3
[2026-06-04 18:58:35] [WARN] [data][ModbusTcpMaster][ModbusConnecter][onAsyncReconnectTimeout]：设备ID=12056 自动重连超时，连续失败次数=3
[2026-06-04 18:58:35] [WARN] [data][ModbusTcpMaster][ModbusConnecter][onAsyncReconnectTimeout]：设备ID=12067 自动重连超时，连续失败次数=3
[2026-06-04 18:58:35] [WARN] [data][ModbusTcpMaster][ModbusConnecter][onAsyncReconnectTimeout]：设备ID=12064 自动重连超时，连续失败次数=3
[2026-06-04 18:58:35] [INFO] [CraneMapWidget::refreshDeviceData]Updated 20 devices
[2026-06-04 18:58:36] [INFO] [CraneMapWidget::refreshDeviceData]Updated 20 devices
[2026-06-04 18:58:37] [INFO] [CraneMapWidget::refreshDeviceData]Updated 20 devices
[2026-06-04 18:58:38] [INFO] [CraneMapWidget::refreshDeviceData]Updated 20 devices
[2026-06-04 18:58:39] [INFO] [CraneMapWidget::refreshDeviceData]Updated 20 devices
[2026-06-04 18:58:40] [INFO] [CraneMapWidget::refreshDeviceData]Updated 20 devices
[2026-06-04 18:58:41] [INFO] [CraneMapWidget::refreshDeviceData]Updated 20 devices
[2026-06-04 18:58:43] [INFO] [CraneMapWidget::refreshDeviceData]Updated 20 devices
[2026-06-04 18:58:43] [INFO] [CraneMapWidget::refreshDeviceData]Updated 20 devices
[2026-06-04 18:58:44] [INFO] [CraneMapWidget::refreshDeviceData]Updated 20 devices
[2026-06-04 18:58:45] [INFO] [CraneMapWidget::refreshDeviceData]Updated 20 devices
[2026-06-04 18:58:46] [INFO] [CraneMapWidget::refreshDeviceData]Updated 20 devices
[2026-06-04 18:58:47] [INFO] [CraneMapWidget::refreshDeviceData]Updated 20 devices
[2026-06-04 18:58:48] [INFO] [CraneMapWidget::refreshDeviceData]Updated 20 devices
[2026-06-04 18:58:49] [INFO] [CraneMapWidget::refreshDeviceData]Updated 20 devices
[2026-06-04 18:58:50] [INFO] [CraneMapWidget::refreshDeviceData]Updated 20 devices
[2026-06-04 18:58:51] [INFO] [CraneMapWidget::refreshDeviceData]Updated 20 devices
[2026-06-04 18:58:53] [INFO] [CraneMapWidget::refreshDeviceData]Updated 20 devices
[2026-06-04 18:58:53] [INFO] [CraneMapWidget::refreshDeviceData]Updated 20 devices
[2026-06-04 18:58:54] [INFO] [CraneMapWidget::refreshDeviceData]Updated 20 devices
[2026-06-04 18:58:55] [INFO] [CraneMapWidget::refreshDeviceData]Updated 20 devices
[2026-06-04 18:58:56] [INFO] [CraneMapWidget::refreshDeviceData]Updated 20 devices
[2026-06-04 18:58:58] [INFO] [CraneMapWidget::refreshDeviceData]Updated 20 devices
[2026-06-04 18:58:58] [INFO] [CraneMapWidget::refreshDeviceData]Updated 20 devices
[2026-06-04 18:58:59] [INFO] [CraneMapWidget::refreshDeviceData]Updated 20 devices
[2026-06-04 18:59:00] [INFO] [CraneMapWidget::refreshDeviceData]Updated 20 devices
[2026-06-04 18:59:01] [INFO] [CraneMapWidget::refreshDeviceData]Updated 20 devices
[2026-06-04 18:59:03] [INFO] [CraneMapWidget::refreshDeviceData]Updated 20 devices
[2026-06-04 18:59:04] [INFO] [CraneMapWidget::refreshDeviceData]Updated 20 devices
[2026-06-04 18:59:05] [INFO] [CraneMapWidget::refreshDeviceData]Updated 20 devices
[2026-06-04 18:59:06] [INFO] [CraneMapWidget::refreshDeviceData]Updated 20 devices
[2026-06-04 18:59:08] [INFO] [CraneMapWidget::refreshDeviceData]Updated 20 devices
[2026-06-04 18:59:09] [INFO] [CraneMapWidget::refreshDeviceData]Updated 20 devices
[2026-06-04 18:59:10] [INFO] [CraneMapWidget::refreshDeviceData]Updated 20 devices
[2026-06-04 18:59:11] [INFO] [CraneMapWidget::refreshDeviceData]Updated 20 devices
[2026-06-04 18:59:12] [WARN] [Scheduler][onTaskFinished] 任务完成: MonitorDataTask taskId: 6bc70c46-6633-4e35-bbec-f6c52b80556a 成功: 0 监控任务被取消
[2026-06-04 18:59:12] [INFO] ============================= MonitorDataTask 停止 =============================
运行时长: 51801 ms
监听设备数: 80
通讯总数: 0
成功数: 0
失败数: 0
解析失败数: 0
停止时间: 2026-06-04 18:59:12
[2026-06-04 18:59:12] [INFO] [scheduler][NetworkStatusTask][Summary][disconnectAll]：断开所有信号连接（statusChanged=80, commandFinished=0），总数=80
[2026-06-04 18:59:12] [WARN] [Scheduler][onTaskFinished] 任务完成: NetworkStatusTask taskId: 025d6257-55e7-4b37-a1d1-049b7394875e 成功: 0 网络状态监控任务被取消
[2026-06-04 18:59:12] [INFO] [scheduler][NetworkStatusTask][Summary][stop]：网络状态任务已停止
[2026-06-04 18:59:12] [INFO] [stopFoupAlarmSyncTimer] FOUP 告警状态刷新定时器已停止
[2026-06-04 18:59:12] [WARN] [Scheduler][onTaskFinished] 任务完成: AlarmDispatchTask taskId: 629236e7-f510-41a5-91a7-a90e477034fd 成功: 0 Alarm dispatcher stopped
[2026-06-04 18:59:12] [INFO] [stop] 警报调度任务已停止
[2026-06-04 18:59:12] [WARN] [Scheduler][onTaskFinished] 任务完成: OperationDispatchTask taskId: 45254c9a-c7af-4df7-a38d-fc9e40d15fd8 成功: 0 Operation log dispatcher stopped
[2026-06-04 18:59:12] [INFO] [Scheduler][onTaskFinished] 任务完成: SH85PeriodicSelfCheckTask taskId: 5c276a33-06fc-4fae-a47a-c0c5f860a557 成功: 1 SH85PeriodicSelfCheckTask stopped
[2026-06-04 18:59:12] [INFO] [Scheduler][stop] 调度器线程已停止
[2026-06-04 18:59:12] [INFO] [ui][FirmwareUpdateConfigSettingWidget][~FirmwareUpdateConfigSettingWidget]：固件更新配置控件已销毁
[2026-06-04 18:59:12] [INFO] [ui][FirmwareUpdateSettingWidget][~FirmwareUpdateSettingWidget]：固件升级界面已销毁
[2026-06-04 18:59:12] [INFO] [data][ModbusTcpMasterManager][shutdown]：销毁 Master 池及工作线程
[2026-06-04 18:59:12] [INFO] [data][ModbusTcpMasterPool][destructor]：析构开始，开始安全清理资源
[2026-06-04 18:59:12] [INFO] [data][ModbusTcpMasterPool][stopAllMasters]：开始停止所有 Master
[2026-06-04 18:59:12] [INFO] [data][ModbusTcpMasterPool][stopAllMasters]：停止 Master ID=12001
[2026-06-04 18:59:12] [INFO] [data][ModbusTcpMaster][stop]：设备ID=12001 停止设备，连接模式=AutoReconnect
[2026-06-04 18:59:12] [INFO] [data][ModbusTcpMaster][pauseChildren]：设备ID=12001 暂停普通收发子模块
[2026-06-04 18:59:12] [INFO] [data][ModbusTcpMaster][ModbusCommandSender][stop]：设备ID=12001 指令发送器停止
[2026-06-04 18:59:12] [INFO] [data][ModbusTcpMaster][ModbusConnecter][stopAutoReconnect]：设备ID=12001 停止自动重连
[2026-06-04 18:59:12] [INFO] [data][ModbusTcpMaster][ModbusConnecter][onConnectionStatusChanged]：设备ID=12001 连接状态变化: Disconnected
[2026-06-04 18:59:12] [INFO] [data][ModbusTcpMaster][ModbusCommandSender][stop]：设备ID=12001 指令发送器停止
[2026-06-04 18:59:12] [INFO] [data][ModbusTcpMaster][enterState]：设备ID=12001 状态切换: 错误状态 -> 连接中
[2026-06-04 18:59:12] [INFO] [data][ModbusTcpMaster][ModbusConnecter][disconnectDevice]：设备ID=12001 完全断开连接，已停止自动重连
[2026-06-04 18:59:12] [INFO] [data][ModbusTcpMaster][enterState]：设备ID=12001 状态切换: 连接中 -> 空闲
[2026-06-04 18:59:12] [INFO] [data][ModbusTcpMasterPool][stopAllMasters]：停止 Master ID=12002
[2026-06-04 18:59:12] [INFO] [data][ModbusTcpMaster][stop]：设备ID=12002 停止设备，连接模式=AutoReconnect
[2026-06-04 18:59:12] [INFO] [data][ModbusTcpMaster][pauseChildren]：设备ID=12002 暂停普通收发子模块
[2026-06-04 18:59:12] [INFO] [data][ModbusTcpMaster][ModbusCommandSender][stop]：设备ID=12002 指令发送器停止
[2026-06-04 18:59:12] [INFO] [data][ModbusTcpMaster][ModbusConnecter][stopAutoReconnect]：设备ID=12002 停止自动重连
[2026-06-04 18:59:12] [INFO] [data][ModbusTcpMaster][ModbusConnecter][onConnectionStatusChanged]：设备ID=12002 连接状态变化: Disconnected
[2026-06-04 18:59:12] [INFO] [data][ModbusTcpMaster][ModbusCommandSender][stop]：设备ID=12002 指令发送器停止
[2026-06-04 18:59:12] [INFO] [data][ModbusTcpMaster][enterState]：设备ID=12002 状态切换: 错误状态 -> 连接中
[2026-06-04 18:59:12] [INFO] [data][ModbusTcpMaster][ModbusConnecter][disconnectDevice]：设备ID=12002 完全断开连接，已停止自动重连
[2026-06-04 18:59:12] [INFO] [data][ModbusTcpMaster][enterState]：设备ID=12002 状态切换: 连接中 -> 空闲
[2026-06-04 18:59:12] [INFO] [data][ModbusTcpMasterPool][stopAllMasters]：停止 Master ID=12003
[2026-06-04 18:59:12] [INFO] [data][ModbusTcpMaster][stop]：设备ID=12003 停止设备，连接模式=AutoReconnect
[2026-06-04 18:59:12] [INFO] [data][ModbusTcpMaster][pauseChildren]：设备ID=12003 暂停普通收发子模块
[2026-06-04 18:59:12] [INFO] [data][ModbusTcpMaster][ModbusCommandSender][stop]：设备ID=12003 指令发送器停止
[2026-06-04 18:59:12] [INFO] [data][ModbusTcpMaster][ModbusConnecter][stopAutoReconnect]：设备ID=12003 停止自动重连
[2026-06-04 18:59:12] [INFO] [data][ModbusTcpMaster][ModbusConnecter][onConnectionStatusChanged]：设备ID=12003 连接状态变化: Disconnected
[2026-06-04 18:59:12] [INFO] [data][ModbusTcpMaster][ModbusCommandSender][stop]：设备ID=12003 指令发送器停止
[2026-06-04 18:59:12] [INFO] [data][ModbusTcpMaster][enterState]：设备ID=12003 状态切换: 错误状态 -> 连接中
[2026-06-04 18:59:12] [INFO] [data][ModbusTcpMaster][ModbusConnecter][disconnectDevice]：设备ID=12003 完全断开连接，已停止自动重连
[2026-06-04 18:59:12] [INFO] [data][ModbusTcpMaster][enterState]：设备ID=12003 状态切换: 连接中 -> 空闲
[2026-06-04 18:59:12] [INFO] [data][ModbusTcpMasterPool][stopAllMasters]：停止 Master ID=12004
[2026-06-04 18:59:12] [INFO] [data][ModbusTcpMaster][stop]：设备ID=12004 停止设备，连接模式=AutoReconnect
[2026-06-04 18:59:12] [INFO] [data][ModbusTcpMaster][pauseChildren]：设备ID=12004 暂停普通收发子模块
[2026-06-04 18:59:12] [INFO] [data][ModbusTcpMaster][ModbusCommandSender][stop]：设备ID=12004 指令发送器停止
[2026-06-04 18:59:12] [INFO] [data][ModbusTcpMaster][ModbusConnecter][stopAutoReconnect]：设备ID=12004 停止自动重连
[2026-06-04 18:59:12] [INFO] [data][ModbusTcpMaster][ModbusConnecter][onConnectionStatusChanged]：设备ID=12004 连接状态变化: Disconnected
[2026-06-04 18:59:12] [INFO] [data][ModbusTcpMaster][ModbusCommandSender][stop]：设备ID=12004 指令发送器停止
[2026-06-04 18:59:12] [INFO] [data][ModbusTcpMaster][enterState]：设备ID=12004 状态切换: 错误状态 -> 连接中
[2026-06-04 18:59:12] [INFO] [data][ModbusTcpMaster][ModbusConnecter][disconnectDevice]：设备ID=12004 完全断开连接，已停止自动重连
[2026-06-04 18:59:12] [INFO] [data][ModbusTcpMaster][enterState]：设备ID=12004 状态切换: 连接中 -> 空闲
[2026-06-04 18:59:12] [INFO] [data][ModbusTcpMasterPool][stopAllMasters]：停止 Master ID=12005
[2026-06-04 18:59:12] [INFO] [data][ModbusTcpMaster][stop]：设备ID=12005 停止设备，连接模式=AutoReconnect
[2026-06-04 18:59:12] [INFO] [data][ModbusTcpMaster][pauseChildren]：设备ID=12005 暂停普通收发子模块
[2026-06-04 18:59:12] [INFO] [data][ModbusTcpMaster][ModbusCommandSender][stop]：设备ID=12005 指令发送器停止
[2026-06-04 18:59:12] [INFO] [data][ModbusTcpMaster][ModbusConnecter][stopAutoReconnect]：设备ID=12005 停止自动重连
[2026-06-04 18:59:12] [INFO] [data][ModbusTcpMaster][ModbusConnecter][onConnectionStatusChanged]：设备ID=12005 连接状态变化: Disconnected
[2026-06-04 18:59:12] [INFO] [data][ModbusTcpMaster][ModbusCommandSender][stop]：设备ID=12005 指令发送器停止
[2026-06-04 18:59:12] [INFO] [data][ModbusTcpMaster][enterState]：设备ID=12005 状态切换: 错误状态 -> 连接中
[2026-06-04 18:59:12] [INFO] [data][ModbusTcpMaster][ModbusConnecter][disconnectDevice]：设备ID=12005 完全断开连接，已停止自动重连
[2026-06-04 18:59:12] [INFO] [data][ModbusTcpMaster][enterState]：设备ID=12005 状态切换: 连接中 -> 空闲
[2026-06-04 18:59:12] [INFO] [data][ModbusTcpMasterPool][stopAllMasters]：停止 Master ID=12006
[2026-06-04 18:59:12] [INFO] [data][ModbusTcpMaster][stop]：设备ID=12006 停止设备，连接模式=AutoReconnect
[2026-06-04 18:59:12] [INFO] [data][ModbusTcpMaster][pauseChildren]：设备ID=12006 暂停普通收发子模块
[2026-06-04 18:59:12] [INFO] [data][ModbusTcpMaster][ModbusCommandSender][stop]：设备ID=12006 指令发送器停止
[2026-06-04 18:59:12] [INFO] [data][ModbusTcpMaster][ModbusConnecter][stopAutoReconnect]：设备ID=12006 停止自动重连
[2026-06-04 18:59:12] [INFO] [data][ModbusTcpMaster][ModbusConnecter][onConnectionStatusChanged]：设备ID=12006 连接状态变化: Disconnected
[2026-06-04 18:59:12] [INFO] [data][ModbusTcpMaster][ModbusCommandSender][stop]：设备ID=12006 指令发送器停止
[2026-06-04 18:59:12] [INFO] [data][ModbusTcpMaster][enterState]：设备ID=12006 状态切换: 错误状态 -> 连接中
[2026-06-04 18:59:12] [INFO] [data][ModbusTcpMaster][ModbusConnecter][disconnectDevice]：设备ID=12006 完全断开连接，已停止自动重连
[2026-06-04 18:59:12] [INFO] [data][ModbusTcpMaster][enterState]：设备ID=12006 状态切换: 连接中 -> 空闲
[2026-06-04 18:59:12] [INFO] [data][ModbusTcpMasterPool][stopAllMasters]：停止 Master ID=12007
[2026-06-04 18:59:12] [INFO] [data][ModbusTcpMaster][stop]：设备ID=12007 停止设备，连接模式=AutoReconnect
[2026-06-04 18:59:12] [INFO] [data][ModbusTcpMaster][pauseChildren]：设备ID=12007 暂停普通收发子模块
[2026-06-04 18:59:12] [INFO] [data][ModbusTcpMaster][ModbusCommandSender][stop]：设备ID=12007 指令发送器停止
[2026-06-04 18:59:12] [INFO] [data][ModbusTcpMaster][ModbusConnecter][stopAutoReconnect]：设备ID=12007 停止自动重连
[2026-06-04 18:59:12] [INFO] [data][ModbusTcpMaster][ModbusConnecter][onConnectionStatusChanged]：设备ID=12007 连接状态变化: Disconnected
[2026-06-04 18:59:12] [INFO] [data][ModbusTcpMaster][ModbusCommandSender][stop]：设备ID=12007 指令发送器停止
[2026-06-04 18:59:12] [INFO] [data][ModbusTcpMaster][enterState]：设备ID=12007 状态切换: 错误状态 -> 连接中
[2026-06-04 18:59:12] [INFO] [data][ModbusTcpMaster][ModbusConnecter][disconnectDevice]：设备ID=12007 完全断开连接，已停止自动重连
[2026-06-04 18:59:12] [INFO] [data][ModbusTcpMaster][enterState]：设备ID=12007 状态切换: 连接中 -> 空闲
[2026-06-04 18:59:12] [INFO] [data][ModbusTcpMasterPool][stopAllMasters]：停止 Master ID=12008
[2026-06-04 18:59:12] [INFO] [data][ModbusTcpMaster][stop]：设备ID=12008 停止设备，连接模式=AutoReconnect
[2026-06-04 18:59:12] [INFO] [data][ModbusTcpMaster][pauseChildren]：设备ID=12008 暂停普通收发子模块
[2026-06-04 18:59:12] [INFO] [data][ModbusTcpMaster][ModbusCommandSender][stop]：设备ID=12008 指令发送器停止
[2026-06-04 18:59:12] [INFO] [data][ModbusTcpMaster][ModbusConnecter][stopAutoReconnect]：设备ID=12008 停止自动重连
[2026-06-04 18:59:12] [INFO] [data][ModbusTcpMaster][ModbusConnecter][onConnectionStatusChanged]：设备ID=12008 连接状态变化: Disconnected
[2026-06-04 18:59:12] [INFO] [data][ModbusTcpMaster][ModbusCommandSender][stop]：设备ID=12008 指令发送器停止
[2026-06-04 18:59:12] [INFO] [data][ModbusTcpMaster][enterState]：设备ID=12008 状态切换: 错误状态 -> 连接中
[2026-06-04 18:59:12] [INFO] [data][ModbusTcpMaster][ModbusConnecter][disconnectDevice]：设备ID=12008 完全断开连接，已停止自动重连
[2026-06-04 18:59:12] [INFO] [data][ModbusTcpMaster][enterState]：设备ID=12008 状态切换: 连接中 -> 空闲
[2026-06-04 18:59:12] [INFO] [data][ModbusTcpMasterPool][stopAllMasters]：停止 Master ID=12009
[2026-06-04 18:59:12] [INFO] [data][ModbusTcpMaster][stop]：设备ID=12009 停止设备，连接模式=AutoReconnect
[2026-06-04 18:59:12] [INFO] [data][ModbusTcpMaster][pauseChildren]：设备ID=12009 暂停普通收发子模块
[2026-06-04 18:59:12] [INFO] [data][ModbusTcpMaster][ModbusCommandSender][stop]：设备ID=12009 指令发送器停止
[2026-06-04 18:59:12] [INFO] [data][ModbusTcpMaster][ModbusConnecter][stopAutoReconnect]：设备ID=12009 停止自动重连
[2026-06-04 18:59:12] [INFO] [data][ModbusTcpMaster][ModbusConnecter][onConnectionStatusChanged]：设备ID=12009 连接状态变化: Disconnected
[2026-06-04 18:59:12] [INFO] [data][ModbusTcpMaster][ModbusCommandSender][stop]：设备ID=12009 指令发送器停止
[2026-06-04 18:59:12] [INFO] [data][ModbusTcpMaster][enterState]：设备ID=12009 状态切换: 错误状态 -> 连接中
[2026-06-04 18:59:12] [INFO] [data][ModbusTcpMaster][ModbusConnecter][disconnectDevice]：设备ID=12009 完全断开连接，已停止自动重连
[2026-06-04 18:59:12] [INFO] [data][ModbusTcpMaster][enterState]：设备ID=12009 状态切换: 连接中 -> 空闲
[2026-06-04 18:59:12] [INFO] [data][ModbusTcpMasterPool][stopAllMasters]：停止 Master ID=12010
[2026-06-04 18:59:12] [INFO] [data][ModbusTcpMaster][stop]：设备ID=12010 停止设备，连接模式=AutoReconnect
[2026-06-04 18:59:12] [INFO] [data][ModbusTcpMaster][pauseChildren]：设备ID=12010 暂停普通收发子模块
[2026-06-04 18:59:12] [INFO] [data][ModbusTcpMaster][ModbusCommandSender][stop]：设备ID=12010 指令发送器停止
[2026-06-04 18:59:12] [INFO] [data][ModbusTcpMaster][ModbusConnecter][stopAutoReconnect]：设备ID=12010 停止自动重连
[2026-06-04 18:59:12] [INFO] [data][ModbusTcpMaster][ModbusConnecter][onConnectionStatusChanged]：设备ID=12010 连接状态变化: Disconnected
[2026-06-04 18:59:12] [INFO] [data][ModbusTcpMaster][ModbusCommandSender][stop]：设备ID=12010 指令发送器停止
[2026-06-04 18:59:12] [INFO] [data][ModbusTcpMaster][enterState]：设备ID=12010 状态切换: 错误状态 -> 连接中
[2026-06-04 18:59:12] [INFO] [data][ModbusTcpMaster][ModbusConnecter][disconnectDevice]：设备ID=12010 完全断开连接，已停止自动重连
[2026-06-04 18:59:12] [INFO] [data][ModbusTcpMaster][enterState]：设备ID=12010 状态切换: 连接中 -> 空闲
[2026-06-04 18:59:12] [INFO] [data][ModbusTcpMasterPool][stopAllMasters]：停止 Master ID=12011
[2026-06-04 18:59:12] [INFO] [data][ModbusTcpMaster][stop]：设备ID=12011 停止设备，连接模式=AutoReconnect
[2026-06-04 18:59:12] [INFO] [data][ModbusTcpMaster][pauseChildren]：设备ID=12011 暂停普通收发子模块
[2026-06-04 18:59:12] [INFO] [data][ModbusTcpMaster][ModbusCommandSender][stop]：设备ID=12011 指令发送器停止
[2026-06-04 18:59:12] [INFO] [data][ModbusTcpMaster][ModbusConnecter][stopAutoReconnect]：设备ID=12011 停止自动重连
[2026-06-04 18:59:12] [INFO] [data][ModbusTcpMaster][ModbusConnecter][onConnectionStatusChanged]：设备ID=12011 连接状态变化: Disconnected
[2026-06-04 18:59:12] [INFO] [data][ModbusTcpMaster][ModbusCommandSender][stop]：设备ID=12011 指令发送器停止
[2026-06-04 18:59:12] [INFO] [data][ModbusTcpMaster][enterState]：设备ID=12011 状态切换: 错误状态 -> 连接中
[2026-06-04 18:59:12] [INFO] [data][ModbusTcpMaster][ModbusConnecter][disconnectDevice]：设备ID=12011 完全断开连接，已停止自动重连
[2026-06-04 18:59:12] [INFO] [data][ModbusTcpMaster][enterState]：设备ID=12011 状态切换: 连接中 -> 空闲
[2026-06-04 18:59:12] [INFO] [data][ModbusTcpMasterPool][stopAllMasters]：停止 Master ID=12012
[2026-06-04 18:59:12] [INFO] [data][ModbusTcpMaster][stop]：设备ID=12012 停止设备，连接模式=AutoReconnect
[2026-06-04 18:59:12] [INFO] [data][ModbusTcpMaster][pauseChildren]：设备ID=12012 暂停普通收发子模块
[2026-06-04 18:59:12] [INFO] [data][ModbusTcpMaster][ModbusCommandSender][stop]：设备ID=12012 指令发送器停止
[2026-06-04 18:59:12] [INFO] [data][ModbusTcpMaster][ModbusConnecter][stopAutoReconnect]：设备ID=12012 停止自动重连
[2026-06-04 18:59:12] [INFO] [data][ModbusTcpMaster][ModbusConnecter][onConnectionStatusChanged]：设备ID=12012 连接状态变化: Disconnected
[2026-06-04 18:59:12] [INFO] [data][ModbusTcpMaster][ModbusCommandSender][stop]：设备ID=12012 指令发送器停止
[2026-06-04 18:59:12] [INFO] [data][ModbusTcpMaster][enterState]：设备ID=12012 状态切换: 错误状态 -> 连接中
[2026-06-04 18:59:12] [INFO] [data][ModbusTcpMaster][ModbusConnecter][disconnectDevice]：设备ID=12012 完全断开连接，已停止自动重连
[2026-06-04 18:59:12] [INFO] [data][ModbusTcpMaster][enterState]：设备ID=12012 状态切换: 连接中 -> 空闲
[2026-06-04 18:59:12] [INFO] [data][ModbusTcpMasterPool][stopAllMasters]：停止 Master ID=12013
[2026-06-04 18:59:12] [INFO] [data][ModbusTcpMaster][stop]：设备ID=12013 停止设备，连接模式=AutoReconnect
[2026-06-04 18:59:12] [INFO] [data][ModbusTcpMaster][pauseChildren]：设备ID=12013 暂停普通收发子模块
[2026-06-04 18:59:12] [INFO] [data][ModbusTcpMaster][ModbusCommandSender][stop]：设备ID=12013 指令发送器停止
[2026-06-04 18:59:12] [INFO] [data][ModbusTcpMaster][ModbusConnecter][stopAutoReconnect]：设备ID=12013 停止自动重连
[2026-06-04 18:59:12] [INFO] [data][ModbusTcpMaster][ModbusConnecter][onConnectionStatusChanged]：设备ID=12013 连接状态变化: Disconnected
[2026-06-04 18:59:12] [INFO] [data][ModbusTcpMaster][ModbusCommandSender][stop]：设备ID=12013 指令发送器停止
[2026-06-04 18:59:12] [INFO] [data][ModbusTcpMaster][enterState]：设备ID=12013 状态切换: 错误状态 -> 连接中
[2026-06-04 18:59:12] [INFO] [data][ModbusTcpMaster][ModbusConnecter][disconnectDevice]：设备ID=12013 完全断开连接，已停止自动重连
[2026-06-04 18:59:12] [INFO] [data][ModbusTcpMaster][enterState]：设备ID=12013 状态切换: 连接中 -> 空闲
[2026-06-04 18:59:12] [INFO] [data][ModbusTcpMasterPool][stopAllMasters]：停止 Master ID=12014
[2026-06-04 18:59:12] [INFO] [data][ModbusTcpMaster][stop]：设备ID=12014 停止设备，连接模式=AutoReconnect
[2026-06-04 18:59:12] [INFO] [data][ModbusTcpMaster][pauseChildren]：设备ID=12014 暂停普通收发子模块
[2026-06-04 18:59:12] [INFO] [data][ModbusTcpMaster][ModbusCommandSender][stop]：设备ID=12014 指令发送器停止
[2026-06-04 18:59:12] [INFO] [data][ModbusTcpMaster][ModbusConnecter][stopAutoReconnect]：设备ID=12014 停止自动重连
[2026-06-04 18:59:12] [INFO] [data][ModbusTcpMaster][ModbusConnecter][onConnectionStatusChanged]：设备ID=12014 连接状态变化: Disconnected
[2026-06-04 18:59:12] [INFO] [data][ModbusTcpMaster][ModbusCommandSender][stop]：设备ID=12014 指令发送器停止
[2026-06-04 18:59:12] [INFO] [data][ModbusTcpMaster][enterState]：设备ID=12014 状态切换: 错误状态 -> 连接中
[2026-06-04 18:59:12] [INFO] [data][ModbusTcpMaster][ModbusConnecter][disconnectDevice]：设备ID=12014 完全断开连接，已停止自动重连
[2026-06-04 18:59:12] [INFO] [data][ModbusTcpMaster][enterState]：设备ID=12014 状态切换: 连接中 -> 空闲
[2026-06-04 18:59:12] [INFO] [data][ModbusTcpMasterPool][stopAllMasters]：停止 Master ID=12015
[2026-06-04 18:59:12] [INFO] [data][ModbusTcpMaster][stop]：设备ID=12015 停止设备，连接模式=AutoReconnect
[2026-06-04 18:59:12] [INFO] [data][ModbusTcpMaster][pauseChildren]：设备ID=12015 暂停普通收发子模块
[2026-06-04 18:59:12] [INFO] [data][ModbusTcpMaster][ModbusCommandSender][stop]：设备ID=12015 指令发送器停止
[2026-06-04 18:59:12] [INFO] [data][ModbusTcpMaster][ModbusConnecter][stopAutoReconnect]：设备ID=12015 停止自动重连
[2026-06-04 18:59:12] [INFO] [data][ModbusTcpMaster][ModbusConnecter][onConnectionStatusChanged]：设备ID=12015 连接状态变化: Disconnected
[2026-06-04 18:59:12] [INFO] [data][ModbusTcpMaster][ModbusCommandSender][stop]：设备ID=12015 指令发送器停止
[2026-06-04 18:59:12] [INFO] [data][ModbusTcpMaster][enterState]：设备ID=12015 状态切换: 错误状态 -> 连接中
[2026-06-04 18:59:12] [INFO] [data][ModbusTcpMaster][ModbusConnecter][disconnectDevice]：设备ID=12015 完全断开连接，已停止自动重连
[2026-06-04 18:59:12] [INFO] [data][ModbusTcpMaster][enterState]：设备ID=12015 状态切换: 连接中 -> 空闲
[2026-06-04 18:59:12] [INFO] [data][ModbusTcpMasterPool][stopAllMasters]：停止 Master ID=12016
[2026-06-04 18:59:12] [INFO] [data][ModbusTcpMaster][stop]：设备ID=12016 停止设备，连接模式=AutoReconnect
[2026-06-04 18:59:12] [INFO] [data][ModbusTcpMaster][pauseChildren]：设备ID=12016 暂停普通收发子模块
[2026-06-04 18:59:12] [INFO] [data][ModbusTcpMaster][ModbusCommandSender][stop]：设备ID=12016 指令发送器停止
[2026-06-04 18:59:12] [INFO] [data][ModbusTcpMaster][ModbusConnecter][stopAutoReconnect]：设备ID=12016 停止自动重连
[2026-06-04 18:59:12] [INFO] [data][ModbusTcpMaster][ModbusConnecter][onConnectionStatusChanged]：设备ID=12016 连接状态变化: Disconnected
[2026-06-04 18:59:12] [INFO] [data][ModbusTcpMaster][ModbusCommandSender][stop]：设备ID=12016 指令发送器停止
[2026-06-04 18:59:12] [INFO] [data][ModbusTcpMaster][enterState]：设备ID=12016 状态切换: 错误状态 -> 连接中
[2026-06-04 18:59:12] [INFO] [data][ModbusTcpMaster][ModbusConnecter][disconnectDevice]：设备ID=12016 完全断开连接，已停止自动重连
[2026-06-04 18:59:12] [INFO] [data][ModbusTcpMaster][enterState]：设备ID=12016 状态切换: 连接中 -> 空闲
[2026-06-04 18:59:12] [INFO] [data][ModbusTcpMasterPool][stopAllMasters]：停止 Master ID=12017
[2026-06-04 18:59:12] [INFO] [data][ModbusTcpMaster][stop]：设备ID=12017 停止设备，连接模式=AutoReconnect
[2026-06-04 18:59:12] [INFO] [data][ModbusTcpMaster][pauseChildren]：设备ID=12017 暂停普通收发子模块
[2026-06-04 18:59:12] [INFO] [data][ModbusTcpMaster][ModbusCommandSender][stop]：设备ID=12017 指令发送器停止
[2026-06-04 18:59:12] [INFO] [data][ModbusTcpMaster][ModbusConnecter][stopAutoReconnect]：设备ID=12017 停止自动重连
[2026-06-04 18:59:12] [INFO] [data][ModbusTcpMaster][ModbusConnecter][onConnectionStatusChanged]：设备ID=12017 连接状态变化: Disconnected
[2026-06-04 18:59:12] [INFO] [data][ModbusTcpMaster][ModbusCommandSender][stop]：设备ID=12017 指令发送器停止
[2026-06-04 18:59:12] [INFO] [data][ModbusTcpMaster][enterState]：设备ID=12017 状态切换: 错误状态 -> 连接中
[2026-06-04 18:59:12] [INFO] [data][ModbusTcpMaster][ModbusConnecter][disconnectDevice]：设备ID=12017 完全断开连接，已停止自动重连
[2026-06-04 18:59:12] [INFO] [data][ModbusTcpMaster][enterState]：设备ID=12017 状态切换: 连接中 -> 空闲
[2026-06-04 18:59:12] [INFO] [data][ModbusTcpMasterPool][stopAllMasters]：停止 Master ID=12018
[2026-06-04 18:59:12] [INFO] [data][ModbusTcpMaster][stop]：设备ID=12018 停止设备，连接模式=AutoReconnect
[2026-06-04 18:59:12] [INFO] [data][ModbusTcpMaster][pauseChildren]：设备ID=12018 暂停普通收发子模块
[2026-06-04 18:59:12] [INFO] [data][ModbusTcpMaster][ModbusCommandSender][stop]：设备ID=12018 指令发送器停止
[2026-06-04 18:59:12] [INFO] [data][ModbusTcpMaster][ModbusConnecter][stopAutoReconnect]：设备ID=12018 停止自动重连
[2026-06-04 18:59:12] [INFO] [data][ModbusTcpMaster][ModbusConnecter][onConnectionStatusChanged]：设备ID=12018 连接状态变化: Disconnected
[2026-06-04 18:59:12] [INFO] [data][ModbusTcpMaster][ModbusCommandSender][stop]：设备ID=12018 指令发送器停止
[2026-06-04 18:59:12] [INFO] [data][ModbusTcpMaster][enterState]：设备ID=12018 状态切换: 错误状态 -> 连接中
[2026-06-04 18:59:12] [INFO] [data][ModbusTcpMaster][ModbusConnecter][disconnectDevice]：设备ID=12018 完全断开连接，已停止自动重连
[2026-06-04 18:59:12] [INFO] [data][ModbusTcpMaster][enterState]：设备ID=12018 状态切换: 连接中 -> 空闲
[2026-06-04 18:59:12] [INFO] [data][ModbusTcpMasterPool][stopAllMasters]：停止 Master ID=12019
[2026-06-04 18:59:12] [INFO] [data][ModbusTcpMaster][stop]：设备ID=12019 停止设备，连接模式=AutoReconnect
[2026-06-04 18:59:12] [INFO] [data][ModbusTcpMaster][pauseChildren]：设备ID=12019 暂停普通收发子模块
[2026-06-04 18:59:12] [INFO] [data][ModbusTcpMaster][ModbusCommandSender][stop]：设备ID=12019 指令发送器停止
[2026-06-04 18:59:12] [INFO] [data][ModbusTcpMaster][ModbusConnecter][stopAutoReconnect]：设备ID=12019 停止自动重连
[2026-06-04 18:59:12] [INFO] [data][ModbusTcpMaster][ModbusConnecter][onConnectionStatusChanged]：设备ID=12019 连接状态变化: Disconnected
[2026-06-04 18:59:12] [INFO] [data][ModbusTcpMaster][ModbusCommandSender][stop]：设备ID=12019 指令发送器停止
[2026-06-04 18:59:12] [INFO] [data][ModbusTcpMaster][enterState]：设备ID=12019 状态切换: 错误状态 -> 连接中
[2026-06-04 18:59:12] [INFO] [data][ModbusTcpMaster][ModbusConnecter][disconnectDevice]：设备ID=12019 完全断开连接，已停止自动重连
[2026-06-04 18:59:12] [INFO] [data][ModbusTcpMaster][enterState]：设备ID=12019 状态切换: 连接中 -> 空闲
[2026-06-04 18:59:12] [INFO] [data][ModbusTcpMasterPool][stopAllMasters]：停止 Master ID=12020
[2026-06-04 18:59:12] [INFO] [data][ModbusTcpMaster][stop]：设备ID=12020 停止设备，连接模式=AutoReconnect
[2026-06-04 18:59:12] [INFO] [data][ModbusTcpMaster][pauseChildren]：设备ID=12020 暂停普通收发子模块
[2026-06-04 18:59:12] [INFO] [data][ModbusTcpMaster][ModbusCommandSender][stop]：设备ID=12020 指令发送器停止
[2026-06-04 18:59:12] [INFO] [data][ModbusTcpMaster][ModbusConnecter][stopAutoReconnect]：设备ID=12020 停止自动重连
[2026-06-04 18:59:12] [INFO] [data][ModbusTcpMaster][ModbusConnecter][onConnectionStatusChanged]：设备ID=12020 连接状态变化: Disconnected
[2026-06-04 18:59:12] [INFO] [data][ModbusTcpMaster][ModbusCommandSender][stop]：设备ID=12020 指令发送器停止
[2026-06-04 18:59:12] [INFO] [data][ModbusTcpMaster][enterState]：设备ID=12020 状态切换: 错误状态 -> 连接中
[2026-06-04 18:59:12] [INFO] [data][ModbusTcpMaster][ModbusConnecter][disconnectDevice]：设备ID=12020 完全断开连接，已停止自动重连
[2026-06-04 18:59:12] [INFO] [data][ModbusTcpMaster][enterState]：设备ID=12020 状态切换: 连接中 -> 空闲
[2026-06-04 18:59:12] [INFO] [data][ModbusTcpMasterPool][stopAllMasters]：停止 Master ID=12021
[2026-06-04 18:59:12] [INFO] [data][ModbusTcpMaster][stop]：设备ID=12021 停止设备，连接模式=AutoReconnect
[2026-06-04 18:59:12] [INFO] [data][ModbusTcpMaster][pauseChildren]：设备ID=12021 暂停普通收发子模块
[2026-06-04 18:59:12] [INFO] [data][ModbusTcpMaster][ModbusCommandSender][stop]：设备ID=12021 指令发送器停止
[2026-06-04 18:59:12] [INFO] [data][ModbusTcpMaster][ModbusConnecter][stopAutoReconnect]：设备ID=12021 停止自动重连
[2026-06-04 18:59:12] [INFO] [data][ModbusTcpMaster][ModbusConnecter][onConnectionStatusChanged]：设备ID=12021 连接状态变化: Disconnected
[2026-06-04 18:59:12] [INFO] [data][ModbusTcpMaster][ModbusCommandSender][stop]：设备ID=12021 指令发送器停止
[2026-06-04 18:59:12] [INFO] [data][ModbusTcpMaster][enterState]：设备ID=12021 状态切换: 错误状态 -> 连接中
[2026-06-04 18:59:12] [INFO] [data][ModbusTcpMaster][ModbusConnecter][disconnectDevice]：设备ID=12021 完全断开连接，已停止自动重连
[2026-06-04 18:59:12] [INFO] [data][ModbusTcpMaster][enterState]：设备ID=12021 状态切换: 连接中 -> 空闲
[2026-06-04 18:59:12] [INFO] [data][ModbusTcpMasterPool][stopAllMasters]：停止 Master ID=12022
[2026-06-04 18:59:12] [INFO] [data][ModbusTcpMaster][stop]：设备ID=12022 停止设备，连接模式=AutoReconnect
[2026-06-04 18:59:12] [INFO] [data][ModbusTcpMaster][pauseChildren]：设备ID=12022 暂停普通收发子模块
[2026-06-04 18:59:12] [INFO] [data][ModbusTcpMaster][ModbusCommandSender][stop]：设备ID=12022 指令发送器停止
[2026-06-04 18:59:12] [INFO] [data][ModbusTcpMaster][ModbusConnecter][stopAutoReconnect]：设备ID=12022 停止自动重连
[2026-06-04 18:59:12] [INFO] [data][ModbusTcpMaster][ModbusConnecter][onConnectionStatusChanged]：设备ID=12022 连接状态变化: Disconnected
[2026-06-04 18:59:12] [INFO] [data][ModbusTcpMaster][ModbusCommandSender][stop]：设备ID=12022 指令发送器停止
[2026-06-04 18:59:12] [INFO] [data][ModbusTcpMaster][enterState]：设备ID=12022 状态切换: 错误状态 -> 连接中
[2026-06-04 18:59:12] [INFO] [data][ModbusTcpMaster][ModbusConnecter][disconnectDevice]：设备ID=12022 完全断开连接，已停止自动重连
[2026-06-04 18:59:12] [INFO] [data][ModbusTcpMaster][enterState]：设备ID=12022 状态切换: 连接中 -> 空闲
[2026-06-04 18:59:12] [INFO] [data][ModbusTcpMasterPool][stopAllMasters]：停止 Master ID=12023
[2026-06-04 18:59:12] [INFO] [data][ModbusTcpMaster][stop]：设备ID=12023 停止设备，连接模式=AutoReconnect
[2026-06-04 18:59:12] [INFO] [data][ModbusTcpMaster][pauseChildren]：设备ID=12023 暂停普通收发子模块
[2026-06-04 18:59:12] [INFO] [data][ModbusTcpMaster][ModbusCommandSender][stop]：设备ID=12023 指令发送器停止
[2026-06-04 18:59:12] [INFO] [data][ModbusTcpMaster][ModbusConnecter][stopAutoReconnect]：设备ID=12023 停止自动重连
[2026-06-04 18:59:12] [INFO] [data][ModbusTcpMaster][ModbusConnecter][onConnectionStatusChanged]：设备ID=12023 连接状态变化: Disconnected
[2026-06-04 18:59:12] [INFO] [data][ModbusTcpMaster][ModbusCommandSender][stop]：设备ID=12023 指令发送器停止
[2026-06-04 18:59:12] [INFO] [data][ModbusTcpMaster][enterState]：设备ID=12023 状态切换: 错误状态 -> 连接中
[2026-06-04 18:59:12] [INFO] [data][ModbusTcpMaster][ModbusConnecter][disconnectDevice]：设备ID=12023 完全断开连接，已停止自动重连
[2026-06-04 18:59:12] [INFO] [data][ModbusTcpMaster][enterState]：设备ID=12023 状态切换: 连接中 -> 空闲
[2026-06-04 18:59:12] [INFO] [data][ModbusTcpMasterPool][stopAllMasters]：停止 Master ID=12024
[2026-06-04 18:59:12] [INFO] [data][ModbusTcpMaster][stop]：设备ID=12024 停止设备，连接模式=AutoReconnect
[2026-06-04 18:59:12] [INFO] [data][ModbusTcpMaster][pauseChildren]：设备ID=12024 暂停普通收发子模块
[2026-06-04 18:59:12] [INFO] [data][ModbusTcpMaster][ModbusCommandSender][stop]：设备ID=12024 指令发送器停止
[2026-06-04 18:59:12] [INFO] [data][ModbusTcpMaster][ModbusConnecter][stopAutoReconnect]：设备ID=12024 停止自动重连
[2026-06-04 18:59:12] [INFO] [data][ModbusTcpMaster][ModbusConnecter][onConnectionStatusChanged]：设备ID=12024 连接状态变化: Disconnected
[2026-06-04 18:59:12] [INFO] [data][ModbusTcpMaster][ModbusCommandSender][stop]：设备ID=12024 指令发送器停止
[2026-06-04 18:59:12] [INFO] [data][ModbusTcpMaster][enterState]：设备ID=12024 状态切换: 错误状态 -> 连接中
[2026-06-04 18:59:12] [INFO] [data][ModbusTcpMaster][ModbusConnecter][disconnectDevice]：设备ID=12024 完全断开连接，已停止自动重连
[2026-06-04 18:59:12] [INFO] [data][ModbusTcpMaster][enterState]：设备ID=12024 状态切换: 连接中 -> 空闲
[2026-06-04 18:59:12] [INFO] [data][ModbusTcpMasterPool][stopAllMasters]：停止 Master ID=12025
[2026-06-04 18:59:12] [INFO] [data][ModbusTcpMaster][stop]：设备ID=12025 停止设备，连接模式=AutoReconnect
[2026-06-04 18:59:12] [INFO] [data][ModbusTcpMaster][pauseChildren]：设备ID=12025 暂停普通收发子模块
[2026-06-04 18:59:12] [INFO] [data][ModbusTcpMaster][ModbusCommandSender][stop]：设备ID=12025 指令发送器停止
[2026-06-04 18:59:12] [INFO] [data][ModbusTcpMaster][ModbusConnecter][stopAutoReconnect]：设备ID=12025 停止自动重连
[2026-06-04 18:59:12] [INFO] [data][ModbusTcpMaster][ModbusConnecter][onConnectionStatusChanged]：设备ID=12025 连接状态变化: Disconnected
[2026-06-04 18:59:12] [INFO] [data][ModbusTcpMaster][ModbusCommandSender][stop]：设备ID=12025 指令发送器停止
[2026-06-04 18:59:12] [INFO] [data][ModbusTcpMaster][enterState]：设备ID=12025 状态切换: 错误状态 -> 连接中
[2026-06-04 18:59:12] [INFO] [data][ModbusTcpMaster][ModbusConnecter][disconnectDevice]：设备ID=12025 完全断开连接，已停止自动重连
[2026-06-04 18:59:12] [INFO] [data][ModbusTcpMaster][enterState]：设备ID=12025 状态切换: 连接中 -> 空闲
[2026-06-04 18:59:12] [INFO] [data][ModbusTcpMasterPool][stopAllMasters]：停止 Master ID=12026
[2026-06-04 18:59:12] [INFO] [data][ModbusTcpMaster][stop]：设备ID=12026 停止设备，连接模式=AutoReconnect
[2026-06-04 18:59:12] [INFO] [data][ModbusTcpMaster][pauseChildren]：设备ID=12026 暂停普通收发子模块
[2026-06-04 18:59:12] [INFO] [data][ModbusTcpMaster][ModbusCommandSender][stop]：设备ID=12026 指令发送器停止
[2026-06-04 18:59:12] [INFO] [data][ModbusTcpMaster][ModbusConnecter][stopAutoReconnect]：设备ID=12026 停止自动重连
[2026-06-04 18:59:12] [INFO] [data][ModbusTcpMaster][ModbusConnecter][onConnectionStatusChanged]：设备ID=12026 连接状态变化: Disconnected
[2026-06-04 18:59:12] [INFO] [data][ModbusTcpMaster][ModbusCommandSender][stop]：设备ID=12026 指令发送器停止
[2026-06-04 18:59:12] [INFO] [data][ModbusTcpMaster][enterState]：设备ID=12026 状态切换: 错误状态 -> 连接中
[2026-06-04 18:59:12] [INFO] [data][ModbusTcpMaster][ModbusConnecter][disconnectDevice]：设备ID=12026 完全断开连接，已停止自动重连
[2026-06-04 18:59:12] [INFO] [data][ModbusTcpMaster][enterState]：设备ID=12026 状态切换: 连接中 -> 空闲
[2026-06-04 18:59:12] [INFO] [data][ModbusTcpMasterPool][stopAllMasters]：停止 Master ID=12027
[2026-06-04 18:59:12] [INFO] [data][ModbusTcpMaster][stop]：设备ID=12027 停止设备，连接模式=AutoReconnect
[2026-06-04 18:59:12] [INFO] [data][ModbusTcpMaster][pauseChildren]：设备ID=12027 暂停普通收发子模块
[2026-06-04 18:59:12] [INFO] [data][ModbusTcpMaster][ModbusCommandSender][stop]：设备ID=12027 指令发送器停止
[2026-06-04 18:59:12] [INFO] [data][ModbusTcpMaster][ModbusConnecter][stopAutoReconnect]：设备ID=12027 停止自动重连
[2026-06-04 18:59:12] [INFO] [data][ModbusTcpMaster][ModbusConnecter][onConnectionStatusChanged]：设备ID=12027 连接状态变化: Disconnected
[2026-06-04 18:59:12] [INFO] [data][ModbusTcpMaster][ModbusCommandSender][stop]：设备ID=12027 指令发送器停止
[2026-06-04 18:59:12] [INFO] [data][ModbusTcpMaster][enterState]：设备ID=12027 状态切换: 错误状态 -> 连接中
[2026-06-04 18:59:12] [INFO] [data][ModbusTcpMaster][ModbusConnecter][disconnectDevice]：设备ID=12027 完全断开连接，已停止自动重连
[2026-06-04 18:59:12] [INFO] [data][ModbusTcpMaster][enterState]：设备ID=12027 状态切换: 连接中 -> 空闲
[2026-06-04 18:59:12] [INFO] [data][ModbusTcpMasterPool][stopAllMasters]：停止 Master ID=12028
[2026-06-04 18:59:12] [INFO] [data][ModbusTcpMaster][stop]：设备ID=12028 停止设备，连接模式=AutoReconnect
[2026-06-04 18:59:12] [INFO] [data][ModbusTcpMaster][pauseChildren]：设备ID=12028 暂停普通收发子模块
[2026-06-04 18:59:12] [INFO] [data][ModbusTcpMaster][ModbusCommandSender][stop]：设备ID=12028 指令发送器停止
[2026-06-04 18:59:12] [INFO] [data][ModbusTcpMaster][ModbusConnecter][stopAutoReconnect]：设备ID=12028 停止自动重连
[2026-06-04 18:59:12] [INFO] [data][ModbusTcpMaster][ModbusConnecter][onConnectionStatusChanged]：设备ID=12028 连接状态变化: Disconnected
[2026-06-04 18:59:12] [INFO] [data][ModbusTcpMaster][ModbusCommandSender][stop]：设备ID=12028 指令发送器停止
[2026-06-04 18:59:12] [INFO] [data][ModbusTcpMaster][enterState]：设备ID=12028 状态切换: 错误状态 -> 连接中
[2026-06-04 18:59:12] [INFO] [data][ModbusTcpMaster][ModbusConnecter][disconnectDevice]：设备ID=12028 完全断开连接，已停止自动重连
[2026-06-04 18:59:12] [INFO] [data][ModbusTcpMaster][enterState]：设备ID=12028 状态切换: 连接中 -> 空闲
[2026-06-04 18:59:12] [INFO] [data][ModbusTcpMasterPool][stopAllMasters]：停止 Master ID=12029
[2026-06-04 18:59:12] [INFO] [data][ModbusTcpMaster][stop]：设备ID=12029 停止设备，连接模式=AutoReconnect
[2026-06-04 18:59:12] [INFO] [data][ModbusTcpMaster][pauseChildren]：设备ID=12029 暂停普通收发子模块
[2026-06-04 18:59:12] [INFO] [data][ModbusTcpMaster][ModbusCommandSender][stop]：设备ID=12029 指令发送器停止
[2026-06-04 18:59:12] [INFO] [data][ModbusTcpMaster][ModbusConnecter][stopAutoReconnect]：设备ID=12029 停止自动重连
[2026-06-04 18:59:12] [INFO] [data][ModbusTcpMaster][ModbusConnecter][onConnectionStatusChanged]：设备ID=12029 连接状态变化: Disconnected
[2026-06-04 18:59:12] [INFO] [data][ModbusTcpMaster][ModbusCommandSender][stop]：设备ID=12029 指令发送器停止
[2026-06-04 18:59:12] [INFO] [data][ModbusTcpMaster][enterState]：设备ID=12029 状态切换: 错误状态 -> 连接中
[2026-06-04 18:59:12] [INFO] [data][ModbusTcpMaster][ModbusConnecter][disconnectDevice]：设备ID=12029 完全断开连接，已停止自动重连
[2026-06-04 18:59:12] [INFO] [data][ModbusTcpMaster][enterState]：设备ID=12029 状态切换: 连接中 -> 空闲
[2026-06-04 18:59:12] [INFO] [data][ModbusTcpMasterPool][stopAllMasters]：停止 Master ID=12030
[2026-06-04 18:59:12] [INFO] [data][ModbusTcpMaster][stop]：设备ID=12030 停止设备，连接模式=AutoReconnect
[2026-06-04 18:59:12] [INFO] [data][ModbusTcpMaster][pauseChildren]：设备ID=12030 暂停普通收发子模块
[2026-06-04 18:59:12] [INFO] [data][ModbusTcpMaster][ModbusCommandSender][stop]：设备ID=12030 指令发送器停止
[2026-06-04 18:59:12] [INFO] [data][ModbusTcpMaster][ModbusConnecter][stopAutoReconnect]：设备ID=12030 停止自动重连
[2026-06-04 18:59:12] [INFO] [data][ModbusTcpMaster][ModbusConnecter][onConnectionStatusChanged]：设备ID=12030 连接状态变化: Disconnected
[2026-06-04 18:59:12] [INFO] [data][ModbusTcpMaster][ModbusCommandSender][stop]：设备ID=12030 指令发送器停止
[2026-06-04 18:59:12] [INFO] [data][ModbusTcpMaster][enterState]：设备ID=12030 状态切换: 错误状态 -> 连接中
[2026-06-04 18:59:12] [INFO] [data][ModbusTcpMaster][ModbusConnecter][disconnectDevice]：设备ID=12030 完全断开连接，已停止自动重连
[2026-06-04 18:59:12] [INFO] [data][ModbusTcpMaster][enterState]：设备ID=12030 状态切换: 连接中 -> 空闲
[2026-06-04 18:59:12] [INFO] [data][ModbusTcpMasterPool][stopAllMasters]：停止 Master ID=12031
[2026-06-04 18:59:12] [INFO] [data][ModbusTcpMaster][stop]：设备ID=12031 停止设备，连接模式=AutoReconnect
[2026-06-04 18:59:12] [INFO] [data][ModbusTcpMaster][pauseChildren]：设备ID=12031 暂停普通收发子模块
[2026-06-04 18:59:12] [INFO] [data][ModbusTcpMaster][ModbusCommandSender][stop]：设备ID=12031 指令发送器停止
[2026-06-04 18:59:12] [INFO] [data][ModbusTcpMaster][ModbusConnecter][stopAutoReconnect]：设备ID=12031 停止自动重连
[2026-06-04 18:59:12] [INFO] [data][ModbusTcpMaster][ModbusConnecter][onConnectionStatusChanged]：设备ID=12031 连接状态变化: Disconnected
[2026-06-04 18:59:12] [INFO] [data][ModbusTcpMaster][ModbusCommandSender][stop]：设备ID=12031 指令发送器停止
[2026-06-04 18:59:12] [INFO] [data][ModbusTcpMaster][enterState]：设备ID=12031 状态切换: 错误状态 -> 连接中
[2026-06-04 18:59:12] [INFO] [data][ModbusTcpMaster][ModbusConnecter][disconnectDevice]：设备ID=12031 完全断开连接，已停止自动重连
[2026-06-04 18:59:12] [INFO] [data][ModbusTcpMaster][enterState]：设备ID=12031 状态切换: 连接中 -> 空闲
[2026-06-04 18:59:12] [INFO] [data][ModbusTcpMasterPool][stopAllMasters]：停止 Master ID=12032
[2026-06-04 18:59:12] [INFO] [data][ModbusTcpMaster][stop]：设备ID=12032 停止设备，连接模式=AutoReconnect
[2026-06-04 18:59:12] [INFO] [data][ModbusTcpMaster][pauseChildren]：设备ID=12032 暂停普通收发子模块
[2026-06-04 18:59:12] [INFO] [data][ModbusTcpMaster][ModbusCommandSender][stop]：设备ID=12032 指令发送器停止
[2026-06-04 18:59:12] [INFO] [data][ModbusTcpMaster][ModbusConnecter][stopAutoReconnect]：设备ID=12032 停止自动重连
[2026-06-04 18:59:12] [INFO] [data][ModbusTcpMaster][ModbusConnecter][onConnectionStatusChanged]：设备ID=12032 连接状态变化: Disconnected
[2026-06-04 18:59:12] [INFO] [data][ModbusTcpMaster][ModbusCommandSender][stop]：设备ID=12032 指令发送器停止
[2026-06-04 18:59:12] [INFO] [data][ModbusTcpMaster][enterState]：设备ID=12032 状态切换: 错误状态 -> 连接中
[2026-06-04 18:59:12] [INFO] [data][ModbusTcpMaster][ModbusConnecter][disconnectDevice]：设备ID=12032 完全断开连接，已停止自动重连
[2026-06-04 18:59:12] [INFO] [data][ModbusTcpMaster][enterState]：设备ID=12032 状态切换: 连接中 -> 空闲
[2026-06-04 18:59:12] [INFO] [data][ModbusTcpMasterPool][stopAllMasters]：停止 Master ID=12033
[2026-06-04 18:59:12] [INFO] [data][ModbusTcpMaster][stop]：设备ID=12033 停止设备，连接模式=AutoReconnect
[2026-06-04 18:59:12] [INFO] [data][ModbusTcpMaster][pauseChildren]：设备ID=12033 暂停普通收发子模块
[2026-06-04 18:59:12] [INFO] [data][ModbusTcpMaster][ModbusCommandSender][stop]：设备ID=12033 指令发送器停止
[2026-06-04 18:59:12] [INFO] [data][ModbusTcpMaster][ModbusConnecter][stopAutoReconnect]：设备ID=12033 停止自动重连
[2026-06-04 18:59:12] [INFO] [data][ModbusTcpMaster][ModbusConnecter][onConnectionStatusChanged]：设备ID=12033 连接状态变化: Disconnected
[2026-06-04 18:59:12] [INFO] [data][ModbusTcpMaster][ModbusCommandSender][stop]：设备ID=12033 指令发送器停止
[2026-06-04 18:59:12] [INFO] [data][ModbusTcpMaster][enterState]：设备ID=12033 状态切换: 错误状态 -> 连接中
[2026-06-04 18:59:12] [INFO] [data][ModbusTcpMaster][ModbusConnecter][disconnectDevice]：设备ID=12033 完全断开连接，已停止自动重连
[2026-06-04 18:59:12] [INFO] [data][ModbusTcpMaster][enterState]：设备ID=12033 状态切换: 连接中 -> 空闲
[2026-06-04 18:59:12] [INFO] [data][ModbusTcpMasterPool][stopAllMasters]：停止 Master ID=12034
[2026-06-04 18:59:12] [INFO] [data][ModbusTcpMaster][stop]：设备ID=12034 停止设备，连接模式=AutoReconnect
[2026-06-04 18:59:12] [INFO] [data][ModbusTcpMaster][pauseChildren]：设备ID=12034 暂停普通收发子模块
[2026-06-04 18:59:12] [INFO] [data][ModbusTcpMaster][ModbusCommandSender][stop]：设备ID=12034 指令发送器停止
[2026-06-04 18:59:12] [INFO] [data][ModbusTcpMaster][ModbusConnecter][stopAutoReconnect]：设备ID=12034 停止自动重连
[2026-06-04 18:59:12] [INFO] [data][ModbusTcpMaster][ModbusConnecter][onConnectionStatusChanged]：设备ID=12034 连接状态变化: Disconnected
[2026-06-04 18:59:12] [INFO] [data][ModbusTcpMaster][ModbusCommandSender][stop]：设备ID=12034 指令发送器停止
[2026-06-04 18:59:12] [INFO] [data][ModbusTcpMaster][enterState]：设备ID=12034 状态切换: 错误状态 -> 连接中
[2026-06-04 18:59:12] [INFO] [data][ModbusTcpMaster][ModbusConnecter][disconnectDevice]：设备ID=12034 完全断开连接，已停止自动重连
[2026-06-04 18:59:12] [INFO] [data][ModbusTcpMaster][enterState]：设备ID=12034 状态切换: 连接中 -> 空闲
[2026-06-04 18:59:12] [INFO] [data][ModbusTcpMasterPool][stopAllMasters]：停止 Master ID=12035
[2026-06-04 18:59:12] [INFO] [data][ModbusTcpMaster][stop]：设备ID=12035 停止设备，连接模式=AutoReconnect
[2026-06-04 18:59:12] [INFO] [data][ModbusTcpMaster][pauseChildren]：设备ID=12035 暂停普通收发子模块
[2026-06-04 18:59:12] [INFO] [data][ModbusTcpMaster][ModbusCommandSender][stop]：设备ID=12035 指令发送器停止
[2026-06-04 18:59:12] [INFO] [data][ModbusTcpMaster][ModbusConnecter][stopAutoReconnect]：设备ID=12035 停止自动重连
[2026-06-04 18:59:12] [INFO] [data][ModbusTcpMaster][ModbusConnecter][onConnectionStatusChanged]：设备ID=12035 连接状态变化: Disconnected
[2026-06-04 18:59:12] [INFO] [data][ModbusTcpMaster][ModbusCommandSender][stop]：设备ID=12035 指令发送器停止
[2026-06-04 18:59:12] [INFO] [data][ModbusTcpMaster][enterState]：设备ID=12035 状态切换: 错误状态 -> 连接中
[2026-06-04 18:59:12] [INFO] [data][ModbusTcpMaster][ModbusConnecter][disconnectDevice]：设备ID=12035 完全断开连接，已停止自动重连
[2026-06-04 18:59:12] [INFO] [data][ModbusTcpMaster][enterState]：设备ID=12035 状态切换: 连接中 -> 空闲
[2026-06-04 18:59:12] [INFO] [data][ModbusTcpMasterPool][stopAllMasters]：停止 Master ID=12036
[2026-06-04 18:59:12] [INFO] [data][ModbusTcpMaster][stop]：设备ID=12036 停止设备，连接模式=AutoReconnect
[2026-06-04 18:59:12] [INFO] [data][ModbusTcpMaster][pauseChildren]：设备ID=12036 暂停普通收发子模块
[2026-06-04 18:59:12] [INFO] [data][ModbusTcpMaster][ModbusCommandSender][stop]：设备ID=12036 指令发送器停止
[2026-06-04 18:59:12] [INFO] [data][ModbusTcpMaster][ModbusConnecter][stopAutoReconnect]：设备ID=12036 停止自动重连
[2026-06-04 18:59:12] [INFO] [data][ModbusTcpMaster][ModbusConnecter][onConnectionStatusChanged]：设备ID=12036 连接状态变化: Disconnected
[2026-06-04 18:59:12] [INFO] [data][ModbusTcpMaster][ModbusCommandSender][stop]：设备ID=12036 指令发送器停止
[2026-06-04 18:59:12] [INFO] [data][ModbusTcpMaster][enterState]：设备ID=12036 状态切换: 错误状态 -> 连接中
[2026-06-04 18:59:12] [INFO] [data][ModbusTcpMaster][ModbusConnecter][disconnectDevice]：设备ID=12036 完全断开连接，已停止自动重连
[2026-06-04 18:59:12] [INFO] [data][ModbusTcpMaster][enterState]：设备ID=12036 状态切换: 连接中 -> 空闲
[2026-06-04 18:59:12] [INFO] [data][ModbusTcpMasterPool][stopAllMasters]：停止 Master ID=12037
[2026-06-04 18:59:12] [INFO] [data][ModbusTcpMaster][stop]：设备ID=12037 停止设备，连接模式=AutoReconnect
[2026-06-04 18:59:12] [INFO] [data][ModbusTcpMaster][pauseChildren]：设备ID=12037 暂停普通收发子模块
[2026-06-04 18:59:12] [INFO] [data][ModbusTcpMaster][ModbusCommandSender][stop]：设备ID=12037 指令发送器停止
[2026-06-04 18:59:12] [INFO] [data][ModbusTcpMaster][ModbusConnecter][stopAutoReconnect]：设备ID=12037 停止自动重连
[2026-06-04 18:59:12] [INFO] [data][ModbusTcpMaster][ModbusConnecter][onConnectionStatusChanged]：设备ID=12037 连接状态变化: Disconnected
[2026-06-04 18:59:12] [INFO] [data][ModbusTcpMaster][ModbusCommandSender][stop]：设备ID=12037 指令发送器停止
[2026-06-04 18:59:12] [INFO] [data][ModbusTcpMaster][enterState]：设备ID=12037 状态切换: 错误状态 -> 连接中
[2026-06-04 18:59:12] [INFO] [data][ModbusTcpMaster][ModbusConnecter][disconnectDevice]：设备ID=12037 完全断开连接，已停止自动重连
[2026-06-04 18:59:12] [INFO] [data][ModbusTcpMaster][enterState]：设备ID=12037 状态切换: 连接中 -> 空闲
[2026-06-04 18:59:12] [INFO] [data][ModbusTcpMasterPool][stopAllMasters]：停止 Master ID=12038
[2026-06-04 18:59:12] [INFO] [data][ModbusTcpMaster][stop]：设备ID=12038 停止设备，连接模式=AutoReconnect
[2026-06-04 18:59:12] [INFO] [data][ModbusTcpMaster][pauseChildren]：设备ID=12038 暂停普通收发子模块
[2026-06-04 18:59:12] [INFO] [data][ModbusTcpMaster][ModbusCommandSender][stop]：设备ID=12038 指令发送器停止
[2026-06-04 18:59:12] [INFO] [data][ModbusTcpMaster][ModbusConnecter][stopAutoReconnect]：设备ID=12038 停止自动重连
[2026-06-04 18:59:12] [INFO] [data][ModbusTcpMaster][ModbusConnecter][onConnectionStatusChanged]：设备ID=12038 连接状态变化: Disconnected
[2026-06-04 18:59:12] [INFO] [data][ModbusTcpMaster][ModbusCommandSender][stop]：设备ID=12038 指令发送器停止
[2026-06-04 18:59:12] [INFO] [data][ModbusTcpMaster][enterState]：设备ID=12038 状态切换: 错误状态 -> 连接中
[2026-06-04 18:59:12] [INFO] [data][ModbusTcpMaster][ModbusConnecter][disconnectDevice]：设备ID=12038 完全断开连接，已停止自动重连
[2026-06-04 18:59:12] [INFO] [data][ModbusTcpMaster][enterState]：设备ID=12038 状态切换: 连接中 -> 空闲
[2026-06-04 18:59:12] [INFO] [data][ModbusTcpMasterPool][stopAllMasters]：停止 Master ID=12039
[2026-06-04 18:59:12] [INFO] [data][ModbusTcpMaster][stop]：设备ID=12039 停止设备，连接模式=AutoReconnect
[2026-06-04 18:59:12] [INFO] [data][ModbusTcpMaster][pauseChildren]：设备ID=12039 暂停普通收发子模块
[2026-06-04 18:59:12] [INFO] [data][ModbusTcpMaster][ModbusCommandSender][stop]：设备ID=12039 指令发送器停止
[2026-06-04 18:59:12] [INFO] [data][ModbusTcpMaster][ModbusConnecter][stopAutoReconnect]：设备ID=12039 停止自动重连
[2026-06-04 18:59:12] [INFO] [data][ModbusTcpMaster][ModbusConnecter][onConnectionStatusChanged]：设备ID=12039 连接状态变化: Disconnected
[2026-06-04 18:59:12] [INFO] [data][ModbusTcpMaster][ModbusCommandSender][stop]：设备ID=12039 指令发送器停止
[2026-06-04 18:59:12] [INFO] [data][ModbusTcpMaster][enterState]：设备ID=12039 状态切换: 错误状态 -> 连接中
[2026-06-04 18:59:12] [INFO] [data][ModbusTcpMaster][ModbusConnecter][disconnectDevice]：设备ID=12039 完全断开连接，已停止自动重连
[2026-06-04 18:59:12] [INFO] [data][ModbusTcpMaster][enterState]：设备ID=12039 状态切换: 连接中 -> 空闲
[2026-06-04 18:59:12] [INFO] [data][ModbusTcpMasterPool][stopAllMasters]：停止 Master ID=12040
[2026-06-04 18:59:12] [INFO] [data][ModbusTcpMaster][stop]：设备ID=12040 停止设备，连接模式=AutoReconnect
[2026-06-04 18:59:12] [INFO] [data][ModbusTcpMaster][pauseChildren]：设备ID=12040 暂停普通收发子模块
[2026-06-04 18:59:12] [INFO] [data][ModbusTcpMaster][ModbusCommandSender][stop]：设备ID=12040 指令发送器停止
[2026-06-04 18:59:12] [INFO] [data][ModbusTcpMaster][ModbusConnecter][stopAutoReconnect]：设备ID=12040 停止自动重连
[2026-06-04 18:59:12] [INFO] [data][ModbusTcpMaster][ModbusConnecter][onConnectionStatusChanged]：设备ID=12040 连接状态变化: Disconnected
[2026-06-04 18:59:12] [INFO] [data][ModbusTcpMaster][ModbusCommandSender][stop]：设备ID=12040 指令发送器停止
[2026-06-04 18:59:12] [INFO] [data][ModbusTcpMaster][enterState]：设备ID=12040 状态切换: 错误状态 -> 连接中
[2026-06-04 18:59:12] [INFO] [data][ModbusTcpMaster][ModbusConnecter][disconnectDevice]：设备ID=12040 完全断开连接，已停止自动重连
[2026-06-04 18:59:12] [INFO] [data][ModbusTcpMaster][enterState]：设备ID=12040 状态切换: 连接中 -> 空闲
[2026-06-04 18:59:12] [INFO] [data][ModbusTcpMasterPool][stopAllMasters]：停止 Master ID=12041
[2026-06-04 18:59:12] [INFO] [data][ModbusTcpMaster][stop]：设备ID=12041 停止设备，连接模式=AutoReconnect
[2026-06-04 18:59:12] [INFO] [data][ModbusTcpMaster][pauseChildren]：设备ID=12041 暂停普通收发子模块
[2026-06-04 18:59:12] [INFO] [data][ModbusTcpMaster][ModbusCommandSender][stop]：设备ID=12041 指令发送器停止
[2026-06-04 18:59:12] [INFO] [data][ModbusTcpMaster][ModbusConnecter][stopAutoReconnect]：设备ID=12041 停止自动重连
[2026-06-04 18:59:12] [INFO] [data][ModbusTcpMaster][ModbusConnecter][onConnectionStatusChanged]：设备ID=12041 连接状态变化: Disconnected
[2026-06-04 18:59:12] [INFO] [data][ModbusTcpMaster][ModbusCommandSender][stop]：设备ID=12041 指令发送器停止
[2026-06-04 18:59:12] [INFO] [data][ModbusTcpMaster][enterState]：设备ID=12041 状态切换: 错误状态 -> 连接中
[2026-06-04 18:59:12] [INFO] [data][ModbusTcpMaster][ModbusConnecter][disconnectDevice]：设备ID=12041 完全断开连接，已停止自动重连
[2026-06-04 18:59:12] [INFO] [data][ModbusTcpMaster][enterState]：设备ID=12041 状态切换: 连接中 -> 空闲
[2026-06-04 18:59:12] [INFO] [data][ModbusTcpMasterPool][stopAllMasters]：停止 Master ID=12042
[2026-06-04 18:59:12] [INFO] [data][ModbusTcpMaster][stop]：设备ID=12042 停止设备，连接模式=AutoReconnect
[2026-06-04 18:59:12] [INFO] [data][ModbusTcpMaster][pauseChildren]：设备ID=12042 暂停普通收发子模块
[2026-06-04 18:59:12] [INFO] [data][ModbusTcpMaster][ModbusCommandSender][stop]：设备ID=12042 指令发送器停止
[2026-06-04 18:59:12] [INFO] [data][ModbusTcpMaster][ModbusConnecter][stopAutoReconnect]：设备ID=12042 停止自动重连
[2026-06-04 18:59:12] [INFO] [data][ModbusTcpMaster][ModbusConnecter][onConnectionStatusChanged]：设备ID=12042 连接状态变化: Disconnected
[2026-06-04 18:59:12] [INFO] [data][ModbusTcpMaster][ModbusCommandSender][stop]：设备ID=12042 指令发送器停止
[2026-06-04 18:59:12] [INFO] [data][ModbusTcpMaster][enterState]：设备ID=12042 状态切换: 错误状态 -> 连接中
[2026-06-04 18:59:12] [INFO] [data][ModbusTcpMaster][ModbusConnecter][disconnectDevice]：设备ID=12042 完全断开连接，已停止自动重连
[2026-06-04 18:59:12] [INFO] [data][ModbusTcpMaster][enterState]：设备ID=12042 状态切换: 连接中 -> 空闲
[2026-06-04 18:59:12] [INFO] [data][ModbusTcpMasterPool][stopAllMasters]：停止 Master ID=12043
[2026-06-04 18:59:12] [INFO] [data][ModbusTcpMaster][stop]：设备ID=12043 停止设备，连接模式=AutoReconnect
[2026-06-04 18:59:12] [INFO] [data][ModbusTcpMaster][pauseChildren]：设备ID=12043 暂停普通收发子模块
[2026-06-04 18:59:12] [INFO] [data][ModbusTcpMaster][ModbusCommandSender][stop]：设备ID=12043 指令发送器停止
[2026-06-04 18:59:12] [INFO] [data][ModbusTcpMaster][ModbusConnecter][stopAutoReconnect]：设备ID=12043 停止自动重连
[2026-06-04 18:59:12] [INFO] [data][ModbusTcpMaster][ModbusConnecter][onConnectionStatusChanged]：设备ID=12043 连接状态变化: Disconnected
[2026-06-04 18:59:12] [INFO] [data][ModbusTcpMaster][ModbusCommandSender][stop]：设备ID=12043 指令发送器停止
[2026-06-04 18:59:12] [INFO] [data][ModbusTcpMaster][enterState]：设备ID=12043 状态切换: 错误状态 -> 连接中
[2026-06-04 18:59:12] [INFO] [data][ModbusTcpMaster][ModbusConnecter][disconnectDevice]：设备ID=12043 完全断开连接，已停止自动重连
[2026-06-04 18:59:12] [INFO] [data][ModbusTcpMaster][enterState]：设备ID=12043 状态切换: 连接中 -> 空闲
[2026-06-04 18:59:12] [INFO] [data][ModbusTcpMasterPool][stopAllMasters]：停止 Master ID=12044
[2026-06-04 18:59:12] [INFO] [data][ModbusTcpMaster][stop]：设备ID=12044 停止设备，连接模式=AutoReconnect
[2026-06-04 18:59:12] [INFO] [data][ModbusTcpMaster][pauseChildren]：设备ID=12044 暂停普通收发子模块
[2026-06-04 18:59:12] [INFO] [data][ModbusTcpMaster][ModbusCommandSender][stop]：设备ID=12044 指令发送器停止
[2026-06-04 18:59:12] [INFO] [data][ModbusTcpMaster][ModbusConnecter][stopAutoReconnect]：设备ID=12044 停止自动重连
[2026-06-04 18:59:12] [INFO] [data][ModbusTcpMaster][ModbusConnecter][onConnectionStatusChanged]：设备ID=12044 连接状态变化: Disconnected
[2026-06-04 18:59:12] [INFO] [data][ModbusTcpMaster][ModbusCommandSender][stop]：设备ID=12044 指令发送器停止
[2026-06-04 18:59:12] [INFO] [data][ModbusTcpMaster][enterState]：设备ID=12044 状态切换: 错误状态 -> 连接中
[2026-06-04 18:59:12] [INFO] [data][ModbusTcpMaster][ModbusConnecter][disconnectDevice]：设备ID=12044 完全断开连接，已停止自动重连
[2026-06-04 18:59:12] [INFO] [data][ModbusTcpMaster][enterState]：设备ID=12044 状态切换: 连接中 -> 空闲
[2026-06-04 18:59:12] [INFO] [data][ModbusTcpMasterPool][stopAllMasters]：停止 Master ID=12045
[2026-06-04 18:59:12] [INFO] [data][ModbusTcpMaster][stop]：设备ID=12045 停止设备，连接模式=AutoReconnect
[2026-06-04 18:59:12] [INFO] [data][ModbusTcpMaster][pauseChildren]：设备ID=12045 暂停普通收发子模块
[2026-06-04 18:59:12] [INFO] [data][ModbusTcpMaster][ModbusCommandSender][stop]：设备ID=12045 指令发送器停止
[2026-06-04 18:59:12] [INFO] [data][ModbusTcpMaster][ModbusConnecter][stopAutoReconnect]：设备ID=12045 停止自动重连
[2026-06-04 18:59:12] [INFO] [data][ModbusTcpMaster][ModbusConnecter][onConnectionStatusChanged]：设备ID=12045 连接状态变化: Disconnected
[2026-06-04 18:59:12] [INFO] [data][ModbusTcpMaster][ModbusCommandSender][stop]：设备ID=12045 指令发送器停止
[2026-06-04 18:59:12] [INFO] [data][ModbusTcpMaster][enterState]：设备ID=12045 状态切换: 错误状态 -> 连接中
[2026-06-04 18:59:12] [INFO] [data][ModbusTcpMaster][ModbusConnecter][disconnectDevice]：设备ID=12045 完全断开连接，已停止自动重连
[2026-06-04 18:59:12] [INFO] [data][ModbusTcpMaster][enterState]：设备ID=12045 状态切换: 连接中 -> 空闲
[2026-06-04 18:59:12] [INFO] [data][ModbusTcpMasterPool][stopAllMasters]：停止 Master ID=12046
[2026-06-04 18:59:12] [INFO] [data][ModbusTcpMaster][stop]：设备ID=12046 停止设备，连接模式=AutoReconnect
[2026-06-04 18:59:12] [INFO] [data][ModbusTcpMaster][pauseChildren]：设备ID=12046 暂停普通收发子模块
[2026-06-04 18:59:12] [INFO] [data][ModbusTcpMaster][ModbusCommandSender][stop]：设备ID=12046 指令发送器停止
[2026-06-04 18:59:12] [INFO] [data][ModbusTcpMaster][ModbusConnecter][stopAutoReconnect]：设备ID=12046 停止自动重连
[2026-06-04 18:59:12] [INFO] [data][ModbusTcpMaster][ModbusConnecter][onConnectionStatusChanged]：设备ID=12046 连接状态变化: Disconnected
[2026-06-04 18:59:12] [INFO] [data][ModbusTcpMaster][ModbusCommandSender][stop]：设备ID=12046 指令发送器停止
[2026-06-04 18:59:12] [INFO] [data][ModbusTcpMaster][enterState]：设备ID=12046 状态切换: 错误状态 -> 连接中
[2026-06-04 18:59:12] [INFO] [data][ModbusTcpMaster][ModbusConnecter][disconnectDevice]：设备ID=12046 完全断开连接，已停止自动重连
[2026-06-04 18:59:12] [INFO] [data][ModbusTcpMaster][enterState]：设备ID=12046 状态切换: 连接中 -> 空闲
[2026-06-04 18:59:12] [INFO] [data][ModbusTcpMasterPool][stopAllMasters]：停止 Master ID=12047
[2026-06-04 18:59:12] [INFO] [data][ModbusTcpMaster][stop]：设备ID=12047 停止设备，连接模式=AutoReconnect
[2026-06-04 18:59:12] [INFO] [data][ModbusTcpMaster][pauseChildren]：设备ID=12047 暂停普通收发子模块
[2026-06-04 18:59:12] [INFO] [data][ModbusTcpMaster][ModbusCommandSender][stop]：设备ID=12047 指令发送器停止
[2026-06-04 18:59:12] [INFO] [data][ModbusTcpMaster][ModbusConnecter][stopAutoReconnect]：设备ID=12047 停止自动重连
[2026-06-04 18:59:12] [INFO] [data][ModbusTcpMaster][ModbusConnecter][onConnectionStatusChanged]：设备ID=12047 连接状态变化: Disconnected
[2026-06-04 18:59:12] [INFO] [data][ModbusTcpMaster][ModbusCommandSender][stop]：设备ID=12047 指令发送器停止
[2026-06-04 18:59:12] [INFO] [data][ModbusTcpMaster][enterState]：设备ID=12047 状态切换: 错误状态 -> 连接中
[2026-06-04 18:59:12] [INFO] [data][ModbusTcpMaster][ModbusConnecter][disconnectDevice]：设备ID=12047 完全断开连接，已停止自动重连
[2026-06-04 18:59:12] [INFO] [data][ModbusTcpMaster][enterState]：设备ID=12047 状态切换: 连接中 -> 空闲
[2026-06-04 18:59:12] [INFO] [data][ModbusTcpMasterPool][stopAllMasters]：停止 Master ID=12048
[2026-06-04 18:59:12] [INFO] [data][ModbusTcpMaster][stop]：设备ID=12048 停止设备，连接模式=AutoReconnect
[2026-06-04 18:59:12] [INFO] [data][ModbusTcpMaster][pauseChildren]：设备ID=12048 暂停普通收发子模块
[2026-06-04 18:59:12] [INFO] [data][ModbusTcpMaster][ModbusCommandSender][stop]：设备ID=12048 指令发送器停止
[2026-06-04 18:59:12] [INFO] [data][ModbusTcpMaster][ModbusConnecter][stopAutoReconnect]：设备ID=12048 停止自动重连
[2026-06-04 18:59:12] [INFO] [data][ModbusTcpMaster][ModbusConnecter][onConnectionStatusChanged]：设备ID=12048 连接状态变化: Disconnected
[2026-06-04 18:59:12] [INFO] [data][ModbusTcpMaster][ModbusCommandSender][stop]：设备ID=12048 指令发送器停止
[2026-06-04 18:59:12] [INFO] [data][ModbusTcpMaster][enterState]：设备ID=12048 状态切换: 错误状态 -> 连接中
[2026-06-04 18:59:12] [INFO] [data][ModbusTcpMaster][ModbusConnecter][disconnectDevice]：设备ID=12048 完全断开连接，已停止自动重连
[2026-06-04 18:59:12] [INFO] [data][ModbusTcpMaster][enterState]：设备ID=12048 状态切换: 连接中 -> 空闲
[2026-06-04 18:59:12] [INFO] [data][ModbusTcpMasterPool][stopAllMasters]：停止 Master ID=12049
[2026-06-04 18:59:12] [INFO] [data][ModbusTcpMaster][stop]：设备ID=12049 停止设备，连接模式=AutoReconnect
[2026-06-04 18:59:12] [INFO] [data][ModbusTcpMaster][pauseChildren]：设备ID=12049 暂停普通收发子模块
[2026-06-04 18:59:12] [INFO] [data][ModbusTcpMaster][ModbusCommandSender][stop]：设备ID=12049 指令发送器停止
[2026-06-04 18:59:12] [INFO] [data][ModbusTcpMaster][ModbusConnecter][stopAutoReconnect]：设备ID=12049 停止自动重连
[2026-06-04 18:59:12] [INFO] [data][ModbusTcpMaster][ModbusConnecter][onConnectionStatusChanged]：设备ID=12049 连接状态变化: Disconnected
[2026-06-04 18:59:12] [INFO] [data][ModbusTcpMaster][ModbusCommandSender][stop]：设备ID=12049 指令发送器停止
[2026-06-04 18:59:12] [INFO] [data][ModbusTcpMaster][enterState]：设备ID=12049 状态切换: 错误状态 -> 连接中
[2026-06-04 18:59:12] [INFO] [data][ModbusTcpMaster][ModbusConnecter][disconnectDevice]：设备ID=12049 完全断开连接，已停止自动重连
[2026-06-04 18:59:12] [INFO] [data][ModbusTcpMaster][enterState]：设备ID=12049 状态切换: 连接中 -> 空闲
[2026-06-04 18:59:12] [INFO] [data][ModbusTcpMasterPool][stopAllMasters]：停止 Master ID=12050
[2026-06-04 18:59:12] [INFO] [data][ModbusTcpMaster][stop]：设备ID=12050 停止设备，连接模式=AutoReconnect
[2026-06-04 18:59:12] [INFO] [data][ModbusTcpMaster][pauseChildren]：设备ID=12050 暂停普通收发子模块
[2026-06-04 18:59:12] [INFO] [data][ModbusTcpMaster][ModbusCommandSender][stop]：设备ID=12050 指令发送器停止
[2026-06-04 18:59:12] [INFO] [data][ModbusTcpMaster][ModbusConnecter][stopAutoReconnect]：设备ID=12050 停止自动重连
[2026-06-04 18:59:12] [INFO] [data][ModbusTcpMaster][ModbusConnecter][onConnectionStatusChanged]：设备ID=12050 连接状态变化: Disconnected
[2026-06-04 18:59:12] [INFO] [data][ModbusTcpMaster][ModbusCommandSender][stop]：设备ID=12050 指令发送器停止
[2026-06-04 18:59:12] [INFO] [data][ModbusTcpMaster][enterState]：设备ID=12050 状态切换: 错误状态 -> 连接中
[2026-06-04 18:59:12] [INFO] [data][ModbusTcpMaster][ModbusConnecter][disconnectDevice]：设备ID=12050 完全断开连接，已停止自动重连
[2026-06-04 18:59:12] [INFO] [data][ModbusTcpMaster][enterState]：设备ID=12050 状态切换: 连接中 -> 空闲
[2026-06-04 18:59:12] [INFO] [data][ModbusTcpMasterPool][stopAllMasters]：停止 Master ID=12051
[2026-06-04 18:59:12] [INFO] [data][ModbusTcpMaster][stop]：设备ID=12051 停止设备，连接模式=AutoReconnect
[2026-06-04 18:59:12] [INFO] [data][ModbusTcpMaster][pauseChildren]：设备ID=12051 暂停普通收发子模块
[2026-06-04 18:59:12] [INFO] [data][ModbusTcpMaster][ModbusCommandSender][stop]：设备ID=12051 指令发送器停止
[2026-06-04 18:59:12] [INFO] [data][ModbusTcpMaster][ModbusConnecter][stopAutoReconnect]：设备ID=12051 停止自动重连
[2026-06-04 18:59:12] [INFO] [data][ModbusTcpMaster][ModbusConnecter][onConnectionStatusChanged]：设备ID=12051 连接状态变化: Disconnected
[2026-06-04 18:59:12] [INFO] [data][ModbusTcpMaster][ModbusCommandSender][stop]：设备ID=12051 指令发送器停止
[2026-06-04 18:59:12] [INFO] [data][ModbusTcpMaster][enterState]：设备ID=12051 状态切换: 错误状态 -> 连接中
[2026-06-04 18:59:12] [INFO] [data][ModbusTcpMaster][ModbusConnecter][disconnectDevice]：设备ID=12051 完全断开连接，已停止自动重连
[2026-06-04 18:59:12] [INFO] [data][ModbusTcpMaster][enterState]：设备ID=12051 状态切换: 连接中 -> 空闲
[2026-06-04 18:59:12] [INFO] [data][ModbusTcpMasterPool][stopAllMasters]：停止 Master ID=12052
[2026-06-04 18:59:12] [INFO] [data][ModbusTcpMaster][stop]：设备ID=12052 停止设备，连接模式=AutoReconnect
[2026-06-04 18:59:12] [INFO] [data][ModbusTcpMaster][pauseChildren]：设备ID=12052 暂停普通收发子模块
[2026-06-04 18:59:12] [INFO] [data][ModbusTcpMaster][ModbusCommandSender][stop]：设备ID=12052 指令发送器停止
[2026-06-04 18:59:12] [INFO] [data][ModbusTcpMaster][ModbusConnecter][stopAutoReconnect]：设备ID=12052 停止自动重连
[2026-06-04 18:59:12] [INFO] [data][ModbusTcpMaster][ModbusConnecter][onConnectionStatusChanged]：设备ID=12052 连接状态变化: Disconnected
[2026-06-04 18:59:12] [INFO] [data][ModbusTcpMaster][ModbusCommandSender][stop]：设备ID=12052 指令发送器停止
[2026-06-04 18:59:12] [INFO] [data][ModbusTcpMaster][enterState]：设备ID=12052 状态切换: 错误状态 -> 连接中
[2026-06-04 18:59:12] [INFO] [data][ModbusTcpMaster][ModbusConnecter][disconnectDevice]：设备ID=12052 完全断开连接，已停止自动重连
[2026-06-04 18:59:12] [INFO] [data][ModbusTcpMaster][enterState]：设备ID=12052 状态切换: 连接中 -> 空闲
[2026-06-04 18:59:12] [INFO] [data][ModbusTcpMasterPool][stopAllMasters]：停止 Master ID=12053
[2026-06-04 18:59:12] [INFO] [data][ModbusTcpMaster][stop]：设备ID=12053 停止设备，连接模式=AutoReconnect
[2026-06-04 18:59:12] [INFO] [data][ModbusTcpMaster][pauseChildren]：设备ID=12053 暂停普通收发子模块
[2026-06-04 18:59:12] [INFO] [data][ModbusTcpMaster][ModbusCommandSender][stop]：设备ID=12053 指令发送器停止
[2026-06-04 18:59:12] [INFO] [data][ModbusTcpMaster][ModbusConnecter][stopAutoReconnect]：设备ID=12053 停止自动重连
[2026-06-04 18:59:12] [INFO] [data][ModbusTcpMaster][ModbusConnecter][onConnectionStatusChanged]：设备ID=12053 连接状态变化: Disconnected
[2026-06-04 18:59:12] [INFO] [data][ModbusTcpMaster][ModbusCommandSender][stop]：设备ID=12053 指令发送器停止
[2026-06-04 18:59:12] [INFO] [data][ModbusTcpMaster][enterState]：设备ID=12053 状态切换: 错误状态 -> 连接中
[2026-06-04 18:59:12] [INFO] [data][ModbusTcpMaster][ModbusConnecter][disconnectDevice]：设备ID=12053 完全断开连接，已停止自动重连
[2026-06-04 18:59:12] [INFO] [data][ModbusTcpMaster][enterState]：设备ID=12053 状态切换: 连接中 -> 空闲
[2026-06-04 18:59:12] [INFO] [data][ModbusTcpMasterPool][stopAllMasters]：停止 Master ID=12054
[2026-06-04 18:59:12] [INFO] [data][ModbusTcpMaster][stop]：设备ID=12054 停止设备，连接模式=AutoReconnect
[2026-06-04 18:59:12] [INFO] [data][ModbusTcpMaster][pauseChildren]：设备ID=12054 暂停普通收发子模块
[2026-06-04 18:59:12] [INFO] [data][ModbusTcpMaster][ModbusCommandSender][stop]：设备ID=12054 指令发送器停止
[2026-06-04 18:59:12] [INFO] [data][ModbusTcpMaster][ModbusConnecter][stopAutoReconnect]：设备ID=12054 停止自动重连
[2026-06-04 18:59:12] [INFO] [data][ModbusTcpMaster][ModbusConnecter][onConnectionStatusChanged]：设备ID=12054 连接状态变化: Disconnected
[2026-06-04 18:59:12] [INFO] [data][ModbusTcpMaster][ModbusCommandSender][stop]：设备ID=12054 指令发送器停止
[2026-06-04 18:59:12] [INFO] [data][ModbusTcpMaster][enterState]：设备ID=12054 状态切换: 错误状态 -> 连接中
[2026-06-04 18:59:12] [INFO] [data][ModbusTcpMaster][ModbusConnecter][disconnectDevice]：设备ID=12054 完全断开连接，已停止自动重连
[2026-06-04 18:59:12] [INFO] [data][ModbusTcpMaster][enterState]：设备ID=12054 状态切换: 连接中 -> 空闲
[2026-06-04 18:59:12] [INFO] [data][ModbusTcpMasterPool][stopAllMasters]：停止 Master ID=12055
[2026-06-04 18:59:12] [INFO] [data][ModbusTcpMaster][stop]：设备ID=12055 停止设备，连接模式=AutoReconnect
[2026-06-04 18:59:12] [INFO] [data][ModbusTcpMaster][pauseChildren]：设备ID=12055 暂停普通收发子模块
[2026-06-04 18:59:12] [INFO] [data][ModbusTcpMaster][ModbusCommandSender][stop]：设备ID=12055 指令发送器停止
[2026-06-04 18:59:12] [INFO] [data][ModbusTcpMaster][ModbusConnecter][stopAutoReconnect]：设备ID=12055 停止自动重连
[2026-06-04 18:59:12] [INFO] [data][ModbusTcpMaster][ModbusConnecter][onConnectionStatusChanged]：设备ID=12055 连接状态变化: Disconnected
[2026-06-04 18:59:12] [INFO] [data][ModbusTcpMaster][ModbusCommandSender][stop]：设备ID=12055 指令发送器停止
[2026-06-04 18:59:12] [INFO] [data][ModbusTcpMaster][enterState]：设备ID=12055 状态切换: 错误状态 -> 连接中
[2026-06-04 18:59:12] [INFO] [data][ModbusTcpMaster][ModbusConnecter][disconnectDevice]：设备ID=12055 完全断开连接，已停止自动重连
[2026-06-04 18:59:12] [INFO] [data][ModbusTcpMaster][enterState]：设备ID=12055 状态切换: 连接中 -> 空闲
[2026-06-04 18:59:12] [INFO] [data][ModbusTcpMasterPool][stopAllMasters]：停止 Master ID=12056
[2026-06-04 18:59:12] [INFO] [data][ModbusTcpMaster][stop]：设备ID=12056 停止设备，连接模式=AutoReconnect
[2026-06-04 18:59:12] [INFO] [data][ModbusTcpMaster][pauseChildren]：设备ID=12056 暂停普通收发子模块
[2026-06-04 18:59:12] [INFO] [data][ModbusTcpMaster][ModbusCommandSender][stop]：设备ID=12056 指令发送器停止
[2026-06-04 18:59:12] [INFO] [data][ModbusTcpMaster][ModbusConnecter][stopAutoReconnect]：设备ID=12056 停止自动重连
[2026-06-04 18:59:12] [INFO] [data][ModbusTcpMaster][ModbusConnecter][onConnectionStatusChanged]：设备ID=12056 连接状态变化: Disconnected
[2026-06-04 18:59:12] [INFO] [data][ModbusTcpMaster][ModbusCommandSender][stop]：设备ID=12056 指令发送器停止
[2026-06-04 18:59:12] [INFO] [data][ModbusTcpMaster][enterState]：设备ID=12056 状态切换: 错误状态 -> 连接中
[2026-06-04 18:59:12] [INFO] [data][ModbusTcpMaster][ModbusConnecter][disconnectDevice]：设备ID=12056 完全断开连接，已停止自动重连
[2026-06-04 18:59:12] [INFO] [data][ModbusTcpMaster][enterState]：设备ID=12056 状态切换: 连接中 -> 空闲
[2026-06-04 18:59:12] [INFO] [data][ModbusTcpMasterPool][stopAllMasters]：停止 Master ID=12057
[2026-06-04 18:59:12] [INFO] [data][ModbusTcpMaster][stop]：设备ID=12057 停止设备，连接模式=AutoReconnect
[2026-06-04 18:59:12] [INFO] [data][ModbusTcpMaster][pauseChildren]：设备ID=12057 暂停普通收发子模块
[2026-06-04 18:59:12] [INFO] [data][ModbusTcpMaster][ModbusCommandSender][stop]：设备ID=12057 指令发送器停止
[2026-06-04 18:59:12] [INFO] [data][ModbusTcpMaster][ModbusConnecter][stopAutoReconnect]：设备ID=12057 停止自动重连
[2026-06-04 18:59:12] [INFO] [data][ModbusTcpMaster][ModbusConnecter][onConnectionStatusChanged]：设备ID=12057 连接状态变化: Disconnected
[2026-06-04 18:59:12] [INFO] [data][ModbusTcpMaster][ModbusCommandSender][stop]：设备ID=12057 指令发送器停止
[2026-06-04 18:59:12] [INFO] [data][ModbusTcpMaster][enterState]：设备ID=12057 状态切换: 错误状态 -> 连接中
[2026-06-04 18:59:12] [INFO] [data][ModbusTcpMaster][ModbusConnecter][disconnectDevice]：设备ID=12057 完全断开连接，已停止自动重连
[2026-06-04 18:59:12] [INFO] [data][ModbusTcpMaster][enterState]：设备ID=12057 状态切换: 连接中 -> 空闲
[2026-06-04 18:59:12] [INFO] [data][ModbusTcpMasterPool][stopAllMasters]：停止 Master ID=12058
[2026-06-04 18:59:12] [INFO] [data][ModbusTcpMaster][stop]：设备ID=12058 停止设备，连接模式=AutoReconnect
[2026-06-04 18:59:12] [INFO] [data][ModbusTcpMaster][pauseChildren]：设备ID=12058 暂停普通收发子模块
[2026-06-04 18:59:12] [INFO] [data][ModbusTcpMaster][ModbusCommandSender][stop]：设备ID=12058 指令发送器停止
[2026-06-04 18:59:12] [INFO] [data][ModbusTcpMaster][ModbusConnecter][stopAutoReconnect]：设备ID=12058 停止自动重连
[2026-06-04 18:59:12] [INFO] [data][ModbusTcpMaster][ModbusConnecter][onConnectionStatusChanged]：设备ID=12058 连接状态变化: Disconnected
[2026-06-04 18:59:12] [INFO] [data][ModbusTcpMaster][ModbusCommandSender][stop]：设备ID=12058 指令发送器停止
[2026-06-04 18:59:12] [INFO] [data][ModbusTcpMaster][enterState]：设备ID=12058 状态切换: 错误状态 -> 连接中
[2026-06-04 18:59:12] [INFO] [data][ModbusTcpMaster][ModbusConnecter][disconnectDevice]：设备ID=12058 完全断开连接，已停止自动重连
[2026-06-04 18:59:12] [INFO] [data][ModbusTcpMaster][enterState]：设备ID=12058 状态切换: 连接中 -> 空闲
[2026-06-04 18:59:12] [INFO] [data][ModbusTcpMasterPool][stopAllMasters]：停止 Master ID=12059
[2026-06-04 18:59:12] [INFO] [data][ModbusTcpMaster][stop]：设备ID=12059 停止设备，连接模式=AutoReconnect
[2026-06-04 18:59:12] [INFO] [data][ModbusTcpMaster][pauseChildren]：设备ID=12059 暂停普通收发子模块
[2026-06-04 18:59:12] [INFO] [data][ModbusTcpMaster][ModbusCommandSender][stop]：设备ID=12059 指令发送器停止
[2026-06-04 18:59:12] [INFO] [data][ModbusTcpMaster][ModbusConnecter][stopAutoReconnect]：设备ID=12059 停止自动重连
[2026-06-04 18:59:12] [INFO] [data][ModbusTcpMaster][ModbusConnecter][onConnectionStatusChanged]：设备ID=12059 连接状态变化: Disconnected
[2026-06-04 18:59:12] [INFO] [data][ModbusTcpMaster][ModbusCommandSender][stop]：设备ID=12059 指令发送器停止
[2026-06-04 18:59:12] [INFO] [data][ModbusTcpMaster][enterState]：设备ID=12059 状态切换: 错误状态 -> 连接中
[2026-06-04 18:59:12] [INFO] [data][ModbusTcpMaster][ModbusConnecter][disconnectDevice]：设备ID=12059 完全断开连接，已停止自动重连
[2026-06-04 18:59:12] [INFO] [data][ModbusTcpMaster][enterState]：设备ID=12059 状态切换: 连接中 -> 空闲
[2026-06-04 18:59:12] [INFO] [data][ModbusTcpMasterPool][stopAllMasters]：停止 Master ID=12060
[2026-06-04 18:59:12] [INFO] [data][ModbusTcpMaster][stop]：设备ID=12060 停止设备，连接模式=AutoReconnect
[2026-06-04 18:59:12] [INFO] [data][ModbusTcpMaster][pauseChildren]：设备ID=12060 暂停普通收发子模块
[2026-06-04 18:59:12] [INFO] [data][ModbusTcpMaster][ModbusCommandSender][stop]：设备ID=12060 指令发送器停止
[2026-06-04 18:59:12] [INFO] [data][ModbusTcpMaster][ModbusConnecter][stopAutoReconnect]：设备ID=12060 停止自动重连
[2026-06-04 18:59:12] [INFO] [data][ModbusTcpMaster][ModbusConnecter][onConnectionStatusChanged]：设备ID=12060 连接状态变化: Disconnected
[2026-06-04 18:59:12] [INFO] [data][ModbusTcpMaster][ModbusCommandSender][stop]：设备ID=12060 指令发送器停止
[2026-06-04 18:59:12] [INFO] [data][ModbusTcpMaster][enterState]：设备ID=12060 状态切换: 错误状态 -> 连接中
[2026-06-04 18:59:12] [INFO] [data][ModbusTcpMaster][ModbusConnecter][disconnectDevice]：设备ID=12060 完全断开连接，已停止自动重连
[2026-06-04 18:59:12] [INFO] [data][ModbusTcpMaster][enterState]：设备ID=12060 状态切换: 连接中 -> 空闲
[2026-06-04 18:59:12] [INFO] [data][ModbusTcpMasterPool][stopAllMasters]：停止 Master ID=12061
[2026-06-04 18:59:12] [INFO] [data][ModbusTcpMaster][stop]：设备ID=12061 停止设备，连接模式=AutoReconnect
[2026-06-04 18:59:12] [INFO] [data][ModbusTcpMaster][pauseChildren]：设备ID=12061 暂停普通收发子模块
[2026-06-04 18:59:12] [INFO] [data][ModbusTcpMaster][ModbusCommandSender][stop]：设备ID=12061 指令发送器停止
[2026-06-04 18:59:12] [INFO] [data][ModbusTcpMaster][ModbusConnecter][stopAutoReconnect]：设备ID=12061 停止自动重连
[2026-06-04 18:59:12] [INFO] [data][ModbusTcpMaster][ModbusConnecter][onConnectionStatusChanged]：设备ID=12061 连接状态变化: Disconnected
[2026-06-04 18:59:12] [INFO] [data][ModbusTcpMaster][ModbusCommandSender][stop]：设备ID=12061 指令发送器停止
[2026-06-04 18:59:12] [INFO] [data][ModbusTcpMaster][enterState]：设备ID=12061 状态切换: 错误状态 -> 连接中
[2026-06-04 18:59:12] [INFO] [data][ModbusTcpMaster][ModbusConnecter][disconnectDevice]：设备ID=12061 完全断开连接，已停止自动重连
[2026-06-04 18:59:12] [INFO] [data][ModbusTcpMaster][enterState]：设备ID=12061 状态切换: 连接中 -> 空闲
[2026-06-04 18:59:12] [INFO] [data][ModbusTcpMasterPool][stopAllMasters]：停止 Master ID=12062
[2026-06-04 18:59:12] [INFO] [data][ModbusTcpMaster][stop]：设备ID=12062 停止设备，连接模式=AutoReconnect
[2026-06-04 18:59:12] [INFO] [data][ModbusTcpMaster][pauseChildren]：设备ID=12062 暂停普通收发子模块
[2026-06-04 18:59:12] [INFO] [data][ModbusTcpMaster][ModbusCommandSender][stop]：设备ID=12062 指令发送器停止
[2026-06-04 18:59:12] [INFO] [data][ModbusTcpMaster][ModbusConnecter][stopAutoReconnect]：设备ID=12062 停止自动重连
[2026-06-04 18:59:12] [INFO] [data][ModbusTcpMaster][ModbusConnecter][onConnectionStatusChanged]：设备ID=12062 连接状态变化: Disconnected
[2026-06-04 18:59:12] [INFO] [data][ModbusTcpMaster][ModbusCommandSender][stop]：设备ID=12062 指令发送器停止
[2026-06-04 18:59:12] [INFO] [data][ModbusTcpMaster][enterState]：设备ID=12062 状态切换: 错误状态 -> 连接中
[2026-06-04 18:59:12] [INFO] [data][ModbusTcpMaster][ModbusConnecter][disconnectDevice]：设备ID=12062 完全断开连接，已停止自动重连
[2026-06-04 18:59:12] [INFO] [data][ModbusTcpMaster][enterState]：设备ID=12062 状态切换: 连接中 -> 空闲
[2026-06-04 18:59:12] [INFO] [data][ModbusTcpMasterPool][stopAllMasters]：停止 Master ID=12063
[2026-06-04 18:59:12] [INFO] [data][ModbusTcpMaster][stop]：设备ID=12063 停止设备，连接模式=AutoReconnect
[2026-06-04 18:59:12] [INFO] [data][ModbusTcpMaster][pauseChildren]：设备ID=12063 暂停普通收发子模块
[2026-06-04 18:59:12] [INFO] [data][ModbusTcpMaster][ModbusCommandSender][stop]：设备ID=12063 指令发送器停止
[2026-06-04 18:59:12] [INFO] [data][ModbusTcpMaster][ModbusConnecter][stopAutoReconnect]：设备ID=12063 停止自动重连
[2026-06-04 18:59:12] [INFO] [data][ModbusTcpMaster][ModbusConnecter][onConnectionStatusChanged]：设备ID=12063 连接状态变化: Disconnected
[2026-06-04 18:59:12] [INFO] [data][ModbusTcpMaster][ModbusCommandSender][stop]：设备ID=12063 指令发送器停止
[2026-06-04 18:59:12] [INFO] [data][ModbusTcpMaster][enterState]：设备ID=12063 状态切换: 错误状态 -> 连接中
[2026-06-04 18:59:12] [INFO] [data][ModbusTcpMaster][ModbusConnecter][disconnectDevice]：设备ID=12063 完全断开连接，已停止自动重连
[2026-06-04 18:59:12] [INFO] [data][ModbusTcpMaster][enterState]：设备ID=12063 状态切换: 连接中 -> 空闲
[2026-06-04 18:59:12] [INFO] [data][ModbusTcpMasterPool][stopAllMasters]：停止 Master ID=12064
[2026-06-04 18:59:12] [INFO] [data][ModbusTcpMaster][stop]：设备ID=12064 停止设备，连接模式=AutoReconnect
[2026-06-04 18:59:12] [INFO] [data][ModbusTcpMaster][pauseChildren]：设备ID=12064 暂停普通收发子模块
[2026-06-04 18:59:12] [INFO] [data][ModbusTcpMaster][ModbusCommandSender][stop]：设备ID=12064 指令发送器停止
[2026-06-04 18:59:12] [INFO] [data][ModbusTcpMaster][ModbusConnecter][stopAutoReconnect]：设备ID=12064 停止自动重连
[2026-06-04 18:59:12] [INFO] [data][ModbusTcpMaster][ModbusConnecter][onConnectionStatusChanged]：设备ID=12064 连接状态变化: Disconnected
[2026-06-04 18:59:12] [INFO] [data][ModbusTcpMaster][ModbusCommandSender][stop]：设备ID=12064 指令发送器停止
[2026-06-04 18:59:12] [INFO] [data][ModbusTcpMaster][enterState]：设备ID=12064 状态切换: 错误状态 -> 连接中
[2026-06-04 18:59:12] [INFO] [data][ModbusTcpMaster][ModbusConnecter][disconnectDevice]：设备ID=12064 完全断开连接，已停止自动重连
[2026-06-04 18:59:12] [INFO] [data][ModbusTcpMaster][enterState]：设备ID=12064 状态切换: 连接中 -> 空闲
[2026-06-04 18:59:12] [INFO] [data][ModbusTcpMasterPool][stopAllMasters]：停止 Master ID=12065
[2026-06-04 18:59:12] [INFO] [data][ModbusTcpMaster][stop]：设备ID=12065 停止设备，连接模式=AutoReconnect
[2026-06-04 18:59:12] [INFO] [data][ModbusTcpMaster][pauseChildren]：设备ID=12065 暂停普通收发子模块
[2026-06-04 18:59:12] [INFO] [data][ModbusTcpMaster][ModbusCommandSender][stop]：设备ID=12065 指令发送器停止
[2026-06-04 18:59:12] [INFO] [data][ModbusTcpMaster][ModbusConnecter][stopAutoReconnect]：设备ID=12065 停止自动重连
[2026-06-04 18:59:12] [INFO] [data][ModbusTcpMaster][ModbusConnecter][onConnectionStatusChanged]：设备ID=12065 连接状态变化: Disconnected
[2026-06-04 18:59:12] [INFO] [data][ModbusTcpMaster][ModbusCommandSender][stop]：设备ID=12065 指令发送器停止
[2026-06-04 18:59:12] [INFO] [data][ModbusTcpMaster][enterState]：设备ID=12065 状态切换: 错误状态 -> 连接中
[2026-06-04 18:59:12] [INFO] [data][ModbusTcpMaster][ModbusConnecter][disconnectDevice]：设备ID=12065 完全断开连接，已停止自动重连
[2026-06-04 18:59:12] [INFO] [data][ModbusTcpMaster][enterState]：设备ID=12065 状态切换: 连接中 -> 空闲
[2026-06-04 18:59:12] [INFO] [data][ModbusTcpMasterPool][stopAllMasters]：停止 Master ID=12066
[2026-06-04 18:59:12] [INFO] [data][ModbusTcpMaster][stop]：设备ID=12066 停止设备，连接模式=AutoReconnect
[2026-06-04 18:59:12] [INFO] [data][ModbusTcpMaster][pauseChildren]：设备ID=12066 暂停普通收发子模块
[2026-06-04 18:59:12] [INFO] [data][ModbusTcpMaster][ModbusCommandSender][stop]：设备ID=12066 指令发送器停止
[2026-06-04 18:59:12] [INFO] [data][ModbusTcpMaster][ModbusConnecter][stopAutoReconnect]：设备ID=12066 停止自动重连
[2026-06-04 18:59:12] [INFO] [data][ModbusTcpMaster][ModbusConnecter][onConnectionStatusChanged]：设备ID=12066 连接状态变化: Disconnected
[2026-06-04 18:59:12] [INFO] [data][ModbusTcpMaster][ModbusCommandSender][stop]：设备ID=12066 指令发送器停止
[2026-06-04 18:59:12] [INFO] [data][ModbusTcpMaster][enterState]：设备ID=12066 状态切换: 错误状态 -> 连接中
[2026-06-04 18:59:12] [INFO] [data][ModbusTcpMaster][ModbusConnecter][disconnectDevice]：设备ID=12066 完全断开连接，已停止自动重连
[2026-06-04 18:59:12] [INFO] [data][ModbusTcpMaster][enterState]：设备ID=12066 状态切换: 连接中 -> 空闲
[2026-06-04 18:59:12] [INFO] [data][ModbusTcpMasterPool][stopAllMasters]：停止 Master ID=12067
[2026-06-04 18:59:12] [INFO] [data][ModbusTcpMaster][stop]：设备ID=12067 停止设备，连接模式=AutoReconnect
[2026-06-04 18:59:12] [INFO] [data][ModbusTcpMaster][pauseChildren]：设备ID=12067 暂停普通收发子模块
[2026-06-04 18:59:12] [INFO] [data][ModbusTcpMaster][ModbusCommandSender][stop]：设备ID=12067 指令发送器停止
[2026-06-04 18:59:12] [INFO] [data][ModbusTcpMaster][ModbusConnecter][stopAutoReconnect]：设备ID=12067 停止自动重连
[2026-06-04 18:59:12] [INFO] [data][ModbusTcpMaster][ModbusConnecter][onConnectionStatusChanged]：设备ID=12067 连接状态变化: Disconnected
[2026-06-04 18:59:12] [INFO] [data][ModbusTcpMaster][ModbusCommandSender][stop]：设备ID=12067 指令发送器停止
[2026-06-04 18:59:12] [INFO] [data][ModbusTcpMaster][enterState]：设备ID=12067 状态切换: 错误状态 -> 连接中
[2026-06-04 18:59:12] [INFO] [data][ModbusTcpMaster][ModbusConnecter][disconnectDevice]：设备ID=12067 完全断开连接，已停止自动重连
[2026-06-04 18:59:12] [INFO] [data][ModbusTcpMaster][enterState]：设备ID=12067 状态切换: 连接中 -> 空闲
[2026-06-04 18:59:12] [INFO] [data][ModbusTcpMasterPool][stopAllMasters]：停止 Master ID=12068
[2026-06-04 18:59:12] [INFO] [data][ModbusTcpMaster][stop]：设备ID=12068 停止设备，连接模式=AutoReconnect
[2026-06-04 18:59:12] [INFO] [data][ModbusTcpMaster][pauseChildren]：设备ID=12068 暂停普通收发子模块
[2026-06-04 18:59:12] [INFO] [data][ModbusTcpMaster][ModbusCommandSender][stop]：设备ID=12068 指令发送器停止
[2026-06-04 18:59:12] [INFO] [data][ModbusTcpMaster][ModbusConnecter][stopAutoReconnect]：设备ID=12068 停止自动重连
[2026-06-04 18:59:12] [INFO] [data][ModbusTcpMaster][ModbusConnecter][onConnectionStatusChanged]：设备ID=12068 连接状态变化: Disconnected
[2026-06-04 18:59:12] [INFO] [data][ModbusTcpMaster][ModbusCommandSender][stop]：设备ID=12068 指令发送器停止
[2026-06-04 18:59:12] [INFO] [data][ModbusTcpMaster][enterState]：设备ID=12068 状态切换: 错误状态 -> 连接中
[2026-06-04 18:59:12] [INFO] [data][ModbusTcpMaster][ModbusConnecter][disconnectDevice]：设备ID=12068 完全断开连接，已停止自动重连
[2026-06-04 18:59:12] [INFO] [data][ModbusTcpMaster][enterState]：设备ID=12068 状态切换: 连接中 -> 空闲
[2026-06-04 18:59:12] [INFO] [data][ModbusTcpMasterPool][stopAllMasters]：停止 Master ID=12069
[2026-06-04 18:59:12] [INFO] [data][ModbusTcpMaster][stop]：设备ID=12069 停止设备，连接模式=AutoReconnect
[2026-06-04 18:59:12] [INFO] [data][ModbusTcpMaster][pauseChildren]：设备ID=12069 暂停普通收发子模块
[2026-06-04 18:59:12] [INFO] [data][ModbusTcpMaster][ModbusCommandSender][stop]：设备ID=12069 指令发送器停止
[2026-06-04 18:59:12] [INFO] [data][ModbusTcpMaster][ModbusConnecter][stopAutoReconnect]：设备ID=12069 停止自动重连
[2026-06-04 18:59:12] [INFO] [data][ModbusTcpMaster][ModbusConnecter][onConnectionStatusChanged]：设备ID=12069 连接状态变化: Disconnected
[2026-06-04 18:59:12] [INFO] [data][ModbusTcpMaster][ModbusCommandSender][stop]：设备ID=12069 指令发送器停止
[2026-06-04 18:59:12] [INFO] [data][ModbusTcpMaster][enterState]：设备ID=12069 状态切换: 错误状态 -> 连接中
[2026-06-04 18:59:12] [INFO] [data][ModbusTcpMaster][ModbusConnecter][disconnectDevice]：设备ID=12069 完全断开连接，已停止自动重连
[2026-06-04 18:59:12] [INFO] [data][ModbusTcpMaster][enterState]：设备ID=12069 状态切换: 连接中 -> 空闲
[2026-06-04 18:59:12] [INFO] [data][ModbusTcpMasterPool][stopAllMasters]：停止 Master ID=12070
[2026-06-04 18:59:12] [INFO] [data][ModbusTcpMaster][stop]：设备ID=12070 停止设备，连接模式=AutoReconnect
[2026-06-04 18:59:12] [INFO] [data][ModbusTcpMaster][pauseChildren]：设备ID=12070 暂停普通收发子模块
[2026-06-04 18:59:12] [INFO] [data][ModbusTcpMaster][ModbusCommandSender][stop]：设备ID=12070 指令发送器停止
[2026-06-04 18:59:12] [INFO] [data][ModbusTcpMaster][ModbusConnecter][stopAutoReconnect]：设备ID=12070 停止自动重连
[2026-06-04 18:59:12] [INFO] [data][ModbusTcpMaster][ModbusConnecter][onConnectionStatusChanged]：设备ID=12070 连接状态变化: Disconnected
[2026-06-04 18:59:12] [INFO] [data][ModbusTcpMaster][ModbusCommandSender][stop]：设备ID=12070 指令发送器停止
[2026-06-04 18:59:12] [INFO] [data][ModbusTcpMaster][enterState]：设备ID=12070 状态切换: 错误状态 -> 连接中
[2026-06-04 18:59:12] [INFO] [data][ModbusTcpMaster][ModbusConnecter][disconnectDevice]：设备ID=12070 完全断开连接，已停止自动重连
[2026-06-04 18:59:12] [INFO] [data][ModbusTcpMaster][enterState]：设备ID=12070 状态切换: 连接中 -> 空闲
[2026-06-04 18:59:12] [INFO] [data][ModbusTcpMasterPool][stopAllMasters]：停止 Master ID=12071
[2026-06-04 18:59:12] [INFO] [data][ModbusTcpMaster][stop]：设备ID=12071 停止设备，连接模式=AutoReconnect
[2026-06-04 18:59:12] [INFO] [data][ModbusTcpMaster][pauseChildren]：设备ID=12071 暂停普通收发子模块
[2026-06-04 18:59:12] [INFO] [data][ModbusTcpMaster][ModbusCommandSender][stop]：设备ID=12071 指令发送器停止
[2026-06-04 18:59:12] [INFO] [data][ModbusTcpMaster][ModbusConnecter][stopAutoReconnect]：设备ID=12071 停止自动重连
[2026-06-04 18:59:12] [INFO] [data][ModbusTcpMaster][ModbusConnecter][onConnectionStatusChanged]：设备ID=12071 连接状态变化: Disconnected
[2026-06-04 18:59:12] [INFO] [data][ModbusTcpMaster][ModbusCommandSender][stop]：设备ID=12071 指令发送器停止
[2026-06-04 18:59:12] [INFO] [data][ModbusTcpMaster][enterState]：设备ID=12071 状态切换: 错误状态 -> 连接中
[2026-06-04 18:59:12] [INFO] [data][ModbusTcpMaster][ModbusConnecter][disconnectDevice]：设备ID=12071 完全断开连接，已停止自动重连
[2026-06-04 18:59:12] [INFO] [data][ModbusTcpMaster][enterState]：设备ID=12071 状态切换: 连接中 -> 空闲
[2026-06-04 18:59:12] [INFO] [data][ModbusTcpMasterPool][stopAllMasters]：停止 Master ID=12072
[2026-06-04 18:59:12] [INFO] [data][ModbusTcpMaster][stop]：设备ID=12072 停止设备，连接模式=AutoReconnect
[2026-06-04 18:59:12] [INFO] [data][ModbusTcpMaster][pauseChildren]：设备ID=12072 暂停普通收发子模块
[2026-06-04 18:59:12] [INFO] [data][ModbusTcpMaster][ModbusCommandSender][stop]：设备ID=12072 指令发送器停止
[2026-06-04 18:59:12] [INFO] [data][ModbusTcpMaster][ModbusConnecter][stopAutoReconnect]：设备ID=12072 停止自动重连
[2026-06-04 18:59:12] [INFO] [data][ModbusTcpMaster][ModbusConnecter][onConnectionStatusChanged]：设备ID=12072 连接状态变化: Disconnected
[2026-06-04 18:59:12] [INFO] [data][ModbusTcpMaster][ModbusCommandSender][stop]：设备ID=12072 指令发送器停止
[2026-06-04 18:59:12] [INFO] [data][ModbusTcpMaster][enterState]：设备ID=12072 状态切换: 错误状态 -> 连接中
[2026-06-04 18:59:12] [INFO] [data][ModbusTcpMaster][ModbusConnecter][disconnectDevice]：设备ID=12072 完全断开连接，已停止自动重连
[2026-06-04 18:59:12] [INFO] [data][ModbusTcpMaster][enterState]：设备ID=12072 状态切换: 连接中 -> 空闲
[2026-06-04 18:59:12] [INFO] [data][ModbusTcpMasterPool][stopAllMasters]：停止 Master ID=12073
[2026-06-04 18:59:12] [INFO] [data][ModbusTcpMaster][stop]：设备ID=12073 停止设备，连接模式=AutoReconnect
[2026-06-04 18:59:12] [INFO] [data][ModbusTcpMaster][pauseChildren]：设备ID=12073 暂停普通收发子模块
[2026-06-04 18:59:12] [INFO] [data][ModbusTcpMaster][ModbusCommandSender][stop]：设备ID=12073 指令发送器停止
[2026-06-04 18:59:12] [INFO] [data][ModbusTcpMaster][ModbusConnecter][stopAutoReconnect]：设备ID=12073 停止自动重连
[2026-06-04 18:59:12] [INFO] [data][ModbusTcpMaster][ModbusConnecter][onConnectionStatusChanged]：设备ID=12073 连接状态变化: Disconnected
[2026-06-04 18:59:12] [INFO] [data][ModbusTcpMaster][ModbusCommandSender][stop]：设备ID=12073 指令发送器停止
[2026-06-04 18:59:12] [INFO] [data][ModbusTcpMaster][enterState]：设备ID=12073 状态切换: 错误状态 -> 连接中
[2026-06-04 18:59:12] [INFO] [data][ModbusTcpMaster][ModbusConnecter][disconnectDevice]：设备ID=12073 完全断开连接，已停止自动重连
[2026-06-04 18:59:12] [INFO] [data][ModbusTcpMaster][enterState]：设备ID=12073 状态切换: 连接中 -> 空闲
[2026-06-04 18:59:12] [INFO] [data][ModbusTcpMasterPool][stopAllMasters]：停止 Master ID=12074
[2026-06-04 18:59:12] [INFO] [data][ModbusTcpMaster][stop]：设备ID=12074 停止设备，连接模式=AutoReconnect
[2026-06-04 18:59:12] [INFO] [data][ModbusTcpMaster][pauseChildren]：设备ID=12074 暂停普通收发子模块
[2026-06-04 18:59:12] [INFO] [data][ModbusTcpMaster][ModbusCommandSender][stop]：设备ID=12074 指令发送器停止
[2026-06-04 18:59:12] [INFO] [data][ModbusTcpMaster][ModbusConnecter][stopAutoReconnect]：设备ID=12074 停止自动重连
[2026-06-04 18:59:12] [INFO] [data][ModbusTcpMaster][ModbusConnecter][onConnectionStatusChanged]：设备ID=12074 连接状态变化: Disconnected
[2026-06-04 18:59:12] [INFO] [data][ModbusTcpMaster][ModbusCommandSender][stop]：设备ID=12074 指令发送器停止
[2026-06-04 18:59:12] [INFO] [data][ModbusTcpMaster][enterState]：设备ID=12074 状态切换: 错误状态 -> 连接中
[2026-06-04 18:59:12] [INFO] [data][ModbusTcpMaster][ModbusConnecter][disconnectDevice]：设备ID=12074 完全断开连接，已停止自动重连
[2026-06-04 18:59:12] [INFO] [data][ModbusTcpMaster][enterState]：设备ID=12074 状态切换: 连接中 -> 空闲
[2026-06-04 18:59:12] [INFO] [data][ModbusTcpMasterPool][stopAllMasters]：停止 Master ID=12075
[2026-06-04 18:59:12] [INFO] [data][ModbusTcpMaster][stop]：设备ID=12075 停止设备，连接模式=AutoReconnect
[2026-06-04 18:59:12] [INFO] [data][ModbusTcpMaster][pauseChildren]：设备ID=12075 暂停普通收发子模块
[2026-06-04 18:59:12] [INFO] [data][ModbusTcpMaster][ModbusCommandSender][stop]：设备ID=12075 指令发送器停止
[2026-06-04 18:59:12] [INFO] [data][ModbusTcpMaster][ModbusConnecter][stopAutoReconnect]：设备ID=12075 停止自动重连
[2026-06-04 18:59:12] [INFO] [data][ModbusTcpMaster][ModbusConnecter][onConnectionStatusChanged]：设备ID=12075 连接状态变化: Disconnected
[2026-06-04 18:59:12] [INFO] [data][ModbusTcpMaster][ModbusCommandSender][stop]：设备ID=12075 指令发送器停止
[2026-06-04 18:59:12] [INFO] [data][ModbusTcpMaster][enterState]：设备ID=12075 状态切换: 错误状态 -> 连接中
[2026-06-04 18:59:12] [INFO] [data][ModbusTcpMaster][ModbusConnecter][disconnectDevice]：设备ID=12075 完全断开连接，已停止自动重连
[2026-06-04 18:59:12] [INFO] [data][ModbusTcpMaster][enterState]：设备ID=12075 状态切换: 连接中 -> 空闲
[2026-06-04 18:59:12] [INFO] [data][ModbusTcpMasterPool][stopAllMasters]：停止 Master ID=12076
[2026-06-04 18:59:12] [INFO] [data][ModbusTcpMaster][stop]：设备ID=12076 停止设备，连接模式=AutoReconnect
[2026-06-04 18:59:12] [INFO] [data][ModbusTcpMaster][pauseChildren]：设备ID=12076 暂停普通收发子模块
[2026-06-04 18:59:12] [INFO] [data][ModbusTcpMaster][ModbusCommandSender][stop]：设备ID=12076 指令发送器停止
[2026-06-04 18:59:12] [INFO] [data][ModbusTcpMaster][ModbusConnecter][stopAutoReconnect]：设备ID=12076 停止自动重连
[2026-06-04 18:59:12] [INFO] [data][ModbusTcpMaster][ModbusConnecter][onConnectionStatusChanged]：设备ID=12076 连接状态变化: Disconnected
[2026-06-04 18:59:12] [INFO] [data][ModbusTcpMaster][ModbusCommandSender][stop]：设备ID=12076 指令发送器停止
[2026-06-04 18:59:12] [INFO] [data][ModbusTcpMaster][enterState]：设备ID=12076 状态切换: 错误状态 -> 连接中
[2026-06-04 18:59:12] [INFO] [data][ModbusTcpMaster][ModbusConnecter][disconnectDevice]：设备ID=12076 完全断开连接，已停止自动重连
[2026-06-04 18:59:12] [INFO] [data][ModbusTcpMaster][enterState]：设备ID=12076 状态切换: 连接中 -> 空闲
[2026-06-04 18:59:12] [INFO] [data][ModbusTcpMasterPool][stopAllMasters]：停止 Master ID=12077
[2026-06-04 18:59:12] [INFO] [data][ModbusTcpMaster][stop]：设备ID=12077 停止设备，连接模式=AutoReconnect
[2026-06-04 18:59:12] [INFO] [data][ModbusTcpMaster][pauseChildren]：设备ID=12077 暂停普通收发子模块
[2026-06-04 18:59:12] [INFO] [data][ModbusTcpMaster][ModbusCommandSender][stop]：设备ID=12077 指令发送器停止
[2026-06-04 18:59:12] [INFO] [data][ModbusTcpMaster][ModbusConnecter][stopAutoReconnect]：设备ID=12077 停止自动重连
[2026-06-04 18:59:12] [INFO] [data][ModbusTcpMaster][ModbusConnecter][onConnectionStatusChanged]：设备ID=12077 连接状态变化: Disconnected
[2026-06-04 18:59:12] [INFO] [data][ModbusTcpMaster][ModbusCommandSender][stop]：设备ID=12077 指令发送器停止
[2026-06-04 18:59:12] [INFO] [data][ModbusTcpMaster][enterState]：设备ID=12077 状态切换: 错误状态 -> 连接中
[2026-06-04 18:59:12] [INFO] [data][ModbusTcpMaster][ModbusConnecter][disconnectDevice]：设备ID=12077 完全断开连接，已停止自动重连
[2026-06-04 18:59:12] [INFO] [data][ModbusTcpMaster][enterState]：设备ID=12077 状态切换: 连接中 -> 空闲
[2026-06-04 18:59:12] [INFO] [data][ModbusTcpMasterPool][stopAllMasters]：停止 Master ID=12078
[2026-06-04 18:59:12] [INFO] [data][ModbusTcpMaster][stop]：设备ID=12078 停止设备，连接模式=AutoReconnect
[2026-06-04 18:59:12] [INFO] [data][ModbusTcpMaster][pauseChildren]：设备ID=12078 暂停普通收发子模块
[2026-06-04 18:59:12] [INFO] [data][ModbusTcpMaster][ModbusCommandSender][stop]：设备ID=12078 指令发送器停止
[2026-06-04 18:59:12] [INFO] [data][ModbusTcpMaster][ModbusConnecter][stopAutoReconnect]：设备ID=12078 停止自动重连
[2026-06-04 18:59:12] [INFO] [data][ModbusTcpMaster][ModbusConnecter][onConnectionStatusChanged]：设备ID=12078 连接状态变化: Disconnected
[2026-06-04 18:59:12] [INFO] [data][ModbusTcpMaster][ModbusCommandSender][stop]：设备ID=12078 指令发送器停止
[2026-06-04 18:59:12] [INFO] [data][ModbusTcpMaster][enterState]：设备ID=12078 状态切换: 错误状态 -> 连接中
[2026-06-04 18:59:12] [INFO] [data][ModbusTcpMaster][ModbusConnecter][disconnectDevice]：设备ID=12078 完全断开连接，已停止自动重连
[2026-06-04 18:59:12] [INFO] [data][ModbusTcpMaster][enterState]：设备ID=12078 状态切换: 连接中 -> 空闲
[2026-06-04 18:59:12] [INFO] [data][ModbusTcpMasterPool][stopAllMasters]：停止 Master ID=12079
[2026-06-04 18:59:12] [INFO] [data][ModbusTcpMaster][stop]：设备ID=12079 停止设备，连接模式=AutoReconnect
[2026-06-04 18:59:12] [INFO] [data][ModbusTcpMaster][pauseChildren]：设备ID=12079 暂停普通收发子模块
[2026-06-04 18:59:12] [INFO] [data][ModbusTcpMaster][ModbusCommandSender][stop]：设备ID=12079 指令发送器停止
[2026-06-04 18:59:12] [INFO] [data][ModbusTcpMaster][ModbusConnecter][stopAutoReconnect]：设备ID=12079 停止自动重连
[2026-06-04 18:59:12] [INFO] [data][ModbusTcpMaster][ModbusConnecter][onConnectionStatusChanged]：设备ID=12079 连接状态变化: Disconnected
[2026-06-04 18:59:12] [INFO] [data][ModbusTcpMaster][ModbusCommandSender][stop]：设备ID=12079 指令发送器停止
[2026-06-04 18:59:12] [INFO] [data][ModbusTcpMaster][enterState]：设备ID=12079 状态切换: 错误状态 -> 连接中
[2026-06-04 18:59:12] [INFO] [data][ModbusTcpMaster][ModbusConnecter][disconnectDevice]：设备ID=12079 完全断开连接，已停止自动重连
[2026-06-04 18:59:12] [INFO] [data][ModbusTcpMaster][enterState]：设备ID=12079 状态切换: 连接中 -> 空闲
[2026-06-04 18:59:12] [INFO] [data][ModbusTcpMasterPool][stopAllMasters]：停止 Master ID=12080
[2026-06-04 18:59:12] [INFO] [data][ModbusTcpMaster][stop]：设备ID=12080 停止设备，连接模式=AutoReconnect
[2026-06-04 18:59:12] [INFO] [data][ModbusTcpMaster][pauseChildren]：设备ID=12080 暂停普通收发子模块
[2026-06-04 18:59:12] [INFO] [data][ModbusTcpMaster][ModbusCommandSender][stop]：设备ID=12080 指令发送器停止
[2026-06-04 18:59:12] [INFO] [data][ModbusTcpMaster][ModbusConnecter][stopAutoReconnect]：设备ID=12080 停止自动重连
[2026-06-04 18:59:12] [INFO] [data][ModbusTcpMaster][ModbusConnecter][onConnectionStatusChanged]：设备ID=12080 连接状态变化: Disconnected
[2026-06-04 18:59:12] [INFO] [data][ModbusTcpMaster][ModbusCommandSender][stop]：设备ID=12080 指令发送器停止
[2026-06-04 18:59:12] [INFO] [data][ModbusTcpMaster][enterState]：设备ID=12080 状态切换: 错误状态 -> 连接中
[2026-06-04 18:59:12] [INFO] [data][ModbusTcpMaster][ModbusConnecter][disconnectDevice]：设备ID=12080 完全断开连接，已停止自动重连
[2026-06-04 18:59:12] [INFO] [data][ModbusTcpMaster][enterState]：设备ID=12080 状态切换: 连接中 -> 空闲
[2026-06-04 18:59:12] [INFO] [data][ModbusTcpMasterPool][stopAllMasters]：所有 Master 已停止
[2026-06-04 18:59:12] [INFO] [data][ModbusTcpMasterPool][destructor]：调度删除 80 个 Master
[2026-06-04 18:59:12] [INFO] [data][ModbusTcpMasterPool][destructor]：向 22 个工作线程发出退出信号
[2026-06-04 18:59:12] [INFO] [data][ModbusTcpMasterPool][destructor]：析构完成，所有资源已清理
