[2026-06-02 17:15:59] [WARN] [MonitorDataTask][QRCode:12042] 指令完成
指令: ReadIdlePurgeAll
请求帧: 01 04 00 1D 00 03 20 0D
响应帧: 超时, 等待RTU响应超时, 01 04 06 00 00 00 00 00 00
处理结果: 失败
失败原因: 超时, 等待RTU响应超时
发送次数: 1/1
[2026-06-02 17:15:59] [WARN] [MonitorDataTask][QRCode:12069] 指令完成
指令: ReadIdlePurgeAll
请求帧: 01 04 00 1D 00 03 20 0D
响应帧: 超时, 等待RTU响应超时, 01 04 06 00 00 00 00 00 00
处理结果: 失败
失败原因: 超时, 等待RTU响应超时
发送次数: 1/1
[2026-06-02 17:15:59] [WARN] [MonitorDataTask][QRCode:12059] 指令完成
指令: ReadIdlePurgeAll
请求帧: 01 04 00 1D 00 03 20 0D
响应帧: 超时, 等待RTU响应超时, 01 04 06 00 00 00 00 00 00
处理结果: 失败
失败原因: 超时, 等待RTU响应超时
发送次数: 1/1
[2026-06-02 17:15:59] [WARN] [MonitorDataTask][QRCode:12048] 指令完成
指令: ReadIdlePurgeAll
请求帧: 01 04 00 1D 00 03 20 0D
响应帧: 超时, 等待RTU响应超时, 01 04 06 00 00 00 00 00 00
处理结果: 失败
失败原因: 超时, 等待RTU响应超时
发送次数: 1/1
[2026-06-02 17:15:59] [WARN] [MonitorDataTask][QRCode:12007] 指令完成
指令: ReadIdlePurgeAll
请求帧: 01 04 00 1D 00 03 20 0D
响应帧: 超时, 等待RTU响应超时, 01 04 06 00 00 00 00 00 00
处理结果: 失败
失败原因: 超时, 等待RTU响应超时
发送次数: 1/1
[2026-06-02 17:15:59] [WARN] [MonitorDataTask][QRCode:12039] 指令完成
指令: ReadIdlePurgeAll
请求帧: 01 04 00 1D 00 03 20 0D
响应帧: 超时, 等待RTU响应超时, 01 04 06 00 00 00 00 00 00
处理结果: 失败
失败原因: 超时, 等待RTU响应超时
发送次数: 1/1
[2026-06-02 17:15:59] [WARN] [MonitorDataTask][QRCode:12050] 指令完成
指令: ReadIdlePurgeAll
请求帧: 01 04 00 1D 00 03 20 0D
响应帧: 超时, 等待RTU响应超时, 01 04 06 00 00 00 00 00 00
处理结果: 失败
失败原因: 超时, 等待RTU响应超时
发送次数: 1/1
[2026-06-02 17:15:59] [WARN] [MonitorDataTask][QRCode:12018] 指令完成
指令: ReadIdlePurgeAll
请求帧: 01 04 00 1D 00 03 20 0D
响应帧: 超时, 等待RTU响应超时, 01 04 06 00 00 00 00 00 00
处理结果: 失败
失败原因: 超时, 等待RTU响应超时
发送次数: 1/1
[2026-06-02 17:15:59] [WARN] [MonitorDataTask][QRCode:12038] 指令完成
指令: ReadIdlePurgeAll
请求帧: 01 04 00 1D 00 03 20 0D
响应帧: 超时, 等待RTU响应超时, 01 04 06 00 00 00 00 00 00
处理结果: 失败
失败原因: 超时, 等待RTU响应超时
发送次数: 1/1
[2026-06-02 17:15:59] [WARN] [MonitorDataTask][QRCode:12062] 指令完成
指令: ReadIdlePurgeAll
请求帧: 01 04 00 1D 00 03 20 0D
响应帧: 超时, 等待RTU响应超时, 01 04 06 00 00 00 00 00 00
处理结果: 失败
失败原因: 超时, 等待RTU响应超时
发送次数: 1/1
[2026-06-02 17:15:59] [WARN] [MonitorDataTask][QRCode:12040] 指令完成
指令: ReadIdlePurgeAll
请求帧: 01 04 00 1D 00 03 20 0D
响应帧: 超时, 等待RTU响应超时, 01 04 06 00 00 00 00 00 00
处理结果: 失败
失败原因: 超时, 等待RTU响应超时
发送次数: 1/1
[2026-06-02 17:15:59] [WARN] [MonitorDataTask][QRCode:12015] 指令完成
指令: ReadIdlePurgeAll
请求帧: 01 04 00 1D 00 03 20 0D
响应帧: 超时, 等待RTU响应超时, 01 04 06 00 00 00 00 00 00
处理结果: 失败
失败原因: 超时, 等待RTU响应超时
发送次数: 1/1
[2026-06-02 17:15:59] [WARN] [MonitorDataTask][QRCode:12012] 指令完成
指令: ReadIdlePurgeAll
请求帧: 01 04 00 1D 00 03 20 0D
响应帧: 超时, 等待RTU响应超时, 01 04 06 00 00 00 00 00 00
处理结果: 失败
失败原因: 超时, 等待RTU响应超时
发送次数: 1/1
[2026-06-02 17:15:59] [WARN] [MonitorDataTask][QRCode:12035] 指令完成
指令: ReadIdlePurgeAll
请求帧: 01 04 00 1D 00 03 20 0D
响应帧: 超时, 等待RTU响应超时, 01 04 06 00 00 00 00 00 00
处理结果: 失败
失败原因: 超时, 等待RTU响应超时
发送次数: 1/1
[2026-06-02 17:15:59] [WARN] [MonitorDataTask][QRCode:12052] 指令完成
指令: ReadIdlePurgeAll
请求帧: 01 04 00 1D 00 03 20 0D
响应帧: 超时, 等待RTU响应超时, 01 04 06 00 00 00 00 00 00
处理结果: 失败
失败原因: 超时, 等待RTU响应超时
发送次数: 1/1
[2026-06-02 17:15:59] [WARN] [MonitorDataTask][QRCode:12068] 指令完成
指令: ReadIdlePurgeAll
请求帧: 01 04 00 1D 00 03 20 0D
响应帧: 超时, 等待RTU响应超时, 01 04 06 00 00 00 00 00 00
处理结果: 失败
失败原因: 超时, 等待RTU响应超时
发送次数: 1/1
[2026-06-02 17:15:59] [WARN] [MonitorDataTask][QRCode:12076] 指令完成
指令: ReadIdlePurgeAll
请求帧: 01 04 00 1D 00 03 20 0D
响应帧: 超时, 等待RTU响应超时, 01 04 06 00 00 00 00 00 00
处理结果: 失败
失败原因: 超时, 等待RTU响应超时
发送次数: 1/1
[2026-06-02 17:15:59] [WARN] [MonitorDataTask][QRCode:12043] 指令完成
指令: ReadIdlePurgeAll
请求帧: 01 04 00 1D 00 03 20 0D
响应帧: 超时, 等待RTU响应超时, 01 04 06 00 00 00 00 00 00
处理结果: 失败
失败原因: 超时, 等待RTU响应超时
发送次数: 1/1
[2026-06-02 17:15:59] [WARN] [MonitorDataTask][QRCode:12061] 指令完成
指令: ReadIdlePurgeAll
请求帧: 01 04 00 1D 00 03 20 0D
响应帧: 超时, 等待RTU响应超时, 01 04 06 00 00 00 00 00 00
处理结果: 失败
失败原因: 超时, 等待RTU响应超时
发送次数: 1/1
[2026-06-02 17:15:59] [WARN] [MonitorDataTask][QRCode:12057] 指令完成
指令: ReadIdlePurgeAll
请求帧: 01 04 00 1D 00 03 20 0D
响应帧: 超时, 等待RTU响应超时, 01 04 06 00 00 00 00 00 00
处理结果: 失败
失败原因: 超时, 等待RTU响应超时
发送次数: 1/1
[2026-06-02 17:15:59] [WARN] [MonitorDataTask][QRCode:12049] 指令完成
指令: ReadIdlePurgeAll
请求帧: 01 04 00 1D 00 03 20 0D
响应帧: 超时, 等待RTU响应超时, 01 04 06 00 00 00 00 00 00
处理结果: 失败
失败原因: 超时, 等待RTU响应超时
发送次数: 1/1
[2026-06-02 17:15:59] [WARN] [MonitorDataTask][QRCode:12024] 指令完成
指令: ReadIdlePurgeAll
请求帧: 01 04 00 1D 00 03 20 0D
响应帧: 超时, 等待RTU响应超时, 01 04 06 00 00 00 00 00 00
处理结果: 失败
失败原因: 超时, 等待RTU响应超时
发送次数: 1/1
[2026-06-02 17:15:59] [WARN] [MonitorDataTask][QRCode:12055] 指令完成
指令: ReadIdlePurgeAll
请求帧: 01 04 00 1D 00 03 20 0D
响应帧: 超时, 等待RTU响应超时, 01 04 06 00 00 00 00 00 00
处理结果: 失败
失败原因: 超时, 等待RTU响应超时
发送次数: 1/1
[2026-06-02 17:15:59] [WARN] [MonitorDataTask][QRCode:12074] 指令完成
指令: ReadIdlePurgeAll
请求帧: 01 04 00 1D 00 03 20 0D
响应帧: 超时, 等待RTU响应超时, 01 04 06 00 00 00 00 00 00
处理结果: 失败
失败原因: 超时, 等待RTU响应超时
发送次数: 1/1
[2026-06-02 17:15:59] [WARN] [MonitorDataTask][QRCode:12011] 指令完成
指令: ReadIdlePurgeAll
请求帧: 01 04 00 1D 00 03 20 0D
响应帧: 超时, 等待RTU响应超时, 01 04 06 00 00 00 00 00 00
处理结果: 失败
失败原因: 超时, 等待RTU响应超时
发送次数: 1/1
[2026-06-02 17:15:59] [WARN] [MonitorDataTask][QRCode:12071] 指令完成
指令: ReadIdlePurgeAll
请求帧: 01 04 00 1D 00 03 20 0D
响应帧: 超时, 等待RTU响应超时, 01 04 06 00 00 00 00 00 00
处理结果: 失败
失败原因: 超时, 等待RTU响应超时
发送次数: 1/1
[2026-06-02 17:15:59] [WARN] [MonitorDataTask][QRCode:12080] 指令完成
指令: ReadIdlePurgeAll
请求帧: 01 04 00 1D 00 03 20 0D
响应帧: 超时, 等待RTU响应超时, 01 04 06 00 00 00 00 00 00
处理结果: 失败
失败原因: 超时, 等待RTU响应超时
发送次数: 1/1
[2026-06-02 17:15:59] [WARN] [MonitorDataTask][QRCode:12004] 指令完成
指令: ReadIdlePurgeAll
请求帧: 01 04 00 1D 00 03 20 0D
响应帧: 超时, 等待RTU响应超时, 01 04 06 00 00 00 00 00 00
处理结果: 失败
失败原因: 超时, 等待RTU响应超时
发送次数: 1/1
[2026-06-02 17:15:59] [WARN] [MonitorDataTask][QRCode:12044] 指令完成
指令: ReadIdlePurgeAll
请求帧: 01 04 00 1D 00 03 20 0D
响应帧: 超时, 等待RTU响应超时, 01 04 06 00 00 00 00 00 00
处理结果: 失败
失败原因: 超时, 等待RTU响应超时
发送次数: 1/1
[2026-06-02 17:15:59] [WARN] [MonitorDataTask][QRCode:12013] 指令完成
指令: ReadIdlePurgeAll
请求帧: 01 04 00 1D 00 03 20 0D
响应帧: 超时, 等待RTU响应超时, 01 04 06 00 00 00 00 00 00
处理结果: 失败
失败原因: 超时, 等待RTU响应超时
发送次数: 1/1
[2026-06-02 17:16:00] [WARN] [MonitorDataTask][QRCode:12045] 指令完成
指令: ReadIdlePurgeAll
请求帧: 01 04 00 1D 00 03 20 0D
响应帧: 超时, 等待RTU响应超时, 01 04 06 00 00 00 00 00 00
处理结果: 失败
失败原因: 超时, 等待RTU响应超时
发送次数: 1/1
[2026-06-02 17:16:00] [WARN] [MonitorDataTask][QRCode:12031] 指令完成
指令: ReadIdlePurgeAll
请求帧: 01 04 00 1D 00 03 20 0D
响应帧: 超时, 等待RTU响应超时, 01 04 06 00 00 00 00 00 00
处理结果: 失败
失败原因: 超时, 等待RTU响应超时
发送次数: 1/1
[2026-06-02 17:16:00] [WARN] [MonitorDataTask][QRCode:12073] 指令完成
指令: ReadIdlePurgeAll
请求帧: 01 04 00 1D 00 03 20 0D
响应帧: 超时, 等待RTU响应超时, 01 04 06 00 00 00 00 00 00
处理结果: 失败
失败原因: 超时, 等待RTU响应超时
发送次数: 1/1
[2026-06-02 17:16:00] [WARN] [MonitorDataTask][QRCode:12054] 指令完成
指令: ReadIdlePurgeAll
请求帧: 01 04 00 1D 00 03 20 0D
响应帧: 超时, 等待RTU响应超时, 01 04 06 00 00 00 00 00 00
处理结果: 失败
失败原因: 超时, 等待RTU响应超时
发送次数: 1/1
[2026-06-02 17:16:00] [WARN] [MonitorDataTask][QRCode:12032] 指令完成
指令: ReadIdlePurgeAll
请求帧: 01 04 00 1D 00 03 20 0D
响应帧: 超时, 等待RTU响应超时, 01 04 06 00 00 00 00 00 00
处理结果: 失败
失败原因: 超时, 等待RTU响应超时
发送次数: 1/1
[2026-06-02 17:16:00] [WARN] [MonitorDataTask][QRCode:12037] 指令完成
指令: ReadIdlePurgeAll
请求帧: 01 04 00 1D 00 03 20 0D
响应帧: 超时, 等待RTU响应超时, 01 04 06 00 00 00 00 00 00
处理结果: 失败
失败原因: 超时, 等待RTU响应超时
发送次数: 1/1
[2026-06-02 17:16:00] [WARN] [MonitorDataTask][QRCode:12027] 指令完成
指令: ReadIdlePurgeAll
请求帧: 01 04 00 1D 00 03 20 0D
响应帧: 超时, 等待RTU响应超时, 01 04 06 00 00 00 00 00 00
处理结果: 失败
失败原因: 超时, 等待RTU响应超时
发送次数: 1/1
[2026-06-02 17:16:00] [WARN] [MonitorDataTask][QRCode:12046] 指令完成
指令: ReadIdlePurgeAll
请求帧: 01 04 00 1D 00 03 20 0D
响应帧: 超时, 等待RTU响应超时, 01 04 06 00 00 00 00 00 00
处理结果: 失败
失败原因: 超时, 等待RTU响应超时
发送次数: 1/1
[2026-06-02 17:16:00] [WARN] [MonitorDataTask][QRCode:12008] 指令完成
指令: ReadIdlePurgeAll
请求帧: 01 04 00 1D 00 03 20 0D
响应帧: 超时, 等待RTU响应超时, 01 04 06 00 00 00 00 00 00
处理结果: 失败
失败原因: 超时, 等待RTU响应超时
发送次数: 1/1
[2026-06-02 17:16:00] [WARN] [MonitorDataTask][QRCode:12053] 指令完成
指令: ReadIdlePurgeAll
请求帧: 01 04 00 1D 00 03 20 0D
响应帧: 超时, 等待RTU响应超时, 01 04 06 00 00 00 00 00 00
处理结果: 失败
失败原因: 超时, 等待RTU响应超时
发送次数: 1/1
[2026-06-02 17:16:00] [WARN] [MonitorDataTask][QRCode:12025] 指令完成
指令: ReadIdlePurgeAll
请求帧: 01 04 00 1D 00 03 20 0D
响应帧: 超时, 等待RTU响应超时, 01 04 06 00 00 00 00 00 00
处理结果: 失败
失败原因: 超时, 等待RTU响应超时
发送次数: 1/1
[2026-06-02 17:16:00] [WARN] [MonitorDataTask][QRCode:12041] 指令完成
指令: ReadIdlePurgeAll
请求帧: 01 04 00 1D 00 03 20 0D
响应帧: 超时, 等待RTU响应超时, 01 04 06 00 00 00 00 00 00
处理结果: 失败
失败原因: 超时, 等待RTU响应超时
发送次数: 1/1
[2026-06-02 17:16:00] [WARN] [MonitorDataTask][QRCode:12079] 指令完成
指令: ReadIdlePurgeAll
请求帧: 01 04 00 1D 00 03 20 0D
响应帧: 超时, 等待RTU响应超时, 01 04 06 00 00 00 00 00 00
处理结果: 失败
失败原因: 超时, 等待RTU响应超时
发送次数: 1/1
[2026-06-02 17:16:00] [WARN] [MonitorDataTask][QRCode:12019] 指令完成
指令: ReadIdlePurgeAll
请求帧: 01 04 00 1D 00 03 20 0D
响应帧: 超时, 等待RTU响应超时, 01 04 06 00 00 00 00 00 00
处理结果: 失败
失败原因: 超时, 等待RTU响应超时
发送次数: 1/1
[2026-06-02 17:16:00] [WARN] [MonitorDataTask][QRCode:12058] 指令完成
指令: ReadIdlePurgeAll
请求帧: 01 04 00 1D 00 03 20 0D
响应帧: 超时, 等待RTU响应超时, 01 04 06 00 00 00 00 00 00
处理结果: 失败
失败原因: 超时, 等待RTU响应超时
发送次数: 1/1
[2026-06-02 17:16:00] [WARN] [MonitorDataTask][QRCode:12026] 指令完成
指令: ReadIdlePurgeAll
请求帧: 01 04 00 1D 00 03 20 0D
响应帧: 超时, 等待RTU响应超时, 01 04 06 00 00 00 00 00 00
处理结果: 失败
失败原因: 超时, 等待RTU响应超时
发送次数: 1/1
[2026-06-02 17:16:00] [WARN] [MonitorDataTask][QRCode:12023] 指令完成
指令: ReadIdlePurgeAll
请求帧: 01 04 00 1D 00 03 20 0D
响应帧: 超时, 等待RTU响应超时, 01 04 06 00 00 00 00 00 00
处理结果: 失败
失败原因: 超时, 等待RTU响应超时
发送次数: 1/1
[2026-06-02 17:16:00] [WARN] [MonitorDataTask][QRCode:12033] 指令完成
指令: ReadIdlePurgeAll
请求帧: 01 04 00 1D 00 03 20 0D
响应帧: 超时, 等待RTU响应超时, 01 04 06 00 00 00 00 00 00
处理结果: 失败
失败原因: 超时, 等待RTU响应超时
发送次数: 1/1
[2026-06-02 17:16:00] [WARN] [MonitorDataTask][QRCode:12070] 指令完成
指令: ReadIdlePurgeAll
请求帧: 01 04 00 1D 00 03 20 0D
响应帧: 超时, 等待RTU响应超时, 01 04 06 00 00 00 00 00 00
处理结果: 失败
失败原因: 超时, 等待RTU响应超时
发送次数: 1/1
[2026-06-02 17:16:00] [WARN] [MonitorDataTask][QRCode:12067] 指令完成
指令: ReadIdlePurgeAll
请求帧: 01 04 00 1D 00 03 20 0D
响应帧: 超时, 等待RTU响应超时, 01 04 06 00 00 00 00 00 00
处理结果: 失败
失败原因: 超时, 等待RTU响应超时
发送次数: 1/1
[2026-06-02 17:16:00] [WARN] [MonitorDataTask][QRCode:12065] 指令完成
指令: ReadIdlePurgeAll
请求帧: 01 04 00 1D 00 03 20 0D
响应帧: 超时, 等待RTU响应超时, 01 04 06 00 00 00 00 00 00
处理结果: 失败
失败原因: 超时, 等待RTU响应超时
发送次数: 1/1
[2026-06-02 17:16:00] [WARN] [MonitorDataTask][QRCode:12005] 指令完成
指令: ReadIdlePurgeAll
请求帧: 01 04 00 1D 00 03 20 0D
响应帧: 超时, 等待RTU响应超时, 01 04 06 00 00 00 00 00 00
处理结果: 失败
失败原因: 超时, 等待RTU响应超时
发送次数: 1/1
[2026-06-02 17:16:00] [WARN] [MonitorDataTask][QRCode:12077] 指令完成
指令: ReadIdlePurgeAll
请求帧: 01 04 00 1D 00 03 20 0D
响应帧: 超时, 等待RTU响应超时, 01 04 06 00 00 00 00 00 00
处理结果: 失败
失败原因: 超时, 等待RTU响应超时
发送次数: 1/1
[2026-06-02 17:16:00] [WARN] [MonitorDataTask][QRCode:12010] 指令完成
指令: ReadIdlePurgeAll
请求帧: 01 04 00 1D 00 03 20 0D
响应帧: 超时, 等待RTU响应超时, 01 04 06 00 00 00 00 00 00
处理结果: 失败
失败原因: 超时, 等待RTU响应超时
发送次数: 1/1
[2026-06-02 17:16:00] [WARN] [MonitorDataTask][QRCode:12016] 指令完成
指令: ReadIdlePurgeAll
请求帧: 01 04 00 1D 00 03 20 0D
响应帧: 超时, 等待RTU响应超时, 01 04 06 00 00 00 00 00 00
处理结果: 失败
失败原因: 超时, 等待RTU响应超时
发送次数: 1/1
[2026-06-02 17:16:00] [WARN] [MonitorDataTask][QRCode:12066] 指令完成
指令: ReadIdlePurgeAll
请求帧: 01 04 00 1D 00 03 20 0D
响应帧: 超时, 等待RTU响应超时, 01 04 06 00 00 00 00 00 00
处理结果: 失败
失败原因: 超时, 等待RTU响应超时
发送次数: 1/1
[2026-06-02 17:16:00] [WARN] [MonitorDataTask][QRCode:12072] 指令完成
指令: ReadIdlePurgeAll
请求帧: 01 04 00 1D 00 03 20 0D
响应帧: 超时, 等待RTU响应超时, 01 04 06 00 00 00 00 00 00
处理结果: 失败
失败原因: 超时, 等待RTU响应超时
发送次数: 1/1
[2026-06-02 17:16:00] [WARN] [MonitorDataTask][QRCode:12020] 指令完成
指令: ReadIdlePurgeAll
请求帧: 01 04 00 1D 00 03 20 0D
响应帧: 超时, 等待RTU响应超时, 01 04 06 00 00 00 00 00 00
处理结果: 失败
失败原因: 超时, 等待RTU响应超时
发送次数: 1/1
[2026-06-02 17:16:00] [WARN] [MonitorDataTask][QRCode:12063] 指令完成
指令: ReadIdlePurgeAll
请求帧: 01 04 00 1D 00 03 20 0D
响应帧: 超时, 等待RTU响应超时, 01 04 06 00 00 00 00 00 00
处理结果: 失败
失败原因: 超时, 等待RTU响应超时
发送次数: 1/1
[2026-06-02 17:16:00] [WARN] [MonitorDataTask][QRCode:12030] 指令完成
指令: ReadIdlePurgeAll
请求帧: 01 04 00 1D 00 03 20 0D
响应帧: 超时, 等待RTU响应超时, 01 04 06 00 00 00 00 00 00
处理结果: 失败
失败原因: 超时, 等待RTU响应超时
发送次数: 1/1
[2026-06-02 17:16:00] [WARN] [MonitorDataTask][QRCode:12028] 指令完成
指令: ReadIdlePurgeAll
请求帧: 01 04 00 1D 00 03 20 0D
响应帧: 超时, 等待RTU响应超时, 01 04 06 00 00 00 00 00 00
处理结果: 失败
失败原因: 超时, 等待RTU响应超时
发送次数: 1/1
[2026-06-02 17:16:00] [WARN] [MonitorDataTask][QRCode:12034] 指令完成
指令: ReadIdlePurgeAll
请求帧: 01 04 00 1D 00 03 20 0D
响应帧: 超时, 等待RTU响应超时, 01 04 06 00 00 00 00 00 00
处理结果: 失败
失败原因: 超时, 等待RTU响应超时
发送次数: 1/1
[2026-06-02 17:16:01] [WARN] [MonitorDataTask][QRCode:12056] 指令完成
指令: ReadIdlePurgeAll
请求帧: 01 04 00 1D 00 03 20 0D
响应帧: 超时, 等待RTU响应超时, 01 04 06 00 00 00 00 00 00
处理结果: 失败
失败原因: 超时, 等待RTU响应超时
发送次数: 1/1
[2026-06-02 17:16:01] [WARN] [MonitorDataTask][QRCode:12014] 指令完成
指令: ReadIdlePurgeAll
请求帧: 01 04 00 1D 00 03 20 0D
响应帧: 超时, 等待RTU响应超时, 01 04 06 00 00 00 00 00 00
处理结果: 失败
失败原因: 超时, 等待RTU响应超时
发送次数: 1/1
[2026-06-02 17:16:01] [WARN] [MonitorDataTask][QRCode:12075] 指令完成
指令: ReadIdlePurgeAll
请求帧: 01 04 00 1D 00 03 20 0D
响应帧: 超时, 等待RTU响应超时, 01 04 06 00 00 00 00 00 00
处理结果: 失败
失败原因: 超时, 等待RTU响应超时
发送次数: 1/1
[2026-06-02 17:16:01] [WARN] [MonitorDataTask][QRCode:12002] 指令完成
指令: ReadIdlePurgeAll
请求帧: 01 04 00 1D 00 03 20 0D
响应帧: 超时, 等待RTU响应超时, 01 04 06 00 00 00 00 00 00
处理结果: 失败
失败原因: 超时, 等待RTU响应超时
发送次数: 1/1
[2026-06-02 17:16:01] [WARN] [MonitorDataTask][QRCode:12047] 指令完成
指令: ReadIdlePurgeAll
请求帧: 01 04 00 1D 00 03 20 0D
响应帧: 超时, 等待RTU响应超时, 01 04 06 00 00 00 00 00 00
处理结果: 失败
失败原因: 超时, 等待RTU响应超时
发送次数: 1/1
[2026-06-02 17:16:01] [WARN] [MonitorDataTask][QRCode:12051] 指令完成
指令: ReadIdlePurgeAll
请求帧: 01 04 00 1D 00 03 20 0D
响应帧: 超时, 等待RTU响应超时, 01 04 06 00 00 00 00 00 00
处理结果: 失败
失败原因: 超时, 等待RTU响应超时
发送次数: 1/1
[2026-06-02 17:16:01] [WARN] [MonitorDataTask][QRCode:12078] 指令完成
指令: ReadIdlePurgeAll
请求帧: 01 04 00 1D 00 03 20 0D
响应帧: 超时, 等待RTU响应超时, 01 04 06 00 00 00 00 00 00
处理结果: 失败
失败原因: 超时, 等待RTU响应超时
发送次数: 1/1
[2026-06-02 17:16:01] [WARN] [MonitorDataTask][QRCode:12021] 指令完成
指令: ReadIdlePurgeAll
请求帧: 01 04 00 1D 00 03 20 0D
响应帧: 超时, 等待RTU响应超时, 01 04 06 00 00 00 00 00 00
处理结果: 失败
失败原因: 超时, 等待RTU响应超时
发送次数: 1/1
[2026-06-02 17:16:01] [WARN] [MonitorDataTask][QRCode:12029] 指令完成
指令: ReadIdlePurgeAll
请求帧: 01 04 00 1D 00 03 20 0D
响应帧: 超时, 等待RTU响应超时, 01 04 06 00 00 00 00 00 00
处理结果: 失败
失败原因: 超时, 等待RTU响应超时
发送次数: 1/1
[2026-06-02 17:16:01] [WARN] [MonitorDataTask][QRCode:12060] 指令完成
指令: ReadIdlePurgeAll
请求帧: 01 04 00 1D 00 03 20 0D
响应帧: 超时, 等待RTU响应超时, 01 04 06 00 00 00 00 00 00
处理结果: 失败
失败原因: 超时, 等待RTU响应超时
发送次数: 1/1
[2026-06-02 17:16:01] [WARN] [MonitorDataTask][QRCode:12001] 指令完成
指令: ReadIdlePurgeAll
请求帧: 01 04 00 1D 00 03 20 0D
响应帧: 超时, 等待RTU响应超时, 01 04 06 00 00 00 00 00 00
处理结果: 失败
失败原因: 超时, 等待RTU响应超时
发送次数: 1/1
[2026-06-02 17:16:01] [WARN] [MonitorDataTask][QRCode:12009] 指令完成
指令: ReadIdlePurgeAll
请求帧: 01 04 00 1D 00 03 20 0D
响应帧: 超时, 等待RTU响应超时, 01 04 06 00 00 00 00 00 00
处理结果: 失败
失败原因: 超时, 等待RTU响应超时
发送次数: 1/1
[2026-06-02 17:16:01] [WARN] [MonitorDataTask][QRCode:12017] 指令完成
指令: ReadIdlePurgeAll
请求帧: 01 04 00 1D 00 03 20 0D
响应帧: 超时, 等待RTU响应超时, 01 04 06 00 00 00 00 00 00
处理结果: 失败
失败原因: 超时, 等待RTU响应超时
发送次数: 1/1
[2026-06-02 17:16:01] [WARN] [MonitorDataTask][QRCode:12003] 指令完成
指令: ReadIdlePurgeAll
请求帧: 01 04 00 1D 00 03 20 0D
响应帧: 超时, 等待RTU响应超时, 01 04 06 00 00 00 00 00 00
处理结果: 失败
失败原因: 超时, 等待RTU响应超时
发送次数: 1/1
[2026-06-02 17:16:01] [WARN] [MonitorDataTask][QRCode:12064] 指令完成
指令: ReadIdlePurgeAll
请求帧: 01 04 00 1D 00 03 20 0D
响应帧: 超时, 等待RTU响应超时, 01 04 06 00 00 00 00 00 00
处理结果: 失败
失败原因: 超时, 等待RTU响应超时
发送次数: 1/1
[2026-06-02 17:16:01] [WARN] [MonitorDataTask][QRCode:12022] 指令完成
指令: ReadIdlePurgeAll
请求帧: 01 04 00 1D 00 03 20 0D
响应帧: 超时, 等待RTU响应超时, 01 04 06 00 00 00 00 00 00
处理结果: 失败
失败原因: 超时, 等待RTU响应超时
发送次数: 1/1
[2026-06-02 17:16:01] [WARN] [MonitorDataTask][QRCode:12059] 指令完成
指令: ReadIdlePurgeAll
请求帧: 01 04 00 1D 00 03 20 0D
响应帧: 超时, 等待RTU响应超时, 01 04 06 00 00 00 00 00 00
处理结果: 失败
失败原因: 超时, 等待RTU响应超时
发送次数: 1/1
[2026-06-02 17:16:01] [WARN] [MonitorDataTask][QRCode:12069] 指令完成
指令: ReadIdlePurgeAll
请求帧: 01 04 00 1D 00 03 20 0D
响应帧: 超时, 等待RTU响应超时, 01 04 06 00 00 00 00 00 00
处理结果: 失败
失败原因: 超时, 等待RTU响应超时
发送次数: 1/1
[2026-06-02 17:16:01] [WARN] [MonitorDataTask][QRCode:12042] 指令完成
指令: ReadIdlePurgeAll
请求帧: 01 04 00 1D 00 03 20 0D
响应帧: 超时, 等待RTU响应超时, 01 04 06 00 00 00 00 00 00
处理结果: 失败
失败原因: 超时, 等待RTU响应超时
发送次数: 1/1
[2026-06-02 17:16:01] [WARN] [MonitorDataTask][QRCode:12048] 指令完成
指令: ReadIdlePurgeAll
请求帧: 01 04 00 1D 00 03 20 0D
响应帧: 超时, 等待RTU响应超时, 01 04 06 00 00 00 00 00 00
处理结果: 失败
失败原因: 超时, 等待RTU响应超时
发送次数: 1/1
[2026-06-02 17:16:01] [WARN] [MonitorDataTask][QRCode:12036] 指令完成
指令: ReadIdlePurgeAll
请求帧: 01 04 00 1D 00 03 20 0D
响应帧: 超时, 等待RTU响应超时, 01 04 06 00 00 00 00 00 00
处理结果: 失败
失败原因: 超时, 等待RTU响应超时
发送次数: 1/1
[2026-06-02 17:16:01] [WARN] [MonitorDataTask][QRCode:12006] 指令完成
指令: ReadIdlePurgeAll
请求帧: 01 04 00 1D 00 03 20 0D
响应帧: 超时, 等待RTU响应超时, 01 04 06 00 00 00 00 00 00
处理结果: 失败
失败原因: 超时, 等待RTU响应超时
发送次数: 1/1
[2026-06-02 17:16:01] [WARN] [MonitorDataTask][QRCode:12050] 指令完成
指令: ReadIdlePurgeAll
请求帧: 01 04 00 1D 00 03 20 0D
响应帧: 超时, 等待RTU响应超时, 01 04 06 00 00 00 00 00 00
处理结果: 失败
失败原因: 超时, 等待RTU响应超时
发送次数: 1/1
[2026-06-02 17:16:01] [WARN] [MonitorDataTask][QRCode:12007] 指令完成
指令: ReadIdlePurgeAll
请求帧: 01 04 00 1D 00 03 20 0D
响应帧: 超时, 等待RTU响应超时, 01 04 06 00 00 00 00 00 00
处理结果: 失败
失败原因: 超时, 等待RTU响应超时
发送次数: 1/1
[2026-06-02 17:16:01] [WARN] [MonitorDataTask][QRCode:12039] 指令完成
指令: ReadIdlePurgeAll
请求帧: 01 04 00 1D 00 03 20 0D
响应帧: 超时, 等待RTU响应超时, 01 04 06 00 00 00 00 00 00
处理结果: 失败
失败原因: 超时, 等待RTU响应超时
发送次数: 1/1
[2026-06-02 17:16:01] [WARN] [MonitorDataTask][QRCode:12038] 指令完成
指令: ReadIdlePurgeAll
请求帧: 01 04 00 1D 00 03 20 0D
响应帧: 超时, 等待RTU响应超时, 01 04 06 00 00 00 00 00 00
处理结果: 失败
失败原因: 超时, 等待RTU响应超时
发送次数: 1/1
[2026-06-02 17:16:01] [WARN] [MonitorDataTask][QRCode:12018] 指令完成
指令: ReadIdlePurgeAll
请求帧: 01 04 00 1D 00 03 20 0D
响应帧: 超时, 等待RTU响应超时, 01 04 06 00 00 00 00 00 00
处理结果: 失败
失败原因: 超时, 等待RTU响应超时
发送次数: 1/1
[2026-06-02 17:16:01] [WARN] [MonitorDataTask][QRCode:12062] 指令完成
指令: ReadIdlePurgeAll
请求帧: 01 04 00 1D 00 03 20 0D
响应帧: 超时, 等待RTU响应超时, 01 04 06 00 00 00 00 00 00
处理结果: 失败
失败原因: 超时, 等待RTU响应超时
发送次数: 1/1
[2026-06-02 17:16:01] [WARN] [MonitorDataTask][QRCode:12040] 指令完成
指令: ReadIdlePurgeAll
请求帧: 01 04 00 1D 00 03 20 0D
响应帧: 超时, 等待RTU响应超时, 01 04 06 00 00 00 00 00 00
处理结果: 失败
失败原因: 超时, 等待RTU响应超时
发送次数: 1/1
[2026-06-02 17:16:01] [WARN] [MonitorDataTask][QRCode:12015] 指令完成
指令: ReadIdlePurgeAll
请求帧: 01 04 00 1D 00 03 20 0D
响应帧: 超时, 等待RTU响应超时, 01 04 06 00 00 00 00 00 00
处理结果: 失败
失败原因: 超时, 等待RTU响应超时
发送次数: 1/1
[2026-06-02 17:16:01] [WARN] [MonitorDataTask][QRCode:12035] 指令完成
指令: ReadIdlePurgeAll
请求帧: 01 04 00 1D 00 03 20 0D
响应帧: 超时, 等待RTU响应超时, 01 04 06 00 00 00 00 00 00
处理结果: 失败
失败原因: 超时, 等待RTU响应超时
发送次数: 1/1
[2026-06-02 17:16:01] [WARN] [MonitorDataTask][QRCode:12012] 指令完成
指令: ReadIdlePurgeAll
请求帧: 01 04 00 1D 00 03 20 0D
响应帧: 超时, 等待RTU响应超时, 01 04 06 00 00 00 00 00 00
处理结果: 失败
失败原因: 超时, 等待RTU响应超时
发送次数: 1/1
[2026-06-02 17:16:01] [WARN] [MonitorDataTask][QRCode:12052] 指令完成
指令: ReadIdlePurgeAll
请求帧: 01 04 00 1D 00 03 20 0D
响应帧: 超时, 等待RTU响应超时, 01 04 06 00 00 00 00 00 00
处理结果: 失败
失败原因: 超时, 等待RTU响应超时
发送次数: 1/1
[2026-06-02 17:16:01] [WARN] [MonitorDataTask][QRCode:12076] 指令完成
指令: ReadIdlePurgeAll
请求帧: 01 04 00 1D 00 03 20 0D
响应帧: 超时, 等待RTU响应超时, 01 04 06 00 00 00 00 00 00
处理结果: 失败
失败原因: 超时, 等待RTU响应超时
发送次数: 1/1
[2026-06-02 17:16:01] [WARN] [MonitorDataTask][QRCode:12068] 指令完成
指令: ReadIdlePurgeAll
请求帧: 01 04 00 1D 00 03 20 0D
响应帧: 超时, 等待RTU响应超时, 01 04 06 00 00 00 00 00 00
处理结果: 失败
失败原因: 超时, 等待RTU响应超时
发送次数: 1/1
[2026-06-02 17:16:01] [WARN] [MonitorDataTask][QRCode:12043] 指令完成
指令: ReadIdlePurgeAll
请求帧: 01 04 00 1D 00 03 20 0D
响应帧: 超时, 等待RTU响应超时, 01 04 06 00 00 00 00 00 00
处理结果: 失败
失败原因: 超时, 等待RTU响应超时
发送次数: 1/1
[2026-06-02 17:16:01] [WARN] [MonitorDataTask][QRCode:12057] 指令完成
指令: ReadIdlePurgeAll
请求帧: 01 04 00 1D 00 03 20 0D
响应帧: 超时, 等待RTU响应超时, 01 04 06 00 00 00 00 00 00
处理结果: 失败
失败原因: 超时, 等待RTU响应超时
发送次数: 1/1
[2026-06-02 17:16:01] [WARN] [MonitorDataTask][QRCode:12061] 指令完成
指令: ReadIdlePurgeAll
请求帧: 01 04 00 1D 00 03 20 0D
响应帧: 超时, 等待RTU响应超时, 01 04 06 00 00 00 00 00 00
处理结果: 失败
失败原因: 超时, 等待RTU响应超时
发送次数: 1/1
[2026-06-02 17:16:01] [WARN] [MonitorDataTask][QRCode:12024] 指令完成
指令: ReadIdlePurgeAll
请求帧: 01 04 00 1D 00 03 20 0D
响应帧: 超时, 等待RTU响应超时, 01 04 06 00 00 00 00 00 00
处理结果: 失败
失败原因: 超时, 等待RTU响应超时
发送次数: 1/1
[2026-06-02 17:16:01] [WARN] [MonitorDataTask][QRCode:12049] 指令完成
指令: ReadIdlePurgeAll
请求帧: 01 04 00 1D 00 03 20 0D
响应帧: 超时, 等待RTU响应超时, 01 04 06 00 00 00 00 00 00
处理结果: 失败
失败原因: 超时, 等待RTU响应超时
发送次数: 1/1
[2026-06-02 17:16:01] [WARN] [MonitorDataTask][QRCode:12011] 指令完成
指令: ReadIdlePurgeAll
请求帧: 01 04 00 1D 00 03 20 0D
响应帧: 超时, 等待RTU响应超时, 01 04 06 00 00 00 00 00 00
处理结果: 失败
失败原因: 超时, 等待RTU响应超时
发送次数: 1/1
[2026-06-02 17:16:01] [WARN] [MonitorDataTask][QRCode:12044] 指令完成
指令: ReadIdlePurgeAll
请求帧: 01 04 00 1D 00 03 20 0D
响应帧: 超时, 等待RTU响应超时, 01 04 06 00 00 00 00 00 00
处理结果: 失败
失败原因: 超时, 等待RTU响应超时
发送次数: 1/1
[2026-06-02 17:16:01] [WARN] [MonitorDataTask][QRCode:12080] 指令完成
指令: ReadIdlePurgeAll
请求帧: 01 04 00 1D 00 03 20 0D
响应帧: 超时, 等待RTU响应超时, 01 04 06 00 00 00 00 00 00
处理结果: 失败
失败原因: 超时, 等待RTU响应超时
发送次数: 1/1
[2026-06-02 17:16:01] [WARN] [MonitorDataTask][QRCode:12074] 指令完成
指令: ReadIdlePurgeAll
请求帧: 01 04 00 1D 00 03 20 0D
响应帧: 超时, 等待RTU响应超时, 01 04 06 00 00 00 00 00 00
处理结果: 失败
失败原因: 超时, 等待RTU响应超时
发送次数: 1/1
[2026-06-02 17:16:01] [WARN] [MonitorDataTask][QRCode:12013] 指令完成
指令: ReadIdlePurgeAll
请求帧: 01 04 00 1D 00 03 20 0D
响应帧: 超时, 等待RTU响应超时, 01 04 06 00 00 00 00 00 00
处理结果: 失败
失败原因: 超时, 等待RTU响应超时
发送次数: 1/1
[2026-06-02 17:16:01] [WARN] [MonitorDataTask][QRCode:12004] 指令完成
指令: ReadIdlePurgeAll
请求帧: 01 04 00 1D 00 03 20 0D
响应帧: 超时, 等待RTU响应超时, 01 04 06 00 00 00 00 00 00
处理结果: 失败
失败原因: 超时, 等待RTU响应超时
发送次数: 1/1
[2026-06-02 17:16:01] [WARN] [MonitorDataTask][QRCode:12071] 指令完成
指令: ReadIdlePurgeAll
请求帧: 01 04 00 1D 00 03 20 0D
响应帧: 超时, 等待RTU响应超时, 01 04 06 00 00 00 00 00 00
处理结果: 失败
失败原因: 超时, 等待RTU响应超时
发送次数: 1/1
[2026-06-02 17:16:01] [WARN] [MonitorDataTask][QRCode:12055] 指令完成
指令: ReadIdlePurgeAll
请求帧: 01 04 00 1D 00 03 20 0D
响应帧: 超时, 等待RTU响应超时, 01 04 06 00 00 00 00 00 00
处理结果: 失败
失败原因: 超时, 等待RTU响应超时
发送次数: 1/1
[2026-06-02 17:16:01] [WARN] [MonitorDataTask][QRCode:12045] 指令完成
指令: ReadIdlePurgeAll
请求帧: 01 04 00 1D 00 03 20 0D
响应帧: 超时, 等待RTU响应超时, 01 04 06 00 00 00 00 00 00
处理结果: 失败
失败原因: 超时, 等待RTU响应超时
发送次数: 1/1
[2026-06-02 17:16:01] [WARN] [MonitorDataTask][QRCode:12073] 指令完成
指令: ReadIdlePurgeAll
请求帧: 01 04 00 1D 00 03 20 0D
响应帧: 超时, 等待RTU响应超时, 01 04 06 00 00 00 00 00 00
处理结果: 失败
失败原因: 超时, 等待RTU响应超时
发送次数: 1/1
[2026-06-02 17:16:01] [WARN] [MonitorDataTask][QRCode:12031] 指令完成
指令: ReadIdlePurgeAll
请求帧: 01 04 00 1D 00 03 20 0D
响应帧: 超时, 等待RTU响应超时, 01 04 06 00 00 00 00 00 00
处理结果: 失败
失败原因: 超时, 等待RTU响应超时
发送次数: 1/1
[2026-06-02 17:16:01] [WARN] [MonitorDataTask][QRCode:12054] 指令完成
指令: ReadIdlePurgeAll
请求帧: 01 04 00 1D 00 03 20 0D
响应帧: 超时, 等待RTU响应超时, 01 04 06 00 00 00 00 00 00
处理结果: 失败
失败原因: 超时, 等待RTU响应超时
发送次数: 1/1
[2026-06-02 17:16:01] [WARN] [MonitorDataTask][QRCode:12032] 指令完成
指令: ReadIdlePurgeAll
请求帧: 01 04 00 1D 00 03 20 0D
响应帧: 超时, 等待RTU响应超时, 01 04 06 00 00 00 00 00 00
处理结果: 失败
失败原因: 超时, 等待RTU响应超时
发送次数: 1/1
[2026-06-02 17:16:01] [WARN] [MonitorDataTask][QRCode:12027] 指令完成
指令: ReadIdlePurgeAll
请求帧: 01 04 00 1D 00 03 20 0D
响应帧: 超时, 等待RTU响应超时, 01 04 06 00 00 00 00 00 00
处理结果: 失败
失败原因: 超时, 等待RTU响应超时
发送次数: 1/1
[2026-06-02 17:16:01] [WARN] [MonitorDataTask][QRCode:12037] 指令完成
指令: ReadIdlePurgeAll
请求帧: 01 04 00 1D 00 03 20 0D
响应帧: 超时, 等待RTU响应超时, 01 04 06 00 00 00 00 00 00
处理结果: 失败
失败原因: 超时, 等待RTU响应超时
发送次数: 1/1
[2026-06-02 17:16:01] [WARN] [MonitorDataTask][QRCode:12046] 指令完成
指令: ReadIdlePurgeAll
请求帧: 01 04 00 1D 00 03 20 0D
响应帧: 超时, 等待RTU响应超时, 01 04 06 00 00 00 00 00 00
处理结果: 失败
失败原因: 超时, 等待RTU响应超时
发送次数: 1/1
[2026-06-02 17:16:01] [WARN] [MonitorDataTask][QRCode:12053] 指令完成
指令: ReadIdlePurgeAll
请求帧: 01 04 00 1D 00 03 20 0D
响应帧: 超时, 等待RTU响应超时, 01 04 06 00 00 00 00 00 00
处理结果: 失败
失败原因: 超时, 等待RTU响应超时
发送次数: 1/1
[2026-06-02 17:16:01] [WARN] [MonitorDataTask][QRCode:12008] 指令完成
指令: ReadIdlePurgeAll
请求帧: 01 04 00 1D 00 03 20 0D
响应帧: 超时, 等待RTU响应超时, 01 04 06 00 00 00 00 00 00
处理结果: 失败
失败原因: 超时, 等待RTU响应超时
发送次数: 1/1
[2026-06-02 17:16:01] [WARN] [MonitorDataTask][QRCode:12025] 指令完成
指令: ReadIdlePurgeAll
请求帧: 01 04 00 1D 00 03 20 0D
响应帧: 超时, 等待RTU响应超时, 01 04 06 00 00 00 00 00 00
处理结果: 失败
失败原因: 超时, 等待RTU响应超时
发送次数: 1/1
[2026-06-02 17:16:01] [WARN] [MonitorDataTask][QRCode:12041] 指令完成
指令: ReadIdlePurgeAll
请求帧: 01 04 00 1D 00 03 20 0D
响应帧: 超时, 等待RTU响应超时, 01 04 06 00 00 00 00 00 00
处理结果: 失败
失败原因: 超时, 等待RTU响应超时
发送次数: 1/1
[2026-06-02 17:16:01] [WARN] [MonitorDataTask][QRCode:12079] 指令完成
指令: ReadIdlePurgeAll
请求帧: 01 04 00 1D 00 03 20 0D
响应帧: 超时, 等待RTU响应超时, 01 04 06 00 00 00 00 00 00
处理结果: 失败
失败原因: 超时, 等待RTU响应超时
发送次数: 1/1
[2026-06-02 17:16:01] [WARN] [MonitorDataTask][QRCode:12019] 指令完成
指令: ReadIdlePurgeAll
请求帧: 01 04 00 1D 00 03 20 0D
响应帧: 超时, 等待RTU响应超时, 01 04 06 00 00 00 00 00 00
处理结果: 失败
失败原因: 超时, 等待RTU响应超时
发送次数: 1/1
[2026-06-02 17:16:01] [WARN] [MonitorDataTask][QRCode:12023] 指令完成
指令: ReadIdlePurgeAll
请求帧: 01 04 00 1D 00 03 20 0D
响应帧: 超时, 等待RTU响应超时, 01 04 06 00 00 00 00 00 00
处理结果: 失败
失败原因: 超时, 等待RTU响应超时
发送次数: 1/1
[2026-06-02 17:16:01] [WARN] [MonitorDataTask][QRCode:12026] 指令完成
指令: ReadIdlePurgeAll
请求帧: 01 04 00 1D 00 03 20 0D
响应帧: 超时, 等待RTU响应超时, 01 04 06 00 00 00 00 00 00
处理结果: 失败
失败原因: 超时, 等待RTU响应超时
发送次数: 1/1
[2026-06-02 17:16:01] [WARN] [MonitorDataTask][QRCode:12058] 指令完成
指令: ReadIdlePurgeAll
请求帧: 01 04 00 1D 00 03 20 0D
响应帧: 超时, 等待RTU响应超时, 01 04 06 00 00 00 00 00 00
处理结果: 失败
失败原因: 超时, 等待RTU响应超时
发送次数: 1/1
[2026-06-02 17:16:01] [WARN] [MonitorDataTask][QRCode:12033] 指令完成
指令: ReadIdlePurgeAll
请求帧: 01 04 00 1D 00 03 20 0D
响应帧: 超时, 等待RTU响应超时, 01 04 06 00 00 00 00 00 00
处理结果: 失败
失败原因: 超时, 等待RTU响应超时
发送次数: 1/1
[2026-06-02 17:16:02] [WARN] [MonitorDataTask][QRCode:12065] 指令完成
指令: ReadIdlePurgeAll
请求帧: 01 04 00 1D 00 03 20 0D
响应帧: 超时, 等待RTU响应超时, 01 04 06 00 00 00 00 00 00
处理结果: 失败
失败原因: 超时, 等待RTU响应超时
发送次数: 1/1
[2026-06-02 17:16:02] [WARN] [MonitorDataTask][QRCode:12067] 指令完成
指令: ReadIdlePurgeAll
请求帧: 01 04 00 1D 00 03 20 0D
响应帧: 超时, 等待RTU响应超时, 01 04 06 00 00 00 00 00 00
处理结果: 失败
失败原因: 超时, 等待RTU响应超时
发送次数: 1/1
[2026-06-02 17:16:02] [WARN] [MonitorDataTask][QRCode:12010] 指令完成
指令: ReadIdlePurgeAll
请求帧: 01 04 00 1D 00 03 20 0D
响应帧: 超时, 等待RTU响应超时, 01 04 06 00 00 00 00 00 00
处理结果: 失败
失败原因: 超时, 等待RTU响应超时
发送次数: 1/1
[2026-06-02 17:16:02] [WARN] [MonitorDataTask][QRCode:12077] 指令完成
指令: ReadIdlePurgeAll
请求帧: 01 04 00 1D 00 03 20 0D
响应帧: 超时, 等待RTU响应超时, 01 04 06 00 00 00 00 00 00
处理结果: 失败
失败原因: 超时, 等待RTU响应超时
发送次数: 1/1
[2026-06-02 17:16:02] [WARN] [MonitorDataTask][QRCode:12005] 指令完成
指令: ReadIdlePurgeAll
请求帧: 01 04 00 1D 00 03 20 0D
响应帧: 超时, 等待RTU响应超时, 01 04 06 00 00 00 00 00 00
处理结果: 失败
失败原因: 超时, 等待RTU响应超时
发送次数: 1/1
[2026-06-02 17:16:02] [WARN] [MonitorDataTask][QRCode:12070] 指令完成
指令: ReadIdlePurgeAll
请求帧: 01 04 00 1D 00 03 20 0D
响应帧: 超时, 等待RTU响应超时, 01 04 06 00 00 00 00 00 00
处理结果: 失败
失败原因: 超时, 等待RTU响应超时
发送次数: 1/1
[2026-06-02 17:16:02] [WARN] [MonitorDataTask][QRCode:12016] 指令完成
指令: ReadIdlePurgeAll
请求帧: 01 04 00 1D 00 03 20 0D
响应帧: 超时, 等待RTU响应超时, 01 04 06 00 00 00 00 00 00
处理结果: 失败
失败原因: 超时, 等待RTU响应超时
发送次数: 1/1
[2026-06-02 17:16:02] [WARN] [MonitorDataTask][QRCode:12072] 指令完成
指令: ReadIdlePurgeAll
请求帧: 01 04 00 1D 00 03 20 0D
响应帧: 超时, 等待RTU响应超时, 01 04 06 00 00 00 00 00 00
处理结果: 失败
失败原因: 超时, 等待RTU响应超时
发送次数: 1/1
[2026-06-02 17:16:02] [WARN] [MonitorDataTask][QRCode:12066] 指令完成
指令: ReadIdlePurgeAll
请求帧: 01 04 00 1D 00 03 20 0D
响应帧: 超时, 等待RTU响应超时, 01 04 06 00 00 00 00 00 00
处理结果: 失败
失败原因: 超时, 等待RTU响应超时
发送次数: 1/1
[2026-06-02 17:16:02] [WARN] [MonitorDataTask][QRCode:12020] 指令完成
指令: ReadIdlePurgeAll
请求帧: 01 04 00 1D 00 03 20 0D
响应帧: 超时, 等待RTU响应超时, 01 04 06 00 00 00 00 00 00
处理结果: 失败
失败原因: 超时, 等待RTU响应超时
发送次数: 1/1
[2026-06-02 17:16:02] [WARN] [MonitorDataTask][QRCode:12030] 指令完成
指令: ReadIdlePurgeAll
请求帧: 01 04 00 1D 00 03 20 0D
响应帧: 超时, 等待RTU响应超时, 01 04 06 00 00 00 00 00 00
处理结果: 失败
失败原因: 超时, 等待RTU响应超时
发送次数: 1/1
[2026-06-02 17:16:02] [WARN] [MonitorDataTask][QRCode:12063] 指令完成
指令: ReadIdlePurgeAll
请求帧: 01 04 00 1D 00 03 20 0D
响应帧: 超时, 等待RTU响应超时, 01 04 06 00 00 00 00 00 00
处理结果: 失败
失败原因: 超时, 等待RTU响应超时
发送次数: 1/1
[2026-06-02 17:16:02] [WARN] [MonitorDataTask][QRCode:12028] 指令完成
指令: ReadIdlePurgeAll
请求帧: 01 04 00 1D 00 03 20 0D
响应帧: 超时, 等待RTU响应超时, 01 04 06 00 00 00 00 00 00
处理结果: 失败
失败原因: 超时, 等待RTU响应超时
发送次数: 1/1
[2026-06-02 17:16:02] [WARN] [MonitorDataTask][QRCode:12034] 指令完成
指令: ReadIdlePurgeAll
请求帧: 01 04 00 1D 00 03 20 0D
响应帧: 超时, 等待RTU响应超时, 01 04 06 00 00 00 00 00 00
处理结果: 失败
失败原因: 超时, 等待RTU响应超时
发送次数: 1/1
[2026-06-02 17:16:02] [WARN] [MonitorDataTask][QRCode:12056] 指令完成
指令: ReadIdlePurgeAll
请求帧: 01 04 00 1D 00 03 20 0D
响应帧: 超时, 等待RTU响应超时, 01 04 06 00 00 00 00 00 00
处理结果: 失败
失败原因: 超时, 等待RTU响应超时
发送次数: 1/1
[2026-06-02 17:16:02] [WARN] [MonitorDataTask][QRCode:12014] 指令完成
指令: ReadIdlePurgeAll
请求帧: 01 04 00 1D 00 03 20 0D
响应帧: 超时, 等待RTU响应超时, 01 04 06 00 00 00 00 00 00
处理结果: 失败
失败原因: 超时, 等待RTU响应超时
发送次数: 1/1
[2026-06-02 17:16:02] [WARN] [MonitorDataTask][QRCode:12075] 指令完成
指令: ReadIdlePurgeAll
请求帧: 01 04 00 1D 00 03 20 0D
响应帧: 超时, 等待RTU响应超时, 01 04 06 00 00 00 00 00 00
处理结果: 失败
失败原因: 超时, 等待RTU响应超时
发送次数: 1/1
[2026-06-02 17:16:02] [WARN] [MonitorDataTask][QRCode:12002] 指令完成
指令: ReadIdlePurgeAll
请求帧: 01 04 00 1D 00 03 20 0D
响应帧: 超时, 等待RTU响应超时, 01 04 06 00 00 00 00 00 00
处理结果: 失败
失败原因: 超时, 等待RTU响应超时
发送次数: 1/1
[2026-06-02 17:16:02] [WARN] [MonitorDataTask][QRCode:12047] 指令完成
指令: ReadIdlePurgeAll
请求帧: 01 04 00 1D 00 03 20 0D
响应帧: 超时, 等待RTU响应超时, 01 04 06 00 00 00 00 00 00
处理结果: 失败
失败原因: 超时, 等待RTU响应超时
发送次数: 1/1
[2026-06-02 17:16:02] [WARN] [MonitorDataTask][QRCode:12051] 指令完成
指令: ReadIdlePurgeAll
请求帧: 01 04 00 1D 00 03 20 0D
响应帧: 超时, 等待RTU响应超时, 01 04 06 00 00 00 00 00 00
处理结果: 失败
失败原因: 超时, 等待RTU响应超时
发送次数: 1/1
[2026-06-02 17:16:02] [WARN] [MonitorDataTask][QRCode:12078] 指令完成
指令: ReadIdlePurgeAll
请求帧: 01 04 00 1D 00 03 20 0D
响应帧: 超时, 等待RTU响应超时, 01 04 06 00 00 00 00 00 00
处理结果: 失败
失败原因: 超时, 等待RTU响应超时
发送次数: 1/1
[2026-06-02 17:16:02] [WARN] [MonitorDataTask][QRCode:12060] 指令完成
指令: ReadIdlePurgeAll
请求帧: 01 04 00 1D 00 03 20 0D
响应帧: 超时, 等待RTU响应超时, 01 04 06 00 00 00 00 00 00
处理结果: 失败
失败原因: 超时, 等待RTU响应超时
发送次数: 1/1
[2026-06-02 17:16:02] [WARN] [MonitorDataTask][QRCode:12003] 指令完成
指令: ReadIdlePurgeAll
请求帧: 01 04 00 1D 00 03 20 0D
响应帧: 超时, 等待RTU响应超时, 01 04 06 00 00 00 00 00 00
处理结果: 失败
失败原因: 超时, 等待RTU响应超时
发送次数: 1/1
[2026-06-02 17:16:02] [WARN] [MonitorDataTask][QRCode:12029] 指令完成
指令: ReadIdlePurgeAll
请求帧: 01 04 00 1D 00 03 20 0D
响应帧: 超时, 等待RTU响应超时, 01 04 06 00 00 00 00 00 00
处理结果: 失败
失败原因: 超时, 等待RTU响应超时
发送次数: 1/1
[2026-06-02 17:16:02] [WARN] [MonitorDataTask][QRCode:12017] 指令完成
指令: ReadIdlePurgeAll
请求帧: 01 04 00 1D 00 03 20 0D
响应帧: 超时, 等待RTU响应超时, 01 04 06 00 00 00 00 00 00
处理结果: 失败
失败原因: 超时, 等待RTU响应超时
发送次数: 1/1
[2026-06-02 17:16:02] [WARN] [MonitorDataTask][QRCode:12001] 指令完成
指令: ReadIdlePurgeAll
请求帧: 01 04 00 1D 00 03 20 0D
响应帧: 超时, 等待RTU响应超时, 01 04 06 00 00 00 00 00 00
处理结果: 失败
失败原因: 超时, 等待RTU响应超时
发送次数: 1/1
[2026-06-02 17:16:02] [WARN] [MonitorDataTask][QRCode:12064] 指令完成
指令: ReadIdlePurgeAll
请求帧: 01 04 00 1D 00 03 20 0D
响应帧: 超时, 等待RTU响应超时, 01 04 06 00 00 00 00 00 00
处理结果: 失败
失败原因: 超时, 等待RTU响应超时
发送次数: 1/1
[2026-06-02 17:16:02] [WARN] [MonitorDataTask][QRCode:12021] 指令完成
指令: ReadIdlePurgeAll
请求帧: 01 04 00 1D 00 03 20 0D
响应帧: 超时, 等待RTU响应超时, 01 04 06 00 00 00 00 00 00
处理结果: 失败
失败原因: 超时, 等待RTU响应超时
发送次数: 1/1
[2026-06-02 17:16:02] [WARN] [MonitorDataTask][QRCode:12009] 指令完成
指令: ReadIdlePurgeAll
请求帧: 01 04 00 1D 00 03 20 0D
响应帧: 超时, 等待RTU响应超时, 01 04 06 00 00 00 00 00 00
处理结果: 失败
失败原因: 超时, 等待RTU响应超时
发送次数: 1/1
[2026-06-02 17:16:02] [WARN] [MonitorDataTask][QRCode:12022] 指令完成
指令: ReadIdlePurgeAll
请求帧: 01 04 00 1D 00 03 20 0D
响应帧: 超时, 等待RTU响应超时, 01 04 06 00 00 00 00 00 00
处理结果: 失败
失败原因: 超时, 等待RTU响应超时
发送次数: 1/1
[2026-06-02 17:16:02] [WARN] [MonitorDataTask][QRCode:12006] 指令完成
指令: ReadIdlePurgeAll
请求帧: 01 04 00 1D 00 03 20 0D
响应帧: 超时, 等待RTU响应超时, 01 04 06 00 00 00 00 00 00
处理结果: 失败
失败原因: 超时, 等待RTU响应超时
发送次数: 1/1
[2026-06-02 17:16:02] [WARN] [MonitorDataTask][QRCode:12069] 指令完成
指令: ReadIdlePurgeAll
请求帧: 01 04 00 1D 00 03 20 0D
响应帧: 超时, 等待RTU响应超时, 01 04 06 00 00 00 00 00 00
处理结果: 失败
失败原因: 超时, 等待RTU响应超时
发送次数: 1/1
[2026-06-02 17:16:02] [WARN] [MonitorDataTask][QRCode:12059] 指令完成
指令: ReadIdlePurgeAll
请求帧: 01 04 00 1D 00 03 20 0D
响应帧: 超时, 等待RTU响应超时, 01 04 06 00 00 00 00 00 00
处理结果: 失败
失败原因: 超时, 等待RTU响应超时
发送次数: 1/1
[2026-06-02 17:16:02] [WARN] [MonitorDataTask][QRCode:12036] 指令完成
指令: ReadIdlePurgeAll
请求帧: 01 04 00 1D 00 03 20 0D
响应帧: 超时, 等待RTU响应超时, 01 04 06 00 00 00 00 00 00
处理结果: 失败
失败原因: 超时, 等待RTU响应超时
发送次数: 1/1
[2026-06-02 17:16:02] [WARN] [MonitorDataTask][QRCode:12048] 指令完成
指令: ReadIdlePurgeAll
请求帧: 01 04 00 1D 00 03 20 0D
响应帧: 超时, 等待RTU响应超时, 01 04 06 00 00 00 00 00 00
处理结果: 失败
失败原因: 超时, 等待RTU响应超时
发送次数: 1/1
[2026-06-02 17:16:02] [WARN] [MonitorDataTask][QRCode:12042] 指令完成
指令: ReadIdlePurgeAll
请求帧: 01 04 00 1D 00 03 20 0D
响应帧: 超时, 等待RTU响应超时, 01 04 06 00 00 00 00 00 00
处理结果: 失败
失败原因: 超时, 等待RTU响应超时
发送次数: 1/1
[2026-06-02 17:16:02] [WARN] [MonitorDataTask][QRCode:12007] 指令完成
指令: ReadIdlePurgeAll
请求帧: 01 04 00 1D 00 03 20 0D
响应帧: 超时, 等待RTU响应超时, 01 04 06 00 00 00 00 00 00
处理结果: 失败
失败原因: 超时, 等待RTU响应超时
发送次数: 1/1
[2026-06-02 17:16:02] [WARN] [MonitorDataTask][QRCode:12038] 指令完成
指令: ReadIdlePurgeAll
请求帧: 01 04 00 1D 00 03 20 0D
响应帧: 超时, 等待RTU响应超时, 01 04 06 00 00 00 00 00 00
处理结果: 失败
失败原因: 超时, 等待RTU响应超时
发送次数: 1/1
[2026-06-02 17:16:02] [WARN] [MonitorDataTask][QRCode:12018] 指令完成
指令: ReadIdlePurgeAll
请求帧: 01 04 00 1D 00 03 20 0D
响应帧: 超时, 等待RTU响应超时, 01 04 06 00 00 00 00 00 00
处理结果: 失败
失败原因: 超时, 等待RTU响应超时
发送次数: 1/1
[2026-06-02 17:16:02] [WARN] [MonitorDataTask][QRCode:12039] 指令完成
指令: ReadIdlePurgeAll
请求帧: 01 04 00 1D 00 03 20 0D
响应帧: 超时, 等待RTU响应超时, 01 04 06 00 00 00 00 00 00
处理结果: 失败
失败原因: 超时, 等待RTU响应超时
发送次数: 1/1
[2026-06-02 17:16:02] [WARN] [MonitorDataTask][QRCode:12050] 指令完成
指令: ReadIdlePurgeAll
请求帧: 01 04 00 1D 00 03 20 0D
响应帧: 超时, 等待RTU响应超时, 01 04 06 00 00 00 00 00 00
处理结果: 失败
失败原因: 超时, 等待RTU响应超时
发送次数: 1/1
[2026-06-02 17:16:03] [WARN] [MonitorDataTask][QRCode:12062] 指令完成
指令: ReadIdlePurgeAll
请求帧: 01 04 00 1D 00 03 20 0D
响应帧: 超时, 等待RTU响应超时, 01 04 06 00 00 00 00 00 00
处理结果: 失败
失败原因: 超时, 等待RTU响应超时
发送次数: 1/1
[2026-06-02 17:16:03] [WARN] [MonitorDataTask][QRCode:12040] 指令完成
指令: ReadIdlePurgeAll
请求帧: 01 04 00 1D 00 03 20 0D
响应帧: 超时, 等待RTU响应超时, 01 04 06 00 00 00 00 00 00
处理结果: 失败
失败原因: 超时, 等待RTU响应超时
发送次数: 1/1
[2026-06-02 17:16:03] [WARN] [MonitorDataTask][QRCode:12015] 指令完成
指令: ReadIdlePurgeAll
请求帧: 01 04 00 1D 00 03 20 0D
响应帧: 超时, 等待RTU响应超时, 01 04 06 00 00 00 00 00 00
处理结果: 失败
失败原因: 超时, 等待RTU响应超时
发送次数: 1/1
[2026-06-02 17:16:03] [WARN] [MonitorDataTask][QRCode:12035] 指令完成
指令: ReadIdlePurgeAll
请求帧: 01 04 00 1D 00 03 20 0D
响应帧: 超时, 等待RTU响应超时, 01 04 06 00 00 00 00 00 00
处理结果: 失败
失败原因: 超时, 等待RTU响应超时
发送次数: 1/1
[2026-06-02 17:16:03] [WARN] [MonitorDataTask][QRCode:12052] 指令完成
指令: ReadIdlePurgeAll
请求帧: 01 04 00 1D 00 03 20 0D
响应帧: 超时, 等待RTU响应超时, 01 04 06 00 00 00 00 00 00
处理结果: 失败
失败原因: 超时, 等待RTU响应超时
发送次数: 1/1
[2026-06-02 17:16:03] [WARN] [MonitorDataTask][QRCode:12043] 指令完成
指令: ReadIdlePurgeAll
请求帧: 01 04 00 1D 00 03 20 0D
响应帧: 超时, 等待RTU响应超时, 01 04 06 00 00 00 00 00 00
处理结果: 失败
失败原因: 超时, 等待RTU响应超时
发送次数: 1/1
[2026-06-02 17:16:03] [WARN] [MonitorDataTask][QRCode:12076] 指令完成
指令: ReadIdlePurgeAll
请求帧: 01 04 00 1D 00 03 20 0D
响应帧: 超时, 等待RTU响应超时, 01 04 06 00 00 00 00 00 00
处理结果: 失败
失败原因: 超时, 等待RTU响应超时
发送次数: 1/1
[2026-06-02 17:16:03] [WARN] [MonitorDataTask][QRCode:12068] 指令完成
指令: ReadIdlePurgeAll
请求帧: 01 04 00 1D 00 03 20 0D
响应帧: 超时, 等待RTU响应超时, 01 04 06 00 00 00 00 00 00
处理结果: 失败
失败原因: 超时, 等待RTU响应超时
发送次数: 1/1
[2026-06-02 17:16:03] [WARN] [MonitorDataTask][QRCode:12012] 指令完成
指令: ReadIdlePurgeAll
请求帧: 01 04 00 1D 00 03 20 0D
响应帧: 超时, 等待RTU响应超时, 01 04 06 00 00 00 00 00 00
处理结果: 失败
失败原因: 超时, 等待RTU响应超时
发送次数: 1/1
[2026-06-02 17:16:03] [WARN] [MonitorDataTask][QRCode:12061] 指令完成
指令: ReadIdlePurgeAll
请求帧: 01 04 00 1D 00 03 20 0D
响应帧: 超时, 等待RTU响应超时, 01 04 06 00 00 00 00 00 00
处理结果: 失败
失败原因: 超时, 等待RTU响应超时
发送次数: 1/1
[2026-06-02 17:16:03] [WARN] [MonitorDataTask][QRCode:12057] 指令完成
指令: ReadIdlePurgeAll
请求帧: 01 04 00 1D 00 03 20 0D
响应帧: 超时, 等待RTU响应超时, 01 04 06 00 00 00 00 00 00
处理结果: 失败
失败原因: 超时, 等待RTU响应超时
发送次数: 1/1
[2026-06-02 17:16:03] [WARN] [MonitorDataTask][QRCode:12049] 指令完成
指令: ReadIdlePurgeAll
请求帧: 01 04 00 1D 00 03 20 0D
响应帧: 超时, 等待RTU响应超时, 01 04 06 00 00 00 00 00 00
处理结果: 失败
失败原因: 超时, 等待RTU响应超时
发送次数: 1/1
[2026-06-02 17:16:03] [WARN] [MonitorDataTask][QRCode:12024] 指令完成
指令: ReadIdlePurgeAll
请求帧: 01 04 00 1D 00 03 20 0D
响应帧: 超时, 等待RTU响应超时, 01 04 06 00 00 00 00 00 00
处理结果: 失败
失败原因: 超时, 等待RTU响应超时
发送次数: 1/1
[2026-06-02 17:16:03] [WARN] [MonitorDataTask][QRCode:12080] 指令完成
指令: ReadIdlePurgeAll
请求帧: 01 04 00 1D 00 03 20 0D
响应帧: 超时, 等待RTU响应超时, 01 04 06 00 00 00 00 00 00
处理结果: 失败
失败原因: 超时, 等待RTU响应超时
发送次数: 1/1
[2026-06-02 17:16:03] [WARN] [MonitorDataTask][QRCode:12013] 指令完成
指令: ReadIdlePurgeAll
请求帧: 01 04 00 1D 00 03 20 0D
响应帧: 超时, 等待RTU响应超时, 01 04 06 00 00 00 00 00 00
处理结果: 失败
失败原因: 超时, 等待RTU响应超时
发送次数: 1/1
[2026-06-02 17:16:03] [WARN] [MonitorDataTask][QRCode:12004] 指令完成
指令: ReadIdlePurgeAll
请求帧: 01 04 00 1D 00 03 20 0D
响应帧: 超时, 等待RTU响应超时, 01 04 06 00 00 00 00 00 00
处理结果: 失败
失败原因: 超时, 等待RTU响应超时
发送次数: 1/1
[2026-06-02 17:16:03] [WARN] [MonitorDataTask][QRCode:12071] 指令完成
指令: ReadIdlePurgeAll
请求帧: 01 04 00 1D 00 03 20 0D
响应帧: 超时, 等待RTU响应超时, 01 04 06 00 00 00 00 00 00
处理结果: 失败
失败原因: 超时, 等待RTU响应超时
发送次数: 1/1
[2026-06-02 17:16:03] [WARN] [MonitorDataTask][QRCode:12074] 指令完成
指令: ReadIdlePurgeAll
请求帧: 01 04 00 1D 00 03 20 0D
响应帧: 超时, 等待RTU响应超时, 01 04 06 00 00 00 00 00 00
处理结果: 失败
失败原因: 超时, 等待RTU响应超时
发送次数: 1/1
[2026-06-02 17:16:03] [WARN] [MonitorDataTask][QRCode:12011] 指令完成
指令: ReadIdlePurgeAll
请求帧: 01 04 00 1D 00 03 20 0D
响应帧: 超时, 等待RTU响应超时, 01 04 06 00 00 00 00 00 00
处理结果: 失败
失败原因: 超时, 等待RTU响应超时
发送次数: 1/1
[2026-06-02 17:16:03] [WARN] [MonitorDataTask][QRCode:12055] 指令完成
指令: ReadIdlePurgeAll
请求帧: 01 04 00 1D 00 03 20 0D
响应帧: 超时, 等待RTU响应超时, 01 04 06 00 00 00 00 00 00
处理结果: 失败
失败原因: 超时, 等待RTU响应超时
发送次数: 1/1
[2026-06-02 17:16:03] [WARN] [MonitorDataTask][QRCode:12044] 指令完成
指令: ReadIdlePurgeAll
请求帧: 01 04 00 1D 00 03 20 0D
响应帧: 超时, 等待RTU响应超时, 01 04 06 00 00 00 00 00 00
处理结果: 失败
失败原因: 超时, 等待RTU响应超时
发送次数: 1/1
[2026-06-02 17:16:03] [WARN] [MonitorDataTask][QRCode:12073] 指令完成
指令: ReadIdlePurgeAll
请求帧: 01 04 00 1D 00 03 20 0D
响应帧: 超时, 等待RTU响应超时, 01 04 06 00 00 00 00 00 00
处理结果: 失败
失败原因: 超时, 等待RTU响应超时
发送次数: 1/1
[2026-06-02 17:16:03] [WARN] [MonitorDataTask][QRCode:12045] 指令完成
指令: ReadIdlePurgeAll
请求帧: 01 04 00 1D 00 03 20 0D
响应帧: 超时, 等待RTU响应超时, 01 04 06 00 00 00 00 00 00
处理结果: 失败
失败原因: 超时, 等待RTU响应超时
发送次数: 1/1
[2026-06-02 17:16:03] [WARN] [MonitorDataTask][QRCode:12031] 指令完成
指令: ReadIdlePurgeAll
请求帧: 01 04 00 1D 00 03 20 0D
响应帧: 超时, 等待RTU响应超时, 01 04 06 00 00 00 00 00 00
处理结果: 失败
失败原因: 超时, 等待RTU响应超时
发送次数: 1/1
[2026-06-02 17:16:03] [WARN] [MonitorDataTask][QRCode:12054] 指令完成
指令: ReadIdlePurgeAll
请求帧: 01 04 00 1D 00 03 20 0D
响应帧: 超时, 等待RTU响应超时, 01 04 06 00 00 00 00 00 00
处理结果: 失败
失败原因: 超时, 等待RTU响应超时
发送次数: 1/1
[2026-06-02 17:16:03] [WARN] [MonitorDataTask][QRCode:12032] 指令完成
指令: ReadIdlePurgeAll
请求帧: 01 04 00 1D 00 03 20 0D
响应帧: 超时, 等待RTU响应超时, 01 04 06 00 00 00 00 00 00
处理结果: 失败
失败原因: 超时, 等待RTU响应超时
发送次数: 1/1
[2026-06-02 17:16:03] [WARN] [MonitorDataTask][QRCode:12027] 指令完成
指令: ReadIdlePurgeAll
请求帧: 01 04 00 1D 00 03 20 0D
响应帧: 超时, 等待RTU响应超时, 01 04 06 00 00 00 00 00 00
处理结果: 失败
失败原因: 超时, 等待RTU响应超时
发送次数: 1/1
[2026-06-02 17:16:03] [WARN] [MonitorDataTask][QRCode:12037] 指令完成
指令: ReadIdlePurgeAll
请求帧: 01 04 00 1D 00 03 20 0D
响应帧: 超时, 等待RTU响应超时, 01 04 06 00 00 00 00 00 00
处理结果: 失败
失败原因: 超时, 等待RTU响应超时
发送次数: 1/1
[2026-06-02 17:16:03] [WARN] [MonitorDataTask][QRCode:12046] 指令完成
指令: ReadIdlePurgeAll
请求帧: 01 04 00 1D 00 03 20 0D
响应帧: 超时, 等待RTU响应超时, 01 04 06 00 00 00 00 00 00
处理结果: 失败
失败原因: 超时, 等待RTU响应超时
发送次数: 1/1
[2026-06-02 17:16:03] [WARN] [MonitorDataTask][QRCode:12008] 指令完成
指令: ReadIdlePurgeAll
请求帧: 01 04 00 1D 00 03 20 0D
响应帧: 超时, 等待RTU响应超时, 01 04 06 00 00 00 00 00 00
处理结果: 失败
失败原因: 超时, 等待RTU响应超时
发送次数: 1/1
[2026-06-02 17:16:03] [WARN] [MonitorDataTask][QRCode:12053] 指令完成
指令: ReadIdlePurgeAll
请求帧: 01 04 00 1D 00 03 20 0D
响应帧: 超时, 等待RTU响应超时, 01 04 06 00 00 00 00 00 00
处理结果: 失败
失败原因: 超时, 等待RTU响应超时
发送次数: 1/1
[2026-06-02 17:16:03] [WARN] [MonitorDataTask][QRCode:12025] 指令完成
指令: ReadIdlePurgeAll
请求帧: 01 04 00 1D 00 03 20 0D
响应帧: 超时, 等待RTU响应超时, 01 04 06 00 00 00 00 00 00
处理结果: 失败
失败原因: 超时, 等待RTU响应超时
发送次数: 1/1
[2026-06-02 17:16:03] [WARN] [MonitorDataTask][QRCode:12041] 指令完成
指令: ReadIdlePurgeAll
请求帧: 01 04 00 1D 00 03 20 0D
响应帧: 超时, 等待RTU响应超时, 01 04 06 00 00 00 00 00 00
处理结果: 失败
失败原因: 超时, 等待RTU响应超时
发送次数: 1/1
[2026-06-02 17:16:03] [WARN] [MonitorDataTask][QRCode:12079] 指令完成
指令: ReadIdlePurgeAll
请求帧: 01 04 00 1D 00 03 20 0D
响应帧: 超时, 等待RTU响应超时, 01 04 06 00 00 00 00 00 00
处理结果: 失败
失败原因: 超时, 等待RTU响应超时
发送次数: 1/1
[2026-06-02 17:16:03] [WARN] [MonitorDataTask][QRCode:12019] 指令完成
指令: ReadIdlePurgeAll
请求帧: 01 04 00 1D 00 03 20 0D
响应帧: 超时, 等待RTU响应超时, 01 04 06 00 00 00 00 00 00
处理结果: 失败
失败原因: 超时, 等待RTU响应超时
发送次数: 1/1
[2026-06-02 17:16:03] [WARN] [MonitorDataTask][QRCode:12023] 指令完成
指令: ReadIdlePurgeAll
请求帧: 01 04 00 1D 00 03 20 0D
响应帧: 超时, 等待RTU响应超时, 01 04 06 00 00 00 00 00 00
处理结果: 失败
失败原因: 超时, 等待RTU响应超时
发送次数: 1/1
[2026-06-02 17:16:03] [WARN] [MonitorDataTask][QRCode:12058] 指令完成
指令: ReadIdlePurgeAll
请求帧: 01 04 00 1D 00 03 20 0D
响应帧: 超时, 等待RTU响应超时, 01 04 06 00 00 00 00 00 00
处理结果: 失败
失败原因: 超时, 等待RTU响应超时
发送次数: 1/1
[2026-06-02 17:16:03] [WARN] [MonitorDataTask][QRCode:12026] 指令完成
指令: ReadIdlePurgeAll
请求帧: 01 04 00 1D 00 03 20 0D
响应帧: 超时, 等待RTU响应超时, 01 04 06 00 00 00 00 00 00
处理结果: 失败
失败原因: 超时, 等待RTU响应超时
发送次数: 1/1
[2026-06-02 17:16:03] [WARN] [MonitorDataTask][QRCode:12033] 指令完成
指令: ReadIdlePurgeAll
请求帧: 01 04 00 1D 00 03 20 0D
响应帧: 超时, 等待RTU响应超时, 01 04 06 00 00 00 00 00 00
处理结果: 失败
失败原因: 超时, 等待RTU响应超时
发送次数: 1/1
[2026-06-02 17:16:03] [WARN] [MonitorDataTask][QRCode:12010] 指令完成
指令: ReadIdlePurgeAll
请求帧: 01 04 00 1D 00 03 20 0D
响应帧: 超时, 等待RTU响应超时, 01 04 06 00 00 00 00 00 00
处理结果: 失败
失败原因: 超时, 等待RTU响应超时
发送次数: 1/1
[2026-06-02 17:16:03] [WARN] [MonitorDataTask][QRCode:12065] 指令完成
指令: ReadIdlePurgeAll
请求帧: 01 04 00 1D 00 03 20 0D
响应帧: 超时, 等待RTU响应超时, 01 04 06 00 00 00 00 00 00
处理结果: 失败
失败原因: 超时, 等待RTU响应超时
发送次数: 1/1
[2026-06-02 17:16:03] [WARN] [MonitorDataTask][QRCode:12077] 指令完成
指令: ReadIdlePurgeAll
请求帧: 01 04 00 1D 00 03 20 0D
响应帧: 超时, 等待RTU响应超时, 01 04 06 00 00 00 00 00 00
处理结果: 失败
失败原因: 超时, 等待RTU响应超时
发送次数: 1/1
[2026-06-02 17:16:03] [WARN] [MonitorDataTask][QRCode:12067] 指令完成
指令: ReadIdlePurgeAll
请求帧: 01 04 00 1D 00 03 20 0D
响应帧: 超时, 等待RTU响应超时, 01 04 06 00 00 00 00 00 00
处理结果: 失败
失败原因: 超时, 等待RTU响应超时
发送次数: 1/1
[2026-06-02 17:16:03] [WARN] [MonitorDataTask][QRCode:12005] 指令完成
指令: ReadIdlePurgeAll
请求帧: 01 04 00 1D 00 03 20 0D
响应帧: 超时, 等待RTU响应超时, 01 04 06 00 00 00 00 00 00
处理结果: 失败
失败原因: 超时, 等待RTU响应超时
发送次数: 1/1
[2026-06-02 17:16:03] [WARN] [MonitorDataTask][QRCode:12070] 指令完成
指令: ReadIdlePurgeAll
请求帧: 01 04 00 1D 00 03 20 0D
响应帧: 超时, 等待RTU响应超时, 01 04 06 00 00 00 00 00 00
处理结果: 失败
失败原因: 超时, 等待RTU响应超时
发送次数: 1/1
[2026-06-02 17:16:03] [WARN] [MonitorDataTask][QRCode:12016] 指令完成
指令: ReadIdlePurgeAll
请求帧: 01 04 00 1D 00 03 20 0D
响应帧: 超时, 等待RTU响应超时, 01 04 06 00 00 00 00 00 00
处理结果: 失败
失败原因: 超时, 等待RTU响应超时
发送次数: 1/1
[2026-06-02 17:16:03] [WARN] [MonitorDataTask][QRCode:12066] 指令完成
指令: ReadIdlePurgeAll
请求帧: 01 04 00 1D 00 03 20 0D
响应帧: 超时, 等待RTU响应超时, 01 04 06 00 00 00 00 00 00
处理结果: 失败
失败原因: 超时, 等待RTU响应超时
发送次数: 1/1
[2026-06-02 17:16:03] [WARN] [MonitorDataTask][QRCode:12072] 指令完成
指令: ReadIdlePurgeAll
请求帧: 01 04 00 1D 00 03 20 0D
响应帧: 超时, 等待RTU响应超时, 01 04 06 00 00 00 00 00 00
处理结果: 失败
失败原因: 超时, 等待RTU响应超时
发送次数: 1/1
[2026-06-02 17:16:03] [WARN] [MonitorDataTask][QRCode:12020] 指令完成
指令: ReadIdlePurgeAll
请求帧: 01 04 00 1D 00 03 20 0D
响应帧: 超时, 等待RTU响应超时, 01 04 06 00 00 00 00 00 00
处理结果: 失败
失败原因: 超时, 等待RTU响应超时
发送次数: 1/1
[2026-06-02 17:16:04] [WARN] [MonitorDataTask][QRCode:12063] 指令完成
指令: ReadIdlePurgeAll
请求帧: 01 04 00 1D 00 03 20 0D
响应帧: 超时, 等待RTU响应超时, 01 04 06 00 00 00 00 00 00
处理结果: 失败
失败原因: 超时, 等待RTU响应超时
发送次数: 1/1
[2026-06-02 17:16:04] [WARN] [MonitorDataTask][QRCode:12030] 指令完成
指令: ReadIdlePurgeAll
请求帧: 01 04 00 1D 00 03 20 0D
响应帧: 超时, 等待RTU响应超时, 01 04 06 00 00 00 00 00 00
处理结果: 失败
失败原因: 超时, 等待RTU响应超时
发送次数: 1/1
[2026-06-02 17:16:04] [WARN] [MonitorDataTask][QRCode:12028] 指令完成
指令: ReadIdlePurgeAll
请求帧: 01 04 00 1D 00 03 20 0D
响应帧: 超时, 等待RTU响应超时, 01 04 06 00 00 00 00 00 00
处理结果: 失败
失败原因: 超时, 等待RTU响应超时
发送次数: 1/1
[2026-06-02 17:16:04] [WARN] [MonitorDataTask][QRCode:12034] 指令完成
指令: ReadIdlePurgeAll
请求帧: 01 04 00 1D 00 03 20 0D
响应帧: 超时, 等待RTU响应超时, 01 04 06 00 00 00 00 00 00
处理结果: 失败
失败原因: 超时, 等待RTU响应超时
发送次数: 1/1
[2026-06-02 17:16:04] [WARN] [MonitorDataTask][QRCode:12056] 指令完成
指令: ReadIdlePurgeAll
请求帧: 01 04 00 1D 00 03 20 0D
响应帧: 超时, 等待RTU响应超时, 01 04 06 00 00 00 00 00 00
处理结果: 失败
失败原因: 超时, 等待RTU响应超时
发送次数: 1/1
[2026-06-02 17:16:04] [WARN] [MonitorDataTask][QRCode:12014] 指令完成
指令: ReadIdlePurgeAll
请求帧: 01 04 00 1D 00 03 20 0D
响应帧: 超时, 等待RTU响应超时, 01 04 06 00 00 00 00 00 00
处理结果: 失败
失败原因: 超时, 等待RTU响应超时
发送次数: 1/1
[2026-06-02 17:16:04] [WARN] [MonitorDataTask][QRCode:12075] 指令完成
指令: ReadIdlePurgeAll
请求帧: 01 04 00 1D 00 03 20 0D
响应帧: 超时, 等待RTU响应超时, 01 04 06 00 00 00 00 00 00
处理结果: 失败
失败原因: 超时, 等待RTU响应超时
发送次数: 1/1
[2026-06-02 17:16:04] [WARN] [MonitorDataTask][QRCode:12002] 指令完成
指令: ReadIdlePurgeAll
请求帧: 01 04 00 1D 00 03 20 0D
响应帧: 超时, 等待RTU响应超时, 01 04 06 00 00 00 00 00 00
处理结果: 失败
失败原因: 超时, 等待RTU响应超时
发送次数: 1/1
[2026-06-02 17:16:04] [WARN] [MonitorDataTask][QRCode:12047] 指令完成
指令: ReadIdlePurgeAll
请求帧: 01 04 00 1D 00 03 20 0D
响应帧: 超时, 等待RTU响应超时, 01 04 06 00 00 00 00 00 00
处理结果: 失败
失败原因: 超时, 等待RTU响应超时
发送次数: 1/1
[2026-06-02 17:16:04] [WARN] [MonitorDataTask][QRCode:12051] 指令完成
指令: ReadIdlePurgeAll
请求帧: 01 04 00 1D 00 03 20 0D
响应帧: 超时, 等待RTU响应超时, 01 04 06 00 00 00 00 00 00
处理结果: 失败
失败原因: 超时, 等待RTU响应超时
发送次数: 1/1
[2026-06-02 17:16:04] [WARN] [MonitorDataTask][QRCode:12078] 指令完成
指令: ReadIdlePurgeAll
请求帧: 01 04 00 1D 00 03 20 0D
响应帧: 超时, 等待RTU响应超时, 01 04 06 00 00 00 00 00 00
处理结果: 失败
失败原因: 超时, 等待RTU响应超时
发送次数: 1/1
[2026-06-02 17:16:04] [WARN] [MonitorDataTask][QRCode:12009] 指令完成
指令: ReadIdlePurgeAll
请求帧: 01 04 00 1D 00 03 20 0D
响应帧: 超时, 等待RTU响应超时, 01 04 06 00 00 00 00 00 00
处理结果: 失败
失败原因: 超时, 等待RTU响应超时
发送次数: 1/1
[2026-06-02 17:16:04] [WARN] [MonitorDataTask][QRCode:12017] 指令完成
指令: ReadIdlePurgeAll
请求帧: 01 04 00 1D 00 03 20 0D
响应帧: 超时, 等待RTU响应超时, 01 04 06 00 00 00 00 00 00
处理结果: 失败
失败原因: 超时, 等待RTU响应超时
发送次数: 1/1
[2026-06-02 17:16:04] [WARN] [MonitorDataTask][QRCode:12064] 指令完成
指令: ReadIdlePurgeAll
请求帧: 01 04 00 1D 00 03 20 0D
响应帧: 超时, 等待RTU响应超时, 01 04 06 00 00 00 00 00 00
处理结果: 失败
失败原因: 超时, 等待RTU响应超时
发送次数: 1/1
[2026-06-02 17:16:04] [WARN] [MonitorDataTask][QRCode:12060] 指令完成
指令: ReadIdlePurgeAll
请求帧: 01 04 00 1D 00 03 20 0D
响应帧: 超时, 等待RTU响应超时, 01 04 06 00 00 00 00 00 00
处理结果: 失败
失败原因: 超时, 等待RTU响应超时
发送次数: 1/1
[2026-06-02 17:16:04] [WARN] [MonitorDataTask][QRCode:12003] 指令完成
指令: ReadIdlePurgeAll
请求帧: 01 04 00 1D 00 03 20 0D
响应帧: 超时, 等待RTU响应超时, 01 04 06 00 00 00 00 00 00
处理结果: 失败
失败原因: 超时, 等待RTU响应超时
发送次数: 1/1
[2026-06-02 17:16:04] [WARN] [MonitorDataTask][QRCode:12021] 指令完成
指令: ReadIdlePurgeAll
请求帧: 01 04 00 1D 00 03 20 0D
响应帧: 超时, 等待RTU响应超时, 01 04 06 00 00 00 00 00 00
处理结果: 失败
失败原因: 超时, 等待RTU响应超时
发送次数: 1/1
[2026-06-02 17:16:04] [WARN] [MonitorDataTask][QRCode:12001] 指令完成
指令: ReadIdlePurgeAll
请求帧: 01 04 00 1D 00 03 20 0D
响应帧: 超时, 等待RTU响应超时, 01 04 06 00 00 00 00 00 00
处理结果: 失败
失败原因: 超时, 等待RTU响应超时
发送次数: 1/1
[2026-06-02 17:16:04] [WARN] [MonitorDataTask][QRCode:12029] 指令完成
指令: ReadIdlePurgeAll
请求帧: 01 04 00 1D 00 03 20 0D
响应帧: 超时, 等待RTU响应超时, 01 04 06 00 00 00 00 00 00
处理结果: 失败
失败原因: 超时, 等待RTU响应超时
发送次数: 1/1
[2026-06-02 17:16:04] [WARN] [MonitorDataTask][QRCode:12022] 指令完成
指令: ReadIdlePurgeAll
请求帧: 01 04 00 1D 00 03 20 0D
响应帧: 超时, 等待RTU响应超时, 01 04 06 00 00 00 00 00 00
处理结果: 失败
失败原因: 超时, 等待RTU响应超时
发送次数: 1/1
[2026-06-02 17:16:04] [WARN] [MonitorDataTask][QRCode:12042] 指令完成
指令: ReadIdlePurgeAll
请求帧: 01 04 00 1D 00 03 20 0D
响应帧: 超时, 等待RTU响应超时, 01 04 06 00 00 00 00 00 00
处理结果: 失败
失败原因: 超时, 等待RTU响应超时
发送次数: 1/1
[2026-06-02 17:16:04] [WARN] [MonitorDataTask][QRCode:12036] 指令完成
指令: ReadIdlePurgeAll
请求帧: 01 04 00 1D 00 03 20 0D
响应帧: 超时, 等待RTU响应超时, 01 04 06 00 00 00 00 00 00
处理结果: 失败
失败原因: 超时, 等待RTU响应超时
发送次数: 1/1
[2026-06-02 17:16:04] [WARN] [MonitorDataTask][QRCode:12069] 指令完成
指令: ReadIdlePurgeAll
请求帧: 01 04 00 1D 00 03 20 0D
响应帧: 超时, 等待RTU响应超时, 01 04 06 00 00 00 00 00 00
处理结果: 失败
失败原因: 超时, 等待RTU响应超时
发送次数: 1/1
[2026-06-02 17:16:04] [WARN] [MonitorDataTask][QRCode:12059] 指令完成
指令: ReadIdlePurgeAll
请求帧: 01 04 00 1D 00 03 20 0D
响应帧: 超时, 等待RTU响应超时, 01 04 06 00 00 00 00 00 00
处理结果: 失败
失败原因: 超时, 等待RTU响应超时
发送次数: 1/1
[2026-06-02 17:16:04] [WARN] [MonitorDataTask][QRCode:12006] 指令完成
指令: ReadIdlePurgeAll
请求帧: 01 04 00 1D 00 03 20 0D
响应帧: 超时, 等待RTU响应超时, 01 04 06 00 00 00 00 00 00
处理结果: 失败
失败原因: 超时, 等待RTU响应超时
发送次数: 1/1
[2026-06-02 17:16:04] [WARN] [MonitorDataTask][QRCode:12048] 指令完成
指令: ReadIdlePurgeAll
请求帧: 01 04 00 1D 00 03 20 0D
响应帧: 超时, 等待RTU响应超时, 01 04 06 00 00 00 00 00 00
处理结果: 失败
失败原因: 超时, 等待RTU响应超时
发送次数: 1/1
[2026-06-02 17:16:04] [WARN] [MonitorDataTask][QRCode:12038] 指令完成
指令: ReadIdlePurgeAll
请求帧: 01 04 00 1D 00 03 20 0D
响应帧: 超时, 等待RTU响应超时, 01 04 06 00 00 00 00 00 00
处理结果: 失败
失败原因: 超时, 等待RTU响应超时
发送次数: 1/1
[2026-06-02 17:16:04] [WARN] [MonitorDataTask][QRCode:12007] 指令完成
指令: ReadIdlePurgeAll
请求帧: 01 04 00 1D 00 03 20 0D
响应帧: 超时, 等待RTU响应超时, 01 04 06 00 00 00 00 00 00
处理结果: 失败
失败原因: 超时, 等待RTU响应超时
发送次数: 1/1
[2026-06-02 17:16:04] [WARN] [MonitorDataTask][QRCode:12018] 指令完成
指令: ReadIdlePurgeAll
请求帧: 01 04 00 1D 00 03 20 0D
响应帧: 超时, 等待RTU响应超时, 01 04 06 00 00 00 00 00 00
处理结果: 失败
失败原因: 超时, 等待RTU响应超时
发送次数: 1/1
[2026-06-02 17:16:04] [WARN] [MonitorDataTask][QRCode:12039] 指令完成
指令: ReadIdlePurgeAll
请求帧: 01 04 00 1D 00 03 20 0D
响应帧: 超时, 等待RTU响应超时, 01 04 06 00 00 00 00 00 00
处理结果: 失败
失败原因: 超时, 等待RTU响应超时
发送次数: 1/1
[2026-06-02 17:16:04] [WARN] [MonitorDataTask][QRCode:12050] 指令完成
指令: ReadIdlePurgeAll
请求帧: 01 04 00 1D 00 03 20 0D
响应帧: 超时, 等待RTU响应超时, 01 04 06 00 00 00 00 00 00
处理结果: 失败
失败原因: 超时, 等待RTU响应超时
发送次数: 1/1
[2026-06-02 17:16:04] [WARN] [MonitorDataTask][QRCode:12062] 指令完成
指令: ReadIdlePurgeAll
请求帧: 01 04 00 1D 00 03 20 0D
响应帧: 超时, 等待RTU响应超时, 01 04 06 00 00 00 00 00 00
处理结果: 失败
失败原因: 超时, 等待RTU响应超时
发送次数: 1/1
[2026-06-02 17:16:04] [WARN] [MonitorDataTask][QRCode:12040] 指令完成
指令: ReadIdlePurgeAll
请求帧: 01 04 00 1D 00 03 20 0D
响应帧: 超时, 等待RTU响应超时, 01 04 06 00 00 00 00 00 00
处理结果: 失败
失败原因: 超时, 等待RTU响应超时
发送次数: 1/1
[2026-06-02 17:16:04] [WARN] [MonitorDataTask][QRCode:12035] 指令完成
指令: ReadIdlePurgeAll
请求帧: 01 04 00 1D 00 03 20 0D
响应帧: 超时, 等待RTU响应超时, 01 04 06 00 00 00 00 00 00
处理结果: 失败
失败原因: 超时, 等待RTU响应超时
发送次数: 1/1
[2026-06-02 17:16:04] [WARN] [MonitorDataTask][QRCode:12015] 指令完成
指令: ReadIdlePurgeAll
请求帧: 01 04 00 1D 00 03 20 0D
响应帧: 超时, 等待RTU响应超时, 01 04 06 00 00 00 00 00 00
处理结果: 失败
失败原因: 超时, 等待RTU响应超时
发送次数: 1/1
[2026-06-02 17:16:04] [WARN] [MonitorDataTask][QRCode:12068] 指令完成
指令: ReadIdlePurgeAll
请求帧: 01 04 00 1D 00 03 20 0D
响应帧: 超时, 等待RTU响应超时, 01 04 06 00 00 00 00 00 00
处理结果: 失败
失败原因: 超时, 等待RTU响应超时
发送次数: 1/1
[2026-06-02 17:16:04] [WARN] [MonitorDataTask][QRCode:12043] 指令完成
指令: ReadIdlePurgeAll
请求帧: 01 04 00 1D 00 03 20 0D
响应帧: 超时, 等待RTU响应超时, 01 04 06 00 00 00 00 00 00
处理结果: 失败
失败原因: 超时, 等待RTU响应超时
发送次数: 1/1
[2026-06-02 17:16:04] [WARN] [MonitorDataTask][QRCode:12052] 指令完成
指令: ReadIdlePurgeAll
请求帧: 01 04 00 1D 00 03 20 0D
响应帧: 超时, 等待RTU响应超时, 01 04 06 00 00 00 00 00 00
处理结果: 失败
失败原因: 超时, 等待RTU响应超时
发送次数: 1/1
[2026-06-02 17:16:04] [WARN] [MonitorDataTask][QRCode:12076] 指令完成
指令: ReadIdlePurgeAll
请求帧: 01 04 00 1D 00 03 20 0D
响应帧: 超时, 等待RTU响应超时, 01 04 06 00 00 00 00 00 00
处理结果: 失败
失败原因: 超时, 等待RTU响应超时
发送次数: 1/1
[2026-06-02 17:16:04] [WARN] [MonitorDataTask][QRCode:12012] 指令完成
指令: ReadIdlePurgeAll
请求帧: 01 04 00 1D 00 03 20 0D
响应帧: 超时, 等待RTU响应超时, 01 04 06 00 00 00 00 00 00
处理结果: 失败
失败原因: 超时, 等待RTU响应超时
发送次数: 1/1
[2026-06-02 17:16:04] [WARN] [MonitorDataTask][QRCode:12057] 指令完成
指令: ReadIdlePurgeAll
请求帧: 01 04 00 1D 00 03 20 0D
响应帧: 超时, 等待RTU响应超时, 01 04 06 00 00 00 00 00 00
处理结果: 失败
失败原因: 超时, 等待RTU响应超时
发送次数: 1/1
[2026-06-02 17:16:04] [WARN] [MonitorDataTask][QRCode:12061] 指令完成
指令: ReadIdlePurgeAll
请求帧: 01 04 00 1D 00 03 20 0D
响应帧: 超时, 等待RTU响应超时, 01 04 06 00 00 00 00 00 00
处理结果: 失败
失败原因: 超时, 等待RTU响应超时
发送次数: 1/1
[2026-06-02 17:16:04] [WARN] [MonitorDataTask][QRCode:12049] 指令完成
指令: ReadIdlePurgeAll
请求帧: 01 04 00 1D 00 03 20 0D
响应帧: 超时, 等待RTU响应超时, 01 04 06 00 00 00 00 00 00
处理结果: 失败
失败原因: 超时, 等待RTU响应超时
发送次数: 1/1
[2026-06-02 17:16:04] [WARN] [MonitorDataTask][QRCode:12024] 指令完成
指令: ReadIdlePurgeAll
请求帧: 01 04 00 1D 00 03 20 0D
响应帧: 超时, 等待RTU响应超时, 01 04 06 00 00 00 00 00 00
处理结果: 失败
失败原因: 超时, 等待RTU响应超时
发送次数: 1/1
[2026-06-02 17:16:04] [WARN] [MonitorDataTask][QRCode:12080] 指令完成
指令: ReadIdlePurgeAll
请求帧: 01 04 00 1D 00 03 20 0D
响应帧: 超时, 等待RTU响应超时, 01 04 06 00 00 00 00 00 00
处理结果: 失败
失败原因: 超时, 等待RTU响应超时
发送次数: 1/1
[2026-06-02 17:16:04] [WARN] [MonitorDataTask][QRCode:12011] 指令完成
指令: ReadIdlePurgeAll
请求帧: 01 04 00 1D 00 03 20 0D
响应帧: 超时, 等待RTU响应超时, 01 04 06 00 00 00 00 00 00
处理结果: 失败
失败原因: 超时, 等待RTU响应超时
发送次数: 1/1
[2026-06-02 17:16:04] [WARN] [MonitorDataTask][QRCode:12074] 指令完成
指令: ReadIdlePurgeAll
请求帧: 01 04 00 1D 00 03 20 0D
响应帧: 超时, 等待RTU响应超时, 01 04 06 00 00 00 00 00 00
处理结果: 失败
失败原因: 超时, 等待RTU响应超时
发送次数: 1/1
[2026-06-02 17:16:04] [WARN] [MonitorDataTask][QRCode:12004] 指令完成
指令: ReadIdlePurgeAll
请求帧: 01 04 00 1D 00 03 20 0D
响应帧: 超时, 等待RTU响应超时, 01 04 06 00 00 00 00 00 00
处理结果: 失败
失败原因: 超时, 等待RTU响应超时
发送次数: 1/1
[2026-06-02 17:16:04] [WARN] [MonitorDataTask][QRCode:12013] 指令完成
指令: ReadIdlePurgeAll
请求帧: 01 04 00 1D 00 03 20 0D
响应帧: 超时, 等待RTU响应超时, 01 04 06 00 00 00 00 00 00
处理结果: 失败
失败原因: 超时, 等待RTU响应超时
发送次数: 1/1
[2026-06-02 17:16:04] [WARN] [MonitorDataTask][QRCode:12071] 指令完成
指令: ReadIdlePurgeAll
请求帧: 01 04 00 1D 00 03 20 0D
响应帧: 超时, 等待RTU响应超时, 01 04 06 00 00 00 00 00 00
处理结果: 失败
失败原因: 超时, 等待RTU响应超时
发送次数: 1/1
[2026-06-02 17:16:04] [WARN] [MonitorDataTask][QRCode:12055] 指令完成
指令: ReadIdlePurgeAll
请求帧: 01 04 00 1D 00 03 20 0D
响应帧: 超时, 等待RTU响应超时, 01 04 06 00 00 00 00 00 00
处理结果: 失败
失败原因: 超时, 等待RTU响应超时
发送次数: 1/1
[2026-06-02 17:16:04] [WARN] [MonitorDataTask][QRCode:12044] 指令完成
指令: ReadIdlePurgeAll
请求帧: 01 04 00 1D 00 03 20 0D
响应帧: 超时, 等待RTU响应超时, 01 04 06 00 00 00 00 00 00
处理结果: 失败
失败原因: 超时, 等待RTU响应超时
发送次数: 1/1
[2026-06-02 17:16:04] [WARN] [MonitorDataTask][QRCode:12045] 指令完成
指令: ReadIdlePurgeAll
请求帧: 01 04 00 1D 00 03 20 0D
响应帧: 超时, 等待RTU响应超时, 01 04 06 00 00 00 00 00 00
处理结果: 失败
失败原因: 超时, 等待RTU响应超时
发送次数: 1/1
[2026-06-02 17:16:04] [WARN] [MonitorDataTask][QRCode:12031] 指令完成
指令: ReadIdlePurgeAll
请求帧: 01 04 00 1D 00 03 20 0D
响应帧: 超时, 等待RTU响应超时, 01 04 06 00 00 00 00 00 00
处理结果: 失败
失败原因: 超时, 等待RTU响应超时
发送次数: 1/1
[2026-06-02 17:16:04] [WARN] [MonitorDataTask][QRCode:12073] 指令完成
指令: ReadIdlePurgeAll
请求帧: 01 04 00 1D 00 03 20 0D
响应帧: 超时, 等待RTU响应超时, 01 04 06 00 00 00 00 00 00
处理结果: 失败
失败原因: 超时, 等待RTU响应超时
发送次数: 1/1
[2026-06-02 17:16:04] [WARN] [MonitorDataTask][QRCode:12054] 指令完成
指令: ReadIdlePurgeAll
请求帧: 01 04 00 1D 00 03 20 0D
响应帧: 超时, 等待RTU响应超时, 01 04 06 00 00 00 00 00 00
处理结果: 失败
失败原因: 超时, 等待RTU响应超时
发送次数: 1/1
[2026-06-02 17:16:04] [WARN] [MonitorDataTask][QRCode:12032] 指令完成
指令: ReadIdlePurgeAll
请求帧: 01 04 00 1D 00 03 20 0D
响应帧: 超时, 等待RTU响应超时, 01 04 06 00 00 00 00 00 00
处理结果: 失败
失败原因: 超时, 等待RTU响应超时
发送次数: 1/1
[2026-06-02 17:16:04] [WARN] [MonitorDataTask][QRCode:12037] 指令完成
指令: ReadIdlePurgeAll
请求帧: 01 04 00 1D 00 03 20 0D
响应帧: 超时, 等待RTU响应超时, 01 04 06 00 00 00 00 00 00
处理结果: 失败
失败原因: 超时, 等待RTU响应超时
发送次数: 1/1
[2026-06-02 17:16:04] [WARN] [MonitorDataTask][QRCode:12027] 指令完成
指令: ReadIdlePurgeAll
请求帧: 01 04 00 1D 00 03 20 0D
响应帧: 超时, 等待RTU响应超时, 01 04 06 00 00 00 00 00 00
处理结果: 失败
失败原因: 超时, 等待RTU响应超时
发送次数: 1/1
[2026-06-02 17:16:05] [WARN] [MonitorDataTask][QRCode:12046] 指令完成
指令: ReadIdlePurgeAll
请求帧: 01 04 00 1D 00 03 20 0D
响应帧: 超时, 等待RTU响应超时, 01 04 06 00 00 00 00 00 00
处理结果: 失败
失败原因: 超时, 等待RTU响应超时
发送次数: 1/1
[2026-06-02 17:16:05] [WARN] [MonitorDataTask][QRCode:12008] 指令完成
指令: ReadIdlePurgeAll
请求帧: 01 04 00 1D 00 03 20 0D
响应帧: 超时, 等待RTU响应超时, 01 04 06 00 00 00 00 00 00
处理结果: 失败
失败原因: 超时, 等待RTU响应超时
发送次数: 1/1
[2026-06-02 17:16:05] [WARN] [MonitorDataTask][QRCode:12053] 指令完成
指令: ReadIdlePurgeAll
请求帧: 01 04 00 1D 00 03 20 0D
响应帧: 超时, 等待RTU响应超时, 01 04 06 00 00 00 00 00 00
处理结果: 失败
失败原因: 超时, 等待RTU响应超时
发送次数: 1/1
[2026-06-02 17:16:05] [WARN] [MonitorDataTask][QRCode:12025] 指令完成
指令: ReadIdlePurgeAll
请求帧: 01 04 00 1D 00 03 20 0D
响应帧: 超时, 等待RTU响应超时, 01 04 06 00 00 00 00 00 00
处理结果: 失败
失败原因: 超时, 等待RTU响应超时
发送次数: 1/1
[2026-06-02 17:16:05] [WARN] [MonitorDataTask][QRCode:12041] 指令完成
指令: ReadIdlePurgeAll
请求帧: 01 04 00 1D 00 03 20 0D
响应帧: 超时, 等待RTU响应超时, 01 04 06 00 00 00 00 00 00
处理结果: 失败
失败原因: 超时, 等待RTU响应超时
发送次数: 1/1
[2026-06-02 17:16:05] [WARN] [MonitorDataTask][QRCode:12079] 指令完成
指令: ReadIdlePurgeAll
请求帧: 01 04 00 1D 00 03 20 0D
响应帧: 超时, 等待RTU响应超时, 01 04 06 00 00 00 00 00 00
处理结果: 失败
失败原因: 超时, 等待RTU响应超时
发送次数: 1/1
[2026-06-02 17:16:05] [WARN] [MonitorDataTask][QRCode:12019] 指令完成
指令: ReadIdlePurgeAll
请求帧: 01 04 00 1D 00 03 20 0D
响应帧: 超时, 等待RTU响应超时, 01 04 06 00 00 00 00 00 00
处理结果: 失败
失败原因: 超时, 等待RTU响应超时
发送次数: 1/1
[2026-06-02 17:16:05] [WARN] [MonitorDataTask][QRCode:12026] 指令完成
指令: ReadIdlePurgeAll
请求帧: 01 04 00 1D 00 03 20 0D
响应帧: 超时, 等待RTU响应超时, 01 04 06 00 00 00 00 00 00
处理结果: 失败
失败原因: 超时, 等待RTU响应超时
发送次数: 1/1
[2026-06-02 17:16:05] [WARN] [MonitorDataTask][QRCode:12058] 指令完成
指令: ReadIdlePurgeAll
请求帧: 01 04 00 1D 00 03 20 0D
响应帧: 超时, 等待RTU响应超时, 01 04 06 00 00 00 00 00 00
处理结果: 失败
失败原因: 超时, 等待RTU响应超时
发送次数: 1/1
[2026-06-02 17:16:05] [WARN] [MonitorDataTask][QRCode:12023] 指令完成
指令: ReadIdlePurgeAll
请求帧: 01 04 00 1D 00 03 20 0D
响应帧: 超时, 等待RTU响应超时, 01 04 06 00 00 00 00 00 00
处理结果: 失败
失败原因: 超时, 等待RTU响应超时
发送次数: 1/1
[2026-06-02 17:16:05] [WARN] [MonitorDataTask][QRCode:12033] 指令完成
指令: ReadIdlePurgeAll
请求帧: 01 04 00 1D 00 03 20 0D
响应帧: 超时, 等待RTU响应超时, 01 04 06 00 00 00 00 00 00
处理结果: 失败
失败原因: 超时, 等待RTU响应超时
发送次数: 1/1
[2026-06-02 17:16:05] [WARN] [MonitorDataTask][QRCode:12067] 指令完成
指令: ReadIdlePurgeAll
请求帧: 01 04 00 1D 00 03 20 0D
响应帧: 超时, 等待RTU响应超时, 01 04 06 00 00 00 00 00 00
处理结果: 失败
失败原因: 超时, 等待RTU响应超时
发送次数: 1/1
[2026-06-02 17:16:05] [WARN] [MonitorDataTask][QRCode:12065] 指令完成
指令: ReadIdlePurgeAll
请求帧: 01 04 00 1D 00 03 20 0D
响应帧: 超时, 等待RTU响应超时, 01 04 06 00 00 00 00 00 00
处理结果: 失败
失败原因: 超时, 等待RTU响应超时
发送次数: 1/1
[2026-06-02 17:16:05] [WARN] [MonitorDataTask][QRCode:12010] 指令完成
指令: ReadIdlePurgeAll
请求帧: 01 04 00 1D 00 03 20 0D
响应帧: 超时, 等待RTU响应超时, 01 04 06 00 00 00 00 00 00
处理结果: 失败
失败原因: 超时, 等待RTU响应超时
发送次数: 1/1
[2026-06-02 17:16:05] [WARN] [MonitorDataTask][QRCode:12077] 指令完成
指令: ReadIdlePurgeAll
请求帧: 01 04 00 1D 00 03 20 0D
响应帧: 超时, 等待RTU响应超时, 01 04 06 00 00 00 00 00 00
处理结果: 失败
失败原因: 超时, 等待RTU响应超时
发送次数: 1/1
[2026-06-02 17:16:05] [WARN] [MonitorDataTask][QRCode:12005] 指令完成
指令: ReadIdlePurgeAll
请求帧: 01 04 00 1D 00 03 20 0D
响应帧: 超时, 等待RTU响应超时, 01 04 06 00 00 00 00 00 00
处理结果: 失败
失败原因: 超时, 等待RTU响应超时
发送次数: 1/1
[2026-06-02 17:16:05] [WARN] [MonitorDataTask][QRCode:12070] 指令完成
指令: ReadIdlePurgeAll
请求帧: 01 04 00 1D 00 03 20 0D
响应帧: 超时, 等待RTU响应超时, 01 04 06 00 00 00 00 00 00
处理结果: 失败
失败原因: 超时, 等待RTU响应超时
发送次数: 1/1
[2026-06-02 17:16:05] [WARN] [MonitorDataTask][QRCode:12016] 指令完成
指令: ReadIdlePurgeAll
请求帧: 01 04 00 1D 00 03 20 0D
响应帧: 超时, 等待RTU响应超时, 01 04 06 00 00 00 00 00 00
处理结果: 失败
失败原因: 超时, 等待RTU响应超时
发送次数: 1/1
[2026-06-02 17:16:05] [WARN] [MonitorDataTask][QRCode:12072] 指令完成
指令: ReadIdlePurgeAll
请求帧: 01 04 00 1D 00 03 20 0D
响应帧: 超时, 等待RTU响应超时, 01 04 06 00 00 00 00 00 00
处理结果: 失败
失败原因: 超时, 等待RTU响应超时
发送次数: 1/1
[2026-06-02 17:16:05] [WARN] [MonitorDataTask][QRCode:12066] 指令完成
指令: ReadIdlePurgeAll
请求帧: 01 04 00 1D 00 03 20 0D
响应帧: 超时, 等待RTU响应超时, 01 04 06 00 00 00 00 00 00
处理结果: 失败
失败原因: 超时, 等待RTU响应超时
发送次数: 1/1
[2026-06-02 17:16:05] [WARN] [MonitorDataTask][QRCode:12020] 指令完成
指令: ReadIdlePurgeAll
请求帧: 01 04 00 1D 00 03 20 0D
响应帧: 超时, 等待RTU响应超时, 01 04 06 00 00 00 00 00 00
处理结果: 失败
失败原因: 超时, 等待RTU响应超时
发送次数: 1/1
[2026-06-02 17:16:05] [WARN] [MonitorDataTask][QRCode:12030] 指令完成
指令: ReadIdlePurgeAll
请求帧: 01 04 00 1D 00 03 20 0D
响应帧: 超时, 等待RTU响应超时, 01 04 06 00 00 00 00 00 00
处理结果: 失败
失败原因: 超时, 等待RTU响应超时
发送次数: 1/1
[2026-06-02 17:16:05] [WARN] [MonitorDataTask][QRCode:12063] 指令完成
指令: ReadIdlePurgeAll
请求帧: 01 04 00 1D 00 03 20 0D
响应帧: 超时, 等待RTU响应超时, 01 04 06 00 00 00 00 00 00
处理结果: 失败
失败原因: 超时, 等待RTU响应超时
发送次数: 1/1
[2026-06-02 17:16:05] [WARN] [MonitorDataTask][QRCode:12028] 指令完成
指令: ReadIdlePurgeAll
请求帧: 01 04 00 1D 00 03 20 0D
响应帧: 超时, 等待RTU响应超时, 01 04 06 00 00 00 00 00 00
处理结果: 失败
失败原因: 超时, 等待RTU响应超时
发送次数: 1/1
[2026-06-02 17:16:05] [WARN] [MonitorDataTask][QRCode:12034] 指令完成
指令: ReadIdlePurgeAll
请求帧: 01 04 00 1D 00 03 20 0D
响应帧: 超时, 等待RTU响应超时, 01 04 06 00 00 00 00 00 00
处理结果: 失败
失败原因: 超时, 等待RTU响应超时
发送次数: 1/1
[2026-06-02 17:16:05] [WARN] [MonitorDataTask][QRCode:12056] 指令完成
指令: ReadIdlePurgeAll
请求帧: 01 04 00 1D 00 03 20 0D
响应帧: 超时, 等待RTU响应超时, 01 04 06 00 00 00 00 00 00
处理结果: 失败
失败原因: 超时, 等待RTU响应超时
发送次数: 1/1
[2026-06-02 17:16:05] [WARN] [MonitorDataTask][QRCode:12014] 指令完成
指令: ReadIdlePurgeAll
请求帧: 01 04 00 1D 00 03 20 0D
响应帧: 超时, 等待RTU响应超时, 01 04 06 00 00 00 00 00 00
处理结果: 失败
失败原因: 超时, 等待RTU响应超时
发送次数: 1/1
[2026-06-02 17:16:05] [WARN] [MonitorDataTask][QRCode:12075] 指令完成
指令: ReadIdlePurgeAll
请求帧: 01 04 00 1D 00 03 20 0D
响应帧: 超时, 等待RTU响应超时, 01 04 06 00 00 00 00 00 00
处理结果: 失败
失败原因: 超时, 等待RTU响应超时
发送次数: 1/1
[2026-06-02 17:16:05] [WARN] [MonitorDataTask][QRCode:12002] 指令完成
指令: ReadIdlePurgeAll
请求帧: 01 04 00 1D 00 03 20 0D
响应帧: 超时, 等待RTU响应超时, 01 04 06 00 00 00 00 00 00
处理结果: 失败
失败原因: 超时, 等待RTU响应超时
发送次数: 1/1
[2026-06-02 17:16:06] [WARN] [MonitorDataTask][QRCode:12047] 指令完成
指令: ReadIdlePurgeAll
请求帧: 01 04 00 1D 00 03 20 0D
响应帧: 超时, 等待RTU响应超时, 01 04 06 00 00 00 00 00 00
处理结果: 失败
失败原因: 超时, 等待RTU响应超时
发送次数: 1/1
[2026-06-02 17:16:06] [WARN] [MonitorDataTask][QRCode:12051] 指令完成
指令: ReadIdlePurgeAll
请求帧: 01 04 00 1D 00 03 20 0D
响应帧: 超时, 等待RTU响应超时, 01 04 06 00 00 00 00 00 00
处理结果: 失败
失败原因: 超时, 等待RTU响应超时
发送次数: 1/1
[2026-06-02 17:16:06] [WARN] [MonitorDataTask][QRCode:12078] 指令完成
指令: ReadIdlePurgeAll
请求帧: 01 04 00 1D 00 03 20 0D
响应帧: 超时, 等待RTU响应超时, 01 04 06 00 00 00 00 00 00
处理结果: 失败
失败原因: 超时, 等待RTU响应超时
发送次数: 1/1
[2026-06-02 17:16:06] [WARN] [MonitorDataTask][QRCode:12021] 指令完成
指令: ReadIdlePurgeAll
请求帧: 01 04 00 1D 00 03 20 0D
响应帧: 超时, 等待RTU响应超时, 01 04 06 00 00 00 00 00 00
处理结果: 失败
失败原因: 超时, 等待RTU响应超时
发送次数: 1/1
[2026-06-02 17:16:06] [WARN] [MonitorDataTask][QRCode:12029] 指令完成
指令: ReadIdlePurgeAll
请求帧: 01 04 00 1D 00 03 20 0D
响应帧: 超时, 等待RTU响应超时, 01 04 06 00 00 00 00 00 00
处理结果: 失败
失败原因: 超时, 等待RTU响应超时
发送次数: 1/1
[2026-06-02 17:16:06] [WARN] [MonitorDataTask][QRCode:12060] 指令完成
指令: ReadIdlePurgeAll
请求帧: 01 04 00 1D 00 03 20 0D
响应帧: 超时, 等待RTU响应超时, 01 04 06 00 00 00 00 00 00
处理结果: 失败
失败原因: 超时, 等待RTU响应超时
发送次数: 1/1
[2026-06-02 17:16:06] [WARN] [MonitorDataTask][QRCode:12009] 指令完成
指令: ReadIdlePurgeAll
请求帧: 01 04 00 1D 00 03 20 0D
响应帧: 超时, 等待RTU响应超时, 01 04 06 00 00 00 00 00 00
处理结果: 失败
失败原因: 超时, 等待RTU响应超时
发送次数: 1/1
[2026-06-02 17:16:06] [WARN] [MonitorDataTask][QRCode:12017] 指令完成
指令: ReadIdlePurgeAll
请求帧: 01 04 00 1D 00 03 20 0D
响应帧: 超时, 等待RTU响应超时, 01 04 06 00 00 00 00 00 00
处理结果: 失败
失败原因: 超时, 等待RTU响应超时
发送次数: 1/1
[2026-06-02 17:16:06] [WARN] [MonitorDataTask][QRCode:12003] 指令完成
指令: ReadIdlePurgeAll
请求帧: 01 04 00 1D 00 03 20 0D
响应帧: 超时, 等待RTU响应超时, 01 04 06 00 00 00 00 00 00
处理结果: 失败
失败原因: 超时, 等待RTU响应超时
发送次数: 1/1
[2026-06-02 17:16:06] [WARN] [MonitorDataTask][QRCode:12064] 指令完成
指令: ReadIdlePurgeAll
请求帧: 01 04 00 1D 00 03 20 0D
响应帧: 超时, 等待RTU响应超时, 01 04 06 00 00 00 00 00 00
处理结果: 失败
失败原因: 超时, 等待RTU响应超时
发送次数: 1/1
[2026-06-02 17:16:06] [WARN] [MonitorDataTask][QRCode:12001] 指令完成
指令: ReadIdlePurgeAll
请求帧: 01 04 00 1D 00 03 20 0D
响应帧: 超时, 等待RTU响应超时, 01 04 06 00 00 00 00 00 00
处理结果: 失败
失败原因: 超时, 等待RTU响应超时
发送次数: 1/1
[2026-06-02 17:16:06] [WARN] [MonitorDataTask][QRCode:12022] 指令完成
指令: ReadIdlePurgeAll
请求帧: 01 04 00 1D 00 03 20 0D
响应帧: 超时, 等待RTU响应超时, 01 04 06 00 00 00 00 00 00
处理结果: 失败
失败原因: 超时, 等待RTU响应超时
发送次数: 1/1
[2026-06-02 17:16:06] [WARN] [MonitorDataTask][QRCode:12069] 指令完成
指令: ReadIdlePurgeAll
请求帧: 01 04 00 1D 00 03 20 0D
响应帧: 超时, 等待RTU响应超时, 01 04 06 00 00 00 00 00 00
处理结果: 失败
失败原因: 超时, 等待RTU响应超时
发送次数: 1/1
[2026-06-02 17:16:06] [WARN] [MonitorDataTask][QRCode:12059] 指令完成
指令: ReadIdlePurgeAll
请求帧: 01 04 00 1D 00 03 20 0D
响应帧: 超时, 等待RTU响应超时, 01 04 06 00 00 00 00 00 00
处理结果: 失败
失败原因: 超时, 等待RTU响应超时
发送次数: 1/1
[2026-06-02 17:16:06] [WARN] [MonitorDataTask][QRCode:12038] 指令完成
指令: ReadIdlePurgeAll
请求帧: 01 04 00 1D 00 03 20 0D
响应帧: 超时, 等待RTU响应超时, 01 04 06 00 00 00 00 00 00
处理结果: 失败
失败原因: 超时, 等待RTU响应超时
发送次数: 1/1
[2026-06-02 17:16:06] [WARN] [MonitorDataTask][QRCode:12007] 指令完成
指令: ReadIdlePurgeAll
请求帧: 01 04 00 1D 00 03 20 0D
响应帧: 超时, 等待RTU响应超时, 01 04 06 00 00 00 00 00 00
处理结果: 失败
失败原因: 超时, 等待RTU响应超时
发送次数: 1/1
[2026-06-02 17:16:06] [WARN] [MonitorDataTask][QRCode:12039] 指令完成
指令: ReadIdlePurgeAll
请求帧: 01 04 00 1D 00 03 20 0D
响应帧: 超时, 等待RTU响应超时, 01 04 06 00 00 00 00 00 00
处理结果: 失败
失败原因: 超时, 等待RTU响应超时
发送次数: 1/1
[2026-06-02 17:16:06] [WARN] [MonitorDataTask][QRCode:12018] 指令完成
指令: ReadIdlePurgeAll
请求帧: 01 04 00 1D 00 03 20 0D
响应帧: 超时, 等待RTU响应超时, 01 04 06 00 00 00 00 00 00
处理结果: 失败
失败原因: 超时, 等待RTU响应超时
发送次数: 1/1
[2026-06-02 17:16:06] [WARN] [MonitorDataTask][QRCode:12048] 指令完成
指令: ReadIdlePurgeAll
请求帧: 01 04 00 1D 00 03 20 0D
响应帧: 超时, 等待RTU响应超时, 01 04 06 00 00 00 00 00 00
处理结果: 失败
失败原因: 超时, 等待RTU响应超时
发送次数: 1/1
[2026-06-02 17:16:06] [WARN] [MonitorDataTask][QRCode:12050] 指令完成
指令: ReadIdlePurgeAll
请求帧: 01 04 00 1D 00 03 20 0D
响应帧: 超时, 等待RTU响应超时, 01 04 06 00 00 00 00 00 00
处理结果: 失败
失败原因: 超时, 等待RTU响应超时
发送次数: 1/1
[2026-06-02 17:16:06] [WARN] [MonitorDataTask][QRCode:12042] 指令完成
指令: ReadIdlePurgeAll
请求帧: 01 04 00 1D 00 03 20 0D
响应帧: 超时, 等待RTU响应超时, 01 04 06 00 00 00 00 00 00
处理结果: 失败
失败原因: 超时, 等待RTU响应超时
发送次数: 1/1
[2026-06-02 17:16:06] [WARN] [MonitorDataTask][QRCode:12006] 指令完成
指令: ReadIdlePurgeAll
请求帧: 01 04 00 1D 00 03 20 0D
响应帧: 超时, 等待RTU响应超时, 01 04 06 00 00 00 00 00 00
处理结果: 失败
失败原因: 超时, 等待RTU响应超时
发送次数: 1/1
[2026-06-02 17:16:06] [WARN] [MonitorDataTask][QRCode:12062] 指令完成
指令: ReadIdlePurgeAll
请求帧: 01 04 00 1D 00 03 20 0D
响应帧: 超时, 等待RTU响应超时, 01 04 06 00 00 00 00 00 00
处理结果: 失败
失败原因: 超时, 等待RTU响应超时
发送次数: 1/1
[2026-06-02 17:16:06] [WARN] [MonitorDataTask][QRCode:12036] 指令完成
指令: ReadIdlePurgeAll
请求帧: 01 04 00 1D 00 03 20 0D
响应帧: 超时, 等待RTU响应超时, 01 04 06 00 00 00 00 00 00
处理结果: 失败
失败原因: 超时, 等待RTU响应超时
发送次数: 1/1
[2026-06-02 17:16:06] [WARN] [MonitorDataTask][QRCode:12040] 指令完成
指令: ReadIdlePurgeAll
请求帧: 01 04 00 1D 00 03 20 0D
响应帧: 超时, 等待RTU响应超时, 01 04 06 00 00 00 00 00 00
处理结果: 失败
失败原因: 超时, 等待RTU响应超时
发送次数: 1/1
[2026-06-02 17:16:06] [WARN] [MonitorDataTask][QRCode:12015] 指令完成
指令: ReadIdlePurgeAll
请求帧: 01 04 00 1D 00 03 20 0D
响应帧: 超时, 等待RTU响应超时, 01 04 06 00 00 00 00 00 00
处理结果: 失败
失败原因: 超时, 等待RTU响应超时
发送次数: 1/1
[2026-06-02 17:16:06] [WARN] [MonitorDataTask][QRCode:12035] 指令完成
指令: ReadIdlePurgeAll
请求帧: 01 04 00 1D 00 03 20 0D
响应帧: 超时, 等待RTU响应超时, 01 04 06 00 00 00 00 00 00
处理结果: 失败
失败原因: 超时, 等待RTU响应超时
发送次数: 1/1
[2026-06-02 17:16:06] [WARN] [MonitorDataTask][QRCode:12043] 指令完成
指令: ReadIdlePurgeAll
请求帧: 01 04 00 1D 00 03 20 0D
响应帧: 超时, 等待RTU响应超时, 01 04 06 00 00 00 00 00 00
处理结果: 失败
失败原因: 超时, 等待RTU响应超时
发送次数: 1/1
[2026-06-02 17:16:06] [WARN] [MonitorDataTask][QRCode:12052] 指令完成
指令: ReadIdlePurgeAll
请求帧: 01 04 00 1D 00 03 20 0D
响应帧: 超时, 等待RTU响应超时, 01 04 06 00 00 00 00 00 00
处理结果: 失败
失败原因: 超时, 等待RTU响应超时
发送次数: 1/1
[2026-06-02 17:16:06] [WARN] [MonitorDataTask][QRCode:12068] 指令完成
指令: ReadIdlePurgeAll
请求帧: 01 04 00 1D 00 03 20 0D
响应帧: 超时, 等待RTU响应超时, 01 04 06 00 00 00 00 00 00
处理结果: 失败
失败原因: 超时, 等待RTU响应超时
发送次数: 1/1
[2026-06-02 17:16:06] [WARN] [MonitorDataTask][QRCode:12076] 指令完成
指令: ReadIdlePurgeAll
请求帧: 01 04 00 1D 00 03 20 0D
响应帧: 超时, 等待RTU响应超时, 01 04 06 00 00 00 00 00 00
处理结果: 失败
失败原因: 超时, 等待RTU响应超时
发送次数: 1/1
[2026-06-02 17:16:06] [WARN] [MonitorDataTask][QRCode:12012] 指令完成
指令: ReadIdlePurgeAll
请求帧: 01 04 00 1D 00 03 20 0D
响应帧: 超时, 等待RTU响应超时, 01 04 06 00 00 00 00 00 00
处理结果: 失败
失败原因: 超时, 等待RTU响应超时
发送次数: 1/1
[2026-06-02 17:16:06] [WARN] [MonitorDataTask][QRCode:12057] 指令完成
指令: ReadIdlePurgeAll
请求帧: 01 04 00 1D 00 03 20 0D
响应帧: 超时, 等待RTU响应超时, 01 04 06 00 00 00 00 00 00
处理结果: 失败
失败原因: 超时, 等待RTU响应超时
发送次数: 1/1
[2026-06-02 17:16:06] [WARN] [MonitorDataTask][QRCode:12061] 指令完成
指令: ReadIdlePurgeAll
请求帧: 01 04 00 1D 00 03 20 0D
响应帧: 超时, 等待RTU响应超时, 01 04 06 00 00 00 00 00 00
处理结果: 失败
失败原因: 超时, 等待RTU响应超时
发送次数: 1/1
[2026-06-02 17:16:06] [WARN] [MonitorDataTask][QRCode:12049] 指令完成
指令: ReadIdlePurgeAll
请求帧: 01 04 00 1D 00 03 20 0D
响应帧: 超时, 等待RTU响应超时, 01 04 06 00 00 00 00 00 00
处理结果: 失败
失败原因: 超时, 等待RTU响应超时
发送次数: 1/1
[2026-06-02 17:16:06] [WARN] [MonitorDataTask][QRCode:12024] 指令完成
指令: ReadIdlePurgeAll
请求帧: 01 04 00 1D 00 03 20 0D
响应帧: 超时, 等待RTU响应超时, 01 04 06 00 00 00 00 00 00
处理结果: 失败
失败原因: 超时, 等待RTU响应超时
发送次数: 1/1
[2026-06-02 17:16:06] [WARN] [MonitorDataTask][QRCode:12080] 指令完成
指令: ReadIdlePurgeAll
请求帧: 01 04 00 1D 00 03 20 0D
响应帧: 超时, 等待RTU响应超时, 01 04 06 00 00 00 00 00 00
处理结果: 失败
失败原因: 超时, 等待RTU响应超时
发送次数: 1/1
[2026-06-02 17:16:06] [WARN] [MonitorDataTask][QRCode:12055] 指令完成
指令: ReadIdlePurgeAll
请求帧: 01 04 00 1D 00 03 20 0D
响应帧: 超时, 等待RTU响应超时, 01 04 06 00 00 00 00 00 00
处理结果: 失败
失败原因: 超时, 等待RTU响应超时
发送次数: 1/1
[2026-06-02 17:16:06] [WARN] [MonitorDataTask][QRCode:12074] 指令完成
指令: ReadIdlePurgeAll
请求帧: 01 04 00 1D 00 03 20 0D
响应帧: 超时, 等待RTU响应超时, 01 04 06 00 00 00 00 00 00
处理结果: 失败
失败原因: 超时, 等待RTU响应超时
发送次数: 1/1
[2026-06-02 17:16:06] [WARN] [MonitorDataTask][QRCode:12013] 指令完成
指令: ReadIdlePurgeAll
请求帧: 01 04 00 1D 00 03 20 0D
响应帧: 超时, 等待RTU响应超时, 01 04 06 00 00 00 00 00 00
处理结果: 失败
失败原因: 超时, 等待RTU响应超时
发送次数: 1/1
[2026-06-02 17:16:06] [WARN] [MonitorDataTask][QRCode:12004] 指令完成
指令: ReadIdlePurgeAll
请求帧: 01 04 00 1D 00 03 20 0D
响应帧: 超时, 等待RTU响应超时, 01 04 06 00 00 00 00 00 00
处理结果: 失败
失败原因: 超时, 等待RTU响应超时
发送次数: 1/1
[2026-06-02 17:16:06] [WARN] [MonitorDataTask][QRCode:12011] 指令完成
指令: ReadIdlePurgeAll
请求帧: 01 04 00 1D 00 03 20 0D
响应帧: 超时, 等待RTU响应超时, 01 04 06 00 00 00 00 00 00
处理结果: 失败
失败原因: 超时, 等待RTU响应超时
发送次数: 1/1
[2026-06-02 17:16:06] [WARN] [MonitorDataTask][QRCode:12071] 指令完成
指令: ReadIdlePurgeAll
请求帧: 01 04 00 1D 00 03 20 0D
响应帧: 超时, 等待RTU响应超时, 01 04 06 00 00 00 00 00 00
处理结果: 失败
失败原因: 超时, 等待RTU响应超时
发送次数: 1/1
[2026-06-02 17:16:06] [WARN] [MonitorDataTask][QRCode:12044] 指令完成
指令: ReadIdlePurgeAll
请求帧: 01 04 00 1D 00 03 20 0D
响应帧: 超时, 等待RTU响应超时, 01 04 06 00 00 00 00 00 00
处理结果: 失败
失败原因: 超时, 等待RTU响应超时
发送次数: 1/1
[2026-06-02 17:16:06] [WARN] [MonitorDataTask][QRCode:12073] 指令完成
指令: ReadIdlePurgeAll
请求帧: 01 04 00 1D 00 03 20 0D
响应帧: 超时, 等待RTU响应超时, 01 04 06 00 00 00 00 00 00
处理结果: 失败
失败原因: 超时, 等待RTU响应超时
发送次数: 1/1
[2026-06-02 17:16:06] [WARN] [MonitorDataTask][QRCode:12045] 指令完成
指令: ReadIdlePurgeAll
请求帧: 01 04 00 1D 00 03 20 0D
响应帧: 超时, 等待RTU响应超时, 01 04 06 00 00 00 00 00 00
处理结果: 失败
失败原因: 超时, 等待RTU响应超时
发送次数: 1/1
[2026-06-02 17:16:06] [WARN] [MonitorDataTask][QRCode:12031] 指令完成
指令: ReadIdlePurgeAll
请求帧: 01 04 00 1D 00 03 20 0D
响应帧: 超时, 等待RTU响应超时, 01 04 06 00 00 00 00 00 00
处理结果: 失败
失败原因: 超时, 等待RTU响应超时
发送次数: 1/1
[2026-06-02 17:16:06] [WARN] [MonitorDataTask][QRCode:12054] 指令完成
指令: ReadIdlePurgeAll
请求帧: 01 04 00 1D 00 03 20 0D
响应帧: 超时, 等待RTU响应超时, 01 04 06 00 00 00 00 00 00
处理结果: 失败
失败原因: 超时, 等待RTU响应超时
发送次数: 1/1
[2026-06-02 17:16:06] [WARN] [MonitorDataTask][QRCode:12032] 指令完成
指令: ReadIdlePurgeAll
请求帧: 01 04 00 1D 00 03 20 0D
响应帧: 超时, 等待RTU响应超时, 01 04 06 00 00 00 00 00 00
处理结果: 失败
失败原因: 超时, 等待RTU响应超时
发送次数: 1/1
[2026-06-02 17:16:06] [WARN] [MonitorDataTask][QRCode:12037] 指令完成
指令: ReadIdlePurgeAll
请求帧: 01 04 00 1D 00 03 20 0D
响应帧: 超时, 等待RTU响应超时, 01 04 06 00 00 00 00 00 00
处理结果: 失败
失败原因: 超时, 等待RTU响应超时
发送次数: 1/1
[2026-06-02 17:16:06] [WARN] [MonitorDataTask][QRCode:12027] 指令完成
指令: ReadIdlePurgeAll
请求帧: 01 04 00 1D 00 03 20 0D
响应帧: 超时, 等待RTU响应超时, 01 04 06 00 00 00 00 00 00
处理结果: 失败
失败原因: 超时, 等待RTU响应超时
发送次数: 1/1
[2026-06-02 17:16:06] [WARN] [MonitorDataTask][QRCode:12046] 指令完成
指令: ReadIdlePurgeAll
请求帧: 01 04 00 1D 00 03 20 0D
响应帧: 超时, 等待RTU响应超时, 01 04 06 00 00 00 00 00 00
处理结果: 失败
失败原因: 超时, 等待RTU响应超时
发送次数: 1/1
[2026-06-02 17:16:06] [WARN] [MonitorDataTask][QRCode:12008] 指令完成
指令: ReadIdlePurgeAll
请求帧: 01 04 00 1D 00 03 20 0D
响应帧: 超时, 等待RTU响应超时, 01 04 06 00 00 00 00 00 00
处理结果: 失败
失败原因: 超时, 等待RTU响应超时
发送次数: 1/1
[2026-06-02 17:16:06] [WARN] [MonitorDataTask][QRCode:12025] 指令完成
指令: ReadIdlePurgeAll
请求帧: 01 04 00 1D 00 03 20 0D
响应帧: 超时, 等待RTU响应超时, 01 04 06 00 00 00 00 00 00
处理结果: 失败
失败原因: 超时, 等待RTU响应超时
发送次数: 1/1
[2026-06-02 17:16:06] [WARN] [MonitorDataTask][QRCode:12053] 指令完成
指令: ReadIdlePurgeAll
请求帧: 01 04 00 1D 00 03 20 0D
响应帧: 超时, 等待RTU响应超时, 01 04 06 00 00 00 00 00 00
处理结果: 失败
失败原因: 超时, 等待RTU响应超时
发送次数: 1/1
[2026-06-02 17:16:06] [WARN] [MonitorDataTask][QRCode:12041] 指令完成
指令: ReadIdlePurgeAll
请求帧: 01 04 00 1D 00 03 20 0D
响应帧: 超时, 等待RTU响应超时, 01 04 06 00 00 00 00 00 00
处理结果: 失败
失败原因: 超时, 等待RTU响应超时
发送次数: 1/1
[2026-06-02 17:16:06] [WARN] [MonitorDataTask][QRCode:12079] 指令完成
指令: ReadIdlePurgeAll
请求帧: 01 04 00 1D 00 03 20 0D
响应帧: 超时, 等待RTU响应超时, 01 04 06 00 00 00 00 00 00
处理结果: 失败
失败原因: 超时, 等待RTU响应超时
发送次数: 1/1
[2026-06-02 17:16:06] [WARN] [MonitorDataTask][QRCode:12019] 指令完成
指令: ReadIdlePurgeAll
请求帧: 01 04 00 1D 00 03 20 0D
响应帧: 超时, 等待RTU响应超时, 01 04 06 00 00 00 00 00 00
处理结果: 失败
失败原因: 超时, 等待RTU响应超时
发送次数: 1/1
[2026-06-02 17:16:06] [WARN] [MonitorDataTask][QRCode:12023] 指令完成
指令: ReadIdlePurgeAll
请求帧: 01 04 00 1D 00 03 20 0D
响应帧: 超时, 等待RTU响应超时, 01 04 06 00 00 00 00 00 00
处理结果: 失败
失败原因: 超时, 等待RTU响应超时
发送次数: 1/1
[2026-06-02 17:16:06] [WARN] [MonitorDataTask][QRCode:12026] 指令完成
指令: ReadIdlePurgeAll
请求帧: 01 04 00 1D 00 03 20 0D
响应帧: 超时, 等待RTU响应超时, 01 04 06 00 00 00 00 00 00
处理结果: 失败
失败原因: 超时, 等待RTU响应超时
发送次数: 1/1
[2026-06-02 17:16:06] [WARN] [MonitorDataTask][QRCode:12033] 指令完成
指令: ReadIdlePurgeAll
请求帧: 01 04 00 1D 00 03 20 0D
响应帧: 超时, 等待RTU响应超时, 01 04 06 00 00 00 00 00 00
处理结果: 失败
失败原因: 超时, 等待RTU响应超时
发送次数: 1/1
[2026-06-02 17:16:06] [WARN] [MonitorDataTask][QRCode:12058] 指令完成
指令: ReadIdlePurgeAll
请求帧: 01 04 00 1D 00 03 20 0D
响应帧: 超时, 等待RTU响应超时, 01 04 06 00 00 00 00 00 00
处理结果: 失败
失败原因: 超时, 等待RTU响应超时
发送次数: 1/1
[2026-06-02 17:16:06] [WARN] [MonitorDataTask][QRCode:12077] 指令完成
指令: ReadIdlePurgeAll
请求帧: 01 04 00 1D 00 03 20 0D
响应帧: 超时, 等待RTU响应超时, 01 04 06 00 00 00 00 00 00
处理结果: 失败
失败原因: 超时, 等待RTU响应超时
发送次数: 1/1
[2026-06-02 17:16:06] [WARN] [MonitorDataTask][QRCode:12005] 指令完成
指令: ReadIdlePurgeAll
请求帧: 01 04 00 1D 00 03 20 0D
响应帧: 超时, 等待RTU响应超时, 01 04 06 00 00 00 00 00 00
处理结果: 失败
失败原因: 超时, 等待RTU响应超时
发送次数: 1/1
[2026-06-02 17:16:06] [WARN] [MonitorDataTask][QRCode:12070] 指令完成
指令: ReadIdlePurgeAll
请求帧: 01 04 00 1D 00 03 20 0D
响应帧: 超时, 等待RTU响应超时, 01 04 06 00 00 00 00 00 00
处理结果: 失败
失败原因: 超时, 等待RTU响应超时
发送次数: 1/1
[2026-06-02 17:16:06] [WARN] [MonitorDataTask][QRCode:12065] 指令完成
指令: ReadIdlePurgeAll
请求帧: 01 04 00 1D 00 03 20 0D
响应帧: 超时, 等待RTU响应超时, 01 04 06 00 00 00 00 00 00
处理结果: 失败
失败原因: 超时, 等待RTU响应超时
发送次数: 1/1
[2026-06-02 17:16:06] [WARN] [MonitorDataTask][QRCode:12010] 指令完成
指令: ReadIdlePurgeAll
请求帧: 01 04 00 1D 00 03 20 0D
响应帧: 超时, 等待RTU响应超时, 01 04 06 00 00 00 00 00 00
处理结果: 失败
失败原因: 超时, 等待RTU响应超时
发送次数: 1/1
[2026-06-02 17:16:06] [WARN] [MonitorDataTask][QRCode:12067] 指令完成
指令: ReadIdlePurgeAll
请求帧: 01 04 00 1D 00 03 20 0D
响应帧: 超时, 等待RTU响应超时, 01 04 06 00 00 00 00 00 00
处理结果: 失败
失败原因: 超时, 等待RTU响应超时
发送次数: 1/1
[2026-06-02 17:16:06] [WARN] [MonitorDataTask][QRCode:12016] 指令完成
指令: ReadIdlePurgeAll
请求帧: 01 04 00 1D 00 03 20 0D
响应帧: 超时, 等待RTU响应超时, 01 04 06 00 00 00 00 00 00
处理结果: 失败
失败原因: 超时, 等待RTU响应超时
发送次数: 1/1
[2026-06-02 17:16:07] [WARN] [MonitorDataTask][QRCode:12066] 指令完成
指令: ReadIdlePurgeAll
请求帧: 01 04 00 1D 00 03 20 0D
响应帧: 超时, 等待RTU响应超时, 01 04 06 00 00 00 00 00 00
处理结果: 失败
失败原因: 超时, 等待RTU响应超时
发送次数: 1/1
[2026-06-02 17:16:07] [WARN] [MonitorDataTask][QRCode:12072] 指令完成
指令: ReadIdlePurgeAll
请求帧: 01 04 00 1D 00 03 20 0D
响应帧: 超时, 等待RTU响应超时, 01 04 06 00 00 00 00 00 00
处理结果: 失败
失败原因: 超时, 等待RTU响应超时
发送次数: 1/1
[2026-06-02 17:16:07] [WARN] [MonitorDataTask][QRCode:12020] 指令完成
指令: ReadIdlePurgeAll
请求帧: 01 04 00 1D 00 03 20 0D
响应帧: 超时, 等待RTU响应超时, 01 04 06 00 00 00 00 00 00
处理结果: 失败
失败原因: 超时, 等待RTU响应超时
发送次数: 1/1
[2026-06-02 17:16:07] [WARN] [MonitorDataTask][QRCode:12030] 指令完成
指令: ReadIdlePurgeAll
请求帧: 01 04 00 1D 00 03 20 0D
响应帧: 超时, 等待RTU响应超时, 01 04 06 00 00 00 00 00 00
处理结果: 失败
失败原因: 超时, 等待RTU响应超时
发送次数: 1/1
[2026-06-02 17:16:07] [WARN] [MonitorDataTask][QRCode:12063] 指令完成
指令: ReadIdlePurgeAll
请求帧: 01 04 00 1D 00 03 20 0D
响应帧: 超时, 等待RTU响应超时, 01 04 06 00 00 00 00 00 00
处理结果: 失败
失败原因: 超时, 等待RTU响应超时
发送次数: 1/1
[2026-06-02 17:16:07] [WARN] [MonitorDataTask][QRCode:12028] 指令完成
指令: ReadIdlePurgeAll
请求帧: 01 04 00 1D 00 03 20 0D
响应帧: 超时, 等待RTU响应超时, 01 04 06 00 00 00 00 00 00
处理结果: 失败
失败原因: 超时, 等待RTU响应超时
发送次数: 1/1
[2026-06-02 17:16:07] [WARN] [MonitorDataTask][QRCode:12034] 指令完成
指令: ReadIdlePurgeAll
请求帧: 01 04 00 1D 00 03 20 0D
响应帧: 超时, 等待RTU响应超时, 01 04 06 00 00 00 00 00 00
处理结果: 失败
失败原因: 超时, 等待RTU响应超时
发送次数: 1/1
[2026-06-02 17:16:07] [WARN] [MonitorDataTask][QRCode:12056] 指令完成
指令: ReadIdlePurgeAll
请求帧: 01 04 00 1D 00 03 20 0D
响应帧: 超时, 等待RTU响应超时, 01 04 06 00 00 00 00 00 00
处理结果: 失败
失败原因: 超时, 等待RTU响应超时
发送次数: 1/1
[2026-06-02 17:16:07] [WARN] [MonitorDataTask][QRCode:12014] 指令完成
指令: ReadIdlePurgeAll
请求帧: 01 04 00 1D 00 03 20 0D
响应帧: 超时, 等待RTU响应超时, 01 04 06 00 00 00 00 00 00
处理结果: 失败
失败原因: 超时, 等待RTU响应超时
发送次数: 1/1
[2026-06-02 17:16:07] [WARN] [MonitorDataTask][QRCode:12075] 指令完成
指令: ReadIdlePurgeAll
请求帧: 01 04 00 1D 00 03 20 0D
响应帧: 超时, 等待RTU响应超时, 01 04 06 00 00 00 00 00 00
处理结果: 失败
失败原因: 超时, 等待RTU响应超时
发送次数: 1/1
[2026-06-02 17:16:07] [WARN] [MonitorDataTask][QRCode:12002] 指令完成
指令: ReadIdlePurgeAll
请求帧: 01 04 00 1D 00 03 20 0D
响应帧: 超时, 等待RTU响应超时, 01 04 06 00 00 00 00 00 00
处理结果: 失败
失败原因: 超时, 等待RTU响应超时
发送次数: 1/1
[2026-06-02 17:16:07] [WARN] [MonitorDataTask][QRCode:12047] 指令完成
指令: ReadIdlePurgeAll
请求帧: 01 04 00 1D 00 03 20 0D
响应帧: 超时, 等待RTU响应超时, 01 04 06 00 00 00 00 00 00
处理结果: 失败
失败原因: 超时, 等待RTU响应超时
发送次数: 1/1
[2026-06-02 17:16:07] [WARN] [MonitorDataTask][QRCode:12051] 指令完成
指令: ReadIdlePurgeAll
请求帧: 01 04 00 1D 00 03 20 0D
响应帧: 超时, 等待RTU响应超时, 01 04 06 00 00 00 00 00 00
处理结果: 失败
失败原因: 超时, 等待RTU响应超时
发送次数: 1/1
[2026-06-02 17:16:07] [WARN] [MonitorDataTask][QRCode:12078] 指令完成
指令: ReadIdlePurgeAll
请求帧: 01 04 00 1D 00 03 20 0D
响应帧: 超时, 等待RTU响应超时, 01 04 06 00 00 00 00 00 00
处理结果: 失败
失败原因: 超时, 等待RTU响应超时
发送次数: 1/1
[2026-06-02 17:16:07] [WARN] [MonitorDataTask][QRCode:12001] 指令完成
指令: ReadIdlePurgeAll
请求帧: 01 04 00 1D 00 03 20 0D
响应帧: 超时, 等待RTU响应超时, 01 04 06 00 00 00 00 00 00
处理结果: 失败
失败原因: 超时, 等待RTU响应超时
发送次数: 1/1
[2026-06-02 17:16:07] [WARN] [MonitorDataTask][QRCode:12009] 指令完成
指令: ReadIdlePurgeAll
请求帧: 01 04 00 1D 00 03 20 0D
响应帧: 超时, 等待RTU响应超时, 01 04 06 00 00 00 00 00 00
处理结果: 失败
失败原因: 超时, 等待RTU响应超时
发送次数: 1/1
[2026-06-02 17:16:07] [WARN] [MonitorDataTask][QRCode:12003] 指令完成
指令: ReadIdlePurgeAll
请求帧: 01 04 00 1D 00 03 20 0D
响应帧: 超时, 等待RTU响应超时, 01 04 06 00 00 00 00 00 00
处理结果: 失败
失败原因: 超时, 等待RTU响应超时
发送次数: 1/1
[2026-06-02 17:16:07] [WARN] [MonitorDataTask][QRCode:12060] 指令完成
指令: ReadIdlePurgeAll
请求帧: 01 04 00 1D 00 03 20 0D
响应帧: 超时, 等待RTU响应超时, 01 04 06 00 00 00 00 00 00
处理结果: 失败
失败原因: 超时, 等待RTU响应超时
发送次数: 1/1
[2026-06-02 17:16:07] [WARN] [MonitorDataTask][QRCode:12017] 指令完成
指令: ReadIdlePurgeAll
请求帧: 01 04 00 1D 00 03 20 0D
响应帧: 超时, 等待RTU响应超时, 01 04 06 00 00 00 00 00 00
处理结果: 失败
失败原因: 超时, 等待RTU响应超时
发送次数: 1/1
[2026-06-02 17:16:07] [WARN] [MonitorDataTask][QRCode:12064] 指令完成
指令: ReadIdlePurgeAll
请求帧: 01 04 00 1D 00 03 20 0D
响应帧: 超时, 等待RTU响应超时, 01 04 06 00 00 00 00 00 00
处理结果: 失败
失败原因: 超时, 等待RTU响应超时
发送次数: 1/1
[2026-06-02 17:16:07] [WARN] [MonitorDataTask][QRCode:12029] 指令完成
指令: ReadIdlePurgeAll
请求帧: 01 04 00 1D 00 03 20 0D
响应帧: 超时, 等待RTU响应超时, 01 04 06 00 00 00 00 00 00
处理结果: 失败
失败原因: 超时, 等待RTU响应超时
发送次数: 1/1
[2026-06-02 17:16:07] [WARN] [MonitorDataTask][QRCode:12021] 指令完成
指令: ReadIdlePurgeAll
请求帧: 01 04 00 1D 00 03 20 0D
响应帧: 超时, 等待RTU响应超时, 01 04 06 00 00 00 00 00 00
处理结果: 失败
失败原因: 超时, 等待RTU响应超时
发送次数: 1/1
[2026-06-02 17:16:07] [WARN] [MonitorDataTask][QRCode:12022] 指令完成
指令: ReadIdlePurgeAll
请求帧: 01 04 00 1D 00 03 20 0D
响应帧: 超时, 等待RTU响应超时, 01 04 06 00 00 00 00 00 00
处理结果: 失败
失败原因: 超时, 等待RTU响应超时
发送次数: 1/1
[2026-06-02 17:16:07] [WARN] [MonitorDataTask][QRCode:12039] 指令完成
指令: ReadIdlePurgeAll
请求帧: 01 04 00 1D 00 03 20 0D
响应帧: 超时, 等待RTU响应超时, 01 04 06 00 00 00 00 00 00
处理结果: 失败
失败原因: 超时, 等待RTU响应超时
发送次数: 1/1
[2026-06-02 17:16:07] [WARN] [MonitorDataTask][QRCode:12038] 指令完成
指令: ReadIdlePurgeAll
请求帧: 01 04 00 1D 00 03 20 0D
响应帧: 超时, 等待RTU响应超时, 01 04 06 00 00 00 00 00 00
处理结果: 失败
失败原因: 超时, 等待RTU响应超时
发送次数: 1/1
[2026-06-02 17:16:07] [WARN] [MonitorDataTask][QRCode:12059] 指令完成
指令: ReadIdlePurgeAll
请求帧: 01 04 00 1D 00 03 20 0D
响应帧: 超时, 等待RTU响应超时, 01 04 06 00 00 00 00 00 00
处理结果: 失败
失败原因: 超时, 等待RTU响应超时
发送次数: 1/1
[2026-06-02 17:16:07] [WARN] [MonitorDataTask][QRCode:12050] 指令完成
指令: ReadIdlePurgeAll
请求帧: 01 04 00 1D 00 03 20 0D
响应帧: 超时, 等待RTU响应超时, 01 04 06 00 00 00 00 00 00
处理结果: 失败
失败原因: 超时, 等待RTU响应超时
发送次数: 1/1
[2026-06-02 17:16:07] [WARN] [MonitorDataTask][QRCode:12048] 指令完成
指令: ReadIdlePurgeAll
请求帧: 01 04 00 1D 00 03 20 0D
响应帧: 超时, 等待RTU响应超时, 01 04 06 00 00 00 00 00 00
处理结果: 失败
失败原因: 超时, 等待RTU响应超时
发送次数: 1/1
[2026-06-02 17:16:07] [WARN] [MonitorDataTask][QRCode:12018] 指令完成
指令: ReadIdlePurgeAll
请求帧: 01 04 00 1D 00 03 20 0D
响应帧: 超时, 等待RTU响应超时, 01 04 06 00 00 00 00 00 00
处理结果: 失败
失败原因: 超时, 等待RTU响应超时
发送次数: 1/1
[2026-06-02 17:16:07] [WARN] [MonitorDataTask][QRCode:12042] 指令完成
指令: ReadIdlePurgeAll
请求帧: 01 04 00 1D 00 03 20 0D
响应帧: 超时, 等待RTU响应超时, 01 04 06 00 00 00 00 00 00
处理结果: 失败
失败原因: 超时, 等待RTU响应超时
发送次数: 1/1
[2026-06-02 17:16:07] [WARN] [MonitorDataTask][QRCode:12007] 指令完成
指令: ReadIdlePurgeAll
请求帧: 01 04 00 1D 00 03 20 0D
响应帧: 超时, 等待RTU响应超时, 01 04 06 00 00 00 00 00 00
处理结果: 失败
失败原因: 超时, 等待RTU响应超时
发送次数: 1/1
[2026-06-02 17:16:07] [WARN] [MonitorDataTask][QRCode:12069] 指令完成
指令: ReadIdlePurgeAll
请求帧: 01 04 00 1D 00 03 20 0D
响应帧: 超时, 等待RTU响应超时, 01 04 06 00 00 00 00 00 00
处理结果: 失败
失败原因: 超时, 等待RTU响应超时
发送次数: 1/1
[2026-06-02 17:16:07] [WARN] [MonitorDataTask][QRCode:12036] 指令完成
指令: ReadIdlePurgeAll
请求帧: 01 04 00 1D 00 03 20 0D
响应帧: 超时, 等待RTU响应超时, 01 04 06 00 00 00 00 00 00
处理结果: 失败
失败原因: 超时, 等待RTU响应超时
发送次数: 1/1
[2026-06-02 17:16:07] [WARN] [MonitorDataTask][QRCode:12006] 指令完成
指令: ReadIdlePurgeAll
请求帧: 01 04 00 1D 00 03 20 0D
响应帧: 超时, 等待RTU响应超时, 01 04 06 00 00 00 00 00 00
处理结果: 失败
失败原因: 超时, 等待RTU响应超时
发送次数: 1/1
[2026-06-02 17:16:07] [WARN] [MonitorDataTask][QRCode:12062] 指令完成
指令: ReadIdlePurgeAll
请求帧: 01 04 00 1D 00 03 20 0D
响应帧: 超时, 等待RTU响应超时, 01 04 06 00 00 00 00 00 00
处理结果: 失败
失败原因: 超时, 等待RTU响应超时
发送次数: 1/1
[2026-06-02 17:16:07] [WARN] [MonitorDataTask][QRCode:12040] 指令完成
指令: ReadIdlePurgeAll
请求帧: 01 04 00 1D 00 03 20 0D
响应帧: 超时, 等待RTU响应超时, 01 04 06 00 00 00 00 00 00
处理结果: 失败
失败原因: 超时, 等待RTU响应超时
发送次数: 1/1
[2026-06-02 17:16:07] [WARN] [MonitorDataTask][QRCode:12035] 指令完成
指令: ReadIdlePurgeAll
请求帧: 01 04 00 1D 00 03 20 0D
响应帧: 超时, 等待RTU响应超时, 01 04 06 00 00 00 00 00 00
处理结果: 失败
失败原因: 超时, 等待RTU响应超时
发送次数: 1/1
[2026-06-02 17:16:07] [WARN] [MonitorDataTask][QRCode:12015] 指令完成
指令: ReadIdlePurgeAll
请求帧: 01 04 00 1D 00 03 20 0D
响应帧: 超时, 等待RTU响应超时, 01 04 06 00 00 00 00 00 00
处理结果: 失败
失败原因: 超时, 等待RTU响应超时
发送次数: 1/1
[2026-06-02 17:16:08] [WARN] [MonitorDataTask][QRCode:12076] 指令完成
指令: ReadIdlePurgeAll
请求帧: 01 04 00 1D 00 03 20 0D
响应帧: 超时, 等待RTU响应超时, 01 04 06 00 00 00 00 00 00
处理结果: 失败
失败原因: 超时, 等待RTU响应超时
发送次数: 1/1
[2026-06-02 17:16:08] [WARN] [MonitorDataTask][QRCode:12043] 指令完成
指令: ReadIdlePurgeAll
请求帧: 01 04 00 1D 00 03 20 0D
响应帧: 超时, 等待RTU响应超时, 01 04 06 00 00 00 00 00 00
处理结果: 失败
失败原因: 超时, 等待RTU响应超时
发送次数: 1/1
[2026-06-02 17:16:08] [WARN] [MonitorDataTask][QRCode:12068] 指令完成
指令: ReadIdlePurgeAll
请求帧: 01 04 00 1D 00 03 20 0D
响应帧: 超时, 等待RTU响应超时, 01 04 06 00 00 00 00 00 00
处理结果: 失败
失败原因: 超时, 等待RTU响应超时
发送次数: 1/1
[2026-06-02 17:16:08] [WARN] [MonitorDataTask][QRCode:12052] 指令完成
指令: ReadIdlePurgeAll
请求帧: 01 04 00 1D 00 03 20 0D
响应帧: 超时, 等待RTU响应超时, 01 04 06 00 00 00 00 00 00
处理结果: 失败
失败原因: 超时, 等待RTU响应超时
发送次数: 1/1
[2026-06-02 17:16:08] [WARN] [MonitorDataTask][QRCode:12012] 指令完成
指令: ReadIdlePurgeAll
请求帧: 01 04 00 1D 00 03 20 0D
响应帧: 超时, 等待RTU响应超时, 01 04 06 00 00 00 00 00 00
处理结果: 失败
失败原因: 超时, 等待RTU响应超时
发送次数: 1/1
[2026-06-02 17:16:08] [WARN] [MonitorDataTask][QRCode:12061] 指令完成
指令: ReadIdlePurgeAll
请求帧: 01 04 00 1D 00 03 20 0D
响应帧: 超时, 等待RTU响应超时, 01 04 06 00 00 00 00 00 00
处理结果: 失败
失败原因: 超时, 等待RTU响应超时
发送次数: 1/1
[2026-06-02 17:16:08] [WARN] [MonitorDataTask][QRCode:12057] 指令完成
指令: ReadIdlePurgeAll
请求帧: 01 04 00 1D 00 03 20 0D
响应帧: 超时, 等待RTU响应超时, 01 04 06 00 00 00 00 00 00
处理结果: 失败
失败原因: 超时, 等待RTU响应超时
发送次数: 1/1
[2026-06-02 17:16:08] [WARN] [MonitorDataTask][QRCode:12049] 指令完成
指令: ReadIdlePurgeAll
请求帧: 01 04 00 1D 00 03 20 0D
响应帧: 超时, 等待RTU响应超时, 01 04 06 00 00 00 00 00 00
处理结果: 失败
失败原因: 超时, 等待RTU响应超时
发送次数: 1/1
[2026-06-02 17:16:08] [WARN] [MonitorDataTask][QRCode:12024] 指令完成
指令: ReadIdlePurgeAll
请求帧: 01 04 00 1D 00 03 20 0D
响应帧: 超时, 等待RTU响应超时, 01 04 06 00 00 00 00 00 00
处理结果: 失败
失败原因: 超时, 等待RTU响应超时
发送次数: 1/1
[2026-06-02 17:16:08] [WARN] [MonitorDataTask][QRCode:12080] 指令完成
指令: ReadIdlePurgeAll
请求帧: 01 04 00 1D 00 03 20 0D
响应帧: 超时, 等待RTU响应超时, 01 04 06 00 00 00 00 00 00
处理结果: 失败
失败原因: 超时, 等待RTU响应超时
发送次数: 1/1
[2026-06-02 17:16:08] [WARN] [MonitorDataTask][QRCode:12011] 指令完成
指令: ReadIdlePurgeAll
请求帧: 01 04 00 1D 00 03 20 0D
响应帧: 超时, 等待RTU响应超时, 01 04 06 00 00 00 00 00 00
处理结果: 失败
失败原因: 超时, 等待RTU响应超时
发送次数: 1/1
[2026-06-02 17:16:08] [WARN] [MonitorDataTask][QRCode:12074] 指令完成
指令: ReadIdlePurgeAll
请求帧: 01 04 00 1D 00 03 20 0D
响应帧: 超时, 等待RTU响应超时, 01 04 06 00 00 00 00 00 00
处理结果: 失败
失败原因: 超时, 等待RTU响应超时
发送次数: 1/1
[2026-06-02 17:16:08] [WARN] [MonitorDataTask][QRCode:12013] 指令完成
指令: ReadIdlePurgeAll
请求帧: 01 04 00 1D 00 03 20 0D
响应帧: 超时, 等待RTU响应超时, 01 04 06 00 00 00 00 00 00
处理结果: 失败
失败原因: 超时, 等待RTU响应超时
发送次数: 1/1
[2026-06-02 17:16:08] [WARN] [MonitorDataTask][QRCode:12004] 指令完成
指令: ReadIdlePurgeAll
请求帧: 01 04 00 1D 00 03 20 0D
响应帧: 超时, 等待RTU响应超时, 01 04 06 00 00 00 00 00 00
处理结果: 失败
失败原因: 超时, 等待RTU响应超时
发送次数: 1/1
[2026-06-02 17:16:08] [WARN] [MonitorDataTask][QRCode:12071] 指令完成
指令: ReadIdlePurgeAll
请求帧: 01 04 00 1D 00 03 20 0D
响应帧: 超时, 等待RTU响应超时, 01 04 06 00 00 00 00 00 00
处理结果: 失败
失败原因: 超时, 等待RTU响应超时
发送次数: 1/1
[2026-06-02 17:16:08] [WARN] [MonitorDataTask][QRCode:12044] 指令完成
指令: ReadIdlePurgeAll
请求帧: 01 04 00 1D 00 03 20 0D
响应帧: 超时, 等待RTU响应超时, 01 04 06 00 00 00 00 00 00
处理结果: 失败
失败原因: 超时, 等待RTU响应超时
发送次数: 1/1
[2026-06-02 17:16:08] [WARN] [MonitorDataTask][QRCode:12055] 指令完成
指令: ReadIdlePurgeAll
请求帧: 01 04 00 1D 00 03 20 0D
响应帧: 超时, 等待RTU响应超时, 01 04 06 00 00 00 00 00 00
处理结果: 失败
失败原因: 超时, 等待RTU响应超时
发送次数: 1/1
[2026-06-02 17:16:08] [WARN] [MonitorDataTask][QRCode:12045] 指令完成
指令: ReadIdlePurgeAll
请求帧: 01 04 00 1D 00 03 20 0D
响应帧: 超时, 等待RTU响应超时, 01 04 06 00 00 00 00 00 00
处理结果: 失败
失败原因: 超时, 等待RTU响应超时
发送次数: 1/1
[2026-06-02 17:16:08] [WARN] [MonitorDataTask][QRCode:12073] 指令完成
指令: ReadIdlePurgeAll
请求帧: 01 04 00 1D 00 03 20 0D
响应帧: 超时, 等待RTU响应超时, 01 04 06 00 00 00 00 00 00
处理结果: 失败
失败原因: 超时, 等待RTU响应超时
发送次数: 1/1
[2026-06-02 17:16:08] [WARN] [MonitorDataTask][QRCode:12031] 指令完成
指令: ReadIdlePurgeAll
请求帧: 01 04 00 1D 00 03 20 0D
响应帧: 超时, 等待RTU响应超时, 01 04 06 00 00 00 00 00 00
处理结果: 失败
失败原因: 超时, 等待RTU响应超时
发送次数: 1/1
[2026-06-02 17:16:08] [WARN] [MonitorDataTask][QRCode:12054] 指令完成
指令: ReadIdlePurgeAll
请求帧: 01 04 00 1D 00 03 20 0D
响应帧: 超时, 等待RTU响应超时, 01 04 06 00 00 00 00 00 00
处理结果: 失败
失败原因: 超时, 等待RTU响应超时
发送次数: 1/1
[2026-06-02 17:16:08] [WARN] [MonitorDataTask][QRCode:12032] 指令完成
指令: ReadIdlePurgeAll
请求帧: 01 04 00 1D 00 03 20 0D
响应帧: 超时, 等待RTU响应超时, 01 04 06 00 00 00 00 00 00
处理结果: 失败
失败原因: 超时, 等待RTU响应超时
发送次数: 1/1
[2026-06-02 17:16:08] [WARN] [MonitorDataTask][QRCode:12037] 指令完成
指令: ReadIdlePurgeAll
请求帧: 01 04 00 1D 00 03 20 0D
响应帧: 超时, 等待RTU响应超时, 01 04 06 00 00 00 00 00 00
处理结果: 失败
失败原因: 超时, 等待RTU响应超时
发送次数: 1/1
[2026-06-02 17:16:08] [WARN] [MonitorDataTask][QRCode:12027] 指令完成
指令: ReadIdlePurgeAll
请求帧: 01 04 00 1D 00 03 20 0D
响应帧: 超时, 等待RTU响应超时, 01 04 06 00 00 00 00 00 00
处理结果: 失败
失败原因: 超时, 等待RTU响应超时
发送次数: 1/1
[2026-06-02 17:16:08] [WARN] [MonitorDataTask][QRCode:12046] 指令完成
指令: ReadIdlePurgeAll
请求帧: 01 04 00 1D 00 03 20 0D
响应帧: 超时, 等待RTU响应超时, 01 04 06 00 00 00 00 00 00
处理结果: 失败
失败原因: 超时, 等待RTU响应超时
发送次数: 1/1
[2026-06-02 17:16:08] [WARN] [MonitorDataTask][QRCode:12008] 指令完成
指令: ReadIdlePurgeAll
请求帧: 01 04 00 1D 00 03 20 0D
响应帧: 超时, 等待RTU响应超时, 01 04 06 00 00 00 00 00 00
处理结果: 失败
失败原因: 超时, 等待RTU响应超时
发送次数: 1/1
[2026-06-02 17:16:08] [WARN] [MonitorDataTask][QRCode:12025] 指令完成
指令: ReadIdlePurgeAll
请求帧: 01 04 00 1D 00 03 20 0D
响应帧: 超时, 等待RTU响应超时, 01 04 06 00 00 00 00 00 00
处理结果: 失败
失败原因: 超时, 等待RTU响应超时
发送次数: 1/1
[2026-06-02 17:16:08] [WARN] [MonitorDataTask][QRCode:12053] 指令完成
指令: ReadIdlePurgeAll
请求帧: 01 04 00 1D 00 03 20 0D
响应帧: 超时, 等待RTU响应超时, 01 04 06 00 00 00 00 00 00
处理结果: 失败
失败原因: 超时, 等待RTU响应超时
发送次数: 1/1
[2026-06-02 17:16:08] [WARN] [MonitorDataTask][QRCode:12041] 指令完成
指令: ReadIdlePurgeAll
请求帧: 01 04 00 1D 00 03 20 0D
响应帧: 超时, 等待RTU响应超时, 01 04 06 00 00 00 00 00 00
处理结果: 失败
失败原因: 超时, 等待RTU响应超时
发送次数: 1/1
[2026-06-02 17:16:08] [WARN] [MonitorDataTask][QRCode:12079] 指令完成
指令: ReadIdlePurgeAll
请求帧: 01 04 00 1D 00 03 20 0D
响应帧: 超时, 等待RTU响应超时, 01 04 06 00 00 00 00 00 00
处理结果: 失败
失败原因: 超时, 等待RTU响应超时
发送次数: 1/1
[2026-06-02 17:16:08] [WARN] [MonitorDataTask][QRCode:12019] 指令完成
指令: ReadIdlePurgeAll
请求帧: 01 04 00 1D 00 03 20 0D
响应帧: 超时, 等待RTU响应超时, 01 04 06 00 00 00 00 00 00
处理结果: 失败
失败原因: 超时, 等待RTU响应超时
发送次数: 1/1
[2026-06-02 17:16:08] [WARN] [MonitorDataTask][QRCode:12058] 指令完成
指令: ReadIdlePurgeAll
请求帧: 01 04 00 1D 00 03 20 0D
响应帧: 超时, 等待RTU响应超时, 01 04 06 00 00 00 00 00 00
处理结果: 失败
失败原因: 超时, 等待RTU响应超时
发送次数: 1/1
[2026-06-02 17:16:08] [WARN] [MonitorDataTask][QRCode:12026] 指令完成
指令: ReadIdlePurgeAll
请求帧: 01 04 00 1D 00 03 20 0D
响应帧: 超时, 等待RTU响应超时, 01 04 06 00 00 00 00 00 00
处理结果: 失败
失败原因: 超时, 等待RTU响应超时
发送次数: 1/1
[2026-06-02 17:16:08] [WARN] [MonitorDataTask][QRCode:12033] 指令完成
指令: ReadIdlePurgeAll
请求帧: 01 04 00 1D 00 03 20 0D
响应帧: 超时, 等待RTU响应超时, 01 04 06 00 00 00 00 00 00
处理结果: 失败
失败原因: 超时, 等待RTU响应超时
发送次数: 1/1
[2026-06-02 17:16:08] [WARN] [MonitorDataTask][QRCode:12023] 指令完成
指令: ReadIdlePurgeAll
请求帧: 01 04 00 1D 00 03 20 0D
响应帧: 超时, 等待RTU响应超时, 01 04 06 00 00 00 00 00 00
处理结果: 失败
失败原因: 超时, 等待RTU响应超时
发送次数: 1/1
[2026-06-02 17:16:08] [WARN] [MonitorDataTask][QRCode:12070] 指令完成
指令: ReadIdlePurgeAll
请求帧: 01 04 00 1D 00 03 20 0D
响应帧: 超时, 等待RTU响应超时, 01 04 06 00 00 00 00 00 00
处理结果: 失败
失败原因: 超时, 等待RTU响应超时
发送次数: 1/1
[2026-06-02 17:16:08] [WARN] [MonitorDataTask][QRCode:12077] 指令完成
指令: ReadIdlePurgeAll
请求帧: 01 04 00 1D 00 03 20 0D
响应帧: 超时, 等待RTU响应超时, 01 04 06 00 00 00 00 00 00
处理结果: 失败
失败原因: 超时, 等待RTU响应超时
发送次数: 1/1
[2026-06-02 17:16:08] [WARN] [MonitorDataTask][QRCode:12005] 指令完成
指令: ReadIdlePurgeAll
请求帧: 01 04 00 1D 00 03 20 0D
响应帧: 超时, 等待RTU响应超时, 01 04 06 00 00 00 00 00 00
处理结果: 失败
失败原因: 超时, 等待RTU响应超时
发送次数: 1/1
[2026-06-02 17:16:08] [WARN] [MonitorDataTask][QRCode:12010] 指令完成
指令: ReadIdlePurgeAll
请求帧: 01 04 00 1D 00 03 20 0D
响应帧: 超时, 等待RTU响应超时, 01 04 06 00 00 00 00 00 00
处理结果: 失败
失败原因: 超时, 等待RTU响应超时
发送次数: 1/1
[2026-06-02 17:16:08] [WARN] [MonitorDataTask][QRCode:12065] 指令完成
指令: ReadIdlePurgeAll
请求帧: 01 04 00 1D 00 03 20 0D
响应帧: 超时, 等待RTU响应超时, 01 04 06 00 00 00 00 00 00
处理结果: 失败
失败原因: 超时, 等待RTU响应超时
发送次数: 1/1
[2026-06-02 17:16:08] [WARN] [MonitorDataTask][QRCode:12067] 指令完成
指令: ReadIdlePurgeAll
请求帧: 01 04 00 1D 00 03 20 0D
响应帧: 超时, 等待RTU响应超时, 01 04 06 00 00 00 00 00 00
处理结果: 失败
失败原因: 超时, 等待RTU响应超时
发送次数: 1/1
[2026-06-02 17:16:08] [WARN] [MonitorDataTask][QRCode:12016] 指令完成
指令: ReadIdlePurgeAll
请求帧: 01 04 00 1D 00 03 20 0D
响应帧: 超时, 等待RTU响应超时, 01 04 06 00 00 00 00 00 00
处理结果: 失败
失败原因: 超时, 等待RTU响应超时
发送次数: 1/1
[2026-06-02 17:16:08] [WARN] [MonitorDataTask][QRCode:12066] 指令完成
指令: ReadIdlePurgeAll
请求帧: 01 04 00 1D 00 03 20 0D
响应帧: 超时, 等待RTU响应超时, 01 04 06 00 00 00 00 00 00
处理结果: 失败
失败原因: 超时, 等待RTU响应超时
发送次数: 1/1
[2026-06-02 17:16:08] [WARN] [MonitorDataTask][QRCode:12072] 指令完成
指令: ReadIdlePurgeAll
请求帧: 01 04 00 1D 00 03 20 0D
响应帧: 超时, 等待RTU响应超时, 01 04 06 00 00 00 00 00 00
处理结果: 失败
失败原因: 超时, 等待RTU响应超时
发送次数: 1/1
[2026-06-02 17:16:08] [WARN] [MonitorDataTask][QRCode:12020] 指令完成
指令: ReadIdlePurgeAll
请求帧: 01 04 00 1D 00 03 20 0D
响应帧: 超时, 等待RTU响应超时, 01 04 06 00 00 00 00 00 00
处理结果: 失败
失败原因: 超时, 等待RTU响应超时
发送次数: 1/1
[2026-06-02 17:16:08] [WARN] [MonitorDataTask][QRCode:12030] 指令完成
指令: ReadIdlePurgeAll
请求帧: 01 04 00 1D 00 03 20 0D
响应帧: 超时, 等待RTU响应超时, 01 04 06 00 00 00 00 00 00
处理结果: 失败
失败原因: 超时, 等待RTU响应超时
发送次数: 1/1
[2026-06-02 17:16:08] [WARN] [MonitorDataTask][QRCode:12063] 指令完成
指令: ReadIdlePurgeAll
请求帧: 01 04 00 1D 00 03 20 0D
响应帧: 超时, 等待RTU响应超时, 01 04 06 00 00 00 00 00 00
处理结果: 失败
失败原因: 超时, 等待RTU响应超时
发送次数: 1/1
[2026-06-02 17:16:09] [WARN] [MonitorDataTask][QRCode:12028] 指令完成
指令: ReadIdlePurgeAll
请求帧: 01 04 00 1D 00 03 20 0D
响应帧: 超时, 等待RTU响应超时, 01 04 06 00 00 00 00 00 00
处理结果: 失败
失败原因: 超时, 等待RTU响应超时
发送次数: 1/1
[2026-06-02 17:16:09] [WARN] [MonitorDataTask][QRCode:12034] 指令完成
指令: ReadIdlePurgeAll
请求帧: 01 04 00 1D 00 03 20 0D
响应帧: 超时, 等待RTU响应超时, 01 04 06 00 00 00 00 00 00
处理结果: 失败
失败原因: 超时, 等待RTU响应超时
发送次数: 1/1
[2026-06-02 17:16:09] [WARN] [MonitorDataTask][QRCode:12056] 指令完成
指令: ReadIdlePurgeAll
请求帧: 01 04 00 1D 00 03 20 0D
响应帧: 超时, 等待RTU响应超时, 01 04 06 00 00 00 00 00 00
处理结果: 失败
失败原因: 超时, 等待RTU响应超时
发送次数: 1/1
[2026-06-02 17:16:09] [WARN] [MonitorDataTask][QRCode:12014] 指令完成
指令: ReadIdlePurgeAll
请求帧: 01 04 00 1D 00 03 20 0D
响应帧: 超时, 等待RTU响应超时, 01 04 06 00 00 00 00 00 00
处理结果: 失败
失败原因: 超时, 等待RTU响应超时
发送次数: 1/1
[2026-06-02 17:16:09] [WARN] [MonitorDataTask][QRCode:12075] 指令完成
指令: ReadIdlePurgeAll
请求帧: 01 04 00 1D 00 03 20 0D
响应帧: 超时, 等待RTU响应超时, 01 04 06 00 00 00 00 00 00
处理结果: 失败
失败原因: 超时, 等待RTU响应超时
发送次数: 1/1
[2026-06-02 17:16:09] [WARN] [MonitorDataTask][QRCode:12002] 指令完成
指令: ReadIdlePurgeAll
请求帧: 01 04 00 1D 00 03 20 0D
响应帧: 超时, 等待RTU响应超时, 01 04 06 00 00 00 00 00 00
处理结果: 失败
失败原因: 超时, 等待RTU响应超时
发送次数: 1/1
[2026-06-02 17:16:09] [WARN] [MonitorDataTask][QRCode:12051] 指令完成
指令: ReadIdlePurgeAll
请求帧: 01 04 00 1D 00 03 20 0D
响应帧: 超时, 等待RTU响应超时, 01 04 06 00 00 00 00 00 00
处理结果: 失败
失败原因: 超时, 等待RTU响应超时
发送次数: 1/1
[2026-06-02 17:16:09] [WARN] [MonitorDataTask][QRCode:12047] 指令完成
指令: ReadIdlePurgeAll
请求帧: 01 04 00 1D 00 03 20 0D
响应帧: 超时, 等待RTU响应超时, 01 04 06 00 00 00 00 00 00
处理结果: 失败
失败原因: 超时, 等待RTU响应超时
发送次数: 1/1
[2026-06-02 17:16:09] [WARN] [MonitorDataTask][QRCode:12078] 指令完成
指令: ReadIdlePurgeAll
请求帧: 01 04 00 1D 00 03 20 0D
响应帧: 超时, 等待RTU响应超时, 01 04 06 00 00 00 00 00 00
处理结果: 失败
失败原因: 超时, 等待RTU响应超时
发送次数: 1/1
[2026-06-02 17:16:09] [WARN] [MonitorDataTask][QRCode:12064] 指令完成
指令: ReadIdlePurgeAll
请求帧: 01 04 00 1D 00 03 20 0D
响应帧: 超时, 等待RTU响应超时, 01 04 06 00 00 00 00 00 00
处理结果: 失败
失败原因: 超时, 等待RTU响应超时
发送次数: 1/1
[2026-06-02 17:16:09] [WARN] [MonitorDataTask][QRCode:12021] 指令完成
指令: ReadIdlePurgeAll
请求帧: 01 04 00 1D 00 03 20 0D
响应帧: 超时, 等待RTU响应超时, 01 04 06 00 00 00 00 00 00
处理结果: 失败
失败原因: 超时, 等待RTU响应超时
发送次数: 1/1
[2026-06-02 17:16:09] [WARN] [MonitorDataTask][QRCode:12029] 指令完成
指令: ReadIdlePurgeAll
请求帧: 01 04 00 1D 00 03 20 0D
响应帧: 超时, 等待RTU响应超时, 01 04 06 00 00 00 00 00 00
处理结果: 失败
失败原因: 超时, 等待RTU响应超时
发送次数: 1/1
[2026-06-02 17:16:09] [WARN] [MonitorDataTask][QRCode:12009] 指令完成
指令: ReadIdlePurgeAll
请求帧: 01 04 00 1D 00 03 20 0D
响应帧: 超时, 等待RTU响应超时, 01 04 06 00 00 00 00 00 00
处理结果: 失败
失败原因: 超时, 等待RTU响应超时
发送次数: 1/1
[2026-06-02 17:16:09] [WARN] [MonitorDataTask][QRCode:12017] 指令完成
指令: ReadIdlePurgeAll
请求帧: 01 04 00 1D 00 03 20 0D
响应帧: 超时, 等待RTU响应超时, 01 04 06 00 00 00 00 00 00
处理结果: 失败
失败原因: 超时, 等待RTU响应超时
发送次数: 1/1
[2026-06-02 17:16:09] [WARN] [MonitorDataTask][QRCode:12001] 指令完成
指令: ReadIdlePurgeAll
请求帧: 01 04 00 1D 00 03 20 0D
响应帧: 超时, 等待RTU响应超时, 01 04 06 00 00 00 00 00 00
处理结果: 失败
失败原因: 超时, 等待RTU响应超时
发送次数: 1/1
[2026-06-02 17:16:09] [WARN] [MonitorDataTask][QRCode:12060] 指令完成
指令: ReadIdlePurgeAll
请求帧: 01 04 00 1D 00 03 20 0D
响应帧: 超时, 等待RTU响应超时, 01 04 06 00 00 00 00 00 00
处理结果: 失败
失败原因: 超时, 等待RTU响应超时
发送次数: 1/1
[2026-06-02 17:16:09] [WARN] [MonitorDataTask][QRCode:12003] 指令完成
指令: ReadIdlePurgeAll
请求帧: 01 04 00 1D 00 03 20 0D
响应帧: 超时, 等待RTU响应超时, 01 04 06 00 00 00 00 00 00
处理结果: 失败
失败原因: 超时, 等待RTU响应超时
发送次数: 1/1
[2026-06-02 17:16:09] [WARN] [MonitorDataTask][QRCode:12022] 指令完成
指令: ReadIdlePurgeAll
请求帧: 01 04 00 1D 00 03 20 0D
响应帧: 超时, 等待RTU响应超时, 01 04 06 00 00 00 00 00 00
处理结果: 失败
失败原因: 超时, 等待RTU响应超时
发送次数: 1/1
[2026-06-02 17:16:09] [WARN] [MonitorDataTask][QRCode:12018] 指令完成
指令: ReadIdlePurgeAll
请求帧: 01 04 00 1D 00 03 20 0D
响应帧: 超时, 等待RTU响应超时, 01 04 06 00 00 00 00 00 00
处理结果: 失败
失败原因: 超时, 等待RTU响应超时
发送次数: 1/1
[2026-06-02 17:16:09] [WARN] [MonitorDataTask][QRCode:12069] 指令完成
指令: ReadIdlePurgeAll
请求帧: 01 04 00 1D 00 03 20 0D
响应帧: 超时, 等待RTU响应超时, 01 04 06 00 00 00 00 00 00
处理结果: 失败
失败原因: 超时, 等待RTU响应超时
发送次数: 1/1
[2026-06-02 17:16:09] [WARN] [MonitorDataTask][QRCode:12042] 指令完成
指令: ReadIdlePurgeAll
请求帧: 01 04 00 1D 00 03 20 0D
响应帧: 超时, 等待RTU响应超时, 01 04 06 00 00 00 00 00 00
处理结果: 失败
失败原因: 超时, 等待RTU响应超时
发送次数: 1/1
[2026-06-02 17:16:09] [WARN] [MonitorDataTask][QRCode:12038] 指令完成
指令: ReadIdlePurgeAll
请求帧: 01 04 00 1D 00 03 20 0D
响应帧: 超时, 等待RTU响应超时, 01 04 06 00 00 00 00 00 00
处理结果: 失败
失败原因: 超时, 等待RTU响应超时
发送次数: 1/1
[2026-06-02 17:16:09] [WARN] [MonitorDataTask][QRCode:12059] 指令完成
指令: ReadIdlePurgeAll
请求帧: 01 04 00 1D 00 03 20 0D
响应帧: 超时, 等待RTU响应超时, 01 04 06 00 00 00 00 00 00
处理结果: 失败
失败原因: 超时, 等待RTU响应超时
发送次数: 1/1
[2026-06-02 17:16:09] [WARN] [MonitorDataTask][QRCode:12039] 指令完成
指令: ReadIdlePurgeAll
请求帧: 01 04 00 1D 00 03 20 0D
响应帧: 超时, 等待RTU响应超时, 01 04 06 00 00 00 00 00 00
处理结果: 失败
失败原因: 超时, 等待RTU响应超时
发送次数: 1/1
[2026-06-02 17:16:09] [WARN] [MonitorDataTask][QRCode:12050] 指令完成
指令: ReadIdlePurgeAll
请求帧: 01 04 00 1D 00 03 20 0D
响应帧: 超时, 等待RTU响应超时, 01 04 06 00 00 00 00 00 00
处理结果: 失败
失败原因: 超时, 等待RTU响应超时
发送次数: 1/1
[2026-06-02 17:16:09] [WARN] [MonitorDataTask][QRCode:12007] 指令完成
指令: ReadIdlePurgeAll
请求帧: 01 04 00 1D 00 03 20 0D
响应帧: 超时, 等待RTU响应超时, 01 04 06 00 00 00 00 00 00
处理结果: 失败
失败原因: 超时, 等待RTU响应超时
发送次数: 1/1
[2026-06-02 17:16:09] [WARN] [MonitorDataTask][QRCode:12048] 指令完成
指令: ReadIdlePurgeAll
请求帧: 01 04 00 1D 00 03 20 0D
响应帧: 超时, 等待RTU响应超时, 01 04 06 00 00 00 00 00 00
处理结果: 失败
失败原因: 超时, 等待RTU响应超时
发送次数: 1/1
[2026-06-02 17:16:09] [WARN] [MonitorDataTask][QRCode:12062] 指令完成
指令: ReadIdlePurgeAll
请求帧: 01 04 00 1D 00 03 20 0D
响应帧: 超时, 等待RTU响应超时, 01 04 06 00 00 00 00 00 00
处理结果: 失败
失败原因: 超时, 等待RTU响应超时
发送次数: 1/1
[2026-06-02 17:16:09] [WARN] [MonitorDataTask][QRCode:12036] 指令完成
指令: ReadIdlePurgeAll
请求帧: 01 04 00 1D 00 03 20 0D
响应帧: 超时, 等待RTU响应超时, 01 04 06 00 00 00 00 00 00
处理结果: 失败
失败原因: 超时, 等待RTU响应超时
发送次数: 1/1
[2026-06-02 17:16:09] [WARN] [MonitorDataTask][QRCode:12006] 指令完成
指令: ReadIdlePurgeAll
请求帧: 01 04 00 1D 00 03 20 0D
响应帧: 超时, 等待RTU响应超时, 01 04 06 00 00 00 00 00 00
处理结果: 失败
失败原因: 超时, 等待RTU响应超时
发送次数: 1/1
[2026-06-02 17:16:09] [WARN] [MonitorDataTask][QRCode:12040] 指令完成
指令: ReadIdlePurgeAll
请求帧: 01 04 00 1D 00 03 20 0D
响应帧: 超时, 等待RTU响应超时, 01 04 06 00 00 00 00 00 00
处理结果: 失败
失败原因: 超时, 等待RTU响应超时
发送次数: 1/1
[2026-06-02 17:16:09] [WARN] [MonitorDataTask][QRCode:12015] 指令完成
指令: ReadIdlePurgeAll
请求帧: 01 04 00 1D 00 03 20 0D
响应帧: 超时, 等待RTU响应超时, 01 04 06 00 00 00 00 00 00
处理结果: 失败
失败原因: 超时, 等待RTU响应超时
发送次数: 1/1
[2026-06-02 17:16:09] [WARN] [MonitorDataTask][QRCode:12035] 指令完成
指令: ReadIdlePurgeAll
请求帧: 01 04 00 1D 00 03 20 0D
响应帧: 超时, 等待RTU响应超时, 01 04 06 00 00 00 00 00 00
处理结果: 失败
失败原因: 超时, 等待RTU响应超时
发送次数: 1/1
[2026-06-02 17:16:09] [WARN] [MonitorDataTask][QRCode:12052] 指令完成
指令: ReadIdlePurgeAll
请求帧: 01 04 00 1D 00 03 20 0D
响应帧: 超时, 等待RTU响应超时, 01 04 06 00 00 00 00 00 00
处理结果: 失败
失败原因: 超时, 等待RTU响应超时
发送次数: 1/1
[2026-06-02 17:16:09] [WARN] [MonitorDataTask][QRCode:12076] 指令完成
指令: ReadIdlePurgeAll
请求帧: 01 04 00 1D 00 03 20 0D
响应帧: 超时, 等待RTU响应超时, 01 04 06 00 00 00 00 00 00
处理结果: 失败
失败原因: 超时, 等待RTU响应超时
发送次数: 1/1
[2026-06-02 17:16:09] [WARN] [MonitorDataTask][QRCode:12068] 指令完成
指令: ReadIdlePurgeAll
请求帧: 01 04 00 1D 00 03 20 0D
响应帧: 超时, 等待RTU响应超时, 01 04 06 00 00 00 00 00 00
处理结果: 失败
失败原因: 超时, 等待RTU响应超时
发送次数: 1/1
[2026-06-02 17:16:09] [WARN] [MonitorDataTask][QRCode:12043] 指令完成
指令: ReadIdlePurgeAll
请求帧: 01 04 00 1D 00 03 20 0D
响应帧: 超时, 等待RTU响应超时, 01 04 06 00 00 00 00 00 00
处理结果: 失败
失败原因: 超时, 等待RTU响应超时
发送次数: 1/1
[2026-06-02 17:16:09] [WARN] [MonitorDataTask][QRCode:12012] 指令完成
指令: ReadIdlePurgeAll
请求帧: 01 04 00 1D 00 03 20 0D
响应帧: 超时, 等待RTU响应超时, 01 04 06 00 00 00 00 00 00
处理结果: 失败
失败原因: 超时, 等待RTU响应超时
发送次数: 1/1
[2026-06-02 17:16:09] [WARN] [MonitorDataTask][QRCode:12057] 指令完成
指令: ReadIdlePurgeAll
请求帧: 01 04 00 1D 00 03 20 0D
响应帧: 超时, 等待RTU响应超时, 01 04 06 00 00 00 00 00 00
处理结果: 失败
失败原因: 超时, 等待RTU响应超时
发送次数: 1/1
[2026-06-02 17:16:09] [WARN] [MonitorDataTask][QRCode:12061] 指令完成
指令: ReadIdlePurgeAll
请求帧: 01 04 00 1D 00 03 20 0D
响应帧: 超时, 等待RTU响应超时, 01 04 06 00 00 00 00 00 00
处理结果: 失败
失败原因: 超时, 等待RTU响应超时
发送次数: 1/1
[2026-06-02 17:16:09] [WARN] [MonitorDataTask][QRCode:12049] 指令完成
指令: ReadIdlePurgeAll
请求帧: 01 04 00 1D 00 03 20 0D
响应帧: 超时, 等待RTU响应超时, 01 04 06 00 00 00 00 00 00
处理结果: 失败
失败原因: 超时, 等待RTU响应超时
发送次数: 1/1
[2026-06-02 17:16:09] [WARN] [MonitorDataTask][QRCode:12024] 指令完成
指令: ReadIdlePurgeAll
请求帧: 01 04 00 1D 00 03 20 0D
响应帧: 超时, 等待RTU响应超时, 01 04 06 00 00 00 00 00 00
处理结果: 失败
失败原因: 超时, 等待RTU响应超时
发送次数: 1/1
[2026-06-02 17:16:09] [WARN] [MonitorDataTask][QRCode:12080] 指令完成
指令: ReadIdlePurgeAll
请求帧: 01 04 00 1D 00 03 20 0D
响应帧: 超时, 等待RTU响应超时, 01 04 06 00 00 00 00 00 00
处理结果: 失败
失败原因: 超时, 等待RTU响应超时
发送次数: 1/1
[2026-06-02 17:16:09] [WARN] [MonitorDataTask][QRCode:12055] 指令完成
指令: ReadIdlePurgeAll
请求帧: 01 04 00 1D 00 03 20 0D
响应帧: 超时, 等待RTU响应超时, 01 04 06 00 00 00 00 00 00
处理结果: 失败
失败原因: 超时, 等待RTU响应超时
发送次数: 1/1
[2026-06-02 17:16:09] [WARN] [MonitorDataTask][QRCode:12004] 指令完成
指令: ReadIdlePurgeAll
请求帧: 01 04 00 1D 00 03 20 0D
响应帧: 超时, 等待RTU响应超时, 01 04 06 00 00 00 00 00 00
处理结果: 失败
失败原因: 超时, 等待RTU响应超时
发送次数: 1/1
[2026-06-02 17:16:09] [WARN] [MonitorDataTask][QRCode:12013] 指令完成
指令: ReadIdlePurgeAll
请求帧: 01 04 00 1D 00 03 20 0D
响应帧: 超时, 等待RTU响应超时, 01 04 06 00 00 00 00 00 00
处理结果: 失败
失败原因: 超时, 等待RTU响应超时
发送次数: 1/1
[2026-06-02 17:16:09] [WARN] [MonitorDataTask][QRCode:12071] 指令完成
指令: ReadIdlePurgeAll
请求帧: 01 04 00 1D 00 03 20 0D
响应帧: 超时, 等待RTU响应超时, 01 04 06 00 00 00 00 00 00
处理结果: 失败
失败原因: 超时, 等待RTU响应超时
发送次数: 1/1
[2026-06-02 17:16:09] [WARN] [MonitorDataTask][QRCode:12074] 指令完成
指令: ReadIdlePurgeAll
请求帧: 01 04 00 1D 00 03 20 0D
响应帧: 超时, 等待RTU响应超时, 01 04 06 00 00 00 00 00 00
处理结果: 失败
失败原因: 超时, 等待RTU响应超时
发送次数: 1/1
[2026-06-02 17:16:09] [WARN] [MonitorDataTask][QRCode:12011] 指令完成
指令: ReadIdlePurgeAll
请求帧: 01 04 00 1D 00 03 20 0D
响应帧: 超时, 等待RTU响应超时, 01 04 06 00 00 00 00 00 00
处理结果: 失败
失败原因: 超时, 等待RTU响应超时
发送次数: 1/1
[2026-06-02 17:16:09] [WARN] [MonitorDataTask][QRCode:12044] 指令完成
指令: ReadIdlePurgeAll
请求帧: 01 04 00 1D 00 03 20 0D
响应帧: 超时, 等待RTU响应超时, 01 04 06 00 00 00 00 00 00
处理结果: 失败
失败原因: 超时, 等待RTU响应超时
发送次数: 1/1
[2026-06-02 17:16:09] [WARN] [MonitorDataTask][QRCode:12031] 指令完成
指令: ReadIdlePurgeAll
请求帧: 01 04 00 1D 00 03 20 0D
响应帧: 超时, 等待RTU响应超时, 01 04 06 00 00 00 00 00 00
处理结果: 失败
失败原因: 超时, 等待RTU响应超时
发送次数: 1/1
[2026-06-02 17:16:09] [WARN] [MonitorDataTask][QRCode:12045] 指令完成
指令: ReadIdlePurgeAll
请求帧: 01 04 00 1D 00 03 20 0D
响应帧: 超时, 等待RTU响应超时, 01 04 06 00 00 00 00 00 00
处理结果: 失败
失败原因: 超时, 等待RTU响应超时
发送次数: 1/1
[2026-06-02 17:16:09] [WARN] [MonitorDataTask][QRCode:12073] 指令完成
指令: ReadIdlePurgeAll
请求帧: 01 04 00 1D 00 03 20 0D
响应帧: 超时, 等待RTU响应超时, 01 04 06 00 00 00 00 00 00
处理结果: 失败
失败原因: 超时, 等待RTU响应超时
发送次数: 1/1
[2026-06-02 17:16:09] [WARN] [MonitorDataTask][QRCode:12054] 指令完成
指令: ReadIdlePurgeAll
请求帧: 01 04 00 1D 00 03 20 0D
响应帧: 超时, 等待RTU响应超时, 01 04 06 00 00 00 00 00 00
处理结果: 失败
失败原因: 超时, 等待RTU响应超时
发送次数: 1/1
[2026-06-02 17:16:09] [WARN] [MonitorDataTask][QRCode:12032] 指令完成
指令: ReadIdlePurgeAll
请求帧: 01 04 00 1D 00 03 20 0D
响应帧: 超时, 等待RTU响应超时, 01 04 06 00 00 00 00 00 00
处理结果: 失败
失败原因: 超时, 等待RTU响应超时
发送次数: 1/1
[2026-06-02 17:16:09] [WARN] [MonitorDataTask][QRCode:12037] 指令完成
指令: ReadIdlePurgeAll
请求帧: 01 04 00 1D 00 03 20 0D
响应帧: 超时, 等待RTU响应超时, 01 04 06 00 00 00 00 00 00
处理结果: 失败
失败原因: 超时, 等待RTU响应超时
发送次数: 1/1
[2026-06-02 17:16:09] [WARN] [MonitorDataTask][QRCode:12027] 指令完成
指令: ReadIdlePurgeAll
请求帧: 01 04 00 1D 00 03 20 0D
响应帧: 超时, 等待RTU响应超时, 01 04 06 00 00 00 00 00 00
处理结果: 失败
失败原因: 超时, 等待RTU响应超时
发送次数: 1/1
[2026-06-02 17:16:10] [WARN] [MonitorDataTask][QRCode:12046] 指令完成
指令: ReadIdlePurgeAll
请求帧: 01 04 00 1D 00 03 20 0D
响应帧: 超时, 等待RTU响应超时, 01 04 06 00 00 00 00 00 00
处理结果: 失败
失败原因: 超时, 等待RTU响应超时
发送次数: 1/1
[2026-06-02 17:16:10] [WARN] [MonitorDataTask][QRCode:12008] 指令完成
指令: ReadIdlePurgeAll
请求帧: 01 04 00 1D 00 03 20 0D
响应帧: 超时, 等待RTU响应超时, 01 04 06 00 00 00 00 00 00
处理结果: 失败
失败原因: 超时, 等待RTU响应超时
发送次数: 1/1
[2026-06-02 17:16:10] [WARN] [MonitorDataTask][QRCode:12025] 指令完成
指令: ReadIdlePurgeAll
请求帧: 01 04 00 1D 00 03 20 0D
响应帧: 超时, 等待RTU响应超时, 01 04 06 00 00 00 00 00 00
处理结果: 失败
失败原因: 超时, 等待RTU响应超时
发送次数: 1/1
[2026-06-02 17:16:10] [WARN] [MonitorDataTask][QRCode:12053] 指令完成
指令: ReadIdlePurgeAll
请求帧: 01 04 00 1D 00 03 20 0D
响应帧: 超时, 等待RTU响应超时, 01 04 06 00 00 00 00 00 00
处理结果: 失败
失败原因: 超时, 等待RTU响应超时
发送次数: 1/1
[2026-06-02 17:16:10] [WARN] [MonitorDataTask][QRCode:12041] 指令完成
指令: ReadIdlePurgeAll
请求帧: 01 04 00 1D 00 03 20 0D
响应帧: 超时, 等待RTU响应超时, 01 04 06 00 00 00 00 00 00
处理结果: 失败
失败原因: 超时, 等待RTU响应超时
发送次数: 1/1
[2026-06-02 17:16:10] [WARN] [MonitorDataTask][QRCode:12079] 指令完成
指令: ReadIdlePurgeAll
请求帧: 01 04 00 1D 00 03 20 0D
响应帧: 超时, 等待RTU响应超时, 01 04 06 00 00 00 00 00 00
处理结果: 失败
失败原因: 超时, 等待RTU响应超时
发送次数: 1/1
[2026-06-02 17:16:10] [WARN] [MonitorDataTask][QRCode:12019] 指令完成
指令: ReadIdlePurgeAll
请求帧: 01 04 00 1D 00 03 20 0D
响应帧: 超时, 等待RTU响应超时, 01 04 06 00 00 00 00 00 00
处理结果: 失败
失败原因: 超时, 等待RTU响应超时
发送次数: 1/1
[2026-06-02 17:16:10] [WARN] [MonitorDataTask][QRCode:12026] 指令完成
指令: ReadIdlePurgeAll
请求帧: 01 04 00 1D 00 03 20 0D
响应帧: 超时, 等待RTU响应超时, 01 04 06 00 00 00 00 00 00
处理结果: 失败
失败原因: 超时, 等待RTU响应超时
发送次数: 1/1
[2026-06-02 17:16:10] [WARN] [MonitorDataTask][QRCode:12058] 指令完成
指令: ReadIdlePurgeAll
请求帧: 01 04 00 1D 00 03 20 0D
响应帧: 超时, 等待RTU响应超时, 01 04 06 00 00 00 00 00 00
处理结果: 失败
失败原因: 超时, 等待RTU响应超时
发送次数: 1/1
[2026-06-02 17:16:10] [WARN] [MonitorDataTask][QRCode:12023] 指令完成
指令: ReadIdlePurgeAll
请求帧: 01 04 00 1D 00 03 20 0D
响应帧: 超时, 等待RTU响应超时, 01 04 06 00 00 00 00 00 00
处理结果: 失败
失败原因: 超时, 等待RTU响应超时
发送次数: 1/1
[2026-06-02 17:16:10] [WARN] [MonitorDataTask][QRCode:12033] 指令完成
指令: ReadIdlePurgeAll
请求帧: 01 04 00 1D 00 03 20 0D
响应帧: 超时, 等待RTU响应超时, 01 04 06 00 00 00 00 00 00
处理结果: 失败
失败原因: 超时, 等待RTU响应超时
发送次数: 1/1
[2026-06-02 17:16:10] [WARN] [MonitorDataTask][QRCode:12005] 指令完成
指令: ReadIdlePurgeAll
请求帧: 01 04 00 1D 00 03 20 0D
响应帧: 超时, 等待RTU响应超时, 01 04 06 00 00 00 00 00 00
处理结果: 失败
失败原因: 超时, 等待RTU响应超时
发送次数: 1/1
[2026-06-02 17:16:10] [WARN] [MonitorDataTask][QRCode:12067] 指令完成
指令: ReadIdlePurgeAll
请求帧: 01 04 00 1D 00 03 20 0D
响应帧: 超时, 等待RTU响应超时, 01 04 06 00 00 00 00 00 00
处理结果: 失败
失败原因: 超时, 等待RTU响应超时
发送次数: 1/1
[2026-06-02 17:16:10] [WARN] [MonitorDataTask][QRCode:12077] 指令完成
指令: ReadIdlePurgeAll
请求帧: 01 04 00 1D 00 03 20 0D
响应帧: 超时, 等待RTU响应超时, 01 04 06 00 00 00 00 00 00
处理结果: 失败
失败原因: 超时, 等待RTU响应超时
发送次数: 1/1
[2026-06-02 17:16:10] [WARN] [MonitorDataTask][QRCode:12065] 指令完成
指令: ReadIdlePurgeAll
请求帧: 01 04 00 1D 00 03 20 0D
响应帧: 超时, 等待RTU响应超时, 01 04 06 00 00 00 00 00 00
处理结果: 失败
失败原因: 超时, 等待RTU响应超时
发送次数: 1/1
[2026-06-02 17:16:10] [WARN] [MonitorDataTask][QRCode:12010] 指令完成
指令: ReadIdlePurgeAll
请求帧: 01 04 00 1D 00 03 20 0D
响应帧: 超时, 等待RTU响应超时, 01 04 06 00 00 00 00 00 00
处理结果: 失败
失败原因: 超时, 等待RTU响应超时
发送次数: 1/1
[2026-06-02 17:16:10] [WARN] [MonitorDataTask][QRCode:12070] 指令完成
指令: ReadIdlePurgeAll
请求帧: 01 04 00 1D 00 03 20 0D
响应帧: 超时, 等待RTU响应超时, 01 04 06 00 00 00 00 00 00
处理结果: 失败
失败原因: 超时, 等待RTU响应超时
发送次数: 1/1
[2026-06-02 17:16:10] [WARN] [MonitorDataTask][QRCode:12016] 指令完成
指令: ReadIdlePurgeAll
请求帧: 01 04 00 1D 00 03 20 0D
响应帧: 超时, 等待RTU响应超时, 01 04 06 00 00 00 00 00 00
处理结果: 失败
失败原因: 超时, 等待RTU响应超时
发送次数: 1/1
[2026-06-02 17:16:10] [WARN] [MonitorDataTask][QRCode:12072] 指令完成
指令: ReadIdlePurgeAll
请求帧: 01 04 00 1D 00 03 20 0D
响应帧: 超时, 等待RTU响应超时, 01 04 06 00 00 00 00 00 00
处理结果: 失败
失败原因: 超时, 等待RTU响应超时
发送次数: 1/1
[2026-06-02 17:16:10] [WARN] [MonitorDataTask][QRCode:12066] 指令完成
指令: ReadIdlePurgeAll
请求帧: 01 04 00 1D 00 03 20 0D
响应帧: 超时, 等待RTU响应超时, 01 04 06 00 00 00 00 00 00
处理结果: 失败
失败原因: 超时, 等待RTU响应超时
发送次数: 1/1
[2026-06-02 17:16:10] [WARN] [MonitorDataTask][QRCode:12020] 指令完成
指令: ReadIdlePurgeAll
请求帧: 01 04 00 1D 00 03 20 0D
响应帧: 超时, 等待RTU响应超时, 01 04 06 00 00 00 00 00 00
处理结果: 失败
失败原因: 超时, 等待RTU响应超时
发送次数: 1/1
[2026-06-02 17:16:10] [WARN] [MonitorDataTask][QRCode:12030] 指令完成
指令: ReadIdlePurgeAll
请求帧: 01 04 00 1D 00 03 20 0D
响应帧: 超时, 等待RTU响应超时, 01 04 06 00 00 00 00 00 00
处理结果: 失败
失败原因: 超时, 等待RTU响应超时
发送次数: 1/1
[2026-06-02 17:16:10] [WARN] [MonitorDataTask][QRCode:12063] 指令完成
指令: ReadIdlePurgeAll
请求帧: 01 04 00 1D 00 03 20 0D
响应帧: 超时, 等待RTU响应超时, 01 04 06 00 00 00 00 00 00
处理结果: 失败
失败原因: 超时, 等待RTU响应超时
发送次数: 1/1
[2026-06-02 17:16:10] [WARN] [MonitorDataTask][QRCode:12028] 指令完成
指令: ReadIdlePurgeAll
请求帧: 01 04 00 1D 00 03 20 0D
响应帧: 超时, 等待RTU响应超时, 01 04 06 00 00 00 00 00 00
处理结果: 失败
失败原因: 超时, 等待RTU响应超时
发送次数: 1/1
[2026-06-02 17:16:10] [WARN] [MonitorDataTask][QRCode:12034] 指令完成
指令: ReadIdlePurgeAll
请求帧: 01 04 00 1D 00 03 20 0D
响应帧: 超时, 等待RTU响应超时, 01 04 06 00 00 00 00 00 00
处理结果: 失败
失败原因: 超时, 等待RTU响应超时
发送次数: 1/1
[2026-06-02 17:16:10] [WARN] [MonitorDataTask][QRCode:12056] 指令完成
指令: ReadIdlePurgeAll
请求帧: 01 04 00 1D 00 03 20 0D
响应帧: 超时, 等待RTU响应超时, 01 04 06 00 00 00 00 00 00
处理结果: 失败
失败原因: 超时, 等待RTU响应超时
发送次数: 1/1
[2026-06-02 17:16:10] [WARN] [MonitorDataTask][QRCode:12075] 指令完成
指令: ReadIdlePurgeAll
请求帧: 01 04 00 1D 00 03 20 0D
响应帧: 超时, 等待RTU响应超时, 01 04 06 00 00 00 00 00 00
处理结果: 失败
失败原因: 超时, 等待RTU响应超时
发送次数: 1/1
[2026-06-02 17:16:10] [WARN] [MonitorDataTask][QRCode:12014] 指令完成
指令: ReadIdlePurgeAll
请求帧: 01 04 00 1D 00 03 20 0D
响应帧: 超时, 等待RTU响应超时, 01 04 06 00 00 00 00 00 00
处理结果: 失败
失败原因: 超时, 等待RTU响应超时
发送次数: 1/1
[2026-06-02 17:16:10] [WARN] [MonitorDataTask][QRCode:12002] 指令完成
指令: ReadIdlePurgeAll
请求帧: 01 04 00 1D 00 03 20 0D
响应帧: 超时, 等待RTU响应超时, 01 04 06 00 00 00 00 00 00
处理结果: 失败
失败原因: 超时, 等待RTU响应超时
发送次数: 1/1
[2026-06-02 17:16:10] [WARN] [MonitorDataTask][QRCode:12051] 指令完成
指令: ReadIdlePurgeAll
请求帧: 01 04 00 1D 00 03 20 0D
响应帧: 超时, 等待RTU响应超时, 01 04 06 00 00 00 00 00 00
处理结果: 失败
失败原因: 超时, 等待RTU响应超时
发送次数: 1/1
[2026-06-02 17:16:10] [WARN] [MonitorDataTask][QRCode:12047] 指令完成
指令: ReadIdlePurgeAll
请求帧: 01 04 00 1D 00 03 20 0D
响应帧: 超时, 等待RTU响应超时, 01 04 06 00 00 00 00 00 00
处理结果: 失败
失败原因: 超时, 等待RTU响应超时
发送次数: 1/1
[2026-06-02 17:16:10] [WARN] [MonitorDataTask][QRCode:12078] 指令完成
指令: ReadIdlePurgeAll
请求帧: 01 04 00 1D 00 03 20 0D
响应帧: 超时, 等待RTU响应超时, 01 04 06 00 00 00 00 00 00
处理结果: 失败
失败原因: 超时, 等待RTU响应超时
发送次数: 1/1
[2026-06-02 17:16:11] [WARN] [MonitorDataTask][QRCode:12001] 指令完成
指令: ReadIdlePurgeAll
请求帧: 01 04 00 1D 00 03 20 0D
响应帧: 超时, 等待RTU响应超时, 01 04 06 00 00 00 00 00 00
处理结果: 失败
失败原因: 超时, 等待RTU响应超时
发送次数: 1/1
[2026-06-02 17:16:11] [WARN] [MonitorDataTask][QRCode:12021] 指令完成
指令: ReadIdlePurgeAll
请求帧: 01 04 00 1D 00 03 20 0D
响应帧: 超时, 等待RTU响应超时, 01 04 06 00 00 00 00 00 00
处理结果: 失败
失败原因: 超时, 等待RTU响应超时
发送次数: 1/1
[2026-06-02 17:16:11] [WARN] [MonitorDataTask][QRCode:12029] 指令完成
指令: ReadIdlePurgeAll
请求帧: 01 04 00 1D 00 03 20 0D
响应帧: 超时, 等待RTU响应超时, 01 04 06 00 00 00 00 00 00
处理结果: 失败
失败原因: 超时, 等待RTU响应超时
发送次数: 1/1
[2026-06-02 17:16:11] [WARN] [MonitorDataTask][QRCode:12009] 指令完成
指令: ReadIdlePurgeAll
请求帧: 01 04 00 1D 00 03 20 0D
响应帧: 超时, 等待RTU响应超时, 01 04 06 00 00 00 00 00 00
处理结果: 失败
失败原因: 超时, 等待RTU响应超时
发送次数: 1/1
[2026-06-02 17:16:11] [WARN] [MonitorDataTask][QRCode:12003] 指令完成
指令: ReadIdlePurgeAll
请求帧: 01 04 00 1D 00 03 20 0D
响应帧: 超时, 等待RTU响应超时, 01 04 06 00 00 00 00 00 00
处理结果: 失败
失败原因: 超时, 等待RTU响应超时
发送次数: 1/1
[2026-06-02 17:16:11] [WARN] [MonitorDataTask][QRCode:12017] 指令完成
指令: ReadIdlePurgeAll
请求帧: 01 04 00 1D 00 03 20 0D
响应帧: 超时, 等待RTU响应超时, 01 04 06 00 00 00 00 00 00
处理结果: 失败
失败原因: 超时, 等待RTU响应超时
发送次数: 1/1
[2026-06-02 17:16:11] [WARN] [MonitorDataTask][QRCode:12064] 指令完成
指令: ReadIdlePurgeAll
请求帧: 01 04 00 1D 00 03 20 0D
响应帧: 超时, 等待RTU响应超时, 01 04 06 00 00 00 00 00 00
处理结果: 失败
失败原因: 超时, 等待RTU响应超时
发送次数: 1/1
[2026-06-02 17:16:11] [WARN] [MonitorDataTask][QRCode:12060] 指令完成
指令: ReadIdlePurgeAll
请求帧: 01 04 00 1D 00 03 20 0D
响应帧: 超时, 等待RTU响应超时, 01 04 06 00 00 00 00 00 00
处理结果: 失败
失败原因: 超时, 等待RTU响应超时
发送次数: 1/1
[2026-06-02 17:16:11] [WARN] [MonitorDataTask][QRCode:12022] 指令完成
指令: ReadIdlePurgeAll
请求帧: 01 04 00 1D 00 03 20 0D
响应帧: 超时, 等待RTU响应超时, 01 04 06 00 00 00 00 00 00
处理结果: 失败
失败原因: 超时, 等待RTU响应超时
发送次数: 1/1
[2026-06-02 17:16:11] [WARN] [MonitorDataTask][QRCode:12039] 指令完成
指令: ReadIdlePurgeAll
请求帧: 01 04 00 1D 00 03 20 0D
响应帧: 超时, 等待RTU响应超时, 01 04 06 00 00 00 00 00 00
处理结果: 失败
失败原因: 超时, 等待RTU响应超时
发送次数: 1/1
[2026-06-02 17:16:11] [WARN] [MonitorDataTask][QRCode:12006] 指令完成
指令: ReadIdlePurgeAll
请求帧: 01 04 00 1D 00 03 20 0D
响应帧: 超时, 等待RTU响应超时, 01 04 06 00 00 00 00 00 00
处理结果: 失败
失败原因: 超时, 等待RTU响应超时
发送次数: 1/1
[2026-06-02 17:16:11] [WARN] [MonitorDataTask][QRCode:12048] 指令完成
指令: ReadIdlePurgeAll
请求帧: 01 04 00 1D 00 03 20 0D
响应帧: 超时, 等待RTU响应超时, 01 04 06 00 00 00 00 00 00
处理结果: 失败
失败原因: 超时, 等待RTU响应超时
发送次数: 1/1
[2026-06-02 17:16:11] [WARN] [MonitorDataTask][QRCode:12062] 指令完成
指令: ReadIdlePurgeAll
请求帧: 01 04 00 1D 00 03 20 0D
响应帧: 超时, 等待RTU响应超时, 01 04 06 00 00 00 00 00 00
处理结果: 失败
失败原因: 超时, 等待RTU响应超时
发送次数: 1/1
[2026-06-02 17:16:11] [WARN] [MonitorDataTask][QRCode:12059] 指令完成
指令: ReadIdlePurgeAll
请求帧: 01 04 00 1D 00 03 20 0D
响应帧: 超时, 等待RTU响应超时, 01 04 06 00 00 00 00 00 00
处理结果: 失败
失败原因: 超时, 等待RTU响应超时
发送次数: 1/1
[2026-06-02 17:16:11] [WARN] [MonitorDataTask][QRCode:12038] 指令完成
指令: ReadIdlePurgeAll
请求帧: 01 04 00 1D 00 03 20 0D
响应帧: 超时, 等待RTU响应超时, 01 04 06 00 00 00 00 00 00
处理结果: 失败
失败原因: 超时, 等待RTU响应超时
发送次数: 1/1
[2026-06-02 17:16:11] [WARN] [MonitorDataTask][QRCode:12007] 指令完成
指令: ReadIdlePurgeAll
请求帧: 01 04 00 1D 00 03 20 0D
响应帧: 超时, 等待RTU响应超时, 01 04 06 00 00 00 00 00 00
处理结果: 失败
失败原因: 超时, 等待RTU响应超时
发送次数: 1/1
[2026-06-02 17:16:11] [WARN] [MonitorDataTask][QRCode:12069] 指令完成
指令: ReadIdlePurgeAll
请求帧: 01 04 00 1D 00 03 20 0D
响应帧: 超时, 等待RTU响应超时, 01 04 06 00 00 00 00 00 00
处理结果: 失败
失败原因: 超时, 等待RTU响应超时
发送次数: 1/1
[2026-06-02 17:16:11] [WARN] [MonitorDataTask][QRCode:12050] 指令完成
指令: ReadIdlePurgeAll
请求帧: 01 04 00 1D 00 03 20 0D
响应帧: 超时, 等待RTU响应超时, 01 04 06 00 00 00 00 00 00
处理结果: 失败
失败原因: 超时, 等待RTU响应超时
发送次数: 1/1
[2026-06-02 17:16:11] [WARN] [MonitorDataTask][QRCode:12036] 指令完成
指令: ReadIdlePurgeAll
请求帧: 01 04 00 1D 00 03 20 0D
响应帧: 超时, 等待RTU响应超时, 01 04 06 00 00 00 00 00 00
处理结果: 失败
失败原因: 超时, 等待RTU响应超时
发送次数: 1/1
[2026-06-02 17:16:11] [WARN] [MonitorDataTask][QRCode:12042] 指令完成
指令: ReadIdlePurgeAll
请求帧: 01 04 00 1D 00 03 20 0D
响应帧: 超时, 等待RTU响应超时, 01 04 06 00 00 00 00 00 00
处理结果: 失败
失败原因: 超时, 等待RTU响应超时
发送次数: 1/1
[2026-06-02 17:16:11] [WARN] [MonitorDataTask][QRCode:12018] 指令完成
指令: ReadIdlePurgeAll
请求帧: 01 04 00 1D 00 03 20 0D
响应帧: 超时, 等待RTU响应超时, 01 04 06 00 00 00 00 00 00
处理结果: 失败
失败原因: 超时, 等待RTU响应超时
发送次数: 1/1
[2026-06-02 17:16:11] [WARN] [MonitorDataTask][QRCode:12040] 指令完成
指令: ReadIdlePurgeAll
请求帧: 01 04 00 1D 00 03 20 0D
响应帧: 超时, 等待RTU响应超时, 01 04 06 00 00 00 00 00 00
处理结果: 失败
失败原因: 超时, 等待RTU响应超时
发送次数: 1/1
[2026-06-02 17:16:11] [WARN] [MonitorDataTask][QRCode:12015] 指令完成
指令: ReadIdlePurgeAll
请求帧: 01 04 00 1D 00 03 20 0D
响应帧: 超时, 等待RTU响应超时, 01 04 06 00 00 00 00 00 00
处理结果: 失败
失败原因: 超时, 等待RTU响应超时
发送次数: 1/1
[2026-06-02 17:16:11] [WARN] [MonitorDataTask][QRCode:12035] 指令完成
指令: ReadIdlePurgeAll
请求帧: 01 04 00 1D 00 03 20 0D
响应帧: 超时, 等待RTU响应超时, 01 04 06 00 00 00 00 00 00
处理结果: 失败
失败原因: 超时, 等待RTU响应超时
发送次数: 1/1
[2026-06-02 17:16:11] [WARN] [MonitorDataTask][QRCode:12043] 指令完成
指令: ReadIdlePurgeAll
请求帧: 01 04 00 1D 00 03 20 0D
响应帧: 超时, 等待RTU响应超时, 01 04 06 00 00 00 00 00 00
处理结果: 失败
失败原因: 超时, 等待RTU响应超时
发送次数: 1/1
[2026-06-02 17:16:11] [WARN] [MonitorDataTask][QRCode:12076] 指令完成
指令: ReadIdlePurgeAll
请求帧: 01 04 00 1D 00 03 20 0D
响应帧: 超时, 等待RTU响应超时, 01 04 06 00 00 00 00 00 00
处理结果: 失败
失败原因: 超时, 等待RTU响应超时
发送次数: 1/1
[2026-06-02 17:16:11] [WARN] [MonitorDataTask][QRCode:12052] 指令完成
指令: ReadIdlePurgeAll
请求帧: 01 04 00 1D 00 03 20 0D
响应帧: 超时, 等待RTU响应超时, 01 04 06 00 00 00 00 00 00
处理结果: 失败
失败原因: 超时, 等待RTU响应超时
发送次数: 1/1
[2026-06-02 17:16:11] [WARN] [MonitorDataTask][QRCode:12068] 指令完成
指令: ReadIdlePurgeAll
请求帧: 01 04 00 1D 00 03 20 0D
响应帧: 超时, 等待RTU响应超时, 01 04 06 00 00 00 00 00 00
处理结果: 失败
失败原因: 超时, 等待RTU响应超时
发送次数: 1/1
[2026-06-02 17:16:11] [WARN] [MonitorDataTask][QRCode:12012] 指令完成
指令: ReadIdlePurgeAll
请求帧: 01 04 00 1D 00 03 20 0D
响应帧: 超时, 等待RTU响应超时, 01 04 06 00 00 00 00 00 00
处理结果: 失败
失败原因: 超时, 等待RTU响应超时
发送次数: 1/1
[2026-06-02 17:16:11] [WARN] [MonitorDataTask][QRCode:12061] 指令完成
指令: ReadIdlePurgeAll
请求帧: 01 04 00 1D 00 03 20 0D
响应帧: 超时, 等待RTU响应超时, 01 04 06 00 00 00 00 00 00
处理结果: 失败
失败原因: 超时, 等待RTU响应超时
发送次数: 1/1
[2026-06-02 17:16:11] [WARN] [MonitorDataTask][QRCode:12057] 指令完成
指令: ReadIdlePurgeAll
请求帧: 01 04 00 1D 00 03 20 0D
响应帧: 超时, 等待RTU响应超时, 01 04 06 00 00 00 00 00 00
处理结果: 失败
失败原因: 超时, 等待RTU响应超时
发送次数: 1/1
[2026-06-02 17:16:11] [WARN] [MonitorDataTask][QRCode:12049] 指令完成
指令: ReadIdlePurgeAll
请求帧: 01 04 00 1D 00 03 20 0D
响应帧: 超时, 等待RTU响应超时, 01 04 06 00 00 00 00 00 00
处理结果: 失败
失败原因: 超时, 等待RTU响应超时
发送次数: 1/1
[2026-06-02 17:16:11] [WARN] [MonitorDataTask][QRCode:12024] 指令完成
指令: ReadIdlePurgeAll
请求帧: 01 04 00 1D 00 03 20 0D
响应帧: 超时, 等待RTU响应超时, 01 04 06 00 00 00 00 00 00
处理结果: 失败
失败原因: 超时, 等待RTU响应超时
发送次数: 1/1
[2026-06-02 17:16:11] [WARN] [MonitorDataTask][QRCode:12080] 指令完成
指令: ReadIdlePurgeAll
请求帧: 01 04 00 1D 00 03 20 0D
响应帧: 超时, 等待RTU响应超时, 01 04 06 00 00 00 00 00 00
处理结果: 失败
失败原因: 超时, 等待RTU响应超时
发送次数: 1/1
[2026-06-02 17:16:11] [WARN] [MonitorDataTask][QRCode:12011] 指令完成
指令: ReadIdlePurgeAll
请求帧: 01 04 00 1D 00 03 20 0D
响应帧: 超时, 等待RTU响应超时, 01 04 06 00 00 00 00 00 00
处理结果: 失败
失败原因: 超时, 等待RTU响应超时
发送次数: 1/1
[2026-06-02 17:16:11] [WARN] [MonitorDataTask][QRCode:12013] 指令完成
指令: ReadIdlePurgeAll
请求帧: 01 04 00 1D 00 03 20 0D
响应帧: 超时, 等待RTU响应超时, 01 04 06 00 00 00 00 00 00
处理结果: 失败
失败原因: 超时, 等待RTU响应超时
发送次数: 1/1
[2026-06-02 17:16:11] [WARN] [MonitorDataTask][QRCode:12004] 指令完成
指令: ReadIdlePurgeAll
请求帧: 01 04 00 1D 00 03 20 0D
响应帧: 超时, 等待RTU响应超时, 01 04 06 00 00 00 00 00 00
处理结果: 失败
失败原因: 超时, 等待RTU响应超时
发送次数: 1/1
[2026-06-02 17:16:11] [WARN] [MonitorDataTask][QRCode:12071] 指令完成
指令: ReadIdlePurgeAll
请求帧: 01 04 00 1D 00 03 20 0D
响应帧: 超时, 等待RTU响应超时, 01 04 06 00 00 00 00 00 00
处理结果: 失败
失败原因: 超时, 等待RTU响应超时
发送次数: 1/1
[2026-06-02 17:16:11] [WARN] [MonitorDataTask][QRCode:12074] 指令完成
指令: ReadIdlePurgeAll
请求帧: 01 04 00 1D 00 03 20 0D
响应帧: 超时, 等待RTU响应超时, 01 04 06 00 00 00 00 00 00
处理结果: 失败
失败原因: 超时, 等待RTU响应超时
发送次数: 1/1
[2026-06-02 17:16:11] [WARN] [MonitorDataTask][QRCode:12055] 指令完成
指令: ReadIdlePurgeAll
请求帧: 01 04 00 1D 00 03 20 0D
响应帧: 超时, 等待RTU响应超时, 01 04 06 00 00 00 00 00 00
处理结果: 失败
失败原因: 超时, 等待RTU响应超时
发送次数: 1/1
[2026-06-02 17:16:11] [WARN] [MonitorDataTask][QRCode:12044] 指令完成
指令: ReadIdlePurgeAll
请求帧: 01 04 00 1D 00 03 20 0D
响应帧: 超时, 等待RTU响应超时, 01 04 06 00 00 00 00 00 00
处理结果: 失败
失败原因: 超时, 等待RTU响应超时
发送次数: 1/1
[2026-06-02 17:16:11] [WARN] [MonitorDataTask][QRCode:12045] 指令完成
指令: ReadIdlePurgeAll
请求帧: 01 04 00 1D 00 03 20 0D
响应帧: 超时, 等待RTU响应超时, 01 04 06 00 00 00 00 00 00
处理结果: 失败
失败原因: 超时, 等待RTU响应超时
发送次数: 1/1
[2026-06-02 17:16:11] [WARN] [MonitorDataTask][QRCode:12073] 指令完成
指令: ReadIdlePurgeAll
请求帧: 01 04 00 1D 00 03 20 0D
响应帧: 超时, 等待RTU响应超时, 01 04 06 00 00 00 00 00 00
处理结果: 失败
失败原因: 超时, 等待RTU响应超时
发送次数: 1/1
[2026-06-02 17:16:11] [WARN] [MonitorDataTask][QRCode:12031] 指令完成
指令: ReadIdlePurgeAll
请求帧: 01 04 00 1D 00 03 20 0D
响应帧: 超时, 等待RTU响应超时, 01 04 06 00 00 00 00 00 00
处理结果: 失败
失败原因: 超时, 等待RTU响应超时
发送次数: 1/1
[2026-06-02 17:16:11] [WARN] [MonitorDataTask][QRCode:12054] 指令完成
指令: ReadIdlePurgeAll
请求帧: 01 04 00 1D 00 03 20 0D
响应帧: 超时, 等待RTU响应超时, 01 04 06 00 00 00 00 00 00
处理结果: 失败
失败原因: 超时, 等待RTU响应超时
发送次数: 1/1
[2026-06-02 17:16:11] [WARN] [MonitorDataTask][QRCode:12032] 指令完成
指令: ReadIdlePurgeAll
请求帧: 01 04 00 1D 00 03 20 0D
响应帧: 超时, 等待RTU响应超时, 01 04 06 00 00 00 00 00 00
处理结果: 失败
失败原因: 超时, 等待RTU响应超时
发送次数: 1/1
[2026-06-02 17:16:11] [WARN] [MonitorDataTask][QRCode:12037] 指令完成
指令: ReadIdlePurgeAll
请求帧: 01 04 00 1D 00 03 20 0D
响应帧: 超时, 等待RTU响应超时, 01 04 06 00 00 00 00 00 00
处理结果: 失败
失败原因: 超时, 等待RTU响应超时
发送次数: 1/1
[2026-06-02 17:16:11] [WARN] [MonitorDataTask][QRCode:12027] 指令完成
指令: ReadIdlePurgeAll
请求帧: 01 04 00 1D 00 03 20 0D
响应帧: 超时, 等待RTU响应超时, 01 04 06 00 00 00 00 00 00
处理结果: 失败
失败原因: 超时, 等待RTU响应超时
发送次数: 1/1
[2026-06-02 17:16:11] [WARN] [MonitorDataTask][QRCode:12046] 指令完成
指令: ReadIdlePurgeAll
请求帧: 01 04 00 1D 00 03 20 0D
响应帧: 超时, 等待RTU响应超时, 01 04 06 00 00 00 00 00 00
处理结果: 失败
失败原因: 超时, 等待RTU响应超时
发送次数: 1/1
[2026-06-02 17:16:11] [WARN] [MonitorDataTask][QRCode:12008] 指令完成
指令: ReadIdlePurgeAll
请求帧: 01 04 00 1D 00 03 20 0D
响应帧: 超时, 等待RTU响应超时, 01 04 06 00 00 00 00 00 00
处理结果: 失败
失败原因: 超时, 等待RTU响应超时
发送次数: 1/1
[2026-06-02 17:16:11] [WARN] [MonitorDataTask][QRCode:12025] 指令完成
指令: ReadIdlePurgeAll
请求帧: 01 04 00 1D 00 03 20 0D
响应帧: 超时, 等待RTU响应超时, 01 04 06 00 00 00 00 00 00
处理结果: 失败
失败原因: 超时, 等待RTU响应超时
发送次数: 1/1
[2026-06-02 17:16:11] [WARN] [MonitorDataTask][QRCode:12053] 指令完成
指令: ReadIdlePurgeAll
请求帧: 01 04 00 1D 00 03 20 0D
响应帧: 超时, 等待RTU响应超时, 01 04 06 00 00 00 00 00 00
处理结果: 失败
失败原因: 超时, 等待RTU响应超时
发送次数: 1/1
[2026-06-02 17:16:11] [WARN] [MonitorDataTask][QRCode:12041] 指令完成
指令: ReadIdlePurgeAll
请求帧: 01 04 00 1D 00 03 20 0D
响应帧: 超时, 等待RTU响应超时, 01 04 06 00 00 00 00 00 00
处理结果: 失败
失败原因: 超时, 等待RTU响应超时
发送次数: 1/1
[2026-06-02 17:16:11] [WARN] [MonitorDataTask][QRCode:12079] 指令完成
指令: ReadIdlePurgeAll
请求帧: 01 04 00 1D 00 03 20 0D
响应帧: 超时, 等待RTU响应超时, 01 04 06 00 00 00 00 00 00
处理结果: 失败
失败原因: 超时, 等待RTU响应超时
发送次数: 1/1
[2026-06-02 17:16:11] [WARN] [MonitorDataTask][QRCode:12019] 指令完成
指令: ReadIdlePurgeAll
请求帧: 01 04 00 1D 00 03 20 0D
响应帧: 超时, 等待RTU响应超时, 01 04 06 00 00 00 00 00 00
处理结果: 失败
失败原因: 超时, 等待RTU响应超时
发送次数: 1/1
[2026-06-02 17:16:11] [WARN] [MonitorDataTask][QRCode:12023] 指令完成
指令: ReadIdlePurgeAll
请求帧: 01 04 00 1D 00 03 20 0D
响应帧: 超时, 等待RTU响应超时, 01 04 06 00 00 00 00 00 00
处理结果: 失败
失败原因: 超时, 等待RTU响应超时
发送次数: 1/1
[2026-06-02 17:16:11] [WARN] [MonitorDataTask][QRCode:12058] 指令完成
指令: ReadIdlePurgeAll
请求帧: 01 04 00 1D 00 03 20 0D
响应帧: 超时, 等待RTU响应超时, 01 04 06 00 00 00 00 00 00
处理结果: 失败
失败原因: 超时, 等待RTU响应超时
发送次数: 1/1
[2026-06-02 17:16:11] [WARN] [MonitorDataTask][QRCode:12033] 指令完成
指令: ReadIdlePurgeAll
请求帧: 01 04 00 1D 00 03 20 0D
响应帧: 超时, 等待RTU响应超时, 01 04 06 00 00 00 00 00 00
处理结果: 失败
失败原因: 超时, 等待RTU响应超时
发送次数: 1/1
[2026-06-02 17:16:11] [WARN] [MonitorDataTask][QRCode:12026] 指令完成
指令: ReadIdlePurgeAll
请求帧: 01 04 00 1D 00 03 20 0D
响应帧: 超时, 等待RTU响应超时, 01 04 06 00 00 00 00 00 00
处理结果: 失败
失败原因: 超时, 等待RTU响应超时
发送次数: 1/1
[2026-06-02 17:16:11] [WARN] [MonitorDataTask][QRCode:12010] 指令完成
指令: ReadIdlePurgeAll
请求帧: 01 04 00 1D 00 03 20 0D
响应帧: 超时, 等待RTU响应超时, 01 04 06 00 00 00 00 00 00
处理结果: 失败
失败原因: 超时, 等待RTU响应超时
发送次数: 1/1
[2026-06-02 17:16:11] [WARN] [MonitorDataTask][QRCode:12077] 指令完成
指令: ReadIdlePurgeAll
请求帧: 01 04 00 1D 00 03 20 0D
响应帧: 超时, 等待RTU响应超时, 01 04 06 00 00 00 00 00 00
处理结果: 失败
失败原因: 超时, 等待RTU响应超时
发送次数: 1/1
[2026-06-02 17:16:11] [WARN] [MonitorDataTask][QRCode:12065] 指令完成
指令: ReadIdlePurgeAll
请求帧: 01 04 00 1D 00 03 20 0D
响应帧: 超时, 等待RTU响应超时, 01 04 06 00 00 00 00 00 00
处理结果: 失败
失败原因: 超时, 等待RTU响应超时
发送次数: 1/1
[2026-06-02 17:16:11] [WARN] [MonitorDataTask][QRCode:12067] 指令完成
指令: ReadIdlePurgeAll
请求帧: 01 04 00 1D 00 03 20 0D
响应帧: 超时, 等待RTU响应超时, 01 04 06 00 00 00 00 00 00
处理结果: 失败
失败原因: 超时, 等待RTU响应超时
发送次数: 1/1
[2026-06-02 17:16:11] [WARN] [MonitorDataTask][QRCode:12005] 指令完成
指令: ReadIdlePurgeAll
请求帧: 01 04 00 1D 00 03 20 0D
响应帧: 超时, 等待RTU响应超时, 01 04 06 00 00 00 00 00 00
处理结果: 失败
失败原因: 超时, 等待RTU响应超时
发送次数: 1/1
[2026-06-02 17:16:11] [WARN] [MonitorDataTask][QRCode:12070] 指令完成
指令: ReadIdlePurgeAll
请求帧: 01 04 00 1D 00 03 20 0D
响应帧: 超时, 等待RTU响应超时, 01 04 06 00 00 00 00 00 00
处理结果: 失败
失败原因: 超时, 等待RTU响应超时
发送次数: 1/1
[2026-06-02 17:16:11] [WARN] [MonitorDataTask][QRCode:12016] 指令完成
指令: ReadIdlePurgeAll
请求帧: 01 04 00 1D 00 03 20 0D
响应帧: 超时, 等待RTU响应超时, 01 04 06 00 00 00 00 00 00
处理结果: 失败
失败原因: 超时, 等待RTU响应超时
发送次数: 1/1
[2026-06-02 17:16:11] [WARN] [MonitorDataTask][QRCode:12066] 指令完成
指令: ReadIdlePurgeAll
请求帧: 01 04 00 1D 00 03 20 0D
响应帧: 超时, 等待RTU响应超时, 01 04 06 00 00 00 00 00 00
处理结果: 失败
失败原因: 超时, 等待RTU响应超时
发送次数: 1/1
[2026-06-02 17:16:11] [WARN] [MonitorDataTask][QRCode:12072] 指令完成
指令: ReadIdlePurgeAll
请求帧: 01 04 00 1D 00 03 20 0D
响应帧: 超时, 等待RTU响应超时, 01 04 06 00 00 00 00 00 00
处理结果: 失败
失败原因: 超时, 等待RTU响应超时
发送次数: 1/1
[2026-06-02 17:16:12] [WARN] [MonitorDataTask][QRCode:12020] 指令完成
指令: ReadIdlePurgeAll
请求帧: 01 04 00 1D 00 03 20 0D
响应帧: 超时, 等待RTU响应超时, 01 04 06 00 00 00 00 00 00
处理结果: 失败
失败原因: 超时, 等待RTU响应超时
发送次数: 1/1
[2026-06-02 17:16:12] [WARN] [MonitorDataTask][QRCode:12063] 指令完成
指令: ReadIdlePurgeAll
请求帧: 01 04 00 1D 00 03 20 0D
响应帧: 超时, 等待RTU响应超时, 01 04 06 00 00 00 00 00 00
处理结果: 失败
失败原因: 超时, 等待RTU响应超时
发送次数: 1/1
[2026-06-02 17:16:12] [WARN] [MonitorDataTask][QRCode:12030] 指令完成
指令: ReadIdlePurgeAll
请求帧: 01 04 00 1D 00 03 20 0D
响应帧: 超时, 等待RTU响应超时, 01 04 06 00 00 00 00 00 00
处理结果: 失败
失败原因: 超时, 等待RTU响应超时
发送次数: 1/1
[2026-06-02 17:16:12] [WARN] [MonitorDataTask][QRCode:12028] 指令完成
指令: ReadIdlePurgeAll
请求帧: 01 04 00 1D 00 03 20 0D
响应帧: 超时, 等待RTU响应超时, 01 04 06 00 00 00 00 00 00
处理结果: 失败
失败原因: 超时, 等待RTU响应超时
发送次数: 1/1
[2026-06-02 17:16:12] [WARN] [MonitorDataTask][QRCode:12034] 指令完成
指令: ReadIdlePurgeAll
请求帧: 01 04 00 1D 00 03 20 0D
响应帧: 超时, 等待RTU响应超时, 01 04 06 00 00 00 00 00 00
处理结果: 失败
失败原因: 超时, 等待RTU响应超时
发送次数: 1/1
[2026-06-02 17:16:12] [WARN] [MonitorDataTask][QRCode:12056] 指令完成
指令: ReadIdlePurgeAll
请求帧: 01 04 00 1D 00 03 20 0D
响应帧: 超时, 等待RTU响应超时, 01 04 06 00 00 00 00 00 00
处理结果: 失败
失败原因: 超时, 等待RTU响应超时
发送次数: 1/1
[2026-06-02 17:16:12] [WARN] [MonitorDataTask][QRCode:12014] 指令完成
指令: ReadIdlePurgeAll
请求帧: 01 04 00 1D 00 03 20 0D
响应帧: 超时, 等待RTU响应超时, 01 04 06 00 00 00 00 00 00
处理结果: 失败
失败原因: 超时, 等待RTU响应超时
发送次数: 1/1
[2026-06-02 17:16:12] [WARN] [MonitorDataTask][QRCode:12075] 指令完成
指令: ReadIdlePurgeAll
请求帧: 01 04 00 1D 00 03 20 0D
响应帧: 超时, 等待RTU响应超时, 01 04 06 00 00 00 00 00 00
处理结果: 失败
失败原因: 超时, 等待RTU响应超时
发送次数: 1/1
[2026-06-02 17:16:12] [WARN] [MonitorDataTask][QRCode:12002] 指令完成
指令: ReadIdlePurgeAll
请求帧: 01 04 00 1D 00 03 20 0D
响应帧: 超时, 等待RTU响应超时, 01 04 06 00 00 00 00 00 00
处理结果: 失败
失败原因: 超时, 等待RTU响应超时
发送次数: 1/1
[2026-06-02 17:16:12] [WARN] [MonitorDataTask][QRCode:12051] 指令完成
指令: ReadIdlePurgeAll
请求帧: 01 04 00 1D 00 03 20 0D
响应帧: 超时, 等待RTU响应超时, 01 04 06 00 00 00 00 00 00
处理结果: 失败
失败原因: 超时, 等待RTU响应超时
发送次数: 1/1
[2026-06-02 17:16:12] [WARN] [MonitorDataTask][QRCode:12047] 指令完成
指令: ReadIdlePurgeAll
请求帧: 01 04 00 1D 00 03 20 0D
响应帧: 超时, 等待RTU响应超时, 01 04 06 00 00 00 00 00 00
处理结果: 失败
失败原因: 超时, 等待RTU响应超时
发送次数: 1/1
[2026-06-02 17:16:12] [WARN] [MonitorDataTask][QRCode:12078] 指令完成
指令: ReadIdlePurgeAll
请求帧: 01 04 00 1D 00 03 20 0D
响应帧: 超时, 等待RTU响应超时, 01 04 06 00 00 00 00 00 00
处理结果: 失败
失败原因: 超时, 等待RTU响应超时
发送次数: 1/1
[2026-06-02 17:16:12] [WARN] [MonitorDataTask][QRCode:12064] 指令完成
指令: ReadIdlePurgeAll
请求帧: 01 04 00 1D 00 03 20 0D
响应帧: 超时, 等待RTU响应超时, 01 04 06 00 00 00 00 00 00
处理结果: 失败
失败原因: 超时, 等待RTU响应超时
发送次数: 1/1
[2026-06-02 17:16:12] [WARN] [MonitorDataTask][QRCode:12017] 指令完成
指令: ReadIdlePurgeAll
请求帧: 01 04 00 1D 00 03 20 0D
响应帧: 超时, 等待RTU响应超时, 01 04 06 00 00 00 00 00 00
处理结果: 失败
失败原因: 超时, 等待RTU响应超时
发送次数: 1/1
[2026-06-02 17:16:12] [WARN] [MonitorDataTask][QRCode:12001] 指令完成
指令: ReadIdlePurgeAll
请求帧: 01 04 00 1D 00 03 20 0D
响应帧: 超时, 等待RTU响应超时, 01 04 06 00 00 00 00 00 00
处理结果: 失败
失败原因: 超时, 等待RTU响应超时
发送次数: 1/1
[2026-06-02 17:16:12] [WARN] [MonitorDataTask][QRCode:12060] 指令完成
指令: ReadIdlePurgeAll
请求帧: 01 04 00 1D 00 03 20 0D
响应帧: 超时, 等待RTU响应超时, 01 04 06 00 00 00 00 00 00
处理结果: 失败
失败原因: 超时, 等待RTU响应超时
发送次数: 1/1
[2026-06-02 17:16:12] [WARN] [MonitorDataTask][QRCode:12029] 指令完成
指令: ReadIdlePurgeAll
请求帧: 01 04 00 1D 00 03 20 0D
响应帧: 超时, 等待RTU响应超时, 01 04 06 00 00 00 00 00 00
处理结果: 失败
失败原因: 超时, 等待RTU响应超时
发送次数: 1/1
[2026-06-02 17:16:12] [WARN] [MonitorDataTask][QRCode:12003] 指令完成
指令: ReadIdlePurgeAll
请求帧: 01 04 00 1D 00 03 20 0D
响应帧: 超时, 等待RTU响应超时, 01 04 06 00 00 00 00 00 00
处理结果: 失败
失败原因: 超时, 等待RTU响应超时
发送次数: 1/1
[2026-06-02 17:16:12] [WARN] [MonitorDataTask][QRCode:12009] 指令完成
指令: ReadIdlePurgeAll
请求帧: 01 04 00 1D 00 03 20 0D
响应帧: 超时, 等待RTU响应超时, 01 04 06 00 00 00 00 00 00
处理结果: 失败
失败原因: 超时, 等待RTU响应超时
发送次数: 1/1
[2026-06-02 17:16:12] [WARN] [MonitorDataTask][QRCode:12021] 指令完成
指令: ReadIdlePurgeAll
请求帧: 01 04 00 1D 00 03 20 0D
响应帧: 超时, 等待RTU响应超时, 01 04 06 00 00 00 00 00 00
处理结果: 失败
失败原因: 超时, 等待RTU响应超时
发送次数: 1/1
[2026-06-02 17:16:12] [WARN] [MonitorDataTask][QRCode:12022] 指令完成
指令: ReadIdlePurgeAll
请求帧: 01 04 00 1D 00 03 20 0D
响应帧: 超时, 等待RTU响应超时, 01 04 06 00 00 00 00 00 00
处理结果: 失败
失败原因: 超时, 等待RTU响应超时
发送次数: 1/1
[2026-06-02 17:16:12] [WARN] [MonitorDataTask][QRCode:12007] 指令完成
指令: ReadIdlePurgeAll
请求帧: 01 04 00 1D 00 03 20 0D
响应帧: 超时, 等待RTU响应超时, 01 04 06 00 00 00 00 00 00
处理结果: 失败
失败原因: 超时, 等待RTU响应超时
发送次数: 1/1
[2026-06-02 17:16:12] [WARN] [MonitorDataTask][QRCode:12038] 指令完成
指令: ReadIdlePurgeAll
请求帧: 01 04 00 1D 00 03 20 0D
响应帧: 超时, 等待RTU响应超时, 01 04 06 00 00 00 00 00 00
处理结果: 失败
失败原因: 超时, 等待RTU响应超时
发送次数: 1/1
[2026-06-02 17:16:12] [WARN] [MonitorDataTask][QRCode:12059] 指令完成
指令: ReadIdlePurgeAll
请求帧: 01 04 00 1D 00 03 20 0D
响应帧: 超时, 等待RTU响应超时, 01 04 06 00 00 00 00 00 00
处理结果: 失败
失败原因: 超时, 等待RTU响应超时
发送次数: 1/1
[2026-06-02 17:16:12] [WARN] [MonitorDataTask][QRCode:12006] 指令完成
指令: ReadIdlePurgeAll
请求帧: 01 04 00 1D 00 03 20 0D
响应帧: 超时, 等待RTU响应超时, 01 04 06 00 00 00 00 00 00
处理结果: 失败
失败原因: 超时, 等待RTU响应超时
发送次数: 1/1
[2026-06-02 17:16:12] [WARN] [MonitorDataTask][QRCode:12069] 指令完成
指令: ReadIdlePurgeAll
请求帧: 01 04 00 1D 00 03 20 0D
响应帧: 超时, 等待RTU响应超时, 01 04 06 00 00 00 00 00 00
处理结果: 失败
失败原因: 超时, 等待RTU响应超时
发送次数: 1/1
[2026-06-02 17:16:12] [WARN] [MonitorDataTask][QRCode:12039] 指令完成
指令: ReadIdlePurgeAll
请求帧: 01 04 00 1D 00 03 20 0D
响应帧: 超时, 等待RTU响应超时, 01 04 06 00 00 00 00 00 00
处理结果: 失败
失败原因: 超时, 等待RTU响应超时
发送次数: 1/1
[2026-06-02 17:16:12] [WARN] [MonitorDataTask][QRCode:12062] 指令完成
指令: ReadIdlePurgeAll
请求帧: 01 04 00 1D 00 03 20 0D
响应帧: 超时, 等待RTU响应超时, 01 04 06 00 00 00 00 00 00
处理结果: 失败
失败原因: 超时, 等待RTU响应超时
发送次数: 1/1
[2026-06-02 17:16:12] [WARN] [MonitorDataTask][QRCode:12048] 指令完成
指令: ReadIdlePurgeAll
请求帧: 01 04 00 1D 00 03 20 0D
响应帧: 超时, 等待RTU响应超时, 01 04 06 00 00 00 00 00 00
处理结果: 失败
失败原因: 超时, 等待RTU响应超时
发送次数: 1/1
[2026-06-02 17:16:12] [WARN] [MonitorDataTask][QRCode:12042] 指令完成
指令: ReadIdlePurgeAll
请求帧: 01 04 00 1D 00 03 20 0D
响应帧: 超时, 等待RTU响应超时, 01 04 06 00 00 00 00 00 00
处理结果: 失败
失败原因: 超时, 等待RTU响应超时
发送次数: 1/1
[2026-06-02 17:16:12] [WARN] [MonitorDataTask][QRCode:12036] 指令完成
指令: ReadIdlePurgeAll
请求帧: 01 04 00 1D 00 03 20 0D
响应帧: 超时, 等待RTU响应超时, 01 04 06 00 00 00 00 00 00
处理结果: 失败
失败原因: 超时, 等待RTU响应超时
发送次数: 1/1
[2026-06-02 17:16:12] [WARN] [MonitorDataTask][QRCode:12018] 指令完成
指令: ReadIdlePurgeAll
请求帧: 01 04 00 1D 00 03 20 0D
响应帧: 超时, 等待RTU响应超时, 01 04 06 00 00 00 00 00 00
处理结果: 失败
失败原因: 超时, 等待RTU响应超时
发送次数: 1/1
[2026-06-02 17:16:12] [WARN] [MonitorDataTask][QRCode:12050] 指令完成
指令: ReadIdlePurgeAll
请求帧: 01 04 00 1D 00 03 20 0D
响应帧: 超时, 等待RTU响应超时, 01 04 06 00 00 00 00 00 00
处理结果: 失败
失败原因: 超时, 等待RTU响应超时
发送次数: 1/1
[2026-06-02 17:16:12] [WARN] [MonitorDataTask][QRCode:12040] 指令完成
指令: ReadIdlePurgeAll
请求帧: 01 04 00 1D 00 03 20 0D
响应帧: 超时, 等待RTU响应超时, 01 04 06 00 00 00 00 00 00
处理结果: 失败
失败原因: 超时, 等待RTU响应超时
发送次数: 1/1
[2026-06-02 17:16:12] [WARN] [MonitorDataTask][QRCode:12035] 指令完成
指令: ReadIdlePurgeAll
请求帧: 01 04 00 1D 00 03 20 0D
响应帧: 超时, 等待RTU响应超时, 01 04 06 00 00 00 00 00 00
处理结果: 失败
失败原因: 超时, 等待RTU响应超时
发送次数: 1/1
[2026-06-02 17:16:12] [WARN] [MonitorDataTask][QRCode:12015] 指令完成
指令: ReadIdlePurgeAll
请求帧: 01 04 00 1D 00 03 20 0D
响应帧: 超时, 等待RTU响应超时, 01 04 06 00 00 00 00 00 00
处理结果: 失败
失败原因: 超时, 等待RTU响应超时
发送次数: 1/1
[2026-06-02 17:16:12] [WARN] [MonitorDataTask][QRCode:12076] 指令完成
指令: ReadIdlePurgeAll
请求帧: 01 04 00 1D 00 03 20 0D
响应帧: 超时, 等待RTU响应超时, 01 04 06 00 00 00 00 00 00
处理结果: 失败
失败原因: 超时, 等待RTU响应超时
发送次数: 1/1
[2026-06-02 17:16:12] [WARN] [MonitorDataTask][QRCode:12068] 指令完成
指令: ReadIdlePurgeAll
请求帧: 01 04 00 1D 00 03 20 0D
响应帧: 超时, 等待RTU响应超时, 01 04 06 00 00 00 00 00 00
处理结果: 失败
失败原因: 超时, 等待RTU响应超时
发送次数: 1/1
[2026-06-02 17:16:12] [WARN] [MonitorDataTask][QRCode:12052] 指令完成
指令: ReadIdlePurgeAll
请求帧: 01 04 00 1D 00 03 20 0D
响应帧: 超时, 等待RTU响应超时, 01 04 06 00 00 00 00 00 00
处理结果: 失败
失败原因: 超时, 等待RTU响应超时
发送次数: 1/1
[2026-06-02 17:16:12] [WARN] [MonitorDataTask][QRCode:12043] 指令完成
指令: ReadIdlePurgeAll
请求帧: 01 04 00 1D 00 03 20 0D
响应帧: 超时, 等待RTU响应超时, 01 04 06 00 00 00 00 00 00
处理结果: 失败
失败原因: 超时, 等待RTU响应超时
发送次数: 1/1
[2026-06-02 17:16:12] [WARN] [MonitorDataTask][QRCode:12012] 指令完成
指令: ReadIdlePurgeAll
请求帧: 01 04 00 1D 00 03 20 0D
响应帧: 超时, 等待RTU响应超时, 01 04 06 00 00 00 00 00 00
处理结果: 失败
失败原因: 超时, 等待RTU响应超时
发送次数: 1/1
[2026-06-02 17:16:12] [WARN] [MonitorDataTask][QRCode:12057] 指令完成
指令: ReadIdlePurgeAll
请求帧: 01 04 00 1D 00 03 20 0D
响应帧: 超时, 等待RTU响应超时, 01 04 06 00 00 00 00 00 00
处理结果: 失败
失败原因: 超时, 等待RTU响应超时
发送次数: 1/1
[2026-06-02 17:16:12] [WARN] [MonitorDataTask][QRCode:12061] 指令完成
指令: ReadIdlePurgeAll
请求帧: 01 04 00 1D 00 03 20 0D
响应帧: 超时, 等待RTU响应超时, 01 04 06 00 00 00 00 00 00
处理结果: 失败
失败原因: 超时, 等待RTU响应超时
发送次数: 1/1
[2026-06-02 17:16:12] [WARN] [MonitorDataTask][QRCode:12049] 指令完成
指令: ReadIdlePurgeAll
请求帧: 01 04 00 1D 00 03 20 0D
响应帧: 超时, 等待RTU响应超时, 01 04 06 00 00 00 00 00 00
处理结果: 失败
失败原因: 超时, 等待RTU响应超时
发送次数: 1/1
[2026-06-02 17:16:12] [WARN] [MonitorDataTask][QRCode:12024] 指令完成
指令: ReadIdlePurgeAll
请求帧: 01 04 00 1D 00 03 20 0D
响应帧: 超时, 等待RTU响应超时, 01 04 06 00 00 00 00 00 00
处理结果: 失败
失败原因: 超时, 等待RTU响应超时
发送次数: 1/1
[2026-06-02 17:16:12] [WARN] [MonitorDataTask][QRCode:12080] 指令完成
指令: ReadIdlePurgeAll
请求帧: 01 04 00 1D 00 03 20 0D
响应帧: 超时, 等待RTU响应超时, 01 04 06 00 00 00 00 00 00
处理结果: 失败
失败原因: 超时, 等待RTU响应超时
发送次数: 1/1
[2026-06-02 17:16:13] [WARN] [MonitorDataTask][QRCode:12004] 指令完成
指令: ReadIdlePurgeAll
请求帧: 01 04 00 1D 00 03 20 0D
响应帧: 超时, 等待RTU响应超时, 01 04 06 00 00 00 00 00 00
处理结果: 失败
失败原因: 超时, 等待RTU响应超时
发送次数: 1/1
[2026-06-02 17:16:13] [WARN] [MonitorDataTask][QRCode:12074] 指令完成
指令: ReadIdlePurgeAll
请求帧: 01 04 00 1D 00 03 20 0D
响应帧: 超时, 等待RTU响应超时, 01 04 06 00 00 00 00 00 00
处理结果: 失败
失败原因: 超时, 等待RTU响应超时
发送次数: 1/1
[2026-06-02 17:16:13] [WARN] [MonitorDataTask][QRCode:12055] 指令完成
指令: ReadIdlePurgeAll
请求帧: 01 04 00 1D 00 03 20 0D
响应帧: 超时, 等待RTU响应超时, 01 04 06 00 00 00 00 00 00
处理结果: 失败
失败原因: 超时, 等待RTU响应超时
发送次数: 1/1
[2026-06-02 17:16:13] [WARN] [MonitorDataTask][QRCode:12071] 指令完成
指令: ReadIdlePurgeAll
请求帧: 01 04 00 1D 00 03 20 0D
响应帧: 超时, 等待RTU响应超时, 01 04 06 00 00 00 00 00 00
处理结果: 失败
失败原因: 超时, 等待RTU响应超时
发送次数: 1/1
[2026-06-02 17:16:13] [WARN] [MonitorDataTask][QRCode:12044] 指令完成
指令: ReadIdlePurgeAll
请求帧: 01 04 00 1D 00 03 20 0D
响应帧: 超时, 等待RTU响应超时, 01 04 06 00 00 00 00 00 00
处理结果: 失败
失败原因: 超时, 等待RTU响应超时
发送次数: 1/1
[2026-06-02 17:16:13] [WARN] [MonitorDataTask][QRCode:12013] 指令完成
指令: ReadIdlePurgeAll
请求帧: 01 04 00 1D 00 03 20 0D
响应帧: 超时, 等待RTU响应超时, 01 04 06 00 00 00 00 00 00
处理结果: 失败
失败原因: 超时, 等待RTU响应超时
发送次数: 1/1
[2026-06-02 17:16:13] [WARN] [MonitorDataTask][QRCode:12073] 指令完成
指令: ReadIdlePurgeAll
请求帧: 01 04 00 1D 00 03 20 0D
响应帧: 超时, 等待RTU响应超时, 01 04 06 00 00 00 00 00 00
处理结果: 失败
失败原因: 超时, 等待RTU响应超时
发送次数: 1/1
[2026-06-02 17:16:13] [WARN] [MonitorDataTask][QRCode:12031] 指令完成
指令: ReadIdlePurgeAll
请求帧: 01 04 00 1D 00 03 20 0D
响应帧: 超时, 等待RTU响应超时, 01 04 06 00 00 00 00 00 00
处理结果: 失败
失败原因: 超时, 等待RTU响应超时
发送次数: 1/1
[2026-06-02 17:16:13] [WARN] [MonitorDataTask][QRCode:12011] 指令完成
指令: ReadIdlePurgeAll
请求帧: 01 04 00 1D 00 03 20 0D
响应帧: 超时, 等待RTU响应超时, 01 04 06 00 00 00 00 00 00
处理结果: 失败
失败原因: 超时, 等待RTU响应超时
发送次数: 1/1
[2026-06-02 17:16:13] [WARN] [MonitorDataTask][QRCode:12045] 指令完成
指令: ReadIdlePurgeAll
请求帧: 01 04 00 1D 00 03 20 0D
响应帧: 超时, 等待RTU响应超时, 01 04 06 00 00 00 00 00 00
处理结果: 失败
失败原因: 超时, 等待RTU响应超时
发送次数: 1/1
[2026-06-02 17:16:13] [WARN] [MonitorDataTask][QRCode:12054] 指令完成
指令: ReadIdlePurgeAll
请求帧: 01 04 00 1D 00 03 20 0D
响应帧: 超时, 等待RTU响应超时, 01 04 06 00 00 00 00 00 00
处理结果: 失败
失败原因: 超时, 等待RTU响应超时
发送次数: 1/1
[2026-06-02 17:16:13] [WARN] [MonitorDataTask][QRCode:12032] 指令完成
指令: ReadIdlePurgeAll
请求帧: 01 04 00 1D 00 03 20 0D
响应帧: 超时, 等待RTU响应超时, 01 04 06 00 00 00 00 00 00
处理结果: 失败
失败原因: 超时, 等待RTU响应超时
发送次数: 1/1
[2026-06-02 17:16:13] [WARN] [MonitorDataTask][QRCode:12037] 指令完成
指令: ReadIdlePurgeAll
请求帧: 01 04 00 1D 00 03 20 0D
响应帧: 超时, 等待RTU响应超时, 01 04 06 00 00 00 00 00 00
处理结果: 失败
失败原因: 超时, 等待RTU响应超时
发送次数: 1/1
[2026-06-02 17:16:13] [WARN] [MonitorDataTask][QRCode:12027] 指令完成
指令: ReadIdlePurgeAll
请求帧: 01 04 00 1D 00 03 20 0D
响应帧: 超时, 等待RTU响应超时, 01 04 06 00 00 00 00 00 00
处理结果: 失败
失败原因: 超时, 等待RTU响应超时
发送次数: 1/1
[2026-06-02 17:16:13] [WARN] [MonitorDataTask][QRCode:12046] 指令完成
指令: ReadIdlePurgeAll
请求帧: 01 04 00 1D 00 03 20 0D
响应帧: 超时, 等待RTU响应超时, 01 04 06 00 00 00 00 00 00
处理结果: 失败
失败原因: 超时, 等待RTU响应超时
发送次数: 1/1
[2026-06-02 17:16:13] [WARN] [MonitorDataTask][QRCode:12008] 指令完成
指令: ReadIdlePurgeAll
请求帧: 01 04 00 1D 00 03 20 0D
响应帧: 超时, 等待RTU响应超时, 01 04 06 00 00 00 00 00 00
处理结果: 失败
失败原因: 超时, 等待RTU响应超时
发送次数: 1/1
[2026-06-02 17:16:13] [WARN] [MonitorDataTask][QRCode:12053] 指令完成
指令: ReadIdlePurgeAll
请求帧: 01 04 00 1D 00 03 20 0D
响应帧: 超时, 等待RTU响应超时, 01 04 06 00 00 00 00 00 00
处理结果: 失败
失败原因: 超时, 等待RTU响应超时
发送次数: 1/1
[2026-06-02 17:16:13] [WARN] [MonitorDataTask][QRCode:12025] 指令完成
指令: ReadIdlePurgeAll
请求帧: 01 04 00 1D 00 03 20 0D
响应帧: 超时, 等待RTU响应超时, 01 04 06 00 00 00 00 00 00
处理结果: 失败
失败原因: 超时, 等待RTU响应超时
发送次数: 1/1
[2026-06-02 17:16:13] [WARN] [MonitorDataTask][QRCode:12019] 指令完成
指令: ReadIdlePurgeAll
请求帧: 01 04 00 1D 00 03 20 0D
响应帧: 超时, 等待RTU响应超时, 01 04 06 00 00 00 00 00 00
处理结果: 失败
失败原因: 超时, 等待RTU响应超时
发送次数: 1/1
[2026-06-02 17:16:13] [WARN] [MonitorDataTask][QRCode:12041] 指令完成
指令: ReadIdlePurgeAll
请求帧: 01 04 00 1D 00 03 20 0D
响应帧: 超时, 等待RTU响应超时, 01 04 06 00 00 00 00 00 00
处理结果: 失败
失败原因: 超时, 等待RTU响应超时
发送次数: 1/1
[2026-06-02 17:16:13] [WARN] [MonitorDataTask][QRCode:12079] 指令完成
指令: ReadIdlePurgeAll
请求帧: 01 04 00 1D 00 03 20 0D
响应帧: 超时, 等待RTU响应超时, 01 04 06 00 00 00 00 00 00
处理结果: 失败
失败原因: 超时, 等待RTU响应超时
发送次数: 1/1
[2026-06-02 17:16:13] [WARN] [MonitorDataTask][QRCode:12033] 指令完成
指令: ReadIdlePurgeAll
请求帧: 01 04 00 1D 00 03 20 0D
响应帧: 超时, 等待RTU响应超时, 01 04 06 00 00 00 00 00 00
处理结果: 失败
失败原因: 超时, 等待RTU响应超时
发送次数: 1/1
[2026-06-02 17:16:13] [WARN] [MonitorDataTask][QRCode:12023] 指令完成
指令: ReadIdlePurgeAll
请求帧: 01 04 00 1D 00 03 20 0D
响应帧: 超时, 等待RTU响应超时, 01 04 06 00 00 00 00 00 00
处理结果: 失败
失败原因: 超时, 等待RTU响应超时
发送次数: 1/1
[2026-06-02 17:16:13] [WARN] [MonitorDataTask][QRCode:12026] 指令完成
指令: ReadIdlePurgeAll
请求帧: 01 04 00 1D 00 03 20 0D
响应帧: 超时, 等待RTU响应超时, 01 04 06 00 00 00 00 00 00
处理结果: 失败
失败原因: 超时, 等待RTU响应超时
发送次数: 1/1
[2026-06-02 17:16:13] [WARN] [MonitorDataTask][QRCode:12058] 指令完成
指令: ReadIdlePurgeAll
请求帧: 01 04 00 1D 00 03 20 0D
响应帧: 超时, 等待RTU响应超时, 01 04 06 00 00 00 00 00 00
处理结果: 失败
失败原因: 超时, 等待RTU响应超时
发送次数: 1/1
[2026-06-02 17:16:13] [WARN] [MonitorDataTask][QRCode:12010] 指令完成
指令: ReadIdlePurgeAll
请求帧: 01 04 00 1D 00 03 20 0D
响应帧: 超时, 等待RTU响应超时, 01 04 06 00 00 00 00 00 00
处理结果: 失败
失败原因: 超时, 等待RTU响应超时
发送次数: 1/1
[2026-06-02 17:16:13] [WARN] [MonitorDataTask][QRCode:12067] 指令完成
指令: ReadIdlePurgeAll
请求帧: 01 04 00 1D 00 03 20 0D
响应帧: 超时, 等待RTU响应超时, 01 04 06 00 00 00 00 00 00
处理结果: 失败
失败原因: 超时, 等待RTU响应超时
发送次数: 1/1
[2026-06-02 17:16:13] [WARN] [MonitorDataTask][QRCode:12065] 指令完成
指令: ReadIdlePurgeAll
请求帧: 01 04 00 1D 00 03 20 0D
响应帧: 超时, 等待RTU响应超时, 01 04 06 00 00 00 00 00 00
处理结果: 失败
失败原因: 超时, 等待RTU响应超时
发送次数: 1/1
[2026-06-02 17:16:13] [WARN] [MonitorDataTask][QRCode:12005] 指令完成
指令: ReadIdlePurgeAll
请求帧: 01 04 00 1D 00 03 20 0D
响应帧: 超时, 等待RTU响应超时, 01 04 06 00 00 00 00 00 00
处理结果: 失败
失败原因: 超时, 等待RTU响应超时
发送次数: 1/1
[2026-06-02 17:16:13] [WARN] [MonitorDataTask][QRCode:12077] 指令完成
指令: ReadIdlePurgeAll
请求帧: 01 04 00 1D 00 03 20 0D
响应帧: 超时, 等待RTU响应超时, 01 04 06 00 00 00 00 00 00
处理结果: 失败
失败原因: 超时, 等待RTU响应超时
发送次数: 1/1
[2026-06-02 17:16:13] [WARN] [MonitorDataTask][QRCode:12070] 指令完成
指令: ReadIdlePurgeAll
请求帧: 01 04 00 1D 00 03 20 0D
响应帧: 超时, 等待RTU响应超时, 01 04 06 00 00 00 00 00 00
处理结果: 失败
失败原因: 超时, 等待RTU响应超时
发送次数: 1/1
[2026-06-02 17:16:13] [WARN] [MonitorDataTask][QRCode:12016] 指令完成
指令: ReadIdlePurgeAll
请求帧: 01 04 00 1D 00 03 20 0D
响应帧: 超时, 等待RTU响应超时, 01 04 06 00 00 00 00 00 00
处理结果: 失败
失败原因: 超时, 等待RTU响应超时
发送次数: 1/1
[2026-06-02 17:16:13] [WARN] [MonitorDataTask][QRCode:12072] 指令完成
指令: ReadIdlePurgeAll
请求帧: 01 04 00 1D 00 03 20 0D
响应帧: 超时, 等待RTU响应超时, 01 04 06 00 00 00 00 00 00
处理结果: 失败
失败原因: 超时, 等待RTU响应超时
发送次数: 1/1
[2026-06-02 17:16:13] [WARN] [MonitorDataTask][QRCode:12066] 指令完成
指令: ReadIdlePurgeAll
请求帧: 01 04 00 1D 00 03 20 0D
响应帧: 超时, 等待RTU响应超时, 01 04 06 00 00 00 00 00 00
处理结果: 失败
失败原因: 超时, 等待RTU响应超时
发送次数: 1/1
[2026-06-02 17:16:13] [WARN] [MonitorDataTask][QRCode:12020] 指令完成
指令: ReadIdlePurgeAll
请求帧: 01 04 00 1D 00 03 20 0D
响应帧: 超时, 等待RTU响应超时, 01 04 06 00 00 00 00 00 00
处理结果: 失败
失败原因: 超时, 等待RTU响应超时
发送次数: 1/1
[2026-06-02 17:16:13] [WARN] [MonitorDataTask][QRCode:12030] 指令完成
指令: ReadIdlePurgeAll
请求帧: 01 04 00 1D 00 03 20 0D
响应帧: 超时, 等待RTU响应超时, 01 04 06 00 00 00 00 00 00
处理结果: 失败
失败原因: 超时, 等待RTU响应超时
发送次数: 1/1
[2026-06-02 17:16:13] [WARN] [MonitorDataTask][QRCode:12063] 指令完成
指令: ReadIdlePurgeAll
请求帧: 01 04 00 1D 00 03 20 0D
响应帧: 超时, 等待RTU响应超时, 01 04 06 00 00 00 00 00 00
处理结果: 失败
失败原因: 超时, 等待RTU响应超时
发送次数: 1/1
[2026-06-02 17:16:13] [WARN] [MonitorDataTask][QRCode:12028] 指令完成
指令: ReadIdlePurgeAll
请求帧: 01 04 00 1D 00 03 20 0D
响应帧: 超时, 等待RTU响应超时, 01 04 06 00 00 00 00 00 00
处理结果: 失败
失败原因: 超时, 等待RTU响应超时
发送次数: 1/1
[2026-06-02 17:16:13] [WARN] [MonitorDataTask][QRCode:12034] 指令完成
指令: ReadIdlePurgeAll
请求帧: 01 04 00 1D 00 03 20 0D
响应帧: 超时, 等待RTU响应超时, 01 04 06 00 00 00 00 00 00
处理结果: 失败
失败原因: 超时, 等待RTU响应超时
发送次数: 1/1
[2026-06-02 17:16:13] [WARN] [MonitorDataTask][QRCode:12056] 指令完成
指令: ReadIdlePurgeAll
请求帧: 01 04 00 1D 00 03 20 0D
响应帧: 超时, 等待RTU响应超时, 01 04 06 00 00 00 00 00 00
处理结果: 失败
失败原因: 超时, 等待RTU响应超时
发送次数: 1/1
[2026-06-02 17:16:14] [WARN] [MonitorDataTask][QRCode:12075] 指令完成
指令: ReadIdlePurgeAll
请求帧: 01 04 00 1D 00 03 20 0D
响应帧: 超时, 等待RTU响应超时, 01 04 06 00 00 00 00 00 00
处理结果: 失败
失败原因: 超时, 等待RTU响应超时
发送次数: 1/1
[2026-06-02 17:16:14] [WARN] [MonitorDataTask][QRCode:12014] 指令完成
指令: ReadIdlePurgeAll
请求帧: 01 04 00 1D 00 03 20 0D
响应帧: 超时, 等待RTU响应超时, 01 04 06 00 00 00 00 00 00
处理结果: 失败
失败原因: 超时, 等待RTU响应超时
发送次数: 1/1
[2026-06-02 17:16:14] [WARN] [MonitorDataTask][QRCode:12002] 指令完成
指令: ReadIdlePurgeAll
请求帧: 01 04 00 1D 00 03 20 0D
响应帧: 超时, 等待RTU响应超时, 01 04 06 00 00 00 00 00 00
处理结果: 失败
失败原因: 超时, 等待RTU响应超时
发送次数: 1/1
[2026-06-02 17:16:14] [WARN] [MonitorDataTask][QRCode:12047] 指令完成
指令: ReadIdlePurgeAll
请求帧: 01 04 00 1D 00 03 20 0D
响应帧: 超时, 等待RTU响应超时, 01 04 06 00 00 00 00 00 00
处理结果: 失败
失败原因: 超时, 等待RTU响应超时
发送次数: 1/1
[2026-06-02 17:16:14] [WARN] [MonitorDataTask][QRCode:12051] 指令完成
指令: ReadIdlePurgeAll
请求帧: 01 04 00 1D 00 03 20 0D
响应帧: 超时, 等待RTU响应超时, 01 04 06 00 00 00 00 00 00
处理结果: 失败
失败原因: 超时, 等待RTU响应超时
发送次数: 1/1
[2026-06-02 17:16:14] [WARN] [MonitorDataTask][QRCode:12078] 指令完成
指令: ReadIdlePurgeAll
请求帧: 01 04 00 1D 00 03 20 0D
响应帧: 超时, 等待RTU响应超时, 01 04 06 00 00 00 00 00 00
处理结果: 失败
失败原因: 超时, 等待RTU响应超时
发送次数: 1/1
[2026-06-02 17:16:14] [WARN] [MonitorDataTask][QRCode:12060] 指令完成
指令: ReadIdlePurgeAll
请求帧: 01 04 00 1D 00 03 20 0D
响应帧: 超时, 等待RTU响应超时, 01 04 06 00 00 00 00 00 00
处理结果: 失败
失败原因: 超时, 等待RTU响应超时
发送次数: 1/1
[2026-06-02 17:16:14] [WARN] [MonitorDataTask][QRCode:12009] 指令完成
指令: ReadIdlePurgeAll
请求帧: 01 04 00 1D 00 03 20 0D
响应帧: 超时, 等待RTU响应超时, 01 04 06 00 00 00 00 00 00
处理结果: 失败
失败原因: 超时, 等待RTU响应超时
发送次数: 1/1
[2026-06-02 17:16:14] [WARN] [MonitorDataTask][QRCode:12021] 指令完成
指令: ReadIdlePurgeAll
请求帧: 01 04 00 1D 00 03 20 0D
响应帧: 超时, 等待RTU响应超时, 01 04 06 00 00 00 00 00 00
处理结果: 失败
失败原因: 超时, 等待RTU响应超时
发送次数: 1/1
[2026-06-02 17:16:14] [WARN] [MonitorDataTask][QRCode:12001] 指令完成
指令: ReadIdlePurgeAll
请求帧: 01 04 00 1D 00 03 20 0D
响应帧: 超时, 等待RTU响应超时, 01 04 06 00 00 00 00 00 00
处理结果: 失败
失败原因: 超时, 等待RTU响应超时
发送次数: 1/1
[2026-06-02 17:16:14] [WARN] [MonitorDataTask][QRCode:12029] 指令完成
指令: ReadIdlePurgeAll
请求帧: 01 04 00 1D 00 03 20 0D
响应帧: 超时, 等待RTU响应超时, 01 04 06 00 00 00 00 00 00
处理结果: 失败
失败原因: 超时, 等待RTU响应超时
发送次数: 1/1
[2026-06-02 17:16:14] [WARN] [MonitorDataTask][QRCode:12003] 指令完成
指令: ReadIdlePurgeAll
请求帧: 01 04 00 1D 00 03 20 0D
响应帧: 超时, 等待RTU响应超时, 01 04 06 00 00 00 00 00 00
处理结果: 失败
失败原因: 超时, 等待RTU响应超时
发送次数: 1/1
[2026-06-02 17:16:14] [WARN] [MonitorDataTask][QRCode:12017] 指令完成
指令: ReadIdlePurgeAll
请求帧: 01 04 00 1D 00 03 20 0D
响应帧: 超时, 等待RTU响应超时, 01 04 06 00 00 00 00 00 00
处理结果: 失败
失败原因: 超时, 等待RTU响应超时
发送次数: 1/1
[2026-06-02 17:16:14] [WARN] [MonitorDataTask][QRCode:12064] 指令完成
指令: ReadIdlePurgeAll
请求帧: 01 04 00 1D 00 03 20 0D
响应帧: 超时, 等待RTU响应超时, 01 04 06 00 00 00 00 00 00
处理结果: 失败
失败原因: 超时, 等待RTU响应超时
发送次数: 1/1
[2026-06-02 17:16:14] [WARN] [MonitorDataTask][QRCode:12022] 指令完成
指令: ReadIdlePurgeAll
请求帧: 01 04 00 1D 00 03 20 0D
响应帧: 超时, 等待RTU响应超时, 01 04 06 00 00 00 00 00 00
处理结果: 失败
失败原因: 超时, 等待RTU响应超时
发送次数: 1/1
[2026-06-02 17:16:14] [WARN] [MonitorDataTask][QRCode:12069] 指令完成
指令: ReadIdlePurgeAll
请求帧: 01 04 00 1D 00 03 20 0D
响应帧: 超时, 等待RTU响应超时, 01 04 06 00 00 00 00 00 00
处理结果: 失败
失败原因: 超时, 等待RTU响应超时
发送次数: 1/1
[2026-06-02 17:16:14] [WARN] [MonitorDataTask][QRCode:12048] 指令完成
指令: ReadIdlePurgeAll
请求帧: 01 04 00 1D 00 03 20 0D
响应帧: 超时, 等待RTU响应超时, 01 04 06 00 00 00 00 00 00
处理结果: 失败
失败原因: 超时, 等待RTU响应超时
发送次数: 1/1
[2026-06-02 17:16:14] [WARN] [MonitorDataTask][QRCode:12036] 指令完成
指令: ReadIdlePurgeAll
请求帧: 01 04 00 1D 00 03 20 0D
响应帧: 超时, 等待RTU响应超时, 01 04 06 00 00 00 00 00 00
处理结果: 失败
失败原因: 超时, 等待RTU响应超时
发送次数: 1/1
[2026-06-02 17:16:14] [WARN] [MonitorDataTask][QRCode:12006] 指令完成
指令: ReadIdlePurgeAll
请求帧: 01 04 00 1D 00 03 20 0D
响应帧: 超时, 等待RTU响应超时, 01 04 06 00 00 00 00 00 00
处理结果: 失败
失败原因: 超时, 等待RTU响应超时
发送次数: 1/1
[2026-06-02 17:16:14] [WARN] [MonitorDataTask][QRCode:12059] 指令完成
指令: ReadIdlePurgeAll
请求帧: 01 04 00 1D 00 03 20 0D
响应帧: 超时, 等待RTU响应超时, 01 04 06 00 00 00 00 00 00
处理结果: 失败
失败原因: 超时, 等待RTU响应超时
发送次数: 1/1
[2026-06-02 17:16:14] [WARN] [MonitorDataTask][QRCode:12039] 指令完成
指令: ReadIdlePurgeAll
请求帧: 01 04 00 1D 00 03 20 0D
响应帧: 超时, 等待RTU响应超时, 01 04 06 00 00 00 00 00 00
处理结果: 失败
失败原因: 超时, 等待RTU响应超时
发送次数: 1/1
[2026-06-02 17:16:14] [WARN] [MonitorDataTask][QRCode:12062] 指令完成
指令: ReadIdlePurgeAll
请求帧: 01 04 00 1D 00 03 20 0D
响应帧: 超时, 等待RTU响应超时, 01 04 06 00 00 00 00 00 00
处理结果: 失败
失败原因: 超时, 等待RTU响应超时
发送次数: 1/1
[2026-06-02 17:16:14] [WARN] [MonitorDataTask][QRCode:12050] 指令完成
指令: ReadIdlePurgeAll
请求帧: 01 04 00 1D 00 03 20 0D
响应帧: 超时, 等待RTU响应超时, 01 04 06 00 00 00 00 00 00
处理结果: 失败
失败原因: 超时, 等待RTU响应超时
发送次数: 1/1
[2026-06-02 17:16:14] [WARN] [MonitorDataTask][QRCode:12042] 指令完成
指令: ReadIdlePurgeAll
请求帧: 01 04 00 1D 00 03 20 0D
响应帧: 超时, 等待RTU响应超时, 01 04 06 00 00 00 00 00 00
处理结果: 失败
失败原因: 超时, 等待RTU响应超时
发送次数: 1/1
[2026-06-02 17:16:14] [WARN] [MonitorDataTask][QRCode:12007] 指令完成
指令: ReadIdlePurgeAll
请求帧: 01 04 00 1D 00 03 20 0D
响应帧: 超时, 等待RTU响应超时, 01 04 06 00 00 00 00 00 00
处理结果: 失败
失败原因: 超时, 等待RTU响应超时
发送次数: 1/1
[2026-06-02 17:16:14] [WARN] [MonitorDataTask][QRCode:12038] 指令完成
指令: ReadIdlePurgeAll
请求帧: 01 04 00 1D 00 03 20 0D
响应帧: 超时, 等待RTU响应超时, 01 04 06 00 00 00 00 00 00
处理结果: 失败
失败原因: 超时, 等待RTU响应超时
发送次数: 1/1
[2026-06-02 17:16:14] [WARN] [MonitorDataTask][QRCode:12018] 指令完成
指令: ReadIdlePurgeAll
请求帧: 01 04 00 1D 00 03 20 0D
响应帧: 超时, 等待RTU响应超时, 01 04 06 00 00 00 00 00 00
处理结果: 失败
失败原因: 超时, 等待RTU响应超时
发送次数: 1/1
[2026-06-02 17:16:14] [WARN] [MonitorDataTask][QRCode:12040] 指令完成
指令: ReadIdlePurgeAll
请求帧: 01 04 00 1D 00 03 20 0D
响应帧: 超时, 等待RTU响应超时, 01 04 06 00 00 00 00 00 00
处理结果: 失败
失败原因: 超时, 等待RTU响应超时
发送次数: 1/1
[2026-06-02 17:16:14] [WARN] [MonitorDataTask][QRCode:12035] 指令完成
指令: ReadIdlePurgeAll
请求帧: 01 04 00 1D 00 03 20 0D
响应帧: 超时, 等待RTU响应超时, 01 04 06 00 00 00 00 00 00
处理结果: 失败
失败原因: 超时, 等待RTU响应超时
发送次数: 1/1
[2026-06-02 17:16:14] [WARN] [MonitorDataTask][QRCode:12015] 指令完成
指令: ReadIdlePurgeAll
请求帧: 01 04 00 1D 00 03 20 0D
响应帧: 超时, 等待RTU响应超时, 01 04 06 00 00 00 00 00 00
处理结果: 失败
失败原因: 超时, 等待RTU响应超时
发送次数: 1/1
[2026-06-02 17:16:14] [WARN] [MonitorDataTask][QRCode:12076] 指令完成
指令: ReadIdlePurgeAll
请求帧: 01 04 00 1D 00 03 20 0D
响应帧: 超时, 等待RTU响应超时, 01 04 06 00 00 00 00 00 00
处理结果: 失败
失败原因: 超时, 等待RTU响应超时
发送次数: 1/1
[2026-06-02 17:16:14] [WARN] [MonitorDataTask][QRCode:12068] 指令完成
指令: ReadIdlePurgeAll
请求帧: 01 04 00 1D 00 03 20 0D
响应帧: 超时, 等待RTU响应超时, 01 04 06 00 00 00 00 00 00
处理结果: 失败
失败原因: 超时, 等待RTU响应超时
发送次数: 1/1
[2026-06-02 17:16:14] [WARN] [MonitorDataTask][QRCode:12052] 指令完成
指令: ReadIdlePurgeAll
请求帧: 01 04 00 1D 00 03 20 0D
响应帧: 超时, 等待RTU响应超时, 01 04 06 00 00 00 00 00 00
处理结果: 失败
失败原因: 超时, 等待RTU响应超时
发送次数: 1/1
[2026-06-02 17:16:14] [WARN] [MonitorDataTask][QRCode:12043] 指令完成
指令: ReadIdlePurgeAll
请求帧: 01 04 00 1D 00 03 20 0D
响应帧: 超时, 等待RTU响应超时, 01 04 06 00 00 00 00 00 00
处理结果: 失败
失败原因: 超时, 等待RTU响应超时
发送次数: 1/1
[2026-06-02 17:16:14] [WARN] [MonitorDataTask][QRCode:12012] 指令完成
指令: ReadIdlePurgeAll
请求帧: 01 04 00 1D 00 03 20 0D
响应帧: 超时, 等待RTU响应超时, 01 04 06 00 00 00 00 00 00
处理结果: 失败
失败原因: 超时, 等待RTU响应超时
发送次数: 1/1
[2026-06-02 17:16:14] [WARN] [MonitorDataTask][QRCode:12061] 指令完成
指令: ReadIdlePurgeAll
请求帧: 01 04 00 1D 00 03 20 0D
响应帧: 超时, 等待RTU响应超时, 01 04 06 00 00 00 00 00 00
处理结果: 失败
失败原因: 超时, 等待RTU响应超时
发送次数: 1/1
[2026-06-02 17:16:14] [WARN] [MonitorDataTask][QRCode:12057] 指令完成
指令: ReadIdlePurgeAll
请求帧: 01 04 00 1D 00 03 20 0D
响应帧: 超时, 等待RTU响应超时, 01 04 06 00 00 00 00 00 00
处理结果: 失败
失败原因: 超时, 等待RTU响应超时
发送次数: 1/1
[2026-06-02 17:16:14] [WARN] [MonitorDataTask][QRCode:12049] 指令完成
指令: ReadIdlePurgeAll
请求帧: 01 04 00 1D 00 03 20 0D
响应帧: 超时, 等待RTU响应超时, 01 04 06 00 00 00 00 00 00
处理结果: 失败
失败原因: 超时, 等待RTU响应超时
发送次数: 1/1
[2026-06-02 17:16:14] [WARN] [MonitorDataTask][QRCode:12024] 指令完成
指令: ReadIdlePurgeAll
请求帧: 01 04 00 1D 00 03 20 0D
响应帧: 超时, 等待RTU响应超时, 01 04 06 00 00 00 00 00 00
处理结果: 失败
失败原因: 超时, 等待RTU响应超时
发送次数: 1/1
[2026-06-02 17:16:14] [WARN] [MonitorDataTask][QRCode:12080] 指令完成
指令: ReadIdlePurgeAll
请求帧: 01 04 00 1D 00 03 20 0D
响应帧: 超时, 等待RTU响应超时, 01 04 06 00 00 00 00 00 00
处理结果: 失败
失败原因: 超时, 等待RTU响应超时
发送次数: 1/1
[2026-06-02 17:16:14] [WARN] [MonitorDataTask][QRCode:12011] 指令完成
指令: ReadIdlePurgeAll
请求帧: 01 04 00 1D 00 03 20 0D
响应帧: 超时, 等待RTU响应超时, 01 04 06 00 00 00 00 00 00
处理结果: 失败
失败原因: 超时, 等待RTU响应超时
发送次数: 1/1
[2026-06-02 17:16:14] [WARN] [MonitorDataTask][QRCode:12031] 指令完成
指令: ReadIdlePurgeAll
请求帧: 01 04 00 1D 00 03 20 0D
响应帧: 超时, 等待RTU响应超时, 01 04 06 00 00 00 00 00 00
处理结果: 失败
失败原因: 超时, 等待RTU响应超时
发送次数: 1/1
[2026-06-02 17:16:14] [WARN] [MonitorDataTask][QRCode:12044] 指令完成
指令: ReadIdlePurgeAll
请求帧: 01 04 00 1D 00 03 20 0D
响应帧: 超时, 等待RTU响应超时, 01 04 06 00 00 00 00 00 00
处理结果: 失败
失败原因: 超时, 等待RTU响应超时
发送次数: 1/1
[2026-06-02 17:16:14] [WARN] [MonitorDataTask][QRCode:12071] 指令完成
指令: ReadIdlePurgeAll
请求帧: 01 04 00 1D 00 03 20 0D
响应帧: 超时, 等待RTU响应超时, 01 04 06 00 00 00 00 00 00
处理结果: 失败
失败原因: 超时, 等待RTU响应超时
发送次数: 1/1
[2026-06-02 17:16:14] [WARN] [MonitorDataTask][QRCode:12073] 指令完成
指令: ReadIdlePurgeAll
请求帧: 01 04 00 1D 00 03 20 0D
响应帧: 超时, 等待RTU响应超时, 01 04 06 00 00 00 00 00 00
处理结果: 失败
失败原因: 超时, 等待RTU响应超时
发送次数: 1/1
[2026-06-02 17:16:14] [WARN] [MonitorDataTask][QRCode:12074] 指令完成
指令: ReadIdlePurgeAll
请求帧: 01 04 00 1D 00 03 20 0D
响应帧: 超时, 等待RTU响应超时, 01 04 06 00 00 00 00 00 00
处理结果: 失败
失败原因: 超时, 等待RTU响应超时
发送次数: 1/1
[2026-06-02 17:16:14] [WARN] [MonitorDataTask][QRCode:12045] 指令完成
指令: ReadIdlePurgeAll
请求帧: 01 04 00 1D 00 03 20 0D
响应帧: 超时, 等待RTU响应超时, 01 04 06 00 00 00 00 00 00
处理结果: 失败
失败原因: 超时, 等待RTU响应超时
发送次数: 1/1
[2026-06-02 17:16:14] [WARN] [MonitorDataTask][QRCode:12004] 指令完成
指令: ReadIdlePurgeAll
请求帧: 01 04 00 1D 00 03 20 0D
响应帧: 超时, 等待RTU响应超时, 01 04 06 00 00 00 00 00 00
处理结果: 失败
失败原因: 超时, 等待RTU响应超时
发送次数: 1/1
[2026-06-02 17:16:14] [WARN] [MonitorDataTask][QRCode:12055] 指令完成
指令: ReadIdlePurgeAll
请求帧: 01 04 00 1D 00 03 20 0D
响应帧: 超时, 等待RTU响应超时, 01 04 06 00 00 00 00 00 00
处理结果: 失败
失败原因: 超时, 等待RTU响应超时
发送次数: 1/1
[2026-06-02 17:16:14] [WARN] [MonitorDataTask][QRCode:12013] 指令完成
指令: ReadIdlePurgeAll
请求帧: 01 04 00 1D 00 03 20 0D
响应帧: 超时, 等待RTU响应超时, 01 04 06 00 00 00 00 00 00
处理结果: 失败
失败原因: 超时, 等待RTU响应超时
发送次数: 1/1
[2026-06-02 17:16:14] [WARN] [MonitorDataTask][QRCode:12054] 指令完成
指令: ReadIdlePurgeAll
请求帧: 01 04 00 1D 00 03 20 0D
响应帧: 超时, 等待RTU响应超时, 01 04 06 00 00 00 00 00 00
处理结果: 失败
失败原因: 超时, 等待RTU响应超时
发送次数: 1/1
[2026-06-02 17:16:14] [WARN] [MonitorDataTask][QRCode:12032] 指令完成
指令: ReadIdlePurgeAll
请求帧: 01 04 00 1D 00 03 20 0D
响应帧: 超时, 等待RTU响应超时, 01 04 06 00 00 00 00 00 00
处理结果: 失败
失败原因: 超时, 等待RTU响应超时
发送次数: 1/1
[2026-06-02 17:16:14] [WARN] [MonitorDataTask][QRCode:12037] 指令完成
指令: ReadIdlePurgeAll
请求帧: 01 04 00 1D 00 03 20 0D
响应帧: 超时, 等待RTU响应超时, 01 04 06 00 00 00 00 00 00
处理结果: 失败
失败原因: 超时, 等待RTU响应超时
发送次数: 1/1
[2026-06-02 17:16:14] [WARN] [MonitorDataTask][QRCode:12027] 指令完成
指令: ReadIdlePurgeAll
请求帧: 01 04 00 1D 00 03 20 0D
响应帧: 超时, 等待RTU响应超时, 01 04 06 00 00 00 00 00 00
处理结果: 失败
失败原因: 超时, 等待RTU响应超时
发送次数: 1/1
[2026-06-02 17:16:14] [WARN] [MonitorDataTask][QRCode:12046] 指令完成
指令: ReadIdlePurgeAll
请求帧: 01 04 00 1D 00 03 20 0D
响应帧: 超时, 等待RTU响应超时, 01 04 06 00 00 00 00 00 00
处理结果: 失败
失败原因: 超时, 等待RTU响应超时
发送次数: 1/1
[2026-06-02 17:16:14] [WARN] [MonitorDataTask][QRCode:12008] 指令完成
指令: ReadIdlePurgeAll
请求帧: 01 04 00 1D 00 03 20 0D
响应帧: 超时, 等待RTU响应超时, 01 04 06 00 00 00 00 00 00
处理结果: 失败
失败原因: 超时, 等待RTU响应超时
发送次数: 1/1
[2026-06-02 17:16:14] [WARN] [MonitorDataTask][QRCode:12053] 指令完成
指令: ReadIdlePurgeAll
请求帧: 01 04 00 1D 00 03 20 0D
响应帧: 超时, 等待RTU响应超时, 01 04 06 00 00 00 00 00 00
处理结果: 失败
失败原因: 超时, 等待RTU响应超时
发送次数: 1/1
[2026-06-02 17:16:14] [WARN] [MonitorDataTask][QRCode:12025] 指令完成
指令: ReadIdlePurgeAll
请求帧: 01 04 00 1D 00 03 20 0D
响应帧: 超时, 等待RTU响应超时, 01 04 06 00 00 00 00 00 00
处理结果: 失败
失败原因: 超时, 等待RTU响应超时
发送次数: 1/1
[2026-06-02 17:16:14] [WARN] [MonitorDataTask][QRCode:12079] 指令完成
指令: ReadIdlePurgeAll
请求帧: 01 04 00 1D 00 03 20 0D
响应帧: 超时, 等待RTU响应超时, 01 04 06 00 00 00 00 00 00
处理结果: 失败
失败原因: 超时, 等待RTU响应超时
发送次数: 1/1
[2026-06-02 17:16:14] [WARN] [MonitorDataTask][QRCode:12019] 指令完成
指令: ReadIdlePurgeAll
请求帧: 01 04 00 1D 00 03 20 0D
响应帧: 超时, 等待RTU响应超时, 01 04 06 00 00 00 00 00 00
处理结果: 失败
失败原因: 超时, 等待RTU响应超时
发送次数: 1/1
[2026-06-02 17:16:14] [WARN] [MonitorDataTask][QRCode:12041] 指令完成
指令: ReadIdlePurgeAll
请求帧: 01 04 00 1D 00 03 20 0D
响应帧: 超时, 等待RTU响应超时, 01 04 06 00 00 00 00 00 00
处理结果: 失败
失败原因: 超时, 等待RTU响应超时
发送次数: 1/1
[2026-06-02 17:16:14] [WARN] [MonitorDataTask][QRCode:12033] 指令完成
指令: ReadIdlePurgeAll
请求帧: 01 04 00 1D 00 03 20 0D
响应帧: 超时, 等待RTU响应超时, 01 04 06 00 00 00 00 00 00
处理结果: 失败
失败原因: 超时, 等待RTU响应超时
发送次数: 1/1
[2026-06-02 17:16:14] [WARN] [MonitorDataTask][QRCode:12026] 指令完成
指令: ReadIdlePurgeAll
请求帧: 01 04 00 1D 00 03 20 0D
响应帧: 超时, 等待RTU响应超时, 01 04 06 00 00 00 00 00 00
处理结果: 失败
失败原因: 超时, 等待RTU响应超时
发送次数: 1/1
[2026-06-02 17:16:14] [WARN] [MonitorDataTask][QRCode:12023] 指令完成
指令: ReadIdlePurgeAll
请求帧: 01 04 00 1D 00 03 20 0D
响应帧: 超时, 等待RTU响应超时, 01 04 06 00 00 00 00 00 00
处理结果: 失败
失败原因: 超时, 等待RTU响应超时
发送次数: 1/1
[2026-06-02 17:16:14] [WARN] [MonitorDataTask][QRCode:12058] 指令完成
指令: ReadIdlePurgeAll
请求帧: 01 04 00 1D 00 03 20 0D
响应帧: 超时, 等待RTU响应超时, 01 04 06 00 00 00 00 00 00
处理结果: 失败
失败原因: 超时, 等待RTU响应超时
发送次数: 1/1
[2026-06-02 17:16:15] [WARN] [MonitorDataTask][QRCode:12005] 指令完成
指令: ReadIdlePurgeAll
请求帧: 01 04 00 1D 00 03 20 0D
响应帧: 超时, 等待RTU响应超时, 01 04 06 00 00 00 00 00 00
处理结果: 失败
失败原因: 超时, 等待RTU响应超时
发送次数: 1/1
[2026-06-02 17:16:15] [WARN] [MonitorDataTask][QRCode:12067] 指令完成
指令: ReadIdlePurgeAll
请求帧: 01 04 00 1D 00 03 20 0D
响应帧: 超时, 等待RTU响应超时, 01 04 06 00 00 00 00 00 00
处理结果: 失败
失败原因: 超时, 等待RTU响应超时
发送次数: 1/1
[2026-06-02 17:16:15] [WARN] [MonitorDataTask][QRCode:12077] 指令完成
指令: ReadIdlePurgeAll
请求帧: 01 04 00 1D 00 03 20 0D
响应帧: 超时, 等待RTU响应超时, 01 04 06 00 00 00 00 00 00
处理结果: 失败
失败原因: 超时, 等待RTU响应超时
发送次数: 1/1
[2026-06-02 17:16:15] [WARN] [MonitorDataTask][QRCode:12065] 指令完成
指令: ReadIdlePurgeAll
请求帧: 01 04 00 1D 00 03 20 0D
响应帧: 超时, 等待RTU响应超时, 01 04 06 00 00 00 00 00 00
处理结果: 失败
失败原因: 超时, 等待RTU响应超时
发送次数: 1/1
[2026-06-02 17:16:15] [WARN] [MonitorDataTask][QRCode:12010] 指令完成
指令: ReadIdlePurgeAll
请求帧: 01 04 00 1D 00 03 20 0D
响应帧: 超时, 等待RTU响应超时, 01 04 06 00 00 00 00 00 00
处理结果: 失败
失败原因: 超时, 等待RTU响应超时
发送次数: 1/1
[2026-06-02 17:16:15] [WARN] [MonitorDataTask][QRCode:12070] 指令完成
指令: ReadIdlePurgeAll
请求帧: 01 04 00 1D 00 03 20 0D
响应帧: 超时, 等待RTU响应超时, 01 04 06 00 00 00 00 00 00
处理结果: 失败
失败原因: 超时, 等待RTU响应超时
发送次数: 1/1
[2026-06-02 17:16:15] [WARN] [MonitorDataTask][QRCode:12016] 指令完成
指令: ReadIdlePurgeAll
请求帧: 01 04 00 1D 00 03 20 0D
响应帧: 超时, 等待RTU响应超时, 01 04 06 00 00 00 00 00 00
处理结果: 失败
失败原因: 超时, 等待RTU响应超时
发送次数: 1/1
[2026-06-02 17:16:15] [WARN] [MonitorDataTask][QRCode:12072] 指令完成
指令: ReadIdlePurgeAll
请求帧: 01 04 00 1D 00 03 20 0D
响应帧: 超时, 等待RTU响应超时, 01 04 06 00 00 00 00 00 00
处理结果: 失败
失败原因: 超时, 等待RTU响应超时
发送次数: 1/1
[2026-06-02 17:16:15] [WARN] [MonitorDataTask][QRCode:12066] 指令完成
指令: ReadIdlePurgeAll
请求帧: 01 04 00 1D 00 03 20 0D
响应帧: 超时, 等待RTU响应超时, 01 04 06 00 00 00 00 00 00
处理结果: 失败
失败原因: 超时, 等待RTU响应超时
发送次数: 1/1
[2026-06-02 17:16:15] [WARN] [MonitorDataTask][QRCode:12020] 指令完成
指令: ReadIdlePurgeAll
请求帧: 01 04 00 1D 00 03 20 0D
响应帧: 超时, 等待RTU响应超时, 01 04 06 00 00 00 00 00 00
处理结果: 失败
失败原因: 超时, 等待RTU响应超时
发送次数: 1/1
[2026-06-02 17:16:15] [WARN] [MonitorDataTask][QRCode:12030] 指令完成
指令: ReadIdlePurgeAll
请求帧: 01 04 00 1D 00 03 20 0D
响应帧: 超时, 等待RTU响应超时, 01 04 06 00 00 00 00 00 00
处理结果: 失败
失败原因: 超时, 等待RTU响应超时
发送次数: 1/1
[2026-06-02 17:16:15] [WARN] [MonitorDataTask][QRCode:12063] 指令完成
指令: ReadIdlePurgeAll
请求帧: 01 04 00 1D 00 03 20 0D
响应帧: 超时, 等待RTU响应超时, 01 04 06 00 00 00 00 00 00
处理结果: 失败
失败原因: 超时, 等待RTU响应超时
发送次数: 1/1
[2026-06-02 17:16:15] [WARN] [MonitorDataTask][QRCode:12028] 指令完成
指令: ReadIdlePurgeAll
请求帧: 01 04 00 1D 00 03 20 0D
响应帧: 超时, 等待RTU响应超时, 01 04 06 00 00 00 00 00 00
处理结果: 失败
失败原因: 超时, 等待RTU响应超时
发送次数: 1/1
[2026-06-02 17:16:15] [WARN] [MonitorDataTask][QRCode:12034] 指令完成
指令: ReadIdlePurgeAll
请求帧: 01 04 00 1D 00 03 20 0D
响应帧: 超时, 等待RTU响应超时, 01 04 06 00 00 00 00 00 00
处理结果: 失败
失败原因: 超时, 等待RTU响应超时
发送次数: 1/1
[2026-06-02 17:16:15] [WARN] [MonitorDataTask][QRCode:12056] 指令完成
指令: ReadIdlePurgeAll
请求帧: 01 04 00 1D 00 03 20 0D
响应帧: 超时, 等待RTU响应超时, 01 04 06 00 00 00 00 00 00
处理结果: 失败
失败原因: 超时, 等待RTU响应超时
发送次数: 1/1
[2026-06-02 17:16:15] [WARN] [MonitorDataTask][QRCode:12075] 指令完成
指令: ReadIdlePurgeAll
请求帧: 01 04 00 1D 00 03 20 0D
响应帧: 超时, 等待RTU响应超时, 01 04 06 00 00 00 00 00 00
处理结果: 失败
失败原因: 超时, 等待RTU响应超时
发送次数: 1/1
[2026-06-02 17:16:15] [WARN] [MonitorDataTask][QRCode:12014] 指令完成
指令: ReadIdlePurgeAll
请求帧: 01 04 00 1D 00 03 20 0D
响应帧: 超时, 等待RTU响应超时, 01 04 06 00 00 00 00 00 00
处理结果: 失败
失败原因: 超时, 等待RTU响应超时
发送次数: 1/1
[2026-06-02 17:16:15] [WARN] [MonitorDataTask][QRCode:12002] 指令完成
指令: ReadIdlePurgeAll
请求帧: 01 04 00 1D 00 03 20 0D
响应帧: 超时, 等待RTU响应超时, 01 04 06 00 00 00 00 00 00
处理结果: 失败
失败原因: 超时, 等待RTU响应超时
发送次数: 1/1
[2026-06-02 17:16:15] [WARN] [MonitorDataTask][QRCode:12051] 指令完成
指令: ReadIdlePurgeAll
请求帧: 01 04 00 1D 00 03 20 0D
响应帧: 超时, 等待RTU响应超时, 01 04 06 00 00 00 00 00 00
处理结果: 失败
失败原因: 超时, 等待RTU响应超时
发送次数: 1/1
[2026-06-02 17:16:15] [WARN] [MonitorDataTask][QRCode:12047] 指令完成
指令: ReadIdlePurgeAll
请求帧: 01 04 00 1D 00 03 20 0D
响应帧: 超时, 等待RTU响应超时, 01 04 06 00 00 00 00 00 00
处理结果: 失败
失败原因: 超时, 等待RTU响应超时
发送次数: 1/1
[2026-06-02 17:16:15] [WARN] [MonitorDataTask][QRCode:12078] 指令完成
指令: ReadIdlePurgeAll
请求帧: 01 04 00 1D 00 03 20 0D
响应帧: 超时, 等待RTU响应超时, 01 04 06 00 00 00 00 00 00
处理结果: 失败
失败原因: 超时, 等待RTU响应超时
发送次数: 1/1
[2026-06-02 17:16:15] [WARN] [MonitorDataTask][QRCode:12001] 指令完成
指令: ReadIdlePurgeAll
请求帧: 01 04 00 1D 00 03 20 0D
响应帧: 超时, 等待RTU响应超时, 01 04 06 00 00 00 00 00 00
处理结果: 失败
失败原因: 超时, 等待RTU响应超时
发送次数: 1/1
[2026-06-02 17:16:15] [WARN] [MonitorDataTask][QRCode:12064] 指令完成
指令: ReadIdlePurgeAll
请求帧: 01 04 00 1D 00 03 20 0D
响应帧: 超时, 等待RTU响应超时, 01 04 06 00 00 00 00 00 00
处理结果: 失败
失败原因: 超时, 等待RTU响应超时
发送次数: 1/1
[2026-06-02 17:16:15] [WARN] [MonitorDataTask][QRCode:12017] 指令完成
指令: ReadIdlePurgeAll
请求帧: 01 04 00 1D 00 03 20 0D
响应帧: 超时, 等待RTU响应超时, 01 04 06 00 00 00 00 00 00
处理结果: 失败
失败原因: 超时, 等待RTU响应超时
发送次数: 1/1
[2026-06-02 17:16:15] [WARN] [MonitorDataTask][QRCode:12021] 指令完成
指令: ReadIdlePurgeAll
请求帧: 01 04 00 1D 00 03 20 0D
响应帧: 超时, 等待RTU响应超时, 01 04 06 00 00 00 00 00 00
处理结果: 失败
失败原因: 超时, 等待RTU响应超时
发送次数: 1/1
[2026-06-02 17:16:15] [WARN] [MonitorDataTask][QRCode:12060] 指令完成
指令: ReadIdlePurgeAll
请求帧: 01 04 00 1D 00 03 20 0D
响应帧: 超时, 等待RTU响应超时, 01 04 06 00 00 00 00 00 00
处理结果: 失败
失败原因: 超时, 等待RTU响应超时
发送次数: 1/1
[2026-06-02 17:16:15] [WARN] [MonitorDataTask][QRCode:12003] 指令完成
指令: ReadIdlePurgeAll
请求帧: 01 04 00 1D 00 03 20 0D
响应帧: 超时, 等待RTU响应超时, 01 04 06 00 00 00 00 00 00
处理结果: 失败
失败原因: 超时, 等待RTU响应超时
发送次数: 1/1
[2026-06-02 17:16:15] [WARN] [MonitorDataTask][QRCode:12029] 指令完成
指令: ReadIdlePurgeAll
请求帧: 01 04 00 1D 00 03 20 0D
响应帧: 超时, 等待RTU响应超时, 01 04 06 00 00 00 00 00 00
处理结果: 失败
失败原因: 超时, 等待RTU响应超时
发送次数: 1/1
[2026-06-02 17:16:15] [WARN] [MonitorDataTask][QRCode:12009] 指令完成
指令: ReadIdlePurgeAll
请求帧: 01 04 00 1D 00 03 20 0D
响应帧: 超时, 等待RTU响应超时, 01 04 06 00 00 00 00 00 00
处理结果: 失败
失败原因: 超时, 等待RTU响应超时
发送次数: 1/1
[2026-06-02 17:16:15] [WARN] [MonitorDataTask][QRCode:12022] 指令完成
指令: ReadIdlePurgeAll
请求帧: 01 04 00 1D 00 03 20 0D
响应帧: 超时, 等待RTU响应超时, 01 04 06 00 00 00 00 00 00
处理结果: 失败
失败原因: 超时, 等待RTU响应超时
发送次数: 1/1
[2026-06-02 17:16:16] [WARN] [MonitorDataTask][QRCode:12038] 指令完成
指令: ReadIdlePurgeAll
请求帧: 01 04 00 1D 00 03 20 0D
响应帧: 超时, 等待RTU响应超时, 01 04 06 00 00 00 00 00 00
处理结果: 失败
失败原因: 超时, 等待RTU响应超时
发送次数: 1/1
[2026-06-02 17:16:16] [WARN] [MonitorDataTask][QRCode:12042] 指令完成
指令: ReadIdlePurgeAll
请求帧: 01 04 00 1D 00 03 20 0D
响应帧: 超时, 等待RTU响应超时, 01 04 06 00 00 00 00 00 00
处理结果: 失败
失败原因: 超时, 等待RTU响应超时
发送次数: 1/1
[2026-06-02 17:16:16] [WARN] [MonitorDataTask][QRCode:12018] 指令完成
指令: ReadIdlePurgeAll
请求帧: 01 04 00 1D 00 03 20 0D
响应帧: 超时, 等待RTU响应超时, 01 04 06 00 00 00 00 00 00
处理结果: 失败
失败原因: 超时, 等待RTU响应超时
发送次数: 1/1
[2026-06-02 17:16:16] [WARN] [MonitorDataTask][QRCode:12059] 指令完成
指令: ReadIdlePurgeAll
请求帧: 01 04 00 1D 00 03 20 0D
响应帧: 超时, 等待RTU响应超时, 01 04 06 00 00 00 00 00 00
处理结果: 失败
失败原因: 超时, 等待RTU响应超时
发送次数: 1/1
[2026-06-02 17:16:16] [WARN] [MonitorDataTask][QRCode:12039] 指令完成
指令: ReadIdlePurgeAll
请求帧: 01 04 00 1D 00 03 20 0D
响应帧: 超时, 等待RTU响应超时, 01 04 06 00 00 00 00 00 00
处理结果: 失败
失败原因: 超时, 等待RTU响应超时
发送次数: 1/1
[2026-06-02 17:16:16] [WARN] [MonitorDataTask][QRCode:12050] 指令完成
指令: ReadIdlePurgeAll
请求帧: 01 04 00 1D 00 03 20 0D
响应帧: 超时, 等待RTU响应超时, 01 04 06 00 00 00 00 00 00
处理结果: 失败
失败原因: 超时, 等待RTU响应超时
发送次数: 1/1
[2026-06-02 17:16:16] [WARN] [MonitorDataTask][QRCode:12069] 指令完成
指令: ReadIdlePurgeAll
请求帧: 01 04 00 1D 00 03 20 0D
响应帧: 超时, 等待RTU响应超时, 01 04 06 00 00 00 00 00 00
处理结果: 失败
失败原因: 超时, 等待RTU响应超时
发送次数: 1/1
[2026-06-02 17:16:16] [WARN] [MonitorDataTask][QRCode:12007] 指令完成
指令: ReadIdlePurgeAll
请求帧: 01 04 00 1D 00 03 20 0D
响应帧: 超时, 等待RTU响应超时, 01 04 06 00 00 00 00 00 00
处理结果: 失败
失败原因: 超时, 等待RTU响应超时
发送次数: 1/1
[2026-06-02 17:16:16] [WARN] [MonitorDataTask][QRCode:12036] 指令完成
指令: ReadIdlePurgeAll
请求帧: 01 04 00 1D 00 03 20 0D
响应帧: 超时, 等待RTU响应超时, 01 04 06 00 00 00 00 00 00
处理结果: 失败
失败原因: 超时, 等待RTU响应超时
发送次数: 1/1
[2026-06-02 17:16:16] [WARN] [MonitorDataTask][QRCode:12048] 指令完成
指令: ReadIdlePurgeAll
请求帧: 01 04 00 1D 00 03 20 0D
响应帧: 超时, 等待RTU响应超时, 01 04 06 00 00 00 00 00 00
处理结果: 失败
失败原因: 超时, 等待RTU响应超时
发送次数: 1/1
[2026-06-02 17:16:16] [WARN] [MonitorDataTask][QRCode:12062] 指令完成
指令: ReadIdlePurgeAll
请求帧: 01 04 00 1D 00 03 20 0D
响应帧: 超时, 等待RTU响应超时, 01 04 06 00 00 00 00 00 00
处理结果: 失败
失败原因: 超时, 等待RTU响应超时
发送次数: 1/1
[2026-06-02 17:16:16] [WARN] [MonitorDataTask][QRCode:12006] 指令完成
指令: ReadIdlePurgeAll
请求帧: 01 04 00 1D 00 03 20 0D
响应帧: 超时, 等待RTU响应超时, 01 04 06 00 00 00 00 00 00
处理结果: 失败
失败原因: 超时, 等待RTU响应超时
发送次数: 1/1
[2026-06-02 17:16:16] [WARN] [MonitorDataTask][QRCode:12040] 指令完成
指令: ReadIdlePurgeAll
请求帧: 01 04 00 1D 00 03 20 0D
响应帧: 超时, 等待RTU响应超时, 01 04 06 00 00 00 00 00 00
处理结果: 失败
失败原因: 超时, 等待RTU响应超时
发送次数: 1/1
[2026-06-02 17:16:16] [WARN] [MonitorDataTask][QRCode:12035] 指令完成
指令: ReadIdlePurgeAll
请求帧: 01 04 00 1D 00 03 20 0D
响应帧: 超时, 等待RTU响应超时, 01 04 06 00 00 00 00 00 00
处理结果: 失败
失败原因: 超时, 等待RTU响应超时
发送次数: 1/1
[2026-06-02 17:16:16] [WARN] [MonitorDataTask][QRCode:12015] 指令完成
指令: ReadIdlePurgeAll
请求帧: 01 04 00 1D 00 03 20 0D
响应帧: 超时, 等待RTU响应超时, 01 04 06 00 00 00 00 00 00
处理结果: 失败
失败原因: 超时, 等待RTU响应超时
发送次数: 1/1
[2026-06-02 17:16:16] [WARN] [MonitorDataTask][QRCode:12052] 指令完成
指令: ReadIdlePurgeAll
请求帧: 01 04 00 1D 00 03 20 0D
响应帧: 超时, 等待RTU响应超时, 01 04 06 00 00 00 00 00 00
处理结果: 失败
失败原因: 超时, 等待RTU响应超时
发送次数: 1/1
[2026-06-02 17:16:16] [WARN] [MonitorDataTask][QRCode:12043] 指令完成
指令: ReadIdlePurgeAll
请求帧: 01 04 00 1D 00 03 20 0D
响应帧: 超时, 等待RTU响应超时, 01 04 06 00 00 00 00 00 00
处理结果: 失败
失败原因: 超时, 等待RTU响应超时
发送次数: 1/1
[2026-06-02 17:16:16] [WARN] [MonitorDataTask][QRCode:12076] 指令完成
指令: ReadIdlePurgeAll
请求帧: 01 04 00 1D 00 03 20 0D
响应帧: 超时, 等待RTU响应超时, 01 04 06 00 00 00 00 00 00
处理结果: 失败
失败原因: 超时, 等待RTU响应超时
发送次数: 1/1
[2026-06-02 17:16:16] [WARN] [MonitorDataTask][QRCode:12068] 指令完成
指令: ReadIdlePurgeAll
请求帧: 01 04 00 1D 00 03 20 0D
响应帧: 超时, 等待RTU响应超时, 01 04 06 00 00 00 00 00 00
处理结果: 失败
失败原因: 超时, 等待RTU响应超时
发送次数: 1/1
[2026-06-02 17:16:16] [WARN] [MonitorDataTask][QRCode:12012] 指令完成
指令: ReadIdlePurgeAll
请求帧: 01 04 00 1D 00 03 20 0D
响应帧: 超时, 等待RTU响应超时, 01 04 06 00 00 00 00 00 00
处理结果: 失败
失败原因: 超时, 等待RTU响应超时
发送次数: 1/1
[2026-06-02 17:16:16] [WARN] [MonitorDataTask][QRCode:12057] 指令完成
指令: ReadIdlePurgeAll
请求帧: 01 04 00 1D 00 03 20 0D
响应帧: 超时, 等待RTU响应超时, 01 04 06 00 00 00 00 00 00
处理结果: 失败
失败原因: 超时, 等待RTU响应超时
发送次数: 1/1
[2026-06-02 17:16:16] [WARN] [MonitorDataTask][QRCode:12061] 指令完成
指令: ReadIdlePurgeAll
请求帧: 01 04 00 1D 00 03 20 0D
响应帧: 超时, 等待RTU响应超时, 01 04 06 00 00 00 00 00 00
处理结果: 失败
失败原因: 超时, 等待RTU响应超时
发送次数: 1/1
[2026-06-02 17:16:16] [WARN] [MonitorDataTask][QRCode:12049] 指令完成
指令: ReadIdlePurgeAll
请求帧: 01 04 00 1D 00 03 20 0D
响应帧: 超时, 等待RTU响应超时, 01 04 06 00 00 00 00 00 00
处理结果: 失败
失败原因: 超时, 等待RTU响应超时
发送次数: 1/1
[2026-06-02 17:16:16] [WARN] [MonitorDataTask][QRCode:12024] 指令完成
指令: ReadIdlePurgeAll
请求帧: 01 04 00 1D 00 03 20 0D
响应帧: 超时, 等待RTU响应超时, 01 04 06 00 00 00 00 00 00
处理结果: 失败
失败原因: 超时, 等待RTU响应超时
发送次数: 1/1
[2026-06-02 17:16:16] [WARN] [MonitorDataTask][QRCode:12080] 指令完成
指令: ReadIdlePurgeAll
请求帧: 01 04 00 1D 00 03 20 0D
响应帧: 超时, 等待RTU响应超时, 01 04 06 00 00 00 00 00 00
处理结果: 失败
失败原因: 超时, 等待RTU响应超时
发送次数: 1/1
[2026-06-02 17:16:16] [WARN] [MonitorDataTask][QRCode:12045] 指令完成
指令: ReadIdlePurgeAll
请求帧: 01 04 00 1D 00 03 20 0D
响应帧: 超时, 等待RTU响应超时, 01 04 06 00 00 00 00 00 00
处理结果: 失败
失败原因: 超时, 等待RTU响应超时
发送次数: 1/1
[2026-06-02 17:16:16] [WARN] [MonitorDataTask][QRCode:12011] 指令完成
指令: ReadIdlePurgeAll
请求帧: 01 04 00 1D 00 03 20 0D
响应帧: 超时, 等待RTU响应超时, 01 04 06 00 00 00 00 00 00
处理结果: 失败
失败原因: 超时, 等待RTU响应超时
发送次数: 1/1
[2026-06-02 17:16:16] [WARN] [MonitorDataTask][QRCode:12071] 指令完成
指令: ReadIdlePurgeAll
请求帧: 01 04 00 1D 00 03 20 0D
响应帧: 超时, 等待RTU响应超时, 01 04 06 00 00 00 00 00 00
处理结果: 失败
失败原因: 超时, 等待RTU响应超时
发送次数: 1/1
[2026-06-02 17:16:16] [WARN] [MonitorDataTask][QRCode:12004] 指令完成
指令: ReadIdlePurgeAll
请求帧: 01 04 00 1D 00 03 20 0D
响应帧: 超时, 等待RTU响应超时, 01 04 06 00 00 00 00 00 00
处理结果: 失败
失败原因: 超时, 等待RTU响应超时
发送次数: 1/1
[2026-06-02 17:16:16] [WARN] [MonitorDataTask][QRCode:12073] 指令完成
指令: ReadIdlePurgeAll
请求帧: 01 04 00 1D 00 03 20 0D
响应帧: 超时, 等待RTU响应超时, 01 04 06 00 00 00 00 00 00
处理结果: 失败
失败原因: 超时, 等待RTU响应超时
发送次数: 1/1
[2026-06-02 17:16:16] [WARN] [MonitorDataTask][QRCode:12044] 指令完成
指令: ReadIdlePurgeAll
请求帧: 01 04 00 1D 00 03 20 0D
响应帧: 超时, 等待RTU响应超时, 01 04 06 00 00 00 00 00 00
处理结果: 失败
失败原因: 超时, 等待RTU响应超时
发送次数: 1/1
[2026-06-02 17:16:16] [WARN] [MonitorDataTask][QRCode:12074] 指令完成
指令: ReadIdlePurgeAll
请求帧: 01 04 00 1D 00 03 20 0D
响应帧: 超时, 等待RTU响应超时, 01 04 06 00 00 00 00 00 00
处理结果: 失败
失败原因: 超时, 等待RTU响应超时
发送次数: 1/1
[2026-06-02 17:16:16] [WARN] [MonitorDataTask][QRCode:12055] 指令完成
指令: ReadIdlePurgeAll
请求帧: 01 04 00 1D 00 03 20 0D
响应帧: 超时, 等待RTU响应超时, 01 04 06 00 00 00 00 00 00
处理结果: 失败
失败原因: 超时, 等待RTU响应超时
发送次数: 1/1
[2026-06-02 17:16:16] [WARN] [MonitorDataTask][QRCode:12031] 指令完成
指令: ReadIdlePurgeAll
请求帧: 01 04 00 1D 00 03 20 0D
响应帧: 超时, 等待RTU响应超时, 01 04 06 00 00 00 00 00 00
处理结果: 失败
失败原因: 超时, 等待RTU响应超时
发送次数: 1/1
[2026-06-02 17:16:16] [WARN] [MonitorDataTask][QRCode:12013] 指令完成
指令: ReadIdlePurgeAll
请求帧: 01 04 00 1D 00 03 20 0D
响应帧: 超时, 等待RTU响应超时, 01 04 06 00 00 00 00 00 00
处理结果: 失败
失败原因: 超时, 等待RTU响应超时
发送次数: 1/1
[2026-06-02 17:16:16] [WARN] [MonitorDataTask][QRCode:12054] 指令完成
指令: ReadIdlePurgeAll
请求帧: 01 04 00 1D 00 03 20 0D
响应帧: 超时, 等待RTU响应超时, 01 04 06 00 00 00 00 00 00
处理结果: 失败
失败原因: 超时, 等待RTU响应超时
发送次数: 1/1
[2026-06-02 17:16:16] [WARN] [MonitorDataTask][QRCode:12032] 指令完成
指令: ReadIdlePurgeAll
请求帧: 01 04 00 1D 00 03 20 0D
响应帧: 超时, 等待RTU响应超时, 01 04 06 00 00 00 00 00 00
处理结果: 失败
失败原因: 超时, 等待RTU响应超时
发送次数: 1/1
[2026-06-02 17:16:16] [WARN] [MonitorDataTask][QRCode:12037] 指令完成
指令: ReadIdlePurgeAll
请求帧: 01 04 00 1D 00 03 20 0D
响应帧: 超时, 等待RTU响应超时, 01 04 06 00 00 00 00 00 00
处理结果: 失败
失败原因: 超时, 等待RTU响应超时
发送次数: 1/1
[2026-06-02 17:16:16] [WARN] [MonitorDataTask][QRCode:12027] 指令完成
指令: ReadIdlePurgeAll
请求帧: 01 04 00 1D 00 03 20 0D
响应帧: 超时, 等待RTU响应超时, 01 04 06 00 00 00 00 00 00
处理结果: 失败
失败原因: 超时, 等待RTU响应超时
发送次数: 1/1
[2026-06-02 17:16:16] [WARN] [MonitorDataTask][QRCode:12046] 指令完成
指令: ReadIdlePurgeAll
请求帧: 01 04 00 1D 00 03 20 0D
响应帧: 超时, 等待RTU响应超时, 01 04 06 00 00 00 00 00 00
处理结果: 失败
失败原因: 超时, 等待RTU响应超时
发送次数: 1/1
[2026-06-02 17:16:16] [WARN] [MonitorDataTask][QRCode:12008] 指令完成
指令: ReadIdlePurgeAll
请求帧: 01 04 00 1D 00 03 20 0D
响应帧: 超时, 等待RTU响应超时, 01 04 06 00 00 00 00 00 00
处理结果: 失败
失败原因: 超时, 等待RTU响应超时
发送次数: 1/1
[2026-06-02 17:16:16] [WARN] [MonitorDataTask][QRCode:12053] 指令完成
指令: ReadIdlePurgeAll
请求帧: 01 04 00 1D 00 03 20 0D
响应帧: 超时, 等待RTU响应超时, 01 04 06 00 00 00 00 00 00
处理结果: 失败
失败原因: 超时, 等待RTU响应超时
发送次数: 1/1
[2026-06-02 17:16:16] [WARN] [MonitorDataTask][QRCode:12025] 指令完成
指令: ReadIdlePurgeAll
请求帧: 01 04 00 1D 00 03 20 0D
响应帧: 超时, 等待RTU响应超时, 01 04 06 00 00 00 00 00 00
处理结果: 失败
失败原因: 超时, 等待RTU响应超时
发送次数: 1/1
[2026-06-02 17:16:16] [WARN] [MonitorDataTask][QRCode:12019] 指令完成
指令: ReadIdlePurgeAll
请求帧: 01 04 00 1D 00 03 20 0D
响应帧: 超时, 等待RTU响应超时, 01 04 06 00 00 00 00 00 00
处理结果: 失败
失败原因: 超时, 等待RTU响应超时
发送次数: 1/1
[2026-06-02 17:16:16] [WARN] [MonitorDataTask][QRCode:12079] 指令完成
指令: ReadIdlePurgeAll
请求帧: 01 04 00 1D 00 03 20 0D
响应帧: 超时, 等待RTU响应超时, 01 04 06 00 00 00 00 00 00
处理结果: 失败
失败原因: 超时, 等待RTU响应超时
发送次数: 1/1
[2026-06-02 17:16:16] [WARN] [MonitorDataTask][QRCode:12041] 指令完成
指令: ReadIdlePurgeAll
请求帧: 01 04 00 1D 00 03 20 0D
响应帧: 超时, 等待RTU响应超时, 01 04 06 00 00 00 00 00 00
处理结果: 失败
失败原因: 超时, 等待RTU响应超时
发送次数: 1/1
[2026-06-02 17:16:16] [WARN] [MonitorDataTask][QRCode:12026] 指令完成
指令: ReadIdlePurgeAll
请求帧: 01 04 00 1D 00 03 20 0D
响应帧: 超时, 等待RTU响应超时, 01 04 06 00 00 00 00 00 00
处理结果: 失败
失败原因: 超时, 等待RTU响应超时
发送次数: 1/1
[2026-06-02 17:16:16] [WARN] [MonitorDataTask][QRCode:12023] 指令完成
指令: ReadIdlePurgeAll
请求帧: 01 04 00 1D 00 03 20 0D
响应帧: 超时, 等待RTU响应超时, 01 04 06 00 00 00 00 00 00
处理结果: 失败
失败原因: 超时, 等待RTU响应超时
发送次数: 1/1
[2026-06-02 17:16:16] [WARN] [MonitorDataTask][QRCode:12033] 指令完成
指令: ReadIdlePurgeAll
请求帧: 01 04 00 1D 00 03 20 0D
响应帧: 超时, 等待RTU响应超时, 01 04 06 00 00 00 00 00 00
处理结果: 失败
失败原因: 超时, 等待RTU响应超时
发送次数: 1/1
[2026-06-02 17:16:16] [WARN] [MonitorDataTask][QRCode:12058] 指令完成
指令: ReadIdlePurgeAll
请求帧: 01 04 00 1D 00 03 20 0D
响应帧: 超时, 等待RTU响应超时, 01 04 06 00 00 00 00 00 00
处理结果: 失败
失败原因: 超时, 等待RTU响应超时
发送次数: 1/1
[2026-06-02 17:16:16] [WARN] [MonitorDataTask][QRCode:12065] 指令完成
指令: ReadIdlePurgeAll
请求帧: 01 04 00 1D 00 03 20 0D
响应帧: 超时, 等待RTU响应超时, 01 04 06 00 00 00 00 00 00
处理结果: 失败
失败原因: 超时, 等待RTU响应超时
发送次数: 1/1
[2026-06-02 17:16:16] [WARN] [MonitorDataTask][QRCode:12067] 指令完成
指令: ReadIdlePurgeAll
请求帧: 01 04 00 1D 00 03 20 0D
响应帧: 超时, 等待RTU响应超时, 01 04 06 00 00 00 00 00 00
处理结果: 失败
失败原因: 超时, 等待RTU响应超时
发送次数: 1/1
[2026-06-02 17:16:16] [WARN] [MonitorDataTask][QRCode:12010] 指令完成
指令: ReadIdlePurgeAll
请求帧: 01 04 00 1D 00 03 20 0D
响应帧: 超时, 等待RTU响应超时, 01 04 06 00 00 00 00 00 00
处理结果: 失败
失败原因: 超时, 等待RTU响应超时
发送次数: 1/1
[2026-06-02 17:16:16] [WARN] [MonitorDataTask][QRCode:12005] 指令完成
指令: ReadIdlePurgeAll
请求帧: 01 04 00 1D 00 03 20 0D
响应帧: 超时, 等待RTU响应超时, 01 04 06 00 00 00 00 00 00
处理结果: 失败
失败原因: 超时, 等待RTU响应超时
发送次数: 1/1
[2026-06-02 17:16:16] [WARN] [MonitorDataTask][QRCode:12077] 指令完成
指令: ReadIdlePurgeAll
请求帧: 01 04 00 1D 00 03 20 0D
响应帧: 超时, 等待RTU响应超时, 01 04 06 00 00 00 00 00 00
处理结果: 失败
失败原因: 超时, 等待RTU响应超时
发送次数: 1/1
[2026-06-02 17:16:16] [WARN] [MonitorDataTask][QRCode:12070] 指令完成
指令: ReadIdlePurgeAll
请求帧: 01 04 00 1D 00 03 20 0D
响应帧: 超时, 等待RTU响应超时, 01 04 06 00 00 00 00 00 00
处理结果: 失败
失败原因: 超时, 等待RTU响应超时
发送次数: 1/1
[2026-06-02 17:16:16] [WARN] [MonitorDataTask][QRCode:12016] 指令完成
指令: ReadIdlePurgeAll
请求帧: 01 04 00 1D 00 03 20 0D
响应帧: 超时, 等待RTU响应超时, 01 04 06 00 00 00 00 00 00
处理结果: 失败
失败原因: 超时, 等待RTU响应超时
发送次数: 1/1
[2026-06-02 17:16:16] [WARN] [MonitorDataTask][QRCode:12066] 指令完成
指令: ReadIdlePurgeAll
请求帧: 01 04 00 1D 00 03 20 0D
响应帧: 超时, 等待RTU响应超时, 01 04 06 00 00 00 00 00 00
处理结果: 失败
失败原因: 超时, 等待RTU响应超时
发送次数: 1/1
[2026-06-02 17:16:16] [WARN] [MonitorDataTask][QRCode:12072] 指令完成
指令: ReadIdlePurgeAll
请求帧: 01 04 00 1D 00 03 20 0D
响应帧: 超时, 等待RTU响应超时, 01 04 06 00 00 00 00 00 00
处理结果: 失败
失败原因: 超时, 等待RTU响应超时
发送次数: 1/1
[2026-06-02 17:16:16] [WARN] [MonitorDataTask][QRCode:12020] 指令完成
指令: ReadIdlePurgeAll
请求帧: 01 04 00 1D 00 03 20 0D
响应帧: 超时, 等待RTU响应超时, 01 04 06 00 00 00 00 00 00
处理结果: 失败
失败原因: 超时, 等待RTU响应超时
发送次数: 1/1
[2026-06-02 17:16:17] [WARN] [MonitorDataTask][QRCode:12030] 指令完成
指令: ReadIdlePurgeAll
请求帧: 01 04 00 1D 00 03 20 0D
响应帧: 超时, 等待RTU响应超时, 01 04 06 00 00 00 00 00 00
处理结果: 失败
失败原因: 超时, 等待RTU响应超时
发送次数: 1/1
[2026-06-02 17:16:17] [WARN] [MonitorDataTask][QRCode:12063] 指令完成
指令: ReadIdlePurgeAll
请求帧: 01 04 00 1D 00 03 20 0D
响应帧: 超时, 等待RTU响应超时, 01 04 06 00 00 00 00 00 00
处理结果: 失败
失败原因: 超时, 等待RTU响应超时
发送次数: 1/1
[2026-06-02 17:16:17] [WARN] [MonitorDataTask][QRCode:12028] 指令完成
指令: ReadIdlePurgeAll
请求帧: 01 04 00 1D 00 03 20 0D
响应帧: 超时, 等待RTU响应超时, 01 04 06 00 00 00 00 00 00
处理结果: 失败
失败原因: 超时, 等待RTU响应超时
发送次数: 1/1
[2026-06-02 17:16:17] [WARN] [MonitorDataTask][QRCode:12034] 指令完成
指令: ReadIdlePurgeAll
请求帧: 01 04 00 1D 00 03 20 0D
响应帧: 超时, 等待RTU响应超时, 01 04 06 00 00 00 00 00 00
处理结果: 失败
失败原因: 超时, 等待RTU响应超时
发送次数: 1/1
[2026-06-02 17:16:17] [WARN] [MonitorDataTask][QRCode:12056] 指令完成
指令: ReadIdlePurgeAll
请求帧: 01 04 00 1D 00 03 20 0D
响应帧: 超时, 等待RTU响应超时, 01 04 06 00 00 00 00 00 00
处理结果: 失败
失败原因: 超时, 等待RTU响应超时
发送次数: 1/1
[2026-06-02 17:16:17] [WARN] [MonitorDataTask][QRCode:12075] 指令完成
指令: ReadIdlePurgeAll
请求帧: 01 04 00 1D 00 03 20 0D
响应帧: 超时, 等待RTU响应超时, 01 04 06 00 00 00 00 00 00
处理结果: 失败
失败原因: 超时, 等待RTU响应超时
发送次数: 1/1
[2026-06-02 17:16:17] [WARN] [MonitorDataTask][QRCode:12014] 指令完成
指令: ReadIdlePurgeAll
请求帧: 01 04 00 1D 00 03 20 0D
响应帧: 超时, 等待RTU响应超时, 01 04 06 00 00 00 00 00 00
处理结果: 失败
失败原因: 超时, 等待RTU响应超时
发送次数: 1/1
[2026-06-02 17:16:17] [WARN] [MonitorDataTask][QRCode:12002] 指令完成
指令: ReadIdlePurgeAll
请求帧: 01 04 00 1D 00 03 20 0D
响应帧: 超时, 等待RTU响应超时, 01 04 06 00 00 00 00 00 00
处理结果: 失败
失败原因: 超时, 等待RTU响应超时
发送次数: 1/1
[2026-06-02 17:16:17] [WARN] [MonitorDataTask][QRCode:12051] 指令完成
指令: ReadIdlePurgeAll
请求帧: 01 04 00 1D 00 03 20 0D
响应帧: 超时, 等待RTU响应超时, 01 04 06 00 00 00 00 00 00
处理结果: 失败
失败原因: 超时, 等待RTU响应超时
发送次数: 1/1
[2026-06-02 17:16:17] [WARN] [MonitorDataTask][QRCode:12047] 指令完成
指令: ReadIdlePurgeAll
请求帧: 01 04 00 1D 00 03 20 0D
响应帧: 超时, 等待RTU响应超时, 01 04 06 00 00 00 00 00 00
处理结果: 失败
失败原因: 超时, 等待RTU响应超时
发送次数: 1/1
[2026-06-02 17:16:17] [WARN] [MonitorDataTask][QRCode:12078] 指令完成
指令: ReadIdlePurgeAll
请求帧: 01 04 00 1D 00 03 20 0D
响应帧: 超时, 等待RTU响应超时, 01 04 06 00 00 00 00 00 00
处理结果: 失败
失败原因: 超时, 等待RTU响应超时
发送次数: 1/1
[2026-06-02 17:16:17] [WARN] [MonitorDataTask][QRCode:12009] 指令完成
指令: ReadIdlePurgeAll
请求帧: 01 04 00 1D 00 03 20 0D
响应帧: 超时, 等待RTU响应超时, 01 04 06 00 00 00 00 00 00
处理结果: 失败
失败原因: 超时, 等待RTU响应超时
发送次数: 1/1
[2026-06-02 17:16:17] [WARN] [MonitorDataTask][QRCode:12003] 指令完成
指令: ReadIdlePurgeAll
请求帧: 01 04 00 1D 00 03 20 0D
响应帧: 超时, 等待RTU响应超时, 01 04 06 00 00 00 00 00 00
处理结果: 失败
失败原因: 超时, 等待RTU响应超时
发送次数: 1/1
[2026-06-02 17:16:17] [WARN] [MonitorDataTask][QRCode:12017] 指令完成
指令: ReadIdlePurgeAll
请求帧: 01 04 00 1D 00 03 20 0D
响应帧: 超时, 等待RTU响应超时, 01 04 06 00 00 00 00 00 00
处理结果: 失败
失败原因: 超时, 等待RTU响应超时
发送次数: 1/1
[2026-06-02 17:16:17] [WARN] [MonitorDataTask][QRCode:12029] 指令完成
指令: ReadIdlePurgeAll
请求帧: 01 04 00 1D 00 03 20 0D
响应帧: 超时, 等待RTU响应超时, 01 04 06 00 00 00 00 00 00
处理结果: 失败
失败原因: 超时, 等待RTU响应超时
发送次数: 1/1
[2026-06-02 17:16:17] [WARN] [MonitorDataTask][QRCode:12064] 指令完成
指令: ReadIdlePurgeAll
请求帧: 01 04 00 1D 00 03 20 0D
响应帧: 超时, 等待RTU响应超时, 01 04 06 00 00 00 00 00 00
处理结果: 失败
失败原因: 超时, 等待RTU响应超时
发送次数: 1/1
[2026-06-02 17:16:17] [WARN] [MonitorDataTask][QRCode:12001] 指令完成
指令: ReadIdlePurgeAll
请求帧: 01 04 00 1D 00 03 20 0D
响应帧: 超时, 等待RTU响应超时, 01 04 06 00 00 00 00 00 00
处理结果: 失败
失败原因: 超时, 等待RTU响应超时
发送次数: 1/1
[2026-06-02 17:16:17] [WARN] [MonitorDataTask][QRCode:12060] 指令完成
指令: ReadIdlePurgeAll
请求帧: 01 04 00 1D 00 03 20 0D
响应帧: 超时, 等待RTU响应超时, 01 04 06 00 00 00 00 00 00
处理结果: 失败
失败原因: 超时, 等待RTU响应超时
发送次数: 1/1
[2026-06-02 17:16:17] [WARN] [MonitorDataTask][QRCode:12021] 指令完成
指令: ReadIdlePurgeAll
请求帧: 01 04 00 1D 00 03 20 0D
响应帧: 超时, 等待RTU响应超时, 01 04 06 00 00 00 00 00 00
处理结果: 失败
失败原因: 超时, 等待RTU响应超时
发送次数: 1/1
[2026-06-02 17:16:17] [WARN] [MonitorDataTask][QRCode:12022] 指令完成
指令: ReadIdlePurgeAll
请求帧: 01 04 00 1D 00 03 20 0D
响应帧: 超时, 等待RTU响应超时, 01 04 06 00 00 00 00 00 00
处理结果: 失败
失败原因: 超时, 等待RTU响应超时
发送次数: 1/1
[2026-06-02 17:16:17] [WARN] [MonitorDataTask][QRCode:12007] 指令完成
指令: ReadIdlePurgeAll
请求帧: 01 04 00 1D 00 03 20 0D
响应帧: 超时, 等待RTU响应超时, 01 04 06 00 00 00 00 00 00
处理结果: 失败
失败原因: 超时, 等待RTU响应超时
发送次数: 1/1
[2026-06-02 17:16:17] [WARN] [MonitorDataTask][QRCode:12069] 指令完成
指令: ReadIdlePurgeAll
请求帧: 01 04 00 1D 00 03 20 0D
响应帧: 超时, 等待RTU响应超时, 01 04 06 00 00 00 00 00 00
处理结果: 失败
失败原因: 超时, 等待RTU响应超时
发送次数: 1/1
[2026-06-02 17:16:17] [WARN] [MonitorDataTask][QRCode:12036] 指令完成
指令: ReadIdlePurgeAll
请求帧: 01 04 00 1D 00 03 20 0D
响应帧: 超时, 等待RTU响应超时, 01 04 06 00 00 00 00 00 00
处理结果: 失败
失败原因: 超时, 等待RTU响应超时
发送次数: 1/1
[2026-06-02 17:16:17] [WARN] [MonitorDataTask][QRCode:12050] 指令完成
指令: ReadIdlePurgeAll
请求帧: 01 04 00 1D 00 03 20 0D
响应帧: 超时, 等待RTU响应超时, 01 04 06 00 00 00 00 00 00
处理结果: 失败
失败原因: 超时, 等待RTU响应超时
发送次数: 1/1
[2026-06-02 17:16:17] [WARN] [MonitorDataTask][QRCode:12048] 指令完成
指令: ReadIdlePurgeAll
请求帧: 01 04 00 1D 00 03 20 0D
响应帧: 超时, 等待RTU响应超时, 01 04 06 00 00 00 00 00 00
处理结果: 失败
失败原因: 超时, 等待RTU响应超时
发送次数: 1/1
[2026-06-02 17:16:17] [WARN] [MonitorDataTask][QRCode:12039] 指令完成
指令: ReadIdlePurgeAll
请求帧: 01 04 00 1D 00 03 20 0D
响应帧: 超时, 等待RTU响应超时, 01 04 06 00 00 00 00 00 00
处理结果: 失败
失败原因: 超时, 等待RTU响应超时
发送次数: 1/1
[2026-06-02 17:16:17] [WARN] [MonitorDataTask][QRCode:12059] 指令完成
指令: ReadIdlePurgeAll
请求帧: 01 04 00 1D 00 03 20 0D
响应帧: 超时, 等待RTU响应超时, 01 04 06 00 00 00 00 00 00
处理结果: 失败
失败原因: 超时, 等待RTU响应超时
发送次数: 1/1
[2026-06-02 17:16:17] [WARN] [MonitorDataTask][QRCode:12042] 指令完成
指令: ReadIdlePurgeAll
请求帧: 01 04 00 1D 00 03 20 0D
响应帧: 超时, 等待RTU响应超时, 01 04 06 00 00 00 00 00 00
处理结果: 失败
失败原因: 超时, 等待RTU响应超时
发送次数: 1/1
[2026-06-02 17:16:17] [WARN] [MonitorDataTask][QRCode:12018] 指令完成
指令: ReadIdlePurgeAll
请求帧: 01 04 00 1D 00 03 20 0D
响应帧: 超时, 等待RTU响应超时, 01 04 06 00 00 00 00 00 00
处理结果: 失败
失败原因: 超时, 等待RTU响应超时
发送次数: 1/1
[2026-06-02 17:16:17] [WARN] [MonitorDataTask][QRCode:12038] 指令完成
指令: ReadIdlePurgeAll
请求帧: 01 04 00 1D 00 03 20 0D
响应帧: 超时, 等待RTU响应超时, 01 04 06 00 00 00 00 00 00
处理结果: 失败
失败原因: 超时, 等待RTU响应超时
发送次数: 1/1
[2026-06-02 17:16:17] [WARN] [MonitorDataTask][QRCode:12006] 指令完成
指令: ReadIdlePurgeAll
请求帧: 01 04 00 1D 00 03 20 0D
响应帧: 超时, 等待RTU响应超时, 01 04 06 00 00 00 00 00 00
处理结果: 失败
失败原因: 超时, 等待RTU响应超时
发送次数: 1/1
[2026-06-02 17:16:17] [WARN] [MonitorDataTask][QRCode:12062] 指令完成
指令: ReadIdlePurgeAll
请求帧: 01 04 00 1D 00 03 20 0D
响应帧: 超时, 等待RTU响应超时, 01 04 06 00 00 00 00 00 00
处理结果: 失败
失败原因: 超时, 等待RTU响应超时
发送次数: 1/1
[2026-06-02 17:16:17] [WARN] [MonitorDataTask][QRCode:12040] 指令完成
指令: ReadIdlePurgeAll
请求帧: 01 04 00 1D 00 03 20 0D
响应帧: 超时, 等待RTU响应超时, 01 04 06 00 00 00 00 00 00
处理结果: 失败
失败原因: 超时, 等待RTU响应超时
发送次数: 1/1
[2026-06-02 17:16:17] [WARN] [MonitorDataTask][QRCode:12015] 指令完成
指令: ReadIdlePurgeAll
请求帧: 01 04 00 1D 00 03 20 0D
响应帧: 超时, 等待RTU响应超时, 01 04 06 00 00 00 00 00 00
处理结果: 失败
失败原因: 超时, 等待RTU响应超时
发送次数: 1/1
[2026-06-02 17:16:17] [WARN] [MonitorDataTask][QRCode:12035] 指令完成
指令: ReadIdlePurgeAll
请求帧: 01 04 00 1D 00 03 20 0D
响应帧: 超时, 等待RTU响应超时, 01 04 06 00 00 00 00 00 00
处理结果: 失败
失败原因: 超时, 等待RTU响应超时
发送次数: 1/1
[2026-06-02 17:16:17] [WARN] [MonitorDataTask][QRCode:12052] 指令完成
指令: ReadIdlePurgeAll
请求帧: 01 04 00 1D 00 03 20 0D
响应帧: 超时, 等待RTU响应超时, 01 04 06 00 00 00 00 00 00
处理结果: 失败
失败原因: 超时, 等待RTU响应超时
发送次数: 1/1
[2026-06-02 17:16:17] [WARN] [MonitorDataTask][QRCode:12043] 指令完成
指令: ReadIdlePurgeAll
请求帧: 01 04 00 1D 00 03 20 0D
响应帧: 超时, 等待RTU响应超时, 01 04 06 00 00 00 00 00 00
处理结果: 失败
失败原因: 超时, 等待RTU响应超时
发送次数: 1/1
[2026-06-02 17:16:17] [WARN] [MonitorDataTask][QRCode:12068] 指令完成
指令: ReadIdlePurgeAll
请求帧: 01 04 00 1D 00 03 20 0D
响应帧: 超时, 等待RTU响应超时, 01 04 06 00 00 00 00 00 00
处理结果: 失败
失败原因: 超时, 等待RTU响应超时
发送次数: 1/1
[2026-06-02 17:16:17] [WARN] [MonitorDataTask][QRCode:12076] 指令完成
指令: ReadIdlePurgeAll
请求帧: 01 04 00 1D 00 03 20 0D
响应帧: 超时, 等待RTU响应超时, 01 04 06 00 00 00 00 00 00
处理结果: 失败
失败原因: 超时, 等待RTU响应超时
发送次数: 1/1
[2026-06-02 17:16:17] [WARN] [MonitorDataTask][QRCode:12012] 指令完成
指令: ReadIdlePurgeAll
请求帧: 01 04 00 1D 00 03 20 0D
响应帧: 超时, 等待RTU响应超时, 01 04 06 00 00 00 00 00 00
处理结果: 失败
失败原因: 超时, 等待RTU响应超时
发送次数: 1/1
[2026-06-02 17:16:17] [WARN] [MonitorDataTask][QRCode:12061] 指令完成
指令: ReadIdlePurgeAll
请求帧: 01 04 00 1D 00 03 20 0D
响应帧: 超时, 等待RTU响应超时, 01 04 06 00 00 00 00 00 00
处理结果: 失败
失败原因: 超时, 等待RTU响应超时
发送次数: 1/1
[2026-06-02 17:16:17] [WARN] [MonitorDataTask][QRCode:12057] 指令完成
指令: ReadIdlePurgeAll
请求帧: 01 04 00 1D 00 03 20 0D
响应帧: 超时, 等待RTU响应超时, 01 04 06 00 00 00 00 00 00
处理结果: 失败
失败原因: 超时, 等待RTU响应超时
发送次数: 1/1
[2026-06-02 17:16:17] [WARN] [MonitorDataTask][QRCode:12049] 指令完成
指令: ReadIdlePurgeAll
请求帧: 01 04 00 1D 00 03 20 0D
响应帧: 超时, 等待RTU响应超时, 01 04 06 00 00 00 00 00 00
处理结果: 失败
失败原因: 超时, 等待RTU响应超时
发送次数: 1/1
[2026-06-02 17:16:17] [WARN] [MonitorDataTask][QRCode:12024] 指令完成
指令: ReadIdlePurgeAll
请求帧: 01 04 00 1D 00 03 20 0D
响应帧: 超时, 等待RTU响应超时, 01 04 06 00 00 00 00 00 00
处理结果: 失败
失败原因: 超时, 等待RTU响应超时
发送次数: 1/1
[2026-06-02 17:16:17] [WARN] [MonitorDataTask][QRCode:12080] 指令完成
指令: ReadIdlePurgeAll
请求帧: 01 04 00 1D 00 03 20 0D
响应帧: 超时, 等待RTU响应超时, 01 04 06 00 00 00 00 00 00
处理结果: 失败
失败原因: 超时, 等待RTU响应超时
发送次数: 1/1
[2026-06-02 17:16:17] [WARN] [MonitorDataTask][QRCode:12045] 指令完成
指令: ReadIdlePurgeAll
请求帧: 01 04 00 1D 00 03 20 0D
响应帧: 超时, 等待RTU响应超时, 01 04 06 00 00 00 00 00 00
处理结果: 失败
失败原因: 超时, 等待RTU响应超时
发送次数: 1/1
[2026-06-02 17:16:17] [WARN] [MonitorDataTask][QRCode:12071] 指令完成
指令: ReadIdlePurgeAll
请求帧: 01 04 00 1D 00 03 20 0D
响应帧: 超时, 等待RTU响应超时, 01 04 06 00 00 00 00 00 00
处理结果: 失败
失败原因: 超时, 等待RTU响应超时
发送次数: 1/1
[2026-06-02 17:16:17] [WARN] [MonitorDataTask][QRCode:12044] 指令完成
指令: ReadIdlePurgeAll
请求帧: 01 04 00 1D 00 03 20 0D
响应帧: 超时, 等待RTU响应超时, 01 04 06 00 00 00 00 00 00
处理结果: 失败
失败原因: 超时, 等待RTU响应超时
发送次数: 1/1
[2026-06-02 17:16:17] [WARN] [MonitorDataTask][QRCode:12011] 指令完成
指令: ReadIdlePurgeAll
请求帧: 01 04 00 1D 00 03 20 0D
响应帧: 超时, 等待RTU响应超时, 01 04 06 00 00 00 00 00 00
处理结果: 失败
失败原因: 超时, 等待RTU响应超时
发送次数: 1/1
[2026-06-02 17:16:17] [WARN] [MonitorDataTask][QRCode:12004] 指令完成
指令: ReadIdlePurgeAll
请求帧: 01 04 00 1D 00 03 20 0D
响应帧: 超时, 等待RTU响应超时, 01 04 06 00 00 00 00 00 00
处理结果: 失败
失败原因: 超时, 等待RTU响应超时
发送次数: 1/1
[2026-06-02 17:16:17] [WARN] [MonitorDataTask][QRCode:12073] 指令完成
指令: ReadIdlePurgeAll
请求帧: 01 04 00 1D 00 03 20 0D
响应帧: 超时, 等待RTU响应超时, 01 04 06 00 00 00 00 00 00
处理结果: 失败
失败原因: 超时, 等待RTU响应超时
发送次数: 1/1
[2026-06-02 17:16:17] [WARN] [MonitorDataTask][QRCode:12055] 指令完成
指令: ReadIdlePurgeAll
请求帧: 01 04 00 1D 00 03 20 0D
响应帧: 超时, 等待RTU响应超时, 01 04 06 00 00 00 00 00 00
处理结果: 失败
失败原因: 超时, 等待RTU响应超时
发送次数: 1/1
[2026-06-02 17:16:17] [WARN] [MonitorDataTask][QRCode:12074] 指令完成
指令: ReadIdlePurgeAll
请求帧: 01 04 00 1D 00 03 20 0D
响应帧: 超时, 等待RTU响应超时, 01 04 06 00 00 00 00 00 00
处理结果: 失败
失败原因: 超时, 等待RTU响应超时
发送次数: 1/1
[2026-06-02 17:16:17] [WARN] [MonitorDataTask][QRCode:12013] 指令完成
指令: ReadIdlePurgeAll
请求帧: 01 04 00 1D 00 03 20 0D
响应帧: 超时, 等待RTU响应超时, 01 04 06 00 00 00 00 00 00
处理结果: 失败
失败原因: 超时, 等待RTU响应超时
发送次数: 1/1
[2026-06-02 17:16:17] [WARN] [MonitorDataTask][QRCode:12031] 指令完成
指令: ReadIdlePurgeAll
请求帧: 01 04 00 1D 00 03 20 0D
响应帧: 超时, 等待RTU响应超时, 01 04 06 00 00 00 00 00 00
处理结果: 失败
失败原因: 超时, 等待RTU响应超时
发送次数: 1/1
[2026-06-02 17:16:17] [WARN] [MonitorDataTask][QRCode:12054] 指令完成
指令: ReadIdlePurgeAll
请求帧: 01 04 00 1D 00 03 20 0D
响应帧: 超时, 等待RTU响应超时, 01 04 06 00 00 00 00 00 00
处理结果: 失败
失败原因: 超时, 等待RTU响应超时
发送次数: 1/1
[2026-06-02 17:16:17] [WARN] [MonitorDataTask][QRCode:12032] 指令完成
指令: ReadIdlePurgeAll
请求帧: 01 04 00 1D 00 03 20 0D
响应帧: 超时, 等待RTU响应超时, 01 04 06 00 00 00 00 00 00
处理结果: 失败
失败原因: 超时, 等待RTU响应超时
发送次数: 1/1
[2026-06-02 17:16:17] [WARN] [MonitorDataTask][QRCode:12037] 指令完成
指令: ReadIdlePurgeAll
请求帧: 01 04 00 1D 00 03 20 0D
响应帧: 超时, 等待RTU响应超时, 01 04 06 00 00 00 00 00 00
处理结果: 失败
失败原因: 超时, 等待RTU响应超时
发送次数: 1/1
[2026-06-02 17:16:18] [WARN] [MonitorDataTask][QRCode:12027] 指令完成
指令: ReadIdlePurgeAll
请求帧: 01 04 00 1D 00 03 20 0D
响应帧: 超时, 等待RTU响应超时, 01 04 06 00 00 00 00 00 00
处理结果: 失败
失败原因: 超时, 等待RTU响应超时
发送次数: 1/1
[2026-06-02 17:16:18] [WARN] [MonitorDataTask][QRCode:12046] 指令完成
指令: ReadIdlePurgeAll
请求帧: 01 04 00 1D 00 03 20 0D
响应帧: 超时, 等待RTU响应超时, 01 04 06 00 00 00 00 00 00
处理结果: 失败
失败原因: 超时, 等待RTU响应超时
发送次数: 1/1
[2026-06-02 17:16:18] [WARN] [MonitorDataTask][QRCode:12008] 指令完成
指令: ReadIdlePurgeAll
请求帧: 01 04 00 1D 00 03 20 0D
响应帧: 超时, 等待RTU响应超时, 01 04 06 00 00 00 00 00 00
处理结果: 失败
失败原因: 超时, 等待RTU响应超时
发送次数: 1/1
[2026-06-02 17:16:18] [WARN] [MonitorDataTask][QRCode:12053] 指令完成
指令: ReadIdlePurgeAll
请求帧: 01 04 00 1D 00 03 20 0D
响应帧: 超时, 等待RTU响应超时, 01 04 06 00 00 00 00 00 00
处理结果: 失败
失败原因: 超时, 等待RTU响应超时
发送次数: 1/1
[2026-06-02 17:16:18] [WARN] [MonitorDataTask][QRCode:12025] 指令完成
指令: ReadIdlePurgeAll
请求帧: 01 04 00 1D 00 03 20 0D
响应帧: 超时, 等待RTU响应超时, 01 04 06 00 00 00 00 00 00
处理结果: 失败
失败原因: 超时, 等待RTU响应超时
发送次数: 1/1
[2026-06-02 17:16:18] [WARN] [MonitorDataTask][QRCode:12019] 指令完成
指令: ReadIdlePurgeAll
请求帧: 01 04 00 1D 00 03 20 0D
响应帧: 超时, 等待RTU响应超时, 01 04 06 00 00 00 00 00 00
处理结果: 失败
失败原因: 超时, 等待RTU响应超时
发送次数: 1/1
[2026-06-02 17:16:18] [WARN] [MonitorDataTask][QRCode:12079] 指令完成
指令: ReadIdlePurgeAll
请求帧: 01 04 00 1D 00 03 20 0D
响应帧: 超时, 等待RTU响应超时, 01 04 06 00 00 00 00 00 00
处理结果: 失败
失败原因: 超时, 等待RTU响应超时
发送次数: 1/1
[2026-06-02 17:16:18] [WARN] [MonitorDataTask][QRCode:12023] 指令完成
指令: ReadIdlePurgeAll
请求帧: 01 04 00 1D 00 03 20 0D
响应帧: 超时, 等待RTU响应超时, 01 04 06 00 00 00 00 00 00
处理结果: 失败
失败原因: 超时, 等待RTU响应超时
发送次数: 1/1
[2026-06-02 17:16:18] [WARN] [MonitorDataTask][QRCode:12026] 指令完成
指令: ReadIdlePurgeAll
请求帧: 01 04 00 1D 00 03 20 0D
响应帧: 超时, 等待RTU响应超时, 01 04 06 00 00 00 00 00 00
处理结果: 失败
失败原因: 超时, 等待RTU响应超时
发送次数: 1/1
[2026-06-02 17:16:18] [WARN] [MonitorDataTask][QRCode:12058] 指令完成
指令: ReadIdlePurgeAll
请求帧: 01 04 00 1D 00 03 20 0D
响应帧: 超时, 等待RTU响应超时, 01 04 06 00 00 00 00 00 00
处理结果: 失败
失败原因: 超时, 等待RTU响应超时
发送次数: 1/1
[2026-06-02 17:16:18] [WARN] [MonitorDataTask][QRCode:12041] 指令完成
指令: ReadIdlePurgeAll
请求帧: 01 04 00 1D 00 03 20 0D
响应帧: 超时, 等待RTU响应超时, 01 04 06 00 00 00 00 00 00
处理结果: 失败
失败原因: 超时, 等待RTU响应超时
发送次数: 1/1
[2026-06-02 17:16:18] [WARN] [MonitorDataTask][QRCode:12033] 指令完成
指令: ReadIdlePurgeAll
请求帧: 01 04 00 1D 00 03 20 0D
响应帧: 超时, 等待RTU响应超时, 01 04 06 00 00 00 00 00 00
处理结果: 失败
失败原因: 超时, 等待RTU响应超时
发送次数: 1/1
[2026-06-02 17:16:18] [WARN] [MonitorDataTask][QRCode:12005] 指令完成
指令: ReadIdlePurgeAll
请求帧: 01 04 00 1D 00 03 20 0D
响应帧: 超时, 等待RTU响应超时, 01 04 06 00 00 00 00 00 00
处理结果: 失败
失败原因: 超时, 等待RTU响应超时
发送次数: 1/1
[2026-06-02 17:16:18] [WARN] [MonitorDataTask][QRCode:12065] 指令完成
指令: ReadIdlePurgeAll
请求帧: 01 04 00 1D 00 03 20 0D
响应帧: 超时, 等待RTU响应超时, 01 04 06 00 00 00 00 00 00
处理结果: 失败
失败原因: 超时, 等待RTU响应超时
发送次数: 1/1
[2026-06-02 17:16:18] [WARN] [MonitorDataTask][QRCode:12077] 指令完成
指令: ReadIdlePurgeAll
请求帧: 01 04 00 1D 00 03 20 0D
响应帧: 超时, 等待RTU响应超时, 01 04 06 00 00 00 00 00 00
处理结果: 失败
失败原因: 超时, 等待RTU响应超时
发送次数: 1/1
[2026-06-02 17:16:18] [WARN] [MonitorDataTask][QRCode:12067] 指令完成
指令: ReadIdlePurgeAll
请求帧: 01 04 00 1D 00 03 20 0D
响应帧: 超时, 等待RTU响应超时, 01 04 06 00 00 00 00 00 00
处理结果: 失败
失败原因: 超时, 等待RTU响应超时
发送次数: 1/1
[2026-06-02 17:16:18] [WARN] [MonitorDataTask][QRCode:12010] 指令完成
指令: ReadIdlePurgeAll
请求帧: 01 04 00 1D 00 03 20 0D
响应帧: 超时, 等待RTU响应超时, 01 04 06 00 00 00 00 00 00
处理结果: 失败
失败原因: 超时, 等待RTU响应超时
发送次数: 1/1
[2026-06-02 17:16:18] [WARN] [MonitorDataTask][QRCode:12070] 指令完成
指令: ReadIdlePurgeAll
请求帧: 01 04 00 1D 00 03 20 0D
响应帧: 超时, 等待RTU响应超时, 01 04 06 00 00 00 00 00 00
处理结果: 失败
失败原因: 超时, 等待RTU响应超时
发送次数: 1/1
[2026-06-02 17:16:18] [WARN] [MonitorDataTask][QRCode:12016] 指令完成
指令: ReadIdlePurgeAll
请求帧: 01 04 00 1D 00 03 20 0D
响应帧: 超时, 等待RTU响应超时, 01 04 06 00 00 00 00 00 00
处理结果: 失败
失败原因: 超时, 等待RTU响应超时
发送次数: 1/1
[2026-06-02 17:16:18] [WARN] [MonitorDataTask][QRCode:12072] 指令完成
指令: ReadIdlePurgeAll
请求帧: 01 04 00 1D 00 03 20 0D
响应帧: 超时, 等待RTU响应超时, 01 04 06 00 00 00 00 00 00
处理结果: 失败
失败原因: 超时, 等待RTU响应超时
发送次数: 1/1
[2026-06-02 17:16:18] [WARN] [MonitorDataTask][QRCode:12066] 指令完成
指令: ReadIdlePurgeAll
请求帧: 01 04 00 1D 00 03 20 0D
响应帧: 超时, 等待RTU响应超时, 01 04 06 00 00 00 00 00 00
处理结果: 失败
失败原因: 超时, 等待RTU响应超时
发送次数: 1/1
[2026-06-02 17:16:18] [WARN] [MonitorDataTask][QRCode:12020] 指令完成
指令: ReadIdlePurgeAll
请求帧: 01 04 00 1D 00 03 20 0D
响应帧: 超时, 等待RTU响应超时, 01 04 06 00 00 00 00 00 00
处理结果: 失败
失败原因: 超时, 等待RTU响应超时
发送次数: 1/1
[2026-06-02 17:16:18] [WARN] [MonitorDataTask][QRCode:12030] 指令完成
指令: ReadIdlePurgeAll
请求帧: 01 04 00 1D 00 03 20 0D
响应帧: 超时, 等待RTU响应超时, 01 04 06 00 00 00 00 00 00
处理结果: 失败
失败原因: 超时, 等待RTU响应超时
发送次数: 1/1
[2026-06-02 17:16:18] [WARN] [MonitorDataTask][QRCode:12063] 指令完成
指令: ReadIdlePurgeAll
请求帧: 01 04 00 1D 00 03 20 0D
响应帧: 超时, 等待RTU响应超时, 01 04 06 00 00 00 00 00 00
处理结果: 失败
失败原因: 超时, 等待RTU响应超时
发送次数: 1/1
[2026-06-02 17:16:18] [WARN] [MonitorDataTask][QRCode:12028] 指令完成
指令: ReadIdlePurgeAll
请求帧: 01 04 00 1D 00 03 20 0D
响应帧: 超时, 等待RTU响应超时, 01 04 06 00 00 00 00 00 00
处理结果: 失败
失败原因: 超时, 等待RTU响应超时
发送次数: 1/1
[2026-06-02 17:16:18] [WARN] [MonitorDataTask][QRCode:12034] 指令完成
指令: ReadIdlePurgeAll
请求帧: 01 04 00 1D 00 03 20 0D
响应帧: 超时, 等待RTU响应超时, 01 04 06 00 00 00 00 00 00
处理结果: 失败
失败原因: 超时, 等待RTU响应超时
发送次数: 1/1
[2026-06-02 17:16:18] [WARN] [MonitorDataTask][QRCode:12056] 指令完成
指令: ReadIdlePurgeAll
请求帧: 01 04 00 1D 00 03 20 0D
响应帧: 超时, 等待RTU响应超时, 01 04 06 00 00 00 00 00 00
处理结果: 失败
失败原因: 超时, 等待RTU响应超时
发送次数: 1/1
[2026-06-02 17:16:18] [WARN] [MonitorDataTask][QRCode:12075] 指令完成
指令: ReadIdlePurgeAll
请求帧: 01 04 00 1D 00 03 20 0D
响应帧: 超时, 等待RTU响应超时, 01 04 06 00 00 00 00 00 00
处理结果: 失败
失败原因: 超时, 等待RTU响应超时
发送次数: 1/1
[2026-06-02 17:16:18] [WARN] [MonitorDataTask][QRCode:12014] 指令完成
指令: ReadIdlePurgeAll
请求帧: 01 04 00 1D 00 03 20 0D
响应帧: 超时, 等待RTU响应超时, 01 04 06 00 00 00 00 00 00
处理结果: 失败
失败原因: 超时, 等待RTU响应超时
发送次数: 1/1
[2026-06-02 17:16:18] [WARN] [MonitorDataTask][QRCode:12002] 指令完成
指令: ReadIdlePurgeAll
请求帧: 01 04 00 1D 00 03 20 0D
响应帧: 超时, 等待RTU响应超时, 01 04 06 00 00 00 00 00 00
处理结果: 失败
失败原因: 超时, 等待RTU响应超时
发送次数: 1/1
[2026-06-02 17:16:19] [WARN] [MonitorDataTask][QRCode:12051] 指令完成
指令: ReadIdlePurgeAll
请求帧: 01 04 00 1D 00 03 20 0D
响应帧: 超时, 等待RTU响应超时, 01 04 06 00 00 00 00 00 00
处理结果: 失败
失败原因: 超时, 等待RTU响应超时
发送次数: 1/1
[2026-06-02 17:16:19] [WARN] [MonitorDataTask][QRCode:12047] 指令完成
指令: ReadIdlePurgeAll
请求帧: 01 04 00 1D 00 03 20 0D
响应帧: 超时, 等待RTU响应超时, 01 04 06 00 00 00 00 00 00
处理结果: 失败
失败原因: 超时, 等待RTU响应超时
发送次数: 1/1
[2026-06-02 17:16:19] [WARN] [MonitorDataTask][QRCode:12078] 指令完成
指令: ReadIdlePurgeAll
请求帧: 01 04 00 1D 00 03 20 0D
响应帧: 超时, 等待RTU响应超时, 01 04 06 00 00 00 00 00 00
处理结果: 失败
失败原因: 超时, 等待RTU响应超时
发送次数: 1/1
[2026-06-02 17:16:19] [WARN] [MonitorDataTask][QRCode:12021] 指令完成
指令: ReadIdlePurgeAll
请求帧: 01 04 00 1D 00 03 20 0D
响应帧: 超时, 等待RTU响应超时, 01 04 06 00 00 00 00 00 00
处理结果: 失败
失败原因: 超时, 等待RTU响应超时
发送次数: 1/1
[2026-06-02 17:16:19] [WARN] [MonitorDataTask][QRCode:12029] 指令完成
指令: ReadIdlePurgeAll
请求帧: 01 04 00 1D 00 03 20 0D
响应帧: 超时, 等待RTU响应超时, 01 04 06 00 00 00 00 00 00
处理结果: 失败
失败原因: 超时, 等待RTU响应超时
发送次数: 1/1
[2026-06-02 17:16:19] [WARN] [MonitorDataTask][QRCode:12001] 指令完成
指令: ReadIdlePurgeAll
请求帧: 01 04 00 1D 00 03 20 0D
响应帧: 超时, 等待RTU响应超时, 01 04 06 00 00 00 00 00 00
处理结果: 失败
失败原因: 超时, 等待RTU响应超时
发送次数: 1/1
[2026-06-02 17:16:19] [WARN] [MonitorDataTask][QRCode:12003] 指令完成
指令: ReadIdlePurgeAll
请求帧: 01 04 00 1D 00 03 20 0D
响应帧: 超时, 等待RTU响应超时, 01 04 06 00 00 00 00 00 00
处理结果: 失败
失败原因: 超时, 等待RTU响应超时
发送次数: 1/1
[2026-06-02 17:16:19] [WARN] [MonitorDataTask][QRCode:12060] 指令完成
指令: ReadIdlePurgeAll
请求帧: 01 04 00 1D 00 03 20 0D
响应帧: 超时, 等待RTU响应超时, 01 04 06 00 00 00 00 00 00
处理结果: 失败
失败原因: 超时, 等待RTU响应超时
发送次数: 1/1
[2026-06-02 17:16:19] [WARN] [MonitorDataTask][QRCode:12064] 指令完成
指令: ReadIdlePurgeAll
请求帧: 01 04 00 1D 00 03 20 0D
响应帧: 超时, 等待RTU响应超时, 01 04 06 00 00 00 00 00 00
处理结果: 失败
失败原因: 超时, 等待RTU响应超时
发送次数: 1/1
[2026-06-02 17:16:19] [WARN] [MonitorDataTask][QRCode:12009] 指令完成
指令: ReadIdlePurgeAll
请求帧: 01 04 00 1D 00 03 20 0D
响应帧: 超时, 等待RTU响应超时, 01 04 06 00 00 00 00 00 00
处理结果: 失败
失败原因: 超时, 等待RTU响应超时
发送次数: 1/1
[2026-06-02 17:16:19] [WARN] [MonitorDataTask][QRCode:12017] 指令完成
指令: ReadIdlePurgeAll
请求帧: 01 04 00 1D 00 03 20 0D
响应帧: 超时, 等待RTU响应超时, 01 04 06 00 00 00 00 00 00
处理结果: 失败
失败原因: 超时, 等待RTU响应超时
发送次数: 1/1
[2026-06-02 17:16:19] [WARN] [MonitorDataTask][QRCode:12022] 指令完成
指令: ReadIdlePurgeAll
请求帧: 01 04 00 1D 00 03 20 0D
响应帧: 超时, 等待RTU响应超时, 01 04 06 00 00 00 00 00 00
处理结果: 失败
失败原因: 超时, 等待RTU响应超时
发送次数: 1/1
[2026-06-02 17:16:19] [WARN] [MonitorDataTask][QRCode:12042] 指令完成
指令: ReadIdlePurgeAll
请求帧: 01 04 00 1D 00 03 20 0D
响应帧: 超时, 等待RTU响应超时, 01 04 06 00 00 00 00 00 00
处理结果: 失败
失败原因: 超时, 等待RTU响应超时
发送次数: 1/1
[2026-06-02 17:16:19] [WARN] [MonitorDataTask][QRCode:12038] 指令完成
指令: ReadIdlePurgeAll
请求帧: 01 04 00 1D 00 03 20 0D
响应帧: 超时, 等待RTU响应超时, 01 04 06 00 00 00 00 00 00
处理结果: 失败
失败原因: 超时, 等待RTU响应超时
发送次数: 1/1
[2026-06-02 17:16:19] [WARN] [MonitorDataTask][QRCode:12059] 指令完成
指令: ReadIdlePurgeAll
请求帧: 01 04 00 1D 00 03 20 0D
响应帧: 超时, 等待RTU响应超时, 01 04 06 00 00 00 00 00 00
处理结果: 失败
失败原因: 超时, 等待RTU响应超时
发送次数: 1/1
[2026-06-02 17:16:19] [WARN] [MonitorDataTask][QRCode:12069] 指令完成
指令: ReadIdlePurgeAll
请求帧: 01 04 00 1D 00 03 20 0D
响应帧: 超时, 等待RTU响应超时, 01 04 06 00 00 00 00 00 00
处理结果: 失败
失败原因: 超时, 等待RTU响应超时
发送次数: 1/1
[2026-06-02 17:16:19] [WARN] [MonitorDataTask][QRCode:12018] 指令完成
指令: ReadIdlePurgeAll
请求帧: 01 04 00 1D 00 03 20 0D
响应帧: 超时, 等待RTU响应超时, 01 04 06 00 00 00 00 00 00
处理结果: 失败
失败原因: 超时, 等待RTU响应超时
发送次数: 1/1
[2026-06-02 17:16:19] [WARN] [MonitorDataTask][QRCode:12050] 指令完成
指令: ReadIdlePurgeAll
请求帧: 01 04 00 1D 00 03 20 0D
响应帧: 超时, 等待RTU响应超时, 01 04 06 00 00 00 00 00 00
处理结果: 失败
失败原因: 超时, 等待RTU响应超时
发送次数: 1/1
[2026-06-02 17:16:19] [WARN] [MonitorDataTask][QRCode:12036] 指令完成
指令: ReadIdlePurgeAll
请求帧: 01 04 00 1D 00 03 20 0D
响应帧: 超时, 等待RTU响应超时, 01 04 06 00 00 00 00 00 00
处理结果: 失败
失败原因: 超时, 等待RTU响应超时
发送次数: 1/1
[2026-06-02 17:16:19] [WARN] [MonitorDataTask][QRCode:12048] 指令完成
指令: ReadIdlePurgeAll
请求帧: 01 04 00 1D 00 03 20 0D
响应帧: 超时, 等待RTU响应超时, 01 04 06 00 00 00 00 00 00
处理结果: 失败
失败原因: 超时, 等待RTU响应超时
发送次数: 1/1
[2026-06-02 17:16:19] [WARN] [MonitorDataTask][QRCode:12007] 指令完成
指令: ReadIdlePurgeAll
请求帧: 01 04 00 1D 00 03 20 0D
响应帧: 超时, 等待RTU响应超时, 01 04 06 00 00 00 00 00 00
处理结果: 失败
失败原因: 超时, 等待RTU响应超时
发送次数: 1/1
[2026-06-02 17:16:19] [WARN] [MonitorDataTask][QRCode:12039] 指令完成
指令: ReadIdlePurgeAll
请求帧: 01 04 00 1D 00 03 20 0D
响应帧: 超时, 等待RTU响应超时, 01 04 06 00 00 00 00 00 00
处理结果: 失败
失败原因: 超时, 等待RTU响应超时
发送次数: 1/1
[2026-06-02 17:16:19] [WARN] [MonitorDataTask][QRCode:12006] 指令完成
指令: ReadIdlePurgeAll
请求帧: 01 04 00 1D 00 03 20 0D
响应帧: 超时, 等待RTU响应超时, 01 04 06 00 00 00 00 00 00
处理结果: 失败
失败原因: 超时, 等待RTU响应超时
发送次数: 1/1
[2026-06-02 17:16:19] [WARN] [MonitorDataTask][QRCode:12040] 指令完成
指令: ReadIdlePurgeAll
请求帧: 01 04 00 1D 00 03 20 0D
响应帧: 超时, 等待RTU响应超时, 01 04 06 00 00 00 00 00 00
处理结果: 失败
失败原因: 超时, 等待RTU响应超时
发送次数: 1/1
[2026-06-02 17:16:19] [WARN] [MonitorDataTask][QRCode:12062] 指令完成
指令: ReadIdlePurgeAll
请求帧: 01 04 00 1D 00 03 20 0D
响应帧: 超时, 等待RTU响应超时, 01 04 06 00 00 00 00 00 00
处理结果: 失败
失败原因: 超时, 等待RTU响应超时
发送次数: 1/1
[2026-06-02 17:16:19] [WARN] [MonitorDataTask][QRCode:12015] 指令完成
指令: ReadIdlePurgeAll
请求帧: 01 04 00 1D 00 03 20 0D
响应帧: 超时, 等待RTU响应超时, 01 04 06 00 00 00 00 00 00
处理结果: 失败
失败原因: 超时, 等待RTU响应超时
发送次数: 1/1
[2026-06-02 17:16:19] [WARN] [MonitorDataTask][QRCode:12035] 指令完成
指令: ReadIdlePurgeAll
请求帧: 01 04 00 1D 00 03 20 0D
响应帧: 超时, 等待RTU响应超时, 01 04 06 00 00 00 00 00 00
处理结果: 失败
失败原因: 超时, 等待RTU响应超时
发送次数: 1/1
[2026-06-02 17:16:19] [WARN] [MonitorDataTask][QRCode:12076] 指令完成
指令: ReadIdlePurgeAll
请求帧: 01 04 00 1D 00 03 20 0D
响应帧: 超时, 等待RTU响应超时, 01 04 06 00 00 00 00 00 00
处理结果: 失败
失败原因: 超时, 等待RTU响应超时
发送次数: 1/1
[2026-06-02 17:16:19] [WARN] [MonitorDataTask][QRCode:12043] 指令完成
指令: ReadIdlePurgeAll
请求帧: 01 04 00 1D 00 03 20 0D
响应帧: 超时, 等待RTU响应超时, 01 04 06 00 00 00 00 00 00
处理结果: 失败
失败原因: 超时, 等待RTU响应超时
发送次数: 1/1
[2026-06-02 17:16:19] [WARN] [MonitorDataTask][QRCode:12052] 指令完成
指令: ReadIdlePurgeAll
请求帧: 01 04 00 1D 00 03 20 0D
响应帧: 超时, 等待RTU响应超时, 01 04 06 00 00 00 00 00 00
处理结果: 失败
失败原因: 超时, 等待RTU响应超时
发送次数: 1/1
[2026-06-02 17:16:19] [WARN] [MonitorDataTask][QRCode:12068] 指令完成
指令: ReadIdlePurgeAll
请求帧: 01 04 00 1D 00 03 20 0D
响应帧: 超时, 等待RTU响应超时, 01 04 06 00 00 00 00 00 00
处理结果: 失败
失败原因: 超时, 等待RTU响应超时
发送次数: 1/1
[2026-06-02 17:16:19] [WARN] [MonitorDataTask][QRCode:12012] 指令完成
指令: ReadIdlePurgeAll
请求帧: 01 04 00 1D 00 03 20 0D
响应帧: 超时, 等待RTU响应超时, 01 04 06 00 00 00 00 00 00
处理结果: 失败
失败原因: 超时, 等待RTU响应超时
发送次数: 1/1
[2026-06-02 17:16:19] [WARN] [MonitorDataTask][QRCode:12061] 指令完成
指令: ReadIdlePurgeAll
请求帧: 01 04 00 1D 00 03 20 0D
响应帧: 超时, 等待RTU响应超时, 01 04 06 00 00 00 00 00 00
处理结果: 失败
失败原因: 超时, 等待RTU响应超时
发送次数: 1/1
[2026-06-02 17:16:19] [WARN] [MonitorDataTask][QRCode:12049] 指令完成
指令: ReadIdlePurgeAll
请求帧: 01 04 00 1D 00 03 20 0D
响应帧: 超时, 等待RTU响应超时, 01 04 06 00 00 00 00 00 00
处理结果: 失败
失败原因: 超时, 等待RTU响应超时
发送次数: 1/1
[2026-06-02 17:16:19] [WARN] [MonitorDataTask][QRCode:12057] 指令完成
指令: ReadIdlePurgeAll
请求帧: 01 04 00 1D 00 03 20 0D
响应帧: 超时, 等待RTU响应超时, 01 04 06 00 00 00 00 00 00
处理结果: 失败
失败原因: 超时, 等待RTU响应超时
发送次数: 1/1
[2026-06-02 17:16:19] [WARN] [MonitorDataTask][QRCode:12024] 指令完成
指令: ReadIdlePurgeAll
请求帧: 01 04 00 1D 00 03 20 0D
响应帧: 超时, 等待RTU响应超时, 01 04 06 00 00 00 00 00 00
处理结果: 失败
失败原因: 超时, 等待RTU响应超时
发送次数: 1/1
[2026-06-02 17:16:19] [WARN] [MonitorDataTask][QRCode:12080] 指令完成
指令: ReadIdlePurgeAll
请求帧: 01 04 00 1D 00 03 20 0D
响应帧: 超时, 等待RTU响应超时, 01 04 06 00 00 00 00 00 00
处理结果: 失败
失败原因: 超时, 等待RTU响应超时
发送次数: 1/1
[2026-06-02 17:16:19] [WARN] [MonitorDataTask][QRCode:12073] 指令完成
指令: ReadIdlePurgeAll
请求帧: 01 04 00 1D 00 03 20 0D
响应帧: 超时, 等待RTU响应超时, 01 04 06 00 00 00 00 00 00
处理结果: 失败
失败原因: 超时, 等待RTU响应超时
发送次数: 1/1
[2026-06-02 17:16:19] [WARN] [MonitorDataTask][QRCode:12071] 指令完成
指令: ReadIdlePurgeAll
请求帧: 01 04 00 1D 00 03 20 0D
响应帧: 超时, 等待RTU响应超时, 01 04 06 00 00 00 00 00 00
处理结果: 失败
失败原因: 超时, 等待RTU响应超时
发送次数: 1/1
[2026-06-02 17:16:19] [WARN] [MonitorDataTask][QRCode:12004] 指令完成
指令: ReadIdlePurgeAll
请求帧: 01 04 00 1D 00 03 20 0D
响应帧: 超时, 等待RTU响应超时, 01 04 06 00 00 00 00 00 00
处理结果: 失败
失败原因: 超时, 等待RTU响应超时
发送次数: 1/1
[2026-06-02 17:16:19] [WARN] [MonitorDataTask][QRCode:12011] 指令完成
指令: ReadIdlePurgeAll
请求帧: 01 04 00 1D 00 03 20 0D
响应帧: 超时, 等待RTU响应超时, 01 04 06 00 00 00 00 00 00
处理结果: 失败
失败原因: 超时, 等待RTU响应超时
发送次数: 1/1
[2026-06-02 17:16:19] [WARN] [MonitorDataTask][QRCode:12044] 指令完成
指令: ReadIdlePurgeAll
请求帧: 01 04 00 1D 00 03 20 0D
响应帧: 超时, 等待RTU响应超时, 01 04 06 00 00 00 00 00 00
处理结果: 失败
失败原因: 超时, 等待RTU响应超时
发送次数: 1/1
[2026-06-02 17:16:19] [WARN] [MonitorDataTask][QRCode:12045] 指令完成
指令: ReadIdlePurgeAll
请求帧: 01 04 00 1D 00 03 20 0D
响应帧: 超时, 等待RTU响应超时, 01 04 06 00 00 00 00 00 00
处理结果: 失败
失败原因: 超时, 等待RTU响应超时
发送次数: 1/1
[2026-06-02 17:16:19] [WARN] [MonitorDataTask][QRCode:12031] 指令完成
指令: ReadIdlePurgeAll
请求帧: 01 04 00 1D 00 03 20 0D
响应帧: 超时, 等待RTU响应超时, 01 04 06 00 00 00 00 00 00
处理结果: 失败
失败原因: 超时, 等待RTU响应超时
发送次数: 1/1
[2026-06-02 17:16:19] [WARN] [MonitorDataTask][QRCode:12074] 指令完成
指令: ReadIdlePurgeAll
请求帧: 01 04 00 1D 00 03 20 0D
响应帧: 超时, 等待RTU响应超时, 01 04 06 00 00 00 00 00 00
处理结果: 失败
失败原因: 超时, 等待RTU响应超时
发送次数: 1/1
[2026-06-02 17:16:19] [WARN] [MonitorDataTask][QRCode:12013] 指令完成
指令: ReadIdlePurgeAll
请求帧: 01 04 00 1D 00 03 20 0D
响应帧: 超时, 等待RTU响应超时, 01 04 06 00 00 00 00 00 00
处理结果: 失败
失败原因: 超时, 等待RTU响应超时
发送次数: 1/1
[2026-06-02 17:16:19] [WARN] [MonitorDataTask][QRCode:12054] 指令完成
指令: ReadIdlePurgeAll
请求帧: 01 04 00 1D 00 03 20 0D
响应帧: 超时, 等待RTU响应超时, 01 04 06 00 00 00 00 00 00
处理结果: 失败
失败原因: 超时, 等待RTU响应超时
发送次数: 1/1
[2026-06-02 17:16:19] [WARN] [MonitorDataTask][QRCode:12055] 指令完成
指令: ReadIdlePurgeAll
请求帧: 01 04 00 1D 00 03 20 0D
响应帧: 超时, 等待RTU响应超时, 01 04 06 00 00 00 00 00 00
处理结果: 失败
失败原因: 超时, 等待RTU响应超时
发送次数: 1/1
[2026-06-02 17:16:19] [WARN] [MonitorDataTask][QRCode:12032] 指令完成
指令: ReadIdlePurgeAll
请求帧: 01 04 00 1D 00 03 20 0D
响应帧: 超时, 等待RTU响应超时, 01 04 06 00 00 00 00 00 00
处理结果: 失败
失败原因: 超时, 等待RTU响应超时
发送次数: 1/1
[2026-06-02 17:16:19] [WARN] [MonitorDataTask][QRCode:12037] 指令完成
指令: ReadIdlePurgeAll
请求帧: 01 04 00 1D 00 03 20 0D
响应帧: 超时, 等待RTU响应超时, 01 04 06 00 00 00 00 00 00
处理结果: 失败
失败原因: 超时, 等待RTU响应超时
发送次数: 1/1
[2026-06-02 17:16:19] [WARN] [MonitorDataTask][QRCode:12027] 指令完成
指令: ReadIdlePurgeAll
请求帧: 01 04 00 1D 00 03 20 0D
响应帧: 超时, 等待RTU响应超时, 01 04 06 00 00 00 00 00 00
处理结果: 失败
失败原因: 超时, 等待RTU响应超时
发送次数: 1/1
[2026-06-02 17:16:19] [WARN] [MonitorDataTask][QRCode:12046] 指令完成
指令: ReadIdlePurgeAll
请求帧: 01 04 00 1D 00 03 20 0D
响应帧: 超时, 等待RTU响应超时, 01 04 06 00 00 00 00 00 00
处理结果: 失败
失败原因: 超时, 等待RTU响应超时
发送次数: 1/1
[2026-06-02 17:16:19] [WARN] [MonitorDataTask][QRCode:12008] 指令完成
指令: ReadIdlePurgeAll
请求帧: 01 04 00 1D 00 03 20 0D
响应帧: 超时, 等待RTU响应超时, 01 04 06 00 00 00 00 00 00
处理结果: 失败
失败原因: 超时, 等待RTU响应超时
发送次数: 1/1
[2026-06-02 17:16:19] [WARN] [MonitorDataTask][QRCode:12053] 指令完成
指令: ReadIdlePurgeAll
请求帧: 01 04 00 1D 00 03 20 0D
响应帧: 超时, 等待RTU响应超时, 01 04 06 00 00 00 00 00 00
处理结果: 失败
失败原因: 超时, 等待RTU响应超时
发送次数: 1/1
[2026-06-02 17:16:19] [WARN] [MonitorDataTask][QRCode:12025] 指令完成
指令: ReadIdlePurgeAll
请求帧: 01 04 00 1D 00 03 20 0D
响应帧: 超时, 等待RTU响应超时, 01 04 06 00 00 00 00 00 00
处理结果: 失败
失败原因: 超时, 等待RTU响应超时
发送次数: 1/1
[2026-06-02 17:16:19] [WARN] [MonitorDataTask][QRCode:12023] 指令完成
指令: ReadIdlePurgeAll
请求帧: 01 04 00 1D 00 03 20 0D
响应帧: 超时, 等待RTU响应超时, 01 04 06 00 00 00 00 00 00
处理结果: 失败
失败原因: 超时, 等待RTU响应超时
发送次数: 1/1
[2026-06-02 17:16:19] [WARN] [MonitorDataTask][QRCode:12058] 指令完成
指令: ReadIdlePurgeAll
请求帧: 01 04 00 1D 00 03 20 0D
响应帧: 超时, 等待RTU响应超时, 01 04 06 00 00 00 00 00 00
处理结果: 失败
失败原因: 超时, 等待RTU响应超时
发送次数: 1/1
[2026-06-02 17:16:19] [WARN] [MonitorDataTask][QRCode:12026] 指令完成
指令: ReadIdlePurgeAll
请求帧: 01 04 00 1D 00 03 20 0D
响应帧: 超时, 等待RTU响应超时, 01 04 06 00 00 00 00 00 00
处理结果: 失败
失败原因: 超时, 等待RTU响应超时
发送次数: 1/1
[2026-06-02 17:16:19] [WARN] [MonitorDataTask][QRCode:12019] 指令完成
指令: ReadIdlePurgeAll
请求帧: 01 04 00 1D 00 03 20 0D
响应帧: 超时, 等待RTU响应超时, 01 04 06 00 00 00 00 00 00
处理结果: 失败
失败原因: 超时, 等待RTU响应超时
发送次数: 1/1
[2026-06-02 17:16:19] [WARN] [MonitorDataTask][QRCode:12079] 指令完成
指令: ReadIdlePurgeAll
请求帧: 01 04 00 1D 00 03 20 0D
响应帧: 超时, 等待RTU响应超时, 01 04 06 00 00 00 00 00 00
处理结果: 失败
失败原因: 超时, 等待RTU响应超时
发送次数: 1/1
[2026-06-02 17:16:19] [WARN] [MonitorDataTask][QRCode:12033] 指令完成
指令: ReadIdlePurgeAll
请求帧: 01 04 00 1D 00 03 20 0D
响应帧: 超时, 等待RTU响应超时, 01 04 06 00 00 00 00 00 00
处理结果: 失败
失败原因: 超时, 等待RTU响应超时
发送次数: 1/1
[2026-06-02 17:16:19] [WARN] [MonitorDataTask][QRCode:12041] 指令完成
指令: ReadIdlePurgeAll
请求帧: 01 04 00 1D 00 03 20 0D
响应帧: 超时, 等待RTU响应超时, 01 04 06 00 00 00 00 00 00
处理结果: 失败
失败原因: 超时, 等待RTU响应超时
发送次数: 1/1
[2026-06-02 17:16:19] [WARN] [MonitorDataTask][QRCode:12067] 指令完成
指令: ReadIdlePurgeAll
请求帧: 01 04 00 1D 00 03 20 0D
响应帧: 超时, 等待RTU响应超时, 01 04 06 00 00 00 00 00 00
处理结果: 失败
失败原因: 超时, 等待RTU响应超时
发送次数: 1/1
[2026-06-02 17:16:19] [WARN] [MonitorDataTask][QRCode:12065] 指令完成
指令: ReadIdlePurgeAll
请求帧: 01 04 00 1D 00 03 20 0D
响应帧: 超时, 等待RTU响应超时, 01 04 06 00 00 00 00 00 00
处理结果: 失败
失败原因: 超时, 等待RTU响应超时
发送次数: 1/1
[2026-06-02 17:16:19] [WARN] [MonitorDataTask][QRCode:12077] 指令完成
指令: ReadIdlePurgeAll
请求帧: 01 04 00 1D 00 03 20 0D
响应帧: 超时, 等待RTU响应超时, 01 04 06 00 00 00 00 00 00
处理结果: 失败
失败原因: 超时, 等待RTU响应超时
发送次数: 1/1
[2026-06-02 17:16:19] [WARN] [MonitorDataTask][QRCode:12005] 指令完成
指令: ReadIdlePurgeAll
请求帧: 01 04 00 1D 00 03 20 0D
响应帧: 超时, 等待RTU响应超时, 01 04 06 00 00 00 00 00 00
处理结果: 失败
失败原因: 超时, 等待RTU响应超时
发送次数: 1/1
[2026-06-02 17:16:19] [WARN] [MonitorDataTask][QRCode:12010] 指令完成
指令: ReadIdlePurgeAll
请求帧: 01 04 00 1D 00 03 20 0D
响应帧: 超时, 等待RTU响应超时, 01 04 06 00 00 00 00 00 00
处理结果: 失败
失败原因: 超时, 等待RTU响应超时
发送次数: 1/1
[2026-06-02 17:16:19] [WARN] [MonitorDataTask][QRCode:12070] 指令完成
指令: ReadIdlePurgeAll
请求帧: 01 04 00 1D 00 03 20 0D
响应帧: 超时, 等待RTU响应超时, 01 04 06 00 00 00 00 00 00
处理结果: 失败
失败原因: 超时, 等待RTU响应超时
发送次数: 1/1
[2026-06-02 17:16:19] [WARN] [MonitorDataTask][QRCode:12016] 指令完成
指令: ReadIdlePurgeAll
请求帧: 01 04 00 1D 00 03 20 0D
响应帧: 超时, 等待RTU响应超时, 01 04 06 00 00 00 00 00 00
处理结果: 失败
失败原因: 超时, 等待RTU响应超时
发送次数: 1/1
[2026-06-02 17:16:20] [WARN] [MonitorDataTask][QRCode:12066] 指令完成
指令: ReadIdlePurgeAll
请求帧: 01 04 00 1D 00 03 20 0D
响应帧: 超时, 等待RTU响应超时, 01 04 06 00 00 00 00 00 00
处理结果: 失败
失败原因: 超时, 等待RTU响应超时
发送次数: 1/1
[2026-06-02 17:16:20] [WARN] [MonitorDataTask][QRCode:12072] 指令完成
指令: ReadIdlePurgeAll
请求帧: 01 04 00 1D 00 03 20 0D
响应帧: 超时, 等待RTU响应超时, 01 04 06 00 00 00 00 00 00
处理结果: 失败
失败原因: 超时, 等待RTU响应超时
发送次数: 1/1
[2026-06-02 17:16:20] [WARN] [MonitorDataTask][QRCode:12020] 指令完成
指令: ReadIdlePurgeAll
请求帧: 01 04 00 1D 00 03 20 0D
响应帧: 超时, 等待RTU响应超时, 01 04 06 00 00 00 00 00 00
处理结果: 失败
失败原因: 超时, 等待RTU响应超时
发送次数: 1/1
[2026-06-02 17:16:20] [WARN] [MonitorDataTask][QRCode:12063] 指令完成
指令: ReadIdlePurgeAll
请求帧: 01 04 00 1D 00 03 20 0D
响应帧: 超时, 等待RTU响应超时, 01 04 06 00 00 00 00 00 00
处理结果: 失败
失败原因: 超时, 等待RTU响应超时
发送次数: 1/1
[2026-06-02 17:16:20] [WARN] [MonitorDataTask][QRCode:12030] 指令完成
指令: ReadIdlePurgeAll
请求帧: 01 04 00 1D 00 03 20 0D
响应帧: 超时, 等待RTU响应超时, 01 04 06 00 00 00 00 00 00
处理结果: 失败
失败原因: 超时, 等待RTU响应超时
发送次数: 1/1
[2026-06-02 17:16:20] [WARN] [MonitorDataTask][QRCode:12028] 指令完成
指令: ReadIdlePurgeAll
请求帧: 01 04 00 1D 00 03 20 0D
响应帧: 超时, 等待RTU响应超时, 01 04 06 00 00 00 00 00 00
处理结果: 失败
失败原因: 超时, 等待RTU响应超时
发送次数: 1/1
[2026-06-02 17:16:20] [WARN] [MonitorDataTask][QRCode:12034] 指令完成
指令: ReadIdlePurgeAll
请求帧: 01 04 00 1D 00 03 20 0D
响应帧: 超时, 等待RTU响应超时, 01 04 06 00 00 00 00 00 00
处理结果: 失败
失败原因: 超时, 等待RTU响应超时
发送次数: 1/1
[2026-06-02 17:16:20] [WARN] [MonitorDataTask][QRCode:12056] 指令完成
指令: ReadIdlePurgeAll
请求帧: 01 04 00 1D 00 03 20 0D
响应帧: 超时, 等待RTU响应超时, 01 04 06 00 00 00 00 00 00
处理结果: 失败
失败原因: 超时, 等待RTU响应超时
发送次数: 1/1
[2026-06-02 17:16:20] [WARN] [MonitorDataTask][QRCode:12075] 指令完成
指令: ReadIdlePurgeAll
请求帧: 01 04 00 1D 00 03 20 0D
响应帧: 超时, 等待RTU响应超时, 01 04 06 00 00 00 00 00 00
处理结果: 失败
失败原因: 超时, 等待RTU响应超时
发送次数: 1/1
[2026-06-02 17:16:20] [WARN] [MonitorDataTask][QRCode:12002] 指令完成
指令: ReadIdlePurgeAll
请求帧: 01 04 00 1D 00 03 20 0D
响应帧: 超时, 等待RTU响应超时, 01 04 06 00 00 00 00 00 00
处理结果: 失败
失败原因: 超时, 等待RTU响应超时
发送次数: 1/1
[2026-06-02 17:16:20] [WARN] [MonitorDataTask][QRCode:12014] 指令完成
指令: ReadIdlePurgeAll
请求帧: 01 04 00 1D 00 03 20 0D
响应帧: 超时, 等待RTU响应超时, 01 04 06 00 00 00 00 00 00
处理结果: 失败
失败原因: 超时, 等待RTU响应超时
发送次数: 1/1
[2026-06-02 17:16:20] [WARN] [MonitorDataTask][QRCode:12051] 指令完成
指令: ReadIdlePurgeAll
请求帧: 01 04 00 1D 00 03 20 0D
响应帧: 超时, 等待RTU响应超时, 01 04 06 00 00 00 00 00 00
处理结果: 失败
失败原因: 超时, 等待RTU响应超时
发送次数: 1/1
[2026-06-02 17:16:20] [WARN] [MonitorDataTask][QRCode:12047] 指令完成
指令: ReadIdlePurgeAll
请求帧: 01 04 00 1D 00 03 20 0D
响应帧: 超时, 等待RTU响应超时, 01 04 06 00 00 00 00 00 00
处理结果: 失败
失败原因: 超时, 等待RTU响应超时
发送次数: 1/1
[2026-06-02 17:16:20] [WARN] [MonitorDataTask][QRCode:12078] 指令完成
指令: ReadIdlePurgeAll
请求帧: 01 04 00 1D 00 03 20 0D
响应帧: 超时, 等待RTU响应超时, 01 04 06 00 00 00 00 00 00
处理结果: 失败
失败原因: 超时, 等待RTU响应超时
发送次数: 1/1
[2026-06-02 17:16:20] [WARN] [MonitorDataTask][QRCode:12017] 指令完成
指令: ReadIdlePurgeAll
请求帧: 01 04 00 1D 00 03 20 0D
响应帧: 超时, 等待RTU响应超时, 01 04 06 00 00 00 00 00 00
处理结果: 失败
失败原因: 超时, 等待RTU响应超时
发送次数: 1/1
[2026-06-02 17:16:20] [WARN] [MonitorDataTask][QRCode:12009] 指令完成
指令: ReadIdlePurgeAll
请求帧: 01 04 00 1D 00 03 20 0D
响应帧: 超时, 等待RTU响应超时, 01 04 06 00 00 00 00 00 00
处理结果: 失败
失败原因: 超时, 等待RTU响应超时
发送次数: 1/1
[2026-06-02 17:16:20] [WARN] [MonitorDataTask][QRCode:12001] 指令完成
指令: ReadIdlePurgeAll
请求帧: 01 04 00 1D 00 03 20 0D
响应帧: 超时, 等待RTU响应超时, 01 04 06 00 00 00 00 00 00
处理结果: 失败
失败原因: 超时, 等待RTU响应超时
发送次数: 1/1
[2026-06-02 17:16:20] [WARN] [MonitorDataTask][QRCode:12060] 指令完成
指令: ReadIdlePurgeAll
请求帧: 01 04 00 1D 00 03 20 0D
响应帧: 超时, 等待RTU响应超时, 01 04 06 00 00 00 00 00 00
处理结果: 失败
失败原因: 超时, 等待RTU响应超时
发送次数: 1/1
[2026-06-02 17:16:20] [WARN] [MonitorDataTask][QRCode:12003] 指令完成
指令: ReadIdlePurgeAll
请求帧: 01 04 00 1D 00 03 20 0D
响应帧: 超时, 等待RTU响应超时, 01 04 06 00 00 00 00 00 00
处理结果: 失败
失败原因: 超时, 等待RTU响应超时
发送次数: 1/1
[2026-06-02 17:16:20] [WARN] [MonitorDataTask][QRCode:12029] 指令完成
指令: ReadIdlePurgeAll
请求帧: 01 04 00 1D 00 03 20 0D
响应帧: 超时, 等待RTU响应超时, 01 04 06 00 00 00 00 00 00
处理结果: 失败
失败原因: 超时, 等待RTU响应超时
发送次数: 1/1
[2026-06-02 17:16:20] [WARN] [MonitorDataTask][QRCode:12021] 指令完成
指令: ReadIdlePurgeAll
请求帧: 01 04 00 1D 00 03 20 0D
响应帧: 超时, 等待RTU响应超时, 01 04 06 00 00 00 00 00 00
处理结果: 失败
失败原因: 超时, 等待RTU响应超时
发送次数: 1/1
[2026-06-02 17:16:20] [WARN] [MonitorDataTask][QRCode:12064] 指令完成
指令: ReadIdlePurgeAll
请求帧: 01 04 00 1D 00 03 20 0D
响应帧: 超时, 等待RTU响应超时, 01 04 06 00 00 00 00 00 00
处理结果: 失败
失败原因: 超时, 等待RTU响应超时
发送次数: 1/1
[2026-06-02 17:16:20] [WARN] [MonitorDataTask][QRCode:12022] 指令完成
指令: ReadIdlePurgeAll
请求帧: 01 04 00 1D 00 03 20 0D
响应帧: 超时, 等待RTU响应超时, 01 04 06 00 00 00 00 00 00
处理结果: 失败
失败原因: 超时, 等待RTU响应超时
发送次数: 1/1
[2026-06-02 17:16:20] [WARN] [MonitorDataTask][QRCode:12050] 指令完成
指令: ReadIdlePurgeAll
请求帧: 01 04 00 1D 00 03 20 0D
响应帧: 超时, 等待RTU响应超时, 01 04 06 00 00 00 00 00 00
处理结果: 失败
失败原因: 超时, 等待RTU响应超时
发送次数: 1/1
[2026-06-02 17:16:20] [WARN] [MonitorDataTask][QRCode:12048] 指令完成
指令: ReadIdlePurgeAll
请求帧: 01 04 00 1D 00 03 20 0D
响应帧: 超时, 等待RTU响应超时, 01 04 06 00 00 00 00 00 00
处理结果: 失败
失败原因: 超时, 等待RTU响应超时
发送次数: 1/1
[2026-06-02 17:16:20] [WARN] [MonitorDataTask][QRCode:12036] 指令完成
指令: ReadIdlePurgeAll
请求帧: 01 04 00 1D 00 03 20 0D
响应帧: 超时, 等待RTU响应超时, 01 04 06 00 00 00 00 00 00
处理结果: 失败
失败原因: 超时, 等待RTU响应超时
发送次数: 1/1
[2026-06-02 17:16:20] [WARN] [MonitorDataTask][QRCode:12059] 指令完成
指令: ReadIdlePurgeAll
请求帧: 01 04 00 1D 00 03 20 0D
响应帧: 超时, 等待RTU响应超时, 01 04 06 00 00 00 00 00 00
处理结果: 失败
失败原因: 超时, 等待RTU响应超时
发送次数: 1/1
[2026-06-02 17:16:20] [WARN] [MonitorDataTask][QRCode:12039] 指令完成
指令: ReadIdlePurgeAll
请求帧: 01 04 00 1D 00 03 20 0D
响应帧: 超时, 等待RTU响应超时, 01 04 06 00 00 00 00 00 00
处理结果: 失败
失败原因: 超时, 等待RTU响应超时
发送次数: 1/1
[2026-06-02 17:16:20] [WARN] [MonitorDataTask][QRCode:12038] 指令完成
指令: ReadIdlePurgeAll
请求帧: 01 04 00 1D 00 03 20 0D
响应帧: 超时, 等待RTU响应超时, 01 04 06 00 00 00 00 00 00
处理结果: 失败
失败原因: 超时, 等待RTU响应超时
发送次数: 1/1
[2026-06-02 17:16:20] [WARN] [MonitorDataTask][QRCode:12042] 指令完成
指令: ReadIdlePurgeAll
请求帧: 01 04 00 1D 00 03 20 0D
响应帧: 超时, 等待RTU响应超时, 01 04 06 00 00 00 00 00 00
处理结果: 失败
失败原因: 超时, 等待RTU响应超时
发送次数: 1/1
[2026-06-02 17:16:20] [WARN] [MonitorDataTask][QRCode:12069] 指令完成
指令: ReadIdlePurgeAll
请求帧: 01 04 00 1D 00 03 20 0D
响应帧: 超时, 等待RTU响应超时, 01 04 06 00 00 00 00 00 00
处理结果: 失败
失败原因: 超时, 等待RTU响应超时
发送次数: 1/1
[2026-06-02 17:16:20] [WARN] [MonitorDataTask][QRCode:12007] 指令完成
指令: ReadIdlePurgeAll
请求帧: 01 04 00 1D 00 03 20 0D
响应帧: 超时, 等待RTU响应超时, 01 04 06 00 00 00 00 00 00
处理结果: 失败
失败原因: 超时, 等待RTU响应超时
发送次数: 1/1
[2026-06-02 17:16:20] [WARN] [MonitorDataTask][QRCode:12018] 指令完成
指令: ReadIdlePurgeAll
请求帧: 01 04 00 1D 00 03 20 0D
响应帧: 超时, 等待RTU响应超时, 01 04 06 00 00 00 00 00 00
处理结果: 失败
失败原因: 超时, 等待RTU响应超时
发送次数: 1/1
[2026-06-02 17:16:20] [WARN] [MonitorDataTask][QRCode:12006] 指令完成
指令: ReadIdlePurgeAll
请求帧: 01 04 00 1D 00 03 20 0D
响应帧: 超时, 等待RTU响应超时, 01 04 06 00 00 00 00 00 00
处理结果: 失败
失败原因: 超时, 等待RTU响应超时
发送次数: 1/1
[2026-06-02 17:16:20] [WARN] [MonitorDataTask][QRCode:12062] 指令完成
指令: ReadIdlePurgeAll
请求帧: 01 04 00 1D 00 03 20 0D
响应帧: 超时, 等待RTU响应超时, 01 04 06 00 00 00 00 00 00
处理结果: 失败
失败原因: 超时, 等待RTU响应超时
发送次数: 1/1
[2026-06-02 17:16:20] [WARN] [MonitorDataTask][QRCode:12040] 指令完成
指令: ReadIdlePurgeAll
请求帧: 01 04 00 1D 00 03 20 0D
响应帧: 超时, 等待RTU响应超时, 01 04 06 00 00 00 00 00 00
处理结果: 失败
失败原因: 超时, 等待RTU响应超时
发送次数: 1/1
[2026-06-02 17:16:21] [WARN] [MonitorDataTask][QRCode:12035] 指令完成
指令: ReadIdlePurgeAll
请求帧: 01 04 00 1D 00 03 20 0D
响应帧: 超时, 等待RTU响应超时, 01 04 06 00 00 00 00 00 00
处理结果: 失败
失败原因: 超时, 等待RTU响应超时
发送次数: 1/1
[2026-06-02 17:16:21] [WARN] [MonitorDataTask][QRCode:12015] 指令完成
指令: ReadIdlePurgeAll
请求帧: 01 04 00 1D 00 03 20 0D
响应帧: 超时, 等待RTU响应超时, 01 04 06 00 00 00 00 00 00
处理结果: 失败
失败原因: 超时, 等待RTU响应超时
发送次数: 1/1
[2026-06-02 17:16:21] [WARN] [MonitorDataTask][QRCode:12012] 指令完成
指令: ReadIdlePurgeAll
请求帧: 01 04 00 1D 00 03 20 0D
响应帧: 超时, 等待RTU响应超时, 01 04 06 00 00 00 00 00 00
处理结果: 失败
失败原因: 超时, 等待RTU响应超时
发送次数: 1/1
[2026-06-02 17:16:21] [WARN] [MonitorDataTask][QRCode:12052] 指令完成
指令: ReadIdlePurgeAll
请求帧: 01 04 00 1D 00 03 20 0D
响应帧: 超时, 等待RTU响应超时, 01 04 06 00 00 00 00 00 00
处理结果: 失败
失败原因: 超时, 等待RTU响应超时
发送次数: 1/1
[2026-06-02 17:16:21] [WARN] [MonitorDataTask][QRCode:12068] 指令完成
指令: ReadIdlePurgeAll
请求帧: 01 04 00 1D 00 03 20 0D
响应帧: 超时, 等待RTU响应超时, 01 04 06 00 00 00 00 00 00
处理结果: 失败
失败原因: 超时, 等待RTU响应超时
发送次数: 1/1
[2026-06-02 17:16:21] [WARN] [MonitorDataTask][QRCode:12076] 指令完成
指令: ReadIdlePurgeAll
请求帧: 01 04 00 1D 00 03 20 0D
响应帧: 超时, 等待RTU响应超时, 01 04 06 00 00 00 00 00 00
处理结果: 失败
失败原因: 超时, 等待RTU响应超时
发送次数: 1/1
[2026-06-02 17:16:21] [WARN] [MonitorDataTask][QRCode:12043] 指令完成
指令: ReadIdlePurgeAll
请求帧: 01 04 00 1D 00 03 20 0D
响应帧: 超时, 等待RTU响应超时, 01 04 06 00 00 00 00 00 00
处理结果: 失败
失败原因: 超时, 等待RTU响应超时
发送次数: 1/1
[2026-06-02 17:16:21] [WARN] [MonitorDataTask][QRCode:12049] 指令完成
指令: ReadIdlePurgeAll
请求帧: 01 04 00 1D 00 03 20 0D
响应帧: 超时, 等待RTU响应超时, 01 04 06 00 00 00 00 00 00
处理结果: 失败
失败原因: 超时, 等待RTU响应超时
发送次数: 1/1
[2026-06-02 17:16:21] [WARN] [MonitorDataTask][QRCode:12057] 指令完成
指令: ReadIdlePurgeAll
请求帧: 01 04 00 1D 00 03 20 0D
响应帧: 超时, 等待RTU响应超时, 01 04 06 00 00 00 00 00 00
处理结果: 失败
失败原因: 超时, 等待RTU响应超时
发送次数: 1/1
[2026-06-02 17:16:21] [WARN] [MonitorDataTask][QRCode:12024] 指令完成
指令: ReadIdlePurgeAll
请求帧: 01 04 00 1D 00 03 20 0D
响应帧: 超时, 等待RTU响应超时, 01 04 06 00 00 00 00 00 00
处理结果: 失败
失败原因: 超时, 等待RTU响应超时
发送次数: 1/1
[2026-06-02 17:16:21] [WARN] [MonitorDataTask][QRCode:12061] 指令完成
指令: ReadIdlePurgeAll
请求帧: 01 04 00 1D 00 03 20 0D
响应帧: 超时, 等待RTU响应超时, 01 04 06 00 00 00 00 00 00
处理结果: 失败
失败原因: 超时, 等待RTU响应超时
发送次数: 1/1
[2026-06-02 17:16:21] [WARN] [MonitorDataTask][QRCode:12080] 指令完成
指令: ReadIdlePurgeAll
请求帧: 01 04 00 1D 00 03 20 0D
响应帧: 超时, 等待RTU响应超时, 01 04 06 00 00 00 00 00 00
处理结果: 失败
失败原因: 超时, 等待RTU响应超时
发送次数: 1/1
[2026-06-02 17:16:21] [WARN] [MonitorDataTask][QRCode:12045] 指令完成
指令: ReadIdlePurgeAll
请求帧: 01 04 00 1D 00 03 20 0D
响应帧: 超时, 等待RTU响应超时, 01 04 06 00 00 00 00 00 00
处理结果: 失败
失败原因: 超时, 等待RTU响应超时
发送次数: 1/1
[2026-06-02 17:16:21] [WARN] [MonitorDataTask][QRCode:12011] 指令完成
指令: ReadIdlePurgeAll
请求帧: 01 04 00 1D 00 03 20 0D
响应帧: 超时, 等待RTU响应超时, 01 04 06 00 00 00 00 00 00
处理结果: 失败
失败原因: 超时, 等待RTU响应超时
发送次数: 1/1
[2026-06-02 17:16:21] [WARN] [MonitorDataTask][QRCode:12044] 指令完成
指令: ReadIdlePurgeAll
请求帧: 01 04 00 1D 00 03 20 0D
响应帧: 超时, 等待RTU响应超时, 01 04 06 00 00 00 00 00 00
处理结果: 失败
失败原因: 超时, 等待RTU响应超时
发送次数: 1/1
[2026-06-02 17:16:21] [WARN] [MonitorDataTask][QRCode:12004] 指令完成
指令: ReadIdlePurgeAll
请求帧: 01 04 00 1D 00 03 20 0D
响应帧: 超时, 等待RTU响应超时, 01 04 06 00 00 00 00 00 00
处理结果: 失败
失败原因: 超时, 等待RTU响应超时
发送次数: 1/1
[2026-06-02 17:16:21] [WARN] [MonitorDataTask][QRCode:12071] 指令完成
指令: ReadIdlePurgeAll
请求帧: 01 04 00 1D 00 03 20 0D
响应帧: 超时, 等待RTU响应超时, 01 04 06 00 00 00 00 00 00
处理结果: 失败
失败原因: 超时, 等待RTU响应超时
发送次数: 1/1
[2026-06-02 17:16:21] [WARN] [MonitorDataTask][QRCode:12073] 指令完成
指令: ReadIdlePurgeAll
请求帧: 01 04 00 1D 00 03 20 0D
响应帧: 超时, 等待RTU响应超时, 01 04 06 00 00 00 00 00 00
处理结果: 失败
失败原因: 超时, 等待RTU响应超时
发送次数: 1/1
[2026-06-02 17:16:21] [WARN] [MonitorDataTask][QRCode:12054] 指令完成
指令: ReadIdlePurgeAll
请求帧: 01 04 00 1D 00 03 20 0D
响应帧: 超时, 等待RTU响应超时, 01 04 06 00 00 00 00 00 00
处理结果: 失败
失败原因: 超时, 等待RTU响应超时
发送次数: 1/1
[2026-06-02 17:16:21] [WARN] [MonitorDataTask][QRCode:12055] 指令完成
指令: ReadIdlePurgeAll
请求帧: 01 04 00 1D 00 03 20 0D
响应帧: 超时, 等待RTU响应超时, 01 04 06 00 00 00 00 00 00
处理结果: 失败
失败原因: 超时, 等待RTU响应超时
发送次数: 1/1
[2026-06-02 17:16:21] [WARN] [MonitorDataTask][QRCode:12013] 指令完成
指令: ReadIdlePurgeAll
请求帧: 01 04 00 1D 00 03 20 0D
响应帧: 超时, 等待RTU响应超时, 01 04 06 00 00 00 00 00 00
处理结果: 失败
失败原因: 超时, 等待RTU响应超时
发送次数: 1/1
[2026-06-02 17:16:21] [WARN] [MonitorDataTask][QRCode:12074] 指令完成
指令: ReadIdlePurgeAll
请求帧: 01 04 00 1D 00 03 20 0D
响应帧: 超时, 等待RTU响应超时, 01 04 06 00 00 00 00 00 00
处理结果: 失败
失败原因: 超时, 等待RTU响应超时
发送次数: 1/1
[2026-06-02 17:16:21] [WARN] [MonitorDataTask][QRCode:12031] 指令完成
指令: ReadIdlePurgeAll
请求帧: 01 04 00 1D 00 03 20 0D
响应帧: 超时, 等待RTU响应超时, 01 04 06 00 00 00 00 00 00
处理结果: 失败
失败原因: 超时, 等待RTU响应超时
发送次数: 1/1
[2026-06-02 17:16:21] [WARN] [MonitorDataTask][QRCode:12032] 指令完成
指令: ReadIdlePurgeAll
请求帧: 01 04 00 1D 00 03 20 0D
响应帧: 超时, 等待RTU响应超时, 01 04 06 00 00 00 00 00 00
处理结果: 失败
失败原因: 超时, 等待RTU响应超时
发送次数: 1/1
[2026-06-02 17:16:21] [WARN] [MonitorDataTask][QRCode:12037] 指令完成
指令: ReadIdlePurgeAll
请求帧: 01 04 00 1D 00 03 20 0D
响应帧: 超时, 等待RTU响应超时, 01 04 06 00 00 00 00 00 00
处理结果: 失败
失败原因: 超时, 等待RTU响应超时
发送次数: 1/1
[2026-06-02 17:16:21] [WARN] [MonitorDataTask][QRCode:12027] 指令完成
指令: ReadIdlePurgeAll
请求帧: 01 04 00 1D 00 03 20 0D
响应帧: 超时, 等待RTU响应超时, 01 04 06 00 00 00 00 00 00
处理结果: 失败
失败原因: 超时, 等待RTU响应超时
发送次数: 1/1
[2026-06-02 17:16:21] [WARN] [MonitorDataTask][QRCode:12008] 指令完成
指令: ReadIdlePurgeAll
请求帧: 01 04 00 1D 00 03 20 0D
响应帧: 超时, 等待RTU响应超时, 01 04 06 00 00 00 00 00 00
处理结果: 失败
失败原因: 超时, 等待RTU响应超时
发送次数: 1/1
[2026-06-02 17:16:21] [WARN] [MonitorDataTask][QRCode:12046] 指令完成
指令: ReadIdlePurgeAll
请求帧: 01 04 00 1D 00 03 20 0D
响应帧: 超时, 等待RTU响应超时, 01 04 06 00 00 00 00 00 00
处理结果: 失败
失败原因: 超时, 等待RTU响应超时
发送次数: 1/1
[2026-06-02 17:16:21] [WARN] [MonitorDataTask][QRCode:12025] 指令完成
指令: ReadIdlePurgeAll
请求帧: 01 04 00 1D 00 03 20 0D
响应帧: 超时, 等待RTU响应超时, 01 04 06 00 00 00 00 00 00
处理结果: 失败
失败原因: 超时, 等待RTU响应超时
发送次数: 1/1
[2026-06-02 17:16:21] [WARN] [MonitorDataTask][QRCode:12053] 指令完成
指令: ReadIdlePurgeAll
请求帧: 01 04 00 1D 00 03 20 0D
响应帧: 超时, 等待RTU响应超时, 01 04 06 00 00 00 00 00 00
处理结果: 失败
失败原因: 超时, 等待RTU响应超时
发送次数: 1/1
[2026-06-02 17:16:21] [WARN] [MonitorDataTask][QRCode:12023] 指令完成
指令: ReadIdlePurgeAll
请求帧: 01 04 00 1D 00 03 20 0D
响应帧: 超时, 等待RTU响应超时, 01 04 06 00 00 00 00 00 00
处理结果: 失败
失败原因: 超时, 等待RTU响应超时
发送次数: 1/1
[2026-06-02 17:16:21] [WARN] [MonitorDataTask][QRCode:12026] 指令完成
指令: ReadIdlePurgeAll
请求帧: 01 04 00 1D 00 03 20 0D
响应帧: 超时, 等待RTU响应超时, 01 04 06 00 00 00 00 00 00
处理结果: 失败
失败原因: 超时, 等待RTU响应超时
发送次数: 1/1
[2026-06-02 17:16:21] [WARN] [MonitorDataTask][QRCode:12058] 指令完成
指令: ReadIdlePurgeAll
请求帧: 01 04 00 1D 00 03 20 0D
响应帧: 超时, 等待RTU响应超时, 01 04 06 00 00 00 00 00 00
处理结果: 失败
失败原因: 超时, 等待RTU响应超时
发送次数: 1/1
[2026-06-02 17:16:21] [WARN] [MonitorDataTask][QRCode:12019] 指令完成
指令: ReadIdlePurgeAll
请求帧: 01 04 00 1D 00 03 20 0D
响应帧: 超时, 等待RTU响应超时, 01 04 06 00 00 00 00 00 00
处理结果: 失败
失败原因: 超时, 等待RTU响应超时
发送次数: 1/1
[2026-06-02 17:16:21] [WARN] [MonitorDataTask][QRCode:12041] 指令完成
指令: ReadIdlePurgeAll
请求帧: 01 04 00 1D 00 03 20 0D
响应帧: 超时, 等待RTU响应超时, 01 04 06 00 00 00 00 00 00
处理结果: 失败
失败原因: 超时, 等待RTU响应超时
发送次数: 1/1
[2026-06-02 17:16:21] [WARN] [MonitorDataTask][QRCode:12033] 指令完成
指令: ReadIdlePurgeAll
请求帧: 01 04 00 1D 00 03 20 0D
响应帧: 超时, 等待RTU响应超时, 01 04 06 00 00 00 00 00 00
处理结果: 失败
失败原因: 超时, 等待RTU响应超时
发送次数: 1/1
[2026-06-02 17:16:21] [WARN] [MonitorDataTask][QRCode:12079] 指令完成
指令: ReadIdlePurgeAll
请求帧: 01 04 00 1D 00 03 20 0D
响应帧: 超时, 等待RTU响应超时, 01 04 06 00 00 00 00 00 00
处理结果: 失败
失败原因: 超时, 等待RTU响应超时
发送次数: 1/1
[2026-06-02 17:16:21] [WARN] [MonitorDataTask][QRCode:12065] 指令完成
指令: ReadIdlePurgeAll
请求帧: 01 04 00 1D 00 03 20 0D
响应帧: 超时, 等待RTU响应超时, 01 04 06 00 00 00 00 00 00
处理结果: 失败
失败原因: 超时, 等待RTU响应超时
发送次数: 1/1
[2026-06-02 17:16:21] [WARN] [MonitorDataTask][QRCode:12067] 指令完成
指令: ReadIdlePurgeAll
请求帧: 01 04 00 1D 00 03 20 0D
响应帧: 超时, 等待RTU响应超时, 01 04 06 00 00 00 00 00 00
处理结果: 失败
失败原因: 超时, 等待RTU响应超时
发送次数: 1/1
[2026-06-02 17:16:21] [WARN] [MonitorDataTask][QRCode:12077] 指令完成
指令: ReadIdlePurgeAll
请求帧: 01 04 00 1D 00 03 20 0D
响应帧: 超时, 等待RTU响应超时, 01 04 06 00 00 00 00 00 00
处理结果: 失败
失败原因: 超时, 等待RTU响应超时
发送次数: 1/1
[2026-06-02 17:16:21] [WARN] [MonitorDataTask][QRCode:12005] 指令完成
指令: ReadIdlePurgeAll
请求帧: 01 04 00 1D 00 03 20 0D
响应帧: 超时, 等待RTU响应超时, 01 04 06 00 00 00 00 00 00
处理结果: 失败
失败原因: 超时, 等待RTU响应超时
发送次数: 1/1
[2026-06-02 17:16:21] [WARN] [MonitorDataTask][QRCode:12070] 指令完成
指令: ReadIdlePurgeAll
请求帧: 01 04 00 1D 00 03 20 0D
响应帧: 超时, 等待RTU响应超时, 01 04 06 00 00 00 00 00 00
处理结果: 失败
失败原因: 超时, 等待RTU响应超时
发送次数: 1/1
[2026-06-02 17:16:21] [WARN] [MonitorDataTask][QRCode:12010] 指令完成
指令: ReadIdlePurgeAll
请求帧: 01 04 00 1D 00 03 20 0D
响应帧: 超时, 等待RTU响应超时, 01 04 06 00 00 00 00 00 00
处理结果: 失败
失败原因: 超时, 等待RTU响应超时
发送次数: 1/1
[2026-06-02 17:16:21] [WARN] [MonitorDataTask][QRCode:12016] 指令完成
指令: ReadIdlePurgeAll
请求帧: 01 04 00 1D 00 03 20 0D
响应帧: 超时, 等待RTU响应超时, 01 04 06 00 00 00 00 00 00
处理结果: 失败
失败原因: 超时, 等待RTU响应超时
发送次数: 1/1
[2026-06-02 17:16:21] [WARN] [MonitorDataTask][QRCode:12066] 指令完成
指令: ReadIdlePurgeAll
请求帧: 01 04 00 1D 00 03 20 0D
响应帧: 超时, 等待RTU响应超时, 01 04 06 00 00 00 00 00 00
处理结果: 失败
失败原因: 超时, 等待RTU响应超时
发送次数: 1/1
[2026-06-02 17:16:21] [WARN] [MonitorDataTask][QRCode:12072] 指令完成
指令: ReadIdlePurgeAll
请求帧: 01 04 00 1D 00 03 20 0D
响应帧: 超时, 等待RTU响应超时, 01 04 06 00 00 00 00 00 00
处理结果: 失败
失败原因: 超时, 等待RTU响应超时
发送次数: 1/1
[2026-06-02 17:16:21] [WARN] [MonitorDataTask][QRCode:12020] 指令完成
指令: ReadIdlePurgeAll
请求帧: 01 04 00 1D 00 03 20 0D
响应帧: 超时, 等待RTU响应超时, 01 04 06 00 00 00 00 00 00
处理结果: 失败
失败原因: 超时, 等待RTU响应超时
发送次数: 1/1
[2026-06-02 17:16:21] [WARN] [MonitorDataTask][QRCode:12063] 指令完成
指令: ReadIdlePurgeAll
请求帧: 01 04 00 1D 00 03 20 0D
响应帧: 超时, 等待RTU响应超时, 01 04 06 00 00 00 00 00 00
处理结果: 失败
失败原因: 超时, 等待RTU响应超时
发送次数: 1/1
[2026-06-02 17:16:21] [WARN] [MonitorDataTask][QRCode:12030] 指令完成
指令: ReadIdlePurgeAll
请求帧: 01 04 00 1D 00 03 20 0D
响应帧: 超时, 等待RTU响应超时, 01 04 06 00 00 00 00 00 00
处理结果: 失败
失败原因: 超时, 等待RTU响应超时
发送次数: 1/1
[2026-06-02 17:16:22] [WARN] [MonitorDataTask][QRCode:12028] 指令完成
指令: ReadIdlePurgeAll
请求帧: 01 04 00 1D 00 03 20 0D
响应帧: 超时, 等待RTU响应超时, 01 04 06 00 00 00 00 00 00
处理结果: 失败
失败原因: 超时, 等待RTU响应超时
发送次数: 1/1
[2026-06-02 17:16:22] [WARN] [MonitorDataTask][QRCode:12034] 指令完成
指令: ReadIdlePurgeAll
请求帧: 01 04 00 1D 00 03 20 0D
响应帧: 超时, 等待RTU响应超时, 01 04 06 00 00 00 00 00 00
处理结果: 失败
失败原因: 超时, 等待RTU响应超时
发送次数: 1/1
[2026-06-02 17:16:22] [WARN] [MonitorDataTask][QRCode:12056] 指令完成
指令: ReadIdlePurgeAll
请求帧: 01 04 00 1D 00 03 20 0D
响应帧: 超时, 等待RTU响应超时, 01 04 06 00 00 00 00 00 00
处理结果: 失败
失败原因: 超时, 等待RTU响应超时
发送次数: 1/1
[2026-06-02 17:16:22] [WARN] [MonitorDataTask][QRCode:12075] 指令完成
指令: ReadIdlePurgeAll
请求帧: 01 04 00 1D 00 03 20 0D
响应帧: 超时, 等待RTU响应超时, 01 04 06 00 00 00 00 00 00
处理结果: 失败
失败原因: 超时, 等待RTU响应超时
发送次数: 1/1
[2026-06-02 17:16:22] [WARN] [MonitorDataTask][QRCode:12002] 指令完成
指令: ReadIdlePurgeAll
请求帧: 01 04 00 1D 00 03 20 0D
响应帧: 超时, 等待RTU响应超时, 01 04 06 00 00 00 00 00 00
处理结果: 失败
失败原因: 超时, 等待RTU响应超时
发送次数: 1/1
[2026-06-02 17:16:22] [WARN] [MonitorDataTask][QRCode:12014] 指令完成
指令: ReadIdlePurgeAll
请求帧: 01 04 00 1D 00 03 20 0D
响应帧: 超时, 等待RTU响应超时, 01 04 06 00 00 00 00 00 00
处理结果: 失败
失败原因: 超时, 等待RTU响应超时
发送次数: 1/1
[2026-06-02 17:16:22] [WARN] [MonitorDataTask][QRCode:12047] 指令完成
指令: ReadIdlePurgeAll
请求帧: 01 04 00 1D 00 03 20 0D
响应帧: 超时, 等待RTU响应超时, 01 04 06 00 00 00 00 00 00
处理结果: 失败
失败原因: 超时, 等待RTU响应超时
发送次数: 1/1
[2026-06-02 17:16:22] [WARN] [MonitorDataTask][QRCode:12051] 指令完成
指令: ReadIdlePurgeAll
请求帧: 01 04 00 1D 00 03 20 0D
响应帧: 超时, 等待RTU响应超时, 01 04 06 00 00 00 00 00 00
处理结果: 失败
失败原因: 超时, 等待RTU响应超时
发送次数: 1/1
[2026-06-02 17:16:22] [WARN] [MonitorDataTask][QRCode:12078] 指令完成
指令: ReadIdlePurgeAll
请求帧: 01 04 00 1D 00 03 20 0D
响应帧: 超时, 等待RTU响应超时, 01 04 06 00 00 00 00 00 00
处理结果: 失败
失败原因: 超时, 等待RTU响应超时
发送次数: 1/1
[2026-06-02 17:16:22] [WARN] [MonitorDataTask][QRCode:12029] 指令完成
指令: ReadIdlePurgeAll
请求帧: 01 04 00 1D 00 03 20 0D
响应帧: 超时, 等待RTU响应超时, 01 04 06 00 00 00 00 00 00
处理结果: 失败
失败原因: 超时, 等待RTU响应超时
发送次数: 1/1
[2026-06-02 17:16:22] [WARN] [MonitorDataTask][QRCode:12009] 指令完成
指令: ReadIdlePurgeAll
请求帧: 01 04 00 1D 00 03 20 0D
响应帧: 超时, 等待RTU响应超时, 01 04 06 00 00 00 00 00 00
处理结果: 失败
失败原因: 超时, 等待RTU响应超时
发送次数: 1/1
[2026-06-02 17:16:22] [WARN] [MonitorDataTask][QRCode:12060] 指令完成
指令: ReadIdlePurgeAll
请求帧: 01 04 00 1D 00 03 20 0D
响应帧: 超时, 等待RTU响应超时, 01 04 06 00 00 00 00 00 00
处理结果: 失败
失败原因: 超时, 等待RTU响应超时
发送次数: 1/1
[2026-06-02 17:16:22] [WARN] [MonitorDataTask][QRCode:12001] 指令完成
指令: ReadIdlePurgeAll
请求帧: 01 04 00 1D 00 03 20 0D
响应帧: 超时, 等待RTU响应超时, 01 04 06 00 00 00 00 00 00
处理结果: 失败
失败原因: 超时, 等待RTU响应超时
发送次数: 1/1
[2026-06-02 17:16:22] [WARN] [MonitorDataTask][QRCode:12003] 指令完成
指令: ReadIdlePurgeAll
请求帧: 01 04 00 1D 00 03 20 0D
响应帧: 超时, 等待RTU响应超时, 01 04 06 00 00 00 00 00 00
处理结果: 失败
失败原因: 超时, 等待RTU响应超时
发送次数: 1/1
[2026-06-02 17:16:22] [WARN] [MonitorDataTask][QRCode:12064] 指令完成
指令: ReadIdlePurgeAll
请求帧: 01 04 00 1D 00 03 20 0D
响应帧: 超时, 等待RTU响应超时, 01 04 06 00 00 00 00 00 00
处理结果: 失败
失败原因: 超时, 等待RTU响应超时
发送次数: 1/1
[2026-06-02 17:16:22] [WARN] [MonitorDataTask][QRCode:12017] 指令完成
指令: ReadIdlePurgeAll
请求帧: 01 04 00 1D 00 03 20 0D
响应帧: 超时, 等待RTU响应超时, 01 04 06 00 00 00 00 00 00
处理结果: 失败
失败原因: 超时, 等待RTU响应超时
发送次数: 1/1
[2026-06-02 17:16:22] [WARN] [MonitorDataTask][QRCode:12021] 指令完成
指令: ReadIdlePurgeAll
请求帧: 01 04 00 1D 00 03 20 0D
响应帧: 超时, 等待RTU响应超时, 01 04 06 00 00 00 00 00 00
处理结果: 失败
失败原因: 超时, 等待RTU响应超时
发送次数: 1/1
[2026-06-02 17:16:22] [WARN] [MonitorDataTask][QRCode:12022] 指令完成
指令: ReadIdlePurgeAll
请求帧: 01 04 00 1D 00 03 20 0D
响应帧: 超时, 等待RTU响应超时, 01 04 06 00 00 00 00 00 00
处理结果: 失败
失败原因: 超时, 等待RTU响应超时
发送次数: 1/1
[2026-06-02 17:16:22] [WARN] [MonitorDataTask][QRCode:12018] 指令完成
指令: ReadIdlePurgeAll
请求帧: 01 04 00 1D 00 03 20 0D
响应帧: 超时, 等待RTU响应超时, 01 04 06 00 00 00 00 00 00
处理结果: 失败
失败原因: 超时, 等待RTU响应超时
发送次数: 1/1
[2026-06-02 17:16:22] [WARN] [MonitorDataTask][QRCode:12069] 指令完成
指令: ReadIdlePurgeAll
请求帧: 01 04 00 1D 00 03 20 0D
响应帧: 超时, 等待RTU响应超时, 01 04 06 00 00 00 00 00 00
处理结果: 失败
失败原因: 超时, 等待RTU响应超时
发送次数: 1/1
[2026-06-02 17:16:22] [WARN] [MonitorDataTask][QRCode:12042] 指令完成
指令: ReadIdlePurgeAll
请求帧: 01 04 00 1D 00 03 20 0D
响应帧: 超时, 等待RTU响应超时, 01 04 06 00 00 00 00 00 00
处理结果: 失败
失败原因: 超时, 等待RTU响应超时
发送次数: 1/1
[2026-06-02 17:16:22] [WARN] [MonitorDataTask][QRCode:12039] 指令完成
指令: ReadIdlePurgeAll
请求帧: 01 04 00 1D 00 03 20 0D
响应帧: 超时, 等待RTU响应超时, 01 04 06 00 00 00 00 00 00
处理结果: 失败
失败原因: 超时, 等待RTU响应超时
发送次数: 1/1
[2026-06-02 17:16:22] [WARN] [MonitorDataTask][QRCode:12050] 指令完成
指令: ReadIdlePurgeAll
请求帧: 01 04 00 1D 00 03 20 0D
响应帧: 超时, 等待RTU响应超时, 01 04 06 00 00 00 00 00 00
处理结果: 失败
失败原因: 超时, 等待RTU响应超时
发送次数: 1/1
[2026-06-02 17:16:22] [WARN] [MonitorDataTask][QRCode:12038] 指令完成
指令: ReadIdlePurgeAll
请求帧: 01 04 00 1D 00 03 20 0D
响应帧: 超时, 等待RTU响应超时, 01 04 06 00 00 00 00 00 00
处理结果: 失败
失败原因: 超时, 等待RTU响应超时
发送次数: 1/1
[2026-06-02 17:16:22] [WARN] [MonitorDataTask][QRCode:12059] 指令完成
指令: ReadIdlePurgeAll
请求帧: 01 04 00 1D 00 03 20 0D
响应帧: 超时, 等待RTU响应超时, 01 04 06 00 00 00 00 00 00
处理结果: 失败
失败原因: 超时, 等待RTU响应超时
发送次数: 1/1
[2026-06-02 17:16:22] [WARN] [MonitorDataTask][QRCode:12007] 指令完成
指令: ReadIdlePurgeAll
请求帧: 01 04 00 1D 00 03 20 0D
响应帧: 超时, 等待RTU响应超时, 01 04 06 00 00 00 00 00 00
处理结果: 失败
失败原因: 超时, 等待RTU响应超时
发送次数: 1/1
[2026-06-02 17:16:22] [WARN] [MonitorDataTask][QRCode:12036] 指令完成
指令: ReadIdlePurgeAll
请求帧: 01 04 00 1D 00 03 20 0D
响应帧: 超时, 等待RTU响应超时, 01 04 06 00 00 00 00 00 00
处理结果: 失败
失败原因: 超时, 等待RTU响应超时
发送次数: 1/1
[2026-06-02 17:16:22] [WARN] [MonitorDataTask][QRCode:12048] 指令完成
指令: ReadIdlePurgeAll
请求帧: 01 04 00 1D 00 03 20 0D
响应帧: 超时, 等待RTU响应超时, 01 04 06 00 00 00 00 00 00
处理结果: 失败
失败原因: 超时, 等待RTU响应超时
发送次数: 1/1
[2026-06-02 17:16:22] [WARN] [MonitorDataTask][QRCode:12006] 指令完成
指令: ReadIdlePurgeAll
请求帧: 01 04 00 1D 00 03 20 0D
响应帧: 超时, 等待RTU响应超时, 01 04 06 00 00 00 00 00 00
处理结果: 失败
失败原因: 超时, 等待RTU响应超时
发送次数: 1/1
[2026-06-02 17:16:22] [WARN] [MonitorDataTask][QRCode:12040] 指令完成
指令: ReadIdlePurgeAll
请求帧: 01 04 00 1D 00 03 20 0D
响应帧: 超时, 等待RTU响应超时, 01 04 06 00 00 00 00 00 00
处理结果: 失败
失败原因: 超时, 等待RTU响应超时
发送次数: 1/1
[2026-06-02 17:16:22] [WARN] [MonitorDataTask][QRCode:12062] 指令完成
指令: ReadIdlePurgeAll
请求帧: 01 04 00 1D 00 03 20 0D
响应帧: 超时, 等待RTU响应超时, 01 04 06 00 00 00 00 00 00
处理结果: 失败
失败原因: 超时, 等待RTU响应超时
发送次数: 1/1
[2026-06-02 17:16:22] [WARN] [MonitorDataTask][QRCode:12015] 指令完成
指令: ReadIdlePurgeAll
请求帧: 01 04 00 1D 00 03 20 0D
响应帧: 超时, 等待RTU响应超时, 01 04 06 00 00 00 00 00 00
处理结果: 失败
失败原因: 超时, 等待RTU响应超时
发送次数: 1/1
[2026-06-02 17:16:22] [WARN] [MonitorDataTask][QRCode:12035] 指令完成
指令: ReadIdlePurgeAll
请求帧: 01 04 00 1D 00 03 20 0D
响应帧: 超时, 等待RTU响应超时, 01 04 06 00 00 00 00 00 00
处理结果: 失败
失败原因: 超时, 等待RTU响应超时
发送次数: 1/1
[2026-06-02 17:16:22] [WARN] [MonitorDataTask][QRCode:12052] 指令完成
指令: ReadIdlePurgeAll
请求帧: 01 04 00 1D 00 03 20 0D
响应帧: 超时, 等待RTU响应超时, 01 04 06 00 00 00 00 00 00
处理结果: 失败
失败原因: 超时, 等待RTU响应超时
发送次数: 1/1
[2026-06-02 17:16:22] [WARN] [MonitorDataTask][QRCode:12076] 指令完成
指令: ReadIdlePurgeAll
请求帧: 01 04 00 1D 00 03 20 0D
响应帧: 超时, 等待RTU响应超时, 01 04 06 00 00 00 00 00 00
处理结果: 失败
失败原因: 超时, 等待RTU响应超时
发送次数: 1/1
[2026-06-02 17:16:22] [WARN] [MonitorDataTask][QRCode:12012] 指令完成
指令: ReadIdlePurgeAll
请求帧: 01 04 00 1D 00 03 20 0D
响应帧: 超时, 等待RTU响应超时, 01 04 06 00 00 00 00 00 00
处理结果: 失败
失败原因: 超时, 等待RTU响应超时
发送次数: 1/1
[2026-06-02 17:16:22] [WARN] [MonitorDataTask][QRCode:12068] 指令完成
指令: ReadIdlePurgeAll
请求帧: 01 04 00 1D 00 03 20 0D
响应帧: 超时, 等待RTU响应超时, 01 04 06 00 00 00 00 00 00
处理结果: 失败
失败原因: 超时, 等待RTU响应超时
发送次数: 1/1
[2026-06-02 17:16:22] [WARN] [MonitorDataTask][QRCode:12043] 指令完成
指令: ReadIdlePurgeAll
请求帧: 01 04 00 1D 00 03 20 0D
响应帧: 超时, 等待RTU响应超时, 01 04 06 00 00 00 00 00 00
处理结果: 失败
失败原因: 超时, 等待RTU响应超时
发送次数: 1/1
[2026-06-02 17:16:22] [WARN] [MonitorDataTask][QRCode:12049] 指令完成
指令: ReadIdlePurgeAll
请求帧: 01 04 00 1D 00 03 20 0D
响应帧: 超时, 等待RTU响应超时, 01 04 06 00 00 00 00 00 00
处理结果: 失败
失败原因: 超时, 等待RTU响应超时
发送次数: 1/1
[2026-06-02 17:16:22] [WARN] [MonitorDataTask][QRCode:12024] 指令完成
指令: ReadIdlePurgeAll
请求帧: 01 04 00 1D 00 03 20 0D
响应帧: 超时, 等待RTU响应超时, 01 04 06 00 00 00 00 00 00
处理结果: 失败
失败原因: 超时, 等待RTU响应超时
发送次数: 1/1
[2026-06-02 17:16:22] [WARN] [MonitorDataTask][QRCode:12057] 指令完成
指令: ReadIdlePurgeAll
请求帧: 01 04 00 1D 00 03 20 0D
响应帧: 超时, 等待RTU响应超时, 01 04 06 00 00 00 00 00 00
处理结果: 失败
失败原因: 超时, 等待RTU响应超时
发送次数: 1/1
[2026-06-02 17:16:22] [WARN] [MonitorDataTask][QRCode:12061] 指令完成
指令: ReadIdlePurgeAll
请求帧: 01 04 00 1D 00 03 20 0D
响应帧: 超时, 等待RTU响应超时, 01 04 06 00 00 00 00 00 00
处理结果: 失败
失败原因: 超时, 等待RTU响应超时
发送次数: 1/1
[2026-06-02 17:16:22] [WARN] [MonitorDataTask][QRCode:12080] 指令完成
指令: ReadIdlePurgeAll
请求帧: 01 04 00 1D 00 03 20 0D
响应帧: 超时, 等待RTU响应超时, 01 04 06 00 00 00 00 00 00
处理结果: 失败
失败原因: 超时, 等待RTU响应超时
发送次数: 1/1
[2026-06-02 17:16:22] [WARN] [MonitorDataTask][QRCode:12073] 指令完成
指令: ReadIdlePurgeAll
请求帧: 01 04 00 1D 00 03 20 0D
响应帧: 超时, 等待RTU响应超时, 01 04 06 00 00 00 00 00 00
处理结果: 失败
失败原因: 超时, 等待RTU响应超时
发送次数: 1/1
[2026-06-02 17:16:22] [WARN] [MonitorDataTask][QRCode:12011] 指令完成
指令: ReadIdlePurgeAll
请求帧: 01 04 00 1D 00 03 20 0D
响应帧: 超时, 等待RTU响应超时, 01 04 06 00 00 00 00 00 00
处理结果: 失败
失败原因: 超时, 等待RTU响应超时
发送次数: 1/1
[2026-06-02 17:16:22] [WARN] [MonitorDataTask][QRCode:12004] 指令完成
指令: ReadIdlePurgeAll
请求帧: 01 04 00 1D 00 03 20 0D
响应帧: 超时, 等待RTU响应超时, 01 04 06 00 00 00 00 00 00
处理结果: 失败
失败原因: 超时, 等待RTU响应超时
发送次数: 1/1
[2026-06-02 17:16:22] [WARN] [MonitorDataTask][QRCode:12044] 指令完成
指令: ReadIdlePurgeAll
请求帧: 01 04 00 1D 00 03 20 0D
响应帧: 超时, 等待RTU响应超时, 01 04 06 00 00 00 00 00 00
处理结果: 失败
失败原因: 超时, 等待RTU响应超时
发送次数: 1/1
[2026-06-02 17:16:22] [WARN] [MonitorDataTask][QRCode:12071] 指令完成
指令: ReadIdlePurgeAll
请求帧: 01 04 00 1D 00 03 20 0D
响应帧: 超时, 等待RTU响应超时, 01 04 06 00 00 00 00 00 00
处理结果: 失败
失败原因: 超时, 等待RTU响应超时
发送次数: 1/1
[2026-06-02 17:16:22] [WARN] [MonitorDataTask][QRCode:12045] 指令完成
指令: ReadIdlePurgeAll
请求帧: 01 04 00 1D 00 03 20 0D
响应帧: 超时, 等待RTU响应超时, 01 04 06 00 00 00 00 00 00
处理结果: 失败
失败原因: 超时, 等待RTU响应超时
发送次数: 1/1
[2026-06-02 17:16:22] [WARN] [MonitorDataTask][QRCode:12013] 指令完成
指令: ReadIdlePurgeAll
请求帧: 01 04 00 1D 00 03 20 0D
响应帧: 超时, 等待RTU响应超时, 01 04 06 00 00 00 00 00 00
处理结果: 失败
失败原因: 超时, 等待RTU响应超时
发送次数: 1/1
[2026-06-02 17:16:22] [WARN] [MonitorDataTask][QRCode:12031] 指令完成
指令: ReadIdlePurgeAll
请求帧: 01 04 00 1D 00 03 20 0D
响应帧: 超时, 等待RTU响应超时, 01 04 06 00 00 00 00 00 00
处理结果: 失败
失败原因: 超时, 等待RTU响应超时
发送次数: 1/1
[2026-06-02 17:16:22] [WARN] [MonitorDataTask][QRCode:12074] 指令完成
指令: ReadIdlePurgeAll
请求帧: 01 04 00 1D 00 03 20 0D
响应帧: 超时, 等待RTU响应超时, 01 04 06 00 00 00 00 00 00
处理结果: 失败
失败原因: 超时, 等待RTU响应超时
发送次数: 1/1
[2026-06-02 17:16:22] [WARN] [MonitorDataTask][QRCode:12054] 指令完成
指令: ReadIdlePurgeAll
请求帧: 01 04 00 1D 00 03 20 0D
响应帧: 超时, 等待RTU响应超时, 01 04 06 00 00 00 00 00 00
处理结果: 失败
失败原因: 超时, 等待RTU响应超时
发送次数: 1/1
[2026-06-02 17:16:22] [WARN] [MonitorDataTask][QRCode:12055] 指令完成
指令: ReadIdlePurgeAll
请求帧: 01 04 00 1D 00 03 20 0D
响应帧: 超时, 等待RTU响应超时, 01 04 06 00 00 00 00 00 00
处理结果: 失败
失败原因: 超时, 等待RTU响应超时
发送次数: 1/1
[2026-06-02 17:16:22] [WARN] [MonitorDataTask][QRCode:12032] 指令完成
指令: ReadIdlePurgeAll
请求帧: 01 04 00 1D 00 03 20 0D
响应帧: 超时, 等待RTU响应超时, 01 04 06 00 00 00 00 00 00
处理结果: 失败
失败原因: 超时, 等待RTU响应超时
发送次数: 1/1
[2026-06-02 17:16:22] [WARN] [MonitorDataTask][QRCode:12037] 指令完成
指令: ReadIdlePurgeAll
请求帧: 01 04 00 1D 00 03 20 0D
响应帧: 超时, 等待RTU响应超时, 01 04 06 00 00 00 00 00 00
处理结果: 失败
失败原因: 超时, 等待RTU响应超时
发送次数: 1/1
[2026-06-02 17:16:22] [WARN] [MonitorDataTask][QRCode:12027] 指令完成
指令: ReadIdlePurgeAll
请求帧: 01 04 00 1D 00 03 20 0D
响应帧: 超时, 等待RTU响应超时, 01 04 06 00 00 00 00 00 00
处理结果: 失败
失败原因: 超时, 等待RTU响应超时
发送次数: 1/1
[2026-06-02 17:16:23] [WARN] [MonitorDataTask][QRCode:12008] 指令完成
指令: ReadIdlePurgeAll
请求帧: 01 04 00 1D 00 03 20 0D
响应帧: 超时, 等待RTU响应超时, 01 04 06 00 00 00 00 00 00
处理结果: 失败
失败原因: 超时, 等待RTU响应超时
发送次数: 1/1
[2026-06-02 17:16:23] [WARN] [MonitorDataTask][QRCode:12053] 指令完成
指令: ReadIdlePurgeAll
请求帧: 01 04 00 1D 00 03 20 0D
响应帧: 超时, 等待RTU响应超时, 01 04 06 00 00 00 00 00 00
处理结果: 失败
失败原因: 超时, 等待RTU响应超时
发送次数: 1/1
[2026-06-02 17:16:23] [WARN] [MonitorDataTask][QRCode:12025] 指令完成
指令: ReadIdlePurgeAll
请求帧: 01 04 00 1D 00 03 20 0D
响应帧: 超时, 等待RTU响应超时, 01 04 06 00 00 00 00 00 00
处理结果: 失败
失败原因: 超时, 等待RTU响应超时
发送次数: 1/1
[2026-06-02 17:16:23] [WARN] [MonitorDataTask][QRCode:12046] 指令完成
指令: ReadIdlePurgeAll
请求帧: 01 04 00 1D 00 03 20 0D
响应帧: 超时, 等待RTU响应超时, 01 04 06 00 00 00 00 00 00
处理结果: 失败
失败原因: 超时, 等待RTU响应超时
发送次数: 1/1
[2026-06-02 17:16:23] [WARN] [MonitorDataTask][QRCode:12019] 指令完成
指令: ReadIdlePurgeAll
请求帧: 01 04 00 1D 00 03 20 0D
响应帧: 超时, 等待RTU响应超时, 01 04 06 00 00 00 00 00 00
处理结果: 失败
失败原因: 超时, 等待RTU响应超时
发送次数: 1/1
[2026-06-02 17:16:23] [WARN] [MonitorDataTask][QRCode:12023] 指令完成
指令: ReadIdlePurgeAll
请求帧: 01 04 00 1D 00 03 20 0D
响应帧: 超时, 等待RTU响应超时, 01 04 06 00 00 00 00 00 00
处理结果: 失败
失败原因: 超时, 等待RTU响应超时
发送次数: 1/1
[2026-06-02 17:16:23] [WARN] [MonitorDataTask][QRCode:12026] 指令完成
指令: ReadIdlePurgeAll
请求帧: 01 04 00 1D 00 03 20 0D
响应帧: 超时, 等待RTU响应超时, 01 04 06 00 00 00 00 00 00
处理结果: 失败
失败原因: 超时, 等待RTU响应超时
发送次数: 1/1
[2026-06-02 17:16:23] [WARN] [MonitorDataTask][QRCode:12058] 指令完成
指令: ReadIdlePurgeAll
请求帧: 01 04 00 1D 00 03 20 0D
响应帧: 超时, 等待RTU响应超时, 01 04 06 00 00 00 00 00 00
处理结果: 失败
失败原因: 超时, 等待RTU响应超时
发送次数: 1/1
[2026-06-02 17:16:23] [WARN] [MonitorDataTask][QRCode:12041] 指令完成
指令: ReadIdlePurgeAll
请求帧: 01 04 00 1D 00 03 20 0D
响应帧: 超时, 等待RTU响应超时, 01 04 06 00 00 00 00 00 00
处理结果: 失败
失败原因: 超时, 等待RTU响应超时
发送次数: 1/1
[2026-06-02 17:16:23] [WARN] [MonitorDataTask][QRCode:12033] 指令完成
指令: ReadIdlePurgeAll
请求帧: 01 04 00 1D 00 03 20 0D
响应帧: 超时, 等待RTU响应超时, 01 04 06 00 00 00 00 00 00
处理结果: 失败
失败原因: 超时, 等待RTU响应超时
发送次数: 1/1
[2026-06-02 17:16:23] [WARN] [MonitorDataTask][QRCode:12079] 指令完成
指令: ReadIdlePurgeAll
请求帧: 01 04 00 1D 00 03 20 0D
响应帧: 超时, 等待RTU响应超时, 01 04 06 00 00 00 00 00 00
处理结果: 失败
失败原因: 超时, 等待RTU响应超时
发送次数: 1/1
[2026-06-02 17:16:23] [WARN] [MonitorDataTask][QRCode:12065] 指令完成
指令: ReadIdlePurgeAll
请求帧: 01 04 00 1D 00 03 20 0D
响应帧: 超时, 等待RTU响应超时, 01 04 06 00 00 00 00 00 00
处理结果: 失败
失败原因: 超时, 等待RTU响应超时
发送次数: 1/1
[2026-06-02 17:16:23] [WARN] [MonitorDataTask][QRCode:12077] 指令完成
指令: ReadIdlePurgeAll
请求帧: 01 04 00 1D 00 03 20 0D
响应帧: 超时, 等待RTU响应超时, 01 04 06 00 00 00 00 00 00
处理结果: 失败
失败原因: 超时, 等待RTU响应超时
发送次数: 1/1
[2026-06-02 17:16:23] [WARN] [MonitorDataTask][QRCode:12067] 指令完成
指令: ReadIdlePurgeAll
请求帧: 01 04 00 1D 00 03 20 0D
响应帧: 超时, 等待RTU响应超时, 01 04 06 00 00 00 00 00 00
处理结果: 失败
失败原因: 超时, 等待RTU响应超时
发送次数: 1/1
[2026-06-02 17:16:23] [WARN] [MonitorDataTask][QRCode:12005] 指令完成
指令: ReadIdlePurgeAll
请求帧: 01 04 00 1D 00 03 20 0D
响应帧: 超时, 等待RTU响应超时, 01 04 06 00 00 00 00 00 00
处理结果: 失败
失败原因: 超时, 等待RTU响应超时
发送次数: 1/1
[2026-06-02 17:16:23] [WARN] [MonitorDataTask][QRCode:12070] 指令完成
指令: ReadIdlePurgeAll
请求帧: 01 04 00 1D 00 03 20 0D
响应帧: 超时, 等待RTU响应超时, 01 04 06 00 00 00 00 00 00
处理结果: 失败
失败原因: 超时, 等待RTU响应超时
发送次数: 1/1
[2026-06-02 17:16:23] [WARN] [MonitorDataTask][QRCode:12010] 指令完成
指令: ReadIdlePurgeAll
请求帧: 01 04 00 1D 00 03 20 0D
响应帧: 超时, 等待RTU响应超时, 01 04 06 00 00 00 00 00 00
处理结果: 失败
失败原因: 超时, 等待RTU响应超时
发送次数: 1/1
[2026-06-02 17:16:23] [WARN] [MonitorDataTask][QRCode:12016] 指令完成
指令: ReadIdlePurgeAll
请求帧: 01 04 00 1D 00 03 20 0D
响应帧: 超时, 等待RTU响应超时, 01 04 06 00 00 00 00 00 00
处理结果: 失败
失败原因: 超时, 等待RTU响应超时
发送次数: 1/1
[2026-06-02 17:16:23] [WARN] [MonitorDataTask][QRCode:12066] 指令完成
指令: ReadIdlePurgeAll
请求帧: 01 04 00 1D 00 03 20 0D
响应帧: 超时, 等待RTU响应超时, 01 04 06 00 00 00 00 00 00
处理结果: 失败
失败原因: 超时, 等待RTU响应超时
发送次数: 1/1
[2026-06-02 17:16:23] [WARN] [MonitorDataTask][QRCode:12072] 指令完成
指令: ReadIdlePurgeAll
请求帧: 01 04 00 1D 00 03 20 0D
响应帧: 超时, 等待RTU响应超时, 01 04 06 00 00 00 00 00 00
处理结果: 失败
失败原因: 超时, 等待RTU响应超时
发送次数: 1/1
[2026-06-02 17:16:23] [WARN] [MonitorDataTask][QRCode:12020] 指令完成
指令: ReadIdlePurgeAll
请求帧: 01 04 00 1D 00 03 20 0D
响应帧: 超时, 等待RTU响应超时, 01 04 06 00 00 00 00 00 00
处理结果: 失败
失败原因: 超时, 等待RTU响应超时
发送次数: 1/1
[2026-06-02 17:16:23] [WARN] [MonitorDataTask][QRCode:12063] 指令完成
指令: ReadIdlePurgeAll
请求帧: 01 04 00 1D 00 03 20 0D
响应帧: 超时, 等待RTU响应超时, 01 04 06 00 00 00 00 00 00
处理结果: 失败
失败原因: 超时, 等待RTU响应超时
发送次数: 1/1
[2026-06-02 17:16:23] [WARN] [MonitorDataTask][QRCode:12030] 指令完成
指令: ReadIdlePurgeAll
请求帧: 01 04 00 1D 00 03 20 0D
响应帧: 超时, 等待RTU响应超时, 01 04 06 00 00 00 00 00 00
处理结果: 失败
失败原因: 超时, 等待RTU响应超时
发送次数: 1/1
[2026-06-02 17:16:23] [WARN] [MonitorDataTask][QRCode:12028] 指令完成
指令: ReadIdlePurgeAll
请求帧: 01 04 00 1D 00 03 20 0D
响应帧: 超时, 等待RTU响应超时, 01 04 06 00 00 00 00 00 00
处理结果: 失败
失败原因: 超时, 等待RTU响应超时
发送次数: 1/1
[2026-06-02 17:16:23] [WARN] [MonitorDataTask][QRCode:12034] 指令完成
指令: ReadIdlePurgeAll
请求帧: 01 04 00 1D 00 03 20 0D
响应帧: 超时, 等待RTU响应超时, 01 04 06 00 00 00 00 00 00
处理结果: 失败
失败原因: 超时, 等待RTU响应超时
发送次数: 1/1
[2026-06-02 17:16:23] [WARN] [MonitorDataTask][QRCode:12056] 指令完成
指令: ReadIdlePurgeAll
请求帧: 01 04 00 1D 00 03 20 0D
响应帧: 超时, 等待RTU响应超时, 01 04 06 00 00 00 00 00 00
处理结果: 失败
失败原因: 超时, 等待RTU响应超时
发送次数: 1/1
[2026-06-02 17:16:23] [WARN] [MonitorDataTask][QRCode:12075] 指令完成
指令: ReadIdlePurgeAll
请求帧: 01 04 00 1D 00 03 20 0D
响应帧: 超时, 等待RTU响应超时, 01 04 06 00 00 00 00 00 00
处理结果: 失败
失败原因: 超时, 等待RTU响应超时
发送次数: 1/1
[2026-06-02 17:16:23] [WARN] [MonitorDataTask][QRCode:12014] 指令完成
指令: ReadIdlePurgeAll
请求帧: 01 04 00 1D 00 03 20 0D
响应帧: 超时, 等待RTU响应超时, 01 04 06 00 00 00 00 00 00
处理结果: 失败
失败原因: 超时, 等待RTU响应超时
发送次数: 1/1
[2026-06-02 17:16:23] [WARN] [MonitorDataTask][QRCode:12002] 指令完成
指令: ReadIdlePurgeAll
请求帧: 01 04 00 1D 00 03 20 0D
响应帧: 超时, 等待RTU响应超时, 01 04 06 00 00 00 00 00 00
处理结果: 失败
失败原因: 超时, 等待RTU响应超时
发送次数: 1/1
[2026-06-02 17:16:23] [WARN] [MonitorDataTask][QRCode:12051] 指令完成
指令: ReadIdlePurgeAll
请求帧: 01 04 00 1D 00 03 20 0D
响应帧: 超时, 等待RTU响应超时, 01 04 06 00 00 00 00 00 00
处理结果: 失败
失败原因: 超时, 等待RTU响应超时
发送次数: 1/1
[2026-06-02 17:16:23] [WARN] [MonitorDataTask][QRCode:12047] 指令完成
指令: ReadIdlePurgeAll
请求帧: 01 04 00 1D 00 03 20 0D
响应帧: 超时, 等待RTU响应超时, 01 04 06 00 00 00 00 00 00
处理结果: 失败
失败原因: 超时, 等待RTU响应超时
发送次数: 1/1
[2026-06-02 17:16:23] [WARN] [MonitorDataTask][QRCode:12078] 指令完成
指令: ReadIdlePurgeAll
请求帧: 01 04 00 1D 00 03 20 0D
响应帧: 超时, 等待RTU响应超时, 01 04 06 00 00 00 00 00 00
处理结果: 失败
失败原因: 超时, 等待RTU响应超时
发送次数: 1/1
[2026-06-02 17:16:24] [WARN] [MonitorDataTask][QRCode:12003] 指令完成
指令: ReadIdlePurgeAll
请求帧: 01 04 00 1D 00 03 20 0D
响应帧: 超时, 等待RTU响应超时, 01 04 06 00 00 00 00 00 00
处理结果: 失败
失败原因: 超时, 等待RTU响应超时
发送次数: 1/1
[2026-06-02 17:16:24] [WARN] [MonitorDataTask][QRCode:12001] 指令完成
指令: ReadIdlePurgeAll
请求帧: 01 04 00 1D 00 03 20 0D
响应帧: 超时, 等待RTU响应超时, 01 04 06 00 00 00 00 00 00
处理结果: 失败
失败原因: 超时, 等待RTU响应超时
发送次数: 1/1
[2026-06-02 17:16:24] [WARN] [MonitorDataTask][QRCode:12060] 指令完成
指令: ReadIdlePurgeAll
请求帧: 01 04 00 1D 00 03 20 0D
响应帧: 超时, 等待RTU响应超时, 01 04 06 00 00 00 00 00 00
处理结果: 失败
失败原因: 超时, 等待RTU响应超时
发送次数: 1/1
[2026-06-02 17:16:24] [WARN] [MonitorDataTask][QRCode:12009] 指令完成
指令: ReadIdlePurgeAll
请求帧: 01 04 00 1D 00 03 20 0D
响应帧: 超时, 等待RTU响应超时, 01 04 06 00 00 00 00 00 00
处理结果: 失败
失败原因: 超时, 等待RTU响应超时
发送次数: 1/1
[2026-06-02 17:16:24] [WARN] [MonitorDataTask][QRCode:12029] 指令完成
指令: ReadIdlePurgeAll
请求帧: 01 04 00 1D 00 03 20 0D
响应帧: 超时, 等待RTU响应超时, 01 04 06 00 00 00 00 00 00
处理结果: 失败
失败原因: 超时, 等待RTU响应超时
发送次数: 1/1
[2026-06-02 17:16:24] [WARN] [MonitorDataTask][QRCode:12017] 指令完成
指令: ReadIdlePurgeAll
请求帧: 01 04 00 1D 00 03 20 0D
响应帧: 超时, 等待RTU响应超时, 01 04 06 00 00 00 00 00 00
处理结果: 失败
失败原因: 超时, 等待RTU响应超时
发送次数: 1/1
[2026-06-02 17:16:24] [WARN] [MonitorDataTask][QRCode:12064] 指令完成
指令: ReadIdlePurgeAll
请求帧: 01 04 00 1D 00 03 20 0D
响应帧: 超时, 等待RTU响应超时, 01 04 06 00 00 00 00 00 00
处理结果: 失败
失败原因: 超时, 等待RTU响应超时
发送次数: 1/1
[2026-06-02 17:16:24] [WARN] [MonitorDataTask][QRCode:12021] 指令完成
指令: ReadIdlePurgeAll
请求帧: 01 04 00 1D 00 03 20 0D
响应帧: 超时, 等待RTU响应超时, 01 04 06 00 00 00 00 00 00
处理结果: 失败
失败原因: 超时, 等待RTU响应超时
发送次数: 1/1
[2026-06-02 17:16:24] [WARN] [MonitorDataTask][QRCode:12022] 指令完成
指令: ReadIdlePurgeAll
请求帧: 01 04 00 1D 00 03 20 0D
响应帧: 超时, 等待RTU响应超时, 01 04 06 00 00 00 00 00 00
处理结果: 失败
失败原因: 超时, 等待RTU响应超时
发送次数: 1/1
[2026-06-02 17:16:24] [WARN] [MonitorDataTask][QRCode:12036] 指令完成
指令: ReadIdlePurgeAll
请求帧: 01 04 00 1D 00 03 20 0D
响应帧: 超时, 等待RTU响应超时, 01 04 06 00 00 00 00 00 00
处理结果: 失败
失败原因: 超时, 等待RTU响应超时
发送次数: 1/1
[2026-06-02 17:16:24] [WARN] [MonitorDataTask][QRCode:12048] 指令完成
指令: ReadIdlePurgeAll
请求帧: 01 04 00 1D 00 03 20 0D
响应帧: 超时, 等待RTU响应超时, 01 04 06 00 00 00 00 00 00
处理结果: 失败
失败原因: 超时, 等待RTU响应超时
发送次数: 1/1
[2026-06-02 17:16:24] [WARN] [MonitorDataTask][QRCode:12007] 指令完成
指令: ReadIdlePurgeAll
请求帧: 01 04 00 1D 00 03 20 0D
响应帧: 超时, 等待RTU响应超时, 01 04 06 00 00 00 00 00 00
处理结果: 失败
失败原因: 超时, 等待RTU响应超时
发送次数: 1/1
[2026-06-02 17:16:24] [WARN] [MonitorDataTask][QRCode:12038] 指令完成
指令: ReadIdlePurgeAll
请求帧: 01 04 00 1D 00 03 20 0D
响应帧: 超时, 等待RTU响应超时, 01 04 06 00 00 00 00 00 00
处理结果: 失败
失败原因: 超时, 等待RTU响应超时
发送次数: 1/1
[2026-06-02 17:16:24] [WARN] [MonitorDataTask][QRCode:12069] 指令完成
指令: ReadIdlePurgeAll
请求帧: 01 04 00 1D 00 03 20 0D
响应帧: 超时, 等待RTU响应超时, 01 04 06 00 00 00 00 00 00
处理结果: 失败
失败原因: 超时, 等待RTU响应超时
发送次数: 1/1
[2026-06-02 17:16:24] [WARN] [MonitorDataTask][QRCode:12050] 指令完成
指令: ReadIdlePurgeAll
请求帧: 01 04 00 1D 00 03 20 0D
响应帧: 超时, 等待RTU响应超时, 01 04 06 00 00 00 00 00 00
处理结果: 失败
失败原因: 超时, 等待RTU响应超时
发送次数: 1/1
[2026-06-02 17:16:24] [WARN] [MonitorDataTask][QRCode:12059] 指令完成
指令: ReadIdlePurgeAll
请求帧: 01 04 00 1D 00 03 20 0D
响应帧: 超时, 等待RTU响应超时, 01 04 06 00 00 00 00 00 00
处理结果: 失败
失败原因: 超时, 等待RTU响应超时
发送次数: 1/1
[2026-06-02 17:16:24] [WARN] [MonitorDataTask][QRCode:12039] 指令完成
指令: ReadIdlePurgeAll
请求帧: 01 04 00 1D 00 03 20 0D
响应帧: 超时, 等待RTU响应超时, 01 04 06 00 00 00 00 00 00
处理结果: 失败
失败原因: 超时, 等待RTU响应超时
发送次数: 1/1
[2026-06-02 17:16:24] [WARN] [MonitorDataTask][QRCode:12042] 指令完成
指令: ReadIdlePurgeAll
请求帧: 01 04 00 1D 00 03 20 0D
响应帧: 超时, 等待RTU响应超时, 01 04 06 00 00 00 00 00 00
处理结果: 失败
失败原因: 超时, 等待RTU响应超时
发送次数: 1/1
[2026-06-02 17:16:24] [WARN] [MonitorDataTask][QRCode:12018] 指令完成
指令: ReadIdlePurgeAll
请求帧: 01 04 00 1D 00 03 20 0D
响应帧: 超时, 等待RTU响应超时, 01 04 06 00 00 00 00 00 00
处理结果: 失败
失败原因: 超时, 等待RTU响应超时
发送次数: 1/1
[2026-06-02 17:16:24] [WARN] [MonitorDataTask][QRCode:12006] 指令完成
指令: ReadIdlePurgeAll
请求帧: 01 04 00 1D 00 03 20 0D
响应帧: 超时, 等待RTU响应超时, 01 04 06 00 00 00 00 00 00
处理结果: 失败
失败原因: 超时, 等待RTU响应超时
发送次数: 1/1
[2026-06-02 17:16:24] [WARN] [MonitorDataTask][QRCode:12040] 指令完成
指令: ReadIdlePurgeAll
请求帧: 01 04 00 1D 00 03 20 0D
响应帧: 超时, 等待RTU响应超时, 01 04 06 00 00 00 00 00 00
处理结果: 失败
失败原因: 超时, 等待RTU响应超时
发送次数: 1/1
[2026-06-02 17:16:24] [WARN] [MonitorDataTask][QRCode:12062] 指令完成
指令: ReadIdlePurgeAll
请求帧: 01 04 00 1D 00 03 20 0D
响应帧: 超时, 等待RTU响应超时, 01 04 06 00 00 00 00 00 00
处理结果: 失败
失败原因: 超时, 等待RTU响应超时
发送次数: 1/1
[2026-06-02 17:16:24] [WARN] [MonitorDataTask][QRCode:12035] 指令完成
指令: ReadIdlePurgeAll
请求帧: 01 04 00 1D 00 03 20 0D
响应帧: 超时, 等待RTU响应超时, 01 04 06 00 00 00 00 00 00
处理结果: 失败
失败原因: 超时, 等待RTU响应超时
发送次数: 1/1
[2026-06-02 17:16:24] [WARN] [MonitorDataTask][QRCode:12015] 指令完成
指令: ReadIdlePurgeAll
请求帧: 01 04 00 1D 00 03 20 0D
响应帧: 超时, 等待RTU响应超时, 01 04 06 00 00 00 00 00 00
处理结果: 失败
失败原因: 超时, 等待RTU响应超时
发送次数: 1/1
[2026-06-02 17:16:24] [WARN] [MonitorDataTask][QRCode:12052] 指令完成
指令: ReadIdlePurgeAll
请求帧: 01 04 00 1D 00 03 20 0D
响应帧: 超时, 等待RTU响应超时, 01 04 06 00 00 00 00 00 00
处理结果: 失败
失败原因: 超时, 等待RTU响应超时
发送次数: 1/1
[2026-06-02 17:16:24] [WARN] [MonitorDataTask][QRCode:12043] 指令完成
指令: ReadIdlePurgeAll
请求帧: 01 04 00 1D 00 03 20 0D
响应帧: 超时, 等待RTU响应超时, 01 04 06 00 00 00 00 00 00
处理结果: 失败
失败原因: 超时, 等待RTU响应超时
发送次数: 1/1
[2026-06-02 17:16:24] [WARN] [MonitorDataTask][QRCode:12076] 指令完成
指令: ReadIdlePurgeAll
请求帧: 01 04 00 1D 00 03 20 0D
响应帧: 超时, 等待RTU响应超时, 01 04 06 00 00 00 00 00 00
处理结果: 失败
失败原因: 超时, 等待RTU响应超时
发送次数: 1/1
[2026-06-02 17:16:24] [WARN] [MonitorDataTask][QRCode:12012] 指令完成
指令: ReadIdlePurgeAll
请求帧: 01 04 00 1D 00 03 20 0D
响应帧: 超时, 等待RTU响应超时, 01 04 06 00 00 00 00 00 00
处理结果: 失败
失败原因: 超时, 等待RTU响应超时
发送次数: 1/1
[2026-06-02 17:16:24] [WARN] [MonitorDataTask][QRCode:12068] 指令完成
指令: ReadIdlePurgeAll
请求帧: 01 04 00 1D 00 03 20 0D
响应帧: 超时, 等待RTU响应超时, 01 04 06 00 00 00 00 00 00
处理结果: 失败
失败原因: 超时, 等待RTU响应超时
发送次数: 1/1
[2026-06-02 17:16:24] [WARN] [MonitorDataTask][QRCode:12061] 指令完成
指令: ReadIdlePurgeAll
请求帧: 01 04 00 1D 00 03 20 0D
响应帧: 超时, 等待RTU响应超时, 01 04 06 00 00 00 00 00 00
处理结果: 失败
失败原因: 超时, 等待RTU响应超时
发送次数: 1/1
[2026-06-02 17:16:24] [WARN] [MonitorDataTask][QRCode:12024] 指令完成
指令: ReadIdlePurgeAll
请求帧: 01 04 00 1D 00 03 20 0D
响应帧: 超时, 等待RTU响应超时, 01 04 06 00 00 00 00 00 00
处理结果: 失败
失败原因: 超时, 等待RTU响应超时
发送次数: 1/1
[2026-06-02 17:16:24] [WARN] [MonitorDataTask][QRCode:12049] 指令完成
指令: ReadIdlePurgeAll
请求帧: 01 04 00 1D 00 03 20 0D
响应帧: 超时, 等待RTU响应超时, 01 04 06 00 00 00 00 00 00
处理结果: 失败
失败原因: 超时, 等待RTU响应超时
发送次数: 1/1
[2026-06-02 17:16:24] [WARN] [MonitorDataTask][QRCode:12057] 指令完成
指令: ReadIdlePurgeAll
请求帧: 01 04 00 1D 00 03 20 0D
响应帧: 超时, 等待RTU响应超时, 01 04 06 00 00 00 00 00 00
处理结果: 失败
失败原因: 超时, 等待RTU响应超时
发送次数: 1/1
[2026-06-02 17:16:24] [WARN] [MonitorDataTask][QRCode:12080] 指令完成
指令: ReadIdlePurgeAll
请求帧: 01 04 00 1D 00 03 20 0D
响应帧: 超时, 等待RTU响应超时, 01 04 06 00 00 00 00 00 00
处理结果: 失败
失败原因: 超时, 等待RTU响应超时
发送次数: 1/1
[2026-06-02 17:16:24] [WARN] [MonitorDataTask][QRCode:12073] 指令完成
指令: ReadIdlePurgeAll
请求帧: 01 04 00 1D 00 03 20 0D
响应帧: 超时, 等待RTU响应超时, 01 04 06 00 00 00 00 00 00
处理结果: 失败
失败原因: 超时, 等待RTU响应超时
发送次数: 1/1
[2026-06-02 17:16:24] [WARN] [MonitorDataTask][QRCode:12044] 指令完成
指令: ReadIdlePurgeAll
请求帧: 01 04 00 1D 00 03 20 0D
响应帧: 超时, 等待RTU响应超时, 01 04 06 00 00 00 00 00 00
处理结果: 失败
失败原因: 超时, 等待RTU响应超时
发送次数: 1/1
[2026-06-02 17:16:24] [WARN] [MonitorDataTask][QRCode:12004] 指令完成
指令: ReadIdlePurgeAll
请求帧: 01 04 00 1D 00 03 20 0D
响应帧: 超时, 等待RTU响应超时, 01 04 06 00 00 00 00 00 00
处理结果: 失败
失败原因: 超时, 等待RTU响应超时
发送次数: 1/1
[2026-06-02 17:16:24] [WARN] [MonitorDataTask][QRCode:12045] 指令完成
指令: ReadIdlePurgeAll
请求帧: 01 04 00 1D 00 03 20 0D
响应帧: 超时, 等待RTU响应超时, 01 04 06 00 00 00 00 00 00
处理结果: 失败
失败原因: 超时, 等待RTU响应超时
发送次数: 1/1
[2026-06-02 17:16:24] [WARN] [MonitorDataTask][QRCode:12071] 指令完成
指令: ReadIdlePurgeAll
请求帧: 01 04 00 1D 00 03 20 0D
响应帧: 超时, 等待RTU响应超时, 01 04 06 00 00 00 00 00 00
处理结果: 失败
失败原因: 超时, 等待RTU响应超时
发送次数: 1/1
[2026-06-02 17:16:24] [WARN] [MonitorDataTask][QRCode:12011] 指令完成
指令: ReadIdlePurgeAll
请求帧: 01 04 00 1D 00 03 20 0D
响应帧: 超时, 等待RTU响应超时, 01 04 06 00 00 00 00 00 00
处理结果: 失败
失败原因: 超时, 等待RTU响应超时
发送次数: 1/1
[2026-06-02 17:16:24] [WARN] [MonitorDataTask][QRCode:12013] 指令完成
指令: ReadIdlePurgeAll
请求帧: 01 04 00 1D 00 03 20 0D
响应帧: 超时, 等待RTU响应超时, 01 04 06 00 00 00 00 00 00
处理结果: 失败
失败原因: 超时, 等待RTU响应超时
发送次数: 1/1
[2026-06-02 17:16:24] [WARN] [MonitorDataTask][QRCode:12055] 指令完成
指令: ReadIdlePurgeAll
请求帧: 01 04 00 1D 00 03 20 0D
响应帧: 超时, 等待RTU响应超时, 01 04 06 00 00 00 00 00 00
处理结果: 失败
失败原因: 超时, 等待RTU响应超时
发送次数: 1/1
[2026-06-02 17:16:24] [WARN] [MonitorDataTask][QRCode:12074] 指令完成
指令: ReadIdlePurgeAll
请求帧: 01 04 00 1D 00 03 20 0D
响应帧: 超时, 等待RTU响应超时, 01 04 06 00 00 00 00 00 00
处理结果: 失败
失败原因: 超时, 等待RTU响应超时
发送次数: 1/1
[2026-06-02 17:16:24] [WARN] [MonitorDataTask][QRCode:12054] 指令完成
指令: ReadIdlePurgeAll
请求帧: 01 04 00 1D 00 03 20 0D
响应帧: 超时, 等待RTU响应超时, 01 04 06 00 00 00 00 00 00
处理结果: 失败
失败原因: 超时, 等待RTU响应超时
发送次数: 1/1
[2026-06-02 17:16:24] [WARN] [MonitorDataTask][QRCode:12031] 指令完成
指令: ReadIdlePurgeAll
请求帧: 01 04 00 1D 00 03 20 0D
响应帧: 超时, 等待RTU响应超时, 01 04 06 00 00 00 00 00 00
处理结果: 失败
失败原因: 超时, 等待RTU响应超时
发送次数: 1/1
[2026-06-02 17:16:24] [WARN] [MonitorDataTask][QRCode:12032] 指令完成
指令: ReadIdlePurgeAll
请求帧: 01 04 00 1D 00 03 20 0D
响应帧: 超时, 等待RTU响应超时, 01 04 06 00 00 00 00 00 00
处理结果: 失败
失败原因: 超时, 等待RTU响应超时
发送次数: 1/1
[2026-06-02 17:16:24] [WARN] [MonitorDataTask][QRCode:12037] 指令完成
指令: ReadIdlePurgeAll
请求帧: 01 04 00 1D 00 03 20 0D
响应帧: 超时, 等待RTU响应超时, 01 04 06 00 00 00 00 00 00
处理结果: 失败
失败原因: 超时, 等待RTU响应超时
发送次数: 1/1
[2026-06-02 17:16:24] [WARN] [MonitorDataTask][QRCode:12027] 指令完成
指令: ReadIdlePurgeAll
请求帧: 01 04 00 1D 00 03 20 0D
响应帧: 超时, 等待RTU响应超时, 01 04 06 00 00 00 00 00 00
处理结果: 失败
失败原因: 超时, 等待RTU响应超时
发送次数: 1/1
[2026-06-02 17:16:24] [WARN] [MonitorDataTask][QRCode:12008] 指令完成
指令: ReadIdlePurgeAll
请求帧: 01 04 00 1D 00 03 20 0D
响应帧: 超时, 等待RTU响应超时, 01 04 06 00 00 00 00 00 00
处理结果: 失败
失败原因: 超时, 等待RTU响应超时
发送次数: 1/1
[2026-06-02 17:16:24] [WARN] [MonitorDataTask][QRCode:12053] 指令完成
指令: ReadIdlePurgeAll
请求帧: 01 04 00 1D 00 03 20 0D
响应帧: 超时, 等待RTU响应超时, 01 04 06 00 00 00 00 00 00
处理结果: 失败
失败原因: 超时, 等待RTU响应超时
发送次数: 1/1
[2026-06-02 17:16:24] [WARN] [MonitorDataTask][QRCode:12046] 指令完成
指令: ReadIdlePurgeAll
请求帧: 01 04 00 1D 00 03 20 0D
响应帧: 超时, 等待RTU响应超时, 01 04 06 00 00 00 00 00 00
处理结果: 失败
失败原因: 超时, 等待RTU响应超时
发送次数: 1/1
[2026-06-02 17:16:24] [WARN] [MonitorDataTask][QRCode:12025] 指令完成
指令: ReadIdlePurgeAll
请求帧: 01 04 00 1D 00 03 20 0D
响应帧: 超时, 等待RTU响应超时, 01 04 06 00 00 00 00 00 00
处理结果: 失败
失败原因: 超时, 等待RTU响应超时
发送次数: 1/1
[2026-06-02 17:16:24] [WARN] [MonitorDataTask][QRCode:12023] 指令完成
指令: ReadIdlePurgeAll
请求帧: 01 04 00 1D 00 03 20 0D
响应帧: 超时, 等待RTU响应超时, 01 04 06 00 00 00 00 00 00
处理结果: 失败
失败原因: 超时, 等待RTU响应超时
发送次数: 1/1
[2026-06-02 17:16:24] [WARN] [MonitorDataTask][QRCode:12026] 指令完成
指令: ReadIdlePurgeAll
请求帧: 01 04 00 1D 00 03 20 0D
响应帧: 超时, 等待RTU响应超时, 01 04 06 00 00 00 00 00 00
处理结果: 失败
失败原因: 超时, 等待RTU响应超时
发送次数: 1/1
[2026-06-02 17:16:24] [WARN] [MonitorDataTask][QRCode:12041] 指令完成
指令: ReadIdlePurgeAll
请求帧: 01 04 00 1D 00 03 20 0D
响应帧: 超时, 等待RTU响应超时, 01 04 06 00 00 00 00 00 00
处理结果: 失败
失败原因: 超时, 等待RTU响应超时
发送次数: 1/1
[2026-06-02 17:16:24] [WARN] [MonitorDataTask][QRCode:12058] 指令完成
指令: ReadIdlePurgeAll
请求帧: 01 04 00 1D 00 03 20 0D
响应帧: 超时, 等待RTU响应超时, 01 04 06 00 00 00 00 00 00
处理结果: 失败
失败原因: 超时, 等待RTU响应超时
发送次数: 1/1
[2026-06-02 17:16:24] [WARN] [MonitorDataTask][QRCode:12019] 指令完成
指令: ReadIdlePurgeAll
请求帧: 01 04 00 1D 00 03 20 0D
响应帧: 超时, 等待RTU响应超时, 01 04 06 00 00 00 00 00 00
处理结果: 失败
失败原因: 超时, 等待RTU响应超时
发送次数: 1/1
[2026-06-02 17:16:24] [WARN] [MonitorDataTask][QRCode:12033] 指令完成
指令: ReadIdlePurgeAll
请求帧: 01 04 00 1D 00 03 20 0D
响应帧: 超时, 等待RTU响应超时, 01 04 06 00 00 00 00 00 00
处理结果: 失败
失败原因: 超时, 等待RTU响应超时
发送次数: 1/1
[2026-06-02 17:16:24] [WARN] [MonitorDataTask][QRCode:12079] 指令完成
指令: ReadIdlePurgeAll
请求帧: 01 04 00 1D 00 03 20 0D
响应帧: 超时, 等待RTU响应超时, 01 04 06 00 00 00 00 00 00
处理结果: 失败
失败原因: 超时, 等待RTU响应超时
发送次数: 1/1
[2026-06-02 17:16:24] [WARN] [MonitorDataTask][QRCode:12070] 指令完成
指令: ReadIdlePurgeAll
请求帧: 01 04 00 1D 00 03 20 0D
响应帧: 超时, 等待RTU响应超时, 01 04 06 00 00 00 00 00 00
处理结果: 失败
失败原因: 超时, 等待RTU响应超时
发送次数: 1/1
[2026-06-02 17:16:24] [WARN] [MonitorDataTask][QRCode:12067] 指令完成
指令: ReadIdlePurgeAll
请求帧: 01 04 00 1D 00 03 20 0D
响应帧: 超时, 等待RTU响应超时, 01 04 06 00 00 00 00 00 00
处理结果: 失败
失败原因: 超时, 等待RTU响应超时
发送次数: 1/1
[2026-06-02 17:16:24] [WARN] [MonitorDataTask][QRCode:12065] 指令完成
指令: ReadIdlePurgeAll
请求帧: 01 04 00 1D 00 03 20 0D
响应帧: 超时, 等待RTU响应超时, 01 04 06 00 00 00 00 00 00
处理结果: 失败
失败原因: 超时, 等待RTU响应超时
发送次数: 1/1
[2026-06-02 17:16:24] [WARN] [MonitorDataTask][QRCode:12005] 指令完成
指令: ReadIdlePurgeAll
请求帧: 01 04 00 1D 00 03 20 0D
响应帧: 超时, 等待RTU响应超时, 01 04 06 00 00 00 00 00 00
处理结果: 失败
失败原因: 超时, 等待RTU响应超时
发送次数: 1/1
[2026-06-02 17:16:24] [WARN] [MonitorDataTask][QRCode:12077] 指令完成
指令: ReadIdlePurgeAll
请求帧: 01 04 00 1D 00 03 20 0D
响应帧: 超时, 等待RTU响应超时, 01 04 06 00 00 00 00 00 00
处理结果: 失败
失败原因: 超时, 等待RTU响应超时
发送次数: 1/1
[2026-06-02 17:16:24] [WARN] [MonitorDataTask][QRCode:12010] 指令完成
指令: ReadIdlePurgeAll
请求帧: 01 04 00 1D 00 03 20 0D
响应帧: 超时, 等待RTU响应超时, 01 04 06 00 00 00 00 00 00
处理结果: 失败
失败原因: 超时, 等待RTU响应超时
发送次数: 1/1
[2026-06-02 17:16:24] [WARN] [MonitorDataTask][QRCode:12016] 指令完成
指令: ReadIdlePurgeAll
请求帧: 01 04 00 1D 00 03 20 0D
响应帧: 超时, 等待RTU响应超时, 01 04 06 00 00 00 00 00 00
处理结果: 失败
失败原因: 超时, 等待RTU响应超时
发送次数: 1/1
[2026-06-02 17:16:24] [WARN] [MonitorDataTask][QRCode:12066] 指令完成
指令: ReadIdlePurgeAll
请求帧: 01 04 00 1D 00 03 20 0D
响应帧: 超时, 等待RTU响应超时, 01 04 06 00 00 00 00 00 00
处理结果: 失败
失败原因: 超时, 等待RTU响应超时
发送次数: 1/1
[2026-06-02 17:16:24] [WARN] [MonitorDataTask][QRCode:12072] 指令完成
指令: ReadIdlePurgeAll
请求帧: 01 04 00 1D 00 03 20 0D
响应帧: 超时, 等待RTU响应超时, 01 04 06 00 00 00 00 00 00
处理结果: 失败
失败原因: 超时, 等待RTU响应超时
发送次数: 1/1
[2026-06-02 17:16:25] [WARN] [MonitorDataTask][QRCode:12020] 指令完成
指令: ReadIdlePurgeAll
请求帧: 01 04 00 1D 00 03 20 0D
响应帧: 超时, 等待RTU响应超时, 01 04 06 00 00 00 00 00 00
处理结果: 失败
失败原因: 超时, 等待RTU响应超时
发送次数: 1/1
[2026-06-02 17:16:25] [WARN] [MonitorDataTask][QRCode:12030] 指令完成
指令: ReadIdlePurgeAll
请求帧: 01 04 00 1D 00 03 20 0D
响应帧: 超时, 等待RTU响应超时, 01 04 06 00 00 00 00 00 00
处理结果: 失败
失败原因: 超时, 等待RTU响应超时
发送次数: 1/1
[2026-06-02 17:16:25] [WARN] [MonitorDataTask][QRCode:12063] 指令完成
指令: ReadIdlePurgeAll
请求帧: 01 04 00 1D 00 03 20 0D
响应帧: 超时, 等待RTU响应超时, 01 04 06 00 00 00 00 00 00
处理结果: 失败
失败原因: 超时, 等待RTU响应超时
发送次数: 1/1
[2026-06-02 17:16:25] [WARN] [MonitorDataTask][QRCode:12028] 指令完成
指令: ReadIdlePurgeAll
请求帧: 01 04 00 1D 00 03 20 0D
响应帧: 超时, 等待RTU响应超时, 01 04 06 00 00 00 00 00 00
处理结果: 失败
失败原因: 超时, 等待RTU响应超时
发送次数: 1/1
[2026-06-02 17:16:25] [WARN] [MonitorDataTask][QRCode:12034] 指令完成
指令: ReadIdlePurgeAll
请求帧: 01 04 00 1D 00 03 20 0D
响应帧: 超时, 等待RTU响应超时, 01 04 06 00 00 00 00 00 00
处理结果: 失败
失败原因: 超时, 等待RTU响应超时
发送次数: 1/1
[2026-06-02 17:16:25] [WARN] [MonitorDataTask][QRCode:12056] 指令完成
指令: ReadIdlePurgeAll
请求帧: 01 04 00 1D 00 03 20 0D
响应帧: 超时, 等待RTU响应超时, 01 04 06 00 00 00 00 00 00
处理结果: 失败
失败原因: 超时, 等待RTU响应超时
发送次数: 1/1
[2026-06-02 17:16:25] [WARN] [MonitorDataTask][QRCode:12075] 指令完成
指令: ReadIdlePurgeAll
请求帧: 01 04 00 1D 00 03 20 0D
响应帧: 超时, 等待RTU响应超时, 01 04 06 00 00 00 00 00 00
处理结果: 失败
失败原因: 超时, 等待RTU响应超时
发送次数: 1/1
[2026-06-02 17:16:25] [WARN] [MonitorDataTask][QRCode:12014] 指令完成
指令: ReadIdlePurgeAll
请求帧: 01 04 00 1D 00 03 20 0D
响应帧: 超时, 等待RTU响应超时, 01 04 06 00 00 00 00 00 00
处理结果: 失败
失败原因: 超时, 等待RTU响应超时
发送次数: 1/1
[2026-06-02 17:16:25] [WARN] [MonitorDataTask][QRCode:12002] 指令完成
指令: ReadIdlePurgeAll
请求帧: 01 04 00 1D 00 03 20 0D
响应帧: 超时, 等待RTU响应超时, 01 04 06 00 00 00 00 00 00
处理结果: 失败
失败原因: 超时, 等待RTU响应超时
发送次数: 1/1
[2026-06-02 17:16:25] [WARN] [MonitorDataTask][QRCode:12051] 指令完成
指令: ReadIdlePurgeAll
请求帧: 01 04 00 1D 00 03 20 0D
响应帧: 超时, 等待RTU响应超时, 01 04 06 00 00 00 00 00 00
处理结果: 失败
失败原因: 超时, 等待RTU响应超时
发送次数: 1/1
[2026-06-02 17:16:25] [WARN] [MonitorDataTask][QRCode:12047] 指令完成
指令: ReadIdlePurgeAll
请求帧: 01 04 00 1D 00 03 20 0D
响应帧: 超时, 等待RTU响应超时, 01 04 06 00 00 00 00 00 00
处理结果: 失败
失败原因: 超时, 等待RTU响应超时
发送次数: 1/1
[2026-06-02 17:16:25] [WARN] [MonitorDataTask][QRCode:12078] 指令完成
指令: ReadIdlePurgeAll
请求帧: 01 04 00 1D 00 03 20 0D
响应帧: 超时, 等待RTU响应超时, 01 04 06 00 00 00 00 00 00
处理结果: 失败
失败原因: 超时, 等待RTU响应超时
发送次数: 1/1
[2026-06-02 17:16:25] [WARN] [MonitorDataTask][QRCode:12009] 指令完成
指令: ReadIdlePurgeAll
请求帧: 01 04 00 1D 00 03 20 0D
响应帧: 超时, 等待RTU响应超时, 01 04 06 00 00 00 00 00 00
处理结果: 失败
失败原因: 超时, 等待RTU响应超时
发送次数: 1/1
[2026-06-02 17:16:25] [WARN] [MonitorDataTask][QRCode:12064] 指令完成
指令: ReadIdlePurgeAll
请求帧: 01 04 00 1D 00 03 20 0D
响应帧: 超时, 等待RTU响应超时, 01 04 06 00 00 00 00 00 00
处理结果: 失败
失败原因: 超时, 等待RTU响应超时
发送次数: 1/1
[2026-06-02 17:16:25] [WARN] [MonitorDataTask][QRCode:12001] 指令完成
指令: ReadIdlePurgeAll
请求帧: 01 04 00 1D 00 03 20 0D
响应帧: 超时, 等待RTU响应超时, 01 04 06 00 00 00 00 00 00
处理结果: 失败
失败原因: 超时, 等待RTU响应超时
发送次数: 1/1
[2026-06-02 17:16:25] [WARN] [MonitorDataTask][QRCode:12021] 指令完成
指令: ReadIdlePurgeAll
请求帧: 01 04 00 1D 00 03 20 0D
响应帧: 超时, 等待RTU响应超时, 01 04 06 00 00 00 00 00 00
处理结果: 失败
失败原因: 超时, 等待RTU响应超时
发送次数: 1/1
[2026-06-02 17:16:25] [WARN] [MonitorDataTask][QRCode:12029] 指令完成
指令: ReadIdlePurgeAll
请求帧: 01 04 00 1D 00 03 20 0D
响应帧: 超时, 等待RTU响应超时, 01 04 06 00 00 00 00 00 00
处理结果: 失败
失败原因: 超时, 等待RTU响应超时
发送次数: 1/1
[2026-06-02 17:16:25] [WARN] [MonitorDataTask][QRCode:12017] 指令完成
指令: ReadIdlePurgeAll
请求帧: 01 04 00 1D 00 03 20 0D
响应帧: 超时, 等待RTU响应超时, 01 04 06 00 00 00 00 00 00
处理结果: 失败
失败原因: 超时, 等待RTU响应超时
发送次数: 1/1
[2026-06-02 17:16:25] [WARN] [MonitorDataTask][QRCode:12003] 指令完成
指令: ReadIdlePurgeAll
请求帧: 01 04 00 1D 00 03 20 0D
响应帧: 超时, 等待RTU响应超时, 01 04 06 00 00 00 00 00 00
处理结果: 失败
失败原因: 超时, 等待RTU响应超时
发送次数: 1/1
[2026-06-02 17:16:25] [WARN] [MonitorDataTask][QRCode:12060] 指令完成
指令: ReadIdlePurgeAll
请求帧: 01 04 00 1D 00 03 20 0D
响应帧: 超时, 等待RTU响应超时, 01 04 06 00 00 00 00 00 00
处理结果: 失败
失败原因: 超时, 等待RTU响应超时
发送次数: 1/1
[2026-06-02 17:16:25] [WARN] [MonitorDataTask][QRCode:12022] 指令完成
指令: ReadIdlePurgeAll
请求帧: 01 04 00 1D 00 03 20 0D
响应帧: 超时, 等待RTU响应超时, 01 04 06 00 00 00 00 00 00
处理结果: 失败
失败原因: 超时, 等待RTU响应超时
发送次数: 1/1
[2026-06-02 17:16:25] [WARN] [MonitorDataTask][QRCode:12038] 指令完成
指令: ReadIdlePurgeAll
请求帧: 01 04 00 1D 00 03 20 0D
响应帧: 超时, 等待RTU响应超时, 01 04 06 00 00 00 00 00 00
处理结果: 失败
失败原因: 超时, 等待RTU响应超时
发送次数: 1/1
[2026-06-02 17:16:25] [WARN] [MonitorDataTask][QRCode:12048] 指令完成
指令: ReadIdlePurgeAll
请求帧: 01 04 00 1D 00 03 20 0D
响应帧: 超时, 等待RTU响应超时, 01 04 06 00 00 00 00 00 00
处理结果: 失败
失败原因: 超时, 等待RTU响应超时
发送次数: 1/1
[2026-06-02 17:16:25] [WARN] [MonitorDataTask][QRCode:12069] 指令完成
指令: ReadIdlePurgeAll
请求帧: 01 04 00 1D 00 03 20 0D
响应帧: 超时, 等待RTU响应超时, 01 04 06 00 00 00 00 00 00
处理结果: 失败
失败原因: 超时, 等待RTU响应超时
发送次数: 1/1
[2026-06-02 17:16:25] [WARN] [MonitorDataTask][QRCode:12039] 指令完成
指令: ReadIdlePurgeAll
请求帧: 01 04 00 1D 00 03 20 0D
响应帧: 超时, 等待RTU响应超时, 01 04 06 00 00 00 00 00 00
处理结果: 失败
失败原因: 超时, 等待RTU响应超时
发送次数: 1/1
[2026-06-02 17:16:25] [WARN] [MonitorDataTask][QRCode:12007] 指令完成
指令: ReadIdlePurgeAll
请求帧: 01 04 00 1D 00 03 20 0D
响应帧: 超时, 等待RTU响应超时, 01 04 06 00 00 00 00 00 00
处理结果: 失败
失败原因: 超时, 等待RTU响应超时
发送次数: 1/1
[2026-06-02 17:16:25] [WARN] [MonitorDataTask][QRCode:12050] 指令完成
指令: ReadIdlePurgeAll
请求帧: 01 04 00 1D 00 03 20 0D
响应帧: 超时, 等待RTU响应超时, 01 04 06 00 00 00 00 00 00
处理结果: 失败
失败原因: 超时, 等待RTU响应超时
发送次数: 1/1
[2026-06-02 17:16:25] [WARN] [MonitorDataTask][QRCode:12018] 指令完成
指令: ReadIdlePurgeAll
请求帧: 01 04 00 1D 00 03 20 0D
响应帧: 超时, 等待RTU响应超时, 01 04 06 00 00 00 00 00 00
处理结果: 失败
失败原因: 超时, 等待RTU响应超时
发送次数: 1/1
[2026-06-02 17:16:25] [WARN] [MonitorDataTask][QRCode:12042] 指令完成
指令: ReadIdlePurgeAll
请求帧: 01 04 00 1D 00 03 20 0D
响应帧: 超时, 等待RTU响应超时, 01 04 06 00 00 00 00 00 00
处理结果: 失败
失败原因: 超时, 等待RTU响应超时
发送次数: 1/1
[2026-06-02 17:16:25] [WARN] [MonitorDataTask][QRCode:12036] 指令完成
指令: ReadIdlePurgeAll
请求帧: 01 04 00 1D 00 03 20 0D
响应帧: 超时, 等待RTU响应超时, 01 04 06 00 00 00 00 00 00
处理结果: 失败
失败原因: 超时, 等待RTU响应超时
发送次数: 1/1
[2026-06-02 17:16:25] [WARN] [MonitorDataTask][QRCode:12059] 指令完成
指令: ReadIdlePurgeAll
请求帧: 01 04 00 1D 00 03 20 0D
响应帧: 超时, 等待RTU响应超时, 01 04 06 00 00 00 00 00 00
处理结果: 失败
失败原因: 超时, 等待RTU响应超时
发送次数: 1/1
[2026-06-02 17:16:25] [WARN] [MonitorDataTask][QRCode:12006] 指令完成
指令: ReadIdlePurgeAll
请求帧: 01 04 00 1D 00 03 20 0D
响应帧: 超时, 等待RTU响应超时, 01 04 06 00 00 00 00 00 00
处理结果: 失败
失败原因: 超时, 等待RTU响应超时
发送次数: 1/1
[2026-06-02 17:16:25] [WARN] [MonitorDataTask][QRCode:12040] 指令完成
指令: ReadIdlePurgeAll
请求帧: 01 04 00 1D 00 03 20 0D
响应帧: 超时, 等待RTU响应超时, 01 04 06 00 00 00 00 00 00
处理结果: 失败
失败原因: 超时, 等待RTU响应超时
发送次数: 1/1
[2026-06-02 17:16:25] [WARN] [MonitorDataTask][QRCode:12015] 指令完成
指令: ReadIdlePurgeAll
请求帧: 01 04 00 1D 00 03 20 0D
响应帧: 超时, 等待RTU响应超时, 01 04 06 00 00 00 00 00 00
处理结果: 失败
失败原因: 超时, 等待RTU响应超时
发送次数: 1/1
[2026-06-02 17:16:25] [WARN] [MonitorDataTask][QRCode:12062] 指令完成
指令: ReadIdlePurgeAll
请求帧: 01 04 00 1D 00 03 20 0D
响应帧: 超时, 等待RTU响应超时, 01 04 06 00 00 00 00 00 00
处理结果: 失败
失败原因: 超时, 等待RTU响应超时
发送次数: 1/1
[2026-06-02 17:16:25] [WARN] [MonitorDataTask][QRCode:12035] 指令完成
指令: ReadIdlePurgeAll
请求帧: 01 04 00 1D 00 03 20 0D
响应帧: 超时, 等待RTU响应超时, 01 04 06 00 00 00 00 00 00
处理结果: 失败
失败原因: 超时, 等待RTU响应超时
发送次数: 1/1
[2026-06-02 17:16:25] [WARN] [MonitorDataTask][QRCode:12076] 指令完成
指令: ReadIdlePurgeAll
请求帧: 01 04 00 1D 00 03 20 0D
响应帧: 超时, 等待RTU响应超时, 01 04 06 00 00 00 00 00 00
处理结果: 失败
失败原因: 超时, 等待RTU响应超时
发送次数: 1/1
[2026-06-02 17:16:25] [WARN] [MonitorDataTask][QRCode:12043] 指令完成
指令: ReadIdlePurgeAll
请求帧: 01 04 00 1D 00 03 20 0D
响应帧: 超时, 等待RTU响应超时, 01 04 06 00 00 00 00 00 00
处理结果: 失败
失败原因: 超时, 等待RTU响应超时
发送次数: 1/1
[2026-06-02 17:16:25] [WARN] [MonitorDataTask][QRCode:12012] 指令完成
指令: ReadIdlePurgeAll
请求帧: 01 04 00 1D 00 03 20 0D
响应帧: 超时, 等待RTU响应超时, 01 04 06 00 00 00 00 00 00
处理结果: 失败
失败原因: 超时, 等待RTU响应超时
发送次数: 1/1
[2026-06-02 17:16:25] [WARN] [MonitorDataTask][QRCode:12068] 指令完成
指令: ReadIdlePurgeAll
请求帧: 01 04 00 1D 00 03 20 0D
响应帧: 超时, 等待RTU响应超时, 01 04 06 00 00 00 00 00 00
处理结果: 失败
失败原因: 超时, 等待RTU响应超时
发送次数: 1/1
[2026-06-02 17:16:25] [WARN] [MonitorDataTask][QRCode:12052] 指令完成
指令: ReadIdlePurgeAll
请求帧: 01 04 00 1D 00 03 20 0D
响应帧: 超时, 等待RTU响应超时, 01 04 06 00 00 00 00 00 00
处理结果: 失败
失败原因: 超时, 等待RTU响应超时
发送次数: 1/1
[2026-06-02 17:16:26] [WARN] [MonitorDataTask][QRCode:12024] 指令完成
指令: ReadIdlePurgeAll
请求帧: 01 04 00 1D 00 03 20 0D
响应帧: 超时, 等待RTU响应超时, 01 04 06 00 00 00 00 00 00
处理结果: 失败
失败原因: 超时, 等待RTU响应超时
发送次数: 1/1
[2026-06-02 17:16:26] [WARN] [MonitorDataTask][QRCode:12049] 指令完成
指令: ReadIdlePurgeAll
请求帧: 01 04 00 1D 00 03 20 0D
响应帧: 超时, 等待RTU响应超时, 01 04 06 00 00 00 00 00 00
处理结果: 失败
失败原因: 超时, 等待RTU响应超时
发送次数: 1/1
[2026-06-02 17:16:26] [WARN] [MonitorDataTask][QRCode:12061] 指令完成
指令: ReadIdlePurgeAll
请求帧: 01 04 00 1D 00 03 20 0D
响应帧: 超时, 等待RTU响应超时, 01 04 06 00 00 00 00 00 00
处理结果: 失败
失败原因: 超时, 等待RTU响应超时
发送次数: 1/1
[2026-06-02 17:16:26] [WARN] [MonitorDataTask][QRCode:12057] 指令完成
指令: ReadIdlePurgeAll
请求帧: 01 04 00 1D 00 03 20 0D
响应帧: 超时, 等待RTU响应超时, 01 04 06 00 00 00 00 00 00
处理结果: 失败
失败原因: 超时, 等待RTU响应超时
发送次数: 1/1
[2026-06-02 17:16:26] [WARN] [MonitorDataTask][QRCode:12080] 指令完成
指令: ReadIdlePurgeAll
请求帧: 01 04 00 1D 00 03 20 0D
响应帧: 超时, 等待RTU响应超时, 01 04 06 00 00 00 00 00 00
处理结果: 失败
失败原因: 超时, 等待RTU响应超时
发送次数: 1/1
[2026-06-02 17:16:26] [WARN] [MonitorDataTask][QRCode:12073] 指令完成
指令: ReadIdlePurgeAll
请求帧: 01 04 00 1D 00 03 20 0D
响应帧: 超时, 等待RTU响应超时, 01 04 06 00 00 00 00 00 00
处理结果: 失败
失败原因: 超时, 等待RTU响应超时
发送次数: 1/1
[2026-06-02 17:16:26] [WARN] [MonitorDataTask][QRCode:12045] 指令完成
指令: ReadIdlePurgeAll
请求帧: 01 04 00 1D 00 03 20 0D
响应帧: 超时, 等待RTU响应超时, 01 04 06 00 00 00 00 00 00
处理结果: 失败
失败原因: 超时, 等待RTU响应超时
发送次数: 1/1
[2026-06-02 17:16:26] [WARN] [MonitorDataTask][QRCode:12071] 指令完成
指令: ReadIdlePurgeAll
请求帧: 01 04 00 1D 00 03 20 0D
响应帧: 超时, 等待RTU响应超时, 01 04 06 00 00 00 00 00 00
处理结果: 失败
失败原因: 超时, 等待RTU响应超时
发送次数: 1/1
[2026-06-02 17:16:26] [WARN] [MonitorDataTask][QRCode:12011] 指令完成
指令: ReadIdlePurgeAll
请求帧: 01 04 00 1D 00 03 20 0D
响应帧: 超时, 等待RTU响应超时, 01 04 06 00 00 00 00 00 00
处理结果: 失败
失败原因: 超时, 等待RTU响应超时
发送次数: 1/1
[2026-06-02 17:16:26] [WARN] [MonitorDataTask][QRCode:12044] 指令完成
指令: ReadIdlePurgeAll
请求帧: 01 04 00 1D 00 03 20 0D
响应帧: 超时, 等待RTU响应超时, 01 04 06 00 00 00 00 00 00
处理结果: 失败
失败原因: 超时, 等待RTU响应超时
发送次数: 1/1
[2026-06-02 17:16:26] [WARN] [MonitorDataTask][QRCode:12004] 指令完成
指令: ReadIdlePurgeAll
请求帧: 01 04 00 1D 00 03 20 0D
响应帧: 超时, 等待RTU响应超时, 01 04 06 00 00 00 00 00 00
处理结果: 失败
失败原因: 超时, 等待RTU响应超时
发送次数: 1/1
[2026-06-02 17:16:26] [WARN] [MonitorDataTask][QRCode:12013] 指令完成
指令: ReadIdlePurgeAll
请求帧: 01 04 00 1D 00 03 20 0D
响应帧: 超时, 等待RTU响应超时, 01 04 06 00 00 00 00 00 00
处理结果: 失败
失败原因: 超时, 等待RTU响应超时
发送次数: 1/1
[2026-06-02 17:16:26] [WARN] [MonitorDataTask][QRCode:12055] 指令完成
指令: ReadIdlePurgeAll
请求帧: 01 04 00 1D 00 03 20 0D
响应帧: 超时, 等待RTU响应超时, 01 04 06 00 00 00 00 00 00
处理结果: 失败
失败原因: 超时, 等待RTU响应超时
发送次数: 1/1
[2026-06-02 17:16:26] [WARN] [MonitorDataTask][QRCode:12031] 指令完成
指令: ReadIdlePurgeAll
请求帧: 01 04 00 1D 00 03 20 0D
响应帧: 超时, 等待RTU响应超时, 01 04 06 00 00 00 00 00 00
处理结果: 失败
失败原因: 超时, 等待RTU响应超时
发送次数: 1/1
[2026-06-02 17:16:26] [WARN] [MonitorDataTask][QRCode:12074] 指令完成
指令: ReadIdlePurgeAll
请求帧: 01 04 00 1D 00 03 20 0D
响应帧: 超时, 等待RTU响应超时, 01 04 06 00 00 00 00 00 00
处理结果: 失败
失败原因: 超时, 等待RTU响应超时
发送次数: 1/1
[2026-06-02 17:16:26] [WARN] [MonitorDataTask][QRCode:12054] 指令完成
指令: ReadIdlePurgeAll
请求帧: 01 04 00 1D 00 03 20 0D
响应帧: 超时, 等待RTU响应超时, 01 04 06 00 00 00 00 00 00
处理结果: 失败
失败原因: 超时, 等待RTU响应超时
发送次数: 1/1
[2026-06-02 17:16:26] [WARN] [MonitorDataTask][QRCode:12032] 指令完成
指令: ReadIdlePurgeAll
请求帧: 01 04 00 1D 00 03 20 0D
响应帧: 超时, 等待RTU响应超时, 01 04 06 00 00 00 00 00 00
处理结果: 失败
失败原因: 超时, 等待RTU响应超时
发送次数: 1/1
[2026-06-02 17:16:26] [WARN] [MonitorDataTask][QRCode:12037] 指令完成
指令: ReadIdlePurgeAll
请求帧: 01 04 00 1D 00 03 20 0D
响应帧: 超时, 等待RTU响应超时, 01 04 06 00 00 00 00 00 00
处理结果: 失败
失败原因: 超时, 等待RTU响应超时
发送次数: 1/1
[2026-06-02 17:16:26] [WARN] [MonitorDataTask][QRCode:12027] 指令完成
指令: ReadIdlePurgeAll
请求帧: 01 04 00 1D 00 03 20 0D
响应帧: 超时, 等待RTU响应超时, 01 04 06 00 00 00 00 00 00
处理结果: 失败
失败原因: 超时, 等待RTU响应超时
发送次数: 1/1
[2026-06-02 17:16:26] [WARN] [MonitorDataTask][QRCode:12046] 指令完成
指令: ReadIdlePurgeAll
请求帧: 01 04 00 1D 00 03 20 0D
响应帧: 超时, 等待RTU响应超时, 01 04 06 00 00 00 00 00 00
处理结果: 失败
失败原因: 超时, 等待RTU响应超时
发送次数: 1/1
[2026-06-02 17:16:26] [WARN] [MonitorDataTask][QRCode:12053] 指令完成
指令: ReadIdlePurgeAll
请求帧: 01 04 00 1D 00 03 20 0D
响应帧: 超时, 等待RTU响应超时, 01 04 06 00 00 00 00 00 00
处理结果: 失败
失败原因: 超时, 等待RTU响应超时
发送次数: 1/1
[2026-06-02 17:16:26] [WARN] [MonitorDataTask][QRCode:12025] 指令完成
指令: ReadIdlePurgeAll
请求帧: 01 04 00 1D 00 03 20 0D
响应帧: 超时, 等待RTU响应超时, 01 04 06 00 00 00 00 00 00
处理结果: 失败
失败原因: 超时, 等待RTU响应超时
发送次数: 1/1
[2026-06-02 17:16:26] [WARN] [MonitorDataTask][QRCode:12008] 指令完成
指令: ReadIdlePurgeAll
请求帧: 01 04 00 1D 00 03 20 0D
响应帧: 超时, 等待RTU响应超时, 01 04 06 00 00 00 00 00 00
处理结果: 失败
失败原因: 超时, 等待RTU响应超时
发送次数: 1/1
[2026-06-02 17:16:26] [WARN] [MonitorDataTask][QRCode:12058] 指令完成
指令: ReadIdlePurgeAll
请求帧: 01 04 00 1D 00 03 20 0D
响应帧: 超时, 等待RTU响应超时, 01 04 06 00 00 00 00 00 00
处理结果: 失败
失败原因: 超时, 等待RTU响应超时
发送次数: 1/1
[2026-06-02 17:16:26] [WARN] [MonitorDataTask][QRCode:12023] 指令完成
指令: ReadIdlePurgeAll
请求帧: 01 04 00 1D 00 03 20 0D
响应帧: 超时, 等待RTU响应超时, 01 04 06 00 00 00 00 00 00
处理结果: 失败
失败原因: 超时, 等待RTU响应超时
发送次数: 1/1
[2026-06-02 17:16:26] [WARN] [MonitorDataTask][QRCode:12019] 指令完成
指令: ReadIdlePurgeAll
请求帧: 01 04 00 1D 00 03 20 0D
响应帧: 超时, 等待RTU响应超时, 01 04 06 00 00 00 00 00 00
处理结果: 失败
失败原因: 超时, 等待RTU响应超时
发送次数: 1/1
[2026-06-02 17:16:26] [WARN] [MonitorDataTask][QRCode:12026] 指令完成
指令: ReadIdlePurgeAll
请求帧: 01 04 00 1D 00 03 20 0D
响应帧: 超时, 等待RTU响应超时, 01 04 06 00 00 00 00 00 00
处理结果: 失败
失败原因: 超时, 等待RTU响应超时
发送次数: 1/1
[2026-06-02 17:16:26] [WARN] [MonitorDataTask][QRCode:12041] 指令完成
指令: ReadIdlePurgeAll
请求帧: 01 04 00 1D 00 03 20 0D
响应帧: 超时, 等待RTU响应超时, 01 04 06 00 00 00 00 00 00
处理结果: 失败
失败原因: 超时, 等待RTU响应超时
发送次数: 1/1
[2026-06-02 17:16:26] [WARN] [MonitorDataTask][QRCode:12033] 指令完成
指令: ReadIdlePurgeAll
请求帧: 01 04 00 1D 00 03 20 0D
响应帧: 超时, 等待RTU响应超时, 01 04 06 00 00 00 00 00 00
处理结果: 失败
失败原因: 超时, 等待RTU响应超时
发送次数: 1/1
[2026-06-02 17:16:26] [WARN] [MonitorDataTask][QRCode:12079] 指令完成
指令: ReadIdlePurgeAll
请求帧: 01 04 00 1D 00 03 20 0D
响应帧: 超时, 等待RTU响应超时, 01 04 06 00 00 00 00 00 00
处理结果: 失败
失败原因: 超时, 等待RTU响应超时
发送次数: 1/1
[2026-06-02 17:16:26] [WARN] [MonitorDataTask][QRCode:12077] 指令完成
指令: ReadIdlePurgeAll
请求帧: 01 04 00 1D 00 03 20 0D
响应帧: 超时, 等待RTU响应超时, 01 04 06 00 00 00 00 00 00
处理结果: 失败
失败原因: 超时, 等待RTU响应超时
发送次数: 1/1
[2026-06-02 17:16:26] [WARN] [MonitorDataTask][QRCode:12005] 指令完成
指令: ReadIdlePurgeAll
请求帧: 01 04 00 1D 00 03 20 0D
响应帧: 超时, 等待RTU响应超时, 01 04 06 00 00 00 00 00 00
处理结果: 失败
失败原因: 超时, 等待RTU响应超时
发送次数: 1/1
[2026-06-02 17:16:26] [WARN] [MonitorDataTask][QRCode:12065] 指令完成
指令: ReadIdlePurgeAll
请求帧: 01 04 00 1D 00 03 20 0D
响应帧: 超时, 等待RTU响应超时, 01 04 06 00 00 00 00 00 00
处理结果: 失败
失败原因: 超时, 等待RTU响应超时
发送次数: 1/1
[2026-06-02 17:16:26] [WARN] [MonitorDataTask][QRCode:12067] 指令完成
指令: ReadIdlePurgeAll
请求帧: 01 04 00 1D 00 03 20 0D
响应帧: 超时, 等待RTU响应超时, 01 04 06 00 00 00 00 00 00
处理结果: 失败
失败原因: 超时, 等待RTU响应超时
发送次数: 1/1
[2026-06-02 17:16:26] [WARN] [MonitorDataTask][QRCode:12070] 指令完成
指令: ReadIdlePurgeAll
请求帧: 01 04 00 1D 00 03 20 0D
响应帧: 超时, 等待RTU响应超时, 01 04 06 00 00 00 00 00 00
处理结果: 失败
失败原因: 超时, 等待RTU响应超时
发送次数: 1/1
[2026-06-02 17:16:26] [WARN] [MonitorDataTask][QRCode:12010] 指令完成
指令: ReadIdlePurgeAll
请求帧: 01 04 00 1D 00 03 20 0D
响应帧: 超时, 等待RTU响应超时, 01 04 06 00 00 00 00 00 00
处理结果: 失败
失败原因: 超时, 等待RTU响应超时
发送次数: 1/1
[2026-06-02 17:16:26] [WARN] [MonitorDataTask][QRCode:12016] 指令完成
指令: ReadIdlePurgeAll
请求帧: 01 04 00 1D 00 03 20 0D
响应帧: 超时, 等待RTU响应超时, 01 04 06 00 00 00 00 00 00
处理结果: 失败
失败原因: 超时, 等待RTU响应超时
发送次数: 1/1
[2026-06-02 17:16:26] [WARN] [MonitorDataTask][QRCode:12066] 指令完成
指令: ReadIdlePurgeAll
请求帧: 01 04 00 1D 00 03 20 0D
响应帧: 超时, 等待RTU响应超时, 01 04 06 00 00 00 00 00 00
处理结果: 失败
失败原因: 超时, 等待RTU响应超时
发送次数: 1/1
[2026-06-02 17:16:26] [WARN] [MonitorDataTask][QRCode:12072] 指令完成
指令: ReadIdlePurgeAll
请求帧: 01 04 00 1D 00 03 20 0D
响应帧: 超时, 等待RTU响应超时, 01 04 06 00 00 00 00 00 00
处理结果: 失败
失败原因: 超时, 等待RTU响应超时
发送次数: 1/1
[2026-06-02 17:16:26] [WARN] [MonitorDataTask][QRCode:12020] 指令完成
指令: ReadIdlePurgeAll
请求帧: 01 04 00 1D 00 03 20 0D
响应帧: 超时, 等待RTU响应超时, 01 04 06 00 00 00 00 00 00
处理结果: 失败
失败原因: 超时, 等待RTU响应超时
发送次数: 1/1
[2026-06-02 17:16:26] [WARN] [MonitorDataTask][QRCode:12030] 指令完成
指令: ReadIdlePurgeAll
请求帧: 01 04 00 1D 00 03 20 0D
响应帧: 超时, 等待RTU响应超时, 01 04 06 00 00 00 00 00 00
处理结果: 失败
失败原因: 超时, 等待RTU响应超时
发送次数: 1/1
[2026-06-02 17:16:26] [WARN] [MonitorDataTask][QRCode:12063] 指令完成
指令: ReadIdlePurgeAll
请求帧: 01 04 00 1D 00 03 20 0D
响应帧: 超时, 等待RTU响应超时, 01 04 06 00 00 00 00 00 00
处理结果: 失败
失败原因: 超时, 等待RTU响应超时
发送次数: 1/1
[2026-06-02 17:16:26] [WARN] [MonitorDataTask][QRCode:12028] 指令完成
指令: ReadIdlePurgeAll
请求帧: 01 04 00 1D 00 03 20 0D
响应帧: 超时, 等待RTU响应超时, 01 04 06 00 00 00 00 00 00
处理结果: 失败
失败原因: 超时, 等待RTU响应超时
发送次数: 1/1
[2026-06-02 17:16:27] [WARN] [MonitorDataTask][QRCode:12034] 指令完成
指令: ReadIdlePurgeAll
请求帧: 01 04 00 1D 00 03 20 0D
响应帧: 超时, 等待RTU响应超时, 01 04 06 00 00 00 00 00 00
处理结果: 失败
失败原因: 超时, 等待RTU响应超时
发送次数: 1/1
[2026-06-02 17:16:27] [WARN] [MonitorDataTask][QRCode:12056] 指令完成
指令: ReadIdlePurgeAll
请求帧: 01 04 00 1D 00 03 20 0D
响应帧: 超时, 等待RTU响应超时, 01 04 06 00 00 00 00 00 00
处理结果: 失败
失败原因: 超时, 等待RTU响应超时
发送次数: 1/1
[2026-06-02 17:16:27] [WARN] [MonitorDataTask][QRCode:12075] 指令完成
指令: ReadIdlePurgeAll
请求帧: 01 04 00 1D 00 03 20 0D
响应帧: 超时, 等待RTU响应超时, 01 04 06 00 00 00 00 00 00
处理结果: 失败
失败原因: 超时, 等待RTU响应超时
发送次数: 1/1
[2026-06-02 17:16:27] [WARN] [MonitorDataTask][QRCode:12002] 指令完成
指令: ReadIdlePurgeAll
请求帧: 01 04 00 1D 00 03 20 0D
响应帧: 超时, 等待RTU响应超时, 01 04 06 00 00 00 00 00 00
处理结果: 失败
失败原因: 超时, 等待RTU响应超时
发送次数: 1/1
[2026-06-02 17:16:27] [WARN] [MonitorDataTask][QRCode:12014] 指令完成
指令: ReadIdlePurgeAll
请求帧: 01 04 00 1D 00 03 20 0D
响应帧: 超时, 等待RTU响应超时, 01 04 06 00 00 00 00 00 00
处理结果: 失败
失败原因: 超时, 等待RTU响应超时
发送次数: 1/1
[2026-06-02 17:16:27] [WARN] [MonitorDataTask][QRCode:12051] 指令完成
指令: ReadIdlePurgeAll
请求帧: 01 04 00 1D 00 03 20 0D
响应帧: 超时, 等待RTU响应超时, 01 04 06 00 00 00 00 00 00
处理结果: 失败
失败原因: 超时, 等待RTU响应超时
发送次数: 1/1
[2026-06-02 17:16:27] [WARN] [MonitorDataTask][QRCode:12047] 指令完成
指令: ReadIdlePurgeAll
请求帧: 01 04 00 1D 00 03 20 0D
响应帧: 超时, 等待RTU响应超时, 01 04 06 00 00 00 00 00 00
处理结果: 失败
失败原因: 超时, 等待RTU响应超时
发送次数: 1/1
[2026-06-02 17:16:27] [WARN] [MonitorDataTask][QRCode:12078] 指令完成
指令: ReadIdlePurgeAll
请求帧: 01 04 00 1D 00 03 20 0D
响应帧: 超时, 等待RTU响应超时, 01 04 06 00 00 00 00 00 00
处理结果: 失败
失败原因: 超时, 等待RTU响应超时
发送次数: 1/1
[2026-06-02 17:16:27] [WARN] [MonitorDataTask][QRCode:12017] 指令完成
指令: ReadIdlePurgeAll
请求帧: 01 04 00 1D 00 03 20 0D
响应帧: 超时, 等待RTU响应超时, 01 04 06 00 00 00 00 00 00
处理结果: 失败
失败原因: 超时, 等待RTU响应超时
发送次数: 1/1
[2026-06-02 17:16:27] [WARN] [MonitorDataTask][QRCode:12009] 指令完成
指令: ReadIdlePurgeAll
请求帧: 01 04 00 1D 00 03 20 0D
响应帧: 超时, 等待RTU响应超时, 01 04 06 00 00 00 00 00 00
处理结果: 失败
失败原因: 超时, 等待RTU响应超时
发送次数: 1/1
[2026-06-02 17:16:27] [WARN] [MonitorDataTask][QRCode:12001] 指令完成
指令: ReadIdlePurgeAll
请求帧: 01 04 00 1D 00 03 20 0D
响应帧: 超时, 等待RTU响应超时, 01 04 06 00 00 00 00 00 00
处理结果: 失败
失败原因: 超时, 等待RTU响应超时
发送次数: 1/1
[2026-06-02 17:16:27] [WARN] [MonitorDataTask][QRCode:12064] 指令完成
指令: ReadIdlePurgeAll
请求帧: 01 04 00 1D 00 03 20 0D
响应帧: 超时, 等待RTU响应超时, 01 04 06 00 00 00 00 00 00
处理结果: 失败
失败原因: 超时, 等待RTU响应超时
发送次数: 1/1
[2026-06-02 17:16:27] [WARN] [MonitorDataTask][QRCode:12021] 指令完成
指令: ReadIdlePurgeAll
请求帧: 01 04 00 1D 00 03 20 0D
响应帧: 超时, 等待RTU响应超时, 01 04 06 00 00 00 00 00 00
处理结果: 失败
失败原因: 超时, 等待RTU响应超时
发送次数: 1/1
[2026-06-02 17:16:27] [WARN] [MonitorDataTask][QRCode:12003] 指令完成
指令: ReadIdlePurgeAll
请求帧: 01 04 00 1D 00 03 20 0D
响应帧: 超时, 等待RTU响应超时, 01 04 06 00 00 00 00 00 00
处理结果: 失败
失败原因: 超时, 等待RTU响应超时
发送次数: 1/1
[2026-06-02 17:16:27] [WARN] [MonitorDataTask][QRCode:12060] 指令完成
指令: ReadIdlePurgeAll
请求帧: 01 04 00 1D 00 03 20 0D
响应帧: 超时, 等待RTU响应超时, 01 04 06 00 00 00 00 00 00
处理结果: 失败
失败原因: 超时, 等待RTU响应超时
发送次数: 1/1
[2026-06-02 17:16:27] [WARN] [MonitorDataTask][QRCode:12029] 指令完成
指令: ReadIdlePurgeAll
请求帧: 01 04 00 1D 00 03 20 0D
响应帧: 超时, 等待RTU响应超时, 01 04 06 00 00 00 00 00 00
处理结果: 失败
失败原因: 超时, 等待RTU响应超时
发送次数: 1/1
[2026-06-02 17:16:27] [WARN] [MonitorDataTask][QRCode:12022] 指令完成
指令: ReadIdlePurgeAll
请求帧: 01 04 00 1D 00 03 20 0D
响应帧: 超时, 等待RTU响应超时, 01 04 06 00 00 00 00 00 00
处理结果: 失败
失败原因: 超时, 等待RTU响应超时
发送次数: 1/1
[2026-06-02 17:16:27] [WARN] [MonitorDataTask][QRCode:12039] 指令完成
指令: ReadIdlePurgeAll
请求帧: 01 04 00 1D 00 03 20 0D
响应帧: 超时, 等待RTU响应超时, 01 04 06 00 00 00 00 00 00
处理结果: 失败
失败原因: 超时, 等待RTU响应超时
发送次数: 1/1
[2026-06-02 17:16:27] [WARN] [MonitorDataTask][QRCode:12069] 指令完成
指令: ReadIdlePurgeAll
请求帧: 01 04 00 1D 00 03 20 0D
响应帧: 超时, 等待RTU响应超时, 01 04 06 00 00 00 00 00 00
处理结果: 失败
失败原因: 超时, 等待RTU响应超时
发送次数: 1/1
[2026-06-02 17:16:27] [WARN] [MonitorDataTask][QRCode:12038] 指令完成
指令: ReadIdlePurgeAll
请求帧: 01 04 00 1D 00 03 20 0D
响应帧: 超时, 等待RTU响应超时, 01 04 06 00 00 00 00 00 00
处理结果: 失败
失败原因: 超时, 等待RTU响应超时
发送次数: 1/1
[2026-06-02 17:16:27] [WARN] [MonitorDataTask][QRCode:12007] 指令完成
指令: ReadIdlePurgeAll
请求帧: 01 04 00 1D 00 03 20 0D
响应帧: 超时, 等待RTU响应超时, 01 04 06 00 00 00 00 00 00
处理结果: 失败
失败原因: 超时, 等待RTU响应超时
发送次数: 1/1
[2026-06-02 17:16:27] [WARN] [MonitorDataTask][QRCode:12036] 指令完成
指令: ReadIdlePurgeAll
请求帧: 01 04 00 1D 00 03 20 0D
响应帧: 超时, 等待RTU响应超时, 01 04 06 00 00 00 00 00 00
处理结果: 失败
失败原因: 超时, 等待RTU响应超时
发送次数: 1/1
[2026-06-02 17:16:27] [WARN] [MonitorDataTask][QRCode:12042] 指令完成
指令: ReadIdlePurgeAll
请求帧: 01 04 00 1D 00 03 20 0D
响应帧: 超时, 等待RTU响应超时, 01 04 06 00 00 00 00 00 00
处理结果: 失败
失败原因: 超时, 等待RTU响应超时
发送次数: 1/1
[2026-06-02 17:16:27] [WARN] [MonitorDataTask][QRCode:12050] 指令完成
指令: ReadIdlePurgeAll
请求帧: 01 04 00 1D 00 03 20 0D
响应帧: 超时, 等待RTU响应超时, 01 04 06 00 00 00 00 00 00
处理结果: 失败
失败原因: 超时, 等待RTU响应超时
发送次数: 1/1
[2026-06-02 17:16:27] [WARN] [MonitorDataTask][QRCode:12018] 指令完成
指令: ReadIdlePurgeAll
请求帧: 01 04 00 1D 00 03 20 0D
响应帧: 超时, 等待RTU响应超时, 01 04 06 00 00 00 00 00 00
处理结果: 失败
失败原因: 超时, 等待RTU响应超时
发送次数: 1/1
[2026-06-02 17:16:27] [WARN] [MonitorDataTask][QRCode:12059] 指令完成
指令: ReadIdlePurgeAll
请求帧: 01 04 00 1D 00 03 20 0D
响应帧: 超时, 等待RTU响应超时, 01 04 06 00 00 00 00 00 00
处理结果: 失败
失败原因: 超时, 等待RTU响应超时
发送次数: 1/1
[2026-06-02 17:16:27] [WARN] [MonitorDataTask][QRCode:12048] 指令完成
指令: ReadIdlePurgeAll
请求帧: 01 04 00 1D 00 03 20 0D
响应帧: 超时, 等待RTU响应超时, 01 04 06 00 00 00 00 00 00
处理结果: 失败
失败原因: 超时, 等待RTU响应超时
发送次数: 1/1
[2026-06-02 17:16:27] [WARN] [MonitorDataTask][QRCode:12006] 指令完成
指令: ReadIdlePurgeAll
请求帧: 01 04 00 1D 00 03 20 0D
响应帧: 超时, 等待RTU响应超时, 01 04 06 00 00 00 00 00 00
处理结果: 失败
失败原因: 超时, 等待RTU响应超时
发送次数: 1/1
[2026-06-02 17:16:27] [WARN] [MonitorDataTask][QRCode:12040] 指令完成
指令: ReadIdlePurgeAll
请求帧: 01 04 00 1D 00 03 20 0D
响应帧: 超时, 等待RTU响应超时, 01 04 06 00 00 00 00 00 00
处理结果: 失败
失败原因: 超时, 等待RTU响应超时
发送次数: 1/1
[2026-06-02 17:16:27] [WARN] [MonitorDataTask][QRCode:12035] 指令完成
指令: ReadIdlePurgeAll
请求帧: 01 04 00 1D 00 03 20 0D
响应帧: 超时, 等待RTU响应超时, 01 04 06 00 00 00 00 00 00
处理结果: 失败
失败原因: 超时, 等待RTU响应超时
发送次数: 1/1
[2026-06-02 17:16:27] [WARN] [MonitorDataTask][QRCode:12015] 指令完成
指令: ReadIdlePurgeAll
请求帧: 01 04 00 1D 00 03 20 0D
响应帧: 超时, 等待RTU响应超时, 01 04 06 00 00 00 00 00 00
处理结果: 失败
失败原因: 超时, 等待RTU响应超时
发送次数: 1/1
[2026-06-02 17:16:27] [WARN] [MonitorDataTask][QRCode:12062] 指令完成
指令: ReadIdlePurgeAll
请求帧: 01 04 00 1D 00 03 20 0D
响应帧: 超时, 等待RTU响应超时, 01 04 06 00 00 00 00 00 00
处理结果: 失败
失败原因: 超时, 等待RTU响应超时
发送次数: 1/1
[2026-06-02 17:16:27] [WARN] [MonitorDataTask][QRCode:12052] 指令完成
指令: ReadIdlePurgeAll
请求帧: 01 04 00 1D 00 03 20 0D
响应帧: 超时, 等待RTU响应超时, 01 04 06 00 00 00 00 00 00
处理结果: 失败
失败原因: 超时, 等待RTU响应超时
发送次数: 1/1
[2026-06-02 17:16:27] [WARN] [MonitorDataTask][QRCode:12043] 指令完成
指令: ReadIdlePurgeAll
请求帧: 01 04 00 1D 00 03 20 0D
响应帧: 超时, 等待RTU响应超时, 01 04 06 00 00 00 00 00 00
处理结果: 失败
失败原因: 超时, 等待RTU响应超时
发送次数: 1/1
[2026-06-02 17:16:27] [WARN] [MonitorDataTask][QRCode:12076] 指令完成
指令: ReadIdlePurgeAll
请求帧: 01 04 00 1D 00 03 20 0D
响应帧: 超时, 等待RTU响应超时, 01 04 06 00 00 00 00 00 00
处理结果: 失败
失败原因: 超时, 等待RTU响应超时
发送次数: 1/1
[2026-06-02 17:16:27] [WARN] [MonitorDataTask][QRCode:12068] 指令完成
指令: ReadIdlePurgeAll
请求帧: 01 04 00 1D 00 03 20 0D
响应帧: 超时, 等待RTU响应超时, 01 04 06 00 00 00 00 00 00
处理结果: 失败
失败原因: 超时, 等待RTU响应超时
发送次数: 1/1
[2026-06-02 17:16:27] [WARN] [MonitorDataTask][QRCode:12012] 指令完成
指令: ReadIdlePurgeAll
请求帧: 01 04 00 1D 00 03 20 0D
响应帧: 超时, 等待RTU响应超时, 01 04 06 00 00 00 00 00 00
处理结果: 失败
失败原因: 超时, 等待RTU响应超时
发送次数: 1/1
[2026-06-02 17:16:27] [WARN] [MonitorDataTask][QRCode:12080] 指令完成
指令: ReadIdlePurgeAll
请求帧: 01 04 00 1D 00 03 20 0D
响应帧: 超时, 等待RTU响应超时, 01 04 06 00 00 00 00 00 00
处理结果: 失败
失败原因: 超时, 等待RTU响应超时
发送次数: 1/1
[2026-06-02 17:16:27] [WARN] [MonitorDataTask][QRCode:12057] 指令完成
指令: ReadIdlePurgeAll
请求帧: 01 04 00 1D 00 03 20 0D
响应帧: 超时, 等待RTU响应超时, 01 04 06 00 00 00 00 00 00
处理结果: 失败
失败原因: 超时, 等待RTU响应超时
发送次数: 1/1
[2026-06-02 17:16:27] [WARN] [MonitorDataTask][QRCode:12049] 指令完成
指令: ReadIdlePurgeAll
请求帧: 01 04 00 1D 00 03 20 0D
响应帧: 超时, 等待RTU响应超时, 01 04 06 00 00 00 00 00 00
处理结果: 失败
失败原因: 超时, 等待RTU响应超时
发送次数: 1/1
[2026-06-02 17:16:27] [WARN] [MonitorDataTask][QRCode:12024] 指令完成
指令: ReadIdlePurgeAll
请求帧: 01 04 00 1D 00 03 20 0D
响应帧: 超时, 等待RTU响应超时, 01 04 06 00 00 00 00 00 00
处理结果: 失败
失败原因: 超时, 等待RTU响应超时
发送次数: 1/1
[2026-06-02 17:16:27] [WARN] [MonitorDataTask][QRCode:12044] 指令完成
指令: ReadIdlePurgeAll
请求帧: 01 04 00 1D 00 03 20 0D
响应帧: 超时, 等待RTU响应超时, 01 04 06 00 00 00 00 00 00
处理结果: 失败
失败原因: 超时, 等待RTU响应超时
发送次数: 1/1
[2026-06-02 17:16:27] [WARN] [MonitorDataTask][QRCode:12004] 指令完成
指令: ReadIdlePurgeAll
请求帧: 01 04 00 1D 00 03 20 0D
响应帧: 超时, 等待RTU响应超时, 01 04 06 00 00 00 00 00 00
处理结果: 失败
失败原因: 超时, 等待RTU响应超时
发送次数: 1/1
[2026-06-02 17:16:27] [WARN] [MonitorDataTask][QRCode:12073] 指令完成
指令: ReadIdlePurgeAll
请求帧: 01 04 00 1D 00 03 20 0D
响应帧: 超时, 等待RTU响应超时, 01 04 06 00 00 00 00 00 00
处理结果: 失败
失败原因: 超时, 等待RTU响应超时
发送次数: 1/1
[2026-06-02 17:16:27] [WARN] [MonitorDataTask][QRCode:12071] 指令完成
指令: ReadIdlePurgeAll
请求帧: 01 04 00 1D 00 03 20 0D
响应帧: 超时, 等待RTU响应超时, 01 04 06 00 00 00 00 00 00
处理结果: 失败
失败原因: 超时, 等待RTU响应超时
发送次数: 1/1
[2026-06-02 17:16:27] [WARN] [MonitorDataTask][QRCode:12011] 指令完成
指令: ReadIdlePurgeAll
请求帧: 01 04 00 1D 00 03 20 0D
响应帧: 超时, 等待RTU响应超时, 01 04 06 00 00 00 00 00 00
处理结果: 失败
失败原因: 超时, 等待RTU响应超时
发送次数: 1/1
[2026-06-02 17:16:27] [WARN] [MonitorDataTask][QRCode:12045] 指令完成
指令: ReadIdlePurgeAll
请求帧: 01 04 00 1D 00 03 20 0D
响应帧: 超时, 等待RTU响应超时, 01 04 06 00 00 00 00 00 00
处理结果: 失败
失败原因: 超时, 等待RTU响应超时
发送次数: 1/1
[2026-06-02 17:16:27] [WARN] [MonitorDataTask][QRCode:12061] 指令完成
指令: ReadIdlePurgeAll
请求帧: 01 04 00 1D 00 03 20 0D
响应帧: 超时, 等待RTU响应超时, 01 04 06 00 00 00 00 00 00
处理结果: 失败
失败原因: 超时, 等待RTU响应超时
发送次数: 1/1
[2026-06-02 17:16:27] [WARN] [MonitorDataTask][QRCode:12074] 指令完成
指令: ReadIdlePurgeAll
请求帧: 01 04 00 1D 00 03 20 0D
响应帧: 超时, 等待RTU响应超时, 01 04 06 00 00 00 00 00 00
处理结果: 失败
失败原因: 超时, 等待RTU响应超时
发送次数: 1/1
[2026-06-02 17:16:27] [WARN] [MonitorDataTask][QRCode:12054] 指令完成
指令: ReadIdlePurgeAll
请求帧: 01 04 00 1D 00 03 20 0D
响应帧: 超时, 等待RTU响应超时, 01 04 06 00 00 00 00 00 00
处理结果: 失败
失败原因: 超时, 等待RTU响应超时
发送次数: 1/1
[2026-06-02 17:16:27] [WARN] [MonitorDataTask][QRCode:12013] 指令完成
指令: ReadIdlePurgeAll
请求帧: 01 04 00 1D 00 03 20 0D
响应帧: 超时, 等待RTU响应超时, 01 04 06 00 00 00 00 00 00
处理结果: 失败
失败原因: 超时, 等待RTU响应超时
发送次数: 1/1
[2026-06-02 17:16:27] [WARN] [MonitorDataTask][QRCode:12031] 指令完成
指令: ReadIdlePurgeAll
请求帧: 01 04 00 1D 00 03 20 0D
响应帧: 超时, 等待RTU响应超时, 01 04 06 00 00 00 00 00 00
处理结果: 失败
失败原因: 超时, 等待RTU响应超时
发送次数: 1/1
[2026-06-02 17:16:27] [WARN] [MonitorDataTask][QRCode:12055] 指令完成
指令: ReadIdlePurgeAll
请求帧: 01 04 00 1D 00 03 20 0D
响应帧: 超时, 等待RTU响应超时, 01 04 06 00 00 00 00 00 00
处理结果: 失败
失败原因: 超时, 等待RTU响应超时
发送次数: 1/1
[2026-06-02 17:16:27] [WARN] [MonitorDataTask][QRCode:12032] 指令完成
指令: ReadIdlePurgeAll
请求帧: 01 04 00 1D 00 03 20 0D
响应帧: 超时, 等待RTU响应超时, 01 04 06 00 00 00 00 00 00
处理结果: 失败
失败原因: 超时, 等待RTU响应超时
发送次数: 1/1
[2026-06-02 17:16:27] [WARN] [MonitorDataTask][QRCode:12037] 指令完成
指令: ReadIdlePurgeAll
请求帧: 01 04 00 1D 00 03 20 0D
响应帧: 超时, 等待RTU响应超时, 01 04 06 00 00 00 00 00 00
处理结果: 失败
失败原因: 超时, 等待RTU响应超时
发送次数: 1/1
[2026-06-02 17:16:27] [WARN] [MonitorDataTask][QRCode:12027] 指令完成
指令: ReadIdlePurgeAll
请求帧: 01 04 00 1D 00 03 20 0D
响应帧: 超时, 等待RTU响应超时, 01 04 06 00 00 00 00 00 00
处理结果: 失败
失败原因: 超时, 等待RTU响应超时
发送次数: 1/1
[2026-06-02 17:16:27] [WARN] [MonitorDataTask][QRCode:12046] 指令完成
指令: ReadIdlePurgeAll
请求帧: 01 04 00 1D 00 03 20 0D
响应帧: 超时, 等待RTU响应超时, 01 04 06 00 00 00 00 00 00
处理结果: 失败
失败原因: 超时, 等待RTU响应超时
发送次数: 1/1
[2026-06-02 17:16:27] [WARN] [MonitorDataTask][QRCode:12053] 指令完成
指令: ReadIdlePurgeAll
请求帧: 01 04 00 1D 00 03 20 0D
响应帧: 超时, 等待RTU响应超时, 01 04 06 00 00 00 00 00 00
处理结果: 失败
失败原因: 超时, 等待RTU响应超时
发送次数: 1/1
[2026-06-02 17:16:27] [WARN] [MonitorDataTask][QRCode:12008] 指令完成
指令: ReadIdlePurgeAll
请求帧: 01 04 00 1D 00 03 20 0D
响应帧: 超时, 等待RTU响应超时, 01 04 06 00 00 00 00 00 00
处理结果: 失败
失败原因: 超时, 等待RTU响应超时
发送次数: 1/1
[2026-06-02 17:16:27] [WARN] [MonitorDataTask][QRCode:12025] 指令完成
指令: ReadIdlePurgeAll
请求帧: 01 04 00 1D 00 03 20 0D
响应帧: 超时, 等待RTU响应超时, 01 04 06 00 00 00 00 00 00
处理结果: 失败
失败原因: 超时, 等待RTU响应超时
发送次数: 1/1
[2026-06-02 17:16:28] [WARN] [MonitorDataTask][QRCode:12041] 指令完成
指令: ReadIdlePurgeAll
请求帧: 01 04 00 1D 00 03 20 0D
响应帧: 超时, 等待RTU响应超时, 01 04 06 00 00 00 00 00 00
处理结果: 失败
失败原因: 超时, 等待RTU响应超时
发送次数: 1/1
[2026-06-02 17:16:28] [WARN] [MonitorDataTask][QRCode:12026] 指令完成
指令: ReadIdlePurgeAll
请求帧: 01 04 00 1D 00 03 20 0D
响应帧: 超时, 等待RTU响应超时, 01 04 06 00 00 00 00 00 00
处理结果: 失败
失败原因: 超时, 等待RTU响应超时
发送次数: 1/1
[2026-06-02 17:16:28] [WARN] [MonitorDataTask][QRCode:12058] 指令完成
指令: ReadIdlePurgeAll
请求帧: 01 04 00 1D 00 03 20 0D
响应帧: 超时, 等待RTU响应超时, 01 04 06 00 00 00 00 00 00
处理结果: 失败
失败原因: 超时, 等待RTU响应超时
发送次数: 1/1
[2026-06-02 17:16:28] [WARN] [MonitorDataTask][QRCode:12019] 指令完成
指令: ReadIdlePurgeAll
请求帧: 01 04 00 1D 00 03 20 0D
响应帧: 超时, 等待RTU响应超时, 01 04 06 00 00 00 00 00 00
处理结果: 失败
失败原因: 超时, 等待RTU响应超时
发送次数: 1/1
[2026-06-02 17:16:28] [WARN] [MonitorDataTask][QRCode:12023] 指令完成
指令: ReadIdlePurgeAll
请求帧: 01 04 00 1D 00 03 20 0D
响应帧: 超时, 等待RTU响应超时, 01 04 06 00 00 00 00 00 00
处理结果: 失败
失败原因: 超时, 等待RTU响应超时
发送次数: 1/1
[2026-06-02 17:16:28] [WARN] [MonitorDataTask][QRCode:12079] 指令完成
指令: ReadIdlePurgeAll
请求帧: 01 04 00 1D 00 03 20 0D
响应帧: 超时, 等待RTU响应超时, 01 04 06 00 00 00 00 00 00
处理结果: 失败
失败原因: 超时, 等待RTU响应超时
发送次数: 1/1
[2026-06-02 17:16:28] [WARN] [MonitorDataTask][QRCode:12033] 指令完成
指令: ReadIdlePurgeAll
请求帧: 01 04 00 1D 00 03 20 0D
响应帧: 超时, 等待RTU响应超时, 01 04 06 00 00 00 00 00 00
处理结果: 失败
失败原因: 超时, 等待RTU响应超时
发送次数: 1/1
[2026-06-02 17:16:28] [WARN] [MonitorDataTask][QRCode:12005] 指令完成
指令: ReadIdlePurgeAll
请求帧: 01 04 00 1D 00 03 20 0D
响应帧: 超时, 等待RTU响应超时, 01 04 06 00 00 00 00 00 00
处理结果: 失败
失败原因: 超时, 等待RTU响应超时
发送次数: 1/1
[2026-06-02 17:16:28] [WARN] [MonitorDataTask][QRCode:12067] 指令完成
指令: ReadIdlePurgeAll
请求帧: 01 04 00 1D 00 03 20 0D
响应帧: 超时, 等待RTU响应超时, 01 04 06 00 00 00 00 00 00
处理结果: 失败
失败原因: 超时, 等待RTU响应超时
发送次数: 1/1
[2026-06-02 17:16:28] [WARN] [MonitorDataTask][QRCode:12065] 指令完成
指令: ReadIdlePurgeAll
请求帧: 01 04 00 1D 00 03 20 0D
响应帧: 超时, 等待RTU响应超时, 01 04 06 00 00 00 00 00 00
处理结果: 失败
失败原因: 超时, 等待RTU响应超时
发送次数: 1/1
[2026-06-02 17:16:28] [WARN] [MonitorDataTask][QRCode:12077] 指令完成
指令: ReadIdlePurgeAll
请求帧: 01 04 00 1D 00 03 20 0D
响应帧: 超时, 等待RTU响应超时, 01 04 06 00 00 00 00 00 00
处理结果: 失败
失败原因: 超时, 等待RTU响应超时
发送次数: 1/1
[2026-06-02 17:16:28] [WARN] [MonitorDataTask][QRCode:12070] 指令完成
指令: ReadIdlePurgeAll
请求帧: 01 04 00 1D 00 03 20 0D
响应帧: 超时, 等待RTU响应超时, 01 04 06 00 00 00 00 00 00
处理结果: 失败
失败原因: 超时, 等待RTU响应超时
发送次数: 1/1
[2026-06-02 17:16:28] [WARN] [MonitorDataTask][QRCode:12016] 指令完成
指令: ReadIdlePurgeAll
请求帧: 01 04 00 1D 00 03 20 0D
响应帧: 超时, 等待RTU响应超时, 01 04 06 00 00 00 00 00 00
处理结果: 失败
失败原因: 超时, 等待RTU响应超时
发送次数: 1/1
[2026-06-02 17:16:28] [WARN] [MonitorDataTask][QRCode:12010] 指令完成
指令: ReadIdlePurgeAll
请求帧: 01 04 00 1D 00 03 20 0D
响应帧: 超时, 等待RTU响应超时, 01 04 06 00 00 00 00 00 00
处理结果: 失败
失败原因: 超时, 等待RTU响应超时
发送次数: 1/1
[2026-06-02 17:16:28] [WARN] [MonitorDataTask][QRCode:12066] 指令完成
指令: ReadIdlePurgeAll
请求帧: 01 04 00 1D 00 03 20 0D
响应帧: 超时, 等待RTU响应超时, 01 04 06 00 00 00 00 00 00
处理结果: 失败
失败原因: 超时, 等待RTU响应超时
发送次数: 1/1
[2026-06-02 17:16:28] [WARN] [MonitorDataTask][QRCode:12072] 指令完成
指令: ReadIdlePurgeAll
请求帧: 01 04 00 1D 00 03 20 0D
响应帧: 超时, 等待RTU响应超时, 01 04 06 00 00 00 00 00 00
处理结果: 失败
失败原因: 超时, 等待RTU响应超时
发送次数: 1/1
[2026-06-02 17:16:28] [WARN] [MonitorDataTask][QRCode:12020] 指令完成
指令: ReadIdlePurgeAll
请求帧: 01 04 00 1D 00 03 20 0D
响应帧: 超时, 等待RTU响应超时, 01 04 06 00 00 00 00 00 00
处理结果: 失败
失败原因: 超时, 等待RTU响应超时
发送次数: 1/1
[2026-06-02 17:16:28] [WARN] [MonitorDataTask][QRCode:12030] 指令完成
指令: ReadIdlePurgeAll
请求帧: 01 04 00 1D 00 03 20 0D
响应帧: 超时, 等待RTU响应超时, 01 04 06 00 00 00 00 00 00
处理结果: 失败
失败原因: 超时, 等待RTU响应超时
发送次数: 1/1
[2026-06-02 17:16:28] [WARN] [MonitorDataTask][QRCode:12063] 指令完成
指令: ReadIdlePurgeAll
请求帧: 01 04 00 1D 00 03 20 0D
响应帧: 超时, 等待RTU响应超时, 01 04 06 00 00 00 00 00 00
处理结果: 失败
失败原因: 超时, 等待RTU响应超时
发送次数: 1/1
[2026-06-02 17:16:28] [WARN] [MonitorDataTask][QRCode:12028] 指令完成
指令: ReadIdlePurgeAll
请求帧: 01 04 00 1D 00 03 20 0D
响应帧: 超时, 等待RTU响应超时, 01 04 06 00 00 00 00 00 00
处理结果: 失败
失败原因: 超时, 等待RTU响应超时
发送次数: 1/1
[2026-06-02 17:16:28] [WARN] [MonitorDataTask][QRCode:12034] 指令完成
指令: ReadIdlePurgeAll
请求帧: 01 04 00 1D 00 03 20 0D
响应帧: 超时, 等待RTU响应超时, 01 04 06 00 00 00 00 00 00
处理结果: 失败
失败原因: 超时, 等待RTU响应超时
发送次数: 1/1
[2026-06-02 17:16:28] [WARN] [MonitorDataTask][QRCode:12056] 指令完成
指令: ReadIdlePurgeAll
请求帧: 01 04 00 1D 00 03 20 0D
响应帧: 超时, 等待RTU响应超时, 01 04 06 00 00 00 00 00 00
处理结果: 失败
失败原因: 超时, 等待RTU响应超时
发送次数: 1/1
[2026-06-02 17:16:28] [WARN] [MonitorDataTask][QRCode:12075] 指令完成
指令: ReadIdlePurgeAll
请求帧: 01 04 00 1D 00 03 20 0D
响应帧: 超时, 等待RTU响应超时, 01 04 06 00 00 00 00 00 00
处理结果: 失败
失败原因: 超时, 等待RTU响应超时
发送次数: 1/1
[2026-06-02 17:16:28] [WARN] [MonitorDataTask][QRCode:12002] 指令完成
指令: ReadIdlePurgeAll
请求帧: 01 04 00 1D 00 03 20 0D
响应帧: 超时, 等待RTU响应超时, 01 04 06 00 00 00 00 00 00
处理结果: 失败
失败原因: 超时, 等待RTU响应超时
发送次数: 1/1
[2026-06-02 17:16:28] [WARN] [MonitorDataTask][QRCode:12014] 指令完成
指令: ReadIdlePurgeAll
请求帧: 01 04 00 1D 00 03 20 0D
响应帧: 超时, 等待RTU响应超时, 01 04 06 00 00 00 00 00 00
处理结果: 失败
失败原因: 超时, 等待RTU响应超时
发送次数: 1/1
[2026-06-02 17:16:28] [WARN] [MonitorDataTask][QRCode:12051] 指令完成
指令: ReadIdlePurgeAll
请求帧: 01 04 00 1D 00 03 20 0D
响应帧: 超时, 等待RTU响应超时, 01 04 06 00 00 00 00 00 00
处理结果: 失败
失败原因: 超时, 等待RTU响应超时
发送次数: 1/1
[2026-06-02 17:16:28] [WARN] [MonitorDataTask][QRCode:12047] 指令完成
指令: ReadIdlePurgeAll
请求帧: 01 04 00 1D 00 03 20 0D
响应帧: 超时, 等待RTU响应超时, 01 04 06 00 00 00 00 00 00
处理结果: 失败
失败原因: 超时, 等待RTU响应超时
发送次数: 1/1
[2026-06-02 17:16:28] [WARN] [MonitorDataTask][QRCode:12078] 指令完成
指令: ReadIdlePurgeAll
请求帧: 01 04 00 1D 00 03 20 0D
响应帧: 超时, 等待RTU响应超时, 01 04 06 00 00 00 00 00 00
处理结果: 失败
失败原因: 超时, 等待RTU响应超时
发送次数: 1/1
[2026-06-02 17:16:28] [WARN] [MonitorDataTask][QRCode:12017] 指令完成
指令: ReadIdlePurgeAll
请求帧: 01 04 00 1D 00 03 20 0D
响应帧: 超时, 等待RTU响应超时, 01 04 06 00 00 00 00 00 00
处理结果: 失败
失败原因: 超时, 等待RTU响应超时
发送次数: 1/1
[2026-06-02 17:16:28] [WARN] [MonitorDataTask][QRCode:12060] 指令完成
指令: ReadIdlePurgeAll
请求帧: 01 04 00 1D 00 03 20 0D
响应帧: 超时, 等待RTU响应超时, 01 04 06 00 00 00 00 00 00
处理结果: 失败
失败原因: 超时, 等待RTU响应超时
发送次数: 1/1
[2026-06-02 17:16:28] [WARN] [MonitorDataTask][QRCode:12009] 指令完成
指令: ReadIdlePurgeAll
请求帧: 01 04 00 1D 00 03 20 0D
响应帧: 超时, 等待RTU响应超时, 01 04 06 00 00 00 00 00 00
处理结果: 失败
失败原因: 超时, 等待RTU响应超时
发送次数: 1/1
[2026-06-02 17:16:28] [WARN] [MonitorDataTask][QRCode:12064] 指令完成
指令: ReadIdlePurgeAll
请求帧: 01 04 00 1D 00 03 20 0D
响应帧: 超时, 等待RTU响应超时, 01 04 06 00 00 00 00 00 00
处理结果: 失败
失败原因: 超时, 等待RTU响应超时
发送次数: 1/1
[2026-06-02 17:16:28] [WARN] [MonitorDataTask][QRCode:12021] 指令完成
指令: ReadIdlePurgeAll
请求帧: 01 04 00 1D 00 03 20 0D
响应帧: 超时, 等待RTU响应超时, 01 04 06 00 00 00 00 00 00
处理结果: 失败
失败原因: 超时, 等待RTU响应超时
发送次数: 1/1
[2026-06-02 17:16:28] [WARN] [MonitorDataTask][QRCode:12029] 指令完成
指令: ReadIdlePurgeAll
请求帧: 01 04 00 1D 00 03 20 0D
响应帧: 超时, 等待RTU响应超时, 01 04 06 00 00 00 00 00 00
处理结果: 失败
失败原因: 超时, 等待RTU响应超时
发送次数: 1/1
[2026-06-02 17:16:28] [WARN] [MonitorDataTask][QRCode:12003] 指令完成
指令: ReadIdlePurgeAll
请求帧: 01 04 00 1D 00 03 20 0D
响应帧: 超时, 等待RTU响应超时, 01 04 06 00 00 00 00 00 00
处理结果: 失败
失败原因: 超时, 等待RTU响应超时
发送次数: 1/1
[2026-06-02 17:16:28] [WARN] [MonitorDataTask][QRCode:12001] 指令完成
指令: ReadIdlePurgeAll
请求帧: 01 04 00 1D 00 03 20 0D
响应帧: 超时, 等待RTU响应超时, 01 04 06 00 00 00 00 00 00
处理结果: 失败
失败原因: 超时, 等待RTU响应超时
发送次数: 1/1
[2026-06-02 17:16:29] [WARN] [MonitorDataTask][QRCode:12022] 指令完成
指令: ReadIdlePurgeAll
请求帧: 01 04 00 1D 00 03 20 0D
响应帧: 超时, 等待RTU响应超时, 01 04 06 00 00 00 00 00 00
处理结果: 失败
失败原因: 超时, 等待RTU响应超时
发送次数: 1/1
[2026-06-02 17:16:29] [WARN] [MonitorDataTask][QRCode:12042] 指令完成
指令: ReadIdlePurgeAll
请求帧: 01 04 00 1D 00 03 20 0D
响应帧: 超时, 等待RTU响应超时, 01 04 06 00 00 00 00 00 00
处理结果: 失败
失败原因: 超时, 等待RTU响应超时
发送次数: 1/1
[2026-06-02 17:16:29] [WARN] [MonitorDataTask][QRCode:12007] 指令完成
指令: ReadIdlePurgeAll
请求帧: 01 04 00 1D 00 03 20 0D
响应帧: 超时, 等待RTU响应超时, 01 04 06 00 00 00 00 00 00
处理结果: 失败
失败原因: 超时, 等待RTU响应超时
发送次数: 1/1
[2026-06-02 17:16:29] [WARN] [MonitorDataTask][QRCode:12069] 指令完成
指令: ReadIdlePurgeAll
请求帧: 01 04 00 1D 00 03 20 0D
响应帧: 超时, 等待RTU响应超时, 01 04 06 00 00 00 00 00 00
处理结果: 失败
失败原因: 超时, 等待RTU响应超时
发送次数: 1/1
[2026-06-02 17:16:29] [WARN] [MonitorDataTask][QRCode:12038] 指令完成
指令: ReadIdlePurgeAll
请求帧: 01 04 00 1D 00 03 20 0D
响应帧: 超时, 等待RTU响应超时, 01 04 06 00 00 00 00 00 00
处理结果: 失败
失败原因: 超时, 等待RTU响应超时
发送次数: 1/1
[2026-06-02 17:16:29] [WARN] [MonitorDataTask][QRCode:12039] 指令完成
指令: ReadIdlePurgeAll
请求帧: 01 04 00 1D 00 03 20 0D
响应帧: 超时, 等待RTU响应超时, 01 04 06 00 00 00 00 00 00
处理结果: 失败
失败原因: 超时, 等待RTU响应超时
发送次数: 1/1
[2026-06-02 17:16:29] [WARN] [MonitorDataTask][QRCode:12048] 指令完成
指令: ReadIdlePurgeAll
请求帧: 01 04 00 1D 00 03 20 0D
响应帧: 超时, 等待RTU响应超时, 01 04 06 00 00 00 00 00 00
处理结果: 失败
失败原因: 超时, 等待RTU响应超时
发送次数: 1/1
[2026-06-02 17:16:29] [WARN] [MonitorDataTask][QRCode:12050] 指令完成
指令: ReadIdlePurgeAll
请求帧: 01 04 00 1D 00 03 20 0D
响应帧: 超时, 等待RTU响应超时, 01 04 06 00 00 00 00 00 00
处理结果: 失败
失败原因: 超时, 等待RTU响应超时
发送次数: 1/1
[2026-06-02 17:16:29] [WARN] [MonitorDataTask][QRCode:12059] 指令完成
指令: ReadIdlePurgeAll
请求帧: 01 04 00 1D 00 03 20 0D
响应帧: 超时, 等待RTU响应超时, 01 04 06 00 00 00 00 00 00
处理结果: 失败
失败原因: 超时, 等待RTU响应超时
发送次数: 1/1
[2026-06-02 17:16:29] [WARN] [MonitorDataTask][QRCode:12036] 指令完成
指令: ReadIdlePurgeAll
请求帧: 01 04 00 1D 00 03 20 0D
响应帧: 超时, 等待RTU响应超时, 01 04 06 00 00 00 00 00 00
处理结果: 失败
失败原因: 超时, 等待RTU响应超时
发送次数: 1/1
[2026-06-02 17:16:29] [WARN] [MonitorDataTask][QRCode:12018] 指令完成
指令: ReadIdlePurgeAll
请求帧: 01 04 00 1D 00 03 20 0D
响应帧: 超时, 等待RTU响应超时, 01 04 06 00 00 00 00 00 00
处理结果: 失败
失败原因: 超时, 等待RTU响应超时
发送次数: 1/1
[2026-06-02 17:16:29] [WARN] [MonitorDataTask][QRCode:12006] 指令完成
指令: ReadIdlePurgeAll
请求帧: 01 04 00 1D 00 03 20 0D
响应帧: 超时, 等待RTU响应超时, 01 04 06 00 00 00 00 00 00
处理结果: 失败
失败原因: 超时, 等待RTU响应超时
发送次数: 1/1
[2026-06-02 17:16:29] [WARN] [MonitorDataTask][QRCode:12040] 指令完成
指令: ReadIdlePurgeAll
请求帧: 01 04 00 1D 00 03 20 0D
响应帧: 超时, 等待RTU响应超时, 01 04 06 00 00 00 00 00 00
处理结果: 失败
失败原因: 超时, 等待RTU响应超时
发送次数: 1/1
[2026-06-02 17:16:29] [WARN] [MonitorDataTask][QRCode:12015] 指令完成
指令: ReadIdlePurgeAll
请求帧: 01 04 00 1D 00 03 20 0D
响应帧: 超时, 等待RTU响应超时, 01 04 06 00 00 00 00 00 00
处理结果: 失败
失败原因: 超时, 等待RTU响应超时
发送次数: 1/1
[2026-06-02 17:16:29] [WARN] [MonitorDataTask][QRCode:12035] 指令完成
指令: ReadIdlePurgeAll
请求帧: 01 04 00 1D 00 03 20 0D
响应帧: 超时, 等待RTU响应超时, 01 04 06 00 00 00 00 00 00
处理结果: 失败
失败原因: 超时, 等待RTU响应超时
发送次数: 1/1
[2026-06-02 17:16:29] [WARN] [MonitorDataTask][QRCode:12076] 指令完成
指令: ReadIdlePurgeAll
请求帧: 01 04 00 1D 00 03 20 0D
响应帧: 超时, 等待RTU响应超时, 01 04 06 00 00 00 00 00 00
处理结果: 失败
失败原因: 超时, 等待RTU响应超时
发送次数: 1/1
[2026-06-02 17:16:29] [WARN] [MonitorDataTask][QRCode:12068] 指令完成
指令: ReadIdlePurgeAll
请求帧: 01 04 00 1D 00 03 20 0D
响应帧: 超时, 等待RTU响应超时, 01 04 06 00 00 00 00 00 00
处理结果: 失败
失败原因: 超时, 等待RTU响应超时
发送次数: 1/1
[2026-06-02 17:16:29] [WARN] [MonitorDataTask][QRCode:12062] 指令完成
指令: ReadIdlePurgeAll
请求帧: 01 04 00 1D 00 03 20 0D
响应帧: 超时, 等待RTU响应超时, 01 04 06 00 00 00 00 00 00
处理结果: 失败
失败原因: 超时, 等待RTU响应超时
发送次数: 1/1
[2026-06-02 17:16:29] [WARN] [MonitorDataTask][QRCode:12052] 指令完成
指令: ReadIdlePurgeAll
请求帧: 01 04 00 1D 00 03 20 0D
响应帧: 超时, 等待RTU响应超时, 01 04 06 00 00 00 00 00 00
处理结果: 失败
失败原因: 超时, 等待RTU响应超时
发送次数: 1/1
[2026-06-02 17:16:29] [WARN] [MonitorDataTask][QRCode:12043] 指令完成
指令: ReadIdlePurgeAll
请求帧: 01 04 00 1D 00 03 20 0D
响应帧: 超时, 等待RTU响应超时, 01 04 06 00 00 00 00 00 00
处理结果: 失败
失败原因: 超时, 等待RTU响应超时
发送次数: 1/1
[2026-06-02 17:16:29] [WARN] [MonitorDataTask][QRCode:12012] 指令完成
指令: ReadIdlePurgeAll
请求帧: 01 04 00 1D 00 03 20 0D
响应帧: 超时, 等待RTU响应超时, 01 04 06 00 00 00 00 00 00
处理结果: 失败
失败原因: 超时, 等待RTU响应超时
发送次数: 1/1
[2026-06-02 17:16:29] [WARN] [MonitorDataTask][QRCode:12004] 指令完成
指令: ReadIdlePurgeAll
请求帧: 01 04 00 1D 00 03 20 0D
响应帧: 超时, 等待RTU响应超时, 01 04 06 00 00 00 00 00 00
处理结果: 失败
失败原因: 超时, 等待RTU响应超时
发送次数: 1/1
[2026-06-02 17:16:29] [WARN] [MonitorDataTask][QRCode:12044] 指令完成
指令: ReadIdlePurgeAll
请求帧: 01 04 00 1D 00 03 20 0D
响应帧: 超时, 等待RTU响应超时, 01 04 06 00 00 00 00 00 00
处理结果: 失败
失败原因: 超时, 等待RTU响应超时
发送次数: 1/1
[2026-06-02 17:16:29] [WARN] [MonitorDataTask][QRCode:12057] 指令完成
指令: ReadIdlePurgeAll
请求帧: 01 04 00 1D 00 03 20 0D
响应帧: 超时, 等待RTU响应超时, 01 04 06 00 00 00 00 00 00
处理结果: 失败
失败原因: 超时, 等待RTU响应超时
发送次数: 1/1
[2026-06-02 17:16:29] [WARN] [MonitorDataTask][QRCode:12049] 指令完成
指令: ReadIdlePurgeAll
请求帧: 01 04 00 1D 00 03 20 0D
响应帧: 超时, 等待RTU响应超时, 01 04 06 00 00 00 00 00 00
处理结果: 失败
失败原因: 超时, 等待RTU响应超时
发送次数: 1/1
[2026-06-02 17:16:29] [WARN] [MonitorDataTask][QRCode:12080] 指令完成
指令: ReadIdlePurgeAll
请求帧: 01 04 00 1D 00 03 20 0D
响应帧: 超时, 等待RTU响应超时, 01 04 06 00 00 00 00 00 00
处理结果: 失败
失败原因: 超时, 等待RTU响应超时
发送次数: 1/1
[2026-06-02 17:16:29] [WARN] [MonitorDataTask][QRCode:12024] 指令完成
指令: ReadIdlePurgeAll
请求帧: 01 04 00 1D 00 03 20 0D
响应帧: 超时, 等待RTU响应超时, 01 04 06 00 00 00 00 00 00
处理结果: 失败
失败原因: 超时, 等待RTU响应超时
发送次数: 1/1
[2026-06-02 17:16:29] [WARN] [MonitorDataTask][QRCode:12073] 指令完成
指令: ReadIdlePurgeAll
请求帧: 01 04 00 1D 00 03 20 0D
响应帧: 超时, 等待RTU响应超时, 01 04 06 00 00 00 00 00 00
处理结果: 失败
失败原因: 超时, 等待RTU响应超时
发送次数: 1/1
[2026-06-02 17:16:29] [WARN] [MonitorDataTask][QRCode:12045] 指令完成
指令: ReadIdlePurgeAll
请求帧: 01 04 00 1D 00 03 20 0D
响应帧: 超时, 等待RTU响应超时, 01 04 06 00 00 00 00 00 00
处理结果: 失败
失败原因: 超时, 等待RTU响应超时
发送次数: 1/1
[2026-06-02 17:16:29] [WARN] [MonitorDataTask][QRCode:12011] 指令完成
指令: ReadIdlePurgeAll
请求帧: 01 04 00 1D 00 03 20 0D
响应帧: 超时, 等待RTU响应超时, 01 04 06 00 00 00 00 00 00
处理结果: 失败
失败原因: 超时, 等待RTU响应超时
发送次数: 1/1
[2026-06-02 17:16:29] [WARN] [MonitorDataTask][QRCode:12071] 指令完成
指令: ReadIdlePurgeAll
请求帧: 01 04 00 1D 00 03 20 0D
响应帧: 超时, 等待RTU响应超时, 01 04 06 00 00 00 00 00 00
处理结果: 失败
失败原因: 超时, 等待RTU响应超时
发送次数: 1/1
[2026-06-02 17:16:29] [WARN] [MonitorDataTask][QRCode:12061] 指令完成
指令: ReadIdlePurgeAll
请求帧: 01 04 00 1D 00 03 20 0D
响应帧: 超时, 等待RTU响应超时, 01 04 06 00 00 00 00 00 00
处理结果: 失败
失败原因: 超时, 等待RTU响应超时
发送次数: 1/1
[2026-06-02 17:16:29] [WARN] [MonitorDataTask][QRCode:12054] 指令完成
指令: ReadIdlePurgeAll
请求帧: 01 04 00 1D 00 03 20 0D
响应帧: 超时, 等待RTU响应超时, 01 04 06 00 00 00 00 00 00
处理结果: 失败
失败原因: 超时, 等待RTU响应超时
发送次数: 1/1
[2026-06-02 17:16:29] [WARN] [MonitorDataTask][QRCode:12074] 指令完成
指令: ReadIdlePurgeAll
请求帧: 01 04 00 1D 00 03 20 0D
响应帧: 超时, 等待RTU响应超时, 01 04 06 00 00 00 00 00 00
处理结果: 失败
失败原因: 超时, 等待RTU响应超时
发送次数: 1/1
[2026-06-02 17:16:29] [WARN] [MonitorDataTask][QRCode:12013] 指令完成
指令: ReadIdlePurgeAll
请求帧: 01 04 00 1D 00 03 20 0D
响应帧: 超时, 等待RTU响应超时, 01 04 06 00 00 00 00 00 00
处理结果: 失败
失败原因: 超时, 等待RTU响应超时
发送次数: 1/1
[2026-06-02 17:16:29] [WARN] [MonitorDataTask][QRCode:12031] 指令完成
指令: ReadIdlePurgeAll
请求帧: 01 04 00 1D 00 03 20 0D
响应帧: 超时, 等待RTU响应超时, 01 04 06 00 00 00 00 00 00
处理结果: 失败
失败原因: 超时, 等待RTU响应超时
发送次数: 1/1
[2026-06-02 17:16:29] [WARN] [MonitorDataTask][QRCode:12055] 指令完成
指令: ReadIdlePurgeAll
请求帧: 01 04 00 1D 00 03 20 0D
响应帧: 超时, 等待RTU响应超时, 01 04 06 00 00 00 00 00 00
处理结果: 失败
失败原因: 超时, 等待RTU响应超时
发送次数: 1/1
[2026-06-02 17:16:29] [WARN] [MonitorDataTask][QRCode:12032] 指令完成
指令: ReadIdlePurgeAll
请求帧: 01 04 00 1D 00 03 20 0D
响应帧: 超时, 等待RTU响应超时, 01 04 06 00 00 00 00 00 00
处理结果: 失败
失败原因: 超时, 等待RTU响应超时
发送次数: 1/1
[2026-06-02 17:16:29] [WARN] [MonitorDataTask][QRCode:12027] 指令完成
指令: ReadIdlePurgeAll
请求帧: 01 04 00 1D 00 03 20 0D
响应帧: 超时, 等待RTU响应超时, 01 04 06 00 00 00 00 00 00
处理结果: 失败
失败原因: 超时, 等待RTU响应超时
发送次数: 1/1
[2026-06-02 17:16:29] [WARN] [MonitorDataTask][QRCode:12037] 指令完成
指令: ReadIdlePurgeAll
请求帧: 01 04 00 1D 00 03 20 0D
响应帧: 超时, 等待RTU响应超时, 01 04 06 00 00 00 00 00 00
处理结果: 失败
失败原因: 超时, 等待RTU响应超时
发送次数: 1/1
[2026-06-02 17:16:29] [WARN] [MonitorDataTask][QRCode:12046] 指令完成
指令: ReadIdlePurgeAll
请求帧: 01 04 00 1D 00 03 20 0D
响应帧: 超时, 等待RTU响应超时, 01 04 06 00 00 00 00 00 00
处理结果: 失败
失败原因: 超时, 等待RTU响应超时
发送次数: 1/1
[2026-06-02 17:16:29] [WARN] [MonitorDataTask][QRCode:12053] 指令完成
指令: ReadIdlePurgeAll
请求帧: 01 04 00 1D 00 03 20 0D
响应帧: 超时, 等待RTU响应超时, 01 04 06 00 00 00 00 00 00
处理结果: 失败
失败原因: 超时, 等待RTU响应超时
发送次数: 1/1
[2026-06-02 17:16:29] [WARN] [MonitorDataTask][QRCode:12008] 指令完成
指令: ReadIdlePurgeAll
请求帧: 01 04 00 1D 00 03 20 0D
响应帧: 超时, 等待RTU响应超时, 01 04 06 00 00 00 00 00 00
处理结果: 失败
失败原因: 超时, 等待RTU响应超时
发送次数: 1/1
[2026-06-02 17:16:29] [WARN] [MonitorDataTask][QRCode:12025] 指令完成
指令: ReadIdlePurgeAll
请求帧: 01 04 00 1D 00 03 20 0D
响应帧: 超时, 等待RTU响应超时, 01 04 06 00 00 00 00 00 00
处理结果: 失败
失败原因: 超时, 等待RTU响应超时
发送次数: 1/1
[2026-06-02 17:16:29] [WARN] [MonitorDataTask][QRCode:12058] 指令完成
指令: ReadIdlePurgeAll
请求帧: 01 04 00 1D 00 03 20 0D
响应帧: 超时, 等待RTU响应超时, 01 04 06 00 00 00 00 00 00
处理结果: 失败
失败原因: 超时, 等待RTU响应超时
发送次数: 1/1
[2026-06-02 17:16:29] [WARN] [MonitorDataTask][QRCode:12019] 指令完成
指令: ReadIdlePurgeAll
请求帧: 01 04 00 1D 00 03 20 0D
响应帧: 超时, 等待RTU响应超时, 01 04 06 00 00 00 00 00 00
处理结果: 失败
失败原因: 超时, 等待RTU响应超时
发送次数: 1/1
[2026-06-02 17:16:29] [WARN] [MonitorDataTask][QRCode:12026] 指令完成
指令: ReadIdlePurgeAll
请求帧: 01 04 00 1D 00 03 20 0D
响应帧: 超时, 等待RTU响应超时, 01 04 06 00 00 00 00 00 00
处理结果: 失败
失败原因: 超时, 等待RTU响应超时
发送次数: 1/1
[2026-06-02 17:16:29] [WARN] [MonitorDataTask][QRCode:12023] 指令完成
指令: ReadIdlePurgeAll
请求帧: 01 04 00 1D 00 03 20 0D
响应帧: 超时, 等待RTU响应超时, 01 04 06 00 00 00 00 00 00
处理结果: 失败
失败原因: 超时, 等待RTU响应超时
发送次数: 1/1
[2026-06-02 17:16:29] [WARN] [MonitorDataTask][QRCode:12041] 指令完成
指令: ReadIdlePurgeAll
请求帧: 01 04 00 1D 00 03 20 0D
响应帧: 超时, 等待RTU响应超时, 01 04 06 00 00 00 00 00 00
处理结果: 失败
失败原因: 超时, 等待RTU响应超时
发送次数: 1/1
[2026-06-02 17:16:29] [WARN] [MonitorDataTask][QRCode:12033] 指令完成
指令: ReadIdlePurgeAll
请求帧: 01 04 00 1D 00 03 20 0D
响应帧: 超时, 等待RTU响应超时, 01 04 06 00 00 00 00 00 00
处理结果: 失败
失败原因: 超时, 等待RTU响应超时
发送次数: 1/1
[2026-06-02 17:16:29] [WARN] [MonitorDataTask][QRCode:12079] 指令完成
指令: ReadIdlePurgeAll
请求帧: 01 04 00 1D 00 03 20 0D
响应帧: 超时, 等待RTU响应超时, 01 04 06 00 00 00 00 00 00
处理结果: 失败
失败原因: 超时, 等待RTU响应超时
发送次数: 1/1
[2026-06-02 17:16:29] [WARN] [MonitorDataTask][QRCode:12065] 指令完成
指令: ReadIdlePurgeAll
请求帧: 01 04 00 1D 00 03 20 0D
响应帧: 超时, 等待RTU响应超时, 01 04 06 00 00 00 00 00 00
处理结果: 失败
失败原因: 超时, 等待RTU响应超时
发送次数: 1/1
[2026-06-02 17:16:29] [WARN] [MonitorDataTask][QRCode:12067] 指令完成
指令: ReadIdlePurgeAll
请求帧: 01 04 00 1D 00 03 20 0D
响应帧: 超时, 等待RTU响应超时, 01 04 06 00 00 00 00 00 00
处理结果: 失败
失败原因: 超时, 等待RTU响应超时
发送次数: 1/1
[2026-06-02 17:16:29] [WARN] [MonitorDataTask][QRCode:12077] 指令完成
指令: ReadIdlePurgeAll
请求帧: 01 04 00 1D 00 03 20 0D
响应帧: 超时, 等待RTU响应超时, 01 04 06 00 00 00 00 00 00
处理结果: 失败
失败原因: 超时, 等待RTU响应超时
发送次数: 1/1
[2026-06-02 17:16:29] [WARN] [MonitorDataTask][QRCode:12005] 指令完成
指令: ReadIdlePurgeAll
请求帧: 01 04 00 1D 00 03 20 0D
响应帧: 超时, 等待RTU响应超时, 01 04 06 00 00 00 00 00 00
处理结果: 失败
失败原因: 超时, 等待RTU响应超时
发送次数: 1/1
[2026-06-02 17:16:29] [WARN] [MonitorDataTask][QRCode:12016] 指令完成
指令: ReadIdlePurgeAll
请求帧: 01 04 00 1D 00 03 20 0D
响应帧: 超时, 等待RTU响应超时, 01 04 06 00 00 00 00 00 00
处理结果: 失败
失败原因: 超时, 等待RTU响应超时
发送次数: 1/1
[2026-06-02 17:16:29] [WARN] [MonitorDataTask][QRCode:12070] 指令完成
指令: ReadIdlePurgeAll
请求帧: 01 04 00 1D 00 03 20 0D
响应帧: 超时, 等待RTU响应超时, 01 04 06 00 00 00 00 00 00
处理结果: 失败
失败原因: 超时, 等待RTU响应超时
发送次数: 1/1
[2026-06-02 17:16:29] [WARN] [MonitorDataTask][QRCode:12010] 指令完成
指令: ReadIdlePurgeAll
请求帧: 01 04 00 1D 00 03 20 0D
响应帧: 超时, 等待RTU响应超时, 01 04 06 00 00 00 00 00 00
处理结果: 失败
失败原因: 超时, 等待RTU响应超时
发送次数: 1/1
[2026-06-02 17:16:29] [WARN] [MonitorDataTask][QRCode:12066] 指令完成
指令: ReadIdlePurgeAll
请求帧: 01 04 00 1D 00 03 20 0D
响应帧: 超时, 等待RTU响应超时, 01 04 06 00 00 00 00 00 00
处理结果: 失败
失败原因: 超时, 等待RTU响应超时
发送次数: 1/1
[2026-06-02 17:16:29] [WARN] [MonitorDataTask][QRCode:12072] 指令完成
指令: ReadIdlePurgeAll
请求帧: 01 04 00 1D 00 03 20 0D
响应帧: 超时, 等待RTU响应超时, 01 04 06 00 00 00 00 00 00
处理结果: 失败
失败原因: 超时, 等待RTU响应超时
发送次数: 1/1
[2026-06-02 17:16:30] [WARN] [MonitorDataTask][QRCode:12020] 指令完成
指令: ReadIdlePurgeAll
请求帧: 01 04 00 1D 00 03 20 0D
响应帧: 超时, 等待RTU响应超时, 01 04 06 00 00 00 00 00 00
处理结果: 失败
失败原因: 超时, 等待RTU响应超时
发送次数: 1/1
[2026-06-02 17:16:30] [WARN] [MonitorDataTask][QRCode:12063] 指令完成
指令: ReadIdlePurgeAll
请求帧: 01 04 00 1D 00 03 20 0D
响应帧: 超时, 等待RTU响应超时, 01 04 06 00 00 00 00 00 00
处理结果: 失败
失败原因: 超时, 等待RTU响应超时
发送次数: 1/1
[2026-06-02 17:16:30] [WARN] [MonitorDataTask][QRCode:12030] 指令完成
指令: ReadIdlePurgeAll
请求帧: 01 04 00 1D 00 03 20 0D
响应帧: 超时, 等待RTU响应超时, 01 04 06 00 00 00 00 00 00
处理结果: 失败
失败原因: 超时, 等待RTU响应超时
发送次数: 1/1
[2026-06-02 17:16:30] [WARN] [MonitorDataTask][QRCode:12028] 指令完成
指令: ReadIdlePurgeAll
请求帧: 01 04 00 1D 00 03 20 0D
响应帧: 超时, 等待RTU响应超时, 01 04 06 00 00 00 00 00 00
处理结果: 失败
失败原因: 超时, 等待RTU响应超时
发送次数: 1/1
[2026-06-02 17:16:30] [WARN] [MonitorDataTask][QRCode:12034] 指令完成
指令: ReadIdlePurgeAll
请求帧: 01 04 00 1D 00 03 20 0D
响应帧: 超时, 等待RTU响应超时, 01 04 06 00 00 00 00 00 00
处理结果: 失败
失败原因: 超时, 等待RTU响应超时
发送次数: 1/1
[2026-06-02 17:16:30] [WARN] [MonitorDataTask][QRCode:12056] 指令完成
指令: ReadIdlePurgeAll
请求帧: 01 04 00 1D 00 03 20 0D
响应帧: 超时, 等待RTU响应超时, 01 04 06 00 00 00 00 00 00
处理结果: 失败
失败原因: 超时, 等待RTU响应超时
发送次数: 1/1
[2026-06-02 17:16:30] [WARN] [MonitorDataTask][QRCode:12075] 指令完成
指令: ReadIdlePurgeAll
请求帧: 01 04 00 1D 00 03 20 0D
响应帧: 超时, 等待RTU响应超时, 01 04 06 00 00 00 00 00 00
处理结果: 失败
失败原因: 超时, 等待RTU响应超时
发送次数: 1/1
[2026-06-02 17:16:30] [WARN] [MonitorDataTask][QRCode:12002] 指令完成
指令: ReadIdlePurgeAll
请求帧: 01 04 00 1D 00 03 20 0D
响应帧: 超时, 等待RTU响应超时, 01 04 06 00 00 00 00 00 00
处理结果: 失败
失败原因: 超时, 等待RTU响应超时
发送次数: 1/1
[2026-06-02 17:16:30] [WARN] [MonitorDataTask][QRCode:12014] 指令完成
指令: ReadIdlePurgeAll
请求帧: 01 04 00 1D 00 03 20 0D
响应帧: 超时, 等待RTU响应超时, 01 04 06 00 00 00 00 00 00
处理结果: 失败
失败原因: 超时, 等待RTU响应超时
发送次数: 1/1
[2026-06-02 17:16:30] [WARN] [MonitorDataTask][QRCode:12051] 指令完成
指令: ReadIdlePurgeAll
请求帧: 01 04 00 1D 00 03 20 0D
响应帧: 超时, 等待RTU响应超时, 01 04 06 00 00 00 00 00 00
处理结果: 失败
失败原因: 超时, 等待RTU响应超时
发送次数: 1/1
[2026-06-02 17:16:30] [WARN] [MonitorDataTask][QRCode:12047] 指令完成
指令: ReadIdlePurgeAll
请求帧: 01 04 00 1D 00 03 20 0D
响应帧: 超时, 等待RTU响应超时, 01 04 06 00 00 00 00 00 00
处理结果: 失败
失败原因: 超时, 等待RTU响应超时
发送次数: 1/1
[2026-06-02 17:16:30] [WARN] [MonitorDataTask][QRCode:12078] 指令完成
指令: ReadIdlePurgeAll
请求帧: 01 04 00 1D 00 03 20 0D
响应帧: 超时, 等待RTU响应超时, 01 04 06 00 00 00 00 00 00
处理结果: 失败
失败原因: 超时, 等待RTU响应超时
发送次数: 1/1
[2026-06-02 17:16:30] [WARN] [MonitorDataTask][QRCode:12017] 指令完成
指令: ReadIdlePurgeAll
请求帧: 01 04 00 1D 00 03 20 0D
响应帧: 超时, 等待RTU响应超时, 01 04 06 00 00 00 00 00 00
处理结果: 失败
失败原因: 超时, 等待RTU响应超时
发送次数: 1/1
[2026-06-02 17:16:30] [WARN] [MonitorDataTask][QRCode:12021] 指令完成
指令: ReadIdlePurgeAll
请求帧: 01 04 00 1D 00 03 20 0D
响应帧: 超时, 等待RTU响应超时, 01 04 06 00 00 00 00 00 00
处理结果: 失败
失败原因: 超时, 等待RTU响应超时
发送次数: 1/1
[2026-06-02 17:16:30] [WARN] [MonitorDataTask][QRCode:12029] 指令完成
指令: ReadIdlePurgeAll
请求帧: 01 04 00 1D 00 03 20 0D
响应帧: 超时, 等待RTU响应超时, 01 04 06 00 00 00 00 00 00
处理结果: 失败
失败原因: 超时, 等待RTU响应超时
发送次数: 1/1
[2026-06-02 17:16:30] [WARN] [MonitorDataTask][QRCode:12001] 指令完成
指令: ReadIdlePurgeAll
请求帧: 01 04 00 1D 00 03 20 0D
响应帧: 超时, 等待RTU响应超时, 01 04 06 00 00 00 00 00 00
处理结果: 失败
失败原因: 超时, 等待RTU响应超时
发送次数: 1/1
[2026-06-02 17:16:30] [WARN] [MonitorDataTask][QRCode:12003] 指令完成
指令: ReadIdlePurgeAll
请求帧: 01 04 00 1D 00 03 20 0D
响应帧: 超时, 等待RTU响应超时, 01 04 06 00 00 00 00 00 00
处理结果: 失败
失败原因: 超时, 等待RTU响应超时
发送次数: 1/1
[2026-06-02 17:16:30] [WARN] [MonitorDataTask][QRCode:12060] 指令完成
指令: ReadIdlePurgeAll
请求帧: 01 04 00 1D 00 03 20 0D
响应帧: 超时, 等待RTU响应超时, 01 04 06 00 00 00 00 00 00
处理结果: 失败
失败原因: 超时, 等待RTU响应超时
发送次数: 1/1
[2026-06-02 17:16:30] [WARN] [MonitorDataTask][QRCode:12009] 指令完成
指令: ReadIdlePurgeAll
请求帧: 01 04 00 1D 00 03 20 0D
响应帧: 超时, 等待RTU响应超时, 01 04 06 00 00 00 00 00 00
处理结果: 失败
失败原因: 超时, 等待RTU响应超时
发送次数: 1/1
[2026-06-02 17:16:30] [WARN] [MonitorDataTask][QRCode:12064] 指令完成
指令: ReadIdlePurgeAll
请求帧: 01 04 00 1D 00 03 20 0D
响应帧: 超时, 等待RTU响应超时, 01 04 06 00 00 00 00 00 00
处理结果: 失败
失败原因: 超时, 等待RTU响应超时
发送次数: 1/1
[2026-06-02 17:16:30] [WARN] [MonitorDataTask][QRCode:12022] 指令完成
指令: ReadIdlePurgeAll
请求帧: 01 04 00 1D 00 03 20 0D
响应帧: 超时, 等待RTU响应超时, 01 04 06 00 00 00 00 00 00
处理结果: 失败
失败原因: 超时, 等待RTU响应超时
发送次数: 1/1
[2026-06-02 17:16:30] [WARN] [MonitorDataTask][QRCode:12042] 指令完成
指令: ReadIdlePurgeAll
请求帧: 01 04 00 1D 00 03 20 0D
响应帧: 超时, 等待RTU响应超时, 01 04 06 00 00 00 00 00 00
处理结果: 失败
失败原因: 超时, 等待RTU响应超时
发送次数: 1/1
[2026-06-02 17:16:30] [WARN] [MonitorDataTask][QRCode:12018] 指令完成
指令: ReadIdlePurgeAll
请求帧: 01 04 00 1D 00 03 20 0D
响应帧: 超时, 等待RTU响应超时, 01 04 06 00 00 00 00 00 00
处理结果: 失败
失败原因: 超时, 等待RTU响应超时
发送次数: 1/1
[2026-06-02 17:16:30] [WARN] [MonitorDataTask][QRCode:12059] 指令完成
指令: ReadIdlePurgeAll
请求帧: 01 04 00 1D 00 03 20 0D
响应帧: 超时, 等待RTU响应超时, 01 04 06 00 00 00 00 00 00
处理结果: 失败
失败原因: 超时, 等待RTU响应超时
发送次数: 1/1
[2026-06-02 17:16:30] [WARN] [MonitorDataTask][QRCode:12050] 指令完成
指令: ReadIdlePurgeAll
请求帧: 01 04 00 1D 00 03 20 0D
响应帧: 超时, 等待RTU响应超时, 01 04 06 00 00 00 00 00 00
处理结果: 失败
失败原因: 超时, 等待RTU响应超时
发送次数: 1/1
[2026-06-02 17:16:30] [WARN] [MonitorDataTask][QRCode:12039] 指令完成
指令: ReadIdlePurgeAll
请求帧: 01 04 00 1D 00 03 20 0D
响应帧: 超时, 等待RTU响应超时, 01 04 06 00 00 00 00 00 00
处理结果: 失败
失败原因: 超时, 等待RTU响应超时
发送次数: 1/1
[2026-06-02 17:16:30] [WARN] [MonitorDataTask][QRCode:12069] 指令完成
指令: ReadIdlePurgeAll
请求帧: 01 04 00 1D 00 03 20 0D
响应帧: 超时, 等待RTU响应超时, 01 04 06 00 00 00 00 00 00
处理结果: 失败
失败原因: 超时, 等待RTU响应超时
发送次数: 1/1
[2026-06-02 17:16:30] [WARN] [MonitorDataTask][QRCode:12007] 指令完成
指令: ReadIdlePurgeAll
请求帧: 01 04 00 1D 00 03 20 0D
响应帧: 超时, 等待RTU响应超时, 01 04 06 00 00 00 00 00 00
处理结果: 失败
失败原因: 超时, 等待RTU响应超时
发送次数: 1/1
[2026-06-02 17:16:30] [WARN] [MonitorDataTask][QRCode:12048] 指令完成
指令: ReadIdlePurgeAll
请求帧: 01 04 00 1D 00 03 20 0D
响应帧: 超时, 等待RTU响应超时, 01 04 06 00 00 00 00 00 00
处理结果: 失败
失败原因: 超时, 等待RTU响应超时
发送次数: 1/1
[2026-06-02 17:16:30] [WARN] [MonitorDataTask][QRCode:12038] 指令完成
指令: ReadIdlePurgeAll
请求帧: 01 04 00 1D 00 03 20 0D
响应帧: 超时, 等待RTU响应超时, 01 04 06 00 00 00 00 00 00
处理结果: 失败
失败原因: 超时, 等待RTU响应超时
发送次数: 1/1
[2026-06-02 17:16:30] [WARN] [MonitorDataTask][QRCode:12036] 指令完成
指令: ReadIdlePurgeAll
请求帧: 01 04 00 1D 00 03 20 0D
响应帧: 超时, 等待RTU响应超时, 01 04 06 00 00 00 00 00 00
处理结果: 失败
失败原因: 超时, 等待RTU响应超时
发送次数: 1/1
[2026-06-02 17:16:30] [WARN] [MonitorDataTask][QRCode:12006] 指令完成
指令: ReadIdlePurgeAll
请求帧: 01 04 00 1D 00 03 20 0D
响应帧: 超时, 等待RTU响应超时, 01 04 06 00 00 00 00 00 00
处理结果: 失败
失败原因: 超时, 等待RTU响应超时
发送次数: 1/1
[2026-06-02 17:16:30] [WARN] [MonitorDataTask][QRCode:12040] 指令完成
指令: ReadIdlePurgeAll
请求帧: 01 04 00 1D 00 03 20 0D
响应帧: 超时, 等待RTU响应超时, 01 04 06 00 00 00 00 00 00
处理结果: 失败
失败原因: 超时, 等待RTU响应超时
发送次数: 1/1
[2026-06-02 17:16:30] [WARN] [MonitorDataTask][QRCode:12035] 指令完成
指令: ReadIdlePurgeAll
请求帧: 01 04 00 1D 00 03 20 0D
响应帧: 超时, 等待RTU响应超时, 01 04 06 00 00 00 00 00 00
处理结果: 失败
失败原因: 超时, 等待RTU响应超时
发送次数: 1/1
[2026-06-02 17:16:30] [WARN] [MonitorDataTask][QRCode:12068] 指令完成
指令: ReadIdlePurgeAll
请求帧: 01 04 00 1D 00 03 20 0D
响应帧: 超时, 等待RTU响应超时, 01 04 06 00 00 00 00 00 00
处理结果: 失败
失败原因: 超时, 等待RTU响应超时
发送次数: 1/1
[2026-06-02 17:16:30] [WARN] [MonitorDataTask][QRCode:12076] 指令完成
指令: ReadIdlePurgeAll
请求帧: 01 04 00 1D 00 03 20 0D
响应帧: 超时, 等待RTU响应超时, 01 04 06 00 00 00 00 00 00
处理结果: 失败
失败原因: 超时, 等待RTU响应超时
发送次数: 1/1
[2026-06-02 17:16:30] [WARN] [MonitorDataTask][QRCode:12062] 指令完成
指令: ReadIdlePurgeAll
请求帧: 01 04 00 1D 00 03 20 0D
响应帧: 超时, 等待RTU响应超时, 01 04 06 00 00 00 00 00 00
处理结果: 失败
失败原因: 超时, 等待RTU响应超时
发送次数: 1/1
[2026-06-02 17:16:30] [WARN] [MonitorDataTask][QRCode:12015] 指令完成
指令: ReadIdlePurgeAll
请求帧: 01 04 00 1D 00 03 20 0D
响应帧: 超时, 等待RTU响应超时, 01 04 06 00 00 00 00 00 00
处理结果: 失败
失败原因: 超时, 等待RTU响应超时
发送次数: 1/1
[2026-06-02 17:16:30] [WARN] [MonitorDataTask][QRCode:12012] 指令完成
指令: ReadIdlePurgeAll
请求帧: 01 04 00 1D 00 03 20 0D
响应帧: 超时, 等待RTU响应超时, 01 04 06 00 00 00 00 00 00
处理结果: 失败
失败原因: 超时, 等待RTU响应超时
发送次数: 1/1
[2026-06-02 17:16:30] [WARN] [MonitorDataTask][QRCode:12043] 指令完成
指令: ReadIdlePurgeAll
请求帧: 01 04 00 1D 00 03 20 0D
响应帧: 超时, 等待RTU响应超时, 01 04 06 00 00 00 00 00 00
处理结果: 失败
失败原因: 超时, 等待RTU响应超时
发送次数: 1/1
[2026-06-02 17:16:30] [WARN] [MonitorDataTask][QRCode:12052] 指令完成
指令: ReadIdlePurgeAll
请求帧: 01 04 00 1D 00 03 20 0D
响应帧: 超时, 等待RTU响应超时, 01 04 06 00 00 00 00 00 00
处理结果: 失败
失败原因: 超时, 等待RTU响应超时
发送次数: 1/1
[2026-06-02 17:16:30] [WARN] [MonitorDataTask][QRCode:12024] 指令完成
指令: ReadIdlePurgeAll
请求帧: 01 04 00 1D 00 03 20 0D
响应帧: 超时, 等待RTU响应超时, 01 04 06 00 00 00 00 00 00
处理结果: 失败
失败原因: 超时, 等待RTU响应超时
发送次数: 1/1
[2026-06-02 17:16:30] [WARN] [MonitorDataTask][QRCode:12080] 指令完成
指令: ReadIdlePurgeAll
请求帧: 01 04 00 1D 00 03 20 0D
响应帧: 超时, 等待RTU响应超时, 01 04 06 00 00 00 00 00 00
处理结果: 失败
失败原因: 超时, 等待RTU响应超时
发送次数: 1/1
[2026-06-02 17:16:30] [WARN] [MonitorDataTask][QRCode:12057] 指令完成
指令: ReadIdlePurgeAll
请求帧: 01 04 00 1D 00 03 20 0D
响应帧: 超时, 等待RTU响应超时, 01 04 06 00 00 00 00 00 00
处理结果: 失败
失败原因: 超时, 等待RTU响应超时
发送次数: 1/1
[2026-06-02 17:16:30] [WARN] [MonitorDataTask][QRCode:12049] 指令完成
指令: ReadIdlePurgeAll
请求帧: 01 04 00 1D 00 03 20 0D
响应帧: 超时, 等待RTU响应超时, 01 04 06 00 00 00 00 00 00
处理结果: 失败
失败原因: 超时, 等待RTU响应超时
发送次数: 1/1
[2026-06-02 17:16:30] [WARN] [MonitorDataTask][QRCode:12044] 指令完成
指令: ReadIdlePurgeAll
请求帧: 01 04 00 1D 00 03 20 0D
响应帧: 超时, 等待RTU响应超时, 01 04 06 00 00 00 00 00 00
处理结果: 失败
失败原因: 超时, 等待RTU响应超时
发送次数: 1/1
[2026-06-02 17:16:30] [WARN] [MonitorDataTask][QRCode:12004] 指令完成
指令: ReadIdlePurgeAll
请求帧: 01 04 00 1D 00 03 20 0D
响应帧: 超时, 等待RTU响应超时, 01 04 06 00 00 00 00 00 00
处理结果: 失败
失败原因: 超时, 等待RTU响应超时
发送次数: 1/1
[2026-06-02 17:16:30] [WARN] [MonitorDataTask][QRCode:12071] 指令完成
指令: ReadIdlePurgeAll
请求帧: 01 04 00 1D 00 03 20 0D
响应帧: 超时, 等待RTU响应超时, 01 04 06 00 00 00 00 00 00
处理结果: 失败
失败原因: 超时, 等待RTU响应超时
发送次数: 1/1
[2026-06-02 17:16:30] [WARN] [MonitorDataTask][QRCode:12011] 指令完成
指令: ReadIdlePurgeAll
请求帧: 01 04 00 1D 00 03 20 0D
响应帧: 超时, 等待RTU响应超时, 01 04 06 00 00 00 00 00 00
处理结果: 失败
失败原因: 超时, 等待RTU响应超时
发送次数: 1/1
[2026-06-02 17:16:30] [WARN] [MonitorDataTask][QRCode:12073] 指令完成
指令: ReadIdlePurgeAll
请求帧: 01 04 00 1D 00 03 20 0D
响应帧: 超时, 等待RTU响应超时, 01 04 06 00 00 00 00 00 00
处理结果: 失败
失败原因: 超时, 等待RTU响应超时
发送次数: 1/1
[2026-06-02 17:16:30] [WARN] [MonitorDataTask][QRCode:12045] 指令完成
指令: ReadIdlePurgeAll
请求帧: 01 04 00 1D 00 03 20 0D
响应帧: 超时, 等待RTU响应超时, 01 04 06 00 00 00 00 00 00
处理结果: 失败
失败原因: 超时, 等待RTU响应超时
发送次数: 1/1
[2026-06-02 17:16:30] [WARN] [MonitorDataTask][QRCode:12054] 指令完成
指令: ReadIdlePurgeAll
请求帧: 01 04 00 1D 00 03 20 0D
响应帧: 超时, 等待RTU响应超时, 01 04 06 00 00 00 00 00 00
处理结果: 失败
失败原因: 超时, 等待RTU响应超时
发送次数: 1/1
[2026-06-02 17:16:30] [WARN] [MonitorDataTask][QRCode:12013] 指令完成
指令: ReadIdlePurgeAll
请求帧: 01 04 00 1D 00 03 20 0D
响应帧: 超时, 等待RTU响应超时, 01 04 06 00 00 00 00 00 00
处理结果: 失败
失败原因: 超时, 等待RTU响应超时
发送次数: 1/1
[2026-06-02 17:16:30] [WARN] [MonitorDataTask][QRCode:12061] 指令完成
指令: ReadIdlePurgeAll
请求帧: 01 04 00 1D 00 03 20 0D
响应帧: 超时, 等待RTU响应超时, 01 04 06 00 00 00 00 00 00
处理结果: 失败
失败原因: 超时, 等待RTU响应超时
发送次数: 1/1
[2026-06-02 17:16:30] [WARN] [MonitorDataTask][QRCode:12074] 指令完成
指令: ReadIdlePurgeAll
请求帧: 01 04 00 1D 00 03 20 0D
响应帧: 超时, 等待RTU响应超时, 01 04 06 00 00 00 00 00 00
处理结果: 失败
失败原因: 超时, 等待RTU响应超时
发送次数: 1/1
[2026-06-02 17:16:30] [WARN] [MonitorDataTask][QRCode:12055] 指令完成
指令: ReadIdlePurgeAll
请求帧: 01 04 00 1D 00 03 20 0D
响应帧: 超时, 等待RTU响应超时, 01 04 06 00 00 00 00 00 00
处理结果: 失败
失败原因: 超时, 等待RTU响应超时
发送次数: 1/1
[2026-06-02 17:16:30] [WARN] [MonitorDataTask][QRCode:12031] 指令完成
指令: ReadIdlePurgeAll
请求帧: 01 04 00 1D 00 03 20 0D
响应帧: 超时, 等待RTU响应超时, 01 04 06 00 00 00 00 00 00
处理结果: 失败
失败原因: 超时, 等待RTU响应超时
发送次数: 1/1
[2026-06-02 17:16:31] [WARN] [MonitorDataTask][QRCode:12027] 指令完成
指令: ReadIdlePurgeAll
请求帧: 01 04 00 1D 00 03 20 0D
响应帧: 超时, 等待RTU响应超时, 01 04 06 00 00 00 00 00 00
处理结果: 失败
失败原因: 超时, 等待RTU响应超时
发送次数: 1/1
[2026-06-02 17:16:31] [WARN] [MonitorDataTask][QRCode:12037] 指令完成
指令: ReadIdlePurgeAll
请求帧: 01 04 00 1D 00 03 20 0D
响应帧: 超时, 等待RTU响应超时, 01 04 06 00 00 00 00 00 00
处理结果: 失败
失败原因: 超时, 等待RTU响应超时
发送次数: 1/1
[2026-06-02 17:16:31] [WARN] [MonitorDataTask][QRCode:12032] 指令完成
指令: ReadIdlePurgeAll
请求帧: 01 04 00 1D 00 03 20 0D
响应帧: 超时, 等待RTU响应超时, 01 04 06 00 00 00 00 00 00
处理结果: 失败
失败原因: 超时, 等待RTU响应超时
发送次数: 1/1
[2026-06-02 17:16:31] [WARN] [MonitorDataTask][QRCode:12008] 指令完成
指令: ReadIdlePurgeAll
请求帧: 01 04 00 1D 00 03 20 0D
响应帧: 超时, 等待RTU响应超时, 01 04 06 00 00 00 00 00 00
处理结果: 失败
失败原因: 超时, 等待RTU响应超时
发送次数: 1/1
[2026-06-02 17:16:31] [WARN] [MonitorDataTask][QRCode:12053] 指令完成
指令: ReadIdlePurgeAll
请求帧: 01 04 00 1D 00 03 20 0D
响应帧: 超时, 等待RTU响应超时, 01 04 06 00 00 00 00 00 00
处理结果: 失败
失败原因: 超时, 等待RTU响应超时
发送次数: 1/1
[2026-06-02 17:16:31] [WARN] [MonitorDataTask][QRCode:12046] 指令完成
指令: ReadIdlePurgeAll
请求帧: 01 04 00 1D 00 03 20 0D
响应帧: 超时, 等待RTU响应超时, 01 04 06 00 00 00 00 00 00
处理结果: 失败
失败原因: 超时, 等待RTU响应超时
发送次数: 1/1
[2026-06-02 17:16:31] [WARN] [MonitorDataTask][QRCode:12025] 指令完成
指令: ReadIdlePurgeAll
请求帧: 01 04 00 1D 00 03 20 0D
响应帧: 超时, 等待RTU响应超时, 01 04 06 00 00 00 00 00 00
处理结果: 失败
失败原因: 超时, 等待RTU响应超时
发送次数: 1/1
[2026-06-02 17:16:31] [WARN] [MonitorDataTask][QRCode:12023] 指令完成
指令: ReadIdlePurgeAll
请求帧: 01 04 00 1D 00 03 20 0D
响应帧: 超时, 等待RTU响应超时, 01 04 06 00 00 00 00 00 00
处理结果: 失败
失败原因: 超时, 等待RTU响应超时
发送次数: 1/1
[2026-06-02 17:16:31] [WARN] [MonitorDataTask][QRCode:12033] 指令完成
指令: ReadIdlePurgeAll
请求帧: 01 04 00 1D 00 03 20 0D
响应帧: 超时, 等待RTU响应超时, 01 04 06 00 00 00 00 00 00
处理结果: 失败
失败原因: 超时, 等待RTU响应超时
发送次数: 1/1
[2026-06-02 17:16:31] [WARN] [MonitorDataTask][QRCode:12041] 指令完成
指令: ReadIdlePurgeAll
请求帧: 01 04 00 1D 00 03 20 0D
响应帧: 超时, 等待RTU响应超时, 01 04 06 00 00 00 00 00 00
处理结果: 失败
失败原因: 超时, 等待RTU响应超时
发送次数: 1/1
[2026-06-02 17:16:31] [WARN] [MonitorDataTask][QRCode:12058] 指令完成
指令: ReadIdlePurgeAll
请求帧: 01 04 00 1D 00 03 20 0D
响应帧: 超时, 等待RTU响应超时, 01 04 06 00 00 00 00 00 00
处理结果: 失败
失败原因: 超时, 等待RTU响应超时
发送次数: 1/1
[2026-06-02 17:16:31] [WARN] [MonitorDataTask][QRCode:12019] 指令完成
指令: ReadIdlePurgeAll
请求帧: 01 04 00 1D 00 03 20 0D
响应帧: 超时, 等待RTU响应超时, 01 04 06 00 00 00 00 00 00
处理结果: 失败
失败原因: 超时, 等待RTU响应超时
发送次数: 1/1
[2026-06-02 17:16:31] [WARN] [MonitorDataTask][QRCode:12026] 指令完成
指令: ReadIdlePurgeAll
请求帧: 01 04 00 1D 00 03 20 0D
响应帧: 超时, 等待RTU响应超时, 01 04 06 00 00 00 00 00 00
处理结果: 失败
失败原因: 超时, 等待RTU响应超时
发送次数: 1/1
[2026-06-02 17:16:31] [WARN] [MonitorDataTask][QRCode:12065] 指令完成
指令: ReadIdlePurgeAll
请求帧: 01 04 00 1D 00 03 20 0D
响应帧: 超时, 等待RTU响应超时, 01 04 06 00 00 00 00 00 00
处理结果: 失败
失败原因: 超时, 等待RTU响应超时
发送次数: 1/1
[2026-06-02 17:16:31] [WARN] [MonitorDataTask][QRCode:12079] 指令完成
指令: ReadIdlePurgeAll
请求帧: 01 04 00 1D 00 03 20 0D
响应帧: 超时, 等待RTU响应超时, 01 04 06 00 00 00 00 00 00
处理结果: 失败
失败原因: 超时, 等待RTU响应超时
发送次数: 1/1
[2026-06-02 17:16:31] [WARN] [MonitorDataTask][QRCode:12067] 指令完成
指令: ReadIdlePurgeAll
请求帧: 01 04 00 1D 00 03 20 0D
响应帧: 超时, 等待RTU响应超时, 01 04 06 00 00 00 00 00 00
处理结果: 失败
失败原因: 超时, 等待RTU响应超时
发送次数: 1/1
[2026-06-02 17:16:31] [WARN] [MonitorDataTask][QRCode:12077] 指令完成
指令: ReadIdlePurgeAll
请求帧: 01 04 00 1D 00 03 20 0D
响应帧: 超时, 等待RTU响应超时, 01 04 06 00 00 00 00 00 00
处理结果: 失败
失败原因: 超时, 等待RTU响应超时
发送次数: 1/1
[2026-06-02 17:16:31] [WARN] [MonitorDataTask][QRCode:12005] 指令完成
指令: ReadIdlePurgeAll
请求帧: 01 04 00 1D 00 03 20 0D
响应帧: 超时, 等待RTU响应超时, 01 04 06 00 00 00 00 00 00
处理结果: 失败
失败原因: 超时, 等待RTU响应超时
发送次数: 1/1
[2026-06-02 17:16:31] [WARN] [MonitorDataTask][QRCode:12070] 指令完成
指令: ReadIdlePurgeAll
请求帧: 01 04 00 1D 00 03 20 0D
响应帧: 超时, 等待RTU响应超时, 01 04 06 00 00 00 00 00 00
处理结果: 失败
失败原因: 超时, 等待RTU响应超时
发送次数: 1/1
[2026-06-02 17:16:31] [WARN] [MonitorDataTask][QRCode:12016] 指令完成
指令: ReadIdlePurgeAll
请求帧: 01 04 00 1D 00 03 20 0D
响应帧: 超时, 等待RTU响应超时, 01 04 06 00 00 00 00 00 00
处理结果: 失败
失败原因: 超时, 等待RTU响应超时
发送次数: 1/1
[2026-06-02 17:16:31] [WARN] [MonitorDataTask][QRCode:12010] 指令完成
指令: ReadIdlePurgeAll
请求帧: 01 04 00 1D 00 03 20 0D
响应帧: 超时, 等待RTU响应超时, 01 04 06 00 00 00 00 00 00
处理结果: 失败
失败原因: 超时, 等待RTU响应超时
发送次数: 1/1
[2026-06-02 17:16:31] [WARN] [MonitorDataTask][QRCode:12072] 指令完成
指令: ReadIdlePurgeAll
请求帧: 01 04 00 1D 00 03 20 0D
响应帧: 超时, 等待RTU响应超时, 01 04 06 00 00 00 00 00 00
处理结果: 失败
失败原因: 超时, 等待RTU响应超时
发送次数: 1/1
[2026-06-02 17:16:31] [WARN] [MonitorDataTask][QRCode:12066] 指令完成
指令: ReadIdlePurgeAll
请求帧: 01 04 00 1D 00 03 20 0D
响应帧: 超时, 等待RTU响应超时, 01 04 06 00 00 00 00 00 00
处理结果: 失败
失败原因: 超时, 等待RTU响应超时
发送次数: 1/1
[2026-06-02 17:16:31] [WARN] [MonitorDataTask][QRCode:12020] 指令完成
指令: ReadIdlePurgeAll
请求帧: 01 04 00 1D 00 03 20 0D
响应帧: 超时, 等待RTU响应超时, 01 04 06 00 00 00 00 00 00
处理结果: 失败
失败原因: 超时, 等待RTU响应超时
发送次数: 1/1
[2026-06-02 17:16:31] [WARN] [MonitorDataTask][QRCode:12030] 指令完成
指令: ReadIdlePurgeAll
请求帧: 01 04 00 1D 00 03 20 0D
响应帧: 超时, 等待RTU响应超时, 01 04 06 00 00 00 00 00 00
处理结果: 失败
失败原因: 超时, 等待RTU响应超时
发送次数: 1/1
[2026-06-02 17:16:31] [WARN] [MonitorDataTask][QRCode:12063] 指令完成
指令: ReadIdlePurgeAll
请求帧: 01 04 00 1D 00 03 20 0D
响应帧: 超时, 等待RTU响应超时, 01 04 06 00 00 00 00 00 00
处理结果: 失败
失败原因: 超时, 等待RTU响应超时
发送次数: 1/1
[2026-06-02 17:16:31] [WARN] [MonitorDataTask][QRCode:12028] 指令完成
指令: ReadIdlePurgeAll
请求帧: 01 04 00 1D 00 03 20 0D
响应帧: 超时, 等待RTU响应超时, 01 04 06 00 00 00 00 00 00
处理结果: 失败
失败原因: 超时, 等待RTU响应超时
发送次数: 1/1
[2026-06-02 17:16:31] [WARN] [MonitorDataTask][QRCode:12034] 指令完成
指令: ReadIdlePurgeAll
请求帧: 01 04 00 1D 00 03 20 0D
响应帧: 超时, 等待RTU响应超时, 01 04 06 00 00 00 00 00 00
处理结果: 失败
失败原因: 超时, 等待RTU响应超时
发送次数: 1/1
[2026-06-02 17:16:31] [WARN] [MonitorDataTask][QRCode:12056] 指令完成
指令: ReadIdlePurgeAll
请求帧: 01 04 00 1D 00 03 20 0D
响应帧: 超时, 等待RTU响应超时, 01 04 06 00 00 00 00 00 00
处理结果: 失败
失败原因: 超时, 等待RTU响应超时
发送次数: 1/1
[2026-06-02 17:16:32] [WARN] [MonitorDataTask][QRCode:12075] 指令完成
指令: ReadIdlePurgeAll
请求帧: 01 04 00 1D 00 03 20 0D
响应帧: 超时, 等待RTU响应超时, 01 04 06 00 00 00 00 00 00
处理结果: 失败
失败原因: 超时, 等待RTU响应超时
发送次数: 1/1
[2026-06-02 17:16:32] [WARN] [MonitorDataTask][QRCode:12002] 指令完成
指令: ReadIdlePurgeAll
请求帧: 01 04 00 1D 00 03 20 0D
响应帧: 超时, 等待RTU响应超时, 01 04 06 00 00 00 00 00 00
处理结果: 失败
失败原因: 超时, 等待RTU响应超时
发送次数: 1/1
[2026-06-02 17:16:32] [WARN] [MonitorDataTask][QRCode:12014] 指令完成
指令: ReadIdlePurgeAll
请求帧: 01 04 00 1D 00 03 20 0D
响应帧: 超时, 等待RTU响应超时, 01 04 06 00 00 00 00 00 00
处理结果: 失败
失败原因: 超时, 等待RTU响应超时
发送次数: 1/1
[2026-06-02 17:16:32] [WARN] [MonitorDataTask][QRCode:12047] 指令完成
指令: ReadIdlePurgeAll
请求帧: 01 04 00 1D 00 03 20 0D
响应帧: 超时, 等待RTU响应超时, 01 04 06 00 00 00 00 00 00
处理结果: 失败
失败原因: 超时, 等待RTU响应超时
发送次数: 1/1
[2026-06-02 17:16:32] [WARN] [MonitorDataTask][QRCode:12051] 指令完成
指令: ReadIdlePurgeAll
请求帧: 01 04 00 1D 00 03 20 0D
响应帧: 超时, 等待RTU响应超时, 01 04 06 00 00 00 00 00 00
处理结果: 失败
失败原因: 超时, 等待RTU响应超时
发送次数: 1/1
[2026-06-02 17:16:32] [WARN] [MonitorDataTask][QRCode:12078] 指令完成
指令: ReadIdlePurgeAll
请求帧: 01 04 00 1D 00 03 20 0D
响应帧: 超时, 等待RTU响应超时, 01 04 06 00 00 00 00 00 00
处理结果: 失败
失败原因: 超时, 等待RTU响应超时
发送次数: 1/1
[2026-06-02 17:16:32] [WARN] [MonitorDataTask][QRCode:12017] 指令完成
指令: ReadIdlePurgeAll
请求帧: 01 04 00 1D 00 03 20 0D
响应帧: 超时, 等待RTU响应超时, 01 04 06 00 00 00 00 00 00
处理结果: 失败
失败原因: 超时, 等待RTU响应超时
发送次数: 1/1
[2026-06-02 17:16:32] [WARN] [MonitorDataTask][QRCode:12009] 指令完成
指令: ReadIdlePurgeAll
请求帧: 01 04 00 1D 00 03 20 0D
响应帧: 超时, 等待RTU响应超时, 01 04 06 00 00 00 00 00 00
处理结果: 失败
失败原因: 超时, 等待RTU响应超时
发送次数: 1/1
[2026-06-02 17:16:32] [WARN] [MonitorDataTask][QRCode:12060] 指令完成
指令: ReadIdlePurgeAll
请求帧: 01 04 00 1D 00 03 20 0D
响应帧: 超时, 等待RTU响应超时, 01 04 06 00 00 00 00 00 00
处理结果: 失败
失败原因: 超时, 等待RTU响应超时
发送次数: 1/1
[2026-06-02 17:16:32] [WARN] [MonitorDataTask][QRCode:12001] 指令完成
指令: ReadIdlePurgeAll
请求帧: 01 04 00 1D 00 03 20 0D
响应帧: 超时, 等待RTU响应超时, 01 04 06 00 00 00 00 00 00
处理结果: 失败
失败原因: 超时, 等待RTU响应超时
发送次数: 1/1
[2026-06-02 17:16:32] [WARN] [MonitorDataTask][QRCode:12021] 指令完成
指令: ReadIdlePurgeAll
请求帧: 01 04 00 1D 00 03 20 0D
响应帧: 超时, 等待RTU响应超时, 01 04 06 00 00 00 00 00 00
处理结果: 失败
失败原因: 超时, 等待RTU响应超时
发送次数: 1/1
[2026-06-02 17:16:32] [WARN] [MonitorDataTask][QRCode:12003] 指令完成
指令: ReadIdlePurgeAll
请求帧: 01 04 00 1D 00 03 20 0D
响应帧: 超时, 等待RTU响应超时, 01 04 06 00 00 00 00 00 00
处理结果: 失败
失败原因: 超时, 等待RTU响应超时
发送次数: 1/1
[2026-06-02 17:16:32] [WARN] [MonitorDataTask][QRCode:12029] 指令完成
指令: ReadIdlePurgeAll
请求帧: 01 04 00 1D 00 03 20 0D
响应帧: 超时, 等待RTU响应超时, 01 04 06 00 00 00 00 00 00
处理结果: 失败
失败原因: 超时, 等待RTU响应超时
发送次数: 1/1
[2026-06-02 17:16:32] [WARN] [MonitorDataTask][QRCode:12064] 指令完成
指令: ReadIdlePurgeAll
请求帧: 01 04 00 1D 00 03 20 0D
响应帧: 超时, 等待RTU响应超时, 01 04 06 00 00 00 00 00 00
处理结果: 失败
失败原因: 超时, 等待RTU响应超时
发送次数: 1/1
[2026-06-02 17:16:32] [WARN] [MonitorDataTask][QRCode:12022] 指令完成
指令: ReadIdlePurgeAll
请求帧: 01 04 00 1D 00 03 20 0D
响应帧: 超时, 等待RTU响应超时, 01 04 06 00 00 00 00 00 00
处理结果: 失败
失败原因: 超时, 等待RTU响应超时
发送次数: 1/1
[2026-06-02 17:16:32] [WARN] [MonitorDataTask][QRCode:12042] 指令完成
指令: ReadIdlePurgeAll
请求帧: 01 04 00 1D 00 03 20 0D
响应帧: 超时, 等待RTU响应超时, 01 04 06 00 00 00 00 00 00
处理结果: 失败
失败原因: 超时, 等待RTU响应超时
发送次数: 1/1
[2026-06-02 17:16:32] [WARN] [MonitorDataTask][QRCode:12069] 指令完成
指令: ReadIdlePurgeAll
请求帧: 01 04 00 1D 00 03 20 0D
响应帧: 超时, 等待RTU响应超时, 01 04 06 00 00 00 00 00 00
处理结果: 失败
失败原因: 超时, 等待RTU响应超时
发送次数: 1/1
[2026-06-02 17:16:32] [WARN] [MonitorDataTask][QRCode:12007] 指令完成
指令: ReadIdlePurgeAll
请求帧: 01 04 00 1D 00 03 20 0D
响应帧: 超时, 等待RTU响应超时, 01 04 06 00 00 00 00 00 00
处理结果: 失败
失败原因: 超时, 等待RTU响应超时
发送次数: 1/1
[2026-06-02 17:16:32] [WARN] [MonitorDataTask][QRCode:12050] 指令完成
指令: ReadIdlePurgeAll
请求帧: 01 04 00 1D 00 03 20 0D
响应帧: 超时, 等待RTU响应超时, 01 04 06 00 00 00 00 00 00
处理结果: 失败
失败原因: 超时, 等待RTU响应超时
发送次数: 1/1
[2026-06-02 17:16:32] [WARN] [MonitorDataTask][QRCode:12048] 指令完成
指令: ReadIdlePurgeAll
请求帧: 01 04 00 1D 00 03 20 0D
响应帧: 超时, 等待RTU响应超时, 01 04 06 00 00 00 00 00 00
处理结果: 失败
失败原因: 超时, 等待RTU响应超时
发送次数: 1/1
[2026-06-02 17:16:32] [WARN] [MonitorDataTask][QRCode:12039] 指令完成
指令: ReadIdlePurgeAll
请求帧: 01 04 00 1D 00 03 20 0D
响应帧: 超时, 等待RTU响应超时, 01 04 06 00 00 00 00 00 00
处理结果: 失败
失败原因: 超时, 等待RTU响应超时
发送次数: 1/1
[2026-06-02 17:16:32] [WARN] [MonitorDataTask][QRCode:12038] 指令完成
指令: ReadIdlePurgeAll
请求帧: 01 04 00 1D 00 03 20 0D
响应帧: 超时, 等待RTU响应超时, 01 04 06 00 00 00 00 00 00
处理结果: 失败
失败原因: 超时, 等待RTU响应超时
发送次数: 1/1
[2026-06-02 17:16:32] [WARN] [MonitorDataTask][QRCode:12059] 指令完成
指令: ReadIdlePurgeAll
请求帧: 01 04 00 1D 00 03 20 0D
响应帧: 超时, 等待RTU响应超时, 01 04 06 00 00 00 00 00 00
处理结果: 失败
失败原因: 超时, 等待RTU响应超时
发送次数: 1/1
[2026-06-02 17:16:32] [WARN] [MonitorDataTask][QRCode:12018] 指令完成
指令: ReadIdlePurgeAll
请求帧: 01 04 00 1D 00 03 20 0D
响应帧: 超时, 等待RTU响应超时, 01 04 06 00 00 00 00 00 00
处理结果: 失败
失败原因: 超时, 等待RTU响应超时
发送次数: 1/1
[2026-06-02 17:16:32] [WARN] [MonitorDataTask][QRCode:12036] 指令完成
指令: ReadIdlePurgeAll
请求帧: 01 04 00 1D 00 03 20 0D
响应帧: 超时, 等待RTU响应超时, 01 04 06 00 00 00 00 00 00
处理结果: 失败
失败原因: 超时, 等待RTU响应超时
发送次数: 1/1
[2026-06-02 17:16:32] [WARN] [MonitorDataTask][QRCode:12006] 指令完成
指令: ReadIdlePurgeAll
请求帧: 01 04 00 1D 00 03 20 0D
响应帧: 超时, 等待RTU响应超时, 01 04 06 00 00 00 00 00 00
处理结果: 失败
失败原因: 超时, 等待RTU响应超时
发送次数: 1/1
[2026-06-02 17:16:32] [WARN] [MonitorDataTask][QRCode:12040] 指令完成
指令: ReadIdlePurgeAll
请求帧: 01 04 00 1D 00 03 20 0D
响应帧: 超时, 等待RTU响应超时, 01 04 06 00 00 00 00 00 00
处理结果: 失败
失败原因: 超时, 等待RTU响应超时
发送次数: 1/1
[2026-06-02 17:16:32] [WARN] [MonitorDataTask][QRCode:12035] 指令完成
指令: ReadIdlePurgeAll
请求帧: 01 04 00 1D 00 03 20 0D
响应帧: 超时, 等待RTU响应超时, 01 04 06 00 00 00 00 00 00
处理结果: 失败
失败原因: 超时, 等待RTU响应超时
发送次数: 1/1
[2026-06-02 17:16:32] [WARN] [MonitorDataTask][QRCode:12015] 指令完成
指令: ReadIdlePurgeAll
请求帧: 01 04 00 1D 00 03 20 0D
响应帧: 超时, 等待RTU响应超时, 01 04 06 00 00 00 00 00 00
处理结果: 失败
失败原因: 超时, 等待RTU响应超时
发送次数: 1/1
[2026-06-02 17:16:32] [WARN] [MonitorDataTask][QRCode:12043] 指令完成
指令: ReadIdlePurgeAll
请求帧: 01 04 00 1D 00 03 20 0D
响应帧: 超时, 等待RTU响应超时, 01 04 06 00 00 00 00 00 00
处理结果: 失败
失败原因: 超时, 等待RTU响应超时
发送次数: 1/1
[2026-06-02 17:16:32] [WARN] [MonitorDataTask][QRCode:12076] 指令完成
指令: ReadIdlePurgeAll
请求帧: 01 04 00 1D 00 03 20 0D
响应帧: 超时, 等待RTU响应超时, 01 04 06 00 00 00 00 00 00
处理结果: 失败
失败原因: 超时, 等待RTU响应超时
发送次数: 1/1
[2026-06-02 17:16:32] [WARN] [MonitorDataTask][QRCode:12062] 指令完成
指令: ReadIdlePurgeAll
请求帧: 01 04 00 1D 00 03 20 0D
响应帧: 超时, 等待RTU响应超时, 01 04 06 00 00 00 00 00 00
处理结果: 失败
失败原因: 超时, 等待RTU响应超时
发送次数: 1/1
[2026-06-02 17:16:32] [WARN] [MonitorDataTask][QRCode:12012] 指令完成
指令: ReadIdlePurgeAll
请求帧: 01 04 00 1D 00 03 20 0D
响应帧: 超时, 等待RTU响应超时, 01 04 06 00 00 00 00 00 00
处理结果: 失败
失败原因: 超时, 等待RTU响应超时
发送次数: 1/1
[2026-06-02 17:16:32] [WARN] [MonitorDataTask][QRCode:12068] 指令完成
指令: ReadIdlePurgeAll
请求帧: 01 04 00 1D 00 03 20 0D
响应帧: 超时, 等待RTU响应超时, 01 04 06 00 00 00 00 00 00
处理结果: 失败
失败原因: 超时, 等待RTU响应超时
发送次数: 1/1
[2026-06-02 17:16:32] [WARN] [MonitorDataTask][QRCode:12052] 指令完成
指令: ReadIdlePurgeAll
请求帧: 01 04 00 1D 00 03 20 0D
响应帧: 超时, 等待RTU响应超时, 01 04 06 00 00 00 00 00 00
处理结果: 失败
失败原因: 超时, 等待RTU响应超时
发送次数: 1/1
[2026-06-02 17:16:32] [WARN] [MonitorDataTask][QRCode:12049] 指令完成
指令: ReadIdlePurgeAll
请求帧: 01 04 00 1D 00 03 20 0D
响应帧: 超时, 等待RTU响应超时, 01 04 06 00 00 00 00 00 00
处理结果: 失败
失败原因: 超时, 等待RTU响应超时
发送次数: 1/1
[2026-06-02 17:16:32] [WARN] [MonitorDataTask][QRCode:12080] 指令完成
指令: ReadIdlePurgeAll
请求帧: 01 04 00 1D 00 03 20 0D
响应帧: 超时, 等待RTU响应超时, 01 04 06 00 00 00 00 00 00
处理结果: 失败
失败原因: 超时, 等待RTU响应超时
发送次数: 1/1
[2026-06-02 17:16:32] [WARN] [MonitorDataTask][QRCode:12024] 指令完成
指令: ReadIdlePurgeAll
请求帧: 01 04 00 1D 00 03 20 0D
响应帧: 超时, 等待RTU响应超时, 01 04 06 00 00 00 00 00 00
处理结果: 失败
失败原因: 超时, 等待RTU响应超时
发送次数: 1/1
[2026-06-02 17:16:32] [WARN] [MonitorDataTask][QRCode:12057] 指令完成
指令: ReadIdlePurgeAll
请求帧: 01 04 00 1D 00 03 20 0D
响应帧: 超时, 等待RTU响应超时, 01 04 06 00 00 00 00 00 00
处理结果: 失败
失败原因: 超时, 等待RTU响应超时
发送次数: 1/1
[2026-06-02 17:16:32] [WARN] [MonitorDataTask][QRCode:12044] 指令完成
指令: ReadIdlePurgeAll
请求帧: 01 04 00 1D 00 03 20 0D
响应帧: 超时, 等待RTU响应超时, 01 04 06 00 00 00 00 00 00
处理结果: 失败
失败原因: 超时, 等待RTU响应超时
发送次数: 1/1
[2026-06-02 17:16:32] [WARN] [MonitorDataTask][QRCode:12004] 指令完成
指令: ReadIdlePurgeAll
请求帧: 01 04 00 1D 00 03 20 0D
响应帧: 超时, 等待RTU响应超时, 01 04 06 00 00 00 00 00 00
处理结果: 失败
失败原因: 超时, 等待RTU响应超时
发送次数: 1/1
[2026-06-02 17:16:32] [WARN] [MonitorDataTask][QRCode:12073] 指令完成
指令: ReadIdlePurgeAll
请求帧: 01 04 00 1D 00 03 20 0D
响应帧: 超时, 等待RTU响应超时, 01 04 06 00 00 00 00 00 00
处理结果: 失败
失败原因: 超时, 等待RTU响应超时
发送次数: 1/1
[2026-06-02 17:16:32] [WARN] [MonitorDataTask][QRCode:12045] 指令完成
指令: ReadIdlePurgeAll
请求帧: 01 04 00 1D 00 03 20 0D
响应帧: 超时, 等待RTU响应超时, 01 04 06 00 00 00 00 00 00
处理结果: 失败
失败原因: 超时, 等待RTU响应超时
发送次数: 1/1
[2026-06-02 17:16:32] [WARN] [MonitorDataTask][QRCode:12011] 指令完成
指令: ReadIdlePurgeAll
请求帧: 01 04 00 1D 00 03 20 0D
响应帧: 超时, 等待RTU响应超时, 01 04 06 00 00 00 00 00 00
处理结果: 失败
失败原因: 超时, 等待RTU响应超时
发送次数: 1/1
[2026-06-02 17:16:32] [WARN] [MonitorDataTask][QRCode:12071] 指令完成
指令: ReadIdlePurgeAll
请求帧: 01 04 00 1D 00 03 20 0D
响应帧: 超时, 等待RTU响应超时, 01 04 06 00 00 00 00 00 00
处理结果: 失败
失败原因: 超时, 等待RTU响应超时
发送次数: 1/1
[2026-06-02 17:16:32] [WARN] [MonitorDataTask][QRCode:12061] 指令完成
指令: ReadIdlePurgeAll
请求帧: 01 04 00 1D 00 03 20 0D
响应帧: 超时, 等待RTU响应超时, 01 04 06 00 00 00 00 00 00
处理结果: 失败
失败原因: 超时, 等待RTU响应超时
发送次数: 1/1
[2026-06-02 17:16:32] [WARN] [MonitorDataTask][QRCode:12013] 指令完成
指令: ReadIdlePurgeAll
请求帧: 01 04 00 1D 00 03 20 0D
响应帧: 超时, 等待RTU响应超时, 01 04 06 00 00 00 00 00 00
处理结果: 失败
失败原因: 超时, 等待RTU响应超时
发送次数: 1/1
[2026-06-02 17:16:32] [WARN] [MonitorDataTask][QRCode:12074] 指令完成
指令: ReadIdlePurgeAll
请求帧: 01 04 00 1D 00 03 20 0D
响应帧: 超时, 等待RTU响应超时, 01 04 06 00 00 00 00 00 00
处理结果: 失败
失败原因: 超时, 等待RTU响应超时
发送次数: 1/1
[2026-06-02 17:16:32] [WARN] [MonitorDataTask][QRCode:12054] 指令完成
指令: ReadIdlePurgeAll
请求帧: 01 04 00 1D 00 03 20 0D
响应帧: 超时, 等待RTU响应超时, 01 04 06 00 00 00 00 00 00
处理结果: 失败
失败原因: 超时, 等待RTU响应超时
发送次数: 1/1
[2026-06-02 17:16:32] [WARN] [MonitorDataTask][QRCode:12031] 指令完成
指令: ReadIdlePurgeAll
请求帧: 01 04 00 1D 00 03 20 0D
响应帧: 超时, 等待RTU响应超时, 01 04 06 00 00 00 00 00 00
处理结果: 失败
失败原因: 超时, 等待RTU响应超时
发送次数: 1/1
[2026-06-02 17:16:32] [WARN] [MonitorDataTask][QRCode:12055] 指令完成
指令: ReadIdlePurgeAll
请求帧: 01 04 00 1D 00 03 20 0D
响应帧: 超时, 等待RTU响应超时, 01 04 06 00 00 00 00 00 00
处理结果: 失败
失败原因: 超时, 等待RTU响应超时
发送次数: 1/1
[2026-06-02 17:16:32] [WARN] [MonitorDataTask][QRCode:12037] 指令完成
指令: ReadIdlePurgeAll
请求帧: 01 04 00 1D 00 03 20 0D
响应帧: 超时, 等待RTU响应超时, 01 04 06 00 00 00 00 00 00
处理结果: 失败
失败原因: 超时, 等待RTU响应超时
发送次数: 1/1
[2026-06-02 17:16:32] [WARN] [MonitorDataTask][QRCode:12027] 指令完成
指令: ReadIdlePurgeAll
请求帧: 01 04 00 1D 00 03 20 0D
响应帧: 超时, 等待RTU响应超时, 01 04 06 00 00 00 00 00 00
处理结果: 失败
失败原因: 超时, 等待RTU响应超时
发送次数: 1/1
[2026-06-02 17:16:32] [WARN] [MonitorDataTask][QRCode:12032] 指令完成
指令: ReadIdlePurgeAll
请求帧: 01 04 00 1D 00 03 20 0D
响应帧: 超时, 等待RTU响应超时, 01 04 06 00 00 00 00 00 00
处理结果: 失败
失败原因: 超时, 等待RTU响应超时
发送次数: 1/1
[2026-06-02 17:16:32] [WARN] [MonitorDataTask][QRCode:12008] 指令完成
指令: ReadIdlePurgeAll
请求帧: 01 04 00 1D 00 03 20 0D
响应帧: 超时, 等待RTU响应超时, 01 04 06 00 00 00 00 00 00
处理结果: 失败
失败原因: 超时, 等待RTU响应超时
发送次数: 1/1
[2026-06-02 17:16:32] [WARN] [MonitorDataTask][QRCode:12046] 指令完成
指令: ReadIdlePurgeAll
请求帧: 01 04 00 1D 00 03 20 0D
响应帧: 超时, 等待RTU响应超时, 01 04 06 00 00 00 00 00 00
处理结果: 失败
失败原因: 超时, 等待RTU响应超时
发送次数: 1/1
[2026-06-02 17:16:32] [WARN] [MonitorDataTask][QRCode:12025] 指令完成
指令: ReadIdlePurgeAll
请求帧: 01 04 00 1D 00 03 20 0D
响应帧: 超时, 等待RTU响应超时, 01 04 06 00 00 00 00 00 00
处理结果: 失败
失败原因: 超时, 等待RTU响应超时
发送次数: 1/1
[2026-06-02 17:16:32] [WARN] [MonitorDataTask][QRCode:12053] 指令完成
指令: ReadIdlePurgeAll
请求帧: 01 04 00 1D 00 03 20 0D
响应帧: 超时, 等待RTU响应超时, 01 04 06 00 00 00 00 00 00
处理结果: 失败
失败原因: 超时, 等待RTU响应超时
发送次数: 1/1
[2026-06-02 17:16:32] [WARN] [MonitorDataTask][QRCode:12033] 指令完成
指令: ReadIdlePurgeAll
请求帧: 01 04 00 1D 00 03 20 0D
响应帧: 超时, 等待RTU响应超时, 01 04 06 00 00 00 00 00 00
处理结果: 失败
失败原因: 超时, 等待RTU响应超时
发送次数: 1/1
[2026-06-02 17:16:32] [WARN] [MonitorDataTask][QRCode:12023] 指令完成
指令: ReadIdlePurgeAll
请求帧: 01 04 00 1D 00 03 20 0D
响应帧: 超时, 等待RTU响应超时, 01 04 06 00 00 00 00 00 00
处理结果: 失败
失败原因: 超时, 等待RTU响应超时
发送次数: 1/1
[2026-06-02 17:16:32] [WARN] [MonitorDataTask][QRCode:12041] 指令完成
指令: ReadIdlePurgeAll
请求帧: 01 04 00 1D 00 03 20 0D
响应帧: 超时, 等待RTU响应超时, 01 04 06 00 00 00 00 00 00
处理结果: 失败
失败原因: 超时, 等待RTU响应超时
发送次数: 1/1
[2026-06-02 17:16:32] [WARN] [MonitorDataTask][QRCode:12019] 指令完成
指令: ReadIdlePurgeAll
请求帧: 01 04 00 1D 00 03 20 0D
响应帧: 超时, 等待RTU响应超时, 01 04 06 00 00 00 00 00 00
处理结果: 失败
失败原因: 超时, 等待RTU响应超时
发送次数: 1/1
[2026-06-02 17:16:32] [WARN] [MonitorDataTask][QRCode:12026] 指令完成
指令: ReadIdlePurgeAll
请求帧: 01 04 00 1D 00 03 20 0D
响应帧: 超时, 等待RTU响应超时, 01 04 06 00 00 00 00 00 00
处理结果: 失败
失败原因: 超时, 等待RTU响应超时
发送次数: 1/1
[2026-06-02 17:16:32] [WARN] [MonitorDataTask][QRCode:12058] 指令完成
指令: ReadIdlePurgeAll
请求帧: 01 04 00 1D 00 03 20 0D
响应帧: 超时, 等待RTU响应超时, 01 04 06 00 00 00 00 00 00
处理结果: 失败
失败原因: 超时, 等待RTU响应超时
发送次数: 1/1
[2026-06-02 17:16:32] [WARN] [MonitorDataTask][QRCode:12065] 指令完成
指令: ReadIdlePurgeAll
请求帧: 01 04 00 1D 00 03 20 0D
响应帧: 超时, 等待RTU响应超时, 01 04 06 00 00 00 00 00 00
处理结果: 失败
失败原因: 超时, 等待RTU响应超时
发送次数: 1/1
[2026-06-02 17:16:32] [WARN] [MonitorDataTask][QRCode:12079] 指令完成
指令: ReadIdlePurgeAll
请求帧: 01 04 00 1D 00 03 20 0D
响应帧: 超时, 等待RTU响应超时, 01 04 06 00 00 00 00 00 00
处理结果: 失败
失败原因: 超时, 等待RTU响应超时
发送次数: 1/1
[2026-06-02 17:16:32] [WARN] [MonitorDataTask][QRCode:12067] 指令完成
指令: ReadIdlePurgeAll
请求帧: 01 04 00 1D 00 03 20 0D
响应帧: 超时, 等待RTU响应超时, 01 04 06 00 00 00 00 00 00
处理结果: 失败
失败原因: 超时, 等待RTU响应超时
发送次数: 1/1
[2026-06-02 17:16:32] [WARN] [MonitorDataTask][QRCode:12005] 指令完成
指令: ReadIdlePurgeAll
请求帧: 01 04 00 1D 00 03 20 0D
响应帧: 超时, 等待RTU响应超时, 01 04 06 00 00 00 00 00 00
处理结果: 失败
失败原因: 超时, 等待RTU响应超时
发送次数: 1/1
[2026-06-02 17:16:32] [WARN] [MonitorDataTask][QRCode:12077] 指令完成
指令: ReadIdlePurgeAll
请求帧: 01 04 00 1D 00 03 20 0D
响应帧: 超时, 等待RTU响应超时, 01 04 06 00 00 00 00 00 00
处理结果: 失败
失败原因: 超时, 等待RTU响应超时
发送次数: 1/1
[2026-06-02 17:16:33] [WARN] [MonitorDataTask][QRCode:12070] 指令完成
指令: ReadIdlePurgeAll
请求帧: 01 04 00 1D 00 03 20 0D
响应帧: 超时, 等待RTU响应超时, 01 04 06 00 00 00 00 00 00
处理结果: 失败
失败原因: 超时, 等待RTU响应超时
发送次数: 1/1
[2026-06-02 17:16:33] [WARN] [MonitorDataTask][QRCode:12016] 指令完成
指令: ReadIdlePurgeAll
请求帧: 01 04 00 1D 00 03 20 0D
响应帧: 超时, 等待RTU响应超时, 01 04 06 00 00 00 00 00 00
处理结果: 失败
失败原因: 超时, 等待RTU响应超时
发送次数: 1/1
[2026-06-02 17:16:33] [WARN] [MonitorDataTask][QRCode:12010] 指令完成
指令: ReadIdlePurgeAll
请求帧: 01 04 00 1D 00 03 20 0D
响应帧: 超时, 等待RTU响应超时, 01 04 06 00 00 00 00 00 00
处理结果: 失败
失败原因: 超时, 等待RTU响应超时
发送次数: 1/1
[2026-06-02 17:16:33] [WARN] [MonitorDataTask][QRCode:12066] 指令完成
指令: ReadIdlePurgeAll
请求帧: 01 04 00 1D 00 03 20 0D
响应帧: 超时, 等待RTU响应超时, 01 04 06 00 00 00 00 00 00
处理结果: 失败
失败原因: 超时, 等待RTU响应超时
发送次数: 1/1
[2026-06-02 17:16:33] [WARN] [MonitorDataTask][QRCode:12072] 指令完成
指令: ReadIdlePurgeAll
请求帧: 01 04 00 1D 00 03 20 0D
响应帧: 超时, 等待RTU响应超时, 01 04 06 00 00 00 00 00 00
处理结果: 失败
失败原因: 超时, 等待RTU响应超时
发送次数: 1/1
[2026-06-02 17:16:33] [WARN] [MonitorDataTask][QRCode:12020] 指令完成
指令: ReadIdlePurgeAll
请求帧: 01 04 00 1D 00 03 20 0D
响应帧: 超时, 等待RTU响应超时, 01 04 06 00 00 00 00 00 00
处理结果: 失败
失败原因: 超时, 等待RTU响应超时
发送次数: 1/1
[2026-06-02 17:16:33] [WARN] [MonitorDataTask][QRCode:12030] 指令完成
指令: ReadIdlePurgeAll
请求帧: 01 04 00 1D 00 03 20 0D
响应帧: 超时, 等待RTU响应超时, 01 04 06 00 00 00 00 00 00
处理结果: 失败
失败原因: 超时, 等待RTU响应超时
发送次数: 1/1
[2026-06-02 17:16:33] [WARN] [MonitorDataTask][QRCode:12063] 指令完成
指令: ReadIdlePurgeAll
请求帧: 01 04 00 1D 00 03 20 0D
响应帧: 超时, 等待RTU响应超时, 01 04 06 00 00 00 00 00 00
处理结果: 失败
失败原因: 超时, 等待RTU响应超时
发送次数: 1/1
[2026-06-02 17:16:33] [WARN] [MonitorDataTask][QRCode:12028] 指令完成
指令: ReadIdlePurgeAll
请求帧: 01 04 00 1D 00 03 20 0D
响应帧: 超时, 等待RTU响应超时, 01 04 06 00 00 00 00 00 00
处理结果: 失败
失败原因: 超时, 等待RTU响应超时
发送次数: 1/1
[2026-06-02 17:16:33] [WARN] [MonitorDataTask][QRCode:12034] 指令完成
指令: ReadIdlePurgeAll
请求帧: 01 04 00 1D 00 03 20 0D
响应帧: 超时, 等待RTU响应超时, 01 04 06 00 00 00 00 00 00
处理结果: 失败
失败原因: 超时, 等待RTU响应超时
发送次数: 1/1
[2026-06-02 17:16:33] [WARN] [MonitorDataTask][QRCode:12056] 指令完成
指令: ReadIdlePurgeAll
请求帧: 01 04 00 1D 00 03 20 0D
响应帧: 超时, 等待RTU响应超时, 01 04 06 00 00 00 00 00 00
处理结果: 失败
失败原因: 超时, 等待RTU响应超时
发送次数: 1/1
[2026-06-02 17:16:33] [WARN] [MonitorDataTask][QRCode:12075] 指令完成
指令: ReadIdlePurgeAll
请求帧: 01 04 00 1D 00 03 20 0D
响应帧: 超时, 等待RTU响应超时, 01 04 06 00 00 00 00 00 00
处理结果: 失败
失败原因: 超时, 等待RTU响应超时
发送次数: 1/1
[2026-06-02 17:16:33] [WARN] [MonitorDataTask][QRCode:12002] 指令完成
指令: ReadIdlePurgeAll
请求帧: 01 04 00 1D 00 03 20 0D
响应帧: 超时, 等待RTU响应超时, 01 04 06 00 00 00 00 00 00
处理结果: 失败
失败原因: 超时, 等待RTU响应超时
发送次数: 1/1
[2026-06-02 17:16:33] [WARN] [MonitorDataTask][QRCode:12014] 指令完成
指令: ReadIdlePurgeAll
请求帧: 01 04 00 1D 00 03 20 0D
响应帧: 超时, 等待RTU响应超时, 01 04 06 00 00 00 00 00 00
处理结果: 失败
失败原因: 超时, 等待RTU响应超时
发送次数: 1/1
[2026-06-02 17:16:33] [WARN] [MonitorDataTask][QRCode:12047] 指令完成
指令: ReadIdlePurgeAll
请求帧: 01 04 00 1D 00 03 20 0D
响应帧: 超时, 等待RTU响应超时, 01 04 06 00 00 00 00 00 00
处理结果: 失败
失败原因: 超时, 等待RTU响应超时
发送次数: 1/1
[2026-06-02 17:16:33] [WARN] [MonitorDataTask][QRCode:12051] 指令完成
指令: ReadIdlePurgeAll
请求帧: 01 04 00 1D 00 03 20 0D
响应帧: 超时, 等待RTU响应超时, 01 04 06 00 00 00 00 00 00
处理结果: 失败
失败原因: 超时, 等待RTU响应超时
发送次数: 1/1
[2026-06-02 17:16:33] [WARN] [MonitorDataTask][QRCode:12078] 指令完成
指令: ReadIdlePurgeAll
请求帧: 01 04 00 1D 00 03 20 0D
响应帧: 超时, 等待RTU响应超时, 01 04 06 00 00 00 00 00 00
处理结果: 失败
失败原因: 超时, 等待RTU响应超时
发送次数: 1/1
[2026-06-02 17:16:33] [WARN] [MonitorDataTask][QRCode:12017] 指令完成
指令: ReadIdlePurgeAll
请求帧: 01 04 00 1D 00 03 20 0D
响应帧: 超时, 等待RTU响应超时, 01 04 06 00 00 00 00 00 00
处理结果: 失败
失败原因: 超时, 等待RTU响应超时
发送次数: 1/1
[2026-06-02 17:16:33] [WARN] [MonitorDataTask][QRCode:12021] 指令完成
指令: ReadIdlePurgeAll
请求帧: 01 04 00 1D 00 03 20 0D
响应帧: 超时, 等待RTU响应超时, 01 04 06 00 00 00 00 00 00
处理结果: 失败
失败原因: 超时, 等待RTU响应超时
发送次数: 1/1
[2026-06-02 17:16:33] [WARN] [MonitorDataTask][QRCode:12029] 指令完成
指令: ReadIdlePurgeAll
请求帧: 01 04 00 1D 00 03 20 0D
响应帧: 超时, 等待RTU响应超时, 01 04 06 00 00 00 00 00 00
处理结果: 失败
失败原因: 超时, 等待RTU响应超时
发送次数: 1/1
[2026-06-02 17:16:33] [WARN] [MonitorDataTask][QRCode:12060] 指令完成
指令: ReadIdlePurgeAll
请求帧: 01 04 00 1D 00 03 20 0D
响应帧: 超时, 等待RTU响应超时, 01 04 06 00 00 00 00 00 00
处理结果: 失败
失败原因: 超时, 等待RTU响应超时
发送次数: 1/1
[2026-06-02 17:16:33] [WARN] [MonitorDataTask][QRCode:12009] 指令完成
指令: ReadIdlePurgeAll
请求帧: 01 04 00 1D 00 03 20 0D
响应帧: 超时, 等待RTU响应超时, 01 04 06 00 00 00 00 00 00
处理结果: 失败
失败原因: 超时, 等待RTU响应超时
发送次数: 1/1
[2026-06-02 17:16:33] [WARN] [MonitorDataTask][QRCode:12003] 指令完成
指令: ReadIdlePurgeAll
请求帧: 01 04 00 1D 00 03 20 0D
响应帧: 超时, 等待RTU响应超时, 01 04 06 00 00 00 00 00 00
处理结果: 失败
失败原因: 超时, 等待RTU响应超时
发送次数: 1/1
[2026-06-02 17:16:33] [WARN] [MonitorDataTask][QRCode:12064] 指令完成
指令: ReadIdlePurgeAll
请求帧: 01 04 00 1D 00 03 20 0D
响应帧: 超时, 等待RTU响应超时, 01 04 06 00 00 00 00 00 00
处理结果: 失败
失败原因: 超时, 等待RTU响应超时
发送次数: 1/1
[2026-06-02 17:16:33] [WARN] [MonitorDataTask][QRCode:12022] 指令完成
指令: ReadIdlePurgeAll
请求帧: 01 04 00 1D 00 03 20 0D
响应帧: 超时, 等待RTU响应超时, 01 04 06 00 00 00 00 00 00
处理结果: 失败
失败原因: 超时, 等待RTU响应超时
发送次数: 1/1
[2026-06-02 17:16:33] [WARN] [MonitorDataTask][QRCode:12042] 指令完成
指令: ReadIdlePurgeAll
请求帧: 01 04 00 1D 00 03 20 0D
响应帧: 超时, 等待RTU响应超时, 01 04 06 00 00 00 00 00 00
处理结果: 失败
失败原因: 超时, 等待RTU响应超时
发送次数: 1/1
[2026-06-02 17:16:33] [WARN] [MonitorDataTask][QRCode:12059] 指令完成
指令: ReadIdlePurgeAll
请求帧: 01 04 00 1D 00 03 20 0D
响应帧: 超时, 等待RTU响应超时, 01 04 06 00 00 00 00 00 00
处理结果: 失败
失败原因: 超时, 等待RTU响应超时
发送次数: 1/1
[2026-06-02 17:16:33] [WARN] [MonitorDataTask][QRCode:12018] 指令完成
指令: ReadIdlePurgeAll
请求帧: 01 04 00 1D 00 03 20 0D
响应帧: 超时, 等待RTU响应超时, 01 04 06 00 00 00 00 00 00
处理结果: 失败
失败原因: 超时, 等待RTU响应超时
发送次数: 1/1
[2026-06-02 17:16:33] [WARN] [MonitorDataTask][QRCode:12039] 指令完成
指令: ReadIdlePurgeAll
请求帧: 01 04 00 1D 00 03 20 0D
响应帧: 超时, 等待RTU响应超时, 01 04 06 00 00 00 00 00 00
处理结果: 失败
失败原因: 超时, 等待RTU响应超时
发送次数: 1/1
[2026-06-02 17:16:33] [WARN] [MonitorDataTask][QRCode:12038] 指令完成
指令: ReadIdlePurgeAll
请求帧: 01 04 00 1D 00 03 20 0D
响应帧: 超时, 等待RTU响应超时, 01 04 06 00 00 00 00 00 00
处理结果: 失败
失败原因: 超时, 等待RTU响应超时
发送次数: 1/1
[2026-06-02 17:16:33] [WARN] [MonitorDataTask][QRCode:12050] 指令完成
指令: ReadIdlePurgeAll
请求帧: 01 04 00 1D 00 03 20 0D
响应帧: 超时, 等待RTU响应超时, 01 04 06 00 00 00 00 00 00
处理结果: 失败
失败原因: 超时, 等待RTU响应超时
发送次数: 1/1
[2026-06-02 17:16:33] [WARN] [MonitorDataTask][QRCode:12048] 指令完成
指令: ReadIdlePurgeAll
请求帧: 01 04 00 1D 00 03 20 0D
响应帧: 超时, 等待RTU响应超时, 01 04 06 00 00 00 00 00 00
处理结果: 失败
失败原因: 超时, 等待RTU响应超时
发送次数: 1/1
[2026-06-02 17:16:33] [WARN] [MonitorDataTask][QRCode:12069] 指令完成
指令: ReadIdlePurgeAll
请求帧: 01 04 00 1D 00 03 20 0D
响应帧: 超时, 等待RTU响应超时, 01 04 06 00 00 00 00 00 00
处理结果: 失败
失败原因: 超时, 等待RTU响应超时
发送次数: 1/1
[2026-06-02 17:16:33] [WARN] [MonitorDataTask][QRCode:12007] 指令完成
指令: ReadIdlePurgeAll
请求帧: 01 04 00 1D 00 03 20 0D
响应帧: 超时, 等待RTU响应超时, 01 04 06 00 00 00 00 00 00
处理结果: 失败
失败原因: 超时, 等待RTU响应超时
发送次数: 1/1
[2026-06-02 17:16:34] [WARN] [MonitorDataTask][QRCode:12036] 指令完成
指令: ReadIdlePurgeAll
请求帧: 01 04 00 1D 00 03 20 0D
响应帧: 超时, 等待RTU响应超时, 01 04 06 00 00 00 00 00 00
处理结果: 失败
失败原因: 超时, 等待RTU响应超时
发送次数: 1/1
[2026-06-02 17:16:34] [WARN] [MonitorDataTask][QRCode:12006] 指令完成
指令: ReadIdlePurgeAll
请求帧: 01 04 00 1D 00 03 20 0D
响应帧: 超时, 等待RTU响应超时, 01 04 06 00 00 00 00 00 00
处理结果: 失败
失败原因: 超时, 等待RTU响应超时
发送次数: 1/1
[2026-06-02 17:16:34] [WARN] [MonitorDataTask][QRCode:12040] 指令完成
指令: ReadIdlePurgeAll
请求帧: 01 04 00 1D 00 03 20 0D
响应帧: 超时, 等待RTU响应超时, 01 04 06 00 00 00 00 00 00
处理结果: 失败
失败原因: 超时, 等待RTU响应超时
发送次数: 1/1
[2026-06-02 17:16:34] [WARN] [MonitorDataTask][QRCode:12035] 指令完成
指令: ReadIdlePurgeAll
请求帧: 01 04 00 1D 00 03 20 0D
响应帧: 超时, 等待RTU响应超时, 01 04 06 00 00 00 00 00 00
处理结果: 失败
失败原因: 超时, 等待RTU响应超时
发送次数: 1/1
[2026-06-02 17:16:34] [WARN] [MonitorDataTask][QRCode:12062] 指令完成
指令: ReadIdlePurgeAll
请求帧: 01 04 00 1D 00 03 20 0D
响应帧: 超时, 等待RTU响应超时, 01 04 06 00 00 00 00 00 00
处理结果: 失败
失败原因: 超时, 等待RTU响应超时
发送次数: 1/1
[2026-06-02 17:16:34] [WARN] [MonitorDataTask][QRCode:12015] 指令完成
指令: ReadIdlePurgeAll
请求帧: 01 04 00 1D 00 03 20 0D
响应帧: 超时, 等待RTU响应超时, 01 04 06 00 00 00 00 00 00
处理结果: 失败
失败原因: 超时, 等待RTU响应超时
发送次数: 1/1
[2026-06-02 17:16:34] [WARN] [MonitorDataTask][QRCode:12068] 指令完成
指令: ReadIdlePurgeAll
请求帧: 01 04 00 1D 00 03 20 0D
响应帧: 超时, 等待RTU响应超时, 01 04 06 00 00 00 00 00 00
处理结果: 失败
失败原因: 超时, 等待RTU响应超时
发送次数: 1/1
[2026-06-02 17:16:34] [WARN] [MonitorDataTask][QRCode:12043] 指令完成
指令: ReadIdlePurgeAll
请求帧: 01 04 00 1D 00 03 20 0D
响应帧: 超时, 等待RTU响应超时, 01 04 06 00 00 00 00 00 00
处理结果: 失败
失败原因: 超时, 等待RTU响应超时
发送次数: 1/1
[2026-06-02 17:16:34] [WARN] [MonitorDataTask][QRCode:12076] 指令完成
指令: ReadIdlePurgeAll
请求帧: 01 04 00 1D 00 03 20 0D
响应帧: 超时, 等待RTU响应超时, 01 04 06 00 00 00 00 00 00
处理结果: 失败
失败原因: 超时, 等待RTU响应超时
发送次数: 1/1
[2026-06-02 17:16:34] [WARN] [MonitorDataTask][QRCode:12012] 指令完成
指令: ReadIdlePurgeAll
请求帧: 01 04 00 1D 00 03 20 0D
响应帧: 超时, 等待RTU响应超时, 01 04 06 00 00 00 00 00 00
处理结果: 失败
失败原因: 超时, 等待RTU响应超时
发送次数: 1/1
[2026-06-02 17:16:34] [WARN] [MonitorDataTask][QRCode:12052] 指令完成
指令: ReadIdlePurgeAll
请求帧: 01 04 00 1D 00 03 20 0D
响应帧: 超时, 等待RTU响应超时, 01 04 06 00 00 00 00 00 00
处理结果: 失败
失败原因: 超时, 等待RTU响应超时
发送次数: 1/1
[2026-06-02 17:16:34] [WARN] [MonitorDataTask][QRCode:12057] 指令完成
指令: ReadIdlePurgeAll
请求帧: 01 04 00 1D 00 03 20 0D
响应帧: 超时, 等待RTU响应超时, 01 04 06 00 00 00 00 00 00
处理结果: 失败
失败原因: 超时, 等待RTU响应超时
发送次数: 1/1
[2026-06-02 17:16:34] [WARN] [MonitorDataTask][QRCode:12080] 指令完成
指令: ReadIdlePurgeAll
请求帧: 01 04 00 1D 00 03 20 0D
响应帧: 超时, 等待RTU响应超时, 01 04 06 00 00 00 00 00 00
处理结果: 失败
失败原因: 超时, 等待RTU响应超时
发送次数: 1/1
[2026-06-02 17:16:34] [WARN] [MonitorDataTask][QRCode:12024] 指令完成
指令: ReadIdlePurgeAll
请求帧: 01 04 00 1D 00 03 20 0D
响应帧: 超时, 等待RTU响应超时, 01 04 06 00 00 00 00 00 00
处理结果: 失败
失败原因: 超时, 等待RTU响应超时
发送次数: 1/1
[2026-06-02 17:16:34] [WARN] [MonitorDataTask][QRCode:12049] 指令完成
指令: ReadIdlePurgeAll
请求帧: 01 04 00 1D 00 03 20 0D
响应帧: 超时, 等待RTU响应超时, 01 04 06 00 00 00 00 00 00
处理结果: 失败
失败原因: 超时, 等待RTU响应超时
发送次数: 1/1
[2026-06-02 17:16:34] [WARN] [MonitorDataTask][QRCode:12004] 指令完成
指令: ReadIdlePurgeAll
请求帧: 01 04 00 1D 00 03 20 0D
响应帧: 超时, 等待RTU响应超时, 01 04 06 00 00 00 00 00 00
处理结果: 失败
失败原因: 超时, 等待RTU响应超时
发送次数: 1/1
[2026-06-02 17:16:34] [WARN] [MonitorDataTask][QRCode:12044] 指令完成
指令: ReadIdlePurgeAll
请求帧: 01 04 00 1D 00 03 20 0D
响应帧: 超时, 等待RTU响应超时, 01 04 06 00 00 00 00 00 00
处理结果: 失败
失败原因: 超时, 等待RTU响应超时
发送次数: 1/1
[2026-06-02 17:16:34] [WARN] [MonitorDataTask][QRCode:12011] 指令完成
指令: ReadIdlePurgeAll
请求帧: 01 04 00 1D 00 03 20 0D
响应帧: 超时, 等待RTU响应超时, 01 04 06 00 00 00 00 00 00
处理结果: 失败
失败原因: 超时, 等待RTU响应超时
发送次数: 1/1
[2026-06-02 17:16:34] [WARN] [MonitorDataTask][QRCode:12045] 指令完成
指令: ReadIdlePurgeAll
请求帧: 01 04 00 1D 00 03 20 0D
响应帧: 超时, 等待RTU响应超时, 01 04 06 00 00 00 00 00 00
处理结果: 失败
失败原因: 超时, 等待RTU响应超时
发送次数: 1/1
[2026-06-02 17:16:34] [WARN] [MonitorDataTask][QRCode:12073] 指令完成
指令: ReadIdlePurgeAll
请求帧: 01 04 00 1D 00 03 20 0D
响应帧: 超时, 等待RTU响应超时, 01 04 06 00 00 00 00 00 00
处理结果: 失败
失败原因: 超时, 等待RTU响应超时
发送次数: 1/1
[2026-06-02 17:16:34] [WARN] [MonitorDataTask][QRCode:12071] 指令完成
指令: ReadIdlePurgeAll
请求帧: 01 04 00 1D 00 03 20 0D
响应帧: 超时, 等待RTU响应超时, 01 04 06 00 00 00 00 00 00
处理结果: 失败
失败原因: 超时, 等待RTU响应超时
发送次数: 1/1
[2026-06-02 17:16:34] [WARN] [MonitorDataTask][QRCode:12061] 指令完成
指令: ReadIdlePurgeAll
请求帧: 01 04 00 1D 00 03 20 0D
响应帧: 超时, 等待RTU响应超时, 01 04 06 00 00 00 00 00 00
处理结果: 失败
失败原因: 超时, 等待RTU响应超时
发送次数: 1/1
[2026-06-02 17:16:34] [WARN] [MonitorDataTask][QRCode:12074] 指令完成
指令: ReadIdlePurgeAll
请求帧: 01 04 00 1D 00 03 20 0D
响应帧: 超时, 等待RTU响应超时, 01 04 06 00 00 00 00 00 00
处理结果: 失败
失败原因: 超时, 等待RTU响应超时
发送次数: 1/1
[2026-06-02 17:16:34] [WARN] [MonitorDataTask][QRCode:12013] 指令完成
指令: ReadIdlePurgeAll
请求帧: 01 04 00 1D 00 03 20 0D
响应帧: 超时, 等待RTU响应超时, 01 04 06 00 00 00 00 00 00
处理结果: 失败
失败原因: 超时, 等待RTU响应超时
发送次数: 1/1
[2026-06-02 17:16:34] [WARN] [MonitorDataTask][QRCode:12054] 指令完成
指令: ReadIdlePurgeAll
请求帧: 01 04 00 1D 00 03 20 0D
响应帧: 超时, 等待RTU响应超时, 01 04 06 00 00 00 00 00 00
处理结果: 失败
失败原因: 超时, 等待RTU响应超时
发送次数: 1/1
[2026-06-02 17:16:34] [WARN] [MonitorDataTask][QRCode:12055] 指令完成
指令: ReadIdlePurgeAll
请求帧: 01 04 00 1D 00 03 20 0D
响应帧: 超时, 等待RTU响应超时, 01 04 06 00 00 00 00 00 00
处理结果: 失败
失败原因: 超时, 等待RTU响应超时
发送次数: 1/1
[2026-06-02 17:16:34] [WARN] [MonitorDataTask][QRCode:12031] 指令完成
指令: ReadIdlePurgeAll
请求帧: 01 04 00 1D 00 03 20 0D
响应帧: 超时, 等待RTU响应超时, 01 04 06 00 00 00 00 00 00
处理结果: 失败
失败原因: 超时, 等待RTU响应超时
发送次数: 1/1
[2026-06-02 17:16:34] [WARN] [MonitorDataTask][QRCode:12032] 指令完成
指令: ReadIdlePurgeAll
请求帧: 01 04 00 1D 00 03 20 0D
响应帧: 超时, 等待RTU响应超时, 01 04 06 00 00 00 00 00 00
处理结果: 失败
失败原因: 超时, 等待RTU响应超时
发送次数: 1/1
[2026-06-02 17:16:34] [WARN] [MonitorDataTask][QRCode:12027] 指令完成
指令: ReadIdlePurgeAll
请求帧: 01 04 00 1D 00 03 20 0D
响应帧: 超时, 等待RTU响应超时, 01 04 06 00 00 00 00 00 00
处理结果: 失败
失败原因: 超时, 等待RTU响应超时
发送次数: 1/1
[2026-06-02 17:16:34] [WARN] [MonitorDataTask][QRCode:12037] 指令完成
指令: ReadIdlePurgeAll
请求帧: 01 04 00 1D 00 03 20 0D
响应帧: 超时, 等待RTU响应超时, 01 04 06 00 00 00 00 00 00
处理结果: 失败
失败原因: 超时, 等待RTU响应超时
发送次数: 1/1
[2026-06-02 17:16:34] [WARN] [MonitorDataTask][QRCode:12025] 指令完成
指令: ReadIdlePurgeAll
请求帧: 01 04 00 1D 00 03 20 0D
响应帧: 超时, 等待RTU响应超时, 01 04 06 00 00 00 00 00 00
处理结果: 失败
失败原因: 超时, 等待RTU响应超时
发送次数: 1/1
[2026-06-02 17:16:34] [WARN] [MonitorDataTask][QRCode:12053] 指令完成
指令: ReadIdlePurgeAll
请求帧: 01 04 00 1D 00 03 20 0D
响应帧: 超时, 等待RTU响应超时, 01 04 06 00 00 00 00 00 00
处理结果: 失败
失败原因: 超时, 等待RTU响应超时
发送次数: 1/1
[2026-06-02 17:16:34] [WARN] [MonitorDataTask][QRCode:12046] 指令完成
指令: ReadIdlePurgeAll
请求帧: 01 04 00 1D 00 03 20 0D
响应帧: 超时, 等待RTU响应超时, 01 04 06 00 00 00 00 00 00
处理结果: 失败
失败原因: 超时, 等待RTU响应超时
发送次数: 1/1
[2026-06-02 17:16:34] [WARN] [MonitorDataTask][QRCode:12008] 指令完成
指令: ReadIdlePurgeAll
请求帧: 01 04 00 1D 00 03 20 0D
响应帧: 超时, 等待RTU响应超时, 01 04 06 00 00 00 00 00 00
处理结果: 失败
失败原因: 超时, 等待RTU响应超时
发送次数: 1/1
