[2026-06-02 14:43:14] [INFO] [data][ModbusTcpMaster][start]：设备ID=12020 开始启动设备连接，连接模式=AutoReconnect
[2026-06-02 14:43:14] [INFO] [data][ModbusTcpMaster][enterState]：设备ID=12020 状态切换: 空闲 -> 连接中
[2026-06-02 14:43:14] [INFO] [data][ModbusTcpMaster][ModbusConnecter][connectDevice]：设备ID=12020 开始连接设备 IP=127.0.0.1 Port=519 模式=AutoReconnect
[2026-06-02 14:43:14] [INFO] [data][ModbusTcpMaster][ModbusConnecter][onConnectionStatusChanged]：设备ID=12020 连接状态变化: Connected
[2026-06-02 14:43:14] [INFO] [data][ModbusTcpMaster][resumeChildren]：设备ID=12020 恢复普通收发子模块
[2026-06-02 14:43:14] [INFO] [data][ModbusTcpMaster][enterState]：设备ID=12020 状态切换: 连接中 -> 指令发送器已启动
[2026-06-02 14:43:14] [INFO] [data][ModbusTcpMaster][ModbusCommandSender][start]：设备ID=12020 指令发送器启动
[2026-06-02 14:43:14] [INFO] [data][ModbusTcpMaster][ModbusCommandSender][startSender]：设备ID=12020 指令发送器已启动，立即进入初始化阶段
[2026-06-02 14:43:14] [INFO] [data][ModbusTcpMaster][enterState]：设备ID=12020 状态切换: 指令发送器已启动 -> 初始指令下发中
[2026-06-02 14:43:14] [INFO] [data][ModbusTcpMaster][InitialCommandIssuer][onLogMessage]：设备ID=12020 [CyclicCommandIssuer] 启动循环下发 指令数:2 轮数:1 间隔:100ms
[2026-06-02 14:43:14] [INFO] [data][ModbusTcpMaster][InitialCommandIssuer][onLogMessage]：设备ID=12020 [CyclicCommandIssuer] 发送指令:ReadVersion 索引:0
[2026-06-02 14:43:14] [INFO] [data][ModbusTcpMaster][ModbusCommandSender][doSend]：设备ID=12020 发送指令 module=INITIAL id=ReadVersion uuid=77 sendCount=1/4 timeout=1000ms bytes=8 crc=20 0E
[2026-06-02 14:43:14] [INFO] [data][ModbusTcpMaster][enterState]：设备ID=12020 状态切换: 初始指令下发中 -> 启动定时发送器中
[2026-06-02 14:43:14] [INFO] [data][ModbusTcpMaster][PeriodicCommandSender][startPeriodicSender]：设备ID=12020 定时发送器已启动，进入正常运行状态
[2026-06-02 14:43:14] [INFO] [data][ModbusTcpMaster][enterState]：设备ID=12020 状态切换: 启动定时发送器中 -> 正常运行
[2026-06-02 14:43:14] [INFO] [data][ModbusTcpMaster][ModbusConnecter][startConnectionCheck]：设备ID=12020 启动连接心跳检查，间隔=3000ms
[2026-06-02 14:43:14] [INFO] [data][ModbusTcpMaster][ModbusConnecter][onAsyncReconnectConnected]：设备ID=12020 TCP连接成功
[2026-06-02 14:43:15] [INFO] [data][ModbusTcpMaster][InitialCommandIssuer][onLogMessage]：设备ID=12020 [CyclicCommandIssuer] 发送指令:WriteVEFCGasType 索引:1
[2026-06-02 14:43:15] [INFO] [data][ModbusTcpMaster][SH85SelfChecker][submitStartSelfCheck]：设备ID=12020 下发 StartSelfCheck uuid=406
[2026-06-02 14:43:15] [INFO] [data][ModbusTcpMaster][SH85SelfChecker][enterState]：设备ID=12020 状态切换: 空闲 -> 下发自检指令中
[2026-06-02 14:43:15] [INFO] [data][ModbusTcpMaster][SH85SelfChecker][start]：设备ID=12020 自检流程已启动
[2026-06-02 14:43:15] [WARN] [data][ModbusTcpMaster][ModbusCommandReceiver][onResponseTimeout]：设备ID=12020 响应超时 module=INITIAL id=ReadVersion uuid=77 timeout=1000ms
[2026-06-02 14:43:15] [WARN] [data][ModbusTcpMaster][ModbusCommandSender][handleFailedCommand]：设备ID=12020 指令失败，准备重发 module=INITIAL id=ReadVersion uuid=77 error=等待RTU响应超时 sendCount=1/4
[2026-06-02 14:43:15] [INFO] [data][ModbusTcpMaster][ModbusCommandSender][addToRetryQueue]：设备ID=12020 指令已加入重发队列 module=INITIAL id=ReadVersion uuid=77 sendCount=1/4
[2026-06-02 14:43:15] [INFO] [data][ModbusTcpMaster][ModbusCommandSender][doSend]：设备ID=12020 发送指令 module=INITIAL id=ReadVersion uuid=77 sendCount=2/4 timeout=1000ms bytes=8 crc=20 0E
[2026-06-02 14:43:16] [WARN] [data][ModbusTcpMaster][ModbusCommandReceiver][onResponseTimeout]：设备ID=12020 响应超时 module=INITIAL id=ReadVersion uuid=77 timeout=1000ms
[2026-06-02 14:43:16] [WARN] [data][ModbusTcpMaster][ModbusCommandSender][handleFailedCommand]：设备ID=12020 指令失败，准备重发 module=INITIAL id=ReadVersion uuid=77 error=等待RTU响应超时 sendCount=2/4
[2026-06-02 14:43:16] [INFO] [data][ModbusTcpMaster][ModbusCommandSender][addToRetryQueue]：设备ID=12020 指令已加入重发队列 module=INITIAL id=ReadVersion uuid=77 sendCount=2/4
[2026-06-02 14:43:16] [INFO] [data][ModbusTcpMaster][ModbusCommandSender][doSend]：设备ID=12020 发送指令 module=INITIAL id=ReadVersion uuid=77 sendCount=3/4 timeout=1000ms bytes=8 crc=20 0E
[2026-06-02 14:43:17] [WARN] [data][ModbusTcpMaster][ModbusCommandReceiver][onResponseTimeout]：设备ID=12020 响应超时 module=INITIAL id=ReadVersion uuid=77 timeout=1000ms
[2026-06-02 14:43:17] [WARN] [data][ModbusTcpMaster][ModbusCommandSender][handleFailedCommand]：设备ID=12020 指令失败，准备重发 module=INITIAL id=ReadVersion uuid=77 error=等待RTU响应超时 sendCount=3/4
[2026-06-02 14:43:17] [INFO] [data][ModbusTcpMaster][ModbusCommandSender][addToRetryQueue]：设备ID=12020 指令已加入重发队列 module=INITIAL id=ReadVersion uuid=77 sendCount=3/4
[2026-06-02 14:43:17] [INFO] [data][ModbusTcpMaster][ModbusCommandSender][doSend]：设备ID=12020 发送指令 module=INITIAL id=ReadVersion uuid=77 sendCount=4/4 timeout=1000ms bytes=8 crc=20 0E
[2026-06-02 14:43:18] [WARN] [data][ModbusTcpMaster][ModbusCommandReceiver][onResponseTimeout]：设备ID=12020 响应超时 module=INITIAL id=ReadVersion uuid=77 timeout=1000ms
[2026-06-02 14:43:18] [WARN] [data][ModbusTcpMaster][ModbusCommandSender][handleFailedCommand]：设备ID=12020 指令失败 module=INITIAL id=ReadVersion uuid=77 error=等待RTU响应超时 sendCount=4/4 timedOut=1 checksumError=0 deviceBusy=0
[2026-06-02 14:43:18] [INFO] [data][ModbusTcpMaster][InitialCommandIssuer][onLogMessage]：设备ID=12020 [CyclicCommandIssuer] 指令失败:ReadVersion 原因:等待RTU响应超时 发送次数:4
[2026-06-02 14:43:18] [INFO] [data][ModbusTcpMaster][ModbusCommandSender][doSend]：设备ID=12020 发送指令 module=INITIAL id=WriteVEFCGasType uuid=78 sendCount=1/4 timeout=1000ms bytes=8 crc=D8 0A
[2026-06-02 14:43:19] [WARN] [data][ModbusTcpMaster][ModbusCommandReceiver][onResponseTimeout]：设备ID=12020 响应超时 module=INITIAL id=WriteVEFCGasType uuid=78 timeout=1000ms
[2026-06-02 14:43:19] [WARN] [data][ModbusTcpMaster][ModbusCommandSender][handleFailedCommand]：设备ID=12020 指令失败，准备重发 module=INITIAL id=WriteVEFCGasType uuid=78 error=等待RTU响应超时 sendCount=1/4
[2026-06-02 14:43:19] [INFO] [data][ModbusTcpMaster][ModbusCommandSender][addToRetryQueue]：设备ID=12020 指令已加入重发队列 module=INITIAL id=WriteVEFCGasType uuid=78 sendCount=1/4
[2026-06-02 14:43:19] [INFO] [data][ModbusTcpMaster][ModbusCommandSender][doSend]：设备ID=12020 发送指令 module=INITIAL id=WriteVEFCGasType uuid=78 sendCount=2/4 timeout=1000ms bytes=8 crc=D8 0A
[2026-06-02 14:43:20] [WARN] [data][ModbusTcpMaster][ModbusCommandReceiver][onResponseTimeout]：设备ID=12020 响应超时 module=INITIAL id=WriteVEFCGasType uuid=78 timeout=1000ms
[2026-06-02 14:43:20] [WARN] [data][ModbusTcpMaster][ModbusCommandSender][handleFailedCommand]：设备ID=12020 指令失败，准备重发 module=INITIAL id=WriteVEFCGasType uuid=78 error=等待RTU响应超时 sendCount=2/4
[2026-06-02 14:43:20] [INFO] [data][ModbusTcpMaster][ModbusCommandSender][addToRetryQueue]：设备ID=12020 指令已加入重发队列 module=INITIAL id=WriteVEFCGasType uuid=78 sendCount=2/4
[2026-06-02 14:43:20] [INFO] [data][ModbusTcpMaster][ModbusCommandSender][doSend]：设备ID=12020 发送指令 module=INITIAL id=WriteVEFCGasType uuid=78 sendCount=3/4 timeout=1000ms bytes=8 crc=D8 0A
[2026-06-02 14:43:21] [WARN] [data][ModbusTcpMaster][ModbusCommandReceiver][onResponseTimeout]：设备ID=12020 响应超时 module=INITIAL id=WriteVEFCGasType uuid=78 timeout=1000ms
[2026-06-02 14:43:21] [WARN] [data][ModbusTcpMaster][ModbusCommandSender][handleFailedCommand]：设备ID=12020 指令失败，准备重发 module=INITIAL id=WriteVEFCGasType uuid=78 error=等待RTU响应超时 sendCount=3/4
[2026-06-02 14:43:21] [INFO] [data][ModbusTcpMaster][ModbusCommandSender][addToRetryQueue]：设备ID=12020 指令已加入重发队列 module=INITIAL id=WriteVEFCGasType uuid=78 sendCount=3/4
[2026-06-02 14:43:21] [INFO] [data][ModbusTcpMaster][ModbusCommandSender][doSend]：设备ID=12020 发送指令 module=INITIAL id=WriteVEFCGasType uuid=78 sendCount=4/4 timeout=1000ms bytes=8 crc=D8 0A
[2026-06-02 14:43:22] [WARN] [data][ModbusTcpMaster][ModbusCommandReceiver][onResponseTimeout]：设备ID=12020 响应超时 module=INITIAL id=WriteVEFCGasType uuid=78 timeout=1000ms
[2026-06-02 14:43:22] [WARN] [data][ModbusTcpMaster][ModbusCommandSender][handleFailedCommand]：设备ID=12020 指令失败 module=INITIAL id=WriteVEFCGasType uuid=78 error=等待RTU响应超时 sendCount=4/4 timedOut=1 checksumError=0 deviceBusy=0
[2026-06-02 14:43:22] [INFO] [data][ModbusTcpMaster][InitialCommandIssuer][onLogMessage]：设备ID=12020 [CyclicCommandIssuer] 指令失败:WriteVEFCGasType 原因:等待RTU响应超时 发送次数:4
[2026-06-02 14:43:22] [INFO] [data][ModbusTcpMaster][InitialCommandIssuer][onLogMessage]：设备ID=12020 [CyclicCommandIssuer] 第1轮完成 失败:2条
[2026-06-02 14:43:22] [INFO] [data][ModbusTcpMaster][InitialCommandIssuer][onRoundComplete]：设备ID=12020 初始化指令完成，失败数=2
[2026-06-02 14:43:22] [INFO] [data][ModbusTcpMaster][InitialCommandIssuer][onInitialFinished]：设备ID=12020 初始化完成，失败指令数=2
[2026-06-02 14:43:22] [INFO] [data][ModbusTcpMaster][InitialCommandIssuer][onLogMessage]：设备ID=12020 [CyclicCommandIssuer] 全部轮次执行完毕
[2026-06-02 14:43:22] [INFO] [data][ModbusTcpMaster][ModbusCommandSender][doSend]：设备ID=12020 发送指令 module=BUSINESS id=WriteQRCode uuid=340 sendCount=1/6 timeout=1000ms bytes=13 crc=6E 51
[2026-06-02 14:43:23] [WARN] [data][ModbusTcpMaster][ModbusCommandReceiver][onResponseTimeout]：设备ID=12020 响应超时 module=BUSINESS id=WriteQRCode uuid=340 timeout=1000ms
[2026-06-02 14:43:23] [WARN] [data][ModbusTcpMaster][ModbusCommandSender][handleFailedCommand]：设备ID=12020 指令失败，准备重发 module=BUSINESS id=WriteQRCode uuid=340 error=等待RTU响应超时 sendCount=1/6
[2026-06-02 14:43:23] [INFO] [data][ModbusTcpMaster][ModbusCommandSender][addToRetryQueue]：设备ID=12020 指令已加入重发队列 module=BUSINESS id=WriteQRCode uuid=340 sendCount=1/6
[2026-06-02 14:43:23] [INFO] [data][ModbusTcpMaster][ModbusCommandSender][doSend]：设备ID=12020 发送指令 module=BUSINESS id=WriteQRCode uuid=340 sendCount=2/6 timeout=1000ms bytes=13 crc=6E 51
[2026-06-02 14:43:24] [WARN] [data][ModbusTcpMaster][ModbusCommandReceiver][onResponseTimeout]：设备ID=12020 响应超时 module=BUSINESS id=WriteQRCode uuid=340 timeout=1000ms
[2026-06-02 14:43:24] [WARN] [data][ModbusTcpMaster][ModbusCommandSender][handleFailedCommand]：设备ID=12020 指令失败，准备重发 module=BUSINESS id=WriteQRCode uuid=340 error=等待RTU响应超时 sendCount=2/6
[2026-06-02 14:43:24] [INFO] [data][ModbusTcpMaster][ModbusCommandSender][doSend]：设备ID=12020 发送指令 module=BUSINESS id=WriteQRCode uuid=340 sendCount=3/6 timeout=1000ms bytes=13 crc=6E 51
[2026-06-02 14:43:24] [INFO] [data][ModbusTcpMaster][ModbusCommandSender][addToRetryQueue]：设备ID=12020 指令已加入重发队列 module=BUSINESS id=WriteQRCode uuid=340 sendCount=2/6
[2026-06-02 14:43:25] [WARN] [data][ModbusTcpMaster][ModbusCommandReceiver][onResponseTimeout]：设备ID=12020 响应超时 module=BUSINESS id=WriteQRCode uuid=340 timeout=1000ms
[2026-06-02 14:43:25] [WARN] [data][ModbusTcpMaster][ModbusCommandSender][handleFailedCommand]：设备ID=12020 指令失败，准备重发 module=BUSINESS id=WriteQRCode uuid=340 error=等待RTU响应超时 sendCount=3/6
[2026-06-02 14:43:25] [INFO] [data][ModbusTcpMaster][ModbusCommandSender][addToRetryQueue]：设备ID=12020 指令已加入重发队列 module=BUSINESS id=WriteQRCode uuid=340 sendCount=3/6
[2026-06-02 14:43:25] [INFO] [data][ModbusTcpMaster][ModbusCommandSender][doSend]：设备ID=12020 发送指令 module=BUSINESS id=WriteQRCode uuid=340 sendCount=4/6 timeout=1000ms bytes=13 crc=6E 51
[2026-06-02 14:43:26] [WARN] [data][ModbusTcpMaster][ModbusConnecter][disconnected]：设备ID=12020 TCP连接断开，准备自动重连
[2026-06-02 14:43:26] [INFO] [data][ModbusTcpMaster][ModbusConnecter][stopConnectionCheck]：设备ID=12020 停止连接心跳检查
[2026-06-02 14:43:26] [INFO] [data][ModbusTcpMaster][ModbusConnecter][onConnectionStatusChanged]：设备ID=12020 连接状态变化: Disconnected
[2026-06-02 14:43:26] [INFO] [data][ModbusTcpMaster][ModbusCommandSender][stop]：设备ID=12020 指令发送器停止
[2026-06-02 14:43:26] [INFO] [data][ModbusTcpMaster][enterState]：设备ID=12020 状态切换: 正常运行 -> 连接中
[2026-06-02 14:43:26] [INFO] [data][ModbusTcpMaster][ModbusConnecter][startAutoReconnect]：设备ID=12020 开始自动重连，间隔=3000ms
[2026-06-02 14:43:26] [WARN] [data][ModbusTcpMaster][ModbusConnecter][onConnectionError]：设备ID=12020 连接阶段错误: Connection lost: 远端主机关闭了这个连接
[2026-06-02 14:43:26] [INFO] [data][ModbusTcpMaster][enterState]：设备ID=12020 状态切换: 连接中 -> 错误状态
[2026-06-02 14:43:28] [INFO] [data][ModbusTcpMaster][SH85SelfChecker][enterState]：设备ID=12020 状态切换: 下发自检指令中 -> 结束
[2026-06-02 14:43:28] [WARN] [data][ModbusTcpMaster][SH85SelfChecker][finishOnly]：设备ID=12020 自检完成 success=0 result=Cancelled msg=用户取消
[2026-06-02 14:43:28] [INFO] [data][ModbusTcpMaster][stop]：设备ID=12020 停止设备，连接模式=AutoReconnect
[2026-06-02 14:43:28] [INFO] [data][ModbusTcpMaster][pauseChildren]：设备ID=12020 暂停普通收发子模块
[2026-06-02 14:43:28] [INFO] [data][ModbusTcpMaster][ModbusCommandSender][stop]：设备ID=12020 指令发送器停止
[2026-06-02 14:43:28] [INFO] [data][ModbusTcpMaster][ModbusConnecter][stopAutoReconnect]：设备ID=12020 停止自动重连
[2026-06-02 14:43:28] [INFO] [data][ModbusTcpMaster][ModbusConnecter][disconnectDevice]：设备ID=12020 完全断开连接，已停止自动重连
[2026-06-02 14:43:28] [INFO] [data][ModbusTcpMaster][enterState]：设备ID=12020 状态切换: 错误状态 -> 空闲
[2026-06-02 15:06:41] [INFO] [data][ModbusTcpMaster][start]：设备ID=12020 开始启动设备连接，连接模式=AutoReconnect
[2026-06-02 15:06:41] [INFO] [data][ModbusTcpMaster][enterState]：设备ID=12020 状态切换: 空闲 -> 连接中
[2026-06-02 15:06:41] [INFO] [data][ModbusTcpMaster][ModbusConnecter][connectDevice]：设备ID=12020 开始连接设备 IP=127.0.0.1 Port=519 模式=AutoReconnect
[2026-06-02 15:06:41] [INFO] [data][ModbusTcpMaster][ModbusConnecter][onConnectionStatusChanged]：设备ID=12020 连接状态变化: Connected
[2026-06-02 15:06:41] [INFO] [data][ModbusTcpMaster][resumeChildren]：设备ID=12020 恢复普通收发子模块
[2026-06-02 15:06:41] [INFO] [data][ModbusTcpMaster][enterState]：设备ID=12020 状态切换: 连接中 -> 指令发送器已启动
[2026-06-02 15:06:41] [INFO] [data][ModbusTcpMaster][ModbusCommandSender][start]：设备ID=12020 指令发送器启动
[2026-06-02 15:06:41] [INFO] [data][ModbusTcpMaster][ModbusCommandSender][startSender]：设备ID=12020 指令发送器已启动，立即进入初始化阶段
[2026-06-02 15:06:41] [INFO] [data][ModbusTcpMaster][enterState]：设备ID=12020 状态切换: 指令发送器已启动 -> 初始指令下发中
[2026-06-02 15:06:41] [INFO] [data][ModbusTcpMaster][InitialCommandIssuer][onLogMessage]：设备ID=12020 [CyclicCommandIssuer] 启动循环下发 指令数:2 轮数:1 间隔:100ms
[2026-06-02 15:06:41] [INFO] [data][ModbusTcpMaster][InitialCommandIssuer][onLogMessage]：设备ID=12020 [CyclicCommandIssuer] 发送指令:ReadVersion 索引:0
[2026-06-02 15:06:41] [INFO] [data][ModbusTcpMaster][ModbusCommandSender][doSend]：设备ID=12020 发送指令 module=INITIAL id=ReadVersion uuid=77 sendCount=1/4 timeout=1000ms bytes=8 crc=20 0E
[2026-06-02 15:06:41] [INFO] [data][ModbusTcpMaster][enterState]：设备ID=12020 状态切换: 初始指令下发中 -> 启动定时发送器中
[2026-06-02 15:06:41] [INFO] [data][ModbusTcpMaster][PeriodicCommandSender][startPeriodicSender]：设备ID=12020 定时发送器已启动，进入正常运行状态
[2026-06-02 15:06:41] [INFO] [data][ModbusTcpMaster][enterState]：设备ID=12020 状态切换: 启动定时发送器中 -> 正常运行
[2026-06-02 15:06:41] [INFO] [data][ModbusTcpMaster][ModbusConnecter][startConnectionCheck]：设备ID=12020 启动连接心跳检查，间隔=3000ms
[2026-06-02 15:06:41] [INFO] [data][ModbusTcpMaster][ModbusConnecter][onAsyncReconnectConnected]：设备ID=12020 TCP连接成功
[2026-06-02 15:06:41] [INFO] [data][ModbusTcpMaster][SH85SelfChecker][submitStartSelfCheck]：设备ID=12020 下发 StartSelfCheck uuid=420
[2026-06-02 15:06:41] [INFO] [data][ModbusTcpMaster][SH85SelfChecker][enterState]：设备ID=12020 状态切换: 空闲 -> 下发自检指令中
[2026-06-02 15:06:41] [INFO] [data][ModbusTcpMaster][SH85SelfChecker][start]：设备ID=12020 自检流程已启动
[2026-06-02 15:06:41] [INFO] [data][ModbusTcpMaster][InitialCommandIssuer][onLogMessage]：设备ID=12020 [CyclicCommandIssuer] 发送指令:WriteVEFCGasType 索引:1
[2026-06-02 15:06:42] [WARN] [data][ModbusTcpMaster][ModbusCommandReceiver][onResponseTimeout]：设备ID=12020 响应超时 module=INITIAL id=ReadVersion uuid=77 timeout=1000ms
[2026-06-02 15:06:42] [WARN] [data][ModbusTcpMaster][ModbusCommandSender][handleFailedCommand]：设备ID=12020 指令失败，准备重发 module=INITIAL id=ReadVersion uuid=77 error=等待RTU响应超时 sendCount=1/4
[2026-06-02 15:06:42] [INFO] [data][ModbusTcpMaster][ModbusCommandSender][addToRetryQueue]：设备ID=12020 指令已加入重发队列 module=INITIAL id=ReadVersion uuid=77 sendCount=1/4
[2026-06-02 15:06:42] [INFO] [data][ModbusTcpMaster][ModbusCommandSender][doSend]：设备ID=12020 发送指令 module=INITIAL id=ReadVersion uuid=77 sendCount=2/4 timeout=1000ms bytes=8 crc=20 0E
[2026-06-02 15:06:43] [WARN] [data][ModbusTcpMaster][ModbusCommandReceiver][onResponseTimeout]：设备ID=12020 响应超时 module=INITIAL id=ReadVersion uuid=77 timeout=1000ms
[2026-06-02 15:06:43] [WARN] [data][ModbusTcpMaster][ModbusCommandSender][handleFailedCommand]：设备ID=12020 指令失败，准备重发 module=INITIAL id=ReadVersion uuid=77 error=等待RTU响应超时 sendCount=2/4
[2026-06-02 15:06:43] [INFO] [data][ModbusTcpMaster][ModbusCommandSender][addToRetryQueue]：设备ID=12020 指令已加入重发队列 module=INITIAL id=ReadVersion uuid=77 sendCount=2/4
[2026-06-02 15:06:43] [INFO] [data][ModbusTcpMaster][ModbusCommandSender][doSend]：设备ID=12020 发送指令 module=INITIAL id=ReadVersion uuid=77 sendCount=3/4 timeout=1000ms bytes=8 crc=20 0E
[2026-06-02 15:06:44] [WARN] [data][ModbusTcpMaster][ModbusCommandReceiver][onResponseTimeout]：设备ID=12020 响应超时 module=INITIAL id=ReadVersion uuid=77 timeout=1000ms
[2026-06-02 15:06:44] [WARN] [data][ModbusTcpMaster][ModbusCommandSender][handleFailedCommand]：设备ID=12020 指令失败，准备重发 module=INITIAL id=ReadVersion uuid=77 error=等待RTU响应超时 sendCount=3/4
[2026-06-02 15:06:44] [INFO] [data][ModbusTcpMaster][ModbusCommandSender][addToRetryQueue]：设备ID=12020 指令已加入重发队列 module=INITIAL id=ReadVersion uuid=77 sendCount=3/4
[2026-06-02 15:06:44] [INFO] [data][ModbusTcpMaster][ModbusCommandSender][doSend]：设备ID=12020 发送指令 module=INITIAL id=ReadVersion uuid=77 sendCount=4/4 timeout=1000ms bytes=8 crc=20 0E
[2026-06-02 15:06:45] [WARN] [data][ModbusTcpMaster][ModbusCommandReceiver][onResponseTimeout]：设备ID=12020 响应超时 module=INITIAL id=ReadVersion uuid=77 timeout=1000ms
[2026-06-02 15:06:45] [WARN] [data][ModbusTcpMaster][ModbusCommandSender][handleFailedCommand]：设备ID=12020 指令失败 module=INITIAL id=ReadVersion uuid=77 error=等待RTU响应超时 sendCount=4/4 timedOut=1 checksumError=0 deviceBusy=0
[2026-06-02 15:06:45] [INFO] [data][ModbusTcpMaster][InitialCommandIssuer][onLogMessage]：设备ID=12020 [CyclicCommandIssuer] 指令失败:ReadVersion 原因:等待RTU响应超时 发送次数:4
[2026-06-02 15:06:45] [INFO] [data][ModbusTcpMaster][ModbusCommandSender][doSend]：设备ID=12020 发送指令 module=INITIAL id=WriteVEFCGasType uuid=78 sendCount=1/4 timeout=1000ms bytes=8 crc=D8 0A
[2026-06-02 15:06:46] [WARN] [data][ModbusTcpMaster][ModbusCommandReceiver][onResponseTimeout]：设备ID=12020 响应超时 module=INITIAL id=WriteVEFCGasType uuid=78 timeout=1000ms
[2026-06-02 15:06:46] [WARN] [data][ModbusTcpMaster][ModbusCommandSender][handleFailedCommand]：设备ID=12020 指令失败，准备重发 module=INITIAL id=WriteVEFCGasType uuid=78 error=等待RTU响应超时 sendCount=1/4
[2026-06-02 15:06:46] [INFO] [data][ModbusTcpMaster][ModbusCommandSender][addToRetryQueue]：设备ID=12020 指令已加入重发队列 module=INITIAL id=WriteVEFCGasType uuid=78 sendCount=1/4
[2026-06-02 15:06:46] [INFO] [data][ModbusTcpMaster][ModbusCommandSender][doSend]：设备ID=12020 发送指令 module=INITIAL id=WriteVEFCGasType uuid=78 sendCount=2/4 timeout=1000ms bytes=8 crc=D8 0A
[2026-06-02 15:06:47] [WARN] [data][ModbusTcpMaster][ModbusCommandReceiver][onResponseTimeout]：设备ID=12020 响应超时 module=INITIAL id=WriteVEFCGasType uuid=78 timeout=1000ms
[2026-06-02 15:06:47] [WARN] [data][ModbusTcpMaster][ModbusCommandSender][handleFailedCommand]：设备ID=12020 指令失败，准备重发 module=INITIAL id=WriteVEFCGasType uuid=78 error=等待RTU响应超时 sendCount=2/4
[2026-06-02 15:06:47] [INFO] [data][ModbusTcpMaster][ModbusCommandSender][addToRetryQueue]：设备ID=12020 指令已加入重发队列 module=INITIAL id=WriteVEFCGasType uuid=78 sendCount=2/4
[2026-06-02 15:06:47] [INFO] [data][ModbusTcpMaster][ModbusCommandSender][doSend]：设备ID=12020 发送指令 module=INITIAL id=WriteVEFCGasType uuid=78 sendCount=3/4 timeout=1000ms bytes=8 crc=D8 0A
[2026-06-02 15:06:48] [WARN] [data][ModbusTcpMaster][ModbusCommandReceiver][onResponseTimeout]：设备ID=12020 响应超时 module=INITIAL id=WriteVEFCGasType uuid=78 timeout=1000ms
[2026-06-02 15:06:48] [WARN] [data][ModbusTcpMaster][ModbusCommandSender][handleFailedCommand]：设备ID=12020 指令失败，准备重发 module=INITIAL id=WriteVEFCGasType uuid=78 error=等待RTU响应超时 sendCount=3/4
[2026-06-02 15:06:48] [INFO] [data][ModbusTcpMaster][ModbusCommandSender][addToRetryQueue]：设备ID=12020 指令已加入重发队列 module=INITIAL id=WriteVEFCGasType uuid=78 sendCount=3/4
[2026-06-02 15:06:48] [INFO] [data][ModbusTcpMaster][ModbusCommandSender][doSend]：设备ID=12020 发送指令 module=INITIAL id=WriteVEFCGasType uuid=78 sendCount=4/4 timeout=1000ms bytes=8 crc=D8 0A
[2026-06-02 15:06:49] [WARN] [data][ModbusTcpMaster][ModbusCommandReceiver][onResponseTimeout]：设备ID=12020 响应超时 module=INITIAL id=WriteVEFCGasType uuid=78 timeout=1000ms
[2026-06-02 15:06:49] [WARN] [data][ModbusTcpMaster][ModbusCommandSender][handleFailedCommand]：设备ID=12020 指令失败 module=INITIAL id=WriteVEFCGasType uuid=78 error=等待RTU响应超时 sendCount=4/4 timedOut=1 checksumError=0 deviceBusy=0
[2026-06-02 15:06:49] [INFO] [data][ModbusTcpMaster][InitialCommandIssuer][onLogMessage]：设备ID=12020 [CyclicCommandIssuer] 指令失败:WriteVEFCGasType 原因:等待RTU响应超时 发送次数:4
[2026-06-02 15:06:49] [INFO] [data][ModbusTcpMaster][InitialCommandIssuer][onLogMessage]：设备ID=12020 [CyclicCommandIssuer] 第1轮完成 失败:2条
[2026-06-02 15:06:49] [INFO] [data][ModbusTcpMaster][InitialCommandIssuer][onRoundComplete]：设备ID=12020 初始化指令完成，失败数=2
[2026-06-02 15:06:49] [INFO] [data][ModbusTcpMaster][InitialCommandIssuer][onInitialFinished]：设备ID=12020 初始化完成，失败指令数=2
[2026-06-02 15:06:49] [INFO] [data][ModbusTcpMaster][InitialCommandIssuer][onLogMessage]：设备ID=12020 [CyclicCommandIssuer] 全部轮次执行完毕
[2026-06-02 15:06:49] [INFO] [data][ModbusTcpMaster][ModbusCommandSender][doSend]：设备ID=12020 发送指令 module=BUSINESS id=WriteQRCode uuid=340 sendCount=1/6 timeout=1000ms bytes=13 crc=6E 51
[2026-06-02 15:06:50] [WARN] [data][ModbusTcpMaster][ModbusCommandReceiver][onResponseTimeout]：设备ID=12020 响应超时 module=BUSINESS id=WriteQRCode uuid=340 timeout=1000ms
[2026-06-02 15:06:50] [WARN] [data][ModbusTcpMaster][ModbusCommandSender][handleFailedCommand]：设备ID=12020 指令失败，准备重发 module=BUSINESS id=WriteQRCode uuid=340 error=等待RTU响应超时 sendCount=1/6
[2026-06-02 15:06:50] [INFO] [data][ModbusTcpMaster][ModbusCommandSender][addToRetryQueue]：设备ID=12020 指令已加入重发队列 module=BUSINESS id=WriteQRCode uuid=340 sendCount=1/6
[2026-06-02 15:06:50] [INFO] [data][ModbusTcpMaster][ModbusCommandSender][doSend]：设备ID=12020 发送指令 module=BUSINESS id=WriteQRCode uuid=340 sendCount=2/6 timeout=1000ms bytes=13 crc=6E 51
[2026-06-02 15:06:51] [WARN] [data][ModbusTcpMaster][ModbusCommandReceiver][onResponseTimeout]：设备ID=12020 响应超时 module=BUSINESS id=WriteQRCode uuid=340 timeout=1000ms
[2026-06-02 15:06:51] [WARN] [data][ModbusTcpMaster][ModbusCommandSender][handleFailedCommand]：设备ID=12020 指令失败，准备重发 module=BUSINESS id=WriteQRCode uuid=340 error=等待RTU响应超时 sendCount=2/6
[2026-06-02 15:06:51] [INFO] [data][ModbusTcpMaster][ModbusCommandSender][addToRetryQueue]：设备ID=12020 指令已加入重发队列 module=BUSINESS id=WriteQRCode uuid=340 sendCount=2/6
[2026-06-02 15:06:51] [INFO] [data][ModbusTcpMaster][ModbusCommandSender][doSend]：设备ID=12020 发送指令 module=BUSINESS id=WriteQRCode uuid=340 sendCount=3/6 timeout=1000ms bytes=13 crc=6E 51
[2026-06-02 15:06:52] [WARN] [data][ModbusTcpMaster][ModbusCommandReceiver][onResponseTimeout]：设备ID=12020 响应超时 module=BUSINESS id=WriteQRCode uuid=340 timeout=1000ms
[2026-06-02 15:06:52] [WARN] [data][ModbusTcpMaster][ModbusCommandSender][handleFailedCommand]：设备ID=12020 指令失败，准备重发 module=BUSINESS id=WriteQRCode uuid=340 error=等待RTU响应超时 sendCount=3/6
[2026-06-02 15:06:52] [INFO] [data][ModbusTcpMaster][ModbusCommandSender][addToRetryQueue]：设备ID=12020 指令已加入重发队列 module=BUSINESS id=WriteQRCode uuid=340 sendCount=3/6
[2026-06-02 15:06:52] [INFO] [data][ModbusTcpMaster][ModbusCommandSender][doSend]：设备ID=12020 发送指令 module=BUSINESS id=WriteQRCode uuid=340 sendCount=4/6 timeout=1000ms bytes=13 crc=6E 51
[2026-06-02 15:06:53] [WARN] [data][ModbusTcpMaster][ModbusCommandReceiver][onResponseTimeout]：设备ID=12020 响应超时 module=BUSINESS id=WriteQRCode uuid=340 timeout=1000ms
[2026-06-02 15:06:53] [WARN] [data][ModbusTcpMaster][ModbusCommandSender][handleFailedCommand]：设备ID=12020 指令失败，准备重发 module=BUSINESS id=WriteQRCode uuid=340 error=等待RTU响应超时 sendCount=4/6
[2026-06-02 15:06:53] [INFO] [data][ModbusTcpMaster][ModbusCommandSender][addToRetryQueue]：设备ID=12020 指令已加入重发队列 module=BUSINESS id=WriteQRCode uuid=340 sendCount=4/6
[2026-06-02 15:06:53] [INFO] [data][ModbusTcpMaster][ModbusCommandSender][doSend]：设备ID=12020 发送指令 module=BUSINESS id=WriteQRCode uuid=340 sendCount=5/6 timeout=1000ms bytes=13 crc=6E 51
[2026-06-02 15:06:54] [WARN] [data][ModbusTcpMaster][ModbusCommandReceiver][onResponseTimeout]：设备ID=12020 响应超时 module=BUSINESS id=WriteQRCode uuid=340 timeout=1000ms
[2026-06-02 15:06:54] [WARN] [data][ModbusTcpMaster][ModbusCommandSender][handleFailedCommand]：设备ID=12020 指令失败，准备重发 module=BUSINESS id=WriteQRCode uuid=340 error=等待RTU响应超时 sendCount=5/6
[2026-06-02 15:06:54] [INFO] [data][ModbusTcpMaster][ModbusCommandSender][addToRetryQueue]：设备ID=12020 指令已加入重发队列 module=BUSINESS id=WriteQRCode uuid=340 sendCount=5/6
[2026-06-02 15:06:54] [INFO] [data][ModbusTcpMaster][ModbusCommandSender][doSend]：设备ID=12020 发送指令 module=BUSINESS id=WriteQRCode uuid=340 sendCount=6/6 timeout=1000ms bytes=13 crc=6E 51
[2026-06-02 15:06:55] [WARN] [data][ModbusTcpMaster][ModbusCommandReceiver][onResponseTimeout]：设备ID=12020 响应超时 module=BUSINESS id=WriteQRCode uuid=340 timeout=1000ms
[2026-06-02 15:06:55] [WARN] [data][ModbusTcpMaster][ModbusCommandSender][handleFailedCommand]：设备ID=12020 指令失败 module=BUSINESS id=WriteQRCode uuid=340 error=等待RTU响应超时 sendCount=6/6 timedOut=1 checksumError=0 deviceBusy=0
[2026-06-02 15:06:55] [INFO] [data][ModbusTcpMaster][ModbusCommandSender][doSend]：设备ID=12020 发送指令 module=BUSINESS id=StartSelfCheck uuid=420 sendCount=1/1 timeout=1000ms bytes=8 crc=F9 B5
[2026-06-02 15:06:56] [WARN] [data][ModbusTcpMaster][ModbusCommandReceiver][onResponseTimeout]：设备ID=12020 响应超时 module=BUSINESS id=StartSelfCheck uuid=420 timeout=1000ms
[2026-06-02 15:06:56] [WARN] [data][ModbusTcpMaster][ModbusCommandSender][handleFailedCommand]：设备ID=12020 指令失败 module=BUSINESS id=StartSelfCheck uuid=420 error=等待RTU响应超时 sendCount=1/1 timedOut=1 checksumError=0 deviceBusy=0
[2026-06-02 15:06:56] [WARN] [data][ModbusTcpMaster][SH85SelfChecker][onCommandFinished]：设备ID=12020 响应 state=下发自检指令中 ok=0 id=StartSelfCheck uuid=420 error=等待RTU响应超时
TX：01 06 00 17 00 A5 F9 B5
RX：01 06 00 17 00 A5
[2026-06-02 15:06:56] [WARN] [data][ModbusTcpMaster][SH85SelfChecker][emitErrorAndFinish]：设备ID=12020 自检失败 result=StartCommandFailed msg=启动自检指令下发失败: 等待RTU响应超时
[2026-06-02 15:06:56] [INFO] [data][ModbusTcpMaster][SH85SelfChecker][enterState]：设备ID=12020 状态切换: 下发自检指令中 -> 结束
[2026-06-02 15:06:56] [WARN] [data][ModbusTcpMaster][SH85SelfChecker][finishOnly]：设备ID=12020 自检完成 success=0 result=StartCommandFailed msg=启动自检指令下发失败: 等待RTU响应超时
[2026-06-02 15:07:03] [INFO] [data][ModbusTcpMaster][stop]：设备ID=12020 停止设备，连接模式=AutoReconnect
[2026-06-02 15:07:03] [INFO] [data][ModbusTcpMaster][pauseChildren]：设备ID=12020 暂停普通收发子模块
[2026-06-02 15:07:03] [INFO] [data][ModbusTcpMaster][ModbusCommandSender][stop]：设备ID=12020 指令发送器停止
[2026-06-02 15:07:03] [INFO] [data][ModbusTcpMaster][ModbusConnecter][stopConnectionCheck]：设备ID=12020 停止连接心跳检查
[2026-06-02 15:07:03] [WARN] [data][ModbusTcpMaster][ModbusConnecter][disconnected]：设备ID=12020 TCP连接断开
[2026-06-02 15:07:03] [INFO] [data][ModbusTcpMaster][ModbusConnecter][onConnectionStatusChanged]：设备ID=12020 连接状态变化: Disconnected
[2026-06-02 15:07:03] [INFO] [data][ModbusTcpMaster][ModbusCommandSender][stop]：设备ID=12020 指令发送器停止
[2026-06-02 15:07:03] [INFO] [data][ModbusTcpMaster][enterState]：设备ID=12020 状态切换: 正常运行 -> 连接中
[2026-06-02 15:07:03] [WARN] [data][ModbusTcpMaster][ModbusConnecter][onConnectionError]：设备ID=12020 连接阶段错误: Connection lost: 未知的错误
[2026-06-02 15:07:03] [INFO] [data][ModbusTcpMaster][enterState]：设备ID=12020 状态切换: 连接中 -> 错误状态
[2026-06-02 15:07:03] [INFO] [data][ModbusTcpMaster][ModbusConnecter][disconnectDevice]：设备ID=12020 完全断开连接，已停止自动重连
[2026-06-02 15:07:03] [INFO] [data][ModbusTcpMaster][enterState]：设备ID=12020 状态切换: 错误状态 -> 空闲
[2026-06-02 15:20:44] [INFO] [data][ModbusTcpMaster][start]：设备ID=12020 开始启动设备连接，连接模式=AutoReconnect
[2026-06-02 15:20:44] [INFO] [data][ModbusTcpMaster][enterState]：设备ID=12020 状态切换: 空闲 -> 连接中
[2026-06-02 15:20:44] [INFO] [data][ModbusTcpMaster][ModbusConnecter][connectDevice]：设备ID=12020 开始连接设备 IP=127.0.0.1 Port=519 模式=AutoReconnect
[2026-06-02 15:20:44] [INFO] [data][ModbusTcpMaster][ModbusConnecter][onConnectionStatusChanged]：设备ID=12020 连接状态变化: Connected
[2026-06-02 15:20:44] [INFO] [data][ModbusTcpMaster][resumeChildren]：设备ID=12020 恢复普通收发子模块
[2026-06-02 15:20:44] [INFO] [data][ModbusTcpMaster][enterState]：设备ID=12020 状态切换: 连接中 -> 指令发送器已启动
[2026-06-02 15:20:44] [INFO] [data][ModbusTcpMaster][ModbusCommandSender][start]：设备ID=12020 指令发送器启动
[2026-06-02 15:20:44] [INFO] [data][ModbusTcpMaster][ModbusCommandSender][startSender]：设备ID=12020 指令发送器已启动，立即进入初始化阶段
[2026-06-02 15:20:44] [INFO] [data][ModbusTcpMaster][enterState]：设备ID=12020 状态切换: 指令发送器已启动 -> 初始指令下发中
[2026-06-02 15:20:44] [INFO] [data][ModbusTcpMaster][InitialCommandIssuer][onLogMessage]：设备ID=12020 [CyclicCommandIssuer] 启动循环下发 指令数:2 轮数:1 间隔:100ms
[2026-06-02 15:20:44] [INFO] [data][ModbusTcpMaster][InitialCommandIssuer][onLogMessage]：设备ID=12020 [CyclicCommandIssuer] 发送指令:ReadVersion 索引:0
[2026-06-02 15:20:44] [INFO] [data][ModbusTcpMaster][ModbusCommandSender][doSend]：设备ID=12020 发送指令 module=INITIAL id=ReadVersion uuid=77 sendCount=1/4 timeout=1000ms bytes=8 crc=20 0E
[2026-06-02 15:20:44] [INFO] [data][ModbusTcpMaster][enterState]：设备ID=12020 状态切换: 初始指令下发中 -> 启动定时发送器中
[2026-06-02 15:20:44] [INFO] [data][ModbusTcpMaster][PeriodicCommandSender][startPeriodicSender]：设备ID=12020 定时发送器已启动，进入正常运行状态
[2026-06-02 15:20:44] [INFO] [data][ModbusTcpMaster][enterState]：设备ID=12020 状态切换: 启动定时发送器中 -> 正常运行
[2026-06-02 15:20:44] [INFO] [data][ModbusTcpMaster][ModbusConnecter][startConnectionCheck]：设备ID=12020 启动连接心跳检查，间隔=3000ms
[2026-06-02 15:20:44] [INFO] [data][ModbusTcpMaster][ModbusConnecter][onAsyncReconnectConnected]：设备ID=12020 TCP连接成功
[2026-06-02 15:20:45] [INFO] [data][ModbusTcpMaster][InitialCommandIssuer][onLogMessage]：设备ID=12020 [CyclicCommandIssuer] 发送指令:WriteVEFCGasType 索引:1
[2026-06-02 15:20:45] [INFO] [data][ModbusTcpMaster][SH85SelfChecker][submitStartSelfCheck]：设备ID=12020 下发 StartSelfCheck uuid=409
[2026-06-02 15:20:45] [INFO] [data][ModbusTcpMaster][SH85SelfChecker][enterState]：设备ID=12020 状态切换: 空闲 -> 下发自检指令中
[2026-06-02 15:20:45] [INFO] [data][ModbusTcpMaster][SH85SelfChecker][start]：设备ID=12020 自检流程已启动
[2026-06-02 15:20:45] [WARN] [data][ModbusTcpMaster][ModbusCommandReceiver][onResponseTimeout]：设备ID=12020 响应超时 module=INITIAL id=ReadVersion uuid=77 timeout=1000ms
[2026-06-02 15:20:45] [WARN] [data][ModbusTcpMaster][ModbusCommandSender][handleFailedCommand]：设备ID=12020 指令失败，准备重发 module=INITIAL id=ReadVersion uuid=77 error=等待RTU响应超时 sendCount=1/4
[2026-06-02 15:20:45] [INFO] [data][ModbusTcpMaster][ModbusCommandSender][addToRetryQueue]：设备ID=12020 指令已加入重发队列 module=INITIAL id=ReadVersion uuid=77 sendCount=1/4
[2026-06-02 15:20:45] [INFO] [data][ModbusTcpMaster][ModbusCommandSender][doSend]：设备ID=12020 发送指令 module=INITIAL id=ReadVersion uuid=77 sendCount=2/4 timeout=1000ms bytes=8 crc=20 0E
[2026-06-02 15:20:46] [WARN] [data][ModbusTcpMaster][ModbusCommandReceiver][onResponseTimeout]：设备ID=12020 响应超时 module=INITIAL id=ReadVersion uuid=77 timeout=1000ms
[2026-06-02 15:20:46] [WARN] [data][ModbusTcpMaster][ModbusCommandSender][handleFailedCommand]：设备ID=12020 指令失败，准备重发 module=INITIAL id=ReadVersion uuid=77 error=等待RTU响应超时 sendCount=2/4
[2026-06-02 15:20:46] [INFO] [data][ModbusTcpMaster][ModbusCommandSender][addToRetryQueue]：设备ID=12020 指令已加入重发队列 module=INITIAL id=ReadVersion uuid=77 sendCount=2/4
[2026-06-02 15:20:46] [INFO] [data][ModbusTcpMaster][ModbusCommandSender][doSend]：设备ID=12020 发送指令 module=INITIAL id=ReadVersion uuid=77 sendCount=3/4 timeout=1000ms bytes=8 crc=20 0E
[2026-06-02 15:20:47] [WARN] [data][ModbusTcpMaster][ModbusCommandReceiver][onResponseTimeout]：设备ID=12020 响应超时 module=INITIAL id=ReadVersion uuid=77 timeout=1000ms
[2026-06-02 15:20:47] [WARN] [data][ModbusTcpMaster][ModbusCommandSender][handleFailedCommand]：设备ID=12020 指令失败，准备重发 module=INITIAL id=ReadVersion uuid=77 error=等待RTU响应超时 sendCount=3/4
[2026-06-02 15:20:47] [INFO] [data][ModbusTcpMaster][ModbusCommandSender][addToRetryQueue]：设备ID=12020 指令已加入重发队列 module=INITIAL id=ReadVersion uuid=77 sendCount=3/4
[2026-06-02 15:20:47] [INFO] [data][ModbusTcpMaster][ModbusCommandSender][doSend]：设备ID=12020 发送指令 module=INITIAL id=ReadVersion uuid=77 sendCount=4/4 timeout=1000ms bytes=8 crc=20 0E
[2026-06-02 15:20:48] [WARN] [data][ModbusTcpMaster][ModbusCommandReceiver][onResponseTimeout]：设备ID=12020 响应超时 module=INITIAL id=ReadVersion uuid=77 timeout=1000ms
[2026-06-02 15:20:48] [WARN] [data][ModbusTcpMaster][ModbusCommandSender][handleFailedCommand]：设备ID=12020 指令失败 module=INITIAL id=ReadVersion uuid=77 error=等待RTU响应超时 sendCount=4/4 timedOut=1 checksumError=0 deviceBusy=0
[2026-06-02 15:20:48] [INFO] [data][ModbusTcpMaster][InitialCommandIssuer][onLogMessage]：设备ID=12020 [CyclicCommandIssuer] 指令失败:ReadVersion 原因:等待RTU响应超时 发送次数:4
[2026-06-02 15:20:48] [INFO] [data][ModbusTcpMaster][ModbusCommandSender][doSend]：设备ID=12020 发送指令 module=INITIAL id=WriteVEFCGasType uuid=78 sendCount=1/4 timeout=1000ms bytes=8 crc=D8 0A
[2026-06-02 15:20:49] [WARN] [data][ModbusTcpMaster][ModbusCommandReceiver][onResponseTimeout]：设备ID=12020 响应超时 module=INITIAL id=WriteVEFCGasType uuid=78 timeout=1000ms
[2026-06-02 15:20:49] [WARN] [data][ModbusTcpMaster][ModbusCommandSender][handleFailedCommand]：设备ID=12020 指令失败，准备重发 module=INITIAL id=WriteVEFCGasType uuid=78 error=等待RTU响应超时 sendCount=1/4
[2026-06-02 15:20:49] [INFO] [data][ModbusTcpMaster][ModbusCommandSender][addToRetryQueue]：设备ID=12020 指令已加入重发队列 module=INITIAL id=WriteVEFCGasType uuid=78 sendCount=1/4
[2026-06-02 15:20:49] [INFO] [data][ModbusTcpMaster][ModbusCommandSender][doSend]：设备ID=12020 发送指令 module=INITIAL id=WriteVEFCGasType uuid=78 sendCount=2/4 timeout=1000ms bytes=8 crc=D8 0A
[2026-06-02 15:20:50] [WARN] [data][ModbusTcpMaster][ModbusCommandReceiver][onResponseTimeout]：设备ID=12020 响应超时 module=INITIAL id=WriteVEFCGasType uuid=78 timeout=1000ms
[2026-06-02 15:20:50] [WARN] [data][ModbusTcpMaster][ModbusCommandSender][handleFailedCommand]：设备ID=12020 指令失败，准备重发 module=INITIAL id=WriteVEFCGasType uuid=78 error=等待RTU响应超时 sendCount=2/4
[2026-06-02 15:20:50] [INFO] [data][ModbusTcpMaster][ModbusCommandSender][addToRetryQueue]：设备ID=12020 指令已加入重发队列 module=INITIAL id=WriteVEFCGasType uuid=78 sendCount=2/4
[2026-06-02 15:20:50] [INFO] [data][ModbusTcpMaster][ModbusCommandSender][doSend]：设备ID=12020 发送指令 module=INITIAL id=WriteVEFCGasType uuid=78 sendCount=3/4 timeout=1000ms bytes=8 crc=D8 0A
[2026-06-02 15:20:51] [WARN] [data][ModbusTcpMaster][ModbusCommandReceiver][onResponseTimeout]：设备ID=12020 响应超时 module=INITIAL id=WriteVEFCGasType uuid=78 timeout=1000ms
[2026-06-02 15:20:51] [WARN] [data][ModbusTcpMaster][ModbusCommandSender][handleFailedCommand]：设备ID=12020 指令失败，准备重发 module=INITIAL id=WriteVEFCGasType uuid=78 error=等待RTU响应超时 sendCount=3/4
[2026-06-02 15:20:51] [INFO] [data][ModbusTcpMaster][ModbusCommandSender][addToRetryQueue]：设备ID=12020 指令已加入重发队列 module=INITIAL id=WriteVEFCGasType uuid=78 sendCount=3/4
[2026-06-02 15:20:51] [INFO] [data][ModbusTcpMaster][ModbusCommandSender][doSend]：设备ID=12020 发送指令 module=INITIAL id=WriteVEFCGasType uuid=78 sendCount=4/4 timeout=1000ms bytes=8 crc=D8 0A
[2026-06-02 15:20:52] [WARN] [data][ModbusTcpMaster][ModbusCommandReceiver][onResponseTimeout]：设备ID=12020 响应超时 module=INITIAL id=WriteVEFCGasType uuid=78 timeout=1000ms
[2026-06-02 15:20:52] [WARN] [data][ModbusTcpMaster][ModbusCommandSender][handleFailedCommand]：设备ID=12020 指令失败 module=INITIAL id=WriteVEFCGasType uuid=78 error=等待RTU响应超时 sendCount=4/4 timedOut=1 checksumError=0 deviceBusy=0
[2026-06-02 15:20:52] [INFO] [data][ModbusTcpMaster][InitialCommandIssuer][onLogMessage]：设备ID=12020 [CyclicCommandIssuer] 指令失败:WriteVEFCGasType 原因:等待RTU响应超时 发送次数:4
[2026-06-02 15:20:52] [INFO] [data][ModbusTcpMaster][InitialCommandIssuer][onLogMessage]：设备ID=12020 [CyclicCommandIssuer] 第1轮完成 失败:2条
[2026-06-02 15:20:52] [INFO] [data][ModbusTcpMaster][InitialCommandIssuer][onRoundComplete]：设备ID=12020 初始化指令完成，失败数=2
[2026-06-02 15:20:52] [INFO] [data][ModbusTcpMaster][InitialCommandIssuer][onInitialFinished]：设备ID=12020 初始化完成，失败指令数=2
[2026-06-02 15:20:52] [INFO] [data][ModbusTcpMaster][InitialCommandIssuer][onLogMessage]：设备ID=12020 [CyclicCommandIssuer] 全部轮次执行完毕
[2026-06-02 15:20:52] [INFO] [data][ModbusTcpMaster][ModbusCommandSender][doSend]：设备ID=12020 发送指令 module=BUSINESS id=WriteQRCode uuid=340 sendCount=1/6 timeout=1000ms bytes=13 crc=6E 51
[2026-06-02 15:20:53] [WARN] [data][ModbusTcpMaster][ModbusCommandReceiver][onResponseTimeout]：设备ID=12020 响应超时 module=BUSINESS id=WriteQRCode uuid=340 timeout=1000ms
[2026-06-02 15:20:53] [WARN] [data][ModbusTcpMaster][ModbusCommandSender][handleFailedCommand]：设备ID=12020 指令失败，准备重发 module=BUSINESS id=WriteQRCode uuid=340 error=等待RTU响应超时 sendCount=1/6
[2026-06-02 15:20:53] [INFO] [data][ModbusTcpMaster][ModbusCommandSender][addToRetryQueue]：设备ID=12020 指令已加入重发队列 module=BUSINESS id=WriteQRCode uuid=340 sendCount=1/6
[2026-06-02 15:20:53] [INFO] [data][ModbusTcpMaster][ModbusCommandSender][doSend]：设备ID=12020 发送指令 module=BUSINESS id=WriteQRCode uuid=340 sendCount=2/6 timeout=1000ms bytes=13 crc=6E 51
[2026-06-02 15:20:54] [WARN] [data][ModbusTcpMaster][ModbusCommandReceiver][onResponseTimeout]：设备ID=12020 响应超时 module=BUSINESS id=WriteQRCode uuid=340 timeout=1000ms
[2026-06-02 15:20:54] [WARN] [data][ModbusTcpMaster][ModbusCommandSender][handleFailedCommand]：设备ID=12020 指令失败，准备重发 module=BUSINESS id=WriteQRCode uuid=340 error=等待RTU响应超时 sendCount=2/6
[2026-06-02 15:20:54] [INFO] [data][ModbusTcpMaster][ModbusCommandSender][addToRetryQueue]：设备ID=12020 指令已加入重发队列 module=BUSINESS id=WriteQRCode uuid=340 sendCount=2/6
[2026-06-02 15:20:54] [INFO] [data][ModbusTcpMaster][ModbusCommandSender][doSend]：设备ID=12020 发送指令 module=BUSINESS id=WriteQRCode uuid=340 sendCount=3/6 timeout=1000ms bytes=13 crc=6E 51
[2026-06-02 15:20:55] [WARN] [data][ModbusTcpMaster][ModbusCommandReceiver][onResponseTimeout]：设备ID=12020 响应超时 module=BUSINESS id=WriteQRCode uuid=340 timeout=1000ms
[2026-06-02 15:20:55] [WARN] [data][ModbusTcpMaster][ModbusCommandSender][handleFailedCommand]：设备ID=12020 指令失败，准备重发 module=BUSINESS id=WriteQRCode uuid=340 error=等待RTU响应超时 sendCount=3/6
[2026-06-02 15:20:55] [INFO] [data][ModbusTcpMaster][ModbusCommandSender][addToRetryQueue]：设备ID=12020 指令已加入重发队列 module=BUSINESS id=WriteQRCode uuid=340 sendCount=3/6
[2026-06-02 15:20:55] [INFO] [data][ModbusTcpMaster][ModbusCommandSender][doSend]：设备ID=12020 发送指令 module=BUSINESS id=WriteQRCode uuid=340 sendCount=4/6 timeout=1000ms bytes=13 crc=6E 51
[2026-06-02 15:20:56] [WARN] [data][ModbusTcpMaster][ModbusCommandReceiver][onResponseTimeout]：设备ID=12020 响应超时 module=BUSINESS id=WriteQRCode uuid=340 timeout=1000ms
[2026-06-02 15:20:56] [WARN] [data][ModbusTcpMaster][ModbusCommandSender][handleFailedCommand]：设备ID=12020 指令失败，准备重发 module=BUSINESS id=WriteQRCode uuid=340 error=等待RTU响应超时 sendCount=4/6
[2026-06-02 15:20:56] [INFO] [data][ModbusTcpMaster][ModbusCommandSender][addToRetryQueue]：设备ID=12020 指令已加入重发队列 module=BUSINESS id=WriteQRCode uuid=340 sendCount=4/6
[2026-06-02 15:20:56] [INFO] [data][ModbusTcpMaster][ModbusCommandSender][doSend]：设备ID=12020 发送指令 module=BUSINESS id=WriteQRCode uuid=340 sendCount=5/6 timeout=1000ms bytes=13 crc=6E 51
[2026-06-02 15:20:57] [WARN] [data][ModbusTcpMaster][ModbusCommandReceiver][onResponseTimeout]：设备ID=12020 响应超时 module=BUSINESS id=WriteQRCode uuid=340 timeout=1000ms
[2026-06-02 15:20:57] [WARN] [data][ModbusTcpMaster][ModbusCommandSender][handleFailedCommand]：设备ID=12020 指令失败，准备重发 module=BUSINESS id=WriteQRCode uuid=340 error=等待RTU响应超时 sendCount=5/6
[2026-06-02 15:20:57] [INFO] [data][ModbusTcpMaster][ModbusCommandSender][addToRetryQueue]：设备ID=12020 指令已加入重发队列 module=BUSINESS id=WriteQRCode uuid=340 sendCount=5/6
[2026-06-02 15:20:57] [INFO] [data][ModbusTcpMaster][ModbusCommandSender][doSend]：设备ID=12020 发送指令 module=BUSINESS id=WriteQRCode uuid=340 sendCount=6/6 timeout=1000ms bytes=13 crc=6E 51
[2026-06-02 15:20:58] [WARN] [data][ModbusTcpMaster][ModbusCommandReceiver][onResponseTimeout]：设备ID=12020 响应超时 module=BUSINESS id=WriteQRCode uuid=340 timeout=1000ms
[2026-06-02 15:20:58] [WARN] [data][ModbusTcpMaster][ModbusCommandSender][handleFailedCommand]：设备ID=12020 指令失败 module=BUSINESS id=WriteQRCode uuid=340 error=等待RTU响应超时 sendCount=6/6 timedOut=1 checksumError=0 deviceBusy=0
[2026-06-02 15:20:58] [INFO] [data][ModbusTcpMaster][ModbusCommandSender][doSend]：设备ID=12020 发送指令 module=BUSINESS id=StartSelfCheck uuid=409 sendCount=1/1 timeout=1000ms bytes=8 crc=F9 B5
[2026-06-02 15:20:59] [INFO] [data][ModbusTcpMaster][SH85SelfChecker][enterState]：设备ID=12020 状态切换: 下发自检指令中 -> 结束
[2026-06-02 15:20:59] [WARN] [data][ModbusTcpMaster][SH85SelfChecker][finishOnly]：设备ID=12020 自检完成 success=0 result=Cancelled msg=用户取消
[2026-06-02 15:20:59] [INFO] [data][ModbusTcpMaster][stop]：设备ID=12020 停止设备，连接模式=AutoReconnect
[2026-06-02 15:20:59] [INFO] [data][ModbusTcpMaster][pauseChildren]：设备ID=12020 暂停普通收发子模块
[2026-06-02 15:20:59] [INFO] [data][ModbusTcpMaster][ModbusCommandSender][stop]：设备ID=12020 指令发送器停止
[2026-06-02 15:20:59] [INFO] [data][ModbusTcpMaster][ModbusConnecter][stopConnectionCheck]：设备ID=12020 停止连接心跳检查
[2026-06-02 15:20:59] [WARN] [data][ModbusTcpMaster][ModbusConnecter][disconnected]：设备ID=12020 TCP连接断开
[2026-06-02 15:20:59] [INFO] [data][ModbusTcpMaster][ModbusConnecter][onConnectionStatusChanged]：设备ID=12020 连接状态变化: Disconnected
[2026-06-02 15:20:59] [INFO] [data][ModbusTcpMaster][ModbusCommandSender][stop]：设备ID=12020 指令发送器停止
[2026-06-02 15:20:59] [INFO] [data][ModbusTcpMaster][enterState]：设备ID=12020 状态切换: 正常运行 -> 连接中
[2026-06-02 15:20:59] [WARN] [data][ModbusTcpMaster][ModbusConnecter][onConnectionError]：设备ID=12020 连接阶段错误: Connection lost: 未知的错误
[2026-06-02 15:20:59] [INFO] [data][ModbusTcpMaster][enterState]：设备ID=12020 状态切换: 连接中 -> 错误状态
[2026-06-02 15:20:59] [INFO] [data][ModbusTcpMaster][ModbusConnecter][disconnectDevice]：设备ID=12020 完全断开连接，已停止自动重连
[2026-06-02 15:20:59] [INFO] [data][ModbusTcpMaster][enterState]：设备ID=12020 状态切换: 错误状态 -> 空闲
[2026-06-02 15:30:04] [INFO] [data][ModbusTcpMaster][start]：设备ID=12020 开始启动设备连接，连接模式=AutoReconnect
[2026-06-02 15:30:04] [INFO] [data][ModbusTcpMaster][enterState]：设备ID=12020 状态切换: 空闲 -> 连接中
[2026-06-02 15:30:04] [INFO] [data][ModbusTcpMaster][ModbusConnecter][connectDevice]：设备ID=12020 开始连接设备 IP=127.0.0.1 Port=519 模式=AutoReconnect
[2026-06-02 15:30:04] [INFO] [data][ModbusTcpMaster][ModbusConnecter][onConnectionStatusChanged]：设备ID=12020 连接状态变化: Connected
[2026-06-02 15:30:04] [INFO] [data][ModbusTcpMaster][resumeChildren]：设备ID=12020 恢复普通收发子模块
[2026-06-02 15:30:04] [INFO] [data][ModbusTcpMaster][enterState]：设备ID=12020 状态切换: 连接中 -> 指令发送器已启动
[2026-06-02 15:30:04] [INFO] [data][ModbusTcpMaster][ModbusCommandSender][start]：设备ID=12020 指令发送器启动
[2026-06-02 15:30:04] [INFO] [data][ModbusTcpMaster][ModbusCommandSender][startSender]：设备ID=12020 指令发送器已启动，立即进入初始化阶段
[2026-06-02 15:30:04] [INFO] [data][ModbusTcpMaster][enterState]：设备ID=12020 状态切换: 指令发送器已启动 -> 初始指令下发中
[2026-06-02 15:30:04] [INFO] [data][ModbusTcpMaster][InitialCommandIssuer][onLogMessage]：设备ID=12020 [CyclicCommandIssuer] 启动循环下发 指令数:2 轮数:1 间隔:100ms
[2026-06-02 15:30:04] [INFO] [data][ModbusTcpMaster][InitialCommandIssuer][onLogMessage]：设备ID=12020 [CyclicCommandIssuer] 发送指令:ReadVersion 索引:0
[2026-06-02 15:30:04] [INFO] [data][ModbusTcpMaster][ModbusCommandSender][doSend]：设备ID=12020 发送指令 module=INITIAL id=ReadVersion uuid=77 sendCount=1/4 timeout=1000ms bytes=8 crc=20 0E
[2026-06-02 15:30:04] [INFO] [data][ModbusTcpMaster][enterState]：设备ID=12020 状态切换: 初始指令下发中 -> 启动定时发送器中
[2026-06-02 15:30:04] [INFO] [data][ModbusTcpMaster][PeriodicCommandSender][startPeriodicSender]：设备ID=12020 定时发送器已启动，进入正常运行状态
[2026-06-02 15:30:04] [INFO] [data][ModbusTcpMaster][enterState]：设备ID=12020 状态切换: 启动定时发送器中 -> 正常运行
[2026-06-02 15:30:04] [INFO] [data][ModbusTcpMaster][ModbusConnecter][startConnectionCheck]：设备ID=12020 启动连接心跳检查，间隔=3000ms
[2026-06-02 15:30:04] [INFO] [data][ModbusTcpMaster][ModbusConnecter][onAsyncReconnectConnected]：设备ID=12020 TCP连接成功
[2026-06-02 15:30:04] [INFO] [data][ModbusTcpMaster][SH85SelfChecker][submitStartSelfCheck]：设备ID=12020 下发 StartSelfCheck uuid=419
[2026-06-02 15:30:04] [INFO] [data][ModbusTcpMaster][SH85SelfChecker][enterState]：设备ID=12020 状态切换: 空闲 -> 下发自检指令中
[2026-06-02 15:30:04] [INFO] [data][ModbusTcpMaster][SH85SelfChecker][start]：设备ID=12020 自检流程已启动
[2026-06-02 15:30:04] [INFO] [data][ModbusTcpMaster][InitialCommandIssuer][onLogMessage]：设备ID=12020 [CyclicCommandIssuer] 发送指令:WriteVEFCGasType 索引:1
[2026-06-02 15:30:05] [WARN] [data][ModbusTcpMaster][ModbusCommandReceiver][onResponseTimeout]：设备ID=12020 响应超时 module=INITIAL id=ReadVersion uuid=77 timeout=1000ms
[2026-06-02 15:30:05] [WARN] [data][ModbusTcpMaster][ModbusCommandSender][handleFailedCommand]：设备ID=12020 指令失败，准备重发 module=INITIAL id=ReadVersion uuid=77 error=等待RTU响应超时 sendCount=1/4
[2026-06-02 15:30:05] [INFO] [data][ModbusTcpMaster][ModbusCommandSender][addToRetryQueue]：设备ID=12020 指令已加入重发队列 module=INITIAL id=ReadVersion uuid=77 sendCount=1/4
[2026-06-02 15:30:05] [INFO] [data][ModbusTcpMaster][ModbusCommandSender][doSend]：设备ID=12020 发送指令 module=INITIAL id=ReadVersion uuid=77 sendCount=2/4 timeout=1000ms bytes=8 crc=20 0E
[2026-06-02 15:30:06] [WARN] [data][ModbusTcpMaster][ModbusCommandReceiver][onResponseTimeout]：设备ID=12020 响应超时 module=INITIAL id=ReadVersion uuid=77 timeout=1000ms
[2026-06-02 15:30:06] [WARN] [data][ModbusTcpMaster][ModbusCommandSender][handleFailedCommand]：设备ID=12020 指令失败，准备重发 module=INITIAL id=ReadVersion uuid=77 error=等待RTU响应超时 sendCount=2/4
[2026-06-02 15:30:06] [INFO] [data][ModbusTcpMaster][ModbusCommandSender][addToRetryQueue]：设备ID=12020 指令已加入重发队列 module=INITIAL id=ReadVersion uuid=77 sendCount=2/4
[2026-06-02 15:30:06] [INFO] [data][ModbusTcpMaster][ModbusCommandSender][doSend]：设备ID=12020 发送指令 module=INITIAL id=ReadVersion uuid=77 sendCount=3/4 timeout=1000ms bytes=8 crc=20 0E
[2026-06-02 15:30:07] [WARN] [data][ModbusTcpMaster][ModbusCommandReceiver][onResponseTimeout]：设备ID=12020 响应超时 module=INITIAL id=ReadVersion uuid=77 timeout=1000ms
[2026-06-02 15:30:07] [WARN] [data][ModbusTcpMaster][ModbusCommandSender][handleFailedCommand]：设备ID=12020 指令失败，准备重发 module=INITIAL id=ReadVersion uuid=77 error=等待RTU响应超时 sendCount=3/4
[2026-06-02 15:30:07] [INFO] [data][ModbusTcpMaster][ModbusCommandSender][addToRetryQueue]：设备ID=12020 指令已加入重发队列 module=INITIAL id=ReadVersion uuid=77 sendCount=3/4
[2026-06-02 15:30:07] [INFO] [data][ModbusTcpMaster][ModbusCommandSender][doSend]：设备ID=12020 发送指令 module=INITIAL id=ReadVersion uuid=77 sendCount=4/4 timeout=1000ms bytes=8 crc=20 0E
[2026-06-02 15:30:08] [WARN] [data][ModbusTcpMaster][ModbusCommandReceiver][onResponseTimeout]：设备ID=12020 响应超时 module=INITIAL id=ReadVersion uuid=77 timeout=1000ms
[2026-06-02 15:30:08] [WARN] [data][ModbusTcpMaster][ModbusCommandSender][handleFailedCommand]：设备ID=12020 指令失败 module=INITIAL id=ReadVersion uuid=77 error=等待RTU响应超时 sendCount=4/4 timedOut=1 checksumError=0 deviceBusy=0
[2026-06-02 15:30:08] [INFO] [data][ModbusTcpMaster][InitialCommandIssuer][onLogMessage]：设备ID=12020 [CyclicCommandIssuer] 指令失败:ReadVersion 原因:等待RTU响应超时 发送次数:4
[2026-06-02 15:30:08] [INFO] [data][ModbusTcpMaster][ModbusCommandSender][doSend]：设备ID=12020 发送指令 module=INITIAL id=WriteVEFCGasType uuid=78 sendCount=1/4 timeout=1000ms bytes=8 crc=D8 0A
[2026-06-02 15:30:09] [WARN] [data][ModbusTcpMaster][ModbusCommandReceiver][onResponseTimeout]：设备ID=12020 响应超时 module=INITIAL id=WriteVEFCGasType uuid=78 timeout=1000ms
[2026-06-02 15:30:09] [WARN] [data][ModbusTcpMaster][ModbusCommandSender][handleFailedCommand]：设备ID=12020 指令失败，准备重发 module=INITIAL id=WriteVEFCGasType uuid=78 error=等待RTU响应超时 sendCount=1/4
[2026-06-02 15:30:09] [INFO] [data][ModbusTcpMaster][ModbusCommandSender][addToRetryQueue]：设备ID=12020 指令已加入重发队列 module=INITIAL id=WriteVEFCGasType uuid=78 sendCount=1/4
[2026-06-02 15:30:09] [INFO] [data][ModbusTcpMaster][ModbusCommandSender][doSend]：设备ID=12020 发送指令 module=INITIAL id=WriteVEFCGasType uuid=78 sendCount=2/4 timeout=1000ms bytes=8 crc=D8 0A
[2026-06-02 15:30:10] [WARN] [data][ModbusTcpMaster][ModbusCommandReceiver][onResponseTimeout]：设备ID=12020 响应超时 module=INITIAL id=WriteVEFCGasType uuid=78 timeout=1000ms
[2026-06-02 15:30:10] [WARN] [data][ModbusTcpMaster][ModbusCommandSender][handleFailedCommand]：设备ID=12020 指令失败，准备重发 module=INITIAL id=WriteVEFCGasType uuid=78 error=等待RTU响应超时 sendCount=2/4
[2026-06-02 15:30:10] [INFO] [data][ModbusTcpMaster][ModbusCommandSender][addToRetryQueue]：设备ID=12020 指令已加入重发队列 module=INITIAL id=WriteVEFCGasType uuid=78 sendCount=2/4
[2026-06-02 15:30:10] [INFO] [data][ModbusTcpMaster][ModbusCommandSender][doSend]：设备ID=12020 发送指令 module=INITIAL id=WriteVEFCGasType uuid=78 sendCount=3/4 timeout=1000ms bytes=8 crc=D8 0A
[2026-06-02 15:30:11] [WARN] [data][ModbusTcpMaster][ModbusCommandReceiver][onResponseTimeout]：设备ID=12020 响应超时 module=INITIAL id=WriteVEFCGasType uuid=78 timeout=1000ms
[2026-06-02 15:30:11] [WARN] [data][ModbusTcpMaster][ModbusCommandSender][handleFailedCommand]：设备ID=12020 指令失败，准备重发 module=INITIAL id=WriteVEFCGasType uuid=78 error=等待RTU响应超时 sendCount=3/4
[2026-06-02 15:30:11] [INFO] [data][ModbusTcpMaster][ModbusCommandSender][addToRetryQueue]：设备ID=12020 指令已加入重发队列 module=INITIAL id=WriteVEFCGasType uuid=78 sendCount=3/4
[2026-06-02 15:30:11] [INFO] [data][ModbusTcpMaster][ModbusCommandSender][doSend]：设备ID=12020 发送指令 module=INITIAL id=WriteVEFCGasType uuid=78 sendCount=4/4 timeout=1000ms bytes=8 crc=D8 0A
[2026-06-02 15:30:12] [WARN] [data][ModbusTcpMaster][ModbusCommandReceiver][onResponseTimeout]：设备ID=12020 响应超时 module=INITIAL id=WriteVEFCGasType uuid=78 timeout=1000ms
[2026-06-02 15:30:12] [INFO] [data][ModbusTcpMaster][InitialCommandIssuer][onLogMessage]：设备ID=12020 [CyclicCommandIssuer] 指令失败:WriteVEFCGasType 原因:等待RTU响应超时 发送次数:4
[2026-06-02 15:30:12] [WARN] [data][ModbusTcpMaster][ModbusCommandSender][handleFailedCommand]：设备ID=12020 指令失败 module=INITIAL id=WriteVEFCGasType uuid=78 error=等待RTU响应超时 sendCount=4/4 timedOut=1 checksumError=0 deviceBusy=0
[2026-06-02 15:30:12] [INFO] [data][ModbusTcpMaster][InitialCommandIssuer][onLogMessage]：设备ID=12020 [CyclicCommandIssuer] 第1轮完成 失败:2条
[2026-06-02 15:30:12] [INFO] [data][ModbusTcpMaster][InitialCommandIssuer][onRoundComplete]：设备ID=12020 初始化指令完成，失败数=2
[2026-06-02 15:30:12] [INFO] [data][ModbusTcpMaster][InitialCommandIssuer][onInitialFinished]：设备ID=12020 初始化完成，失败指令数=2
[2026-06-02 15:30:12] [INFO] [data][ModbusTcpMaster][InitialCommandIssuer][onLogMessage]：设备ID=12020 [CyclicCommandIssuer] 全部轮次执行完毕
[2026-06-02 15:30:12] [INFO] [data][ModbusTcpMaster][ModbusCommandSender][doSend]：设备ID=12020 发送指令 module=BUSINESS id=WriteQRCode uuid=340 sendCount=1/6 timeout=1000ms bytes=13 crc=6E 51
[2026-06-02 15:30:13] [WARN] [data][ModbusTcpMaster][ModbusCommandReceiver][onResponseTimeout]：设备ID=12020 响应超时 module=BUSINESS id=WriteQRCode uuid=340 timeout=1000ms
[2026-06-02 15:30:13] [WARN] [data][ModbusTcpMaster][ModbusCommandSender][handleFailedCommand]：设备ID=12020 指令失败，准备重发 module=BUSINESS id=WriteQRCode uuid=340 error=等待RTU响应超时 sendCount=1/6
[2026-06-02 15:30:13] [INFO] [data][ModbusTcpMaster][ModbusCommandSender][addToRetryQueue]：设备ID=12020 指令已加入重发队列 module=BUSINESS id=WriteQRCode uuid=340 sendCount=1/6
[2026-06-02 15:30:13] [INFO] [data][ModbusTcpMaster][ModbusCommandSender][doSend]：设备ID=12020 发送指令 module=BUSINESS id=WriteQRCode uuid=340 sendCount=2/6 timeout=1000ms bytes=13 crc=6E 51
[2026-06-02 15:30:14] [WARN] [data][ModbusTcpMaster][ModbusCommandReceiver][onResponseTimeout]：设备ID=12020 响应超时 module=BUSINESS id=WriteQRCode uuid=340 timeout=1000ms
[2026-06-02 15:30:14] [WARN] [data][ModbusTcpMaster][ModbusCommandSender][handleFailedCommand]：设备ID=12020 指令失败，准备重发 module=BUSINESS id=WriteQRCode uuid=340 error=等待RTU响应超时 sendCount=2/6
[2026-06-02 15:30:14] [INFO] [data][ModbusTcpMaster][ModbusCommandSender][addToRetryQueue]：设备ID=12020 指令已加入重发队列 module=BUSINESS id=WriteQRCode uuid=340 sendCount=2/6
[2026-06-02 15:30:14] [INFO] [data][ModbusTcpMaster][ModbusCommandSender][doSend]：设备ID=12020 发送指令 module=BUSINESS id=WriteQRCode uuid=340 sendCount=3/6 timeout=1000ms bytes=13 crc=6E 51
[2026-06-02 15:30:15] [WARN] [data][ModbusTcpMaster][ModbusCommandReceiver][onResponseTimeout]：设备ID=12020 响应超时 module=BUSINESS id=WriteQRCode uuid=340 timeout=1000ms
[2026-06-02 15:30:15] [WARN] [data][ModbusTcpMaster][ModbusCommandSender][handleFailedCommand]：设备ID=12020 指令失败，准备重发 module=BUSINESS id=WriteQRCode uuid=340 error=等待RTU响应超时 sendCount=3/6
[2026-06-02 15:30:15] [INFO] [data][ModbusTcpMaster][ModbusCommandSender][addToRetryQueue]：设备ID=12020 指令已加入重发队列 module=BUSINESS id=WriteQRCode uuid=340 sendCount=3/6
[2026-06-02 15:30:15] [INFO] [data][ModbusTcpMaster][ModbusCommandSender][doSend]：设备ID=12020 发送指令 module=BUSINESS id=WriteQRCode uuid=340 sendCount=4/6 timeout=1000ms bytes=13 crc=6E 51
[2026-06-02 15:30:16] [WARN] [data][ModbusTcpMaster][ModbusCommandReceiver][onResponseTimeout]：设备ID=12020 响应超时 module=BUSINESS id=WriteQRCode uuid=340 timeout=1000ms
[2026-06-02 15:30:16] [WARN] [data][ModbusTcpMaster][ModbusCommandSender][handleFailedCommand]：设备ID=12020 指令失败，准备重发 module=BUSINESS id=WriteQRCode uuid=340 error=等待RTU响应超时 sendCount=4/6
[2026-06-02 15:30:16] [INFO] [data][ModbusTcpMaster][ModbusCommandSender][addToRetryQueue]：设备ID=12020 指令已加入重发队列 module=BUSINESS id=WriteQRCode uuid=340 sendCount=4/6
[2026-06-02 15:30:16] [INFO] [data][ModbusTcpMaster][ModbusCommandSender][doSend]：设备ID=12020 发送指令 module=BUSINESS id=WriteQRCode uuid=340 sendCount=5/6 timeout=1000ms bytes=13 crc=6E 51
[2026-06-02 15:30:17] [WARN] [data][ModbusTcpMaster][ModbusCommandReceiver][onResponseTimeout]：设备ID=12020 响应超时 module=BUSINESS id=WriteQRCode uuid=340 timeout=1000ms
[2026-06-02 15:30:17] [WARN] [data][ModbusTcpMaster][ModbusCommandSender][handleFailedCommand]：设备ID=12020 指令失败，准备重发 module=BUSINESS id=WriteQRCode uuid=340 error=等待RTU响应超时 sendCount=5/6
[2026-06-02 15:30:17] [INFO] [data][ModbusTcpMaster][ModbusCommandSender][addToRetryQueue]：设备ID=12020 指令已加入重发队列 module=BUSINESS id=WriteQRCode uuid=340 sendCount=5/6
[2026-06-02 15:30:17] [INFO] [data][ModbusTcpMaster][ModbusCommandSender][doSend]：设备ID=12020 发送指令 module=BUSINESS id=WriteQRCode uuid=340 sendCount=6/6 timeout=1000ms bytes=13 crc=6E 51
[2026-06-02 15:30:18] [WARN] [data][ModbusTcpMaster][ModbusCommandReceiver][onResponseTimeout]：设备ID=12020 响应超时 module=BUSINESS id=WriteQRCode uuid=340 timeout=1000ms
[2026-06-02 15:30:18] [WARN] [data][ModbusTcpMaster][ModbusCommandSender][handleFailedCommand]：设备ID=12020 指令失败 module=BUSINESS id=WriteQRCode uuid=340 error=等待RTU响应超时 sendCount=6/6 timedOut=1 checksumError=0 deviceBusy=0
[2026-06-02 15:30:18] [INFO] [data][ModbusTcpMaster][ModbusCommandSender][doSend]：设备ID=12020 发送指令 module=BUSINESS id=StartSelfCheck uuid=419 sendCount=1/1 timeout=1000ms bytes=8 crc=F9 B5
[2026-06-02 15:30:19] [WARN] [data][ModbusTcpMaster][ModbusCommandReceiver][onResponseTimeout]：设备ID=12020 响应超时 module=BUSINESS id=StartSelfCheck uuid=419 timeout=1000ms
[2026-06-02 15:30:19] [WARN] [data][ModbusTcpMaster][ModbusCommandSender][handleFailedCommand]：设备ID=12020 指令失败 module=BUSINESS id=StartSelfCheck uuid=419 error=等待RTU响应超时 sendCount=1/1 timedOut=1 checksumError=0 deviceBusy=0
[2026-06-02 15:30:19] [WARN] [data][ModbusTcpMaster][SH85SelfChecker][onCommandFinished]：设备ID=12020 响应 state=下发自检指令中 ok=0 id=StartSelfCheck uuid=419 error=等待RTU响应超时
TX：01 06 00 17 00 A5 F9 B5
RX：01 06 00 17 00 A5
[2026-06-02 15:30:19] [WARN] [data][ModbusTcpMaster][SH85SelfChecker][emitErrorAndFinish]：设备ID=12020 自检失败 result=StartCommandFailed msg=启动自检指令下发失败: 等待RTU响应超时
[2026-06-02 15:30:19] [INFO] [data][ModbusTcpMaster][SH85SelfChecker][enterState]：设备ID=12020 状态切换: 下发自检指令中 -> 结束
[2026-06-02 15:30:19] [WARN] [data][ModbusTcpMaster][SH85SelfChecker][finishOnly]：设备ID=12020 自检完成 success=0 result=StartCommandFailed msg=启动自检指令下发失败: 等待RTU响应超时
[2026-06-02 15:30:29] [INFO] [data][ModbusTcpMaster][stop]：设备ID=12020 停止设备，连接模式=AutoReconnect
[2026-06-02 15:30:29] [INFO] [data][ModbusTcpMaster][pauseChildren]：设备ID=12020 暂停普通收发子模块
[2026-06-02 15:30:29] [INFO] [data][ModbusTcpMaster][ModbusCommandSender][stop]：设备ID=12020 指令发送器停止
[2026-06-02 15:30:29] [INFO] [data][ModbusTcpMaster][ModbusConnecter][stopConnectionCheck]：设备ID=12020 停止连接心跳检查
[2026-06-02 15:30:29] [WARN] [data][ModbusTcpMaster][ModbusConnecter][disconnected]：设备ID=12020 TCP连接断开
[2026-06-02 15:30:29] [INFO] [data][ModbusTcpMaster][ModbusConnecter][onConnectionStatusChanged]：设备ID=12020 连接状态变化: Disconnected
[2026-06-02 15:30:29] [INFO] [data][ModbusTcpMaster][ModbusCommandSender][stop]：设备ID=12020 指令发送器停止
[2026-06-02 15:30:29] [INFO] [data][ModbusTcpMaster][enterState]：设备ID=12020 状态切换: 正常运行 -> 连接中
[2026-06-02 15:30:29] [WARN] [data][ModbusTcpMaster][ModbusConnecter][onConnectionError]：设备ID=12020 连接阶段错误: Connection lost: 未知的错误
[2026-06-02 15:30:29] [INFO] [data][ModbusTcpMaster][enterState]：设备ID=12020 状态切换: 连接中 -> 错误状态
[2026-06-02 15:30:29] [INFO] [data][ModbusTcpMaster][ModbusConnecter][disconnectDevice]：设备ID=12020 完全断开连接，已停止自动重连
[2026-06-02 15:30:29] [INFO] [data][ModbusTcpMaster][enterState]：设备ID=12020 状态切换: 错误状态 -> 空闲
[2026-06-02 15:30:47] [INFO] [data][ModbusTcpMaster][start]：设备ID=12020 开始启动设备连接，连接模式=AutoReconnect
[2026-06-02 15:30:47] [INFO] [data][ModbusTcpMaster][enterState]：设备ID=12020 状态切换: 空闲 -> 连接中
[2026-06-02 15:30:47] [INFO] [data][ModbusTcpMaster][ModbusConnecter][connectDevice]：设备ID=12020 开始连接设备 IP=127.0.0.1 Port=519 模式=AutoReconnect
[2026-06-02 15:30:47] [INFO] [data][ModbusTcpMaster][ModbusConnecter][onConnectionStatusChanged]：设备ID=12020 连接状态变化: Connected
[2026-06-02 15:30:47] [INFO] [data][ModbusTcpMaster][resumeChildren]：设备ID=12020 恢复普通收发子模块
[2026-06-02 15:30:47] [INFO] [data][ModbusTcpMaster][enterState]：设备ID=12020 状态切换: 连接中 -> 指令发送器已启动
[2026-06-02 15:30:47] [INFO] [data][ModbusTcpMaster][ModbusCommandSender][start]：设备ID=12020 指令发送器启动
[2026-06-02 15:30:47] [INFO] [data][ModbusTcpMaster][ModbusCommandSender][startSender]：设备ID=12020 指令发送器已启动，立即进入初始化阶段
[2026-06-02 15:30:47] [INFO] [data][ModbusTcpMaster][enterState]：设备ID=12020 状态切换: 指令发送器已启动 -> 初始指令下发中
[2026-06-02 15:30:47] [INFO] [data][ModbusTcpMaster][InitialCommandIssuer][onLogMessage]：设备ID=12020 [CyclicCommandIssuer] 启动循环下发 指令数:2 轮数:1 间隔:100ms
[2026-06-02 15:30:47] [INFO] [data][ModbusTcpMaster][InitialCommandIssuer][onLogMessage]：设备ID=12020 [CyclicCommandIssuer] 发送指令:ReadVersion 索引:0
[2026-06-02 15:30:47] [INFO] [data][ModbusTcpMaster][ModbusCommandSender][doSend]：设备ID=12020 发送指令 module=INITIAL id=ReadVersion uuid=77 sendCount=1/4 timeout=1000ms bytes=8 crc=20 0E
[2026-06-02 15:30:47] [INFO] [data][ModbusTcpMaster][enterState]：设备ID=12020 状态切换: 初始指令下发中 -> 启动定时发送器中
[2026-06-02 15:30:47] [INFO] [data][ModbusTcpMaster][PeriodicCommandSender][startPeriodicSender]：设备ID=12020 定时发送器已启动，进入正常运行状态
[2026-06-02 15:30:47] [INFO] [data][ModbusTcpMaster][enterState]：设备ID=12020 状态切换: 启动定时发送器中 -> 正常运行
[2026-06-02 15:30:47] [INFO] [data][ModbusTcpMaster][ModbusConnecter][startConnectionCheck]：设备ID=12020 启动连接心跳检查，间隔=3000ms
[2026-06-02 15:30:47] [INFO] [data][ModbusTcpMaster][ModbusConnecter][onAsyncReconnectConnected]：设备ID=12020 TCP连接成功
[2026-06-02 15:30:47] [INFO] [data][ModbusTcpMaster][SH85SelfChecker][submitStartSelfCheck]：设备ID=12020 下发 StartSelfCheck uuid=417
[2026-06-02 15:30:47] [INFO] [data][ModbusTcpMaster][SH85SelfChecker][enterState]：设备ID=12020 状态切换: 空闲 -> 下发自检指令中
[2026-06-02 15:30:47] [INFO] [data][ModbusTcpMaster][SH85SelfChecker][start]：设备ID=12020 自检流程已启动
[2026-06-02 15:30:47] [INFO] [data][ModbusTcpMaster][InitialCommandIssuer][onLogMessage]：设备ID=12020 [CyclicCommandIssuer] 发送指令:WriteVEFCGasType 索引:1
[2026-06-02 15:30:48] [WARN] [data][ModbusTcpMaster][ModbusCommandReceiver][onResponseTimeout]：设备ID=12020 响应超时 module=INITIAL id=ReadVersion uuid=77 timeout=1000ms
[2026-06-02 15:30:48] [WARN] [data][ModbusTcpMaster][ModbusCommandSender][handleFailedCommand]：设备ID=12020 指令失败，准备重发 module=INITIAL id=ReadVersion uuid=77 error=等待RTU响应超时 sendCount=1/4
[2026-06-02 15:30:48] [INFO] [data][ModbusTcpMaster][ModbusCommandSender][addToRetryQueue]：设备ID=12020 指令已加入重发队列 module=INITIAL id=ReadVersion uuid=77 sendCount=1/4
[2026-06-02 15:30:48] [INFO] [data][ModbusTcpMaster][ModbusCommandSender][doSend]：设备ID=12020 发送指令 module=INITIAL id=ReadVersion uuid=77 sendCount=2/4 timeout=1000ms bytes=8 crc=20 0E
[2026-06-02 15:30:49] [WARN] [data][ModbusTcpMaster][ModbusCommandReceiver][onResponseTimeout]：设备ID=12020 响应超时 module=INITIAL id=ReadVersion uuid=77 timeout=1000ms
[2026-06-02 15:30:49] [WARN] [data][ModbusTcpMaster][ModbusCommandSender][handleFailedCommand]：设备ID=12020 指令失败，准备重发 module=INITIAL id=ReadVersion uuid=77 error=等待RTU响应超时 sendCount=2/4
[2026-06-02 15:30:49] [INFO] [data][ModbusTcpMaster][ModbusCommandSender][addToRetryQueue]：设备ID=12020 指令已加入重发队列 module=INITIAL id=ReadVersion uuid=77 sendCount=2/4
[2026-06-02 15:30:49] [INFO] [data][ModbusTcpMaster][ModbusCommandSender][doSend]：设备ID=12020 发送指令 module=INITIAL id=ReadVersion uuid=77 sendCount=3/4 timeout=1000ms bytes=8 crc=20 0E
[2026-06-02 15:30:50] [WARN] [data][ModbusTcpMaster][ModbusCommandReceiver][onResponseTimeout]：设备ID=12020 响应超时 module=INITIAL id=ReadVersion uuid=77 timeout=1000ms
[2026-06-02 15:30:50] [WARN] [data][ModbusTcpMaster][ModbusCommandSender][handleFailedCommand]：设备ID=12020 指令失败，准备重发 module=INITIAL id=ReadVersion uuid=77 error=等待RTU响应超时 sendCount=3/4
[2026-06-02 15:30:50] [INFO] [data][ModbusTcpMaster][ModbusCommandSender][addToRetryQueue]：设备ID=12020 指令已加入重发队列 module=INITIAL id=ReadVersion uuid=77 sendCount=3/4
[2026-06-02 15:30:50] [INFO] [data][ModbusTcpMaster][ModbusCommandSender][doSend]：设备ID=12020 发送指令 module=INITIAL id=ReadVersion uuid=77 sendCount=4/4 timeout=1000ms bytes=8 crc=20 0E
[2026-06-02 15:30:51] [WARN] [data][ModbusTcpMaster][ModbusCommandReceiver][onResponseTimeout]：设备ID=12020 响应超时 module=INITIAL id=ReadVersion uuid=77 timeout=1000ms
[2026-06-02 15:30:51] [WARN] [data][ModbusTcpMaster][ModbusCommandSender][handleFailedCommand]：设备ID=12020 指令失败 module=INITIAL id=ReadVersion uuid=77 error=等待RTU响应超时 sendCount=4/4 timedOut=1 checksumError=0 deviceBusy=0
[2026-06-02 15:30:51] [INFO] [data][ModbusTcpMaster][InitialCommandIssuer][onLogMessage]：设备ID=12020 [CyclicCommandIssuer] 指令失败:ReadVersion 原因:等待RTU响应超时 发送次数:4
[2026-06-02 15:30:51] [INFO] [data][ModbusTcpMaster][ModbusCommandSender][doSend]：设备ID=12020 发送指令 module=INITIAL id=WriteVEFCGasType uuid=78 sendCount=1/4 timeout=1000ms bytes=8 crc=D8 0A
[2026-06-02 15:30:52] [WARN] [data][ModbusTcpMaster][ModbusCommandReceiver][onResponseTimeout]：设备ID=12020 响应超时 module=INITIAL id=WriteVEFCGasType uuid=78 timeout=1000ms
[2026-06-02 15:30:52] [WARN] [data][ModbusTcpMaster][ModbusCommandSender][handleFailedCommand]：设备ID=12020 指令失败，准备重发 module=INITIAL id=WriteVEFCGasType uuid=78 error=等待RTU响应超时 sendCount=1/4
[2026-06-02 15:30:52] [INFO] [data][ModbusTcpMaster][ModbusCommandSender][addToRetryQueue]：设备ID=12020 指令已加入重发队列 module=INITIAL id=WriteVEFCGasType uuid=78 sendCount=1/4
[2026-06-02 15:30:52] [INFO] [data][ModbusTcpMaster][ModbusCommandSender][doSend]：设备ID=12020 发送指令 module=INITIAL id=WriteVEFCGasType uuid=78 sendCount=2/4 timeout=1000ms bytes=8 crc=D8 0A
[2026-06-02 15:30:53] [WARN] [data][ModbusTcpMaster][ModbusCommandReceiver][onResponseTimeout]：设备ID=12020 响应超时 module=INITIAL id=WriteVEFCGasType uuid=78 timeout=1000ms
[2026-06-02 15:30:53] [WARN] [data][ModbusTcpMaster][ModbusCommandSender][handleFailedCommand]：设备ID=12020 指令失败，准备重发 module=INITIAL id=WriteVEFCGasType uuid=78 error=等待RTU响应超时 sendCount=2/4
[2026-06-02 15:30:53] [INFO] [data][ModbusTcpMaster][ModbusCommandSender][addToRetryQueue]：设备ID=12020 指令已加入重发队列 module=INITIAL id=WriteVEFCGasType uuid=78 sendCount=2/4
[2026-06-02 15:30:53] [INFO] [data][ModbusTcpMaster][ModbusCommandSender][doSend]：设备ID=12020 发送指令 module=INITIAL id=WriteVEFCGasType uuid=78 sendCount=3/4 timeout=1000ms bytes=8 crc=D8 0A
[2026-06-02 15:30:54] [WARN] [data][ModbusTcpMaster][ModbusCommandReceiver][onResponseTimeout]：设备ID=12020 响应超时 module=INITIAL id=WriteVEFCGasType uuid=78 timeout=1000ms
[2026-06-02 15:30:54] [WARN] [data][ModbusTcpMaster][ModbusCommandSender][handleFailedCommand]：设备ID=12020 指令失败，准备重发 module=INITIAL id=WriteVEFCGasType uuid=78 error=等待RTU响应超时 sendCount=3/4
[2026-06-02 15:30:54] [INFO] [data][ModbusTcpMaster][ModbusCommandSender][addToRetryQueue]：设备ID=12020 指令已加入重发队列 module=INITIAL id=WriteVEFCGasType uuid=78 sendCount=3/4
[2026-06-02 15:30:54] [INFO] [data][ModbusTcpMaster][ModbusCommandSender][doSend]：设备ID=12020 发送指令 module=INITIAL id=WriteVEFCGasType uuid=78 sendCount=4/4 timeout=1000ms bytes=8 crc=D8 0A
[2026-06-02 15:30:55] [WARN] [data][ModbusTcpMaster][ModbusCommandReceiver][onResponseTimeout]：设备ID=12020 响应超时 module=INITIAL id=WriteVEFCGasType uuid=78 timeout=1000ms
[2026-06-02 15:30:55] [WARN] [data][ModbusTcpMaster][ModbusCommandSender][handleFailedCommand]：设备ID=12020 指令失败 module=INITIAL id=WriteVEFCGasType uuid=78 error=等待RTU响应超时 sendCount=4/4 timedOut=1 checksumError=0 deviceBusy=0
[2026-06-02 15:30:55] [INFO] [data][ModbusTcpMaster][InitialCommandIssuer][onLogMessage]：设备ID=12020 [CyclicCommandIssuer] 指令失败:WriteVEFCGasType 原因:等待RTU响应超时 发送次数:4
[2026-06-02 15:30:55] [INFO] [data][ModbusTcpMaster][InitialCommandIssuer][onLogMessage]：设备ID=12020 [CyclicCommandIssuer] 第1轮完成 失败:2条
[2026-06-02 15:30:55] [INFO] [data][ModbusTcpMaster][InitialCommandIssuer][onRoundComplete]：设备ID=12020 初始化指令完成，失败数=2
[2026-06-02 15:30:55] [INFO] [data][ModbusTcpMaster][InitialCommandIssuer][onInitialFinished]：设备ID=12020 初始化完成，失败指令数=2
[2026-06-02 15:30:55] [INFO] [data][ModbusTcpMaster][InitialCommandIssuer][onLogMessage]：设备ID=12020 [CyclicCommandIssuer] 全部轮次执行完毕
[2026-06-02 15:30:55] [INFO] [data][ModbusTcpMaster][ModbusCommandSender][doSend]：设备ID=12020 发送指令 module=BUSINESS id=WriteQRCode uuid=340 sendCount=1/6 timeout=1000ms bytes=13 crc=6E 51
[2026-06-02 15:30:56] [WARN] [data][ModbusTcpMaster][ModbusCommandReceiver][onResponseTimeout]：设备ID=12020 响应超时 module=BUSINESS id=WriteQRCode uuid=340 timeout=1000ms
[2026-06-02 15:30:56] [WARN] [data][ModbusTcpMaster][ModbusCommandSender][handleFailedCommand]：设备ID=12020 指令失败，准备重发 module=BUSINESS id=WriteQRCode uuid=340 error=等待RTU响应超时 sendCount=1/6
[2026-06-02 15:30:56] [INFO] [data][ModbusTcpMaster][ModbusCommandSender][addToRetryQueue]：设备ID=12020 指令已加入重发队列 module=BUSINESS id=WriteQRCode uuid=340 sendCount=1/6
[2026-06-02 15:30:56] [INFO] [data][ModbusTcpMaster][ModbusCommandSender][doSend]：设备ID=12020 发送指令 module=BUSINESS id=WriteQRCode uuid=340 sendCount=2/6 timeout=1000ms bytes=13 crc=6E 51
[2026-06-02 15:30:57] [WARN] [data][ModbusTcpMaster][ModbusCommandReceiver][onResponseTimeout]：设备ID=12020 响应超时 module=BUSINESS id=WriteQRCode uuid=340 timeout=1000ms
[2026-06-02 15:30:57] [WARN] [data][ModbusTcpMaster][ModbusCommandSender][handleFailedCommand]：设备ID=12020 指令失败，准备重发 module=BUSINESS id=WriteQRCode uuid=340 error=等待RTU响应超时 sendCount=2/6
[2026-06-02 15:30:57] [INFO] [data][ModbusTcpMaster][ModbusCommandSender][addToRetryQueue]：设备ID=12020 指令已加入重发队列 module=BUSINESS id=WriteQRCode uuid=340 sendCount=2/6
[2026-06-02 15:30:57] [INFO] [data][ModbusTcpMaster][ModbusCommandSender][doSend]：设备ID=12020 发送指令 module=BUSINESS id=WriteQRCode uuid=340 sendCount=3/6 timeout=1000ms bytes=13 crc=6E 51
[2026-06-02 15:30:58] [WARN] [data][ModbusTcpMaster][ModbusCommandReceiver][onResponseTimeout]：设备ID=12020 响应超时 module=BUSINESS id=WriteQRCode uuid=340 timeout=1000ms
[2026-06-02 15:30:58] [WARN] [data][ModbusTcpMaster][ModbusCommandSender][handleFailedCommand]：设备ID=12020 指令失败，准备重发 module=BUSINESS id=WriteQRCode uuid=340 error=等待RTU响应超时 sendCount=3/6
[2026-06-02 15:30:58] [INFO] [data][ModbusTcpMaster][ModbusCommandSender][addToRetryQueue]：设备ID=12020 指令已加入重发队列 module=BUSINESS id=WriteQRCode uuid=340 sendCount=3/6
[2026-06-02 15:30:58] [INFO] [data][ModbusTcpMaster][ModbusCommandSender][doSend]：设备ID=12020 发送指令 module=BUSINESS id=WriteQRCode uuid=340 sendCount=4/6 timeout=1000ms bytes=13 crc=6E 51
[2026-06-02 15:30:59] [WARN] [data][ModbusTcpMaster][ModbusCommandReceiver][onResponseTimeout]：设备ID=12020 响应超时 module=BUSINESS id=WriteQRCode uuid=340 timeout=1000ms
[2026-06-02 15:30:59] [WARN] [data][ModbusTcpMaster][ModbusCommandSender][handleFailedCommand]：设备ID=12020 指令失败，准备重发 module=BUSINESS id=WriteQRCode uuid=340 error=等待RTU响应超时 sendCount=4/6
[2026-06-02 15:30:59] [INFO] [data][ModbusTcpMaster][ModbusCommandSender][addToRetryQueue]：设备ID=12020 指令已加入重发队列 module=BUSINESS id=WriteQRCode uuid=340 sendCount=4/6
[2026-06-02 15:30:59] [INFO] [data][ModbusTcpMaster][ModbusCommandSender][doSend]：设备ID=12020 发送指令 module=BUSINESS id=WriteQRCode uuid=340 sendCount=5/6 timeout=1000ms bytes=13 crc=6E 51
[2026-06-02 15:31:00] [WARN] [data][ModbusTcpMaster][ModbusCommandReceiver][onResponseTimeout]：设备ID=12020 响应超时 module=BUSINESS id=WriteQRCode uuid=340 timeout=1000ms
[2026-06-02 15:31:00] [WARN] [data][ModbusTcpMaster][ModbusCommandSender][handleFailedCommand]：设备ID=12020 指令失败，准备重发 module=BUSINESS id=WriteQRCode uuid=340 error=等待RTU响应超时 sendCount=5/6
[2026-06-02 15:31:00] [INFO] [data][ModbusTcpMaster][ModbusCommandSender][addToRetryQueue]：设备ID=12020 指令已加入重发队列 module=BUSINESS id=WriteQRCode uuid=340 sendCount=5/6
[2026-06-02 15:31:00] [INFO] [data][ModbusTcpMaster][ModbusCommandSender][doSend]：设备ID=12020 发送指令 module=BUSINESS id=WriteQRCode uuid=340 sendCount=6/6 timeout=1000ms bytes=13 crc=6E 51
[2026-06-02 15:31:01] [WARN] [data][ModbusTcpMaster][ModbusCommandReceiver][onResponseTimeout]：设备ID=12020 响应超时 module=BUSINESS id=WriteQRCode uuid=340 timeout=1000ms
[2026-06-02 15:31:01] [WARN] [data][ModbusTcpMaster][ModbusCommandSender][handleFailedCommand]：设备ID=12020 指令失败 module=BUSINESS id=WriteQRCode uuid=340 error=等待RTU响应超时 sendCount=6/6 timedOut=1 checksumError=0 deviceBusy=0
[2026-06-02 15:31:01] [INFO] [data][ModbusTcpMaster][ModbusCommandSender][doSend]：设备ID=12020 发送指令 module=BUSINESS id=StartSelfCheck uuid=417 sendCount=1/1 timeout=1000ms bytes=8 crc=F9 B5
[2026-06-02 15:31:02] [WARN] [data][ModbusTcpMaster][ModbusCommandReceiver][onResponseTimeout]：设备ID=12020 响应超时 module=BUSINESS id=StartSelfCheck uuid=417 timeout=1000ms
[2026-06-02 15:31:02] [WARN] [data][ModbusTcpMaster][ModbusCommandSender][handleFailedCommand]：设备ID=12020 指令失败 module=BUSINESS id=StartSelfCheck uuid=417 error=等待RTU响应超时 sendCount=1/1 timedOut=1 checksumError=0 deviceBusy=0
[2026-06-02 15:31:02] [WARN] [data][ModbusTcpMaster][SH85SelfChecker][onCommandFinished]：设备ID=12020 响应 state=下发自检指令中 ok=0 id=StartSelfCheck uuid=417 error=等待RTU响应超时
TX：01 06 00 17 00 A5 F9 B5
RX：01 06 00 17 00 A5
[2026-06-02 15:31:02] [WARN] [data][ModbusTcpMaster][SH85SelfChecker][emitErrorAndFinish]：设备ID=12020 自检失败 result=StartCommandFailed msg=启动自检指令下发失败: 等待RTU响应超时
[2026-06-02 15:31:02] [INFO] [data][ModbusTcpMaster][SH85SelfChecker][enterState]：设备ID=12020 状态切换: 下发自检指令中 -> 结束
[2026-06-02 15:31:02] [WARN] [data][ModbusTcpMaster][SH85SelfChecker][finishOnly]：设备ID=12020 自检完成 success=0 result=StartCommandFailed msg=启动自检指令下发失败: 等待RTU响应超时
[2026-06-02 15:31:35] [INFO] [data][ModbusTcpMaster][stop]：设备ID=12020 停止设备，连接模式=AutoReconnect
[2026-06-02 15:31:35] [INFO] [data][ModbusTcpMaster][pauseChildren]：设备ID=12020 暂停普通收发子模块
[2026-06-02 15:31:35] [INFO] [data][ModbusTcpMaster][ModbusCommandSender][stop]：设备ID=12020 指令发送器停止
[2026-06-02 15:31:35] [INFO] [data][ModbusTcpMaster][ModbusConnecter][stopConnectionCheck]：设备ID=12020 停止连接心跳检查
[2026-06-02 15:31:35] [WARN] [data][ModbusTcpMaster][ModbusConnecter][disconnected]：设备ID=12020 TCP连接断开
[2026-06-02 15:31:35] [INFO] [data][ModbusTcpMaster][ModbusConnecter][onConnectionStatusChanged]：设备ID=12020 连接状态变化: Disconnected
[2026-06-02 15:31:35] [INFO] [data][ModbusTcpMaster][ModbusCommandSender][stop]：设备ID=12020 指令发送器停止
[2026-06-02 15:31:35] [INFO] [data][ModbusTcpMaster][enterState]：设备ID=12020 状态切换: 正常运行 -> 连接中
[2026-06-02 15:31:35] [WARN] [data][ModbusTcpMaster][ModbusConnecter][onConnectionError]：设备ID=12020 连接阶段错误: Connection lost: 未知的错误
[2026-06-02 15:31:35] [INFO] [data][ModbusTcpMaster][enterState]：设备ID=12020 状态切换: 连接中 -> 错误状态
[2026-06-02 15:31:35] [INFO] [data][ModbusTcpMaster][ModbusConnecter][disconnectDevice]：设备ID=12020 完全断开连接，已停止自动重连
[2026-06-02 15:31:35] [INFO] [data][ModbusTcpMaster][enterState]：设备ID=12020 状态切换: 错误状态 -> 空闲
[2026-06-02 15:31:37] [INFO] [data][ModbusTcpMaster][start]：设备ID=12020 开始启动设备连接，连接模式=AutoReconnect
[2026-06-02 15:31:37] [INFO] [data][ModbusTcpMaster][enterState]：设备ID=12020 状态切换: 空闲 -> 连接中
[2026-06-02 15:31:37] [INFO] [data][ModbusTcpMaster][ModbusConnecter][connectDevice]：设备ID=12020 开始连接设备 IP=127.0.0.1 Port=519 模式=AutoReconnect
[2026-06-02 15:31:37] [INFO] [data][ModbusTcpMaster][ModbusConnecter][onConnectionStatusChanged]：设备ID=12020 连接状态变化: Connected
[2026-06-02 15:31:37] [INFO] [data][ModbusTcpMaster][resumeChildren]：设备ID=12020 恢复普通收发子模块
[2026-06-02 15:31:37] [INFO] [data][ModbusTcpMaster][enterState]：设备ID=12020 状态切换: 连接中 -> 指令发送器已启动
[2026-06-02 15:31:37] [INFO] [data][ModbusTcpMaster][ModbusCommandSender][start]：设备ID=12020 指令发送器启动
[2026-06-02 15:31:37] [INFO] [data][ModbusTcpMaster][ModbusCommandSender][startSender]：设备ID=12020 指令发送器已启动，立即进入初始化阶段
[2026-06-02 15:31:37] [INFO] [data][ModbusTcpMaster][enterState]：设备ID=12020 状态切换: 指令发送器已启动 -> 初始指令下发中
[2026-06-02 15:31:37] [INFO] [data][ModbusTcpMaster][InitialCommandIssuer][onLogMessage]：设备ID=12020 [CyclicCommandIssuer] 启动循环下发 指令数:2 轮数:1 间隔:100ms
[2026-06-02 15:31:37] [INFO] [data][ModbusTcpMaster][InitialCommandIssuer][onLogMessage]：设备ID=12020 [CyclicCommandIssuer] 发送指令:ReadVersion 索引:0
[2026-06-02 15:31:37] [INFO] [data][ModbusTcpMaster][ModbusCommandSender][doSend]：设备ID=12020 发送指令 module=INITIAL id=ReadVersion uuid=77 sendCount=1/4 timeout=1000ms bytes=8 crc=20 0E
[2026-06-02 15:31:37] [INFO] [data][ModbusTcpMaster][enterState]：设备ID=12020 状态切换: 初始指令下发中 -> 启动定时发送器中
[2026-06-02 15:31:37] [INFO] [data][ModbusTcpMaster][PeriodicCommandSender][startPeriodicSender]：设备ID=12020 定时发送器已启动，进入正常运行状态
[2026-06-02 15:31:37] [INFO] [data][ModbusTcpMaster][enterState]：设备ID=12020 状态切换: 启动定时发送器中 -> 正常运行
[2026-06-02 15:31:37] [INFO] [data][ModbusTcpMaster][ModbusConnecter][startConnectionCheck]：设备ID=12020 启动连接心跳检查，间隔=3000ms
[2026-06-02 15:31:37] [INFO] [data][ModbusTcpMaster][ModbusConnecter][onAsyncReconnectConnected]：设备ID=12020 TCP连接成功
[2026-06-02 15:31:37] [INFO] [data][ModbusTcpMaster][SH85SelfChecker][submitStartSelfCheck]：设备ID=12020 下发 StartSelfCheck uuid=420
[2026-06-02 15:31:37] [INFO] [data][ModbusTcpMaster][SH85SelfChecker][enterState]：设备ID=12020 状态切换: 空闲 -> 下发自检指令中
[2026-06-02 15:31:37] [INFO] [data][ModbusTcpMaster][SH85SelfChecker][start]：设备ID=12020 自检流程已启动
[2026-06-02 15:31:37] [INFO] [data][ModbusTcpMaster][InitialCommandIssuer][onLogMessage]：设备ID=12020 [CyclicCommandIssuer] 发送指令:WriteVEFCGasType 索引:1
[2026-06-02 15:31:38] [WARN] [data][ModbusTcpMaster][ModbusCommandReceiver][onResponseTimeout]：设备ID=12020 响应超时 module=INITIAL id=ReadVersion uuid=77 timeout=1000ms
[2026-06-02 15:31:38] [WARN] [data][ModbusTcpMaster][ModbusCommandSender][handleFailedCommand]：设备ID=12020 指令失败，准备重发 module=INITIAL id=ReadVersion uuid=77 error=等待RTU响应超时 sendCount=1/4
[2026-06-02 15:31:38] [INFO] [data][ModbusTcpMaster][ModbusCommandSender][addToRetryQueue]：设备ID=12020 指令已加入重发队列 module=INITIAL id=ReadVersion uuid=77 sendCount=1/4
[2026-06-02 15:31:38] [INFO] [data][ModbusTcpMaster][ModbusCommandSender][doSend]：设备ID=12020 发送指令 module=INITIAL id=ReadVersion uuid=77 sendCount=2/4 timeout=1000ms bytes=8 crc=20 0E
[2026-06-02 15:31:39] [WARN] [data][ModbusTcpMaster][ModbusCommandReceiver][onResponseTimeout]：设备ID=12020 响应超时 module=INITIAL id=ReadVersion uuid=77 timeout=1000ms
[2026-06-02 15:31:39] [WARN] [data][ModbusTcpMaster][ModbusCommandSender][handleFailedCommand]：设备ID=12020 指令失败，准备重发 module=INITIAL id=ReadVersion uuid=77 error=等待RTU响应超时 sendCount=2/4
[2026-06-02 15:31:39] [INFO] [data][ModbusTcpMaster][ModbusCommandSender][addToRetryQueue]：设备ID=12020 指令已加入重发队列 module=INITIAL id=ReadVersion uuid=77 sendCount=2/4
[2026-06-02 15:31:39] [INFO] [data][ModbusTcpMaster][ModbusCommandSender][doSend]：设备ID=12020 发送指令 module=INITIAL id=ReadVersion uuid=77 sendCount=3/4 timeout=1000ms bytes=8 crc=20 0E
[2026-06-02 15:31:40] [WARN] [data][ModbusTcpMaster][ModbusCommandReceiver][onResponseTimeout]：设备ID=12020 响应超时 module=INITIAL id=ReadVersion uuid=77 timeout=1000ms
[2026-06-02 15:31:40] [WARN] [data][ModbusTcpMaster][ModbusCommandSender][handleFailedCommand]：设备ID=12020 指令失败，准备重发 module=INITIAL id=ReadVersion uuid=77 error=等待RTU响应超时 sendCount=3/4
[2026-06-02 15:31:40] [INFO] [data][ModbusTcpMaster][ModbusCommandSender][addToRetryQueue]：设备ID=12020 指令已加入重发队列 module=INITIAL id=ReadVersion uuid=77 sendCount=3/4
[2026-06-02 15:31:40] [INFO] [data][ModbusTcpMaster][ModbusCommandSender][doSend]：设备ID=12020 发送指令 module=INITIAL id=ReadVersion uuid=77 sendCount=4/4 timeout=1000ms bytes=8 crc=20 0E
[2026-06-02 15:31:41] [WARN] [data][ModbusTcpMaster][ModbusCommandReceiver][onResponseTimeout]：设备ID=12020 响应超时 module=INITIAL id=ReadVersion uuid=77 timeout=1000ms
[2026-06-02 15:31:41] [WARN] [data][ModbusTcpMaster][ModbusCommandSender][handleFailedCommand]：设备ID=12020 指令失败 module=INITIAL id=ReadVersion uuid=77 error=等待RTU响应超时 sendCount=4/4 timedOut=1 checksumError=0 deviceBusy=0
[2026-06-02 15:31:41] [INFO] [data][ModbusTcpMaster][InitialCommandIssuer][onLogMessage]：设备ID=12020 [CyclicCommandIssuer] 指令失败:ReadVersion 原因:等待RTU响应超时 发送次数:4
[2026-06-02 15:31:41] [INFO] [data][ModbusTcpMaster][ModbusCommandSender][doSend]：设备ID=12020 发送指令 module=INITIAL id=WriteVEFCGasType uuid=78 sendCount=1/4 timeout=1000ms bytes=8 crc=D8 0A
[2026-06-02 15:31:42] [WARN] [data][ModbusTcpMaster][ModbusCommandReceiver][onResponseTimeout]：设备ID=12020 响应超时 module=INITIAL id=WriteVEFCGasType uuid=78 timeout=1000ms
[2026-06-02 15:31:42] [WARN] [data][ModbusTcpMaster][ModbusCommandSender][handleFailedCommand]：设备ID=12020 指令失败，准备重发 module=INITIAL id=WriteVEFCGasType uuid=78 error=等待RTU响应超时 sendCount=1/4
[2026-06-02 15:31:42] [INFO] [data][ModbusTcpMaster][ModbusCommandSender][addToRetryQueue]：设备ID=12020 指令已加入重发队列 module=INITIAL id=WriteVEFCGasType uuid=78 sendCount=1/4
[2026-06-02 15:31:42] [INFO] [data][ModbusTcpMaster][ModbusCommandSender][doSend]：设备ID=12020 发送指令 module=INITIAL id=WriteVEFCGasType uuid=78 sendCount=2/4 timeout=1000ms bytes=8 crc=D8 0A
[2026-06-02 15:31:43] [WARN] [data][ModbusTcpMaster][ModbusCommandReceiver][onResponseTimeout]：设备ID=12020 响应超时 module=INITIAL id=WriteVEFCGasType uuid=78 timeout=1000ms
[2026-06-02 15:31:43] [WARN] [data][ModbusTcpMaster][ModbusCommandSender][handleFailedCommand]：设备ID=12020 指令失败，准备重发 module=INITIAL id=WriteVEFCGasType uuid=78 error=等待RTU响应超时 sendCount=2/4
[2026-06-02 15:31:43] [INFO] [data][ModbusTcpMaster][ModbusCommandSender][addToRetryQueue]：设备ID=12020 指令已加入重发队列 module=INITIAL id=WriteVEFCGasType uuid=78 sendCount=2/4
[2026-06-02 15:31:43] [INFO] [data][ModbusTcpMaster][ModbusCommandSender][doSend]：设备ID=12020 发送指令 module=INITIAL id=WriteVEFCGasType uuid=78 sendCount=3/4 timeout=1000ms bytes=8 crc=D8 0A
[2026-06-02 15:31:44] [WARN] [data][ModbusTcpMaster][ModbusCommandReceiver][onResponseTimeout]：设备ID=12020 响应超时 module=INITIAL id=WriteVEFCGasType uuid=78 timeout=1000ms
[2026-06-02 15:31:44] [WARN] [data][ModbusTcpMaster][ModbusCommandSender][handleFailedCommand]：设备ID=12020 指令失败，准备重发 module=INITIAL id=WriteVEFCGasType uuid=78 error=等待RTU响应超时 sendCount=3/4
[2026-06-02 15:31:44] [INFO] [data][ModbusTcpMaster][ModbusCommandSender][addToRetryQueue]：设备ID=12020 指令已加入重发队列 module=INITIAL id=WriteVEFCGasType uuid=78 sendCount=3/4
[2026-06-02 15:31:44] [INFO] [data][ModbusTcpMaster][ModbusCommandSender][doSend]：设备ID=12020 发送指令 module=INITIAL id=WriteVEFCGasType uuid=78 sendCount=4/4 timeout=1000ms bytes=8 crc=D8 0A
[2026-06-02 15:31:45] [WARN] [data][ModbusTcpMaster][ModbusCommandReceiver][onResponseTimeout]：设备ID=12020 响应超时 module=INITIAL id=WriteVEFCGasType uuid=78 timeout=1000ms
[2026-06-02 15:31:45] [WARN] [data][ModbusTcpMaster][ModbusCommandSender][handleFailedCommand]：设备ID=12020 指令失败 module=INITIAL id=WriteVEFCGasType uuid=78 error=等待RTU响应超时 sendCount=4/4 timedOut=1 checksumError=0 deviceBusy=0
[2026-06-02 15:31:45] [INFO] [data][ModbusTcpMaster][InitialCommandIssuer][onLogMessage]：设备ID=12020 [CyclicCommandIssuer] 指令失败:WriteVEFCGasType 原因:等待RTU响应超时 发送次数:4
[2026-06-02 15:31:45] [INFO] [data][ModbusTcpMaster][InitialCommandIssuer][onLogMessage]：设备ID=12020 [CyclicCommandIssuer] 第1轮完成 失败:2条
[2026-06-02 15:31:45] [INFO] [data][ModbusTcpMaster][InitialCommandIssuer][onRoundComplete]：设备ID=12020 初始化指令完成，失败数=2
[2026-06-02 15:31:45] [INFO] [data][ModbusTcpMaster][InitialCommandIssuer][onInitialFinished]：设备ID=12020 初始化完成，失败指令数=2
[2026-06-02 15:31:45] [INFO] [data][ModbusTcpMaster][InitialCommandIssuer][onLogMessage]：设备ID=12020 [CyclicCommandIssuer] 全部轮次执行完毕
[2026-06-02 15:31:45] [INFO] [data][ModbusTcpMaster][ModbusCommandSender][doSend]：设备ID=12020 发送指令 module=BUSINESS id=WriteQRCode uuid=340 sendCount=1/6 timeout=1000ms bytes=13 crc=6E 51
[2026-06-02 15:31:46] [WARN] [data][ModbusTcpMaster][ModbusCommandReceiver][onResponseTimeout]：设备ID=12020 响应超时 module=BUSINESS id=WriteQRCode uuid=340 timeout=1000ms
[2026-06-02 15:31:46] [WARN] [data][ModbusTcpMaster][ModbusCommandSender][handleFailedCommand]：设备ID=12020 指令失败，准备重发 module=BUSINESS id=WriteQRCode uuid=340 error=等待RTU响应超时 sendCount=1/6
[2026-06-02 15:31:46] [INFO] [data][ModbusTcpMaster][ModbusCommandSender][addToRetryQueue]：设备ID=12020 指令已加入重发队列 module=BUSINESS id=WriteQRCode uuid=340 sendCount=1/6
[2026-06-02 15:31:46] [INFO] [data][ModbusTcpMaster][ModbusCommandSender][doSend]：设备ID=12020 发送指令 module=BUSINESS id=WriteQRCode uuid=340 sendCount=2/6 timeout=1000ms bytes=13 crc=6E 51
[2026-06-02 15:31:47] [WARN] [data][ModbusTcpMaster][ModbusCommandReceiver][onResponseTimeout]：设备ID=12020 响应超时 module=BUSINESS id=WriteQRCode uuid=340 timeout=1000ms
[2026-06-02 15:31:47] [WARN] [data][ModbusTcpMaster][ModbusCommandSender][handleFailedCommand]：设备ID=12020 指令失败，准备重发 module=BUSINESS id=WriteQRCode uuid=340 error=等待RTU响应超时 sendCount=2/6
[2026-06-02 15:31:47] [INFO] [data][ModbusTcpMaster][ModbusCommandSender][addToRetryQueue]：设备ID=12020 指令已加入重发队列 module=BUSINESS id=WriteQRCode uuid=340 sendCount=2/6
[2026-06-02 15:31:47] [INFO] [data][ModbusTcpMaster][ModbusCommandSender][doSend]：设备ID=12020 发送指令 module=BUSINESS id=WriteQRCode uuid=340 sendCount=3/6 timeout=1000ms bytes=13 crc=6E 51
[2026-06-02 15:31:48] [WARN] [data][ModbusTcpMaster][ModbusCommandReceiver][onResponseTimeout]：设备ID=12020 响应超时 module=BUSINESS id=WriteQRCode uuid=340 timeout=1000ms
[2026-06-02 15:31:48] [WARN] [data][ModbusTcpMaster][ModbusCommandSender][handleFailedCommand]：设备ID=12020 指令失败，准备重发 module=BUSINESS id=WriteQRCode uuid=340 error=等待RTU响应超时 sendCount=3/6
[2026-06-02 15:31:48] [INFO] [data][ModbusTcpMaster][ModbusCommandSender][addToRetryQueue]：设备ID=12020 指令已加入重发队列 module=BUSINESS id=WriteQRCode uuid=340 sendCount=3/6
[2026-06-02 15:31:48] [INFO] [data][ModbusTcpMaster][ModbusCommandSender][doSend]：设备ID=12020 发送指令 module=BUSINESS id=WriteQRCode uuid=340 sendCount=4/6 timeout=1000ms bytes=13 crc=6E 51
[2026-06-02 15:31:49] [WARN] [data][ModbusTcpMaster][ModbusCommandReceiver][onResponseTimeout]：设备ID=12020 响应超时 module=BUSINESS id=WriteQRCode uuid=340 timeout=1000ms
[2026-06-02 15:31:49] [WARN] [data][ModbusTcpMaster][ModbusCommandSender][handleFailedCommand]：设备ID=12020 指令失败，准备重发 module=BUSINESS id=WriteQRCode uuid=340 error=等待RTU响应超时 sendCount=4/6
[2026-06-02 15:31:49] [INFO] [data][ModbusTcpMaster][ModbusCommandSender][addToRetryQueue]：设备ID=12020 指令已加入重发队列 module=BUSINESS id=WriteQRCode uuid=340 sendCount=4/6
[2026-06-02 15:31:49] [INFO] [data][ModbusTcpMaster][ModbusCommandSender][doSend]：设备ID=12020 发送指令 module=BUSINESS id=WriteQRCode uuid=340 sendCount=5/6 timeout=1000ms bytes=13 crc=6E 51
[2026-06-02 15:31:50] [WARN] [data][ModbusTcpMaster][ModbusCommandReceiver][onResponseTimeout]：设备ID=12020 响应超时 module=BUSINESS id=WriteQRCode uuid=340 timeout=1000ms
[2026-06-02 15:31:50] [WARN] [data][ModbusTcpMaster][ModbusCommandSender][handleFailedCommand]：设备ID=12020 指令失败，准备重发 module=BUSINESS id=WriteQRCode uuid=340 error=等待RTU响应超时 sendCount=5/6
[2026-06-02 15:31:50] [INFO] [data][ModbusTcpMaster][ModbusCommandSender][addToRetryQueue]：设备ID=12020 指令已加入重发队列 module=BUSINESS id=WriteQRCode uuid=340 sendCount=5/6
[2026-06-02 15:31:50] [INFO] [data][ModbusTcpMaster][ModbusCommandSender][doSend]：设备ID=12020 发送指令 module=BUSINESS id=WriteQRCode uuid=340 sendCount=6/6 timeout=1000ms bytes=13 crc=6E 51
[2026-06-02 15:31:51] [WARN] [data][ModbusTcpMaster][ModbusCommandReceiver][onResponseTimeout]：设备ID=12020 响应超时 module=BUSINESS id=WriteQRCode uuid=340 timeout=1000ms
[2026-06-02 15:31:51] [WARN] [data][ModbusTcpMaster][ModbusCommandSender][handleFailedCommand]：设备ID=12020 指令失败 module=BUSINESS id=WriteQRCode uuid=340 error=等待RTU响应超时 sendCount=6/6 timedOut=1 checksumError=0 deviceBusy=0
[2026-06-02 15:31:51] [INFO] [data][ModbusTcpMaster][ModbusCommandSender][doSend]：设备ID=12020 发送指令 module=BUSINESS id=StartSelfCheck uuid=420 sendCount=1/1 timeout=1000ms bytes=8 crc=F9 B5
[2026-06-02 15:31:52] [WARN] [data][ModbusTcpMaster][ModbusCommandReceiver][onResponseTimeout]：设备ID=12020 响应超时 module=BUSINESS id=StartSelfCheck uuid=420 timeout=1000ms
[2026-06-02 15:31:52] [WARN] [data][ModbusTcpMaster][ModbusCommandSender][handleFailedCommand]：设备ID=12020 指令失败 module=BUSINESS id=StartSelfCheck uuid=420 error=等待RTU响应超时 sendCount=1/1 timedOut=1 checksumError=0 deviceBusy=0
[2026-06-02 15:31:52] [WARN] [data][ModbusTcpMaster][SH85SelfChecker][onCommandFinished]：设备ID=12020 响应 state=下发自检指令中 ok=0 id=StartSelfCheck uuid=420 error=等待RTU响应超时
TX：01 06 00 17 00 A5 F9 B5
RX：01 06 00 17 00 A5
[2026-06-02 15:31:52] [WARN] [data][ModbusTcpMaster][SH85SelfChecker][emitErrorAndFinish]：设备ID=12020 自检失败 result=StartCommandFailed msg=启动自检指令下发失败: 等待RTU响应超时
[2026-06-02 15:31:52] [INFO] [data][ModbusTcpMaster][SH85SelfChecker][enterState]：设备ID=12020 状态切换: 下发自检指令中 -> 结束
[2026-06-02 15:31:52] [WARN] [data][ModbusTcpMaster][SH85SelfChecker][finishOnly]：设备ID=12020 自检完成 success=0 result=StartCommandFailed msg=启动自检指令下发失败: 等待RTU响应超时
[2026-06-02 15:31:57] [INFO] [data][ModbusTcpMaster][stop]：设备ID=12020 停止设备，连接模式=AutoReconnect
[2026-06-02 15:31:57] [INFO] [data][ModbusTcpMaster][pauseChildren]：设备ID=12020 暂停普通收发子模块
[2026-06-02 15:31:57] [INFO] [data][ModbusTcpMaster][ModbusCommandSender][stop]：设备ID=12020 指令发送器停止
[2026-06-02 15:31:57] [INFO] [data][ModbusTcpMaster][ModbusConnecter][stopConnectionCheck]：设备ID=12020 停止连接心跳检查
[2026-06-02 15:31:57] [WARN] [data][ModbusTcpMaster][ModbusConnecter][disconnected]：设备ID=12020 TCP连接断开
[2026-06-02 15:31:57] [INFO] [data][ModbusTcpMaster][ModbusConnecter][onConnectionStatusChanged]：设备ID=12020 连接状态变化: Disconnected
[2026-06-02 15:31:57] [INFO] [data][ModbusTcpMaster][ModbusCommandSender][stop]：设备ID=12020 指令发送器停止
[2026-06-02 15:31:57] [INFO] [data][ModbusTcpMaster][enterState]：设备ID=12020 状态切换: 正常运行 -> 连接中
[2026-06-02 15:31:57] [WARN] [data][ModbusTcpMaster][ModbusConnecter][onConnectionError]：设备ID=12020 连接阶段错误: Connection lost: 未知的错误
[2026-06-02 15:31:57] [INFO] [data][ModbusTcpMaster][enterState]：设备ID=12020 状态切换: 连接中 -> 错误状态
[2026-06-02 15:31:57] [INFO] [data][ModbusTcpMaster][ModbusConnecter][disconnectDevice]：设备ID=12020 完全断开连接，已停止自动重连
[2026-06-02 15:31:57] [INFO] [data][ModbusTcpMaster][enterState]：设备ID=12020 状态切换: 错误状态 -> 空闲
[2026-06-02 15:34:08] [INFO] [data][ModbusTcpMaster][start]：设备ID=12020 开始启动设备连接，连接模式=AutoReconnect
[2026-06-02 15:34:08] [INFO] [data][ModbusTcpMaster][enterState]：设备ID=12020 状态切换: 空闲 -> 连接中
[2026-06-02 15:34:08] [INFO] [data][ModbusTcpMaster][ModbusConnecter][connectDevice]：设备ID=12020 开始连接设备 IP=127.0.0.1 Port=519 模式=AutoReconnect
[2026-06-02 15:34:08] [INFO] [data][ModbusTcpMaster][ModbusConnecter][onConnectionStatusChanged]：设备ID=12020 连接状态变化: Connected
[2026-06-02 15:34:08] [INFO] [data][ModbusTcpMaster][resumeChildren]：设备ID=12020 恢复普通收发子模块
[2026-06-02 15:34:08] [INFO] [data][ModbusTcpMaster][enterState]：设备ID=12020 状态切换: 连接中 -> 指令发送器已启动
[2026-06-02 15:34:08] [INFO] [data][ModbusTcpMaster][ModbusCommandSender][start]：设备ID=12020 指令发送器启动
[2026-06-02 15:34:08] [INFO] [data][ModbusTcpMaster][ModbusCommandSender][startSender]：设备ID=12020 指令发送器已启动，立即进入初始化阶段
[2026-06-02 15:34:08] [INFO] [data][ModbusTcpMaster][enterState]：设备ID=12020 状态切换: 指令发送器已启动 -> 初始指令下发中
[2026-06-02 15:34:08] [INFO] [data][ModbusTcpMaster][InitialCommandIssuer][onLogMessage]：设备ID=12020 [CyclicCommandIssuer] 启动循环下发 指令数:2 轮数:1 间隔:100ms
[2026-06-02 15:34:08] [INFO] [data][ModbusTcpMaster][InitialCommandIssuer][onLogMessage]：设备ID=12020 [CyclicCommandIssuer] 发送指令:ReadVersion 索引:0
[2026-06-02 15:34:08] [INFO] [data][ModbusTcpMaster][ModbusCommandSender][doSend]：设备ID=12020 发送指令 module=INITIAL id=ReadVersion uuid=77 sendCount=1/4 timeout=1000ms bytes=8 crc=20 0E
[2026-06-02 15:34:08] [INFO] [data][ModbusTcpMaster][enterState]：设备ID=12020 状态切换: 初始指令下发中 -> 启动定时发送器中
[2026-06-02 15:34:08] [INFO] [data][ModbusTcpMaster][PeriodicCommandSender][startPeriodicSender]：设备ID=12020 定时发送器已启动，进入正常运行状态
[2026-06-02 15:34:08] [INFO] [data][ModbusTcpMaster][enterState]：设备ID=12020 状态切换: 启动定时发送器中 -> 正常运行
[2026-06-02 15:34:08] [INFO] [data][ModbusTcpMaster][ModbusConnecter][startConnectionCheck]：设备ID=12020 启动连接心跳检查，间隔=3000ms
[2026-06-02 15:34:08] [INFO] [data][ModbusTcpMaster][ModbusConnecter][onAsyncReconnectConnected]：设备ID=12020 TCP连接成功
[2026-06-02 15:34:09] [INFO] [data][ModbusTcpMaster][InitialCommandIssuer][onLogMessage]：设备ID=12020 [CyclicCommandIssuer] 发送指令:WriteVEFCGasType 索引:1
[2026-06-02 15:34:09] [INFO] [data][ModbusTcpMaster][SH85SelfChecker][submitStartSelfCheck]：设备ID=12020 下发 StartSelfCheck uuid=419
[2026-06-02 15:34:09] [INFO] [data][ModbusTcpMaster][SH85SelfChecker][enterState]：设备ID=12020 状态切换: 空闲 -> 下发自检指令中
[2026-06-02 15:34:09] [INFO] [data][ModbusTcpMaster][SH85SelfChecker][start]：设备ID=12020 自检流程已启动
[2026-06-02 15:34:09] [WARN] [data][ModbusTcpMaster][ModbusCommandReceiver][onResponseTimeout]：设备ID=12020 响应超时 module=INITIAL id=ReadVersion uuid=77 timeout=1000ms
[2026-06-02 15:34:09] [WARN] [data][ModbusTcpMaster][ModbusCommandSender][handleFailedCommand]：设备ID=12020 指令失败，准备重发 module=INITIAL id=ReadVersion uuid=77 error=等待RTU响应超时 sendCount=1/4
[2026-06-02 15:34:09] [INFO] [data][ModbusTcpMaster][ModbusCommandSender][addToRetryQueue]：设备ID=12020 指令已加入重发队列 module=INITIAL id=ReadVersion uuid=77 sendCount=1/4
[2026-06-02 15:34:09] [INFO] [data][ModbusTcpMaster][ModbusCommandSender][doSend]：设备ID=12020 发送指令 module=INITIAL id=ReadVersion uuid=77 sendCount=2/4 timeout=1000ms bytes=8 crc=20 0E
[2026-06-02 15:34:10] [WARN] [data][ModbusTcpMaster][ModbusCommandReceiver][onResponseTimeout]：设备ID=12020 响应超时 module=INITIAL id=ReadVersion uuid=77 timeout=1000ms
[2026-06-02 15:34:10] [INFO] [data][ModbusTcpMaster][ModbusCommandSender][addToRetryQueue]：设备ID=12020 指令已加入重发队列 module=INITIAL id=ReadVersion uuid=77 sendCount=2/4
[2026-06-02 15:34:10] [INFO] [data][ModbusTcpMaster][ModbusCommandSender][doSend]：设备ID=12020 发送指令 module=INITIAL id=ReadVersion uuid=77 sendCount=3/4 timeout=1000ms bytes=8 crc=20 0E
[2026-06-02 15:34:10] [WARN] [data][ModbusTcpMaster][ModbusCommandSender][handleFailedCommand]：设备ID=12020 指令失败，准备重发 module=INITIAL id=ReadVersion uuid=77 error=等待RTU响应超时 sendCount=2/4
[2026-06-02 15:34:11] [WARN] [data][ModbusTcpMaster][ModbusCommandReceiver][onResponseTimeout]：设备ID=12020 响应超时 module=INITIAL id=ReadVersion uuid=77 timeout=1000ms
[2026-06-02 15:34:11] [WARN] [data][ModbusTcpMaster][ModbusCommandSender][handleFailedCommand]：设备ID=12020 指令失败，准备重发 module=INITIAL id=ReadVersion uuid=77 error=等待RTU响应超时 sendCount=3/4
[2026-06-02 15:34:11] [INFO] [data][ModbusTcpMaster][ModbusCommandSender][addToRetryQueue]：设备ID=12020 指令已加入重发队列 module=INITIAL id=ReadVersion uuid=77 sendCount=3/4
[2026-06-02 15:34:11] [INFO] [data][ModbusTcpMaster][ModbusCommandSender][doSend]：设备ID=12020 发送指令 module=INITIAL id=ReadVersion uuid=77 sendCount=4/4 timeout=1000ms bytes=8 crc=20 0E
[2026-06-02 15:34:12] [WARN] [data][ModbusTcpMaster][ModbusCommandReceiver][onResponseTimeout]：设备ID=12020 响应超时 module=INITIAL id=ReadVersion uuid=77 timeout=1000ms
[2026-06-02 15:34:12] [WARN] [data][ModbusTcpMaster][ModbusCommandSender][handleFailedCommand]：设备ID=12020 指令失败 module=INITIAL id=ReadVersion uuid=77 error=等待RTU响应超时 sendCount=4/4 timedOut=1 checksumError=0 deviceBusy=0
[2026-06-02 15:34:12] [INFO] [data][ModbusTcpMaster][InitialCommandIssuer][onLogMessage]：设备ID=12020 [CyclicCommandIssuer] 指令失败:ReadVersion 原因:等待RTU响应超时 发送次数:4
[2026-06-02 15:34:12] [INFO] [data][ModbusTcpMaster][ModbusCommandSender][doSend]：设备ID=12020 发送指令 module=INITIAL id=WriteVEFCGasType uuid=78 sendCount=1/4 timeout=1000ms bytes=8 crc=D8 0A
[2026-06-02 15:34:13] [WARN] [data][ModbusTcpMaster][ModbusCommandReceiver][onResponseTimeout]：设备ID=12020 响应超时 module=INITIAL id=WriteVEFCGasType uuid=78 timeout=1000ms
[2026-06-02 15:34:13] [WARN] [data][ModbusTcpMaster][ModbusCommandSender][handleFailedCommand]：设备ID=12020 指令失败，准备重发 module=INITIAL id=WriteVEFCGasType uuid=78 error=等待RTU响应超时 sendCount=1/4
[2026-06-02 15:34:13] [INFO] [data][ModbusTcpMaster][ModbusCommandSender][addToRetryQueue]：设备ID=12020 指令已加入重发队列 module=INITIAL id=WriteVEFCGasType uuid=78 sendCount=1/4
[2026-06-02 15:34:13] [INFO] [data][ModbusTcpMaster][ModbusCommandSender][doSend]：设备ID=12020 发送指令 module=INITIAL id=WriteVEFCGasType uuid=78 sendCount=2/4 timeout=1000ms bytes=8 crc=D8 0A
[2026-06-02 15:34:14] [WARN] [data][ModbusTcpMaster][ModbusCommandReceiver][onResponseTimeout]：设备ID=12020 响应超时 module=INITIAL id=WriteVEFCGasType uuid=78 timeout=1000ms
[2026-06-02 15:34:14] [WARN] [data][ModbusTcpMaster][ModbusCommandSender][handleFailedCommand]：设备ID=12020 指令失败，准备重发 module=INITIAL id=WriteVEFCGasType uuid=78 error=等待RTU响应超时 sendCount=2/4
[2026-06-02 15:34:14] [INFO] [data][ModbusTcpMaster][ModbusCommandSender][addToRetryQueue]：设备ID=12020 指令已加入重发队列 module=INITIAL id=WriteVEFCGasType uuid=78 sendCount=2/4
[2026-06-02 15:34:14] [INFO] [data][ModbusTcpMaster][ModbusCommandSender][doSend]：设备ID=12020 发送指令 module=INITIAL id=WriteVEFCGasType uuid=78 sendCount=3/4 timeout=1000ms bytes=8 crc=D8 0A
[2026-06-02 15:34:15] [WARN] [data][ModbusTcpMaster][ModbusCommandReceiver][onResponseTimeout]：设备ID=12020 响应超时 module=INITIAL id=WriteVEFCGasType uuid=78 timeout=1000ms
[2026-06-02 15:34:15] [WARN] [data][ModbusTcpMaster][ModbusCommandSender][handleFailedCommand]：设备ID=12020 指令失败，准备重发 module=INITIAL id=WriteVEFCGasType uuid=78 error=等待RTU响应超时 sendCount=3/4
[2026-06-02 15:34:15] [INFO] [data][ModbusTcpMaster][ModbusCommandSender][addToRetryQueue]：设备ID=12020 指令已加入重发队列 module=INITIAL id=WriteVEFCGasType uuid=78 sendCount=3/4
[2026-06-02 15:34:15] [INFO] [data][ModbusTcpMaster][ModbusCommandSender][doSend]：设备ID=12020 发送指令 module=INITIAL id=WriteVEFCGasType uuid=78 sendCount=4/4 timeout=1000ms bytes=8 crc=D8 0A
[2026-06-02 15:34:16] [WARN] [data][ModbusTcpMaster][ModbusCommandReceiver][onResponseTimeout]：设备ID=12020 响应超时 module=INITIAL id=WriteVEFCGasType uuid=78 timeout=1000ms
[2026-06-02 15:34:16] [WARN] [data][ModbusTcpMaster][ModbusCommandSender][handleFailedCommand]：设备ID=12020 指令失败 module=INITIAL id=WriteVEFCGasType uuid=78 error=等待RTU响应超时 sendCount=4/4 timedOut=1 checksumError=0 deviceBusy=0
[2026-06-02 15:34:16] [INFO] [data][ModbusTcpMaster][InitialCommandIssuer][onLogMessage]：设备ID=12020 [CyclicCommandIssuer] 指令失败:WriteVEFCGasType 原因:等待RTU响应超时 发送次数:4
[2026-06-02 15:34:16] [INFO] [data][ModbusTcpMaster][InitialCommandIssuer][onLogMessage]：设备ID=12020 [CyclicCommandIssuer] 第1轮完成 失败:2条
[2026-06-02 15:34:16] [INFO] [data][ModbusTcpMaster][InitialCommandIssuer][onRoundComplete]：设备ID=12020 初始化指令完成，失败数=2
[2026-06-02 15:34:17] [INFO] [data][ModbusTcpMaster][InitialCommandIssuer][onInitialFinished]：设备ID=12020 初始化完成，失败指令数=2
[2026-06-02 15:34:17] [INFO] [data][ModbusTcpMaster][InitialCommandIssuer][onLogMessage]：设备ID=12020 [CyclicCommandIssuer] 全部轮次执行完毕
[2026-06-02 15:34:17] [INFO] [data][ModbusTcpMaster][ModbusCommandSender][doSend]：设备ID=12020 发送指令 module=BUSINESS id=WriteQRCode uuid=340 sendCount=1/6 timeout=1000ms bytes=13 crc=6E 51
[2026-06-02 15:34:17] [WARN] [data][ModbusTcpMaster][ModbusCommandReceiver][onResponseTimeout]：设备ID=12020 响应超时 module=BUSINESS id=WriteQRCode uuid=340 timeout=1000ms
[2026-06-02 15:34:17] [WARN] [data][ModbusTcpMaster][ModbusCommandSender][handleFailedCommand]：设备ID=12020 指令失败，准备重发 module=BUSINESS id=WriteQRCode uuid=340 error=等待RTU响应超时 sendCount=1/6
[2026-06-02 15:34:18] [INFO] [data][ModbusTcpMaster][ModbusCommandSender][addToRetryQueue]：设备ID=12020 指令已加入重发队列 module=BUSINESS id=WriteQRCode uuid=340 sendCount=1/6
[2026-06-02 15:34:18] [INFO] [data][ModbusTcpMaster][ModbusCommandSender][doSend]：设备ID=12020 发送指令 module=BUSINESS id=WriteQRCode uuid=340 sendCount=2/6 timeout=1000ms bytes=13 crc=6E 51
[2026-06-02 15:34:18] [WARN] [data][ModbusTcpMaster][ModbusCommandReceiver][onResponseTimeout]：设备ID=12020 响应超时 module=BUSINESS id=WriteQRCode uuid=340 timeout=1000ms
[2026-06-02 15:34:18] [WARN] [data][ModbusTcpMaster][ModbusCommandSender][handleFailedCommand]：设备ID=12020 指令失败，准备重发 module=BUSINESS id=WriteQRCode uuid=340 error=等待RTU响应超时 sendCount=2/6
[2026-06-02 15:34:18] [INFO] [data][ModbusTcpMaster][ModbusCommandSender][addToRetryQueue]：设备ID=12020 指令已加入重发队列 module=BUSINESS id=WriteQRCode uuid=340 sendCount=2/6
[2026-06-02 15:34:18] [INFO] [data][ModbusTcpMaster][ModbusCommandSender][doSend]：设备ID=12020 发送指令 module=BUSINESS id=WriteQRCode uuid=340 sendCount=3/6 timeout=1000ms bytes=13 crc=6E 51
[2026-06-02 15:34:19] [INFO] [data][ModbusTcpMaster][SH85SelfChecker][enterState]：设备ID=12020 状态切换: 下发自检指令中 -> 结束
[2026-06-02 15:34:19] [WARN] [data][ModbusTcpMaster][SH85SelfChecker][finishOnly]：设备ID=12020 自检完成 success=0 result=Cancelled msg=用户取消
[2026-06-02 15:34:19] [INFO] [data][ModbusTcpMaster][stop]：设备ID=12020 停止设备，连接模式=AutoReconnect
[2026-06-02 15:34:19] [INFO] [data][ModbusTcpMaster][pauseChildren]：设备ID=12020 暂停普通收发子模块
[2026-06-02 15:34:19] [INFO] [data][ModbusTcpMaster][ModbusCommandSender][stop]：设备ID=12020 指令发送器停止
[2026-06-02 15:34:19] [INFO] [data][ModbusTcpMaster][ModbusConnecter][stopConnectionCheck]：设备ID=12020 停止连接心跳检查
[2026-06-02 15:34:19] [WARN] [data][ModbusTcpMaster][ModbusConnecter][disconnected]：设备ID=12020 TCP连接断开
[2026-06-02 15:34:19] [INFO] [data][ModbusTcpMaster][ModbusConnecter][onConnectionStatusChanged]：设备ID=12020 连接状态变化: Disconnected
[2026-06-02 15:34:19] [INFO] [data][ModbusTcpMaster][ModbusCommandSender][stop]：设备ID=12020 指令发送器停止
[2026-06-02 15:34:19] [INFO] [data][ModbusTcpMaster][enterState]：设备ID=12020 状态切换: 正常运行 -> 连接中
[2026-06-02 15:34:19] [WARN] [data][ModbusTcpMaster][ModbusConnecter][onConnectionError]：设备ID=12020 连接阶段错误: Connection lost: 未知的错误
[2026-06-02 15:34:19] [INFO] [data][ModbusTcpMaster][enterState]：设备ID=12020 状态切换: 连接中 -> 错误状态
[2026-06-02 15:34:19] [INFO] [data][ModbusTcpMaster][ModbusConnecter][disconnectDevice]：设备ID=12020 完全断开连接，已停止自动重连
[2026-06-02 15:34:19] [INFO] [data][ModbusTcpMaster][enterState]：设备ID=12020 状态切换: 错误状态 -> 空闲
[2026-06-02 15:36:28] [INFO] [data][ModbusTcpMaster][start]：设备ID=12020 开始启动设备连接，连接模式=AutoReconnect
[2026-06-02 15:36:28] [INFO] [data][ModbusTcpMaster][enterState]：设备ID=12020 状态切换: 空闲 -> 连接中
[2026-06-02 15:36:28] [INFO] [data][ModbusTcpMaster][ModbusConnecter][connectDevice]：设备ID=12020 开始连接设备 IP=127.0.0.1 Port=519 模式=AutoReconnect
[2026-06-02 15:36:28] [INFO] [data][ModbusTcpMaster][ModbusConnecter][onConnectionStatusChanged]：设备ID=12020 连接状态变化: Connected
[2026-06-02 15:36:28] [INFO] [data][ModbusTcpMaster][resumeChildren]：设备ID=12020 恢复普通收发子模块
[2026-06-02 15:36:28] [INFO] [data][ModbusTcpMaster][enterState]：设备ID=12020 状态切换: 连接中 -> 指令发送器已启动
[2026-06-02 15:36:28] [INFO] [data][ModbusTcpMaster][ModbusCommandSender][start]：设备ID=12020 指令发送器启动
[2026-06-02 15:36:28] [INFO] [data][ModbusTcpMaster][ModbusCommandSender][startSender]：设备ID=12020 指令发送器已启动，立即进入初始化阶段
[2026-06-02 15:36:28] [INFO] [data][ModbusTcpMaster][enterState]：设备ID=12020 状态切换: 指令发送器已启动 -> 初始指令下发中
[2026-06-02 15:36:28] [INFO] [data][ModbusTcpMaster][InitialCommandIssuer][onLogMessage]：设备ID=12020 [CyclicCommandIssuer] 启动循环下发 指令数:2 轮数:1 间隔:100ms
[2026-06-02 15:36:28] [INFO] [data][ModbusTcpMaster][InitialCommandIssuer][onLogMessage]：设备ID=12020 [CyclicCommandIssuer] 发送指令:ReadVersion 索引:0
[2026-06-02 15:36:28] [INFO] [data][ModbusTcpMaster][ModbusCommandSender][doSend]：设备ID=12020 发送指令 module=INITIAL id=ReadVersion uuid=77 sendCount=1/4 timeout=1000ms bytes=8 crc=20 0E
[2026-06-02 15:36:28] [INFO] [data][ModbusTcpMaster][enterState]：设备ID=12020 状态切换: 初始指令下发中 -> 启动定时发送器中
[2026-06-02 15:36:28] [INFO] [data][ModbusTcpMaster][PeriodicCommandSender][startPeriodicSender]：设备ID=12020 定时发送器已启动，进入正常运行状态
[2026-06-02 15:36:28] [INFO] [data][ModbusTcpMaster][enterState]：设备ID=12020 状态切换: 启动定时发送器中 -> 正常运行
[2026-06-02 15:36:28] [INFO] [data][ModbusTcpMaster][ModbusConnecter][startConnectionCheck]：设备ID=12020 启动连接心跳检查，间隔=3000ms
[2026-06-02 15:36:28] [INFO] [data][ModbusTcpMaster][ModbusConnecter][onAsyncReconnectConnected]：设备ID=12020 TCP连接成功
[2026-06-02 15:36:28] [INFO] [data][ModbusTcpMaster][SH85SelfChecker][submitStartSelfCheck]：设备ID=12020 下发 StartSelfCheck uuid=417
[2026-06-02 15:36:28] [INFO] [data][ModbusTcpMaster][SH85SelfChecker][enterState]：设备ID=12020 状态切换: 空闲 -> 下发自检指令中
[2026-06-02 15:36:28] [INFO] [data][ModbusTcpMaster][SH85SelfChecker][start]：设备ID=12020 自检流程已启动
[2026-06-02 15:36:28] [INFO] [data][ModbusTcpMaster][InitialCommandIssuer][onLogMessage]：设备ID=12020 [CyclicCommandIssuer] 发送指令:WriteVEFCGasType 索引:1
[2026-06-02 15:36:29] [WARN] [data][ModbusTcpMaster][ModbusCommandReceiver][onResponseTimeout]：设备ID=12020 响应超时 module=INITIAL id=ReadVersion uuid=77 timeout=1000ms
[2026-06-02 15:36:29] [WARN] [data][ModbusTcpMaster][ModbusCommandSender][handleFailedCommand]：设备ID=12020 指令失败，准备重发 module=INITIAL id=ReadVersion uuid=77 error=等待RTU响应超时 sendCount=1/4
[2026-06-02 15:36:29] [INFO] [data][ModbusTcpMaster][ModbusCommandSender][addToRetryQueue]：设备ID=12020 指令已加入重发队列 module=INITIAL id=ReadVersion uuid=77 sendCount=1/4
[2026-06-02 15:36:29] [INFO] [data][ModbusTcpMaster][ModbusCommandSender][doSend]：设备ID=12020 发送指令 module=INITIAL id=ReadVersion uuid=77 sendCount=2/4 timeout=1000ms bytes=8 crc=20 0E
[2026-06-02 15:36:30] [WARN] [data][ModbusTcpMaster][ModbusCommandReceiver][onResponseTimeout]：设备ID=12020 响应超时 module=INITIAL id=ReadVersion uuid=77 timeout=1000ms
[2026-06-02 15:36:30] [WARN] [data][ModbusTcpMaster][ModbusCommandSender][handleFailedCommand]：设备ID=12020 指令失败，准备重发 module=INITIAL id=ReadVersion uuid=77 error=等待RTU响应超时 sendCount=2/4
[2026-06-02 15:36:30] [INFO] [data][ModbusTcpMaster][ModbusCommandSender][addToRetryQueue]：设备ID=12020 指令已加入重发队列 module=INITIAL id=ReadVersion uuid=77 sendCount=2/4
[2026-06-02 15:36:30] [INFO] [data][ModbusTcpMaster][ModbusCommandSender][doSend]：设备ID=12020 发送指令 module=INITIAL id=ReadVersion uuid=77 sendCount=3/4 timeout=1000ms bytes=8 crc=20 0E
[2026-06-02 15:36:31] [WARN] [data][ModbusTcpMaster][ModbusCommandReceiver][onResponseTimeout]：设备ID=12020 响应超时 module=INITIAL id=ReadVersion uuid=77 timeout=1000ms
[2026-06-02 15:36:31] [WARN] [data][ModbusTcpMaster][ModbusCommandSender][handleFailedCommand]：设备ID=12020 指令失败，准备重发 module=INITIAL id=ReadVersion uuid=77 error=等待RTU响应超时 sendCount=3/4
[2026-06-02 15:36:31] [INFO] [data][ModbusTcpMaster][ModbusCommandSender][addToRetryQueue]：设备ID=12020 指令已加入重发队列 module=INITIAL id=ReadVersion uuid=77 sendCount=3/4
[2026-06-02 15:36:31] [INFO] [data][ModbusTcpMaster][ModbusCommandSender][doSend]：设备ID=12020 发送指令 module=INITIAL id=ReadVersion uuid=77 sendCount=4/4 timeout=1000ms bytes=8 crc=20 0E
[2026-06-02 15:36:32] [WARN] [data][ModbusTcpMaster][ModbusCommandReceiver][onResponseTimeout]：设备ID=12020 响应超时 module=INITIAL id=ReadVersion uuid=77 timeout=1000ms
[2026-06-02 15:36:32] [WARN] [data][ModbusTcpMaster][ModbusCommandSender][handleFailedCommand]：设备ID=12020 指令失败 module=INITIAL id=ReadVersion uuid=77 error=等待RTU响应超时 sendCount=4/4 timedOut=1 checksumError=0 deviceBusy=0
[2026-06-02 15:36:32] [INFO] [data][ModbusTcpMaster][InitialCommandIssuer][onLogMessage]：设备ID=12020 [CyclicCommandIssuer] 指令失败:ReadVersion 原因:等待RTU响应超时 发送次数:4
[2026-06-02 15:36:32] [INFO] [data][ModbusTcpMaster][ModbusCommandSender][doSend]：设备ID=12020 发送指令 module=INITIAL id=WriteVEFCGasType uuid=78 sendCount=1/4 timeout=1000ms bytes=8 crc=D8 0A
[2026-06-02 15:36:33] [WARN] [data][ModbusTcpMaster][ModbusCommandReceiver][onResponseTimeout]：设备ID=12020 响应超时 module=INITIAL id=WriteVEFCGasType uuid=78 timeout=1000ms
[2026-06-02 15:36:33] [WARN] [data][ModbusTcpMaster][ModbusCommandSender][handleFailedCommand]：设备ID=12020 指令失败，准备重发 module=INITIAL id=WriteVEFCGasType uuid=78 error=等待RTU响应超时 sendCount=1/4
[2026-06-02 15:36:33] [INFO] [data][ModbusTcpMaster][ModbusCommandSender][addToRetryQueue]：设备ID=12020 指令已加入重发队列 module=INITIAL id=WriteVEFCGasType uuid=78 sendCount=1/4
[2026-06-02 15:36:33] [INFO] [data][ModbusTcpMaster][ModbusCommandSender][doSend]：设备ID=12020 发送指令 module=INITIAL id=WriteVEFCGasType uuid=78 sendCount=2/4 timeout=1000ms bytes=8 crc=D8 0A
[2026-06-02 15:36:34] [WARN] [data][ModbusTcpMaster][ModbusCommandReceiver][onResponseTimeout]：设备ID=12020 响应超时 module=INITIAL id=WriteVEFCGasType uuid=78 timeout=1000ms
[2026-06-02 15:36:34] [WARN] [data][ModbusTcpMaster][ModbusCommandSender][handleFailedCommand]：设备ID=12020 指令失败，准备重发 module=INITIAL id=WriteVEFCGasType uuid=78 error=等待RTU响应超时 sendCount=2/4
[2026-06-02 15:36:34] [INFO] [data][ModbusTcpMaster][ModbusCommandSender][addToRetryQueue]：设备ID=12020 指令已加入重发队列 module=INITIAL id=WriteVEFCGasType uuid=78 sendCount=2/4
[2026-06-02 15:36:34] [INFO] [data][ModbusTcpMaster][ModbusCommandSender][doSend]：设备ID=12020 发送指令 module=INITIAL id=WriteVEFCGasType uuid=78 sendCount=3/4 timeout=1000ms bytes=8 crc=D8 0A
[2026-06-02 15:36:35] [WARN] [data][ModbusTcpMaster][ModbusCommandReceiver][onResponseTimeout]：设备ID=12020 响应超时 module=INITIAL id=WriteVEFCGasType uuid=78 timeout=1000ms
[2026-06-02 15:36:35] [WARN] [data][ModbusTcpMaster][ModbusCommandSender][handleFailedCommand]：设备ID=12020 指令失败，准备重发 module=INITIAL id=WriteVEFCGasType uuid=78 error=等待RTU响应超时 sendCount=3/4
[2026-06-02 15:36:35] [INFO] [data][ModbusTcpMaster][ModbusCommandSender][addToRetryQueue]：设备ID=12020 指令已加入重发队列 module=INITIAL id=WriteVEFCGasType uuid=78 sendCount=3/4
[2026-06-02 15:36:35] [INFO] [data][ModbusTcpMaster][ModbusCommandSender][doSend]：设备ID=12020 发送指令 module=INITIAL id=WriteVEFCGasType uuid=78 sendCount=4/4 timeout=1000ms bytes=8 crc=D8 0A
[2026-06-02 15:36:36] [WARN] [data][ModbusTcpMaster][ModbusCommandReceiver][onResponseTimeout]：设备ID=12020 响应超时 module=INITIAL id=WriteVEFCGasType uuid=78 timeout=1000ms
[2026-06-02 15:36:36] [WARN] [data][ModbusTcpMaster][ModbusCommandSender][handleFailedCommand]：设备ID=12020 指令失败 module=INITIAL id=WriteVEFCGasType uuid=78 error=等待RTU响应超时 sendCount=4/4 timedOut=1 checksumError=0 deviceBusy=0
[2026-06-02 15:36:36] [INFO] [data][ModbusTcpMaster][InitialCommandIssuer][onLogMessage]：设备ID=12020 [CyclicCommandIssuer] 指令失败:WriteVEFCGasType 原因:等待RTU响应超时 发送次数:4
[2026-06-02 15:36:36] [INFO] [data][ModbusTcpMaster][InitialCommandIssuer][onLogMessage]：设备ID=12020 [CyclicCommandIssuer] 第1轮完成 失败:2条
[2026-06-02 15:36:36] [INFO] [data][ModbusTcpMaster][InitialCommandIssuer][onRoundComplete]：设备ID=12020 初始化指令完成，失败数=2
[2026-06-02 15:36:36] [INFO] [data][ModbusTcpMaster][InitialCommandIssuer][onInitialFinished]：设备ID=12020 初始化完成，失败指令数=2
[2026-06-02 15:36:36] [INFO] [data][ModbusTcpMaster][InitialCommandIssuer][onLogMessage]：设备ID=12020 [CyclicCommandIssuer] 全部轮次执行完毕
[2026-06-02 15:36:36] [INFO] [data][ModbusTcpMaster][ModbusCommandSender][doSend]：设备ID=12020 发送指令 module=BUSINESS id=WriteQRCode uuid=340 sendCount=1/6 timeout=1000ms bytes=13 crc=6E 51
[2026-06-02 15:36:37] [WARN] [data][ModbusTcpMaster][ModbusCommandReceiver][onResponseTimeout]：设备ID=12020 响应超时 module=BUSINESS id=WriteQRCode uuid=340 timeout=1000ms
[2026-06-02 15:36:37] [WARN] [data][ModbusTcpMaster][ModbusCommandSender][handleFailedCommand]：设备ID=12020 指令失败，准备重发 module=BUSINESS id=WriteQRCode uuid=340 error=等待RTU响应超时 sendCount=1/6
[2026-06-02 15:36:37] [INFO] [data][ModbusTcpMaster][ModbusCommandSender][addToRetryQueue]：设备ID=12020 指令已加入重发队列 module=BUSINESS id=WriteQRCode uuid=340 sendCount=1/6
[2026-06-02 15:36:37] [INFO] [data][ModbusTcpMaster][ModbusCommandSender][doSend]：设备ID=12020 发送指令 module=BUSINESS id=WriteQRCode uuid=340 sendCount=2/6 timeout=1000ms bytes=13 crc=6E 51
[2026-06-02 15:36:38] [WARN] [data][ModbusTcpMaster][ModbusCommandReceiver][onResponseTimeout]：设备ID=12020 响应超时 module=BUSINESS id=WriteQRCode uuid=340 timeout=1000ms
[2026-06-02 15:36:38] [WARN] [data][ModbusTcpMaster][ModbusCommandSender][handleFailedCommand]：设备ID=12020 指令失败，准备重发 module=BUSINESS id=WriteQRCode uuid=340 error=等待RTU响应超时 sendCount=2/6
[2026-06-02 15:36:38] [INFO] [data][ModbusTcpMaster][ModbusCommandSender][addToRetryQueue]：设备ID=12020 指令已加入重发队列 module=BUSINESS id=WriteQRCode uuid=340 sendCount=2/6
[2026-06-02 15:36:38] [INFO] [data][ModbusTcpMaster][ModbusCommandSender][doSend]：设备ID=12020 发送指令 module=BUSINESS id=WriteQRCode uuid=340 sendCount=3/6 timeout=1000ms bytes=13 crc=6E 51
[2026-06-02 15:36:39] [WARN] [data][ModbusTcpMaster][ModbusCommandReceiver][onResponseTimeout]：设备ID=12020 响应超时 module=BUSINESS id=WriteQRCode uuid=340 timeout=1000ms
[2026-06-02 15:36:39] [WARN] [data][ModbusTcpMaster][ModbusCommandSender][handleFailedCommand]：设备ID=12020 指令失败，准备重发 module=BUSINESS id=WriteQRCode uuid=340 error=等待RTU响应超时 sendCount=3/6
[2026-06-02 15:36:39] [INFO] [data][ModbusTcpMaster][ModbusCommandSender][addToRetryQueue]：设备ID=12020 指令已加入重发队列 module=BUSINESS id=WriteQRCode uuid=340 sendCount=3/6
[2026-06-02 15:36:39] [INFO] [data][ModbusTcpMaster][ModbusCommandSender][doSend]：设备ID=12020 发送指令 module=BUSINESS id=WriteQRCode uuid=340 sendCount=4/6 timeout=1000ms bytes=13 crc=6E 51
[2026-06-02 15:36:40] [WARN] [data][ModbusTcpMaster][ModbusCommandReceiver][onResponseTimeout]：设备ID=12020 响应超时 module=BUSINESS id=WriteQRCode uuid=340 timeout=1000ms
[2026-06-02 15:36:40] [WARN] [data][ModbusTcpMaster][ModbusCommandSender][handleFailedCommand]：设备ID=12020 指令失败，准备重发 module=BUSINESS id=WriteQRCode uuid=340 error=等待RTU响应超时 sendCount=4/6
[2026-06-02 15:36:40] [INFO] [data][ModbusTcpMaster][ModbusCommandSender][addToRetryQueue]：设备ID=12020 指令已加入重发队列 module=BUSINESS id=WriteQRCode uuid=340 sendCount=4/6
[2026-06-02 15:36:40] [INFO] [data][ModbusTcpMaster][ModbusCommandSender][doSend]：设备ID=12020 发送指令 module=BUSINESS id=WriteQRCode uuid=340 sendCount=5/6 timeout=1000ms bytes=13 crc=6E 51
[2026-06-02 15:36:41] [WARN] [data][ModbusTcpMaster][ModbusCommandReceiver][onResponseTimeout]：设备ID=12020 响应超时 module=BUSINESS id=WriteQRCode uuid=340 timeout=1000ms
[2026-06-02 15:36:41] [WARN] [data][ModbusTcpMaster][ModbusCommandSender][handleFailedCommand]：设备ID=12020 指令失败，准备重发 module=BUSINESS id=WriteQRCode uuid=340 error=等待RTU响应超时 sendCount=5/6
[2026-06-02 15:36:41] [INFO] [data][ModbusTcpMaster][ModbusCommandSender][addToRetryQueue]：设备ID=12020 指令已加入重发队列 module=BUSINESS id=WriteQRCode uuid=340 sendCount=5/6
[2026-06-02 15:36:41] [INFO] [data][ModbusTcpMaster][ModbusCommandSender][doSend]：设备ID=12020 发送指令 module=BUSINESS id=WriteQRCode uuid=340 sendCount=6/6 timeout=1000ms bytes=13 crc=6E 51
[2026-06-02 15:36:42] [WARN] [data][ModbusTcpMaster][ModbusCommandReceiver][onResponseTimeout]：设备ID=12020 响应超时 module=BUSINESS id=WriteQRCode uuid=340 timeout=1000ms
[2026-06-02 15:36:42] [WARN] [data][ModbusTcpMaster][ModbusCommandSender][handleFailedCommand]：设备ID=12020 指令失败 module=BUSINESS id=WriteQRCode uuid=340 error=等待RTU响应超时 sendCount=6/6 timedOut=1 checksumError=0 deviceBusy=0
[2026-06-02 15:36:42] [INFO] [data][ModbusTcpMaster][ModbusCommandSender][doSend]：设备ID=12020 发送指令 module=BUSINESS id=StartSelfCheck uuid=417 sendCount=1/1 timeout=1000ms bytes=8 crc=F9 B5
[2026-06-02 15:36:43] [WARN] [data][ModbusTcpMaster][ModbusCommandReceiver][onResponseTimeout]：设备ID=12020 响应超时 module=BUSINESS id=StartSelfCheck uuid=417 timeout=1000ms
[2026-06-02 15:36:43] [WARN] [data][ModbusTcpMaster][ModbusCommandSender][handleFailedCommand]：设备ID=12020 指令失败 module=BUSINESS id=StartSelfCheck uuid=417 error=等待RTU响应超时 sendCount=1/1 timedOut=1 checksumError=0 deviceBusy=0
[2026-06-02 15:36:43] [WARN] [data][ModbusTcpMaster][SH85SelfChecker][onCommandFinished]：设备ID=12020 响应 state=下发自检指令中 ok=0 id=StartSelfCheck uuid=417 error=等待RTU响应超时
TX：01 06 00 17 00 A5 F9 B5
RX：01 06 00 17 00 A5
[2026-06-02 15:36:43] [WARN] [data][ModbusTcpMaster][SH85SelfChecker][emitErrorAndFinish]：设备ID=12020 自检失败 result=StartCommandFailed msg=启动自检指令下发失败: 等待RTU响应超时
[2026-06-02 15:36:43] [INFO] [data][ModbusTcpMaster][SH85SelfChecker][enterState]：设备ID=12020 状态切换: 下发自检指令中 -> 结束
[2026-06-02 15:36:43] [WARN] [data][ModbusTcpMaster][SH85SelfChecker][finishOnly]：设备ID=12020 自检完成 success=0 result=StartCommandFailed msg=启动自检指令下发失败: 等待RTU响应超时
[2026-06-02 15:36:56] [INFO] [data][ModbusTcpMaster][stop]：设备ID=12020 停止设备，连接模式=AutoReconnect
[2026-06-02 15:36:56] [INFO] [data][ModbusTcpMaster][pauseChildren]：设备ID=12020 暂停普通收发子模块
[2026-06-02 15:36:56] [INFO] [data][ModbusTcpMaster][ModbusCommandSender][stop]：设备ID=12020 指令发送器停止
[2026-06-02 15:36:56] [INFO] [data][ModbusTcpMaster][ModbusConnecter][stopConnectionCheck]：设备ID=12020 停止连接心跳检查
[2026-06-02 15:36:56] [WARN] [data][ModbusTcpMaster][ModbusConnecter][disconnected]：设备ID=12020 TCP连接断开
[2026-06-02 15:36:56] [INFO] [data][ModbusTcpMaster][ModbusConnecter][onConnectionStatusChanged]：设备ID=12020 连接状态变化: Disconnected
[2026-06-02 15:36:56] [INFO] [data][ModbusTcpMaster][ModbusCommandSender][stop]：设备ID=12020 指令发送器停止
[2026-06-02 15:36:56] [INFO] [data][ModbusTcpMaster][enterState]：设备ID=12020 状态切换: 正常运行 -> 连接中
[2026-06-02 15:36:56] [WARN] [data][ModbusTcpMaster][ModbusConnecter][onConnectionError]：设备ID=12020 连接阶段错误: Connection lost: 未知的错误
[2026-06-02 15:36:56] [INFO] [data][ModbusTcpMaster][enterState]：设备ID=12020 状态切换: 连接中 -> 错误状态
[2026-06-02 15:36:56] [INFO] [data][ModbusTcpMaster][ModbusConnecter][disconnectDevice]：设备ID=12020 完全断开连接，已停止自动重连
[2026-06-02 15:36:56] [INFO] [data][ModbusTcpMaster][enterState]：设备ID=12020 状态切换: 错误状态 -> 空闲
[2026-06-02 15:37:12] [INFO] [data][ModbusTcpMaster][start]：设备ID=12020 开始启动设备连接，连接模式=AutoReconnect
[2026-06-02 15:37:12] [INFO] [data][ModbusTcpMaster][enterState]：设备ID=12020 状态切换: 空闲 -> 连接中
[2026-06-02 15:37:12] [INFO] [data][ModbusTcpMaster][ModbusConnecter][connectDevice]：设备ID=12020 开始连接设备 IP=127.0.0.1 Port=519 模式=AutoReconnect
[2026-06-02 15:37:12] [INFO] [data][ModbusTcpMaster][ModbusConnecter][onConnectionStatusChanged]：设备ID=12020 连接状态变化: Connected
[2026-06-02 15:37:12] [INFO] [data][ModbusTcpMaster][resumeChildren]：设备ID=12020 恢复普通收发子模块
[2026-06-02 15:37:12] [INFO] [data][ModbusTcpMaster][enterState]：设备ID=12020 状态切换: 连接中 -> 指令发送器已启动
[2026-06-02 15:37:12] [INFO] [data][ModbusTcpMaster][ModbusCommandSender][start]：设备ID=12020 指令发送器启动
[2026-06-02 15:37:12] [INFO] [data][ModbusTcpMaster][ModbusCommandSender][startSender]：设备ID=12020 指令发送器已启动，立即进入初始化阶段
[2026-06-02 15:37:12] [INFO] [data][ModbusTcpMaster][enterState]：设备ID=12020 状态切换: 指令发送器已启动 -> 初始指令下发中
[2026-06-02 15:37:12] [INFO] [data][ModbusTcpMaster][InitialCommandIssuer][onLogMessage]：设备ID=12020 [CyclicCommandIssuer] 启动循环下发 指令数:2 轮数:1 间隔:100ms
[2026-06-02 15:37:12] [INFO] [data][ModbusTcpMaster][InitialCommandIssuer][onLogMessage]：设备ID=12020 [CyclicCommandIssuer] 发送指令:ReadVersion 索引:0
[2026-06-02 15:37:12] [INFO] [data][ModbusTcpMaster][ModbusCommandSender][doSend]：设备ID=12020 发送指令 module=INITIAL id=ReadVersion uuid=77 sendCount=1/4 timeout=1000ms bytes=8 crc=20 0E
[2026-06-02 15:37:12] [INFO] [data][ModbusTcpMaster][enterState]：设备ID=12020 状态切换: 初始指令下发中 -> 启动定时发送器中
[2026-06-02 15:37:12] [INFO] [data][ModbusTcpMaster][PeriodicCommandSender][startPeriodicSender]：设备ID=12020 定时发送器已启动，进入正常运行状态
[2026-06-02 15:37:12] [INFO] [data][ModbusTcpMaster][enterState]：设备ID=12020 状态切换: 启动定时发送器中 -> 正常运行
[2026-06-02 15:37:12] [INFO] [data][ModbusTcpMaster][ModbusConnecter][startConnectionCheck]：设备ID=12020 启动连接心跳检查，间隔=3000ms
[2026-06-02 15:37:12] [INFO] [data][ModbusTcpMaster][ModbusConnecter][onAsyncReconnectConnected]：设备ID=12020 TCP连接成功
[2026-06-02 15:37:12] [INFO] [data][ModbusTcpMaster][SH85SelfChecker][submitStartSelfCheck]：设备ID=12020 下发 StartSelfCheck uuid=417
[2026-06-02 15:37:12] [INFO] [data][ModbusTcpMaster][SH85SelfChecker][enterState]：设备ID=12020 状态切换: 空闲 -> 下发自检指令中
[2026-06-02 15:37:12] [INFO] [data][ModbusTcpMaster][SH85SelfChecker][start]：设备ID=12020 自检流程已启动
[2026-06-02 15:37:12] [INFO] [data][ModbusTcpMaster][InitialCommandIssuer][onLogMessage]：设备ID=12020 [CyclicCommandIssuer] 发送指令:WriteVEFCGasType 索引:1
[2026-06-02 15:37:13] [WARN] [data][ModbusTcpMaster][ModbusCommandReceiver][onResponseTimeout]：设备ID=12020 响应超时 module=INITIAL id=ReadVersion uuid=77 timeout=1000ms
[2026-06-02 15:37:13] [WARN] [data][ModbusTcpMaster][ModbusCommandSender][handleFailedCommand]：设备ID=12020 指令失败，准备重发 module=INITIAL id=ReadVersion uuid=77 error=等待RTU响应超时 sendCount=1/4
[2026-06-02 15:37:13] [INFO] [data][ModbusTcpMaster][ModbusCommandSender][addToRetryQueue]：设备ID=12020 指令已加入重发队列 module=INITIAL id=ReadVersion uuid=77 sendCount=1/4
[2026-06-02 15:37:13] [INFO] [data][ModbusTcpMaster][ModbusCommandSender][doSend]：设备ID=12020 发送指令 module=INITIAL id=ReadVersion uuid=77 sendCount=2/4 timeout=1000ms bytes=8 crc=20 0E
[2026-06-02 15:37:14] [WARN] [data][ModbusTcpMaster][ModbusCommandReceiver][onResponseTimeout]：设备ID=12020 响应超时 module=INITIAL id=ReadVersion uuid=77 timeout=1000ms
[2026-06-02 15:37:14] [INFO] [data][ModbusTcpMaster][ModbusCommandSender][addToRetryQueue]：设备ID=12020 指令已加入重发队列 module=INITIAL id=ReadVersion uuid=77 sendCount=2/4
[2026-06-02 15:37:14] [INFO] [data][ModbusTcpMaster][ModbusCommandSender][doSend]：设备ID=12020 发送指令 module=INITIAL id=ReadVersion uuid=77 sendCount=3/4 timeout=1000ms bytes=8 crc=20 0E
[2026-06-02 15:37:14] [WARN] [data][ModbusTcpMaster][ModbusCommandSender][handleFailedCommand]：设备ID=12020 指令失败，准备重发 module=INITIAL id=ReadVersion uuid=77 error=等待RTU响应超时 sendCount=2/4
[2026-06-02 15:37:15] [WARN] [data][ModbusTcpMaster][ModbusCommandReceiver][onResponseTimeout]：设备ID=12020 响应超时 module=INITIAL id=ReadVersion uuid=77 timeout=1000ms
[2026-06-02 15:37:15] [WARN] [data][ModbusTcpMaster][ModbusCommandSender][handleFailedCommand]：设备ID=12020 指令失败，准备重发 module=INITIAL id=ReadVersion uuid=77 error=等待RTU响应超时 sendCount=3/4
[2026-06-02 15:37:15] [INFO] [data][ModbusTcpMaster][ModbusCommandSender][addToRetryQueue]：设备ID=12020 指令已加入重发队列 module=INITIAL id=ReadVersion uuid=77 sendCount=3/4
[2026-06-02 15:37:15] [INFO] [data][ModbusTcpMaster][ModbusCommandSender][doSend]：设备ID=12020 发送指令 module=INITIAL id=ReadVersion uuid=77 sendCount=4/4 timeout=1000ms bytes=8 crc=20 0E
[2026-06-02 15:37:16] [WARN] [data][ModbusTcpMaster][ModbusCommandReceiver][onResponseTimeout]：设备ID=12020 响应超时 module=INITIAL id=ReadVersion uuid=77 timeout=1000ms
[2026-06-02 15:37:16] [WARN] [data][ModbusTcpMaster][ModbusCommandSender][handleFailedCommand]：设备ID=12020 指令失败 module=INITIAL id=ReadVersion uuid=77 error=等待RTU响应超时 sendCount=4/4 timedOut=1 checksumError=0 deviceBusy=0
[2026-06-02 15:37:16] [INFO] [data][ModbusTcpMaster][InitialCommandIssuer][onLogMessage]：设备ID=12020 [CyclicCommandIssuer] 指令失败:ReadVersion 原因:等待RTU响应超时 发送次数:4
[2026-06-02 15:37:16] [INFO] [data][ModbusTcpMaster][ModbusCommandSender][doSend]：设备ID=12020 发送指令 module=INITIAL id=WriteVEFCGasType uuid=78 sendCount=1/4 timeout=1000ms bytes=8 crc=D8 0A
[2026-06-02 15:37:17] [WARN] [data][ModbusTcpMaster][ModbusCommandReceiver][onResponseTimeout]：设备ID=12020 响应超时 module=INITIAL id=WriteVEFCGasType uuid=78 timeout=1000ms
[2026-06-02 15:37:17] [WARN] [data][ModbusTcpMaster][ModbusCommandSender][handleFailedCommand]：设备ID=12020 指令失败，准备重发 module=INITIAL id=WriteVEFCGasType uuid=78 error=等待RTU响应超时 sendCount=1/4
[2026-06-02 15:37:17] [INFO] [data][ModbusTcpMaster][ModbusCommandSender][addToRetryQueue]：设备ID=12020 指令已加入重发队列 module=INITIAL id=WriteVEFCGasType uuid=78 sendCount=1/4
[2026-06-02 15:37:17] [INFO] [data][ModbusTcpMaster][ModbusCommandSender][doSend]：设备ID=12020 发送指令 module=INITIAL id=WriteVEFCGasType uuid=78 sendCount=2/4 timeout=1000ms bytes=8 crc=D8 0A
[2026-06-02 15:37:18] [WARN] [data][ModbusTcpMaster][ModbusCommandReceiver][onResponseTimeout]：设备ID=12020 响应超时 module=INITIAL id=WriteVEFCGasType uuid=78 timeout=1000ms
[2026-06-02 15:37:18] [WARN] [data][ModbusTcpMaster][ModbusCommandSender][handleFailedCommand]：设备ID=12020 指令失败，准备重发 module=INITIAL id=WriteVEFCGasType uuid=78 error=等待RTU响应超时 sendCount=2/4
[2026-06-02 15:37:18] [INFO] [data][ModbusTcpMaster][ModbusCommandSender][addToRetryQueue]：设备ID=12020 指令已加入重发队列 module=INITIAL id=WriteVEFCGasType uuid=78 sendCount=2/4
[2026-06-02 15:37:18] [INFO] [data][ModbusTcpMaster][ModbusCommandSender][doSend]：设备ID=12020 发送指令 module=INITIAL id=WriteVEFCGasType uuid=78 sendCount=3/4 timeout=1000ms bytes=8 crc=D8 0A
[2026-06-02 15:37:19] [WARN] [data][ModbusTcpMaster][ModbusCommandReceiver][onResponseTimeout]：设备ID=12020 响应超时 module=INITIAL id=WriteVEFCGasType uuid=78 timeout=1000ms
[2026-06-02 15:37:19] [WARN] [data][ModbusTcpMaster][ModbusCommandSender][handleFailedCommand]：设备ID=12020 指令失败，准备重发 module=INITIAL id=WriteVEFCGasType uuid=78 error=等待RTU响应超时 sendCount=3/4
[2026-06-02 15:37:19] [INFO] [data][ModbusTcpMaster][ModbusCommandSender][addToRetryQueue]：设备ID=12020 指令已加入重发队列 module=INITIAL id=WriteVEFCGasType uuid=78 sendCount=3/4
[2026-06-02 15:37:19] [INFO] [data][ModbusTcpMaster][ModbusCommandSender][doSend]：设备ID=12020 发送指令 module=INITIAL id=WriteVEFCGasType uuid=78 sendCount=4/4 timeout=1000ms bytes=8 crc=D8 0A
[2026-06-02 15:37:20] [WARN] [data][ModbusTcpMaster][ModbusCommandReceiver][onResponseTimeout]：设备ID=12020 响应超时 module=INITIAL id=WriteVEFCGasType uuid=78 timeout=1000ms
[2026-06-02 15:37:20] [WARN] [data][ModbusTcpMaster][ModbusCommandSender][handleFailedCommand]：设备ID=12020 指令失败 module=INITIAL id=WriteVEFCGasType uuid=78 error=等待RTU响应超时 sendCount=4/4 timedOut=1 checksumError=0 deviceBusy=0
[2026-06-02 15:37:20] [INFO] [data][ModbusTcpMaster][InitialCommandIssuer][onLogMessage]：设备ID=12020 [CyclicCommandIssuer] 指令失败:WriteVEFCGasType 原因:等待RTU响应超时 发送次数:4
[2026-06-02 15:37:20] [INFO] [data][ModbusTcpMaster][InitialCommandIssuer][onLogMessage]：设备ID=12020 [CyclicCommandIssuer] 第1轮完成 失败:2条
[2026-06-02 15:37:20] [INFO] [data][ModbusTcpMaster][InitialCommandIssuer][onRoundComplete]：设备ID=12020 初始化指令完成，失败数=2
[2026-06-02 15:37:20] [INFO] [data][ModbusTcpMaster][InitialCommandIssuer][onInitialFinished]：设备ID=12020 初始化完成，失败指令数=2
[2026-06-02 15:37:20] [INFO] [data][ModbusTcpMaster][InitialCommandIssuer][onLogMessage]：设备ID=12020 [CyclicCommandIssuer] 全部轮次执行完毕
[2026-06-02 15:37:20] [INFO] [data][ModbusTcpMaster][ModbusCommandSender][doSend]：设备ID=12020 发送指令 module=BUSINESS id=WriteQRCode uuid=340 sendCount=1/6 timeout=1000ms bytes=13 crc=6E 51
[2026-06-02 15:37:21] [WARN] [data][ModbusTcpMaster][ModbusCommandReceiver][onResponseTimeout]：设备ID=12020 响应超时 module=BUSINESS id=WriteQRCode uuid=340 timeout=1000ms
[2026-06-02 15:37:21] [WARN] [data][ModbusTcpMaster][ModbusCommandSender][handleFailedCommand]：设备ID=12020 指令失败，准备重发 module=BUSINESS id=WriteQRCode uuid=340 error=等待RTU响应超时 sendCount=1/6
[2026-06-02 15:37:21] [INFO] [data][ModbusTcpMaster][ModbusCommandSender][addToRetryQueue]：设备ID=12020 指令已加入重发队列 module=BUSINESS id=WriteQRCode uuid=340 sendCount=1/6
[2026-06-02 15:37:21] [INFO] [data][ModbusTcpMaster][ModbusCommandSender][doSend]：设备ID=12020 发送指令 module=BUSINESS id=WriteQRCode uuid=340 sendCount=2/6 timeout=1000ms bytes=13 crc=6E 51
[2026-06-02 15:37:22] [WARN] [data][ModbusTcpMaster][ModbusCommandReceiver][onResponseTimeout]：设备ID=12020 响应超时 module=BUSINESS id=WriteQRCode uuid=340 timeout=1000ms
[2026-06-02 15:37:22] [WARN] [data][ModbusTcpMaster][ModbusCommandSender][handleFailedCommand]：设备ID=12020 指令失败，准备重发 module=BUSINESS id=WriteQRCode uuid=340 error=等待RTU响应超时 sendCount=2/6
[2026-06-02 15:37:22] [INFO] [data][ModbusTcpMaster][ModbusCommandSender][addToRetryQueue]：设备ID=12020 指令已加入重发队列 module=BUSINESS id=WriteQRCode uuid=340 sendCount=2/6
[2026-06-02 15:37:22] [INFO] [data][ModbusTcpMaster][ModbusCommandSender][doSend]：设备ID=12020 发送指令 module=BUSINESS id=WriteQRCode uuid=340 sendCount=3/6 timeout=1000ms bytes=13 crc=6E 51
[2026-06-02 15:37:23] [INFO] [data][ModbusTcpMaster][SH85SelfChecker][enterState]：设备ID=12020 状态切换: 下发自检指令中 -> 结束
[2026-06-02 15:37:23] [WARN] [data][ModbusTcpMaster][SH85SelfChecker][finishOnly]：设备ID=12020 自检完成 success=0 result=Cancelled msg=用户取消
[2026-06-02 15:37:23] [INFO] [data][ModbusTcpMaster][stop]：设备ID=12020 停止设备，连接模式=AutoReconnect
[2026-06-02 15:37:23] [INFO] [data][ModbusTcpMaster][pauseChildren]：设备ID=12020 暂停普通收发子模块
[2026-06-02 15:37:23] [INFO] [data][ModbusTcpMaster][ModbusCommandSender][stop]：设备ID=12020 指令发送器停止
[2026-06-02 15:37:23] [INFO] [data][ModbusTcpMaster][ModbusConnecter][stopConnectionCheck]：设备ID=12020 停止连接心跳检查
[2026-06-02 15:37:23] [WARN] [data][ModbusTcpMaster][ModbusConnecter][disconnected]：设备ID=12020 TCP连接断开
[2026-06-02 15:37:23] [INFO] [data][ModbusTcpMaster][ModbusConnecter][onConnectionStatusChanged]：设备ID=12020 连接状态变化: Disconnected
[2026-06-02 15:37:23] [INFO] [data][ModbusTcpMaster][ModbusCommandSender][stop]：设备ID=12020 指令发送器停止
[2026-06-02 15:37:23] [INFO] [data][ModbusTcpMaster][enterState]：设备ID=12020 状态切换: 正常运行 -> 连接中
[2026-06-02 15:37:23] [WARN] [data][ModbusTcpMaster][ModbusConnecter][onConnectionError]：设备ID=12020 连接阶段错误: Connection lost: 未知的错误
[2026-06-02 15:37:23] [INFO] [data][ModbusTcpMaster][enterState]：设备ID=12020 状态切换: 连接中 -> 错误状态
[2026-06-02 15:37:23] [INFO] [data][ModbusTcpMaster][ModbusConnecter][disconnectDevice]：设备ID=12020 完全断开连接，已停止自动重连
[2026-06-02 15:37:23] [INFO] [data][ModbusTcpMaster][enterState]：设备ID=12020 状态切换: 错误状态 -> 空闲
[2026-06-02 16:05:20] [INFO] [data][ModbusTcpMaster][start]：设备ID=12020 开始启动设备连接，连接模式=AutoReconnect
[2026-06-02 16:05:20] [INFO] [data][ModbusTcpMaster][enterState]：设备ID=12020 状态切换: 空闲 -> 连接中
[2026-06-02 16:05:20] [INFO] [data][ModbusTcpMaster][ModbusConnecter][connectDevice]：设备ID=12020 开始连接设备 IP=127.0.0.1 Port=519 模式=AutoReconnect
[2026-06-02 16:05:20] [INFO] [data][ModbusTcpMaster][ModbusConnecter][onConnectionStatusChanged]：设备ID=12020 连接状态变化: Connected
[2026-06-02 16:05:20] [INFO] [data][ModbusTcpMaster][resumeChildren]：设备ID=12020 恢复普通收发子模块
[2026-06-02 16:05:20] [INFO] [data][ModbusTcpMaster][enterState]：设备ID=12020 状态切换: 连接中 -> 指令发送器已启动
[2026-06-02 16:05:20] [INFO] [data][ModbusTcpMaster][ModbusCommandSender][start]：设备ID=12020 指令发送器启动
[2026-06-02 16:05:20] [INFO] [data][ModbusTcpMaster][ModbusCommandSender][startSender]：设备ID=12020 指令发送器已启动，立即进入初始化阶段
[2026-06-02 16:05:20] [INFO] [data][ModbusTcpMaster][enterState]：设备ID=12020 状态切换: 指令发送器已启动 -> 初始指令下发中
[2026-06-02 16:05:20] [INFO] [data][ModbusTcpMaster][InitialCommandIssuer][onLogMessage]：设备ID=12020 [CyclicCommandIssuer] 启动循环下发 指令数:2 轮数:1 间隔:100ms
[2026-06-02 16:05:20] [INFO] [data][ModbusTcpMaster][InitialCommandIssuer][onLogMessage]：设备ID=12020 [CyclicCommandIssuer] 发送指令:ReadVersion 索引:0
[2026-06-02 16:05:20] [INFO] [data][ModbusTcpMaster][ModbusCommandSender][doSend]：设备ID=12020 发送指令 module=INITIAL id=ReadVersion uuid=77 sendCount=1/4 timeout=1000ms bytes=8 crc=20 0E
[2026-06-02 16:05:20] [INFO] [data][ModbusTcpMaster][enterState]：设备ID=12020 状态切换: 初始指令下发中 -> 启动定时发送器中
[2026-06-02 16:05:20] [INFO] [data][ModbusTcpMaster][PeriodicCommandSender][startPeriodicSender]：设备ID=12020 定时发送器已启动，进入正常运行状态
[2026-06-02 16:05:20] [INFO] [data][ModbusTcpMaster][enterState]：设备ID=12020 状态切换: 启动定时发送器中 -> 正常运行
[2026-06-02 16:05:20] [INFO] [data][ModbusTcpMaster][ModbusConnecter][startConnectionCheck]：设备ID=12020 启动连接心跳检查，间隔=3000ms
[2026-06-02 16:05:20] [INFO] [data][ModbusTcpMaster][ModbusConnecter][onAsyncReconnectConnected]：设备ID=12020 TCP连接成功
[2026-06-02 16:05:20] [INFO] [data][ModbusTcpMaster][SH85SelfChecker][submitStartSelfCheck]：设备ID=12020 下发 StartSelfCheck uuid=420
[2026-06-02 16:05:20] [INFO] [data][ModbusTcpMaster][SH85SelfChecker][enterState]：设备ID=12020 状态切换: 空闲 -> 下发自检指令中
[2026-06-02 16:05:20] [INFO] [data][ModbusTcpMaster][SH85SelfChecker][start]：设备ID=12020 自检流程已启动
[2026-06-02 16:05:21] [INFO] [data][ModbusTcpMaster][InitialCommandIssuer][onLogMessage]：设备ID=12020 [CyclicCommandIssuer] 发送指令:WriteVEFCGasType 索引:1
[2026-06-02 16:05:21] [WARN] [data][ModbusTcpMaster][ModbusCommandReceiver][onResponseTimeout]：设备ID=12020 响应超时 module=INITIAL id=ReadVersion uuid=77 timeout=1000ms
[2026-06-02 16:05:21] [WARN] [data][ModbusTcpMaster][ModbusCommandSender][handleFailedCommand]：设备ID=12020 指令失败，准备重发 module=INITIAL id=ReadVersion uuid=77 error=等待RTU响应超时 sendCount=1/4
[2026-06-02 16:05:21] [INFO] [data][ModbusTcpMaster][ModbusCommandSender][addToRetryQueue]：设备ID=12020 指令已加入重发队列 module=INITIAL id=ReadVersion uuid=77 sendCount=1/4
[2026-06-02 16:05:21] [INFO] [data][ModbusTcpMaster][ModbusCommandSender][doSend]：设备ID=12020 发送指令 module=INITIAL id=ReadVersion uuid=77 sendCount=2/4 timeout=1000ms bytes=8 crc=20 0E
[2026-06-02 16:05:22] [WARN] [data][ModbusTcpMaster][ModbusCommandReceiver][onResponseTimeout]：设备ID=12020 响应超时 module=INITIAL id=ReadVersion uuid=77 timeout=1000ms
[2026-06-02 16:05:22] [WARN] [data][ModbusTcpMaster][ModbusCommandSender][handleFailedCommand]：设备ID=12020 指令失败，准备重发 module=INITIAL id=ReadVersion uuid=77 error=等待RTU响应超时 sendCount=2/4
[2026-06-02 16:05:22] [INFO] [data][ModbusTcpMaster][ModbusCommandSender][addToRetryQueue]：设备ID=12020 指令已加入重发队列 module=INITIAL id=ReadVersion uuid=77 sendCount=2/4
[2026-06-02 16:05:22] [INFO] [data][ModbusTcpMaster][ModbusCommandSender][doSend]：设备ID=12020 发送指令 module=INITIAL id=ReadVersion uuid=77 sendCount=3/4 timeout=1000ms bytes=8 crc=20 0E
[2026-06-02 16:05:23] [WARN] [data][ModbusTcpMaster][ModbusCommandReceiver][onResponseTimeout]：设备ID=12020 响应超时 module=INITIAL id=ReadVersion uuid=77 timeout=1000ms
[2026-06-02 16:05:23] [WARN] [data][ModbusTcpMaster][ModbusCommandSender][handleFailedCommand]：设备ID=12020 指令失败，准备重发 module=INITIAL id=ReadVersion uuid=77 error=等待RTU响应超时 sendCount=3/4
[2026-06-02 16:05:23] [INFO] [data][ModbusTcpMaster][ModbusCommandSender][addToRetryQueue]：设备ID=12020 指令已加入重发队列 module=INITIAL id=ReadVersion uuid=77 sendCount=3/4
[2026-06-02 16:05:23] [INFO] [data][ModbusTcpMaster][ModbusCommandSender][doSend]：设备ID=12020 发送指令 module=INITIAL id=ReadVersion uuid=77 sendCount=4/4 timeout=1000ms bytes=8 crc=20 0E
[2026-06-02 16:05:24] [WARN] [data][ModbusTcpMaster][ModbusCommandReceiver][onResponseTimeout]：设备ID=12020 响应超时 module=INITIAL id=ReadVersion uuid=77 timeout=1000ms
[2026-06-02 16:05:24] [WARN] [data][ModbusTcpMaster][ModbusCommandSender][handleFailedCommand]：设备ID=12020 指令失败 module=INITIAL id=ReadVersion uuid=77 error=等待RTU响应超时 sendCount=4/4 timedOut=1 checksumError=0 deviceBusy=0
[2026-06-02 16:05:24] [INFO] [data][ModbusTcpMaster][InitialCommandIssuer][onLogMessage]：设备ID=12020 [CyclicCommandIssuer] 指令失败:ReadVersion 原因:等待RTU响应超时 发送次数:4
[2026-06-02 16:05:24] [INFO] [data][ModbusTcpMaster][ModbusCommandSender][doSend]：设备ID=12020 发送指令 module=INITIAL id=WriteVEFCGasType uuid=78 sendCount=1/4 timeout=1000ms bytes=8 crc=D8 0A
[2026-06-02 16:05:25] [WARN] [data][ModbusTcpMaster][ModbusCommandReceiver][onResponseTimeout]：设备ID=12020 响应超时 module=INITIAL id=WriteVEFCGasType uuid=78 timeout=1000ms
[2026-06-02 16:05:25] [WARN] [data][ModbusTcpMaster][ModbusCommandSender][handleFailedCommand]：设备ID=12020 指令失败，准备重发 module=INITIAL id=WriteVEFCGasType uuid=78 error=等待RTU响应超时 sendCount=1/4
[2026-06-02 16:05:25] [INFO] [data][ModbusTcpMaster][ModbusCommandSender][addToRetryQueue]：设备ID=12020 指令已加入重发队列 module=INITIAL id=WriteVEFCGasType uuid=78 sendCount=1/4
[2026-06-02 16:05:25] [INFO] [data][ModbusTcpMaster][ModbusCommandSender][doSend]：设备ID=12020 发送指令 module=INITIAL id=WriteVEFCGasType uuid=78 sendCount=2/4 timeout=1000ms bytes=8 crc=D8 0A
[2026-06-02 16:05:26] [WARN] [data][ModbusTcpMaster][ModbusCommandReceiver][onResponseTimeout]：设备ID=12020 响应超时 module=INITIAL id=WriteVEFCGasType uuid=78 timeout=1000ms
[2026-06-02 16:05:26] [WARN] [data][ModbusTcpMaster][ModbusCommandSender][handleFailedCommand]：设备ID=12020 指令失败，准备重发 module=INITIAL id=WriteVEFCGasType uuid=78 error=等待RTU响应超时 sendCount=2/4
[2026-06-02 16:05:26] [INFO] [data][ModbusTcpMaster][ModbusCommandSender][addToRetryQueue]：设备ID=12020 指令已加入重发队列 module=INITIAL id=WriteVEFCGasType uuid=78 sendCount=2/4
[2026-06-02 16:05:26] [INFO] [data][ModbusTcpMaster][ModbusCommandSender][doSend]：设备ID=12020 发送指令 module=INITIAL id=WriteVEFCGasType uuid=78 sendCount=3/4 timeout=1000ms bytes=8 crc=D8 0A
[2026-06-02 16:05:27] [WARN] [data][ModbusTcpMaster][ModbusCommandReceiver][onResponseTimeout]：设备ID=12020 响应超时 module=INITIAL id=WriteVEFCGasType uuid=78 timeout=1000ms
[2026-06-02 16:05:27] [WARN] [data][ModbusTcpMaster][ModbusCommandSender][handleFailedCommand]：设备ID=12020 指令失败，准备重发 module=INITIAL id=WriteVEFCGasType uuid=78 error=等待RTU响应超时 sendCount=3/4
[2026-06-02 16:05:27] [INFO] [data][ModbusTcpMaster][ModbusCommandSender][addToRetryQueue]：设备ID=12020 指令已加入重发队列 module=INITIAL id=WriteVEFCGasType uuid=78 sendCount=3/4
[2026-06-02 16:05:27] [INFO] [data][ModbusTcpMaster][ModbusCommandSender][doSend]：设备ID=12020 发送指令 module=INITIAL id=WriteVEFCGasType uuid=78 sendCount=4/4 timeout=1000ms bytes=8 crc=D8 0A
[2026-06-02 16:05:28] [WARN] [data][ModbusTcpMaster][ModbusCommandReceiver][onResponseTimeout]：设备ID=12020 响应超时 module=INITIAL id=WriteVEFCGasType uuid=78 timeout=1000ms
[2026-06-02 16:05:28] [WARN] [data][ModbusTcpMaster][ModbusCommandSender][handleFailedCommand]：设备ID=12020 指令失败 module=INITIAL id=WriteVEFCGasType uuid=78 error=等待RTU响应超时 sendCount=4/4 timedOut=1 checksumError=0 deviceBusy=0
[2026-06-02 16:05:28] [INFO] [data][ModbusTcpMaster][InitialCommandIssuer][onLogMessage]：设备ID=12020 [CyclicCommandIssuer] 指令失败:WriteVEFCGasType 原因:等待RTU响应超时 发送次数:4
[2026-06-02 16:05:28] [INFO] [data][ModbusTcpMaster][InitialCommandIssuer][onLogMessage]：设备ID=12020 [CyclicCommandIssuer] 第1轮完成 失败:2条
[2026-06-02 16:05:28] [INFO] [data][ModbusTcpMaster][InitialCommandIssuer][onRoundComplete]：设备ID=12020 初始化指令完成，失败数=2
[2026-06-02 16:05:28] [INFO] [data][ModbusTcpMaster][InitialCommandIssuer][onInitialFinished]：设备ID=12020 初始化完成，失败指令数=2
[2026-06-02 16:05:28] [INFO] [data][ModbusTcpMaster][InitialCommandIssuer][onLogMessage]：设备ID=12020 [CyclicCommandIssuer] 全部轮次执行完毕
[2026-06-02 16:05:28] [INFO] [data][ModbusTcpMaster][ModbusCommandSender][doSend]：设备ID=12020 发送指令 module=BUSINESS id=WriteQRCode uuid=340 sendCount=1/6 timeout=1000ms bytes=13 crc=6E 51
[2026-06-02 16:05:29] [WARN] [data][ModbusTcpMaster][ModbusCommandReceiver][onResponseTimeout]：设备ID=12020 响应超时 module=BUSINESS id=WriteQRCode uuid=340 timeout=1000ms
[2026-06-02 16:05:29] [WARN] [data][ModbusTcpMaster][ModbusCommandSender][handleFailedCommand]：设备ID=12020 指令失败，准备重发 module=BUSINESS id=WriteQRCode uuid=340 error=等待RTU响应超时 sendCount=1/6
[2026-06-02 16:05:29] [INFO] [data][ModbusTcpMaster][ModbusCommandSender][addToRetryQueue]：设备ID=12020 指令已加入重发队列 module=BUSINESS id=WriteQRCode uuid=340 sendCount=1/6
[2026-06-02 16:05:29] [INFO] [data][ModbusTcpMaster][ModbusCommandSender][doSend]：设备ID=12020 发送指令 module=BUSINESS id=WriteQRCode uuid=340 sendCount=2/6 timeout=1000ms bytes=13 crc=6E 51
[2026-06-02 16:05:30] [WARN] [data][ModbusTcpMaster][ModbusCommandReceiver][onResponseTimeout]：设备ID=12020 响应超时 module=BUSINESS id=WriteQRCode uuid=340 timeout=1000ms
[2026-06-02 16:05:30] [WARN] [data][ModbusTcpMaster][ModbusCommandSender][handleFailedCommand]：设备ID=12020 指令失败，准备重发 module=BUSINESS id=WriteQRCode uuid=340 error=等待RTU响应超时 sendCount=2/6
[2026-06-02 16:05:30] [INFO] [data][ModbusTcpMaster][ModbusCommandSender][addToRetryQueue]：设备ID=12020 指令已加入重发队列 module=BUSINESS id=WriteQRCode uuid=340 sendCount=2/6
[2026-06-02 16:05:30] [INFO] [data][ModbusTcpMaster][ModbusCommandSender][doSend]：设备ID=12020 发送指令 module=BUSINESS id=WriteQRCode uuid=340 sendCount=3/6 timeout=1000ms bytes=13 crc=6E 51
[2026-06-02 16:05:31] [WARN] [data][ModbusTcpMaster][ModbusCommandReceiver][onResponseTimeout]：设备ID=12020 响应超时 module=BUSINESS id=WriteQRCode uuid=340 timeout=1000ms
[2026-06-02 16:05:31] [WARN] [data][ModbusTcpMaster][ModbusCommandSender][handleFailedCommand]：设备ID=12020 指令失败，准备重发 module=BUSINESS id=WriteQRCode uuid=340 error=等待RTU响应超时 sendCount=3/6
[2026-06-02 16:05:31] [INFO] [data][ModbusTcpMaster][ModbusCommandSender][addToRetryQueue]：设备ID=12020 指令已加入重发队列 module=BUSINESS id=WriteQRCode uuid=340 sendCount=3/6
[2026-06-02 16:05:31] [INFO] [data][ModbusTcpMaster][ModbusCommandSender][doSend]：设备ID=12020 发送指令 module=BUSINESS id=WriteQRCode uuid=340 sendCount=4/6 timeout=1000ms bytes=13 crc=6E 51
[2026-06-02 16:05:32] [WARN] [data][ModbusTcpMaster][ModbusCommandReceiver][onResponseTimeout]：设备ID=12020 响应超时 module=BUSINESS id=WriteQRCode uuid=340 timeout=1000ms
[2026-06-02 16:05:32] [WARN] [data][ModbusTcpMaster][ModbusCommandSender][handleFailedCommand]：设备ID=12020 指令失败，准备重发 module=BUSINESS id=WriteQRCode uuid=340 error=等待RTU响应超时 sendCount=4/6
[2026-06-02 16:05:32] [INFO] [data][ModbusTcpMaster][ModbusCommandSender][addToRetryQueue]：设备ID=12020 指令已加入重发队列 module=BUSINESS id=WriteQRCode uuid=340 sendCount=4/6
[2026-06-02 16:05:32] [INFO] [data][ModbusTcpMaster][ModbusCommandSender][doSend]：设备ID=12020 发送指令 module=BUSINESS id=WriteQRCode uuid=340 sendCount=5/6 timeout=1000ms bytes=13 crc=6E 51
[2026-06-02 16:05:33] [WARN] [data][ModbusTcpMaster][ModbusCommandReceiver][onResponseTimeout]：设备ID=12020 响应超时 module=BUSINESS id=WriteQRCode uuid=340 timeout=1000ms
[2026-06-02 16:05:33] [WARN] [data][ModbusTcpMaster][ModbusCommandSender][handleFailedCommand]：设备ID=12020 指令失败，准备重发 module=BUSINESS id=WriteQRCode uuid=340 error=等待RTU响应超时 sendCount=5/6
[2026-06-02 16:05:33] [INFO] [data][ModbusTcpMaster][ModbusCommandSender][addToRetryQueue]：设备ID=12020 指令已加入重发队列 module=BUSINESS id=WriteQRCode uuid=340 sendCount=5/6
[2026-06-02 16:05:33] [INFO] [data][ModbusTcpMaster][ModbusCommandSender][doSend]：设备ID=12020 发送指令 module=BUSINESS id=WriteQRCode uuid=340 sendCount=6/6 timeout=1000ms bytes=13 crc=6E 51
[2026-06-02 16:05:34] [WARN] [data][ModbusTcpMaster][ModbusCommandReceiver][onResponseTimeout]：设备ID=12020 响应超时 module=BUSINESS id=WriteQRCode uuid=340 timeout=1000ms
[2026-06-02 16:05:34] [WARN] [data][ModbusTcpMaster][ModbusCommandSender][handleFailedCommand]：设备ID=12020 指令失败 module=BUSINESS id=WriteQRCode uuid=340 error=等待RTU响应超时 sendCount=6/6 timedOut=1 checksumError=0 deviceBusy=0
[2026-06-02 16:05:34] [INFO] [data][ModbusTcpMaster][ModbusCommandSender][doSend]：设备ID=12020 发送指令 module=BUSINESS id=StartSelfCheck uuid=420 sendCount=1/1 timeout=1000ms bytes=8 crc=F9 B5
[2026-06-02 16:05:35] [WARN] [data][ModbusTcpMaster][ModbusCommandReceiver][onResponseTimeout]：设备ID=12020 响应超时 module=BUSINESS id=StartSelfCheck uuid=420 timeout=1000ms
[2026-06-02 16:05:35] [WARN] [data][ModbusTcpMaster][ModbusCommandSender][handleFailedCommand]：设备ID=12020 指令失败 module=BUSINESS id=StartSelfCheck uuid=420 error=等待RTU响应超时 sendCount=1/1 timedOut=1 checksumError=0 deviceBusy=0
[2026-06-02 16:05:35] [WARN] [data][ModbusTcpMaster][SH85SelfChecker][onCommandFinished]：设备ID=12020 响应 state=下发自检指令中 ok=0 id=StartSelfCheck uuid=420 error=等待RTU响应超时
TX：01 06 00 17 00 A5 F9 B5
RX：01 06 00 17 00 A5
[2026-06-02 16:05:35] [WARN] [data][ModbusTcpMaster][SH85SelfChecker][emitErrorAndFinish]：设备ID=12020 自检失败 result=StartCommandFailed msg=启动自检指令下发失败: 等待RTU响应超时
[2026-06-02 16:05:35] [INFO] [data][ModbusTcpMaster][SH85SelfChecker][enterState]：设备ID=12020 状态切换: 下发自检指令中 -> 结束
[2026-06-02 16:05:35] [WARN] [data][ModbusTcpMaster][SH85SelfChecker][finishOnly]：设备ID=12020 自检完成 success=0 result=StartCommandFailed msg=启动自检指令下发失败: 等待RTU响应超时
[2026-06-02 16:23:19] [INFO] [data][ModbusTcpMaster][stop]：设备ID=12020 停止设备，连接模式=AutoReconnect
[2026-06-02 16:23:19] [INFO] [data][ModbusTcpMaster][pauseChildren]：设备ID=12020 暂停普通收发子模块
[2026-06-02 16:23:19] [INFO] [data][ModbusTcpMaster][ModbusCommandSender][stop]：设备ID=12020 指令发送器停止
[2026-06-02 16:23:19] [INFO] [data][ModbusTcpMaster][ModbusConnecter][stopConnectionCheck]：设备ID=12020 停止连接心跳检查
[2026-06-02 16:23:19] [WARN] [data][ModbusTcpMaster][ModbusConnecter][disconnected]：设备ID=12020 TCP连接断开
[2026-06-02 16:23:19] [INFO] [data][ModbusTcpMaster][ModbusConnecter][onConnectionStatusChanged]：设备ID=12020 连接状态变化: Disconnected
[2026-06-02 16:23:19] [INFO] [data][ModbusTcpMaster][ModbusCommandSender][stop]：设备ID=12020 指令发送器停止
[2026-06-02 16:23:19] [INFO] [data][ModbusTcpMaster][enterState]：设备ID=12020 状态切换: 正常运行 -> 连接中
[2026-06-02 16:23:19] [WARN] [data][ModbusTcpMaster][ModbusConnecter][onConnectionError]：设备ID=12020 连接阶段错误: Connection lost: 未知的错误
[2026-06-02 16:23:19] [INFO] [data][ModbusTcpMaster][enterState]：设备ID=12020 状态切换: 连接中 -> 错误状态
[2026-06-02 16:23:19] [INFO] [data][ModbusTcpMaster][ModbusConnecter][disconnectDevice]：设备ID=12020 完全断开连接，已停止自动重连
[2026-06-02 16:23:19] [INFO] [data][ModbusTcpMaster][enterState]：设备ID=12020 状态切换: 错误状态 -> 空闲
[2026-06-02 16:44:52] [INFO] [data][ModbusTcpMaster][start]：设备ID=12020 开始启动设备连接，连接模式=AutoReconnect
[2026-06-02 16:44:52] [INFO] [data][ModbusTcpMaster][enterState]：设备ID=12020 状态切换: 空闲 -> 连接中
[2026-06-02 16:44:52] [INFO] [data][ModbusTcpMaster][ModbusConnecter][connectDevice]：设备ID=12020 开始连接设备 IP=127.0.0.1 Port=519 模式=AutoReconnect
[2026-06-02 16:44:52] [INFO] [data][ModbusTcpMaster][ModbusConnecter][onConnectionStatusChanged]：设备ID=12020 连接状态变化: Connected
[2026-06-02 16:44:52] [INFO] [data][ModbusTcpMaster][resumeChildren]：设备ID=12020 恢复普通收发子模块
[2026-06-02 16:44:52] [INFO] [data][ModbusTcpMaster][enterState]：设备ID=12020 状态切换: 连接中 -> 指令发送器已启动
[2026-06-02 16:44:52] [INFO] [data][ModbusTcpMaster][ModbusCommandSender][start]：设备ID=12020 指令发送器启动
[2026-06-02 16:44:52] [INFO] [data][ModbusTcpMaster][ModbusCommandSender][startSender]：设备ID=12020 指令发送器已启动，立即进入初始化阶段
[2026-06-02 16:44:52] [INFO] [data][ModbusTcpMaster][enterState]：设备ID=12020 状态切换: 指令发送器已启动 -> 初始指令下发中
[2026-06-02 16:44:52] [INFO] [data][ModbusTcpMaster][InitialCommandIssuer][onLogMessage]：设备ID=12020 [CyclicCommandIssuer] 启动循环下发 指令数:2 轮数:1 间隔:100ms
[2026-06-02 16:44:52] [INFO] [data][ModbusTcpMaster][InitialCommandIssuer][onLogMessage]：设备ID=12020 [CyclicCommandIssuer] 发送指令:ReadVersion 索引:0
[2026-06-02 16:44:52] [INFO] [data][ModbusTcpMaster][ModbusCommandSender][doSend]：设备ID=12020 发送指令 module=INITIAL id=ReadVersion uuid=77 sendCount=1/4 timeout=1000ms bytes=8 crc=20 0E
[2026-06-02 16:44:52] [INFO] [data][ModbusTcpMaster][enterState]：设备ID=12020 状态切换: 初始指令下发中 -> 启动定时发送器中
[2026-06-02 16:44:52] [INFO] [data][ModbusTcpMaster][PeriodicCommandSender][startPeriodicSender]：设备ID=12020 定时发送器已启动，进入正常运行状态
[2026-06-02 16:44:52] [INFO] [data][ModbusTcpMaster][enterState]：设备ID=12020 状态切换: 启动定时发送器中 -> 正常运行
[2026-06-02 16:44:52] [INFO] [data][ModbusTcpMaster][ModbusConnecter][startConnectionCheck]：设备ID=12020 启动连接心跳检查，间隔=3000ms
[2026-06-02 16:44:52] [INFO] [data][ModbusTcpMaster][ModbusConnecter][onAsyncReconnectConnected]：设备ID=12020 TCP连接成功
[2026-06-02 16:44:52] [INFO] [data][ModbusTcpMaster][SH85SelfChecker][submitStartSelfCheck]：设备ID=12020 下发 StartSelfCheck uuid=420
[2026-06-02 16:44:52] [INFO] [data][ModbusTcpMaster][SH85SelfChecker][enterState]：设备ID=12020 状态切换: 空闲 -> 下发自检指令中
[2026-06-02 16:44:52] [INFO] [data][ModbusTcpMaster][SH85SelfChecker][start]：设备ID=12020 自检流程已启动
[2026-06-02 16:44:53] [INFO] [data][ModbusTcpMaster][InitialCommandIssuer][onLogMessage]：设备ID=12020 [CyclicCommandIssuer] 发送指令:WriteVEFCGasType 索引:1
[2026-06-02 16:44:53] [WARN] [data][ModbusTcpMaster][ModbusCommandReceiver][onResponseTimeout]：设备ID=12020 响应超时 module=INITIAL id=ReadVersion uuid=77 timeout=1000ms
[2026-06-02 16:44:53] [WARN] [data][ModbusTcpMaster][ModbusCommandSender][handleFailedCommand]：设备ID=12020 指令失败，准备重发 module=INITIAL id=ReadVersion uuid=77 error=等待RTU响应超时 sendCount=1/4
[2026-06-02 16:44:53] [INFO] [data][ModbusTcpMaster][ModbusCommandSender][addToRetryQueue]：设备ID=12020 指令已加入重发队列 module=INITIAL id=ReadVersion uuid=77 sendCount=1/4
[2026-06-02 16:44:53] [INFO] [data][ModbusTcpMaster][ModbusCommandSender][doSend]：设备ID=12020 发送指令 module=INITIAL id=ReadVersion uuid=77 sendCount=2/4 timeout=1000ms bytes=8 crc=20 0E
[2026-06-02 16:44:54] [WARN] [data][ModbusTcpMaster][ModbusCommandReceiver][onResponseTimeout]：设备ID=12020 响应超时 module=INITIAL id=ReadVersion uuid=77 timeout=1000ms
[2026-06-02 16:44:54] [WARN] [data][ModbusTcpMaster][ModbusCommandSender][handleFailedCommand]：设备ID=12020 指令失败，准备重发 module=INITIAL id=ReadVersion uuid=77 error=等待RTU响应超时 sendCount=2/4
[2026-06-02 16:44:54] [INFO] [data][ModbusTcpMaster][ModbusCommandSender][addToRetryQueue]：设备ID=12020 指令已加入重发队列 module=INITIAL id=ReadVersion uuid=77 sendCount=2/4
[2026-06-02 16:44:54] [INFO] [data][ModbusTcpMaster][ModbusCommandSender][doSend]：设备ID=12020 发送指令 module=INITIAL id=ReadVersion uuid=77 sendCount=3/4 timeout=1000ms bytes=8 crc=20 0E
[2026-06-02 16:44:55] [WARN] [data][ModbusTcpMaster][ModbusCommandReceiver][onResponseTimeout]：设备ID=12020 响应超时 module=INITIAL id=ReadVersion uuid=77 timeout=1000ms
[2026-06-02 16:44:55] [WARN] [data][ModbusTcpMaster][ModbusCommandSender][handleFailedCommand]：设备ID=12020 指令失败，准备重发 module=INITIAL id=ReadVersion uuid=77 error=等待RTU响应超时 sendCount=3/4
[2026-06-02 16:44:55] [INFO] [data][ModbusTcpMaster][ModbusCommandSender][addToRetryQueue]：设备ID=12020 指令已加入重发队列 module=INITIAL id=ReadVersion uuid=77 sendCount=3/4
[2026-06-02 16:44:55] [INFO] [data][ModbusTcpMaster][ModbusCommandSender][doSend]：设备ID=12020 发送指令 module=INITIAL id=ReadVersion uuid=77 sendCount=4/4 timeout=1000ms bytes=8 crc=20 0E
[2026-06-02 16:44:56] [WARN] [data][ModbusTcpMaster][ModbusCommandReceiver][onResponseTimeout]：设备ID=12020 响应超时 module=INITIAL id=ReadVersion uuid=77 timeout=1000ms
[2026-06-02 16:44:56] [WARN] [data][ModbusTcpMaster][ModbusCommandSender][handleFailedCommand]：设备ID=12020 指令失败 module=INITIAL id=ReadVersion uuid=77 error=等待RTU响应超时 sendCount=4/4 timedOut=1 checksumError=0 deviceBusy=0
[2026-06-02 16:44:56] [INFO] [data][ModbusTcpMaster][InitialCommandIssuer][onLogMessage]：设备ID=12020 [CyclicCommandIssuer] 指令失败:ReadVersion 原因:等待RTU响应超时 发送次数:4
[2026-06-02 16:44:56] [INFO] [data][ModbusTcpMaster][ModbusCommandSender][doSend]：设备ID=12020 发送指令 module=INITIAL id=WriteVEFCGasType uuid=78 sendCount=1/4 timeout=1000ms bytes=8 crc=D8 0A
[2026-06-02 16:44:57] [WARN] [data][ModbusTcpMaster][ModbusCommandReceiver][onResponseTimeout]：设备ID=12020 响应超时 module=INITIAL id=WriteVEFCGasType uuid=78 timeout=1000ms
[2026-06-02 16:44:57] [WARN] [data][ModbusTcpMaster][ModbusCommandSender][handleFailedCommand]：设备ID=12020 指令失败，准备重发 module=INITIAL id=WriteVEFCGasType uuid=78 error=等待RTU响应超时 sendCount=1/4
[2026-06-02 16:44:57] [INFO] [data][ModbusTcpMaster][ModbusCommandSender][addToRetryQueue]：设备ID=12020 指令已加入重发队列 module=INITIAL id=WriteVEFCGasType uuid=78 sendCount=1/4
[2026-06-02 16:44:57] [INFO] [data][ModbusTcpMaster][ModbusCommandSender][doSend]：设备ID=12020 发送指令 module=INITIAL id=WriteVEFCGasType uuid=78 sendCount=2/4 timeout=1000ms bytes=8 crc=D8 0A
[2026-06-02 16:44:58] [WARN] [data][ModbusTcpMaster][ModbusCommandReceiver][onResponseTimeout]：设备ID=12020 响应超时 module=INITIAL id=WriteVEFCGasType uuid=78 timeout=1000ms
[2026-06-02 16:44:58] [WARN] [data][ModbusTcpMaster][ModbusCommandSender][handleFailedCommand]：设备ID=12020 指令失败，准备重发 module=INITIAL id=WriteVEFCGasType uuid=78 error=等待RTU响应超时 sendCount=2/4
[2026-06-02 16:44:58] [INFO] [data][ModbusTcpMaster][ModbusCommandSender][addToRetryQueue]：设备ID=12020 指令已加入重发队列 module=INITIAL id=WriteVEFCGasType uuid=78 sendCount=2/4
[2026-06-02 16:44:58] [INFO] [data][ModbusTcpMaster][ModbusCommandSender][doSend]：设备ID=12020 发送指令 module=INITIAL id=WriteVEFCGasType uuid=78 sendCount=3/4 timeout=1000ms bytes=8 crc=D8 0A
[2026-06-02 16:44:59] [WARN] [data][ModbusTcpMaster][ModbusCommandReceiver][onResponseTimeout]：设备ID=12020 响应超时 module=INITIAL id=WriteVEFCGasType uuid=78 timeout=1000ms
[2026-06-02 16:44:59] [WARN] [data][ModbusTcpMaster][ModbusCommandSender][handleFailedCommand]：设备ID=12020 指令失败，准备重发 module=INITIAL id=WriteVEFCGasType uuid=78 error=等待RTU响应超时 sendCount=3/4
[2026-06-02 16:44:59] [INFO] [data][ModbusTcpMaster][ModbusCommandSender][addToRetryQueue]：设备ID=12020 指令已加入重发队列 module=INITIAL id=WriteVEFCGasType uuid=78 sendCount=3/4
[2026-06-02 16:44:59] [INFO] [data][ModbusTcpMaster][ModbusCommandSender][doSend]：设备ID=12020 发送指令 module=INITIAL id=WriteVEFCGasType uuid=78 sendCount=4/4 timeout=1000ms bytes=8 crc=D8 0A
[2026-06-02 16:45:00] [WARN] [data][ModbusTcpMaster][ModbusCommandReceiver][onResponseTimeout]：设备ID=12020 响应超时 module=INITIAL id=WriteVEFCGasType uuid=78 timeout=1000ms
[2026-06-02 16:45:00] [WARN] [data][ModbusTcpMaster][ModbusCommandSender][handleFailedCommand]：设备ID=12020 指令失败 module=INITIAL id=WriteVEFCGasType uuid=78 error=等待RTU响应超时 sendCount=4/4 timedOut=1 checksumError=0 deviceBusy=0
[2026-06-02 16:45:00] [INFO] [data][ModbusTcpMaster][InitialCommandIssuer][onLogMessage]：设备ID=12020 [CyclicCommandIssuer] 指令失败:WriteVEFCGasType 原因:等待RTU响应超时 发送次数:4
[2026-06-02 16:45:00] [INFO] [data][ModbusTcpMaster][InitialCommandIssuer][onLogMessage]：设备ID=12020 [CyclicCommandIssuer] 第1轮完成 失败:2条
[2026-06-02 16:45:00] [INFO] [data][ModbusTcpMaster][InitialCommandIssuer][onRoundComplete]：设备ID=12020 初始化指令完成，失败数=2
[2026-06-02 16:45:00] [INFO] [data][ModbusTcpMaster][InitialCommandIssuer][onInitialFinished]：设备ID=12020 初始化完成，失败指令数=2
[2026-06-02 16:45:00] [INFO] [data][ModbusTcpMaster][InitialCommandIssuer][onLogMessage]：设备ID=12020 [CyclicCommandIssuer] 全部轮次执行完毕
[2026-06-02 16:45:00] [INFO] [data][ModbusTcpMaster][ModbusCommandSender][doSend]：设备ID=12020 发送指令 module=BUSINESS id=WriteQRCode uuid=340 sendCount=1/6 timeout=1000ms bytes=13 crc=6E 51
[2026-06-02 16:45:01] [WARN] [data][ModbusTcpMaster][ModbusCommandReceiver][onResponseTimeout]：设备ID=12020 响应超时 module=BUSINESS id=WriteQRCode uuid=340 timeout=1000ms
[2026-06-02 16:45:01] [WARN] [data][ModbusTcpMaster][ModbusCommandSender][handleFailedCommand]：设备ID=12020 指令失败，准备重发 module=BUSINESS id=WriteQRCode uuid=340 error=等待RTU响应超时 sendCount=1/6
[2026-06-02 16:45:01] [INFO] [data][ModbusTcpMaster][ModbusCommandSender][addToRetryQueue]：设备ID=12020 指令已加入重发队列 module=BUSINESS id=WriteQRCode uuid=340 sendCount=1/6
[2026-06-02 16:45:01] [INFO] [data][ModbusTcpMaster][ModbusCommandSender][doSend]：设备ID=12020 发送指令 module=BUSINESS id=WriteQRCode uuid=340 sendCount=2/6 timeout=1000ms bytes=13 crc=6E 51
[2026-06-02 16:45:02] [WARN] [data][ModbusTcpMaster][ModbusCommandReceiver][onResponseTimeout]：设备ID=12020 响应超时 module=BUSINESS id=WriteQRCode uuid=340 timeout=1000ms
[2026-06-02 16:45:02] [WARN] [data][ModbusTcpMaster][ModbusCommandSender][handleFailedCommand]：设备ID=12020 指令失败，准备重发 module=BUSINESS id=WriteQRCode uuid=340 error=等待RTU响应超时 sendCount=2/6
[2026-06-02 16:45:02] [INFO] [data][ModbusTcpMaster][ModbusCommandSender][addToRetryQueue]：设备ID=12020 指令已加入重发队列 module=BUSINESS id=WriteQRCode uuid=340 sendCount=2/6
[2026-06-02 16:45:02] [INFO] [data][ModbusTcpMaster][ModbusCommandSender][doSend]：设备ID=12020 发送指令 module=BUSINESS id=WriteQRCode uuid=340 sendCount=3/6 timeout=1000ms bytes=13 crc=6E 51
[2026-06-02 16:45:03] [WARN] [data][ModbusTcpMaster][ModbusCommandReceiver][onResponseTimeout]：设备ID=12020 响应超时 module=BUSINESS id=WriteQRCode uuid=340 timeout=1000ms
[2026-06-02 16:45:03] [WARN] [data][ModbusTcpMaster][ModbusCommandSender][handleFailedCommand]：设备ID=12020 指令失败，准备重发 module=BUSINESS id=WriteQRCode uuid=340 error=等待RTU响应超时 sendCount=3/6
[2026-06-02 16:45:03] [INFO] [data][ModbusTcpMaster][ModbusCommandSender][addToRetryQueue]：设备ID=12020 指令已加入重发队列 module=BUSINESS id=WriteQRCode uuid=340 sendCount=3/6
[2026-06-02 16:45:03] [INFO] [data][ModbusTcpMaster][ModbusCommandSender][doSend]：设备ID=12020 发送指令 module=BUSINESS id=WriteQRCode uuid=340 sendCount=4/6 timeout=1000ms bytes=13 crc=6E 51
[2026-06-02 16:45:04] [WARN] [data][ModbusTcpMaster][ModbusCommandReceiver][onResponseTimeout]：设备ID=12020 响应超时 module=BUSINESS id=WriteQRCode uuid=340 timeout=1000ms
[2026-06-02 16:45:04] [WARN] [data][ModbusTcpMaster][ModbusCommandSender][handleFailedCommand]：设备ID=12020 指令失败，准备重发 module=BUSINESS id=WriteQRCode uuid=340 error=等待RTU响应超时 sendCount=4/6
[2026-06-02 16:45:04] [INFO] [data][ModbusTcpMaster][ModbusCommandSender][addToRetryQueue]：设备ID=12020 指令已加入重发队列 module=BUSINESS id=WriteQRCode uuid=340 sendCount=4/6
[2026-06-02 16:45:04] [INFO] [data][ModbusTcpMaster][ModbusCommandSender][doSend]：设备ID=12020 发送指令 module=BUSINESS id=WriteQRCode uuid=340 sendCount=5/6 timeout=1000ms bytes=13 crc=6E 51
[2026-06-02 16:45:05] [WARN] [data][ModbusTcpMaster][ModbusCommandReceiver][onResponseTimeout]：设备ID=12020 响应超时 module=BUSINESS id=WriteQRCode uuid=340 timeout=1000ms
[2026-06-02 16:45:05] [WARN] [data][ModbusTcpMaster][ModbusCommandSender][handleFailedCommand]：设备ID=12020 指令失败，准备重发 module=BUSINESS id=WriteQRCode uuid=340 error=等待RTU响应超时 sendCount=5/6
[2026-06-02 16:45:05] [INFO] [data][ModbusTcpMaster][ModbusCommandSender][addToRetryQueue]：设备ID=12020 指令已加入重发队列 module=BUSINESS id=WriteQRCode uuid=340 sendCount=5/6
[2026-06-02 16:45:05] [INFO] [data][ModbusTcpMaster][ModbusCommandSender][doSend]：设备ID=12020 发送指令 module=BUSINESS id=WriteQRCode uuid=340 sendCount=6/6 timeout=1000ms bytes=13 crc=6E 51
[2026-06-02 16:45:06] [WARN] [data][ModbusTcpMaster][ModbusCommandReceiver][onResponseTimeout]：设备ID=12020 响应超时 module=BUSINESS id=WriteQRCode uuid=340 timeout=1000ms
[2026-06-02 16:45:06] [WARN] [data][ModbusTcpMaster][ModbusCommandSender][handleFailedCommand]：设备ID=12020 指令失败 module=BUSINESS id=WriteQRCode uuid=340 error=等待RTU响应超时 sendCount=6/6 timedOut=1 checksumError=0 deviceBusy=0
[2026-06-02 16:45:06] [INFO] [data][ModbusTcpMaster][ModbusCommandSender][doSend]：设备ID=12020 发送指令 module=BUSINESS id=StartSelfCheck uuid=420 sendCount=1/1 timeout=1000ms bytes=8 crc=F9 B5
[2026-06-02 16:45:07] [WARN] [data][ModbusTcpMaster][ModbusCommandReceiver][onResponseTimeout]：设备ID=12020 响应超时 module=BUSINESS id=StartSelfCheck uuid=420 timeout=1000ms
[2026-06-02 16:45:07] [WARN] [data][ModbusTcpMaster][ModbusCommandSender][handleFailedCommand]：设备ID=12020 指令失败 module=BUSINESS id=StartSelfCheck uuid=420 error=等待RTU响应超时 sendCount=1/1 timedOut=1 checksumError=0 deviceBusy=0
[2026-06-02 16:45:08] [WARN] [data][ModbusTcpMaster][SH85SelfChecker][onCommandFinished]：设备ID=12020 响应 state=下发自检指令中 ok=0 id=StartSelfCheck uuid=420 error=等待RTU响应超时
TX：01 06 00 17 00 A5 F9 B5
RX：01 06 00 17 00 A5
[2026-06-02 16:45:08] [INFO] [data][ModbusTcpMaster][SH85SelfChecker][enterState]：设备ID=12020 状态切换: 下发自检指令中 -> 结束
[2026-06-02 16:45:08] [WARN] [data][ModbusTcpMaster][SH85SelfChecker][emitErrorAndFinish]：设备ID=12020 自检失败 result=StartCommandFailed msg=启动自检指令下发失败: 等待RTU响应超时
[2026-06-02 16:45:08] [WARN] [data][ModbusTcpMaster][SH85SelfChecker][finishOnly]：设备ID=12020 自检完成 success=0 result=StartCommandFailed msg=启动自检指令下发失败: 等待RTU响应超时
[2026-06-02 17:15:28] [INFO] [data][ModbusTcpMaster][SH85SelfChecker][submitStartSelfCheck]：设备ID=12020 下发 StartSelfCheck uuid=491
[2026-06-02 17:15:28] [INFO] [data][ModbusTcpMaster][SH85SelfChecker][enterState]：设备ID=12020 状态切换: 结束 -> 下发自检指令中
[2026-06-02 17:15:28] [INFO] [data][ModbusTcpMaster][SH85SelfChecker][start]：设备ID=12020 自检流程已启动
[2026-06-02 17:15:29] [INFO] [data][ModbusTcpMaster][ModbusCommandSender][doSend]：设备ID=12020 发送指令 module=BUSINESS id=StartSelfCheck uuid=491 sendCount=1/1 timeout=1000ms bytes=8 crc=F9 B5
[2026-06-02 17:15:30] [WARN] [data][ModbusTcpMaster][ModbusCommandReceiver][onResponseTimeout]：设备ID=12020 响应超时 module=BUSINESS id=StartSelfCheck uuid=491 timeout=1000ms
[2026-06-02 17:15:30] [WARN] [data][ModbusTcpMaster][ModbusCommandSender][handleFailedCommand]：设备ID=12020 指令失败 module=BUSINESS id=StartSelfCheck uuid=491 error=等待RTU响应超时 sendCount=1/1 timedOut=1 checksumError=0 deviceBusy=0
[2026-06-02 17:15:30] [WARN] [data][ModbusTcpMaster][SH85SelfChecker][onCommandFinished]：设备ID=12020 响应 state=下发自检指令中 ok=0 id=StartSelfCheck uuid=491 error=等待RTU响应超时
TX：01 06 00 17 00 A5 F9 B5
RX：01 06 00 17 00 A5
[2026-06-02 17:15:30] [WARN] [data][ModbusTcpMaster][SH85SelfChecker][emitErrorAndFinish]：设备ID=12020 自检失败 result=StartCommandFailed msg=启动自检指令下发失败: 等待RTU响应超时
[2026-06-02 17:15:30] [INFO] [data][ModbusTcpMaster][SH85SelfChecker][enterState]：设备ID=12020 状态切换: 下发自检指令中 -> 结束
[2026-06-02 17:15:30] [WARN] [data][ModbusTcpMaster][SH85SelfChecker][finishOnly]：设备ID=12020 自检完成 success=0 result=StartCommandFailed msg=启动自检指令下发失败: 等待RTU响应超时
[2026-06-02 17:16:35] [INFO] [data][ModbusTcpMaster][stop]：设备ID=12020 停止设备，连接模式=AutoReconnect
[2026-06-02 17:16:35] [INFO] [data][ModbusTcpMaster][pauseChildren]：设备ID=12020 暂停普通收发子模块
[2026-06-02 17:16:35] [INFO] [data][ModbusTcpMaster][ModbusCommandSender][stop]：设备ID=12020 指令发送器停止
[2026-06-02 17:16:35] [INFO] [data][ModbusTcpMaster][ModbusConnecter][stopConnectionCheck]：设备ID=12020 停止连接心跳检查
[2026-06-02 17:16:35] [WARN] [data][ModbusTcpMaster][ModbusConnecter][disconnected]：设备ID=12020 TCP连接断开
[2026-06-02 17:16:35] [INFO] [data][ModbusTcpMaster][ModbusConnecter][onConnectionStatusChanged]：设备ID=12020 连接状态变化: Disconnected
[2026-06-02 17:16:35] [INFO] [data][ModbusTcpMaster][ModbusCommandSender][stop]：设备ID=12020 指令发送器停止
[2026-06-02 17:16:35] [INFO] [data][ModbusTcpMaster][enterState]：设备ID=12020 状态切换: 正常运行 -> 连接中
[2026-06-02 17:16:35] [WARN] [data][ModbusTcpMaster][ModbusConnecter][onConnectionError]：设备ID=12020 连接阶段错误: Connection lost: 未知的错误
[2026-06-02 17:16:35] [INFO] [data][ModbusTcpMaster][ModbusConnecter][disconnectDevice]：设备ID=12020 完全断开连接，已停止自动重连
[2026-06-02 17:16:35] [INFO] [data][ModbusTcpMaster][enterState]：设备ID=12020 状态切换: 连接中 -> 错误状态
[2026-06-02 17:16:35] [INFO] [data][ModbusTcpMaster][enterState]：设备ID=12020 状态切换: 错误状态 -> 空闲
