[2026-06-04 09:18:27] [INFO] ################################################################################
############################# SH85_PERIODIC_ROUND_BEGIN #############################
任务名称: SH85PeriodicSelfCheckTask
模式: 周期自检
轮次ID: 20260604_091827_618
开始时间: 2026-06-04 09:18:27
结束时间: 2026-06-04 09:18:27
总设备数: 80
参与设备数: 80
成功设备数: 0
失败设备数: 80
跳过设备数: 0
结果: 失败
失败设备: 12001, 12002, 12003, 12004, 12005, 12006, 12007, 12008, 12009, 12010, 12011, 12012, 12013, 12014, 12015, 12016, 12017, 12018, 12019, 12020, 12021, 12022, 12023, 12024, 12025, 12026, 12027, 12028, 12029, 12030, 12031, 12032, 12033, 12034, 12035, 12036, 12037, 12038, 12039, 12040, 12041, 12042, 12043, 12044, 12045, 12046, 12047, 12048, 12049, 12050, 12051, 12052, 12053, 12054, 12055, 12056, 12057, 12058, 12059, 12060, 12061, 12062, 12063, 12064, 12065, 12066, 12067, 12068, 12069, 12070, 12071, 12072, 12073, 12074, 12075, 12076, 12077, 12078, 12079, 12080
跳过设备: 无
----------------------------- 设备执行记录列表 -----------------------------
[设备记录 1/80 BEGIN] QRCode=12001 轮次ID=20260604_091827_618
============================= SH85SelfCheck 执行记录 =============================
任务名称: SH85SelfCheck
模式: 周期自检
轮次ID: 20260604_091827_618
设备: 12001
结果: 失败
结果码: StartCommandFailed
说明: 设备未连接
开始时间: 2026-06-04 09:18:27.618
结束时间: 2026-06-04 09:18:27.619
耗时: 1 ms
----------------------------- 执行明细 -----------------------------
自检任务开始
总时长: 70 s
指令下发明细: 未下发
指令: StartSelfCheck
所属阶段: 阶段1 - 下发启动自检指令
发送时间: -
响应时间: -
发送次数: 0/1
请求帧: 01 06 00 17 00 A5
响应帧: 未下发, 设备未连接
处理结果: 未下发
启动失败
原因: 设备未连接
============================= SH85SelfCheck 执行记录结束 =============================
[设备记录 1/80 END] QRCode=12001 轮次ID=20260604_091827_618
[设备记录 2/80 BEGIN] QRCode=12002 轮次ID=20260604_091827_618
============================= SH85SelfCheck 执行记录 =============================
任务名称: SH85SelfCheck
模式: 周期自检
轮次ID: 20260604_091827_618
设备: 12002
结果: 失败
结果码: StartCommandFailed
说明: 设备未连接
开始时间: 2026-06-04 09:18:27.618
结束时间: 2026-06-04 09:18:27.619
耗时: 1 ms
----------------------------- 执行明细 -----------------------------
自检任务开始
总时长: 70 s
指令下发明细: 未下发
指令: StartSelfCheck
所属阶段: 阶段1 - 下发启动自检指令
发送时间: -
响应时间: -
发送次数: 0/1
请求帧: 01 06 00 17 00 A5
响应帧: 未下发, 设备未连接
处理结果: 未下发
启动失败
原因: 设备未连接
============================= SH85SelfCheck 执行记录结束 =============================
[设备记录 2/80 END] QRCode=12002 轮次ID=20260604_091827_618
[设备记录 3/80 BEGIN] QRCode=12003 轮次ID=20260604_091827_618
============================= SH85SelfCheck 执行记录 =============================
任务名称: SH85SelfCheck
模式: 周期自检
轮次ID: 20260604_091827_618
设备: 12003
结果: 失败
结果码: StartCommandFailed
说明: 设备未连接
开始时间: 2026-06-04 09:18:27.618
结束时间: 2026-06-04 09:18:27.619
耗时: 1 ms
----------------------------- 执行明细 -----------------------------
自检任务开始
总时长: 70 s
指令下发明细: 未下发
指令: StartSelfCheck
所属阶段: 阶段1 - 下发启动自检指令
发送时间: -
响应时间: -
发送次数: 0/1
请求帧: 01 06 00 17 00 A5
响应帧: 未下发, 设备未连接
处理结果: 未下发
启动失败
原因: 设备未连接
============================= SH85SelfCheck 执行记录结束 =============================
[设备记录 3/80 END] QRCode=12003 轮次ID=20260604_091827_618
[设备记录 4/80 BEGIN] QRCode=12004 轮次ID=20260604_091827_618
============================= SH85SelfCheck 执行记录 =============================
任务名称: SH85SelfCheck
模式: 周期自检
轮次ID: 20260604_091827_618
设备: 12004
结果: 失败
结果码: StartCommandFailed
说明: 设备未连接
开始时间: 2026-06-04 09:18:27.618
结束时间: 2026-06-04 09:18:27.619
耗时: 1 ms
----------------------------- 执行明细 -----------------------------
自检任务开始
总时长: 70 s
指令下发明细: 未下发
指令: StartSelfCheck
所属阶段: 阶段1 - 下发启动自检指令
发送时间: -
响应时间: -
发送次数: 0/1
请求帧: 01 06 00 17 00 A5
响应帧: 未下发, 设备未连接
处理结果: 未下发
启动失败
原因: 设备未连接
============================= SH85SelfCheck 执行记录结束 =============================
[设备记录 4/80 END] QRCode=12004 轮次ID=20260604_091827_618
[设备记录 5/80 BEGIN] QRCode=12005 轮次ID=20260604_091827_618
============================= SH85SelfCheck 执行记录 =============================
任务名称: SH85SelfCheck
模式: 周期自检
轮次ID: 20260604_091827_618
设备: 12005
结果: 失败
结果码: StartCommandFailed
说明: 设备未连接
开始时间: 2026-06-04 09:18:27.618
结束时间: 2026-06-04 09:18:27.619
耗时: 1 ms
----------------------------- 执行明细 -----------------------------
自检任务开始
总时长: 70 s
指令下发明细: 未下发
指令: StartSelfCheck
所属阶段: 阶段1 - 下发启动自检指令
发送时间: -
响应时间: -
发送次数: 0/1
请求帧: 01 06 00 17 00 A5
响应帧: 未下发, 设备未连接
处理结果: 未下发
启动失败
原因: 设备未连接
============================= SH85SelfCheck 执行记录结束 =============================
[设备记录 5/80 END] QRCode=12005 轮次ID=20260604_091827_618
[设备记录 6/80 BEGIN] QRCode=12006 轮次ID=20260604_091827_618
============================= SH85SelfCheck 执行记录 =============================
任务名称: SH85SelfCheck
模式: 周期自检
轮次ID: 20260604_091827_618
设备: 12006
结果: 失败
结果码: StartCommandFailed
说明: 设备未连接
开始时间: 2026-06-04 09:18:27.618
结束时间: 2026-06-04 09:18:27.619
耗时: 1 ms
----------------------------- 执行明细 -----------------------------
自检任务开始
总时长: 70 s
指令下发明细: 未下发
指令: StartSelfCheck
所属阶段: 阶段1 - 下发启动自检指令
发送时间: -
响应时间: -
发送次数: 0/1
请求帧: 01 06 00 17 00 A5
响应帧: 未下发, 设备未连接
处理结果: 未下发
启动失败
原因: 设备未连接
============================= SH85SelfCheck 执行记录结束 =============================
[设备记录 6/80 END] QRCode=12006 轮次ID=20260604_091827_618
[设备记录 7/80 BEGIN] QRCode=12007 轮次ID=20260604_091827_618
============================= SH85SelfCheck 执行记录 =============================
任务名称: SH85SelfCheck
模式: 周期自检
轮次ID: 20260604_091827_618
设备: 12007
结果: 失败
结果码: StartCommandFailed
说明: 设备未连接
开始时间: 2026-06-04 09:18:27.618
结束时间: 2026-06-04 09:18:27.619
耗时: 1 ms
----------------------------- 执行明细 -----------------------------
自检任务开始
总时长: 70 s
指令下发明细: 未下发
指令: StartSelfCheck
所属阶段: 阶段1 - 下发启动自检指令
发送时间: -
响应时间: -
发送次数: 0/1
请求帧: 01 06 00 17 00 A5
响应帧: 未下发, 设备未连接
处理结果: 未下发
启动失败
原因: 设备未连接
============================= SH85SelfCheck 执行记录结束 =============================
[设备记录 7/80 END] QRCode=12007 轮次ID=20260604_091827_618
[设备记录 8/80 BEGIN] QRCode=12008 轮次ID=20260604_091827_618
============================= SH85SelfCheck 执行记录 =============================
任务名称: SH85SelfCheck
模式: 周期自检
轮次ID: 20260604_091827_618
设备: 12008
结果: 失败
结果码: StartCommandFailed
说明: 设备未连接
开始时间: 2026-06-04 09:18:27.618
结束时间: 2026-06-04 09:18:27.619
耗时: 1 ms
----------------------------- 执行明细 -----------------------------
自检任务开始
总时长: 70 s
指令下发明细: 未下发
指令: StartSelfCheck
所属阶段: 阶段1 - 下发启动自检指令
发送时间: -
响应时间: -
发送次数: 0/1
请求帧: 01 06 00 17 00 A5
响应帧: 未下发, 设备未连接
处理结果: 未下发
启动失败
原因: 设备未连接
============================= SH85SelfCheck 执行记录结束 =============================
[设备记录 8/80 END] QRCode=12008 轮次ID=20260604_091827_618
[设备记录 9/80 BEGIN] QRCode=12009 轮次ID=20260604_091827_618
============================= SH85SelfCheck 执行记录 =============================
任务名称: SH85SelfCheck
模式: 周期自检
轮次ID: 20260604_091827_618
设备: 12009
结果: 失败
结果码: StartCommandFailed
说明: 设备未连接
开始时间: 2026-06-04 09:18:27.618
结束时间: 2026-06-04 09:18:27.619
耗时: 1 ms
----------------------------- 执行明细 -----------------------------
自检任务开始
总时长: 70 s
指令下发明细: 未下发
指令: StartSelfCheck
所属阶段: 阶段1 - 下发启动自检指令
发送时间: -
响应时间: -
发送次数: 0/1
请求帧: 01 06 00 17 00 A5
响应帧: 未下发, 设备未连接
处理结果: 未下发
启动失败
原因: 设备未连接
============================= SH85SelfCheck 执行记录结束 =============================
[设备记录 9/80 END] QRCode=12009 轮次ID=20260604_091827_618
[设备记录 10/80 BEGIN] QRCode=12010 轮次ID=20260604_091827_618
============================= SH85SelfCheck 执行记录 =============================
任务名称: SH85SelfCheck
模式: 周期自检
轮次ID: 20260604_091827_618
设备: 12010
结果: 失败
结果码: StartCommandFailed
说明: 设备未连接
开始时间: 2026-06-04 09:18:27.618
结束时间: 2026-06-04 09:18:27.619
耗时: 1 ms
----------------------------- 执行明细 -----------------------------
自检任务开始
总时长: 70 s
指令下发明细: 未下发
指令: StartSelfCheck
所属阶段: 阶段1 - 下发启动自检指令
发送时间: -
响应时间: -
发送次数: 0/1
请求帧: 01 06 00 17 00 A5
响应帧: 未下发, 设备未连接
处理结果: 未下发
启动失败
原因: 设备未连接
============================= SH85SelfCheck 执行记录结束 =============================
[设备记录 10/80 END] QRCode=12010 轮次ID=20260604_091827_618
[设备记录 11/80 BEGIN] QRCode=12011 轮次ID=20260604_091827_618
============================= SH85SelfCheck 执行记录 =============================
任务名称: SH85SelfCheck
模式: 周期自检
轮次ID: 20260604_091827_618
设备: 12011
结果: 失败
结果码: StartCommandFailed
说明: 设备未连接
开始时间: 2026-06-04 09:18:27.618
结束时间: 2026-06-04 09:18:27.619
耗时: 1 ms
----------------------------- 执行明细 -----------------------------
自检任务开始
总时长: 70 s
指令下发明细: 未下发
指令: StartSelfCheck
所属阶段: 阶段1 - 下发启动自检指令
发送时间: -
响应时间: -
发送次数: 0/1
请求帧: 01 06 00 17 00 A5
响应帧: 未下发, 设备未连接
处理结果: 未下发
启动失败
原因: 设备未连接
============================= SH85SelfCheck 执行记录结束 =============================
[设备记录 11/80 END] QRCode=12011 轮次ID=20260604_091827_618
[设备记录 12/80 BEGIN] QRCode=12012 轮次ID=20260604_091827_618
============================= SH85SelfCheck 执行记录 =============================
任务名称: SH85SelfCheck
模式: 周期自检
轮次ID: 20260604_091827_618
设备: 12012
结果: 失败
结果码: StartCommandFailed
说明: 设备未连接
开始时间: 2026-06-04 09:18:27.618
结束时间: 2026-06-04 09:18:27.619
耗时: 1 ms
----------------------------- 执行明细 -----------------------------
自检任务开始
总时长: 70 s
指令下发明细: 未下发
指令: StartSelfCheck
所属阶段: 阶段1 - 下发启动自检指令
发送时间: -
响应时间: -
发送次数: 0/1
请求帧: 01 06 00 17 00 A5
响应帧: 未下发, 设备未连接
处理结果: 未下发
启动失败
原因: 设备未连接
============================= SH85SelfCheck 执行记录结束 =============================
[设备记录 12/80 END] QRCode=12012 轮次ID=20260604_091827_618
[设备记录 13/80 BEGIN] QRCode=12013 轮次ID=20260604_091827_618
============================= SH85SelfCheck 执行记录 =============================
任务名称: SH85SelfCheck
模式: 周期自检
轮次ID: 20260604_091827_618
设备: 12013
结果: 失败
结果码: StartCommandFailed
说明: 设备未连接
开始时间: 2026-06-04 09:18:27.618
结束时间: 2026-06-04 09:18:27.619
耗时: 1 ms
----------------------------- 执行明细 -----------------------------
自检任务开始
总时长: 70 s
指令下发明细: 未下发
指令: StartSelfCheck
所属阶段: 阶段1 - 下发启动自检指令
发送时间: -
响应时间: -
发送次数: 0/1
请求帧: 01 06 00 17 00 A5
响应帧: 未下发, 设备未连接
处理结果: 未下发
启动失败
原因: 设备未连接
============================= SH85SelfCheck 执行记录结束 =============================
[设备记录 13/80 END] QRCode=12013 轮次ID=20260604_091827_618
[设备记录 14/80 BEGIN] QRCode=12014 轮次ID=20260604_091827_618
============================= SH85SelfCheck 执行记录 =============================
任务名称: SH85SelfCheck
模式: 周期自检
轮次ID: 20260604_091827_618
设备: 12014
结果: 失败
结果码: StartCommandFailed
说明: 设备未连接
开始时间: 2026-06-04 09:18:27.618
结束时间: 2026-06-04 09:18:27.619
耗时: 1 ms
----------------------------- 执行明细 -----------------------------
自检任务开始
总时长: 70 s
指令下发明细: 未下发
指令: StartSelfCheck
所属阶段: 阶段1 - 下发启动自检指令
发送时间: -
响应时间: -
发送次数: 0/1
请求帧: 01 06 00 17 00 A5
响应帧: 未下发, 设备未连接
处理结果: 未下发
启动失败
原因: 设备未连接
============================= SH85SelfCheck 执行记录结束 =============================
[设备记录 14/80 END] QRCode=12014 轮次ID=20260604_091827_618
[设备记录 15/80 BEGIN] QRCode=12015 轮次ID=20260604_091827_618
============================= SH85SelfCheck 执行记录 =============================
任务名称: SH85SelfCheck
模式: 周期自检
轮次ID: 20260604_091827_618
设备: 12015
结果: 失败
结果码: StartCommandFailed
说明: 设备未连接
开始时间: 2026-06-04 09:18:27.618
结束时间: 2026-06-04 09:18:27.619
耗时: 1 ms
----------------------------- 执行明细 -----------------------------
自检任务开始
总时长: 70 s
指令下发明细: 未下发
指令: StartSelfCheck
所属阶段: 阶段1 - 下发启动自检指令
发送时间: -
响应时间: -
发送次数: 0/1
请求帧: 01 06 00 17 00 A5
响应帧: 未下发, 设备未连接
处理结果: 未下发
启动失败
原因: 设备未连接
============================= SH85SelfCheck 执行记录结束 =============================
[设备记录 15/80 END] QRCode=12015 轮次ID=20260604_091827_618
[设备记录 16/80 BEGIN] QRCode=12016 轮次ID=20260604_091827_618
============================= SH85SelfCheck 执行记录 =============================
任务名称: SH85SelfCheck
模式: 周期自检
轮次ID: 20260604_091827_618
设备: 12016
结果: 失败
结果码: StartCommandFailed
说明: 设备未连接
开始时间: 2026-06-04 09:18:27.618
结束时间: 2026-06-04 09:18:27.619
耗时: 1 ms
----------------------------- 执行明细 -----------------------------
自检任务开始
总时长: 70 s
指令下发明细: 未下发
指令: StartSelfCheck
所属阶段: 阶段1 - 下发启动自检指令
发送时间: -
响应时间: -
发送次数: 0/1
请求帧: 01 06 00 17 00 A5
响应帧: 未下发, 设备未连接
处理结果: 未下发
启动失败
原因: 设备未连接
============================= SH85SelfCheck 执行记录结束 =============================
[设备记录 16/80 END] QRCode=12016 轮次ID=20260604_091827_618
[设备记录 17/80 BEGIN] QRCode=12017 轮次ID=20260604_091827_618
============================= SH85SelfCheck 执行记录 =============================
任务名称: SH85SelfCheck
模式: 周期自检
轮次ID: 20260604_091827_618
设备: 12017
结果: 失败
结果码: StartCommandFailed
说明: 设备未连接
开始时间: 2026-06-04 09:18:27.618
结束时间: 2026-06-04 09:18:27.619
耗时: 1 ms
----------------------------- 执行明细 -----------------------------
自检任务开始
总时长: 70 s
指令下发明细: 未下发
指令: StartSelfCheck
所属阶段: 阶段1 - 下发启动自检指令
发送时间: -
响应时间: -
发送次数: 0/1
请求帧: 01 06 00 17 00 A5
响应帧: 未下发, 设备未连接
处理结果: 未下发
启动失败
原因: 设备未连接
============================= SH85SelfCheck 执行记录结束 =============================
[设备记录 17/80 END] QRCode=12017 轮次ID=20260604_091827_618
[设备记录 18/80 BEGIN] QRCode=12018 轮次ID=20260604_091827_618
============================= SH85SelfCheck 执行记录 =============================
任务名称: SH85SelfCheck
模式: 周期自检
轮次ID: 20260604_091827_618
设备: 12018
结果: 失败
结果码: StartCommandFailed
说明: 设备未连接
开始时间: 2026-06-04 09:18:27.618
结束时间: 2026-06-04 09:18:27.619
耗时: 1 ms
----------------------------- 执行明细 -----------------------------
自检任务开始
总时长: 70 s
指令下发明细: 未下发
指令: StartSelfCheck
所属阶段: 阶段1 - 下发启动自检指令
发送时间: -
响应时间: -
发送次数: 0/1
请求帧: 01 06 00 17 00 A5
响应帧: 未下发, 设备未连接
处理结果: 未下发
启动失败
原因: 设备未连接
============================= SH85SelfCheck 执行记录结束 =============================
[设备记录 18/80 END] QRCode=12018 轮次ID=20260604_091827_618
[设备记录 19/80 BEGIN] QRCode=12019 轮次ID=20260604_091827_618
============================= SH85SelfCheck 执行记录 =============================
任务名称: SH85SelfCheck
模式: 周期自检
轮次ID: 20260604_091827_618
设备: 12019
结果: 失败
结果码: StartCommandFailed
说明: 设备未连接
开始时间: 2026-06-04 09:18:27.618
结束时间: 2026-06-04 09:18:27.620
耗时: 2 ms
----------------------------- 执行明细 -----------------------------
自检任务开始
总时长: 70 s
指令下发明细: 未下发
指令: StartSelfCheck
所属阶段: 阶段1 - 下发启动自检指令
发送时间: -
响应时间: -
发送次数: 0/1
请求帧: 01 06 00 17 00 A5
响应帧: 未下发, 设备未连接
处理结果: 未下发
启动失败
原因: 设备未连接
============================= SH85SelfCheck 执行记录结束 =============================
[设备记录 19/80 END] QRCode=12019 轮次ID=20260604_091827_618
[设备记录 20/80 BEGIN] QRCode=12020 轮次ID=20260604_091827_618
============================= SH85SelfCheck 执行记录 =============================
任务名称: SH85SelfCheck
模式: 周期自检
轮次ID: 20260604_091827_618
设备: 12020
结果: 失败
结果码: StartCommandFailed
说明: 设备未连接
开始时间: 2026-06-04 09:18:27.618
结束时间: 2026-06-04 09:18:27.620
耗时: 2 ms
----------------------------- 执行明细 -----------------------------
自检任务开始
总时长: 70 s
指令下发明细: 未下发
指令: StartSelfCheck
所属阶段: 阶段1 - 下发启动自检指令
发送时间: -
响应时间: -
发送次数: 0/1
请求帧: 01 06 00 17 00 A5
响应帧: 未下发, 设备未连接
处理结果: 未下发
启动失败
原因: 设备未连接
============================= SH85SelfCheck 执行记录结束 =============================
[设备记录 20/80 END] QRCode=12020 轮次ID=20260604_091827_618
[设备记录 21/80 BEGIN] QRCode=12021 轮次ID=20260604_091827_618
============================= SH85SelfCheck 执行记录 =============================
任务名称: SH85SelfCheck
模式: 周期自检
轮次ID: 20260604_091827_618
设备: 12021
结果: 失败
结果码: StartCommandFailed
说明: 设备未连接
开始时间: 2026-06-04 09:18:27.618
结束时间: 2026-06-04 09:18:27.620
耗时: 2 ms
----------------------------- 执行明细 -----------------------------
自检任务开始
总时长: 70 s
指令下发明细: 未下发
指令: StartSelfCheck
所属阶段: 阶段1 - 下发启动自检指令
发送时间: -
响应时间: -
发送次数: 0/1
请求帧: 01 06 00 17 00 A5
响应帧: 未下发, 设备未连接
处理结果: 未下发
启动失败
原因: 设备未连接
============================= SH85SelfCheck 执行记录结束 =============================
[设备记录 21/80 END] QRCode=12021 轮次ID=20260604_091827_618
[设备记录 22/80 BEGIN] QRCode=12022 轮次ID=20260604_091827_618
============================= SH85SelfCheck 执行记录 =============================
任务名称: SH85SelfCheck
模式: 周期自检
轮次ID: 20260604_091827_618
设备: 12022
结果: 失败
结果码: StartCommandFailed
说明: 设备未连接
开始时间: 2026-06-04 09:18:27.618
结束时间: 2026-06-04 09:18:27.620
耗时: 2 ms
----------------------------- 执行明细 -----------------------------
自检任务开始
总时长: 70 s
指令下发明细: 未下发
指令: StartSelfCheck
所属阶段: 阶段1 - 下发启动自检指令
发送时间: -
响应时间: -
发送次数: 0/1
请求帧: 01 06 00 17 00 A5
响应帧: 未下发, 设备未连接
处理结果: 未下发
启动失败
原因: 设备未连接
============================= SH85SelfCheck 执行记录结束 =============================
[设备记录 22/80 END] QRCode=12022 轮次ID=20260604_091827_618
[设备记录 23/80 BEGIN] QRCode=12023 轮次ID=20260604_091827_618
============================= SH85SelfCheck 执行记录 =============================
任务名称: SH85SelfCheck
模式: 周期自检
轮次ID: 20260604_091827_618
设备: 12023
结果: 失败
结果码: StartCommandFailed
说明: 设备未连接
开始时间: 2026-06-04 09:18:27.618
结束时间: 2026-06-04 09:18:27.622
耗时: 4 ms
----------------------------- 执行明细 -----------------------------
自检任务开始
总时长: 70 s
指令下发明细: 未下发
指令: StartSelfCheck
所属阶段: 阶段1 - 下发启动自检指令
发送时间: -
响应时间: -
发送次数: 0/1
请求帧: 01 06 00 17 00 A5
响应帧: 未下发, 设备未连接
处理结果: 未下发
启动失败
原因: 设备未连接
============================= SH85SelfCheck 执行记录结束 =============================
[设备记录 23/80 END] QRCode=12023 轮次ID=20260604_091827_618
[设备记录 24/80 BEGIN] QRCode=12024 轮次ID=20260604_091827_618
============================= SH85SelfCheck 执行记录 =============================
任务名称: SH85SelfCheck
模式: 周期自检
轮次ID: 20260604_091827_618
设备: 12024
结果: 失败
结果码: StartCommandFailed
说明: 设备未连接
开始时间: 2026-06-04 09:18:27.618
结束时间: 2026-06-04 09:18:27.622
耗时: 4 ms
----------------------------- 执行明细 -----------------------------
自检任务开始
总时长: 70 s
指令下发明细: 未下发
指令: StartSelfCheck
所属阶段: 阶段1 - 下发启动自检指令
发送时间: -
响应时间: -
发送次数: 0/1
请求帧: 01 06 00 17 00 A5
响应帧: 未下发, 设备未连接
处理结果: 未下发
启动失败
原因: 设备未连接
============================= SH85SelfCheck 执行记录结束 =============================
[设备记录 24/80 END] QRCode=12024 轮次ID=20260604_091827_618
[设备记录 25/80 BEGIN] QRCode=12025 轮次ID=20260604_091827_618
============================= SH85SelfCheck 执行记录 =============================
任务名称: SH85SelfCheck
模式: 周期自检
轮次ID: 20260604_091827_618
设备: 12025
结果: 失败
结果码: StartCommandFailed
说明: 设备未连接
开始时间: 2026-06-04 09:18:27.618
结束时间: 2026-06-04 09:18:27.622
耗时: 4 ms
----------------------------- 执行明细 -----------------------------
自检任务开始
总时长: 70 s
指令下发明细: 未下发
指令: StartSelfCheck
所属阶段: 阶段1 - 下发启动自检指令
发送时间: -
响应时间: -
发送次数: 0/1
请求帧: 01 06 00 17 00 A5
响应帧: 未下发, 设备未连接
处理结果: 未下发
启动失败
原因: 设备未连接
============================= SH85SelfCheck 执行记录结束 =============================
[设备记录 25/80 END] QRCode=12025 轮次ID=20260604_091827_618
[设备记录 26/80 BEGIN] QRCode=12026 轮次ID=20260604_091827_618
============================= SH85SelfCheck 执行记录 =============================
任务名称: SH85SelfCheck
模式: 周期自检
轮次ID: 20260604_091827_618
设备: 12026
结果: 失败
结果码: StartCommandFailed
说明: 设备未连接
开始时间: 2026-06-04 09:18:27.618
结束时间: 2026-06-04 09:18:27.622
耗时: 4 ms
----------------------------- 执行明细 -----------------------------
自检任务开始
总时长: 70 s
指令下发明细: 未下发
指令: StartSelfCheck
所属阶段: 阶段1 - 下发启动自检指令
发送时间: -
响应时间: -
发送次数: 0/1
请求帧: 01 06 00 17 00 A5
响应帧: 未下发, 设备未连接
处理结果: 未下发
启动失败
原因: 设备未连接
============================= SH85SelfCheck 执行记录结束 =============================
[设备记录 26/80 END] QRCode=12026 轮次ID=20260604_091827_618
[设备记录 27/80 BEGIN] QRCode=12027 轮次ID=20260604_091827_618
============================= SH85SelfCheck 执行记录 =============================
任务名称: SH85SelfCheck
模式: 周期自检
轮次ID: 20260604_091827_618
设备: 12027
结果: 失败
结果码: StartCommandFailed
说明: 设备未连接
开始时间: 2026-06-04 09:18:27.618
结束时间: 2026-06-04 09:18:27.622
耗时: 4 ms
----------------------------- 执行明细 -----------------------------
自检任务开始
总时长: 70 s
指令下发明细: 未下发
指令: StartSelfCheck
所属阶段: 阶段1 - 下发启动自检指令
发送时间: -
响应时间: -
发送次数: 0/1
请求帧: 01 06 00 17 00 A5
响应帧: 未下发, 设备未连接
处理结果: 未下发
启动失败
原因: 设备未连接
============================= SH85SelfCheck 执行记录结束 =============================
[设备记录 27/80 END] QRCode=12027 轮次ID=20260604_091827_618
[设备记录 28/80 BEGIN] QRCode=12028 轮次ID=20260604_091827_618
============================= SH85SelfCheck 执行记录 =============================
任务名称: SH85SelfCheck
模式: 周期自检
轮次ID: 20260604_091827_618
设备: 12028
结果: 失败
结果码: StartCommandFailed
说明: 设备未连接
开始时间: 2026-06-04 09:18:27.618
结束时间: 2026-06-04 09:18:27.622
耗时: 4 ms
----------------------------- 执行明细 -----------------------------
自检任务开始
总时长: 70 s
指令下发明细: 未下发
指令: StartSelfCheck
所属阶段: 阶段1 - 下发启动自检指令
发送时间: -
响应时间: -
发送次数: 0/1
请求帧: 01 06 00 17 00 A5
响应帧: 未下发, 设备未连接
处理结果: 未下发
启动失败
原因: 设备未连接
============================= SH85SelfCheck 执行记录结束 =============================
[设备记录 28/80 END] QRCode=12028 轮次ID=20260604_091827_618
[设备记录 29/80 BEGIN] QRCode=12029 轮次ID=20260604_091827_618
============================= SH85SelfCheck 执行记录 =============================
任务名称: SH85SelfCheck
模式: 周期自检
轮次ID: 20260604_091827_618
设备: 12029
结果: 失败
结果码: StartCommandFailed
说明: 设备未连接
开始时间: 2026-06-04 09:18:27.618
结束时间: 2026-06-04 09:18:27.622
耗时: 4 ms
----------------------------- 执行明细 -----------------------------
自检任务开始
总时长: 70 s
指令下发明细: 未下发
指令: StartSelfCheck
所属阶段: 阶段1 - 下发启动自检指令
发送时间: -
响应时间: -
发送次数: 0/1
请求帧: 01 06 00 17 00 A5
响应帧: 未下发, 设备未连接
处理结果: 未下发
启动失败
原因: 设备未连接
============================= SH85SelfCheck 执行记录结束 =============================
[设备记录 29/80 END] QRCode=12029 轮次ID=20260604_091827_618
[设备记录 30/80 BEGIN] QRCode=12030 轮次ID=20260604_091827_618
============================= SH85SelfCheck 执行记录 =============================
任务名称: SH85SelfCheck
模式: 周期自检
轮次ID: 20260604_091827_618
设备: 12030
结果: 失败
结果码: StartCommandFailed
说明: 设备未连接
开始时间: 2026-06-04 09:18:27.618
结束时间: 2026-06-04 09:18:27.622
耗时: 4 ms
----------------------------- 执行明细 -----------------------------
自检任务开始
总时长: 70 s
指令下发明细: 未下发
指令: StartSelfCheck
所属阶段: 阶段1 - 下发启动自检指令
发送时间: -
响应时间: -
发送次数: 0/1
请求帧: 01 06 00 17 00 A5
响应帧: 未下发, 设备未连接
处理结果: 未下发
启动失败
原因: 设备未连接
============================= SH85SelfCheck 执行记录结束 =============================
[设备记录 30/80 END] QRCode=12030 轮次ID=20260604_091827_618
[设备记录 31/80 BEGIN] QRCode=12031 轮次ID=20260604_091827_618
============================= SH85SelfCheck 执行记录 =============================
任务名称: SH85SelfCheck
模式: 周期自检
轮次ID: 20260604_091827_618
设备: 12031
结果: 失败
结果码: StartCommandFailed
说明: 设备未连接
开始时间: 2026-06-04 09:18:27.618
结束时间: 2026-06-04 09:18:27.622
耗时: 4 ms
----------------------------- 执行明细 -----------------------------
自检任务开始
总时长: 70 s
指令下发明细: 未下发
指令: StartSelfCheck
所属阶段: 阶段1 - 下发启动自检指令
发送时间: -
响应时间: -
发送次数: 0/1
请求帧: 01 06 00 17 00 A5
响应帧: 未下发, 设备未连接
处理结果: 未下发
启动失败
原因: 设备未连接
============================= SH85SelfCheck 执行记录结束 =============================
[设备记录 31/80 END] QRCode=12031 轮次ID=20260604_091827_618
[设备记录 32/80 BEGIN] QRCode=12032 轮次ID=20260604_091827_618
============================= SH85SelfCheck 执行记录 =============================
任务名称: SH85SelfCheck
模式: 周期自检
轮次ID: 20260604_091827_618
设备: 12032
结果: 失败
结果码: StartCommandFailed
说明: 设备未连接
开始时间: 2026-06-04 09:18:27.618
结束时间: 2026-06-04 09:18:27.622
耗时: 4 ms
----------------------------- 执行明细 -----------------------------
自检任务开始
总时长: 70 s
指令下发明细: 未下发
指令: StartSelfCheck
所属阶段: 阶段1 - 下发启动自检指令
发送时间: -
响应时间: -
发送次数: 0/1
请求帧: 01 06 00 17 00 A5
响应帧: 未下发, 设备未连接
处理结果: 未下发
启动失败
原因: 设备未连接
============================= SH85SelfCheck 执行记录结束 =============================
[设备记录 32/80 END] QRCode=12032 轮次ID=20260604_091827_618
[设备记录 33/80 BEGIN] QRCode=12033 轮次ID=20260604_091827_618
============================= SH85SelfCheck 执行记录 =============================
任务名称: SH85SelfCheck
模式: 周期自检
轮次ID: 20260604_091827_618
设备: 12033
结果: 失败
结果码: StartCommandFailed
说明: 设备未连接
开始时间: 2026-06-04 09:18:27.618
结束时间: 2026-06-04 09:18:27.622
耗时: 4 ms
----------------------------- 执行明细 -----------------------------
自检任务开始
总时长: 70 s
指令下发明细: 未下发
指令: StartSelfCheck
所属阶段: 阶段1 - 下发启动自检指令
发送时间: -
响应时间: -
发送次数: 0/1
请求帧: 01 06 00 17 00 A5
响应帧: 未下发, 设备未连接
处理结果: 未下发
启动失败
原因: 设备未连接
============================= SH85SelfCheck 执行记录结束 =============================
[设备记录 33/80 END] QRCode=12033 轮次ID=20260604_091827_618
[设备记录 34/80 BEGIN] QRCode=12034 轮次ID=20260604_091827_618
============================= SH85SelfCheck 执行记录 =============================
任务名称: SH85SelfCheck
模式: 周期自检
轮次ID: 20260604_091827_618
设备: 12034
结果: 失败
结果码: StartCommandFailed
说明: 设备未连接
开始时间: 2026-06-04 09:18:27.618
结束时间: 2026-06-04 09:18:27.622
耗时: 4 ms
----------------------------- 执行明细 -----------------------------
自检任务开始
总时长: 70 s
指令下发明细: 未下发
指令: StartSelfCheck
所属阶段: 阶段1 - 下发启动自检指令
发送时间: -
响应时间: -
发送次数: 0/1
请求帧: 01 06 00 17 00 A5
响应帧: 未下发, 设备未连接
处理结果: 未下发
启动失败
原因: 设备未连接
============================= SH85SelfCheck 执行记录结束 =============================
[设备记录 34/80 END] QRCode=12034 轮次ID=20260604_091827_618
[设备记录 35/80 BEGIN] QRCode=12035 轮次ID=20260604_091827_618
============================= SH85SelfCheck 执行记录 =============================
任务名称: SH85SelfCheck
模式: 周期自检
轮次ID: 20260604_091827_618
设备: 12035
结果: 失败
结果码: StartCommandFailed
说明: 设备未连接
开始时间: 2026-06-04 09:18:27.618
结束时间: 2026-06-04 09:18:27.622
耗时: 4 ms
----------------------------- 执行明细 -----------------------------
自检任务开始
总时长: 70 s
指令下发明细: 未下发
指令: StartSelfCheck
所属阶段: 阶段1 - 下发启动自检指令
发送时间: -
响应时间: -
发送次数: 0/1
请求帧: 01 06 00 17 00 A5
响应帧: 未下发, 设备未连接
处理结果: 未下发
启动失败
原因: 设备未连接
============================= SH85SelfCheck 执行记录结束 =============================
[设备记录 35/80 END] QRCode=12035 轮次ID=20260604_091827_618
[设备记录 36/80 BEGIN] QRCode=12036 轮次ID=20260604_091827_618
============================= SH85SelfCheck 执行记录 =============================
任务名称: SH85SelfCheck
模式: 周期自检
轮次ID: 20260604_091827_618
设备: 12036
结果: 失败
结果码: StartCommandFailed
说明: 设备未连接
开始时间: 2026-06-04 09:18:27.618
结束时间: 2026-06-04 09:18:27.622
耗时: 4 ms
----------------------------- 执行明细 -----------------------------
自检任务开始
总时长: 70 s
指令下发明细: 未下发
指令: StartSelfCheck
所属阶段: 阶段1 - 下发启动自检指令
发送时间: -
响应时间: -
发送次数: 0/1
请求帧: 01 06 00 17 00 A5
响应帧: 未下发, 设备未连接
处理结果: 未下发
启动失败
原因: 设备未连接
============================= SH85SelfCheck 执行记录结束 =============================
[设备记录 36/80 END] QRCode=12036 轮次ID=20260604_091827_618
[设备记录 37/80 BEGIN] QRCode=12037 轮次ID=20260604_091827_618
============================= SH85SelfCheck 执行记录 =============================
任务名称: SH85SelfCheck
模式: 周期自检
轮次ID: 20260604_091827_618
设备: 12037
结果: 失败
结果码: StartCommandFailed
说明: 设备未连接
开始时间: 2026-06-04 09:18:27.618
结束时间: 2026-06-04 09:18:27.622
耗时: 4 ms
----------------------------- 执行明细 -----------------------------
自检任务开始
总时长: 70 s
指令下发明细: 未下发
指令: StartSelfCheck
所属阶段: 阶段1 - 下发启动自检指令
发送时间: -
响应时间: -
发送次数: 0/1
请求帧: 01 06 00 17 00 A5
响应帧: 未下发, 设备未连接
处理结果: 未下发
启动失败
原因: 设备未连接
============================= SH85SelfCheck 执行记录结束 =============================
[设备记录 37/80 END] QRCode=12037 轮次ID=20260604_091827_618
[设备记录 38/80 BEGIN] QRCode=12038 轮次ID=20260604_091827_618
============================= SH85SelfCheck 执行记录 =============================
任务名称: SH85SelfCheck
模式: 周期自检
轮次ID: 20260604_091827_618
设备: 12038
结果: 失败
结果码: StartCommandFailed
说明: 设备未连接
开始时间: 2026-06-04 09:18:27.618
结束时间: 2026-06-04 09:18:27.622
耗时: 4 ms
----------------------------- 执行明细 -----------------------------
自检任务开始
总时长: 70 s
指令下发明细: 未下发
指令: StartSelfCheck
所属阶段: 阶段1 - 下发启动自检指令
发送时间: -
响应时间: -
发送次数: 0/1
请求帧: 01 06 00 17 00 A5
响应帧: 未下发, 设备未连接
处理结果: 未下发
启动失败
原因: 设备未连接
============================= SH85SelfCheck 执行记录结束 =============================
[设备记录 38/80 END] QRCode=12038 轮次ID=20260604_091827_618
[设备记录 39/80 BEGIN] QRCode=12039 轮次ID=20260604_091827_618
============================= SH85SelfCheck 执行记录 =============================
任务名称: SH85SelfCheck
模式: 周期自检
轮次ID: 20260604_091827_618
设备: 12039
结果: 失败
结果码: StartCommandFailed
说明: 设备未连接
开始时间: 2026-06-04 09:18:27.618
结束时间: 2026-06-04 09:18:27.622
耗时: 4 ms
----------------------------- 执行明细 -----------------------------
自检任务开始
总时长: 70 s
指令下发明细: 未下发
指令: StartSelfCheck
所属阶段: 阶段1 - 下发启动自检指令
发送时间: -
响应时间: -
发送次数: 0/1
请求帧: 01 06 00 17 00 A5
响应帧: 未下发, 设备未连接
处理结果: 未下发
启动失败
原因: 设备未连接
============================= SH85SelfCheck 执行记录结束 =============================
[设备记录 39/80 END] QRCode=12039 轮次ID=20260604_091827_618
[设备记录 40/80 BEGIN] QRCode=12040 轮次ID=20260604_091827_618
============================= SH85SelfCheck 执行记录 =============================
任务名称: SH85SelfCheck
模式: 周期自检
轮次ID: 20260604_091827_618
设备: 12040
结果: 失败
结果码: StartCommandFailed
说明: 设备未连接
开始时间: 2026-06-04 09:18:27.618
结束时间: 2026-06-04 09:18:27.622
耗时: 4 ms
----------------------------- 执行明细 -----------------------------
自检任务开始
总时长: 70 s
指令下发明细: 未下发
指令: StartSelfCheck
所属阶段: 阶段1 - 下发启动自检指令
发送时间: -
响应时间: -
发送次数: 0/1
请求帧: 01 06 00 17 00 A5
响应帧: 未下发, 设备未连接
处理结果: 未下发
启动失败
原因: 设备未连接
============================= SH85SelfCheck 执行记录结束 =============================
[设备记录 40/80 END] QRCode=12040 轮次ID=20260604_091827_618
[设备记录 41/80 BEGIN] QRCode=12041 轮次ID=20260604_091827_618
============================= SH85SelfCheck 执行记录 =============================
任务名称: SH85SelfCheck
模式: 周期自检
轮次ID: 20260604_091827_618
设备: 12041
结果: 失败
结果码: StartCommandFailed
说明: 设备未连接
开始时间: 2026-06-04 09:18:27.618
结束时间: 2026-06-04 09:18:27.622
耗时: 4 ms
----------------------------- 执行明细 -----------------------------
自检任务开始
总时长: 70 s
指令下发明细: 未下发
指令: StartSelfCheck
所属阶段: 阶段1 - 下发启动自检指令
发送时间: -
响应时间: -
发送次数: 0/1
请求帧: 01 06 00 17 00 A5
响应帧: 未下发, 设备未连接
处理结果: 未下发
启动失败
原因: 设备未连接
============================= SH85SelfCheck 执行记录结束 =============================
[设备记录 41/80 END] QRCode=12041 轮次ID=20260604_091827_618
[设备记录 42/80 BEGIN] QRCode=12042 轮次ID=20260604_091827_618
============================= SH85SelfCheck 执行记录 =============================
任务名称: SH85SelfCheck
模式: 周期自检
轮次ID: 20260604_091827_618
设备: 12042
结果: 失败
结果码: StartCommandFailed
说明: 设备未连接
开始时间: 2026-06-04 09:18:27.618
结束时间: 2026-06-04 09:18:27.622
耗时: 4 ms
----------------------------- 执行明细 -----------------------------
自检任务开始
总时长: 70 s
指令下发明细: 未下发
指令: StartSelfCheck
所属阶段: 阶段1 - 下发启动自检指令
发送时间: -
响应时间: -
发送次数: 0/1
请求帧: 01 06 00 17 00 A5
响应帧: 未下发, 设备未连接
处理结果: 未下发
启动失败
原因: 设备未连接
============================= SH85SelfCheck 执行记录结束 =============================
[设备记录 42/80 END] QRCode=12042 轮次ID=20260604_091827_618
[设备记录 43/80 BEGIN] QRCode=12043 轮次ID=20260604_091827_618
============================= SH85SelfCheck 执行记录 =============================
任务名称: SH85SelfCheck
模式: 周期自检
轮次ID: 20260604_091827_618
设备: 12043
结果: 失败
结果码: StartCommandFailed
说明: 设备未连接
开始时间: 2026-06-04 09:18:27.618
结束时间: 2026-06-04 09:18:27.622
耗时: 4 ms
----------------------------- 执行明细 -----------------------------
自检任务开始
总时长: 70 s
指令下发明细: 未下发
指令: StartSelfCheck
所属阶段: 阶段1 - 下发启动自检指令
发送时间: -
响应时间: -
发送次数: 0/1
请求帧: 01 06 00 17 00 A5
响应帧: 未下发, 设备未连接
处理结果: 未下发
启动失败
原因: 设备未连接
============================= SH85SelfCheck 执行记录结束 =============================
[设备记录 43/80 END] QRCode=12043 轮次ID=20260604_091827_618
[设备记录 44/80 BEGIN] QRCode=12044 轮次ID=20260604_091827_618
============================= SH85SelfCheck 执行记录 =============================
任务名称: SH85SelfCheck
模式: 周期自检
轮次ID: 20260604_091827_618
设备: 12044
结果: 失败
结果码: StartCommandFailed
说明: 设备未连接
开始时间: 2026-06-04 09:18:27.618
结束时间: 2026-06-04 09:18:27.622
耗时: 4 ms
----------------------------- 执行明细 -----------------------------
自检任务开始
总时长: 70 s
指令下发明细: 未下发
指令: StartSelfCheck
所属阶段: 阶段1 - 下发启动自检指令
发送时间: -
响应时间: -
发送次数: 0/1
请求帧: 01 06 00 17 00 A5
响应帧: 未下发, 设备未连接
处理结果: 未下发
启动失败
原因: 设备未连接
============================= SH85SelfCheck 执行记录结束 =============================
[设备记录 44/80 END] QRCode=12044 轮次ID=20260604_091827_618
[设备记录 45/80 BEGIN] QRCode=12045 轮次ID=20260604_091827_618
============================= SH85SelfCheck 执行记录 =============================
任务名称: SH85SelfCheck
模式: 周期自检
轮次ID: 20260604_091827_618
设备: 12045
结果: 失败
结果码: StartCommandFailed
说明: 设备未连接
开始时间: 2026-06-04 09:18:27.618
结束时间: 2026-06-04 09:18:27.622
耗时: 4 ms
----------------------------- 执行明细 -----------------------------
自检任务开始
总时长: 70 s
指令下发明细: 未下发
指令: StartSelfCheck
所属阶段: 阶段1 - 下发启动自检指令
发送时间: -
响应时间: -
发送次数: 0/1
请求帧: 01 06 00 17 00 A5
响应帧: 未下发, 设备未连接
处理结果: 未下发
启动失败
原因: 设备未连接
============================= SH85SelfCheck 执行记录结束 =============================
[设备记录 45/80 END] QRCode=12045 轮次ID=20260604_091827_618
[设备记录 46/80 BEGIN] QRCode=12046 轮次ID=20260604_091827_618
============================= SH85SelfCheck 执行记录 =============================
任务名称: SH85SelfCheck
模式: 周期自检
轮次ID: 20260604_091827_618
设备: 12046
结果: 失败
结果码: StartCommandFailed
说明: 设备未连接
开始时间: 2026-06-04 09:18:27.618
结束时间: 2026-06-04 09:18:27.622
耗时: 4 ms
----------------------------- 执行明细 -----------------------------
自检任务开始
总时长: 70 s
指令下发明细: 未下发
指令: StartSelfCheck
所属阶段: 阶段1 - 下发启动自检指令
发送时间: -
响应时间: -
发送次数: 0/1
请求帧: 01 06 00 17 00 A5
响应帧: 未下发, 设备未连接
处理结果: 未下发
启动失败
原因: 设备未连接
============================= SH85SelfCheck 执行记录结束 =============================
[设备记录 46/80 END] QRCode=12046 轮次ID=20260604_091827_618
[设备记录 47/80 BEGIN] QRCode=12047 轮次ID=20260604_091827_618
============================= SH85SelfCheck 执行记录 =============================
任务名称: SH85SelfCheck
模式: 周期自检
轮次ID: 20260604_091827_618
设备: 12047
结果: 失败
结果码: StartCommandFailed
说明: 设备未连接
开始时间: 2026-06-04 09:18:27.618
结束时间: 2026-06-04 09:18:27.622
耗时: 4 ms
----------------------------- 执行明细 -----------------------------
自检任务开始
总时长: 70 s
指令下发明细: 未下发
指令: StartSelfCheck
所属阶段: 阶段1 - 下发启动自检指令
发送时间: -
响应时间: -
发送次数: 0/1
请求帧: 01 06 00 17 00 A5
响应帧: 未下发, 设备未连接
处理结果: 未下发
启动失败
原因: 设备未连接
============================= SH85SelfCheck 执行记录结束 =============================
[设备记录 47/80 END] QRCode=12047 轮次ID=20260604_091827_618
[设备记录 48/80 BEGIN] QRCode=12048 轮次ID=20260604_091827_618
============================= SH85SelfCheck 执行记录 =============================
任务名称: SH85SelfCheck
模式: 周期自检
轮次ID: 20260604_091827_618
设备: 12048
结果: 失败
结果码: StartCommandFailed
说明: 设备未连接
开始时间: 2026-06-04 09:18:27.618
结束时间: 2026-06-04 09:18:27.622
耗时: 4 ms
----------------------------- 执行明细 -----------------------------
自检任务开始
总时长: 70 s
指令下发明细: 未下发
指令: StartSelfCheck
所属阶段: 阶段1 - 下发启动自检指令
发送时间: -
响应时间: -
发送次数: 0/1
请求帧: 01 06 00 17 00 A5
响应帧: 未下发, 设备未连接
处理结果: 未下发
启动失败
原因: 设备未连接
============================= SH85SelfCheck 执行记录结束 =============================
[设备记录 48/80 END] QRCode=12048 轮次ID=20260604_091827_618
[设备记录 49/80 BEGIN] QRCode=12049 轮次ID=20260604_091827_618
============================= SH85SelfCheck 执行记录 =============================
任务名称: SH85SelfCheck
模式: 周期自检
轮次ID: 20260604_091827_618
设备: 12049
结果: 失败
结果码: StartCommandFailed
说明: 设备未连接
开始时间: 2026-06-04 09:18:27.618
结束时间: 2026-06-04 09:18:27.622
耗时: 4 ms
----------------------------- 执行明细 -----------------------------
自检任务开始
总时长: 70 s
指令下发明细: 未下发
指令: StartSelfCheck
所属阶段: 阶段1 - 下发启动自检指令
发送时间: -
响应时间: -
发送次数: 0/1
请求帧: 01 06 00 17 00 A5
响应帧: 未下发, 设备未连接
处理结果: 未下发
启动失败
原因: 设备未连接
============================= SH85SelfCheck 执行记录结束 =============================
[设备记录 49/80 END] QRCode=12049 轮次ID=20260604_091827_618
[设备记录 50/80 BEGIN] QRCode=12050 轮次ID=20260604_091827_618
============================= SH85SelfCheck 执行记录 =============================
任务名称: SH85SelfCheck
模式: 周期自检
轮次ID: 20260604_091827_618
设备: 12050
结果: 失败
结果码: StartCommandFailed
说明: 设备未连接
开始时间: 2026-06-04 09:18:27.618
结束时间: 2026-06-04 09:18:27.622
耗时: 4 ms
----------------------------- 执行明细 -----------------------------
自检任务开始
总时长: 70 s
指令下发明细: 未下发
指令: StartSelfCheck
所属阶段: 阶段1 - 下发启动自检指令
发送时间: -
响应时间: -
发送次数: 0/1
请求帧: 01 06 00 17 00 A5
响应帧: 未下发, 设备未连接
处理结果: 未下发
启动失败
原因: 设备未连接
============================= SH85SelfCheck 执行记录结束 =============================
[设备记录 50/80 END] QRCode=12050 轮次ID=20260604_091827_618
[设备记录 51/80 BEGIN] QRCode=12051 轮次ID=20260604_091827_618
============================= SH85SelfCheck 执行记录 =============================
任务名称: SH85SelfCheck
模式: 周期自检
轮次ID: 20260604_091827_618
设备: 12051
结果: 失败
结果码: StartCommandFailed
说明: 设备未连接
开始时间: 2026-06-04 09:18:27.618
结束时间: 2026-06-04 09:18:27.622
耗时: 4 ms
----------------------------- 执行明细 -----------------------------
自检任务开始
总时长: 70 s
指令下发明细: 未下发
指令: StartSelfCheck
所属阶段: 阶段1 - 下发启动自检指令
发送时间: -
响应时间: -
发送次数: 0/1
请求帧: 01 06 00 17 00 A5
响应帧: 未下发, 设备未连接
处理结果: 未下发
启动失败
原因: 设备未连接
============================= SH85SelfCheck 执行记录结束 =============================
[设备记录 51/80 END] QRCode=12051 轮次ID=20260604_091827_618
[设备记录 52/80 BEGIN] QRCode=12052 轮次ID=20260604_091827_618
============================= SH85SelfCheck 执行记录 =============================
任务名称: SH85SelfCheck
模式: 周期自检
轮次ID: 20260604_091827_618
设备: 12052
结果: 失败
结果码: StartCommandFailed
说明: 设备未连接
开始时间: 2026-06-04 09:18:27.618
结束时间: 2026-06-04 09:18:27.625
耗时: 7 ms
----------------------------- 执行明细 -----------------------------
自检任务开始
总时长: 70 s
指令下发明细: 未下发
指令: StartSelfCheck
所属阶段: 阶段1 - 下发启动自检指令
发送时间: -
响应时间: -
发送次数: 0/1
请求帧: 01 06 00 17 00 A5
响应帧: 未下发, 设备未连接
处理结果: 未下发
启动失败
原因: 设备未连接
============================= SH85SelfCheck 执行记录结束 =============================
[设备记录 52/80 END] QRCode=12052 轮次ID=20260604_091827_618
[设备记录 53/80 BEGIN] QRCode=12053 轮次ID=20260604_091827_618
============================= SH85SelfCheck 执行记录 =============================
任务名称: SH85SelfCheck
模式: 周期自检
轮次ID: 20260604_091827_618
设备: 12053
结果: 失败
结果码: StartCommandFailed
说明: 设备未连接
开始时间: 2026-06-04 09:18:27.618
结束时间: 2026-06-04 09:18:27.625
耗时: 7 ms
----------------------------- 执行明细 -----------------------------
自检任务开始
总时长: 70 s
指令下发明细: 未下发
指令: StartSelfCheck
所属阶段: 阶段1 - 下发启动自检指令
发送时间: -
响应时间: -
发送次数: 0/1
请求帧: 01 06 00 17 00 A5
响应帧: 未下发, 设备未连接
处理结果: 未下发
启动失败
原因: 设备未连接
============================= SH85SelfCheck 执行记录结束 =============================
[设备记录 53/80 END] QRCode=12053 轮次ID=20260604_091827_618
[设备记录 54/80 BEGIN] QRCode=12054 轮次ID=20260604_091827_618
============================= SH85SelfCheck 执行记录 =============================
任务名称: SH85SelfCheck
模式: 周期自检
轮次ID: 20260604_091827_618
设备: 12054
结果: 失败
结果码: StartCommandFailed
说明: 设备未连接
开始时间: 2026-06-04 09:18:27.618
结束时间: 2026-06-04 09:18:27.625
耗时: 7 ms
----------------------------- 执行明细 -----------------------------
自检任务开始
总时长: 70 s
指令下发明细: 未下发
指令: StartSelfCheck
所属阶段: 阶段1 - 下发启动自检指令
发送时间: -
响应时间: -
发送次数: 0/1
请求帧: 01 06 00 17 00 A5
响应帧: 未下发, 设备未连接
处理结果: 未下发
启动失败
原因: 设备未连接
============================= SH85SelfCheck 执行记录结束 =============================
[设备记录 54/80 END] QRCode=12054 轮次ID=20260604_091827_618
[设备记录 55/80 BEGIN] QRCode=12055 轮次ID=20260604_091827_618
============================= SH85SelfCheck 执行记录 =============================
任务名称: SH85SelfCheck
模式: 周期自检
轮次ID: 20260604_091827_618
设备: 12055
结果: 失败
结果码: StartCommandFailed
说明: 设备未连接
开始时间: 2026-06-04 09:18:27.618
结束时间: 2026-06-04 09:18:27.625
耗时: 7 ms
----------------------------- 执行明细 -----------------------------
自检任务开始
总时长: 70 s
指令下发明细: 未下发
指令: StartSelfCheck
所属阶段: 阶段1 - 下发启动自检指令
发送时间: -
响应时间: -
发送次数: 0/1
请求帧: 01 06 00 17 00 A5
响应帧: 未下发, 设备未连接
处理结果: 未下发
启动失败
原因: 设备未连接
============================= SH85SelfCheck 执行记录结束 =============================
[设备记录 55/80 END] QRCode=12055 轮次ID=20260604_091827_618
[设备记录 56/80 BEGIN] QRCode=12056 轮次ID=20260604_091827_618
============================= SH85SelfCheck 执行记录 =============================
任务名称: SH85SelfCheck
模式: 周期自检
轮次ID: 20260604_091827_618
设备: 12056
结果: 失败
结果码: StartCommandFailed
说明: 设备未连接
开始时间: 2026-06-04 09:18:27.618
结束时间: 2026-06-04 09:18:27.625
耗时: 7 ms
----------------------------- 执行明细 -----------------------------
自检任务开始
总时长: 70 s
指令下发明细: 未下发
指令: StartSelfCheck
所属阶段: 阶段1 - 下发启动自检指令
发送时间: -
响应时间: -
发送次数: 0/1
请求帧: 01 06 00 17 00 A5
响应帧: 未下发, 设备未连接
处理结果: 未下发
启动失败
原因: 设备未连接
============================= SH85SelfCheck 执行记录结束 =============================
[设备记录 56/80 END] QRCode=12056 轮次ID=20260604_091827_618
[设备记录 57/80 BEGIN] QRCode=12057 轮次ID=20260604_091827_618
============================= SH85SelfCheck 执行记录 =============================
任务名称: SH85SelfCheck
模式: 周期自检
轮次ID: 20260604_091827_618
设备: 12057
结果: 失败
结果码: StartCommandFailed
说明: 设备未连接
开始时间: 2026-06-04 09:18:27.618
结束时间: 2026-06-04 09:18:27.625
耗时: 7 ms
----------------------------- 执行明细 -----------------------------
自检任务开始
总时长: 70 s
指令下发明细: 未下发
指令: StartSelfCheck
所属阶段: 阶段1 - 下发启动自检指令
发送时间: -
响应时间: -
发送次数: 0/1
请求帧: 01 06 00 17 00 A5
响应帧: 未下发, 设备未连接
处理结果: 未下发
启动失败
原因: 设备未连接
============================= SH85SelfCheck 执行记录结束 =============================
[设备记录 57/80 END] QRCode=12057 轮次ID=20260604_091827_618
[设备记录 58/80 BEGIN] QRCode=12058 轮次ID=20260604_091827_618
============================= SH85SelfCheck 执行记录 =============================
任务名称: SH85SelfCheck
模式: 周期自检
轮次ID: 20260604_091827_618
设备: 12058
结果: 失败
结果码: StartCommandFailed
说明: 设备未连接
开始时间: 2026-06-04 09:18:27.618
结束时间: 2026-06-04 09:18:27.625
耗时: 7 ms
----------------------------- 执行明细 -----------------------------
自检任务开始
总时长: 70 s
指令下发明细: 未下发
指令: StartSelfCheck
所属阶段: 阶段1 - 下发启动自检指令
发送时间: -
响应时间: -
发送次数: 0/1
请求帧: 01 06 00 17 00 A5
响应帧: 未下发, 设备未连接
处理结果: 未下发
启动失败
原因: 设备未连接
============================= SH85SelfCheck 执行记录结束 =============================
[设备记录 58/80 END] QRCode=12058 轮次ID=20260604_091827_618
[设备记录 59/80 BEGIN] QRCode=12059 轮次ID=20260604_091827_618
============================= SH85SelfCheck 执行记录 =============================
任务名称: SH85SelfCheck
模式: 周期自检
轮次ID: 20260604_091827_618
设备: 12059
结果: 失败
结果码: StartCommandFailed
说明: 设备未连接
开始时间: 2026-06-04 09:18:27.618
结束时间: 2026-06-04 09:18:27.625
耗时: 7 ms
----------------------------- 执行明细 -----------------------------
自检任务开始
总时长: 70 s
指令下发明细: 未下发
指令: StartSelfCheck
所属阶段: 阶段1 - 下发启动自检指令
发送时间: -
响应时间: -
发送次数: 0/1
请求帧: 01 06 00 17 00 A5
响应帧: 未下发, 设备未连接
处理结果: 未下发
启动失败
原因: 设备未连接
============================= SH85SelfCheck 执行记录结束 =============================
[设备记录 59/80 END] QRCode=12059 轮次ID=20260604_091827_618
[设备记录 60/80 BEGIN] QRCode=12060 轮次ID=20260604_091827_618
============================= SH85SelfCheck 执行记录 =============================
任务名称: SH85SelfCheck
模式: 周期自检
轮次ID: 20260604_091827_618
设备: 12060
结果: 失败
结果码: StartCommandFailed
说明: 设备未连接
开始时间: 2026-06-04 09:18:27.618
结束时间: 2026-06-04 09:18:27.625
耗时: 7 ms
----------------------------- 执行明细 -----------------------------
自检任务开始
总时长: 70 s
指令下发明细: 未下发
指令: StartSelfCheck
所属阶段: 阶段1 - 下发启动自检指令
发送时间: -
响应时间: -
发送次数: 0/1
请求帧: 01 06 00 17 00 A5
响应帧: 未下发, 设备未连接
处理结果: 未下发
启动失败
原因: 设备未连接
============================= SH85SelfCheck 执行记录结束 =============================
[设备记录 60/80 END] QRCode=12060 轮次ID=20260604_091827_618
[设备记录 61/80 BEGIN] QRCode=12061 轮次ID=20260604_091827_618
============================= SH85SelfCheck 执行记录 =============================
任务名称: SH85SelfCheck
模式: 周期自检
轮次ID: 20260604_091827_618
设备: 12061
结果: 失败
结果码: StartCommandFailed
说明: 设备未连接
开始时间: 2026-06-04 09:18:27.618
结束时间: 2026-06-04 09:18:27.625
耗时: 7 ms
----------------------------- 执行明细 -----------------------------
自检任务开始
总时长: 70 s
指令下发明细: 未下发
指令: StartSelfCheck
所属阶段: 阶段1 - 下发启动自检指令
发送时间: -
响应时间: -
发送次数: 0/1
请求帧: 01 06 00 17 00 A5
响应帧: 未下发, 设备未连接
处理结果: 未下发
启动失败
原因: 设备未连接
============================= SH85SelfCheck 执行记录结束 =============================
[设备记录 61/80 END] QRCode=12061 轮次ID=20260604_091827_618
[设备记录 62/80 BEGIN] QRCode=12062 轮次ID=20260604_091827_618
============================= SH85SelfCheck 执行记录 =============================
任务名称: SH85SelfCheck
模式: 周期自检
轮次ID: 20260604_091827_618
设备: 12062
结果: 失败
结果码: StartCommandFailed
说明: 设备未连接
开始时间: 2026-06-04 09:18:27.618
结束时间: 2026-06-04 09:18:27.625
耗时: 7 ms
----------------------------- 执行明细 -----------------------------
自检任务开始
总时长: 70 s
指令下发明细: 未下发
指令: StartSelfCheck
所属阶段: 阶段1 - 下发启动自检指令
发送时间: -
响应时间: -
发送次数: 0/1
请求帧: 01 06 00 17 00 A5
响应帧: 未下发, 设备未连接
处理结果: 未下发
启动失败
原因: 设备未连接
============================= SH85SelfCheck 执行记录结束 =============================
[设备记录 62/80 END] QRCode=12062 轮次ID=20260604_091827_618
[设备记录 63/80 BEGIN] QRCode=12063 轮次ID=20260604_091827_618
============================= SH85SelfCheck 执行记录 =============================
任务名称: SH85SelfCheck
模式: 周期自检
轮次ID: 20260604_091827_618
设备: 12063
结果: 失败
结果码: StartCommandFailed
说明: 设备未连接
开始时间: 2026-06-04 09:18:27.618
结束时间: 2026-06-04 09:18:27.625
耗时: 7 ms
----------------------------- 执行明细 -----------------------------
自检任务开始
总时长: 70 s
指令下发明细: 未下发
指令: StartSelfCheck
所属阶段: 阶段1 - 下发启动自检指令
发送时间: -
响应时间: -
发送次数: 0/1
请求帧: 01 06 00 17 00 A5
响应帧: 未下发, 设备未连接
处理结果: 未下发
启动失败
原因: 设备未连接
============================= SH85SelfCheck 执行记录结束 =============================
[设备记录 63/80 END] QRCode=12063 轮次ID=20260604_091827_618
[设备记录 64/80 BEGIN] QRCode=12064 轮次ID=20260604_091827_618
============================= SH85SelfCheck 执行记录 =============================
任务名称: SH85SelfCheck
模式: 周期自检
轮次ID: 20260604_091827_618
设备: 12064
结果: 失败
结果码: StartCommandFailed
说明: 设备未连接
开始时间: 2026-06-04 09:18:27.618
结束时间: 2026-06-04 09:18:27.625
耗时: 7 ms
----------------------------- 执行明细 -----------------------------
自检任务开始
总时长: 70 s
指令下发明细: 未下发
指令: StartSelfCheck
所属阶段: 阶段1 - 下发启动自检指令
发送时间: -
响应时间: -
发送次数: 0/1
请求帧: 01 06 00 17 00 A5
响应帧: 未下发, 设备未连接
处理结果: 未下发
启动失败
原因: 设备未连接
============================= SH85SelfCheck 执行记录结束 =============================
[设备记录 64/80 END] QRCode=12064 轮次ID=20260604_091827_618
[设备记录 65/80 BEGIN] QRCode=12065 轮次ID=20260604_091827_618
============================= SH85SelfCheck 执行记录 =============================
任务名称: SH85SelfCheck
模式: 周期自检
轮次ID: 20260604_091827_618
设备: 12065
结果: 失败
结果码: StartCommandFailed
说明: 设备未连接
开始时间: 2026-06-04 09:18:27.618
结束时间: 2026-06-04 09:18:27.625
耗时: 7 ms
----------------------------- 执行明细 -----------------------------
自检任务开始
总时长: 70 s
指令下发明细: 未下发
指令: StartSelfCheck
所属阶段: 阶段1 - 下发启动自检指令
发送时间: -
响应时间: -
发送次数: 0/1
请求帧: 01 06 00 17 00 A5
响应帧: 未下发, 设备未连接
处理结果: 未下发
启动失败
原因: 设备未连接
============================= SH85SelfCheck 执行记录结束 =============================
[设备记录 65/80 END] QRCode=12065 轮次ID=20260604_091827_618
[设备记录 66/80 BEGIN] QRCode=12066 轮次ID=20260604_091827_618
============================= SH85SelfCheck 执行记录 =============================
任务名称: SH85SelfCheck
模式: 周期自检
轮次ID: 20260604_091827_618
设备: 12066
结果: 失败
结果码: StartCommandFailed
说明: 设备未连接
开始时间: 2026-06-04 09:18:27.618
结束时间: 2026-06-04 09:18:27.625
耗时: 7 ms
----------------------------- 执行明细 -----------------------------
自检任务开始
总时长: 70 s
指令下发明细: 未下发
指令: StartSelfCheck
所属阶段: 阶段1 - 下发启动自检指令
发送时间: -
响应时间: -
发送次数: 0/1
请求帧: 01 06 00 17 00 A5
响应帧: 未下发, 设备未连接
处理结果: 未下发
启动失败
原因: 设备未连接
============================= SH85SelfCheck 执行记录结束 =============================
[设备记录 66/80 END] QRCode=12066 轮次ID=20260604_091827_618
[设备记录 67/80 BEGIN] QRCode=12067 轮次ID=20260604_091827_618
============================= SH85SelfCheck 执行记录 =============================
任务名称: SH85SelfCheck
模式: 周期自检
轮次ID: 20260604_091827_618
设备: 12067
结果: 失败
结果码: StartCommandFailed
说明: 设备未连接
开始时间: 2026-06-04 09:18:27.618
结束时间: 2026-06-04 09:18:27.625
耗时: 7 ms
----------------------------- 执行明细 -----------------------------
自检任务开始
总时长: 70 s
指令下发明细: 未下发
指令: StartSelfCheck
所属阶段: 阶段1 - 下发启动自检指令
发送时间: -
响应时间: -
发送次数: 0/1
请求帧: 01 06 00 17 00 A5
响应帧: 未下发, 设备未连接
处理结果: 未下发
启动失败
原因: 设备未连接
============================= SH85SelfCheck 执行记录结束 =============================
[设备记录 67/80 END] QRCode=12067 轮次ID=20260604_091827_618
[设备记录 68/80 BEGIN] QRCode=12068 轮次ID=20260604_091827_618
============================= SH85SelfCheck 执行记录 =============================
任务名称: SH85SelfCheck
模式: 周期自检
轮次ID: 20260604_091827_618
设备: 12068
结果: 失败
结果码: StartCommandFailed
说明: 设备未连接
开始时间: 2026-06-04 09:18:27.618
结束时间: 2026-06-04 09:18:27.625
耗时: 7 ms
----------------------------- 执行明细 -----------------------------
自检任务开始
总时长: 70 s
指令下发明细: 未下发
指令: StartSelfCheck
所属阶段: 阶段1 - 下发启动自检指令
发送时间: -
响应时间: -
发送次数: 0/1
请求帧: 01 06 00 17 00 A5
响应帧: 未下发, 设备未连接
处理结果: 未下发
启动失败
原因: 设备未连接
============================= SH85SelfCheck 执行记录结束 =============================
[设备记录 68/80 END] QRCode=12068 轮次ID=20260604_091827_618
[设备记录 69/80 BEGIN] QRCode=12069 轮次ID=20260604_091827_618
============================= SH85SelfCheck 执行记录 =============================
任务名称: SH85SelfCheck
模式: 周期自检
轮次ID: 20260604_091827_618
设备: 12069
结果: 失败
结果码: StartCommandFailed
说明: 设备未连接
开始时间: 2026-06-04 09:18:27.618
结束时间: 2026-06-04 09:18:27.625
耗时: 7 ms
----------------------------- 执行明细 -----------------------------
自检任务开始
总时长: 70 s
指令下发明细: 未下发
指令: StartSelfCheck
所属阶段: 阶段1 - 下发启动自检指令
发送时间: -
响应时间: -
发送次数: 0/1
请求帧: 01 06 00 17 00 A5
响应帧: 未下发, 设备未连接
处理结果: 未下发
启动失败
原因: 设备未连接
============================= SH85SelfCheck 执行记录结束 =============================
[设备记录 69/80 END] QRCode=12069 轮次ID=20260604_091827_618
[设备记录 70/80 BEGIN] QRCode=12070 轮次ID=20260604_091827_618
============================= SH85SelfCheck 执行记录 =============================
任务名称: SH85SelfCheck
模式: 周期自检
轮次ID: 20260604_091827_618
设备: 12070
结果: 失败
结果码: StartCommandFailed
说明: 设备未连接
开始时间: 2026-06-04 09:18:27.618
结束时间: 2026-06-04 09:18:27.625
耗时: 7 ms
----------------------------- 执行明细 -----------------------------
自检任务开始
总时长: 70 s
指令下发明细: 未下发
指令: StartSelfCheck
所属阶段: 阶段1 - 下发启动自检指令
发送时间: -
响应时间: -
发送次数: 0/1
请求帧: 01 06 00 17 00 A5
响应帧: 未下发, 设备未连接
处理结果: 未下发
启动失败
原因: 设备未连接
============================= SH85SelfCheck 执行记录结束 =============================
[设备记录 70/80 END] QRCode=12070 轮次ID=20260604_091827_618
[设备记录 71/80 BEGIN] QRCode=12071 轮次ID=20260604_091827_618
============================= SH85SelfCheck 执行记录 =============================
任务名称: SH85SelfCheck
模式: 周期自检
轮次ID: 20260604_091827_618
设备: 12071
结果: 失败
结果码: StartCommandFailed
说明: 设备未连接
开始时间: 2026-06-04 09:18:27.618
结束时间: 2026-06-04 09:18:27.625
耗时: 7 ms
----------------------------- 执行明细 -----------------------------
自检任务开始
总时长: 70 s
指令下发明细: 未下发
指令: StartSelfCheck
所属阶段: 阶段1 - 下发启动自检指令
发送时间: -
响应时间: -
发送次数: 0/1
请求帧: 01 06 00 17 00 A5
响应帧: 未下发, 设备未连接
处理结果: 未下发
启动失败
原因: 设备未连接
============================= SH85SelfCheck 执行记录结束 =============================
[设备记录 71/80 END] QRCode=12071 轮次ID=20260604_091827_618
[设备记录 72/80 BEGIN] QRCode=12072 轮次ID=20260604_091827_618
============================= SH85SelfCheck 执行记录 =============================
任务名称: SH85SelfCheck
模式: 周期自检
轮次ID: 20260604_091827_618
设备: 12072
结果: 失败
结果码: StartCommandFailed
说明: 设备未连接
开始时间: 2026-06-04 09:18:27.618
结束时间: 2026-06-04 09:18:27.625
耗时: 7 ms
----------------------------- 执行明细 -----------------------------
自检任务开始
总时长: 70 s
指令下发明细: 未下发
指令: StartSelfCheck
所属阶段: 阶段1 - 下发启动自检指令
发送时间: -
响应时间: -
发送次数: 0/1
请求帧: 01 06 00 17 00 A5
响应帧: 未下发, 设备未连接
处理结果: 未下发
启动失败
原因: 设备未连接
============================= SH85SelfCheck 执行记录结束 =============================
[设备记录 72/80 END] QRCode=12072 轮次ID=20260604_091827_618
[设备记录 73/80 BEGIN] QRCode=12073 轮次ID=20260604_091827_618
============================= SH85SelfCheck 执行记录 =============================
任务名称: SH85SelfCheck
模式: 周期自检
轮次ID: 20260604_091827_618
设备: 12073
结果: 失败
结果码: StartCommandFailed
说明: 设备未连接
开始时间: 2026-06-04 09:18:27.618
结束时间: 2026-06-04 09:18:27.625
耗时: 7 ms
----------------------------- 执行明细 -----------------------------
自检任务开始
总时长: 70 s
指令下发明细: 未下发
指令: StartSelfCheck
所属阶段: 阶段1 - 下发启动自检指令
发送时间: -
响应时间: -
发送次数: 0/1
请求帧: 01 06 00 17 00 A5
响应帧: 未下发, 设备未连接
处理结果: 未下发
启动失败
原因: 设备未连接
============================= SH85SelfCheck 执行记录结束 =============================
[设备记录 73/80 END] QRCode=12073 轮次ID=20260604_091827_618
[设备记录 74/80 BEGIN] QRCode=12074 轮次ID=20260604_091827_618
============================= SH85SelfCheck 执行记录 =============================
任务名称: SH85SelfCheck
模式: 周期自检
轮次ID: 20260604_091827_618
设备: 12074
结果: 失败
结果码: StartCommandFailed
说明: 设备未连接
开始时间: 2026-06-04 09:18:27.618
结束时间: 2026-06-04 09:18:27.625
耗时: 7 ms
----------------------------- 执行明细 -----------------------------
自检任务开始
总时长: 70 s
指令下发明细: 未下发
指令: StartSelfCheck
所属阶段: 阶段1 - 下发启动自检指令
发送时间: -
响应时间: -
发送次数: 0/1
请求帧: 01 06 00 17 00 A5
响应帧: 未下发, 设备未连接
处理结果: 未下发
启动失败
原因: 设备未连接
============================= SH85SelfCheck 执行记录结束 =============================
[设备记录 74/80 END] QRCode=12074 轮次ID=20260604_091827_618
[设备记录 75/80 BEGIN] QRCode=12075 轮次ID=20260604_091827_618
============================= SH85SelfCheck 执行记录 =============================
任务名称: SH85SelfCheck
模式: 周期自检
轮次ID: 20260604_091827_618
设备: 12075
结果: 失败
结果码: StartCommandFailed
说明: 设备未连接
开始时间: 2026-06-04 09:18:27.618
结束时间: 2026-06-04 09:18:27.625
耗时: 7 ms
----------------------------- 执行明细 -----------------------------
自检任务开始
总时长: 70 s
指令下发明细: 未下发
指令: StartSelfCheck
所属阶段: 阶段1 - 下发启动自检指令
发送时间: -
响应时间: -
发送次数: 0/1
请求帧: 01 06 00 17 00 A5
响应帧: 未下发, 设备未连接
处理结果: 未下发
启动失败
原因: 设备未连接
============================= SH85SelfCheck 执行记录结束 =============================
[设备记录 75/80 END] QRCode=12075 轮次ID=20260604_091827_618
[设备记录 76/80 BEGIN] QRCode=12076 轮次ID=20260604_091827_618
============================= SH85SelfCheck 执行记录 =============================
任务名称: SH85SelfCheck
模式: 周期自检
轮次ID: 20260604_091827_618
设备: 12076
结果: 失败
结果码: StartCommandFailed
说明: 设备未连接
开始时间: 2026-06-04 09:18:27.618
结束时间: 2026-06-04 09:18:27.625
耗时: 7 ms
----------------------------- 执行明细 -----------------------------
自检任务开始
总时长: 70 s
指令下发明细: 未下发
指令: StartSelfCheck
所属阶段: 阶段1 - 下发启动自检指令
发送时间: -
响应时间: -
发送次数: 0/1
请求帧: 01 06 00 17 00 A5
响应帧: 未下发, 设备未连接
处理结果: 未下发
启动失败
原因: 设备未连接
============================= SH85SelfCheck 执行记录结束 =============================
[设备记录 76/80 END] QRCode=12076 轮次ID=20260604_091827_618
[设备记录 77/80 BEGIN] QRCode=12077 轮次ID=20260604_091827_618
============================= SH85SelfCheck 执行记录 =============================
任务名称: SH85SelfCheck
模式: 周期自检
轮次ID: 20260604_091827_618
设备: 12077
结果: 失败
结果码: StartCommandFailed
说明: 设备未连接
开始时间: 2026-06-04 09:18:27.618
结束时间: 2026-06-04 09:18:27.625
耗时: 7 ms
----------------------------- 执行明细 -----------------------------
自检任务开始
总时长: 70 s
指令下发明细: 未下发
指令: StartSelfCheck
所属阶段: 阶段1 - 下发启动自检指令
发送时间: -
响应时间: -
发送次数: 0/1
请求帧: 01 06 00 17 00 A5
响应帧: 未下发, 设备未连接
处理结果: 未下发
启动失败
原因: 设备未连接
============================= SH85SelfCheck 执行记录结束 =============================
[设备记录 77/80 END] QRCode=12077 轮次ID=20260604_091827_618
[设备记录 78/80 BEGIN] QRCode=12078 轮次ID=20260604_091827_618
============================= SH85SelfCheck 执行记录 =============================
任务名称: SH85SelfCheck
模式: 周期自检
轮次ID: 20260604_091827_618
设备: 12078
结果: 失败
结果码: StartCommandFailed
说明: 设备未连接
开始时间: 2026-06-04 09:18:27.618
结束时间: 2026-06-04 09:18:27.625
耗时: 7 ms
----------------------------- 执行明细 -----------------------------
自检任务开始
总时长: 70 s
指令下发明细: 未下发
指令: StartSelfCheck
所属阶段: 阶段1 - 下发启动自检指令
发送时间: -
响应时间: -
发送次数: 0/1
请求帧: 01 06 00 17 00 A5
响应帧: 未下发, 设备未连接
处理结果: 未下发
启动失败
原因: 设备未连接
============================= SH85SelfCheck 执行记录结束 =============================
[设备记录 78/80 END] QRCode=12078 轮次ID=20260604_091827_618
[设备记录 79/80 BEGIN] QRCode=12079 轮次ID=20260604_091827_618
============================= SH85SelfCheck 执行记录 =============================
任务名称: SH85SelfCheck
模式: 周期自检
轮次ID: 20260604_091827_618
设备: 12079
结果: 失败
结果码: StartCommandFailed
说明: 设备未连接
开始时间: 2026-06-04 09:18:27.618
结束时间: 2026-06-04 09:18:27.625
耗时: 7 ms
----------------------------- 执行明细 -----------------------------
自检任务开始
总时长: 70 s
指令下发明细: 未下发
指令: StartSelfCheck
所属阶段: 阶段1 - 下发启动自检指令
发送时间: -
响应时间: -
发送次数: 0/1
请求帧: 01 06 00 17 00 A5
响应帧: 未下发, 设备未连接
处理结果: 未下发
启动失败
原因: 设备未连接
============================= SH85SelfCheck 执行记录结束 =============================
[设备记录 79/80 END] QRCode=12079 轮次ID=20260604_091827_618
[设备记录 80/80 BEGIN] QRCode=12080 轮次ID=20260604_091827_618
============================= SH85SelfCheck 执行记录 =============================
任务名称: SH85SelfCheck
模式: 周期自检
轮次ID: 20260604_091827_618
设备: 12080
结果: 失败
结果码: StartCommandFailed
说明: 设备未连接
开始时间: 2026-06-04 09:18:27.618
结束时间: 2026-06-04 09:18:27.625
耗时: 7 ms
----------------------------- 执行明细 -----------------------------
自检任务开始
总时长: 70 s
指令下发明细: 未下发
指令: StartSelfCheck
所属阶段: 阶段1 - 下发启动自检指令
发送时间: -
响应时间: -
发送次数: 0/1
请求帧: 01 06 00 17 00 A5
响应帧: 未下发, 设备未连接
处理结果: 未下发
启动失败
原因: 设备未连接
============================= SH85SelfCheck 执行记录结束 =============================
[设备记录 80/80 END] QRCode=12080 轮次ID=20260604_091827_618
############################## SH85_PERIODIC_ROUND_END ##############################
轮次ID: 20260604_091827_618
################################################################################
[2026-06-04 09:18:27] [WARN] [SH85PeriodicSelfCheckTask] 周期自检轮次失败
轮次ID: 20260604_091827_618
开始时间: 2026-06-04 09:18:27
结束时间: 2026-06-04 09:18:27
总设备数: 80
参与设备数: 80
成功设备数: 0
失败设备数: 80
跳过设备数: 0
失败原因摘要:
- 设备未连接: 80 台
  设备: 12001, 12002, 12003, 12004, 12005, 12006, 12007, 12008, 12009, 12010, 12011, 12012, 12013, 12014, 12015, 12016, 12017, 12018, 12019, 12020, 12021, 12022, 12023, 12024, 12025, 12026, 12027, 12028, 12029, 12030, 12031, 12032, 12033, 12034, 12035, 12036, 12037, 12038, 12039, 12040, 12041, 12042, 12043, 12044, 12045, 12046, 12047, 12048, 12049, 12050, 12051, 12052, 12053, 12054, 12055, 12056, 12057, 12058, 12059, 12060, 12061, 12062, 12063, 12064, 12065, 12066, 12067, 12068, 12069, 12070, 12071, 12072, 12073, 12074, 12075, 12076, 12077, 12078, 12079, 12080
详细执行记录: 请在 self_check.log 搜索轮次ID 20260604_091827_618
[2026-06-04 18:58:30] [INFO] ################################################################################
############################# SH85_PERIODIC_ROUND_BEGIN #############################
任务名称: SH85PeriodicSelfCheckTask
模式: 周期自检
轮次ID: 20260604_185830_263
开始时间: 2026-06-04 18:58:30
结束时间: 2026-06-04 18:58:30
总设备数: 80
参与设备数: 80
成功设备数: 0
失败设备数: 80
跳过设备数: 0
结果: 失败
失败设备: 12001, 12002, 12003, 12004, 12005, 12006, 12007, 12008, 12009, 12010, 12011, 12012, 12013, 12014, 12015, 12016, 12017, 12018, 12019, 12020, 12021, 12022, 12023, 12024, 12025, 12026, 12027, 12028, 12029, 12030, 12031, 12032, 12033, 12034, 12035, 12036, 12037, 12038, 12039, 12040, 12041, 12042, 12043, 12044, 12045, 12046, 12047, 12048, 12049, 12050, 12051, 12052, 12053, 12054, 12055, 12056, 12057, 12058, 12059, 12060, 12061, 12062, 12063, 12064, 12065, 12066, 12067, 12068, 12069, 12070, 12071, 12072, 12073, 12074, 12075, 12076, 12077, 12078, 12079, 12080
跳过设备: 无
----------------------------- 设备执行记录列表 -----------------------------
[设备记录 1/80 BEGIN] QRCode=12001 轮次ID=20260604_185830_263
============================= SH85SelfCheck 执行记录 =============================
任务名称: SH85SelfCheck
模式: 周期自检
轮次ID: 20260604_185830_263
设备: 12001
结果: 失败
结果码: StartCommandFailed
说明: 设备未连接
开始时间: 2026-06-04 18:58:30.263
结束时间: 2026-06-04 18:58:30.264
耗时: 1 ms
----------------------------- 执行明细 -----------------------------
自检任务开始
总时长: 70 s
指令下发明细: 未下发
指令: StartSelfCheck
所属阶段: 阶段1 - 下发启动自检指令
发送时间: -
响应时间: -
发送次数: 0/1
请求帧: 01 06 00 17 00 A5
响应帧: 未下发, 设备未连接
处理结果: 未下发
启动失败
原因: 设备未连接
============================= SH85SelfCheck 执行记录结束 =============================
[设备记录 1/80 END] QRCode=12001 轮次ID=20260604_185830_263
[设备记录 2/80 BEGIN] QRCode=12002 轮次ID=20260604_185830_263
============================= SH85SelfCheck 执行记录 =============================
任务名称: SH85SelfCheck
模式: 周期自检
轮次ID: 20260604_185830_263
设备: 12002
结果: 失败
结果码: StartCommandFailed
说明: 设备未连接
开始时间: 2026-06-04 18:58:30.263
结束时间: 2026-06-04 18:58:30.264
耗时: 1 ms
----------------------------- 执行明细 -----------------------------
自检任务开始
总时长: 70 s
指令下发明细: 未下发
指令: StartSelfCheck
所属阶段: 阶段1 - 下发启动自检指令
发送时间: -
响应时间: -
发送次数: 0/1
请求帧: 01 06 00 17 00 A5
响应帧: 未下发, 设备未连接
处理结果: 未下发
启动失败
原因: 设备未连接
============================= SH85SelfCheck 执行记录结束 =============================
[设备记录 2/80 END] QRCode=12002 轮次ID=20260604_185830_263
[设备记录 3/80 BEGIN] QRCode=12003 轮次ID=20260604_185830_263
============================= SH85SelfCheck 执行记录 =============================
任务名称: SH85SelfCheck
模式: 周期自检
轮次ID: 20260604_185830_263
设备: 12003
结果: 失败
结果码: StartCommandFailed
说明: 设备未连接
开始时间: 2026-06-04 18:58:30.263
结束时间: 2026-06-04 18:58:30.264
耗时: 1 ms
----------------------------- 执行明细 -----------------------------
自检任务开始
总时长: 70 s
指令下发明细: 未下发
指令: StartSelfCheck
所属阶段: 阶段1 - 下发启动自检指令
发送时间: -
响应时间: -
发送次数: 0/1
请求帧: 01 06 00 17 00 A5
响应帧: 未下发, 设备未连接
处理结果: 未下发
启动失败
原因: 设备未连接
============================= SH85SelfCheck 执行记录结束 =============================
[设备记录 3/80 END] QRCode=12003 轮次ID=20260604_185830_263
[设备记录 4/80 BEGIN] QRCode=12004 轮次ID=20260604_185830_263
============================= SH85SelfCheck 执行记录 =============================
任务名称: SH85SelfCheck
模式: 周期自检
轮次ID: 20260604_185830_263
设备: 12004
结果: 失败
结果码: StartCommandFailed
说明: 设备未连接
开始时间: 2026-06-04 18:58:30.263
结束时间: 2026-06-04 18:58:30.264
耗时: 1 ms
----------------------------- 执行明细 -----------------------------
自检任务开始
总时长: 70 s
指令下发明细: 未下发
指令: StartSelfCheck
所属阶段: 阶段1 - 下发启动自检指令
发送时间: -
响应时间: -
发送次数: 0/1
请求帧: 01 06 00 17 00 A5
响应帧: 未下发, 设备未连接
处理结果: 未下发
启动失败
原因: 设备未连接
============================= SH85SelfCheck 执行记录结束 =============================
[设备记录 4/80 END] QRCode=12004 轮次ID=20260604_185830_263
[设备记录 5/80 BEGIN] QRCode=12005 轮次ID=20260604_185830_263
============================= SH85SelfCheck 执行记录 =============================
任务名称: SH85SelfCheck
模式: 周期自检
轮次ID: 20260604_185830_263
设备: 12005
结果: 失败
结果码: StartCommandFailed
说明: 设备未连接
开始时间: 2026-06-04 18:58:30.263
结束时间: 2026-06-04 18:58:30.264
耗时: 1 ms
----------------------------- 执行明细 -----------------------------
自检任务开始
总时长: 70 s
指令下发明细: 未下发
指令: StartSelfCheck
所属阶段: 阶段1 - 下发启动自检指令
发送时间: -
响应时间: -
发送次数: 0/1
请求帧: 01 06 00 17 00 A5
响应帧: 未下发, 设备未连接
处理结果: 未下发
启动失败
原因: 设备未连接
============================= SH85SelfCheck 执行记录结束 =============================
[设备记录 5/80 END] QRCode=12005 轮次ID=20260604_185830_263
[设备记录 6/80 BEGIN] QRCode=12006 轮次ID=20260604_185830_263
============================= SH85SelfCheck 执行记录 =============================
任务名称: SH85SelfCheck
模式: 周期自检
轮次ID: 20260604_185830_263
设备: 12006
结果: 失败
结果码: StartCommandFailed
说明: 设备未连接
开始时间: 2026-06-04 18:58:30.263
结束时间: 2026-06-04 18:58:30.264
耗时: 1 ms
----------------------------- 执行明细 -----------------------------
自检任务开始
总时长: 70 s
指令下发明细: 未下发
指令: StartSelfCheck
所属阶段: 阶段1 - 下发启动自检指令
发送时间: -
响应时间: -
发送次数: 0/1
请求帧: 01 06 00 17 00 A5
响应帧: 未下发, 设备未连接
处理结果: 未下发
启动失败
原因: 设备未连接
============================= SH85SelfCheck 执行记录结束 =============================
[设备记录 6/80 END] QRCode=12006 轮次ID=20260604_185830_263
[设备记录 7/80 BEGIN] QRCode=12007 轮次ID=20260604_185830_263
============================= SH85SelfCheck 执行记录 =============================
任务名称: SH85SelfCheck
模式: 周期自检
轮次ID: 20260604_185830_263
设备: 12007
结果: 失败
结果码: StartCommandFailed
说明: 设备未连接
开始时间: 2026-06-04 18:58:30.263
结束时间: 2026-06-04 18:58:30.264
耗时: 1 ms
----------------------------- 执行明细 -----------------------------
自检任务开始
总时长: 70 s
指令下发明细: 未下发
指令: StartSelfCheck
所属阶段: 阶段1 - 下发启动自检指令
发送时间: -
响应时间: -
发送次数: 0/1
请求帧: 01 06 00 17 00 A5
响应帧: 未下发, 设备未连接
处理结果: 未下发
启动失败
原因: 设备未连接
============================= SH85SelfCheck 执行记录结束 =============================
[设备记录 7/80 END] QRCode=12007 轮次ID=20260604_185830_263
[设备记录 8/80 BEGIN] QRCode=12008 轮次ID=20260604_185830_263
============================= SH85SelfCheck 执行记录 =============================
任务名称: SH85SelfCheck
模式: 周期自检
轮次ID: 20260604_185830_263
设备: 12008
结果: 失败
结果码: StartCommandFailed
说明: 设备未连接
开始时间: 2026-06-04 18:58:30.263
结束时间: 2026-06-04 18:58:30.264
耗时: 1 ms
----------------------------- 执行明细 -----------------------------
自检任务开始
总时长: 70 s
指令下发明细: 未下发
指令: StartSelfCheck
所属阶段: 阶段1 - 下发启动自检指令
发送时间: -
响应时间: -
发送次数: 0/1
请求帧: 01 06 00 17 00 A5
响应帧: 未下发, 设备未连接
处理结果: 未下发
启动失败
原因: 设备未连接
============================= SH85SelfCheck 执行记录结束 =============================
[设备记录 8/80 END] QRCode=12008 轮次ID=20260604_185830_263
[设备记录 9/80 BEGIN] QRCode=12009 轮次ID=20260604_185830_263
============================= SH85SelfCheck 执行记录 =============================
任务名称: SH85SelfCheck
模式: 周期自检
轮次ID: 20260604_185830_263
设备: 12009
结果: 失败
结果码: StartCommandFailed
说明: 设备未连接
开始时间: 2026-06-04 18:58:30.263
结束时间: 2026-06-04 18:58:30.264
耗时: 1 ms
----------------------------- 执行明细 -----------------------------
自检任务开始
总时长: 70 s
指令下发明细: 未下发
指令: StartSelfCheck
所属阶段: 阶段1 - 下发启动自检指令
发送时间: -
响应时间: -
发送次数: 0/1
请求帧: 01 06 00 17 00 A5
响应帧: 未下发, 设备未连接
处理结果: 未下发
启动失败
原因: 设备未连接
============================= SH85SelfCheck 执行记录结束 =============================
[设备记录 9/80 END] QRCode=12009 轮次ID=20260604_185830_263
[设备记录 10/80 BEGIN] QRCode=12010 轮次ID=20260604_185830_263
============================= SH85SelfCheck 执行记录 =============================
任务名称: SH85SelfCheck
模式: 周期自检
轮次ID: 20260604_185830_263
设备: 12010
结果: 失败
结果码: StartCommandFailed
说明: 设备未连接
开始时间: 2026-06-04 18:58:30.263
结束时间: 2026-06-04 18:58:30.265
耗时: 2 ms
----------------------------- 执行明细 -----------------------------
自检任务开始
总时长: 70 s
指令下发明细: 未下发
指令: StartSelfCheck
所属阶段: 阶段1 - 下发启动自检指令
发送时间: -
响应时间: -
发送次数: 0/1
请求帧: 01 06 00 17 00 A5
响应帧: 未下发, 设备未连接
处理结果: 未下发
启动失败
原因: 设备未连接
============================= SH85SelfCheck 执行记录结束 =============================
[设备记录 10/80 END] QRCode=12010 轮次ID=20260604_185830_263
[设备记录 11/80 BEGIN] QRCode=12011 轮次ID=20260604_185830_263
============================= SH85SelfCheck 执行记录 =============================
任务名称: SH85SelfCheck
模式: 周期自检
轮次ID: 20260604_185830_263
设备: 12011
结果: 失败
结果码: StartCommandFailed
说明: 设备未连接
开始时间: 2026-06-04 18:58:30.263
结束时间: 2026-06-04 18:58:30.265
耗时: 2 ms
----------------------------- 执行明细 -----------------------------
自检任务开始
总时长: 70 s
指令下发明细: 未下发
指令: StartSelfCheck
所属阶段: 阶段1 - 下发启动自检指令
发送时间: -
响应时间: -
发送次数: 0/1
请求帧: 01 06 00 17 00 A5
响应帧: 未下发, 设备未连接
处理结果: 未下发
启动失败
原因: 设备未连接
============================= SH85SelfCheck 执行记录结束 =============================
[设备记录 11/80 END] QRCode=12011 轮次ID=20260604_185830_263
[设备记录 12/80 BEGIN] QRCode=12012 轮次ID=20260604_185830_263
============================= SH85SelfCheck 执行记录 =============================
任务名称: SH85SelfCheck
模式: 周期自检
轮次ID: 20260604_185830_263
设备: 12012
结果: 失败
结果码: StartCommandFailed
说明: 设备未连接
开始时间: 2026-06-04 18:58:30.263
结束时间: 2026-06-04 18:58:30.265
耗时: 2 ms
----------------------------- 执行明细 -----------------------------
自检任务开始
总时长: 70 s
指令下发明细: 未下发
指令: StartSelfCheck
所属阶段: 阶段1 - 下发启动自检指令
发送时间: -
响应时间: -
发送次数: 0/1
请求帧: 01 06 00 17 00 A5
响应帧: 未下发, 设备未连接
处理结果: 未下发
启动失败
原因: 设备未连接
============================= SH85SelfCheck 执行记录结束 =============================
[设备记录 12/80 END] QRCode=12012 轮次ID=20260604_185830_263
[设备记录 13/80 BEGIN] QRCode=12013 轮次ID=20260604_185830_263
============================= SH85SelfCheck 执行记录 =============================
任务名称: SH85SelfCheck
模式: 周期自检
轮次ID: 20260604_185830_263
设备: 12013
结果: 失败
结果码: StartCommandFailed
说明: 设备未连接
开始时间: 2026-06-04 18:58:30.263
结束时间: 2026-06-04 18:58:30.265
耗时: 2 ms
----------------------------- 执行明细 -----------------------------
自检任务开始
总时长: 70 s
指令下发明细: 未下发
指令: StartSelfCheck
所属阶段: 阶段1 - 下发启动自检指令
发送时间: -
响应时间: -
发送次数: 0/1
请求帧: 01 06 00 17 00 A5
响应帧: 未下发, 设备未连接
处理结果: 未下发
启动失败
原因: 设备未连接
============================= SH85SelfCheck 执行记录结束 =============================
[设备记录 13/80 END] QRCode=12013 轮次ID=20260604_185830_263
[设备记录 14/80 BEGIN] QRCode=12014 轮次ID=20260604_185830_263
============================= SH85SelfCheck 执行记录 =============================
任务名称: SH85SelfCheck
模式: 周期自检
轮次ID: 20260604_185830_263
设备: 12014
结果: 失败
结果码: StartCommandFailed
说明: 设备未连接
开始时间: 2026-06-04 18:58:30.263
结束时间: 2026-06-04 18:58:30.265
耗时: 2 ms
----------------------------- 执行明细 -----------------------------
自检任务开始
总时长: 70 s
指令下发明细: 未下发
指令: StartSelfCheck
所属阶段: 阶段1 - 下发启动自检指令
发送时间: -
响应时间: -
发送次数: 0/1
请求帧: 01 06 00 17 00 A5
响应帧: 未下发, 设备未连接
处理结果: 未下发
启动失败
原因: 设备未连接
============================= SH85SelfCheck 执行记录结束 =============================
[设备记录 14/80 END] QRCode=12014 轮次ID=20260604_185830_263
[设备记录 15/80 BEGIN] QRCode=12015 轮次ID=20260604_185830_263
============================= SH85SelfCheck 执行记录 =============================
任务名称: SH85SelfCheck
模式: 周期自检
轮次ID: 20260604_185830_263
设备: 12015
结果: 失败
结果码: StartCommandFailed
说明: 设备未连接
开始时间: 2026-06-04 18:58:30.263
结束时间: 2026-06-04 18:58:30.265
耗时: 2 ms
----------------------------- 执行明细 -----------------------------
自检任务开始
总时长: 70 s
指令下发明细: 未下发
指令: StartSelfCheck
所属阶段: 阶段1 - 下发启动自检指令
发送时间: -
响应时间: -
发送次数: 0/1
请求帧: 01 06 00 17 00 A5
响应帧: 未下发, 设备未连接
处理结果: 未下发
启动失败
原因: 设备未连接
============================= SH85SelfCheck 执行记录结束 =============================
[设备记录 15/80 END] QRCode=12015 轮次ID=20260604_185830_263
[设备记录 16/80 BEGIN] QRCode=12016 轮次ID=20260604_185830_263
============================= SH85SelfCheck 执行记录 =============================
任务名称: SH85SelfCheck
模式: 周期自检
轮次ID: 20260604_185830_263
设备: 12016
结果: 失败
结果码: StartCommandFailed
说明: 设备未连接
开始时间: 2026-06-04 18:58:30.263
结束时间: 2026-06-04 18:58:30.265
耗时: 2 ms
----------------------------- 执行明细 -----------------------------
自检任务开始
总时长: 70 s
指令下发明细: 未下发
指令: StartSelfCheck
所属阶段: 阶段1 - 下发启动自检指令
发送时间: -
响应时间: -
发送次数: 0/1
请求帧: 01 06 00 17 00 A5
响应帧: 未下发, 设备未连接
处理结果: 未下发
启动失败
原因: 设备未连接
============================= SH85SelfCheck 执行记录结束 =============================
[设备记录 16/80 END] QRCode=12016 轮次ID=20260604_185830_263
[设备记录 17/80 BEGIN] QRCode=12017 轮次ID=20260604_185830_263
============================= SH85SelfCheck 执行记录 =============================
任务名称: SH85SelfCheck
模式: 周期自检
轮次ID: 20260604_185830_263
设备: 12017
结果: 失败
结果码: StartCommandFailed
说明: 设备未连接
开始时间: 2026-06-04 18:58:30.263
结束时间: 2026-06-04 18:58:30.265
耗时: 2 ms
----------------------------- 执行明细 -----------------------------
自检任务开始
总时长: 70 s
指令下发明细: 未下发
指令: StartSelfCheck
所属阶段: 阶段1 - 下发启动自检指令
发送时间: -
响应时间: -
发送次数: 0/1
请求帧: 01 06 00 17 00 A5
响应帧: 未下发, 设备未连接
处理结果: 未下发
启动失败
原因: 设备未连接
============================= SH85SelfCheck 执行记录结束 =============================
[设备记录 17/80 END] QRCode=12017 轮次ID=20260604_185830_263
[设备记录 18/80 BEGIN] QRCode=12018 轮次ID=20260604_185830_263
============================= SH85SelfCheck 执行记录 =============================
任务名称: SH85SelfCheck
模式: 周期自检
轮次ID: 20260604_185830_263
设备: 12018
结果: 失败
结果码: StartCommandFailed
说明: 设备未连接
开始时间: 2026-06-04 18:58:30.263
结束时间: 2026-06-04 18:58:30.265
耗时: 2 ms
----------------------------- 执行明细 -----------------------------
自检任务开始
总时长: 70 s
指令下发明细: 未下发
指令: StartSelfCheck
所属阶段: 阶段1 - 下发启动自检指令
发送时间: -
响应时间: -
发送次数: 0/1
请求帧: 01 06 00 17 00 A5
响应帧: 未下发, 设备未连接
处理结果: 未下发
启动失败
原因: 设备未连接
============================= SH85SelfCheck 执行记录结束 =============================
[设备记录 18/80 END] QRCode=12018 轮次ID=20260604_185830_263
[设备记录 19/80 BEGIN] QRCode=12019 轮次ID=20260604_185830_263
============================= SH85SelfCheck 执行记录 =============================
任务名称: SH85SelfCheck
模式: 周期自检
轮次ID: 20260604_185830_263
设备: 12019
结果: 失败
结果码: StartCommandFailed
说明: 设备未连接
开始时间: 2026-06-04 18:58:30.263
结束时间: 2026-06-04 18:58:30.266
耗时: 3 ms
----------------------------- 执行明细 -----------------------------
自检任务开始
总时长: 70 s
指令下发明细: 未下发
指令: StartSelfCheck
所属阶段: 阶段1 - 下发启动自检指令
发送时间: -
响应时间: -
发送次数: 0/1
请求帧: 01 06 00 17 00 A5
响应帧: 未下发, 设备未连接
处理结果: 未下发
启动失败
原因: 设备未连接
============================= SH85SelfCheck 执行记录结束 =============================
[设备记录 19/80 END] QRCode=12019 轮次ID=20260604_185830_263
[设备记录 20/80 BEGIN] QRCode=12020 轮次ID=20260604_185830_263
============================= SH85SelfCheck 执行记录 =============================
任务名称: SH85SelfCheck
模式: 周期自检
轮次ID: 20260604_185830_263
设备: 12020
结果: 失败
结果码: StartCommandFailed
说明: 设备未连接
开始时间: 2026-06-04 18:58:30.263
结束时间: 2026-06-04 18:58:30.266
耗时: 3 ms
----------------------------- 执行明细 -----------------------------
自检任务开始
总时长: 70 s
指令下发明细: 未下发
指令: StartSelfCheck
所属阶段: 阶段1 - 下发启动自检指令
发送时间: -
响应时间: -
发送次数: 0/1
请求帧: 01 06 00 17 00 A5
响应帧: 未下发, 设备未连接
处理结果: 未下发
启动失败
原因: 设备未连接
============================= SH85SelfCheck 执行记录结束 =============================
[设备记录 20/80 END] QRCode=12020 轮次ID=20260604_185830_263
[设备记录 21/80 BEGIN] QRCode=12021 轮次ID=20260604_185830_263
============================= SH85SelfCheck 执行记录 =============================
任务名称: SH85SelfCheck
模式: 周期自检
轮次ID: 20260604_185830_263
设备: 12021
结果: 失败
结果码: StartCommandFailed
说明: 设备未连接
开始时间: 2026-06-04 18:58:30.263
结束时间: 2026-06-04 18:58:30.266
耗时: 3 ms
----------------------------- 执行明细 -----------------------------
自检任务开始
总时长: 70 s
指令下发明细: 未下发
指令: StartSelfCheck
所属阶段: 阶段1 - 下发启动自检指令
发送时间: -
响应时间: -
发送次数: 0/1
请求帧: 01 06 00 17 00 A5
响应帧: 未下发, 设备未连接
处理结果: 未下发
启动失败
原因: 设备未连接
============================= SH85SelfCheck 执行记录结束 =============================
[设备记录 21/80 END] QRCode=12021 轮次ID=20260604_185830_263
[设备记录 22/80 BEGIN] QRCode=12022 轮次ID=20260604_185830_263
============================= SH85SelfCheck 执行记录 =============================
任务名称: SH85SelfCheck
模式: 周期自检
轮次ID: 20260604_185830_263
设备: 12022
结果: 失败
结果码: StartCommandFailed
说明: 设备未连接
开始时间: 2026-06-04 18:58:30.263
结束时间: 2026-06-04 18:58:30.266
耗时: 3 ms
----------------------------- 执行明细 -----------------------------
自检任务开始
总时长: 70 s
指令下发明细: 未下发
指令: StartSelfCheck
所属阶段: 阶段1 - 下发启动自检指令
发送时间: -
响应时间: -
发送次数: 0/1
请求帧: 01 06 00 17 00 A5
响应帧: 未下发, 设备未连接
处理结果: 未下发
启动失败
原因: 设备未连接
============================= SH85SelfCheck 执行记录结束 =============================
[设备记录 22/80 END] QRCode=12022 轮次ID=20260604_185830_263
[设备记录 23/80 BEGIN] QRCode=12023 轮次ID=20260604_185830_263
============================= SH85SelfCheck 执行记录 =============================
任务名称: SH85SelfCheck
模式: 周期自检
轮次ID: 20260604_185830_263
设备: 12023
结果: 失败
结果码: StartCommandFailed
说明: 设备未连接
开始时间: 2026-06-04 18:58:30.263
结束时间: 2026-06-04 18:58:30.266
耗时: 3 ms
----------------------------- 执行明细 -----------------------------
自检任务开始
总时长: 70 s
指令下发明细: 未下发
指令: StartSelfCheck
所属阶段: 阶段1 - 下发启动自检指令
发送时间: -
响应时间: -
发送次数: 0/1
请求帧: 01 06 00 17 00 A5
响应帧: 未下发, 设备未连接
处理结果: 未下发
启动失败
原因: 设备未连接
============================= SH85SelfCheck 执行记录结束 =============================
[设备记录 23/80 END] QRCode=12023 轮次ID=20260604_185830_263
[设备记录 24/80 BEGIN] QRCode=12024 轮次ID=20260604_185830_263
============================= SH85SelfCheck 执行记录 =============================
任务名称: SH85SelfCheck
模式: 周期自检
轮次ID: 20260604_185830_263
设备: 12024
结果: 失败
结果码: StartCommandFailed
说明: 设备未连接
开始时间: 2026-06-04 18:58:30.263
结束时间: 2026-06-04 18:58:30.266
耗时: 3 ms
----------------------------- 执行明细 -----------------------------
自检任务开始
总时长: 70 s
指令下发明细: 未下发
指令: StartSelfCheck
所属阶段: 阶段1 - 下发启动自检指令
发送时间: -
响应时间: -
发送次数: 0/1
请求帧: 01 06 00 17 00 A5
响应帧: 未下发, 设备未连接
处理结果: 未下发
启动失败
原因: 设备未连接
============================= SH85SelfCheck 执行记录结束 =============================
[设备记录 24/80 END] QRCode=12024 轮次ID=20260604_185830_263
[设备记录 25/80 BEGIN] QRCode=12025 轮次ID=20260604_185830_263
============================= SH85SelfCheck 执行记录 =============================
任务名称: SH85SelfCheck
模式: 周期自检
轮次ID: 20260604_185830_263
设备: 12025
结果: 失败
结果码: StartCommandFailed
说明: 设备未连接
开始时间: 2026-06-04 18:58:30.263
结束时间: 2026-06-04 18:58:30.266
耗时: 3 ms
----------------------------- 执行明细 -----------------------------
自检任务开始
总时长: 70 s
指令下发明细: 未下发
指令: StartSelfCheck
所属阶段: 阶段1 - 下发启动自检指令
发送时间: -
响应时间: -
发送次数: 0/1
请求帧: 01 06 00 17 00 A5
响应帧: 未下发, 设备未连接
处理结果: 未下发
启动失败
原因: 设备未连接
============================= SH85SelfCheck 执行记录结束 =============================
[设备记录 25/80 END] QRCode=12025 轮次ID=20260604_185830_263
[设备记录 26/80 BEGIN] QRCode=12026 轮次ID=20260604_185830_263
============================= SH85SelfCheck 执行记录 =============================
任务名称: SH85SelfCheck
模式: 周期自检
轮次ID: 20260604_185830_263
设备: 12026
结果: 失败
结果码: StartCommandFailed
说明: 设备未连接
开始时间: 2026-06-04 18:58:30.263
结束时间: 2026-06-04 18:58:30.266
耗时: 3 ms
----------------------------- 执行明细 -----------------------------
自检任务开始
总时长: 70 s
指令下发明细: 未下发
指令: StartSelfCheck
所属阶段: 阶段1 - 下发启动自检指令
发送时间: -
响应时间: -
发送次数: 0/1
请求帧: 01 06 00 17 00 A5
响应帧: 未下发, 设备未连接
处理结果: 未下发
启动失败
原因: 设备未连接
============================= SH85SelfCheck 执行记录结束 =============================
[设备记录 26/80 END] QRCode=12026 轮次ID=20260604_185830_263
[设备记录 27/80 BEGIN] QRCode=12027 轮次ID=20260604_185830_263
============================= SH85SelfCheck 执行记录 =============================
任务名称: SH85SelfCheck
模式: 周期自检
轮次ID: 20260604_185830_263
设备: 12027
结果: 失败
结果码: StartCommandFailed
说明: 设备未连接
开始时间: 2026-06-04 18:58:30.263
结束时间: 2026-06-04 18:58:30.266
耗时: 3 ms
----------------------------- 执行明细 -----------------------------
自检任务开始
总时长: 70 s
指令下发明细: 未下发
指令: StartSelfCheck
所属阶段: 阶段1 - 下发启动自检指令
发送时间: -
响应时间: -
发送次数: 0/1
请求帧: 01 06 00 17 00 A5
响应帧: 未下发, 设备未连接
处理结果: 未下发
启动失败
原因: 设备未连接
============================= SH85SelfCheck 执行记录结束 =============================
[设备记录 27/80 END] QRCode=12027 轮次ID=20260604_185830_263
[设备记录 28/80 BEGIN] QRCode=12028 轮次ID=20260604_185830_263
============================= SH85SelfCheck 执行记录 =============================
任务名称: SH85SelfCheck
模式: 周期自检
轮次ID: 20260604_185830_263
设备: 12028
结果: 失败
结果码: StartCommandFailed
说明: 设备未连接
开始时间: 2026-06-04 18:58:30.263
结束时间: 2026-06-04 18:58:30.266
耗时: 3 ms
----------------------------- 执行明细 -----------------------------
自检任务开始
总时长: 70 s
指令下发明细: 未下发
指令: StartSelfCheck
所属阶段: 阶段1 - 下发启动自检指令
发送时间: -
响应时间: -
发送次数: 0/1
请求帧: 01 06 00 17 00 A5
响应帧: 未下发, 设备未连接
处理结果: 未下发
启动失败
原因: 设备未连接
============================= SH85SelfCheck 执行记录结束 =============================
[设备记录 28/80 END] QRCode=12028 轮次ID=20260604_185830_263
[设备记录 29/80 BEGIN] QRCode=12029 轮次ID=20260604_185830_263
============================= SH85SelfCheck 执行记录 =============================
任务名称: SH85SelfCheck
模式: 周期自检
轮次ID: 20260604_185830_263
设备: 12029
结果: 失败
结果码: StartCommandFailed
说明: 设备未连接
开始时间: 2026-06-04 18:58:30.263
结束时间: 2026-06-04 18:58:30.266
耗时: 3 ms
----------------------------- 执行明细 -----------------------------
自检任务开始
总时长: 70 s
指令下发明细: 未下发
指令: StartSelfCheck
所属阶段: 阶段1 - 下发启动自检指令
发送时间: -
响应时间: -
发送次数: 0/1
请求帧: 01 06 00 17 00 A5
响应帧: 未下发, 设备未连接
处理结果: 未下发
启动失败
原因: 设备未连接
============================= SH85SelfCheck 执行记录结束 =============================
[设备记录 29/80 END] QRCode=12029 轮次ID=20260604_185830_263
[设备记录 30/80 BEGIN] QRCode=12030 轮次ID=20260604_185830_263
============================= SH85SelfCheck 执行记录 =============================
任务名称: SH85SelfCheck
模式: 周期自检
轮次ID: 20260604_185830_263
设备: 12030
结果: 失败
结果码: StartCommandFailed
说明: 设备未连接
开始时间: 2026-06-04 18:58:30.263
结束时间: 2026-06-04 18:58:30.266
耗时: 3 ms
----------------------------- 执行明细 -----------------------------
自检任务开始
总时长: 70 s
指令下发明细: 未下发
指令: StartSelfCheck
所属阶段: 阶段1 - 下发启动自检指令
发送时间: -
响应时间: -
发送次数: 0/1
请求帧: 01 06 00 17 00 A5
响应帧: 未下发, 设备未连接
处理结果: 未下发
启动失败
原因: 设备未连接
============================= SH85SelfCheck 执行记录结束 =============================
[设备记录 30/80 END] QRCode=12030 轮次ID=20260604_185830_263
[设备记录 31/80 BEGIN] QRCode=12031 轮次ID=20260604_185830_263
============================= SH85SelfCheck 执行记录 =============================
任务名称: SH85SelfCheck
模式: 周期自检
轮次ID: 20260604_185830_263
设备: 12031
结果: 失败
结果码: StartCommandFailed
说明: 设备未连接
开始时间: 2026-06-04 18:58:30.263
结束时间: 2026-06-04 18:58:30.266
耗时: 3 ms
----------------------------- 执行明细 -----------------------------
自检任务开始
总时长: 70 s
指令下发明细: 未下发
指令: StartSelfCheck
所属阶段: 阶段1 - 下发启动自检指令
发送时间: -
响应时间: -
发送次数: 0/1
请求帧: 01 06 00 17 00 A5
响应帧: 未下发, 设备未连接
处理结果: 未下发
启动失败
原因: 设备未连接
============================= SH85SelfCheck 执行记录结束 =============================
[设备记录 31/80 END] QRCode=12031 轮次ID=20260604_185830_263
[设备记录 32/80 BEGIN] QRCode=12032 轮次ID=20260604_185830_263
============================= SH85SelfCheck 执行记录 =============================
任务名称: SH85SelfCheck
模式: 周期自检
轮次ID: 20260604_185830_263
设备: 12032
结果: 失败
结果码: StartCommandFailed
说明: 设备未连接
开始时间: 2026-06-04 18:58:30.263
结束时间: 2026-06-04 18:58:30.266
耗时: 3 ms
----------------------------- 执行明细 -----------------------------
自检任务开始
总时长: 70 s
指令下发明细: 未下发
指令: StartSelfCheck
所属阶段: 阶段1 - 下发启动自检指令
发送时间: -
响应时间: -
发送次数: 0/1
请求帧: 01 06 00 17 00 A5
响应帧: 未下发, 设备未连接
处理结果: 未下发
启动失败
原因: 设备未连接
============================= SH85SelfCheck 执行记录结束 =============================
[设备记录 32/80 END] QRCode=12032 轮次ID=20260604_185830_263
[设备记录 33/80 BEGIN] QRCode=12033 轮次ID=20260604_185830_263
============================= SH85SelfCheck 执行记录 =============================
任务名称: SH85SelfCheck
模式: 周期自检
轮次ID: 20260604_185830_263
设备: 12033
结果: 失败
结果码: StartCommandFailed
说明: 设备未连接
开始时间: 2026-06-04 18:58:30.263
结束时间: 2026-06-04 18:58:30.266
耗时: 3 ms
----------------------------- 执行明细 -----------------------------
自检任务开始
总时长: 70 s
指令下发明细: 未下发
指令: StartSelfCheck
所属阶段: 阶段1 - 下发启动自检指令
发送时间: -
响应时间: -
发送次数: 0/1
请求帧: 01 06 00 17 00 A5
响应帧: 未下发, 设备未连接
处理结果: 未下发
启动失败
原因: 设备未连接
============================= SH85SelfCheck 执行记录结束 =============================
[设备记录 33/80 END] QRCode=12033 轮次ID=20260604_185830_263
[设备记录 34/80 BEGIN] QRCode=12034 轮次ID=20260604_185830_263
============================= SH85SelfCheck 执行记录 =============================
任务名称: SH85SelfCheck
模式: 周期自检
轮次ID: 20260604_185830_263
设备: 12034
结果: 失败
结果码: StartCommandFailed
说明: 设备未连接
开始时间: 2026-06-04 18:58:30.263
结束时间: 2026-06-04 18:58:30.266
耗时: 3 ms
----------------------------- 执行明细 -----------------------------
自检任务开始
总时长: 70 s
指令下发明细: 未下发
指令: StartSelfCheck
所属阶段: 阶段1 - 下发启动自检指令
发送时间: -
响应时间: -
发送次数: 0/1
请求帧: 01 06 00 17 00 A5
响应帧: 未下发, 设备未连接
处理结果: 未下发
启动失败
原因: 设备未连接
============================= SH85SelfCheck 执行记录结束 =============================
[设备记录 34/80 END] QRCode=12034 轮次ID=20260604_185830_263
[设备记录 35/80 BEGIN] QRCode=12035 轮次ID=20260604_185830_263
============================= SH85SelfCheck 执行记录 =============================
任务名称: SH85SelfCheck
模式: 周期自检
轮次ID: 20260604_185830_263
设备: 12035
结果: 失败
结果码: StartCommandFailed
说明: 设备未连接
开始时间: 2026-06-04 18:58:30.263
结束时间: 2026-06-04 18:58:30.266
耗时: 3 ms
----------------------------- 执行明细 -----------------------------
自检任务开始
总时长: 70 s
指令下发明细: 未下发
指令: StartSelfCheck
所属阶段: 阶段1 - 下发启动自检指令
发送时间: -
响应时间: -
发送次数: 0/1
请求帧: 01 06 00 17 00 A5
响应帧: 未下发, 设备未连接
处理结果: 未下发
启动失败
原因: 设备未连接
============================= SH85SelfCheck 执行记录结束 =============================
[设备记录 35/80 END] QRCode=12035 轮次ID=20260604_185830_263
[设备记录 36/80 BEGIN] QRCode=12036 轮次ID=20260604_185830_263
============================= SH85SelfCheck 执行记录 =============================
任务名称: SH85SelfCheck
模式: 周期自检
轮次ID: 20260604_185830_263
设备: 12036
结果: 失败
结果码: StartCommandFailed
说明: 设备未连接
开始时间: 2026-06-04 18:58:30.263
结束时间: 2026-06-04 18:58:30.266
耗时: 3 ms
----------------------------- 执行明细 -----------------------------
自检任务开始
总时长: 70 s
指令下发明细: 未下发
指令: StartSelfCheck
所属阶段: 阶段1 - 下发启动自检指令
发送时间: -
响应时间: -
发送次数: 0/1
请求帧: 01 06 00 17 00 A5
响应帧: 未下发, 设备未连接
处理结果: 未下发
启动失败
原因: 设备未连接
============================= SH85SelfCheck 执行记录结束 =============================
[设备记录 36/80 END] QRCode=12036 轮次ID=20260604_185830_263
[设备记录 37/80 BEGIN] QRCode=12037 轮次ID=20260604_185830_263
============================= SH85SelfCheck 执行记录 =============================
任务名称: SH85SelfCheck
模式: 周期自检
轮次ID: 20260604_185830_263
设备: 12037
结果: 失败
结果码: StartCommandFailed
说明: 设备未连接
开始时间: 2026-06-04 18:58:30.263
结束时间: 2026-06-04 18:58:30.266
耗时: 3 ms
----------------------------- 执行明细 -----------------------------
自检任务开始
总时长: 70 s
指令下发明细: 未下发
指令: StartSelfCheck
所属阶段: 阶段1 - 下发启动自检指令
发送时间: -
响应时间: -
发送次数: 0/1
请求帧: 01 06 00 17 00 A5
响应帧: 未下发, 设备未连接
处理结果: 未下发
启动失败
原因: 设备未连接
============================= SH85SelfCheck 执行记录结束 =============================
[设备记录 37/80 END] QRCode=12037 轮次ID=20260604_185830_263
[设备记录 38/80 BEGIN] QRCode=12038 轮次ID=20260604_185830_263
============================= SH85SelfCheck 执行记录 =============================
任务名称: SH85SelfCheck
模式: 周期自检
轮次ID: 20260604_185830_263
设备: 12038
结果: 失败
结果码: StartCommandFailed
说明: 设备未连接
开始时间: 2026-06-04 18:58:30.263
结束时间: 2026-06-04 18:58:30.267
耗时: 4 ms
----------------------------- 执行明细 -----------------------------
自检任务开始
总时长: 70 s
指令下发明细: 未下发
指令: StartSelfCheck
所属阶段: 阶段1 - 下发启动自检指令
发送时间: -
响应时间: -
发送次数: 0/1
请求帧: 01 06 00 17 00 A5
响应帧: 未下发, 设备未连接
处理结果: 未下发
启动失败
原因: 设备未连接
============================= SH85SelfCheck 执行记录结束 =============================
[设备记录 38/80 END] QRCode=12038 轮次ID=20260604_185830_263
[设备记录 39/80 BEGIN] QRCode=12039 轮次ID=20260604_185830_263
============================= SH85SelfCheck 执行记录 =============================
任务名称: SH85SelfCheck
模式: 周期自检
轮次ID: 20260604_185830_263
设备: 12039
结果: 失败
结果码: StartCommandFailed
说明: 设备未连接
开始时间: 2026-06-04 18:58:30.263
结束时间: 2026-06-04 18:58:30.267
耗时: 4 ms
----------------------------- 执行明细 -----------------------------
自检任务开始
总时长: 70 s
指令下发明细: 未下发
指令: StartSelfCheck
所属阶段: 阶段1 - 下发启动自检指令
发送时间: -
响应时间: -
发送次数: 0/1
请求帧: 01 06 00 17 00 A5
响应帧: 未下发, 设备未连接
处理结果: 未下发
启动失败
原因: 设备未连接
============================= SH85SelfCheck 执行记录结束 =============================
[设备记录 39/80 END] QRCode=12039 轮次ID=20260604_185830_263
[设备记录 40/80 BEGIN] QRCode=12040 轮次ID=20260604_185830_263
============================= SH85SelfCheck 执行记录 =============================
任务名称: SH85SelfCheck
模式: 周期自检
轮次ID: 20260604_185830_263
设备: 12040
结果: 失败
结果码: StartCommandFailed
说明: 设备未连接
开始时间: 2026-06-04 18:58:30.263
结束时间: 2026-06-04 18:58:30.267
耗时: 4 ms
----------------------------- 执行明细 -----------------------------
自检任务开始
总时长: 70 s
指令下发明细: 未下发
指令: StartSelfCheck
所属阶段: 阶段1 - 下发启动自检指令
发送时间: -
响应时间: -
发送次数: 0/1
请求帧: 01 06 00 17 00 A5
响应帧: 未下发, 设备未连接
处理结果: 未下发
启动失败
原因: 设备未连接
============================= SH85SelfCheck 执行记录结束 =============================
[设备记录 40/80 END] QRCode=12040 轮次ID=20260604_185830_263
[设备记录 41/80 BEGIN] QRCode=12041 轮次ID=20260604_185830_263
============================= SH85SelfCheck 执行记录 =============================
任务名称: SH85SelfCheck
模式: 周期自检
轮次ID: 20260604_185830_263
设备: 12041
结果: 失败
结果码: StartCommandFailed
说明: 设备未连接
开始时间: 2026-06-04 18:58:30.263
结束时间: 2026-06-04 18:58:30.267
耗时: 4 ms
----------------------------- 执行明细 -----------------------------
自检任务开始
总时长: 70 s
指令下发明细: 未下发
指令: StartSelfCheck
所属阶段: 阶段1 - 下发启动自检指令
发送时间: -
响应时间: -
发送次数: 0/1
请求帧: 01 06 00 17 00 A5
响应帧: 未下发, 设备未连接
处理结果: 未下发
启动失败
原因: 设备未连接
============================= SH85SelfCheck 执行记录结束 =============================
[设备记录 41/80 END] QRCode=12041 轮次ID=20260604_185830_263
[设备记录 42/80 BEGIN] QRCode=12042 轮次ID=20260604_185830_263
============================= SH85SelfCheck 执行记录 =============================
任务名称: SH85SelfCheck
模式: 周期自检
轮次ID: 20260604_185830_263
设备: 12042
结果: 失败
结果码: StartCommandFailed
说明: 设备未连接
开始时间: 2026-06-04 18:58:30.263
结束时间: 2026-06-04 18:58:30.267
耗时: 4 ms
----------------------------- 执行明细 -----------------------------
自检任务开始
总时长: 70 s
指令下发明细: 未下发
指令: StartSelfCheck
所属阶段: 阶段1 - 下发启动自检指令
发送时间: -
响应时间: -
发送次数: 0/1
请求帧: 01 06 00 17 00 A5
响应帧: 未下发, 设备未连接
处理结果: 未下发
启动失败
原因: 设备未连接
============================= SH85SelfCheck 执行记录结束 =============================
[设备记录 42/80 END] QRCode=12042 轮次ID=20260604_185830_263
[设备记录 43/80 BEGIN] QRCode=12043 轮次ID=20260604_185830_263
============================= SH85SelfCheck 执行记录 =============================
任务名称: SH85SelfCheck
模式: 周期自检
轮次ID: 20260604_185830_263
设备: 12043
结果: 失败
结果码: StartCommandFailed
说明: 设备未连接
开始时间: 2026-06-04 18:58:30.263
结束时间: 2026-06-04 18:58:30.267
耗时: 4 ms
----------------------------- 执行明细 -----------------------------
自检任务开始
总时长: 70 s
指令下发明细: 未下发
指令: StartSelfCheck
所属阶段: 阶段1 - 下发启动自检指令
发送时间: -
响应时间: -
发送次数: 0/1
请求帧: 01 06 00 17 00 A5
响应帧: 未下发, 设备未连接
处理结果: 未下发
启动失败
原因: 设备未连接
============================= SH85SelfCheck 执行记录结束 =============================
[设备记录 43/80 END] QRCode=12043 轮次ID=20260604_185830_263
[设备记录 44/80 BEGIN] QRCode=12044 轮次ID=20260604_185830_263
============================= SH85SelfCheck 执行记录 =============================
任务名称: SH85SelfCheck
模式: 周期自检
轮次ID: 20260604_185830_263
设备: 12044
结果: 失败
结果码: StartCommandFailed
说明: 设备未连接
开始时间: 2026-06-04 18:58:30.263
结束时间: 2026-06-04 18:58:30.267
耗时: 4 ms
----------------------------- 执行明细 -----------------------------
自检任务开始
总时长: 70 s
指令下发明细: 未下发
指令: StartSelfCheck
所属阶段: 阶段1 - 下发启动自检指令
发送时间: -
响应时间: -
发送次数: 0/1
请求帧: 01 06 00 17 00 A5
响应帧: 未下发, 设备未连接
处理结果: 未下发
启动失败
原因: 设备未连接
============================= SH85SelfCheck 执行记录结束 =============================
[设备记录 44/80 END] QRCode=12044 轮次ID=20260604_185830_263
[设备记录 45/80 BEGIN] QRCode=12045 轮次ID=20260604_185830_263
============================= SH85SelfCheck 执行记录 =============================
任务名称: SH85SelfCheck
模式: 周期自检
轮次ID: 20260604_185830_263
设备: 12045
结果: 失败
结果码: StartCommandFailed
说明: 设备未连接
开始时间: 2026-06-04 18:58:30.263
结束时间: 2026-06-04 18:58:30.267
耗时: 4 ms
----------------------------- 执行明细 -----------------------------
自检任务开始
总时长: 70 s
指令下发明细: 未下发
指令: StartSelfCheck
所属阶段: 阶段1 - 下发启动自检指令
发送时间: -
响应时间: -
发送次数: 0/1
请求帧: 01 06 00 17 00 A5
响应帧: 未下发, 设备未连接
处理结果: 未下发
启动失败
原因: 设备未连接
============================= SH85SelfCheck 执行记录结束 =============================
[设备记录 45/80 END] QRCode=12045 轮次ID=20260604_185830_263
[设备记录 46/80 BEGIN] QRCode=12046 轮次ID=20260604_185830_263
============================= SH85SelfCheck 执行记录 =============================
任务名称: SH85SelfCheck
模式: 周期自检
轮次ID: 20260604_185830_263
设备: 12046
结果: 失败
结果码: StartCommandFailed
说明: 设备未连接
开始时间: 2026-06-04 18:58:30.263
结束时间: 2026-06-04 18:58:30.267
耗时: 4 ms
----------------------------- 执行明细 -----------------------------
自检任务开始
总时长: 70 s
指令下发明细: 未下发
指令: StartSelfCheck
所属阶段: 阶段1 - 下发启动自检指令
发送时间: -
响应时间: -
发送次数: 0/1
请求帧: 01 06 00 17 00 A5
响应帧: 未下发, 设备未连接
处理结果: 未下发
启动失败
原因: 设备未连接
============================= SH85SelfCheck 执行记录结束 =============================
[设备记录 46/80 END] QRCode=12046 轮次ID=20260604_185830_263
[设备记录 47/80 BEGIN] QRCode=12047 轮次ID=20260604_185830_263
============================= SH85SelfCheck 执行记录 =============================
任务名称: SH85SelfCheck
模式: 周期自检
轮次ID: 20260604_185830_263
设备: 12047
结果: 失败
结果码: StartCommandFailed
说明: 设备未连接
开始时间: 2026-06-04 18:58:30.263
结束时间: 2026-06-04 18:58:30.267
耗时: 4 ms
----------------------------- 执行明细 -----------------------------
自检任务开始
总时长: 70 s
指令下发明细: 未下发
指令: StartSelfCheck
所属阶段: 阶段1 - 下发启动自检指令
发送时间: -
响应时间: -
发送次数: 0/1
请求帧: 01 06 00 17 00 A5
响应帧: 未下发, 设备未连接
处理结果: 未下发
启动失败
原因: 设备未连接
============================= SH85SelfCheck 执行记录结束 =============================
[设备记录 47/80 END] QRCode=12047 轮次ID=20260604_185830_263
[设备记录 48/80 BEGIN] QRCode=12048 轮次ID=20260604_185830_263
============================= SH85SelfCheck 执行记录 =============================
任务名称: SH85SelfCheck
模式: 周期自检
轮次ID: 20260604_185830_263
设备: 12048
结果: 失败
结果码: StartCommandFailed
说明: 设备未连接
开始时间: 2026-06-04 18:58:30.263
结束时间: 2026-06-04 18:58:30.267
耗时: 4 ms
----------------------------- 执行明细 -----------------------------
自检任务开始
总时长: 70 s
指令下发明细: 未下发
指令: StartSelfCheck
所属阶段: 阶段1 - 下发启动自检指令
发送时间: -
响应时间: -
发送次数: 0/1
请求帧: 01 06 00 17 00 A5
响应帧: 未下发, 设备未连接
处理结果: 未下发
启动失败
原因: 设备未连接
============================= SH85SelfCheck 执行记录结束 =============================
[设备记录 48/80 END] QRCode=12048 轮次ID=20260604_185830_263
[设备记录 49/80 BEGIN] QRCode=12049 轮次ID=20260604_185830_263
============================= SH85SelfCheck 执行记录 =============================
任务名称: SH85SelfCheck
模式: 周期自检
轮次ID: 20260604_185830_263
设备: 12049
结果: 失败
结果码: StartCommandFailed
说明: 设备未连接
开始时间: 2026-06-04 18:58:30.263
结束时间: 2026-06-04 18:58:30.267
耗时: 4 ms
----------------------------- 执行明细 -----------------------------
自检任务开始
总时长: 70 s
指令下发明细: 未下发
指令: StartSelfCheck
所属阶段: 阶段1 - 下发启动自检指令
发送时间: -
响应时间: -
发送次数: 0/1
请求帧: 01 06 00 17 00 A5
响应帧: 未下发, 设备未连接
处理结果: 未下发
启动失败
原因: 设备未连接
============================= SH85SelfCheck 执行记录结束 =============================
[设备记录 49/80 END] QRCode=12049 轮次ID=20260604_185830_263
[设备记录 50/80 BEGIN] QRCode=12050 轮次ID=20260604_185830_263
============================= SH85SelfCheck 执行记录 =============================
任务名称: SH85SelfCheck
模式: 周期自检
轮次ID: 20260604_185830_263
设备: 12050
结果: 失败
结果码: StartCommandFailed
说明: 设备未连接
开始时间: 2026-06-04 18:58:30.263
结束时间: 2026-06-04 18:58:30.267
耗时: 4 ms
----------------------------- 执行明细 -----------------------------
自检任务开始
总时长: 70 s
指令下发明细: 未下发
指令: StartSelfCheck
所属阶段: 阶段1 - 下发启动自检指令
发送时间: -
响应时间: -
发送次数: 0/1
请求帧: 01 06 00 17 00 A5
响应帧: 未下发, 设备未连接
处理结果: 未下发
启动失败
原因: 设备未连接
============================= SH85SelfCheck 执行记录结束 =============================
[设备记录 50/80 END] QRCode=12050 轮次ID=20260604_185830_263
[设备记录 51/80 BEGIN] QRCode=12051 轮次ID=20260604_185830_263
============================= SH85SelfCheck 执行记录 =============================
任务名称: SH85SelfCheck
模式: 周期自检
轮次ID: 20260604_185830_263
设备: 12051
结果: 失败
结果码: StartCommandFailed
说明: 设备未连接
开始时间: 2026-06-04 18:58:30.263
结束时间: 2026-06-04 18:58:30.267
耗时: 4 ms
----------------------------- 执行明细 -----------------------------
自检任务开始
总时长: 70 s
指令下发明细: 未下发
指令: StartSelfCheck
所属阶段: 阶段1 - 下发启动自检指令
发送时间: -
响应时间: -
发送次数: 0/1
请求帧: 01 06 00 17 00 A5
响应帧: 未下发, 设备未连接
处理结果: 未下发
启动失败
原因: 设备未连接
============================= SH85SelfCheck 执行记录结束 =============================
[设备记录 51/80 END] QRCode=12051 轮次ID=20260604_185830_263
[设备记录 52/80 BEGIN] QRCode=12052 轮次ID=20260604_185830_263
============================= SH85SelfCheck 执行记录 =============================
任务名称: SH85SelfCheck
模式: 周期自检
轮次ID: 20260604_185830_263
设备: 12052
结果: 失败
结果码: StartCommandFailed
说明: 设备未连接
开始时间: 2026-06-04 18:58:30.263
结束时间: 2026-06-04 18:58:30.269
耗时: 6 ms
----------------------------- 执行明细 -----------------------------
自检任务开始
总时长: 70 s
指令下发明细: 未下发
指令: StartSelfCheck
所属阶段: 阶段1 - 下发启动自检指令
发送时间: -
响应时间: -
发送次数: 0/1
请求帧: 01 06 00 17 00 A5
响应帧: 未下发, 设备未连接
处理结果: 未下发
启动失败
原因: 设备未连接
============================= SH85SelfCheck 执行记录结束 =============================
[设备记录 52/80 END] QRCode=12052 轮次ID=20260604_185830_263
[设备记录 53/80 BEGIN] QRCode=12053 轮次ID=20260604_185830_263
============================= SH85SelfCheck 执行记录 =============================
任务名称: SH85SelfCheck
模式: 周期自检
轮次ID: 20260604_185830_263
设备: 12053
结果: 失败
结果码: StartCommandFailed
说明: 设备未连接
开始时间: 2026-06-04 18:58:30.263
结束时间: 2026-06-04 18:58:30.269
耗时: 6 ms
----------------------------- 执行明细 -----------------------------
自检任务开始
总时长: 70 s
指令下发明细: 未下发
指令: StartSelfCheck
所属阶段: 阶段1 - 下发启动自检指令
发送时间: -
响应时间: -
发送次数: 0/1
请求帧: 01 06 00 17 00 A5
响应帧: 未下发, 设备未连接
处理结果: 未下发
启动失败
原因: 设备未连接
============================= SH85SelfCheck 执行记录结束 =============================
[设备记录 53/80 END] QRCode=12053 轮次ID=20260604_185830_263
[设备记录 54/80 BEGIN] QRCode=12054 轮次ID=20260604_185830_263
============================= SH85SelfCheck 执行记录 =============================
任务名称: SH85SelfCheck
模式: 周期自检
轮次ID: 20260604_185830_263
设备: 12054
结果: 失败
结果码: StartCommandFailed
说明: 设备未连接
开始时间: 2026-06-04 18:58:30.263
结束时间: 2026-06-04 18:58:30.269
耗时: 6 ms
----------------------------- 执行明细 -----------------------------
自检任务开始
总时长: 70 s
指令下发明细: 未下发
指令: StartSelfCheck
所属阶段: 阶段1 - 下发启动自检指令
发送时间: -
响应时间: -
发送次数: 0/1
请求帧: 01 06 00 17 00 A5
响应帧: 未下发, 设备未连接
处理结果: 未下发
启动失败
原因: 设备未连接
============================= SH85SelfCheck 执行记录结束 =============================
[设备记录 54/80 END] QRCode=12054 轮次ID=20260604_185830_263
[设备记录 55/80 BEGIN] QRCode=12055 轮次ID=20260604_185830_263
============================= SH85SelfCheck 执行记录 =============================
任务名称: SH85SelfCheck
模式: 周期自检
轮次ID: 20260604_185830_263
设备: 12055
结果: 失败
结果码: StartCommandFailed
说明: 设备未连接
开始时间: 2026-06-04 18:58:30.263
结束时间: 2026-06-04 18:58:30.269
耗时: 6 ms
----------------------------- 执行明细 -----------------------------
自检任务开始
总时长: 70 s
指令下发明细: 未下发
指令: StartSelfCheck
所属阶段: 阶段1 - 下发启动自检指令
发送时间: -
响应时间: -
发送次数: 0/1
请求帧: 01 06 00 17 00 A5
响应帧: 未下发, 设备未连接
处理结果: 未下发
启动失败
原因: 设备未连接
============================= SH85SelfCheck 执行记录结束 =============================
[设备记录 55/80 END] QRCode=12055 轮次ID=20260604_185830_263
[设备记录 56/80 BEGIN] QRCode=12056 轮次ID=20260604_185830_263
============================= SH85SelfCheck 执行记录 =============================
任务名称: SH85SelfCheck
模式: 周期自检
轮次ID: 20260604_185830_263
设备: 12056
结果: 失败
结果码: StartCommandFailed
说明: 设备未连接
开始时间: 2026-06-04 18:58:30.263
结束时间: 2026-06-04 18:58:30.269
耗时: 6 ms
----------------------------- 执行明细 -----------------------------
自检任务开始
总时长: 70 s
指令下发明细: 未下发
指令: StartSelfCheck
所属阶段: 阶段1 - 下发启动自检指令
发送时间: -
响应时间: -
发送次数: 0/1
请求帧: 01 06 00 17 00 A5
响应帧: 未下发, 设备未连接
处理结果: 未下发
启动失败
原因: 设备未连接
============================= SH85SelfCheck 执行记录结束 =============================
[设备记录 56/80 END] QRCode=12056 轮次ID=20260604_185830_263
[设备记录 57/80 BEGIN] QRCode=12057 轮次ID=20260604_185830_263
============================= SH85SelfCheck 执行记录 =============================
任务名称: SH85SelfCheck
模式: 周期自检
轮次ID: 20260604_185830_263
设备: 12057
结果: 失败
结果码: StartCommandFailed
说明: 设备未连接
开始时间: 2026-06-04 18:58:30.263
结束时间: 2026-06-04 18:58:30.269
耗时: 6 ms
----------------------------- 执行明细 -----------------------------
自检任务开始
总时长: 70 s
指令下发明细: 未下发
指令: StartSelfCheck
所属阶段: 阶段1 - 下发启动自检指令
发送时间: -
响应时间: -
发送次数: 0/1
请求帧: 01 06 00 17 00 A5
响应帧: 未下发, 设备未连接
处理结果: 未下发
启动失败
原因: 设备未连接
============================= SH85SelfCheck 执行记录结束 =============================
[设备记录 57/80 END] QRCode=12057 轮次ID=20260604_185830_263
[设备记录 58/80 BEGIN] QRCode=12058 轮次ID=20260604_185830_263
============================= SH85SelfCheck 执行记录 =============================
任务名称: SH85SelfCheck
模式: 周期自检
轮次ID: 20260604_185830_263
设备: 12058
结果: 失败
结果码: StartCommandFailed
说明: 设备未连接
开始时间: 2026-06-04 18:58:30.263
结束时间: 2026-06-04 18:58:30.269
耗时: 6 ms
----------------------------- 执行明细 -----------------------------
自检任务开始
总时长: 70 s
指令下发明细: 未下发
指令: StartSelfCheck
所属阶段: 阶段1 - 下发启动自检指令
发送时间: -
响应时间: -
发送次数: 0/1
请求帧: 01 06 00 17 00 A5
响应帧: 未下发, 设备未连接
处理结果: 未下发
启动失败
原因: 设备未连接
============================= SH85SelfCheck 执行记录结束 =============================
[设备记录 58/80 END] QRCode=12058 轮次ID=20260604_185830_263
[设备记录 59/80 BEGIN] QRCode=12059 轮次ID=20260604_185830_263
============================= SH85SelfCheck 执行记录 =============================
任务名称: SH85SelfCheck
模式: 周期自检
轮次ID: 20260604_185830_263
设备: 12059
结果: 失败
结果码: StartCommandFailed
说明: 设备未连接
开始时间: 2026-06-04 18:58:30.263
结束时间: 2026-06-04 18:58:30.269
耗时: 6 ms
----------------------------- 执行明细 -----------------------------
自检任务开始
总时长: 70 s
指令下发明细: 未下发
指令: StartSelfCheck
所属阶段: 阶段1 - 下发启动自检指令
发送时间: -
响应时间: -
发送次数: 0/1
请求帧: 01 06 00 17 00 A5
响应帧: 未下发, 设备未连接
处理结果: 未下发
启动失败
原因: 设备未连接
============================= SH85SelfCheck 执行记录结束 =============================
[设备记录 59/80 END] QRCode=12059 轮次ID=20260604_185830_263
[设备记录 60/80 BEGIN] QRCode=12060 轮次ID=20260604_185830_263
============================= SH85SelfCheck 执行记录 =============================
任务名称: SH85SelfCheck
模式: 周期自检
轮次ID: 20260604_185830_263
设备: 12060
结果: 失败
结果码: StartCommandFailed
说明: 设备未连接
开始时间: 2026-06-04 18:58:30.263
结束时间: 2026-06-04 18:58:30.269
耗时: 6 ms
----------------------------- 执行明细 -----------------------------
自检任务开始
总时长: 70 s
指令下发明细: 未下发
指令: StartSelfCheck
所属阶段: 阶段1 - 下发启动自检指令
发送时间: -
响应时间: -
发送次数: 0/1
请求帧: 01 06 00 17 00 A5
响应帧: 未下发, 设备未连接
处理结果: 未下发
启动失败
原因: 设备未连接
============================= SH85SelfCheck 执行记录结束 =============================
[设备记录 60/80 END] QRCode=12060 轮次ID=20260604_185830_263
[设备记录 61/80 BEGIN] QRCode=12061 轮次ID=20260604_185830_263
============================= SH85SelfCheck 执行记录 =============================
任务名称: SH85SelfCheck
模式: 周期自检
轮次ID: 20260604_185830_263
设备: 12061
结果: 失败
结果码: StartCommandFailed
说明: 设备未连接
开始时间: 2026-06-04 18:58:30.263
结束时间: 2026-06-04 18:58:30.269
耗时: 6 ms
----------------------------- 执行明细 -----------------------------
自检任务开始
总时长: 70 s
指令下发明细: 未下发
指令: StartSelfCheck
所属阶段: 阶段1 - 下发启动自检指令
发送时间: -
响应时间: -
发送次数: 0/1
请求帧: 01 06 00 17 00 A5
响应帧: 未下发, 设备未连接
处理结果: 未下发
启动失败
原因: 设备未连接
============================= SH85SelfCheck 执行记录结束 =============================
[设备记录 61/80 END] QRCode=12061 轮次ID=20260604_185830_263
[设备记录 62/80 BEGIN] QRCode=12062 轮次ID=20260604_185830_263
============================= SH85SelfCheck 执行记录 =============================
任务名称: SH85SelfCheck
模式: 周期自检
轮次ID: 20260604_185830_263
设备: 12062
结果: 失败
结果码: StartCommandFailed
说明: 设备未连接
开始时间: 2026-06-04 18:58:30.263
结束时间: 2026-06-04 18:58:30.269
耗时: 6 ms
----------------------------- 执行明细 -----------------------------
自检任务开始
总时长: 70 s
指令下发明细: 未下发
指令: StartSelfCheck
所属阶段: 阶段1 - 下发启动自检指令
发送时间: -
响应时间: -
发送次数: 0/1
请求帧: 01 06 00 17 00 A5
响应帧: 未下发, 设备未连接
处理结果: 未下发
启动失败
原因: 设备未连接
============================= SH85SelfCheck 执行记录结束 =============================
[设备记录 62/80 END] QRCode=12062 轮次ID=20260604_185830_263
[设备记录 63/80 BEGIN] QRCode=12063 轮次ID=20260604_185830_263
============================= SH85SelfCheck 执行记录 =============================
任务名称: SH85SelfCheck
模式: 周期自检
轮次ID: 20260604_185830_263
设备: 12063
结果: 失败
结果码: StartCommandFailed
说明: 设备未连接
开始时间: 2026-06-04 18:58:30.263
结束时间: 2026-06-04 18:58:30.269
耗时: 6 ms
----------------------------- 执行明细 -----------------------------
自检任务开始
总时长: 70 s
指令下发明细: 未下发
指令: StartSelfCheck
所属阶段: 阶段1 - 下发启动自检指令
发送时间: -
响应时间: -
发送次数: 0/1
请求帧: 01 06 00 17 00 A5
响应帧: 未下发, 设备未连接
处理结果: 未下发
启动失败
原因: 设备未连接
============================= SH85SelfCheck 执行记录结束 =============================
[设备记录 63/80 END] QRCode=12063 轮次ID=20260604_185830_263
[设备记录 64/80 BEGIN] QRCode=12064 轮次ID=20260604_185830_263
============================= SH85SelfCheck 执行记录 =============================
任务名称: SH85SelfCheck
模式: 周期自检
轮次ID: 20260604_185830_263
设备: 12064
结果: 失败
结果码: StartCommandFailed
说明: 设备未连接
开始时间: 2026-06-04 18:58:30.263
结束时间: 2026-06-04 18:58:30.269
耗时: 6 ms
----------------------------- 执行明细 -----------------------------
自检任务开始
总时长: 70 s
指令下发明细: 未下发
指令: StartSelfCheck
所属阶段: 阶段1 - 下发启动自检指令
发送时间: -
响应时间: -
发送次数: 0/1
请求帧: 01 06 00 17 00 A5
响应帧: 未下发, 设备未连接
处理结果: 未下发
启动失败
原因: 设备未连接
============================= SH85SelfCheck 执行记录结束 =============================
[设备记录 64/80 END] QRCode=12064 轮次ID=20260604_185830_263
[设备记录 65/80 BEGIN] QRCode=12065 轮次ID=20260604_185830_263
============================= SH85SelfCheck 执行记录 =============================
任务名称: SH85SelfCheck
模式: 周期自检
轮次ID: 20260604_185830_263
设备: 12065
结果: 失败
结果码: StartCommandFailed
说明: 设备未连接
开始时间: 2026-06-04 18:58:30.263
结束时间: 2026-06-04 18:58:30.269
耗时: 6 ms
----------------------------- 执行明细 -----------------------------
自检任务开始
总时长: 70 s
指令下发明细: 未下发
指令: StartSelfCheck
所属阶段: 阶段1 - 下发启动自检指令
发送时间: -
响应时间: -
发送次数: 0/1
请求帧: 01 06 00 17 00 A5
响应帧: 未下发, 设备未连接
处理结果: 未下发
启动失败
原因: 设备未连接
============================= SH85SelfCheck 执行记录结束 =============================
[设备记录 65/80 END] QRCode=12065 轮次ID=20260604_185830_263
[设备记录 66/80 BEGIN] QRCode=12066 轮次ID=20260604_185830_263
============================= SH85SelfCheck 执行记录 =============================
任务名称: SH85SelfCheck
模式: 周期自检
轮次ID: 20260604_185830_263
设备: 12066
结果: 失败
结果码: StartCommandFailed
说明: 设备未连接
开始时间: 2026-06-04 18:58:30.263
结束时间: 2026-06-04 18:58:30.269
耗时: 6 ms
----------------------------- 执行明细 -----------------------------
自检任务开始
总时长: 70 s
指令下发明细: 未下发
指令: StartSelfCheck
所属阶段: 阶段1 - 下发启动自检指令
发送时间: -
响应时间: -
发送次数: 0/1
请求帧: 01 06 00 17 00 A5
响应帧: 未下发, 设备未连接
处理结果: 未下发
启动失败
原因: 设备未连接
============================= SH85SelfCheck 执行记录结束 =============================
[设备记录 66/80 END] QRCode=12066 轮次ID=20260604_185830_263
[设备记录 67/80 BEGIN] QRCode=12067 轮次ID=20260604_185830_263
============================= SH85SelfCheck 执行记录 =============================
任务名称: SH85SelfCheck
模式: 周期自检
轮次ID: 20260604_185830_263
设备: 12067
结果: 失败
结果码: StartCommandFailed
说明: 设备未连接
开始时间: 2026-06-04 18:58:30.263
结束时间: 2026-06-04 18:58:30.269
耗时: 6 ms
----------------------------- 执行明细 -----------------------------
自检任务开始
总时长: 70 s
指令下发明细: 未下发
指令: StartSelfCheck
所属阶段: 阶段1 - 下发启动自检指令
发送时间: -
响应时间: -
发送次数: 0/1
请求帧: 01 06 00 17 00 A5
响应帧: 未下发, 设备未连接
处理结果: 未下发
启动失败
原因: 设备未连接
============================= SH85SelfCheck 执行记录结束 =============================
[设备记录 67/80 END] QRCode=12067 轮次ID=20260604_185830_263
[设备记录 68/80 BEGIN] QRCode=12068 轮次ID=20260604_185830_263
============================= SH85SelfCheck 执行记录 =============================
任务名称: SH85SelfCheck
模式: 周期自检
轮次ID: 20260604_185830_263
设备: 12068
结果: 失败
结果码: StartCommandFailed
说明: 设备未连接
开始时间: 2026-06-04 18:58:30.263
结束时间: 2026-06-04 18:58:30.269
耗时: 6 ms
----------------------------- 执行明细 -----------------------------
自检任务开始
总时长: 70 s
指令下发明细: 未下发
指令: StartSelfCheck
所属阶段: 阶段1 - 下发启动自检指令
发送时间: -
响应时间: -
发送次数: 0/1
请求帧: 01 06 00 17 00 A5
响应帧: 未下发, 设备未连接
处理结果: 未下发
启动失败
原因: 设备未连接
============================= SH85SelfCheck 执行记录结束 =============================
[设备记录 68/80 END] QRCode=12068 轮次ID=20260604_185830_263
[设备记录 69/80 BEGIN] QRCode=12069 轮次ID=20260604_185830_263
============================= SH85SelfCheck 执行记录 =============================
任务名称: SH85SelfCheck
模式: 周期自检
轮次ID: 20260604_185830_263
设备: 12069
结果: 失败
结果码: StartCommandFailed
说明: 设备未连接
开始时间: 2026-06-04 18:58:30.263
结束时间: 2026-06-04 18:58:30.269
耗时: 6 ms
----------------------------- 执行明细 -----------------------------
自检任务开始
总时长: 70 s
指令下发明细: 未下发
指令: StartSelfCheck
所属阶段: 阶段1 - 下发启动自检指令
发送时间: -
响应时间: -
发送次数: 0/1
请求帧: 01 06 00 17 00 A5
响应帧: 未下发, 设备未连接
处理结果: 未下发
启动失败
原因: 设备未连接
============================= SH85SelfCheck 执行记录结束 =============================
[设备记录 69/80 END] QRCode=12069 轮次ID=20260604_185830_263
[设备记录 70/80 BEGIN] QRCode=12070 轮次ID=20260604_185830_263
============================= SH85SelfCheck 执行记录 =============================
任务名称: SH85SelfCheck
模式: 周期自检
轮次ID: 20260604_185830_263
设备: 12070
结果: 失败
结果码: StartCommandFailed
说明: 设备未连接
开始时间: 2026-06-04 18:58:30.263
结束时间: 2026-06-04 18:58:30.269
耗时: 6 ms
----------------------------- 执行明细 -----------------------------
自检任务开始
总时长: 70 s
指令下发明细: 未下发
指令: StartSelfCheck
所属阶段: 阶段1 - 下发启动自检指令
发送时间: -
响应时间: -
发送次数: 0/1
请求帧: 01 06 00 17 00 A5
响应帧: 未下发, 设备未连接
处理结果: 未下发
启动失败
原因: 设备未连接
============================= SH85SelfCheck 执行记录结束 =============================
[设备记录 70/80 END] QRCode=12070 轮次ID=20260604_185830_263
[设备记录 71/80 BEGIN] QRCode=12071 轮次ID=20260604_185830_263
============================= SH85SelfCheck 执行记录 =============================
任务名称: SH85SelfCheck
模式: 周期自检
轮次ID: 20260604_185830_263
设备: 12071
结果: 失败
结果码: StartCommandFailed
说明: 设备未连接
开始时间: 2026-06-04 18:58:30.263
结束时间: 2026-06-04 18:58:30.269
耗时: 6 ms
----------------------------- 执行明细 -----------------------------
自检任务开始
总时长: 70 s
指令下发明细: 未下发
指令: StartSelfCheck
所属阶段: 阶段1 - 下发启动自检指令
发送时间: -
响应时间: -
发送次数: 0/1
请求帧: 01 06 00 17 00 A5
响应帧: 未下发, 设备未连接
处理结果: 未下发
启动失败
原因: 设备未连接
============================= SH85SelfCheck 执行记录结束 =============================
[设备记录 71/80 END] QRCode=12071 轮次ID=20260604_185830_263
[设备记录 72/80 BEGIN] QRCode=12072 轮次ID=20260604_185830_263
============================= SH85SelfCheck 执行记录 =============================
任务名称: SH85SelfCheck
模式: 周期自检
轮次ID: 20260604_185830_263
设备: 12072
结果: 失败
结果码: StartCommandFailed
说明: 设备未连接
开始时间: 2026-06-04 18:58:30.263
结束时间: 2026-06-04 18:58:30.269
耗时: 6 ms
----------------------------- 执行明细 -----------------------------
自检任务开始
总时长: 70 s
指令下发明细: 未下发
指令: StartSelfCheck
所属阶段: 阶段1 - 下发启动自检指令
发送时间: -
响应时间: -
发送次数: 0/1
请求帧: 01 06 00 17 00 A5
响应帧: 未下发, 设备未连接
处理结果: 未下发
启动失败
原因: 设备未连接
============================= SH85SelfCheck 执行记录结束 =============================
[设备记录 72/80 END] QRCode=12072 轮次ID=20260604_185830_263
[设备记录 73/80 BEGIN] QRCode=12073 轮次ID=20260604_185830_263
============================= SH85SelfCheck 执行记录 =============================
任务名称: SH85SelfCheck
模式: 周期自检
轮次ID: 20260604_185830_263
设备: 12073
结果: 失败
结果码: StartCommandFailed
说明: 设备未连接
开始时间: 2026-06-04 18:58:30.263
结束时间: 2026-06-04 18:58:30.269
耗时: 6 ms
----------------------------- 执行明细 -----------------------------
自检任务开始
总时长: 70 s
指令下发明细: 未下发
指令: StartSelfCheck
所属阶段: 阶段1 - 下发启动自检指令
发送时间: -
响应时间: -
发送次数: 0/1
请求帧: 01 06 00 17 00 A5
响应帧: 未下发, 设备未连接
处理结果: 未下发
启动失败
原因: 设备未连接
============================= SH85SelfCheck 执行记录结束 =============================
[设备记录 73/80 END] QRCode=12073 轮次ID=20260604_185830_263
[设备记录 74/80 BEGIN] QRCode=12074 轮次ID=20260604_185830_263
============================= SH85SelfCheck 执行记录 =============================
任务名称: SH85SelfCheck
模式: 周期自检
轮次ID: 20260604_185830_263
设备: 12074
结果: 失败
结果码: StartCommandFailed
说明: 设备未连接
开始时间: 2026-06-04 18:58:30.263
结束时间: 2026-06-04 18:58:30.270
耗时: 7 ms
----------------------------- 执行明细 -----------------------------
自检任务开始
总时长: 70 s
指令下发明细: 未下发
指令: StartSelfCheck
所属阶段: 阶段1 - 下发启动自检指令
发送时间: -
响应时间: -
发送次数: 0/1
请求帧: 01 06 00 17 00 A5
响应帧: 未下发, 设备未连接
处理结果: 未下发
启动失败
原因: 设备未连接
============================= SH85SelfCheck 执行记录结束 =============================
[设备记录 74/80 END] QRCode=12074 轮次ID=20260604_185830_263
[设备记录 75/80 BEGIN] QRCode=12075 轮次ID=20260604_185830_263
============================= SH85SelfCheck 执行记录 =============================
任务名称: SH85SelfCheck
模式: 周期自检
轮次ID: 20260604_185830_263
设备: 12075
结果: 失败
结果码: StartCommandFailed
说明: 设备未连接
开始时间: 2026-06-04 18:58:30.263
结束时间: 2026-06-04 18:58:30.270
耗时: 7 ms
----------------------------- 执行明细 -----------------------------
自检任务开始
总时长: 70 s
指令下发明细: 未下发
指令: StartSelfCheck
所属阶段: 阶段1 - 下发启动自检指令
发送时间: -
响应时间: -
发送次数: 0/1
请求帧: 01 06 00 17 00 A5
响应帧: 未下发, 设备未连接
处理结果: 未下发
启动失败
原因: 设备未连接
============================= SH85SelfCheck 执行记录结束 =============================
[设备记录 75/80 END] QRCode=12075 轮次ID=20260604_185830_263
[设备记录 76/80 BEGIN] QRCode=12076 轮次ID=20260604_185830_263
============================= SH85SelfCheck 执行记录 =============================
任务名称: SH85SelfCheck
模式: 周期自检
轮次ID: 20260604_185830_263
设备: 12076
结果: 失败
结果码: StartCommandFailed
说明: 设备未连接
开始时间: 2026-06-04 18:58:30.263
结束时间: 2026-06-04 18:58:30.270
耗时: 7 ms
----------------------------- 执行明细 -----------------------------
自检任务开始
总时长: 70 s
指令下发明细: 未下发
指令: StartSelfCheck
所属阶段: 阶段1 - 下发启动自检指令
发送时间: -
响应时间: -
发送次数: 0/1
请求帧: 01 06 00 17 00 A5
响应帧: 未下发, 设备未连接
处理结果: 未下发
启动失败
原因: 设备未连接
============================= SH85SelfCheck 执行记录结束 =============================
[设备记录 76/80 END] QRCode=12076 轮次ID=20260604_185830_263
[设备记录 77/80 BEGIN] QRCode=12077 轮次ID=20260604_185830_263
============================= SH85SelfCheck 执行记录 =============================
任务名称: SH85SelfCheck
模式: 周期自检
轮次ID: 20260604_185830_263
设备: 12077
结果: 失败
结果码: StartCommandFailed
说明: 设备未连接
开始时间: 2026-06-04 18:58:30.263
结束时间: 2026-06-04 18:58:30.270
耗时: 7 ms
----------------------------- 执行明细 -----------------------------
自检任务开始
总时长: 70 s
指令下发明细: 未下发
指令: StartSelfCheck
所属阶段: 阶段1 - 下发启动自检指令
发送时间: -
响应时间: -
发送次数: 0/1
请求帧: 01 06 00 17 00 A5
响应帧: 未下发, 设备未连接
处理结果: 未下发
启动失败
原因: 设备未连接
============================= SH85SelfCheck 执行记录结束 =============================
[设备记录 77/80 END] QRCode=12077 轮次ID=20260604_185830_263
[设备记录 78/80 BEGIN] QRCode=12078 轮次ID=20260604_185830_263
============================= SH85SelfCheck 执行记录 =============================
任务名称: SH85SelfCheck
模式: 周期自检
轮次ID: 20260604_185830_263
设备: 12078
结果: 失败
结果码: StartCommandFailed
说明: 设备未连接
开始时间: 2026-06-04 18:58:30.263
结束时间: 2026-06-04 18:58:30.270
耗时: 7 ms
----------------------------- 执行明细 -----------------------------
自检任务开始
总时长: 70 s
指令下发明细: 未下发
指令: StartSelfCheck
所属阶段: 阶段1 - 下发启动自检指令
发送时间: -
响应时间: -
发送次数: 0/1
请求帧: 01 06 00 17 00 A5
响应帧: 未下发, 设备未连接
处理结果: 未下发
启动失败
原因: 设备未连接
============================= SH85SelfCheck 执行记录结束 =============================
[设备记录 78/80 END] QRCode=12078 轮次ID=20260604_185830_263
[设备记录 79/80 BEGIN] QRCode=12079 轮次ID=20260604_185830_263
============================= SH85SelfCheck 执行记录 =============================
任务名称: SH85SelfCheck
模式: 周期自检
轮次ID: 20260604_185830_263
设备: 12079
结果: 失败
结果码: StartCommandFailed
说明: 设备未连接
开始时间: 2026-06-04 18:58:30.263
结束时间: 2026-06-04 18:58:30.270
耗时: 7 ms
----------------------------- 执行明细 -----------------------------
自检任务开始
总时长: 70 s
指令下发明细: 未下发
指令: StartSelfCheck
所属阶段: 阶段1 - 下发启动自检指令
发送时间: -
响应时间: -
发送次数: 0/1
请求帧: 01 06 00 17 00 A5
响应帧: 未下发, 设备未连接
处理结果: 未下发
启动失败
原因: 设备未连接
============================= SH85SelfCheck 执行记录结束 =============================
[设备记录 79/80 END] QRCode=12079 轮次ID=20260604_185830_263
[设备记录 80/80 BEGIN] QRCode=12080 轮次ID=20260604_185830_263
============================= SH85SelfCheck 执行记录 =============================
任务名称: SH85SelfCheck
模式: 周期自检
轮次ID: 20260604_185830_263
设备: 12080
结果: 失败
结果码: StartCommandFailed
说明: 设备未连接
开始时间: 2026-06-04 18:58:30.263
结束时间: 2026-06-04 18:58:30.270
耗时: 7 ms
----------------------------- 执行明细 -----------------------------
自检任务开始
总时长: 70 s
指令下发明细: 未下发
指令: StartSelfCheck
所属阶段: 阶段1 - 下发启动自检指令
发送时间: -
响应时间: -
发送次数: 0/1
请求帧: 01 06 00 17 00 A5
响应帧: 未下发, 设备未连接
处理结果: 未下发
启动失败
原因: 设备未连接
============================= SH85SelfCheck 执行记录结束 =============================
[设备记录 80/80 END] QRCode=12080 轮次ID=20260604_185830_263
############################## SH85_PERIODIC_ROUND_END ##############################
轮次ID: 20260604_185830_263
################################################################################
[2026-06-04 18:58:30] [WARN] [SH85PeriodicSelfCheckTask] 周期自检轮次失败
轮次ID: 20260604_185830_263
开始时间: 2026-06-04 18:58:30
结束时间: 2026-06-04 18:58:30
总设备数: 80
参与设备数: 80
成功设备数: 0
失败设备数: 80
跳过设备数: 0
失败原因摘要:
- 设备未连接: 80 台
  设备: 12001, 12002, 12003, 12004, 12005, 12006, 12007, 12008, 12009, 12010, 12011, 12012, 12013, 12014, 12015, 12016, 12017, 12018, 12019, 12020, 12021, 12022, 12023, 12024, 12025, 12026, 12027, 12028, 12029, 12030, 12031, 12032, 12033, 12034, 12035, 12036, 12037, 12038, 12039, 12040, 12041, 12042, 12043, 12044, 12045, 12046, 12047, 12048, 12049, 12050, 12051, 12052, 12053, 12054, 12055, 12056, 12057, 12058, 12059, 12060, 12061, 12062, 12063, 12064, 12065, 12066, 12067, 12068, 12069, 12070, 12071, 12072, 12073, 12074, 12075, 12076, 12077, 12078, 12079, 12080
详细执行记录: 请在 self_check.log 搜索轮次ID 20260604_185830_263
