[2026-06-02 14:43:14] [INFO] =============================InitCheckTask 调度任务开始=============================
[2026-06-02 14:43:14] [INFO] [Scheduler][InitCheckTask][start] 发现 80 个已注册的设备: 12001, 12002, 12003, 12004, 12005, 12006, 12007, 12008, 12009, 12010, 12011, 12012, 12013, 12014, 12015, 12016, 12017, 12018, 12019, 12020, 12021, 12022, 12023, 12024, 12025, 12026, 12027, 12028, 12029, 12030, 12031, 12032, 12033, 12034, 12035, 12036, 12037, 12038, 12039, 12040, 12041, 12042, 12043, 12044, 12045, 12046, 12047, 12048, 12049, 12050, 12051, 12052, 12053, 12054, 12055, 12056, 12057, 12058, 12059, 12060, 12061, 12062, 12063, 12064, 12065, 12066, 12067, 12068, 12069, 12070, 12071, 12072, 12073, 12074, 12075, 12076, 12077, 12078, 12079, 12080
[2026-06-02 14:43:14] [DEBUG] [Scheduler][InitCheckTask][start] 已连接设备 12001 的初始化完成信号
[2026-06-02 14:43:14] [DEBUG] [Scheduler][InitCheckTask][start] 已连接设备 12002 的初始化完成信号
[2026-06-02 14:43:14] [DEBUG] [Scheduler][InitCheckTask][start] 已连接设备 12003 的初始化完成信号
[2026-06-02 14:43:14] [DEBUG] [Scheduler][InitCheckTask][start] 已连接设备 12004 的初始化完成信号
[2026-06-02 14:43:14] [DEBUG] [Scheduler][InitCheckTask][start] 已连接设备 12005 的初始化完成信号
[2026-06-02 14:43:14] [DEBUG] [Scheduler][InitCheckTask][start] 已连接设备 12006 的初始化完成信号
[2026-06-02 14:43:14] [DEBUG] [Scheduler][InitCheckTask][start] 已连接设备 12007 的初始化完成信号
[2026-06-02 14:43:14] [DEBUG] [Scheduler][InitCheckTask][start] 已连接设备 12008 的初始化完成信号
[2026-06-02 14:43:14] [DEBUG] [Scheduler][InitCheckTask][start] 已连接设备 12009 的初始化完成信号
[2026-06-02 14:43:14] [DEBUG] [Scheduler][InitCheckTask][start] 已连接设备 12010 的初始化完成信号
[2026-06-02 14:43:14] [DEBUG] [Scheduler][InitCheckTask][start] 已连接设备 12011 的初始化完成信号
[2026-06-02 14:43:14] [DEBUG] [Scheduler][InitCheckTask][start] 已连接设备 12012 的初始化完成信号
[2026-06-02 14:43:14] [DEBUG] [Scheduler][InitCheckTask][start] 已连接设备 12013 的初始化完成信号
[2026-06-02 14:43:14] [DEBUG] [Scheduler][InitCheckTask][start] 已连接设备 12014 的初始化完成信号
[2026-06-02 14:43:14] [DEBUG] [Scheduler][InitCheckTask][start] 已连接设备 12015 的初始化完成信号
[2026-06-02 14:43:14] [DEBUG] [Scheduler][InitCheckTask][start] 已连接设备 12016 的初始化完成信号
[2026-06-02 14:43:14] [DEBUG] [Scheduler][InitCheckTask][start] 已连接设备 12017 的初始化完成信号
[2026-06-02 14:43:14] [DEBUG] [Scheduler][InitCheckTask][start] 已连接设备 12018 的初始化完成信号
[2026-06-02 14:43:14] [DEBUG] [Scheduler][InitCheckTask][start] 已连接设备 12019 的初始化完成信号
[2026-06-02 14:43:14] [DEBUG] [Scheduler][InitCheckTask][start] 已连接设备 12020 的初始化完成信号
[2026-06-02 14:43:14] [DEBUG] [Scheduler][InitCheckTask][start] 已连接设备 12021 的初始化完成信号
[2026-06-02 14:43:14] [DEBUG] [Scheduler][InitCheckTask][start] 已连接设备 12022 的初始化完成信号
[2026-06-02 14:43:14] [DEBUG] [Scheduler][InitCheckTask][start] 已连接设备 12023 的初始化完成信号
[2026-06-02 14:43:14] [DEBUG] [Scheduler][InitCheckTask][start] 已连接设备 12024 的初始化完成信号
[2026-06-02 14:43:14] [DEBUG] [Scheduler][InitCheckTask][start] 已连接设备 12025 的初始化完成信号
[2026-06-02 14:43:14] [DEBUG] [Scheduler][InitCheckTask][start] 已连接设备 12026 的初始化完成信号
[2026-06-02 14:43:14] [DEBUG] [Scheduler][InitCheckTask][start] 已连接设备 12027 的初始化完成信号
[2026-06-02 14:43:14] [DEBUG] [Scheduler][InitCheckTask][start] 已连接设备 12028 的初始化完成信号
[2026-06-02 14:43:14] [DEBUG] [Scheduler][InitCheckTask][start] 已连接设备 12029 的初始化完成信号
[2026-06-02 14:43:14] [DEBUG] [Scheduler][InitCheckTask][start] 已连接设备 12030 的初始化完成信号
[2026-06-02 14:43:14] [DEBUG] [Scheduler][InitCheckTask][start] 已连接设备 12031 的初始化完成信号
[2026-06-02 14:43:14] [DEBUG] [Scheduler][InitCheckTask][start] 已连接设备 12032 的初始化完成信号
[2026-06-02 14:43:14] [DEBUG] [Scheduler][InitCheckTask][start] 已连接设备 12033 的初始化完成信号
[2026-06-02 14:43:14] [DEBUG] [Scheduler][InitCheckTask][start] 已连接设备 12034 的初始化完成信号
[2026-06-02 14:43:14] [DEBUG] [Scheduler][InitCheckTask][start] 已连接设备 12035 的初始化完成信号
[2026-06-02 14:43:14] [DEBUG] [Scheduler][InitCheckTask][start] 已连接设备 12036 的初始化完成信号
[2026-06-02 14:43:14] [DEBUG] [Scheduler][InitCheckTask][start] 已连接设备 12037 的初始化完成信号
[2026-06-02 14:43:14] [DEBUG] [Scheduler][InitCheckTask][start] 已连接设备 12038 的初始化完成信号
[2026-06-02 14:43:14] [DEBUG] [Scheduler][InitCheckTask][start] 已连接设备 12039 的初始化完成信号
[2026-06-02 14:43:14] [DEBUG] [Scheduler][InitCheckTask][start] 已连接设备 12040 的初始化完成信号
[2026-06-02 14:43:14] [DEBUG] [Scheduler][InitCheckTask][start] 已连接设备 12041 的初始化完成信号
[2026-06-02 14:43:14] [DEBUG] [Scheduler][InitCheckTask][start] 已连接设备 12042 的初始化完成信号
[2026-06-02 14:43:14] [DEBUG] [Scheduler][InitCheckTask][start] 已连接设备 12043 的初始化完成信号
[2026-06-02 14:43:14] [DEBUG] [Scheduler][InitCheckTask][start] 已连接设备 12044 的初始化完成信号
[2026-06-02 14:43:14] [DEBUG] [Scheduler][InitCheckTask][start] 已连接设备 12045 的初始化完成信号
[2026-06-02 14:43:14] [DEBUG] [Scheduler][InitCheckTask][start] 已连接设备 12046 的初始化完成信号
[2026-06-02 14:43:14] [DEBUG] [Scheduler][InitCheckTask][start] 已连接设备 12047 的初始化完成信号
[2026-06-02 14:43:14] [DEBUG] [Scheduler][InitCheckTask][start] 已连接设备 12048 的初始化完成信号
[2026-06-02 14:43:14] [DEBUG] [Scheduler][InitCheckTask][start] 已连接设备 12049 的初始化完成信号
[2026-06-02 14:43:14] [DEBUG] [Scheduler][InitCheckTask][start] 已连接设备 12050 的初始化完成信号
[2026-06-02 14:43:14] [DEBUG] [Scheduler][InitCheckTask][start] 已连接设备 12051 的初始化完成信号
[2026-06-02 14:43:14] [DEBUG] [Scheduler][InitCheckTask][start] 已连接设备 12052 的初始化完成信号
[2026-06-02 14:43:14] [DEBUG] [Scheduler][InitCheckTask][start] 已连接设备 12053 的初始化完成信号
[2026-06-02 14:43:14] [DEBUG] [Scheduler][InitCheckTask][start] 已连接设备 12054 的初始化完成信号
[2026-06-02 14:43:14] [DEBUG] [Scheduler][InitCheckTask][start] 已连接设备 12055 的初始化完成信号
[2026-06-02 14:43:14] [DEBUG] [Scheduler][InitCheckTask][start] 已连接设备 12056 的初始化完成信号
[2026-06-02 14:43:14] [DEBUG] [Scheduler][InitCheckTask][start] 已连接设备 12057 的初始化完成信号
[2026-06-02 14:43:14] [DEBUG] [Scheduler][InitCheckTask][start] 已连接设备 12058 的初始化完成信号
[2026-06-02 14:43:14] [DEBUG] [Scheduler][InitCheckTask][start] 已连接设备 12059 的初始化完成信号
[2026-06-02 14:43:14] [DEBUG] [Scheduler][InitCheckTask][start] 已连接设备 12060 的初始化完成信号
[2026-06-02 14:43:14] [DEBUG] [Scheduler][InitCheckTask][start] 已连接设备 12061 的初始化完成信号
[2026-06-02 14:43:14] [DEBUG] [Scheduler][InitCheckTask][start] 已连接设备 12062 的初始化完成信号
[2026-06-02 14:43:14] [DEBUG] [Scheduler][InitCheckTask][start] 已连接设备 12063 的初始化完成信号
[2026-06-02 14:43:14] [DEBUG] [Scheduler][InitCheckTask][start] 已连接设备 12064 的初始化完成信号
[2026-06-02 14:43:14] [DEBUG] [Scheduler][InitCheckTask][start] 已连接设备 12065 的初始化完成信号
[2026-06-02 14:43:14] [DEBUG] [Scheduler][InitCheckTask][start] 已连接设备 12066 的初始化完成信号
[2026-06-02 14:43:14] [DEBUG] [Scheduler][InitCheckTask][start] 已连接设备 12067 的初始化完成信号
[2026-06-02 14:43:14] [DEBUG] [Scheduler][InitCheckTask][start] 已连接设备 12068 的初始化完成信号
[2026-06-02 14:43:14] [DEBUG] [Scheduler][InitCheckTask][start] 已连接设备 12069 的初始化完成信号
[2026-06-02 14:43:14] [DEBUG] [Scheduler][InitCheckTask][start] 已连接设备 12070 的初始化完成信号
[2026-06-02 14:43:14] [DEBUG] [Scheduler][InitCheckTask][start] 已连接设备 12071 的初始化完成信号
[2026-06-02 14:43:14] [DEBUG] [Scheduler][InitCheckTask][start] 已连接设备 12072 的初始化完成信号
[2026-06-02 14:43:14] [DEBUG] [Scheduler][InitCheckTask][start] 已连接设备 12073 的初始化完成信号
[2026-06-02 14:43:14] [DEBUG] [Scheduler][InitCheckTask][start] 已连接设备 12074 的初始化完成信号
[2026-06-02 14:43:14] [DEBUG] [Scheduler][InitCheckTask][start] 已连接设备 12075 的初始化完成信号
[2026-06-02 14:43:14] [DEBUG] [Scheduler][InitCheckTask][start] 已连接设备 12076 的初始化完成信号
[2026-06-02 14:43:14] [DEBUG] [Scheduler][InitCheckTask][start] 已连接设备 12077 的初始化完成信号
[2026-06-02 14:43:14] [DEBUG] [Scheduler][InitCheckTask][start] 已连接设备 12078 的初始化完成信号
[2026-06-02 14:43:14] [DEBUG] [Scheduler][InitCheckTask][start] 已连接设备 12079 的初始化完成信号
[2026-06-02 14:43:14] [DEBUG] [Scheduler][InitCheckTask][start] 已连接设备 12080 的初始化完成信号
[2026-06-02 14:43:14] [INFO] [Scheduler][InitCheckTask][start] 启动，等待 80 个设备完成初始化
[2026-06-02 14:43:22] [WARN] [Scheduler][InitCheckTask][onInitialFinished] 设备 12002 初始化存在 2 条失败指令: ReadVersion, WriteVEFCGasType (1/80)
[2026-06-02 14:43:22] [WARN] [Scheduler][InitCheckTask][onInitialFinished] 设备 12006 初始化存在 2 条失败指令: ReadVersion, WriteVEFCGasType (2/80)
[2026-06-02 14:43:22] [WARN] [Scheduler][InitCheckTask][onInitialFinished] 设备 12005 初始化存在 2 条失败指令: ReadVersion, WriteVEFCGasType (3/80)
[2026-06-02 14:43:22] [WARN] [Scheduler][InitCheckTask][onInitialFinished] 设备 12001 初始化存在 2 条失败指令: ReadVersion, WriteVEFCGasType (4/80)
[2026-06-02 14:43:22] [WARN] [Scheduler][InitCheckTask][onInitialFinished] 设备 12008 初始化存在 2 条失败指令: ReadVersion, WriteVEFCGasType (5/80)
[2026-06-02 14:43:22] [WARN] [Scheduler][InitCheckTask][onInitialFinished] 设备 12009 初始化存在 2 条失败指令: ReadVersion, WriteVEFCGasType (6/80)
[2026-06-02 14:43:22] [WARN] [Scheduler][InitCheckTask][onInitialFinished] 设备 12007 初始化存在 2 条失败指令: ReadVersion, WriteVEFCGasType (7/80)
[2026-06-02 14:43:22] [WARN] [Scheduler][InitCheckTask][onInitialFinished] 设备 12013 初始化存在 2 条失败指令: ReadVersion, WriteVEFCGasType (8/80)
[2026-06-02 14:43:22] [WARN] [Scheduler][InitCheckTask][onInitialFinished] 设备 12003 初始化存在 2 条失败指令: ReadVersion, WriteVEFCGasType (9/80)
[2026-06-02 14:43:22] [WARN] [Scheduler][InitCheckTask][onInitialFinished] 设备 12019 初始化存在 2 条失败指令: ReadVersion, WriteVEFCGasType (10/80)
[2026-06-02 14:43:22] [WARN] [Scheduler][InitCheckTask][onInitialFinished] 设备 12018 初始化存在 2 条失败指令: ReadVersion, WriteVEFCGasType (11/80)
[2026-06-02 14:43:22] [WARN] [Scheduler][InitCheckTask][onInitialFinished] 设备 12012 初始化存在 2 条失败指令: ReadVersion, WriteVEFCGasType (12/80)
[2026-06-02 14:43:22] [WARN] [Scheduler][InitCheckTask][onInitialFinished] 设备 12010 初始化存在 2 条失败指令: ReadVersion, WriteVEFCGasType (13/80)
[2026-06-02 14:43:22] [WARN] [Scheduler][InitCheckTask][onInitialFinished] 设备 12014 初始化存在 2 条失败指令: ReadVersion, WriteVEFCGasType (14/80)
[2026-06-02 14:43:22] [WARN] [Scheduler][InitCheckTask][onInitialFinished] 设备 12016 初始化存在 2 条失败指令: ReadVersion, WriteVEFCGasType (15/80)
[2026-06-02 14:43:22] [WARN] [Scheduler][InitCheckTask][onInitialFinished] 设备 12004 初始化存在 2 条失败指令: ReadVersion, WriteVEFCGasType (16/80)
[2026-06-02 14:43:22] [WARN] [Scheduler][InitCheckTask][onInitialFinished] 设备 12021 初始化存在 2 条失败指令: ReadVersion, WriteVEFCGasType (17/80)
[2026-06-02 14:43:22] [WARN] [Scheduler][InitCheckTask][onInitialFinished] 设备 12017 初始化存在 2 条失败指令: ReadVersion, WriteVEFCGasType (18/80)
[2026-06-02 14:43:22] [WARN] [Scheduler][InitCheckTask][onInitialFinished] 设备 12015 初始化存在 2 条失败指令: ReadVersion, WriteVEFCGasType (19/80)
[2026-06-02 14:43:22] [WARN] [Scheduler][InitCheckTask][onInitialFinished] 设备 12011 初始化存在 2 条失败指令: ReadVersion, WriteVEFCGasType (20/80)
[2026-06-02 14:43:22] [WARN] [Scheduler][InitCheckTask][onInitialFinished] 设备 12022 初始化存在 2 条失败指令: ReadVersion, WriteVEFCGasType (21/80)
[2026-06-02 14:43:22] [WARN] [Scheduler][InitCheckTask][onInitialFinished] 设备 12020 初始化存在 2 条失败指令: ReadVersion, WriteVEFCGasType (22/80)
[2026-06-02 14:43:22] [WARN] [Scheduler][InitCheckTask][onInitialFinished] 设备 12030 初始化存在 2 条失败指令: ReadVersion, WriteVEFCGasType (23/80)
[2026-06-02 14:43:22] [WARN] [Scheduler][InitCheckTask][onInitialFinished] 设备 12024 初始化存在 2 条失败指令: ReadVersion, WriteVEFCGasType (24/80)
[2026-06-02 14:43:22] [WARN] [Scheduler][InitCheckTask][onInitialFinished] 设备 12023 初始化存在 2 条失败指令: ReadVersion, WriteVEFCGasType (25/80)
[2026-06-02 14:43:22] [WARN] [Scheduler][InitCheckTask][onInitialFinished] 设备 12031 初始化存在 2 条失败指令: ReadVersion, WriteVEFCGasType (26/80)
[2026-06-02 14:43:22] [WARN] [Scheduler][InitCheckTask][onInitialFinished] 设备 12029 初始化存在 2 条失败指令: ReadVersion, WriteVEFCGasType (27/80)
[2026-06-02 14:43:22] [WARN] [Scheduler][InitCheckTask][onInitialFinished] 设备 12025 初始化存在 2 条失败指令: ReadVersion, WriteVEFCGasType (28/80)
[2026-06-02 14:43:22] [WARN] [Scheduler][InitCheckTask][onInitialFinished] 设备 12027 初始化存在 2 条失败指令: ReadVersion, WriteVEFCGasType (29/80)
[2026-06-02 14:43:22] [WARN] [Scheduler][InitCheckTask][onInitialFinished] 设备 12028 初始化存在 2 条失败指令: ReadVersion, WriteVEFCGasType (30/80)
[2026-06-02 14:43:22] [WARN] [Scheduler][InitCheckTask][onInitialFinished] 设备 12044 初始化存在 2 条失败指令: ReadVersion, WriteVEFCGasType (31/80)
[2026-06-02 14:43:22] [WARN] [Scheduler][InitCheckTask][onInitialFinished] 设备 12038 初始化存在 2 条失败指令: ReadVersion, WriteVEFCGasType (32/80)
[2026-06-02 14:43:22] [WARN] [Scheduler][InitCheckTask][onInitialFinished] 设备 12032 初始化存在 2 条失败指令: ReadVersion, WriteVEFCGasType (33/80)
[2026-06-02 14:43:22] [WARN] [Scheduler][InitCheckTask][onInitialFinished] 设备 12033 初始化存在 2 条失败指令: ReadVersion, WriteVEFCGasType (34/80)
[2026-06-02 14:43:22] [WARN] [Scheduler][InitCheckTask][onInitialFinished] 设备 12039 初始化存在 2 条失败指令: ReadVersion, WriteVEFCGasType (35/80)
[2026-06-02 14:43:22] [WARN] [Scheduler][InitCheckTask][onInitialFinished] 设备 12041 初始化存在 2 条失败指令: ReadVersion, WriteVEFCGasType (36/80)
[2026-06-02 14:43:22] [WARN] [Scheduler][InitCheckTask][onInitialFinished] 设备 12034 初始化存在 2 条失败指令: ReadVersion, WriteVEFCGasType (37/80)
[2026-06-02 14:43:22] [WARN] [Scheduler][InitCheckTask][onInitialFinished] 设备 12037 初始化存在 2 条失败指令: ReadVersion, WriteVEFCGasType (38/80)
[2026-06-02 14:43:22] [WARN] [Scheduler][InitCheckTask][onInitialFinished] 设备 12040 初始化存在 2 条失败指令: ReadVersion, WriteVEFCGasType (39/80)
[2026-06-02 14:43:22] [WARN] [Scheduler][InitCheckTask][onInitialFinished] 设备 12042 初始化存在 2 条失败指令: ReadVersion, WriteVEFCGasType (40/80)
[2026-06-02 14:43:22] [WARN] [Scheduler][InitCheckTask][onInitialFinished] 设备 12043 初始化存在 2 条失败指令: ReadVersion, WriteVEFCGasType (41/80)
[2026-06-02 14:43:22] [WARN] [Scheduler][InitCheckTask][onInitialFinished] 设备 12036 初始化存在 2 条失败指令: ReadVersion, WriteVEFCGasType (42/80)
[2026-06-02 14:43:22] [WARN] [Scheduler][InitCheckTask][onInitialFinished] 设备 12026 初始化存在 2 条失败指令: ReadVersion, WriteVEFCGasType (43/80)
[2026-06-02 14:43:22] [WARN] [Scheduler][InitCheckTask][onInitialFinished] 设备 12035 初始化存在 2 条失败指令: ReadVersion, WriteVEFCGasType (44/80)
[2026-06-02 14:43:23] [WARN] [Scheduler][InitCheckTask][onInitialFinished] 设备 12058 初始化存在 2 条失败指令: ReadVersion, WriteVEFCGasType (45/80)
[2026-06-02 14:43:23] [WARN] [Scheduler][InitCheckTask][onInitialFinished] 设备 12053 初始化存在 2 条失败指令: ReadVersion, WriteVEFCGasType (46/80)
[2026-06-02 14:43:23] [WARN] [Scheduler][InitCheckTask][onInitialFinished] 设备 12045 初始化存在 2 条失败指令: ReadVersion, WriteVEFCGasType (47/80)
[2026-06-02 14:43:23] [WARN] [Scheduler][InitCheckTask][onInitialFinished] 设备 12046 初始化存在 2 条失败指令: ReadVersion, WriteVEFCGasType (48/80)
[2026-06-02 14:43:23] [WARN] [Scheduler][InitCheckTask][onInitialFinished] 设备 12052 初始化存在 2 条失败指令: ReadVersion, WriteVEFCGasType (49/80)
[2026-06-02 14:43:23] [WARN] [Scheduler][InitCheckTask][onInitialFinished] 设备 12049 初始化存在 2 条失败指令: ReadVersion, WriteVEFCGasType (50/80)
[2026-06-02 14:43:23] [WARN] [Scheduler][InitCheckTask][onInitialFinished] 设备 12054 初始化存在 2 条失败指令: ReadVersion, WriteVEFCGasType (51/80)
[2026-06-02 14:43:23] [WARN] [Scheduler][InitCheckTask][onInitialFinished] 设备 12064 初始化存在 2 条失败指令: ReadVersion, WriteVEFCGasType (52/80)
[2026-06-02 14:43:23] [WARN] [Scheduler][InitCheckTask][onInitialFinished] 设备 12051 初始化存在 2 条失败指令: ReadVersion, WriteVEFCGasType (53/80)
[2026-06-02 14:43:23] [WARN] [Scheduler][InitCheckTask][onInitialFinished] 设备 12050 初始化存在 2 条失败指令: ReadVersion, WriteVEFCGasType (54/80)
[2026-06-02 14:43:23] [WARN] [Scheduler][InitCheckTask][onInitialFinished] 设备 12047 初始化存在 2 条失败指令: ReadVersion, WriteVEFCGasType (55/80)
[2026-06-02 14:43:23] [WARN] [Scheduler][InitCheckTask][onInitialFinished] 设备 12076 初始化存在 2 条失败指令: ReadVersion, WriteVEFCGasType (56/80)
[2026-06-02 14:43:23] [WARN] [Scheduler][InitCheckTask][onInitialFinished] 设备 12066 初始化存在 2 条失败指令: ReadVersion, WriteVEFCGasType (57/80)
[2026-06-02 14:43:23] [WARN] [Scheduler][InitCheckTask][onInitialFinished] 设备 12075 初始化存在 2 条失败指令: ReadVersion, WriteVEFCGasType (58/80)
[2026-06-02 14:43:23] [WARN] [Scheduler][InitCheckTask][onInitialFinished] 设备 12056 初始化存在 2 条失败指令: ReadVersion, WriteVEFCGasType (59/80)
[2026-06-02 14:43:23] [WARN] [Scheduler][InitCheckTask][onInitialFinished] 设备 12068 初始化存在 2 条失败指令: ReadVersion, WriteVEFCGasType (60/80)
[2026-06-02 14:43:23] [WARN] [Scheduler][InitCheckTask][onInitialFinished] 设备 12074 初始化存在 2 条失败指令: ReadVersion, WriteVEFCGasType (61/80)
[2026-06-02 14:43:23] [WARN] [Scheduler][InitCheckTask][onInitialFinished] 设备 12061 初始化存在 2 条失败指令: ReadVersion, WriteVEFCGasType (62/80)
[2026-06-02 14:43:23] [WARN] [Scheduler][InitCheckTask][onInitialFinished] 设备 12080 初始化存在 2 条失败指令: ReadVersion, WriteVEFCGasType (63/80)
[2026-06-02 14:43:23] [WARN] [Scheduler][InitCheckTask][onInitialFinished] 设备 12059 初始化存在 2 条失败指令: ReadVersion, WriteVEFCGasType (64/80)
[2026-06-02 14:43:23] [WARN] [Scheduler][InitCheckTask][onInitialFinished] 设备 12063 初始化存在 2 条失败指令: ReadVersion, WriteVEFCGasType (65/80)
[2026-06-02 14:43:23] [WARN] [Scheduler][InitCheckTask][onInitialFinished] 设备 12057 初始化存在 2 条失败指令: ReadVersion, WriteVEFCGasType (66/80)
[2026-06-02 14:43:23] [WARN] [Scheduler][InitCheckTask][onInitialFinished] 设备 12071 初始化存在 2 条失败指令: ReadVersion, WriteVEFCGasType (67/80)
[2026-06-02 14:43:23] [WARN] [Scheduler][InitCheckTask][onInitialFinished] 设备 12060 初始化存在 2 条失败指令: ReadVersion, WriteVEFCGasType (68/80)
[2026-06-02 14:43:23] [WARN] [Scheduler][InitCheckTask][onInitialFinished] 设备 12048 初始化存在 2 条失败指令: ReadVersion, WriteVEFCGasType (69/80)
[2026-06-02 14:43:23] [WARN] [Scheduler][InitCheckTask][onInitialFinished] 设备 12069 初始化存在 2 条失败指令: ReadVersion, WriteVEFCGasType (70/80)
[2026-06-02 14:43:23] [WARN] [Scheduler][InitCheckTask][onInitialFinished] 设备 12062 初始化存在 2 条失败指令: ReadVersion, WriteVEFCGasType (71/80)
[2026-06-02 14:43:23] [WARN] [Scheduler][InitCheckTask][onInitialFinished] 设备 12055 初始化存在 2 条失败指令: ReadVersion, WriteVEFCGasType (72/80)
[2026-06-02 14:43:23] [WARN] [Scheduler][InitCheckTask][onInitialFinished] 设备 12065 初始化存在 2 条失败指令: ReadVersion, WriteVEFCGasType (73/80)
[2026-06-02 14:43:23] [WARN] [Scheduler][InitCheckTask][onInitialFinished] 设备 12067 初始化存在 2 条失败指令: ReadVersion, WriteVEFCGasType (74/80)
[2026-06-02 14:43:23] [WARN] [Scheduler][InitCheckTask][onInitialFinished] 设备 12070 初始化存在 2 条失败指令: ReadVersion, WriteVEFCGasType (75/80)
[2026-06-02 14:43:23] [WARN] [Scheduler][InitCheckTask][onInitialFinished] 设备 12077 初始化存在 2 条失败指令: ReadVersion, WriteVEFCGasType (76/80)
[2026-06-02 14:43:23] [WARN] [Scheduler][InitCheckTask][onInitialFinished] 设备 12072 初始化存在 2 条失败指令: ReadVersion, WriteVEFCGasType (77/80)
[2026-06-02 14:43:23] [WARN] [Scheduler][InitCheckTask][onInitialFinished] 设备 12073 初始化存在 2 条失败指令: ReadVersion, WriteVEFCGasType (78/80)
[2026-06-02 14:43:23] [WARN] [Scheduler][InitCheckTask][onInitialFinished] 设备 12079 初始化存在 2 条失败指令: ReadVersion, WriteVEFCGasType (79/80)
[2026-06-02 14:43:23] [WARN] [Scheduler][InitCheckTask][onInitialFinished] 设备 12078 初始化存在 2 条失败指令: ReadVersion, WriteVEFCGasType (80/80)
[2026-06-02 14:43:23] [INFO] [Scheduler][InitCheckTask][checkAllFinished] 全部设备初始化检查完成，汇总结果: 总设备数=80, 成功=0, 失败=80
[2026-06-02 14:43:23] [DEBUG] [Scheduler][InitCheckTask][disconnectAll] 断开所有信号连接，连接数: 80
[2026-06-02 14:43:23] [WARN] [Scheduler][InitCheckTask][checkAllFinished] 初始化完成：0 台成功，80 台存在失败指令（12002, 12006, 12005, 12001, 12008, 12009, 12007, 12013, 12003, 12019, 12018, 12012, 12010, 12014, 12016, 12004, 12021, 12017, 12015, 12011, 12022, 12020, 12030, 12024, 12023, 12031, 12029, 12025, 12027, 12028, 12044, 12038, 12032, 12033, 12039, 12041, 12034, 12037, 12040, 12042, 12043, 12036, 12026, 12035, 12058, 12053, 12045, 12046, 12052, 12049, 12054, 12064, 12051, 12050, 12047, 12076, 12066, 12075, 12056, 12068, 12074, 12061, 12080, 12059, 12063, 12057, 12071, 12060, 12048, 12069, 12062, 12055, 12065, 12067, 12070, 12077, 12072, 12073, 12079, 12078）
[2026-06-02 14:43:23] [INFO] =============================InitCheckTask 调度任务结束=============================
[2026-06-02 15:06:41] [INFO] =============================InitCheckTask 调度任务开始=============================
[2026-06-02 15:06:41] [INFO] [Scheduler][InitCheckTask][start] 发现 80 个已注册的设备: 12001, 12002, 12003, 12004, 12005, 12006, 12007, 12008, 12009, 12010, 12011, 12012, 12013, 12014, 12015, 12016, 12017, 12018, 12019, 12020, 12021, 12022, 12023, 12024, 12025, 12026, 12027, 12028, 12029, 12030, 12031, 12032, 12033, 12034, 12035, 12036, 12037, 12038, 12039, 12040, 12041, 12042, 12043, 12044, 12045, 12046, 12047, 12048, 12049, 12050, 12051, 12052, 12053, 12054, 12055, 12056, 12057, 12058, 12059, 12060, 12061, 12062, 12063, 12064, 12065, 12066, 12067, 12068, 12069, 12070, 12071, 12072, 12073, 12074, 12075, 12076, 12077, 12078, 12079, 12080
[2026-06-02 15:06:41] [DEBUG] [Scheduler][InitCheckTask][start] 已连接设备 12001 的初始化完成信号
[2026-06-02 15:06:41] [DEBUG] [Scheduler][InitCheckTask][start] 已连接设备 12002 的初始化完成信号
[2026-06-02 15:06:41] [DEBUG] [Scheduler][InitCheckTask][start] 已连接设备 12003 的初始化完成信号
[2026-06-02 15:06:41] [DEBUG] [Scheduler][InitCheckTask][start] 已连接设备 12004 的初始化完成信号
[2026-06-02 15:06:41] [DEBUG] [Scheduler][InitCheckTask][start] 已连接设备 12005 的初始化完成信号
[2026-06-02 15:06:41] [DEBUG] [Scheduler][InitCheckTask][start] 已连接设备 12006 的初始化完成信号
[2026-06-02 15:06:41] [DEBUG] [Scheduler][InitCheckTask][start] 已连接设备 12007 的初始化完成信号
[2026-06-02 15:06:41] [DEBUG] [Scheduler][InitCheckTask][start] 已连接设备 12008 的初始化完成信号
[2026-06-02 15:06:41] [DEBUG] [Scheduler][InitCheckTask][start] 已连接设备 12009 的初始化完成信号
[2026-06-02 15:06:41] [DEBUG] [Scheduler][InitCheckTask][start] 已连接设备 12010 的初始化完成信号
[2026-06-02 15:06:41] [DEBUG] [Scheduler][InitCheckTask][start] 已连接设备 12011 的初始化完成信号
[2026-06-02 15:06:41] [DEBUG] [Scheduler][InitCheckTask][start] 已连接设备 12012 的初始化完成信号
[2026-06-02 15:06:41] [DEBUG] [Scheduler][InitCheckTask][start] 已连接设备 12013 的初始化完成信号
[2026-06-02 15:06:41] [DEBUG] [Scheduler][InitCheckTask][start] 已连接设备 12014 的初始化完成信号
[2026-06-02 15:06:41] [DEBUG] [Scheduler][InitCheckTask][start] 已连接设备 12015 的初始化完成信号
[2026-06-02 15:06:41] [DEBUG] [Scheduler][InitCheckTask][start] 已连接设备 12016 的初始化完成信号
[2026-06-02 15:06:41] [DEBUG] [Scheduler][InitCheckTask][start] 已连接设备 12017 的初始化完成信号
[2026-06-02 15:06:41] [DEBUG] [Scheduler][InitCheckTask][start] 已连接设备 12018 的初始化完成信号
[2026-06-02 15:06:41] [DEBUG] [Scheduler][InitCheckTask][start] 已连接设备 12019 的初始化完成信号
[2026-06-02 15:06:41] [DEBUG] [Scheduler][InitCheckTask][start] 已连接设备 12020 的初始化完成信号
[2026-06-02 15:06:41] [DEBUG] [Scheduler][InitCheckTask][start] 已连接设备 12021 的初始化完成信号
[2026-06-02 15:06:41] [DEBUG] [Scheduler][InitCheckTask][start] 已连接设备 12022 的初始化完成信号
[2026-06-02 15:06:41] [DEBUG] [Scheduler][InitCheckTask][start] 已连接设备 12023 的初始化完成信号
[2026-06-02 15:06:41] [DEBUG] [Scheduler][InitCheckTask][start] 已连接设备 12024 的初始化完成信号
[2026-06-02 15:06:41] [DEBUG] [Scheduler][InitCheckTask][start] 已连接设备 12025 的初始化完成信号
[2026-06-02 15:06:41] [DEBUG] [Scheduler][InitCheckTask][start] 已连接设备 12026 的初始化完成信号
[2026-06-02 15:06:41] [DEBUG] [Scheduler][InitCheckTask][start] 已连接设备 12027 的初始化完成信号
[2026-06-02 15:06:41] [DEBUG] [Scheduler][InitCheckTask][start] 已连接设备 12028 的初始化完成信号
[2026-06-02 15:06:41] [DEBUG] [Scheduler][InitCheckTask][start] 已连接设备 12029 的初始化完成信号
[2026-06-02 15:06:41] [DEBUG] [Scheduler][InitCheckTask][start] 已连接设备 12030 的初始化完成信号
[2026-06-02 15:06:41] [DEBUG] [Scheduler][InitCheckTask][start] 已连接设备 12034 的初始化完成信号
[2026-06-02 15:06:41] [DEBUG] [Scheduler][InitCheckTask][start] 已连接设备 12031 的初始化完成信号
[2026-06-02 15:06:41] [DEBUG] [Scheduler][InitCheckTask][start] 已连接设备 12032 的初始化完成信号
[2026-06-02 15:06:41] [DEBUG] [Scheduler][InitCheckTask][start] 已连接设备 12033 的初始化完成信号
[2026-06-02 15:06:41] [DEBUG] [Scheduler][InitCheckTask][start] 已连接设备 12035 的初始化完成信号
[2026-06-02 15:06:41] [DEBUG] [Scheduler][InitCheckTask][start] 已连接设备 12036 的初始化完成信号
[2026-06-02 15:06:41] [DEBUG] [Scheduler][InitCheckTask][start] 已连接设备 12037 的初始化完成信号
[2026-06-02 15:06:41] [DEBUG] [Scheduler][InitCheckTask][start] 已连接设备 12038 的初始化完成信号
[2026-06-02 15:06:41] [DEBUG] [Scheduler][InitCheckTask][start] 已连接设备 12039 的初始化完成信号
[2026-06-02 15:06:41] [DEBUG] [Scheduler][InitCheckTask][start] 已连接设备 12040 的初始化完成信号
[2026-06-02 15:06:41] [DEBUG] [Scheduler][InitCheckTask][start] 已连接设备 12041 的初始化完成信号
[2026-06-02 15:06:41] [DEBUG] [Scheduler][InitCheckTask][start] 已连接设备 12042 的初始化完成信号
[2026-06-02 15:06:41] [DEBUG] [Scheduler][InitCheckTask][start] 已连接设备 12043 的初始化完成信号
[2026-06-02 15:06:41] [DEBUG] [Scheduler][InitCheckTask][start] 已连接设备 12044 的初始化完成信号
[2026-06-02 15:06:41] [DEBUG] [Scheduler][InitCheckTask][start] 已连接设备 12045 的初始化完成信号
[2026-06-02 15:06:41] [DEBUG] [Scheduler][InitCheckTask][start] 已连接设备 12046 的初始化完成信号
[2026-06-02 15:06:41] [DEBUG] [Scheduler][InitCheckTask][start] 已连接设备 12047 的初始化完成信号
[2026-06-02 15:06:41] [DEBUG] [Scheduler][InitCheckTask][start] 已连接设备 12048 的初始化完成信号
[2026-06-02 15:06:41] [DEBUG] [Scheduler][InitCheckTask][start] 已连接设备 12049 的初始化完成信号
[2026-06-02 15:06:41] [DEBUG] [Scheduler][InitCheckTask][start] 已连接设备 12050 的初始化完成信号
[2026-06-02 15:06:41] [DEBUG] [Scheduler][InitCheckTask][start] 已连接设备 12051 的初始化完成信号
[2026-06-02 15:06:41] [DEBUG] [Scheduler][InitCheckTask][start] 已连接设备 12052 的初始化完成信号
[2026-06-02 15:06:41] [DEBUG] [Scheduler][InitCheckTask][start] 已连接设备 12053 的初始化完成信号
[2026-06-02 15:06:41] [DEBUG] [Scheduler][InitCheckTask][start] 已连接设备 12054 的初始化完成信号
[2026-06-02 15:06:41] [DEBUG] [Scheduler][InitCheckTask][start] 已连接设备 12055 的初始化完成信号
[2026-06-02 15:06:41] [DEBUG] [Scheduler][InitCheckTask][start] 已连接设备 12056 的初始化完成信号
[2026-06-02 15:06:41] [DEBUG] [Scheduler][InitCheckTask][start] 已连接设备 12057 的初始化完成信号
[2026-06-02 15:06:41] [DEBUG] [Scheduler][InitCheckTask][start] 已连接设备 12058 的初始化完成信号
[2026-06-02 15:06:41] [DEBUG] [Scheduler][InitCheckTask][start] 已连接设备 12059 的初始化完成信号
[2026-06-02 15:06:41] [DEBUG] [Scheduler][InitCheckTask][start] 已连接设备 12060 的初始化完成信号
[2026-06-02 15:06:41] [DEBUG] [Scheduler][InitCheckTask][start] 已连接设备 12061 的初始化完成信号
[2026-06-02 15:06:41] [DEBUG] [Scheduler][InitCheckTask][start] 已连接设备 12062 的初始化完成信号
[2026-06-02 15:06:41] [DEBUG] [Scheduler][InitCheckTask][start] 已连接设备 12063 的初始化完成信号
[2026-06-02 15:06:41] [DEBUG] [Scheduler][InitCheckTask][start] 已连接设备 12064 的初始化完成信号
[2026-06-02 15:06:41] [DEBUG] [Scheduler][InitCheckTask][start] 已连接设备 12065 的初始化完成信号
[2026-06-02 15:06:41] [DEBUG] [Scheduler][InitCheckTask][start] 已连接设备 12066 的初始化完成信号
[2026-06-02 15:06:41] [DEBUG] [Scheduler][InitCheckTask][start] 已连接设备 12067 的初始化完成信号
[2026-06-02 15:06:41] [DEBUG] [Scheduler][InitCheckTask][start] 已连接设备 12068 的初始化完成信号
[2026-06-02 15:06:41] [DEBUG] [Scheduler][InitCheckTask][start] 已连接设备 12069 的初始化完成信号
[2026-06-02 15:06:41] [DEBUG] [Scheduler][InitCheckTask][start] 已连接设备 12070 的初始化完成信号
[2026-06-02 15:06:41] [DEBUG] [Scheduler][InitCheckTask][start] 已连接设备 12071 的初始化完成信号
[2026-06-02 15:06:41] [DEBUG] [Scheduler][InitCheckTask][start] 已连接设备 12072 的初始化完成信号
[2026-06-02 15:06:41] [DEBUG] [Scheduler][InitCheckTask][start] 已连接设备 12073 的初始化完成信号
[2026-06-02 15:06:41] [DEBUG] [Scheduler][InitCheckTask][start] 已连接设备 12074 的初始化完成信号
[2026-06-02 15:06:41] [DEBUG] [Scheduler][InitCheckTask][start] 已连接设备 12075 的初始化完成信号
[2026-06-02 15:06:41] [DEBUG] [Scheduler][InitCheckTask][start] 已连接设备 12076 的初始化完成信号
[2026-06-02 15:06:41] [DEBUG] [Scheduler][InitCheckTask][start] 已连接设备 12077 的初始化完成信号
[2026-06-02 15:06:41] [DEBUG] [Scheduler][InitCheckTask][start] 已连接设备 12078 的初始化完成信号
[2026-06-02 15:06:41] [DEBUG] [Scheduler][InitCheckTask][start] 已连接设备 12079 的初始化完成信号
[2026-06-02 15:06:41] [DEBUG] [Scheduler][InitCheckTask][start] 已连接设备 12080 的初始化完成信号
[2026-06-02 15:06:41] [INFO] [Scheduler][InitCheckTask][start] 启动，等待 80 个设备完成初始化
[2026-06-02 15:06:49] [WARN] [Scheduler][InitCheckTask][onInitialFinished] 设备 12009 初始化存在 2 条失败指令: ReadVersion, WriteVEFCGasType (1/80)
[2026-06-02 15:06:49] [WARN] [Scheduler][InitCheckTask][onInitialFinished] 设备 12012 初始化存在 2 条失败指令: ReadVersion, WriteVEFCGasType (2/80)
[2026-06-02 15:06:49] [WARN] [Scheduler][InitCheckTask][onInitialFinished] 设备 12002 初始化存在 2 条失败指令: ReadVersion, WriteVEFCGasType (3/80)
[2026-06-02 15:06:49] [WARN] [Scheduler][InitCheckTask][onInitialFinished] 设备 12008 初始化存在 2 条失败指令: ReadVersion, WriteVEFCGasType (4/80)
[2026-06-02 15:06:49] [WARN] [Scheduler][InitCheckTask][onInitialFinished] 设备 12011 初始化存在 2 条失败指令: ReadVersion, WriteVEFCGasType (5/80)
[2026-06-02 15:06:49] [WARN] [Scheduler][InitCheckTask][onInitialFinished] 设备 12005 初始化存在 2 条失败指令: ReadVersion, WriteVEFCGasType (6/80)
[2026-06-02 15:06:49] [WARN] [Scheduler][InitCheckTask][onInitialFinished] 设备 12007 初始化存在 2 条失败指令: ReadVersion, WriteVEFCGasType (7/80)
[2026-06-02 15:06:49] [WARN] [Scheduler][InitCheckTask][onInitialFinished] 设备 12010 初始化存在 2 条失败指令: ReadVersion, WriteVEFCGasType (8/80)
[2026-06-02 15:06:49] [WARN] [Scheduler][InitCheckTask][onInitialFinished] 设备 12006 初始化存在 2 条失败指令: ReadVersion, WriteVEFCGasType (9/80)
[2026-06-02 15:06:49] [WARN] [Scheduler][InitCheckTask][onInitialFinished] 设备 12013 初始化存在 2 条失败指令: ReadVersion, WriteVEFCGasType (10/80)
[2026-06-02 15:06:49] [WARN] [Scheduler][InitCheckTask][onInitialFinished] 设备 12003 初始化存在 2 条失败指令: ReadVersion, WriteVEFCGasType (11/80)
[2026-06-02 15:06:49] [WARN] [Scheduler][InitCheckTask][onInitialFinished] 设备 12004 初始化存在 2 条失败指令: ReadVersion, WriteVEFCGasType (12/80)
[2026-06-02 15:06:49] [WARN] [Scheduler][InitCheckTask][onInitialFinished] 设备 12017 初始化存在 2 条失败指令: ReadVersion, WriteVEFCGasType (13/80)
[2026-06-02 15:06:49] [WARN] [Scheduler][InitCheckTask][onInitialFinished] 设备 12014 初始化存在 2 条失败指令: ReadVersion, WriteVEFCGasType (14/80)
[2026-06-02 15:06:49] [WARN] [Scheduler][InitCheckTask][onInitialFinished] 设备 12022 初始化存在 2 条失败指令: ReadVersion, WriteVEFCGasType (15/80)
[2026-06-02 15:06:49] [WARN] [Scheduler][InitCheckTask][onInitialFinished] 设备 12019 初始化存在 2 条失败指令: ReadVersion, WriteVEFCGasType (16/80)
[2026-06-02 15:06:49] [WARN] [Scheduler][InitCheckTask][onInitialFinished] 设备 12021 初始化存在 2 条失败指令: ReadVersion, WriteVEFCGasType (17/80)
[2026-06-02 15:06:49] [WARN] [Scheduler][InitCheckTask][onInitialFinished] 设备 12028 初始化存在 2 条失败指令: ReadVersion, WriteVEFCGasType (18/80)
[2026-06-02 15:06:49] [WARN] [Scheduler][InitCheckTask][onInitialFinished] 设备 12016 初始化存在 2 条失败指令: ReadVersion, WriteVEFCGasType (19/80)
[2026-06-02 15:06:49] [WARN] [Scheduler][InitCheckTask][onInitialFinished] 设备 12018 初始化存在 2 条失败指令: ReadVersion, WriteVEFCGasType (20/80)
[2026-06-02 15:06:49] [WARN] [Scheduler][InitCheckTask][onInitialFinished] 设备 12020 初始化存在 2 条失败指令: ReadVersion, WriteVEFCGasType (21/80)
[2026-06-02 15:06:49] [WARN] [Scheduler][InitCheckTask][onInitialFinished] 设备 12015 初始化存在 2 条失败指令: ReadVersion, WriteVEFCGasType (22/80)
[2026-06-02 15:06:49] [WARN] [Scheduler][InitCheckTask][onInitialFinished] 设备 12001 初始化存在 2 条失败指令: ReadVersion, WriteVEFCGasType (23/80)
[2026-06-02 15:06:49] [WARN] [Scheduler][InitCheckTask][onInitialFinished] 设备 12025 初始化存在 2 条失败指令: ReadVersion, WriteVEFCGasType (24/80)
[2026-06-02 15:06:49] [WARN] [Scheduler][InitCheckTask][onInitialFinished] 设备 12031 初始化存在 2 条失败指令: ReadVersion, WriteVEFCGasType (25/80)
[2026-06-02 15:06:49] [WARN] [Scheduler][InitCheckTask][onInitialFinished] 设备 12027 初始化存在 2 条失败指令: ReadVersion, WriteVEFCGasType (26/80)
[2026-06-02 15:06:49] [WARN] [Scheduler][InitCheckTask][onInitialFinished] 设备 12039 初始化存在 2 条失败指令: ReadVersion, WriteVEFCGasType (27/80)
[2026-06-02 15:06:49] [WARN] [Scheduler][InitCheckTask][onInitialFinished] 设备 12043 初始化存在 2 条失败指令: ReadVersion, WriteVEFCGasType (28/80)
[2026-06-02 15:06:49] [WARN] [Scheduler][InitCheckTask][onInitialFinished] 设备 12035 初始化存在 2 条失败指令: ReadVersion, WriteVEFCGasType (29/80)
[2026-06-02 15:06:49] [WARN] [Scheduler][InitCheckTask][onInitialFinished] 设备 12040 初始化存在 2 条失败指令: ReadVersion, WriteVEFCGasType (30/80)
[2026-06-02 15:06:49] [WARN] [Scheduler][InitCheckTask][onInitialFinished] 设备 12030 初始化存在 2 条失败指令: ReadVersion, WriteVEFCGasType (31/80)
[2026-06-02 15:06:49] [WARN] [Scheduler][InitCheckTask][onInitialFinished] 设备 12026 初始化存在 2 条失败指令: ReadVersion, WriteVEFCGasType (32/80)
[2026-06-02 15:06:49] [WARN] [Scheduler][InitCheckTask][onInitialFinished] 设备 12029 初始化存在 2 条失败指令: ReadVersion, WriteVEFCGasType (33/80)
[2026-06-02 15:06:49] [WARN] [Scheduler][InitCheckTask][onInitialFinished] 设备 12023 初始化存在 2 条失败指令: ReadVersion, WriteVEFCGasType (34/80)
[2026-06-02 15:06:49] [WARN] [Scheduler][InitCheckTask][onInitialFinished] 设备 12024 初始化存在 2 条失败指令: ReadVersion, WriteVEFCGasType (35/80)
[2026-06-02 15:06:49] [WARN] [Scheduler][InitCheckTask][onInitialFinished] 设备 12050 初始化存在 2 条失败指令: ReadVersion, WriteVEFCGasType (36/80)
[2026-06-02 15:06:49] [WARN] [Scheduler][InitCheckTask][onInitialFinished] 设备 12042 初始化存在 2 条失败指令: ReadVersion, WriteVEFCGasType (37/80)
[2026-06-02 15:06:49] [WARN] [Scheduler][InitCheckTask][onInitialFinished] 设备 12038 初始化存在 2 条失败指令: ReadVersion, WriteVEFCGasType (38/80)
[2026-06-02 15:06:49] [WARN] [Scheduler][InitCheckTask][onInitialFinished] 设备 12032 初始化存在 2 条失败指令: ReadVersion, WriteVEFCGasType (39/80)
[2026-06-02 15:06:49] [WARN] [Scheduler][InitCheckTask][onInitialFinished] 设备 12044 初始化存在 2 条失败指令: ReadVersion, WriteVEFCGasType (40/80)
[2026-06-02 15:06:49] [WARN] [Scheduler][InitCheckTask][onInitialFinished] 设备 12041 初始化存在 2 条失败指令: ReadVersion, WriteVEFCGasType (41/80)
[2026-06-02 15:06:49] [WARN] [Scheduler][InitCheckTask][onInitialFinished] 设备 12033 初始化存在 2 条失败指令: ReadVersion, WriteVEFCGasType (42/80)
[2026-06-02 15:06:49] [WARN] [Scheduler][InitCheckTask][onInitialFinished] 设备 12037 初始化存在 2 条失败指令: ReadVersion, WriteVEFCGasType (43/80)
[2026-06-02 15:06:49] [WARN] [Scheduler][InitCheckTask][onInitialFinished] 设备 12047 初始化存在 2 条失败指令: ReadVersion, WriteVEFCGasType (44/80)
[2026-06-02 15:06:49] [WARN] [Scheduler][InitCheckTask][onInitialFinished] 设备 12036 初始化存在 2 条失败指令: ReadVersion, WriteVEFCGasType (45/80)
[2026-06-02 15:06:49] [WARN] [Scheduler][InitCheckTask][onInitialFinished] 设备 12034 初始化存在 2 条失败指令: ReadVersion, WriteVEFCGasType (46/80)
[2026-06-02 15:06:49] [WARN] [Scheduler][InitCheckTask][onInitialFinished] 设备 12052 初始化存在 2 条失败指令: ReadVersion, WriteVEFCGasType (47/80)
[2026-06-02 15:06:49] [WARN] [Scheduler][InitCheckTask][onInitialFinished] 设备 12048 初始化存在 2 条失败指令: ReadVersion, WriteVEFCGasType (48/80)
[2026-06-02 15:06:49] [WARN] [Scheduler][InitCheckTask][onInitialFinished] 设备 12051 初始化存在 2 条失败指令: ReadVersion, WriteVEFCGasType (49/80)
[2026-06-02 15:06:49] [WARN] [Scheduler][InitCheckTask][onInitialFinished] 设备 12054 初始化存在 2 条失败指令: ReadVersion, WriteVEFCGasType (50/80)
[2026-06-02 15:06:49] [WARN] [Scheduler][InitCheckTask][onInitialFinished] 设备 12069 初始化存在 2 条失败指令: ReadVersion, WriteVEFCGasType (51/80)
[2026-06-02 15:06:49] [WARN] [Scheduler][InitCheckTask][onInitialFinished] 设备 12064 初始化存在 2 条失败指令: ReadVersion, WriteVEFCGasType (52/80)
[2026-06-02 15:06:49] [WARN] [Scheduler][InitCheckTask][onInitialFinished] 设备 12065 初始化存在 2 条失败指令: ReadVersion, WriteVEFCGasType (53/80)
[2026-06-02 15:06:49] [WARN] [Scheduler][InitCheckTask][onInitialFinished] 设备 12057 初始化存在 2 条失败指令: ReadVersion, WriteVEFCGasType (54/80)
[2026-06-02 15:06:49] [WARN] [Scheduler][InitCheckTask][onInitialFinished] 设备 12049 初始化存在 2 条失败指令: ReadVersion, WriteVEFCGasType (55/80)
[2026-06-02 15:06:49] [WARN] [Scheduler][InitCheckTask][onInitialFinished] 设备 12056 初始化存在 2 条失败指令: ReadVersion, WriteVEFCGasType (56/80)
[2026-06-02 15:06:49] [WARN] [Scheduler][InitCheckTask][onInitialFinished] 设备 12058 初始化存在 2 条失败指令: ReadVersion, WriteVEFCGasType (57/80)
[2026-06-02 15:06:49] [WARN] [Scheduler][InitCheckTask][onInitialFinished] 设备 12055 初始化存在 2 条失败指令: ReadVersion, WriteVEFCGasType (58/80)
[2026-06-02 15:06:49] [WARN] [Scheduler][InitCheckTask][onInitialFinished] 设备 12045 初始化存在 2 条失败指令: ReadVersion, WriteVEFCGasType (59/80)
[2026-06-02 15:06:49] [WARN] [Scheduler][InitCheckTask][onInitialFinished] 设备 12053 初始化存在 2 条失败指令: ReadVersion, WriteVEFCGasType (60/80)
[2026-06-02 15:06:49] [WARN] [Scheduler][InitCheckTask][onInitialFinished] 设备 12046 初始化存在 2 条失败指令: ReadVersion, WriteVEFCGasType (61/80)
[2026-06-02 15:06:49] [WARN] [Scheduler][InitCheckTask][onInitialFinished] 设备 12076 初始化存在 2 条失败指令: ReadVersion, WriteVEFCGasType (62/80)
[2026-06-02 15:06:49] [WARN] [Scheduler][InitCheckTask][onInitialFinished] 设备 12074 初始化存在 2 条失败指令: ReadVersion, WriteVEFCGasType (63/80)
[2026-06-02 15:06:49] [WARN] [Scheduler][InitCheckTask][onInitialFinished] 设备 12070 初始化存在 2 条失败指令: ReadVersion, WriteVEFCGasType (64/80)
[2026-06-02 15:06:49] [WARN] [Scheduler][InitCheckTask][onInitialFinished] 设备 12073 初始化存在 2 条失败指令: ReadVersion, WriteVEFCGasType (65/80)
[2026-06-02 15:06:49] [WARN] [Scheduler][InitCheckTask][onInitialFinished] 设备 12060 初始化存在 2 条失败指令: ReadVersion, WriteVEFCGasType (66/80)
[2026-06-02 15:06:49] [WARN] [Scheduler][InitCheckTask][onInitialFinished] 设备 12061 初始化存在 2 条失败指令: ReadVersion, WriteVEFCGasType (67/80)
[2026-06-02 15:06:49] [WARN] [Scheduler][InitCheckTask][onInitialFinished] 设备 12059 初始化存在 2 条失败指令: ReadVersion, WriteVEFCGasType (68/80)
[2026-06-02 15:06:49] [WARN] [Scheduler][InitCheckTask][onInitialFinished] 设备 12063 初始化存在 2 条失败指令: ReadVersion, WriteVEFCGasType (69/80)
[2026-06-02 15:06:49] [WARN] [Scheduler][InitCheckTask][onInitialFinished] 设备 12062 初始化存在 2 条失败指令: ReadVersion, WriteVEFCGasType (70/80)
[2026-06-02 15:06:49] [WARN] [Scheduler][InitCheckTask][onInitialFinished] 设备 12072 初始化存在 2 条失败指令: ReadVersion, WriteVEFCGasType (71/80)
[2026-06-02 15:06:49] [WARN] [Scheduler][InitCheckTask][onInitialFinished] 设备 12066 初始化存在 2 条失败指令: ReadVersion, WriteVEFCGasType (72/80)
[2026-06-02 15:06:49] [WARN] [Scheduler][InitCheckTask][onInitialFinished] 设备 12079 初始化存在 2 条失败指令: ReadVersion, WriteVEFCGasType (73/80)
[2026-06-02 15:06:49] [WARN] [Scheduler][InitCheckTask][onInitialFinished] 设备 12071 初始化存在 2 条失败指令: ReadVersion, WriteVEFCGasType (74/80)
[2026-06-02 15:06:49] [WARN] [Scheduler][InitCheckTask][onInitialFinished] 设备 12078 初始化存在 2 条失败指令: ReadVersion, WriteVEFCGasType (75/80)
[2026-06-02 15:06:49] [WARN] [Scheduler][InitCheckTask][onInitialFinished] 设备 12080 初始化存在 2 条失败指令: ReadVersion, WriteVEFCGasType (76/80)
[2026-06-02 15:06:49] [WARN] [Scheduler][InitCheckTask][onInitialFinished] 设备 12077 初始化存在 2 条失败指令: ReadVersion, WriteVEFCGasType (77/80)
[2026-06-02 15:06:49] [WARN] [Scheduler][InitCheckTask][onInitialFinished] 设备 12075 初始化存在 2 条失败指令: ReadVersion, WriteVEFCGasType (78/80)
[2026-06-02 15:06:49] [WARN] [Scheduler][InitCheckTask][onInitialFinished] 设备 12067 初始化存在 2 条失败指令: ReadVersion, WriteVEFCGasType (79/80)
[2026-06-02 15:06:49] [WARN] [Scheduler][InitCheckTask][onInitialFinished] 设备 12068 初始化存在 2 条失败指令: ReadVersion, WriteVEFCGasType (80/80)
[2026-06-02 15:06:49] [INFO] [Scheduler][InitCheckTask][checkAllFinished] 全部设备初始化检查完成，汇总结果: 总设备数=80, 成功=0, 失败=80
[2026-06-02 15:06:49] [DEBUG] [Scheduler][InitCheckTask][disconnectAll] 断开所有信号连接，连接数: 80
[2026-06-02 15:06:49] [WARN] [Scheduler][InitCheckTask][checkAllFinished] 初始化完成：0 台成功，80 台存在失败指令（12009, 12012, 12002, 12008, 12011, 12005, 12007, 12010, 12006, 12013, 12003, 12004, 12017, 12014, 12022, 12019, 12021, 12028, 12016, 12018, 12020, 12015, 12001, 12025, 12031, 12027, 12039, 12043, 12035, 12040, 12030, 12026, 12029, 12023, 12024, 12050, 12042, 12038, 12032, 12044, 12041, 12033, 12037, 12047, 12036, 12034, 12052, 12048, 12051, 12054, 12069, 12064, 12065, 12057, 12049, 12056, 12058, 12055, 12045, 12053, 12046, 12076, 12074, 12070, 12073, 12060, 12061, 12059, 12063, 12062, 12072, 12066, 12079, 12071, 12078, 12080, 12077, 12075, 12067, 12068）
[2026-06-02 15:06:49] [INFO] =============================InitCheckTask 调度任务结束=============================
[2026-06-02 15:20:44] [INFO] =============================InitCheckTask 调度任务开始=============================
[2026-06-02 15:20:44] [INFO] [Scheduler][InitCheckTask][start] 发现 80 个已注册的设备: 12001, 12002, 12003, 12004, 12005, 12006, 12007, 12008, 12009, 12010, 12011, 12012, 12013, 12014, 12015, 12016, 12017, 12018, 12019, 12020, 12021, 12022, 12023, 12024, 12025, 12026, 12027, 12028, 12029, 12030, 12031, 12032, 12033, 12034, 12035, 12036, 12037, 12038, 12039, 12040, 12041, 12042, 12043, 12044, 12045, 12046, 12047, 12048, 12049, 12050, 12051, 12052, 12053, 12054, 12055, 12056, 12057, 12058, 12059, 12060, 12061, 12062, 12063, 12064, 12065, 12066, 12067, 12068, 12069, 12070, 12071, 12072, 12073, 12074, 12075, 12076, 12077, 12078, 12079, 12080
[2026-06-02 15:20:44] [DEBUG] [Scheduler][InitCheckTask][start] 已连接设备 12001 的初始化完成信号
[2026-06-02 15:20:44] [DEBUG] [Scheduler][InitCheckTask][start] 已连接设备 12002 的初始化完成信号
[2026-06-02 15:20:44] [DEBUG] [Scheduler][InitCheckTask][start] 已连接设备 12003 的初始化完成信号
[2026-06-02 15:20:44] [DEBUG] [Scheduler][InitCheckTask][start] 已连接设备 12004 的初始化完成信号
[2026-06-02 15:20:44] [DEBUG] [Scheduler][InitCheckTask][start] 已连接设备 12005 的初始化完成信号
[2026-06-02 15:20:44] [DEBUG] [Scheduler][InitCheckTask][start] 已连接设备 12006 的初始化完成信号
[2026-06-02 15:20:44] [DEBUG] [Scheduler][InitCheckTask][start] 已连接设备 12007 的初始化完成信号
[2026-06-02 15:20:44] [DEBUG] [Scheduler][InitCheckTask][start] 已连接设备 12008 的初始化完成信号
[2026-06-02 15:20:44] [DEBUG] [Scheduler][InitCheckTask][start] 已连接设备 12009 的初始化完成信号
[2026-06-02 15:20:44] [DEBUG] [Scheduler][InitCheckTask][start] 已连接设备 12010 的初始化完成信号
[2026-06-02 15:20:44] [DEBUG] [Scheduler][InitCheckTask][start] 已连接设备 12011 的初始化完成信号
[2026-06-02 15:20:44] [DEBUG] [Scheduler][InitCheckTask][start] 已连接设备 12012 的初始化完成信号
[2026-06-02 15:20:44] [DEBUG] [Scheduler][InitCheckTask][start] 已连接设备 12013 的初始化完成信号
[2026-06-02 15:20:44] [DEBUG] [Scheduler][InitCheckTask][start] 已连接设备 12014 的初始化完成信号
[2026-06-02 15:20:44] [DEBUG] [Scheduler][InitCheckTask][start] 已连接设备 12015 的初始化完成信号
[2026-06-02 15:20:44] [DEBUG] [Scheduler][InitCheckTask][start] 已连接设备 12016 的初始化完成信号
[2026-06-02 15:20:44] [DEBUG] [Scheduler][InitCheckTask][start] 已连接设备 12017 的初始化完成信号
[2026-06-02 15:20:44] [DEBUG] [Scheduler][InitCheckTask][start] 已连接设备 12018 的初始化完成信号
[2026-06-02 15:20:44] [DEBUG] [Scheduler][InitCheckTask][start] 已连接设备 12019 的初始化完成信号
[2026-06-02 15:20:44] [DEBUG] [Scheduler][InitCheckTask][start] 已连接设备 12020 的初始化完成信号
[2026-06-02 15:20:44] [DEBUG] [Scheduler][InitCheckTask][start] 已连接设备 12021 的初始化完成信号
[2026-06-02 15:20:44] [DEBUG] [Scheduler][InitCheckTask][start] 已连接设备 12022 的初始化完成信号
[2026-06-02 15:20:44] [DEBUG] [Scheduler][InitCheckTask][start] 已连接设备 12023 的初始化完成信号
[2026-06-02 15:20:44] [DEBUG] [Scheduler][InitCheckTask][start] 已连接设备 12024 的初始化完成信号
[2026-06-02 15:20:44] [DEBUG] [Scheduler][InitCheckTask][start] 已连接设备 12025 的初始化完成信号
[2026-06-02 15:20:44] [DEBUG] [Scheduler][InitCheckTask][start] 已连接设备 12026 的初始化完成信号
[2026-06-02 15:20:44] [DEBUG] [Scheduler][InitCheckTask][start] 已连接设备 12027 的初始化完成信号
[2026-06-02 15:20:44] [DEBUG] [Scheduler][InitCheckTask][start] 已连接设备 12028 的初始化完成信号
[2026-06-02 15:20:44] [DEBUG] [Scheduler][InitCheckTask][start] 已连接设备 12029 的初始化完成信号
[2026-06-02 15:20:44] [DEBUG] [Scheduler][InitCheckTask][start] 已连接设备 12030 的初始化完成信号
[2026-06-02 15:20:44] [DEBUG] [Scheduler][InitCheckTask][start] 已连接设备 12034 的初始化完成信号
[2026-06-02 15:20:44] [DEBUG] [Scheduler][InitCheckTask][start] 已连接设备 12035 的初始化完成信号
[2026-06-02 15:20:44] [DEBUG] [Scheduler][InitCheckTask][start] 已连接设备 12031 的初始化完成信号
[2026-06-02 15:20:44] [DEBUG] [Scheduler][InitCheckTask][start] 已连接设备 12032 的初始化完成信号
[2026-06-02 15:20:44] [DEBUG] [Scheduler][InitCheckTask][start] 已连接设备 12033 的初始化完成信号
[2026-06-02 15:20:44] [DEBUG] [Scheduler][InitCheckTask][start] 已连接设备 12036 的初始化完成信号
[2026-06-02 15:20:44] [DEBUG] [Scheduler][InitCheckTask][start] 已连接设备 12037 的初始化完成信号
[2026-06-02 15:20:44] [DEBUG] [Scheduler][InitCheckTask][start] 已连接设备 12038 的初始化完成信号
[2026-06-02 15:20:44] [DEBUG] [Scheduler][InitCheckTask][start] 已连接设备 12039 的初始化完成信号
[2026-06-02 15:20:44] [DEBUG] [Scheduler][InitCheckTask][start] 已连接设备 12040 的初始化完成信号
[2026-06-02 15:20:44] [DEBUG] [Scheduler][InitCheckTask][start] 已连接设备 12041 的初始化完成信号
[2026-06-02 15:20:44] [DEBUG] [Scheduler][InitCheckTask][start] 已连接设备 12042 的初始化完成信号
[2026-06-02 15:20:44] [DEBUG] [Scheduler][InitCheckTask][start] 已连接设备 12043 的初始化完成信号
[2026-06-02 15:20:44] [DEBUG] [Scheduler][InitCheckTask][start] 已连接设备 12044 的初始化完成信号
[2026-06-02 15:20:44] [DEBUG] [Scheduler][InitCheckTask][start] 已连接设备 12045 的初始化完成信号
[2026-06-02 15:20:44] [DEBUG] [Scheduler][InitCheckTask][start] 已连接设备 12046 的初始化完成信号
[2026-06-02 15:20:44] [DEBUG] [Scheduler][InitCheckTask][start] 已连接设备 12047 的初始化完成信号
[2026-06-02 15:20:44] [DEBUG] [Scheduler][InitCheckTask][start] 已连接设备 12048 的初始化完成信号
[2026-06-02 15:20:44] [DEBUG] [Scheduler][InitCheckTask][start] 已连接设备 12049 的初始化完成信号
[2026-06-02 15:20:44] [DEBUG] [Scheduler][InitCheckTask][start] 已连接设备 12050 的初始化完成信号
[2026-06-02 15:20:44] [DEBUG] [Scheduler][InitCheckTask][start] 已连接设备 12051 的初始化完成信号
[2026-06-02 15:20:44] [DEBUG] [Scheduler][InitCheckTask][start] 已连接设备 12052 的初始化完成信号
[2026-06-02 15:20:44] [DEBUG] [Scheduler][InitCheckTask][start] 已连接设备 12053 的初始化完成信号
[2026-06-02 15:20:44] [DEBUG] [Scheduler][InitCheckTask][start] 已连接设备 12054 的初始化完成信号
[2026-06-02 15:20:44] [DEBUG] [Scheduler][InitCheckTask][start] 已连接设备 12055 的初始化完成信号
[2026-06-02 15:20:44] [DEBUG] [Scheduler][InitCheckTask][start] 已连接设备 12056 的初始化完成信号
[2026-06-02 15:20:44] [DEBUG] [Scheduler][InitCheckTask][start] 已连接设备 12057 的初始化完成信号
[2026-06-02 15:20:44] [DEBUG] [Scheduler][InitCheckTask][start] 已连接设备 12058 的初始化完成信号
[2026-06-02 15:20:44] [DEBUG] [Scheduler][InitCheckTask][start] 已连接设备 12059 的初始化完成信号
[2026-06-02 15:20:44] [DEBUG] [Scheduler][InitCheckTask][start] 已连接设备 12060 的初始化完成信号
[2026-06-02 15:20:44] [DEBUG] [Scheduler][InitCheckTask][start] 已连接设备 12061 的初始化完成信号
[2026-06-02 15:20:44] [DEBUG] [Scheduler][InitCheckTask][start] 已连接设备 12062 的初始化完成信号
[2026-06-02 15:20:44] [DEBUG] [Scheduler][InitCheckTask][start] 已连接设备 12063 的初始化完成信号
[2026-06-02 15:20:44] [DEBUG] [Scheduler][InitCheckTask][start] 已连接设备 12064 的初始化完成信号
[2026-06-02 15:20:44] [DEBUG] [Scheduler][InitCheckTask][start] 已连接设备 12065 的初始化完成信号
[2026-06-02 15:20:44] [DEBUG] [Scheduler][InitCheckTask][start] 已连接设备 12066 的初始化完成信号
[2026-06-02 15:20:44] [DEBUG] [Scheduler][InitCheckTask][start] 已连接设备 12067 的初始化完成信号
[2026-06-02 15:20:44] [DEBUG] [Scheduler][InitCheckTask][start] 已连接设备 12070 的初始化完成信号
[2026-06-02 15:20:44] [DEBUG] [Scheduler][InitCheckTask][start] 已连接设备 12068 的初始化完成信号
[2026-06-02 15:20:44] [DEBUG] [Scheduler][InitCheckTask][start] 已连接设备 12069 的初始化完成信号
[2026-06-02 15:20:44] [DEBUG] [Scheduler][InitCheckTask][start] 已连接设备 12071 的初始化完成信号
[2026-06-02 15:20:44] [DEBUG] [Scheduler][InitCheckTask][start] 已连接设备 12072 的初始化完成信号
[2026-06-02 15:20:44] [DEBUG] [Scheduler][InitCheckTask][start] 已连接设备 12073 的初始化完成信号
[2026-06-02 15:20:44] [DEBUG] [Scheduler][InitCheckTask][start] 已连接设备 12074 的初始化完成信号
[2026-06-02 15:20:44] [DEBUG] [Scheduler][InitCheckTask][start] 已连接设备 12075 的初始化完成信号
[2026-06-02 15:20:44] [DEBUG] [Scheduler][InitCheckTask][start] 已连接设备 12076 的初始化完成信号
[2026-06-02 15:20:44] [DEBUG] [Scheduler][InitCheckTask][start] 已连接设备 12077 的初始化完成信号
[2026-06-02 15:20:44] [DEBUG] [Scheduler][InitCheckTask][start] 已连接设备 12078 的初始化完成信号
[2026-06-02 15:20:44] [DEBUG] [Scheduler][InitCheckTask][start] 已连接设备 12079 的初始化完成信号
[2026-06-02 15:20:44] [DEBUG] [Scheduler][InitCheckTask][start] 已连接设备 12080 的初始化完成信号
[2026-06-02 15:20:44] [INFO] [Scheduler][InitCheckTask][start] 启动，等待 80 个设备完成初始化
[2026-06-02 15:20:52] [WARN] [Scheduler][InitCheckTask][onInitialFinished] 设备 12029 初始化存在 2 条失败指令: ReadVersion, WriteVEFCGasType (1/80)
[2026-06-02 15:20:52] [WARN] [Scheduler][InitCheckTask][onInitialFinished] 设备 12028 初始化存在 2 条失败指令: ReadVersion, WriteVEFCGasType (2/80)
[2026-06-02 15:20:52] [WARN] [Scheduler][InitCheckTask][onInitialFinished] 设备 12027 初始化存在 2 条失败指令: ReadVersion, WriteVEFCGasType (3/80)
[2026-06-02 15:20:52] [WARN] [Scheduler][InitCheckTask][onInitialFinished] 设备 12035 初始化存在 2 条失败指令: ReadVersion, WriteVEFCGasType (4/80)
[2026-06-02 15:20:52] [WARN] [Scheduler][InitCheckTask][onInitialFinished] 设备 12031 初始化存在 2 条失败指令: ReadVersion, WriteVEFCGasType (5/80)
[2026-06-02 15:20:52] [WARN] [Scheduler][InitCheckTask][onInitialFinished] 设备 12001 初始化存在 2 条失败指令: ReadVersion, WriteVEFCGasType (6/80)
[2026-06-02 15:20:52] [WARN] [Scheduler][InitCheckTask][onInitialFinished] 设备 12020 初始化存在 2 条失败指令: ReadVersion, WriteVEFCGasType (7/80)
[2026-06-02 15:20:52] [WARN] [Scheduler][InitCheckTask][onInitialFinished] 设备 12032 初始化存在 2 条失败指令: ReadVersion, WriteVEFCGasType (8/80)
[2026-06-02 15:20:52] [WARN] [Scheduler][InitCheckTask][onInitialFinished] 设备 12004 初始化存在 2 条失败指令: ReadVersion, WriteVEFCGasType (9/80)
[2026-06-02 15:20:52] [WARN] [Scheduler][InitCheckTask][onInitialFinished] 设备 12015 初始化存在 2 条失败指令: ReadVersion, WriteVEFCGasType (10/80)
[2026-06-02 15:20:52] [WARN] [Scheduler][InitCheckTask][onInitialFinished] 设备 12002 初始化存在 2 条失败指令: ReadVersion, WriteVEFCGasType (11/80)
[2026-06-02 15:20:52] [WARN] [Scheduler][InitCheckTask][onInitialFinished] 设备 12030 初始化存在 2 条失败指令: ReadVersion, WriteVEFCGasType (12/80)
[2026-06-02 15:20:52] [WARN] [Scheduler][InitCheckTask][onInitialFinished] 设备 12011 初始化存在 2 条失败指令: ReadVersion, WriteVEFCGasType (13/80)
[2026-06-02 15:20:52] [WARN] [Scheduler][InitCheckTask][onInitialFinished] 设备 12021 初始化存在 2 条失败指令: ReadVersion, WriteVEFCGasType (14/80)
[2026-06-02 15:20:52] [WARN] [Scheduler][InitCheckTask][onInitialFinished] 设备 12025 初始化存在 2 条失败指令: ReadVersion, WriteVEFCGasType (15/80)
[2026-06-02 15:20:52] [WARN] [Scheduler][InitCheckTask][onInitialFinished] 设备 12022 初始化存在 2 条失败指令: ReadVersion, WriteVEFCGasType (16/80)
[2026-06-02 15:20:52] [WARN] [Scheduler][InitCheckTask][onInitialFinished] 设备 12012 初始化存在 2 条失败指令: ReadVersion, WriteVEFCGasType (17/80)
[2026-06-02 15:20:52] [WARN] [Scheduler][InitCheckTask][onInitialFinished] 设备 12014 初始化存在 2 条失败指令: ReadVersion, WriteVEFCGasType (18/80)
[2026-06-02 15:20:52] [WARN] [Scheduler][InitCheckTask][onInitialFinished] 设备 12017 初始化存在 2 条失败指令: ReadVersion, WriteVEFCGasType (19/80)
[2026-06-02 15:20:52] [WARN] [Scheduler][InitCheckTask][onInitialFinished] 设备 12019 初始化存在 2 条失败指令: ReadVersion, WriteVEFCGasType (20/80)
[2026-06-02 15:20:52] [WARN] [Scheduler][InitCheckTask][onInitialFinished] 设备 12018 初始化存在 2 条失败指令: ReadVersion, WriteVEFCGasType (21/80)
[2026-06-02 15:20:52] [WARN] [Scheduler][InitCheckTask][onInitialFinished] 设备 12016 初始化存在 2 条失败指令: ReadVersion, WriteVEFCGasType (22/80)
[2026-06-02 15:20:52] [WARN] [Scheduler][InitCheckTask][onInitialFinished] 设备 12007 初始化存在 2 条失败指令: ReadVersion, WriteVEFCGasType (23/80)
[2026-06-02 15:20:52] [WARN] [Scheduler][InitCheckTask][onInitialFinished] 设备 12006 初始化存在 2 条失败指令: ReadVersion, WriteVEFCGasType (24/80)
[2026-06-02 15:20:52] [WARN] [Scheduler][InitCheckTask][onInitialFinished] 设备 12013 初始化存在 2 条失败指令: ReadVersion, WriteVEFCGasType (25/80)
[2026-06-02 15:20:52] [WARN] [Scheduler][InitCheckTask][onInitialFinished] 设备 12005 初始化存在 2 条失败指令: ReadVersion, WriteVEFCGasType (26/80)
[2026-06-02 15:20:52] [WARN] [Scheduler][InitCheckTask][onInitialFinished] 设备 12009 初始化存在 2 条失败指令: ReadVersion, WriteVEFCGasType (27/80)
[2026-06-02 15:20:52] [WARN] [Scheduler][InitCheckTask][onInitialFinished] 设备 12026 初始化存在 2 条失败指令: ReadVersion, WriteVEFCGasType (28/80)
[2026-06-02 15:20:52] [WARN] [Scheduler][InitCheckTask][onInitialFinished] 设备 12010 初始化存在 2 条失败指令: ReadVersion, WriteVEFCGasType (29/80)
[2026-06-02 15:20:52] [WARN] [Scheduler][InitCheckTask][onInitialFinished] 设备 12008 初始化存在 2 条失败指令: ReadVersion, WriteVEFCGasType (30/80)
[2026-06-02 15:20:52] [WARN] [Scheduler][InitCheckTask][onInitialFinished] 设备 12003 初始化存在 2 条失败指令: ReadVersion, WriteVEFCGasType (31/80)
[2026-06-02 15:20:52] [WARN] [Scheduler][InitCheckTask][onInitialFinished] 设备 12033 初始化存在 2 条失败指令: ReadVersion, WriteVEFCGasType (32/80)
[2026-06-02 15:20:52] [WARN] [Scheduler][InitCheckTask][onInitialFinished] 设备 12041 初始化存在 2 条失败指令: ReadVersion, WriteVEFCGasType (33/80)
[2026-06-02 15:20:52] [WARN] [Scheduler][InitCheckTask][onInitialFinished] 设备 12043 初始化存在 2 条失败指令: ReadVersion, WriteVEFCGasType (34/80)
[2026-06-02 15:20:52] [WARN] [Scheduler][InitCheckTask][onInitialFinished] 设备 12044 初始化存在 2 条失败指令: ReadVersion, WriteVEFCGasType (35/80)
[2026-06-02 15:20:52] [WARN] [Scheduler][InitCheckTask][onInitialFinished] 设备 12023 初始化存在 2 条失败指令: ReadVersion, WriteVEFCGasType (36/80)
[2026-06-02 15:20:52] [WARN] [Scheduler][InitCheckTask][onInitialFinished] 设备 12036 初始化存在 2 条失败指令: ReadVersion, WriteVEFCGasType (37/80)
[2026-06-02 15:20:52] [WARN] [Scheduler][InitCheckTask][onInitialFinished] 设备 12024 初始化存在 2 条失败指令: ReadVersion, WriteVEFCGasType (38/80)
[2026-06-02 15:20:52] [WARN] [Scheduler][InitCheckTask][onInitialFinished] 设备 12039 初始化存在 2 条失败指令: ReadVersion, WriteVEFCGasType (39/80)
[2026-06-02 15:20:52] [WARN] [Scheduler][InitCheckTask][onInitialFinished] 设备 12034 初始化存在 2 条失败指令: ReadVersion, WriteVEFCGasType (40/80)
[2026-06-02 15:20:53] [WARN] [Scheduler][InitCheckTask][onInitialFinished] 设备 12047 初始化存在 2 条失败指令: ReadVersion, WriteVEFCGasType (41/80)
[2026-06-02 15:20:53] [WARN] [Scheduler][InitCheckTask][onInitialFinished] 设备 12055 初始化存在 2 条失败指令: ReadVersion, WriteVEFCGasType (42/80)
[2026-06-02 15:20:53] [WARN] [Scheduler][InitCheckTask][onInitialFinished] 设备 12046 初始化存在 2 条失败指令: ReadVersion, WriteVEFCGasType (43/80)
[2026-06-02 15:20:53] [WARN] [Scheduler][InitCheckTask][onInitialFinished] 设备 12054 初始化存在 2 条失败指令: ReadVersion, WriteVEFCGasType (44/80)
[2026-06-02 15:20:53] [WARN] [Scheduler][InitCheckTask][onInitialFinished] 设备 12049 初始化存在 2 条失败指令: ReadVersion, WriteVEFCGasType (45/80)
[2026-06-02 15:20:53] [WARN] [Scheduler][InitCheckTask][onInitialFinished] 设备 12050 初始化存在 2 条失败指令: ReadVersion, WriteVEFCGasType (46/80)
[2026-06-02 15:20:53] [WARN] [Scheduler][InitCheckTask][onInitialFinished] 设备 12056 初始化存在 2 条失败指令: ReadVersion, WriteVEFCGasType (47/80)
[2026-06-02 15:20:53] [WARN] [Scheduler][InitCheckTask][onInitialFinished] 设备 12053 初始化存在 2 条失败指令: ReadVersion, WriteVEFCGasType (48/80)
[2026-06-02 15:20:53] [WARN] [Scheduler][InitCheckTask][onInitialFinished] 设备 12040 初始化存在 2 条失败指令: ReadVersion, WriteVEFCGasType (49/80)
[2026-06-02 15:20:53] [WARN] [Scheduler][InitCheckTask][onInitialFinished] 设备 12042 初始化存在 2 条失败指令: ReadVersion, WriteVEFCGasType (50/80)
[2026-06-02 15:20:53] [WARN] [Scheduler][InitCheckTask][onInitialFinished] 设备 12052 初始化存在 2 条失败指令: ReadVersion, WriteVEFCGasType (51/80)
[2026-06-02 15:20:53] [WARN] [Scheduler][InitCheckTask][onInitialFinished] 设备 12048 初始化存在 2 条失败指令: ReadVersion, WriteVEFCGasType (52/80)
[2026-06-02 15:20:53] [WARN] [Scheduler][InitCheckTask][onInitialFinished] 设备 12051 初始化存在 2 条失败指令: ReadVersion, WriteVEFCGasType (53/80)
[2026-06-02 15:20:53] [WARN] [Scheduler][InitCheckTask][onInitialFinished] 设备 12038 初始化存在 2 条失败指令: ReadVersion, WriteVEFCGasType (54/80)
[2026-06-02 15:20:53] [WARN] [Scheduler][InitCheckTask][onInitialFinished] 设备 12037 初始化存在 2 条失败指令: ReadVersion, WriteVEFCGasType (55/80)
[2026-06-02 15:20:53] [WARN] [Scheduler][InitCheckTask][onInitialFinished] 设备 12058 初始化存在 2 条失败指令: ReadVersion, WriteVEFCGasType (56/80)
[2026-06-02 15:20:53] [WARN] [Scheduler][InitCheckTask][onInitialFinished] 设备 12061 初始化存在 2 条失败指令: ReadVersion, WriteVEFCGasType (57/80)
[2026-06-02 15:20:53] [WARN] [Scheduler][InitCheckTask][onInitialFinished] 设备 12045 初始化存在 2 条失败指令: ReadVersion, WriteVEFCGasType (58/80)
[2026-06-02 15:20:53] [WARN] [Scheduler][InitCheckTask][onInitialFinished] 设备 12066 初始化存在 2 条失败指令: ReadVersion, WriteVEFCGasType (59/80)
[2026-06-02 15:20:53] [WARN] [Scheduler][InitCheckTask][onInitialFinished] 设备 12065 初始化存在 2 条失败指令: ReadVersion, WriteVEFCGasType (60/80)
[2026-06-02 15:20:53] [WARN] [Scheduler][InitCheckTask][onInitialFinished] 设备 12063 初始化存在 2 条失败指令: ReadVersion, WriteVEFCGasType (61/80)
[2026-06-02 15:20:53] [WARN] [Scheduler][InitCheckTask][onInitialFinished] 设备 12057 初始化存在 2 条失败指令: ReadVersion, WriteVEFCGasType (62/80)
[2026-06-02 15:20:53] [WARN] [Scheduler][InitCheckTask][onInitialFinished] 设备 12069 初始化存在 2 条失败指令: ReadVersion, WriteVEFCGasType (63/80)
[2026-06-02 15:20:53] [WARN] [Scheduler][InitCheckTask][onInitialFinished] 设备 12077 初始化存在 2 条失败指令: ReadVersion, WriteVEFCGasType (64/80)
[2026-06-02 15:20:53] [WARN] [Scheduler][InitCheckTask][onInitialFinished] 设备 12068 初始化存在 2 条失败指令: ReadVersion, WriteVEFCGasType (65/80)
[2026-06-02 15:20:53] [WARN] [Scheduler][InitCheckTask][onInitialFinished] 设备 12076 初始化存在 2 条失败指令: ReadVersion, WriteVEFCGasType (66/80)
[2026-06-02 15:20:53] [WARN] [Scheduler][InitCheckTask][onInitialFinished] 设备 12071 初始化存在 2 条失败指令: ReadVersion, WriteVEFCGasType (67/80)
[2026-06-02 15:20:53] [WARN] [Scheduler][InitCheckTask][onInitialFinished] 设备 12078 初始化存在 2 条失败指令: ReadVersion, WriteVEFCGasType (68/80)
[2026-06-02 15:20:53] [WARN] [Scheduler][InitCheckTask][onInitialFinished] 设备 12072 初始化存在 2 条失败指令: ReadVersion, WriteVEFCGasType (69/80)
[2026-06-02 15:20:53] [WARN] [Scheduler][InitCheckTask][onInitialFinished] 设备 12075 初始化存在 2 条失败指令: ReadVersion, WriteVEFCGasType (70/80)
[2026-06-02 15:20:53] [WARN] [Scheduler][InitCheckTask][onInitialFinished] 设备 12062 初始化存在 2 条失败指令: ReadVersion, WriteVEFCGasType (71/80)
[2026-06-02 15:20:53] [WARN] [Scheduler][InitCheckTask][onInitialFinished] 设备 12064 初始化存在 2 条失败指令: ReadVersion, WriteVEFCGasType (72/80)
[2026-06-02 15:20:53] [WARN] [Scheduler][InitCheckTask][onInitialFinished] 设备 12074 初始化存在 2 条失败指令: ReadVersion, WriteVEFCGasType (73/80)
[2026-06-02 15:20:53] [WARN] [Scheduler][InitCheckTask][onInitialFinished] 设备 12070 初始化存在 2 条失败指令: ReadVersion, WriteVEFCGasType (74/80)
[2026-06-02 15:20:53] [WARN] [Scheduler][InitCheckTask][onInitialFinished] 设备 12073 初始化存在 2 条失败指令: ReadVersion, WriteVEFCGasType (75/80)
[2026-06-02 15:20:53] [WARN] [Scheduler][InitCheckTask][onInitialFinished] 设备 12060 初始化存在 2 条失败指令: ReadVersion, WriteVEFCGasType (76/80)
[2026-06-02 15:20:53] [WARN] [Scheduler][InitCheckTask][onInitialFinished] 设备 12059 初始化存在 2 条失败指令: ReadVersion, WriteVEFCGasType (77/80)
[2026-06-02 15:20:53] [WARN] [Scheduler][InitCheckTask][onInitialFinished] 设备 12067 初始化存在 2 条失败指令: ReadVersion, WriteVEFCGasType (78/80)
[2026-06-02 15:20:53] [WARN] [Scheduler][InitCheckTask][onInitialFinished] 设备 12079 初始化存在 2 条失败指令: ReadVersion, WriteVEFCGasType (79/80)
[2026-06-02 15:20:53] [WARN] [Scheduler][InitCheckTask][onInitialFinished] 设备 12080 初始化存在 2 条失败指令: ReadVersion, WriteVEFCGasType (80/80)
[2026-06-02 15:20:53] [INFO] [Scheduler][InitCheckTask][checkAllFinished] 全部设备初始化检查完成，汇总结果: 总设备数=80, 成功=0, 失败=80
[2026-06-02 15:20:53] [DEBUG] [Scheduler][InitCheckTask][disconnectAll] 断开所有信号连接，连接数: 80
[2026-06-02 15:20:53] [WARN] [Scheduler][InitCheckTask][checkAllFinished] 初始化完成：0 台成功，80 台存在失败指令（12029, 12028, 12027, 12035, 12031, 12001, 12020, 12032, 12004, 12015, 12002, 12030, 12011, 12021, 12025, 12022, 12012, 12014, 12017, 12019, 12018, 12016, 12007, 12006, 12013, 12005, 12009, 12026, 12010, 12008, 12003, 12033, 12041, 12043, 12044, 12023, 12036, 12024, 12039, 12034, 12047, 12055, 12046, 12054, 12049, 12050, 12056, 12053, 12040, 12042, 12052, 12048, 12051, 12038, 12037, 12058, 12061, 12045, 12066, 12065, 12063, 12057, 12069, 12077, 12068, 12076, 12071, 12078, 12072, 12075, 12062, 12064, 12074, 12070, 12073, 12060, 12059, 12067, 12079, 12080）
[2026-06-02 15:20:53] [INFO] =============================InitCheckTask 调度任务结束=============================
[2026-06-02 15:30:04] [INFO] =============================InitCheckTask 调度任务开始=============================
[2026-06-02 15:30:04] [INFO] [Scheduler][InitCheckTask][start] 发现 80 个已注册的设备: 12001, 12002, 12003, 12004, 12005, 12006, 12007, 12008, 12009, 12010, 12011, 12012, 12013, 12014, 12015, 12016, 12017, 12018, 12019, 12020, 12021, 12022, 12023, 12024, 12025, 12026, 12027, 12028, 12029, 12030, 12031, 12032, 12033, 12034, 12035, 12036, 12037, 12038, 12039, 12040, 12041, 12042, 12043, 12044, 12045, 12046, 12047, 12048, 12049, 12050, 12051, 12052, 12053, 12054, 12055, 12056, 12057, 12058, 12059, 12060, 12061, 12062, 12063, 12064, 12065, 12066, 12067, 12068, 12069, 12070, 12071, 12072, 12073, 12074, 12075, 12076, 12077, 12078, 12079, 12080
[2026-06-02 15:30:04] [DEBUG] [Scheduler][InitCheckTask][start] 已连接设备 12001 的初始化完成信号
[2026-06-02 15:30:04] [DEBUG] [Scheduler][InitCheckTask][start] 已连接设备 12002 的初始化完成信号
[2026-06-02 15:30:04] [DEBUG] [Scheduler][InitCheckTask][start] 已连接设备 12003 的初始化完成信号
[2026-06-02 15:30:04] [DEBUG] [Scheduler][InitCheckTask][start] 已连接设备 12004 的初始化完成信号
[2026-06-02 15:30:04] [DEBUG] [Scheduler][InitCheckTask][start] 已连接设备 12005 的初始化完成信号
[2026-06-02 15:30:04] [DEBUG] [Scheduler][InitCheckTask][start] 已连接设备 12006 的初始化完成信号
[2026-06-02 15:30:04] [DEBUG] [Scheduler][InitCheckTask][start] 已连接设备 12007 的初始化完成信号
[2026-06-02 15:30:04] [DEBUG] [Scheduler][InitCheckTask][start] 已连接设备 12008 的初始化完成信号
[2026-06-02 15:30:04] [DEBUG] [Scheduler][InitCheckTask][start] 已连接设备 12009 的初始化完成信号
[2026-06-02 15:30:04] [DEBUG] [Scheduler][InitCheckTask][start] 已连接设备 12010 的初始化完成信号
[2026-06-02 15:30:04] [DEBUG] [Scheduler][InitCheckTask][start] 已连接设备 12011 的初始化完成信号
[2026-06-02 15:30:04] [DEBUG] [Scheduler][InitCheckTask][start] 已连接设备 12012 的初始化完成信号
[2026-06-02 15:30:04] [DEBUG] [Scheduler][InitCheckTask][start] 已连接设备 12013 的初始化完成信号
[2026-06-02 15:30:04] [DEBUG] [Scheduler][InitCheckTask][start] 已连接设备 12014 的初始化完成信号
[2026-06-02 15:30:04] [DEBUG] [Scheduler][InitCheckTask][start] 已连接设备 12015 的初始化完成信号
[2026-06-02 15:30:04] [DEBUG] [Scheduler][InitCheckTask][start] 已连接设备 12016 的初始化完成信号
[2026-06-02 15:30:04] [DEBUG] [Scheduler][InitCheckTask][start] 已连接设备 12017 的初始化完成信号
[2026-06-02 15:30:04] [DEBUG] [Scheduler][InitCheckTask][start] 已连接设备 12018 的初始化完成信号
[2026-06-02 15:30:04] [DEBUG] [Scheduler][InitCheckTask][start] 已连接设备 12019 的初始化完成信号
[2026-06-02 15:30:04] [DEBUG] [Scheduler][InitCheckTask][start] 已连接设备 12020 的初始化完成信号
[2026-06-02 15:30:04] [DEBUG] [Scheduler][InitCheckTask][start] 已连接设备 12021 的初始化完成信号
[2026-06-02 15:30:04] [DEBUG] [Scheduler][InitCheckTask][start] 已连接设备 12022 的初始化完成信号
[2026-06-02 15:30:04] [DEBUG] [Scheduler][InitCheckTask][start] 已连接设备 12023 的初始化完成信号
[2026-06-02 15:30:04] [DEBUG] [Scheduler][InitCheckTask][start] 已连接设备 12024 的初始化完成信号
[2026-06-02 15:30:04] [DEBUG] [Scheduler][InitCheckTask][start] 已连接设备 12025 的初始化完成信号
[2026-06-02 15:30:04] [DEBUG] [Scheduler][InitCheckTask][start] 已连接设备 12026 的初始化完成信号
[2026-06-02 15:30:04] [DEBUG] [Scheduler][InitCheckTask][start] 已连接设备 12027 的初始化完成信号
[2026-06-02 15:30:04] [DEBUG] [Scheduler][InitCheckTask][start] 已连接设备 12028 的初始化完成信号
[2026-06-02 15:30:04] [DEBUG] [Scheduler][InitCheckTask][start] 已连接设备 12029 的初始化完成信号
[2026-06-02 15:30:04] [DEBUG] [Scheduler][InitCheckTask][start] 已连接设备 12030 的初始化完成信号
[2026-06-02 15:30:04] [DEBUG] [Scheduler][InitCheckTask][start] 已连接设备 12034 的初始化完成信号
[2026-06-02 15:30:04] [DEBUG] [Scheduler][InitCheckTask][start] 已连接设备 12035 的初始化完成信号
[2026-06-02 15:30:04] [DEBUG] [Scheduler][InitCheckTask][start] 已连接设备 12036 的初始化完成信号
[2026-06-02 15:30:04] [DEBUG] [Scheduler][InitCheckTask][start] 已连接设备 12037 的初始化完成信号
[2026-06-02 15:30:04] [DEBUG] [Scheduler][InitCheckTask][start] 已连接设备 12038 的初始化完成信号
[2026-06-02 15:30:04] [DEBUG] [Scheduler][InitCheckTask][start] 已连接设备 12039 的初始化完成信号
[2026-06-02 15:30:04] [DEBUG] [Scheduler][InitCheckTask][start] 已连接设备 12040 的初始化完成信号
[2026-06-02 15:30:04] [DEBUG] [Scheduler][InitCheckTask][start] 已连接设备 12041 的初始化完成信号
[2026-06-02 15:30:04] [DEBUG] [Scheduler][InitCheckTask][start] 已连接设备 12031 的初始化完成信号
[2026-06-02 15:30:04] [DEBUG] [Scheduler][InitCheckTask][start] 已连接设备 12032 的初始化完成信号
[2026-06-02 15:30:04] [DEBUG] [Scheduler][InitCheckTask][start] 已连接设备 12033 的初始化完成信号
[2026-06-02 15:30:04] [DEBUG] [Scheduler][InitCheckTask][start] 已连接设备 12042 的初始化完成信号
[2026-06-02 15:30:04] [DEBUG] [Scheduler][InitCheckTask][start] 已连接设备 12043 的初始化完成信号
[2026-06-02 15:30:04] [DEBUG] [Scheduler][InitCheckTask][start] 已连接设备 12044 的初始化完成信号
[2026-06-02 15:30:04] [DEBUG] [Scheduler][InitCheckTask][start] 已连接设备 12045 的初始化完成信号
[2026-06-02 15:30:04] [DEBUG] [Scheduler][InitCheckTask][start] 已连接设备 12046 的初始化完成信号
[2026-06-02 15:30:04] [DEBUG] [Scheduler][InitCheckTask][start] 已连接设备 12047 的初始化完成信号
[2026-06-02 15:30:04] [DEBUG] [Scheduler][InitCheckTask][start] 已连接设备 12048 的初始化完成信号
[2026-06-02 15:30:04] [DEBUG] [Scheduler][InitCheckTask][start] 已连接设备 12049 的初始化完成信号
[2026-06-02 15:30:04] [DEBUG] [Scheduler][InitCheckTask][start] 已连接设备 12050 的初始化完成信号
[2026-06-02 15:30:04] [DEBUG] [Scheduler][InitCheckTask][start] 已连接设备 12051 的初始化完成信号
[2026-06-02 15:30:04] [DEBUG] [Scheduler][InitCheckTask][start] 已连接设备 12052 的初始化完成信号
[2026-06-02 15:30:04] [DEBUG] [Scheduler][InitCheckTask][start] 已连接设备 12053 的初始化完成信号
[2026-06-02 15:30:04] [DEBUG] [Scheduler][InitCheckTask][start] 已连接设备 12054 的初始化完成信号
[2026-06-02 15:30:04] [DEBUG] [Scheduler][InitCheckTask][start] 已连接设备 12055 的初始化完成信号
[2026-06-02 15:30:04] [DEBUG] [Scheduler][InitCheckTask][start] 已连接设备 12056 的初始化完成信号
[2026-06-02 15:30:04] [DEBUG] [Scheduler][InitCheckTask][start] 已连接设备 12057 的初始化完成信号
[2026-06-02 15:30:04] [DEBUG] [Scheduler][InitCheckTask][start] 已连接设备 12058 的初始化完成信号
[2026-06-02 15:30:04] [DEBUG] [Scheduler][InitCheckTask][start] 已连接设备 12059 的初始化完成信号
[2026-06-02 15:30:04] [DEBUG] [Scheduler][InitCheckTask][start] 已连接设备 12060 的初始化完成信号
[2026-06-02 15:30:04] [DEBUG] [Scheduler][InitCheckTask][start] 已连接设备 12061 的初始化完成信号
[2026-06-02 15:30:04] [DEBUG] [Scheduler][InitCheckTask][start] 已连接设备 12062 的初始化完成信号
[2026-06-02 15:30:04] [DEBUG] [Scheduler][InitCheckTask][start] 已连接设备 12063 的初始化完成信号
[2026-06-02 15:30:04] [DEBUG] [Scheduler][InitCheckTask][start] 已连接设备 12064 的初始化完成信号
[2026-06-02 15:30:04] [DEBUG] [Scheduler][InitCheckTask][start] 已连接设备 12065 的初始化完成信号
[2026-06-02 15:30:04] [DEBUG] [Scheduler][InitCheckTask][start] 已连接设备 12066 的初始化完成信号
[2026-06-02 15:30:04] [DEBUG] [Scheduler][InitCheckTask][start] 已连接设备 12067 的初始化完成信号
[2026-06-02 15:30:04] [DEBUG] [Scheduler][InitCheckTask][start] 已连接设备 12068 的初始化完成信号
[2026-06-02 15:30:04] [DEBUG] [Scheduler][InitCheckTask][start] 已连接设备 12069 的初始化完成信号
[2026-06-02 15:30:04] [DEBUG] [Scheduler][InitCheckTask][start] 已连接设备 12070 的初始化完成信号
[2026-06-02 15:30:04] [DEBUG] [Scheduler][InitCheckTask][start] 已连接设备 12071 的初始化完成信号
[2026-06-02 15:30:04] [DEBUG] [Scheduler][InitCheckTask][start] 已连接设备 12072 的初始化完成信号
[2026-06-02 15:30:04] [DEBUG] [Scheduler][InitCheckTask][start] 已连接设备 12073 的初始化完成信号
[2026-06-02 15:30:04] [DEBUG] [Scheduler][InitCheckTask][start] 已连接设备 12074 的初始化完成信号
[2026-06-02 15:30:04] [DEBUG] [Scheduler][InitCheckTask][start] 已连接设备 12075 的初始化完成信号
[2026-06-02 15:30:04] [DEBUG] [Scheduler][InitCheckTask][start] 已连接设备 12076 的初始化完成信号
[2026-06-02 15:30:04] [DEBUG] [Scheduler][InitCheckTask][start] 已连接设备 12077 的初始化完成信号
[2026-06-02 15:30:04] [DEBUG] [Scheduler][InitCheckTask][start] 已连接设备 12078 的初始化完成信号
[2026-06-02 15:30:04] [DEBUG] [Scheduler][InitCheckTask][start] 已连接设备 12079 的初始化完成信号
[2026-06-02 15:30:04] [DEBUG] [Scheduler][InitCheckTask][start] 已连接设备 12080 的初始化完成信号
[2026-06-02 15:30:04] [INFO] [Scheduler][InitCheckTask][start] 启动，等待 80 个设备完成初始化
[2026-06-02 15:30:12] [WARN] [Scheduler][InitCheckTask][onInitialFinished] 设备 12020 初始化存在 2 条失败指令: ReadVersion, WriteVEFCGasType (1/80)
[2026-06-02 15:30:12] [WARN] [Scheduler][InitCheckTask][onInitialFinished] 设备 12024 初始化存在 2 条失败指令: ReadVersion, WriteVEFCGasType (2/80)
[2026-06-02 15:30:12] [WARN] [Scheduler][InitCheckTask][onInitialFinished] 设备 12030 初始化存在 2 条失败指令: ReadVersion, WriteVEFCGasType (3/80)
[2026-06-02 15:30:12] [WARN] [Scheduler][InitCheckTask][onInitialFinished] 设备 12005 初始化存在 2 条失败指令: ReadVersion, WriteVEFCGasType (4/80)
[2026-06-02 15:30:12] [WARN] [Scheduler][InitCheckTask][onInitialFinished] 设备 12021 初始化存在 2 条失败指令: ReadVersion, WriteVEFCGasType (5/80)
[2026-06-02 15:30:12] [WARN] [Scheduler][InitCheckTask][onInitialFinished] 设备 12026 初始化存在 2 条失败指令: ReadVersion, WriteVEFCGasType (6/80)
[2026-06-02 15:30:12] [WARN] [Scheduler][InitCheckTask][onInitialFinished] 设备 12019 初始化存在 2 条失败指令: ReadVersion, WriteVEFCGasType (7/80)
[2026-06-02 15:30:12] [WARN] [Scheduler][InitCheckTask][onInitialFinished] 设备 12001 初始化存在 2 条失败指令: ReadVersion, WriteVEFCGasType (8/80)
[2026-06-02 15:30:12] [WARN] [Scheduler][InitCheckTask][onInitialFinished] 设备 12010 初始化存在 2 条失败指令: ReadVersion, WriteVEFCGasType (9/80)
[2026-06-02 15:30:12] [WARN] [Scheduler][InitCheckTask][onInitialFinished] 设备 12007 初始化存在 2 条失败指令: ReadVersion, WriteVEFCGasType (10/80)
[2026-06-02 15:30:12] [WARN] [Scheduler][InitCheckTask][onInitialFinished] 设备 12013 初始化存在 2 条失败指令: ReadVersion, WriteVEFCGasType (11/80)
[2026-06-02 15:30:12] [WARN] [Scheduler][InitCheckTask][onInitialFinished] 设备 12015 初始化存在 2 条失败指令: ReadVersion, WriteVEFCGasType (12/80)
[2026-06-02 15:30:12] [WARN] [Scheduler][InitCheckTask][onInitialFinished] 设备 12016 初始化存在 2 条失败指令: ReadVersion, WriteVEFCGasType (13/80)
[2026-06-02 15:30:12] [WARN] [Scheduler][InitCheckTask][onInitialFinished] 设备 12014 初始化存在 2 条失败指令: ReadVersion, WriteVEFCGasType (14/80)
[2026-06-02 15:30:12] [WARN] [Scheduler][InitCheckTask][onInitialFinished] 设备 12012 初始化存在 2 条失败指令: ReadVersion, WriteVEFCGasType (15/80)
[2026-06-02 15:30:12] [WARN] [Scheduler][InitCheckTask][onInitialFinished] 设备 12018 初始化存在 2 条失败指令: ReadVersion, WriteVEFCGasType (16/80)
[2026-06-02 15:30:12] [WARN] [Scheduler][InitCheckTask][onInitialFinished] 设备 12003 初始化存在 2 条失败指令: ReadVersion, WriteVEFCGasType (17/80)
[2026-06-02 15:30:12] [WARN] [Scheduler][InitCheckTask][onInitialFinished] 设备 12006 初始化存在 2 条失败指令: ReadVersion, WriteVEFCGasType (18/80)
[2026-06-02 15:30:12] [WARN] [Scheduler][InitCheckTask][onInitialFinished] 设备 12039 初始化存在 2 条失败指令: ReadVersion, WriteVEFCGasType (19/80)
[2026-06-02 15:30:12] [WARN] [Scheduler][InitCheckTask][onInitialFinished] 设备 12031 初始化存在 2 条失败指令: ReadVersion, WriteVEFCGasType (20/80)
[2026-06-02 15:30:12] [WARN] [Scheduler][InitCheckTask][onInitialFinished] 设备 12011 初始化存在 2 条失败指令: ReadVersion, WriteVEFCGasType (21/80)
[2026-06-02 15:30:12] [WARN] [Scheduler][InitCheckTask][onInitialFinished] 设备 12022 初始化存在 2 条失败指令: ReadVersion, WriteVEFCGasType (22/80)
[2026-06-02 15:30:12] [WARN] [Scheduler][InitCheckTask][onInitialFinished] 设备 12042 初始化存在 2 条失败指令: ReadVersion, WriteVEFCGasType (23/80)
[2026-06-02 15:30:12] [WARN] [Scheduler][InitCheckTask][onInitialFinished] 设备 12046 初始化存在 2 条失败指令: ReadVersion, WriteVEFCGasType (24/80)
[2026-06-02 15:30:12] [WARN] [Scheduler][InitCheckTask][onInitialFinished] 设备 12023 初始化存在 2 条失败指令: ReadVersion, WriteVEFCGasType (25/80)
[2026-06-02 15:30:12] [WARN] [Scheduler][InitCheckTask][onInitialFinished] 设备 12052 初始化存在 2 条失败指令: ReadVersion, WriteVEFCGasType (26/80)
[2026-06-02 15:30:12] [WARN] [Scheduler][InitCheckTask][onInitialFinished] 设备 12048 初始化存在 2 条失败指令: ReadVersion, WriteVEFCGasType (27/80)
[2026-06-02 15:30:12] [WARN] [Scheduler][InitCheckTask][onInitialFinished] 设备 12043 初始化存在 2 条失败指令: ReadVersion, WriteVEFCGasType (28/80)
[2026-06-02 15:30:12] [WARN] [Scheduler][InitCheckTask][onInitialFinished] 设备 12041 初始化存在 2 条失败指令: ReadVersion, WriteVEFCGasType (29/80)
[2026-06-02 15:30:12] [WARN] [Scheduler][InitCheckTask][onInitialFinished] 设备 12027 初始化存在 2 条失败指令: ReadVersion, WriteVEFCGasType (30/80)
[2026-06-02 15:30:12] [WARN] [Scheduler][InitCheckTask][onInitialFinished] 设备 12032 初始化存在 2 条失败指令: ReadVersion, WriteVEFCGasType (31/80)
[2026-06-02 15:30:12] [WARN] [Scheduler][InitCheckTask][onInitialFinished] 设备 12029 初始化存在 2 条失败指令: ReadVersion, WriteVEFCGasType (32/80)
[2026-06-02 15:30:12] [WARN] [Scheduler][InitCheckTask][onInitialFinished] 设备 12035 初始化存在 2 条失败指令: ReadVersion, WriteVEFCGasType (33/80)
[2026-06-02 15:30:12] [WARN] [Scheduler][InitCheckTask][onInitialFinished] 设备 12037 初始化存在 2 条失败指令: ReadVersion, WriteVEFCGasType (34/80)
[2026-06-02 15:30:12] [WARN] [Scheduler][InitCheckTask][onInitialFinished] 设备 12036 初始化存在 2 条失败指令: ReadVersion, WriteVEFCGasType (35/80)
[2026-06-02 15:30:12] [WARN] [Scheduler][InitCheckTask][onInitialFinished] 设备 12038 初始化存在 2 条失败指令: ReadVersion, WriteVEFCGasType (36/80)
[2026-06-02 15:30:12] [WARN] [Scheduler][InitCheckTask][onInitialFinished] 设备 12034 初始化存在 2 条失败指令: ReadVersion, WriteVEFCGasType (37/80)
[2026-06-02 15:30:12] [WARN] [Scheduler][InitCheckTask][onInitialFinished] 设备 12025 初始化存在 2 条失败指令: ReadVersion, WriteVEFCGasType (38/80)
[2026-06-02 15:30:12] [WARN] [Scheduler][InitCheckTask][onInitialFinished] 设备 12040 初始化存在 2 条失败指令: ReadVersion, WriteVEFCGasType (39/80)
[2026-06-02 15:30:12] [WARN] [Scheduler][InitCheckTask][onInitialFinished] 设备 12017 初始化存在 2 条失败指令: ReadVersion, WriteVEFCGasType (40/80)
[2026-06-02 15:30:12] [WARN] [Scheduler][InitCheckTask][onInitialFinished] 设备 12028 初始化存在 2 条失败指令: ReadVersion, WriteVEFCGasType (41/80)
[2026-06-02 15:30:12] [WARN] [Scheduler][InitCheckTask][onInitialFinished] 设备 12009 初始化存在 2 条失败指令: ReadVersion, WriteVEFCGasType (42/80)
[2026-06-02 15:30:12] [WARN] [Scheduler][InitCheckTask][onInitialFinished] 设备 12033 初始化存在 2 条失败指令: ReadVersion, WriteVEFCGasType (43/80)
[2026-06-02 15:30:12] [WARN] [Scheduler][InitCheckTask][onInitialFinished] 设备 12044 初始化存在 2 条失败指令: ReadVersion, WriteVEFCGasType (44/80)
[2026-06-02 15:30:12] [WARN] [Scheduler][InitCheckTask][onInitialFinished] 设备 12002 初始化存在 2 条失败指令: ReadVersion, WriteVEFCGasType (45/80)
[2026-06-02 15:30:12] [WARN] [Scheduler][InitCheckTask][onInitialFinished] 设备 12064 初始化存在 2 条失败指令: ReadVersion, WriteVEFCGasType (46/80)
[2026-06-02 15:30:12] [WARN] [Scheduler][InitCheckTask][onInitialFinished] 设备 12045 初始化存在 2 条失败指令: ReadVersion, WriteVEFCGasType (47/80)
[2026-06-02 15:30:12] [WARN] [Scheduler][InitCheckTask][onInitialFinished] 设备 12008 初始化存在 2 条失败指令: ReadVersion, WriteVEFCGasType (48/80)
[2026-06-02 15:30:12] [WARN] [Scheduler][InitCheckTask][onInitialFinished] 设备 12004 初始化存在 2 条失败指令: ReadVersion, WriteVEFCGasType (49/80)
[2026-06-02 15:30:12] [WARN] [Scheduler][InitCheckTask][onInitialFinished] 设备 12063 初始化存在 2 条失败指令: ReadVersion, WriteVEFCGasType (50/80)
[2026-06-02 15:30:12] [WARN] [Scheduler][InitCheckTask][onInitialFinished] 设备 12065 初始化存在 2 条失败指令: ReadVersion, WriteVEFCGasType (51/80)
[2026-06-02 15:30:12] [WARN] [Scheduler][InitCheckTask][onInitialFinished] 设备 12054 初始化存在 2 条失败指令: ReadVersion, WriteVEFCGasType (52/80)
[2026-06-02 15:30:12] [WARN] [Scheduler][InitCheckTask][onInitialFinished] 设备 12051 初始化存在 2 条失败指令: ReadVersion, WriteVEFCGasType (53/80)
[2026-06-02 15:30:12] [WARN] [Scheduler][InitCheckTask][onInitialFinished] 设备 12049 初始化存在 2 条失败指令: ReadVersion, WriteVEFCGasType (54/80)
[2026-06-02 15:30:12] [WARN] [Scheduler][InitCheckTask][onInitialFinished] 设备 12057 初始化存在 2 条失败指令: ReadVersion, WriteVEFCGasType (55/80)
[2026-06-02 15:30:12] [WARN] [Scheduler][InitCheckTask][onInitialFinished] 设备 12059 初始化存在 2 条失败指令: ReadVersion, WriteVEFCGasType (56/80)
[2026-06-02 15:30:12] [WARN] [Scheduler][InitCheckTask][onInitialFinished] 设备 12080 初始化存在 2 条失败指令: ReadVersion, WriteVEFCGasType (57/80)
[2026-06-02 15:30:12] [WARN] [Scheduler][InitCheckTask][onInitialFinished] 设备 12060 初始化存在 2 条失败指令: ReadVersion, WriteVEFCGasType (58/80)
[2026-06-02 15:30:12] [WARN] [Scheduler][InitCheckTask][onInitialFinished] 设备 12078 初始化存在 2 条失败指令: ReadVersion, WriteVEFCGasType (59/80)
[2026-06-02 15:30:12] [WARN] [Scheduler][InitCheckTask][onInitialFinished] 设备 12047 初始化存在 2 条失败指令: ReadVersion, WriteVEFCGasType (60/80)
[2026-06-02 15:30:12] [WARN] [Scheduler][InitCheckTask][onInitialFinished] 设备 12062 初始化存在 2 条失败指令: ReadVersion, WriteVEFCGasType (61/80)
[2026-06-02 15:30:12] [WARN] [Scheduler][InitCheckTask][onInitialFinished] 设备 12050 初始化存在 2 条失败指令: ReadVersion, WriteVEFCGasType (62/80)
[2026-06-02 15:30:12] [WARN] [Scheduler][InitCheckTask][onInitialFinished] 设备 12061 初始化存在 2 条失败指令: ReadVersion, WriteVEFCGasType (63/80)
[2026-06-02 15:30:12] [WARN] [Scheduler][InitCheckTask][onInitialFinished] 设备 12053 初始化存在 2 条失败指令: ReadVersion, WriteVEFCGasType (64/80)
[2026-06-02 15:30:12] [WARN] [Scheduler][InitCheckTask][onInitialFinished] 设备 12077 初始化存在 2 条失败指令: ReadVersion, WriteVEFCGasType (65/80)
[2026-06-02 15:30:12] [WARN] [Scheduler][InitCheckTask][onInitialFinished] 设备 12066 初始化存在 2 条失败指令: ReadVersion, WriteVEFCGasType (66/80)
[2026-06-02 15:30:12] [WARN] [Scheduler][InitCheckTask][onInitialFinished] 设备 12067 初始化存在 2 条失败指令: ReadVersion, WriteVEFCGasType (67/80)
[2026-06-02 15:30:12] [WARN] [Scheduler][InitCheckTask][onInitialFinished] 设备 12070 初始化存在 2 条失败指令: ReadVersion, WriteVEFCGasType (68/80)
[2026-06-02 15:30:12] [WARN] [Scheduler][InitCheckTask][onInitialFinished] 设备 12068 初始化存在 2 条失败指令: ReadVersion, WriteVEFCGasType (69/80)
[2026-06-02 15:30:12] [WARN] [Scheduler][InitCheckTask][onInitialFinished] 设备 12074 初始化存在 2 条失败指令: ReadVersion, WriteVEFCGasType (70/80)
[2026-06-02 15:30:12] [WARN] [Scheduler][InitCheckTask][onInitialFinished] 设备 12076 初始化存在 2 条失败指令: ReadVersion, WriteVEFCGasType (71/80)
[2026-06-02 15:30:12] [WARN] [Scheduler][InitCheckTask][onInitialFinished] 设备 12073 初始化存在 2 条失败指令: ReadVersion, WriteVEFCGasType (72/80)
[2026-06-02 15:30:12] [WARN] [Scheduler][InitCheckTask][onInitialFinished] 设备 12071 初始化存在 2 条失败指令: ReadVersion, WriteVEFCGasType (73/80)
[2026-06-02 15:30:12] [WARN] [Scheduler][InitCheckTask][onInitialFinished] 设备 12079 初始化存在 2 条失败指令: ReadVersion, WriteVEFCGasType (74/80)
[2026-06-02 15:30:12] [WARN] [Scheduler][InitCheckTask][onInitialFinished] 设备 12058 初始化存在 2 条失败指令: ReadVersion, WriteVEFCGasType (75/80)
[2026-06-02 15:30:12] [WARN] [Scheduler][InitCheckTask][onInitialFinished] 设备 12069 初始化存在 2 条失败指令: ReadVersion, WriteVEFCGasType (76/80)
[2026-06-02 15:30:12] [WARN] [Scheduler][InitCheckTask][onInitialFinished] 设备 12056 初始化存在 2 条失败指令: ReadVersion, WriteVEFCGasType (77/80)
[2026-06-02 15:30:12] [WARN] [Scheduler][InitCheckTask][onInitialFinished] 设备 12072 初始化存在 2 条失败指令: ReadVersion, WriteVEFCGasType (78/80)
[2026-06-02 15:30:12] [WARN] [Scheduler][InitCheckTask][onInitialFinished] 设备 12055 初始化存在 2 条失败指令: ReadVersion, WriteVEFCGasType (79/80)
[2026-06-02 15:30:12] [WARN] [Scheduler][InitCheckTask][onInitialFinished] 设备 12075 初始化存在 2 条失败指令: ReadVersion, WriteVEFCGasType (80/80)
[2026-06-02 15:30:12] [INFO] [Scheduler][InitCheckTask][checkAllFinished] 全部设备初始化检查完成，汇总结果: 总设备数=80, 成功=0, 失败=80
[2026-06-02 15:30:12] [DEBUG] [Scheduler][InitCheckTask][disconnectAll] 断开所有信号连接，连接数: 80
[2026-06-02 15:30:12] [WARN] [Scheduler][InitCheckTask][checkAllFinished] 初始化完成：0 台成功，80 台存在失败指令（12020, 12024, 12030, 12005, 12021, 12026, 12019, 12001, 12010, 12007, 12013, 12015, 12016, 12014, 12012, 12018, 12003, 12006, 12039, 12031, 12011, 12022, 12042, 12046, 12023, 12052, 12048, 12043, 12041, 12027, 12032, 12029, 12035, 12037, 12036, 12038, 12034, 12025, 12040, 12017, 12028, 12009, 12033, 12044, 12002, 12064, 12045, 12008, 12004, 12063, 12065, 12054, 12051, 12049, 12057, 12059, 12080, 12060, 12078, 12047, 12062, 12050, 12061, 12053, 12077, 12066, 12067, 12070, 12068, 12074, 12076, 12073, 12071, 12079, 12058, 12069, 12056, 12072, 12055, 12075）
[2026-06-02 15:30:12] [INFO] =============================InitCheckTask 调度任务结束=============================
[2026-06-02 15:30:47] [INFO] =============================InitCheckTask 调度任务开始=============================
[2026-06-02 15:30:47] [INFO] [Scheduler][InitCheckTask][start] 发现 80 个已注册的设备: 12001, 12002, 12003, 12004, 12005, 12006, 12007, 12008, 12009, 12010, 12011, 12012, 12013, 12014, 12015, 12016, 12017, 12018, 12019, 12020, 12021, 12022, 12023, 12024, 12025, 12026, 12027, 12028, 12029, 12030, 12031, 12032, 12033, 12034, 12035, 12036, 12037, 12038, 12039, 12040, 12041, 12042, 12043, 12044, 12045, 12046, 12047, 12048, 12049, 12050, 12051, 12052, 12053, 12054, 12055, 12056, 12057, 12058, 12059, 12060, 12061, 12062, 12063, 12064, 12065, 12066, 12067, 12068, 12069, 12070, 12071, 12072, 12073, 12074, 12075, 12076, 12077, 12078, 12079, 12080
[2026-06-02 15:30:47] [DEBUG] [Scheduler][InitCheckTask][start] 已连接设备 12001 的初始化完成信号
[2026-06-02 15:30:47] [DEBUG] [Scheduler][InitCheckTask][start] 已连接设备 12002 的初始化完成信号
[2026-06-02 15:30:47] [DEBUG] [Scheduler][InitCheckTask][start] 已连接设备 12003 的初始化完成信号
[2026-06-02 15:30:47] [DEBUG] [Scheduler][InitCheckTask][start] 已连接设备 12004 的初始化完成信号
[2026-06-02 15:30:47] [DEBUG] [Scheduler][InitCheckTask][start] 已连接设备 12005 的初始化完成信号
[2026-06-02 15:30:47] [DEBUG] [Scheduler][InitCheckTask][start] 已连接设备 12006 的初始化完成信号
[2026-06-02 15:30:47] [DEBUG] [Scheduler][InitCheckTask][start] 已连接设备 12007 的初始化完成信号
[2026-06-02 15:30:47] [DEBUG] [Scheduler][InitCheckTask][start] 已连接设备 12008 的初始化完成信号
[2026-06-02 15:30:47] [DEBUG] [Scheduler][InitCheckTask][start] 已连接设备 12009 的初始化完成信号
[2026-06-02 15:30:47] [DEBUG] [Scheduler][InitCheckTask][start] 已连接设备 12010 的初始化完成信号
[2026-06-02 15:30:47] [DEBUG] [Scheduler][InitCheckTask][start] 已连接设备 12011 的初始化完成信号
[2026-06-02 15:30:47] [DEBUG] [Scheduler][InitCheckTask][start] 已连接设备 12012 的初始化完成信号
[2026-06-02 15:30:47] [DEBUG] [Scheduler][InitCheckTask][start] 已连接设备 12013 的初始化完成信号
[2026-06-02 15:30:47] [DEBUG] [Scheduler][InitCheckTask][start] 已连接设备 12014 的初始化完成信号
[2026-06-02 15:30:47] [DEBUG] [Scheduler][InitCheckTask][start] 已连接设备 12015 的初始化完成信号
[2026-06-02 15:30:47] [DEBUG] [Scheduler][InitCheckTask][start] 已连接设备 12016 的初始化完成信号
[2026-06-02 15:30:47] [DEBUG] [Scheduler][InitCheckTask][start] 已连接设备 12017 的初始化完成信号
[2026-06-02 15:30:47] [DEBUG] [Scheduler][InitCheckTask][start] 已连接设备 12018 的初始化完成信号
[2026-06-02 15:30:47] [DEBUG] [Scheduler][InitCheckTask][start] 已连接设备 12019 的初始化完成信号
[2026-06-02 15:30:47] [DEBUG] [Scheduler][InitCheckTask][start] 已连接设备 12020 的初始化完成信号
[2026-06-02 15:30:47] [DEBUG] [Scheduler][InitCheckTask][start] 已连接设备 12021 的初始化完成信号
[2026-06-02 15:30:47] [DEBUG] [Scheduler][InitCheckTask][start] 已连接设备 12022 的初始化完成信号
[2026-06-02 15:30:47] [DEBUG] [Scheduler][InitCheckTask][start] 已连接设备 12023 的初始化完成信号
[2026-06-02 15:30:47] [DEBUG] [Scheduler][InitCheckTask][start] 已连接设备 12024 的初始化完成信号
[2026-06-02 15:30:47] [DEBUG] [Scheduler][InitCheckTask][start] 已连接设备 12025 的初始化完成信号
[2026-06-02 15:30:47] [DEBUG] [Scheduler][InitCheckTask][start] 已连接设备 12026 的初始化完成信号
[2026-06-02 15:30:47] [DEBUG] [Scheduler][InitCheckTask][start] 已连接设备 12027 的初始化完成信号
[2026-06-02 15:30:47] [DEBUG] [Scheduler][InitCheckTask][start] 已连接设备 12028 的初始化完成信号
[2026-06-02 15:30:47] [DEBUG] [Scheduler][InitCheckTask][start] 已连接设备 12029 的初始化完成信号
[2026-06-02 15:30:47] [DEBUG] [Scheduler][InitCheckTask][start] 已连接设备 12030 的初始化完成信号
[2026-06-02 15:30:47] [DEBUG] [Scheduler][InitCheckTask][start] 已连接设备 12031 的初始化完成信号
[2026-06-02 15:30:47] [DEBUG] [Scheduler][InitCheckTask][start] 已连接设备 12032 的初始化完成信号
[2026-06-02 15:30:47] [DEBUG] [Scheduler][InitCheckTask][start] 已连接设备 12033 的初始化完成信号
[2026-06-02 15:30:47] [DEBUG] [Scheduler][InitCheckTask][start] 已连接设备 12034 的初始化完成信号
[2026-06-02 15:30:47] [DEBUG] [Scheduler][InitCheckTask][start] 已连接设备 12035 的初始化完成信号
[2026-06-02 15:30:47] [DEBUG] [Scheduler][InitCheckTask][start] 已连接设备 12036 的初始化完成信号
[2026-06-02 15:30:47] [DEBUG] [Scheduler][InitCheckTask][start] 已连接设备 12037 的初始化完成信号
[2026-06-02 15:30:47] [DEBUG] [Scheduler][InitCheckTask][start] 已连接设备 12038 的初始化完成信号
[2026-06-02 15:30:47] [DEBUG] [Scheduler][InitCheckTask][start] 已连接设备 12039 的初始化完成信号
[2026-06-02 15:30:47] [DEBUG] [Scheduler][InitCheckTask][start] 已连接设备 12040 的初始化完成信号
[2026-06-02 15:30:47] [DEBUG] [Scheduler][InitCheckTask][start] 已连接设备 12041 的初始化完成信号
[2026-06-02 15:30:47] [DEBUG] [Scheduler][InitCheckTask][start] 已连接设备 12042 的初始化完成信号
[2026-06-02 15:30:47] [DEBUG] [Scheduler][InitCheckTask][start] 已连接设备 12043 的初始化完成信号
[2026-06-02 15:30:47] [DEBUG] [Scheduler][InitCheckTask][start] 已连接设备 12044 的初始化完成信号
[2026-06-02 15:30:47] [DEBUG] [Scheduler][InitCheckTask][start] 已连接设备 12045 的初始化完成信号
[2026-06-02 15:30:47] [DEBUG] [Scheduler][InitCheckTask][start] 已连接设备 12046 的初始化完成信号
[2026-06-02 15:30:47] [DEBUG] [Scheduler][InitCheckTask][start] 已连接设备 12047 的初始化完成信号
[2026-06-02 15:30:47] [DEBUG] [Scheduler][InitCheckTask][start] 已连接设备 12048 的初始化完成信号
[2026-06-02 15:30:47] [DEBUG] [Scheduler][InitCheckTask][start] 已连接设备 12049 的初始化完成信号
[2026-06-02 15:30:47] [DEBUG] [Scheduler][InitCheckTask][start] 已连接设备 12050 的初始化完成信号
[2026-06-02 15:30:47] [DEBUG] [Scheduler][InitCheckTask][start] 已连接设备 12051 的初始化完成信号
[2026-06-02 15:30:47] [DEBUG] [Scheduler][InitCheckTask][start] 已连接设备 12052 的初始化完成信号
[2026-06-02 15:30:47] [DEBUG] [Scheduler][InitCheckTask][start] 已连接设备 12053 的初始化完成信号
[2026-06-02 15:30:47] [DEBUG] [Scheduler][InitCheckTask][start] 已连接设备 12054 的初始化完成信号
[2026-06-02 15:30:47] [DEBUG] [Scheduler][InitCheckTask][start] 已连接设备 12055 的初始化完成信号
[2026-06-02 15:30:47] [DEBUG] [Scheduler][InitCheckTask][start] 已连接设备 12056 的初始化完成信号
[2026-06-02 15:30:47] [DEBUG] [Scheduler][InitCheckTask][start] 已连接设备 12057 的初始化完成信号
[2026-06-02 15:30:47] [DEBUG] [Scheduler][InitCheckTask][start] 已连接设备 12058 的初始化完成信号
[2026-06-02 15:30:47] [DEBUG] [Scheduler][InitCheckTask][start] 已连接设备 12059 的初始化完成信号
[2026-06-02 15:30:47] [DEBUG] [Scheduler][InitCheckTask][start] 已连接设备 12060 的初始化完成信号
[2026-06-02 15:30:47] [DEBUG] [Scheduler][InitCheckTask][start] 已连接设备 12061 的初始化完成信号
[2026-06-02 15:30:47] [DEBUG] [Scheduler][InitCheckTask][start] 已连接设备 12062 的初始化完成信号
[2026-06-02 15:30:47] [DEBUG] [Scheduler][InitCheckTask][start] 已连接设备 12063 的初始化完成信号
[2026-06-02 15:30:47] [DEBUG] [Scheduler][InitCheckTask][start] 已连接设备 12064 的初始化完成信号
[2026-06-02 15:30:47] [DEBUG] [Scheduler][InitCheckTask][start] 已连接设备 12065 的初始化完成信号
[2026-06-02 15:30:47] [DEBUG] [Scheduler][InitCheckTask][start] 已连接设备 12066 的初始化完成信号
[2026-06-02 15:30:47] [DEBUG] [Scheduler][InitCheckTask][start] 已连接设备 12067 的初始化完成信号
[2026-06-02 15:30:47] [DEBUG] [Scheduler][InitCheckTask][start] 已连接设备 12068 的初始化完成信号
[2026-06-02 15:30:47] [DEBUG] [Scheduler][InitCheckTask][start] 已连接设备 12069 的初始化完成信号
[2026-06-02 15:30:47] [DEBUG] [Scheduler][InitCheckTask][start] 已连接设备 12070 的初始化完成信号
[2026-06-02 15:30:47] [DEBUG] [Scheduler][InitCheckTask][start] 已连接设备 12071 的初始化完成信号
[2026-06-02 15:30:47] [DEBUG] [Scheduler][InitCheckTask][start] 已连接设备 12072 的初始化完成信号
[2026-06-02 15:30:47] [DEBUG] [Scheduler][InitCheckTask][start] 已连接设备 12073 的初始化完成信号
[2026-06-02 15:30:47] [DEBUG] [Scheduler][InitCheckTask][start] 已连接设备 12074 的初始化完成信号
[2026-06-02 15:30:47] [DEBUG] [Scheduler][InitCheckTask][start] 已连接设备 12075 的初始化完成信号
[2026-06-02 15:30:47] [DEBUG] [Scheduler][InitCheckTask][start] 已连接设备 12076 的初始化完成信号
[2026-06-02 15:30:47] [DEBUG] [Scheduler][InitCheckTask][start] 已连接设备 12077 的初始化完成信号
[2026-06-02 15:30:47] [DEBUG] [Scheduler][InitCheckTask][start] 已连接设备 12078 的初始化完成信号
[2026-06-02 15:30:47] [DEBUG] [Scheduler][InitCheckTask][start] 已连接设备 12079 的初始化完成信号
[2026-06-02 15:30:47] [DEBUG] [Scheduler][InitCheckTask][start] 已连接设备 12080 的初始化完成信号
[2026-06-02 15:30:47] [INFO] [Scheduler][InitCheckTask][start] 启动，等待 80 个设备完成初始化
[2026-06-02 15:30:55] [WARN] [Scheduler][InitCheckTask][onInitialFinished] 设备 12016 初始化存在 2 条失败指令: ReadVersion, WriteVEFCGasType (1/80)
[2026-06-02 15:30:55] [WARN] [Scheduler][InitCheckTask][onInitialFinished] 设备 12005 初始化存在 2 条失败指令: ReadVersion, WriteVEFCGasType (2/80)
[2026-06-02 15:30:55] [WARN] [Scheduler][InitCheckTask][onInitialFinished] 设备 12010 初始化存在 2 条失败指令: ReadVersion, WriteVEFCGasType (3/80)
[2026-06-02 15:30:55] [WARN] [Scheduler][InitCheckTask][onInitialFinished] 设备 12003 初始化存在 2 条失败指令: ReadVersion, WriteVEFCGasType (4/80)
[2026-06-02 15:30:55] [WARN] [Scheduler][InitCheckTask][onInitialFinished] 设备 12017 初始化存在 2 条失败指令: ReadVersion, WriteVEFCGasType (5/80)
[2026-06-02 15:30:55] [WARN] [Scheduler][InitCheckTask][onInitialFinished] 设备 12006 初始化存在 2 条失败指令: ReadVersion, WriteVEFCGasType (6/80)
[2026-06-02 15:30:55] [WARN] [Scheduler][InitCheckTask][onInitialFinished] 设备 12004 初始化存在 2 条失败指令: ReadVersion, WriteVEFCGasType (7/80)
[2026-06-02 15:30:55] [WARN] [Scheduler][InitCheckTask][onInitialFinished] 设备 12018 初始化存在 2 条失败指令: ReadVersion, WriteVEFCGasType (8/80)
[2026-06-02 15:30:55] [WARN] [Scheduler][InitCheckTask][onInitialFinished] 设备 12011 初始化存在 2 条失败指令: ReadVersion, WriteVEFCGasType (9/80)
[2026-06-02 15:30:55] [WARN] [Scheduler][InitCheckTask][onInitialFinished] 设备 12013 初始化存在 2 条失败指令: ReadVersion, WriteVEFCGasType (10/80)
[2026-06-02 15:30:55] [WARN] [Scheduler][InitCheckTask][onInitialFinished] 设备 12019 初始化存在 2 条失败指令: ReadVersion, WriteVEFCGasType (11/80)
[2026-06-02 15:30:55] [WARN] [Scheduler][InitCheckTask][onInitialFinished] 设备 12008 初始化存在 2 条失败指令: ReadVersion, WriteVEFCGasType (12/80)
[2026-06-02 15:30:55] [WARN] [Scheduler][InitCheckTask][onInitialFinished] 设备 12009 初始化存在 2 条失败指令: ReadVersion, WriteVEFCGasType (13/80)
[2026-06-02 15:30:55] [WARN] [Scheduler][InitCheckTask][onInitialFinished] 设备 12012 初始化存在 2 条失败指令: ReadVersion, WriteVEFCGasType (14/80)
[2026-06-02 15:30:55] [WARN] [Scheduler][InitCheckTask][onInitialFinished] 设备 12007 初始化存在 2 条失败指令: ReadVersion, WriteVEFCGasType (15/80)
[2026-06-02 15:30:55] [WARN] [Scheduler][InitCheckTask][onInitialFinished] 设备 12014 初始化存在 2 条失败指令: ReadVersion, WriteVEFCGasType (16/80)
[2026-06-02 15:30:55] [WARN] [Scheduler][InitCheckTask][onInitialFinished] 设备 12015 初始化存在 2 条失败指令: ReadVersion, WriteVEFCGasType (17/80)
[2026-06-02 15:30:55] [WARN] [Scheduler][InitCheckTask][onInitialFinished] 设备 12001 初始化存在 2 条失败指令: ReadVersion, WriteVEFCGasType (18/80)
[2026-06-02 15:30:55] [WARN] [Scheduler][InitCheckTask][onInitialFinished] 设备 12002 初始化存在 2 条失败指令: ReadVersion, WriteVEFCGasType (19/80)
[2026-06-02 15:30:55] [WARN] [Scheduler][InitCheckTask][onInitialFinished] 设备 12020 初始化存在 2 条失败指令: ReadVersion, WriteVEFCGasType (20/80)
[2026-06-02 15:30:55] [WARN] [Scheduler][InitCheckTask][onInitialFinished] 设备 12037 初始化存在 2 条失败指令: ReadVersion, WriteVEFCGasType (21/80)
[2026-06-02 15:30:55] [WARN] [Scheduler][InitCheckTask][onInitialFinished] 设备 12040 初始化存在 2 条失败指令: ReadVersion, WriteVEFCGasType (22/80)
[2026-06-02 15:30:55] [WARN] [Scheduler][InitCheckTask][onInitialFinished] 设备 12029 初始化存在 2 条失败指令: ReadVersion, WriteVEFCGasType (23/80)
[2026-06-02 15:30:55] [WARN] [Scheduler][InitCheckTask][onInitialFinished] 设备 12042 初始化存在 2 条失败指令: ReadVersion, WriteVEFCGasType (24/80)
[2026-06-02 15:30:55] [WARN] [Scheduler][InitCheckTask][onInitialFinished] 设备 12033 初始化存在 2 条失败指令: ReadVersion, WriteVEFCGasType (25/80)
[2026-06-02 15:30:55] [WARN] [Scheduler][InitCheckTask][onInitialFinished] 设备 12026 初始化存在 2 条失败指令: ReadVersion, WriteVEFCGasType (26/80)
[2026-06-02 15:30:55] [WARN] [Scheduler][InitCheckTask][onInitialFinished] 设备 12031 初始化存在 2 条失败指令: ReadVersion, WriteVEFCGasType (27/80)
[2026-06-02 15:30:55] [WARN] [Scheduler][InitCheckTask][onInitialFinished] 设备 12035 初始化存在 2 条失败指令: ReadVersion, WriteVEFCGasType (28/80)
[2026-06-02 15:30:55] [WARN] [Scheduler][InitCheckTask][onInitialFinished] 设备 12038 初始化存在 2 条失败指令: ReadVersion, WriteVEFCGasType (29/80)
[2026-06-02 15:30:55] [WARN] [Scheduler][InitCheckTask][onInitialFinished] 设备 12028 初始化存在 2 条失败指令: ReadVersion, WriteVEFCGasType (30/80)
[2026-06-02 15:30:55] [WARN] [Scheduler][InitCheckTask][onInitialFinished] 设备 12025 初始化存在 2 条失败指令: ReadVersion, WriteVEFCGasType (31/80)
[2026-06-02 15:30:55] [WARN] [Scheduler][InitCheckTask][onInitialFinished] 设备 12041 初始化存在 2 条失败指令: ReadVersion, WriteVEFCGasType (32/80)
[2026-06-02 15:30:55] [WARN] [Scheduler][InitCheckTask][onInitialFinished] 设备 12027 初始化存在 2 条失败指令: ReadVersion, WriteVEFCGasType (33/80)
[2026-06-02 15:30:55] [WARN] [Scheduler][InitCheckTask][onInitialFinished] 设备 12022 初始化存在 2 条失败指令: ReadVersion, WriteVEFCGasType (34/80)
[2026-06-02 15:30:55] [WARN] [Scheduler][InitCheckTask][onInitialFinished] 设备 12021 初始化存在 2 条失败指令: ReadVersion, WriteVEFCGasType (35/80)
[2026-06-02 15:30:55] [WARN] [Scheduler][InitCheckTask][onInitialFinished] 设备 12024 初始化存在 2 条失败指令: ReadVersion, WriteVEFCGasType (36/80)
[2026-06-02 15:30:55] [WARN] [Scheduler][InitCheckTask][onInitialFinished] 设备 12030 初始化存在 2 条失败指令: ReadVersion, WriteVEFCGasType (37/80)
[2026-06-02 15:30:55] [WARN] [Scheduler][InitCheckTask][onInitialFinished] 设备 12061 初始化存在 2 条失败指令: ReadVersion, WriteVEFCGasType (38/80)
[2026-06-02 15:30:55] [WARN] [Scheduler][InitCheckTask][onInitialFinished] 设备 12023 初始化存在 2 条失败指令: ReadVersion, WriteVEFCGasType (39/80)
[2026-06-02 15:30:55] [WARN] [Scheduler][InitCheckTask][onInitialFinished] 设备 12032 初始化存在 2 条失败指令: ReadVersion, WriteVEFCGasType (40/80)
[2026-06-02 15:30:55] [WARN] [Scheduler][InitCheckTask][onInitialFinished] 设备 12036 初始化存在 2 条失败指令: ReadVersion, WriteVEFCGasType (41/80)
[2026-06-02 15:30:55] [WARN] [Scheduler][InitCheckTask][onInitialFinished] 设备 12034 初始化存在 2 条失败指令: ReadVersion, WriteVEFCGasType (42/80)
[2026-06-02 15:30:55] [WARN] [Scheduler][InitCheckTask][onInitialFinished] 设备 12052 初始化存在 2 条失败指令: ReadVersion, WriteVEFCGasType (43/80)
[2026-06-02 15:30:55] [WARN] [Scheduler][InitCheckTask][onInitialFinished] 设备 12050 初始化存在 2 条失败指令: ReadVersion, WriteVEFCGasType (44/80)
[2026-06-02 15:30:55] [WARN] [Scheduler][InitCheckTask][onInitialFinished] 设备 12054 初始化存在 2 条失败指令: ReadVersion, WriteVEFCGasType (45/80)
[2026-06-02 15:30:55] [WARN] [Scheduler][InitCheckTask][onInitialFinished] 设备 12053 初始化存在 2 条失败指令: ReadVersion, WriteVEFCGasType (46/80)
[2026-06-02 15:30:55] [WARN] [Scheduler][InitCheckTask][onInitialFinished] 设备 12044 初始化存在 2 条失败指令: ReadVersion, WriteVEFCGasType (47/80)
[2026-06-02 15:30:55] [WARN] [Scheduler][InitCheckTask][onInitialFinished] 设备 12043 初始化存在 2 条失败指令: ReadVersion, WriteVEFCGasType (48/80)
[2026-06-02 15:30:55] [WARN] [Scheduler][InitCheckTask][onInitialFinished] 设备 12046 初始化存在 2 条失败指令: ReadVersion, WriteVEFCGasType (49/80)
[2026-06-02 15:30:55] [WARN] [Scheduler][InitCheckTask][onInitialFinished] 设备 12056 初始化存在 2 条失败指令: ReadVersion, WriteVEFCGasType (50/80)
[2026-06-02 15:30:55] [WARN] [Scheduler][InitCheckTask][onInitialFinished] 设备 12045 初始化存在 2 条失败指令: ReadVersion, WriteVEFCGasType (51/80)
[2026-06-02 15:30:55] [WARN] [Scheduler][InitCheckTask][onInitialFinished] 设备 12048 初始化存在 2 条失败指令: ReadVersion, WriteVEFCGasType (52/80)
[2026-06-02 15:30:55] [WARN] [Scheduler][InitCheckTask][onInitialFinished] 设备 12051 初始化存在 2 条失败指令: ReadVersion, WriteVEFCGasType (53/80)
[2026-06-02 15:30:55] [WARN] [Scheduler][InitCheckTask][onInitialFinished] 设备 12055 初始化存在 2 条失败指令: ReadVersion, WriteVEFCGasType (54/80)
[2026-06-02 15:30:55] [WARN] [Scheduler][InitCheckTask][onInitialFinished] 设备 12047 初始化存在 2 条失败指令: ReadVersion, WriteVEFCGasType (55/80)
[2026-06-02 15:30:55] [WARN] [Scheduler][InitCheckTask][onInitialFinished] 设备 12058 初始化存在 2 条失败指令: ReadVersion, WriteVEFCGasType (56/80)
[2026-06-02 15:30:55] [WARN] [Scheduler][InitCheckTask][onInitialFinished] 设备 12049 初始化存在 2 条失败指令: ReadVersion, WriteVEFCGasType (57/80)
[2026-06-02 15:30:55] [WARN] [Scheduler][InitCheckTask][onInitialFinished] 设备 12057 初始化存在 2 条失败指令: ReadVersion, WriteVEFCGasType (58/80)
[2026-06-02 15:30:55] [WARN] [Scheduler][InitCheckTask][onInitialFinished] 设备 12060 初始化存在 2 条失败指令: ReadVersion, WriteVEFCGasType (59/80)
[2026-06-02 15:30:55] [WARN] [Scheduler][InitCheckTask][onInitialFinished] 设备 12039 初始化存在 2 条失败指令: ReadVersion, WriteVEFCGasType (60/80)
[2026-06-02 15:30:55] [WARN] [Scheduler][InitCheckTask][onInitialFinished] 设备 12063 初始化存在 2 条失败指令: ReadVersion, WriteVEFCGasType (61/80)
[2026-06-02 15:30:55] [WARN] [Scheduler][InitCheckTask][onInitialFinished] 设备 12062 初始化存在 2 条失败指令: ReadVersion, WriteVEFCGasType (62/80)
[2026-06-02 15:30:55] [WARN] [Scheduler][InitCheckTask][onInitialFinished] 设备 12059 初始化存在 2 条失败指令: ReadVersion, WriteVEFCGasType (63/80)
[2026-06-02 15:30:55] [WARN] [Scheduler][InitCheckTask][onInitialFinished] 设备 12064 初始化存在 2 条失败指令: ReadVersion, WriteVEFCGasType (64/80)
[2026-06-02 15:30:55] [WARN] [Scheduler][InitCheckTask][onInitialFinished] 设备 12074 初始化存在 2 条失败指令: ReadVersion, WriteVEFCGasType (65/80)
[2026-06-02 15:30:55] [WARN] [Scheduler][InitCheckTask][onInitialFinished] 设备 12072 初始化存在 2 条失败指令: ReadVersion, WriteVEFCGasType (66/80)
[2026-06-02 15:30:55] [WARN] [Scheduler][InitCheckTask][onInitialFinished] 设备 12076 初始化存在 2 条失败指令: ReadVersion, WriteVEFCGasType (67/80)
[2026-06-02 15:30:55] [WARN] [Scheduler][InitCheckTask][onInitialFinished] 设备 12075 初始化存在 2 条失败指令: ReadVersion, WriteVEFCGasType (68/80)
[2026-06-02 15:30:55] [WARN] [Scheduler][InitCheckTask][onInitialFinished] 设备 12066 初始化存在 2 条失败指令: ReadVersion, WriteVEFCGasType (69/80)
[2026-06-02 15:30:55] [WARN] [Scheduler][InitCheckTask][onInitialFinished] 设备 12065 初始化存在 2 条失败指令: ReadVersion, WriteVEFCGasType (70/80)
[2026-06-02 15:30:55] [WARN] [Scheduler][InitCheckTask][onInitialFinished] 设备 12068 初始化存在 2 条失败指令: ReadVersion, WriteVEFCGasType (71/80)
[2026-06-02 15:30:55] [WARN] [Scheduler][InitCheckTask][onInitialFinished] 设备 12078 初始化存在 2 条失败指令: ReadVersion, WriteVEFCGasType (72/80)
[2026-06-02 15:30:55] [WARN] [Scheduler][InitCheckTask][onInitialFinished] 设备 12067 初始化存在 2 条失败指令: ReadVersion, WriteVEFCGasType (73/80)
[2026-06-02 15:30:55] [WARN] [Scheduler][InitCheckTask][onInitialFinished] 设备 12070 初始化存在 2 条失败指令: ReadVersion, WriteVEFCGasType (74/80)
[2026-06-02 15:30:55] [WARN] [Scheduler][InitCheckTask][onInitialFinished] 设备 12073 初始化存在 2 条失败指令: ReadVersion, WriteVEFCGasType (75/80)
[2026-06-02 15:30:55] [WARN] [Scheduler][InitCheckTask][onInitialFinished] 设备 12077 初始化存在 2 条失败指令: ReadVersion, WriteVEFCGasType (76/80)
[2026-06-02 15:30:55] [WARN] [Scheduler][InitCheckTask][onInitialFinished] 设备 12069 初始化存在 2 条失败指令: ReadVersion, WriteVEFCGasType (77/80)
[2026-06-02 15:30:55] [WARN] [Scheduler][InitCheckTask][onInitialFinished] 设备 12080 初始化存在 2 条失败指令: ReadVersion, WriteVEFCGasType (78/80)
[2026-06-02 15:30:55] [WARN] [Scheduler][InitCheckTask][onInitialFinished] 设备 12071 初始化存在 2 条失败指令: ReadVersion, WriteVEFCGasType (79/80)
[2026-06-02 15:30:55] [WARN] [Scheduler][InitCheckTask][onInitialFinished] 设备 12079 初始化存在 2 条失败指令: ReadVersion, WriteVEFCGasType (80/80)
[2026-06-02 15:30:55] [INFO] [Scheduler][InitCheckTask][checkAllFinished] 全部设备初始化检查完成，汇总结果: 总设备数=80, 成功=0, 失败=80
[2026-06-02 15:30:55] [DEBUG] [Scheduler][InitCheckTask][disconnectAll] 断开所有信号连接，连接数: 80
[2026-06-02 15:30:55] [WARN] [Scheduler][InitCheckTask][checkAllFinished] 初始化完成：0 台成功，80 台存在失败指令（12016, 12005, 12010, 12003, 12017, 12006, 12004, 12018, 12011, 12013, 12019, 12008, 12009, 12012, 12007, 12014, 12015, 12001, 12002, 12020, 12037, 12040, 12029, 12042, 12033, 12026, 12031, 12035, 12038, 12028, 12025, 12041, 12027, 12022, 12021, 12024, 12030, 12061, 12023, 12032, 12036, 12034, 12052, 12050, 12054, 12053, 12044, 12043, 12046, 12056, 12045, 12048, 12051, 12055, 12047, 12058, 12049, 12057, 12060, 12039, 12063, 12062, 12059, 12064, 12074, 12072, 12076, 12075, 12066, 12065, 12068, 12078, 12067, 12070, 12073, 12077, 12069, 12080, 12071, 12079）
[2026-06-02 15:30:55] [INFO] =============================InitCheckTask 调度任务结束=============================
[2026-06-02 15:31:37] [INFO] =============================InitCheckTask 调度任务开始=============================
[2026-06-02 15:31:37] [INFO] [Scheduler][InitCheckTask][start] 发现 80 个已注册的设备: 12001, 12002, 12003, 12004, 12005, 12006, 12007, 12008, 12009, 12010, 12011, 12012, 12013, 12014, 12015, 12016, 12017, 12018, 12019, 12020, 12021, 12022, 12023, 12024, 12025, 12026, 12027, 12028, 12029, 12030, 12031, 12032, 12033, 12034, 12035, 12036, 12037, 12038, 12039, 12040, 12041, 12042, 12043, 12044, 12045, 12046, 12047, 12048, 12049, 12050, 12051, 12052, 12053, 12054, 12055, 12056, 12057, 12058, 12059, 12060, 12061, 12062, 12063, 12064, 12065, 12066, 12067, 12068, 12069, 12070, 12071, 12072, 12073, 12074, 12075, 12076, 12077, 12078, 12079, 12080
[2026-06-02 15:31:37] [DEBUG] [Scheduler][InitCheckTask][start] 已连接设备 12001 的初始化完成信号
[2026-06-02 15:31:37] [DEBUG] [Scheduler][InitCheckTask][start] 已连接设备 12002 的初始化完成信号
[2026-06-02 15:31:37] [DEBUG] [Scheduler][InitCheckTask][start] 已连接设备 12003 的初始化完成信号
[2026-06-02 15:31:37] [DEBUG] [Scheduler][InitCheckTask][start] 已连接设备 12004 的初始化完成信号
[2026-06-02 15:31:37] [DEBUG] [Scheduler][InitCheckTask][start] 已连接设备 12005 的初始化完成信号
[2026-06-02 15:31:37] [DEBUG] [Scheduler][InitCheckTask][start] 已连接设备 12006 的初始化完成信号
[2026-06-02 15:31:37] [DEBUG] [Scheduler][InitCheckTask][start] 已连接设备 12007 的初始化完成信号
[2026-06-02 15:31:37] [DEBUG] [Scheduler][InitCheckTask][start] 已连接设备 12008 的初始化完成信号
[2026-06-02 15:31:37] [DEBUG] [Scheduler][InitCheckTask][start] 已连接设备 12009 的初始化完成信号
[2026-06-02 15:31:37] [DEBUG] [Scheduler][InitCheckTask][start] 已连接设备 12010 的初始化完成信号
[2026-06-02 15:31:37] [DEBUG] [Scheduler][InitCheckTask][start] 已连接设备 12011 的初始化完成信号
[2026-06-02 15:31:37] [DEBUG] [Scheduler][InitCheckTask][start] 已连接设备 12012 的初始化完成信号
[2026-06-02 15:31:37] [DEBUG] [Scheduler][InitCheckTask][start] 已连接设备 12013 的初始化完成信号
[2026-06-02 15:31:37] [DEBUG] [Scheduler][InitCheckTask][start] 已连接设备 12014 的初始化完成信号
[2026-06-02 15:31:37] [DEBUG] [Scheduler][InitCheckTask][start] 已连接设备 12015 的初始化完成信号
[2026-06-02 15:31:37] [DEBUG] [Scheduler][InitCheckTask][start] 已连接设备 12016 的初始化完成信号
[2026-06-02 15:31:37] [DEBUG] [Scheduler][InitCheckTask][start] 已连接设备 12017 的初始化完成信号
[2026-06-02 15:31:37] [DEBUG] [Scheduler][InitCheckTask][start] 已连接设备 12018 的初始化完成信号
[2026-06-02 15:31:37] [DEBUG] [Scheduler][InitCheckTask][start] 已连接设备 12019 的初始化完成信号
[2026-06-02 15:31:37] [DEBUG] [Scheduler][InitCheckTask][start] 已连接设备 12020 的初始化完成信号
[2026-06-02 15:31:37] [DEBUG] [Scheduler][InitCheckTask][start] 已连接设备 12021 的初始化完成信号
[2026-06-02 15:31:37] [DEBUG] [Scheduler][InitCheckTask][start] 已连接设备 12022 的初始化完成信号
[2026-06-02 15:31:37] [DEBUG] [Scheduler][InitCheckTask][start] 已连接设备 12023 的初始化完成信号
[2026-06-02 15:31:37] [DEBUG] [Scheduler][InitCheckTask][start] 已连接设备 12024 的初始化完成信号
[2026-06-02 15:31:37] [DEBUG] [Scheduler][InitCheckTask][start] 已连接设备 12025 的初始化完成信号
[2026-06-02 15:31:37] [DEBUG] [Scheduler][InitCheckTask][start] 已连接设备 12026 的初始化完成信号
[2026-06-02 15:31:37] [DEBUG] [Scheduler][InitCheckTask][start] 已连接设备 12027 的初始化完成信号
[2026-06-02 15:31:37] [DEBUG] [Scheduler][InitCheckTask][start] 已连接设备 12028 的初始化完成信号
[2026-06-02 15:31:37] [DEBUG] [Scheduler][InitCheckTask][start] 已连接设备 12029 的初始化完成信号
[2026-06-02 15:31:37] [DEBUG] [Scheduler][InitCheckTask][start] 已连接设备 12030 的初始化完成信号
[2026-06-02 15:31:37] [DEBUG] [Scheduler][InitCheckTask][start] 已连接设备 12031 的初始化完成信号
[2026-06-02 15:31:37] [DEBUG] [Scheduler][InitCheckTask][start] 已连接设备 12032 的初始化完成信号
[2026-06-02 15:31:37] [DEBUG] [Scheduler][InitCheckTask][start] 已连接设备 12033 的初始化完成信号
[2026-06-02 15:31:37] [DEBUG] [Scheduler][InitCheckTask][start] 已连接设备 12034 的初始化完成信号
[2026-06-02 15:31:37] [DEBUG] [Scheduler][InitCheckTask][start] 已连接设备 12035 的初始化完成信号
[2026-06-02 15:31:37] [DEBUG] [Scheduler][InitCheckTask][start] 已连接设备 12036 的初始化完成信号
[2026-06-02 15:31:37] [DEBUG] [Scheduler][InitCheckTask][start] 已连接设备 12037 的初始化完成信号
[2026-06-02 15:31:37] [DEBUG] [Scheduler][InitCheckTask][start] 已连接设备 12038 的初始化完成信号
[2026-06-02 15:31:37] [DEBUG] [Scheduler][InitCheckTask][start] 已连接设备 12039 的初始化完成信号
[2026-06-02 15:31:37] [DEBUG] [Scheduler][InitCheckTask][start] 已连接设备 12040 的初始化完成信号
[2026-06-02 15:31:37] [DEBUG] [Scheduler][InitCheckTask][start] 已连接设备 12041 的初始化完成信号
[2026-06-02 15:31:37] [DEBUG] [Scheduler][InitCheckTask][start] 已连接设备 12042 的初始化完成信号
[2026-06-02 15:31:37] [DEBUG] [Scheduler][InitCheckTask][start] 已连接设备 12043 的初始化完成信号
[2026-06-02 15:31:37] [DEBUG] [Scheduler][InitCheckTask][start] 已连接设备 12044 的初始化完成信号
[2026-06-02 15:31:37] [DEBUG] [Scheduler][InitCheckTask][start] 已连接设备 12045 的初始化完成信号
[2026-06-02 15:31:37] [DEBUG] [Scheduler][InitCheckTask][start] 已连接设备 12046 的初始化完成信号
[2026-06-02 15:31:37] [DEBUG] [Scheduler][InitCheckTask][start] 已连接设备 12047 的初始化完成信号
[2026-06-02 15:31:37] [DEBUG] [Scheduler][InitCheckTask][start] 已连接设备 12048 的初始化完成信号
[2026-06-02 15:31:37] [DEBUG] [Scheduler][InitCheckTask][start] 已连接设备 12049 的初始化完成信号
[2026-06-02 15:31:37] [DEBUG] [Scheduler][InitCheckTask][start] 已连接设备 12050 的初始化完成信号
[2026-06-02 15:31:37] [DEBUG] [Scheduler][InitCheckTask][start] 已连接设备 12051 的初始化完成信号
[2026-06-02 15:31:37] [DEBUG] [Scheduler][InitCheckTask][start] 已连接设备 12052 的初始化完成信号
[2026-06-02 15:31:37] [DEBUG] [Scheduler][InitCheckTask][start] 已连接设备 12053 的初始化完成信号
[2026-06-02 15:31:37] [DEBUG] [Scheduler][InitCheckTask][start] 已连接设备 12054 的初始化完成信号
[2026-06-02 15:31:37] [DEBUG] [Scheduler][InitCheckTask][start] 已连接设备 12055 的初始化完成信号
[2026-06-02 15:31:37] [DEBUG] [Scheduler][InitCheckTask][start] 已连接设备 12056 的初始化完成信号
[2026-06-02 15:31:37] [DEBUG] [Scheduler][InitCheckTask][start] 已连接设备 12057 的初始化完成信号
[2026-06-02 15:31:37] [DEBUG] [Scheduler][InitCheckTask][start] 已连接设备 12058 的初始化完成信号
[2026-06-02 15:31:37] [DEBUG] [Scheduler][InitCheckTask][start] 已连接设备 12059 的初始化完成信号
[2026-06-02 15:31:37] [DEBUG] [Scheduler][InitCheckTask][start] 已连接设备 12060 的初始化完成信号
[2026-06-02 15:31:37] [DEBUG] [Scheduler][InitCheckTask][start] 已连接设备 12061 的初始化完成信号
[2026-06-02 15:31:37] [DEBUG] [Scheduler][InitCheckTask][start] 已连接设备 12062 的初始化完成信号
[2026-06-02 15:31:37] [DEBUG] [Scheduler][InitCheckTask][start] 已连接设备 12063 的初始化完成信号
[2026-06-02 15:31:37] [DEBUG] [Scheduler][InitCheckTask][start] 已连接设备 12064 的初始化完成信号
[2026-06-02 15:31:37] [DEBUG] [Scheduler][InitCheckTask][start] 已连接设备 12065 的初始化完成信号
[2026-06-02 15:31:37] [DEBUG] [Scheduler][InitCheckTask][start] 已连接设备 12066 的初始化完成信号
[2026-06-02 15:31:37] [DEBUG] [Scheduler][InitCheckTask][start] 已连接设备 12067 的初始化完成信号
[2026-06-02 15:31:37] [DEBUG] [Scheduler][InitCheckTask][start] 已连接设备 12068 的初始化完成信号
[2026-06-02 15:31:37] [DEBUG] [Scheduler][InitCheckTask][start] 已连接设备 12069 的初始化完成信号
[2026-06-02 15:31:37] [DEBUG] [Scheduler][InitCheckTask][start] 已连接设备 12070 的初始化完成信号
[2026-06-02 15:31:37] [DEBUG] [Scheduler][InitCheckTask][start] 已连接设备 12071 的初始化完成信号
[2026-06-02 15:31:37] [DEBUG] [Scheduler][InitCheckTask][start] 已连接设备 12072 的初始化完成信号
[2026-06-02 15:31:37] [DEBUG] [Scheduler][InitCheckTask][start] 已连接设备 12073 的初始化完成信号
[2026-06-02 15:31:37] [DEBUG] [Scheduler][InitCheckTask][start] 已连接设备 12074 的初始化完成信号
[2026-06-02 15:31:37] [DEBUG] [Scheduler][InitCheckTask][start] 已连接设备 12075 的初始化完成信号
[2026-06-02 15:31:37] [DEBUG] [Scheduler][InitCheckTask][start] 已连接设备 12076 的初始化完成信号
[2026-06-02 15:31:37] [DEBUG] [Scheduler][InitCheckTask][start] 已连接设备 12077 的初始化完成信号
[2026-06-02 15:31:37] [DEBUG] [Scheduler][InitCheckTask][start] 已连接设备 12078 的初始化完成信号
[2026-06-02 15:31:37] [DEBUG] [Scheduler][InitCheckTask][start] 已连接设备 12079 的初始化完成信号
[2026-06-02 15:31:37] [DEBUG] [Scheduler][InitCheckTask][start] 已连接设备 12080 的初始化完成信号
[2026-06-02 15:31:37] [INFO] [Scheduler][InitCheckTask][start] 启动，等待 80 个设备完成初始化
[2026-06-02 15:31:45] [WARN] [Scheduler][InitCheckTask][onInitialFinished] 设备 12008 初始化存在 2 条失败指令: ReadVersion, WriteVEFCGasType (1/80)
[2026-06-02 15:31:45] [WARN] [Scheduler][InitCheckTask][onInitialFinished] 设备 12022 初始化存在 2 条失败指令: ReadVersion, WriteVEFCGasType (2/80)
[2026-06-02 15:31:45] [WARN] [Scheduler][InitCheckTask][onInitialFinished] 设备 12007 初始化存在 2 条失败指令: ReadVersion, WriteVEFCGasType (3/80)
[2026-06-02 15:31:45] [WARN] [Scheduler][InitCheckTask][onInitialFinished] 设备 12012 初始化存在 2 条失败指令: ReadVersion, WriteVEFCGasType (4/80)
[2026-06-02 15:31:45] [WARN] [Scheduler][InitCheckTask][onInitialFinished] 设备 12004 初始化存在 2 条失败指令: ReadVersion, WriteVEFCGasType (5/80)
[2026-06-02 15:31:45] [WARN] [Scheduler][InitCheckTask][onInitialFinished] 设备 12006 初始化存在 2 条失败指令: ReadVersion, WriteVEFCGasType (6/80)
[2026-06-02 15:31:45] [WARN] [Scheduler][InitCheckTask][onInitialFinished] 设备 12011 初始化存在 2 条失败指令: ReadVersion, WriteVEFCGasType (7/80)
[2026-06-02 15:31:45] [WARN] [Scheduler][InitCheckTask][onInitialFinished] 设备 12015 初始化存在 2 条失败指令: ReadVersion, WriteVEFCGasType (8/80)
[2026-06-02 15:31:45] [WARN] [Scheduler][InitCheckTask][onInitialFinished] 设备 12009 初始化存在 2 条失败指令: ReadVersion, WriteVEFCGasType (9/80)
[2026-06-02 15:31:45] [WARN] [Scheduler][InitCheckTask][onInitialFinished] 设备 12020 初始化存在 2 条失败指令: ReadVersion, WriteVEFCGasType (10/80)
[2026-06-02 15:31:45] [WARN] [Scheduler][InitCheckTask][onInitialFinished] 设备 12010 初始化存在 2 条失败指令: ReadVersion, WriteVEFCGasType (11/80)
[2026-06-02 15:31:45] [WARN] [Scheduler][InitCheckTask][onInitialFinished] 设备 12021 初始化存在 2 条失败指令: ReadVersion, WriteVEFCGasType (12/80)
[2026-06-02 15:31:45] [WARN] [Scheduler][InitCheckTask][onInitialFinished] 设备 12017 初始化存在 2 条失败指令: ReadVersion, WriteVEFCGasType (13/80)
[2026-06-02 15:31:45] [WARN] [Scheduler][InitCheckTask][onInitialFinished] 设备 12018 初始化存在 2 条失败指令: ReadVersion, WriteVEFCGasType (14/80)
[2026-06-02 15:31:45] [WARN] [Scheduler][InitCheckTask][onInitialFinished] 设备 12002 初始化存在 2 条失败指令: ReadVersion, WriteVEFCGasType (15/80)
[2026-06-02 15:31:45] [WARN] [Scheduler][InitCheckTask][onInitialFinished] 设备 12003 初始化存在 2 条失败指令: ReadVersion, WriteVEFCGasType (16/80)
[2026-06-02 15:31:45] [WARN] [Scheduler][InitCheckTask][onInitialFinished] 设备 12016 初始化存在 2 条失败指令: ReadVersion, WriteVEFCGasType (17/80)
[2026-06-02 15:31:45] [WARN] [Scheduler][InitCheckTask][onInitialFinished] 设备 12013 初始化存在 2 条失败指令: ReadVersion, WriteVEFCGasType (18/80)
[2026-06-02 15:31:45] [WARN] [Scheduler][InitCheckTask][onInitialFinished] 设备 12005 初始化存在 2 条失败指令: ReadVersion, WriteVEFCGasType (19/80)
[2026-06-02 15:31:45] [WARN] [Scheduler][InitCheckTask][onInitialFinished] 设备 12014 初始化存在 2 条失败指令: ReadVersion, WriteVEFCGasType (20/80)
[2026-06-02 15:31:45] [WARN] [Scheduler][InitCheckTask][onInitialFinished] 设备 12019 初始化存在 2 条失败指令: ReadVersion, WriteVEFCGasType (21/80)
[2026-06-02 15:31:45] [WARN] [Scheduler][InitCheckTask][onInitialFinished] 设备 12023 初始化存在 2 条失败指令: ReadVersion, WriteVEFCGasType (22/80)
[2026-06-02 15:31:45] [WARN] [Scheduler][InitCheckTask][onInitialFinished] 设备 12025 初始化存在 2 条失败指令: ReadVersion, WriteVEFCGasType (23/80)
[2026-06-02 15:31:45] [WARN] [Scheduler][InitCheckTask][onInitialFinished] 设备 12024 初始化存在 2 条失败指令: ReadVersion, WriteVEFCGasType (24/80)
[2026-06-02 15:31:45] [WARN] [Scheduler][InitCheckTask][onInitialFinished] 设备 12045 初始化存在 2 条失败指令: ReadVersion, WriteVEFCGasType (25/80)
[2026-06-02 15:31:45] [WARN] [Scheduler][InitCheckTask][onInitialFinished] 设备 12036 初始化存在 2 条失败指令: ReadVersion, WriteVEFCGasType (26/80)
[2026-06-02 15:31:45] [WARN] [Scheduler][InitCheckTask][onInitialFinished] 设备 12033 初始化存在 2 条失败指令: ReadVersion, WriteVEFCGasType (27/80)
[2026-06-02 15:31:45] [WARN] [Scheduler][InitCheckTask][onInitialFinished] 设备 12041 初始化存在 2 条失败指令: ReadVersion, WriteVEFCGasType (28/80)
[2026-06-02 15:31:45] [WARN] [Scheduler][InitCheckTask][onInitialFinished] 设备 12027 初始化存在 2 条失败指令: ReadVersion, WriteVEFCGasType (29/80)
[2026-06-02 15:31:45] [WARN] [Scheduler][InitCheckTask][onInitialFinished] 设备 12034 初始化存在 2 条失败指令: ReadVersion, WriteVEFCGasType (30/80)
[2026-06-02 15:31:45] [WARN] [Scheduler][InitCheckTask][onInitialFinished] 设备 12028 初始化存在 2 条失败指令: ReadVersion, WriteVEFCGasType (31/80)
[2026-06-02 15:31:45] [WARN] [Scheduler][InitCheckTask][onInitialFinished] 设备 12030 初始化存在 2 条失败指令: ReadVersion, WriteVEFCGasType (32/80)
[2026-06-02 15:31:45] [WARN] [Scheduler][InitCheckTask][onInitialFinished] 设备 12031 初始化存在 2 条失败指令: ReadVersion, WriteVEFCGasType (33/80)
[2026-06-02 15:31:45] [WARN] [Scheduler][InitCheckTask][onInitialFinished] 设备 12043 初始化存在 2 条失败指令: ReadVersion, WriteVEFCGasType (34/80)
[2026-06-02 15:31:45] [WARN] [Scheduler][InitCheckTask][onInitialFinished] 设备 12037 初始化存在 2 条失败指令: ReadVersion, WriteVEFCGasType (35/80)
[2026-06-02 15:31:45] [WARN] [Scheduler][InitCheckTask][onInitialFinished] 设备 12026 初始化存在 2 条失败指令: ReadVersion, WriteVEFCGasType (36/80)
[2026-06-02 15:31:45] [WARN] [Scheduler][InitCheckTask][onInitialFinished] 设备 12042 初始化存在 2 条失败指令: ReadVersion, WriteVEFCGasType (37/80)
[2026-06-02 15:31:45] [WARN] [Scheduler][InitCheckTask][onInitialFinished] 设备 12044 初始化存在 2 条失败指令: ReadVersion, WriteVEFCGasType (38/80)
[2026-06-02 15:31:45] [WARN] [Scheduler][InitCheckTask][onInitialFinished] 设备 12032 初始化存在 2 条失败指令: ReadVersion, WriteVEFCGasType (39/80)
[2026-06-02 15:31:45] [WARN] [Scheduler][InitCheckTask][onInitialFinished] 设备 12039 初始化存在 2 条失败指令: ReadVersion, WriteVEFCGasType (40/80)
[2026-06-02 15:31:45] [WARN] [Scheduler][InitCheckTask][onInitialFinished] 设备 12040 初始化存在 2 条失败指令: ReadVersion, WriteVEFCGasType (41/80)
[2026-06-02 15:31:45] [WARN] [Scheduler][InitCheckTask][onInitialFinished] 设备 12038 初始化存在 2 条失败指令: ReadVersion, WriteVEFCGasType (42/80)
[2026-06-02 15:31:45] [WARN] [Scheduler][InitCheckTask][onInitialFinished] 设备 12029 初始化存在 2 条失败指令: ReadVersion, WriteVEFCGasType (43/80)
[2026-06-02 15:31:45] [WARN] [Scheduler][InitCheckTask][onInitialFinished] 设备 12035 初始化存在 2 条失败指令: ReadVersion, WriteVEFCGasType (44/80)
[2026-06-02 15:31:45] [WARN] [Scheduler][InitCheckTask][onInitialFinished] 设备 12047 初始化存在 2 条失败指令: ReadVersion, WriteVEFCGasType (45/80)
[2026-06-02 15:31:45] [WARN] [Scheduler][InitCheckTask][onInitialFinished] 设备 12046 初始化存在 2 条失败指令: ReadVersion, WriteVEFCGasType (46/80)
[2026-06-02 15:31:45] [WARN] [Scheduler][InitCheckTask][onInitialFinished] 设备 12001 初始化存在 2 条失败指令: ReadVersion, WriteVEFCGasType (47/80)
[2026-06-02 15:31:45] [WARN] [Scheduler][InitCheckTask][onInitialFinished] 设备 12060 初始化存在 2 条失败指令: ReadVersion, WriteVEFCGasType (48/80)
[2026-06-02 15:31:45] [WARN] [Scheduler][InitCheckTask][onInitialFinished] 设备 12063 初始化存在 2 条失败指令: ReadVersion, WriteVEFCGasType (49/80)
[2026-06-02 15:31:45] [WARN] [Scheduler][InitCheckTask][onInitialFinished] 设备 12062 初始化存在 2 条失败指令: ReadVersion, WriteVEFCGasType (50/80)
[2026-06-02 15:31:45] [WARN] [Scheduler][InitCheckTask][onInitialFinished] 设备 12061 初始化存在 2 条失败指令: ReadVersion, WriteVEFCGasType (51/80)
[2026-06-02 15:31:45] [WARN] [Scheduler][InitCheckTask][onInitialFinished] 设备 12064 初始化存在 2 条失败指令: ReadVersion, WriteVEFCGasType (52/80)
[2026-06-02 15:31:45] [WARN] [Scheduler][InitCheckTask][onInitialFinished] 设备 12057 初始化存在 2 条失败指令: ReadVersion, WriteVEFCGasType (53/80)
[2026-06-02 15:31:45] [WARN] [Scheduler][InitCheckTask][onInitialFinished] 设备 12048 初始化存在 2 条失败指令: ReadVersion, WriteVEFCGasType (54/80)
[2026-06-02 15:31:45] [WARN] [Scheduler][InitCheckTask][onInitialFinished] 设备 12050 初始化存在 2 条失败指令: ReadVersion, WriteVEFCGasType (55/80)
[2026-06-02 15:31:45] [WARN] [Scheduler][InitCheckTask][onInitialFinished] 设备 12059 初始化存在 2 条失败指令: ReadVersion, WriteVEFCGasType (56/80)
[2026-06-02 15:31:45] [WARN] [Scheduler][InitCheckTask][onInitialFinished] 设备 12066 初始化存在 2 条失败指令: ReadVersion, WriteVEFCGasType (57/80)
[2026-06-02 15:31:45] [WARN] [Scheduler][InitCheckTask][onInitialFinished] 设备 12065 初始化存在 2 条失败指令: ReadVersion, WriteVEFCGasType (58/80)
[2026-06-02 15:31:45] [WARN] [Scheduler][InitCheckTask][onInitialFinished] 设备 12052 初始化存在 2 条失败指令: ReadVersion, WriteVEFCGasType (59/80)
[2026-06-02 15:31:45] [WARN] [Scheduler][InitCheckTask][onInitialFinished] 设备 12053 初始化存在 2 条失败指令: ReadVersion, WriteVEFCGasType (60/80)
[2026-06-02 15:31:45] [WARN] [Scheduler][InitCheckTask][onInitialFinished] 设备 12055 初始化存在 2 条失败指令: ReadVersion, WriteVEFCGasType (61/80)
[2026-06-02 15:31:45] [WARN] [Scheduler][InitCheckTask][onInitialFinished] 设备 12049 初始化存在 2 条失败指令: ReadVersion, WriteVEFCGasType (62/80)
[2026-06-02 15:31:45] [WARN] [Scheduler][InitCheckTask][onInitialFinished] 设备 12054 初始化存在 2 条失败指令: ReadVersion, WriteVEFCGasType (63/80)
[2026-06-02 15:31:45] [WARN] [Scheduler][InitCheckTask][onInitialFinished] 设备 12056 初始化存在 2 条失败指令: ReadVersion, WriteVEFCGasType (64/80)
[2026-06-02 15:31:45] [WARN] [Scheduler][InitCheckTask][onInitialFinished] 设备 12051 初始化存在 2 条失败指令: ReadVersion, WriteVEFCGasType (65/80)
[2026-06-02 15:31:45] [WARN] [Scheduler][InitCheckTask][onInitialFinished] 设备 12058 初始化存在 2 条失败指令: ReadVersion, WriteVEFCGasType (66/80)
[2026-06-02 15:31:45] [WARN] [Scheduler][InitCheckTask][onInitialFinished] 设备 12070 初始化存在 2 条失败指令: ReadVersion, WriteVEFCGasType (67/80)
[2026-06-02 15:31:45] [WARN] [Scheduler][InitCheckTask][onInitialFinished] 设备 12074 初始化存在 2 条失败指令: ReadVersion, WriteVEFCGasType (68/80)
[2026-06-02 15:31:45] [WARN] [Scheduler][InitCheckTask][onInitialFinished] 设备 12077 初始化存在 2 条失败指令: ReadVersion, WriteVEFCGasType (69/80)
[2026-06-02 15:31:45] [WARN] [Scheduler][InitCheckTask][onInitialFinished] 设备 12071 初始化存在 2 条失败指令: ReadVersion, WriteVEFCGasType (70/80)
[2026-06-02 15:31:45] [WARN] [Scheduler][InitCheckTask][onInitialFinished] 设备 12072 初始化存在 2 条失败指令: ReadVersion, WriteVEFCGasType (71/80)
[2026-06-02 15:31:45] [WARN] [Scheduler][InitCheckTask][onInitialFinished] 设备 12075 初始化存在 2 条失败指令: ReadVersion, WriteVEFCGasType (72/80)
[2026-06-02 15:31:45] [WARN] [Scheduler][InitCheckTask][onInitialFinished] 设备 12078 初始化存在 2 条失败指令: ReadVersion, WriteVEFCGasType (73/80)
[2026-06-02 15:31:45] [WARN] [Scheduler][InitCheckTask][onInitialFinished] 设备 12080 初始化存在 2 条失败指令: ReadVersion, WriteVEFCGasType (74/80)
[2026-06-02 15:31:45] [WARN] [Scheduler][InitCheckTask][onInitialFinished] 设备 12076 初始化存在 2 条失败指令: ReadVersion, WriteVEFCGasType (75/80)
[2026-06-02 15:31:45] [WARN] [Scheduler][InitCheckTask][onInitialFinished] 设备 12079 初始化存在 2 条失败指令: ReadVersion, WriteVEFCGasType (76/80)
[2026-06-02 15:31:45] [WARN] [Scheduler][InitCheckTask][onInitialFinished] 设备 12068 初始化存在 2 条失败指令: ReadVersion, WriteVEFCGasType (77/80)
[2026-06-02 15:31:45] [WARN] [Scheduler][InitCheckTask][onInitialFinished] 设备 12067 初始化存在 2 条失败指令: ReadVersion, WriteVEFCGasType (78/80)
[2026-06-02 15:31:45] [WARN] [Scheduler][InitCheckTask][onInitialFinished] 设备 12073 初始化存在 2 条失败指令: ReadVersion, WriteVEFCGasType (79/80)
[2026-06-02 15:31:45] [WARN] [Scheduler][InitCheckTask][onInitialFinished] 设备 12069 初始化存在 2 条失败指令: ReadVersion, WriteVEFCGasType (80/80)
[2026-06-02 15:31:45] [INFO] [Scheduler][InitCheckTask][checkAllFinished] 全部设备初始化检查完成，汇总结果: 总设备数=80, 成功=0, 失败=80
[2026-06-02 15:31:45] [DEBUG] [Scheduler][InitCheckTask][disconnectAll] 断开所有信号连接，连接数: 80
[2026-06-02 15:31:45] [WARN] [Scheduler][InitCheckTask][checkAllFinished] 初始化完成：0 台成功，80 台存在失败指令（12008, 12022, 12007, 12012, 12004, 12006, 12011, 12015, 12009, 12020, 12010, 12021, 12017, 12018, 12002, 12003, 12016, 12013, 12005, 12014, 12019, 12023, 12025, 12024, 12045, 12036, 12033, 12041, 12027, 12034, 12028, 12030, 12031, 12043, 12037, 12026, 12042, 12044, 12032, 12039, 12040, 12038, 12029, 12035, 12047, 12046, 12001, 12060, 12063, 12062, 12061, 12064, 12057, 12048, 12050, 12059, 12066, 12065, 12052, 12053, 12055, 12049, 12054, 12056, 12051, 12058, 12070, 12074, 12077, 12071, 12072, 12075, 12078, 12080, 12076, 12079, 12068, 12067, 12073, 12069）
[2026-06-02 15:31:45] [INFO] =============================InitCheckTask 调度任务结束=============================
[2026-06-02 15:34:08] [INFO] =============================InitCheckTask 调度任务开始=============================
[2026-06-02 15:34:08] [INFO] [Scheduler][InitCheckTask][start] 发现 80 个已注册的设备: 12001, 12002, 12003, 12004, 12005, 12006, 12007, 12008, 12009, 12010, 12011, 12012, 12013, 12014, 12015, 12016, 12017, 12018, 12019, 12020, 12021, 12022, 12023, 12024, 12025, 12026, 12027, 12028, 12029, 12030, 12031, 12032, 12033, 12034, 12035, 12036, 12037, 12038, 12039, 12040, 12041, 12042, 12043, 12044, 12045, 12046, 12047, 12048, 12049, 12050, 12051, 12052, 12053, 12054, 12055, 12056, 12057, 12058, 12059, 12060, 12061, 12062, 12063, 12064, 12065, 12066, 12067, 12068, 12069, 12070, 12071, 12072, 12073, 12074, 12075, 12076, 12077, 12078, 12079, 12080
[2026-06-02 15:34:08] [DEBUG] [Scheduler][InitCheckTask][start] 已连接设备 12001 的初始化完成信号
[2026-06-02 15:34:08] [DEBUG] [Scheduler][InitCheckTask][start] 已连接设备 12002 的初始化完成信号
[2026-06-02 15:34:08] [DEBUG] [Scheduler][InitCheckTask][start] 已连接设备 12003 的初始化完成信号
[2026-06-02 15:34:08] [DEBUG] [Scheduler][InitCheckTask][start] 已连接设备 12004 的初始化完成信号
[2026-06-02 15:34:08] [DEBUG] [Scheduler][InitCheckTask][start] 已连接设备 12005 的初始化完成信号
[2026-06-02 15:34:08] [DEBUG] [Scheduler][InitCheckTask][start] 已连接设备 12006 的初始化完成信号
[2026-06-02 15:34:08] [DEBUG] [Scheduler][InitCheckTask][start] 已连接设备 12007 的初始化完成信号
[2026-06-02 15:34:08] [DEBUG] [Scheduler][InitCheckTask][start] 已连接设备 12008 的初始化完成信号
[2026-06-02 15:34:08] [DEBUG] [Scheduler][InitCheckTask][start] 已连接设备 12009 的初始化完成信号
[2026-06-02 15:34:08] [DEBUG] [Scheduler][InitCheckTask][start] 已连接设备 12010 的初始化完成信号
[2026-06-02 15:34:08] [DEBUG] [Scheduler][InitCheckTask][start] 已连接设备 12011 的初始化完成信号
[2026-06-02 15:34:08] [DEBUG] [Scheduler][InitCheckTask][start] 已连接设备 12012 的初始化完成信号
[2026-06-02 15:34:08] [DEBUG] [Scheduler][InitCheckTask][start] 已连接设备 12013 的初始化完成信号
[2026-06-02 15:34:08] [DEBUG] [Scheduler][InitCheckTask][start] 已连接设备 12014 的初始化完成信号
[2026-06-02 15:34:08] [DEBUG] [Scheduler][InitCheckTask][start] 已连接设备 12015 的初始化完成信号
[2026-06-02 15:34:08] [DEBUG] [Scheduler][InitCheckTask][start] 已连接设备 12016 的初始化完成信号
[2026-06-02 15:34:08] [DEBUG] [Scheduler][InitCheckTask][start] 已连接设备 12017 的初始化完成信号
[2026-06-02 15:34:08] [DEBUG] [Scheduler][InitCheckTask][start] 已连接设备 12018 的初始化完成信号
[2026-06-02 15:34:08] [DEBUG] [Scheduler][InitCheckTask][start] 已连接设备 12019 的初始化完成信号
[2026-06-02 15:34:08] [DEBUG] [Scheduler][InitCheckTask][start] 已连接设备 12020 的初始化完成信号
[2026-06-02 15:34:08] [DEBUG] [Scheduler][InitCheckTask][start] 已连接设备 12021 的初始化完成信号
[2026-06-02 15:34:08] [DEBUG] [Scheduler][InitCheckTask][start] 已连接设备 12022 的初始化完成信号
[2026-06-02 15:34:08] [DEBUG] [Scheduler][InitCheckTask][start] 已连接设备 12023 的初始化完成信号
[2026-06-02 15:34:08] [DEBUG] [Scheduler][InitCheckTask][start] 已连接设备 12024 的初始化完成信号
[2026-06-02 15:34:08] [DEBUG] [Scheduler][InitCheckTask][start] 已连接设备 12025 的初始化完成信号
[2026-06-02 15:34:08] [DEBUG] [Scheduler][InitCheckTask][start] 已连接设备 12026 的初始化完成信号
[2026-06-02 15:34:08] [DEBUG] [Scheduler][InitCheckTask][start] 已连接设备 12027 的初始化完成信号
[2026-06-02 15:34:08] [DEBUG] [Scheduler][InitCheckTask][start] 已连接设备 12028 的初始化完成信号
[2026-06-02 15:34:08] [DEBUG] [Scheduler][InitCheckTask][start] 已连接设备 12029 的初始化完成信号
[2026-06-02 15:34:08] [DEBUG] [Scheduler][InitCheckTask][start] 已连接设备 12030 的初始化完成信号
[2026-06-02 15:34:08] [DEBUG] [Scheduler][InitCheckTask][start] 已连接设备 12031 的初始化完成信号
[2026-06-02 15:34:08] [DEBUG] [Scheduler][InitCheckTask][start] 已连接设备 12032 的初始化完成信号
[2026-06-02 15:34:08] [DEBUG] [Scheduler][InitCheckTask][start] 已连接设备 12033 的初始化完成信号
[2026-06-02 15:34:08] [DEBUG] [Scheduler][InitCheckTask][start] 已连接设备 12034 的初始化完成信号
[2026-06-02 15:34:08] [DEBUG] [Scheduler][InitCheckTask][start] 已连接设备 12035 的初始化完成信号
[2026-06-02 15:34:08] [DEBUG] [Scheduler][InitCheckTask][start] 已连接设备 12036 的初始化完成信号
[2026-06-02 15:34:08] [DEBUG] [Scheduler][InitCheckTask][start] 已连接设备 12037 的初始化完成信号
[2026-06-02 15:34:08] [DEBUG] [Scheduler][InitCheckTask][start] 已连接设备 12038 的初始化完成信号
[2026-06-02 15:34:08] [DEBUG] [Scheduler][InitCheckTask][start] 已连接设备 12039 的初始化完成信号
[2026-06-02 15:34:08] [DEBUG] [Scheduler][InitCheckTask][start] 已连接设备 12040 的初始化完成信号
[2026-06-02 15:34:08] [DEBUG] [Scheduler][InitCheckTask][start] 已连接设备 12041 的初始化完成信号
[2026-06-02 15:34:08] [DEBUG] [Scheduler][InitCheckTask][start] 已连接设备 12042 的初始化完成信号
[2026-06-02 15:34:08] [DEBUG] [Scheduler][InitCheckTask][start] 已连接设备 12043 的初始化完成信号
[2026-06-02 15:34:08] [DEBUG] [Scheduler][InitCheckTask][start] 已连接设备 12044 的初始化完成信号
[2026-06-02 15:34:08] [DEBUG] [Scheduler][InitCheckTask][start] 已连接设备 12045 的初始化完成信号
[2026-06-02 15:34:08] [DEBUG] [Scheduler][InitCheckTask][start] 已连接设备 12046 的初始化完成信号
[2026-06-02 15:34:08] [DEBUG] [Scheduler][InitCheckTask][start] 已连接设备 12047 的初始化完成信号
[2026-06-02 15:34:08] [DEBUG] [Scheduler][InitCheckTask][start] 已连接设备 12048 的初始化完成信号
[2026-06-02 15:34:08] [DEBUG] [Scheduler][InitCheckTask][start] 已连接设备 12049 的初始化完成信号
[2026-06-02 15:34:08] [DEBUG] [Scheduler][InitCheckTask][start] 已连接设备 12050 的初始化完成信号
[2026-06-02 15:34:08] [DEBUG] [Scheduler][InitCheckTask][start] 已连接设备 12051 的初始化完成信号
[2026-06-02 15:34:08] [DEBUG] [Scheduler][InitCheckTask][start] 已连接设备 12052 的初始化完成信号
[2026-06-02 15:34:08] [DEBUG] [Scheduler][InitCheckTask][start] 已连接设备 12053 的初始化完成信号
[2026-06-02 15:34:08] [DEBUG] [Scheduler][InitCheckTask][start] 已连接设备 12054 的初始化完成信号
[2026-06-02 15:34:08] [DEBUG] [Scheduler][InitCheckTask][start] 已连接设备 12055 的初始化完成信号
[2026-06-02 15:34:08] [DEBUG] [Scheduler][InitCheckTask][start] 已连接设备 12056 的初始化完成信号
[2026-06-02 15:34:08] [DEBUG] [Scheduler][InitCheckTask][start] 已连接设备 12057 的初始化完成信号
[2026-06-02 15:34:08] [DEBUG] [Scheduler][InitCheckTask][start] 已连接设备 12058 的初始化完成信号
[2026-06-02 15:34:08] [DEBUG] [Scheduler][InitCheckTask][start] 已连接设备 12059 的初始化完成信号
[2026-06-02 15:34:08] [DEBUG] [Scheduler][InitCheckTask][start] 已连接设备 12060 的初始化完成信号
[2026-06-02 15:34:08] [DEBUG] [Scheduler][InitCheckTask][start] 已连接设备 12061 的初始化完成信号
[2026-06-02 15:34:08] [DEBUG] [Scheduler][InitCheckTask][start] 已连接设备 12062 的初始化完成信号
[2026-06-02 15:34:08] [DEBUG] [Scheduler][InitCheckTask][start] 已连接设备 12063 的初始化完成信号
[2026-06-02 15:34:08] [DEBUG] [Scheduler][InitCheckTask][start] 已连接设备 12064 的初始化完成信号
[2026-06-02 15:34:08] [DEBUG] [Scheduler][InitCheckTask][start] 已连接设备 12065 的初始化完成信号
[2026-06-02 15:34:08] [DEBUG] [Scheduler][InitCheckTask][start] 已连接设备 12066 的初始化完成信号
[2026-06-02 15:34:08] [DEBUG] [Scheduler][InitCheckTask][start] 已连接设备 12067 的初始化完成信号
[2026-06-02 15:34:08] [DEBUG] [Scheduler][InitCheckTask][start] 已连接设备 12068 的初始化完成信号
[2026-06-02 15:34:08] [DEBUG] [Scheduler][InitCheckTask][start] 已连接设备 12069 的初始化完成信号
[2026-06-02 15:34:08] [DEBUG] [Scheduler][InitCheckTask][start] 已连接设备 12070 的初始化完成信号
[2026-06-02 15:34:08] [DEBUG] [Scheduler][InitCheckTask][start] 已连接设备 12071 的初始化完成信号
[2026-06-02 15:34:08] [DEBUG] [Scheduler][InitCheckTask][start] 已连接设备 12072 的初始化完成信号
[2026-06-02 15:34:08] [DEBUG] [Scheduler][InitCheckTask][start] 已连接设备 12073 的初始化完成信号
[2026-06-02 15:34:08] [DEBUG] [Scheduler][InitCheckTask][start] 已连接设备 12074 的初始化完成信号
[2026-06-02 15:34:08] [DEBUG] [Scheduler][InitCheckTask][start] 已连接设备 12075 的初始化完成信号
[2026-06-02 15:34:08] [DEBUG] [Scheduler][InitCheckTask][start] 已连接设备 12076 的初始化完成信号
[2026-06-02 15:34:08] [DEBUG] [Scheduler][InitCheckTask][start] 已连接设备 12077 的初始化完成信号
[2026-06-02 15:34:08] [DEBUG] [Scheduler][InitCheckTask][start] 已连接设备 12078 的初始化完成信号
[2026-06-02 15:34:08] [DEBUG] [Scheduler][InitCheckTask][start] 已连接设备 12079 的初始化完成信号
[2026-06-02 15:34:08] [DEBUG] [Scheduler][InitCheckTask][start] 已连接设备 12080 的初始化完成信号
[2026-06-02 15:34:08] [INFO] [Scheduler][InitCheckTask][start] 启动，等待 80 个设备完成初始化
[2026-06-02 15:34:16] [WARN] [Scheduler][InitCheckTask][onInitialFinished] 设备 12006 初始化存在 2 条失败指令: ReadVersion, WriteVEFCGasType (1/80)
[2026-06-02 15:34:17] [WARN] [Scheduler][InitCheckTask][onInitialFinished] 设备 12003 初始化存在 2 条失败指令: ReadVersion, WriteVEFCGasType (2/80)
[2026-06-02 15:34:17] [WARN] [Scheduler][InitCheckTask][onInitialFinished] 设备 12005 初始化存在 2 条失败指令: ReadVersion, WriteVEFCGasType (3/80)
[2026-06-02 15:34:17] [WARN] [Scheduler][InitCheckTask][onInitialFinished] 设备 12009 初始化存在 2 条失败指令: ReadVersion, WriteVEFCGasType (4/80)
[2026-06-02 15:34:17] [WARN] [Scheduler][InitCheckTask][onInitialFinished] 设备 12014 初始化存在 2 条失败指令: ReadVersion, WriteVEFCGasType (5/80)
[2026-06-02 15:34:17] [WARN] [Scheduler][InitCheckTask][onInitialFinished] 设备 12015 初始化存在 2 条失败指令: ReadVersion, WriteVEFCGasType (6/80)
[2026-06-02 15:34:17] [WARN] [Scheduler][InitCheckTask][onInitialFinished] 设备 12010 初始化存在 2 条失败指令: ReadVersion, WriteVEFCGasType (7/80)
[2026-06-02 15:34:17] [WARN] [Scheduler][InitCheckTask][onInitialFinished] 设备 12001 初始化存在 2 条失败指令: ReadVersion, WriteVEFCGasType (8/80)
[2026-06-02 15:34:17] [WARN] [Scheduler][InitCheckTask][onInitialFinished] 设备 12011 初始化存在 2 条失败指令: ReadVersion, WriteVEFCGasType (9/80)
[2026-06-02 15:34:17] [WARN] [Scheduler][InitCheckTask][onInitialFinished] 设备 12002 初始化存在 2 条失败指令: ReadVersion, WriteVEFCGasType (10/80)
[2026-06-02 15:34:17] [WARN] [Scheduler][InitCheckTask][onInitialFinished] 设备 12008 初始化存在 2 条失败指令: ReadVersion, WriteVEFCGasType (11/80)
[2026-06-02 15:34:17] [WARN] [Scheduler][InitCheckTask][onInitialFinished] 设备 12004 初始化存在 2 条失败指令: ReadVersion, WriteVEFCGasType (12/80)
[2026-06-02 15:34:17] [WARN] [Scheduler][InitCheckTask][onInitialFinished] 设备 12007 初始化存在 2 条失败指令: ReadVersion, WriteVEFCGasType (13/80)
[2026-06-02 15:34:17] [WARN] [Scheduler][InitCheckTask][onInitialFinished] 设备 12012 初始化存在 2 条失败指令: ReadVersion, WriteVEFCGasType (14/80)
[2026-06-02 15:34:17] [WARN] [Scheduler][InitCheckTask][onInitialFinished] 设备 12018 初始化存在 2 条失败指令: ReadVersion, WriteVEFCGasType (15/80)
[2026-06-02 15:34:17] [WARN] [Scheduler][InitCheckTask][onInitialFinished] 设备 12013 初始化存在 2 条失败指令: ReadVersion, WriteVEFCGasType (16/80)
[2026-06-02 15:34:17] [WARN] [Scheduler][InitCheckTask][onInitialFinished] 设备 12016 初始化存在 2 条失败指令: ReadVersion, WriteVEFCGasType (17/80)
[2026-06-02 15:34:17] [WARN] [Scheduler][InitCheckTask][onInitialFinished] 设备 12019 初始化存在 2 条失败指令: ReadVersion, WriteVEFCGasType (18/80)
[2026-06-02 15:34:17] [WARN] [Scheduler][InitCheckTask][onInitialFinished] 设备 12017 初始化存在 2 条失败指令: ReadVersion, WriteVEFCGasType (19/80)
[2026-06-02 15:34:17] [WARN] [Scheduler][InitCheckTask][onInitialFinished] 设备 12021 初始化存在 2 条失败指令: ReadVersion, WriteVEFCGasType (20/80)
[2026-06-02 15:34:17] [WARN] [Scheduler][InitCheckTask][onInitialFinished] 设备 12022 初始化存在 2 条失败指令: ReadVersion, WriteVEFCGasType (21/80)
[2026-06-02 15:34:17] [WARN] [Scheduler][InitCheckTask][onInitialFinished] 设备 12020 初始化存在 2 条失败指令: ReadVersion, WriteVEFCGasType (22/80)
[2026-06-02 15:34:17] [WARN] [Scheduler][InitCheckTask][onInitialFinished] 设备 12028 初始化存在 2 条失败指令: ReadVersion, WriteVEFCGasType (23/80)
[2026-06-02 15:34:17] [WARN] [Scheduler][InitCheckTask][onInitialFinished] 设备 12025 初始化存在 2 条失败指令: ReadVersion, WriteVEFCGasType (24/80)
[2026-06-02 15:34:17] [WARN] [Scheduler][InitCheckTask][onInitialFinished] 设备 12027 初始化存在 2 条失败指令: ReadVersion, WriteVEFCGasType (25/80)
[2026-06-02 15:34:17] [WARN] [Scheduler][InitCheckTask][onInitialFinished] 设备 12036 初始化存在 2 条失败指令: ReadVersion, WriteVEFCGasType (26/80)
[2026-06-02 15:34:17] [WARN] [Scheduler][InitCheckTask][onInitialFinished] 设备 12031 初始化存在 2 条失败指令: ReadVersion, WriteVEFCGasType (27/80)
[2026-06-02 15:34:17] [WARN] [Scheduler][InitCheckTask][onInitialFinished] 设备 12037 初始化存在 2 条失败指令: ReadVersion, WriteVEFCGasType (28/80)
[2026-06-02 15:34:17] [WARN] [Scheduler][InitCheckTask][onInitialFinished] 设备 12032 初始化存在 2 条失败指令: ReadVersion, WriteVEFCGasType (29/80)
[2026-06-02 15:34:17] [WARN] [Scheduler][InitCheckTask][onInitialFinished] 设备 12026 初始化存在 2 条失败指令: ReadVersion, WriteVEFCGasType (30/80)
[2026-06-02 15:34:17] [WARN] [Scheduler][InitCheckTask][onInitialFinished] 设备 12023 初始化存在 2 条失败指令: ReadVersion, WriteVEFCGasType (31/80)
[2026-06-02 15:34:17] [WARN] [Scheduler][InitCheckTask][onInitialFinished] 设备 12024 初始化存在 2 条失败指令: ReadVersion, WriteVEFCGasType (32/80)
[2026-06-02 15:34:17] [WARN] [Scheduler][InitCheckTask][onInitialFinished] 设备 12033 初始化存在 2 条失败指令: ReadVersion, WriteVEFCGasType (33/80)
[2026-06-02 15:34:17] [WARN] [Scheduler][InitCheckTask][onInitialFinished] 设备 12030 初始化存在 2 条失败指令: ReadVersion, WriteVEFCGasType (34/80)
[2026-06-02 15:34:17] [WARN] [Scheduler][InitCheckTask][onInitialFinished] 设备 12034 初始化存在 2 条失败指令: ReadVersion, WriteVEFCGasType (35/80)
[2026-06-02 15:34:17] [WARN] [Scheduler][InitCheckTask][onInitialFinished] 设备 12040 初始化存在 2 条失败指令: ReadVersion, WriteVEFCGasType (36/80)
[2026-06-02 15:34:17] [WARN] [Scheduler][InitCheckTask][onInitialFinished] 设备 12029 初始化存在 2 条失败指令: ReadVersion, WriteVEFCGasType (37/80)
[2026-06-02 15:34:17] [WARN] [Scheduler][InitCheckTask][onInitialFinished] 设备 12035 初始化存在 2 条失败指令: ReadVersion, WriteVEFCGasType (38/80)
[2026-06-02 15:34:17] [WARN] [Scheduler][InitCheckTask][onInitialFinished] 设备 12038 初始化存在 2 条失败指令: ReadVersion, WriteVEFCGasType (39/80)
[2026-06-02 15:34:17] [WARN] [Scheduler][InitCheckTask][onInitialFinished] 设备 12039 初始化存在 2 条失败指令: ReadVersion, WriteVEFCGasType (40/80)
[2026-06-02 15:34:17] [WARN] [Scheduler][InitCheckTask][onInitialFinished] 设备 12041 初始化存在 2 条失败指令: ReadVersion, WriteVEFCGasType (41/80)
[2026-06-02 15:34:17] [WARN] [Scheduler][InitCheckTask][onInitialFinished] 设备 12042 初始化存在 2 条失败指令: ReadVersion, WriteVEFCGasType (42/80)
[2026-06-02 15:34:17] [WARN] [Scheduler][InitCheckTask][onInitialFinished] 设备 12043 初始化存在 2 条失败指令: ReadVersion, WriteVEFCGasType (43/80)
[2026-06-02 15:34:17] [WARN] [Scheduler][InitCheckTask][onInitialFinished] 设备 12077 初始化存在 2 条失败指令: ReadVersion, WriteVEFCGasType (44/80)
[2026-06-02 15:34:17] [WARN] [Scheduler][InitCheckTask][onInitialFinished] 设备 12075 初始化存在 2 条失败指令: ReadVersion, WriteVEFCGasType (45/80)
[2026-06-02 15:34:17] [WARN] [Scheduler][InitCheckTask][onInitialFinished] 设备 12080 初始化存在 2 条失败指令: ReadVersion, WriteVEFCGasType (46/80)
[2026-06-02 15:34:17] [WARN] [Scheduler][InitCheckTask][onInitialFinished] 设备 12072 初始化存在 2 条失败指令: ReadVersion, WriteVEFCGasType (47/80)
[2026-06-02 15:34:17] [WARN] [Scheduler][InitCheckTask][onInitialFinished] 设备 12074 初始化存在 2 条失败指令: ReadVersion, WriteVEFCGasType (48/80)
[2026-06-02 15:34:17] [WARN] [Scheduler][InitCheckTask][onInitialFinished] 设备 12067 初始化存在 2 条失败指令: ReadVersion, WriteVEFCGasType (49/80)
[2026-06-02 15:34:17] [WARN] [Scheduler][InitCheckTask][onInitialFinished] 设备 12049 初始化存在 2 条失败指令: ReadVersion, WriteVEFCGasType (50/80)
[2026-06-02 15:34:17] [WARN] [Scheduler][InitCheckTask][onInitialFinished] 设备 12073 初始化存在 2 条失败指令: ReadVersion, WriteVEFCGasType (51/80)
[2026-06-02 15:34:17] [WARN] [Scheduler][InitCheckTask][onInitialFinished] 设备 12068 初始化存在 2 条失败指令: ReadVersion, WriteVEFCGasType (52/80)
[2026-06-02 15:34:17] [WARN] [Scheduler][InitCheckTask][onInitialFinished] 设备 12076 初始化存在 2 条失败指令: ReadVersion, WriteVEFCGasType (53/80)
[2026-06-02 15:34:17] [WARN] [Scheduler][InitCheckTask][onInitialFinished] 设备 12069 初始化存在 2 条失败指令: ReadVersion, WriteVEFCGasType (54/80)
[2026-06-02 15:34:17] [WARN] [Scheduler][InitCheckTask][onInitialFinished] 设备 12079 初始化存在 2 条失败指令: ReadVersion, WriteVEFCGasType (55/80)
[2026-06-02 15:34:17] [WARN] [Scheduler][InitCheckTask][onInitialFinished] 设备 12066 初始化存在 2 条失败指令: ReadVersion, WriteVEFCGasType (56/80)
[2026-06-02 15:34:17] [WARN] [Scheduler][InitCheckTask][onInitialFinished] 设备 12078 初始化存在 2 条失败指令: ReadVersion, WriteVEFCGasType (57/80)
[2026-06-02 15:34:17] [WARN] [Scheduler][InitCheckTask][onInitialFinished] 设备 12064 初始化存在 2 条失败指令: ReadVersion, WriteVEFCGasType (58/80)
[2026-06-02 15:34:17] [WARN] [Scheduler][InitCheckTask][onInitialFinished] 设备 12070 初始化存在 2 条失败指令: ReadVersion, WriteVEFCGasType (59/80)
[2026-06-02 15:34:17] [WARN] [Scheduler][InitCheckTask][onInitialFinished] 设备 12059 初始化存在 2 条失败指令: ReadVersion, WriteVEFCGasType (60/80)
[2026-06-02 15:34:17] [WARN] [Scheduler][InitCheckTask][onInitialFinished] 设备 12061 初始化存在 2 条失败指令: ReadVersion, WriteVEFCGasType (61/80)
[2026-06-02 15:34:17] [WARN] [Scheduler][InitCheckTask][onInitialFinished] 设备 12060 初始化存在 2 条失败指令: ReadVersion, WriteVEFCGasType (62/80)
[2026-06-02 15:34:17] [WARN] [Scheduler][InitCheckTask][onInitialFinished] 设备 12065 初始化存在 2 条失败指令: ReadVersion, WriteVEFCGasType (63/80)
[2026-06-02 15:34:17] [WARN] [Scheduler][InitCheckTask][onInitialFinished] 设备 12063 初始化存在 2 条失败指令: ReadVersion, WriteVEFCGasType (64/80)
[2026-06-02 15:34:17] [WARN] [Scheduler][InitCheckTask][onInitialFinished] 设备 12062 初始化存在 2 条失败指令: ReadVersion, WriteVEFCGasType (65/80)
[2026-06-02 15:34:17] [WARN] [Scheduler][InitCheckTask][onInitialFinished] 设备 12055 初始化存在 2 条失败指令: ReadVersion, WriteVEFCGasType (66/80)
[2026-06-02 15:34:17] [WARN] [Scheduler][InitCheckTask][onInitialFinished] 设备 12053 初始化存在 2 条失败指令: ReadVersion, WriteVEFCGasType (67/80)
[2026-06-02 15:34:17] [WARN] [Scheduler][InitCheckTask][onInitialFinished] 设备 12058 初始化存在 2 条失败指令: ReadVersion, WriteVEFCGasType (68/80)
[2026-06-02 15:34:17] [WARN] [Scheduler][InitCheckTask][onInitialFinished] 设备 12050 初始化存在 2 条失败指令: ReadVersion, WriteVEFCGasType (69/80)
[2026-06-02 15:34:17] [WARN] [Scheduler][InitCheckTask][onInitialFinished] 设备 12045 初始化存在 2 条失败指令: ReadVersion, WriteVEFCGasType (70/80)
[2026-06-02 15:34:17] [WARN] [Scheduler][InitCheckTask][onInitialFinished] 设备 12052 初始化存在 2 条失败指令: ReadVersion, WriteVEFCGasType (71/80)
[2026-06-02 15:34:17] [WARN] [Scheduler][InitCheckTask][onInitialFinished] 设备 12071 初始化存在 2 条失败指令: ReadVersion, WriteVEFCGasType (72/80)
[2026-06-02 15:34:17] [WARN] [Scheduler][InitCheckTask][onInitialFinished] 设备 12051 初始化存在 2 条失败指令: ReadVersion, WriteVEFCGasType (73/80)
[2026-06-02 15:34:17] [WARN] [Scheduler][InitCheckTask][onInitialFinished] 设备 12046 初始化存在 2 条失败指令: ReadVersion, WriteVEFCGasType (74/80)
[2026-06-02 15:34:17] [WARN] [Scheduler][InitCheckTask][onInitialFinished] 设备 12054 初始化存在 2 条失败指令: ReadVersion, WriteVEFCGasType (75/80)
[2026-06-02 15:34:17] [WARN] [Scheduler][InitCheckTask][onInitialFinished] 设备 12047 初始化存在 2 条失败指令: ReadVersion, WriteVEFCGasType (76/80)
[2026-06-02 15:34:17] [WARN] [Scheduler][InitCheckTask][onInitialFinished] 设备 12057 初始化存在 2 条失败指令: ReadVersion, WriteVEFCGasType (77/80)
[2026-06-02 15:34:17] [WARN] [Scheduler][InitCheckTask][onInitialFinished] 设备 12044 初始化存在 2 条失败指令: ReadVersion, WriteVEFCGasType (78/80)
[2026-06-02 15:34:17] [WARN] [Scheduler][InitCheckTask][onInitialFinished] 设备 12056 初始化存在 2 条失败指令: ReadVersion, WriteVEFCGasType (79/80)
[2026-06-02 15:34:17] [WARN] [Scheduler][InitCheckTask][onInitialFinished] 设备 12048 初始化存在 2 条失败指令: ReadVersion, WriteVEFCGasType (80/80)
[2026-06-02 15:34:17] [INFO] [Scheduler][InitCheckTask][checkAllFinished] 全部设备初始化检查完成，汇总结果: 总设备数=80, 成功=0, 失败=80
[2026-06-02 15:34:17] [DEBUG] [Scheduler][InitCheckTask][disconnectAll] 断开所有信号连接，连接数: 80
[2026-06-02 15:34:17] [WARN] [Scheduler][InitCheckTask][checkAllFinished] 初始化完成：0 台成功，80 台存在失败指令（12006, 12003, 12005, 12009, 12014, 12015, 12010, 12001, 12011, 12002, 12008, 12004, 12007, 12012, 12018, 12013, 12016, 12019, 12017, 12021, 12022, 12020, 12028, 12025, 12027, 12036, 12031, 12037, 12032, 12026, 12023, 12024, 12033, 12030, 12034, 12040, 12029, 12035, 12038, 12039, 12041, 12042, 12043, 12077, 12075, 12080, 12072, 12074, 12067, 12049, 12073, 12068, 12076, 12069, 12079, 12066, 12078, 12064, 12070, 12059, 12061, 12060, 12065, 12063, 12062, 12055, 12053, 12058, 12050, 12045, 12052, 12071, 12051, 12046, 12054, 12047, 12057, 12044, 12056, 12048）
[2026-06-02 15:34:17] [INFO] =============================InitCheckTask 调度任务结束=============================
[2026-06-02 15:36:28] [INFO] =============================InitCheckTask 调度任务开始=============================
[2026-06-02 15:36:28] [INFO] [Scheduler][InitCheckTask][start] 发现 80 个已注册的设备: 12001, 12002, 12003, 12004, 12005, 12006, 12007, 12008, 12009, 12010, 12011, 12012, 12013, 12014, 12015, 12016, 12017, 12018, 12019, 12020, 12021, 12022, 12023, 12024, 12025, 12026, 12027, 12028, 12029, 12030, 12031, 12032, 12033, 12034, 12035, 12036, 12037, 12038, 12039, 12040, 12041, 12042, 12043, 12044, 12045, 12046, 12047, 12048, 12049, 12050, 12051, 12052, 12053, 12054, 12055, 12056, 12057, 12058, 12059, 12060, 12061, 12062, 12063, 12064, 12065, 12066, 12067, 12068, 12069, 12070, 12071, 12072, 12073, 12074, 12075, 12076, 12077, 12078, 12079, 12080
[2026-06-02 15:36:28] [DEBUG] [Scheduler][InitCheckTask][start] 已连接设备 12001 的初始化完成信号
[2026-06-02 15:36:28] [DEBUG] [Scheduler][InitCheckTask][start] 已连接设备 12002 的初始化完成信号
[2026-06-02 15:36:28] [DEBUG] [Scheduler][InitCheckTask][start] 已连接设备 12003 的初始化完成信号
[2026-06-02 15:36:28] [DEBUG] [Scheduler][InitCheckTask][start] 已连接设备 12004 的初始化完成信号
[2026-06-02 15:36:28] [DEBUG] [Scheduler][InitCheckTask][start] 已连接设备 12005 的初始化完成信号
[2026-06-02 15:36:28] [DEBUG] [Scheduler][InitCheckTask][start] 已连接设备 12006 的初始化完成信号
[2026-06-02 15:36:28] [DEBUG] [Scheduler][InitCheckTask][start] 已连接设备 12007 的初始化完成信号
[2026-06-02 15:36:28] [DEBUG] [Scheduler][InitCheckTask][start] 已连接设备 12008 的初始化完成信号
[2026-06-02 15:36:28] [DEBUG] [Scheduler][InitCheckTask][start] 已连接设备 12009 的初始化完成信号
[2026-06-02 15:36:28] [DEBUG] [Scheduler][InitCheckTask][start] 已连接设备 12010 的初始化完成信号
[2026-06-02 15:36:28] [DEBUG] [Scheduler][InitCheckTask][start] 已连接设备 12011 的初始化完成信号
[2026-06-02 15:36:28] [DEBUG] [Scheduler][InitCheckTask][start] 已连接设备 12012 的初始化完成信号
[2026-06-02 15:36:28] [DEBUG] [Scheduler][InitCheckTask][start] 已连接设备 12013 的初始化完成信号
[2026-06-02 15:36:28] [DEBUG] [Scheduler][InitCheckTask][start] 已连接设备 12014 的初始化完成信号
[2026-06-02 15:36:28] [DEBUG] [Scheduler][InitCheckTask][start] 已连接设备 12015 的初始化完成信号
[2026-06-02 15:36:28] [DEBUG] [Scheduler][InitCheckTask][start] 已连接设备 12016 的初始化完成信号
[2026-06-02 15:36:28] [DEBUG] [Scheduler][InitCheckTask][start] 已连接设备 12017 的初始化完成信号
[2026-06-02 15:36:28] [DEBUG] [Scheduler][InitCheckTask][start] 已连接设备 12018 的初始化完成信号
[2026-06-02 15:36:28] [DEBUG] [Scheduler][InitCheckTask][start] 已连接设备 12019 的初始化完成信号
[2026-06-02 15:36:28] [DEBUG] [Scheduler][InitCheckTask][start] 已连接设备 12020 的初始化完成信号
[2026-06-02 15:36:28] [DEBUG] [Scheduler][InitCheckTask][start] 已连接设备 12021 的初始化完成信号
[2026-06-02 15:36:28] [DEBUG] [Scheduler][InitCheckTask][start] 已连接设备 12022 的初始化完成信号
[2026-06-02 15:36:28] [DEBUG] [Scheduler][InitCheckTask][start] 已连接设备 12023 的初始化完成信号
[2026-06-02 15:36:28] [DEBUG] [Scheduler][InitCheckTask][start] 已连接设备 12024 的初始化完成信号
[2026-06-02 15:36:28] [DEBUG] [Scheduler][InitCheckTask][start] 已连接设备 12025 的初始化完成信号
[2026-06-02 15:36:28] [DEBUG] [Scheduler][InitCheckTask][start] 已连接设备 12026 的初始化完成信号
[2026-06-02 15:36:28] [DEBUG] [Scheduler][InitCheckTask][start] 已连接设备 12027 的初始化完成信号
[2026-06-02 15:36:28] [DEBUG] [Scheduler][InitCheckTask][start] 已连接设备 12028 的初始化完成信号
[2026-06-02 15:36:28] [DEBUG] [Scheduler][InitCheckTask][start] 已连接设备 12029 的初始化完成信号
[2026-06-02 15:36:28] [DEBUG] [Scheduler][InitCheckTask][start] 已连接设备 12030 的初始化完成信号
[2026-06-02 15:36:28] [DEBUG] [Scheduler][InitCheckTask][start] 已连接设备 12031 的初始化完成信号
[2026-06-02 15:36:28] [DEBUG] [Scheduler][InitCheckTask][start] 已连接设备 12032 的初始化完成信号
[2026-06-02 15:36:28] [DEBUG] [Scheduler][InitCheckTask][start] 已连接设备 12033 的初始化完成信号
[2026-06-02 15:36:28] [DEBUG] [Scheduler][InitCheckTask][start] 已连接设备 12034 的初始化完成信号
[2026-06-02 15:36:28] [DEBUG] [Scheduler][InitCheckTask][start] 已连接设备 12035 的初始化完成信号
[2026-06-02 15:36:28] [DEBUG] [Scheduler][InitCheckTask][start] 已连接设备 12036 的初始化完成信号
[2026-06-02 15:36:28] [DEBUG] [Scheduler][InitCheckTask][start] 已连接设备 12037 的初始化完成信号
[2026-06-02 15:36:28] [DEBUG] [Scheduler][InitCheckTask][start] 已连接设备 12038 的初始化完成信号
[2026-06-02 15:36:28] [DEBUG] [Scheduler][InitCheckTask][start] 已连接设备 12039 的初始化完成信号
[2026-06-02 15:36:28] [DEBUG] [Scheduler][InitCheckTask][start] 已连接设备 12040 的初始化完成信号
[2026-06-02 15:36:28] [DEBUG] [Scheduler][InitCheckTask][start] 已连接设备 12041 的初始化完成信号
[2026-06-02 15:36:28] [DEBUG] [Scheduler][InitCheckTask][start] 已连接设备 12042 的初始化完成信号
[2026-06-02 15:36:28] [DEBUG] [Scheduler][InitCheckTask][start] 已连接设备 12043 的初始化完成信号
[2026-06-02 15:36:28] [DEBUG] [Scheduler][InitCheckTask][start] 已连接设备 12044 的初始化完成信号
[2026-06-02 15:36:28] [DEBUG] [Scheduler][InitCheckTask][start] 已连接设备 12045 的初始化完成信号
[2026-06-02 15:36:28] [DEBUG] [Scheduler][InitCheckTask][start] 已连接设备 12046 的初始化完成信号
[2026-06-02 15:36:28] [DEBUG] [Scheduler][InitCheckTask][start] 已连接设备 12047 的初始化完成信号
[2026-06-02 15:36:28] [DEBUG] [Scheduler][InitCheckTask][start] 已连接设备 12048 的初始化完成信号
[2026-06-02 15:36:28] [DEBUG] [Scheduler][InitCheckTask][start] 已连接设备 12049 的初始化完成信号
[2026-06-02 15:36:28] [DEBUG] [Scheduler][InitCheckTask][start] 已连接设备 12050 的初始化完成信号
[2026-06-02 15:36:28] [DEBUG] [Scheduler][InitCheckTask][start] 已连接设备 12051 的初始化完成信号
[2026-06-02 15:36:28] [DEBUG] [Scheduler][InitCheckTask][start] 已连接设备 12052 的初始化完成信号
[2026-06-02 15:36:28] [DEBUG] [Scheduler][InitCheckTask][start] 已连接设备 12053 的初始化完成信号
[2026-06-02 15:36:28] [DEBUG] [Scheduler][InitCheckTask][start] 已连接设备 12054 的初始化完成信号
[2026-06-02 15:36:28] [DEBUG] [Scheduler][InitCheckTask][start] 已连接设备 12055 的初始化完成信号
[2026-06-02 15:36:28] [DEBUG] [Scheduler][InitCheckTask][start] 已连接设备 12056 的初始化完成信号
[2026-06-02 15:36:28] [DEBUG] [Scheduler][InitCheckTask][start] 已连接设备 12057 的初始化完成信号
[2026-06-02 15:36:28] [DEBUG] [Scheduler][InitCheckTask][start] 已连接设备 12058 的初始化完成信号
[2026-06-02 15:36:28] [DEBUG] [Scheduler][InitCheckTask][start] 已连接设备 12059 的初始化完成信号
[2026-06-02 15:36:28] [DEBUG] [Scheduler][InitCheckTask][start] 已连接设备 12060 的初始化完成信号
[2026-06-02 15:36:28] [DEBUG] [Scheduler][InitCheckTask][start] 已连接设备 12061 的初始化完成信号
[2026-06-02 15:36:28] [DEBUG] [Scheduler][InitCheckTask][start] 已连接设备 12062 的初始化完成信号
[2026-06-02 15:36:28] [DEBUG] [Scheduler][InitCheckTask][start] 已连接设备 12063 的初始化完成信号
[2026-06-02 15:36:28] [DEBUG] [Scheduler][InitCheckTask][start] 已连接设备 12064 的初始化完成信号
[2026-06-02 15:36:28] [DEBUG] [Scheduler][InitCheckTask][start] 已连接设备 12065 的初始化完成信号
[2026-06-02 15:36:28] [DEBUG] [Scheduler][InitCheckTask][start] 已连接设备 12066 的初始化完成信号
[2026-06-02 15:36:28] [DEBUG] [Scheduler][InitCheckTask][start] 已连接设备 12067 的初始化完成信号
[2026-06-02 15:36:28] [DEBUG] [Scheduler][InitCheckTask][start] 已连接设备 12068 的初始化完成信号
[2026-06-02 15:36:28] [DEBUG] [Scheduler][InitCheckTask][start] 已连接设备 12069 的初始化完成信号
[2026-06-02 15:36:28] [DEBUG] [Scheduler][InitCheckTask][start] 已连接设备 12070 的初始化完成信号
[2026-06-02 15:36:28] [DEBUG] [Scheduler][InitCheckTask][start] 已连接设备 12071 的初始化完成信号
[2026-06-02 15:36:28] [DEBUG] [Scheduler][InitCheckTask][start] 已连接设备 12072 的初始化完成信号
[2026-06-02 15:36:28] [DEBUG] [Scheduler][InitCheckTask][start] 已连接设备 12073 的初始化完成信号
[2026-06-02 15:36:28] [DEBUG] [Scheduler][InitCheckTask][start] 已连接设备 12074 的初始化完成信号
[2026-06-02 15:36:28] [DEBUG] [Scheduler][InitCheckTask][start] 已连接设备 12075 的初始化完成信号
[2026-06-02 15:36:28] [DEBUG] [Scheduler][InitCheckTask][start] 已连接设备 12076 的初始化完成信号
[2026-06-02 15:36:28] [DEBUG] [Scheduler][InitCheckTask][start] 已连接设备 12077 的初始化完成信号
[2026-06-02 15:36:28] [DEBUG] [Scheduler][InitCheckTask][start] 已连接设备 12078 的初始化完成信号
[2026-06-02 15:36:28] [DEBUG] [Scheduler][InitCheckTask][start] 已连接设备 12079 的初始化完成信号
[2026-06-02 15:36:28] [DEBUG] [Scheduler][InitCheckTask][start] 已连接设备 12080 的初始化完成信号
[2026-06-02 15:36:28] [INFO] [Scheduler][InitCheckTask][start] 启动，等待 80 个设备完成初始化
[2026-06-02 15:36:36] [WARN] [Scheduler][InitCheckTask][onInitialFinished] 设备 12009 初始化存在 2 条失败指令: ReadVersion, WriteVEFCGasType (1/80)
[2026-06-02 15:36:36] [WARN] [Scheduler][InitCheckTask][onInitialFinished] 设备 12008 初始化存在 2 条失败指令: ReadVersion, WriteVEFCGasType (2/80)
[2026-06-02 15:36:36] [WARN] [Scheduler][InitCheckTask][onInitialFinished] 设备 12010 初始化存在 2 条失败指令: ReadVersion, WriteVEFCGasType (3/80)
[2026-06-02 15:36:36] [WARN] [Scheduler][InitCheckTask][onInitialFinished] 设备 12001 初始化存在 2 条失败指令: ReadVersion, WriteVEFCGasType (4/80)
[2026-06-02 15:36:36] [WARN] [Scheduler][InitCheckTask][onInitialFinished] 设备 12006 初始化存在 2 条失败指令: ReadVersion, WriteVEFCGasType (5/80)
[2026-06-02 15:36:36] [WARN] [Scheduler][InitCheckTask][onInitialFinished] 设备 12003 初始化存在 2 条失败指令: ReadVersion, WriteVEFCGasType (6/80)
[2026-06-02 15:36:36] [WARN] [Scheduler][InitCheckTask][onInitialFinished] 设备 12002 初始化存在 2 条失败指令: ReadVersion, WriteVEFCGasType (7/80)
[2026-06-02 15:36:36] [WARN] [Scheduler][InitCheckTask][onInitialFinished] 设备 12011 初始化存在 2 条失败指令: ReadVersion, WriteVEFCGasType (8/80)
[2026-06-02 15:36:36] [WARN] [Scheduler][InitCheckTask][onInitialFinished] 设备 12007 初始化存在 2 条失败指令: ReadVersion, WriteVEFCGasType (9/80)
[2026-06-02 15:36:36] [WARN] [Scheduler][InitCheckTask][onInitialFinished] 设备 12013 初始化存在 2 条失败指令: ReadVersion, WriteVEFCGasType (10/80)
[2026-06-02 15:36:36] [WARN] [Scheduler][InitCheckTask][onInitialFinished] 设备 12016 初始化存在 2 条失败指令: ReadVersion, WriteVEFCGasType (11/80)
[2026-06-02 15:36:36] [WARN] [Scheduler][InitCheckTask][onInitialFinished] 设备 12015 初始化存在 2 条失败指令: ReadVersion, WriteVEFCGasType (12/80)
[2026-06-02 15:36:36] [WARN] [Scheduler][InitCheckTask][onInitialFinished] 设备 12005 初始化存在 2 条失败指令: ReadVersion, WriteVEFCGasType (13/80)
[2026-06-02 15:36:36] [WARN] [Scheduler][InitCheckTask][onInitialFinished] 设备 12014 初始化存在 2 条失败指令: ReadVersion, WriteVEFCGasType (14/80)
[2026-06-02 15:36:36] [WARN] [Scheduler][InitCheckTask][onInitialFinished] 设备 12004 初始化存在 2 条失败指令: ReadVersion, WriteVEFCGasType (15/80)
[2026-06-02 15:36:36] [WARN] [Scheduler][InitCheckTask][onInitialFinished] 设备 12012 初始化存在 2 条失败指令: ReadVersion, WriteVEFCGasType (16/80)
[2026-06-02 15:36:36] [WARN] [Scheduler][InitCheckTask][onInitialFinished] 设备 12026 初始化存在 2 条失败指令: ReadVersion, WriteVEFCGasType (17/80)
[2026-06-02 15:36:36] [WARN] [Scheduler][InitCheckTask][onInitialFinished] 设备 12018 初始化存在 2 条失败指令: ReadVersion, WriteVEFCGasType (18/80)
[2026-06-02 15:36:36] [WARN] [Scheduler][InitCheckTask][onInitialFinished] 设备 12017 初始化存在 2 条失败指令: ReadVersion, WriteVEFCGasType (19/80)
[2026-06-02 15:36:36] [WARN] [Scheduler][InitCheckTask][onInitialFinished] 设备 12019 初始化存在 2 条失败指令: ReadVersion, WriteVEFCGasType (20/80)
[2026-06-02 15:36:36] [WARN] [Scheduler][InitCheckTask][onInitialFinished] 设备 12028 初始化存在 2 条失败指令: ReadVersion, WriteVEFCGasType (21/80)
[2026-06-02 15:36:36] [WARN] [Scheduler][InitCheckTask][onInitialFinished] 设备 12027 初始化存在 2 条失败指令: ReadVersion, WriteVEFCGasType (22/80)
[2026-06-02 15:36:36] [WARN] [Scheduler][InitCheckTask][onInitialFinished] 设备 12025 初始化存在 2 条失败指令: ReadVersion, WriteVEFCGasType (23/80)
[2026-06-02 15:36:36] [WARN] [Scheduler][InitCheckTask][onInitialFinished] 设备 12020 初始化存在 2 条失败指令: ReadVersion, WriteVEFCGasType (24/80)
[2026-06-02 15:36:36] [WARN] [Scheduler][InitCheckTask][onInitialFinished] 设备 12022 初始化存在 2 条失败指令: ReadVersion, WriteVEFCGasType (25/80)
[2026-06-02 15:36:36] [WARN] [Scheduler][InitCheckTask][onInitialFinished] 设备 12021 初始化存在 2 条失败指令: ReadVersion, WriteVEFCGasType (26/80)
[2026-06-02 15:36:36] [WARN] [Scheduler][InitCheckTask][onInitialFinished] 设备 12024 初始化存在 2 条失败指令: ReadVersion, WriteVEFCGasType (27/80)
[2026-06-02 15:36:36] [WARN] [Scheduler][InitCheckTask][onInitialFinished] 设备 12023 初始化存在 2 条失败指令: ReadVersion, WriteVEFCGasType (28/80)
[2026-06-02 15:36:36] [WARN] [Scheduler][InitCheckTask][onInitialFinished] 设备 12036 初始化存在 2 条失败指令: ReadVersion, WriteVEFCGasType (29/80)
[2026-06-02 15:36:36] [WARN] [Scheduler][InitCheckTask][onInitialFinished] 设备 12029 初始化存在 2 条失败指令: ReadVersion, WriteVEFCGasType (30/80)
[2026-06-02 15:36:36] [WARN] [Scheduler][InitCheckTask][onInitialFinished] 设备 12035 初始化存在 2 条失败指令: ReadVersion, WriteVEFCGasType (31/80)
[2026-06-02 15:36:36] [WARN] [Scheduler][InitCheckTask][onInitialFinished] 设备 12037 初始化存在 2 条失败指令: ReadVersion, WriteVEFCGasType (32/80)
[2026-06-02 15:36:36] [WARN] [Scheduler][InitCheckTask][onInitialFinished] 设备 12040 初始化存在 2 条失败指令: ReadVersion, WriteVEFCGasType (33/80)
[2026-06-02 15:36:36] [WARN] [Scheduler][InitCheckTask][onInitialFinished] 设备 12039 初始化存在 2 条失败指令: ReadVersion, WriteVEFCGasType (34/80)
[2026-06-02 15:36:36] [WARN] [Scheduler][InitCheckTask][onInitialFinished] 设备 12038 初始化存在 2 条失败指令: ReadVersion, WriteVEFCGasType (35/80)
[2026-06-02 15:36:36] [WARN] [Scheduler][InitCheckTask][onInitialFinished] 设备 12049 初始化存在 2 条失败指令: ReadVersion, WriteVEFCGasType (36/80)
[2026-06-02 15:36:36] [WARN] [Scheduler][InitCheckTask][onInitialFinished] 设备 12043 初始化存在 2 条失败指令: ReadVersion, WriteVEFCGasType (37/80)
[2026-06-02 15:36:36] [WARN] [Scheduler][InitCheckTask][onInitialFinished] 设备 12051 初始化存在 2 条失败指令: ReadVersion, WriteVEFCGasType (38/80)
[2026-06-02 15:36:36] [WARN] [Scheduler][InitCheckTask][onInitialFinished] 设备 12041 初始化存在 2 条失败指令: ReadVersion, WriteVEFCGasType (39/80)
[2026-06-02 15:36:36] [WARN] [Scheduler][InitCheckTask][onInitialFinished] 设备 12047 初始化存在 2 条失败指令: ReadVersion, WriteVEFCGasType (40/80)
[2026-06-02 15:36:36] [WARN] [Scheduler][InitCheckTask][onInitialFinished] 设备 12031 初始化存在 2 条失败指令: ReadVersion, WriteVEFCGasType (41/80)
[2026-06-02 15:36:36] [WARN] [Scheduler][InitCheckTask][onInitialFinished] 设备 12034 初始化存在 2 条失败指令: ReadVersion, WriteVEFCGasType (42/80)
[2026-06-02 15:36:36] [WARN] [Scheduler][InitCheckTask][onInitialFinished] 设备 12057 初始化存在 2 条失败指令: ReadVersion, WriteVEFCGasType (43/80)
[2026-06-02 15:36:36] [WARN] [Scheduler][InitCheckTask][onInitialFinished] 设备 12030 初始化存在 2 条失败指令: ReadVersion, WriteVEFCGasType (44/80)
[2026-06-02 15:36:36] [WARN] [Scheduler][InitCheckTask][onInitialFinished] 设备 12033 初始化存在 2 条失败指令: ReadVersion, WriteVEFCGasType (45/80)
[2026-06-02 15:36:36] [WARN] [Scheduler][InitCheckTask][onInitialFinished] 设备 12046 初始化存在 2 条失败指令: ReadVersion, WriteVEFCGasType (46/80)
[2026-06-02 15:36:36] [WARN] [Scheduler][InitCheckTask][onInitialFinished] 设备 12032 初始化存在 2 条失败指令: ReadVersion, WriteVEFCGasType (47/80)
[2026-06-02 15:36:36] [WARN] [Scheduler][InitCheckTask][onInitialFinished] 设备 12050 初始化存在 2 条失败指令: ReadVersion, WriteVEFCGasType (48/80)
[2026-06-02 15:36:36] [WARN] [Scheduler][InitCheckTask][onInitialFinished] 设备 12042 初始化存在 2 条失败指令: ReadVersion, WriteVEFCGasType (49/80)
[2026-06-02 15:36:36] [WARN] [Scheduler][InitCheckTask][onInitialFinished] 设备 12058 初始化存在 2 条失败指令: ReadVersion, WriteVEFCGasType (50/80)
[2026-06-02 15:36:36] [WARN] [Scheduler][InitCheckTask][onInitialFinished] 设备 12044 初始化存在 2 条失败指令: ReadVersion, WriteVEFCGasType (51/80)
[2026-06-02 15:36:36] [WARN] [Scheduler][InitCheckTask][onInitialFinished] 设备 12048 初始化存在 2 条失败指令: ReadVersion, WriteVEFCGasType (52/80)
[2026-06-02 15:36:36] [WARN] [Scheduler][InitCheckTask][onInitialFinished] 设备 12045 初始化存在 2 条失败指令: ReadVersion, WriteVEFCGasType (53/80)
[2026-06-02 15:36:36] [WARN] [Scheduler][InitCheckTask][onInitialFinished] 设备 12053 初始化存在 2 条失败指令: ReadVersion, WriteVEFCGasType (54/80)
[2026-06-02 15:36:36] [WARN] [Scheduler][InitCheckTask][onInitialFinished] 设备 12056 初始化存在 2 条失败指令: ReadVersion, WriteVEFCGasType (55/80)
[2026-06-02 15:36:36] [WARN] [Scheduler][InitCheckTask][onInitialFinished] 设备 12052 初始化存在 2 条失败指令: ReadVersion, WriteVEFCGasType (56/80)
[2026-06-02 15:36:36] [WARN] [Scheduler][InitCheckTask][onInitialFinished] 设备 12055 初始化存在 2 条失败指令: ReadVersion, WriteVEFCGasType (57/80)
[2026-06-02 15:36:36] [WARN] [Scheduler][InitCheckTask][onInitialFinished] 设备 12054 初始化存在 2 条失败指令: ReadVersion, WriteVEFCGasType (58/80)
[2026-06-02 15:36:36] [WARN] [Scheduler][InitCheckTask][onInitialFinished] 设备 12064 初始化存在 2 条失败指令: ReadVersion, WriteVEFCGasType (59/80)
[2026-06-02 15:36:36] [WARN] [Scheduler][InitCheckTask][onInitialFinished] 设备 12067 初始化存在 2 条失败指令: ReadVersion, WriteVEFCGasType (60/80)
[2026-06-02 15:36:36] [WARN] [Scheduler][InitCheckTask][onInitialFinished] 设备 12075 初始化存在 2 条失败指令: ReadVersion, WriteVEFCGasType (61/80)
[2026-06-02 15:36:36] [WARN] [Scheduler][InitCheckTask][onInitialFinished] 设备 12076 初始化存在 2 条失败指令: ReadVersion, WriteVEFCGasType (62/80)
[2026-06-02 15:36:36] [WARN] [Scheduler][InitCheckTask][onInitialFinished] 设备 12065 初始化存在 2 条失败指令: ReadVersion, WriteVEFCGasType (63/80)
[2026-06-02 15:36:36] [WARN] [Scheduler][InitCheckTask][onInitialFinished] 设备 12069 初始化存在 2 条失败指令: ReadVersion, WriteVEFCGasType (64/80)
[2026-06-02 15:36:36] [WARN] [Scheduler][InitCheckTask][onInitialFinished] 设备 12059 初始化存在 2 条失败指令: ReadVersion, WriteVEFCGasType (65/80)
[2026-06-02 15:36:36] [WARN] [Scheduler][InitCheckTask][onInitialFinished] 设备 12060 初始化存在 2 条失败指令: ReadVersion, WriteVEFCGasType (66/80)
[2026-06-02 15:36:36] [WARN] [Scheduler][InitCheckTask][onInitialFinished] 设备 12073 初始化存在 2 条失败指令: ReadVersion, WriteVEFCGasType (67/80)
[2026-06-02 15:36:36] [WARN] [Scheduler][InitCheckTask][onInitialFinished] 设备 12071 初始化存在 2 条失败指令: ReadVersion, WriteVEFCGasType (68/80)
[2026-06-02 15:36:36] [WARN] [Scheduler][InitCheckTask][onInitialFinished] 设备 12074 初始化存在 2 条失败指令: ReadVersion, WriteVEFCGasType (69/80)
[2026-06-02 15:36:36] [WARN] [Scheduler][InitCheckTask][onInitialFinished] 设备 12066 初始化存在 2 条失败指令: ReadVersion, WriteVEFCGasType (70/80)
[2026-06-02 15:36:36] [WARN] [Scheduler][InitCheckTask][onInitialFinished] 设备 12077 初始化存在 2 条失败指令: ReadVersion, WriteVEFCGasType (71/80)
[2026-06-02 15:36:36] [WARN] [Scheduler][InitCheckTask][onInitialFinished] 设备 12072 初始化存在 2 条失败指令: ReadVersion, WriteVEFCGasType (72/80)
[2026-06-02 15:36:36] [WARN] [Scheduler][InitCheckTask][onInitialFinished] 设备 12068 初始化存在 2 条失败指令: ReadVersion, WriteVEFCGasType (73/80)
[2026-06-02 15:36:36] [WARN] [Scheduler][InitCheckTask][onInitialFinished] 设备 12070 初始化存在 2 条失败指令: ReadVersion, WriteVEFCGasType (74/80)
[2026-06-02 15:36:36] [WARN] [Scheduler][InitCheckTask][onInitialFinished] 设备 12078 初始化存在 2 条失败指令: ReadVersion, WriteVEFCGasType (75/80)
[2026-06-02 15:36:36] [WARN] [Scheduler][InitCheckTask][onInitialFinished] 设备 12079 初始化存在 2 条失败指令: ReadVersion, WriteVEFCGasType (76/80)
[2026-06-02 15:36:36] [WARN] [Scheduler][InitCheckTask][onInitialFinished] 设备 12062 初始化存在 2 条失败指令: ReadVersion, WriteVEFCGasType (77/80)
[2026-06-02 15:36:36] [WARN] [Scheduler][InitCheckTask][onInitialFinished] 设备 12080 初始化存在 2 条失败指令: ReadVersion, WriteVEFCGasType (78/80)
[2026-06-02 15:36:36] [WARN] [Scheduler][InitCheckTask][onInitialFinished] 设备 12063 初始化存在 2 条失败指令: ReadVersion, WriteVEFCGasType (79/80)
[2026-06-02 15:36:36] [WARN] [Scheduler][InitCheckTask][onInitialFinished] 设备 12061 初始化存在 2 条失败指令: ReadVersion, WriteVEFCGasType (80/80)
[2026-06-02 15:36:36] [INFO] [Scheduler][InitCheckTask][checkAllFinished] 全部设备初始化检查完成，汇总结果: 总设备数=80, 成功=0, 失败=80
[2026-06-02 15:36:36] [DEBUG] [Scheduler][InitCheckTask][disconnectAll] 断开所有信号连接，连接数: 80
[2026-06-02 15:36:36] [WARN] [Scheduler][InitCheckTask][checkAllFinished] 初始化完成：0 台成功，80 台存在失败指令（12009, 12008, 12010, 12001, 12006, 12003, 12002, 12011, 12007, 12013, 12016, 12015, 12005, 12014, 12004, 12012, 12026, 12018, 12017, 12019, 12028, 12027, 12025, 12020, 12022, 12021, 12024, 12023, 12036, 12029, 12035, 12037, 12040, 12039, 12038, 12049, 12043, 12051, 12041, 12047, 12031, 12034, 12057, 12030, 12033, 12046, 12032, 12050, 12042, 12058, 12044, 12048, 12045, 12053, 12056, 12052, 12055, 12054, 12064, 12067, 12075, 12076, 12065, 12069, 12059, 12060, 12073, 12071, 12074, 12066, 12077, 12072, 12068, 12070, 12078, 12079, 12062, 12080, 12063, 12061）
[2026-06-02 15:36:36] [INFO] =============================InitCheckTask 调度任务结束=============================
[2026-06-02 15:37:12] [INFO] =============================InitCheckTask 调度任务开始=============================
[2026-06-02 15:37:12] [INFO] [Scheduler][InitCheckTask][start] 发现 80 个已注册的设备: 12001, 12002, 12003, 12004, 12005, 12006, 12007, 12008, 12009, 12010, 12011, 12012, 12013, 12014, 12015, 12016, 12017, 12018, 12019, 12020, 12021, 12022, 12023, 12024, 12025, 12026, 12027, 12028, 12029, 12030, 12031, 12032, 12033, 12034, 12035, 12036, 12037, 12038, 12039, 12040, 12041, 12042, 12043, 12044, 12045, 12046, 12047, 12048, 12049, 12050, 12051, 12052, 12053, 12054, 12055, 12056, 12057, 12058, 12059, 12060, 12061, 12062, 12063, 12064, 12065, 12066, 12067, 12068, 12069, 12070, 12071, 12072, 12073, 12074, 12075, 12076, 12077, 12078, 12079, 12080
[2026-06-02 15:37:12] [DEBUG] [Scheduler][InitCheckTask][start] 已连接设备 12001 的初始化完成信号
[2026-06-02 15:37:12] [DEBUG] [Scheduler][InitCheckTask][start] 已连接设备 12002 的初始化完成信号
[2026-06-02 15:37:12] [DEBUG] [Scheduler][InitCheckTask][start] 已连接设备 12003 的初始化完成信号
[2026-06-02 15:37:12] [DEBUG] [Scheduler][InitCheckTask][start] 已连接设备 12004 的初始化完成信号
[2026-06-02 15:37:12] [DEBUG] [Scheduler][InitCheckTask][start] 已连接设备 12005 的初始化完成信号
[2026-06-02 15:37:12] [DEBUG] [Scheduler][InitCheckTask][start] 已连接设备 12006 的初始化完成信号
[2026-06-02 15:37:12] [DEBUG] [Scheduler][InitCheckTask][start] 已连接设备 12007 的初始化完成信号
[2026-06-02 15:37:12] [DEBUG] [Scheduler][InitCheckTask][start] 已连接设备 12008 的初始化完成信号
[2026-06-02 15:37:12] [DEBUG] [Scheduler][InitCheckTask][start] 已连接设备 12009 的初始化完成信号
[2026-06-02 15:37:12] [DEBUG] [Scheduler][InitCheckTask][start] 已连接设备 12010 的初始化完成信号
[2026-06-02 15:37:12] [DEBUG] [Scheduler][InitCheckTask][start] 已连接设备 12011 的初始化完成信号
[2026-06-02 15:37:12] [DEBUG] [Scheduler][InitCheckTask][start] 已连接设备 12012 的初始化完成信号
[2026-06-02 15:37:12] [DEBUG] [Scheduler][InitCheckTask][start] 已连接设备 12013 的初始化完成信号
[2026-06-02 15:37:12] [DEBUG] [Scheduler][InitCheckTask][start] 已连接设备 12014 的初始化完成信号
[2026-06-02 15:37:12] [DEBUG] [Scheduler][InitCheckTask][start] 已连接设备 12015 的初始化完成信号
[2026-06-02 15:37:12] [DEBUG] [Scheduler][InitCheckTask][start] 已连接设备 12016 的初始化完成信号
[2026-06-02 15:37:12] [DEBUG] [Scheduler][InitCheckTask][start] 已连接设备 12017 的初始化完成信号
[2026-06-02 15:37:12] [DEBUG] [Scheduler][InitCheckTask][start] 已连接设备 12018 的初始化完成信号
[2026-06-02 15:37:12] [DEBUG] [Scheduler][InitCheckTask][start] 已连接设备 12019 的初始化完成信号
[2026-06-02 15:37:12] [DEBUG] [Scheduler][InitCheckTask][start] 已连接设备 12020 的初始化完成信号
[2026-06-02 15:37:12] [DEBUG] [Scheduler][InitCheckTask][start] 已连接设备 12021 的初始化完成信号
[2026-06-02 15:37:12] [DEBUG] [Scheduler][InitCheckTask][start] 已连接设备 12022 的初始化完成信号
[2026-06-02 15:37:12] [DEBUG] [Scheduler][InitCheckTask][start] 已连接设备 12023 的初始化完成信号
[2026-06-02 15:37:12] [DEBUG] [Scheduler][InitCheckTask][start] 已连接设备 12024 的初始化完成信号
[2026-06-02 15:37:12] [DEBUG] [Scheduler][InitCheckTask][start] 已连接设备 12025 的初始化完成信号
[2026-06-02 15:37:12] [DEBUG] [Scheduler][InitCheckTask][start] 已连接设备 12026 的初始化完成信号
[2026-06-02 15:37:12] [DEBUG] [Scheduler][InitCheckTask][start] 已连接设备 12027 的初始化完成信号
[2026-06-02 15:37:12] [DEBUG] [Scheduler][InitCheckTask][start] 已连接设备 12028 的初始化完成信号
[2026-06-02 15:37:12] [DEBUG] [Scheduler][InitCheckTask][start] 已连接设备 12029 的初始化完成信号
[2026-06-02 15:37:12] [DEBUG] [Scheduler][InitCheckTask][start] 已连接设备 12030 的初始化完成信号
[2026-06-02 15:37:12] [DEBUG] [Scheduler][InitCheckTask][start] 已连接设备 12031 的初始化完成信号
[2026-06-02 15:37:12] [DEBUG] [Scheduler][InitCheckTask][start] 已连接设备 12032 的初始化完成信号
[2026-06-02 15:37:12] [DEBUG] [Scheduler][InitCheckTask][start] 已连接设备 12034 的初始化完成信号
[2026-06-02 15:37:12] [DEBUG] [Scheduler][InitCheckTask][start] 已连接设备 12033 的初始化完成信号
[2026-06-02 15:37:12] [DEBUG] [Scheduler][InitCheckTask][start] 已连接设备 12035 的初始化完成信号
[2026-06-02 15:37:12] [DEBUG] [Scheduler][InitCheckTask][start] 已连接设备 12036 的初始化完成信号
[2026-06-02 15:37:12] [DEBUG] [Scheduler][InitCheckTask][start] 已连接设备 12037 的初始化完成信号
[2026-06-02 15:37:12] [DEBUG] [Scheduler][InitCheckTask][start] 已连接设备 12038 的初始化完成信号
[2026-06-02 15:37:12] [DEBUG] [Scheduler][InitCheckTask][start] 已连接设备 12039 的初始化完成信号
[2026-06-02 15:37:12] [DEBUG] [Scheduler][InitCheckTask][start] 已连接设备 12040 的初始化完成信号
[2026-06-02 15:37:12] [DEBUG] [Scheduler][InitCheckTask][start] 已连接设备 12041 的初始化完成信号
[2026-06-02 15:37:12] [DEBUG] [Scheduler][InitCheckTask][start] 已连接设备 12042 的初始化完成信号
[2026-06-02 15:37:12] [DEBUG] [Scheduler][InitCheckTask][start] 已连接设备 12043 的初始化完成信号
[2026-06-02 15:37:12] [DEBUG] [Scheduler][InitCheckTask][start] 已连接设备 12044 的初始化完成信号
[2026-06-02 15:37:12] [DEBUG] [Scheduler][InitCheckTask][start] 已连接设备 12045 的初始化完成信号
[2026-06-02 15:37:12] [DEBUG] [Scheduler][InitCheckTask][start] 已连接设备 12046 的初始化完成信号
[2026-06-02 15:37:12] [DEBUG] [Scheduler][InitCheckTask][start] 已连接设备 12047 的初始化完成信号
[2026-06-02 15:37:12] [DEBUG] [Scheduler][InitCheckTask][start] 已连接设备 12048 的初始化完成信号
[2026-06-02 15:37:12] [DEBUG] [Scheduler][InitCheckTask][start] 已连接设备 12049 的初始化完成信号
[2026-06-02 15:37:12] [DEBUG] [Scheduler][InitCheckTask][start] 已连接设备 12050 的初始化完成信号
[2026-06-02 15:37:12] [DEBUG] [Scheduler][InitCheckTask][start] 已连接设备 12051 的初始化完成信号
[2026-06-02 15:37:12] [DEBUG] [Scheduler][InitCheckTask][start] 已连接设备 12052 的初始化完成信号
[2026-06-02 15:37:12] [DEBUG] [Scheduler][InitCheckTask][start] 已连接设备 12053 的初始化完成信号
[2026-06-02 15:37:12] [DEBUG] [Scheduler][InitCheckTask][start] 已连接设备 12054 的初始化完成信号
[2026-06-02 15:37:12] [DEBUG] [Scheduler][InitCheckTask][start] 已连接设备 12055 的初始化完成信号
[2026-06-02 15:37:12] [DEBUG] [Scheduler][InitCheckTask][start] 已连接设备 12056 的初始化完成信号
[2026-06-02 15:37:12] [DEBUG] [Scheduler][InitCheckTask][start] 已连接设备 12057 的初始化完成信号
[2026-06-02 15:37:12] [DEBUG] [Scheduler][InitCheckTask][start] 已连接设备 12058 的初始化完成信号
[2026-06-02 15:37:12] [DEBUG] [Scheduler][InitCheckTask][start] 已连接设备 12059 的初始化完成信号
[2026-06-02 15:37:12] [DEBUG] [Scheduler][InitCheckTask][start] 已连接设备 12060 的初始化完成信号
[2026-06-02 15:37:12] [DEBUG] [Scheduler][InitCheckTask][start] 已连接设备 12061 的初始化完成信号
[2026-06-02 15:37:12] [DEBUG] [Scheduler][InitCheckTask][start] 已连接设备 12062 的初始化完成信号
[2026-06-02 15:37:12] [DEBUG] [Scheduler][InitCheckTask][start] 已连接设备 12063 的初始化完成信号
[2026-06-02 15:37:12] [DEBUG] [Scheduler][InitCheckTask][start] 已连接设备 12064 的初始化完成信号
[2026-06-02 15:37:12] [DEBUG] [Scheduler][InitCheckTask][start] 已连接设备 12065 的初始化完成信号
[2026-06-02 15:37:12] [DEBUG] [Scheduler][InitCheckTask][start] 已连接设备 12066 的初始化完成信号
[2026-06-02 15:37:12] [DEBUG] [Scheduler][InitCheckTask][start] 已连接设备 12067 的初始化完成信号
[2026-06-02 15:37:12] [DEBUG] [Scheduler][InitCheckTask][start] 已连接设备 12068 的初始化完成信号
[2026-06-02 15:37:12] [DEBUG] [Scheduler][InitCheckTask][start] 已连接设备 12069 的初始化完成信号
[2026-06-02 15:37:12] [DEBUG] [Scheduler][InitCheckTask][start] 已连接设备 12070 的初始化完成信号
[2026-06-02 15:37:12] [DEBUG] [Scheduler][InitCheckTask][start] 已连接设备 12071 的初始化完成信号
[2026-06-02 15:37:12] [DEBUG] [Scheduler][InitCheckTask][start] 已连接设备 12072 的初始化完成信号
[2026-06-02 15:37:12] [DEBUG] [Scheduler][InitCheckTask][start] 已连接设备 12073 的初始化完成信号
[2026-06-02 15:37:12] [DEBUG] [Scheduler][InitCheckTask][start] 已连接设备 12074 的初始化完成信号
[2026-06-02 15:37:12] [DEBUG] [Scheduler][InitCheckTask][start] 已连接设备 12075 的初始化完成信号
[2026-06-02 15:37:12] [DEBUG] [Scheduler][InitCheckTask][start] 已连接设备 12076 的初始化完成信号
[2026-06-02 15:37:12] [DEBUG] [Scheduler][InitCheckTask][start] 已连接设备 12077 的初始化完成信号
[2026-06-02 15:37:12] [DEBUG] [Scheduler][InitCheckTask][start] 已连接设备 12078 的初始化完成信号
[2026-06-02 15:37:12] [DEBUG] [Scheduler][InitCheckTask][start] 已连接设备 12079 的初始化完成信号
[2026-06-02 15:37:12] [DEBUG] [Scheduler][InitCheckTask][start] 已连接设备 12080 的初始化完成信号
[2026-06-02 15:37:12] [INFO] [Scheduler][InitCheckTask][start] 启动，等待 80 个设备完成初始化
[2026-06-02 15:37:20] [WARN] [Scheduler][InitCheckTask][onInitialFinished] 设备 12012 初始化存在 2 条失败指令: ReadVersion, WriteVEFCGasType (1/80)
[2026-06-02 15:37:20] [WARN] [Scheduler][InitCheckTask][onInitialFinished] 设备 12003 初始化存在 2 条失败指令: ReadVersion, WriteVEFCGasType (2/80)
[2026-06-02 15:37:20] [WARN] [Scheduler][InitCheckTask][onInitialFinished] 设备 12006 初始化存在 2 条失败指令: ReadVersion, WriteVEFCGasType (3/80)
[2026-06-02 15:37:20] [WARN] [Scheduler][InitCheckTask][onInitialFinished] 设备 12010 初始化存在 2 条失败指令: ReadVersion, WriteVEFCGasType (4/80)
[2026-06-02 15:37:20] [WARN] [Scheduler][InitCheckTask][onInitialFinished] 设备 12004 初始化存在 2 条失败指令: ReadVersion, WriteVEFCGasType (5/80)
[2026-06-02 15:37:20] [WARN] [Scheduler][InitCheckTask][onInitialFinished] 设备 12005 初始化存在 2 条失败指令: ReadVersion, WriteVEFCGasType (6/80)
[2026-06-02 15:37:20] [WARN] [Scheduler][InitCheckTask][onInitialFinished] 设备 12011 初始化存在 2 条失败指令: ReadVersion, WriteVEFCGasType (7/80)
[2026-06-02 15:37:20] [WARN] [Scheduler][InitCheckTask][onInitialFinished] 设备 12016 初始化存在 2 条失败指令: ReadVersion, WriteVEFCGasType (8/80)
[2026-06-02 15:37:20] [WARN] [Scheduler][InitCheckTask][onInitialFinished] 设备 12009 初始化存在 2 条失败指令: ReadVersion, WriteVEFCGasType (9/80)
[2026-06-02 15:37:20] [WARN] [Scheduler][InitCheckTask][onInitialFinished] 设备 12013 初始化存在 2 条失败指令: ReadVersion, WriteVEFCGasType (10/80)
[2026-06-02 15:37:20] [WARN] [Scheduler][InitCheckTask][onInitialFinished] 设备 12008 初始化存在 2 条失败指令: ReadVersion, WriteVEFCGasType (11/80)
[2026-06-02 15:37:20] [WARN] [Scheduler][InitCheckTask][onInitialFinished] 设备 12007 初始化存在 2 条失败指令: ReadVersion, WriteVEFCGasType (12/80)
[2026-06-02 15:37:20] [WARN] [Scheduler][InitCheckTask][onInitialFinished] 设备 12002 初始化存在 2 条失败指令: ReadVersion, WriteVEFCGasType (13/80)
[2026-06-02 15:37:20] [WARN] [Scheduler][InitCheckTask][onInitialFinished] 设备 12001 初始化存在 2 条失败指令: ReadVersion, WriteVEFCGasType (14/80)
[2026-06-02 15:37:20] [WARN] [Scheduler][InitCheckTask][onInitialFinished] 设备 12014 初始化存在 2 条失败指令: ReadVersion, WriteVEFCGasType (15/80)
[2026-06-02 15:37:20] [WARN] [Scheduler][InitCheckTask][onInitialFinished] 设备 12028 初始化存在 2 条失败指令: ReadVersion, WriteVEFCGasType (16/80)
[2026-06-02 15:37:20] [WARN] [Scheduler][InitCheckTask][onInitialFinished] 设备 12024 初始化存在 2 条失败指令: ReadVersion, WriteVEFCGasType (17/80)
[2026-06-02 15:37:20] [WARN] [Scheduler][InitCheckTask][onInitialFinished] 设备 12020 初始化存在 2 条失败指令: ReadVersion, WriteVEFCGasType (18/80)
[2026-06-02 15:37:20] [WARN] [Scheduler][InitCheckTask][onInitialFinished] 设备 12018 初始化存在 2 条失败指令: ReadVersion, WriteVEFCGasType (19/80)
[2026-06-02 15:37:20] [WARN] [Scheduler][InitCheckTask][onInitialFinished] 设备 12025 初始化存在 2 条失败指令: ReadVersion, WriteVEFCGasType (20/80)
[2026-06-02 15:37:20] [WARN] [Scheduler][InitCheckTask][onInitialFinished] 设备 12031 初始化存在 2 条失败指令: ReadVersion, WriteVEFCGasType (21/80)
[2026-06-02 15:37:20] [WARN] [Scheduler][InitCheckTask][onInitialFinished] 设备 12019 初始化存在 2 条失败指令: ReadVersion, WriteVEFCGasType (22/80)
[2026-06-02 15:37:20] [WARN] [Scheduler][InitCheckTask][onInitialFinished] 设备 12032 初始化存在 2 条失败指令: ReadVersion, WriteVEFCGasType (23/80)
[2026-06-02 15:37:20] [WARN] [Scheduler][InitCheckTask][onInitialFinished] 设备 12034 初始化存在 2 条失败指令: ReadVersion, WriteVEFCGasType (24/80)
[2026-06-02 15:37:20] [WARN] [Scheduler][InitCheckTask][onInitialFinished] 设备 12015 初始化存在 2 条失败指令: ReadVersion, WriteVEFCGasType (25/80)
[2026-06-02 15:37:20] [WARN] [Scheduler][InitCheckTask][onInitialFinished] 设备 12027 初始化存在 2 条失败指令: ReadVersion, WriteVEFCGasType (26/80)
[2026-06-02 15:37:20] [WARN] [Scheduler][InitCheckTask][onInitialFinished] 设备 12035 初始化存在 2 条失败指令: ReadVersion, WriteVEFCGasType (27/80)
[2026-06-02 15:37:20] [WARN] [Scheduler][InitCheckTask][onInitialFinished] 设备 12026 初始化存在 2 条失败指令: ReadVersion, WriteVEFCGasType (28/80)
[2026-06-02 15:37:20] [WARN] [Scheduler][InitCheckTask][onInitialFinished] 设备 12022 初始化存在 2 条失败指令: ReadVersion, WriteVEFCGasType (29/80)
[2026-06-02 15:37:20] [WARN] [Scheduler][InitCheckTask][onInitialFinished] 设备 12017 初始化存在 2 条失败指令: ReadVersion, WriteVEFCGasType (30/80)
[2026-06-02 15:37:20] [WARN] [Scheduler][InitCheckTask][onInitialFinished] 设备 12029 初始化存在 2 条失败指令: ReadVersion, WriteVEFCGasType (31/80)
[2026-06-02 15:37:20] [WARN] [Scheduler][InitCheckTask][onInitialFinished] 设备 12021 初始化存在 2 条失败指令: ReadVersion, WriteVEFCGasType (32/80)
[2026-06-02 15:37:20] [WARN] [Scheduler][InitCheckTask][onInitialFinished] 设备 12033 初始化存在 2 条失败指令: ReadVersion, WriteVEFCGasType (33/80)
[2026-06-02 15:37:20] [WARN] [Scheduler][InitCheckTask][onInitialFinished] 设备 12030 初始化存在 2 条失败指令: ReadVersion, WriteVEFCGasType (34/80)
[2026-06-02 15:37:20] [WARN] [Scheduler][InitCheckTask][onInitialFinished] 设备 12023 初始化存在 2 条失败指令: ReadVersion, WriteVEFCGasType (35/80)
[2026-06-02 15:37:20] [WARN] [Scheduler][InitCheckTask][onInitialFinished] 设备 12036 初始化存在 2 条失败指令: ReadVersion, WriteVEFCGasType (36/80)
[2026-06-02 15:37:20] [WARN] [Scheduler][InitCheckTask][onInitialFinished] 设备 12054 初始化存在 2 条失败指令: ReadVersion, WriteVEFCGasType (37/80)
[2026-06-02 15:37:20] [WARN] [Scheduler][InitCheckTask][onInitialFinished] 设备 12038 初始化存在 2 条失败指令: ReadVersion, WriteVEFCGasType (38/80)
[2026-06-02 15:37:20] [WARN] [Scheduler][InitCheckTask][onInitialFinished] 设备 12037 初始化存在 2 条失败指令: ReadVersion, WriteVEFCGasType (39/80)
[2026-06-02 15:37:20] [WARN] [Scheduler][InitCheckTask][onInitialFinished] 设备 12056 初始化存在 2 条失败指令: ReadVersion, WriteVEFCGasType (40/80)
[2026-06-02 15:37:20] [WARN] [Scheduler][InitCheckTask][onInitialFinished] 设备 12055 初始化存在 2 条失败指令: ReadVersion, WriteVEFCGasType (41/80)
[2026-06-02 15:37:20] [WARN] [Scheduler][InitCheckTask][onInitialFinished] 设备 12053 初始化存在 2 条失败指令: ReadVersion, WriteVEFCGasType (42/80)
[2026-06-02 15:37:20] [WARN] [Scheduler][InitCheckTask][onInitialFinished] 设备 12043 初始化存在 2 条失败指令: ReadVersion, WriteVEFCGasType (43/80)
[2026-06-02 15:37:20] [WARN] [Scheduler][InitCheckTask][onInitialFinished] 设备 12051 初始化存在 2 条失败指令: ReadVersion, WriteVEFCGasType (44/80)
[2026-06-02 15:37:20] [WARN] [Scheduler][InitCheckTask][onInitialFinished] 设备 12049 初始化存在 2 条失败指令: ReadVersion, WriteVEFCGasType (45/80)
[2026-06-02 15:37:20] [WARN] [Scheduler][InitCheckTask][onInitialFinished] 设备 12046 初始化存在 2 条失败指令: ReadVersion, WriteVEFCGasType (46/80)
[2026-06-02 15:37:20] [WARN] [Scheduler][InitCheckTask][onInitialFinished] 设备 12041 初始化存在 2 条失败指令: ReadVersion, WriteVEFCGasType (47/80)
[2026-06-02 15:37:20] [WARN] [Scheduler][InitCheckTask][onInitialFinished] 设备 12044 初始化存在 2 条失败指令: ReadVersion, WriteVEFCGasType (48/80)
[2026-06-02 15:37:20] [WARN] [Scheduler][InitCheckTask][onInitialFinished] 设备 12048 初始化存在 2 条失败指令: ReadVersion, WriteVEFCGasType (49/80)
[2026-06-02 15:37:20] [WARN] [Scheduler][InitCheckTask][onInitialFinished] 设备 12039 初始化存在 2 条失败指令: ReadVersion, WriteVEFCGasType (50/80)
[2026-06-02 15:37:20] [WARN] [Scheduler][InitCheckTask][onInitialFinished] 设备 12047 初始化存在 2 条失败指令: ReadVersion, WriteVEFCGasType (51/80)
[2026-06-02 15:37:20] [WARN] [Scheduler][InitCheckTask][onInitialFinished] 设备 12040 初始化存在 2 条失败指令: ReadVersion, WriteVEFCGasType (52/80)
[2026-06-02 15:37:20] [WARN] [Scheduler][InitCheckTask][onInitialFinished] 设备 12050 初始化存在 2 条失败指令: ReadVersion, WriteVEFCGasType (53/80)
[2026-06-02 15:37:20] [WARN] [Scheduler][InitCheckTask][onInitialFinished] 设备 12052 初始化存在 2 条失败指令: ReadVersion, WriteVEFCGasType (54/80)
[2026-06-02 15:37:20] [WARN] [Scheduler][InitCheckTask][onInitialFinished] 设备 12045 初始化存在 2 条失败指令: ReadVersion, WriteVEFCGasType (55/80)
[2026-06-02 15:37:20] [WARN] [Scheduler][InitCheckTask][onInitialFinished] 设备 12042 初始化存在 2 条失败指令: ReadVersion, WriteVEFCGasType (56/80)
[2026-06-02 15:37:20] [WARN] [Scheduler][InitCheckTask][onInitialFinished] 设备 12058 初始化存在 2 条失败指令: ReadVersion, WriteVEFCGasType (57/80)
[2026-06-02 15:37:20] [WARN] [Scheduler][InitCheckTask][onInitialFinished] 设备 12057 初始化存在 2 条失败指令: ReadVersion, WriteVEFCGasType (58/80)
[2026-06-02 15:37:20] [WARN] [Scheduler][InitCheckTask][onInitialFinished] 设备 12067 初始化存在 2 条失败指令: ReadVersion, WriteVEFCGasType (59/80)
[2026-06-02 15:37:20] [WARN] [Scheduler][InitCheckTask][onInitialFinished] 设备 12061 初始化存在 2 条失败指令: ReadVersion, WriteVEFCGasType (60/80)
[2026-06-02 15:37:20] [WARN] [Scheduler][InitCheckTask][onInitialFinished] 设备 12078 初始化存在 2 条失败指令: ReadVersion, WriteVEFCGasType (61/80)
[2026-06-02 15:37:20] [WARN] [Scheduler][InitCheckTask][onInitialFinished] 设备 12077 初始化存在 2 条失败指令: ReadVersion, WriteVEFCGasType (62/80)
[2026-06-02 15:37:20] [WARN] [Scheduler][InitCheckTask][onInitialFinished] 设备 12069 初始化存在 2 条失败指令: ReadVersion, WriteVEFCGasType (63/80)
[2026-06-02 15:37:20] [WARN] [Scheduler][InitCheckTask][onInitialFinished] 设备 12076 初始化存在 2 条失败指令: ReadVersion, WriteVEFCGasType (64/80)
[2026-06-02 15:37:20] [WARN] [Scheduler][InitCheckTask][onInitialFinished] 设备 12072 初始化存在 2 条失败指令: ReadVersion, WriteVEFCGasType (65/80)
[2026-06-02 15:37:20] [WARN] [Scheduler][InitCheckTask][onInitialFinished] 设备 12071 初始化存在 2 条失败指令: ReadVersion, WriteVEFCGasType (66/80)
[2026-06-02 15:37:20] [WARN] [Scheduler][InitCheckTask][onInitialFinished] 设备 12062 初始化存在 2 条失败指令: ReadVersion, WriteVEFCGasType (67/80)
[2026-06-02 15:37:20] [WARN] [Scheduler][InitCheckTask][onInitialFinished] 设备 12070 初始化存在 2 条失败指令: ReadVersion, WriteVEFCGasType (68/80)
[2026-06-02 15:37:20] [WARN] [Scheduler][InitCheckTask][onInitialFinished] 设备 12063 初始化存在 2 条失败指令: ReadVersion, WriteVEFCGasType (69/80)
[2026-06-02 15:37:20] [WARN] [Scheduler][InitCheckTask][onInitialFinished] 设备 12075 初始化存在 2 条失败指令: ReadVersion, WriteVEFCGasType (70/80)
[2026-06-02 15:37:20] [WARN] [Scheduler][InitCheckTask][onInitialFinished] 设备 12068 初始化存在 2 条失败指令: ReadVersion, WriteVEFCGasType (71/80)
[2026-06-02 15:37:20] [WARN] [Scheduler][InitCheckTask][onInitialFinished] 设备 12066 初始化存在 2 条失败指令: ReadVersion, WriteVEFCGasType (72/80)
[2026-06-02 15:37:20] [WARN] [Scheduler][InitCheckTask][onInitialFinished] 设备 12073 初始化存在 2 条失败指令: ReadVersion, WriteVEFCGasType (73/80)
[2026-06-02 15:37:20] [WARN] [Scheduler][InitCheckTask][onInitialFinished] 设备 12074 初始化存在 2 条失败指令: ReadVersion, WriteVEFCGasType (74/80)
[2026-06-02 15:37:20] [WARN] [Scheduler][InitCheckTask][onInitialFinished] 设备 12059 初始化存在 2 条失败指令: ReadVersion, WriteVEFCGasType (75/80)
[2026-06-02 15:37:20] [WARN] [Scheduler][InitCheckTask][onInitialFinished] 设备 12065 初始化存在 2 条失败指令: ReadVersion, WriteVEFCGasType (76/80)
[2026-06-02 15:37:20] [WARN] [Scheduler][InitCheckTask][onInitialFinished] 设备 12060 初始化存在 2 条失败指令: ReadVersion, WriteVEFCGasType (77/80)
[2026-06-02 15:37:20] [WARN] [Scheduler][InitCheckTask][onInitialFinished] 设备 12064 初始化存在 2 条失败指令: ReadVersion, WriteVEFCGasType (78/80)
[2026-06-02 15:37:20] [WARN] [Scheduler][InitCheckTask][onInitialFinished] 设备 12080 初始化存在 2 条失败指令: ReadVersion, WriteVEFCGasType (79/80)
[2026-06-02 15:37:20] [WARN] [Scheduler][InitCheckTask][onInitialFinished] 设备 12079 初始化存在 2 条失败指令: ReadVersion, WriteVEFCGasType (80/80)
[2026-06-02 15:37:20] [INFO] [Scheduler][InitCheckTask][checkAllFinished] 全部设备初始化检查完成，汇总结果: 总设备数=80, 成功=0, 失败=80
[2026-06-02 15:37:20] [DEBUG] [Scheduler][InitCheckTask][disconnectAll] 断开所有信号连接，连接数: 80
[2026-06-02 15:37:20] [WARN] [Scheduler][InitCheckTask][checkAllFinished] 初始化完成：0 台成功，80 台存在失败指令（12012, 12003, 12006, 12010, 12004, 12005, 12011, 12016, 12009, 12013, 12008, 12007, 12002, 12001, 12014, 12028, 12024, 12020, 12018, 12025, 12031, 12019, 12032, 12034, 12015, 12027, 12035, 12026, 12022, 12017, 12029, 12021, 12033, 12030, 12023, 12036, 12054, 12038, 12037, 12056, 12055, 12053, 12043, 12051, 12049, 12046, 12041, 12044, 12048, 12039, 12047, 12040, 12050, 12052, 12045, 12042, 12058, 12057, 12067, 12061, 12078, 12077, 12069, 12076, 12072, 12071, 12062, 12070, 12063, 12075, 12068, 12066, 12073, 12074, 12059, 12065, 12060, 12064, 12080, 12079）
[2026-06-02 15:37:20] [INFO] =============================InitCheckTask 调度任务结束=============================
[2026-06-02 16:05:20] [INFO] =============================InitCheckTask 调度任务开始=============================
[2026-06-02 16:05:20] [INFO] [Scheduler][InitCheckTask][start] 发现 80 个已注册的设备: 12001, 12002, 12003, 12004, 12005, 12006, 12007, 12008, 12009, 12010, 12011, 12012, 12013, 12014, 12015, 12016, 12017, 12018, 12019, 12020, 12021, 12022, 12023, 12024, 12025, 12026, 12027, 12028, 12029, 12030, 12031, 12032, 12033, 12034, 12035, 12036, 12037, 12038, 12039, 12040, 12041, 12042, 12043, 12044, 12045, 12046, 12047, 12048, 12049, 12050, 12051, 12052, 12053, 12054, 12055, 12056, 12057, 12058, 12059, 12060, 12061, 12062, 12063, 12064, 12065, 12066, 12067, 12068, 12069, 12070, 12071, 12072, 12073, 12074, 12075, 12076, 12077, 12078, 12079, 12080
[2026-06-02 16:05:20] [DEBUG] [Scheduler][InitCheckTask][start] 已连接设备 12001 的初始化完成信号
[2026-06-02 16:05:20] [DEBUG] [Scheduler][InitCheckTask][start] 已连接设备 12002 的初始化完成信号
[2026-06-02 16:05:20] [DEBUG] [Scheduler][InitCheckTask][start] 已连接设备 12003 的初始化完成信号
[2026-06-02 16:05:20] [DEBUG] [Scheduler][InitCheckTask][start] 已连接设备 12004 的初始化完成信号
[2026-06-02 16:05:20] [DEBUG] [Scheduler][InitCheckTask][start] 已连接设备 12005 的初始化完成信号
[2026-06-02 16:05:20] [DEBUG] [Scheduler][InitCheckTask][start] 已连接设备 12006 的初始化完成信号
[2026-06-02 16:05:20] [DEBUG] [Scheduler][InitCheckTask][start] 已连接设备 12007 的初始化完成信号
[2026-06-02 16:05:20] [DEBUG] [Scheduler][InitCheckTask][start] 已连接设备 12008 的初始化完成信号
[2026-06-02 16:05:20] [DEBUG] [Scheduler][InitCheckTask][start] 已连接设备 12009 的初始化完成信号
[2026-06-02 16:05:20] [DEBUG] [Scheduler][InitCheckTask][start] 已连接设备 12010 的初始化完成信号
[2026-06-02 16:05:20] [DEBUG] [Scheduler][InitCheckTask][start] 已连接设备 12011 的初始化完成信号
[2026-06-02 16:05:20] [DEBUG] [Scheduler][InitCheckTask][start] 已连接设备 12012 的初始化完成信号
[2026-06-02 16:05:20] [DEBUG] [Scheduler][InitCheckTask][start] 已连接设备 12013 的初始化完成信号
[2026-06-02 16:05:20] [DEBUG] [Scheduler][InitCheckTask][start] 已连接设备 12014 的初始化完成信号
[2026-06-02 16:05:20] [DEBUG] [Scheduler][InitCheckTask][start] 已连接设备 12015 的初始化完成信号
[2026-06-02 16:05:20] [DEBUG] [Scheduler][InitCheckTask][start] 已连接设备 12016 的初始化完成信号
[2026-06-02 16:05:20] [DEBUG] [Scheduler][InitCheckTask][start] 已连接设备 12017 的初始化完成信号
[2026-06-02 16:05:20] [DEBUG] [Scheduler][InitCheckTask][start] 已连接设备 12018 的初始化完成信号
[2026-06-02 16:05:20] [DEBUG] [Scheduler][InitCheckTask][start] 已连接设备 12019 的初始化完成信号
[2026-06-02 16:05:20] [DEBUG] [Scheduler][InitCheckTask][start] 已连接设备 12020 的初始化完成信号
[2026-06-02 16:05:20] [DEBUG] [Scheduler][InitCheckTask][start] 已连接设备 12021 的初始化完成信号
[2026-06-02 16:05:20] [DEBUG] [Scheduler][InitCheckTask][start] 已连接设备 12022 的初始化完成信号
[2026-06-02 16:05:20] [DEBUG] [Scheduler][InitCheckTask][start] 已连接设备 12023 的初始化完成信号
[2026-06-02 16:05:20] [DEBUG] [Scheduler][InitCheckTask][start] 已连接设备 12024 的初始化完成信号
[2026-06-02 16:05:20] [DEBUG] [Scheduler][InitCheckTask][start] 已连接设备 12025 的初始化完成信号
[2026-06-02 16:05:20] [DEBUG] [Scheduler][InitCheckTask][start] 已连接设备 12026 的初始化完成信号
[2026-06-02 16:05:20] [DEBUG] [Scheduler][InitCheckTask][start] 已连接设备 12027 的初始化完成信号
[2026-06-02 16:05:20] [DEBUG] [Scheduler][InitCheckTask][start] 已连接设备 12028 的初始化完成信号
[2026-06-02 16:05:20] [DEBUG] [Scheduler][InitCheckTask][start] 已连接设备 12029 的初始化完成信号
[2026-06-02 16:05:20] [DEBUG] [Scheduler][InitCheckTask][start] 已连接设备 12030 的初始化完成信号
[2026-06-02 16:05:20] [DEBUG] [Scheduler][InitCheckTask][start] 已连接设备 12034 的初始化完成信号
[2026-06-02 16:05:20] [DEBUG] [Scheduler][InitCheckTask][start] 已连接设备 12035 的初始化完成信号
[2026-06-02 16:05:20] [DEBUG] [Scheduler][InitCheckTask][start] 已连接设备 12036 的初始化完成信号
[2026-06-02 16:05:20] [DEBUG] [Scheduler][InitCheckTask][start] 已连接设备 12037 的初始化完成信号
[2026-06-02 16:05:20] [DEBUG] [Scheduler][InitCheckTask][start] 已连接设备 12038 的初始化完成信号
[2026-06-02 16:05:20] [DEBUG] [Scheduler][InitCheckTask][start] 已连接设备 12031 的初始化完成信号
[2026-06-02 16:05:20] [DEBUG] [Scheduler][InitCheckTask][start] 已连接设备 12032 的初始化完成信号
[2026-06-02 16:05:20] [DEBUG] [Scheduler][InitCheckTask][start] 已连接设备 12033 的初始化完成信号
[2026-06-02 16:05:20] [DEBUG] [Scheduler][InitCheckTask][start] 已连接设备 12039 的初始化完成信号
[2026-06-02 16:05:20] [DEBUG] [Scheduler][InitCheckTask][start] 已连接设备 12040 的初始化完成信号
[2026-06-02 16:05:20] [DEBUG] [Scheduler][InitCheckTask][start] 已连接设备 12041 的初始化完成信号
[2026-06-02 16:05:20] [DEBUG] [Scheduler][InitCheckTask][start] 已连接设备 12042 的初始化完成信号
[2026-06-02 16:05:20] [DEBUG] [Scheduler][InitCheckTask][start] 已连接设备 12043 的初始化完成信号
[2026-06-02 16:05:20] [DEBUG] [Scheduler][InitCheckTask][start] 已连接设备 12044 的初始化完成信号
[2026-06-02 16:05:20] [DEBUG] [Scheduler][InitCheckTask][start] 已连接设备 12045 的初始化完成信号
[2026-06-02 16:05:20] [DEBUG] [Scheduler][InitCheckTask][start] 已连接设备 12046 的初始化完成信号
[2026-06-02 16:05:20] [DEBUG] [Scheduler][InitCheckTask][start] 已连接设备 12047 的初始化完成信号
[2026-06-02 16:05:20] [DEBUG] [Scheduler][InitCheckTask][start] 已连接设备 12048 的初始化完成信号
[2026-06-02 16:05:20] [DEBUG] [Scheduler][InitCheckTask][start] 已连接设备 12049 的初始化完成信号
[2026-06-02 16:05:20] [DEBUG] [Scheduler][InitCheckTask][start] 已连接设备 12050 的初始化完成信号
[2026-06-02 16:05:20] [DEBUG] [Scheduler][InitCheckTask][start] 已连接设备 12051 的初始化完成信号
[2026-06-02 16:05:20] [DEBUG] [Scheduler][InitCheckTask][start] 已连接设备 12052 的初始化完成信号
[2026-06-02 16:05:20] [DEBUG] [Scheduler][InitCheckTask][start] 已连接设备 12053 的初始化完成信号
[2026-06-02 16:05:20] [DEBUG] [Scheduler][InitCheckTask][start] 已连接设备 12054 的初始化完成信号
[2026-06-02 16:05:20] [DEBUG] [Scheduler][InitCheckTask][start] 已连接设备 12055 的初始化完成信号
[2026-06-02 16:05:20] [DEBUG] [Scheduler][InitCheckTask][start] 已连接设备 12056 的初始化完成信号
[2026-06-02 16:05:20] [DEBUG] [Scheduler][InitCheckTask][start] 已连接设备 12057 的初始化完成信号
[2026-06-02 16:05:20] [DEBUG] [Scheduler][InitCheckTask][start] 已连接设备 12058 的初始化完成信号
[2026-06-02 16:05:20] [DEBUG] [Scheduler][InitCheckTask][start] 已连接设备 12059 的初始化完成信号
[2026-06-02 16:05:20] [DEBUG] [Scheduler][InitCheckTask][start] 已连接设备 12060 的初始化完成信号
[2026-06-02 16:05:20] [DEBUG] [Scheduler][InitCheckTask][start] 已连接设备 12061 的初始化完成信号
[2026-06-02 16:05:20] [DEBUG] [Scheduler][InitCheckTask][start] 已连接设备 12062 的初始化完成信号
[2026-06-02 16:05:20] [DEBUG] [Scheduler][InitCheckTask][start] 已连接设备 12063 的初始化完成信号
[2026-06-02 16:05:20] [DEBUG] [Scheduler][InitCheckTask][start] 已连接设备 12064 的初始化完成信号
[2026-06-02 16:05:20] [DEBUG] [Scheduler][InitCheckTask][start] 已连接设备 12065 的初始化完成信号
[2026-06-02 16:05:20] [DEBUG] [Scheduler][InitCheckTask][start] 已连接设备 12066 的初始化完成信号
[2026-06-02 16:05:20] [DEBUG] [Scheduler][InitCheckTask][start] 已连接设备 12067 的初始化完成信号
[2026-06-02 16:05:20] [DEBUG] [Scheduler][InitCheckTask][start] 已连接设备 12069 的初始化完成信号
[2026-06-02 16:05:20] [DEBUG] [Scheduler][InitCheckTask][start] 已连接设备 12070 的初始化完成信号
[2026-06-02 16:05:20] [DEBUG] [Scheduler][InitCheckTask][start] 已连接设备 12071 的初始化完成信号
[2026-06-02 16:05:20] [DEBUG] [Scheduler][InitCheckTask][start] 已连接设备 12068 的初始化完成信号
[2026-06-02 16:05:20] [DEBUG] [Scheduler][InitCheckTask][start] 已连接设备 12072 的初始化完成信号
[2026-06-02 16:05:20] [DEBUG] [Scheduler][InitCheckTask][start] 已连接设备 12073 的初始化完成信号
[2026-06-02 16:05:20] [DEBUG] [Scheduler][InitCheckTask][start] 已连接设备 12074 的初始化完成信号
[2026-06-02 16:05:20] [DEBUG] [Scheduler][InitCheckTask][start] 已连接设备 12075 的初始化完成信号
[2026-06-02 16:05:20] [DEBUG] [Scheduler][InitCheckTask][start] 已连接设备 12076 的初始化完成信号
[2026-06-02 16:05:20] [DEBUG] [Scheduler][InitCheckTask][start] 已连接设备 12077 的初始化完成信号
[2026-06-02 16:05:20] [DEBUG] [Scheduler][InitCheckTask][start] 已连接设备 12078 的初始化完成信号
[2026-06-02 16:05:20] [DEBUG] [Scheduler][InitCheckTask][start] 已连接设备 12079 的初始化完成信号
[2026-06-02 16:05:20] [DEBUG] [Scheduler][InitCheckTask][start] 已连接设备 12080 的初始化完成信号
[2026-06-02 16:05:20] [INFO] [Scheduler][InitCheckTask][start] 启动，等待 80 个设备完成初始化
[2026-06-02 16:05:28] [WARN] [Scheduler][InitCheckTask][onInitialFinished] 设备 12021 初始化存在 2 条失败指令: ReadVersion, WriteVEFCGasType (1/80)
[2026-06-02 16:05:28] [WARN] [Scheduler][InitCheckTask][onInitialFinished] 设备 12018 初始化存在 2 条失败指令: ReadVersion, WriteVEFCGasType (2/80)
[2026-06-02 16:05:28] [WARN] [Scheduler][InitCheckTask][onInitialFinished] 设备 12008 初始化存在 2 条失败指令: ReadVersion, WriteVEFCGasType (3/80)
[2026-06-02 16:05:28] [WARN] [Scheduler][InitCheckTask][onInitialFinished] 设备 12006 初始化存在 2 条失败指令: ReadVersion, WriteVEFCGasType (4/80)
[2026-06-02 16:05:28] [WARN] [Scheduler][InitCheckTask][onInitialFinished] 设备 12016 初始化存在 2 条失败指令: ReadVersion, WriteVEFCGasType (5/80)
[2026-06-02 16:05:28] [WARN] [Scheduler][InitCheckTask][onInitialFinished] 设备 12013 初始化存在 2 条失败指令: ReadVersion, WriteVEFCGasType (6/80)
[2026-06-02 16:05:28] [WARN] [Scheduler][InitCheckTask][onInitialFinished] 设备 12015 初始化存在 2 条失败指令: ReadVersion, WriteVEFCGasType (7/80)
[2026-06-02 16:05:28] [WARN] [Scheduler][InitCheckTask][onInitialFinished] 设备 12003 初始化存在 2 条失败指令: ReadVersion, WriteVEFCGasType (8/80)
[2026-06-02 16:05:28] [WARN] [Scheduler][InitCheckTask][onInitialFinished] 设备 12020 初始化存在 2 条失败指令: ReadVersion, WriteVEFCGasType (9/80)
[2026-06-02 16:05:28] [WARN] [Scheduler][InitCheckTask][onInitialFinished] 设备 12007 初始化存在 2 条失败指令: ReadVersion, WriteVEFCGasType (10/80)
[2026-06-02 16:05:28] [WARN] [Scheduler][InitCheckTask][onInitialFinished] 设备 12010 初始化存在 2 条失败指令: ReadVersion, WriteVEFCGasType (11/80)
[2026-06-02 16:05:28] [WARN] [Scheduler][InitCheckTask][onInitialFinished] 设备 12005 初始化存在 2 条失败指令: ReadVersion, WriteVEFCGasType (12/80)
[2026-06-02 16:05:28] [WARN] [Scheduler][InitCheckTask][onInitialFinished] 设备 12030 初始化存在 2 条失败指令: ReadVersion, WriteVEFCGasType (13/80)
[2026-06-02 16:05:28] [WARN] [Scheduler][InitCheckTask][onInitialFinished] 设备 12032 初始化存在 2 条失败指令: ReadVersion, WriteVEFCGasType (14/80)
[2026-06-02 16:05:28] [WARN] [Scheduler][InitCheckTask][onInitialFinished] 设备 12029 初始化存在 2 条失败指令: ReadVersion, WriteVEFCGasType (15/80)
[2026-06-02 16:05:28] [WARN] [Scheduler][InitCheckTask][onInitialFinished] 设备 12028 初始化存在 2 条失败指令: ReadVersion, WriteVEFCGasType (16/80)
[2026-06-02 16:05:28] [WARN] [Scheduler][InitCheckTask][onInitialFinished] 设备 12012 初始化存在 2 条失败指令: ReadVersion, WriteVEFCGasType (17/80)
[2026-06-02 16:05:28] [WARN] [Scheduler][InitCheckTask][onInitialFinished] 设备 12011 初始化存在 2 条失败指令: ReadVersion, WriteVEFCGasType (18/80)
[2026-06-02 16:05:28] [WARN] [Scheduler][InitCheckTask][onInitialFinished] 设备 12025 初始化存在 2 条失败指令: ReadVersion, WriteVEFCGasType (19/80)
[2026-06-02 16:05:28] [WARN] [Scheduler][InitCheckTask][onInitialFinished] 设备 12019 初始化存在 2 条失败指令: ReadVersion, WriteVEFCGasType (20/80)
[2026-06-02 16:05:28] [WARN] [Scheduler][InitCheckTask][onInitialFinished] 设备 12022 初始化存在 2 条失败指令: ReadVersion, WriteVEFCGasType (21/80)
[2026-06-02 16:05:28] [WARN] [Scheduler][InitCheckTask][onInitialFinished] 设备 12001 初始化存在 2 条失败指令: ReadVersion, WriteVEFCGasType (22/80)
[2026-06-02 16:05:28] [WARN] [Scheduler][InitCheckTask][onInitialFinished] 设备 12014 初始化存在 2 条失败指令: ReadVersion, WriteVEFCGasType (23/80)
[2026-06-02 16:05:28] [WARN] [Scheduler][InitCheckTask][onInitialFinished] 设备 12002 初始化存在 2 条失败指令: ReadVersion, WriteVEFCGasType (24/80)
[2026-06-02 16:05:28] [WARN] [Scheduler][InitCheckTask][onInitialFinished] 设备 12004 初始化存在 2 条失败指令: ReadVersion, WriteVEFCGasType (25/80)
[2026-06-02 16:05:28] [WARN] [Scheduler][InitCheckTask][onInitialFinished] 设备 12009 初始化存在 2 条失败指令: ReadVersion, WriteVEFCGasType (26/80)
[2026-06-02 16:05:28] [WARN] [Scheduler][InitCheckTask][onInitialFinished] 设备 12017 初始化存在 2 条失败指令: ReadVersion, WriteVEFCGasType (27/80)
[2026-06-02 16:05:28] [WARN] [Scheduler][InitCheckTask][onInitialFinished] 设备 12035 初始化存在 2 条失败指令: ReadVersion, WriteVEFCGasType (28/80)
[2026-06-02 16:05:28] [WARN] [Scheduler][InitCheckTask][onInitialFinished] 设备 12027 初始化存在 2 条失败指令: ReadVersion, WriteVEFCGasType (29/80)
[2026-06-02 16:05:28] [WARN] [Scheduler][InitCheckTask][onInitialFinished] 设备 12034 初始化存在 2 条失败指令: ReadVersion, WriteVEFCGasType (30/80)
[2026-06-02 16:05:28] [WARN] [Scheduler][InitCheckTask][onInitialFinished] 设备 12040 初始化存在 2 条失败指令: ReadVersion, WriteVEFCGasType (31/80)
[2026-06-02 16:05:28] [WARN] [Scheduler][InitCheckTask][onInitialFinished] 设备 12036 初始化存在 2 条失败指令: ReadVersion, WriteVEFCGasType (32/80)
[2026-06-02 16:05:28] [WARN] [Scheduler][InitCheckTask][onInitialFinished] 设备 12031 初始化存在 2 条失败指令: ReadVersion, WriteVEFCGasType (33/80)
[2026-06-02 16:05:28] [WARN] [Scheduler][InitCheckTask][onInitialFinished] 设备 12037 初始化存在 2 条失败指令: ReadVersion, WriteVEFCGasType (34/80)
[2026-06-02 16:05:28] [WARN] [Scheduler][InitCheckTask][onInitialFinished] 设备 12042 初始化存在 2 条失败指令: ReadVersion, WriteVEFCGasType (35/80)
[2026-06-02 16:05:28] [WARN] [Scheduler][InitCheckTask][onInitialFinished] 设备 12043 初始化存在 2 条失败指令: ReadVersion, WriteVEFCGasType (36/80)
[2026-06-02 16:05:28] [WARN] [Scheduler][InitCheckTask][onInitialFinished] 设备 12045 初始化存在 2 条失败指令: ReadVersion, WriteVEFCGasType (37/80)
[2026-06-02 16:05:28] [WARN] [Scheduler][InitCheckTask][onInitialFinished] 设备 12044 初始化存在 2 条失败指令: ReadVersion, WriteVEFCGasType (38/80)
[2026-06-02 16:05:28] [WARN] [Scheduler][InitCheckTask][onInitialFinished] 设备 12050 初始化存在 2 条失败指令: ReadVersion, WriteVEFCGasType (39/80)
[2026-06-02 16:05:28] [WARN] [Scheduler][InitCheckTask][onInitialFinished] 设备 12039 初始化存在 2 条失败指令: ReadVersion, WriteVEFCGasType (40/80)
[2026-06-02 16:05:28] [WARN] [Scheduler][InitCheckTask][onInitialFinished] 设备 12046 初始化存在 2 条失败指令: ReadVersion, WriteVEFCGasType (41/80)
[2026-06-02 16:05:28] [WARN] [Scheduler][InitCheckTask][onInitialFinished] 设备 12047 初始化存在 2 条失败指令: ReadVersion, WriteVEFCGasType (42/80)
[2026-06-02 16:05:28] [WARN] [Scheduler][InitCheckTask][onInitialFinished] 设备 12026 初始化存在 2 条失败指令: ReadVersion, WriteVEFCGasType (43/80)
[2026-06-02 16:05:28] [WARN] [Scheduler][InitCheckTask][onInitialFinished] 设备 12024 初始化存在 2 条失败指令: ReadVersion, WriteVEFCGasType (44/80)
[2026-06-02 16:05:28] [WARN] [Scheduler][InitCheckTask][onInitialFinished] 设备 12023 初始化存在 2 条失败指令: ReadVersion, WriteVEFCGasType (45/80)
[2026-06-02 16:05:28] [WARN] [Scheduler][InitCheckTask][onInitialFinished] 设备 12033 初始化存在 2 条失败指令: ReadVersion, WriteVEFCGasType (46/80)
[2026-06-02 16:05:28] [WARN] [Scheduler][InitCheckTask][onInitialFinished] 设备 12049 初始化存在 2 条失败指令: ReadVersion, WriteVEFCGasType (47/80)
[2026-06-02 16:05:28] [WARN] [Scheduler][InitCheckTask][onInitialFinished] 设备 12052 初始化存在 2 条失败指令: ReadVersion, WriteVEFCGasType (48/80)
[2026-06-02 16:05:28] [WARN] [Scheduler][InitCheckTask][onInitialFinished] 设备 12041 初始化存在 2 条失败指令: ReadVersion, WriteVEFCGasType (49/80)
[2026-06-02 16:05:28] [WARN] [Scheduler][InitCheckTask][onInitialFinished] 设备 12038 初始化存在 2 条失败指令: ReadVersion, WriteVEFCGasType (50/80)
[2026-06-02 16:05:28] [WARN] [Scheduler][InitCheckTask][onInitialFinished] 设备 12051 初始化存在 2 条失败指令: ReadVersion, WriteVEFCGasType (51/80)
[2026-06-02 16:05:28] [WARN] [Scheduler][InitCheckTask][onInitialFinished] 设备 12048 初始化存在 2 条失败指令: ReadVersion, WriteVEFCGasType (52/80)
[2026-06-02 16:05:28] [WARN] [Scheduler][InitCheckTask][onInitialFinished] 设备 12078 初始化存在 2 条失败指令: ReadVersion, WriteVEFCGasType (53/80)
[2026-06-02 16:05:28] [WARN] [Scheduler][InitCheckTask][onInitialFinished] 设备 12053 初始化存在 2 条失败指令: ReadVersion, WriteVEFCGasType (54/80)
[2026-06-02 16:05:29] [WARN] [Scheduler][InitCheckTask][onInitialFinished] 设备 12077 初始化存在 2 条失败指令: ReadVersion, WriteVEFCGasType (55/80)
[2026-06-02 16:05:29] [WARN] [Scheduler][InitCheckTask][onInitialFinished] 设备 12080 初始化存在 2 条失败指令: ReadVersion, WriteVEFCGasType (56/80)
[2026-06-02 16:05:29] [WARN] [Scheduler][InitCheckTask][onInitialFinished] 设备 12076 初始化存在 2 条失败指令: ReadVersion, WriteVEFCGasType (57/80)
[2026-06-02 16:05:29] [WARN] [Scheduler][InitCheckTask][onInitialFinished] 设备 12079 初始化存在 2 条失败指令: ReadVersion, WriteVEFCGasType (58/80)
[2026-06-02 16:05:29] [WARN] [Scheduler][InitCheckTask][onInitialFinished] 设备 12071 初始化存在 2 条失败指令: ReadVersion, WriteVEFCGasType (59/80)
[2026-06-02 16:05:29] [WARN] [Scheduler][InitCheckTask][onInitialFinished] 设备 12068 初始化存在 2 条失败指令: ReadVersion, WriteVEFCGasType (60/80)
[2026-06-02 16:05:29] [WARN] [Scheduler][InitCheckTask][onInitialFinished] 设备 12074 初始化存在 2 条失败指令: ReadVersion, WriteVEFCGasType (61/80)
[2026-06-02 16:05:29] [WARN] [Scheduler][InitCheckTask][onInitialFinished] 设备 12066 初始化存在 2 条失败指令: ReadVersion, WriteVEFCGasType (62/80)
[2026-06-02 16:05:29] [WARN] [Scheduler][InitCheckTask][onInitialFinished] 设备 12060 初始化存在 2 条失败指令: ReadVersion, WriteVEFCGasType (63/80)
[2026-06-02 16:05:29] [WARN] [Scheduler][InitCheckTask][onInitialFinished] 设备 12073 初始化存在 2 条失败指令: ReadVersion, WriteVEFCGasType (64/80)
[2026-06-02 16:05:29] [WARN] [Scheduler][InitCheckTask][onInitialFinished] 设备 12069 初始化存在 2 条失败指令: ReadVersion, WriteVEFCGasType (65/80)
[2026-06-02 16:05:29] [WARN] [Scheduler][InitCheckTask][onInitialFinished] 设备 12064 初始化存在 2 条失败指令: ReadVersion, WriteVEFCGasType (66/80)
[2026-06-02 16:05:29] [WARN] [Scheduler][InitCheckTask][onInitialFinished] 设备 12063 初始化存在 2 条失败指令: ReadVersion, WriteVEFCGasType (67/80)
[2026-06-02 16:05:29] [WARN] [Scheduler][InitCheckTask][onInitialFinished] 设备 12072 初始化存在 2 条失败指令: ReadVersion, WriteVEFCGasType (68/80)
[2026-06-02 16:05:29] [WARN] [Scheduler][InitCheckTask][onInitialFinished] 设备 12062 初始化存在 2 条失败指令: ReadVersion, WriteVEFCGasType (69/80)
[2026-06-02 16:05:29] [WARN] [Scheduler][InitCheckTask][onInitialFinished] 设备 12059 初始化存在 2 条失败指令: ReadVersion, WriteVEFCGasType (70/80)
[2026-06-02 16:05:29] [WARN] [Scheduler][InitCheckTask][onInitialFinished] 设备 12065 初始化存在 2 条失败指令: ReadVersion, WriteVEFCGasType (71/80)
[2026-06-02 16:05:29] [WARN] [Scheduler][InitCheckTask][onInitialFinished] 设备 12061 初始化存在 2 条失败指令: ReadVersion, WriteVEFCGasType (72/80)
[2026-06-02 16:05:29] [WARN] [Scheduler][InitCheckTask][onInitialFinished] 设备 12070 初始化存在 2 条失败指令: ReadVersion, WriteVEFCGasType (73/80)
[2026-06-02 16:05:29] [WARN] [Scheduler][InitCheckTask][onInitialFinished] 设备 12067 初始化存在 2 条失败指令: ReadVersion, WriteVEFCGasType (74/80)
[2026-06-02 16:05:29] [WARN] [Scheduler][InitCheckTask][onInitialFinished] 设备 12056 初始化存在 2 条失败指令: ReadVersion, WriteVEFCGasType (75/80)
[2026-06-02 16:05:29] [WARN] [Scheduler][InitCheckTask][onInitialFinished] 设备 12075 初始化存在 2 条失败指令: ReadVersion, WriteVEFCGasType (76/80)
[2026-06-02 16:05:29] [WARN] [Scheduler][InitCheckTask][onInitialFinished] 设备 12055 初始化存在 2 条失败指令: ReadVersion, WriteVEFCGasType (77/80)
[2026-06-02 16:05:29] [WARN] [Scheduler][InitCheckTask][onInitialFinished] 设备 12058 初始化存在 2 条失败指令: ReadVersion, WriteVEFCGasType (78/80)
[2026-06-02 16:05:29] [WARN] [Scheduler][InitCheckTask][onInitialFinished] 设备 12054 初始化存在 2 条失败指令: ReadVersion, WriteVEFCGasType (79/80)
[2026-06-02 16:05:29] [WARN] [Scheduler][InitCheckTask][onInitialFinished] 设备 12057 初始化存在 2 条失败指令: ReadVersion, WriteVEFCGasType (80/80)
[2026-06-02 16:05:29] [INFO] [Scheduler][InitCheckTask][checkAllFinished] 全部设备初始化检查完成，汇总结果: 总设备数=80, 成功=0, 失败=80
[2026-06-02 16:05:29] [DEBUG] [Scheduler][InitCheckTask][disconnectAll] 断开所有信号连接，连接数: 80
[2026-06-02 16:05:29] [WARN] [Scheduler][InitCheckTask][checkAllFinished] 初始化完成：0 台成功，80 台存在失败指令（12021, 12018, 12008, 12006, 12016, 12013, 12015, 12003, 12020, 12007, 12010, 12005, 12030, 12032, 12029, 12028, 12012, 12011, 12025, 12019, 12022, 12001, 12014, 12002, 12004, 12009, 12017, 12035, 12027, 12034, 12040, 12036, 12031, 12037, 12042, 12043, 12045, 12044, 12050, 12039, 12046, 12047, 12026, 12024, 12023, 12033, 12049, 12052, 12041, 12038, 12051, 12048, 12078, 12053, 12077, 12080, 12076, 12079, 12071, 12068, 12074, 12066, 12060, 12073, 12069, 12064, 12063, 12072, 12062, 12059, 12065, 12061, 12070, 12067, 12056, 12075, 12055, 12058, 12054, 12057）
[2026-06-02 16:05:29] [INFO] =============================InitCheckTask 调度任务结束=============================
[2026-06-02 16:44:52] [INFO] =============================InitCheckTask 调度任务开始=============================
[2026-06-02 16:44:52] [INFO] [Scheduler][InitCheckTask][start] 发现 80 个已注册的设备: 12001, 12002, 12003, 12004, 12005, 12006, 12007, 12008, 12009, 12010, 12011, 12012, 12013, 12014, 12015, 12016, 12017, 12018, 12019, 12020, 12021, 12022, 12023, 12024, 12025, 12026, 12027, 12028, 12029, 12030, 12031, 12032, 12033, 12034, 12035, 12036, 12037, 12038, 12039, 12040, 12041, 12042, 12043, 12044, 12045, 12046, 12047, 12048, 12049, 12050, 12051, 12052, 12053, 12054, 12055, 12056, 12057, 12058, 12059, 12060, 12061, 12062, 12063, 12064, 12065, 12066, 12067, 12068, 12069, 12070, 12071, 12072, 12073, 12074, 12075, 12076, 12077, 12078, 12079, 12080
[2026-06-02 16:44:52] [DEBUG] [Scheduler][InitCheckTask][start] 已连接设备 12001 的初始化完成信号
[2026-06-02 16:44:52] [DEBUG] [Scheduler][InitCheckTask][start] 已连接设备 12002 的初始化完成信号
[2026-06-02 16:44:52] [DEBUG] [Scheduler][InitCheckTask][start] 已连接设备 12003 的初始化完成信号
[2026-06-02 16:44:52] [DEBUG] [Scheduler][InitCheckTask][start] 已连接设备 12004 的初始化完成信号
[2026-06-02 16:44:52] [DEBUG] [Scheduler][InitCheckTask][start] 已连接设备 12005 的初始化完成信号
[2026-06-02 16:44:52] [DEBUG] [Scheduler][InitCheckTask][start] 已连接设备 12006 的初始化完成信号
[2026-06-02 16:44:52] [DEBUG] [Scheduler][InitCheckTask][start] 已连接设备 12007 的初始化完成信号
[2026-06-02 16:44:52] [DEBUG] [Scheduler][InitCheckTask][start] 已连接设备 12008 的初始化完成信号
[2026-06-02 16:44:52] [DEBUG] [Scheduler][InitCheckTask][start] 已连接设备 12009 的初始化完成信号
[2026-06-02 16:44:52] [DEBUG] [Scheduler][InitCheckTask][start] 已连接设备 12010 的初始化完成信号
[2026-06-02 16:44:52] [DEBUG] [Scheduler][InitCheckTask][start] 已连接设备 12011 的初始化完成信号
[2026-06-02 16:44:52] [DEBUG] [Scheduler][InitCheckTask][start] 已连接设备 12012 的初始化完成信号
[2026-06-02 16:44:52] [DEBUG] [Scheduler][InitCheckTask][start] 已连接设备 12013 的初始化完成信号
[2026-06-02 16:44:52] [DEBUG] [Scheduler][InitCheckTask][start] 已连接设备 12014 的初始化完成信号
[2026-06-02 16:44:52] [DEBUG] [Scheduler][InitCheckTask][start] 已连接设备 12015 的初始化完成信号
[2026-06-02 16:44:52] [DEBUG] [Scheduler][InitCheckTask][start] 已连接设备 12016 的初始化完成信号
[2026-06-02 16:44:52] [DEBUG] [Scheduler][InitCheckTask][start] 已连接设备 12017 的初始化完成信号
[2026-06-02 16:44:52] [DEBUG] [Scheduler][InitCheckTask][start] 已连接设备 12018 的初始化完成信号
[2026-06-02 16:44:52] [DEBUG] [Scheduler][InitCheckTask][start] 已连接设备 12019 的初始化完成信号
[2026-06-02 16:44:52] [DEBUG] [Scheduler][InitCheckTask][start] 已连接设备 12020 的初始化完成信号
[2026-06-02 16:44:52] [DEBUG] [Scheduler][InitCheckTask][start] 已连接设备 12021 的初始化完成信号
[2026-06-02 16:44:52] [DEBUG] [Scheduler][InitCheckTask][start] 已连接设备 12022 的初始化完成信号
[2026-06-02 16:44:52] [DEBUG] [Scheduler][InitCheckTask][start] 已连接设备 12023 的初始化完成信号
[2026-06-02 16:44:52] [DEBUG] [Scheduler][InitCheckTask][start] 已连接设备 12024 的初始化完成信号
[2026-06-02 16:44:52] [DEBUG] [Scheduler][InitCheckTask][start] 已连接设备 12025 的初始化完成信号
[2026-06-02 16:44:52] [DEBUG] [Scheduler][InitCheckTask][start] 已连接设备 12026 的初始化完成信号
[2026-06-02 16:44:52] [DEBUG] [Scheduler][InitCheckTask][start] 已连接设备 12027 的初始化完成信号
[2026-06-02 16:44:52] [DEBUG] [Scheduler][InitCheckTask][start] 已连接设备 12028 的初始化完成信号
[2026-06-02 16:44:52] [DEBUG] [Scheduler][InitCheckTask][start] 已连接设备 12029 的初始化完成信号
[2026-06-02 16:44:52] [DEBUG] [Scheduler][InitCheckTask][start] 已连接设备 12030 的初始化完成信号
[2026-06-02 16:44:52] [DEBUG] [Scheduler][InitCheckTask][start] 已连接设备 12031 的初始化完成信号
[2026-06-02 16:44:52] [DEBUG] [Scheduler][InitCheckTask][start] 已连接设备 12033 的初始化完成信号
[2026-06-02 16:44:52] [DEBUG] [Scheduler][InitCheckTask][start] 已连接设备 12032 的初始化完成信号
[2026-06-02 16:44:52] [DEBUG] [Scheduler][InitCheckTask][start] 已连接设备 12034 的初始化完成信号
[2026-06-02 16:44:52] [DEBUG] [Scheduler][InitCheckTask][start] 已连接设备 12035 的初始化完成信号
[2026-06-02 16:44:52] [DEBUG] [Scheduler][InitCheckTask][start] 已连接设备 12036 的初始化完成信号
[2026-06-02 16:44:52] [DEBUG] [Scheduler][InitCheckTask][start] 已连接设备 12037 的初始化完成信号
[2026-06-02 16:44:52] [DEBUG] [Scheduler][InitCheckTask][start] 已连接设备 12038 的初始化完成信号
[2026-06-02 16:44:52] [DEBUG] [Scheduler][InitCheckTask][start] 已连接设备 12039 的初始化完成信号
[2026-06-02 16:44:52] [DEBUG] [Scheduler][InitCheckTask][start] 已连接设备 12040 的初始化完成信号
[2026-06-02 16:44:52] [DEBUG] [Scheduler][InitCheckTask][start] 已连接设备 12041 的初始化完成信号
[2026-06-02 16:44:52] [DEBUG] [Scheduler][InitCheckTask][start] 已连接设备 12042 的初始化完成信号
[2026-06-02 16:44:52] [DEBUG] [Scheduler][InitCheckTask][start] 已连接设备 12043 的初始化完成信号
[2026-06-02 16:44:52] [DEBUG] [Scheduler][InitCheckTask][start] 已连接设备 12044 的初始化完成信号
[2026-06-02 16:44:52] [DEBUG] [Scheduler][InitCheckTask][start] 已连接设备 12045 的初始化完成信号
[2026-06-02 16:44:52] [DEBUG] [Scheduler][InitCheckTask][start] 已连接设备 12046 的初始化完成信号
[2026-06-02 16:44:52] [DEBUG] [Scheduler][InitCheckTask][start] 已连接设备 12047 的初始化完成信号
[2026-06-02 16:44:52] [DEBUG] [Scheduler][InitCheckTask][start] 已连接设备 12048 的初始化完成信号
[2026-06-02 16:44:52] [DEBUG] [Scheduler][InitCheckTask][start] 已连接设备 12049 的初始化完成信号
[2026-06-02 16:44:52] [DEBUG] [Scheduler][InitCheckTask][start] 已连接设备 12050 的初始化完成信号
[2026-06-02 16:44:52] [DEBUG] [Scheduler][InitCheckTask][start] 已连接设备 12051 的初始化完成信号
[2026-06-02 16:44:52] [DEBUG] [Scheduler][InitCheckTask][start] 已连接设备 12052 的初始化完成信号
[2026-06-02 16:44:52] [DEBUG] [Scheduler][InitCheckTask][start] 已连接设备 12053 的初始化完成信号
[2026-06-02 16:44:52] [DEBUG] [Scheduler][InitCheckTask][start] 已连接设备 12054 的初始化完成信号
[2026-06-02 16:44:52] [DEBUG] [Scheduler][InitCheckTask][start] 已连接设备 12055 的初始化完成信号
[2026-06-02 16:44:52] [DEBUG] [Scheduler][InitCheckTask][start] 已连接设备 12056 的初始化完成信号
[2026-06-02 16:44:52] [DEBUG] [Scheduler][InitCheckTask][start] 已连接设备 12057 的初始化完成信号
[2026-06-02 16:44:52] [DEBUG] [Scheduler][InitCheckTask][start] 已连接设备 12058 的初始化完成信号
[2026-06-02 16:44:52] [DEBUG] [Scheduler][InitCheckTask][start] 已连接设备 12059 的初始化完成信号
[2026-06-02 16:44:52] [DEBUG] [Scheduler][InitCheckTask][start] 已连接设备 12060 的初始化完成信号
[2026-06-02 16:44:52] [DEBUG] [Scheduler][InitCheckTask][start] 已连接设备 12061 的初始化完成信号
[2026-06-02 16:44:52] [DEBUG] [Scheduler][InitCheckTask][start] 已连接设备 12062 的初始化完成信号
[2026-06-02 16:44:52] [DEBUG] [Scheduler][InitCheckTask][start] 已连接设备 12063 的初始化完成信号
[2026-06-02 16:44:52] [DEBUG] [Scheduler][InitCheckTask][start] 已连接设备 12064 的初始化完成信号
[2026-06-02 16:44:52] [DEBUG] [Scheduler][InitCheckTask][start] 已连接设备 12065 的初始化完成信号
[2026-06-02 16:44:52] [DEBUG] [Scheduler][InitCheckTask][start] 已连接设备 12066 的初始化完成信号
[2026-06-02 16:44:52] [DEBUG] [Scheduler][InitCheckTask][start] 已连接设备 12067 的初始化完成信号
[2026-06-02 16:44:52] [DEBUG] [Scheduler][InitCheckTask][start] 已连接设备 12068 的初始化完成信号
[2026-06-02 16:44:52] [DEBUG] [Scheduler][InitCheckTask][start] 已连接设备 12069 的初始化完成信号
[2026-06-02 16:44:52] [DEBUG] [Scheduler][InitCheckTask][start] 已连接设备 12070 的初始化完成信号
[2026-06-02 16:44:52] [DEBUG] [Scheduler][InitCheckTask][start] 已连接设备 12071 的初始化完成信号
[2026-06-02 16:44:52] [DEBUG] [Scheduler][InitCheckTask][start] 已连接设备 12072 的初始化完成信号
[2026-06-02 16:44:52] [DEBUG] [Scheduler][InitCheckTask][start] 已连接设备 12073 的初始化完成信号
[2026-06-02 16:44:52] [DEBUG] [Scheduler][InitCheckTask][start] 已连接设备 12074 的初始化完成信号
[2026-06-02 16:44:52] [DEBUG] [Scheduler][InitCheckTask][start] 已连接设备 12075 的初始化完成信号
[2026-06-02 16:44:52] [DEBUG] [Scheduler][InitCheckTask][start] 已连接设备 12076 的初始化完成信号
[2026-06-02 16:44:52] [DEBUG] [Scheduler][InitCheckTask][start] 已连接设备 12077 的初始化完成信号
[2026-06-02 16:44:52] [DEBUG] [Scheduler][InitCheckTask][start] 已连接设备 12078 的初始化完成信号
[2026-06-02 16:44:52] [DEBUG] [Scheduler][InitCheckTask][start] 已连接设备 12079 的初始化完成信号
[2026-06-02 16:44:52] [DEBUG] [Scheduler][InitCheckTask][start] 已连接设备 12080 的初始化完成信号
[2026-06-02 16:44:52] [INFO] [Scheduler][InitCheckTask][start] 启动，等待 80 个设备完成初始化
[2026-06-02 16:45:00] [WARN] [Scheduler][InitCheckTask][onInitialFinished] 设备 12039 初始化存在 2 条失败指令: ReadVersion, WriteVEFCGasType (1/80)
[2026-06-02 16:45:00] [WARN] [Scheduler][InitCheckTask][onInitialFinished] 设备 12037 初始化存在 2 条失败指令: ReadVersion, WriteVEFCGasType (2/80)
[2026-06-02 16:45:00] [WARN] [Scheduler][InitCheckTask][onInitialFinished] 设备 12048 初始化存在 2 条失败指令: ReadVersion, WriteVEFCGasType (3/80)
[2026-06-02 16:45:00] [WARN] [Scheduler][InitCheckTask][onInitialFinished] 设备 12050 初始化存在 2 条失败指令: ReadVersion, WriteVEFCGasType (4/80)
[2026-06-02 16:45:00] [WARN] [Scheduler][InitCheckTask][onInitialFinished] 设备 12041 初始化存在 2 条失败指令: ReadVersion, WriteVEFCGasType (5/80)
[2026-06-02 16:45:00] [WARN] [Scheduler][InitCheckTask][onInitialFinished] 设备 12034 初始化存在 2 条失败指令: ReadVersion, WriteVEFCGasType (6/80)
[2026-06-02 16:45:00] [WARN] [Scheduler][InitCheckTask][onInitialFinished] 设备 12038 初始化存在 2 条失败指令: ReadVersion, WriteVEFCGasType (7/80)
[2026-06-02 16:45:00] [WARN] [Scheduler][InitCheckTask][onInitialFinished] 设备 12044 初始化存在 2 条失败指令: ReadVersion, WriteVEFCGasType (8/80)
[2026-06-02 16:45:00] [WARN] [Scheduler][InitCheckTask][onInitialFinished] 设备 12052 初始化存在 2 条失败指令: ReadVersion, WriteVEFCGasType (9/80)
[2026-06-02 16:45:00] [WARN] [Scheduler][InitCheckTask][onInitialFinished] 设备 12047 初始化存在 2 条失败指令: ReadVersion, WriteVEFCGasType (10/80)
[2026-06-02 16:45:00] [WARN] [Scheduler][InitCheckTask][onInitialFinished] 设备 12036 初始化存在 2 条失败指令: ReadVersion, WriteVEFCGasType (11/80)
[2026-06-02 16:45:00] [WARN] [Scheduler][InitCheckTask][onInitialFinished] 设备 12029 初始化存在 2 条失败指令: ReadVersion, WriteVEFCGasType (12/80)
[2026-06-02 16:45:00] [WARN] [Scheduler][InitCheckTask][onInitialFinished] 设备 12042 初始化存在 2 条失败指令: ReadVersion, WriteVEFCGasType (13/80)
[2026-06-02 16:45:00] [WARN] [Scheduler][InitCheckTask][onInitialFinished] 设备 12027 初始化存在 2 条失败指令: ReadVersion, WriteVEFCGasType (14/80)
[2026-06-02 16:45:00] [WARN] [Scheduler][InitCheckTask][onInitialFinished] 设备 12043 初始化存在 2 条失败指令: ReadVersion, WriteVEFCGasType (15/80)
[2026-06-02 16:45:00] [WARN] [Scheduler][InitCheckTask][onInitialFinished] 设备 12035 初始化存在 2 条失败指令: ReadVersion, WriteVEFCGasType (16/80)
[2026-06-02 16:45:00] [WARN] [Scheduler][InitCheckTask][onInitialFinished] 设备 12040 初始化存在 2 条失败指令: ReadVersion, WriteVEFCGasType (17/80)
[2026-06-02 16:45:00] [WARN] [Scheduler][InitCheckTask][onInitialFinished] 设备 12033 初始化存在 2 条失败指令: ReadVersion, WriteVEFCGasType (18/80)
[2026-06-02 16:45:00] [WARN] [Scheduler][InitCheckTask][onInitialFinished] 设备 12046 初始化存在 2 条失败指令: ReadVersion, WriteVEFCGasType (19/80)
[2026-06-02 16:45:00] [WARN] [Scheduler][InitCheckTask][onInitialFinished] 设备 12031 初始化存在 2 条失败指令: ReadVersion, WriteVEFCGasType (20/80)
[2026-06-02 16:45:00] [WARN] [Scheduler][InitCheckTask][onInitialFinished] 设备 12045 初始化存在 2 条失败指令: ReadVersion, WriteVEFCGasType (21/80)
[2026-06-02 16:45:00] [WARN] [Scheduler][InitCheckTask][onInitialFinished] 设备 12054 初始化存在 2 条失败指令: ReadVersion, WriteVEFCGasType (22/80)
[2026-06-02 16:45:00] [WARN] [Scheduler][InitCheckTask][onInitialFinished] 设备 12017 初始化存在 2 条失败指令: ReadVersion, WriteVEFCGasType (23/80)
[2026-06-02 16:45:00] [WARN] [Scheduler][InitCheckTask][onInitialFinished] 设备 12015 初始化存在 2 条失败指令: ReadVersion, WriteVEFCGasType (24/80)
[2026-06-02 16:45:00] [WARN] [Scheduler][InitCheckTask][onInitialFinished] 设备 12004 初始化存在 2 条失败指令: ReadVersion, WriteVEFCGasType (25/80)
[2026-06-02 16:45:00] [WARN] [Scheduler][InitCheckTask][onInitialFinished] 设备 12006 初始化存在 2 条失败指令: ReadVersion, WriteVEFCGasType (26/80)
[2026-06-02 16:45:00] [WARN] [Scheduler][InitCheckTask][onInitialFinished] 设备 12019 初始化存在 2 条失败指令: ReadVersion, WriteVEFCGasType (27/80)
[2026-06-02 16:45:00] [WARN] [Scheduler][InitCheckTask][onInitialFinished] 设备 12056 初始化存在 2 条失败指令: ReadVersion, WriteVEFCGasType (28/80)
[2026-06-02 16:45:00] [WARN] [Scheduler][InitCheckTask][onInitialFinished] 设备 12016 初始化存在 2 条失败指令: ReadVersion, WriteVEFCGasType (29/80)
[2026-06-02 16:45:00] [WARN] [Scheduler][InitCheckTask][onInitialFinished] 设备 12022 初始化存在 2 条失败指令: ReadVersion, WriteVEFCGasType (30/80)
[2026-06-02 16:45:00] [WARN] [Scheduler][InitCheckTask][onInitialFinished] 设备 12008 初始化存在 2 条失败指令: ReadVersion, WriteVEFCGasType (31/80)
[2026-06-02 16:45:00] [WARN] [Scheduler][InitCheckTask][onInitialFinished] 设备 12003 初始化存在 2 条失败指令: ReadVersion, WriteVEFCGasType (32/80)
[2026-06-02 16:45:00] [WARN] [Scheduler][InitCheckTask][onInitialFinished] 设备 12014 初始化存在 2 条失败指令: ReadVersion, WriteVEFCGasType (33/80)
[2026-06-02 16:45:00] [WARN] [Scheduler][InitCheckTask][onInitialFinished] 设备 12007 初始化存在 2 条失败指令: ReadVersion, WriteVEFCGasType (34/80)
[2026-06-02 16:45:00] [WARN] [Scheduler][InitCheckTask][onInitialFinished] 设备 12049 初始化存在 2 条失败指令: ReadVersion, WriteVEFCGasType (36/80)
[2026-06-02 16:45:00] [WARN] [Scheduler][InitCheckTask][onInitialFinished] 设备 12021 初始化存在 2 条失败指令: ReadVersion, WriteVEFCGasType (37/80)
[2026-06-02 16:45:00] [WARN] [Scheduler][InitCheckTask][onInitialFinished] 设备 12013 初始化存在 2 条失败指令: ReadVersion, WriteVEFCGasType (38/80)
[2026-06-02 16:45:00] [WARN] [Scheduler][InitCheckTask][onInitialFinished] 设备 12020 初始化存在 2 条失败指令: ReadVersion, WriteVEFCGasType (35/80)
[2026-06-02 16:45:00] [WARN] [Scheduler][InitCheckTask][onInitialFinished] 设备 12018 初始化存在 2 条失败指令: ReadVersion, WriteVEFCGasType (39/80)
[2026-06-02 16:45:00] [WARN] [Scheduler][InitCheckTask][onInitialFinished] 设备 12011 初始化存在 2 条失败指令: ReadVersion, WriteVEFCGasType (40/80)
[2026-06-02 16:45:00] [WARN] [Scheduler][InitCheckTask][onInitialFinished] 设备 12002 初始化存在 2 条失败指令: ReadVersion, WriteVEFCGasType (41/80)
[2026-06-02 16:45:00] [WARN] [Scheduler][InitCheckTask][onInitialFinished] 设备 12009 初始化存在 2 条失败指令: ReadVersion, WriteVEFCGasType (42/80)
[2026-06-02 16:45:00] [WARN] [Scheduler][InitCheckTask][onInitialFinished] 设备 12010 初始化存在 2 条失败指令: ReadVersion, WriteVEFCGasType (43/80)
[2026-06-02 16:45:00] [WARN] [Scheduler][InitCheckTask][onInitialFinished] 设备 12001 初始化存在 2 条失败指令: ReadVersion, WriteVEFCGasType (44/80)
[2026-06-02 16:45:00] [WARN] [Scheduler][InitCheckTask][onInitialFinished] 设备 12061 初始化存在 2 条失败指令: ReadVersion, WriteVEFCGasType (45/80)
[2026-06-02 16:45:00] [WARN] [Scheduler][InitCheckTask][onInitialFinished] 设备 12059 初始化存在 2 条失败指令: ReadVersion, WriteVEFCGasType (46/80)
[2026-06-02 16:45:00] [WARN] [Scheduler][InitCheckTask][onInitialFinished] 设备 12026 初始化存在 2 条失败指令: ReadVersion, WriteVEFCGasType (47/80)
[2026-06-02 16:45:00] [WARN] [Scheduler][InitCheckTask][onInitialFinished] 设备 12028 初始化存在 2 条失败指令: ReadVersion, WriteVEFCGasType (48/80)
[2026-06-02 16:45:00] [WARN] [Scheduler][InitCheckTask][onInitialFinished] 设备 12063 初始化存在 2 条失败指令: ReadVersion, WriteVEFCGasType (49/80)
[2026-06-02 16:45:00] [WARN] [Scheduler][InitCheckTask][onInitialFinished] 设备 12012 初始化存在 2 条失败指令: ReadVersion, WriteVEFCGasType (50/80)
[2026-06-02 16:45:00] [WARN] [Scheduler][InitCheckTask][onInitialFinished] 设备 12060 初始化存在 2 条失败指令: ReadVersion, WriteVEFCGasType (51/80)
[2026-06-02 16:45:00] [WARN] [Scheduler][InitCheckTask][onInitialFinished] 设备 12066 初始化存在 2 条失败指令: ReadVersion, WriteVEFCGasType (52/80)
[2026-06-02 16:45:00] [WARN] [Scheduler][InitCheckTask][onInitialFinished] 设备 12030 初始化存在 2 条失败指令: ReadVersion, WriteVEFCGasType (53/80)
[2026-06-02 16:45:00] [WARN] [Scheduler][InitCheckTask][onInitialFinished] 设备 12025 初始化存在 2 条失败指令: ReadVersion, WriteVEFCGasType (54/80)
[2026-06-02 16:45:00] [WARN] [Scheduler][InitCheckTask][onInitialFinished] 设备 12058 初始化存在 2 条失败指令: ReadVersion, WriteVEFCGasType (55/80)
[2026-06-02 16:45:00] [WARN] [Scheduler][InitCheckTask][onInitialFinished] 设备 12051 初始化存在 2 条失败指令: ReadVersion, WriteVEFCGasType (56/80)
[2026-06-02 16:45:00] [WARN] [Scheduler][InitCheckTask][onInitialFinished] 设备 12064 初始化存在 2 条失败指令: ReadVersion, WriteVEFCGasType (57/80)
[2026-06-02 16:45:00] [WARN] [Scheduler][InitCheckTask][onInitialFinished] 设备 12005 初始化存在 2 条失败指令: ReadVersion, WriteVEFCGasType (58/80)
[2026-06-02 16:45:00] [WARN] [Scheduler][InitCheckTask][onInitialFinished] 设备 12065 初始化存在 2 条失败指令: ReadVersion, WriteVEFCGasType (59/80)
[2026-06-02 16:45:00] [WARN] [Scheduler][InitCheckTask][onInitialFinished] 设备 12057 初始化存在 2 条失败指令: ReadVersion, WriteVEFCGasType (60/80)
[2026-06-02 16:45:00] [WARN] [Scheduler][InitCheckTask][onInitialFinished] 设备 12062 初始化存在 2 条失败指令: ReadVersion, WriteVEFCGasType (61/80)
[2026-06-02 16:45:00] [WARN] [Scheduler][InitCheckTask][onInitialFinished] 设备 12055 初始化存在 2 条失败指令: ReadVersion, WriteVEFCGasType (62/80)
[2026-06-02 16:45:00] [WARN] [Scheduler][InitCheckTask][onInitialFinished] 设备 12024 初始化存在 2 条失败指令: ReadVersion, WriteVEFCGasType (63/80)
[2026-06-02 16:45:00] [WARN] [Scheduler][InitCheckTask][onInitialFinished] 设备 12053 初始化存在 2 条失败指令: ReadVersion, WriteVEFCGasType (64/80)
[2026-06-02 16:45:00] [WARN] [Scheduler][InitCheckTask][onInitialFinished] 设备 12023 初始化存在 2 条失败指令: ReadVersion, WriteVEFCGasType (65/80)
[2026-06-02 16:45:00] [WARN] [Scheduler][InitCheckTask][onInitialFinished] 设备 12032 初始化存在 2 条失败指令: ReadVersion, WriteVEFCGasType (66/80)
[2026-06-02 16:45:00] [WARN] [Scheduler][InitCheckTask][onInitialFinished] 设备 12069 初始化存在 2 条失败指令: ReadVersion, WriteVEFCGasType (67/80)
[2026-06-02 16:45:00] [WARN] [Scheduler][InitCheckTask][onInitialFinished] 设备 12068 初始化存在 2 条失败指令: ReadVersion, WriteVEFCGasType (68/80)
[2026-06-02 16:45:00] [WARN] [Scheduler][InitCheckTask][onInitialFinished] 设备 12070 初始化存在 2 条失败指令: ReadVersion, WriteVEFCGasType (69/80)
[2026-06-02 16:45:00] [WARN] [Scheduler][InitCheckTask][onInitialFinished] 设备 12078 初始化存在 2 条失败指令: ReadVersion, WriteVEFCGasType (70/80)
[2026-06-02 16:45:00] [WARN] [Scheduler][InitCheckTask][onInitialFinished] 设备 12074 初始化存在 2 条失败指令: ReadVersion, WriteVEFCGasType (71/80)
[2026-06-02 16:45:00] [WARN] [Scheduler][InitCheckTask][onInitialFinished] 设备 12072 初始化存在 2 条失败指令: ReadVersion, WriteVEFCGasType (72/80)
[2026-06-02 16:45:00] [WARN] [Scheduler][InitCheckTask][onInitialFinished] 设备 12079 初始化存在 2 条失败指令: ReadVersion, WriteVEFCGasType (73/80)
[2026-06-02 16:45:00] [WARN] [Scheduler][InitCheckTask][onInitialFinished] 设备 12077 初始化存在 2 条失败指令: ReadVersion, WriteVEFCGasType (74/80)
[2026-06-02 16:45:00] [WARN] [Scheduler][InitCheckTask][onInitialFinished] 设备 12080 初始化存在 2 条失败指令: ReadVersion, WriteVEFCGasType (75/80)
[2026-06-02 16:45:00] [WARN] [Scheduler][InitCheckTask][onInitialFinished] 设备 12071 初始化存在 2 条失败指令: ReadVersion, WriteVEFCGasType (76/80)
[2026-06-02 16:45:00] [WARN] [Scheduler][InitCheckTask][onInitialFinished] 设备 12075 初始化存在 2 条失败指令: ReadVersion, WriteVEFCGasType (77/80)
[2026-06-02 16:45:00] [WARN] [Scheduler][InitCheckTask][onInitialFinished] 设备 12073 初始化存在 2 条失败指令: ReadVersion, WriteVEFCGasType (78/80)
[2026-06-02 16:45:00] [WARN] [Scheduler][InitCheckTask][onInitialFinished] 设备 12067 初始化存在 2 条失败指令: ReadVersion, WriteVEFCGasType (79/80)
[2026-06-02 16:45:00] [WARN] [Scheduler][InitCheckTask][onInitialFinished] 设备 12076 初始化存在 2 条失败指令: ReadVersion, WriteVEFCGasType (80/80)
[2026-06-02 16:45:00] [INFO] [Scheduler][InitCheckTask][checkAllFinished] 全部设备初始化检查完成，汇总结果: 总设备数=80, 成功=0, 失败=80
[2026-06-02 16:45:00] [DEBUG] [Scheduler][InitCheckTask][disconnectAll] 断开所有信号连接，连接数: 80
[2026-06-02 16:45:00] [WARN] [Scheduler][InitCheckTask][checkAllFinished] 初始化完成：0 台成功，80 台存在失败指令（12039, 12037, 12048, 12050, 12041, 12034, 12038, 12044, 12052, 12047, 12036, 12029, 12042, 12027, 12043, 12035, 12040, 12033, 12046, 12031, 12045, 12054, 12017, 12015, 12004, 12006, 12019, 12056, 12016, 12022, 12008, 12003, 12014, 12007, 12020, 12049, 12021, 12013, 12018, 12011, 12002, 12009, 12010, 12001, 12061, 12059, 12026, 12028, 12063, 12012, 12060, 12066, 12030, 12025, 12058, 12051, 12064, 12005, 12065, 12057, 12062, 12055, 12024, 12053, 12023, 12032, 12069, 12068, 12070, 12078, 12074, 12072, 12079, 12077, 12080, 12071, 12075, 12073, 12067, 12076）
[2026-06-02 16:45:00] [INFO] =============================InitCheckTask 调度任务结束=============================
