[2026-06-03 08:42:28] [INFO] [data][ModbusTcpMaster][start]：设备ID=12063 开始启动设备连接，连接模式=AutoReconnect
[2026-06-03 08:42:28] [INFO] [data][ModbusTcpMaster][enterState]：设备ID=12063 状态切换: 空闲 -> 连接中
[2026-06-03 08:42:28] [INFO] [data][ModbusTcpMaster][ModbusConnecter][connectDevice]：设备ID=12063 开始连接设备 IP=127.0.0.1 Port=562 模式=AutoReconnect
[2026-06-03 08:42:31] [WARN] [data][ModbusTcpMaster][ModbusConnecter][onAsyncReconnectTimeout]：设备ID=12063 自动重连超时，连续失败次数=1
[2026-06-03 08:42:31] [WARN] [data][ModbusTcpMaster][ModbusConnecter][onConnectionError]：设备ID=12063 连接阶段错误: Connection timeout (non-blocking)
[2026-06-03 08:42:31] [INFO] [data][ModbusTcpMaster][enterState]：设备ID=12063 状态切换: 连接中 -> 错误状态
[2026-06-03 08:42:31] [INFO] [data][ModbusTcpMaster][ModbusConnecter][startAutoReconnect]：设备ID=12063 开始自动重连，间隔=3000ms
[2026-06-03 08:42:43] [WARN] [data][ModbusTcpMaster][ModbusConnecter][onAsyncReconnectTimeout]：设备ID=12063 自动重连超时，连续失败次数=3
[2026-06-03 08:43:25] [WARN] [data][ModbusTcpMaster][ModbusConnecter][onAsyncReconnectTimeout]：设备ID=12063 自动重连超时，连续失败次数=10
[2026-06-03 08:44:25] [WARN] [data][ModbusTcpMaster][ModbusConnecter][onAsyncReconnectTimeout]：设备ID=12063 自动重连超时，连续失败次数=20
[2026-06-03 08:44:56] [INFO] [data][ModbusTcpMaster][stop]：设备ID=12063 停止设备，连接模式=AutoReconnect
[2026-06-03 08:44:56] [INFO] [data][ModbusTcpMaster][pauseChildren]：设备ID=12063 暂停普通收发子模块
[2026-06-03 08:44:56] [INFO] [data][ModbusTcpMaster][ModbusCommandSender][stop]：设备ID=12063 指令发送器停止
[2026-06-03 08:44:56] [INFO] [data][ModbusTcpMaster][ModbusConnecter][stopAutoReconnect]：设备ID=12063 停止自动重连
[2026-06-03 08:44:56] [INFO] [data][ModbusTcpMaster][ModbusConnecter][onConnectionStatusChanged]：设备ID=12063 连接状态变化: Disconnected
[2026-06-03 08:44:56] [INFO] [data][ModbusTcpMaster][ModbusCommandSender][stop]：设备ID=12063 指令发送器停止
[2026-06-03 08:44:56] [INFO] [data][ModbusTcpMaster][enterState]：设备ID=12063 状态切换: 错误状态 -> 连接中
[2026-06-03 08:44:56] [INFO] [data][ModbusTcpMaster][ModbusConnecter][disconnectDevice]：设备ID=12063 完全断开连接，已停止自动重连
[2026-06-03 08:44:56] [INFO] [data][ModbusTcpMaster][enterState]：设备ID=12063 状态切换: 连接中 -> 空闲
[2026-06-03 08:45:00] [INFO] [data][ModbusTcpMaster][start]：设备ID=12063 开始启动设备连接，连接模式=AutoReconnect
[2026-06-03 08:45:00] [INFO] [data][ModbusTcpMaster][enterState]：设备ID=12063 状态切换: 空闲 -> 连接中
[2026-06-03 08:45:00] [INFO] [data][ModbusTcpMaster][ModbusConnecter][connectDevice]：设备ID=12063 开始连接设备 IP=127.0.0.1 Port=562 模式=AutoReconnect
[2026-06-03 08:45:03] [WARN] [data][ModbusTcpMaster][ModbusConnecter][onAsyncReconnectTimeout]：设备ID=12063 自动重连超时，连续失败次数=1
[2026-06-03 08:45:03] [WARN] [data][ModbusTcpMaster][ModbusConnecter][onConnectionError]：设备ID=12063 连接阶段错误: Connection timeout (non-blocking)
[2026-06-03 08:45:03] [INFO] [data][ModbusTcpMaster][enterState]：设备ID=12063 状态切换: 连接中 -> 错误状态
[2026-06-03 08:45:03] [INFO] [data][ModbusTcpMaster][ModbusConnecter][startAutoReconnect]：设备ID=12063 开始自动重连，间隔=3000ms
[2026-06-03 08:45:15] [WARN] [data][ModbusTcpMaster][ModbusConnecter][onAsyncReconnectTimeout]：设备ID=12063 自动重连超时，连续失败次数=3
[2026-06-03 08:45:15] [INFO] [data][ModbusTcpMaster][stop]：设备ID=12063 停止设备，连接模式=AutoReconnect
[2026-06-03 08:45:15] [INFO] [data][ModbusTcpMaster][pauseChildren]：设备ID=12063 暂停普通收发子模块
[2026-06-03 08:45:15] [INFO] [data][ModbusTcpMaster][ModbusCommandSender][stop]：设备ID=12063 指令发送器停止
[2026-06-03 08:45:15] [INFO] [data][ModbusTcpMaster][ModbusConnecter][stopAutoReconnect]：设备ID=12063 停止自动重连
[2026-06-03 08:45:15] [INFO] [data][ModbusTcpMaster][ModbusConnecter][onConnectionStatusChanged]：设备ID=12063 连接状态变化: Disconnected
[2026-06-03 08:45:15] [INFO] [data][ModbusTcpMaster][ModbusCommandSender][stop]：设备ID=12063 指令发送器停止
[2026-06-03 08:45:15] [INFO] [data][ModbusTcpMaster][enterState]：设备ID=12063 状态切换: 错误状态 -> 连接中
[2026-06-03 08:45:15] [INFO] [data][ModbusTcpMaster][ModbusConnecter][disconnectDevice]：设备ID=12063 完全断开连接，已停止自动重连
[2026-06-03 08:45:15] [INFO] [data][ModbusTcpMaster][enterState]：设备ID=12063 状态切换: 连接中 -> 空闲
[2026-06-03 08:45:18] [INFO] [data][ModbusTcpMaster][start]：设备ID=12063 开始启动设备连接，连接模式=AutoReconnect
[2026-06-03 08:45:18] [INFO] [data][ModbusTcpMaster][enterState]：设备ID=12063 状态切换: 空闲 -> 连接中
[2026-06-03 08:45:18] [INFO] [data][ModbusTcpMaster][ModbusConnecter][connectDevice]：设备ID=12063 开始连接设备 IP=127.0.0.1 Port=562 模式=AutoReconnect
[2026-06-03 08:45:21] [INFO] [data][ModbusTcpMaster][ModbusConnecter][onConnectionStatusChanged]：设备ID=12063 连接状态变化: Connected
[2026-06-03 08:45:21] [INFO] [data][ModbusTcpMaster][resumeChildren]：设备ID=12063 恢复普通收发子模块
[2026-06-03 08:45:21] [INFO] [data][ModbusTcpMaster][enterState]：设备ID=12063 状态切换: 连接中 -> 指令发送器已启动
[2026-06-03 08:45:21] [INFO] [data][ModbusTcpMaster][ModbusCommandSender][start]：设备ID=12063 指令发送器启动
[2026-06-03 08:45:21] [INFO] [data][ModbusTcpMaster][ModbusCommandSender][startSender]：设备ID=12063 指令发送器已启动，立即进入初始化阶段
[2026-06-03 08:45:21] [INFO] [data][ModbusTcpMaster][enterState]：设备ID=12063 状态切换: 指令发送器已启动 -> 初始指令下发中
[2026-06-03 08:45:21] [INFO] [data][ModbusTcpMaster][InitialCommandIssuer][onLogMessage]：设备ID=12063 [CyclicCommandIssuer] 启动循环下发 指令数:2 轮数:1 间隔:100ms
[2026-06-03 08:45:21] [INFO] [data][ModbusTcpMaster][InitialCommandIssuer][onLogMessage]：设备ID=12063 [CyclicCommandIssuer] 发送指令:ReadVersion 索引:0
[2026-06-03 08:45:21] [INFO] [data][ModbusTcpMaster][ModbusCommandSender][doSend]：设备ID=12063 发送指令 module=INITIAL id=ReadVersion uuid=249 sendCount=1/4 timeout=1000ms bytes=8 crc=20 0E
[2026-06-03 08:45:21] [INFO] [data][ModbusTcpMaster][enterState]：设备ID=12063 状态切换: 初始指令下发中 -> 启动定时发送器中
[2026-06-03 08:45:21] [INFO] [data][ModbusTcpMaster][PeriodicCommandSender][startPeriodicSender]：设备ID=12063 定时发送器已启动，进入正常运行状态
[2026-06-03 08:45:21] [INFO] [data][ModbusTcpMaster][enterState]：设备ID=12063 状态切换: 启动定时发送器中 -> 正常运行
[2026-06-03 08:45:21] [INFO] [data][ModbusTcpMaster][ModbusConnecter][startConnectionCheck]：设备ID=12063 启动连接心跳检查，间隔=3000ms
[2026-06-03 08:45:21] [INFO] [data][ModbusTcpMaster][ModbusConnecter][onAsyncReconnectConnected]：设备ID=12063 TCP连接成功
[2026-06-03 08:45:21] [INFO] [data][ModbusTcpMaster][InitialCommandIssuer][onLogMessage]：设备ID=12063 [CyclicCommandIssuer] 发送指令:WriteVEFCGasType 索引:1
[2026-06-03 08:45:22] [WARN] [data][ModbusTcpMaster][ModbusCommandReceiver][onResponseTimeout]：设备ID=12063 响应超时 module=INITIAL id=ReadVersion uuid=249 timeout=1000ms
[2026-06-03 08:45:22] [WARN] [data][ModbusTcpMaster][ModbusCommandSender][handleFailedCommand]：设备ID=12063 指令失败，准备重发 module=INITIAL id=ReadVersion uuid=249 error=等待RTU响应超时 sendCount=1/4
[2026-06-03 08:45:22] [INFO] [data][ModbusTcpMaster][ModbusCommandSender][addToRetryQueue]：设备ID=12063 指令已加入重发队列 module=INITIAL id=ReadVersion uuid=249 sendCount=1/4
[2026-06-03 08:45:22] [INFO] [data][ModbusTcpMaster][ModbusCommandSender][doSend]：设备ID=12063 发送指令 module=INITIAL id=ReadVersion uuid=249 sendCount=2/4 timeout=1000ms bytes=8 crc=20 0E
[2026-06-03 08:45:23] [WARN] [data][ModbusTcpMaster][ModbusCommandReceiver][onResponseTimeout]：设备ID=12063 响应超时 module=INITIAL id=ReadVersion uuid=249 timeout=1000ms
[2026-06-03 08:45:23] [WARN] [data][ModbusTcpMaster][ModbusCommandSender][handleFailedCommand]：设备ID=12063 指令失败，准备重发 module=INITIAL id=ReadVersion uuid=249 error=等待RTU响应超时 sendCount=2/4
[2026-06-03 08:45:23] [INFO] [data][ModbusTcpMaster][ModbusCommandSender][addToRetryQueue]：设备ID=12063 指令已加入重发队列 module=INITIAL id=ReadVersion uuid=249 sendCount=2/4
[2026-06-03 08:45:23] [INFO] [data][ModbusTcpMaster][ModbusCommandSender][doSend]：设备ID=12063 发送指令 module=INITIAL id=ReadVersion uuid=249 sendCount=3/4 timeout=1000ms bytes=8 crc=20 0E
[2026-06-03 08:45:23] [INFO] [data][ModbusTcpMaster][SH85SelfChecker][submitStartSelfCheck]：设备ID=12063 下发 StartSelfCheck uuid=463
[2026-06-03 08:45:23] [INFO] [data][ModbusTcpMaster][SH85SelfChecker][enterState]：设备ID=12063 状态切换: 空闲 -> 下发自检指令中
[2026-06-03 08:45:23] [INFO] [data][ModbusTcpMaster][SH85SelfChecker][start]：设备ID=12063 自检流程已启动
[2026-06-03 08:45:24] [WARN] [data][ModbusTcpMaster][ModbusCommandReceiver][onResponseTimeout]：设备ID=12063 响应超时 module=INITIAL id=ReadVersion uuid=249 timeout=1000ms
[2026-06-03 08:45:24] [WARN] [data][ModbusTcpMaster][ModbusCommandSender][handleFailedCommand]：设备ID=12063 指令失败，准备重发 module=INITIAL id=ReadVersion uuid=249 error=等待RTU响应超时 sendCount=3/4
[2026-06-03 08:45:24] [INFO] [data][ModbusTcpMaster][ModbusCommandSender][addToRetryQueue]：设备ID=12063 指令已加入重发队列 module=INITIAL id=ReadVersion uuid=249 sendCount=3/4
[2026-06-03 08:45:24] [INFO] [data][ModbusTcpMaster][ModbusCommandSender][doSend]：设备ID=12063 发送指令 module=INITIAL id=ReadVersion uuid=249 sendCount=4/4 timeout=1000ms bytes=8 crc=20 0E
[2026-06-03 08:45:25] [WARN] [data][ModbusTcpMaster][ModbusCommandReceiver][onResponseTimeout]：设备ID=12063 响应超时 module=INITIAL id=ReadVersion uuid=249 timeout=1000ms
[2026-06-03 08:45:25] [WARN] [data][ModbusTcpMaster][ModbusCommandSender][handleFailedCommand]：设备ID=12063 指令失败 module=INITIAL id=ReadVersion uuid=249 error=等待RTU响应超时 sendCount=4/4 timedOut=1 checksumError=0 deviceBusy=0
[2026-06-03 08:45:25] [INFO] [data][ModbusTcpMaster][InitialCommandIssuer][onLogMessage]：设备ID=12063 [CyclicCommandIssuer] 指令失败:ReadVersion 原因:等待RTU响应超时 发送次数:4
[2026-06-03 08:45:25] [INFO] [data][ModbusTcpMaster][ModbusCommandSender][doSend]：设备ID=12063 发送指令 module=INITIAL id=WriteVEFCGasType uuid=250 sendCount=1/4 timeout=1000ms bytes=8 crc=D8 0A
[2026-06-03 08:45:26] [WARN] [data][ModbusTcpMaster][ModbusCommandReceiver][onResponseTimeout]：设备ID=12063 响应超时 module=INITIAL id=WriteVEFCGasType uuid=250 timeout=1000ms
[2026-06-03 08:45:26] [WARN] [data][ModbusTcpMaster][ModbusCommandSender][handleFailedCommand]：设备ID=12063 指令失败，准备重发 module=INITIAL id=WriteVEFCGasType uuid=250 error=等待RTU响应超时 sendCount=1/4
[2026-06-03 08:45:26] [INFO] [data][ModbusTcpMaster][ModbusCommandSender][addToRetryQueue]：设备ID=12063 指令已加入重发队列 module=INITIAL id=WriteVEFCGasType uuid=250 sendCount=1/4
[2026-06-03 08:45:26] [INFO] [data][ModbusTcpMaster][ModbusCommandSender][doSend]：设备ID=12063 发送指令 module=INITIAL id=WriteVEFCGasType uuid=250 sendCount=2/4 timeout=1000ms bytes=8 crc=D8 0A
[2026-06-03 08:45:27] [WARN] [data][ModbusTcpMaster][ModbusCommandReceiver][onResponseTimeout]：设备ID=12063 响应超时 module=INITIAL id=WriteVEFCGasType uuid=250 timeout=1000ms
[2026-06-03 08:45:27] [WARN] [data][ModbusTcpMaster][ModbusCommandSender][handleFailedCommand]：设备ID=12063 指令失败，准备重发 module=INITIAL id=WriteVEFCGasType uuid=250 error=等待RTU响应超时 sendCount=2/4
[2026-06-03 08:45:27] [INFO] [data][ModbusTcpMaster][ModbusCommandSender][addToRetryQueue]：设备ID=12063 指令已加入重发队列 module=INITIAL id=WriteVEFCGasType uuid=250 sendCount=2/4
[2026-06-03 08:45:27] [INFO] [data][ModbusTcpMaster][ModbusCommandSender][doSend]：设备ID=12063 发送指令 module=INITIAL id=WriteVEFCGasType uuid=250 sendCount=3/4 timeout=1000ms bytes=8 crc=D8 0A
[2026-06-03 08:45:28] [WARN] [data][ModbusTcpMaster][ModbusCommandReceiver][onResponseTimeout]：设备ID=12063 响应超时 module=INITIAL id=WriteVEFCGasType uuid=250 timeout=1000ms
[2026-06-03 08:45:28] [WARN] [data][ModbusTcpMaster][ModbusCommandSender][handleFailedCommand]：设备ID=12063 指令失败，准备重发 module=INITIAL id=WriteVEFCGasType uuid=250 error=等待RTU响应超时 sendCount=3/4
[2026-06-03 08:45:28] [INFO] [data][ModbusTcpMaster][ModbusCommandSender][addToRetryQueue]：设备ID=12063 指令已加入重发队列 module=INITIAL id=WriteVEFCGasType uuid=250 sendCount=3/4
[2026-06-03 08:45:28] [INFO] [data][ModbusTcpMaster][ModbusCommandSender][doSend]：设备ID=12063 发送指令 module=INITIAL id=WriteVEFCGasType uuid=250 sendCount=4/4 timeout=1000ms bytes=8 crc=D8 0A
[2026-06-03 08:45:29] [WARN] [data][ModbusTcpMaster][ModbusCommandReceiver][onResponseTimeout]：设备ID=12063 响应超时 module=INITIAL id=WriteVEFCGasType uuid=250 timeout=1000ms
[2026-06-03 08:45:29] [WARN] [data][ModbusTcpMaster][ModbusCommandSender][handleFailedCommand]：设备ID=12063 指令失败 module=INITIAL id=WriteVEFCGasType uuid=250 error=等待RTU响应超时 sendCount=4/4 timedOut=1 checksumError=0 deviceBusy=0
[2026-06-03 08:45:29] [INFO] [data][ModbusTcpMaster][InitialCommandIssuer][onLogMessage]：设备ID=12063 [CyclicCommandIssuer] 指令失败:WriteVEFCGasType 原因:等待RTU响应超时 发送次数:4
[2026-06-03 08:45:29] [INFO] [data][ModbusTcpMaster][InitialCommandIssuer][onLogMessage]：设备ID=12063 [CyclicCommandIssuer] 第1轮完成 失败:2条
[2026-06-03 08:45:29] [INFO] [data][ModbusTcpMaster][InitialCommandIssuer][onRoundComplete]：设备ID=12063 初始化指令完成，失败数=2
[2026-06-03 08:45:29] [INFO] [data][ModbusTcpMaster][InitialCommandIssuer][onInitialFinished]：设备ID=12063 初始化完成，失败指令数=2
[2026-06-03 08:45:29] [INFO] [data][ModbusTcpMaster][InitialCommandIssuer][onLogMessage]：设备ID=12063 [CyclicCommandIssuer] 全部轮次执行完毕
[2026-06-03 08:45:29] [INFO] [data][ModbusTcpMaster][ModbusCommandSender][doSend]：设备ID=12063 发送指令 module=BUSINESS id=WriteQRCode uuid=380 sendCount=1/6 timeout=1000ms bytes=13 crc=2F 8E
[2026-06-03 08:45:30] [WARN] [data][ModbusTcpMaster][ModbusCommandReceiver][onResponseTimeout]：设备ID=12063 响应超时 module=BUSINESS id=WriteQRCode uuid=380 timeout=1000ms
[2026-06-03 08:45:30] [WARN] [data][ModbusTcpMaster][ModbusCommandSender][handleFailedCommand]：设备ID=12063 指令失败，准备重发 module=BUSINESS id=WriteQRCode uuid=380 error=等待RTU响应超时 sendCount=1/6
[2026-06-03 08:45:30] [INFO] [data][ModbusTcpMaster][ModbusCommandSender][addToRetryQueue]：设备ID=12063 指令已加入重发队列 module=BUSINESS id=WriteQRCode uuid=380 sendCount=1/6
[2026-06-03 08:45:30] [INFO] [data][ModbusTcpMaster][ModbusCommandSender][doSend]：设备ID=12063 发送指令 module=BUSINESS id=WriteQRCode uuid=380 sendCount=2/6 timeout=1000ms bytes=13 crc=2F 8E
[2026-06-03 08:45:31] [WARN] [data][ModbusTcpMaster][ModbusCommandReceiver][onResponseTimeout]：设备ID=12063 响应超时 module=BUSINESS id=WriteQRCode uuid=380 timeout=1000ms
[2026-06-03 08:45:31] [WARN] [data][ModbusTcpMaster][ModbusCommandSender][handleFailedCommand]：设备ID=12063 指令失败，准备重发 module=BUSINESS id=WriteQRCode uuid=380 error=等待RTU响应超时 sendCount=2/6
[2026-06-03 08:45:31] [INFO] [data][ModbusTcpMaster][ModbusCommandSender][addToRetryQueue]：设备ID=12063 指令已加入重发队列 module=BUSINESS id=WriteQRCode uuid=380 sendCount=2/6
[2026-06-03 08:45:31] [INFO] [data][ModbusTcpMaster][ModbusCommandSender][doSend]：设备ID=12063 发送指令 module=BUSINESS id=WriteQRCode uuid=380 sendCount=3/6 timeout=1000ms bytes=13 crc=2F 8E
[2026-06-03 08:45:32] [WARN] [data][ModbusTcpMaster][ModbusCommandReceiver][onResponseTimeout]：设备ID=12063 响应超时 module=BUSINESS id=WriteQRCode uuid=380 timeout=1000ms
[2026-06-03 08:45:32] [WARN] [data][ModbusTcpMaster][ModbusCommandSender][handleFailedCommand]：设备ID=12063 指令失败，准备重发 module=BUSINESS id=WriteQRCode uuid=380 error=等待RTU响应超时 sendCount=3/6
[2026-06-03 08:45:32] [INFO] [data][ModbusTcpMaster][ModbusCommandSender][addToRetryQueue]：设备ID=12063 指令已加入重发队列 module=BUSINESS id=WriteQRCode uuid=380 sendCount=3/6
[2026-06-03 08:45:32] [INFO] [data][ModbusTcpMaster][ModbusCommandSender][doSend]：设备ID=12063 发送指令 module=BUSINESS id=WriteQRCode uuid=380 sendCount=4/6 timeout=1000ms bytes=13 crc=2F 8E
[2026-06-03 08:45:33] [WARN] [data][ModbusTcpMaster][ModbusCommandReceiver][onResponseTimeout]：设备ID=12063 响应超时 module=BUSINESS id=WriteQRCode uuid=380 timeout=1000ms
[2026-06-03 08:45:33] [WARN] [data][ModbusTcpMaster][ModbusCommandSender][handleFailedCommand]：设备ID=12063 指令失败，准备重发 module=BUSINESS id=WriteQRCode uuid=380 error=等待RTU响应超时 sendCount=4/6
[2026-06-03 08:45:33] [INFO] [data][ModbusTcpMaster][ModbusCommandSender][addToRetryQueue]：设备ID=12063 指令已加入重发队列 module=BUSINESS id=WriteQRCode uuid=380 sendCount=4/6
[2026-06-03 08:45:33] [INFO] [data][ModbusTcpMaster][ModbusCommandSender][doSend]：设备ID=12063 发送指令 module=BUSINESS id=WriteQRCode uuid=380 sendCount=5/6 timeout=1000ms bytes=13 crc=2F 8E
[2026-06-03 08:45:34] [WARN] [data][ModbusTcpMaster][ModbusCommandReceiver][onResponseTimeout]：设备ID=12063 响应超时 module=BUSINESS id=WriteQRCode uuid=380 timeout=1000ms
[2026-06-03 08:45:34] [WARN] [data][ModbusTcpMaster][ModbusCommandSender][handleFailedCommand]：设备ID=12063 指令失败，准备重发 module=BUSINESS id=WriteQRCode uuid=380 error=等待RTU响应超时 sendCount=5/6
[2026-06-03 08:45:34] [INFO] [data][ModbusTcpMaster][ModbusCommandSender][addToRetryQueue]：设备ID=12063 指令已加入重发队列 module=BUSINESS id=WriteQRCode uuid=380 sendCount=5/6
[2026-06-03 08:45:34] [INFO] [data][ModbusTcpMaster][ModbusCommandSender][doSend]：设备ID=12063 发送指令 module=BUSINESS id=WriteQRCode uuid=380 sendCount=6/6 timeout=1000ms bytes=13 crc=2F 8E
[2026-06-03 08:45:35] [WARN] [data][ModbusTcpMaster][ModbusCommandReceiver][onResponseTimeout]：设备ID=12063 响应超时 module=BUSINESS id=WriteQRCode uuid=380 timeout=1000ms
[2026-06-03 08:45:35] [WARN] [data][ModbusTcpMaster][ModbusCommandSender][handleFailedCommand]：设备ID=12063 指令失败 module=BUSINESS id=WriteQRCode uuid=380 error=等待RTU响应超时 sendCount=6/6 timedOut=1 checksumError=0 deviceBusy=0
[2026-06-03 08:45:35] [INFO] [data][ModbusTcpMaster][ModbusCommandSender][doSend]：设备ID=12063 发送指令 module=BUSINESS id=StartSelfCheck uuid=463 sendCount=1/1 timeout=1000ms bytes=8 crc=F9 B5
[2026-06-03 08:45:36] [WARN] [data][ModbusTcpMaster][ModbusCommandReceiver][onResponseTimeout]：设备ID=12063 响应超时 module=BUSINESS id=StartSelfCheck uuid=463 timeout=1000ms
[2026-06-03 08:45:36] [WARN] [data][ModbusTcpMaster][ModbusCommandSender][handleFailedCommand]：设备ID=12063 指令失败 module=BUSINESS id=StartSelfCheck uuid=463 error=等待RTU响应超时 sendCount=1/1 timedOut=1 checksumError=0 deviceBusy=0
[2026-06-03 08:45:36] [WARN] [data][ModbusTcpMaster][SH85SelfChecker][onCommandFinished]：设备ID=12063 响应 state=下发自检指令中 ok=0 id=StartSelfCheck uuid=463 error=等待RTU响应超时
TX：01 06 00 17 00 A5 F9 B5
RX：01 06 00 17 00 A5
[2026-06-03 08:45:36] [WARN] [data][ModbusTcpMaster][SH85SelfChecker][emitErrorAndFinish]：设备ID=12063 自检失败 result=StartCommandFailed msg=启动自检指令下发失败: 等待RTU响应超时
[2026-06-03 08:45:36] [INFO] [data][ModbusTcpMaster][SH85SelfChecker][enterState]：设备ID=12063 状态切换: 下发自检指令中 -> 结束
[2026-06-03 08:45:36] [WARN] [data][ModbusTcpMaster][SH85SelfChecker][finishOnly]：设备ID=12063 自检完成 success=0 result=StartCommandFailed msg=启动自检指令下发失败: 等待RTU响应超时
[2026-06-03 08:53:39] [INFO] [data][ModbusTcpMaster][stop]：设备ID=12063 停止设备，连接模式=AutoReconnect
[2026-06-03 08:53:39] [INFO] [data][ModbusTcpMaster][pauseChildren]：设备ID=12063 暂停普通收发子模块
[2026-06-03 08:53:39] [INFO] [data][ModbusTcpMaster][ModbusCommandSender][stop]：设备ID=12063 指令发送器停止
[2026-06-03 08:53:39] [INFO] [data][ModbusTcpMaster][ModbusConnecter][stopConnectionCheck]：设备ID=12063 停止连接心跳检查
[2026-06-03 08:53:39] [WARN] [data][ModbusTcpMaster][ModbusConnecter][disconnected]：设备ID=12063 TCP连接断开
[2026-06-03 08:53:39] [INFO] [data][ModbusTcpMaster][ModbusConnecter][onConnectionStatusChanged]：设备ID=12063 连接状态变化: Disconnected
[2026-06-03 08:53:39] [INFO] [data][ModbusTcpMaster][ModbusCommandSender][stop]：设备ID=12063 指令发送器停止
[2026-06-03 08:53:39] [INFO] [data][ModbusTcpMaster][enterState]：设备ID=12063 状态切换: 正常运行 -> 连接中
[2026-06-03 08:53:39] [WARN] [data][ModbusTcpMaster][ModbusConnecter][onConnectionError]：设备ID=12063 连接阶段错误: Connection lost: 未知的错误
[2026-06-03 08:53:39] [INFO] [data][ModbusTcpMaster][enterState]：设备ID=12063 状态切换: 连接中 -> 错误状态
[2026-06-03 08:53:39] [INFO] [data][ModbusTcpMaster][ModbusConnecter][disconnectDevice]：设备ID=12063 完全断开连接，已停止自动重连
[2026-06-03 08:53:39] [INFO] [data][ModbusTcpMaster][enterState]：设备ID=12063 状态切换: 错误状态 -> 空闲
[2026-06-03 09:00:21] [INFO] [data][ModbusTcpMaster][start]：设备ID=12063 开始启动设备连接，连接模式=AutoReconnect
[2026-06-03 09:00:21] [INFO] [data][ModbusTcpMaster][enterState]：设备ID=12063 状态切换: 空闲 -> 连接中
[2026-06-03 09:00:21] [INFO] [data][ModbusTcpMaster][ModbusConnecter][connectDevice]：设备ID=12063 开始连接设备 IP=127.0.0.1 Port=562 模式=AutoReconnect
[2026-06-03 09:00:21] [INFO] [data][ModbusTcpMaster][ModbusConnecter][onConnectionStatusChanged]：设备ID=12063 连接状态变化: Connected
[2026-06-03 09:00:21] [INFO] [data][ModbusTcpMaster][resumeChildren]：设备ID=12063 恢复普通收发子模块
[2026-06-03 09:00:21] [INFO] [data][ModbusTcpMaster][enterState]：设备ID=12063 状态切换: 连接中 -> 指令发送器已启动
[2026-06-03 09:00:21] [INFO] [data][ModbusTcpMaster][ModbusCommandSender][start]：设备ID=12063 指令发送器启动
[2026-06-03 09:00:21] [INFO] [data][ModbusTcpMaster][ModbusCommandSender][startSender]：设备ID=12063 指令发送器已启动，立即进入初始化阶段
[2026-06-03 09:00:21] [INFO] [data][ModbusTcpMaster][enterState]：设备ID=12063 状态切换: 指令发送器已启动 -> 初始指令下发中
[2026-06-03 09:00:21] [INFO] [data][ModbusTcpMaster][InitialCommandIssuer][onLogMessage]：设备ID=12063 [CyclicCommandIssuer] 启动循环下发 指令数:2 轮数:1 间隔:100ms
[2026-06-03 09:00:21] [INFO] [data][ModbusTcpMaster][InitialCommandIssuer][onLogMessage]：设备ID=12063 [CyclicCommandIssuer] 发送指令:ReadVersion 索引:0
[2026-06-03 09:00:21] [INFO] [data][ModbusTcpMaster][ModbusCommandSender][doSend]：设备ID=12063 发送指令 module=INITIAL id=ReadVersion uuid=249 sendCount=1/4 timeout=1000ms bytes=8 crc=20 0E
[2026-06-03 09:00:21] [INFO] [data][ModbusTcpMaster][enterState]：设备ID=12063 状态切换: 初始指令下发中 -> 启动定时发送器中
[2026-06-03 09:00:21] [INFO] [data][ModbusTcpMaster][PeriodicCommandSender][startPeriodicSender]：设备ID=12063 定时发送器已启动，进入正常运行状态
[2026-06-03 09:00:21] [INFO] [data][ModbusTcpMaster][enterState]：设备ID=12063 状态切换: 启动定时发送器中 -> 正常运行
[2026-06-03 09:00:21] [INFO] [data][ModbusTcpMaster][ModbusConnecter][startConnectionCheck]：设备ID=12063 启动连接心跳检查，间隔=3000ms
[2026-06-03 09:00:21] [INFO] [data][ModbusTcpMaster][ModbusConnecter][onAsyncReconnectConnected]：设备ID=12063 TCP连接成功
[2026-06-03 09:00:21] [INFO] [data][ModbusTcpMaster][InitialCommandIssuer][onLogMessage]：设备ID=12063 [CyclicCommandIssuer] 发送指令:WriteVEFCGasType 索引:1
[2026-06-03 09:00:22] [WARN] [data][ModbusTcpMaster][ModbusCommandReceiver][onResponseTimeout]：设备ID=12063 响应超时 module=INITIAL id=ReadVersion uuid=249 timeout=1000ms
[2026-06-03 09:00:22] [INFO] [data][ModbusTcpMaster][ModbusCommandSender][addToRetryQueue]：设备ID=12063 指令已加入重发队列 module=INITIAL id=ReadVersion uuid=249 sendCount=1/4
[2026-06-03 09:00:22] [WARN] [data][ModbusTcpMaster][ModbusCommandSender][handleFailedCommand]：设备ID=12063 指令失败，准备重发 module=INITIAL id=ReadVersion uuid=249 error=等待RTU响应超时 sendCount=1/4
[2026-06-03 09:00:22] [INFO] [data][ModbusTcpMaster][ModbusCommandSender][doSend]：设备ID=12063 发送指令 module=INITIAL id=ReadVersion uuid=249 sendCount=2/4 timeout=1000ms bytes=8 crc=20 0E
[2026-06-03 09:00:23] [WARN] [data][ModbusTcpMaster][ModbusCommandReceiver][onResponseTimeout]：设备ID=12063 响应超时 module=INITIAL id=ReadVersion uuid=249 timeout=1000ms
[2026-06-03 09:00:23] [WARN] [data][ModbusTcpMaster][ModbusCommandSender][handleFailedCommand]：设备ID=12063 指令失败，准备重发 module=INITIAL id=ReadVersion uuid=249 error=等待RTU响应超时 sendCount=2/4
[2026-06-03 09:00:23] [INFO] [data][ModbusTcpMaster][ModbusCommandSender][addToRetryQueue]：设备ID=12063 指令已加入重发队列 module=INITIAL id=ReadVersion uuid=249 sendCount=2/4
[2026-06-03 09:00:23] [INFO] [data][ModbusTcpMaster][ModbusCommandSender][doSend]：设备ID=12063 发送指令 module=INITIAL id=ReadVersion uuid=249 sendCount=3/4 timeout=1000ms bytes=8 crc=20 0E
[2026-06-03 09:00:24] [WARN] [data][ModbusTcpMaster][ModbusCommandReceiver][onResponseTimeout]：设备ID=12063 响应超时 module=INITIAL id=ReadVersion uuid=249 timeout=1000ms
[2026-06-03 09:00:24] [WARN] [data][ModbusTcpMaster][ModbusCommandSender][handleFailedCommand]：设备ID=12063 指令失败，准备重发 module=INITIAL id=ReadVersion uuid=249 error=等待RTU响应超时 sendCount=3/4
[2026-06-03 09:00:24] [INFO] [data][ModbusTcpMaster][ModbusCommandSender][addToRetryQueue]：设备ID=12063 指令已加入重发队列 module=INITIAL id=ReadVersion uuid=249 sendCount=3/4
[2026-06-03 09:00:24] [INFO] [data][ModbusTcpMaster][ModbusCommandSender][doSend]：设备ID=12063 发送指令 module=INITIAL id=ReadVersion uuid=249 sendCount=4/4 timeout=1000ms bytes=8 crc=20 0E
[2026-06-03 09:00:25] [WARN] [data][ModbusTcpMaster][ModbusCommandReceiver][onResponseTimeout]：设备ID=12063 响应超时 module=INITIAL id=ReadVersion uuid=249 timeout=1000ms
[2026-06-03 09:00:25] [WARN] [data][ModbusTcpMaster][ModbusCommandSender][handleFailedCommand]：设备ID=12063 指令失败 module=INITIAL id=ReadVersion uuid=249 error=等待RTU响应超时 sendCount=4/4 timedOut=1 checksumError=0 deviceBusy=0
[2026-06-03 09:00:25] [INFO] [data][ModbusTcpMaster][InitialCommandIssuer][onLogMessage]：设备ID=12063 [CyclicCommandIssuer] 指令失败:ReadVersion 原因:等待RTU响应超时 发送次数:4
[2026-06-03 09:00:25] [INFO] [data][ModbusTcpMaster][ModbusCommandSender][doSend]：设备ID=12063 发送指令 module=INITIAL id=WriteVEFCGasType uuid=250 sendCount=1/4 timeout=1000ms bytes=8 crc=D8 0A
[2026-06-03 09:00:26] [WARN] [data][ModbusTcpMaster][ModbusCommandReceiver][onResponseTimeout]：设备ID=12063 响应超时 module=INITIAL id=WriteVEFCGasType uuid=250 timeout=1000ms
[2026-06-03 09:00:26] [WARN] [data][ModbusTcpMaster][ModbusCommandSender][handleFailedCommand]：设备ID=12063 指令失败，准备重发 module=INITIAL id=WriteVEFCGasType uuid=250 error=等待RTU响应超时 sendCount=1/4
[2026-06-03 09:00:26] [INFO] [data][ModbusTcpMaster][ModbusCommandSender][addToRetryQueue]：设备ID=12063 指令已加入重发队列 module=INITIAL id=WriteVEFCGasType uuid=250 sendCount=1/4
[2026-06-03 09:00:26] [INFO] [data][ModbusTcpMaster][ModbusCommandSender][doSend]：设备ID=12063 发送指令 module=INITIAL id=WriteVEFCGasType uuid=250 sendCount=2/4 timeout=1000ms bytes=8 crc=D8 0A
[2026-06-03 09:00:26] [INFO] [data][ModbusTcpMaster][SH85SelfChecker][submitStartSelfCheck]：设备ID=12063 下发 StartSelfCheck uuid=463
[2026-06-03 09:00:26] [INFO] [data][ModbusTcpMaster][SH85SelfChecker][enterState]：设备ID=12063 状态切换: 空闲 -> 下发自检指令中
[2026-06-03 09:00:26] [INFO] [data][ModbusTcpMaster][SH85SelfChecker][start]：设备ID=12063 自检流程已启动
[2026-06-03 09:00:27] [WARN] [data][ModbusTcpMaster][ModbusCommandReceiver][onResponseTimeout]：设备ID=12063 响应超时 module=INITIAL id=WriteVEFCGasType uuid=250 timeout=1000ms
[2026-06-03 09:00:27] [WARN] [data][ModbusTcpMaster][ModbusCommandSender][handleFailedCommand]：设备ID=12063 指令失败，准备重发 module=INITIAL id=WriteVEFCGasType uuid=250 error=等待RTU响应超时 sendCount=2/4
[2026-06-03 09:00:27] [INFO] [data][ModbusTcpMaster][ModbusCommandSender][addToRetryQueue]：设备ID=12063 指令已加入重发队列 module=INITIAL id=WriteVEFCGasType uuid=250 sendCount=2/4
[2026-06-03 09:00:27] [INFO] [data][ModbusTcpMaster][ModbusCommandSender][doSend]：设备ID=12063 发送指令 module=INITIAL id=WriteVEFCGasType uuid=250 sendCount=3/4 timeout=1000ms bytes=8 crc=D8 0A
[2026-06-03 09:00:28] [WARN] [data][ModbusTcpMaster][ModbusCommandReceiver][onResponseTimeout]：设备ID=12063 响应超时 module=INITIAL id=WriteVEFCGasType uuid=250 timeout=1000ms
[2026-06-03 09:00:28] [WARN] [data][ModbusTcpMaster][ModbusCommandSender][handleFailedCommand]：设备ID=12063 指令失败，准备重发 module=INITIAL id=WriteVEFCGasType uuid=250 error=等待RTU响应超时 sendCount=3/4
[2026-06-03 09:00:28] [INFO] [data][ModbusTcpMaster][ModbusCommandSender][addToRetryQueue]：设备ID=12063 指令已加入重发队列 module=INITIAL id=WriteVEFCGasType uuid=250 sendCount=3/4
[2026-06-03 09:00:28] [INFO] [data][ModbusTcpMaster][ModbusCommandSender][doSend]：设备ID=12063 发送指令 module=INITIAL id=WriteVEFCGasType uuid=250 sendCount=4/4 timeout=1000ms bytes=8 crc=D8 0A
[2026-06-03 09:00:29] [WARN] [data][ModbusTcpMaster][ModbusCommandReceiver][onResponseTimeout]：设备ID=12063 响应超时 module=INITIAL id=WriteVEFCGasType uuid=250 timeout=1000ms
[2026-06-03 09:00:29] [WARN] [data][ModbusTcpMaster][ModbusCommandSender][handleFailedCommand]：设备ID=12063 指令失败 module=INITIAL id=WriteVEFCGasType uuid=250 error=等待RTU响应超时 sendCount=4/4 timedOut=1 checksumError=0 deviceBusy=0
[2026-06-03 09:00:29] [INFO] [data][ModbusTcpMaster][InitialCommandIssuer][onLogMessage]：设备ID=12063 [CyclicCommandIssuer] 指令失败:WriteVEFCGasType 原因:等待RTU响应超时 发送次数:4
[2026-06-03 09:00:29] [INFO] [data][ModbusTcpMaster][InitialCommandIssuer][onLogMessage]：设备ID=12063 [CyclicCommandIssuer] 第1轮完成 失败:2条
[2026-06-03 09:00:29] [INFO] [data][ModbusTcpMaster][InitialCommandIssuer][onRoundComplete]：设备ID=12063 初始化指令完成，失败数=2
[2026-06-03 09:00:29] [INFO] [data][ModbusTcpMaster][InitialCommandIssuer][onInitialFinished]：设备ID=12063 初始化完成，失败指令数=2
[2026-06-03 09:00:29] [INFO] [data][ModbusTcpMaster][InitialCommandIssuer][onLogMessage]：设备ID=12063 [CyclicCommandIssuer] 全部轮次执行完毕
[2026-06-03 09:00:29] [INFO] [data][ModbusTcpMaster][ModbusCommandSender][doSend]：设备ID=12063 发送指令 module=BUSINESS id=WriteQRCode uuid=383 sendCount=1/6 timeout=1000ms bytes=13 crc=2F 8E
[2026-06-03 09:00:30] [WARN] [data][ModbusTcpMaster][ModbusCommandReceiver][onResponseTimeout]：设备ID=12063 响应超时 module=BUSINESS id=WriteQRCode uuid=383 timeout=1000ms
[2026-06-03 09:00:30] [WARN] [data][ModbusTcpMaster][ModbusCommandSender][handleFailedCommand]：设备ID=12063 指令失败，准备重发 module=BUSINESS id=WriteQRCode uuid=383 error=等待RTU响应超时 sendCount=1/6
[2026-06-03 09:00:30] [INFO] [data][ModbusTcpMaster][ModbusCommandSender][addToRetryQueue]：设备ID=12063 指令已加入重发队列 module=BUSINESS id=WriteQRCode uuid=383 sendCount=1/6
[2026-06-03 09:00:30] [INFO] [data][ModbusTcpMaster][ModbusCommandSender][doSend]：设备ID=12063 发送指令 module=BUSINESS id=WriteQRCode uuid=383 sendCount=2/6 timeout=1000ms bytes=13 crc=2F 8E
[2026-06-03 09:00:31] [WARN] [data][ModbusTcpMaster][ModbusCommandReceiver][onResponseTimeout]：设备ID=12063 响应超时 module=BUSINESS id=WriteQRCode uuid=383 timeout=1000ms
[2026-06-03 09:00:31] [WARN] [data][ModbusTcpMaster][ModbusCommandSender][handleFailedCommand]：设备ID=12063 指令失败，准备重发 module=BUSINESS id=WriteQRCode uuid=383 error=等待RTU响应超时 sendCount=2/6
[2026-06-03 09:00:31] [INFO] [data][ModbusTcpMaster][ModbusCommandSender][addToRetryQueue]：设备ID=12063 指令已加入重发队列 module=BUSINESS id=WriteQRCode uuid=383 sendCount=2/6
[2026-06-03 09:00:31] [INFO] [data][ModbusTcpMaster][ModbusCommandSender][doSend]：设备ID=12063 发送指令 module=BUSINESS id=WriteQRCode uuid=383 sendCount=3/6 timeout=1000ms bytes=13 crc=2F 8E
[2026-06-03 09:00:32] [WARN] [data][ModbusTcpMaster][ModbusCommandReceiver][onResponseTimeout]：设备ID=12063 响应超时 module=BUSINESS id=WriteQRCode uuid=383 timeout=1000ms
[2026-06-03 09:00:32] [WARN] [data][ModbusTcpMaster][ModbusCommandSender][handleFailedCommand]：设备ID=12063 指令失败，准备重发 module=BUSINESS id=WriteQRCode uuid=383 error=等待RTU响应超时 sendCount=3/6
[2026-06-03 09:00:32] [INFO] [data][ModbusTcpMaster][ModbusCommandSender][addToRetryQueue]：设备ID=12063 指令已加入重发队列 module=BUSINESS id=WriteQRCode uuid=383 sendCount=3/6
[2026-06-03 09:00:32] [INFO] [data][ModbusTcpMaster][ModbusCommandSender][doSend]：设备ID=12063 发送指令 module=BUSINESS id=WriteQRCode uuid=383 sendCount=4/6 timeout=1000ms bytes=13 crc=2F 8E
[2026-06-03 09:00:33] [WARN] [data][ModbusTcpMaster][ModbusCommandReceiver][onResponseTimeout]：设备ID=12063 响应超时 module=BUSINESS id=WriteQRCode uuid=383 timeout=1000ms
[2026-06-03 09:00:33] [WARN] [data][ModbusTcpMaster][ModbusCommandSender][handleFailedCommand]：设备ID=12063 指令失败，准备重发 module=BUSINESS id=WriteQRCode uuid=383 error=等待RTU响应超时 sendCount=4/6
[2026-06-03 09:00:33] [INFO] [data][ModbusTcpMaster][ModbusCommandSender][addToRetryQueue]：设备ID=12063 指令已加入重发队列 module=BUSINESS id=WriteQRCode uuid=383 sendCount=4/6
[2026-06-03 09:00:33] [INFO] [data][ModbusTcpMaster][ModbusCommandSender][doSend]：设备ID=12063 发送指令 module=BUSINESS id=WriteQRCode uuid=383 sendCount=5/6 timeout=1000ms bytes=13 crc=2F 8E
[2026-06-03 09:00:34] [WARN] [data][ModbusTcpMaster][ModbusCommandReceiver][onResponseTimeout]：设备ID=12063 响应超时 module=BUSINESS id=WriteQRCode uuid=383 timeout=1000ms
[2026-06-03 09:00:34] [WARN] [data][ModbusTcpMaster][ModbusCommandSender][handleFailedCommand]：设备ID=12063 指令失败，准备重发 module=BUSINESS id=WriteQRCode uuid=383 error=等待RTU响应超时 sendCount=5/6
[2026-06-03 09:00:34] [INFO] [data][ModbusTcpMaster][ModbusCommandSender][addToRetryQueue]：设备ID=12063 指令已加入重发队列 module=BUSINESS id=WriteQRCode uuid=383 sendCount=5/6
[2026-06-03 09:00:34] [INFO] [data][ModbusTcpMaster][ModbusCommandSender][doSend]：设备ID=12063 发送指令 module=BUSINESS id=WriteQRCode uuid=383 sendCount=6/6 timeout=1000ms bytes=13 crc=2F 8E
[2026-06-03 09:00:35] [WARN] [data][ModbusTcpMaster][ModbusCommandReceiver][onResponseTimeout]：设备ID=12063 响应超时 module=BUSINESS id=WriteQRCode uuid=383 timeout=1000ms
[2026-06-03 09:00:35] [WARN] [data][ModbusTcpMaster][ModbusCommandSender][handleFailedCommand]：设备ID=12063 指令失败 module=BUSINESS id=WriteQRCode uuid=383 error=等待RTU响应超时 sendCount=6/6 timedOut=1 checksumError=0 deviceBusy=0
[2026-06-03 09:00:35] [INFO] [data][ModbusTcpMaster][ModbusCommandSender][doSend]：设备ID=12063 发送指令 module=BUSINESS id=StartSelfCheck uuid=463 sendCount=1/1 timeout=1000ms bytes=8 crc=F9 B5
[2026-06-03 09:00:36] [WARN] [data][ModbusTcpMaster][ModbusCommandReceiver][onResponseTimeout]：设备ID=12063 响应超时 module=BUSINESS id=StartSelfCheck uuid=463 timeout=1000ms
[2026-06-03 09:00:36] [WARN] [data][ModbusTcpMaster][ModbusCommandSender][handleFailedCommand]：设备ID=12063 指令失败 module=BUSINESS id=StartSelfCheck uuid=463 error=等待RTU响应超时 sendCount=1/1 timedOut=1 checksumError=0 deviceBusy=0
[2026-06-03 09:00:36] [WARN] [data][ModbusTcpMaster][SH85SelfChecker][onCommandFinished]：设备ID=12063 响应 state=下发自检指令中 ok=0 id=StartSelfCheck uuid=463 error=等待RTU响应超时
TX：01 06 00 17 00 A5 F9 B5
RX：01 06 00 17 00 A5
[2026-06-03 09:00:36] [WARN] [data][ModbusTcpMaster][SH85SelfChecker][emitErrorAndFinish]：设备ID=12063 自检失败 result=StartCommandFailed msg=启动自检指令下发失败: 等待RTU响应超时
[2026-06-03 09:00:36] [INFO] [data][ModbusTcpMaster][SH85SelfChecker][enterState]：设备ID=12063 状态切换: 下发自检指令中 -> 结束
[2026-06-03 09:00:36] [WARN] [data][ModbusTcpMaster][SH85SelfChecker][finishOnly]：设备ID=12063 自检完成 success=0 result=StartCommandFailed msg=启动自检指令下发失败: 等待RTU响应超时
[2026-06-03 09:00:42] [INFO] [data][ModbusTcpMaster][stop]：设备ID=12063 停止设备，连接模式=AutoReconnect
[2026-06-03 09:00:42] [INFO] [data][ModbusTcpMaster][pauseChildren]：设备ID=12063 暂停普通收发子模块
[2026-06-03 09:00:42] [INFO] [data][ModbusTcpMaster][ModbusCommandSender][stop]：设备ID=12063 指令发送器停止
[2026-06-03 09:00:42] [INFO] [data][ModbusTcpMaster][ModbusConnecter][stopConnectionCheck]：设备ID=12063 停止连接心跳检查
[2026-06-03 09:00:42] [WARN] [data][ModbusTcpMaster][ModbusConnecter][disconnected]：设备ID=12063 TCP连接断开
[2026-06-03 09:00:42] [INFO] [data][ModbusTcpMaster][ModbusConnecter][onConnectionStatusChanged]：设备ID=12063 连接状态变化: Disconnected
[2026-06-03 09:00:42] [INFO] [data][ModbusTcpMaster][ModbusCommandSender][stop]：设备ID=12063 指令发送器停止
[2026-06-03 09:00:42] [INFO] [data][ModbusTcpMaster][enterState]：设备ID=12063 状态切换: 正常运行 -> 连接中
[2026-06-03 09:00:42] [WARN] [data][ModbusTcpMaster][ModbusConnecter][onConnectionError]：设备ID=12063 连接阶段错误: Connection lost: 未知的错误
[2026-06-03 09:00:42] [INFO] [data][ModbusTcpMaster][enterState]：设备ID=12063 状态切换: 连接中 -> 错误状态
[2026-06-03 09:00:42] [INFO] [data][ModbusTcpMaster][ModbusConnecter][disconnectDevice]：设备ID=12063 完全断开连接，已停止自动重连
[2026-06-03 09:00:42] [INFO] [data][ModbusTcpMaster][enterState]：设备ID=12063 状态切换: 错误状态 -> 空闲
[2026-06-03 09:02:17] [INFO] [data][ModbusTcpMaster][start]：设备ID=12063 开始启动设备连接，连接模式=AutoReconnect
[2026-06-03 09:02:17] [INFO] [data][ModbusTcpMaster][enterState]：设备ID=12063 状态切换: 空闲 -> 连接中
[2026-06-03 09:02:17] [INFO] [data][ModbusTcpMaster][ModbusConnecter][connectDevice]：设备ID=12063 开始连接设备 IP=127.0.0.1 Port=562 模式=AutoReconnect
[2026-06-03 09:02:17] [INFO] [data][ModbusTcpMaster][ModbusConnecter][onConnectionStatusChanged]：设备ID=12063 连接状态变化: Connected
[2026-06-03 09:02:17] [INFO] [data][ModbusTcpMaster][resumeChildren]：设备ID=12063 恢复普通收发子模块
[2026-06-03 09:02:17] [INFO] [data][ModbusTcpMaster][enterState]：设备ID=12063 状态切换: 连接中 -> 指令发送器已启动
[2026-06-03 09:02:17] [INFO] [data][ModbusTcpMaster][ModbusCommandSender][start]：设备ID=12063 指令发送器启动
[2026-06-03 09:02:17] [INFO] [data][ModbusTcpMaster][ModbusCommandSender][startSender]：设备ID=12063 指令发送器已启动，立即进入初始化阶段
[2026-06-03 09:02:17] [INFO] [data][ModbusTcpMaster][enterState]：设备ID=12063 状态切换: 指令发送器已启动 -> 初始指令下发中
[2026-06-03 09:02:17] [INFO] [data][ModbusTcpMaster][InitialCommandIssuer][onLogMessage]：设备ID=12063 [CyclicCommandIssuer] 启动循环下发 指令数:2 轮数:1 间隔:100ms
[2026-06-03 09:02:17] [INFO] [data][ModbusTcpMaster][InitialCommandIssuer][onLogMessage]：设备ID=12063 [CyclicCommandIssuer] 发送指令:ReadVersion 索引:0
[2026-06-03 09:02:17] [INFO] [data][ModbusTcpMaster][ModbusCommandSender][doSend]：设备ID=12063 发送指令 module=INITIAL id=ReadVersion uuid=249 sendCount=1/4 timeout=1000ms bytes=8 crc=20 0E
[2026-06-03 09:02:17] [INFO] [data][ModbusTcpMaster][enterState]：设备ID=12063 状态切换: 初始指令下发中 -> 启动定时发送器中
[2026-06-03 09:02:17] [INFO] [data][ModbusTcpMaster][PeriodicCommandSender][startPeriodicSender]：设备ID=12063 定时发送器已启动，进入正常运行状态
[2026-06-03 09:02:17] [INFO] [data][ModbusTcpMaster][enterState]：设备ID=12063 状态切换: 启动定时发送器中 -> 正常运行
[2026-06-03 09:02:17] [INFO] [data][ModbusTcpMaster][ModbusConnecter][startConnectionCheck]：设备ID=12063 启动连接心跳检查，间隔=3000ms
[2026-06-03 09:02:17] [INFO] [data][ModbusTcpMaster][ModbusConnecter][onAsyncReconnectConnected]：设备ID=12063 TCP连接成功
[2026-06-03 09:02:17] [INFO] [data][ModbusTcpMaster][InitialCommandIssuer][onLogMessage]：设备ID=12063 [CyclicCommandIssuer] 发送指令:WriteVEFCGasType 索引:1
[2026-06-03 09:02:18] [WARN] [data][ModbusTcpMaster][ModbusCommandReceiver][onResponseTimeout]：设备ID=12063 响应超时 module=INITIAL id=ReadVersion uuid=249 timeout=1000ms
[2026-06-03 09:02:18] [WARN] [data][ModbusTcpMaster][ModbusCommandSender][handleFailedCommand]：设备ID=12063 指令失败，准备重发 module=INITIAL id=ReadVersion uuid=249 error=等待RTU响应超时 sendCount=1/4
[2026-06-03 09:02:18] [INFO] [data][ModbusTcpMaster][ModbusCommandSender][addToRetryQueue]：设备ID=12063 指令已加入重发队列 module=INITIAL id=ReadVersion uuid=249 sendCount=1/4
[2026-06-03 09:02:18] [INFO] [data][ModbusTcpMaster][ModbusCommandSender][doSend]：设备ID=12063 发送指令 module=INITIAL id=ReadVersion uuid=249 sendCount=2/4 timeout=1000ms bytes=8 crc=20 0E
[2026-06-03 09:02:19] [WARN] [data][ModbusTcpMaster][ModbusCommandReceiver][onResponseTimeout]：设备ID=12063 响应超时 module=INITIAL id=ReadVersion uuid=249 timeout=1000ms
[2026-06-03 09:02:19] [WARN] [data][ModbusTcpMaster][ModbusCommandSender][handleFailedCommand]：设备ID=12063 指令失败，准备重发 module=INITIAL id=ReadVersion uuid=249 error=等待RTU响应超时 sendCount=2/4
[2026-06-03 09:02:19] [INFO] [data][ModbusTcpMaster][ModbusCommandSender][addToRetryQueue]：设备ID=12063 指令已加入重发队列 module=INITIAL id=ReadVersion uuid=249 sendCount=2/4
[2026-06-03 09:02:19] [INFO] [data][ModbusTcpMaster][ModbusCommandSender][doSend]：设备ID=12063 发送指令 module=INITIAL id=ReadVersion uuid=249 sendCount=3/4 timeout=1000ms bytes=8 crc=20 0E
[2026-06-03 09:02:20] [WARN] [data][ModbusTcpMaster][ModbusCommandReceiver][onResponseTimeout]：设备ID=12063 响应超时 module=INITIAL id=ReadVersion uuid=249 timeout=1000ms
[2026-06-03 09:02:20] [WARN] [data][ModbusTcpMaster][ModbusCommandSender][handleFailedCommand]：设备ID=12063 指令失败，准备重发 module=INITIAL id=ReadVersion uuid=249 error=等待RTU响应超时 sendCount=3/4
[2026-06-03 09:02:20] [INFO] [data][ModbusTcpMaster][ModbusCommandSender][addToRetryQueue]：设备ID=12063 指令已加入重发队列 module=INITIAL id=ReadVersion uuid=249 sendCount=3/4
[2026-06-03 09:02:20] [INFO] [data][ModbusTcpMaster][ModbusCommandSender][doSend]：设备ID=12063 发送指令 module=INITIAL id=ReadVersion uuid=249 sendCount=4/4 timeout=1000ms bytes=8 crc=20 0E
[2026-06-03 09:02:21] [WARN] [data][ModbusTcpMaster][ModbusCommandReceiver][onResponseTimeout]：设备ID=12063 响应超时 module=INITIAL id=ReadVersion uuid=249 timeout=1000ms
[2026-06-03 09:02:21] [WARN] [data][ModbusTcpMaster][ModbusCommandSender][handleFailedCommand]：设备ID=12063 指令失败 module=INITIAL id=ReadVersion uuid=249 error=等待RTU响应超时 sendCount=4/4 timedOut=1 checksumError=0 deviceBusy=0
[2026-06-03 09:02:21] [INFO] [data][ModbusTcpMaster][InitialCommandIssuer][onLogMessage]：设备ID=12063 [CyclicCommandIssuer] 指令失败:ReadVersion 原因:等待RTU响应超时 发送次数:4
[2026-06-03 09:02:21] [INFO] [data][ModbusTcpMaster][ModbusCommandSender][doSend]：设备ID=12063 发送指令 module=INITIAL id=WriteVEFCGasType uuid=250 sendCount=1/4 timeout=1000ms bytes=8 crc=D8 0A
[2026-06-03 09:02:22] [WARN] [data][ModbusTcpMaster][ModbusCommandReceiver][onResponseTimeout]：设备ID=12063 响应超时 module=INITIAL id=WriteVEFCGasType uuid=250 timeout=1000ms
[2026-06-03 09:02:22] [WARN] [data][ModbusTcpMaster][ModbusCommandSender][handleFailedCommand]：设备ID=12063 指令失败，准备重发 module=INITIAL id=WriteVEFCGasType uuid=250 error=等待RTU响应超时 sendCount=1/4
[2026-06-03 09:02:22] [INFO] [data][ModbusTcpMaster][ModbusCommandSender][addToRetryQueue]：设备ID=12063 指令已加入重发队列 module=INITIAL id=WriteVEFCGasType uuid=250 sendCount=1/4
[2026-06-03 09:02:22] [INFO] [data][ModbusTcpMaster][ModbusCommandSender][doSend]：设备ID=12063 发送指令 module=INITIAL id=WriteVEFCGasType uuid=250 sendCount=2/4 timeout=1000ms bytes=8 crc=D8 0A
[2026-06-03 09:02:23] [WARN] [data][ModbusTcpMaster][ModbusCommandReceiver][onResponseTimeout]：设备ID=12063 响应超时 module=INITIAL id=WriteVEFCGasType uuid=250 timeout=1000ms
[2026-06-03 09:02:23] [WARN] [data][ModbusTcpMaster][ModbusCommandSender][handleFailedCommand]：设备ID=12063 指令失败，准备重发 module=INITIAL id=WriteVEFCGasType uuid=250 error=等待RTU响应超时 sendCount=2/4
[2026-06-03 09:02:23] [INFO] [data][ModbusTcpMaster][ModbusCommandSender][addToRetryQueue]：设备ID=12063 指令已加入重发队列 module=INITIAL id=WriteVEFCGasType uuid=250 sendCount=2/4
[2026-06-03 09:02:23] [INFO] [data][ModbusTcpMaster][ModbusCommandSender][doSend]：设备ID=12063 发送指令 module=INITIAL id=WriteVEFCGasType uuid=250 sendCount=3/4 timeout=1000ms bytes=8 crc=D8 0A
[2026-06-03 09:02:24] [WARN] [data][ModbusTcpMaster][ModbusCommandReceiver][onResponseTimeout]：设备ID=12063 响应超时 module=INITIAL id=WriteVEFCGasType uuid=250 timeout=1000ms
[2026-06-03 09:02:24] [INFO] [data][ModbusTcpMaster][ModbusCommandSender][addToRetryQueue]：设备ID=12063 指令已加入重发队列 module=INITIAL id=WriteVEFCGasType uuid=250 sendCount=3/4
[2026-06-03 09:02:24] [INFO] [data][ModbusTcpMaster][ModbusCommandSender][doSend]：设备ID=12063 发送指令 module=INITIAL id=WriteVEFCGasType uuid=250 sendCount=4/4 timeout=1000ms bytes=8 crc=D8 0A
[2026-06-03 09:02:24] [WARN] [data][ModbusTcpMaster][ModbusCommandSender][handleFailedCommand]：设备ID=12063 指令失败，准备重发 module=INITIAL id=WriteVEFCGasType uuid=250 error=等待RTU响应超时 sendCount=3/4
[2026-06-03 09:02:25] [WARN] [data][ModbusTcpMaster][ModbusCommandReceiver][onResponseTimeout]：设备ID=12063 响应超时 module=INITIAL id=WriteVEFCGasType uuid=250 timeout=1000ms
[2026-06-03 09:02:25] [WARN] [data][ModbusTcpMaster][ModbusCommandSender][handleFailedCommand]：设备ID=12063 指令失败 module=INITIAL id=WriteVEFCGasType uuid=250 error=等待RTU响应超时 sendCount=4/4 timedOut=1 checksumError=0 deviceBusy=0
[2026-06-03 09:02:25] [INFO] [data][ModbusTcpMaster][InitialCommandIssuer][onLogMessage]：设备ID=12063 [CyclicCommandIssuer] 指令失败:WriteVEFCGasType 原因:等待RTU响应超时 发送次数:4
[2026-06-03 09:02:25] [INFO] [data][ModbusTcpMaster][InitialCommandIssuer][onLogMessage]：设备ID=12063 [CyclicCommandIssuer] 第1轮完成 失败:2条
[2026-06-03 09:02:25] [INFO] [data][ModbusTcpMaster][InitialCommandIssuer][onRoundComplete]：设备ID=12063 初始化指令完成，失败数=2
[2026-06-03 09:02:25] [INFO] [data][ModbusTcpMaster][InitialCommandIssuer][onInitialFinished]：设备ID=12063 初始化完成，失败指令数=2
[2026-06-03 09:02:25] [INFO] [data][ModbusTcpMaster][InitialCommandIssuer][onLogMessage]：设备ID=12063 [CyclicCommandIssuer] 全部轮次执行完毕
[2026-06-03 09:02:25] [INFO] [data][ModbusTcpMaster][ModbusCommandSender][doSend]：设备ID=12063 发送指令 module=BUSINESS id=WriteQRCode uuid=383 sendCount=1/6 timeout=1000ms bytes=13 crc=2F 8E
[2026-06-03 09:02:26] [WARN] [data][ModbusTcpMaster][ModbusCommandReceiver][onResponseTimeout]：设备ID=12063 响应超时 module=BUSINESS id=WriteQRCode uuid=383 timeout=1000ms
[2026-06-03 09:02:26] [WARN] [data][ModbusTcpMaster][ModbusCommandSender][handleFailedCommand]：设备ID=12063 指令失败，准备重发 module=BUSINESS id=WriteQRCode uuid=383 error=等待RTU响应超时 sendCount=1/6
[2026-06-03 09:02:26] [INFO] [data][ModbusTcpMaster][ModbusCommandSender][addToRetryQueue]：设备ID=12063 指令已加入重发队列 module=BUSINESS id=WriteQRCode uuid=383 sendCount=1/6
[2026-06-03 09:02:26] [INFO] [data][ModbusTcpMaster][ModbusCommandSender][doSend]：设备ID=12063 发送指令 module=BUSINESS id=WriteQRCode uuid=383 sendCount=2/6 timeout=1000ms bytes=13 crc=2F 8E
[2026-06-03 09:02:27] [WARN] [data][ModbusTcpMaster][ModbusCommandReceiver][onResponseTimeout]：设备ID=12063 响应超时 module=BUSINESS id=WriteQRCode uuid=383 timeout=1000ms
[2026-06-03 09:02:27] [WARN] [data][ModbusTcpMaster][ModbusCommandSender][handleFailedCommand]：设备ID=12063 指令失败，准备重发 module=BUSINESS id=WriteQRCode uuid=383 error=等待RTU响应超时 sendCount=2/6
[2026-06-03 09:02:27] [INFO] [data][ModbusTcpMaster][ModbusCommandSender][addToRetryQueue]：设备ID=12063 指令已加入重发队列 module=BUSINESS id=WriteQRCode uuid=383 sendCount=2/6
[2026-06-03 09:02:27] [INFO] [data][ModbusTcpMaster][ModbusCommandSender][doSend]：设备ID=12063 发送指令 module=BUSINESS id=WriteQRCode uuid=383 sendCount=3/6 timeout=1000ms bytes=13 crc=2F 8E
[2026-06-03 09:02:27] [INFO] [data][ModbusTcpMaster][SH85SelfChecker][submitStartSelfCheck]：设备ID=12063 下发 StartSelfCheck uuid=463
[2026-06-03 09:02:27] [INFO] [data][ModbusTcpMaster][SH85SelfChecker][enterState]：设备ID=12063 状态切换: 空闲 -> 下发自检指令中
[2026-06-03 09:02:27] [INFO] [data][ModbusTcpMaster][SH85SelfChecker][start]：设备ID=12063 自检流程已启动
[2026-06-03 09:02:28] [WARN] [data][ModbusTcpMaster][ModbusCommandReceiver][onResponseTimeout]：设备ID=12063 响应超时 module=BUSINESS id=WriteQRCode uuid=383 timeout=1000ms
[2026-06-03 09:02:28] [WARN] [data][ModbusTcpMaster][ModbusCommandSender][handleFailedCommand]：设备ID=12063 指令失败，准备重发 module=BUSINESS id=WriteQRCode uuid=383 error=等待RTU响应超时 sendCount=3/6
[2026-06-03 09:02:28] [INFO] [data][ModbusTcpMaster][ModbusCommandSender][addToRetryQueue]：设备ID=12063 指令已加入重发队列 module=BUSINESS id=WriteQRCode uuid=383 sendCount=3/6
[2026-06-03 09:02:28] [INFO] [data][ModbusTcpMaster][ModbusCommandSender][doSend]：设备ID=12063 发送指令 module=BUSINESS id=WriteQRCode uuid=383 sendCount=4/6 timeout=1000ms bytes=13 crc=2F 8E
[2026-06-03 09:02:29] [WARN] [data][ModbusTcpMaster][ModbusCommandReceiver][onResponseTimeout]：设备ID=12063 响应超时 module=BUSINESS id=WriteQRCode uuid=383 timeout=1000ms
[2026-06-03 09:02:29] [WARN] [data][ModbusTcpMaster][ModbusCommandSender][handleFailedCommand]：设备ID=12063 指令失败，准备重发 module=BUSINESS id=WriteQRCode uuid=383 error=等待RTU响应超时 sendCount=4/6
[2026-06-03 09:02:29] [INFO] [data][ModbusTcpMaster][ModbusCommandSender][addToRetryQueue]：设备ID=12063 指令已加入重发队列 module=BUSINESS id=WriteQRCode uuid=383 sendCount=4/6
[2026-06-03 09:02:29] [INFO] [data][ModbusTcpMaster][ModbusCommandSender][doSend]：设备ID=12063 发送指令 module=BUSINESS id=WriteQRCode uuid=383 sendCount=5/6 timeout=1000ms bytes=13 crc=2F 8E
[2026-06-03 09:02:30] [WARN] [data][ModbusTcpMaster][ModbusCommandReceiver][onResponseTimeout]：设备ID=12063 响应超时 module=BUSINESS id=WriteQRCode uuid=383 timeout=1000ms
[2026-06-03 09:02:30] [WARN] [data][ModbusTcpMaster][ModbusCommandSender][handleFailedCommand]：设备ID=12063 指令失败，准备重发 module=BUSINESS id=WriteQRCode uuid=383 error=等待RTU响应超时 sendCount=5/6
[2026-06-03 09:02:30] [INFO] [data][ModbusTcpMaster][ModbusCommandSender][addToRetryQueue]：设备ID=12063 指令已加入重发队列 module=BUSINESS id=WriteQRCode uuid=383 sendCount=5/6
[2026-06-03 09:02:30] [INFO] [data][ModbusTcpMaster][ModbusCommandSender][doSend]：设备ID=12063 发送指令 module=BUSINESS id=WriteQRCode uuid=383 sendCount=6/6 timeout=1000ms bytes=13 crc=2F 8E
[2026-06-03 09:02:31] [WARN] [data][ModbusTcpMaster][ModbusCommandReceiver][onResponseTimeout]：设备ID=12063 响应超时 module=BUSINESS id=WriteQRCode uuid=383 timeout=1000ms
[2026-06-03 09:02:31] [WARN] [data][ModbusTcpMaster][ModbusCommandSender][handleFailedCommand]：设备ID=12063 指令失败 module=BUSINESS id=WriteQRCode uuid=383 error=等待RTU响应超时 sendCount=6/6 timedOut=1 checksumError=0 deviceBusy=0
[2026-06-03 09:02:31] [INFO] [data][ModbusTcpMaster][ModbusCommandSender][doSend]：设备ID=12063 发送指令 module=BUSINESS id=StartSelfCheck uuid=463 sendCount=1/1 timeout=1000ms bytes=8 crc=F9 B5
[2026-06-03 09:02:32] [WARN] [data][ModbusTcpMaster][ModbusCommandReceiver][onResponseTimeout]：设备ID=12063 响应超时 module=BUSINESS id=StartSelfCheck uuid=463 timeout=1000ms
[2026-06-03 09:02:32] [WARN] [data][ModbusTcpMaster][ModbusCommandSender][handleFailedCommand]：设备ID=12063 指令失败 module=BUSINESS id=StartSelfCheck uuid=463 error=等待RTU响应超时 sendCount=1/1 timedOut=1 checksumError=0 deviceBusy=0
[2026-06-03 09:02:32] [WARN] [data][ModbusTcpMaster][SH85SelfChecker][onCommandFinished]：设备ID=12063 响应 state=下发自检指令中 ok=0 id=StartSelfCheck uuid=463 error=等待RTU响应超时
TX：01 06 00 17 00 A5 F9 B5
RX：01 06 00 17 00 A5
[2026-06-03 09:02:32] [WARN] [data][ModbusTcpMaster][SH85SelfChecker][emitErrorAndFinish]：设备ID=12063 自检失败 result=StartCommandFailed msg=启动自检指令下发失败: 等待RTU响应超时
[2026-06-03 09:02:32] [INFO] [data][ModbusTcpMaster][SH85SelfChecker][enterState]：设备ID=12063 状态切换: 下发自检指令中 -> 结束
[2026-06-03 09:02:32] [WARN] [data][ModbusTcpMaster][SH85SelfChecker][finishOnly]：设备ID=12063 自检完成 success=0 result=StartCommandFailed msg=启动自检指令下发失败: 等待RTU响应超时
[2026-06-03 09:10:40] [INFO] [data][ModbusTcpMaster][stop]：设备ID=12063 停止设备，连接模式=AutoReconnect
[2026-06-03 09:10:40] [INFO] [data][ModbusTcpMaster][pauseChildren]：设备ID=12063 暂停普通收发子模块
[2026-06-03 09:10:40] [INFO] [data][ModbusTcpMaster][ModbusCommandSender][stop]：设备ID=12063 指令发送器停止
[2026-06-03 09:10:40] [INFO] [data][ModbusTcpMaster][ModbusConnecter][stopConnectionCheck]：设备ID=12063 停止连接心跳检查
[2026-06-03 09:10:40] [WARN] [data][ModbusTcpMaster][ModbusConnecter][disconnected]：设备ID=12063 TCP连接断开
[2026-06-03 09:10:40] [INFO] [data][ModbusTcpMaster][ModbusConnecter][onConnectionStatusChanged]：设备ID=12063 连接状态变化: Disconnected
[2026-06-03 09:10:40] [INFO] [data][ModbusTcpMaster][ModbusCommandSender][stop]：设备ID=12063 指令发送器停止
[2026-06-03 09:10:40] [INFO] [data][ModbusTcpMaster][enterState]：设备ID=12063 状态切换: 正常运行 -> 连接中
[2026-06-03 09:10:40] [WARN] [data][ModbusTcpMaster][ModbusConnecter][onConnectionError]：设备ID=12063 连接阶段错误: Connection lost: 未知的错误
[2026-06-03 09:10:40] [INFO] [data][ModbusTcpMaster][enterState]：设备ID=12063 状态切换: 连接中 -> 错误状态
[2026-06-03 09:10:40] [INFO] [data][ModbusTcpMaster][ModbusConnecter][disconnectDevice]：设备ID=12063 完全断开连接，已停止自动重连
[2026-06-03 09:10:40] [INFO] [data][ModbusTcpMaster][enterState]：设备ID=12063 状态切换: 错误状态 -> 空闲
[2026-06-03 09:10:55] [INFO] [data][ModbusTcpMaster][start]：设备ID=12063 开始启动设备连接，连接模式=AutoReconnect
[2026-06-03 09:10:55] [INFO] [data][ModbusTcpMaster][enterState]：设备ID=12063 状态切换: 空闲 -> 连接中
[2026-06-03 09:10:55] [INFO] [data][ModbusTcpMaster][ModbusConnecter][connectDevice]：设备ID=12063 开始连接设备 IP=127.0.0.1 Port=562 模式=AutoReconnect
[2026-06-03 09:10:55] [INFO] [data][ModbusTcpMaster][ModbusConnecter][onConnectionStatusChanged]：设备ID=12063 连接状态变化: Connected
[2026-06-03 09:10:55] [INFO] [data][ModbusTcpMaster][resumeChildren]：设备ID=12063 恢复普通收发子模块
[2026-06-03 09:10:55] [INFO] [data][ModbusTcpMaster][enterState]：设备ID=12063 状态切换: 连接中 -> 指令发送器已启动
[2026-06-03 09:10:55] [INFO] [data][ModbusTcpMaster][ModbusCommandSender][start]：设备ID=12063 指令发送器启动
[2026-06-03 09:10:55] [INFO] [data][ModbusTcpMaster][ModbusCommandSender][startSender]：设备ID=12063 指令发送器已启动，立即进入初始化阶段
[2026-06-03 09:10:55] [INFO] [data][ModbusTcpMaster][enterState]：设备ID=12063 状态切换: 指令发送器已启动 -> 初始指令下发中
[2026-06-03 09:10:55] [INFO] [data][ModbusTcpMaster][InitialCommandIssuer][onLogMessage]：设备ID=12063 [CyclicCommandIssuer] 启动循环下发 指令数:2 轮数:1 间隔:100ms
[2026-06-03 09:10:55] [INFO] [data][ModbusTcpMaster][InitialCommandIssuer][onLogMessage]：设备ID=12063 [CyclicCommandIssuer] 发送指令:ReadVersion 索引:0
[2026-06-03 09:10:55] [INFO] [data][ModbusTcpMaster][ModbusCommandSender][doSend]：设备ID=12063 发送指令 module=INITIAL id=ReadVersion uuid=249 sendCount=1/4 timeout=1000ms bytes=8 crc=20 0E
[2026-06-03 09:10:55] [INFO] [data][ModbusTcpMaster][enterState]：设备ID=12063 状态切换: 初始指令下发中 -> 启动定时发送器中
[2026-06-03 09:10:55] [INFO] [data][ModbusTcpMaster][PeriodicCommandSender][startPeriodicSender]：设备ID=12063 定时发送器已启动，进入正常运行状态
[2026-06-03 09:10:55] [INFO] [data][ModbusTcpMaster][enterState]：设备ID=12063 状态切换: 启动定时发送器中 -> 正常运行
[2026-06-03 09:10:55] [INFO] [data][ModbusTcpMaster][ModbusConnecter][startConnectionCheck]：设备ID=12063 启动连接心跳检查，间隔=3000ms
[2026-06-03 09:10:55] [INFO] [data][ModbusTcpMaster][ModbusConnecter][onAsyncReconnectConnected]：设备ID=12063 TCP连接成功
[2026-06-03 09:10:55] [INFO] [data][ModbusTcpMaster][InitialCommandIssuer][onLogMessage]：设备ID=12063 [CyclicCommandIssuer] 发送指令:WriteVEFCGasType 索引:1
[2026-06-03 09:10:56] [WARN] [data][ModbusTcpMaster][ModbusCommandReceiver][onResponseTimeout]：设备ID=12063 响应超时 module=INITIAL id=ReadVersion uuid=249 timeout=1000ms
[2026-06-03 09:10:56] [WARN] [data][ModbusTcpMaster][ModbusCommandSender][handleFailedCommand]：设备ID=12063 指令失败，准备重发 module=INITIAL id=ReadVersion uuid=249 error=等待RTU响应超时 sendCount=1/4
[2026-06-03 09:10:56] [INFO] [data][ModbusTcpMaster][ModbusCommandSender][addToRetryQueue]：设备ID=12063 指令已加入重发队列 module=INITIAL id=ReadVersion uuid=249 sendCount=1/4
[2026-06-03 09:10:56] [INFO] [data][ModbusTcpMaster][ModbusCommandSender][doSend]：设备ID=12063 发送指令 module=INITIAL id=ReadVersion uuid=249 sendCount=2/4 timeout=1000ms bytes=8 crc=20 0E
[2026-06-03 09:10:57] [WARN] [data][ModbusTcpMaster][ModbusCommandReceiver][onResponseTimeout]：设备ID=12063 响应超时 module=INITIAL id=ReadVersion uuid=249 timeout=1000ms
[2026-06-03 09:10:57] [WARN] [data][ModbusTcpMaster][ModbusCommandSender][handleFailedCommand]：设备ID=12063 指令失败，准备重发 module=INITIAL id=ReadVersion uuid=249 error=等待RTU响应超时 sendCount=2/4
[2026-06-03 09:10:57] [INFO] [data][ModbusTcpMaster][ModbusCommandSender][addToRetryQueue]：设备ID=12063 指令已加入重发队列 module=INITIAL id=ReadVersion uuid=249 sendCount=2/4
[2026-06-03 09:10:57] [INFO] [data][ModbusTcpMaster][ModbusCommandSender][doSend]：设备ID=12063 发送指令 module=INITIAL id=ReadVersion uuid=249 sendCount=3/4 timeout=1000ms bytes=8 crc=20 0E
[2026-06-03 09:10:58] [WARN] [data][ModbusTcpMaster][ModbusCommandReceiver][onResponseTimeout]：设备ID=12063 响应超时 module=INITIAL id=ReadVersion uuid=249 timeout=1000ms
[2026-06-03 09:10:58] [WARN] [data][ModbusTcpMaster][ModbusCommandSender][handleFailedCommand]：设备ID=12063 指令失败，准备重发 module=INITIAL id=ReadVersion uuid=249 error=等待RTU响应超时 sendCount=3/4
[2026-06-03 09:10:58] [INFO] [data][ModbusTcpMaster][ModbusCommandSender][addToRetryQueue]：设备ID=12063 指令已加入重发队列 module=INITIAL id=ReadVersion uuid=249 sendCount=3/4
[2026-06-03 09:10:58] [INFO] [data][ModbusTcpMaster][ModbusCommandSender][doSend]：设备ID=12063 发送指令 module=INITIAL id=ReadVersion uuid=249 sendCount=4/4 timeout=1000ms bytes=8 crc=20 0E
[2026-06-03 09:10:59] [WARN] [data][ModbusTcpMaster][ModbusCommandReceiver][onResponseTimeout]：设备ID=12063 响应超时 module=INITIAL id=ReadVersion uuid=249 timeout=1000ms
[2026-06-03 09:10:59] [WARN] [data][ModbusTcpMaster][ModbusCommandSender][handleFailedCommand]：设备ID=12063 指令失败 module=INITIAL id=ReadVersion uuid=249 error=等待RTU响应超时 sendCount=4/4 timedOut=1 checksumError=0 deviceBusy=0
[2026-06-03 09:10:59] [INFO] [data][ModbusTcpMaster][InitialCommandIssuer][onLogMessage]：设备ID=12063 [CyclicCommandIssuer] 指令失败:ReadVersion 原因:等待RTU响应超时 发送次数:4
[2026-06-03 09:10:59] [INFO] [data][ModbusTcpMaster][ModbusCommandSender][doSend]：设备ID=12063 发送指令 module=INITIAL id=WriteVEFCGasType uuid=250 sendCount=1/4 timeout=1000ms bytes=8 crc=D8 0A
[2026-06-03 09:11:00] [WARN] [data][ModbusTcpMaster][ModbusCommandReceiver][onResponseTimeout]：设备ID=12063 响应超时 module=INITIAL id=WriteVEFCGasType uuid=250 timeout=1000ms
[2026-06-03 09:11:00] [WARN] [data][ModbusTcpMaster][ModbusCommandSender][handleFailedCommand]：设备ID=12063 指令失败，准备重发 module=INITIAL id=WriteVEFCGasType uuid=250 error=等待RTU响应超时 sendCount=1/4
[2026-06-03 09:11:00] [INFO] [data][ModbusTcpMaster][ModbusCommandSender][addToRetryQueue]：设备ID=12063 指令已加入重发队列 module=INITIAL id=WriteVEFCGasType uuid=250 sendCount=1/4
[2026-06-03 09:11:00] [INFO] [data][ModbusTcpMaster][ModbusCommandSender][doSend]：设备ID=12063 发送指令 module=INITIAL id=WriteVEFCGasType uuid=250 sendCount=2/4 timeout=1000ms bytes=8 crc=D8 0A
[2026-06-03 09:11:01] [WARN] [data][ModbusTcpMaster][ModbusCommandReceiver][onResponseTimeout]：设备ID=12063 响应超时 module=INITIAL id=WriteVEFCGasType uuid=250 timeout=1000ms
[2026-06-03 09:11:01] [WARN] [data][ModbusTcpMaster][ModbusCommandSender][handleFailedCommand]：设备ID=12063 指令失败，准备重发 module=INITIAL id=WriteVEFCGasType uuid=250 error=等待RTU响应超时 sendCount=2/4
[2026-06-03 09:11:01] [INFO] [data][ModbusTcpMaster][ModbusCommandSender][addToRetryQueue]：设备ID=12063 指令已加入重发队列 module=INITIAL id=WriteVEFCGasType uuid=250 sendCount=2/4
[2026-06-03 09:11:01] [INFO] [data][ModbusTcpMaster][ModbusCommandSender][doSend]：设备ID=12063 发送指令 module=INITIAL id=WriteVEFCGasType uuid=250 sendCount=3/4 timeout=1000ms bytes=8 crc=D8 0A
[2026-06-03 09:11:02] [WARN] [data][ModbusTcpMaster][ModbusCommandReceiver][onResponseTimeout]：设备ID=12063 响应超时 module=INITIAL id=WriteVEFCGasType uuid=250 timeout=1000ms
[2026-06-03 09:11:02] [WARN] [data][ModbusTcpMaster][ModbusCommandSender][handleFailedCommand]：设备ID=12063 指令失败，准备重发 module=INITIAL id=WriteVEFCGasType uuid=250 error=等待RTU响应超时 sendCount=3/4
[2026-06-03 09:11:02] [INFO] [data][ModbusTcpMaster][ModbusCommandSender][addToRetryQueue]：设备ID=12063 指令已加入重发队列 module=INITIAL id=WriteVEFCGasType uuid=250 sendCount=3/4
[2026-06-03 09:11:02] [INFO] [data][ModbusTcpMaster][ModbusCommandSender][doSend]：设备ID=12063 发送指令 module=INITIAL id=WriteVEFCGasType uuid=250 sendCount=4/4 timeout=1000ms bytes=8 crc=D8 0A
[2026-06-03 09:11:03] [WARN] [data][ModbusTcpMaster][ModbusCommandReceiver][onResponseTimeout]：设备ID=12063 响应超时 module=INITIAL id=WriteVEFCGasType uuid=250 timeout=1000ms
[2026-06-03 09:11:03] [WARN] [data][ModbusTcpMaster][ModbusCommandSender][handleFailedCommand]：设备ID=12063 指令失败 module=INITIAL id=WriteVEFCGasType uuid=250 error=等待RTU响应超时 sendCount=4/4 timedOut=1 checksumError=0 deviceBusy=0
[2026-06-03 09:11:03] [INFO] [data][ModbusTcpMaster][InitialCommandIssuer][onLogMessage]：设备ID=12063 [CyclicCommandIssuer] 指令失败:WriteVEFCGasType 原因:等待RTU响应超时 发送次数:4
[2026-06-03 09:11:03] [INFO] [data][ModbusTcpMaster][InitialCommandIssuer][onLogMessage]：设备ID=12063 [CyclicCommandIssuer] 第1轮完成 失败:2条
[2026-06-03 09:11:03] [INFO] [data][ModbusTcpMaster][InitialCommandIssuer][onRoundComplete]：设备ID=12063 初始化指令完成，失败数=2
[2026-06-03 09:11:03] [INFO] [data][ModbusTcpMaster][InitialCommandIssuer][onInitialFinished]：设备ID=12063 初始化完成，失败指令数=2
[2026-06-03 09:11:03] [INFO] [data][ModbusTcpMaster][InitialCommandIssuer][onLogMessage]：设备ID=12063 [CyclicCommandIssuer] 全部轮次执行完毕
[2026-06-03 09:11:13] [INFO] [data][ModbusTcpMaster][SH85SelfChecker][submitStartSelfCheck]：设备ID=12063 下发 StartSelfCheck uuid=505
[2026-06-03 09:11:13] [INFO] [data][ModbusTcpMaster][SH85SelfChecker][enterState]：设备ID=12063 状态切换: 空闲 -> 下发自检指令中
[2026-06-03 09:11:13] [INFO] [data][ModbusTcpMaster][SH85SelfChecker][start]：设备ID=12063 自检流程已启动
[2026-06-03 09:11:13] [INFO] [data][ModbusTcpMaster][ModbusCommandSender][doSend]：设备ID=12063 发送指令 module=BUSINESS id=StartSelfCheck uuid=505 sendCount=1/1 timeout=1000ms bytes=8 crc=F9 B5
[2026-06-03 09:11:14] [WARN] [data][ModbusTcpMaster][ModbusCommandReceiver][onResponseTimeout]：设备ID=12063 响应超时 module=BUSINESS id=StartSelfCheck uuid=505 timeout=1000ms
[2026-06-03 09:11:14] [WARN] [data][ModbusTcpMaster][ModbusCommandSender][handleFailedCommand]：设备ID=12063 指令失败 module=BUSINESS id=StartSelfCheck uuid=505 error=等待RTU响应超时 sendCount=1/1 timedOut=1 checksumError=0 deviceBusy=0
[2026-06-03 09:11:15] [WARN] [data][ModbusTcpMaster][SH85SelfChecker][onCommandFinished]：设备ID=12063 响应 state=下发自检指令中 ok=0 id=StartSelfCheck uuid=505 error=等待RTU响应超时
TX：01 06 00 17 00 A5 F9 B5
RX：01 06 00 17 00 A5
[2026-06-03 09:11:15] [WARN] [data][ModbusTcpMaster][SH85SelfChecker][emitErrorAndFinish]：设备ID=12063 自检失败 result=StartCommandFailed msg=启动自检指令下发失败: 等待RTU响应超时
[2026-06-03 09:11:15] [INFO] [data][ModbusTcpMaster][SH85SelfChecker][enterState]：设备ID=12063 状态切换: 下发自检指令中 -> 结束
[2026-06-03 09:11:15] [WARN] [data][ModbusTcpMaster][SH85SelfChecker][finishOnly]：设备ID=12063 自检完成 success=0 result=StartCommandFailed msg=启动自检指令下发失败: 等待RTU响应超时
[2026-06-03 09:43:27] [INFO] [data][ModbusTcpMaster][stop]：设备ID=12063 停止设备，连接模式=AutoReconnect
[2026-06-03 09:43:27] [INFO] [data][ModbusTcpMaster][pauseChildren]：设备ID=12063 暂停普通收发子模块
[2026-06-03 09:43:27] [INFO] [data][ModbusTcpMaster][ModbusCommandSender][stop]：设备ID=12063 指令发送器停止
[2026-06-03 09:43:27] [INFO] [data][ModbusTcpMaster][ModbusConnecter][stopConnectionCheck]：设备ID=12063 停止连接心跳检查
[2026-06-03 09:43:27] [WARN] [data][ModbusTcpMaster][ModbusConnecter][disconnected]：设备ID=12063 TCP连接断开
[2026-06-03 09:43:27] [INFO] [data][ModbusTcpMaster][ModbusConnecter][onConnectionStatusChanged]：设备ID=12063 连接状态变化: Disconnected
[2026-06-03 09:43:27] [INFO] [data][ModbusTcpMaster][ModbusCommandSender][stop]：设备ID=12063 指令发送器停止
[2026-06-03 09:43:27] [INFO] [data][ModbusTcpMaster][enterState]：设备ID=12063 状态切换: 正常运行 -> 连接中
[2026-06-03 09:43:27] [WARN] [data][ModbusTcpMaster][ModbusConnecter][onConnectionError]：设备ID=12063 连接阶段错误: Connection lost: 未知的错误
[2026-06-03 09:43:27] [INFO] [data][ModbusTcpMaster][enterState]：设备ID=12063 状态切换: 连接中 -> 错误状态
[2026-06-03 09:43:27] [INFO] [data][ModbusTcpMaster][ModbusConnecter][disconnectDevice]：设备ID=12063 完全断开连接，已停止自动重连
[2026-06-03 09:43:27] [INFO] [data][ModbusTcpMaster][enterState]：设备ID=12063 状态切换: 错误状态 -> 空闲
[2026-06-03 09:46:06] [INFO] [data][ModbusTcpMaster][start]：设备ID=12063 开始启动设备连接，连接模式=AutoReconnect
[2026-06-03 09:46:06] [INFO] [data][ModbusTcpMaster][enterState]：设备ID=12063 状态切换: 空闲 -> 连接中
[2026-06-03 09:46:06] [INFO] [data][ModbusTcpMaster][ModbusConnecter][connectDevice]：设备ID=12063 开始连接设备 IP=127.0.0.1 Port=562 模式=AutoReconnect
[2026-06-03 09:46:06] [INFO] [data][ModbusTcpMaster][ModbusConnecter][onConnectionStatusChanged]：设备ID=12063 连接状态变化: Connected
[2026-06-03 09:46:06] [INFO] [data][ModbusTcpMaster][resumeChildren]：设备ID=12063 恢复普通收发子模块
[2026-06-03 09:46:06] [INFO] [data][ModbusTcpMaster][enterState]：设备ID=12063 状态切换: 连接中 -> 指令发送器已启动
[2026-06-03 09:46:06] [INFO] [data][ModbusTcpMaster][ModbusCommandSender][start]：设备ID=12063 指令发送器启动
[2026-06-03 09:46:06] [INFO] [data][ModbusTcpMaster][ModbusCommandSender][startSender]：设备ID=12063 指令发送器已启动，立即进入初始化阶段
[2026-06-03 09:46:06] [INFO] [data][ModbusTcpMaster][enterState]：设备ID=12063 状态切换: 指令发送器已启动 -> 初始指令下发中
[2026-06-03 09:46:06] [INFO] [data][ModbusTcpMaster][InitialCommandIssuer][onLogMessage]：设备ID=12063 [CyclicCommandIssuer] 启动循环下发 指令数:2 轮数:1 间隔:100ms
[2026-06-03 09:46:06] [INFO] [data][ModbusTcpMaster][InitialCommandIssuer][onLogMessage]：设备ID=12063 [CyclicCommandIssuer] 发送指令:ReadVersion 索引:0
[2026-06-03 09:46:06] [INFO] [data][ModbusTcpMaster][ModbusCommandSender][doSend]：设备ID=12063 发送指令 module=INITIAL id=ReadVersion uuid=249 sendCount=1/4 timeout=1000ms bytes=8 crc=20 0E
[2026-06-03 09:46:07] [INFO] [data][ModbusTcpMaster][enterState]：设备ID=12063 状态切换: 初始指令下发中 -> 启动定时发送器中
[2026-06-03 09:46:07] [INFO] [data][ModbusTcpMaster][PeriodicCommandSender][startPeriodicSender]：设备ID=12063 定时发送器已启动，进入正常运行状态
[2026-06-03 09:46:07] [INFO] [data][ModbusTcpMaster][enterState]：设备ID=12063 状态切换: 启动定时发送器中 -> 正常运行
[2026-06-03 09:46:07] [INFO] [data][ModbusTcpMaster][ModbusConnecter][startConnectionCheck]：设备ID=12063 启动连接心跳检查，间隔=3000ms
[2026-06-03 09:46:07] [INFO] [data][ModbusTcpMaster][ModbusConnecter][onAsyncReconnectConnected]：设备ID=12063 TCP连接成功
[2026-06-03 09:46:07] [INFO] [data][ModbusTcpMaster][InitialCommandIssuer][onLogMessage]：设备ID=12063 [CyclicCommandIssuer] 发送指令:WriteVEFCGasType 索引:1
[2026-06-03 09:46:07] [WARN] [data][ModbusTcpMaster][ModbusCommandReceiver][onResponseTimeout]：设备ID=12063 响应超时 module=INITIAL id=ReadVersion uuid=249 timeout=1000ms
[2026-06-03 09:46:07] [WARN] [data][ModbusTcpMaster][ModbusCommandSender][handleFailedCommand]：设备ID=12063 指令失败，准备重发 module=INITIAL id=ReadVersion uuid=249 error=等待RTU响应超时 sendCount=1/4
[2026-06-03 09:46:07] [INFO] [data][ModbusTcpMaster][ModbusCommandSender][addToRetryQueue]：设备ID=12063 指令已加入重发队列 module=INITIAL id=ReadVersion uuid=249 sendCount=1/4
[2026-06-03 09:46:07] [INFO] [data][ModbusTcpMaster][ModbusCommandSender][doSend]：设备ID=12063 发送指令 module=INITIAL id=ReadVersion uuid=249 sendCount=2/4 timeout=1000ms bytes=8 crc=20 0E
[2026-06-03 09:46:08] [WARN] [data][ModbusTcpMaster][ModbusCommandReceiver][onResponseTimeout]：设备ID=12063 响应超时 module=INITIAL id=ReadVersion uuid=249 timeout=1000ms
[2026-06-03 09:46:08] [INFO] [data][ModbusTcpMaster][ModbusCommandSender][doSend]：设备ID=12063 发送指令 module=INITIAL id=ReadVersion uuid=249 sendCount=3/4 timeout=1000ms bytes=8 crc=20 0E
[2026-06-03 09:46:08] [WARN] [data][ModbusTcpMaster][ModbusCommandSender][handleFailedCommand]：设备ID=12063 指令失败，准备重发 module=INITIAL id=ReadVersion uuid=249 error=等待RTU响应超时 sendCount=2/4
[2026-06-03 09:46:08] [INFO] [data][ModbusTcpMaster][ModbusCommandSender][addToRetryQueue]：设备ID=12063 指令已加入重发队列 module=INITIAL id=ReadVersion uuid=249 sendCount=2/4
[2026-06-03 09:46:09] [WARN] [data][ModbusTcpMaster][ModbusCommandReceiver][onResponseTimeout]：设备ID=12063 响应超时 module=INITIAL id=ReadVersion uuid=249 timeout=1000ms
[2026-06-03 09:46:09] [WARN] [data][ModbusTcpMaster][ModbusCommandSender][handleFailedCommand]：设备ID=12063 指令失败，准备重发 module=INITIAL id=ReadVersion uuid=249 error=等待RTU响应超时 sendCount=3/4
[2026-06-03 09:46:09] [INFO] [data][ModbusTcpMaster][ModbusCommandSender][addToRetryQueue]：设备ID=12063 指令已加入重发队列 module=INITIAL id=ReadVersion uuid=249 sendCount=3/4
[2026-06-03 09:46:09] [INFO] [data][ModbusTcpMaster][ModbusCommandSender][doSend]：设备ID=12063 发送指令 module=INITIAL id=ReadVersion uuid=249 sendCount=4/4 timeout=1000ms bytes=8 crc=20 0E
[2026-06-03 09:46:10] [WARN] [data][ModbusTcpMaster][ModbusCommandReceiver][onResponseTimeout]：设备ID=12063 响应超时 module=INITIAL id=ReadVersion uuid=249 timeout=1000ms
[2026-06-03 09:46:10] [WARN] [data][ModbusTcpMaster][ModbusCommandSender][handleFailedCommand]：设备ID=12063 指令失败 module=INITIAL id=ReadVersion uuid=249 error=等待RTU响应超时 sendCount=4/4 timedOut=1 checksumError=0 deviceBusy=0
[2026-06-03 09:46:10] [INFO] [data][ModbusTcpMaster][InitialCommandIssuer][onLogMessage]：设备ID=12063 [CyclicCommandIssuer] 指令失败:ReadVersion 原因:等待RTU响应超时 发送次数:4
[2026-06-03 09:46:10] [INFO] [data][ModbusTcpMaster][ModbusCommandSender][doSend]：设备ID=12063 发送指令 module=INITIAL id=WriteVEFCGasType uuid=250 sendCount=1/4 timeout=1000ms bytes=8 crc=D8 0A
[2026-06-03 09:46:11] [WARN] [data][ModbusTcpMaster][ModbusCommandReceiver][onResponseTimeout]：设备ID=12063 响应超时 module=INITIAL id=WriteVEFCGasType uuid=250 timeout=1000ms
[2026-06-03 09:46:11] [WARN] [data][ModbusTcpMaster][ModbusCommandSender][handleFailedCommand]：设备ID=12063 指令失败，准备重发 module=INITIAL id=WriteVEFCGasType uuid=250 error=等待RTU响应超时 sendCount=1/4
[2026-06-03 09:46:11] [INFO] [data][ModbusTcpMaster][ModbusCommandSender][addToRetryQueue]：设备ID=12063 指令已加入重发队列 module=INITIAL id=WriteVEFCGasType uuid=250 sendCount=1/4
[2026-06-03 09:46:11] [INFO] [data][ModbusTcpMaster][ModbusCommandSender][doSend]：设备ID=12063 发送指令 module=INITIAL id=WriteVEFCGasType uuid=250 sendCount=2/4 timeout=1000ms bytes=8 crc=D8 0A
[2026-06-03 09:46:12] [INFO] [data][ModbusTcpMaster][stop]：设备ID=12063 停止设备，连接模式=AutoReconnect
[2026-06-03 09:46:12] [INFO] [data][ModbusTcpMaster][pauseChildren]：设备ID=12063 暂停普通收发子模块
[2026-06-03 09:46:12] [INFO] [data][ModbusTcpMaster][InitialCommandIssuer][onLogMessage]：设备ID=12063 [CyclicCommandIssuer] 已停止
[2026-06-03 09:46:12] [INFO] [data][ModbusTcpMaster][ModbusCommandSender][stop]：设备ID=12063 指令发送器停止
[2026-06-03 09:46:12] [INFO] [data][ModbusTcpMaster][ModbusConnecter][stopConnectionCheck]：设备ID=12063 停止连接心跳检查
[2026-06-03 09:46:12] [WARN] [data][ModbusTcpMaster][ModbusConnecter][disconnected]：设备ID=12063 TCP连接断开
[2026-06-03 09:46:12] [INFO] [data][ModbusTcpMaster][enterState]：设备ID=12063 状态切换: 正常运行 -> 连接中
[2026-06-03 09:46:12] [WARN] [data][ModbusTcpMaster][ModbusConnecter][onConnectionError]：设备ID=12063 连接阶段错误: Connection lost: 未知的错误
[2026-06-03 09:46:12] [INFO] [data][ModbusTcpMaster][ModbusConnecter][onConnectionStatusChanged]：设备ID=12063 连接状态变化: Disconnected
[2026-06-03 09:46:12] [INFO] [data][ModbusTcpMaster][ModbusConnecter][disconnectDevice]：设备ID=12063 完全断开连接，已停止自动重连
[2026-06-03 09:46:12] [INFO] [data][ModbusTcpMaster][enterState]：设备ID=12063 状态切换: 错误状态 -> 空闲
[2026-06-03 09:46:12] [INFO] [data][ModbusTcpMaster][ModbusCommandSender][stop]：设备ID=12063 指令发送器停止
[2026-06-03 09:46:12] [INFO] [data][ModbusTcpMaster][enterState]：设备ID=12063 状态切换: 连接中 -> 错误状态
[2026-06-03 14:55:24] [INFO] [data][ModbusTcpMaster][start]：设备ID=12063 开始启动设备连接，连接模式=AutoReconnect
[2026-06-03 14:55:24] [INFO] [data][ModbusTcpMaster][enterState]：设备ID=12063 状态切换: 空闲 -> 连接中
[2026-06-03 14:55:24] [INFO] [data][ModbusTcpMaster][ModbusConnecter][connectDevice]：设备ID=12063 开始连接设备 IP=127.0.0.1 Port=562 模式=AutoReconnect
[2026-06-03 14:55:24] [INFO] [data][ModbusTcpMaster][ModbusConnecter][onConnectionStatusChanged]：设备ID=12063 连接状态变化: Connected
[2026-06-03 14:55:24] [INFO] [data][ModbusTcpMaster][resumeChildren]：设备ID=12063 恢复普通收发子模块
[2026-06-03 14:55:24] [INFO] [data][ModbusTcpMaster][enterState]：设备ID=12063 状态切换: 连接中 -> 指令发送器已启动
[2026-06-03 14:55:24] [INFO] [data][ModbusTcpMaster][ModbusCommandSender][start]：设备ID=12063 指令发送器启动
[2026-06-03 14:55:24] [INFO] [data][ModbusTcpMaster][ModbusCommandSender][startSender]：设备ID=12063 指令发送器已启动，立即进入初始化阶段
[2026-06-03 14:55:24] [INFO] [data][ModbusTcpMaster][enterState]：设备ID=12063 状态切换: 指令发送器已启动 -> 初始指令下发中
[2026-06-03 14:55:24] [INFO] [data][ModbusTcpMaster][InitialCommandIssuer][onLogMessage]：设备ID=12063 [CyclicCommandIssuer] 启动循环下发 指令数:2 轮数:1 间隔:100ms
[2026-06-03 14:55:24] [INFO] [data][ModbusTcpMaster][InitialCommandIssuer][onLogMessage]：设备ID=12063 [CyclicCommandIssuer] 发送指令:ReadVersion 索引:0
[2026-06-03 14:55:24] [INFO] [data][ModbusTcpMaster][ModbusCommandSender][doSend]：设备ID=12063 发送指令 module=INITIAL id=ReadVersion uuid=249 sendCount=1/4 timeout=1000ms bytes=8 crc=20 0E
[2026-06-03 14:55:24] [INFO] [data][ModbusTcpMaster][enterState]：设备ID=12063 状态切换: 初始指令下发中 -> 启动定时发送器中
[2026-06-03 14:55:24] [INFO] [data][ModbusTcpMaster][PeriodicCommandSender][startPeriodicSender]：设备ID=12063 定时发送器已启动，进入正常运行状态
[2026-06-03 14:55:24] [INFO] [data][ModbusTcpMaster][enterState]：设备ID=12063 状态切换: 启动定时发送器中 -> 正常运行
[2026-06-03 14:55:24] [INFO] [data][ModbusTcpMaster][ModbusConnecter][startConnectionCheck]：设备ID=12063 启动连接心跳检查，间隔=3000ms
[2026-06-03 14:55:24] [INFO] [data][ModbusTcpMaster][ModbusConnecter][onAsyncReconnectConnected]：设备ID=12063 TCP连接成功
[2026-06-03 14:55:25] [INFO] [data][ModbusTcpMaster][InitialCommandIssuer][onLogMessage]：设备ID=12063 [CyclicCommandIssuer] 发送指令:WriteVEFCGasType 索引:1
[2026-06-03 14:55:25] [WARN] [data][ModbusTcpMaster][ModbusCommandReceiver][onResponseTimeout]：设备ID=12063 响应超时 module=INITIAL id=ReadVersion uuid=249 timeout=1000ms
[2026-06-03 14:55:25] [WARN] [data][ModbusTcpMaster][ModbusCommandSender][handleFailedCommand]：设备ID=12063 指令失败，准备重发 module=INITIAL id=ReadVersion uuid=249 error=等待RTU响应超时 sendCount=1/4
[2026-06-03 14:55:25] [INFO] [data][ModbusTcpMaster][ModbusCommandSender][addToRetryQueue]：设备ID=12063 指令已加入重发队列 module=INITIAL id=ReadVersion uuid=249 sendCount=1/4
[2026-06-03 14:55:25] [INFO] [data][ModbusTcpMaster][ModbusCommandSender][doSend]：设备ID=12063 发送指令 module=INITIAL id=ReadVersion uuid=249 sendCount=2/4 timeout=1000ms bytes=8 crc=20 0E
[2026-06-03 14:55:26] [WARN] [data][ModbusTcpMaster][ModbusCommandReceiver][onResponseTimeout]：设备ID=12063 响应超时 module=INITIAL id=ReadVersion uuid=249 timeout=1000ms
[2026-06-03 14:55:26] [WARN] [data][ModbusTcpMaster][ModbusCommandSender][handleFailedCommand]：设备ID=12063 指令失败，准备重发 module=INITIAL id=ReadVersion uuid=249 error=等待RTU响应超时 sendCount=2/4
[2026-06-03 14:55:26] [INFO] [data][ModbusTcpMaster][ModbusCommandSender][addToRetryQueue]：设备ID=12063 指令已加入重发队列 module=INITIAL id=ReadVersion uuid=249 sendCount=2/4
[2026-06-03 14:55:26] [INFO] [data][ModbusTcpMaster][ModbusCommandSender][doSend]：设备ID=12063 发送指令 module=INITIAL id=ReadVersion uuid=249 sendCount=3/4 timeout=1000ms bytes=8 crc=20 0E
[2026-06-03 14:55:27] [WARN] [data][ModbusTcpMaster][ModbusCommandReceiver][onResponseTimeout]：设备ID=12063 响应超时 module=INITIAL id=ReadVersion uuid=249 timeout=1000ms
[2026-06-03 14:55:27] [WARN] [data][ModbusTcpMaster][ModbusCommandSender][handleFailedCommand]：设备ID=12063 指令失败，准备重发 module=INITIAL id=ReadVersion uuid=249 error=等待RTU响应超时 sendCount=3/4
[2026-06-03 14:55:27] [INFO] [data][ModbusTcpMaster][ModbusCommandSender][addToRetryQueue]：设备ID=12063 指令已加入重发队列 module=INITIAL id=ReadVersion uuid=249 sendCount=3/4
[2026-06-03 14:55:27] [INFO] [data][ModbusTcpMaster][ModbusCommandSender][doSend]：设备ID=12063 发送指令 module=INITIAL id=ReadVersion uuid=249 sendCount=4/4 timeout=1000ms bytes=8 crc=20 0E
[2026-06-03 14:55:28] [WARN] [data][ModbusTcpMaster][ModbusCommandReceiver][onResponseTimeout]：设备ID=12063 响应超时 module=INITIAL id=ReadVersion uuid=249 timeout=1000ms
[2026-06-03 14:55:28] [WARN] [data][ModbusTcpMaster][ModbusCommandSender][handleFailedCommand]：设备ID=12063 指令失败 module=INITIAL id=ReadVersion uuid=249 error=等待RTU响应超时 sendCount=4/4 timedOut=1 checksumError=0 deviceBusy=0
[2026-06-03 14:55:28] [INFO] [data][ModbusTcpMaster][InitialCommandIssuer][onLogMessage]：设备ID=12063 [CyclicCommandIssuer] 指令失败:ReadVersion 原因:等待RTU响应超时 发送次数:4
[2026-06-03 14:55:28] [INFO] [data][ModbusTcpMaster][ModbusCommandSender][doSend]：设备ID=12063 发送指令 module=INITIAL id=WriteVEFCGasType uuid=250 sendCount=1/4 timeout=1000ms bytes=8 crc=D8 0A
[2026-06-03 14:55:29] [WARN] [data][ModbusTcpMaster][ModbusCommandReceiver][onResponseTimeout]：设备ID=12063 响应超时 module=INITIAL id=WriteVEFCGasType uuid=250 timeout=1000ms
[2026-06-03 14:55:29] [WARN] [data][ModbusTcpMaster][ModbusCommandSender][handleFailedCommand]：设备ID=12063 指令失败，准备重发 module=INITIAL id=WriteVEFCGasType uuid=250 error=等待RTU响应超时 sendCount=1/4
[2026-06-03 14:55:29] [INFO] [data][ModbusTcpMaster][ModbusCommandSender][addToRetryQueue]：设备ID=12063 指令已加入重发队列 module=INITIAL id=WriteVEFCGasType uuid=250 sendCount=1/4
[2026-06-03 14:55:29] [INFO] [data][ModbusTcpMaster][ModbusCommandSender][doSend]：设备ID=12063 发送指令 module=INITIAL id=WriteVEFCGasType uuid=250 sendCount=2/4 timeout=1000ms bytes=8 crc=D8 0A
[2026-06-03 14:55:30] [WARN] [data][ModbusTcpMaster][ModbusCommandReceiver][onResponseTimeout]：设备ID=12063 响应超时 module=INITIAL id=WriteVEFCGasType uuid=250 timeout=1000ms
[2026-06-03 14:55:30] [WARN] [data][ModbusTcpMaster][ModbusCommandSender][handleFailedCommand]：设备ID=12063 指令失败，准备重发 module=INITIAL id=WriteVEFCGasType uuid=250 error=等待RTU响应超时 sendCount=2/4
[2026-06-03 14:55:30] [INFO] [data][ModbusTcpMaster][ModbusCommandSender][doSend]：设备ID=12063 发送指令 module=INITIAL id=WriteVEFCGasType uuid=250 sendCount=3/4 timeout=1000ms bytes=8 crc=D8 0A
[2026-06-03 14:55:30] [INFO] [data][ModbusTcpMaster][ModbusCommandSender][addToRetryQueue]：设备ID=12063 指令已加入重发队列 module=INITIAL id=WriteVEFCGasType uuid=250 sendCount=2/4
[2026-06-03 14:55:31] [WARN] [data][ModbusTcpMaster][ModbusCommandReceiver][onResponseTimeout]：设备ID=12063 响应超时 module=INITIAL id=WriteVEFCGasType uuid=250 timeout=1000ms
[2026-06-03 14:55:31] [WARN] [data][ModbusTcpMaster][ModbusCommandSender][handleFailedCommand]：设备ID=12063 指令失败，准备重发 module=INITIAL id=WriteVEFCGasType uuid=250 error=等待RTU响应超时 sendCount=3/4
[2026-06-03 14:55:31] [INFO] [data][ModbusTcpMaster][ModbusCommandSender][addToRetryQueue]：设备ID=12063 指令已加入重发队列 module=INITIAL id=WriteVEFCGasType uuid=250 sendCount=3/4
[2026-06-03 14:55:31] [INFO] [data][ModbusTcpMaster][ModbusCommandSender][doSend]：设备ID=12063 发送指令 module=INITIAL id=WriteVEFCGasType uuid=250 sendCount=4/4 timeout=1000ms bytes=8 crc=D8 0A
[2026-06-03 14:55:32] [WARN] [data][ModbusTcpMaster][ModbusCommandReceiver][onResponseTimeout]：设备ID=12063 响应超时 module=INITIAL id=WriteVEFCGasType uuid=250 timeout=1000ms
[2026-06-03 14:55:32] [WARN] [data][ModbusTcpMaster][ModbusCommandSender][handleFailedCommand]：设备ID=12063 指令失败 module=INITIAL id=WriteVEFCGasType uuid=250 error=等待RTU响应超时 sendCount=4/4 timedOut=1 checksumError=0 deviceBusy=0
[2026-06-03 14:55:32] [INFO] [data][ModbusTcpMaster][InitialCommandIssuer][onLogMessage]：设备ID=12063 [CyclicCommandIssuer] 指令失败:WriteVEFCGasType 原因:等待RTU响应超时 发送次数:4
[2026-06-03 14:55:32] [INFO] [data][ModbusTcpMaster][InitialCommandIssuer][onLogMessage]：设备ID=12063 [CyclicCommandIssuer] 第1轮完成 失败:2条
[2026-06-03 14:55:32] [INFO] [data][ModbusTcpMaster][InitialCommandIssuer][onRoundComplete]：设备ID=12063 初始化指令完成，失败数=2
[2026-06-03 14:55:32] [INFO] [data][ModbusTcpMaster][InitialCommandIssuer][onInitialFinished]：设备ID=12063 初始化完成，失败指令数=2
[2026-06-03 14:55:32] [INFO] [data][ModbusTcpMaster][InitialCommandIssuer][onLogMessage]：设备ID=12063 [CyclicCommandIssuer] 全部轮次执行完毕
[2026-06-03 14:55:32] [INFO] [data][ModbusTcpMaster][ModbusCommandSender][doSend]：设备ID=12063 发送指令 module=BUSINESS id=WriteQRCode uuid=352 sendCount=1/6 timeout=1000ms bytes=13 crc=2F 8E
[2026-06-03 14:55:33] [WARN] [data][ModbusTcpMaster][ModbusCommandReceiver][onResponseTimeout]：设备ID=12063 响应超时 module=BUSINESS id=WriteQRCode uuid=352 timeout=1000ms
[2026-06-03 14:55:33] [WARN] [data][ModbusTcpMaster][ModbusCommandSender][handleFailedCommand]：设备ID=12063 指令失败，准备重发 module=BUSINESS id=WriteQRCode uuid=352 error=等待RTU响应超时 sendCount=1/6
[2026-06-03 14:55:33] [INFO] [data][ModbusTcpMaster][ModbusCommandSender][addToRetryQueue]：设备ID=12063 指令已加入重发队列 module=BUSINESS id=WriteQRCode uuid=352 sendCount=1/6
[2026-06-03 14:55:33] [INFO] [data][ModbusTcpMaster][ModbusCommandSender][doSend]：设备ID=12063 发送指令 module=BUSINESS id=WriteQRCode uuid=352 sendCount=2/6 timeout=1000ms bytes=13 crc=2F 8E
[2026-06-03 14:55:34] [WARN] [data][ModbusTcpMaster][ModbusCommandReceiver][onResponseTimeout]：设备ID=12063 响应超时 module=BUSINESS id=WriteQRCode uuid=352 timeout=1000ms
[2026-06-03 14:55:34] [WARN] [data][ModbusTcpMaster][ModbusCommandSender][handleFailedCommand]：设备ID=12063 指令失败，准备重发 module=BUSINESS id=WriteQRCode uuid=352 error=等待RTU响应超时 sendCount=2/6
[2026-06-03 14:55:34] [INFO] [data][ModbusTcpMaster][ModbusCommandSender][addToRetryQueue]：设备ID=12063 指令已加入重发队列 module=BUSINESS id=WriteQRCode uuid=352 sendCount=2/6
[2026-06-03 14:55:34] [INFO] [data][ModbusTcpMaster][ModbusCommandSender][doSend]：设备ID=12063 发送指令 module=BUSINESS id=WriteQRCode uuid=352 sendCount=3/6 timeout=1000ms bytes=13 crc=2F 8E
[2026-06-03 14:55:34] [INFO] [data][ModbusTcpMaster][SH85SelfChecker][submitStartSelfCheck]：设备ID=12063 下发 StartSelfCheck uuid=463
[2026-06-03 14:55:34] [INFO] [data][ModbusTcpMaster][SH85SelfChecker][enterState]：设备ID=12063 状态切换: 空闲 -> 下发自检指令中
[2026-06-03 14:55:34] [INFO] [data][ModbusTcpMaster][SH85SelfChecker][start]：设备ID=12063 自检流程已启动
[2026-06-03 14:55:35] [WARN] [data][ModbusTcpMaster][ModbusCommandReceiver][onResponseTimeout]：设备ID=12063 响应超时 module=BUSINESS id=WriteQRCode uuid=352 timeout=1000ms
[2026-06-03 14:55:35] [WARN] [data][ModbusTcpMaster][ModbusCommandSender][handleFailedCommand]：设备ID=12063 指令失败，准备重发 module=BUSINESS id=WriteQRCode uuid=352 error=等待RTU响应超时 sendCount=3/6
[2026-06-03 14:55:35] [INFO] [data][ModbusTcpMaster][ModbusCommandSender][addToRetryQueue]：设备ID=12063 指令已加入重发队列 module=BUSINESS id=WriteQRCode uuid=352 sendCount=3/6
[2026-06-03 14:55:35] [INFO] [data][ModbusTcpMaster][ModbusCommandSender][doSend]：设备ID=12063 发送指令 module=BUSINESS id=WriteQRCode uuid=352 sendCount=4/6 timeout=1000ms bytes=13 crc=2F 8E
[2026-06-03 14:55:36] [WARN] [data][ModbusTcpMaster][ModbusCommandReceiver][onResponseTimeout]：设备ID=12063 响应超时 module=BUSINESS id=WriteQRCode uuid=352 timeout=1000ms
[2026-06-03 14:55:36] [WARN] [data][ModbusTcpMaster][ModbusCommandSender][handleFailedCommand]：设备ID=12063 指令失败，准备重发 module=BUSINESS id=WriteQRCode uuid=352 error=等待RTU响应超时 sendCount=4/6
[2026-06-03 14:55:36] [INFO] [data][ModbusTcpMaster][ModbusCommandSender][addToRetryQueue]：设备ID=12063 指令已加入重发队列 module=BUSINESS id=WriteQRCode uuid=352 sendCount=4/6
[2026-06-03 14:55:36] [INFO] [data][ModbusTcpMaster][ModbusCommandSender][doSend]：设备ID=12063 发送指令 module=BUSINESS id=WriteQRCode uuid=352 sendCount=5/6 timeout=1000ms bytes=13 crc=2F 8E
[2026-06-03 14:55:37] [WARN] [data][ModbusTcpMaster][ModbusCommandReceiver][onResponseTimeout]：设备ID=12063 响应超时 module=BUSINESS id=WriteQRCode uuid=352 timeout=1000ms
[2026-06-03 14:55:37] [WARN] [data][ModbusTcpMaster][ModbusCommandSender][handleFailedCommand]：设备ID=12063 指令失败，准备重发 module=BUSINESS id=WriteQRCode uuid=352 error=等待RTU响应超时 sendCount=5/6
[2026-06-03 14:55:37] [INFO] [data][ModbusTcpMaster][ModbusCommandSender][addToRetryQueue]：设备ID=12063 指令已加入重发队列 module=BUSINESS id=WriteQRCode uuid=352 sendCount=5/6
[2026-06-03 14:55:37] [INFO] [data][ModbusTcpMaster][ModbusCommandSender][doSend]：设备ID=12063 发送指令 module=BUSINESS id=WriteQRCode uuid=352 sendCount=6/6 timeout=1000ms bytes=13 crc=2F 8E
[2026-06-03 14:55:38] [WARN] [data][ModbusTcpMaster][ModbusCommandReceiver][onResponseTimeout]：设备ID=12063 响应超时 module=BUSINESS id=WriteQRCode uuid=352 timeout=1000ms
[2026-06-03 14:55:38] [WARN] [data][ModbusTcpMaster][ModbusCommandSender][handleFailedCommand]：设备ID=12063 指令失败 module=BUSINESS id=WriteQRCode uuid=352 error=等待RTU响应超时 sendCount=6/6 timedOut=1 checksumError=0 deviceBusy=0
[2026-06-03 14:55:38] [INFO] [data][ModbusTcpMaster][ModbusCommandSender][doSend]：设备ID=12063 发送指令 module=BUSINESS id=StartSelfCheck uuid=463 sendCount=1/1 timeout=1000ms bytes=8 crc=F9 B5
[2026-06-03 14:55:39] [WARN] [data][ModbusTcpMaster][ModbusCommandReceiver][onResponseTimeout]：设备ID=12063 响应超时 module=BUSINESS id=StartSelfCheck uuid=463 timeout=1000ms
[2026-06-03 14:55:39] [WARN] [data][ModbusTcpMaster][ModbusCommandSender][handleFailedCommand]：设备ID=12063 指令失败 module=BUSINESS id=StartSelfCheck uuid=463 error=等待RTU响应超时 sendCount=1/1 timedOut=1 checksumError=0 deviceBusy=0
[2026-06-03 14:55:39] [WARN] [data][ModbusTcpMaster][SH85SelfChecker][onCommandFinished]：设备ID=12063 响应 state=下发自检指令中 ok=0 id=StartSelfCheck uuid=463 error=等待RTU响应超时
TX：01 06 00 17 00 A5 F9 B5
RX：01 06 00 17 00 A5
[2026-06-03 14:55:39] [WARN] [data][ModbusTcpMaster][SH85SelfChecker][emitErrorAndFinish]：设备ID=12063 自检失败 result=StartCommandFailed msg=启动自检指令下发失败: 等待RTU响应超时
[2026-06-03 14:55:39] [INFO] [data][ModbusTcpMaster][SH85SelfChecker][enterState]：设备ID=12063 状态切换: 下发自检指令中 -> 结束
[2026-06-03 14:55:39] [WARN] [data][ModbusTcpMaster][SH85SelfChecker][finishOnly]：设备ID=12063 自检完成 success=0 result=StartCommandFailed msg=启动自检指令下发失败: 等待RTU响应超时
[2026-06-03 15:31:08] [INFO] [data][ModbusTcpMaster][SH85SelfChecker][submitStartSelfCheck]：设备ID=12063 下发 StartSelfCheck uuid=555
[2026-06-03 15:31:08] [INFO] [data][ModbusTcpMaster][SH85SelfChecker][enterState]：设备ID=12063 状态切换: 结束 -> 下发自检指令中
[2026-06-03 15:31:08] [INFO] [data][ModbusTcpMaster][SH85SelfChecker][start]：设备ID=12063 自检流程已启动
[2026-06-03 15:31:08] [INFO] [data][ModbusTcpMaster][ModbusCommandSender][doSend]：设备ID=12063 发送指令 module=BUSINESS id=StartSelfCheck uuid=555 sendCount=1/1 timeout=1000ms bytes=8 crc=F9 B5
[2026-06-03 15:31:09] [WARN] [data][ModbusTcpMaster][ModbusCommandReceiver][onResponseTimeout]：设备ID=12063 响应超时 module=BUSINESS id=StartSelfCheck uuid=555 timeout=1000ms
[2026-06-03 15:31:09] [WARN] [data][ModbusTcpMaster][ModbusCommandSender][handleFailedCommand]：设备ID=12063 指令失败 module=BUSINESS id=StartSelfCheck uuid=555 error=等待RTU响应超时 sendCount=1/1 timedOut=1 checksumError=0 deviceBusy=0
[2026-06-03 15:31:09] [WARN] [data][ModbusTcpMaster][SH85SelfChecker][onCommandFinished]：设备ID=12063 响应 state=下发自检指令中 ok=0 id=StartSelfCheck uuid=555 error=等待RTU响应超时
TX：01 06 00 17 00 A5 F9 B5
RX：01 06 00 17 00 A5
[2026-06-03 15:31:09] [WARN] [data][ModbusTcpMaster][SH85SelfChecker][emitErrorAndFinish]：设备ID=12063 自检失败 result=StartCommandFailed msg=启动自检指令下发失败: 等待RTU响应超时
[2026-06-03 15:31:09] [INFO] [data][ModbusTcpMaster][SH85SelfChecker][enterState]：设备ID=12063 状态切换: 下发自检指令中 -> 结束
[2026-06-03 15:31:09] [WARN] [data][ModbusTcpMaster][SH85SelfChecker][finishOnly]：设备ID=12063 自检完成 success=0 result=StartCommandFailed msg=启动自检指令下发失败: 等待RTU响应超时
[2026-06-03 15:31:19] [INFO] [data][ModbusTcpMaster][SH85SelfChecker][submitStartSelfCheck]：设备ID=12063 下发 StartSelfCheck uuid=599
[2026-06-03 15:31:19] [INFO] [data][ModbusTcpMaster][SH85SelfChecker][enterState]：设备ID=12063 状态切换: 结束 -> 下发自检指令中
[2026-06-03 15:31:19] [INFO] [data][ModbusTcpMaster][SH85SelfChecker][start]：设备ID=12063 自检流程已启动
[2026-06-03 15:31:19] [INFO] [data][ModbusTcpMaster][ModbusCommandSender][doSend]：设备ID=12063 发送指令 module=BUSINESS id=StartSelfCheck uuid=599 sendCount=1/1 timeout=1000ms bytes=8 crc=F9 B5
[2026-06-03 15:31:20] [WARN] [data][ModbusTcpMaster][ModbusCommandReceiver][onResponseTimeout]：设备ID=12063 响应超时 module=BUSINESS id=StartSelfCheck uuid=599 timeout=1000ms
[2026-06-03 15:31:20] [WARN] [data][ModbusTcpMaster][ModbusCommandSender][handleFailedCommand]：设备ID=12063 指令失败 module=BUSINESS id=StartSelfCheck uuid=599 error=等待RTU响应超时 sendCount=1/1 timedOut=1 checksumError=0 deviceBusy=0
[2026-06-03 15:31:20] [WARN] [data][ModbusTcpMaster][SH85SelfChecker][onCommandFinished]：设备ID=12063 响应 state=下发自检指令中 ok=0 id=StartSelfCheck uuid=599 error=等待RTU响应超时
TX：01 06 00 17 00 A5 F9 B5
RX：01 06 00 17 00 A5
[2026-06-03 15:31:20] [WARN] [data][ModbusTcpMaster][SH85SelfChecker][emitErrorAndFinish]：设备ID=12063 自检失败 result=StartCommandFailed msg=启动自检指令下发失败: 等待RTU响应超时
[2026-06-03 15:31:20] [INFO] [data][ModbusTcpMaster][SH85SelfChecker][enterState]：设备ID=12063 状态切换: 下发自检指令中 -> 结束
[2026-06-03 15:31:20] [WARN] [data][ModbusTcpMaster][SH85SelfChecker][finishOnly]：设备ID=12063 自检完成 success=0 result=StartCommandFailed msg=启动自检指令下发失败: 等待RTU响应超时
[2026-06-03 16:01:41] [INFO] [data][ModbusTcpMaster][SH85SelfChecker][submitStartSelfCheck]：设备ID=12063 下发 StartSelfCheck uuid=635
[2026-06-03 16:01:41] [INFO] [data][ModbusTcpMaster][SH85SelfChecker][enterState]：设备ID=12063 状态切换: 结束 -> 下发自检指令中
[2026-06-03 16:01:41] [INFO] [data][ModbusTcpMaster][SH85SelfChecker][start]：设备ID=12063 自检流程已启动
[2026-06-03 16:01:41] [INFO] [data][ModbusTcpMaster][ModbusCommandSender][doSend]：设备ID=12063 发送指令 module=BUSINESS id=StartSelfCheck uuid=635 sendCount=1/1 timeout=1000ms bytes=8 crc=F9 B5
[2026-06-03 16:01:42] [WARN] [data][ModbusTcpMaster][ModbusCommandReceiver][onResponseTimeout]：设备ID=12063 响应超时 module=BUSINESS id=StartSelfCheck uuid=635 timeout=1000ms
[2026-06-03 16:01:42] [WARN] [data][ModbusTcpMaster][ModbusCommandSender][handleFailedCommand]：设备ID=12063 指令失败 module=BUSINESS id=StartSelfCheck uuid=635 error=等待RTU响应超时 sendCount=1/1 timedOut=1 checksumError=0 deviceBusy=0
[2026-06-03 16:01:42] [WARN] [data][ModbusTcpMaster][SH85SelfChecker][onCommandFinished]：设备ID=12063 响应 state=下发自检指令中 ok=0 id=StartSelfCheck uuid=635 error=等待RTU响应超时
TX：01 06 00 17 00 A5 F9 B5
RX：01 06 00 17 00 A5
[2026-06-03 16:01:42] [WARN] [data][ModbusTcpMaster][SH85SelfChecker][emitErrorAndFinish]：设备ID=12063 自检失败 result=StartCommandFailed msg=启动自检指令下发失败: 等待RTU响应超时
[2026-06-03 16:01:42] [INFO] [data][ModbusTcpMaster][SH85SelfChecker][enterState]：设备ID=12063 状态切换: 下发自检指令中 -> 结束
[2026-06-03 16:01:42] [WARN] [data][ModbusTcpMaster][SH85SelfChecker][finishOnly]：设备ID=12063 自检完成 success=0 result=StartCommandFailed msg=启动自检指令下发失败: 等待RTU响应超时
[2026-06-03 16:32:03] [INFO] [data][ModbusTcpMaster][ModbusCommandSender][doSend]：设备ID=12063 发送指令 module=BUSINESS id=StartSelfCheck uuid=672 sendCount=1/1 timeout=1000ms bytes=8 crc=F9 B5
[2026-06-03 16:32:03] [INFO] [data][ModbusTcpMaster][SH85SelfChecker][submitStartSelfCheck]：设备ID=12063 下发 StartSelfCheck uuid=672
[2026-06-03 16:32:03] [INFO] [data][ModbusTcpMaster][SH85SelfChecker][enterState]：设备ID=12063 状态切换: 结束 -> 下发自检指令中
[2026-06-03 16:32:03] [INFO] [data][ModbusTcpMaster][SH85SelfChecker][start]：设备ID=12063 自检流程已启动
[2026-06-03 16:32:04] [WARN] [data][ModbusTcpMaster][ModbusCommandReceiver][onResponseTimeout]：设备ID=12063 响应超时 module=BUSINESS id=StartSelfCheck uuid=672 timeout=1000ms
[2026-06-03 16:32:04] [WARN] [data][ModbusTcpMaster][ModbusCommandSender][handleFailedCommand]：设备ID=12063 指令失败 module=BUSINESS id=StartSelfCheck uuid=672 error=等待RTU响应超时 sendCount=1/1 timedOut=1 checksumError=0 deviceBusy=0
[2026-06-03 16:32:04] [WARN] [data][ModbusTcpMaster][SH85SelfChecker][onCommandFinished]：设备ID=12063 响应 state=下发自检指令中 ok=0 id=StartSelfCheck uuid=672 error=等待RTU响应超时
TX：01 06 00 17 00 A5 F9 B5
RX：01 06 00 17 00 A5
[2026-06-03 16:32:04] [WARN] [data][ModbusTcpMaster][SH85SelfChecker][emitErrorAndFinish]：设备ID=12063 自检失败 result=StartCommandFailed msg=启动自检指令下发失败: 等待RTU响应超时
[2026-06-03 16:32:04] [INFO] [data][ModbusTcpMaster][SH85SelfChecker][enterState]：设备ID=12063 状态切换: 下发自检指令中 -> 结束
[2026-06-03 16:32:04] [WARN] [data][ModbusTcpMaster][SH85SelfChecker][finishOnly]：设备ID=12063 自检完成 success=0 result=StartCommandFailed msg=启动自检指令下发失败: 等待RTU响应超时
[2026-06-03 16:56:31] [INFO] [data][ModbusTcpMaster][stop]：设备ID=12063 停止设备，连接模式=AutoReconnect
[2026-06-03 16:56:31] [INFO] [data][ModbusTcpMaster][pauseChildren]：设备ID=12063 暂停普通收发子模块
[2026-06-03 16:56:31] [INFO] [data][ModbusTcpMaster][ModbusCommandSender][stop]：设备ID=12063 指令发送器停止
[2026-06-03 16:56:31] [INFO] [data][ModbusTcpMaster][ModbusConnecter][stopConnectionCheck]：设备ID=12063 停止连接心跳检查
[2026-06-03 16:56:31] [WARN] [data][ModbusTcpMaster][ModbusConnecter][disconnected]：设备ID=12063 TCP连接断开
[2026-06-03 16:56:31] [INFO] [data][ModbusTcpMaster][ModbusConnecter][onConnectionStatusChanged]：设备ID=12063 连接状态变化: Disconnected
[2026-06-03 16:56:31] [INFO] [data][ModbusTcpMaster][ModbusCommandSender][stop]：设备ID=12063 指令发送器停止
[2026-06-03 16:56:31] [INFO] [data][ModbusTcpMaster][enterState]：设备ID=12063 状态切换: 正常运行 -> 连接中
[2026-06-03 16:56:31] [WARN] [data][ModbusTcpMaster][ModbusConnecter][onConnectionError]：设备ID=12063 连接阶段错误: Connection lost: 未知的错误
[2026-06-03 16:56:31] [INFO] [data][ModbusTcpMaster][enterState]：设备ID=12063 状态切换: 连接中 -> 错误状态
[2026-06-03 16:56:31] [INFO] [data][ModbusTcpMaster][ModbusConnecter][disconnectDevice]：设备ID=12063 完全断开连接，已停止自动重连
[2026-06-03 16:56:31] [INFO] [data][ModbusTcpMaster][enterState]：设备ID=12063 状态切换: 错误状态 -> 空闲
[2026-06-03 16:56:37] [INFO] [data][ModbusTcpMaster][start]：设备ID=12063 开始启动设备连接，连接模式=AutoReconnect
[2026-06-03 16:56:37] [INFO] [data][ModbusTcpMaster][enterState]：设备ID=12063 状态切换: 空闲 -> 连接中
[2026-06-03 16:56:37] [INFO] [data][ModbusTcpMaster][ModbusConnecter][connectDevice]：设备ID=12063 开始连接设备 IP=127.0.0.1 Port=562 模式=AutoReconnect
[2026-06-03 16:56:37] [INFO] [data][ModbusTcpMaster][ModbusConnecter][onConnectionStatusChanged]：设备ID=12063 连接状态变化: Connected
[2026-06-03 16:56:37] [INFO] [data][ModbusTcpMaster][resumeChildren]：设备ID=12063 恢复普通收发子模块
[2026-06-03 16:56:37] [INFO] [data][ModbusTcpMaster][enterState]：设备ID=12063 状态切换: 连接中 -> 指令发送器已启动
[2026-06-03 16:56:37] [INFO] [data][ModbusTcpMaster][ModbusCommandSender][start]：设备ID=12063 指令发送器启动
[2026-06-03 16:56:37] [INFO] [data][ModbusTcpMaster][ModbusCommandSender][startSender]：设备ID=12063 指令发送器已启动，立即进入初始化阶段
[2026-06-03 16:56:37] [INFO] [data][ModbusTcpMaster][enterState]：设备ID=12063 状态切换: 指令发送器已启动 -> 初始指令下发中
[2026-06-03 16:56:37] [INFO] [data][ModbusTcpMaster][InitialCommandIssuer][onLogMessage]：设备ID=12063 [CyclicCommandIssuer] 启动循环下发 指令数:2 轮数:1 间隔:100ms
[2026-06-03 16:56:37] [INFO] [data][ModbusTcpMaster][InitialCommandIssuer][onLogMessage]：设备ID=12063 [CyclicCommandIssuer] 发送指令:ReadVersion 索引:0
[2026-06-03 16:56:37] [INFO] [data][ModbusTcpMaster][ModbusCommandSender][doSend]：设备ID=12063 发送指令 module=INITIAL id=ReadVersion uuid=249 sendCount=1/4 timeout=1000ms bytes=8 crc=20 0E
[2026-06-03 16:56:37] [INFO] [data][ModbusTcpMaster][enterState]：设备ID=12063 状态切换: 初始指令下发中 -> 启动定时发送器中
[2026-06-03 16:56:37] [INFO] [data][ModbusTcpMaster][PeriodicCommandSender][startPeriodicSender]：设备ID=12063 定时发送器已启动，进入正常运行状态
[2026-06-03 16:56:37] [INFO] [data][ModbusTcpMaster][enterState]：设备ID=12063 状态切换: 启动定时发送器中 -> 正常运行
[2026-06-03 16:56:37] [INFO] [data][ModbusTcpMaster][ModbusConnecter][startConnectionCheck]：设备ID=12063 启动连接心跳检查，间隔=3000ms
[2026-06-03 16:56:37] [INFO] [data][ModbusTcpMaster][ModbusConnecter][onAsyncReconnectConnected]：设备ID=12063 TCP连接成功
[2026-06-03 16:56:37] [INFO] [data][ModbusTcpMaster][InitialCommandIssuer][onLogMessage]：设备ID=12063 [CyclicCommandIssuer] 发送指令:WriteVEFCGasType 索引:1
[2026-06-03 16:56:38] [WARN] [data][ModbusTcpMaster][ModbusCommandReceiver][onResponseTimeout]：设备ID=12063 响应超时 module=INITIAL id=ReadVersion uuid=249 timeout=1000ms
[2026-06-03 16:56:38] [WARN] [data][ModbusTcpMaster][ModbusCommandSender][handleFailedCommand]：设备ID=12063 指令失败，准备重发 module=INITIAL id=ReadVersion uuid=249 error=等待RTU响应超时 sendCount=1/4
[2026-06-03 16:56:38] [INFO] [data][ModbusTcpMaster][ModbusCommandSender][addToRetryQueue]：设备ID=12063 指令已加入重发队列 module=INITIAL id=ReadVersion uuid=249 sendCount=1/4
[2026-06-03 16:56:38] [INFO] [data][ModbusTcpMaster][ModbusCommandSender][doSend]：设备ID=12063 发送指令 module=INITIAL id=ReadVersion uuid=249 sendCount=2/4 timeout=1000ms bytes=8 crc=20 0E
[2026-06-03 16:56:39] [WARN] [data][ModbusTcpMaster][ModbusCommandReceiver][onResponseTimeout]：设备ID=12063 响应超时 module=INITIAL id=ReadVersion uuid=249 timeout=1000ms
[2026-06-03 16:56:39] [WARN] [data][ModbusTcpMaster][ModbusCommandSender][handleFailedCommand]：设备ID=12063 指令失败，准备重发 module=INITIAL id=ReadVersion uuid=249 error=等待RTU响应超时 sendCount=2/4
[2026-06-03 16:56:39] [INFO] [data][ModbusTcpMaster][ModbusCommandSender][addToRetryQueue]：设备ID=12063 指令已加入重发队列 module=INITIAL id=ReadVersion uuid=249 sendCount=2/4
[2026-06-03 16:56:39] [INFO] [data][ModbusTcpMaster][ModbusCommandSender][doSend]：设备ID=12063 发送指令 module=INITIAL id=ReadVersion uuid=249 sendCount=3/4 timeout=1000ms bytes=8 crc=20 0E
[2026-06-03 16:56:40] [WARN] [data][ModbusTcpMaster][ModbusCommandReceiver][onResponseTimeout]：设备ID=12063 响应超时 module=INITIAL id=ReadVersion uuid=249 timeout=1000ms
[2026-06-03 16:56:40] [WARN] [data][ModbusTcpMaster][ModbusCommandSender][handleFailedCommand]：设备ID=12063 指令失败，准备重发 module=INITIAL id=ReadVersion uuid=249 error=等待RTU响应超时 sendCount=3/4
[2026-06-03 16:56:40] [INFO] [data][ModbusTcpMaster][ModbusCommandSender][addToRetryQueue]：设备ID=12063 指令已加入重发队列 module=INITIAL id=ReadVersion uuid=249 sendCount=3/4
[2026-06-03 16:56:40] [INFO] [data][ModbusTcpMaster][ModbusCommandSender][doSend]：设备ID=12063 发送指令 module=INITIAL id=ReadVersion uuid=249 sendCount=4/4 timeout=1000ms bytes=8 crc=20 0E
[2026-06-03 16:56:41] [WARN] [data][ModbusTcpMaster][ModbusCommandReceiver][onResponseTimeout]：设备ID=12063 响应超时 module=INITIAL id=ReadVersion uuid=249 timeout=1000ms
[2026-06-03 16:56:41] [WARN] [data][ModbusTcpMaster][ModbusCommandSender][handleFailedCommand]：设备ID=12063 指令失败 module=INITIAL id=ReadVersion uuid=249 error=等待RTU响应超时 sendCount=4/4 timedOut=1 checksumError=0 deviceBusy=0
[2026-06-03 16:56:41] [INFO] [data][ModbusTcpMaster][InitialCommandIssuer][onLogMessage]：设备ID=12063 [CyclicCommandIssuer] 指令失败:ReadVersion 原因:等待RTU响应超时 发送次数:4
[2026-06-03 16:56:41] [INFO] [data][ModbusTcpMaster][ModbusCommandSender][doSend]：设备ID=12063 发送指令 module=INITIAL id=WriteVEFCGasType uuid=250 sendCount=1/4 timeout=1000ms bytes=8 crc=D8 0A
[2026-06-03 16:56:42] [WARN] [data][ModbusTcpMaster][ModbusCommandReceiver][onResponseTimeout]：设备ID=12063 响应超时 module=INITIAL id=WriteVEFCGasType uuid=250 timeout=1000ms
[2026-06-03 16:56:42] [WARN] [data][ModbusTcpMaster][ModbusCommandSender][handleFailedCommand]：设备ID=12063 指令失败，准备重发 module=INITIAL id=WriteVEFCGasType uuid=250 error=等待RTU响应超时 sendCount=1/4
[2026-06-03 16:56:42] [INFO] [data][ModbusTcpMaster][ModbusCommandSender][addToRetryQueue]：设备ID=12063 指令已加入重发队列 module=INITIAL id=WriteVEFCGasType uuid=250 sendCount=1/4
[2026-06-03 16:56:42] [INFO] [data][ModbusTcpMaster][ModbusCommandSender][doSend]：设备ID=12063 发送指令 module=INITIAL id=WriteVEFCGasType uuid=250 sendCount=2/4 timeout=1000ms bytes=8 crc=D8 0A
[2026-06-03 16:56:43] [WARN] [data][ModbusTcpMaster][ModbusCommandReceiver][onResponseTimeout]：设备ID=12063 响应超时 module=INITIAL id=WriteVEFCGasType uuid=250 timeout=1000ms
[2026-06-03 16:56:43] [INFO] [data][ModbusTcpMaster][ModbusCommandSender][doSend]：设备ID=12063 发送指令 module=INITIAL id=WriteVEFCGasType uuid=250 sendCount=3/4 timeout=1000ms bytes=8 crc=D8 0A
[2026-06-03 16:56:43] [WARN] [data][ModbusTcpMaster][ModbusCommandSender][handleFailedCommand]：设备ID=12063 指令失败，准备重发 module=INITIAL id=WriteVEFCGasType uuid=250 error=等待RTU响应超时 sendCount=2/4
[2026-06-03 16:56:43] [INFO] [data][ModbusTcpMaster][ModbusCommandSender][addToRetryQueue]：设备ID=12063 指令已加入重发队列 module=INITIAL id=WriteVEFCGasType uuid=250 sendCount=2/4
[2026-06-03 16:56:44] [WARN] [data][ModbusTcpMaster][ModbusCommandReceiver][onResponseTimeout]：设备ID=12063 响应超时 module=INITIAL id=WriteVEFCGasType uuid=250 timeout=1000ms
[2026-06-03 16:56:44] [WARN] [data][ModbusTcpMaster][ModbusCommandSender][handleFailedCommand]：设备ID=12063 指令失败，准备重发 module=INITIAL id=WriteVEFCGasType uuid=250 error=等待RTU响应超时 sendCount=3/4
[2026-06-03 16:56:44] [INFO] [data][ModbusTcpMaster][ModbusCommandSender][addToRetryQueue]：设备ID=12063 指令已加入重发队列 module=INITIAL id=WriteVEFCGasType uuid=250 sendCount=3/4
[2026-06-03 16:56:44] [INFO] [data][ModbusTcpMaster][ModbusCommandSender][doSend]：设备ID=12063 发送指令 module=INITIAL id=WriteVEFCGasType uuid=250 sendCount=4/4 timeout=1000ms bytes=8 crc=D8 0A
[2026-06-03 16:56:45] [WARN] [data][ModbusTcpMaster][ModbusCommandReceiver][onResponseTimeout]：设备ID=12063 响应超时 module=INITIAL id=WriteVEFCGasType uuid=250 timeout=1000ms
[2026-06-03 16:56:45] [WARN] [data][ModbusTcpMaster][ModbusCommandSender][handleFailedCommand]：设备ID=12063 指令失败 module=INITIAL id=WriteVEFCGasType uuid=250 error=等待RTU响应超时 sendCount=4/4 timedOut=1 checksumError=0 deviceBusy=0
[2026-06-03 16:56:45] [INFO] [data][ModbusTcpMaster][InitialCommandIssuer][onLogMessage]：设备ID=12063 [CyclicCommandIssuer] 指令失败:WriteVEFCGasType 原因:等待RTU响应超时 发送次数:4
[2026-06-03 16:56:45] [INFO] [data][ModbusTcpMaster][InitialCommandIssuer][onLogMessage]：设备ID=12063 [CyclicCommandIssuer] 第1轮完成 失败:2条
[2026-06-03 16:56:45] [INFO] [data][ModbusTcpMaster][InitialCommandIssuer][onRoundComplete]：设备ID=12063 初始化指令完成，失败数=2
[2026-06-03 16:56:45] [INFO] [data][ModbusTcpMaster][InitialCommandIssuer][onInitialFinished]：设备ID=12063 初始化完成，失败指令数=2
[2026-06-03 16:56:45] [INFO] [data][ModbusTcpMaster][InitialCommandIssuer][onLogMessage]：设备ID=12063 [CyclicCommandIssuer] 全部轮次执行完毕
[2026-06-03 16:56:45] [INFO] [data][ModbusTcpMaster][ModbusCommandSender][doSend]：设备ID=12063 发送指令 module=BUSINESS id=WriteQRCode uuid=383 sendCount=1/6 timeout=1000ms bytes=13 crc=2F 8E
[2026-06-03 16:56:46] [WARN] [data][ModbusTcpMaster][ModbusCommandReceiver][onResponseTimeout]：设备ID=12063 响应超时 module=BUSINESS id=WriteQRCode uuid=383 timeout=1000ms
[2026-06-03 16:56:46] [WARN] [data][ModbusTcpMaster][ModbusCommandSender][handleFailedCommand]：设备ID=12063 指令失败，准备重发 module=BUSINESS id=WriteQRCode uuid=383 error=等待RTU响应超时 sendCount=1/6
[2026-06-03 16:56:46] [INFO] [data][ModbusTcpMaster][ModbusCommandSender][addToRetryQueue]：设备ID=12063 指令已加入重发队列 module=BUSINESS id=WriteQRCode uuid=383 sendCount=1/6
[2026-06-03 16:56:46] [INFO] [data][ModbusTcpMaster][ModbusCommandSender][doSend]：设备ID=12063 发送指令 module=BUSINESS id=WriteQRCode uuid=383 sendCount=2/6 timeout=1000ms bytes=13 crc=2F 8E
[2026-06-03 16:56:47] [WARN] [data][ModbusTcpMaster][ModbusCommandReceiver][onResponseTimeout]：设备ID=12063 响应超时 module=BUSINESS id=WriteQRCode uuid=383 timeout=1000ms
[2026-06-03 16:56:47] [WARN] [data][ModbusTcpMaster][ModbusCommandSender][handleFailedCommand]：设备ID=12063 指令失败，准备重发 module=BUSINESS id=WriteQRCode uuid=383 error=等待RTU响应超时 sendCount=2/6
[2026-06-03 16:56:47] [INFO] [data][ModbusTcpMaster][ModbusCommandSender][addToRetryQueue]：设备ID=12063 指令已加入重发队列 module=BUSINESS id=WriteQRCode uuid=383 sendCount=2/6
[2026-06-03 16:56:47] [INFO] [data][ModbusTcpMaster][ModbusCommandSender][doSend]：设备ID=12063 发送指令 module=BUSINESS id=WriteQRCode uuid=383 sendCount=3/6 timeout=1000ms bytes=13 crc=2F 8E
[2026-06-03 16:56:47] [INFO] [data][ModbusTcpMaster][SH85SelfChecker][submitStartSelfCheck]：设备ID=12063 下发 StartSelfCheck uuid=463
[2026-06-03 16:56:47] [INFO] [data][ModbusTcpMaster][SH85SelfChecker][enterState]：设备ID=12063 状态切换: 空闲 -> 下发自检指令中
[2026-06-03 16:56:47] [INFO] [data][ModbusTcpMaster][SH85SelfChecker][start]：设备ID=12063 自检流程已启动
[2026-06-03 16:56:48] [WARN] [data][ModbusTcpMaster][ModbusCommandReceiver][onResponseTimeout]：设备ID=12063 响应超时 module=BUSINESS id=WriteQRCode uuid=383 timeout=1000ms
[2026-06-03 16:56:48] [WARN] [data][ModbusTcpMaster][ModbusCommandSender][handleFailedCommand]：设备ID=12063 指令失败，准备重发 module=BUSINESS id=WriteQRCode uuid=383 error=等待RTU响应超时 sendCount=3/6
[2026-06-03 16:56:48] [INFO] [data][ModbusTcpMaster][ModbusCommandSender][addToRetryQueue]：设备ID=12063 指令已加入重发队列 module=BUSINESS id=WriteQRCode uuid=383 sendCount=3/6
[2026-06-03 16:56:48] [INFO] [data][ModbusTcpMaster][ModbusCommandSender][doSend]：设备ID=12063 发送指令 module=BUSINESS id=WriteQRCode uuid=383 sendCount=4/6 timeout=1000ms bytes=13 crc=2F 8E
[2026-06-03 16:56:49] [WARN] [data][ModbusTcpMaster][ModbusCommandReceiver][onResponseTimeout]：设备ID=12063 响应超时 module=BUSINESS id=WriteQRCode uuid=383 timeout=1000ms
[2026-06-03 16:56:49] [WARN] [data][ModbusTcpMaster][ModbusCommandSender][handleFailedCommand]：设备ID=12063 指令失败，准备重发 module=BUSINESS id=WriteQRCode uuid=383 error=等待RTU响应超时 sendCount=4/6
[2026-06-03 16:56:49] [INFO] [data][ModbusTcpMaster][ModbusCommandSender][addToRetryQueue]：设备ID=12063 指令已加入重发队列 module=BUSINESS id=WriteQRCode uuid=383 sendCount=4/6
[2026-06-03 16:56:49] [INFO] [data][ModbusTcpMaster][ModbusCommandSender][doSend]：设备ID=12063 发送指令 module=BUSINESS id=WriteQRCode uuid=383 sendCount=5/6 timeout=1000ms bytes=13 crc=2F 8E
[2026-06-03 16:56:50] [WARN] [data][ModbusTcpMaster][ModbusCommandReceiver][onResponseTimeout]：设备ID=12063 响应超时 module=BUSINESS id=WriteQRCode uuid=383 timeout=1000ms
[2026-06-03 16:56:50] [WARN] [data][ModbusTcpMaster][ModbusCommandSender][handleFailedCommand]：设备ID=12063 指令失败，准备重发 module=BUSINESS id=WriteQRCode uuid=383 error=等待RTU响应超时 sendCount=5/6
[2026-06-03 16:56:50] [INFO] [data][ModbusTcpMaster][ModbusCommandSender][addToRetryQueue]：设备ID=12063 指令已加入重发队列 module=BUSINESS id=WriteQRCode uuid=383 sendCount=5/6
[2026-06-03 16:56:50] [INFO] [data][ModbusTcpMaster][ModbusCommandSender][doSend]：设备ID=12063 发送指令 module=BUSINESS id=WriteQRCode uuid=383 sendCount=6/6 timeout=1000ms bytes=13 crc=2F 8E
[2026-06-03 16:56:51] [WARN] [data][ModbusTcpMaster][ModbusCommandReceiver][onResponseTimeout]：设备ID=12063 响应超时 module=BUSINESS id=WriteQRCode uuid=383 timeout=1000ms
[2026-06-03 16:56:51] [WARN] [data][ModbusTcpMaster][ModbusCommandSender][handleFailedCommand]：设备ID=12063 指令失败 module=BUSINESS id=WriteQRCode uuid=383 error=等待RTU响应超时 sendCount=6/6 timedOut=1 checksumError=0 deviceBusy=0
[2026-06-03 16:56:51] [INFO] [data][ModbusTcpMaster][ModbusCommandSender][doSend]：设备ID=12063 发送指令 module=BUSINESS id=StartSelfCheck uuid=463 sendCount=1/1 timeout=1000ms bytes=8 crc=F9 B5
[2026-06-03 16:56:52] [WARN] [data][ModbusTcpMaster][ModbusCommandReceiver][onResponseTimeout]：设备ID=12063 响应超时 module=BUSINESS id=StartSelfCheck uuid=463 timeout=1000ms
[2026-06-03 16:56:52] [WARN] [data][ModbusTcpMaster][ModbusCommandSender][handleFailedCommand]：设备ID=12063 指令失败 module=BUSINESS id=StartSelfCheck uuid=463 error=等待RTU响应超时 sendCount=1/1 timedOut=1 checksumError=0 deviceBusy=0
[2026-06-03 16:56:52] [WARN] [data][ModbusTcpMaster][SH85SelfChecker][onCommandFinished]：设备ID=12063 响应 state=下发自检指令中 ok=0 id=StartSelfCheck uuid=463 error=等待RTU响应超时
TX：01 06 00 17 00 A5 F9 B5
RX：01 06 00 17 00 A5
[2026-06-03 16:56:52] [WARN] [data][ModbusTcpMaster][SH85SelfChecker][emitErrorAndFinish]：设备ID=12063 自检失败 result=StartCommandFailed msg=启动自检指令下发失败: 等待RTU响应超时
[2026-06-03 16:56:52] [INFO] [data][ModbusTcpMaster][SH85SelfChecker][enterState]：设备ID=12063 状态切换: 下发自检指令中 -> 结束
[2026-06-03 16:56:52] [WARN] [data][ModbusTcpMaster][SH85SelfChecker][finishOnly]：设备ID=12063 自检完成 success=0 result=StartCommandFailed msg=启动自检指令下发失败: 等待RTU响应超时
[2026-06-03 17:44:28] [INFO] [data][ModbusTcpMaster][stop]：设备ID=12063 停止设备，连接模式=AutoReconnect
[2026-06-03 17:44:28] [INFO] [data][ModbusTcpMaster][pauseChildren]：设备ID=12063 暂停普通收发子模块
[2026-06-03 17:44:28] [INFO] [data][ModbusTcpMaster][ModbusCommandSender][stop]：设备ID=12063 指令发送器停止
[2026-06-03 17:44:28] [INFO] [data][ModbusTcpMaster][ModbusConnecter][stopConnectionCheck]：设备ID=12063 停止连接心跳检查
[2026-06-03 17:44:28] [WARN] [data][ModbusTcpMaster][ModbusConnecter][disconnected]：设备ID=12063 TCP连接断开
[2026-06-03 17:44:28] [INFO] [data][ModbusTcpMaster][ModbusConnecter][onConnectionStatusChanged]：设备ID=12063 连接状态变化: Disconnected
[2026-06-03 17:44:28] [INFO] [data][ModbusTcpMaster][ModbusCommandSender][stop]：设备ID=12063 指令发送器停止
[2026-06-03 17:44:28] [INFO] [data][ModbusTcpMaster][enterState]：设备ID=12063 状态切换: 正常运行 -> 连接中
[2026-06-03 17:44:28] [WARN] [data][ModbusTcpMaster][ModbusConnecter][onConnectionError]：设备ID=12063 连接阶段错误: Connection lost: 未知的错误
[2026-06-03 17:44:28] [INFO] [data][ModbusTcpMaster][enterState]：设备ID=12063 状态切换: 连接中 -> 错误状态
[2026-06-03 17:44:28] [INFO] [data][ModbusTcpMaster][ModbusConnecter][disconnectDevice]：设备ID=12063 完全断开连接，已停止自动重连
[2026-06-03 17:44:28] [INFO] [data][ModbusTcpMaster][enterState]：设备ID=12063 状态切换: 错误状态 -> 空闲
[2026-06-03 17:44:35] [INFO] [data][ModbusTcpMaster][start]：设备ID=12063 开始启动设备连接，连接模式=AutoReconnect
[2026-06-03 17:44:35] [INFO] [data][ModbusTcpMaster][enterState]：设备ID=12063 状态切换: 空闲 -> 连接中
[2026-06-03 17:44:35] [INFO] [data][ModbusTcpMaster][ModbusConnecter][connectDevice]：设备ID=12063 开始连接设备 IP=127.0.0.1 Port=562 模式=AutoReconnect
[2026-06-03 17:44:35] [INFO] [data][ModbusTcpMaster][ModbusConnecter][onConnectionStatusChanged]：设备ID=12063 连接状态变化: Connected
[2026-06-03 17:44:35] [INFO] [data][ModbusTcpMaster][resumeChildren]：设备ID=12063 恢复普通收发子模块
[2026-06-03 17:44:35] [INFO] [data][ModbusTcpMaster][enterState]：设备ID=12063 状态切换: 连接中 -> 指令发送器已启动
[2026-06-03 17:44:35] [INFO] [data][ModbusTcpMaster][ModbusCommandSender][start]：设备ID=12063 指令发送器启动
[2026-06-03 17:44:35] [INFO] [data][ModbusTcpMaster][ModbusCommandSender][startSender]：设备ID=12063 指令发送器已启动，立即进入初始化阶段
[2026-06-03 17:44:35] [INFO] [data][ModbusTcpMaster][enterState]：设备ID=12063 状态切换: 指令发送器已启动 -> 初始指令下发中
[2026-06-03 17:44:35] [INFO] [data][ModbusTcpMaster][InitialCommandIssuer][onLogMessage]：设备ID=12063 [CyclicCommandIssuer] 启动循环下发 指令数:2 轮数:1 间隔:100ms
[2026-06-03 17:44:35] [INFO] [data][ModbusTcpMaster][InitialCommandIssuer][onLogMessage]：设备ID=12063 [CyclicCommandIssuer] 发送指令:ReadVersion 索引:0
[2026-06-03 17:44:35] [INFO] [data][ModbusTcpMaster][ModbusCommandSender][doSend]：设备ID=12063 发送指令 module=INITIAL id=ReadVersion uuid=249 sendCount=1/4 timeout=1000ms bytes=8 crc=20 0E
[2026-06-03 17:44:35] [INFO] [data][ModbusTcpMaster][enterState]：设备ID=12063 状态切换: 初始指令下发中 -> 启动定时发送器中
[2026-06-03 17:44:35] [INFO] [data][ModbusTcpMaster][PeriodicCommandSender][startPeriodicSender]：设备ID=12063 定时发送器已启动，进入正常运行状态
[2026-06-03 17:44:35] [INFO] [data][ModbusTcpMaster][enterState]：设备ID=12063 状态切换: 启动定时发送器中 -> 正常运行
[2026-06-03 17:44:35] [INFO] [data][ModbusTcpMaster][ModbusConnecter][startConnectionCheck]：设备ID=12063 启动连接心跳检查，间隔=3000ms
[2026-06-03 17:44:35] [INFO] [data][ModbusTcpMaster][ModbusConnecter][onAsyncReconnectConnected]：设备ID=12063 TCP连接成功
[2026-06-03 17:44:35] [INFO] [data][ModbusTcpMaster][InitialCommandIssuer][onLogMessage]：设备ID=12063 [CyclicCommandIssuer] 发送指令:WriteVEFCGasType 索引:1
[2026-06-03 17:44:36] [WARN] [data][ModbusTcpMaster][ModbusCommandReceiver][onResponseTimeout]：设备ID=12063 响应超时 module=INITIAL id=ReadVersion uuid=249 timeout=1000ms
[2026-06-03 17:44:36] [WARN] [data][ModbusTcpMaster][ModbusCommandSender][handleFailedCommand]：设备ID=12063 指令失败，准备重发 module=INITIAL id=ReadVersion uuid=249 error=等待RTU响应超时 sendCount=1/4
[2026-06-03 17:44:36] [INFO] [data][ModbusTcpMaster][ModbusCommandSender][addToRetryQueue]：设备ID=12063 指令已加入重发队列 module=INITIAL id=ReadVersion uuid=249 sendCount=1/4
[2026-06-03 17:44:36] [INFO] [data][ModbusTcpMaster][ModbusCommandSender][doSend]：设备ID=12063 发送指令 module=INITIAL id=ReadVersion uuid=249 sendCount=2/4 timeout=1000ms bytes=8 crc=20 0E
[2026-06-03 17:44:37] [WARN] [data][ModbusTcpMaster][ModbusCommandReceiver][onResponseTimeout]：设备ID=12063 响应超时 module=INITIAL id=ReadVersion uuid=249 timeout=1000ms
[2026-06-03 17:44:37] [WARN] [data][ModbusTcpMaster][ModbusCommandSender][handleFailedCommand]：设备ID=12063 指令失败，准备重发 module=INITIAL id=ReadVersion uuid=249 error=等待RTU响应超时 sendCount=2/4
[2026-06-03 17:44:37] [INFO] [data][ModbusTcpMaster][ModbusCommandSender][addToRetryQueue]：设备ID=12063 指令已加入重发队列 module=INITIAL id=ReadVersion uuid=249 sendCount=2/4
[2026-06-03 17:44:37] [INFO] [data][ModbusTcpMaster][ModbusCommandSender][doSend]：设备ID=12063 发送指令 module=INITIAL id=ReadVersion uuid=249 sendCount=3/4 timeout=1000ms bytes=8 crc=20 0E
[2026-06-03 17:44:38] [WARN] [data][ModbusTcpMaster][ModbusCommandReceiver][onResponseTimeout]：设备ID=12063 响应超时 module=INITIAL id=ReadVersion uuid=249 timeout=1000ms
[2026-06-03 17:44:38] [WARN] [data][ModbusTcpMaster][ModbusCommandSender][handleFailedCommand]：设备ID=12063 指令失败，准备重发 module=INITIAL id=ReadVersion uuid=249 error=等待RTU响应超时 sendCount=3/4
[2026-06-03 17:44:38] [INFO] [data][ModbusTcpMaster][ModbusCommandSender][addToRetryQueue]：设备ID=12063 指令已加入重发队列 module=INITIAL id=ReadVersion uuid=249 sendCount=3/4
[2026-06-03 17:44:38] [INFO] [data][ModbusTcpMaster][ModbusCommandSender][doSend]：设备ID=12063 发送指令 module=INITIAL id=ReadVersion uuid=249 sendCount=4/4 timeout=1000ms bytes=8 crc=20 0E
[2026-06-03 17:44:39] [WARN] [data][ModbusTcpMaster][ModbusCommandReceiver][onResponseTimeout]：设备ID=12063 响应超时 module=INITIAL id=ReadVersion uuid=249 timeout=1000ms
[2026-06-03 17:44:39] [WARN] [data][ModbusTcpMaster][ModbusCommandSender][handleFailedCommand]：设备ID=12063 指令失败 module=INITIAL id=ReadVersion uuid=249 error=等待RTU响应超时 sendCount=4/4 timedOut=1 checksumError=0 deviceBusy=0
[2026-06-03 17:44:39] [INFO] [data][ModbusTcpMaster][InitialCommandIssuer][onLogMessage]：设备ID=12063 [CyclicCommandIssuer] 指令失败:ReadVersion 原因:等待RTU响应超时 发送次数:4
[2026-06-03 17:44:39] [INFO] [data][ModbusTcpMaster][ModbusCommandSender][doSend]：设备ID=12063 发送指令 module=INITIAL id=WriteVEFCGasType uuid=250 sendCount=1/4 timeout=1000ms bytes=8 crc=D8 0A
[2026-06-03 17:44:40] [WARN] [data][ModbusTcpMaster][ModbusCommandReceiver][onResponseTimeout]：设备ID=12063 响应超时 module=INITIAL id=WriteVEFCGasType uuid=250 timeout=1000ms
[2026-06-03 17:44:40] [WARN] [data][ModbusTcpMaster][ModbusCommandSender][handleFailedCommand]：设备ID=12063 指令失败，准备重发 module=INITIAL id=WriteVEFCGasType uuid=250 error=等待RTU响应超时 sendCount=1/4
[2026-06-03 17:44:40] [INFO] [data][ModbusTcpMaster][ModbusCommandSender][addToRetryQueue]：设备ID=12063 指令已加入重发队列 module=INITIAL id=WriteVEFCGasType uuid=250 sendCount=1/4
[2026-06-03 17:44:40] [INFO] [data][ModbusTcpMaster][ModbusCommandSender][doSend]：设备ID=12063 发送指令 module=INITIAL id=WriteVEFCGasType uuid=250 sendCount=2/4 timeout=1000ms bytes=8 crc=D8 0A
[2026-06-03 17:44:41] [WARN] [data][ModbusTcpMaster][ModbusCommandReceiver][onResponseTimeout]：设备ID=12063 响应超时 module=INITIAL id=WriteVEFCGasType uuid=250 timeout=1000ms
[2026-06-03 17:44:41] [WARN] [data][ModbusTcpMaster][ModbusCommandSender][handleFailedCommand]：设备ID=12063 指令失败，准备重发 module=INITIAL id=WriteVEFCGasType uuid=250 error=等待RTU响应超时 sendCount=2/4
[2026-06-03 17:44:41] [INFO] [data][ModbusTcpMaster][ModbusCommandSender][addToRetryQueue]：设备ID=12063 指令已加入重发队列 module=INITIAL id=WriteVEFCGasType uuid=250 sendCount=2/4
[2026-06-03 17:44:41] [INFO] [data][ModbusTcpMaster][ModbusCommandSender][doSend]：设备ID=12063 发送指令 module=INITIAL id=WriteVEFCGasType uuid=250 sendCount=3/4 timeout=1000ms bytes=8 crc=D8 0A
[2026-06-03 17:44:42] [WARN] [data][ModbusTcpMaster][ModbusCommandReceiver][onResponseTimeout]：设备ID=12063 响应超时 module=INITIAL id=WriteVEFCGasType uuid=250 timeout=1000ms
[2026-06-03 17:44:42] [WARN] [data][ModbusTcpMaster][ModbusCommandSender][handleFailedCommand]：设备ID=12063 指令失败，准备重发 module=INITIAL id=WriteVEFCGasType uuid=250 error=等待RTU响应超时 sendCount=3/4
[2026-06-03 17:44:42] [INFO] [data][ModbusTcpMaster][ModbusCommandSender][addToRetryQueue]：设备ID=12063 指令已加入重发队列 module=INITIAL id=WriteVEFCGasType uuid=250 sendCount=3/4
[2026-06-03 17:44:42] [INFO] [data][ModbusTcpMaster][ModbusCommandSender][doSend]：设备ID=12063 发送指令 module=INITIAL id=WriteVEFCGasType uuid=250 sendCount=4/4 timeout=1000ms bytes=8 crc=D8 0A
[2026-06-03 17:44:43] [WARN] [data][ModbusTcpMaster][ModbusCommandReceiver][onResponseTimeout]：设备ID=12063 响应超时 module=INITIAL id=WriteVEFCGasType uuid=250 timeout=1000ms
[2026-06-03 17:44:43] [WARN] [data][ModbusTcpMaster][ModbusCommandSender][handleFailedCommand]：设备ID=12063 指令失败 module=INITIAL id=WriteVEFCGasType uuid=250 error=等待RTU响应超时 sendCount=4/4 timedOut=1 checksumError=0 deviceBusy=0
[2026-06-03 17:44:43] [INFO] [data][ModbusTcpMaster][InitialCommandIssuer][onLogMessage]：设备ID=12063 [CyclicCommandIssuer] 指令失败:WriteVEFCGasType 原因:等待RTU响应超时 发送次数:4
[2026-06-03 17:44:43] [INFO] [data][ModbusTcpMaster][InitialCommandIssuer][onLogMessage]：设备ID=12063 [CyclicCommandIssuer] 第1轮完成 失败:2条
[2026-06-03 17:44:43] [INFO] [data][ModbusTcpMaster][InitialCommandIssuer][onRoundComplete]：设备ID=12063 初始化指令完成，失败数=2
[2026-06-03 17:44:43] [INFO] [data][ModbusTcpMaster][InitialCommandIssuer][onInitialFinished]：设备ID=12063 初始化完成，失败指令数=2
[2026-06-03 17:44:43] [INFO] [data][ModbusTcpMaster][InitialCommandIssuer][onLogMessage]：设备ID=12063 [CyclicCommandIssuer] 全部轮次执行完毕
[2026-06-03 17:44:43] [INFO] [data][ModbusTcpMaster][ModbusCommandSender][doSend]：设备ID=12063 发送指令 module=BUSINESS id=WriteQRCode uuid=383 sendCount=1/6 timeout=1000ms bytes=13 crc=2F 8E
[2026-06-03 17:44:44] [WARN] [data][ModbusTcpMaster][ModbusCommandReceiver][onResponseTimeout]：设备ID=12063 响应超时 module=BUSINESS id=WriteQRCode uuid=383 timeout=1000ms
[2026-06-03 17:44:44] [WARN] [data][ModbusTcpMaster][ModbusCommandSender][handleFailedCommand]：设备ID=12063 指令失败，准备重发 module=BUSINESS id=WriteQRCode uuid=383 error=等待RTU响应超时 sendCount=1/6
[2026-06-03 17:44:44] [INFO] [data][ModbusTcpMaster][ModbusCommandSender][addToRetryQueue]：设备ID=12063 指令已加入重发队列 module=BUSINESS id=WriteQRCode uuid=383 sendCount=1/6
[2026-06-03 17:44:44] [INFO] [data][ModbusTcpMaster][ModbusCommandSender][doSend]：设备ID=12063 发送指令 module=BUSINESS id=WriteQRCode uuid=383 sendCount=2/6 timeout=1000ms bytes=13 crc=2F 8E
[2026-06-03 17:44:45] [WARN] [data][ModbusTcpMaster][ModbusCommandReceiver][onResponseTimeout]：设备ID=12063 响应超时 module=BUSINESS id=WriteQRCode uuid=383 timeout=1000ms
[2026-06-03 17:44:45] [WARN] [data][ModbusTcpMaster][ModbusCommandSender][handleFailedCommand]：设备ID=12063 指令失败，准备重发 module=BUSINESS id=WriteQRCode uuid=383 error=等待RTU响应超时 sendCount=2/6
[2026-06-03 17:44:45] [INFO] [data][ModbusTcpMaster][ModbusCommandSender][addToRetryQueue]：设备ID=12063 指令已加入重发队列 module=BUSINESS id=WriteQRCode uuid=383 sendCount=2/6
[2026-06-03 17:44:45] [INFO] [data][ModbusTcpMaster][ModbusCommandSender][doSend]：设备ID=12063 发送指令 module=BUSINESS id=WriteQRCode uuid=383 sendCount=3/6 timeout=1000ms bytes=13 crc=2F 8E
[2026-06-03 17:44:45] [INFO] [data][ModbusTcpMaster][SH85SelfChecker][submitStartSelfCheck]：设备ID=12063 下发 StartSelfCheck uuid=463
[2026-06-03 17:44:45] [INFO] [data][ModbusTcpMaster][SH85SelfChecker][enterState]：设备ID=12063 状态切换: 空闲 -> 下发自检指令中
[2026-06-03 17:44:45] [INFO] [data][ModbusTcpMaster][SH85SelfChecker][start]：设备ID=12063 自检流程已启动
[2026-06-03 17:44:46] [WARN] [data][ModbusTcpMaster][ModbusCommandReceiver][onResponseTimeout]：设备ID=12063 响应超时 module=BUSINESS id=WriteQRCode uuid=383 timeout=1000ms
[2026-06-03 17:44:46] [WARN] [data][ModbusTcpMaster][ModbusCommandSender][handleFailedCommand]：设备ID=12063 指令失败，准备重发 module=BUSINESS id=WriteQRCode uuid=383 error=等待RTU响应超时 sendCount=3/6
[2026-06-03 17:44:46] [INFO] [data][ModbusTcpMaster][ModbusCommandSender][addToRetryQueue]：设备ID=12063 指令已加入重发队列 module=BUSINESS id=WriteQRCode uuid=383 sendCount=3/6
[2026-06-03 17:44:46] [INFO] [data][ModbusTcpMaster][ModbusCommandSender][doSend]：设备ID=12063 发送指令 module=BUSINESS id=WriteQRCode uuid=383 sendCount=4/6 timeout=1000ms bytes=13 crc=2F 8E
[2026-06-03 17:44:47] [WARN] [data][ModbusTcpMaster][ModbusCommandReceiver][onResponseTimeout]：设备ID=12063 响应超时 module=BUSINESS id=WriteQRCode uuid=383 timeout=1000ms
[2026-06-03 17:44:47] [WARN] [data][ModbusTcpMaster][ModbusCommandSender][handleFailedCommand]：设备ID=12063 指令失败，准备重发 module=BUSINESS id=WriteQRCode uuid=383 error=等待RTU响应超时 sendCount=4/6
[2026-06-03 17:44:47] [INFO] [data][ModbusTcpMaster][ModbusCommandSender][addToRetryQueue]：设备ID=12063 指令已加入重发队列 module=BUSINESS id=WriteQRCode uuid=383 sendCount=4/6
[2026-06-03 17:44:47] [INFO] [data][ModbusTcpMaster][ModbusCommandSender][doSend]：设备ID=12063 发送指令 module=BUSINESS id=WriteQRCode uuid=383 sendCount=5/6 timeout=1000ms bytes=13 crc=2F 8E
[2026-06-03 17:44:48] [WARN] [data][ModbusTcpMaster][ModbusCommandReceiver][onResponseTimeout]：设备ID=12063 响应超时 module=BUSINESS id=WriteQRCode uuid=383 timeout=1000ms
[2026-06-03 17:44:48] [WARN] [data][ModbusTcpMaster][ModbusCommandSender][handleFailedCommand]：设备ID=12063 指令失败，准备重发 module=BUSINESS id=WriteQRCode uuid=383 error=等待RTU响应超时 sendCount=5/6
[2026-06-03 17:44:48] [INFO] [data][ModbusTcpMaster][ModbusCommandSender][addToRetryQueue]：设备ID=12063 指令已加入重发队列 module=BUSINESS id=WriteQRCode uuid=383 sendCount=5/6
[2026-06-03 17:44:48] [INFO] [data][ModbusTcpMaster][ModbusCommandSender][doSend]：设备ID=12063 发送指令 module=BUSINESS id=WriteQRCode uuid=383 sendCount=6/6 timeout=1000ms bytes=13 crc=2F 8E
[2026-06-03 17:44:49] [WARN] [data][ModbusTcpMaster][ModbusCommandReceiver][onResponseTimeout]：设备ID=12063 响应超时 module=BUSINESS id=WriteQRCode uuid=383 timeout=1000ms
[2026-06-03 17:44:49] [WARN] [data][ModbusTcpMaster][ModbusCommandSender][handleFailedCommand]：设备ID=12063 指令失败 module=BUSINESS id=WriteQRCode uuid=383 error=等待RTU响应超时 sendCount=6/6 timedOut=1 checksumError=0 deviceBusy=0
[2026-06-03 17:44:49] [INFO] [data][ModbusTcpMaster][ModbusCommandSender][doSend]：设备ID=12063 发送指令 module=BUSINESS id=StartSelfCheck uuid=463 sendCount=1/1 timeout=1000ms bytes=8 crc=F9 B5
[2026-06-03 17:44:50] [WARN] [data][ModbusTcpMaster][ModbusCommandReceiver][onResponseTimeout]：设备ID=12063 响应超时 module=BUSINESS id=StartSelfCheck uuid=463 timeout=1000ms
[2026-06-03 17:44:50] [WARN] [data][ModbusTcpMaster][ModbusCommandSender][handleFailedCommand]：设备ID=12063 指令失败 module=BUSINESS id=StartSelfCheck uuid=463 error=等待RTU响应超时 sendCount=1/1 timedOut=1 checksumError=0 deviceBusy=0
[2026-06-03 17:44:50] [WARN] [data][ModbusTcpMaster][SH85SelfChecker][onCommandFinished]：设备ID=12063 响应 state=下发自检指令中 ok=0 id=StartSelfCheck uuid=463 error=等待RTU响应超时
TX：01 06 00 17 00 A5 F9 B5
RX：01 06 00 17 00 A5
[2026-06-03 17:44:50] [WARN] [data][ModbusTcpMaster][SH85SelfChecker][emitErrorAndFinish]：设备ID=12063 自检失败 result=StartCommandFailed msg=启动自检指令下发失败: 等待RTU响应超时
[2026-06-03 17:44:50] [INFO] [data][ModbusTcpMaster][SH85SelfChecker][enterState]：设备ID=12063 状态切换: 下发自检指令中 -> 结束
[2026-06-03 17:44:50] [WARN] [data][ModbusTcpMaster][SH85SelfChecker][finishOnly]：设备ID=12063 自检完成 success=0 result=StartCommandFailed msg=启动自检指令下发失败: 等待RTU响应超时
[2026-06-03 17:44:52] [INFO] [data][ModbusTcpMaster][SH85SelfChecker][submitStartSelfCheck]：设备ID=12063 下发 StartSelfCheck uuid=511
[2026-06-03 17:44:52] [INFO] [data][ModbusTcpMaster][SH85SelfChecker][enterState]：设备ID=12063 状态切换: 结束 -> 下发自检指令中
[2026-06-03 17:44:52] [INFO] [data][ModbusTcpMaster][SH85SelfChecker][start]：设备ID=12063 自检流程已启动
[2026-06-03 17:44:52] [INFO] [data][ModbusTcpMaster][ModbusCommandSender][doSend]：设备ID=12063 发送指令 module=BUSINESS id=StartSelfCheck uuid=511 sendCount=1/1 timeout=1000ms bytes=8 crc=F9 B5
[2026-06-03 17:44:53] [WARN] [data][ModbusTcpMaster][ModbusCommandReceiver][onResponseTimeout]：设备ID=12063 响应超时 module=BUSINESS id=StartSelfCheck uuid=511 timeout=1000ms
[2026-06-03 17:44:53] [WARN] [data][ModbusTcpMaster][ModbusCommandSender][handleFailedCommand]：设备ID=12063 指令失败 module=BUSINESS id=StartSelfCheck uuid=511 error=等待RTU响应超时 sendCount=1/1 timedOut=1 checksumError=0 deviceBusy=0
[2026-06-03 17:44:53] [WARN] [data][ModbusTcpMaster][SH85SelfChecker][onCommandFinished]：设备ID=12063 响应 state=下发自检指令中 ok=0 id=StartSelfCheck uuid=511 error=等待RTU响应超时
TX：01 06 00 17 00 A5 F9 B5
RX：01 06 00 17 00 A5
[2026-06-03 17:44:53] [WARN] [data][ModbusTcpMaster][SH85SelfChecker][emitErrorAndFinish]：设备ID=12063 自检失败 result=StartCommandFailed msg=启动自检指令下发失败: 等待RTU响应超时
[2026-06-03 17:44:53] [INFO] [data][ModbusTcpMaster][SH85SelfChecker][enterState]：设备ID=12063 状态切换: 下发自检指令中 -> 结束
[2026-06-03 17:44:53] [WARN] [data][ModbusTcpMaster][SH85SelfChecker][finishOnly]：设备ID=12063 自检完成 success=0 result=StartCommandFailed msg=启动自检指令下发失败: 等待RTU响应超时
[2026-06-03 17:45:01] [INFO] [data][ModbusTcpMaster][stop]：设备ID=12063 停止设备，连接模式=AutoReconnect
[2026-06-03 17:45:01] [INFO] [data][ModbusTcpMaster][pauseChildren]：设备ID=12063 暂停普通收发子模块
[2026-06-03 17:45:01] [INFO] [data][ModbusTcpMaster][ModbusCommandSender][stop]：设备ID=12063 指令发送器停止
[2026-06-03 17:45:01] [INFO] [data][ModbusTcpMaster][ModbusConnecter][stopConnectionCheck]：设备ID=12063 停止连接心跳检查
[2026-06-03 17:45:01] [WARN] [data][ModbusTcpMaster][ModbusConnecter][disconnected]：设备ID=12063 TCP连接断开
[2026-06-03 17:45:01] [INFO] [data][ModbusTcpMaster][ModbusConnecter][onConnectionStatusChanged]：设备ID=12063 连接状态变化: Disconnected
[2026-06-03 17:45:01] [INFO] [data][ModbusTcpMaster][ModbusCommandSender][stop]：设备ID=12063 指令发送器停止
[2026-06-03 17:45:01] [INFO] [data][ModbusTcpMaster][enterState]：设备ID=12063 状态切换: 正常运行 -> 连接中
[2026-06-03 17:45:01] [WARN] [data][ModbusTcpMaster][ModbusConnecter][onConnectionError]：设备ID=12063 连接阶段错误: Connection lost: 未知的错误
[2026-06-03 17:45:01] [INFO] [data][ModbusTcpMaster][enterState]：设备ID=12063 状态切换: 连接中 -> 错误状态
[2026-06-03 17:45:01] [INFO] [data][ModbusTcpMaster][ModbusConnecter][disconnectDevice]：设备ID=12063 完全断开连接，已停止自动重连
[2026-06-03 17:45:01] [INFO] [data][ModbusTcpMaster][enterState]：设备ID=12063 状态切换: 错误状态 -> 空闲
