[2026-06-02 15:06:56] [INFO] ################################################################################
############################# SH85_PERIODIC_ROUND_BEGIN #############################
任务名称: SH85PeriodicSelfCheckTask
模式: 周期自检
轮次ID: 20260602_150641_741
开始时间: 2026-06-02 15:06:41
结束时间: 2026-06-02 15:06:56
总设备数: 80
参与设备数: 80
成功设备数: 0
失败设备数: 80
跳过设备数: 0
结果: 失败
失败设备: 12001, 12002, 12003, 12004, 12005, 12006, 12007, 12008, 12009, 12010, 12011, 12012, 12013, 12014, 12015, 12016, 12017, 12018, 12019, 12020, 12021, 12022, 12023, 12024, 12025, 12026, 12027, 12028, 12029, 12030, 12031, 12032, 12033, 12034, 12035, 12036, 12037, 12038, 12039, 12040, 12041, 12042, 12043, 12044, 12045, 12046, 12047, 12048, 12049, 12050, 12051, 12052, 12053, 12054, 12055, 12056, 12057, 12058, 12059, 12060, 12061, 12062, 12063, 12064, 12065, 12066, 12067, 12068, 12069, 12070, 12071, 12072, 12073, 12074, 12075, 12076, 12077, 12078, 12079, 12080
跳过设备: 无
----------------------------- 设备执行记录列表 -----------------------------
[设备记录 1/80 BEGIN] QRCode=12001 轮次ID=20260602_150641_741
============================= SH85SelfCheck 执行记录 =============================
任务名称: SH85SelfCheck
模式: 周期自检
轮次ID: 20260602_150641_741
设备: 12001
结果: 失败
结果码: StartCommandFailed
说明: 启动自检指令下发失败: 等待RTU响应超时
开始时间: 2026-06-02 15:06:41.741
结束时间: 2026-06-02 15:06:56.663
耗时: 14922 ms
----------------------------- 执行明细 -----------------------------
自检任务开始
总时长: 70 s
自检器启动成功
进入阶段: 阶段1 - 下发启动自检指令
指令下发明细: 完成
指令: StartSelfCheck
所属阶段: 阶段1 - 下发启动自检指令
发送时间: 2026-06-02 15:06:55.649
响应时间: -
发送次数: 1/1
发送指令帧: 01 06 00 17 00 A5 F9 B5
响应帧: 超时, 等待RTU响应超时
错误信息: 等待RTU响应超时
处理结果: 失败
============================= SH85SelfCheck 执行记录结束 =============================
[设备记录 1/80 END] QRCode=12001 轮次ID=20260602_150641_741
[设备记录 2/80 BEGIN] QRCode=12002 轮次ID=20260602_150641_741
============================= SH85SelfCheck 执行记录 =============================
任务名称: SH85SelfCheck
模式: 周期自检
轮次ID: 20260602_150641_741
设备: 12002
结果: 失败
结果码: StartCommandFailed
说明: 启动自检指令下发失败: 等待RTU响应超时
开始时间: 2026-06-02 15:06:41.741
结束时间: 2026-06-02 15:06:56.649
耗时: 14908 ms
----------------------------- 执行明细 -----------------------------
自检任务开始
总时长: 70 s
自检器启动成功
进入阶段: 阶段1 - 下发启动自检指令
指令下发明细: 完成
指令: StartSelfCheck
所属阶段: 阶段1 - 下发启动自检指令
发送时间: 2026-06-02 15:06:55.637
响应时间: -
发送次数: 1/1
发送指令帧: 01 06 00 17 00 A5 F9 B5
响应帧: 超时, 等待RTU响应超时
错误信息: 等待RTU响应超时
处理结果: 失败
============================= SH85SelfCheck 执行记录结束 =============================
[设备记录 2/80 END] QRCode=12002 轮次ID=20260602_150641_741
[设备记录 3/80 BEGIN] QRCode=12003 轮次ID=20260602_150641_741
============================= SH85SelfCheck 执行记录 =============================
任务名称: SH85SelfCheck
模式: 周期自检
轮次ID: 20260602_150641_741
设备: 12003
结果: 失败
结果码: StartCommandFailed
说明: 启动自检指令下发失败: 等待RTU响应超时
开始时间: 2026-06-02 15:06:41.741
结束时间: 2026-06-02 15:06:56.653
耗时: 14912 ms
----------------------------- 执行明细 -----------------------------
自检任务开始
总时长: 70 s
自检器启动成功
进入阶段: 阶段1 - 下发启动自检指令
指令下发明细: 完成
指令: StartSelfCheck
所属阶段: 阶段1 - 下发启动自检指令
发送时间: 2026-06-02 15:06:55.635
响应时间: -
发送次数: 1/1
发送指令帧: 01 06 00 17 00 A5 F9 B5
响应帧: 超时, 等待RTU响应超时
错误信息: 等待RTU响应超时
处理结果: 失败
============================= SH85SelfCheck 执行记录结束 =============================
[设备记录 3/80 END] QRCode=12003 轮次ID=20260602_150641_741
[设备记录 4/80 BEGIN] QRCode=12004 轮次ID=20260602_150641_741
============================= SH85SelfCheck 执行记录 =============================
任务名称: SH85SelfCheck
模式: 周期自检
轮次ID: 20260602_150641_741
设备: 12004
结果: 失败
结果码: StartCommandFailed
说明: 启动自检指令下发失败: 等待RTU响应超时
开始时间: 2026-06-02 15:06:41.741
结束时间: 2026-06-02 15:06:56.653
耗时: 14912 ms
----------------------------- 执行明细 -----------------------------
自检任务开始
总时长: 70 s
自检器启动成功
进入阶段: 阶段1 - 下发启动自检指令
指令下发明细: 完成
指令: StartSelfCheck
所属阶段: 阶段1 - 下发启动自检指令
发送时间: 2026-06-02 15:06:55.635
响应时间: -
发送次数: 1/1
发送指令帧: 01 06 00 17 00 A5 F9 B5
响应帧: 超时, 等待RTU响应超时
错误信息: 等待RTU响应超时
处理结果: 失败
============================= SH85SelfCheck 执行记录结束 =============================
[设备记录 4/80 END] QRCode=12004 轮次ID=20260602_150641_741
[设备记录 5/80 BEGIN] QRCode=12005 轮次ID=20260602_150641_741
============================= SH85SelfCheck 执行记录 =============================
任务名称: SH85SelfCheck
模式: 周期自检
轮次ID: 20260602_150641_741
设备: 12005
结果: 失败
结果码: StartCommandFailed
说明: 启动自检指令下发失败: 等待RTU响应超时
开始时间: 2026-06-02 15:06:41.741
结束时间: 2026-06-02 15:06:56.653
耗时: 14912 ms
----------------------------- 执行明细 -----------------------------
自检任务开始
总时长: 70 s
自检器启动成功
进入阶段: 阶段1 - 下发启动自检指令
指令下发明细: 完成
指令: StartSelfCheck
所属阶段: 阶段1 - 下发启动自检指令
发送时间: 2026-06-02 15:06:55.635
响应时间: -
发送次数: 1/1
发送指令帧: 01 06 00 17 00 A5 F9 B5
响应帧: 超时, 等待RTU响应超时
错误信息: 等待RTU响应超时
处理结果: 失败
============================= SH85SelfCheck 执行记录结束 =============================
[设备记录 5/80 END] QRCode=12005 轮次ID=20260602_150641_741
[设备记录 6/80 BEGIN] QRCode=12006 轮次ID=20260602_150641_741
============================= SH85SelfCheck 执行记录 =============================
任务名称: SH85SelfCheck
模式: 周期自检
轮次ID: 20260602_150641_741
设备: 12006
结果: 失败
结果码: StartCommandFailed
说明: 启动自检指令下发失败: 等待RTU响应超时
开始时间: 2026-06-02 15:06:41.741
结束时间: 2026-06-02 15:06:56.652
耗时: 14911 ms
----------------------------- 执行明细 -----------------------------
自检任务开始
总时长: 70 s
自检器启动成功
进入阶段: 阶段1 - 下发启动自检指令
指令下发明细: 完成
指令: StartSelfCheck
所属阶段: 阶段1 - 下发启动自检指令
发送时间: 2026-06-02 15:06:55.637
响应时间: -
发送次数: 1/1
发送指令帧: 01 06 00 17 00 A5 F9 B5
响应帧: 超时, 等待RTU响应超时
错误信息: 等待RTU响应超时
处理结果: 失败
============================= SH85SelfCheck 执行记录结束 =============================
[设备记录 6/80 END] QRCode=12006 轮次ID=20260602_150641_741
[设备记录 7/80 BEGIN] QRCode=12007 轮次ID=20260602_150641_741
============================= SH85SelfCheck 执行记录 =============================
任务名称: SH85SelfCheck
模式: 周期自检
轮次ID: 20260602_150641_741
设备: 12007
结果: 失败
结果码: StartCommandFailed
说明: 启动自检指令下发失败: 等待RTU响应超时
开始时间: 2026-06-02 15:06:41.741
结束时间: 2026-06-02 15:06:56.649
耗时: 14908 ms
----------------------------- 执行明细 -----------------------------
自检任务开始
总时长: 70 s
自检器启动成功
进入阶段: 阶段1 - 下发启动自检指令
指令下发明细: 完成
指令: StartSelfCheck
所属阶段: 阶段1 - 下发启动自检指令
发送时间: 2026-06-02 15:06:55.637
响应时间: -
发送次数: 1/1
发送指令帧: 01 06 00 17 00 A5 F9 B5
响应帧: 超时, 等待RTU响应超时
错误信息: 等待RTU响应超时
处理结果: 失败
============================= SH85SelfCheck 执行记录结束 =============================
[设备记录 7/80 END] QRCode=12007 轮次ID=20260602_150641_741
[设备记录 8/80 BEGIN] QRCode=12008 轮次ID=20260602_150641_741
============================= SH85SelfCheck 执行记录 =============================
任务名称: SH85SelfCheck
模式: 周期自检
轮次ID: 20260602_150641_741
设备: 12008
结果: 失败
结果码: StartCommandFailed
说明: 启动自检指令下发失败: 等待RTU响应超时
开始时间: 2026-06-02 15:06:41.741
结束时间: 2026-06-02 15:06:56.650
耗时: 14909 ms
----------------------------- 执行明细 -----------------------------
自检任务开始
总时长: 70 s
自检器启动成功
进入阶段: 阶段1 - 下发启动自检指令
指令下发明细: 完成
指令: StartSelfCheck
所属阶段: 阶段1 - 下发启动自检指令
发送时间: 2026-06-02 15:06:55.637
响应时间: -
发送次数: 1/1
发送指令帧: 01 06 00 17 00 A5 F9 B5
响应帧: 超时, 等待RTU响应超时
错误信息: 等待RTU响应超时
处理结果: 失败
============================= SH85SelfCheck 执行记录结束 =============================
[设备记录 8/80 END] QRCode=12008 轮次ID=20260602_150641_741
[设备记录 9/80 BEGIN] QRCode=12009 轮次ID=20260602_150641_741
============================= SH85SelfCheck 执行记录 =============================
任务名称: SH85SelfCheck
模式: 周期自检
轮次ID: 20260602_150641_741
设备: 12009
结果: 失败
结果码: StartCommandFailed
说明: 启动自检指令下发失败: 等待RTU响应超时
开始时间: 2026-06-02 15:06:41.741
结束时间: 2026-06-02 15:06:56.652
耗时: 14911 ms
----------------------------- 执行明细 -----------------------------
自检任务开始
总时长: 70 s
自检器启动成功
进入阶段: 阶段1 - 下发启动自检指令
指令下发明细: 完成
指令: StartSelfCheck
所属阶段: 阶段1 - 下发启动自检指令
发送时间: 2026-06-02 15:06:55.635
响应时间: -
发送次数: 1/1
发送指令帧: 01 06 00 17 00 A5 F9 B5
响应帧: 超时, 等待RTU响应超时
错误信息: 等待RTU响应超时
处理结果: 失败
============================= SH85SelfCheck 执行记录结束 =============================
[设备记录 9/80 END] QRCode=12009 轮次ID=20260602_150641_741
[设备记录 10/80 BEGIN] QRCode=12010 轮次ID=20260602_150641_741
============================= SH85SelfCheck 执行记录 =============================
任务名称: SH85SelfCheck
模式: 周期自检
轮次ID: 20260602_150641_741
设备: 12010
结果: 失败
结果码: StartCommandFailed
说明: 启动自检指令下发失败: 等待RTU响应超时
开始时间: 2026-06-02 15:06:41.741
结束时间: 2026-06-02 15:06:56.641
耗时: 14900 ms
----------------------------- 执行明细 -----------------------------
自检任务开始
总时长: 70 s
自检器启动成功
进入阶段: 阶段1 - 下发启动自检指令
指令下发明细: 完成
指令: StartSelfCheck
所属阶段: 阶段1 - 下发启动自检指令
发送时间: 2026-06-02 15:06:55.637
响应时间: -
发送次数: 1/1
发送指令帧: 01 06 00 17 00 A5 F9 B5
响应帧: 超时, 等待RTU响应超时
错误信息: 等待RTU响应超时
处理结果: 失败
============================= SH85SelfCheck 执行记录结束 =============================
[设备记录 10/80 END] QRCode=12010 轮次ID=20260602_150641_741
[设备记录 11/80 BEGIN] QRCode=12011 轮次ID=20260602_150641_741
============================= SH85SelfCheck 执行记录 =============================
任务名称: SH85SelfCheck
模式: 周期自检
轮次ID: 20260602_150641_741
设备: 12011
结果: 失败
结果码: StartCommandFailed
说明: 启动自检指令下发失败: 等待RTU响应超时
开始时间: 2026-06-02 15:06:41.741
结束时间: 2026-06-02 15:06:56.649
耗时: 14908 ms
----------------------------- 执行明细 -----------------------------
自检任务开始
总时长: 70 s
自检器启动成功
进入阶段: 阶段1 - 下发启动自检指令
指令下发明细: 完成
指令: StartSelfCheck
所属阶段: 阶段1 - 下发启动自检指令
发送时间: 2026-06-02 15:06:55.635
响应时间: -
发送次数: 1/1
发送指令帧: 01 06 00 17 00 A5 F9 B5
响应帧: 超时, 等待RTU响应超时
错误信息: 等待RTU响应超时
处理结果: 失败
============================= SH85SelfCheck 执行记录结束 =============================
[设备记录 11/80 END] QRCode=12011 轮次ID=20260602_150641_741
[设备记录 12/80 BEGIN] QRCode=12012 轮次ID=20260602_150641_741
============================= SH85SelfCheck 执行记录 =============================
任务名称: SH85SelfCheck
模式: 周期自检
轮次ID: 20260602_150641_741
设备: 12012
结果: 失败
结果码: StartCommandFailed
说明: 启动自检指令下发失败: 等待RTU响应超时
开始时间: 2026-06-02 15:06:41.741
结束时间: 2026-06-02 15:06:56.649
耗时: 14908 ms
----------------------------- 执行明细 -----------------------------
自检任务开始
总时长: 70 s
自检器启动成功
进入阶段: 阶段1 - 下发启动自检指令
指令下发明细: 完成
指令: StartSelfCheck
所属阶段: 阶段1 - 下发启动自检指令
发送时间: 2026-06-02 15:06:55.635
响应时间: -
发送次数: 1/1
发送指令帧: 01 06 00 17 00 A5 F9 B5
响应帧: 超时, 等待RTU响应超时
错误信息: 等待RTU响应超时
处理结果: 失败
============================= SH85SelfCheck 执行记录结束 =============================
[设备记录 12/80 END] QRCode=12012 轮次ID=20260602_150641_741
[设备记录 13/80 BEGIN] QRCode=12013 轮次ID=20260602_150641_741
============================= SH85SelfCheck 执行记录 =============================
任务名称: SH85SelfCheck
模式: 周期自检
轮次ID: 20260602_150641_741
设备: 12013
结果: 失败
结果码: StartCommandFailed
说明: 启动自检指令下发失败: 等待RTU响应超时
开始时间: 2026-06-02 15:06:41.741
结束时间: 2026-06-02 15:06:56.649
耗时: 14908 ms
----------------------------- 执行明细 -----------------------------
自检任务开始
总时长: 70 s
自检器启动成功
进入阶段: 阶段1 - 下发启动自检指令
指令下发明细: 完成
指令: StartSelfCheck
所属阶段: 阶段1 - 下发启动自检指令
发送时间: 2026-06-02 15:06:55.635
响应时间: -
发送次数: 1/1
发送指令帧: 01 06 00 17 00 A5 F9 B5
响应帧: 超时, 等待RTU响应超时
错误信息: 等待RTU响应超时
处理结果: 失败
============================= SH85SelfCheck 执行记录结束 =============================
[设备记录 13/80 END] QRCode=12013 轮次ID=20260602_150641_741
[设备记录 14/80 BEGIN] QRCode=12014 轮次ID=20260602_150641_741
============================= SH85SelfCheck 执行记录 =============================
任务名称: SH85SelfCheck
模式: 周期自检
轮次ID: 20260602_150641_741
设备: 12014
结果: 失败
结果码: StartCommandFailed
说明: 启动自检指令下发失败: 等待RTU响应超时
开始时间: 2026-06-02 15:06:41.741
结束时间: 2026-06-02 15:06:56.665
耗时: 14924 ms
----------------------------- 执行明细 -----------------------------
自检任务开始
总时长: 70 s
自检器启动成功
进入阶段: 阶段1 - 下发启动自检指令
指令下发明细: 完成
指令: StartSelfCheck
所属阶段: 阶段1 - 下发启动自检指令
发送时间: 2026-06-02 15:06:55.649
响应时间: -
发送次数: 1/1
发送指令帧: 01 06 00 17 00 A5 F9 B5
响应帧: 超时, 等待RTU响应超时
错误信息: 等待RTU响应超时
处理结果: 失败
============================= SH85SelfCheck 执行记录结束 =============================
[设备记录 14/80 END] QRCode=12014 轮次ID=20260602_150641_741
[设备记录 15/80 BEGIN] QRCode=12015 轮次ID=20260602_150641_741
============================= SH85SelfCheck 执行记录 =============================
任务名称: SH85SelfCheck
模式: 周期自检
轮次ID: 20260602_150641_741
设备: 12015
结果: 失败
结果码: StartCommandFailed
说明: 启动自检指令下发失败: 等待RTU响应超时
开始时间: 2026-06-02 15:06:41.741
结束时间: 2026-06-02 15:06:56.663
耗时: 14922 ms
----------------------------- 执行明细 -----------------------------
自检任务开始
总时长: 70 s
自检器启动成功
进入阶段: 阶段1 - 下发启动自检指令
指令下发明细: 完成
指令: StartSelfCheck
所属阶段: 阶段1 - 下发启动自检指令
发送时间: 2026-06-02 15:06:55.649
响应时间: -
发送次数: 1/1
发送指令帧: 01 06 00 17 00 A5 F9 B5
响应帧: 超时, 等待RTU响应超时
错误信息: 等待RTU响应超时
处理结果: 失败
============================= SH85SelfCheck 执行记录结束 =============================
[设备记录 15/80 END] QRCode=12015 轮次ID=20260602_150641_741
[设备记录 16/80 BEGIN] QRCode=12016 轮次ID=20260602_150641_741
============================= SH85SelfCheck 执行记录 =============================
任务名称: SH85SelfCheck
模式: 周期自检
轮次ID: 20260602_150641_741
设备: 12016
结果: 失败
结果码: StartCommandFailed
说明: 启动自检指令下发失败: 等待RTU响应超时
开始时间: 2026-06-02 15:06:41.741
结束时间: 2026-06-02 15:06:56.665
耗时: 14924 ms
----------------------------- 执行明细 -----------------------------
自检任务开始
总时长: 70 s
自检器启动成功
进入阶段: 阶段1 - 下发启动自检指令
指令下发明细: 完成
指令: StartSelfCheck
所属阶段: 阶段1 - 下发启动自检指令
发送时间: 2026-06-02 15:06:55.649
响应时间: -
发送次数: 1/1
发送指令帧: 01 06 00 17 00 A5 F9 B5
响应帧: 超时, 等待RTU响应超时
错误信息: 等待RTU响应超时
处理结果: 失败
============================= SH85SelfCheck 执行记录结束 =============================
[设备记录 16/80 END] QRCode=12016 轮次ID=20260602_150641_741
[设备记录 17/80 BEGIN] QRCode=12017 轮次ID=20260602_150641_741
============================= SH85SelfCheck 执行记录 =============================
任务名称: SH85SelfCheck
模式: 周期自检
轮次ID: 20260602_150641_741
设备: 12017
结果: 失败
结果码: StartCommandFailed
说明: 启动自检指令下发失败: 等待RTU响应超时
开始时间: 2026-06-02 15:06:41.741
结束时间: 2026-06-02 15:06:56.663
耗时: 14922 ms
----------------------------- 执行明细 -----------------------------
自检任务开始
总时长: 70 s
自检器启动成功
进入阶段: 阶段1 - 下发启动自检指令
指令下发明细: 完成
指令: StartSelfCheck
所属阶段: 阶段1 - 下发启动自检指令
发送时间: 2026-06-02 15:06:55.649
响应时间: -
发送次数: 1/1
发送指令帧: 01 06 00 17 00 A5 F9 B5
响应帧: 超时, 等待RTU响应超时
错误信息: 等待RTU响应超时
处理结果: 失败
============================= SH85SelfCheck 执行记录结束 =============================
[设备记录 17/80 END] QRCode=12017 轮次ID=20260602_150641_741
[设备记录 18/80 BEGIN] QRCode=12018 轮次ID=20260602_150641_741
============================= SH85SelfCheck 执行记录 =============================
任务名称: SH85SelfCheck
模式: 周期自检
轮次ID: 20260602_150641_741
设备: 12018
结果: 失败
结果码: StartCommandFailed
说明: 启动自检指令下发失败: 等待RTU响应超时
开始时间: 2026-06-02 15:06:41.741
结束时间: 2026-06-02 15:06:56.663
耗时: 14922 ms
----------------------------- 执行明细 -----------------------------
自检任务开始
总时长: 70 s
自检器启动成功
进入阶段: 阶段1 - 下发启动自检指令
指令下发明细: 完成
指令: StartSelfCheck
所属阶段: 阶段1 - 下发启动自检指令
发送时间: 2026-06-02 15:06:55.649
响应时间: -
发送次数: 1/1
发送指令帧: 01 06 00 17 00 A5 F9 B5
响应帧: 超时, 等待RTU响应超时
错误信息: 等待RTU响应超时
处理结果: 失败
============================= SH85SelfCheck 执行记录结束 =============================
[设备记录 18/80 END] QRCode=12018 轮次ID=20260602_150641_741
[设备记录 19/80 BEGIN] QRCode=12019 轮次ID=20260602_150641_741
============================= SH85SelfCheck 执行记录 =============================
任务名称: SH85SelfCheck
模式: 周期自检
轮次ID: 20260602_150641_741
设备: 12019
结果: 失败
结果码: StartCommandFailed
说明: 启动自检指令下发失败: 等待RTU响应超时
开始时间: 2026-06-02 15:06:41.741
结束时间: 2026-06-02 15:06:56.665
耗时: 14924 ms
----------------------------- 执行明细 -----------------------------
自检任务开始
总时长: 70 s
自检器启动成功
进入阶段: 阶段1 - 下发启动自检指令
指令下发明细: 完成
指令: StartSelfCheck
所属阶段: 阶段1 - 下发启动自检指令
发送时间: 2026-06-02 15:06:55.649
响应时间: -
发送次数: 1/1
发送指令帧: 01 06 00 17 00 A5 F9 B5
响应帧: 超时, 等待RTU响应超时
错误信息: 等待RTU响应超时
处理结果: 失败
============================= SH85SelfCheck 执行记录结束 =============================
[设备记录 19/80 END] QRCode=12019 轮次ID=20260602_150641_741
[设备记录 20/80 BEGIN] QRCode=12020 轮次ID=20260602_150641_741
============================= SH85SelfCheck 执行记录 =============================
任务名称: SH85SelfCheck
模式: 周期自检
轮次ID: 20260602_150641_741
设备: 12020
结果: 失败
结果码: StartCommandFailed
说明: 启动自检指令下发失败: 等待RTU响应超时
开始时间: 2026-06-02 15:06:41.741
结束时间: 2026-06-02 15:06:56.663
耗时: 14922 ms
----------------------------- 执行明细 -----------------------------
自检任务开始
总时长: 70 s
自检器启动成功
进入阶段: 阶段1 - 下发启动自检指令
指令下发明细: 完成
指令: StartSelfCheck
所属阶段: 阶段1 - 下发启动自检指令
发送时间: 2026-06-02 15:06:55.649
响应时间: -
发送次数: 1/1
发送指令帧: 01 06 00 17 00 A5 F9 B5
响应帧: 超时, 等待RTU响应超时
错误信息: 等待RTU响应超时
处理结果: 失败
============================= SH85SelfCheck 执行记录结束 =============================
[设备记录 20/80 END] QRCode=12020 轮次ID=20260602_150641_741
[设备记录 21/80 BEGIN] QRCode=12021 轮次ID=20260602_150641_741
============================= SH85SelfCheck 执行记录 =============================
任务名称: SH85SelfCheck
模式: 周期自检
轮次ID: 20260602_150641_741
设备: 12021
结果: 失败
结果码: StartCommandFailed
说明: 启动自检指令下发失败: 等待RTU响应超时
开始时间: 2026-06-02 15:06:41.741
结束时间: 2026-06-02 15:06:56.663
耗时: 14922 ms
----------------------------- 执行明细 -----------------------------
自检任务开始
总时长: 70 s
自检器启动成功
进入阶段: 阶段1 - 下发启动自检指令
指令下发明细: 完成
指令: StartSelfCheck
所属阶段: 阶段1 - 下发启动自检指令
发送时间: 2026-06-02 15:06:55.649
响应时间: -
发送次数: 1/1
发送指令帧: 01 06 00 17 00 A5 F9 B5
响应帧: 超时, 等待RTU响应超时
错误信息: 等待RTU响应超时
处理结果: 失败
============================= SH85SelfCheck 执行记录结束 =============================
[设备记录 21/80 END] QRCode=12021 轮次ID=20260602_150641_741
[设备记录 22/80 BEGIN] QRCode=12022 轮次ID=20260602_150641_741
============================= SH85SelfCheck 执行记录 =============================
任务名称: SH85SelfCheck
模式: 周期自检
轮次ID: 20260602_150641_741
设备: 12022
结果: 失败
结果码: StartCommandFailed
说明: 启动自检指令下发失败: 等待RTU响应超时
开始时间: 2026-06-02 15:06:41.741
结束时间: 2026-06-02 15:06:56.663
耗时: 14922 ms
----------------------------- 执行明细 -----------------------------
自检任务开始
总时长: 70 s
自检器启动成功
进入阶段: 阶段1 - 下发启动自检指令
指令下发明细: 完成
指令: StartSelfCheck
所属阶段: 阶段1 - 下发启动自检指令
发送时间: 2026-06-02 15:06:55.649
响应时间: -
发送次数: 1/1
发送指令帧: 01 06 00 17 00 A5 F9 B5
响应帧: 超时, 等待RTU响应超时
错误信息: 等待RTU响应超时
处理结果: 失败
============================= SH85SelfCheck 执行记录结束 =============================
[设备记录 22/80 END] QRCode=12022 轮次ID=20260602_150641_741
[设备记录 23/80 BEGIN] QRCode=12023 轮次ID=20260602_150641_741
============================= SH85SelfCheck 执行记录 =============================
任务名称: SH85SelfCheck
模式: 周期自检
轮次ID: 20260602_150641_741
设备: 12023
结果: 失败
结果码: StartCommandFailed
说明: 启动自检指令下发失败: 等待RTU响应超时
开始时间: 2026-06-02 15:06:41.741
结束时间: 2026-06-02 15:06:56.687
耗时: 14946 ms
----------------------------- 执行明细 -----------------------------
自检任务开始
总时长: 70 s
自检器启动成功
进入阶段: 阶段1 - 下发启动自检指令
指令下发明细: 完成
指令: StartSelfCheck
所属阶段: 阶段1 - 下发启动自检指令
发送时间: 2026-06-02 15:06:55.680
响应时间: -
发送次数: 1/1
发送指令帧: 01 06 00 17 00 A5 F9 B5
响应帧: 超时, 等待RTU响应超时
错误信息: 等待RTU响应超时
处理结果: 失败
============================= SH85SelfCheck 执行记录结束 =============================
[设备记录 23/80 END] QRCode=12023 轮次ID=20260602_150641_741
[设备记录 24/80 BEGIN] QRCode=12024 轮次ID=20260602_150641_741
============================= SH85SelfCheck 执行记录 =============================
任务名称: SH85SelfCheck
模式: 周期自检
轮次ID: 20260602_150641_741
设备: 12024
结果: 失败
结果码: StartCommandFailed
说明: 启动自检指令下发失败: 等待RTU响应超时
开始时间: 2026-06-02 15:06:41.741
结束时间: 2026-06-02 15:06:56.685
耗时: 14944 ms
----------------------------- 执行明细 -----------------------------
自检任务开始
总时长: 70 s
自检器启动成功
进入阶段: 阶段1 - 下发启动自检指令
指令下发明细: 完成
指令: StartSelfCheck
所属阶段: 阶段1 - 下发启动自检指令
发送时间: 2026-06-02 15:06:55.680
响应时间: -
发送次数: 1/1
发送指令帧: 01 06 00 17 00 A5 F9 B5
响应帧: 超时, 等待RTU响应超时
错误信息: 等待RTU响应超时
处理结果: 失败
============================= SH85SelfCheck 执行记录结束 =============================
[设备记录 24/80 END] QRCode=12024 轮次ID=20260602_150641_741
[设备记录 25/80 BEGIN] QRCode=12025 轮次ID=20260602_150641_741
============================= SH85SelfCheck 执行记录 =============================
任务名称: SH85SelfCheck
模式: 周期自检
轮次ID: 20260602_150641_741
设备: 12025
结果: 失败
结果码: StartCommandFailed
说明: 启动自检指令下发失败: 等待RTU响应超时
开始时间: 2026-06-02 15:06:41.741
结束时间: 2026-06-02 15:06:56.665
耗时: 14924 ms
----------------------------- 执行明细 -----------------------------
自检任务开始
总时长: 70 s
自检器启动成功
进入阶段: 阶段1 - 下发启动自检指令
指令下发明细: 完成
指令: StartSelfCheck
所属阶段: 阶段1 - 下发启动自检指令
发送时间: 2026-06-02 15:06:55.650
响应时间: -
发送次数: 1/1
发送指令帧: 01 06 00 17 00 A5 F9 B5
响应帧: 超时, 等待RTU响应超时
错误信息: 等待RTU响应超时
处理结果: 失败
============================= SH85SelfCheck 执行记录结束 =============================
[设备记录 25/80 END] QRCode=12025 轮次ID=20260602_150641_741
[设备记录 26/80 BEGIN] QRCode=12026 轮次ID=20260602_150641_741
============================= SH85SelfCheck 执行记录 =============================
任务名称: SH85SelfCheck
模式: 周期自检
轮次ID: 20260602_150641_741
设备: 12026
结果: 失败
结果码: StartCommandFailed
说明: 启动自检指令下发失败: 等待RTU响应超时
开始时间: 2026-06-02 15:06:41.741
结束时间: 2026-06-02 15:06:56.693
耗时: 14952 ms
----------------------------- 执行明细 -----------------------------
自检任务开始
总时长: 70 s
自检器启动成功
进入阶段: 阶段1 - 下发启动自检指令
指令下发明细: 完成
指令: StartSelfCheck
所属阶段: 阶段1 - 下发启动自检指令
发送时间: 2026-06-02 15:06:55.680
响应时间: -
发送次数: 1/1
发送指令帧: 01 06 00 17 00 A5 F9 B5
响应帧: 超时, 等待RTU响应超时
错误信息: 等待RTU响应超时
处理结果: 失败
============================= SH85SelfCheck 执行记录结束 =============================
[设备记录 26/80 END] QRCode=12026 轮次ID=20260602_150641_741
[设备记录 27/80 BEGIN] QRCode=12027 轮次ID=20260602_150641_741
============================= SH85SelfCheck 执行记录 =============================
任务名称: SH85SelfCheck
模式: 周期自检
轮次ID: 20260602_150641_741
设备: 12027
结果: 失败
结果码: StartCommandFailed
说明: 启动自检指令下发失败: 等待RTU响应超时
开始时间: 2026-06-02 15:06:41.741
结束时间: 2026-06-02 15:06:56.673
耗时: 14932 ms
----------------------------- 执行明细 -----------------------------
自检任务开始
总时长: 70 s
自检器启动成功
进入阶段: 阶段1 - 下发启动自检指令
指令下发明细: 完成
指令: StartSelfCheck
所属阶段: 阶段1 - 下发启动自检指令
发送时间: 2026-06-02 15:06:55.665
响应时间: -
发送次数: 1/1
发送指令帧: 01 06 00 17 00 A5 F9 B5
响应帧: 超时, 等待RTU响应超时
错误信息: 等待RTU响应超时
处理结果: 失败
============================= SH85SelfCheck 执行记录结束 =============================
[设备记录 27/80 END] QRCode=12027 轮次ID=20260602_150641_741
[设备记录 28/80 BEGIN] QRCode=12028 轮次ID=20260602_150641_741
============================= SH85SelfCheck 执行记录 =============================
任务名称: SH85SelfCheck
模式: 周期自检
轮次ID: 20260602_150641_741
设备: 12028
结果: 失败
结果码: StartCommandFailed
说明: 启动自检指令下发失败: 等待RTU响应超时
开始时间: 2026-06-02 15:06:41.741
结束时间: 2026-06-02 15:06:56.665
耗时: 14924 ms
----------------------------- 执行明细 -----------------------------
自检任务开始
总时长: 70 s
自检器启动成功
进入阶段: 阶段1 - 下发启动自检指令
指令下发明细: 完成
指令: StartSelfCheck
所属阶段: 阶段1 - 下发启动自检指令
发送时间: 2026-06-02 15:06:55.649
响应时间: -
发送次数: 1/1
发送指令帧: 01 06 00 17 00 A5 F9 B5
响应帧: 超时, 等待RTU响应超时
错误信息: 等待RTU响应超时
处理结果: 失败
============================= SH85SelfCheck 执行记录结束 =============================
[设备记录 28/80 END] QRCode=12028 轮次ID=20260602_150641_741
[设备记录 29/80 BEGIN] QRCode=12029 轮次ID=20260602_150641_741
============================= SH85SelfCheck 执行记录 =============================
任务名称: SH85SelfCheck
模式: 周期自检
轮次ID: 20260602_150641_741
设备: 12029
结果: 失败
结果码: StartCommandFailed
说明: 启动自检指令下发失败: 等待RTU响应超时
开始时间: 2026-06-02 15:06:41.741
结束时间: 2026-06-02 15:06:56.693
耗时: 14952 ms
----------------------------- 执行明细 -----------------------------
自检任务开始
总时长: 70 s
自检器启动成功
进入阶段: 阶段1 - 下发启动自检指令
指令下发明细: 完成
指令: StartSelfCheck
所属阶段: 阶段1 - 下发启动自检指令
发送时间: 2026-06-02 15:06:55.680
响应时间: -
发送次数: 1/1
发送指令帧: 01 06 00 17 00 A5 F9 B5
响应帧: 超时, 等待RTU响应超时
错误信息: 等待RTU响应超时
处理结果: 失败
============================= SH85SelfCheck 执行记录结束 =============================
[设备记录 29/80 END] QRCode=12029 轮次ID=20260602_150641_741
[设备记录 30/80 BEGIN] QRCode=12030 轮次ID=20260602_150641_741
============================= SH85SelfCheck 执行记录 =============================
任务名称: SH85SelfCheck
模式: 周期自检
轮次ID: 20260602_150641_741
设备: 12030
结果: 失败
结果码: StartCommandFailed
说明: 启动自检指令下发失败: 等待RTU响应超时
开始时间: 2026-06-02 15:06:41.741
结束时间: 2026-06-02 15:06:56.693
耗时: 14952 ms
----------------------------- 执行明细 -----------------------------
自检任务开始
总时长: 70 s
自检器启动成功
进入阶段: 阶段1 - 下发启动自检指令
指令下发明细: 完成
指令: StartSelfCheck
所属阶段: 阶段1 - 下发启动自检指令
发送时间: 2026-06-02 15:06:55.680
响应时间: -
发送次数: 1/1
发送指令帧: 01 06 00 17 00 A5 F9 B5
响应帧: 超时, 等待RTU响应超时
错误信息: 等待RTU响应超时
处理结果: 失败
============================= SH85SelfCheck 执行记录结束 =============================
[设备记录 30/80 END] QRCode=12030 轮次ID=20260602_150641_741
[设备记录 31/80 BEGIN] QRCode=12031 轮次ID=20260602_150641_741
============================= SH85SelfCheck 执行记录 =============================
任务名称: SH85SelfCheck
模式: 周期自检
轮次ID: 20260602_150641_741
设备: 12031
结果: 失败
结果码: StartCommandFailed
说明: 启动自检指令下发失败: 等待RTU响应超时
开始时间: 2026-06-02 15:06:41.741
结束时间: 2026-06-02 15:06:56.673
耗时: 14932 ms
----------------------------- 执行明细 -----------------------------
自检任务开始
总时长: 70 s
自检器启动成功
进入阶段: 阶段1 - 下发启动自检指令
指令下发明细: 完成
指令: StartSelfCheck
所属阶段: 阶段1 - 下发启动自检指令
发送时间: 2026-06-02 15:06:55.665
响应时间: -
发送次数: 1/1
发送指令帧: 01 06 00 17 00 A5 F9 B5
响应帧: 超时, 等待RTU响应超时
错误信息: 等待RTU响应超时
处理结果: 失败
============================= SH85SelfCheck 执行记录结束 =============================
[设备记录 31/80 END] QRCode=12031 轮次ID=20260602_150641_741
[设备记录 32/80 BEGIN] QRCode=12032 轮次ID=20260602_150641_741
============================= SH85SelfCheck 执行记录 =============================
任务名称: SH85SelfCheck
模式: 周期自检
轮次ID: 20260602_150641_741
设备: 12032
结果: 失败
结果码: StartCommandFailed
说明: 启动自检指令下发失败: 等待RTU响应超时
开始时间: 2026-06-02 15:06:41.741
结束时间: 2026-06-02 15:06:56.693
耗时: 14952 ms
----------------------------- 执行明细 -----------------------------
自检任务开始
总时长: 70 s
自检器启动成功
进入阶段: 阶段1 - 下发启动自检指令
指令下发明细: 完成
指令: StartSelfCheck
所属阶段: 阶段1 - 下发启动自检指令
发送时间: 2026-06-02 15:06:55.680
响应时间: -
发送次数: 1/1
发送指令帧: 01 06 00 17 00 A5 F9 B5
响应帧: 超时, 等待RTU响应超时
错误信息: 等待RTU响应超时
处理结果: 失败
============================= SH85SelfCheck 执行记录结束 =============================
[设备记录 32/80 END] QRCode=12032 轮次ID=20260602_150641_741
[设备记录 33/80 BEGIN] QRCode=12033 轮次ID=20260602_150641_741
============================= SH85SelfCheck 执行记录 =============================
任务名称: SH85SelfCheck
模式: 周期自检
轮次ID: 20260602_150641_741
设备: 12033
结果: 失败
结果码: StartCommandFailed
说明: 启动自检指令下发失败: 等待RTU响应超时
开始时间: 2026-06-02 15:06:41.741
结束时间: 2026-06-02 15:06:56.689
耗时: 14948 ms
----------------------------- 执行明细 -----------------------------
自检任务开始
总时长: 70 s
自检器启动成功
进入阶段: 阶段1 - 下发启动自检指令
指令下发明细: 完成
指令: StartSelfCheck
所属阶段: 阶段1 - 下发启动自检指令
发送时间: 2026-06-02 15:06:55.680
响应时间: -
发送次数: 1/1
发送指令帧: 01 06 00 17 00 A5 F9 B5
响应帧: 超时, 等待RTU响应超时
错误信息: 等待RTU响应超时
处理结果: 失败
============================= SH85SelfCheck 执行记录结束 =============================
[设备记录 33/80 END] QRCode=12033 轮次ID=20260602_150641_741
[设备记录 34/80 BEGIN] QRCode=12034 轮次ID=20260602_150641_741
============================= SH85SelfCheck 执行记录 =============================
任务名称: SH85SelfCheck
模式: 周期自检
轮次ID: 20260602_150641_741
设备: 12034
结果: 失败
结果码: StartCommandFailed
说明: 启动自检指令下发失败: 等待RTU响应超时
开始时间: 2026-06-02 15:06:41.741
结束时间: 2026-06-02 15:06:56.689
耗时: 14948 ms
----------------------------- 执行明细 -----------------------------
自检任务开始
总时长: 70 s
自检器启动成功
进入阶段: 阶段1 - 下发启动自检指令
指令下发明细: 完成
指令: StartSelfCheck
所属阶段: 阶段1 - 下发启动自检指令
发送时间: 2026-06-02 15:06:55.680
响应时间: -
发送次数: 1/1
发送指令帧: 01 06 00 17 00 A5 F9 B5
响应帧: 超时, 等待RTU响应超时
错误信息: 等待RTU响应超时
处理结果: 失败
============================= SH85SelfCheck 执行记录结束 =============================
[设备记录 34/80 END] QRCode=12034 轮次ID=20260602_150641_741
[设备记录 35/80 BEGIN] QRCode=12035 轮次ID=20260602_150641_741
============================= SH85SelfCheck 执行记录 =============================
任务名称: SH85SelfCheck
模式: 周期自检
轮次ID: 20260602_150641_741
设备: 12035
结果: 失败
结果码: StartCommandFailed
说明: 启动自检指令下发失败: 等待RTU响应超时
开始时间: 2026-06-02 15:06:41.741
结束时间: 2026-06-02 15:06:56.673
耗时: 14932 ms
----------------------------- 执行明细 -----------------------------
自检任务开始
总时长: 70 s
自检器启动成功
进入阶段: 阶段1 - 下发启动自检指令
指令下发明细: 完成
指令: StartSelfCheck
所属阶段: 阶段1 - 下发启动自检指令
发送时间: 2026-06-02 15:06:55.665
响应时间: -
发送次数: 1/1
发送指令帧: 01 06 00 17 00 A5 F9 B5
响应帧: 超时, 等待RTU响应超时
错误信息: 等待RTU响应超时
处理结果: 失败
============================= SH85SelfCheck 执行记录结束 =============================
[设备记录 35/80 END] QRCode=12035 轮次ID=20260602_150641_741
[设备记录 36/80 BEGIN] QRCode=12036 轮次ID=20260602_150641_741
============================= SH85SelfCheck 执行记录 =============================
任务名称: SH85SelfCheck
模式: 周期自检
轮次ID: 20260602_150641_741
设备: 12036
结果: 失败
结果码: StartCommandFailed
说明: 启动自检指令下发失败: 等待RTU响应超时
开始时间: 2026-06-02 15:06:41.741
结束时间: 2026-06-02 15:06:56.690
耗时: 14949 ms
----------------------------- 执行明细 -----------------------------
自检任务开始
总时长: 70 s
自检器启动成功
进入阶段: 阶段1 - 下发启动自检指令
指令下发明细: 完成
指令: StartSelfCheck
所属阶段: 阶段1 - 下发启动自检指令
发送时间: 2026-06-02 15:06:55.680
响应时间: -
发送次数: 1/1
发送指令帧: 01 06 00 17 00 A5 F9 B5
响应帧: 超时, 等待RTU响应超时
错误信息: 等待RTU响应超时
处理结果: 失败
============================= SH85SelfCheck 执行记录结束 =============================
[设备记录 36/80 END] QRCode=12036 轮次ID=20260602_150641_741
[设备记录 37/80 BEGIN] QRCode=12037 轮次ID=20260602_150641_741
============================= SH85SelfCheck 执行记录 =============================
任务名称: SH85SelfCheck
模式: 周期自检
轮次ID: 20260602_150641_741
设备: 12037
结果: 失败
结果码: StartCommandFailed
说明: 启动自检指令下发失败: 等待RTU响应超时
开始时间: 2026-06-02 15:06:41.741
结束时间: 2026-06-02 15:06:56.690
耗时: 14949 ms
----------------------------- 执行明细 -----------------------------
自检任务开始
总时长: 70 s
自检器启动成功
进入阶段: 阶段1 - 下发启动自检指令
指令下发明细: 完成
指令: StartSelfCheck
所属阶段: 阶段1 - 下发启动自检指令
发送时间: 2026-06-02 15:06:55.680
响应时间: -
发送次数: 1/1
发送指令帧: 01 06 00 17 00 A5 F9 B5
响应帧: 超时, 等待RTU响应超时
错误信息: 等待RTU响应超时
处理结果: 失败
============================= SH85SelfCheck 执行记录结束 =============================
[设备记录 37/80 END] QRCode=12037 轮次ID=20260602_150641_741
[设备记录 38/80 BEGIN] QRCode=12038 轮次ID=20260602_150641_741
============================= SH85SelfCheck 执行记录 =============================
任务名称: SH85SelfCheck
模式: 周期自检
轮次ID: 20260602_150641_741
设备: 12038
结果: 失败
结果码: StartCommandFailed
说明: 启动自检指令下发失败: 等待RTU响应超时
开始时间: 2026-06-02 15:06:41.741
结束时间: 2026-06-02 15:06:56.689
耗时: 14948 ms
----------------------------- 执行明细 -----------------------------
自检任务开始
总时长: 70 s
自检器启动成功
进入阶段: 阶段1 - 下发启动自检指令
指令下发明细: 完成
指令: StartSelfCheck
所属阶段: 阶段1 - 下发启动自检指令
发送时间: 2026-06-02 15:06:55.680
响应时间: -
发送次数: 1/1
发送指令帧: 01 06 00 17 00 A5 F9 B5
响应帧: 超时, 等待RTU响应超时
错误信息: 等待RTU响应超时
处理结果: 失败
============================= SH85SelfCheck 执行记录结束 =============================
[设备记录 38/80 END] QRCode=12038 轮次ID=20260602_150641_741
[设备记录 39/80 BEGIN] QRCode=12039 轮次ID=20260602_150641_741
============================= SH85SelfCheck 执行记录 =============================
任务名称: SH85SelfCheck
模式: 周期自检
轮次ID: 20260602_150641_741
设备: 12039
结果: 失败
结果码: StartCommandFailed
说明: 启动自检指令下发失败: 等待RTU响应超时
开始时间: 2026-06-02 15:06:41.741
结束时间: 2026-06-02 15:06:56.673
耗时: 14932 ms
----------------------------- 执行明细 -----------------------------
自检任务开始
总时长: 70 s
自检器启动成功
进入阶段: 阶段1 - 下发启动自检指令
指令下发明细: 完成
指令: StartSelfCheck
所属阶段: 阶段1 - 下发启动自检指令
发送时间: 2026-06-02 15:06:55.665
响应时间: -
发送次数: 1/1
发送指令帧: 01 06 00 17 00 A5 F9 B5
响应帧: 超时, 等待RTU响应超时
错误信息: 等待RTU响应超时
处理结果: 失败
============================= SH85SelfCheck 执行记录结束 =============================
[设备记录 39/80 END] QRCode=12039 轮次ID=20260602_150641_741
[设备记录 40/80 BEGIN] QRCode=12040 轮次ID=20260602_150641_741
============================= SH85SelfCheck 执行记录 =============================
任务名称: SH85SelfCheck
模式: 周期自检
轮次ID: 20260602_150641_741
设备: 12040
结果: 失败
结果码: StartCommandFailed
说明: 启动自检指令下发失败: 等待RTU响应超时
开始时间: 2026-06-02 15:06:41.741
结束时间: 2026-06-02 15:06:56.673
耗时: 14932 ms
----------------------------- 执行明细 -----------------------------
自检任务开始
总时长: 70 s
自检器启动成功
进入阶段: 阶段1 - 下发启动自检指令
指令下发明细: 完成
指令: StartSelfCheck
所属阶段: 阶段1 - 下发启动自检指令
发送时间: 2026-06-02 15:06:55.665
响应时间: -
发送次数: 1/1
发送指令帧: 01 06 00 17 00 A5 F9 B5
响应帧: 超时, 等待RTU响应超时
错误信息: 等待RTU响应超时
处理结果: 失败
============================= SH85SelfCheck 执行记录结束 =============================
[设备记录 40/80 END] QRCode=12040 轮次ID=20260602_150641_741
[设备记录 41/80 BEGIN] QRCode=12041 轮次ID=20260602_150641_741
============================= SH85SelfCheck 执行记录 =============================
任务名称: SH85SelfCheck
模式: 周期自检
轮次ID: 20260602_150641_741
设备: 12041
结果: 失败
结果码: StartCommandFailed
说明: 启动自检指令下发失败: 等待RTU响应超时
开始时间: 2026-06-02 15:06:41.741
结束时间: 2026-06-02 15:06:56.689
耗时: 14948 ms
----------------------------- 执行明细 -----------------------------
自检任务开始
总时长: 70 s
自检器启动成功
进入阶段: 阶段1 - 下发启动自检指令
指令下发明细: 完成
指令: StartSelfCheck
所属阶段: 阶段1 - 下发启动自检指令
发送时间: 2026-06-02 15:06:55.681
响应时间: -
发送次数: 1/1
发送指令帧: 01 06 00 17 00 A5 F9 B5
响应帧: 超时, 等待RTU响应超时
错误信息: 等待RTU响应超时
处理结果: 失败
============================= SH85SelfCheck 执行记录结束 =============================
[设备记录 41/80 END] QRCode=12041 轮次ID=20260602_150641_741
[设备记录 42/80 BEGIN] QRCode=12042 轮次ID=20260602_150641_741
============================= SH85SelfCheck 执行记录 =============================
任务名称: SH85SelfCheck
模式: 周期自检
轮次ID: 20260602_150641_741
设备: 12042
结果: 失败
结果码: StartCommandFailed
说明: 启动自检指令下发失败: 等待RTU响应超时
开始时间: 2026-06-02 15:06:41.741
结束时间: 2026-06-02 15:06:56.689
耗时: 14948 ms
----------------------------- 执行明细 -----------------------------
自检任务开始
总时长: 70 s
自检器启动成功
进入阶段: 阶段1 - 下发启动自检指令
指令下发明细: 完成
指令: StartSelfCheck
所属阶段: 阶段1 - 下发启动自检指令
发送时间: 2026-06-02 15:06:55.680
响应时间: -
发送次数: 1/1
发送指令帧: 01 06 00 17 00 A5 F9 B5
响应帧: 超时, 等待RTU响应超时
错误信息: 等待RTU响应超时
处理结果: 失败
============================= SH85SelfCheck 执行记录结束 =============================
[设备记录 42/80 END] QRCode=12042 轮次ID=20260602_150641_741
[设备记录 43/80 BEGIN] QRCode=12043 轮次ID=20260602_150641_741
============================= SH85SelfCheck 执行记录 =============================
任务名称: SH85SelfCheck
模式: 周期自检
轮次ID: 20260602_150641_741
设备: 12043
结果: 失败
结果码: StartCommandFailed
说明: 启动自检指令下发失败: 等待RTU响应超时
开始时间: 2026-06-02 15:06:41.741
结束时间: 2026-06-02 15:06:56.673
耗时: 14932 ms
----------------------------- 执行明细 -----------------------------
自检任务开始
总时长: 70 s
自检器启动成功
进入阶段: 阶段1 - 下发启动自检指令
指令下发明细: 完成
指令: StartSelfCheck
所属阶段: 阶段1 - 下发启动自检指令
发送时间: 2026-06-02 15:06:55.665
响应时间: -
发送次数: 1/1
发送指令帧: 01 06 00 17 00 A5 F9 B5
响应帧: 超时, 等待RTU响应超时
错误信息: 等待RTU响应超时
处理结果: 失败
============================= SH85SelfCheck 执行记录结束 =============================
[设备记录 43/80 END] QRCode=12043 轮次ID=20260602_150641_741
[设备记录 44/80 BEGIN] QRCode=12044 轮次ID=20260602_150641_741
============================= SH85SelfCheck 执行记录 =============================
任务名称: SH85SelfCheck
模式: 周期自检
轮次ID: 20260602_150641_741
设备: 12044
结果: 失败
结果码: StartCommandFailed
说明: 启动自检指令下发失败: 等待RTU响应超时
开始时间: 2026-06-02 15:06:41.741
结束时间: 2026-06-02 15:06:56.690
耗时: 14949 ms
----------------------------- 执行明细 -----------------------------
自检任务开始
总时长: 70 s
自检器启动成功
进入阶段: 阶段1 - 下发启动自检指令
指令下发明细: 完成
指令: StartSelfCheck
所属阶段: 阶段1 - 下发启动自检指令
发送时间: 2026-06-02 15:06:55.680
响应时间: -
发送次数: 1/1
发送指令帧: 01 06 00 17 00 A5 F9 B5
响应帧: 超时, 等待RTU响应超时
错误信息: 等待RTU响应超时
处理结果: 失败
============================= SH85SelfCheck 执行记录结束 =============================
[设备记录 44/80 END] QRCode=12044 轮次ID=20260602_150641_741
[设备记录 45/80 BEGIN] QRCode=12045 轮次ID=20260602_150641_741
============================= SH85SelfCheck 执行记录 =============================
任务名称: SH85SelfCheck
模式: 周期自检
轮次ID: 20260602_150641_741
设备: 12045
结果: 失败
结果码: StartCommandFailed
说明: 启动自检指令下发失败: 等待RTU响应超时
开始时间: 2026-06-02 15:06:41.741
结束时间: 2026-06-02 15:06:56.766
耗时: 15025 ms
----------------------------- 执行明细 -----------------------------
自检任务开始
总时长: 70 s
自检器启动成功
进入阶段: 阶段1 - 下发启动自检指令
指令下发明细: 完成
指令: StartSelfCheck
所属阶段: 阶段1 - 下发启动自检指令
发送时间: 2026-06-02 15:06:55.748
响应时间: -
发送次数: 1/1
发送指令帧: 01 06 00 17 00 A5 F9 B5
响应帧: 超时, 等待RTU响应超时
错误信息: 等待RTU响应超时
处理结果: 失败
============================= SH85SelfCheck 执行记录结束 =============================
[设备记录 45/80 END] QRCode=12045 轮次ID=20260602_150641_741
[设备记录 46/80 BEGIN] QRCode=12046 轮次ID=20260602_150641_741
============================= SH85SelfCheck 执行记录 =============================
任务名称: SH85SelfCheck
模式: 周期自检
轮次ID: 20260602_150641_741
设备: 12046
结果: 失败
结果码: StartCommandFailed
说明: 启动自检指令下发失败: 等待RTU响应超时
开始时间: 2026-06-02 15:06:41.741
结束时间: 2026-06-02 15:06:56.766
耗时: 15025 ms
----------------------------- 执行明细 -----------------------------
自检任务开始
总时长: 70 s
自检器启动成功
进入阶段: 阶段1 - 下发启动自检指令
指令下发明细: 完成
指令: StartSelfCheck
所属阶段: 阶段1 - 下发启动自检指令
发送时间: 2026-06-02 15:06:55.748
响应时间: -
发送次数: 1/1
发送指令帧: 01 06 00 17 00 A5 F9 B5
响应帧: 超时, 等待RTU响应超时
错误信息: 等待RTU响应超时
处理结果: 失败
============================= SH85SelfCheck 执行记录结束 =============================
[设备记录 46/80 END] QRCode=12046 轮次ID=20260602_150641_741
[设备记录 47/80 BEGIN] QRCode=12047 轮次ID=20260602_150641_741
============================= SH85SelfCheck 执行记录 =============================
任务名称: SH85SelfCheck
模式: 周期自检
轮次ID: 20260602_150641_741
设备: 12047
结果: 失败
结果码: StartCommandFailed
说明: 启动自检指令下发失败: 等待RTU响应超时
开始时间: 2026-06-02 15:06:41.741
结束时间: 2026-06-02 15:06:56.689
耗时: 14948 ms
----------------------------- 执行明细 -----------------------------
自检任务开始
总时长: 70 s
自检器启动成功
进入阶段: 阶段1 - 下发启动自检指令
指令下发明细: 完成
指令: StartSelfCheck
所属阶段: 阶段1 - 下发启动自检指令
发送时间: 2026-06-02 15:06:55.680
响应时间: -
发送次数: 1/1
发送指令帧: 01 06 00 17 00 A5 F9 B5
响应帧: 超时, 等待RTU响应超时
错误信息: 等待RTU响应超时
处理结果: 失败
============================= SH85SelfCheck 执行记录结束 =============================
[设备记录 47/80 END] QRCode=12047 轮次ID=20260602_150641_741
[设备记录 48/80 BEGIN] QRCode=12048 轮次ID=20260602_150641_741
============================= SH85SelfCheck 执行记录 =============================
任务名称: SH85SelfCheck
模式: 周期自检
轮次ID: 20260602_150641_741
设备: 12048
结果: 失败
结果码: StartCommandFailed
说明: 启动自检指令下发失败: 等待RTU响应超时
开始时间: 2026-06-02 15:06:41.741
结束时间: 2026-06-02 15:06:56.690
耗时: 14949 ms
----------------------------- 执行明细 -----------------------------
自检任务开始
总时长: 70 s
自检器启动成功
进入阶段: 阶段1 - 下发启动自检指令
指令下发明细: 完成
指令: StartSelfCheck
所属阶段: 阶段1 - 下发启动自检指令
发送时间: 2026-06-02 15:06:55.684
响应时间: -
发送次数: 1/1
发送指令帧: 01 06 00 17 00 A5 F9 B5
响应帧: 超时, 等待RTU响应超时
错误信息: 等待RTU响应超时
处理结果: 失败
============================= SH85SelfCheck 执行记录结束 =============================
[设备记录 48/80 END] QRCode=12048 轮次ID=20260602_150641_741
[设备记录 49/80 BEGIN] QRCode=12049 轮次ID=20260602_150641_741
============================= SH85SelfCheck 执行记录 =============================
任务名称: SH85SelfCheck
模式: 周期自检
轮次ID: 20260602_150641_741
设备: 12049
结果: 失败
结果码: StartCommandFailed
说明: 启动自检指令下发失败: 等待RTU响应超时
开始时间: 2026-06-02 15:06:41.741
结束时间: 2026-06-02 15:06:56.734
耗时: 14993 ms
----------------------------- 执行明细 -----------------------------
自检任务开始
总时长: 70 s
自检器启动成功
进入阶段: 阶段1 - 下发启动自检指令
指令下发明细: 完成
指令: StartSelfCheck
所属阶段: 阶段1 - 下发启动自检指令
发送时间: 2026-06-02 15:06:55.732
响应时间: -
发送次数: 1/1
发送指令帧: 01 06 00 17 00 A5 F9 B5
响应帧: 超时, 等待RTU响应超时
错误信息: 等待RTU响应超时
处理结果: 失败
============================= SH85SelfCheck 执行记录结束 =============================
[设备记录 49/80 END] QRCode=12049 轮次ID=20260602_150641_741
[设备记录 50/80 BEGIN] QRCode=12050 轮次ID=20260602_150641_741
============================= SH85SelfCheck 执行记录 =============================
任务名称: SH85SelfCheck
模式: 周期自检
轮次ID: 20260602_150641_741
设备: 12050
结果: 失败
结果码: StartCommandFailed
说明: 启动自检指令下发失败: 等待RTU响应超时
开始时间: 2026-06-02 15:06:41.741
结束时间: 2026-06-02 15:06:56.690
耗时: 14949 ms
----------------------------- 执行明细 -----------------------------
自检任务开始
总时长: 70 s
自检器启动成功
进入阶段: 阶段1 - 下发启动自检指令
指令下发明细: 完成
指令: StartSelfCheck
所属阶段: 阶段1 - 下发启动自检指令
发送时间: 2026-06-02 15:06:55.680
响应时间: -
发送次数: 1/1
发送指令帧: 01 06 00 17 00 A5 F9 B5
响应帧: 超时, 等待RTU响应超时
错误信息: 等待RTU响应超时
处理结果: 失败
============================= SH85SelfCheck 执行记录结束 =============================
[设备记录 50/80 END] QRCode=12050 轮次ID=20260602_150641_741
[设备记录 51/80 BEGIN] QRCode=12051 轮次ID=20260602_150641_741
============================= SH85SelfCheck 执行记录 =============================
任务名称: SH85SelfCheck
模式: 周期自检
轮次ID: 20260602_150641_741
设备: 12051
结果: 失败
结果码: StartCommandFailed
说明: 启动自检指令下发失败: 等待RTU响应超时
开始时间: 2026-06-02 15:06:41.741
结束时间: 2026-06-02 15:06:56.690
耗时: 14949 ms
----------------------------- 执行明细 -----------------------------
自检任务开始
总时长: 70 s
自检器启动成功
进入阶段: 阶段1 - 下发启动自检指令
指令下发明细: 完成
指令: StartSelfCheck
所属阶段: 阶段1 - 下发启动自检指令
发送时间: 2026-06-02 15:06:55.685
响应时间: -
发送次数: 1/1
发送指令帧: 01 06 00 17 00 A5 F9 B5
响应帧: 超时, 等待RTU响应超时
错误信息: 等待RTU响应超时
处理结果: 失败
============================= SH85SelfCheck 执行记录结束 =============================
[设备记录 51/80 END] QRCode=12051 轮次ID=20260602_150641_741
[设备记录 52/80 BEGIN] QRCode=12052 轮次ID=20260602_150641_741
============================= SH85SelfCheck 执行记录 =============================
任务名称: SH85SelfCheck
模式: 周期自检
轮次ID: 20260602_150641_741
设备: 12052
结果: 失败
结果码: StartCommandFailed
说明: 启动自检指令下发失败: 等待RTU响应超时
开始时间: 2026-06-02 15:06:41.741
结束时间: 2026-06-02 15:06:56.690
耗时: 14949 ms
----------------------------- 执行明细 -----------------------------
自检任务开始
总时长: 70 s
自检器启动成功
进入阶段: 阶段1 - 下发启动自检指令
指令下发明细: 完成
指令: StartSelfCheck
所属阶段: 阶段1 - 下发启动自检指令
发送时间: 2026-06-02 15:06:55.685
响应时间: -
发送次数: 1/1
发送指令帧: 01 06 00 17 00 A5 F9 B5
响应帧: 超时, 等待RTU响应超时
错误信息: 等待RTU响应超时
处理结果: 失败
============================= SH85SelfCheck 执行记录结束 =============================
[设备记录 52/80 END] QRCode=12052 轮次ID=20260602_150641_741
[设备记录 53/80 BEGIN] QRCode=12053 轮次ID=20260602_150641_741
============================= SH85SelfCheck 执行记录 =============================
任务名称: SH85SelfCheck
模式: 周期自检
轮次ID: 20260602_150641_741
设备: 12053
结果: 失败
结果码: StartCommandFailed
说明: 启动自检指令下发失败: 等待RTU响应超时
开始时间: 2026-06-02 15:06:41.741
结束时间: 2026-06-02 15:06:56.766
耗时: 15025 ms
----------------------------- 执行明细 -----------------------------
自检任务开始
总时长: 70 s
自检器启动成功
进入阶段: 阶段1 - 下发启动自检指令
指令下发明细: 完成
指令: StartSelfCheck
所属阶段: 阶段1 - 下发启动自检指令
发送时间: 2026-06-02 15:06:55.748
响应时间: -
发送次数: 1/1
发送指令帧: 01 06 00 17 00 A5 F9 B5
响应帧: 超时, 等待RTU响应超时
错误信息: 等待RTU响应超时
处理结果: 失败
============================= SH85SelfCheck 执行记录结束 =============================
[设备记录 53/80 END] QRCode=12053 轮次ID=20260602_150641_741
[设备记录 54/80 BEGIN] QRCode=12054 轮次ID=20260602_150641_741
============================= SH85SelfCheck 执行记录 =============================
任务名称: SH85SelfCheck
模式: 周期自检
轮次ID: 20260602_150641_741
设备: 12054
结果: 失败
结果码: StartCommandFailed
说明: 启动自检指令下发失败: 等待RTU响应超时
开始时间: 2026-06-02 15:06:41.741
结束时间: 2026-06-02 15:06:56.690
耗时: 14949 ms
----------------------------- 执行明细 -----------------------------
自检任务开始
总时长: 70 s
自检器启动成功
进入阶段: 阶段1 - 下发启动自检指令
指令下发明细: 完成
指令: StartSelfCheck
所属阶段: 阶段1 - 下发启动自检指令
发送时间: 2026-06-02 15:06:55.685
响应时间: -
发送次数: 1/1
发送指令帧: 01 06 00 17 00 A5 F9 B5
响应帧: 超时, 等待RTU响应超时
错误信息: 等待RTU响应超时
处理结果: 失败
============================= SH85SelfCheck 执行记录结束 =============================
[设备记录 54/80 END] QRCode=12054 轮次ID=20260602_150641_741
[设备记录 55/80 BEGIN] QRCode=12055 轮次ID=20260602_150641_741
============================= SH85SelfCheck 执行记录 =============================
任务名称: SH85SelfCheck
模式: 周期自检
轮次ID: 20260602_150641_741
设备: 12055
结果: 失败
结果码: StartCommandFailed
说明: 启动自检指令下发失败: 等待RTU响应超时
开始时间: 2026-06-02 15:06:41.741
结束时间: 2026-06-02 15:06:56.766
耗时: 15025 ms
----------------------------- 执行明细 -----------------------------
自检任务开始
总时长: 70 s
自检器启动成功
进入阶段: 阶段1 - 下发启动自检指令
指令下发明细: 完成
指令: StartSelfCheck
所属阶段: 阶段1 - 下发启动自检指令
发送时间: 2026-06-02 15:06:55.748
响应时间: -
发送次数: 1/1
发送指令帧: 01 06 00 17 00 A5 F9 B5
响应帧: 超时, 等待RTU响应超时
错误信息: 等待RTU响应超时
处理结果: 失败
============================= SH85SelfCheck 执行记录结束 =============================
[设备记录 55/80 END] QRCode=12055 轮次ID=20260602_150641_741
[设备记录 56/80 BEGIN] QRCode=12056 轮次ID=20260602_150641_741
============================= SH85SelfCheck 执行记录 =============================
任务名称: SH85SelfCheck
模式: 周期自检
轮次ID: 20260602_150641_741
设备: 12056
结果: 失败
结果码: StartCommandFailed
说明: 启动自检指令下发失败: 等待RTU响应超时
开始时间: 2026-06-02 15:06:41.741
结束时间: 2026-06-02 15:06:56.737
耗时: 14996 ms
----------------------------- 执行明细 -----------------------------
自检任务开始
总时长: 70 s
自检器启动成功
进入阶段: 阶段1 - 下发启动自检指令
指令下发明细: 完成
指令: StartSelfCheck
所属阶段: 阶段1 - 下发启动自检指令
发送时间: 2026-06-02 15:06:55.732
响应时间: -
发送次数: 1/1
发送指令帧: 01 06 00 17 00 A5 F9 B5
响应帧: 超时, 等待RTU响应超时
错误信息: 等待RTU响应超时
处理结果: 失败
============================= SH85SelfCheck 执行记录结束 =============================
[设备记录 56/80 END] QRCode=12056 轮次ID=20260602_150641_741
[设备记录 57/80 BEGIN] QRCode=12057 轮次ID=20260602_150641_741
============================= SH85SelfCheck 执行记录 =============================
任务名称: SH85SelfCheck
模式: 周期自检
轮次ID: 20260602_150641_741
设备: 12057
结果: 失败
结果码: StartCommandFailed
说明: 启动自检指令下发失败: 等待RTU响应超时
开始时间: 2026-06-02 15:06:41.741
结束时间: 2026-06-02 15:06:56.737
耗时: 14996 ms
----------------------------- 执行明细 -----------------------------
自检任务开始
总时长: 70 s
自检器启动成功
进入阶段: 阶段1 - 下发启动自检指令
指令下发明细: 完成
指令: StartSelfCheck
所属阶段: 阶段1 - 下发启动自检指令
发送时间: 2026-06-02 15:06:55.732
响应时间: -
发送次数: 1/1
发送指令帧: 01 06 00 17 00 A5 F9 B5
响应帧: 超时, 等待RTU响应超时
错误信息: 等待RTU响应超时
处理结果: 失败
============================= SH85SelfCheck 执行记录结束 =============================
[设备记录 57/80 END] QRCode=12057 轮次ID=20260602_150641_741
[设备记录 58/80 BEGIN] QRCode=12058 轮次ID=20260602_150641_741
============================= SH85SelfCheck 执行记录 =============================
任务名称: SH85SelfCheck
模式: 周期自检
轮次ID: 20260602_150641_741
设备: 12058
结果: 失败
结果码: StartCommandFailed
说明: 启动自检指令下发失败: 等待RTU响应超时
开始时间: 2026-06-02 15:06:41.741
结束时间: 2026-06-02 15:06:56.766
耗时: 15025 ms
----------------------------- 执行明细 -----------------------------
自检任务开始
总时长: 70 s
自检器启动成功
进入阶段: 阶段1 - 下发启动自检指令
指令下发明细: 完成
指令: StartSelfCheck
所属阶段: 阶段1 - 下发启动自检指令
发送时间: 2026-06-02 15:06:55.748
响应时间: -
发送次数: 1/1
发送指令帧: 01 06 00 17 00 A5 F9 B5
响应帧: 超时, 等待RTU响应超时
错误信息: 等待RTU响应超时
处理结果: 失败
============================= SH85SelfCheck 执行记录结束 =============================
[设备记录 58/80 END] QRCode=12058 轮次ID=20260602_150641_741
[设备记录 59/80 BEGIN] QRCode=12059 轮次ID=20260602_150641_741
============================= SH85SelfCheck 执行记录 =============================
任务名称: SH85SelfCheck
模式: 周期自检
轮次ID: 20260602_150641_741
设备: 12059
结果: 失败
结果码: StartCommandFailed
说明: 启动自检指令下发失败: 等待RTU响应超时
开始时间: 2026-06-02 15:06:41.741
结束时间: 2026-06-02 15:06:56.759
耗时: 15018 ms
----------------------------- 执行明细 -----------------------------
自检任务开始
总时长: 70 s
自检器启动成功
进入阶段: 阶段1 - 下发启动自检指令
指令下发明细: 完成
指令: StartSelfCheck
所属阶段: 阶段1 - 下发启动自检指令
发送时间: 2026-06-02 15:06:55.748
响应时间: -
发送次数: 1/1
发送指令帧: 01 06 00 17 00 A5 F9 B5
响应帧: 超时, 等待RTU响应超时
错误信息: 等待RTU响应超时
处理结果: 失败
============================= SH85SelfCheck 执行记录结束 =============================
[设备记录 59/80 END] QRCode=12059 轮次ID=20260602_150641_741
[设备记录 60/80 BEGIN] QRCode=12060 轮次ID=20260602_150641_741
============================= SH85SelfCheck 执行记录 =============================
任务名称: SH85SelfCheck
模式: 周期自检
轮次ID: 20260602_150641_741
设备: 12060
结果: 失败
结果码: StartCommandFailed
说明: 启动自检指令下发失败: 等待RTU响应超时
开始时间: 2026-06-02 15:06:41.741
结束时间: 2026-06-02 15:06:56.759
耗时: 15018 ms
----------------------------- 执行明细 -----------------------------
自检任务开始
总时长: 70 s
自检器启动成功
进入阶段: 阶段1 - 下发启动自检指令
指令下发明细: 完成
指令: StartSelfCheck
所属阶段: 阶段1 - 下发启动自检指令
发送时间: 2026-06-02 15:06:55.748
响应时间: -
发送次数: 1/1
发送指令帧: 01 06 00 17 00 A5 F9 B5
响应帧: 超时, 等待RTU响应超时
错误信息: 等待RTU响应超时
处理结果: 失败
============================= SH85SelfCheck 执行记录结束 =============================
[设备记录 60/80 END] QRCode=12060 轮次ID=20260602_150641_741
[设备记录 61/80 BEGIN] QRCode=12061 轮次ID=20260602_150641_741
============================= SH85SelfCheck 执行记录 =============================
任务名称: SH85SelfCheck
模式: 周期自检
轮次ID: 20260602_150641_741
设备: 12061
结果: 失败
结果码: StartCommandFailed
说明: 启动自检指令下发失败: 等待RTU响应超时
开始时间: 2026-06-02 15:06:41.741
结束时间: 2026-06-02 15:06:56.758
耗时: 15017 ms
----------------------------- 执行明细 -----------------------------
自检任务开始
总时长: 70 s
自检器启动成功
进入阶段: 阶段1 - 下发启动自检指令
指令下发明细: 完成
指令: StartSelfCheck
所属阶段: 阶段1 - 下发启动自检指令
发送时间: 2026-06-02 15:06:55.748
响应时间: -
发送次数: 1/1
发送指令帧: 01 06 00 17 00 A5 F9 B5
响应帧: 超时, 等待RTU响应超时
错误信息: 等待RTU响应超时
处理结果: 失败
============================= SH85SelfCheck 执行记录结束 =============================
[设备记录 61/80 END] QRCode=12061 轮次ID=20260602_150641_741
[设备记录 62/80 BEGIN] QRCode=12062 轮次ID=20260602_150641_741
============================= SH85SelfCheck 执行记录 =============================
任务名称: SH85SelfCheck
模式: 周期自检
轮次ID: 20260602_150641_741
设备: 12062
结果: 失败
结果码: StartCommandFailed
说明: 启动自检指令下发失败: 等待RTU响应超时
开始时间: 2026-06-02 15:06:41.741
结束时间: 2026-06-02 15:06:56.757
耗时: 15016 ms
----------------------------- 执行明细 -----------------------------
自检任务开始
总时长: 70 s
自检器启动成功
进入阶段: 阶段1 - 下发启动自检指令
指令下发明细: 完成
指令: StartSelfCheck
所属阶段: 阶段1 - 下发启动自检指令
发送时间: 2026-06-02 15:06:55.748
响应时间: -
发送次数: 1/1
发送指令帧: 01 06 00 17 00 A5 F9 B5
响应帧: 超时, 等待RTU响应超时
错误信息: 等待RTU响应超时
处理结果: 失败
============================= SH85SelfCheck 执行记录结束 =============================
[设备记录 62/80 END] QRCode=12062 轮次ID=20260602_150641_741
[设备记录 63/80 BEGIN] QRCode=12063 轮次ID=20260602_150641_741
============================= SH85SelfCheck 执行记录 =============================
任务名称: SH85SelfCheck
模式: 周期自检
轮次ID: 20260602_150641_741
设备: 12063
结果: 失败
结果码: StartCommandFailed
说明: 启动自检指令下发失败: 等待RTU响应超时
开始时间: 2026-06-02 15:06:41.741
结束时间: 2026-06-02 15:06:56.759
耗时: 15018 ms
----------------------------- 执行明细 -----------------------------
自检任务开始
总时长: 70 s
自检器启动成功
进入阶段: 阶段1 - 下发启动自检指令
指令下发明细: 完成
指令: StartSelfCheck
所属阶段: 阶段1 - 下发启动自检指令
发送时间: 2026-06-02 15:06:55.748
响应时间: -
发送次数: 1/1
发送指令帧: 01 06 00 17 00 A5 F9 B5
响应帧: 超时, 等待RTU响应超时
错误信息: 等待RTU响应超时
处理结果: 失败
============================= SH85SelfCheck 执行记录结束 =============================
[设备记录 63/80 END] QRCode=12063 轮次ID=20260602_150641_741
[设备记录 64/80 BEGIN] QRCode=12064 轮次ID=20260602_150641_741
============================= SH85SelfCheck 执行记录 =============================
任务名称: SH85SelfCheck
模式: 周期自检
轮次ID: 20260602_150641_741
设备: 12064
结果: 失败
结果码: StartCommandFailed
说明: 启动自检指令下发失败: 等待RTU响应超时
开始时间: 2026-06-02 15:06:41.741
结束时间: 2026-06-02 15:06:56.699
耗时: 14958 ms
----------------------------- 执行明细 -----------------------------
自检任务开始
总时长: 70 s
自检器启动成功
进入阶段: 阶段1 - 下发启动自检指令
指令下发明细: 完成
指令: StartSelfCheck
所属阶段: 阶段1 - 下发启动自检指令
发送时间: 2026-06-02 15:06:55.696
响应时间: -
发送次数: 1/1
发送指令帧: 01 06 00 17 00 A5 F9 B5
响应帧: 超时, 等待RTU响应超时
错误信息: 等待RTU响应超时
处理结果: 失败
============================= SH85SelfCheck 执行记录结束 =============================
[设备记录 64/80 END] QRCode=12064 轮次ID=20260602_150641_741
[设备记录 65/80 BEGIN] QRCode=12065 轮次ID=20260602_150641_741
============================= SH85SelfCheck 执行记录 =============================
任务名称: SH85SelfCheck
模式: 周期自检
轮次ID: 20260602_150641_741
设备: 12065
结果: 失败
结果码: StartCommandFailed
说明: 启动自检指令下发失败: 等待RTU响应超时
开始时间: 2026-06-02 15:06:41.741
结束时间: 2026-06-02 15:06:56.699
耗时: 14958 ms
----------------------------- 执行明细 -----------------------------
自检任务开始
总时长: 70 s
自检器启动成功
进入阶段: 阶段1 - 下发启动自检指令
指令下发明细: 完成
指令: StartSelfCheck
所属阶段: 阶段1 - 下发启动自检指令
发送时间: 2026-06-02 15:06:55.696
响应时间: -
发送次数: 1/1
发送指令帧: 01 06 00 17 00 A5 F9 B5
响应帧: 超时, 等待RTU响应超时
错误信息: 等待RTU响应超时
处理结果: 失败
============================= SH85SelfCheck 执行记录结束 =============================
[设备记录 65/80 END] QRCode=12065 轮次ID=20260602_150641_741
[设备记录 66/80 BEGIN] QRCode=12066 轮次ID=20260602_150641_741
============================= SH85SelfCheck 执行记录 =============================
任务名称: SH85SelfCheck
模式: 周期自检
轮次ID: 20260602_150641_741
设备: 12066
结果: 失败
结果码: StartCommandFailed
说明: 启动自检指令下发失败: 等待RTU响应超时
开始时间: 2026-06-02 15:06:41.741
结束时间: 2026-06-02 15:06:56.759
耗时: 15018 ms
----------------------------- 执行明细 -----------------------------
自检任务开始
总时长: 70 s
自检器启动成功
进入阶段: 阶段1 - 下发启动自检指令
指令下发明细: 完成
指令: StartSelfCheck
所属阶段: 阶段1 - 下发启动自检指令
发送时间: 2026-06-02 15:06:55.748
响应时间: -
发送次数: 1/1
发送指令帧: 01 06 00 17 00 A5 F9 B5
响应帧: 超时, 等待RTU响应超时
错误信息: 等待RTU响应超时
处理结果: 失败
============================= SH85SelfCheck 执行记录结束 =============================
[设备记录 66/80 END] QRCode=12066 轮次ID=20260602_150641_741
[设备记录 67/80 BEGIN] QRCode=12067 轮次ID=20260602_150641_741
============================= SH85SelfCheck 执行记录 =============================
任务名称: SH85SelfCheck
模式: 周期自检
轮次ID: 20260602_150641_741
设备: 12067
结果: 失败
结果码: StartCommandFailed
说明: 启动自检指令下发失败: 等待RTU响应超时
开始时间: 2026-06-02 15:06:41.741
结束时间: 2026-06-02 15:06:56.763
耗时: 15022 ms
----------------------------- 执行明细 -----------------------------
自检任务开始
总时长: 70 s
自检器启动成功
进入阶段: 阶段1 - 下发启动自检指令
指令下发明细: 完成
指令: StartSelfCheck
所属阶段: 阶段1 - 下发启动自检指令
发送时间: 2026-06-02 15:06:55.750
响应时间: -
发送次数: 1/1
发送指令帧: 01 06 00 17 00 A5 F9 B5
响应帧: 超时, 等待RTU响应超时
错误信息: 等待RTU响应超时
处理结果: 失败
============================= SH85SelfCheck 执行记录结束 =============================
[设备记录 67/80 END] QRCode=12067 轮次ID=20260602_150641_741
[设备记录 68/80 BEGIN] QRCode=12068 轮次ID=20260602_150641_741
============================= SH85SelfCheck 执行记录 =============================
任务名称: SH85SelfCheck
模式: 周期自检
轮次ID: 20260602_150641_741
设备: 12068
结果: 失败
结果码: StartCommandFailed
说明: 启动自检指令下发失败: 等待RTU响应超时
开始时间: 2026-06-02 15:06:41.741
结束时间: 2026-06-02 15:06:56.762
耗时: 15021 ms
----------------------------- 执行明细 -----------------------------
自检任务开始
总时长: 70 s
自检器启动成功
进入阶段: 阶段1 - 下发启动自检指令
指令下发明细: 完成
指令: StartSelfCheck
所属阶段: 阶段1 - 下发启动自检指令
发送时间: 2026-06-02 15:06:55.750
响应时间: -
发送次数: 1/1
发送指令帧: 01 06 00 17 00 A5 F9 B5
响应帧: 超时, 等待RTU响应超时
错误信息: 等待RTU响应超时
处理结果: 失败
============================= SH85SelfCheck 执行记录结束 =============================
[设备记录 68/80 END] QRCode=12068 轮次ID=20260602_150641_741
[设备记录 69/80 BEGIN] QRCode=12069 轮次ID=20260602_150641_741
============================= SH85SelfCheck 执行记录 =============================
任务名称: SH85SelfCheck
模式: 周期自检
轮次ID: 20260602_150641_741
设备: 12069
结果: 失败
结果码: StartCommandFailed
说明: 启动自检指令下发失败: 等待RTU响应超时
开始时间: 2026-06-02 15:06:41.741
结束时间: 2026-06-02 15:06:56.699
耗时: 14958 ms
----------------------------- 执行明细 -----------------------------
自检任务开始
总时长: 70 s
自检器启动成功
进入阶段: 阶段1 - 下发启动自检指令
指令下发明细: 完成
指令: StartSelfCheck
所属阶段: 阶段1 - 下发启动自检指令
发送时间: 2026-06-02 15:06:55.696
响应时间: -
发送次数: 1/1
发送指令帧: 01 06 00 17 00 A5 F9 B5
响应帧: 超时, 等待RTU响应超时
错误信息: 等待RTU响应超时
处理结果: 失败
============================= SH85SelfCheck 执行记录结束 =============================
[设备记录 69/80 END] QRCode=12069 轮次ID=20260602_150641_741
[设备记录 70/80 BEGIN] QRCode=12070 轮次ID=20260602_150641_741
============================= SH85SelfCheck 执行记录 =============================
任务名称: SH85SelfCheck
模式: 周期自检
轮次ID: 20260602_150641_741
设备: 12070
结果: 失败
结果码: StartCommandFailed
说明: 启动自检指令下发失败: 等待RTU响应超时
开始时间: 2026-06-02 15:06:41.741
结束时间: 2026-06-02 15:06:56.762
耗时: 15021 ms
----------------------------- 执行明细 -----------------------------
自检任务开始
总时长: 70 s
自检器启动成功
进入阶段: 阶段1 - 下发启动自检指令
指令下发明细: 完成
指令: StartSelfCheck
所属阶段: 阶段1 - 下发启动自检指令
发送时间: 2026-06-02 15:06:55.748
响应时间: -
发送次数: 1/1
发送指令帧: 01 06 00 17 00 A5 F9 B5
响应帧: 超时, 等待RTU响应超时
错误信息: 等待RTU响应超时
处理结果: 失败
============================= SH85SelfCheck 执行记录结束 =============================
[设备记录 70/80 END] QRCode=12070 轮次ID=20260602_150641_741
[设备记录 71/80 BEGIN] QRCode=12071 轮次ID=20260602_150641_741
============================= SH85SelfCheck 执行记录 =============================
任务名称: SH85SelfCheck
模式: 周期自检
轮次ID: 20260602_150641_741
设备: 12071
结果: 失败
结果码: StartCommandFailed
说明: 启动自检指令下发失败: 等待RTU响应超时
开始时间: 2026-06-02 15:06:41.741
结束时间: 2026-06-02 15:06:56.758
耗时: 15017 ms
----------------------------- 执行明细 -----------------------------
自检任务开始
总时长: 70 s
自检器启动成功
进入阶段: 阶段1 - 下发启动自检指令
指令下发明细: 完成
指令: StartSelfCheck
所属阶段: 阶段1 - 下发启动自检指令
发送时间: 2026-06-02 15:06:55.748
响应时间: -
发送次数: 1/1
发送指令帧: 01 06 00 17 00 A5 F9 B5
响应帧: 超时, 等待RTU响应超时
错误信息: 等待RTU响应超时
处理结果: 失败
============================= SH85SelfCheck 执行记录结束 =============================
[设备记录 71/80 END] QRCode=12071 轮次ID=20260602_150641_741
[设备记录 72/80 BEGIN] QRCode=12072 轮次ID=20260602_150641_741
============================= SH85SelfCheck 执行记录 =============================
任务名称: SH85SelfCheck
模式: 周期自检
轮次ID: 20260602_150641_741
设备: 12072
结果: 失败
结果码: StartCommandFailed
说明: 启动自检指令下发失败: 等待RTU响应超时
开始时间: 2026-06-02 15:06:41.741
结束时间: 2026-06-02 15:06:56.759
耗时: 15018 ms
----------------------------- 执行明细 -----------------------------
自检任务开始
总时长: 70 s
自检器启动成功
进入阶段: 阶段1 - 下发启动自检指令
指令下发明细: 完成
指令: StartSelfCheck
所属阶段: 阶段1 - 下发启动自检指令
发送时间: 2026-06-02 15:06:55.748
响应时间: -
发送次数: 1/1
发送指令帧: 01 06 00 17 00 A5 F9 B5
响应帧: 超时, 等待RTU响应超时
错误信息: 等待RTU响应超时
处理结果: 失败
============================= SH85SelfCheck 执行记录结束 =============================
[设备记录 72/80 END] QRCode=12072 轮次ID=20260602_150641_741
[设备记录 73/80 BEGIN] QRCode=12073 轮次ID=20260602_150641_741
============================= SH85SelfCheck 执行记录 =============================
任务名称: SH85SelfCheck
模式: 周期自检
轮次ID: 20260602_150641_741
设备: 12073
结果: 失败
结果码: StartCommandFailed
说明: 启动自检指令下发失败: 等待RTU响应超时
开始时间: 2026-06-02 15:06:41.741
结束时间: 2026-06-02 15:06:56.762
耗时: 15021 ms
----------------------------- 执行明细 -----------------------------
自检任务开始
总时长: 70 s
自检器启动成功
进入阶段: 阶段1 - 下发启动自检指令
指令下发明细: 完成
指令: StartSelfCheck
所属阶段: 阶段1 - 下发启动自检指令
发送时间: 2026-06-02 15:06:55.748
响应时间: -
发送次数: 1/1
发送指令帧: 01 06 00 17 00 A5 F9 B5
响应帧: 超时, 等待RTU响应超时
错误信息: 等待RTU响应超时
处理结果: 失败
============================= SH85SelfCheck 执行记录结束 =============================
[设备记录 73/80 END] QRCode=12073 轮次ID=20260602_150641_741
[设备记录 74/80 BEGIN] QRCode=12074 轮次ID=20260602_150641_741
============================= SH85SelfCheck 执行记录 =============================
任务名称: SH85SelfCheck
模式: 周期自检
轮次ID: 20260602_150641_741
设备: 12074
结果: 失败
结果码: StartCommandFailed
说明: 启动自检指令下发失败: 等待RTU响应超时
开始时间: 2026-06-02 15:06:41.741
结束时间: 2026-06-02 15:06:56.759
耗时: 15018 ms
----------------------------- 执行明细 -----------------------------
自检任务开始
总时长: 70 s
自检器启动成功
进入阶段: 阶段1 - 下发启动自检指令
指令下发明细: 完成
指令: StartSelfCheck
所属阶段: 阶段1 - 下发启动自检指令
发送时间: 2026-06-02 15:06:55.748
响应时间: -
发送次数: 1/1
发送指令帧: 01 06 00 17 00 A5 F9 B5
响应帧: 超时, 等待RTU响应超时
错误信息: 等待RTU响应超时
处理结果: 失败
============================= SH85SelfCheck 执行记录结束 =============================
[设备记录 74/80 END] QRCode=12074 轮次ID=20260602_150641_741
[设备记录 75/80 BEGIN] QRCode=12075 轮次ID=20260602_150641_741
============================= SH85SelfCheck 执行记录 =============================
任务名称: SH85SelfCheck
模式: 周期自检
轮次ID: 20260602_150641_741
设备: 12075
结果: 失败
结果码: StartCommandFailed
说明: 启动自检指令下发失败: 等待RTU响应超时
开始时间: 2026-06-02 15:06:41.741
结束时间: 2026-06-02 15:06:56.763
耗时: 15022 ms
----------------------------- 执行明细 -----------------------------
自检任务开始
总时长: 70 s
自检器启动成功
进入阶段: 阶段1 - 下发启动自检指令
指令下发明细: 完成
指令: StartSelfCheck
所属阶段: 阶段1 - 下发启动自检指令
发送时间: 2026-06-02 15:06:55.750
响应时间: -
发送次数: 1/1
发送指令帧: 01 06 00 17 00 A5 F9 B5
响应帧: 超时, 等待RTU响应超时
错误信息: 等待RTU响应超时
处理结果: 失败
============================= SH85SelfCheck 执行记录结束 =============================
[设备记录 75/80 END] QRCode=12075 轮次ID=20260602_150641_741
[设备记录 76/80 BEGIN] QRCode=12076 轮次ID=20260602_150641_741
============================= SH85SelfCheck 执行记录 =============================
任务名称: SH85SelfCheck
模式: 周期自检
轮次ID: 20260602_150641_741
设备: 12076
结果: 失败
结果码: StartCommandFailed
说明: 启动自检指令下发失败: 等待RTU响应超时
开始时间: 2026-06-02 15:06:41.741
结束时间: 2026-06-02 15:06:56.762
耗时: 15021 ms
----------------------------- 执行明细 -----------------------------
自检任务开始
总时长: 70 s
自检器启动成功
进入阶段: 阶段1 - 下发启动自检指令
指令下发明细: 完成
指令: StartSelfCheck
所属阶段: 阶段1 - 下发启动自检指令
发送时间: 2026-06-02 15:06:55.748
响应时间: -
发送次数: 1/1
发送指令帧: 01 06 00 17 00 A5 F9 B5
响应帧: 超时, 等待RTU响应超时
错误信息: 等待RTU响应超时
处理结果: 失败
============================= SH85SelfCheck 执行记录结束 =============================
[设备记录 76/80 END] QRCode=12076 轮次ID=20260602_150641_741
[设备记录 77/80 BEGIN] QRCode=12077 轮次ID=20260602_150641_741
============================= SH85SelfCheck 执行记录 =============================
任务名称: SH85SelfCheck
模式: 周期自检
轮次ID: 20260602_150641_741
设备: 12077
结果: 失败
结果码: StartCommandFailed
说明: 启动自检指令下发失败: 等待RTU响应超时
开始时间: 2026-06-02 15:06:41.741
结束时间: 2026-06-02 15:06:56.762
耗时: 15021 ms
----------------------------- 执行明细 -----------------------------
自检任务开始
总时长: 70 s
自检器启动成功
进入阶段: 阶段1 - 下发启动自检指令
指令下发明细: 完成
指令: StartSelfCheck
所属阶段: 阶段1 - 下发启动自检指令
发送时间: 2026-06-02 15:06:55.750
响应时间: -
发送次数: 1/1
发送指令帧: 01 06 00 17 00 A5 F9 B5
响应帧: 超时, 等待RTU响应超时
错误信息: 等待RTU响应超时
处理结果: 失败
============================= SH85SelfCheck 执行记录结束 =============================
[设备记录 77/80 END] QRCode=12077 轮次ID=20260602_150641_741
[设备记录 78/80 BEGIN] QRCode=12078 轮次ID=20260602_150641_741
============================= SH85SelfCheck 执行记录 =============================
任务名称: SH85SelfCheck
模式: 周期自检
轮次ID: 20260602_150641_741
设备: 12078
结果: 失败
结果码: StartCommandFailed
说明: 启动自检指令下发失败: 等待RTU响应超时
开始时间: 2026-06-02 15:06:41.741
结束时间: 2026-06-02 15:06:56.750
耗时: 15009 ms
----------------------------- 执行明细 -----------------------------
自检任务开始
总时长: 70 s
自检器启动成功
进入阶段: 阶段1 - 下发启动自检指令
指令下发明细: 完成
指令: StartSelfCheck
所属阶段: 阶段1 - 下发启动自检指令
发送时间: 2026-06-02 15:06:55.748
响应时间: -
发送次数: 1/1
发送指令帧: 01 06 00 17 00 A5 F9 B5
响应帧: 超时, 等待RTU响应超时
错误信息: 等待RTU响应超时
处理结果: 失败
============================= SH85SelfCheck 执行记录结束 =============================
[设备记录 78/80 END] QRCode=12078 轮次ID=20260602_150641_741
[设备记录 79/80 BEGIN] QRCode=12079 轮次ID=20260602_150641_741
============================= SH85SelfCheck 执行记录 =============================
任务名称: SH85SelfCheck
模式: 周期自检
轮次ID: 20260602_150641_741
设备: 12079
结果: 失败
结果码: StartCommandFailed
说明: 启动自检指令下发失败: 等待RTU响应超时
开始时间: 2026-06-02 15:06:41.741
结束时间: 2026-06-02 15:06:56.756
耗时: 15015 ms
----------------------------- 执行明细 -----------------------------
自检任务开始
总时长: 70 s
自检器启动成功
进入阶段: 阶段1 - 下发启动自检指令
指令下发明细: 完成
指令: StartSelfCheck
所属阶段: 阶段1 - 下发启动自检指令
发送时间: 2026-06-02 15:06:55.748
响应时间: -
发送次数: 1/1
发送指令帧: 01 06 00 17 00 A5 F9 B5
响应帧: 超时, 等待RTU响应超时
错误信息: 等待RTU响应超时
处理结果: 失败
============================= SH85SelfCheck 执行记录结束 =============================
[设备记录 79/80 END] QRCode=12079 轮次ID=20260602_150641_741
[设备记录 80/80 BEGIN] QRCode=12080 轮次ID=20260602_150641_741
============================= SH85SelfCheck 执行记录 =============================
任务名称: SH85SelfCheck
模式: 周期自检
轮次ID: 20260602_150641_741
设备: 12080
结果: 失败
结果码: StartCommandFailed
说明: 启动自检指令下发失败: 等待RTU响应超时
开始时间: 2026-06-02 15:06:41.741
结束时间: 2026-06-02 15:06:56.762
耗时: 15021 ms
----------------------------- 执行明细 -----------------------------
自检任务开始
总时长: 70 s
自检器启动成功
进入阶段: 阶段1 - 下发启动自检指令
指令下发明细: 完成
指令: StartSelfCheck
所属阶段: 阶段1 - 下发启动自检指令
发送时间: 2026-06-02 15:06:55.750
响应时间: -
发送次数: 1/1
发送指令帧: 01 06 00 17 00 A5 F9 B5
响应帧: 超时, 等待RTU响应超时
错误信息: 等待RTU响应超时
处理结果: 失败
============================= SH85SelfCheck 执行记录结束 =============================
[设备记录 80/80 END] QRCode=12080 轮次ID=20260602_150641_741
############################## SH85_PERIODIC_ROUND_END ##############################
轮次ID: 20260602_150641_741
################################################################################
[2026-06-02 15:06:56] [WARN] [SH85PeriodicSelfCheckTask] 周期自检轮次失败
轮次ID: 20260602_150641_741
开始时间: 2026-06-02 15:06:41
结束时间: 2026-06-02 15:06:56
总设备数: 80
参与设备数: 80
成功设备数: 0
失败设备数: 80
跳过设备数: 0
失败原因摘要:
- 启动自检指令下发失败: 等待RTU响应超时: 80 台
  设备: 12001, 12002, 12003, 12004, 12005, 12006, 12007, 12008, 12009, 12010, 12011, 12012, 12013, 12014, 12015, 12016, 12017, 12018, 12019, 12020, 12021, 12022, 12023, 12024, 12025, 12026, 12027, 12028, 12029, 12030, 12031, 12032, 12033, 12034, 12035, 12036, 12037, 12038, 12039, 12040, 12041, 12042, 12043, 12044, 12045, 12046, 12047, 12048, 12049, 12050, 12051, 12052, 12053, 12054, 12055, 12056, 12057, 12058, 12059, 12060, 12061, 12062, 12063, 12064, 12065, 12066, 12067, 12068, 12069, 12070, 12071, 12072, 12073, 12074, 12075, 12076, 12077, 12078, 12079, 12080
详细执行记录: 请在 self_check.log 搜索轮次ID 20260602_150641_741
[2026-06-02 15:30:19] [INFO] ################################################################################
############################# SH85_PERIODIC_ROUND_BEGIN #############################
任务名称: SH85PeriodicSelfCheckTask
模式: 周期自检
轮次ID: 20260602_153004_097
开始时间: 2026-06-02 15:30:04
结束时间: 2026-06-02 15:30:19
总设备数: 80
参与设备数: 80
成功设备数: 0
失败设备数: 80
跳过设备数: 0
结果: 失败
失败设备: 12001, 12002, 12003, 12004, 12005, 12006, 12007, 12008, 12009, 12010, 12011, 12012, 12013, 12014, 12015, 12016, 12017, 12018, 12019, 12020, 12021, 12022, 12023, 12024, 12025, 12026, 12027, 12028, 12029, 12030, 12031, 12032, 12033, 12034, 12035, 12036, 12037, 12038, 12039, 12040, 12041, 12042, 12043, 12044, 12045, 12046, 12047, 12048, 12049, 12050, 12051, 12052, 12053, 12054, 12055, 12056, 12057, 12058, 12059, 12060, 12061, 12062, 12063, 12064, 12065, 12066, 12067, 12068, 12069, 12070, 12071, 12072, 12073, 12074, 12075, 12076, 12077, 12078, 12079, 12080
跳过设备: 无
----------------------------- 设备执行记录列表 -----------------------------
[设备记录 1/80 BEGIN] QRCode=12001 轮次ID=20260602_153004_097
============================= SH85SelfCheck 执行记录 =============================
任务名称: SH85SelfCheck
模式: 周期自检
轮次ID: 20260602_153004_097
设备: 12001
结果: 失败
结果码: StartCommandFailed
说明: 启动自检指令下发失败: 等待RTU响应超时
开始时间: 2026-06-02 15:30:04.097
结束时间: 2026-06-02 15:30:19.328
耗时: 15231 ms
----------------------------- 执行明细 -----------------------------
自检任务开始
总时长: 70 s
自检器启动成功
进入阶段: 阶段1 - 下发启动自检指令
指令下发明细: 完成
指令: StartSelfCheck
所属阶段: 阶段1 - 下发启动自检指令
发送时间: 2026-06-02 15:30:18.310
响应时间: -
发送次数: 1/1
发送指令帧: 01 06 00 17 00 A5 F9 B5
响应帧: 超时, 等待RTU响应超时
错误信息: 等待RTU响应超时
处理结果: 失败
============================= SH85SelfCheck 执行记录结束 =============================
[设备记录 1/80 END] QRCode=12001 轮次ID=20260602_153004_097
[设备记录 2/80 BEGIN] QRCode=12002 轮次ID=20260602_153004_097
============================= SH85SelfCheck 执行记录 =============================
任务名称: SH85SelfCheck
模式: 周期自检
轮次ID: 20260602_153004_097
设备: 12002
结果: 失败
结果码: StartCommandFailed
说明: 启动自检指令下发失败: 等待RTU响应超时
开始时间: 2026-06-02 15:30:04.097
结束时间: 2026-06-02 15:30:19.317
耗时: 15220 ms
----------------------------- 执行明细 -----------------------------
自检任务开始
总时长: 70 s
自检器启动成功
进入阶段: 阶段1 - 下发启动自检指令
指令下发明细: 完成
指令: StartSelfCheck
所属阶段: 阶段1 - 下发启动自检指令
发送时间: 2026-06-02 15:30:18.292
响应时间: -
发送次数: 1/1
发送指令帧: 01 06 00 17 00 A5 F9 B5
响应帧: 超时, 等待RTU响应超时
错误信息: 等待RTU响应超时
处理结果: 失败
============================= SH85SelfCheck 执行记录结束 =============================
[设备记录 2/80 END] QRCode=12002 轮次ID=20260602_153004_097
[设备记录 3/80 BEGIN] QRCode=12003 轮次ID=20260602_153004_097
============================= SH85SelfCheck 执行记录 =============================
任务名称: SH85SelfCheck
模式: 周期自检
轮次ID: 20260602_153004_097
设备: 12003
结果: 失败
结果码: StartCommandFailed
说明: 启动自检指令下发失败: 等待RTU响应超时
开始时间: 2026-06-02 15:30:04.097
结束时间: 2026-06-02 15:30:19.327
耗时: 15230 ms
----------------------------- 执行明细 -----------------------------
自检任务开始
总时长: 70 s
自检器启动成功
进入阶段: 阶段1 - 下发启动自检指令
指令下发明细: 完成
指令: StartSelfCheck
所属阶段: 阶段1 - 下发启动自检指令
发送时间: 2026-06-02 15:30:18.310
响应时间: -
发送次数: 1/1
发送指令帧: 01 06 00 17 00 A5 F9 B5
响应帧: 超时, 等待RTU响应超时
错误信息: 等待RTU响应超时
处理结果: 失败
============================= SH85SelfCheck 执行记录结束 =============================
[设备记录 3/80 END] QRCode=12003 轮次ID=20260602_153004_097
[设备记录 4/80 BEGIN] QRCode=12004 轮次ID=20260602_153004_097
============================= SH85SelfCheck 执行记录 =============================
任务名称: SH85SelfCheck
模式: 周期自检
轮次ID: 20260602_153004_097
设备: 12004
结果: 失败
结果码: StartCommandFailed
说明: 启动自检指令下发失败: 等待RTU响应超时
开始时间: 2026-06-02 15:30:04.097
结束时间: 2026-06-02 15:30:19.314
耗时: 15217 ms
----------------------------- 执行明细 -----------------------------
自检任务开始
总时长: 70 s
自检器启动成功
进入阶段: 阶段1 - 下发启动自检指令
指令下发明细: 完成
指令: StartSelfCheck
所属阶段: 阶段1 - 下发启动自检指令
发送时间: 2026-06-02 15:30:18.293
响应时间: -
发送次数: 1/1
发送指令帧: 01 06 00 17 00 A5 F9 B5
响应帧: 超时, 等待RTU响应超时
错误信息: 等待RTU响应超时
处理结果: 失败
============================= SH85SelfCheck 执行记录结束 =============================
[设备记录 4/80 END] QRCode=12004 轮次ID=20260602_153004_097
[设备记录 5/80 BEGIN] QRCode=12005 轮次ID=20260602_153004_097
============================= SH85SelfCheck 执行记录 =============================
任务名称: SH85SelfCheck
模式: 周期自检
轮次ID: 20260602_153004_097
设备: 12005
结果: 失败
结果码: StartCommandFailed
说明: 启动自检指令下发失败: 等待RTU响应超时
开始时间: 2026-06-02 15:30:04.097
结束时间: 2026-06-02 15:30:19.327
耗时: 15230 ms
----------------------------- 执行明细 -----------------------------
自检任务开始
总时长: 70 s
自检器启动成功
进入阶段: 阶段1 - 下发启动自检指令
指令下发明细: 完成
指令: StartSelfCheck
所属阶段: 阶段1 - 下发启动自检指令
发送时间: 2026-06-02 15:30:18.310
响应时间: -
发送次数: 1/1
发送指令帧: 01 06 00 17 00 A5 F9 B5
响应帧: 超时, 等待RTU响应超时
错误信息: 等待RTU响应超时
处理结果: 失败
============================= SH85SelfCheck 执行记录结束 =============================
[设备记录 5/80 END] QRCode=12005 轮次ID=20260602_153004_097
[设备记录 6/80 BEGIN] QRCode=12006 轮次ID=20260602_153004_097
============================= SH85SelfCheck 执行记录 =============================
任务名称: SH85SelfCheck
模式: 周期自检
轮次ID: 20260602_153004_097
设备: 12006
结果: 失败
结果码: StartCommandFailed
说明: 启动自检指令下发失败: 等待RTU响应超时
开始时间: 2026-06-02 15:30:04.097
结束时间: 2026-06-02 15:30:19.324
耗时: 15227 ms
----------------------------- 执行明细 -----------------------------
自检任务开始
总时长: 70 s
自检器启动成功
进入阶段: 阶段1 - 下发启动自检指令
指令下发明细: 完成
指令: StartSelfCheck
所属阶段: 阶段1 - 下发启动自检指令
发送时间: 2026-06-02 15:30:18.308
响应时间: -
发送次数: 1/1
发送指令帧: 01 06 00 17 00 A5 F9 B5
响应帧: 超时, 等待RTU响应超时
错误信息: 等待RTU响应超时
处理结果: 失败
============================= SH85SelfCheck 执行记录结束 =============================
[设备记录 6/80 END] QRCode=12006 轮次ID=20260602_153004_097
[设备记录 7/80 BEGIN] QRCode=12007 轮次ID=20260602_153004_097
============================= SH85SelfCheck 执行记录 =============================
任务名称: SH85SelfCheck
模式: 周期自检
轮次ID: 20260602_153004_097
设备: 12007
结果: 失败
结果码: StartCommandFailed
说明: 启动自检指令下发失败: 等待RTU响应超时
开始时间: 2026-06-02 15:30:04.097
结束时间: 2026-06-02 15:30:19.324
耗时: 15227 ms
----------------------------- 执行明细 -----------------------------
自检任务开始
总时长: 70 s
自检器启动成功
进入阶段: 阶段1 - 下发启动自检指令
指令下发明细: 完成
指令: StartSelfCheck
所属阶段: 阶段1 - 下发启动自检指令
发送时间: 2026-06-02 15:30:18.308
响应时间: -
发送次数: 1/1
发送指令帧: 01 06 00 17 00 A5 F9 B5
响应帧: 超时, 等待RTU响应超时
错误信息: 等待RTU响应超时
处理结果: 失败
============================= SH85SelfCheck 执行记录结束 =============================
[设备记录 7/80 END] QRCode=12007 轮次ID=20260602_153004_097
[设备记录 8/80 BEGIN] QRCode=12008 轮次ID=20260602_153004_097
============================= SH85SelfCheck 执行记录 =============================
任务名称: SH85SelfCheck
模式: 周期自检
轮次ID: 20260602_153004_097
设备: 12008
结果: 失败
结果码: StartCommandFailed
说明: 启动自检指令下发失败: 等待RTU响应超时
开始时间: 2026-06-02 15:30:04.097
结束时间: 2026-06-02 15:30:19.314
耗时: 15217 ms
----------------------------- 执行明细 -----------------------------
自检任务开始
总时长: 70 s
自检器启动成功
进入阶段: 阶段1 - 下发启动自检指令
指令下发明细: 完成
指令: StartSelfCheck
所属阶段: 阶段1 - 下发启动自检指令
发送时间: 2026-06-02 15:30:18.293
响应时间: -
发送次数: 1/1
发送指令帧: 01 06 00 17 00 A5 F9 B5
响应帧: 超时, 等待RTU响应超时
错误信息: 等待RTU响应超时
处理结果: 失败
============================= SH85SelfCheck 执行记录结束 =============================
[设备记录 8/80 END] QRCode=12008 轮次ID=20260602_153004_097
[设备记录 9/80 BEGIN] QRCode=12009 轮次ID=20260602_153004_097
============================= SH85SelfCheck 执行记录 =============================
任务名称: SH85SelfCheck
模式: 周期自检
轮次ID: 20260602_153004_097
设备: 12009
结果: 失败
结果码: StartCommandFailed
说明: 启动自检指令下发失败: 等待RTU响应超时
开始时间: 2026-06-02 15:30:04.097
结束时间: 2026-06-02 15:30:19.294
耗时: 15197 ms
----------------------------- 执行明细 -----------------------------
自检任务开始
总时长: 70 s
自检器启动成功
进入阶段: 阶段1 - 下发启动自检指令
指令下发明细: 完成
指令: StartSelfCheck
所属阶段: 阶段1 - 下发启动自检指令
发送时间: 2026-06-02 15:30:18.280
响应时间: -
发送次数: 1/1
发送指令帧: 01 06 00 17 00 A5 F9 B5
响应帧: 超时, 等待RTU响应超时
错误信息: 等待RTU响应超时
处理结果: 失败
============================= SH85SelfCheck 执行记录结束 =============================
[设备记录 9/80 END] QRCode=12009 轮次ID=20260602_153004_097
[设备记录 10/80 BEGIN] QRCode=12010 轮次ID=20260602_153004_097
============================= SH85SelfCheck 执行记录 =============================
任务名称: SH85SelfCheck
模式: 周期自检
轮次ID: 20260602_153004_097
设备: 12010
结果: 失败
结果码: StartCommandFailed
说明: 启动自检指令下发失败: 等待RTU响应超时
开始时间: 2026-06-02 15:30:04.097
结束时间: 2026-06-02 15:30:19.325
耗时: 15228 ms
----------------------------- 执行明细 -----------------------------
自检任务开始
总时长: 70 s
自检器启动成功
进入阶段: 阶段1 - 下发启动自检指令
指令下发明细: 完成
指令: StartSelfCheck
所属阶段: 阶段1 - 下发启动自检指令
发送时间: 2026-06-02 15:30:18.310
响应时间: -
发送次数: 1/1
发送指令帧: 01 06 00 17 00 A5 F9 B5
响应帧: 超时, 等待RTU响应超时
错误信息: 等待RTU响应超时
处理结果: 失败
============================= SH85SelfCheck 执行记录结束 =============================
[设备记录 10/80 END] QRCode=12010 轮次ID=20260602_153004_097
[设备记录 11/80 BEGIN] QRCode=12011 轮次ID=20260602_153004_097
============================= SH85SelfCheck 执行记录 =============================
任务名称: SH85SelfCheck
模式: 周期自检
轮次ID: 20260602_153004_097
设备: 12011
结果: 失败
结果码: StartCommandFailed
说明: 启动自检指令下发失败: 等待RTU响应超时
开始时间: 2026-06-02 15:30:04.097
结束时间: 2026-06-02 15:30:19.323
耗时: 15226 ms
----------------------------- 执行明细 -----------------------------
自检任务开始
总时长: 70 s
自检器启动成功
进入阶段: 阶段1 - 下发启动自检指令
指令下发明细: 完成
指令: StartSelfCheck
所属阶段: 阶段1 - 下发启动自检指令
发送时间: 2026-06-02 15:30:18.308
响应时间: -
发送次数: 1/1
发送指令帧: 01 06 00 17 00 A5 F9 B5
响应帧: 超时, 等待RTU响应超时
错误信息: 等待RTU响应超时
处理结果: 失败
============================= SH85SelfCheck 执行记录结束 =============================
[设备记录 11/80 END] QRCode=12011 轮次ID=20260602_153004_097
[设备记录 12/80 BEGIN] QRCode=12012 轮次ID=20260602_153004_097
============================= SH85SelfCheck 执行记录 =============================
任务名称: SH85SelfCheck
模式: 周期自检
轮次ID: 20260602_153004_097
设备: 12012
结果: 失败
结果码: StartCommandFailed
说明: 启动自检指令下发失败: 等待RTU响应超时
开始时间: 2026-06-02 15:30:04.097
结束时间: 2026-06-02 15:30:19.325
耗时: 15228 ms
----------------------------- 执行明细 -----------------------------
自检任务开始
总时长: 70 s
自检器启动成功
进入阶段: 阶段1 - 下发启动自检指令
指令下发明细: 完成
指令: StartSelfCheck
所属阶段: 阶段1 - 下发启动自检指令
发送时间: 2026-06-02 15:30:18.310
响应时间: -
发送次数: 1/1
发送指令帧: 01 06 00 17 00 A5 F9 B5
响应帧: 超时, 等待RTU响应超时
错误信息: 等待RTU响应超时
处理结果: 失败
============================= SH85SelfCheck 执行记录结束 =============================
[设备记录 12/80 END] QRCode=12012 轮次ID=20260602_153004_097
[设备记录 13/80 BEGIN] QRCode=12013 轮次ID=20260602_153004_097
============================= SH85SelfCheck 执行记录 =============================
任务名称: SH85SelfCheck
模式: 周期自检
轮次ID: 20260602_153004_097
设备: 12013
结果: 失败
结果码: StartCommandFailed
说明: 启动自检指令下发失败: 等待RTU响应超时
开始时间: 2026-06-02 15:30:04.097
结束时间: 2026-06-02 15:30:19.324
耗时: 15227 ms
----------------------------- 执行明细 -----------------------------
自检任务开始
总时长: 70 s
自检器启动成功
进入阶段: 阶段1 - 下发启动自检指令
指令下发明细: 完成
指令: StartSelfCheck
所属阶段: 阶段1 - 下发启动自检指令
发送时间: 2026-06-02 15:30:18.310
响应时间: -
发送次数: 1/1
发送指令帧: 01 06 00 17 00 A5 F9 B5
响应帧: 超时, 等待RTU响应超时
错误信息: 等待RTU响应超时
处理结果: 失败
============================= SH85SelfCheck 执行记录结束 =============================
[设备记录 13/80 END] QRCode=12013 轮次ID=20260602_153004_097
[设备记录 14/80 BEGIN] QRCode=12014 轮次ID=20260602_153004_097
============================= SH85SelfCheck 执行记录 =============================
任务名称: SH85SelfCheck
模式: 周期自检
轮次ID: 20260602_153004_097
设备: 12014
结果: 失败
结果码: StartCommandFailed
说明: 启动自检指令下发失败: 等待RTU响应超时
开始时间: 2026-06-02 15:30:04.097
结束时间: 2026-06-02 15:30:19.317
耗时: 15220 ms
----------------------------- 执行明细 -----------------------------
自检任务开始
总时长: 70 s
自检器启动成功
进入阶段: 阶段1 - 下发启动自检指令
指令下发明细: 完成
指令: StartSelfCheck
所属阶段: 阶段1 - 下发启动自检指令
发送时间: 2026-06-02 15:30:18.308
响应时间: -
发送次数: 1/1
发送指令帧: 01 06 00 17 00 A5 F9 B5
响应帧: 超时, 等待RTU响应超时
错误信息: 等待RTU响应超时
处理结果: 失败
============================= SH85SelfCheck 执行记录结束 =============================
[设备记录 14/80 END] QRCode=12014 轮次ID=20260602_153004_097
[设备记录 15/80 BEGIN] QRCode=12015 轮次ID=20260602_153004_097
============================= SH85SelfCheck 执行记录 =============================
任务名称: SH85SelfCheck
模式: 周期自检
轮次ID: 20260602_153004_097
设备: 12015
结果: 失败
结果码: StartCommandFailed
说明: 启动自检指令下发失败: 等待RTU响应超时
开始时间: 2026-06-02 15:30:04.097
结束时间: 2026-06-02 15:30:19.311
耗时: 15214 ms
----------------------------- 执行明细 -----------------------------
自检任务开始
总时长: 70 s
自检器启动成功
进入阶段: 阶段1 - 下发启动自检指令
指令下发明细: 完成
指令: StartSelfCheck
所属阶段: 阶段1 - 下发启动自检指令
发送时间: 2026-06-02 15:30:18.301
响应时间: -
发送次数: 1/1
发送指令帧: 01 06 00 17 00 A5 F9 B5
响应帧: 超时, 等待RTU响应超时
错误信息: 等待RTU响应超时
处理结果: 失败
============================= SH85SelfCheck 执行记录结束 =============================
[设备记录 15/80 END] QRCode=12015 轮次ID=20260602_153004_097
[设备记录 16/80 BEGIN] QRCode=12016 轮次ID=20260602_153004_097
============================= SH85SelfCheck 执行记录 =============================
任务名称: SH85SelfCheck
模式: 周期自检
轮次ID: 20260602_153004_097
设备: 12016
结果: 失败
结果码: StartCommandFailed
说明: 启动自检指令下发失败: 等待RTU响应超时
开始时间: 2026-06-02 15:30:04.097
结束时间: 2026-06-02 15:30:19.311
耗时: 15214 ms
----------------------------- 执行明细 -----------------------------
自检任务开始
总时长: 70 s
自检器启动成功
进入阶段: 阶段1 - 下发启动自检指令
指令下发明细: 完成
指令: StartSelfCheck
所属阶段: 阶段1 - 下发启动自检指令
发送时间: 2026-06-02 15:30:18.301
响应时间: -
发送次数: 1/1
发送指令帧: 01 06 00 17 00 A5 F9 B5
响应帧: 超时, 等待RTU响应超时
错误信息: 等待RTU响应超时
处理结果: 失败
============================= SH85SelfCheck 执行记录结束 =============================
[设备记录 16/80 END] QRCode=12016 轮次ID=20260602_153004_097
[设备记录 17/80 BEGIN] QRCode=12017 轮次ID=20260602_153004_097
============================= SH85SelfCheck 执行记录 =============================
任务名称: SH85SelfCheck
模式: 周期自检
轮次ID: 20260602_153004_097
设备: 12017
结果: 失败
结果码: StartCommandFailed
说明: 启动自检指令下发失败: 等待RTU响应超时
开始时间: 2026-06-02 15:30:04.097
结束时间: 2026-06-02 15:30:19.288
耗时: 15191 ms
----------------------------- 执行明细 -----------------------------
自检任务开始
总时长: 70 s
自检器启动成功
进入阶段: 阶段1 - 下发启动自检指令
指令下发明细: 完成
指令: StartSelfCheck
所属阶段: 阶段1 - 下发启动自检指令
发送时间: 2026-06-02 15:30:18.280
响应时间: -
发送次数: 1/1
发送指令帧: 01 06 00 17 00 A5 F9 B5
响应帧: 超时, 等待RTU响应超时
错误信息: 等待RTU响应超时
处理结果: 失败
============================= SH85SelfCheck 执行记录结束 =============================
[设备记录 17/80 END] QRCode=12017 轮次ID=20260602_153004_097
[设备记录 18/80 BEGIN] QRCode=12018 轮次ID=20260602_153004_097
============================= SH85SelfCheck 执行记录 =============================
任务名称: SH85SelfCheck
模式: 周期自检
轮次ID: 20260602_153004_097
设备: 12018
结果: 失败
结果码: StartCommandFailed
说明: 启动自检指令下发失败: 等待RTU响应超时
开始时间: 2026-06-02 15:30:04.097
结束时间: 2026-06-02 15:30:19.312
耗时: 15215 ms
----------------------------- 执行明细 -----------------------------
自检任务开始
总时长: 70 s
自检器启动成功
进入阶段: 阶段1 - 下发启动自检指令
指令下发明细: 完成
指令: StartSelfCheck
所属阶段: 阶段1 - 下发启动自检指令
发送时间: 2026-06-02 15:30:18.301
响应时间: -
发送次数: 1/1
发送指令帧: 01 06 00 17 00 A5 F9 B5
响应帧: 超时, 等待RTU响应超时
错误信息: 等待RTU响应超时
处理结果: 失败
============================= SH85SelfCheck 执行记录结束 =============================
[设备记录 18/80 END] QRCode=12018 轮次ID=20260602_153004_097
[设备记录 19/80 BEGIN] QRCode=12019 轮次ID=20260602_153004_097
============================= SH85SelfCheck 执行记录 =============================
任务名称: SH85SelfCheck
模式: 周期自检
轮次ID: 20260602_153004_097
设备: 12019
结果: 失败
结果码: StartCommandFailed
说明: 启动自检指令下发失败: 等待RTU响应超时
开始时间: 2026-06-02 15:30:04.097
结束时间: 2026-06-02 15:30:19.310
耗时: 15213 ms
----------------------------- 执行明细 -----------------------------
自检任务开始
总时长: 70 s
自检器启动成功
进入阶段: 阶段1 - 下发启动自检指令
指令下发明细: 完成
指令: StartSelfCheck
所属阶段: 阶段1 - 下发启动自检指令
发送时间: 2026-06-02 15:30:18.302
响应时间: -
发送次数: 1/1
发送指令帧: 01 06 00 17 00 A5 F9 B5
响应帧: 超时, 等待RTU响应超时
错误信息: 等待RTU响应超时
处理结果: 失败
============================= SH85SelfCheck 执行记录结束 =============================
[设备记录 19/80 END] QRCode=12019 轮次ID=20260602_153004_097
[设备记录 20/80 BEGIN] QRCode=12020 轮次ID=20260602_153004_097
============================= SH85SelfCheck 执行记录 =============================
任务名称: SH85SelfCheck
模式: 周期自检
轮次ID: 20260602_153004_097
设备: 12020
结果: 失败
结果码: StartCommandFailed
说明: 启动自检指令下发失败: 等待RTU响应超时
开始时间: 2026-06-02 15:30:04.097
结束时间: 2026-06-02 15:30:19.310
耗时: 15213 ms
----------------------------- 执行明细 -----------------------------
自检任务开始
总时长: 70 s
自检器启动成功
进入阶段: 阶段1 - 下发启动自检指令
指令下发明细: 完成
指令: StartSelfCheck
所属阶段: 阶段1 - 下发启动自检指令
发送时间: 2026-06-02 15:30:18.302
响应时间: -
发送次数: 1/1
发送指令帧: 01 06 00 17 00 A5 F9 B5
响应帧: 超时, 等待RTU响应超时
错误信息: 等待RTU响应超时
处理结果: 失败
============================= SH85SelfCheck 执行记录结束 =============================
[设备记录 20/80 END] QRCode=12020 轮次ID=20260602_153004_097
[设备记录 21/80 BEGIN] QRCode=12021 轮次ID=20260602_153004_097
============================= SH85SelfCheck 执行记录 =============================
任务名称: SH85SelfCheck
模式: 周期自检
轮次ID: 20260602_153004_097
设备: 12021
结果: 失败
结果码: StartCommandFailed
说明: 启动自检指令下发失败: 等待RTU响应超时
开始时间: 2026-06-02 15:30:04.097
结束时间: 2026-06-02 15:30:19.311
耗时: 15214 ms
----------------------------- 执行明细 -----------------------------
自检任务开始
总时长: 70 s
自检器启动成功
进入阶段: 阶段1 - 下发启动自检指令
指令下发明细: 完成
指令: StartSelfCheck
所属阶段: 阶段1 - 下发启动自检指令
发送时间: 2026-06-02 15:30:18.301
响应时间: -
发送次数: 1/1
发送指令帧: 01 06 00 17 00 A5 F9 B5
响应帧: 超时, 等待RTU响应超时
错误信息: 等待RTU响应超时
处理结果: 失败
============================= SH85SelfCheck 执行记录结束 =============================
[设备记录 21/80 END] QRCode=12021 轮次ID=20260602_153004_097
[设备记录 22/80 BEGIN] QRCode=12022 轮次ID=20260602_153004_097
============================= SH85SelfCheck 执行记录 =============================
任务名称: SH85SelfCheck
模式: 周期自检
轮次ID: 20260602_153004_097
设备: 12022
结果: 失败
结果码: StartCommandFailed
说明: 启动自检指令下发失败: 等待RTU响应超时
开始时间: 2026-06-02 15:30:04.097
结束时间: 2026-06-02 15:30:19.310
耗时: 15213 ms
----------------------------- 执行明细 -----------------------------
自检任务开始
总时长: 70 s
自检器启动成功
进入阶段: 阶段1 - 下发启动自检指令
指令下发明细: 完成
指令: StartSelfCheck
所属阶段: 阶段1 - 下发启动自检指令
发送时间: 2026-06-02 15:30:18.302
响应时间: -
发送次数: 1/1
发送指令帧: 01 06 00 17 00 A5 F9 B5
响应帧: 超时, 等待RTU响应超时
错误信息: 等待RTU响应超时
处理结果: 失败
============================= SH85SelfCheck 执行记录结束 =============================
[设备记录 22/80 END] QRCode=12022 轮次ID=20260602_153004_097
[设备记录 23/80 BEGIN] QRCode=12023 轮次ID=20260602_153004_097
============================= SH85SelfCheck 执行记录 =============================
任务名称: SH85SelfCheck
模式: 周期自检
轮次ID: 20260602_153004_097
设备: 12023
结果: 失败
结果码: StartCommandFailed
说明: 启动自检指令下发失败: 等待RTU响应超时
开始时间: 2026-06-02 15:30:04.097
结束时间: 2026-06-02 15:30:19.294
耗时: 15197 ms
----------------------------- 执行明细 -----------------------------
自检任务开始
总时长: 70 s
自检器启动成功
进入阶段: 阶段1 - 下发启动自检指令
指令下发明细: 完成
指令: StartSelfCheck
所属阶段: 阶段1 - 下发启动自检指令
发送时间: 2026-06-02 15:30:18.280
响应时间: -
发送次数: 1/1
发送指令帧: 01 06 00 17 00 A5 F9 B5
响应帧: 超时, 等待RTU响应超时
错误信息: 等待RTU响应超时
处理结果: 失败
============================= SH85SelfCheck 执行记录结束 =============================
[设备记录 23/80 END] QRCode=12023 轮次ID=20260602_153004_097
[设备记录 24/80 BEGIN] QRCode=12024 轮次ID=20260602_153004_097
============================= SH85SelfCheck 执行记录 =============================
任务名称: SH85SelfCheck
模式: 周期自检
轮次ID: 20260602_153004_097
设备: 12024
结果: 失败
结果码: StartCommandFailed
说明: 启动自检指令下发失败: 等待RTU响应超时
开始时间: 2026-06-02 15:30:04.097
结束时间: 2026-06-02 15:30:19.324
耗时: 15227 ms
----------------------------- 执行明细 -----------------------------
自检任务开始
总时长: 70 s
自检器启动成功
进入阶段: 阶段1 - 下发启动自检指令
指令下发明细: 完成
指令: StartSelfCheck
所属阶段: 阶段1 - 下发启动自检指令
发送时间: 2026-06-02 15:30:18.308
响应时间: -
发送次数: 1/1
发送指令帧: 01 06 00 17 00 A5 F9 B5
响应帧: 超时, 等待RTU响应超时
错误信息: 等待RTU响应超时
处理结果: 失败
============================= SH85SelfCheck 执行记录结束 =============================
[设备记录 24/80 END] QRCode=12024 轮次ID=20260602_153004_097
[设备记录 25/80 BEGIN] QRCode=12025 轮次ID=20260602_153004_097
============================= SH85SelfCheck 执行记录 =============================
任务名称: SH85SelfCheck
模式: 周期自检
轮次ID: 20260602_153004_097
设备: 12025
结果: 失败
结果码: StartCommandFailed
说明: 启动自检指令下发失败: 等待RTU响应超时
开始时间: 2026-06-02 15:30:04.097
结束时间: 2026-06-02 15:30:19.294
耗时: 15197 ms
----------------------------- 执行明细 -----------------------------
自检任务开始
总时长: 70 s
自检器启动成功
进入阶段: 阶段1 - 下发启动自检指令
指令下发明细: 完成
指令: StartSelfCheck
所属阶段: 阶段1 - 下发启动自检指令
发送时间: 2026-06-02 15:30:18.280
响应时间: -
发送次数: 1/1
发送指令帧: 01 06 00 17 00 A5 F9 B5
响应帧: 超时, 等待RTU响应超时
错误信息: 等待RTU响应超时
处理结果: 失败
============================= SH85SelfCheck 执行记录结束 =============================
[设备记录 25/80 END] QRCode=12025 轮次ID=20260602_153004_097
[设备记录 26/80 BEGIN] QRCode=12026 轮次ID=20260602_153004_097
============================= SH85SelfCheck 执行记录 =============================
任务名称: SH85SelfCheck
模式: 周期自检
轮次ID: 20260602_153004_097
设备: 12026
结果: 失败
结果码: StartCommandFailed
说明: 启动自检指令下发失败: 等待RTU响应超时
开始时间: 2026-06-02 15:30:04.097
结束时间: 2026-06-02 15:30:19.325
耗时: 15228 ms
----------------------------- 执行明细 -----------------------------
自检任务开始
总时长: 70 s
自检器启动成功
进入阶段: 阶段1 - 下发启动自检指令
指令下发明细: 完成
指令: StartSelfCheck
所属阶段: 阶段1 - 下发启动自检指令
发送时间: 2026-06-02 15:30:18.310
响应时间: -
发送次数: 1/1
发送指令帧: 01 06 00 17 00 A5 F9 B5
响应帧: 超时, 等待RTU响应超时
错误信息: 等待RTU响应超时
处理结果: 失败
============================= SH85SelfCheck 执行记录结束 =============================
[设备记录 26/80 END] QRCode=12026 轮次ID=20260602_153004_097
[设备记录 27/80 BEGIN] QRCode=12027 轮次ID=20260602_153004_097
============================= SH85SelfCheck 执行记录 =============================
任务名称: SH85SelfCheck
模式: 周期自检
轮次ID: 20260602_153004_097
设备: 12027
结果: 失败
结果码: StartCommandFailed
说明: 启动自检指令下发失败: 等待RTU响应超时
开始时间: 2026-06-02 15:30:04.097
结束时间: 2026-06-02 15:30:19.292
耗时: 15195 ms
----------------------------- 执行明细 -----------------------------
自检任务开始
总时长: 70 s
自检器启动成功
进入阶段: 阶段1 - 下发启动自检指令
指令下发明细: 完成
指令: StartSelfCheck
所属阶段: 阶段1 - 下发启动自检指令
发送时间: 2026-06-02 15:30:18.280
响应时间: -
发送次数: 1/1
发送指令帧: 01 06 00 17 00 A5 F9 B5
响应帧: 超时, 等待RTU响应超时
错误信息: 等待RTU响应超时
处理结果: 失败
============================= SH85SelfCheck 执行记录结束 =============================
[设备记录 27/80 END] QRCode=12027 轮次ID=20260602_153004_097
[设备记录 28/80 BEGIN] QRCode=12028 轮次ID=20260602_153004_097
============================= SH85SelfCheck 执行记录 =============================
任务名称: SH85SelfCheck
模式: 周期自检
轮次ID: 20260602_153004_097
设备: 12028
结果: 失败
结果码: StartCommandFailed
说明: 启动自检指令下发失败: 等待RTU响应超时
开始时间: 2026-06-02 15:30:04.097
结束时间: 2026-06-02 15:30:19.295
耗时: 15198 ms
----------------------------- 执行明细 -----------------------------
自检任务开始
总时长: 70 s
自检器启动成功
进入阶段: 阶段1 - 下发启动自检指令
指令下发明细: 完成
指令: StartSelfCheck
所属阶段: 阶段1 - 下发启动自检指令
发送时间: 2026-06-02 15:30:18.280
响应时间: -
发送次数: 1/1
发送指令帧: 01 06 00 17 00 A5 F9 B5
响应帧: 超时, 等待RTU响应超时
错误信息: 等待RTU响应超时
处理结果: 失败
============================= SH85SelfCheck 执行记录结束 =============================
[设备记录 28/80 END] QRCode=12028 轮次ID=20260602_153004_097
[设备记录 29/80 BEGIN] QRCode=12029 轮次ID=20260602_153004_097
============================= SH85SelfCheck 执行记录 =============================
任务名称: SH85SelfCheck
模式: 周期自检
轮次ID: 20260602_153004_097
设备: 12029
结果: 失败
结果码: StartCommandFailed
说明: 启动自检指令下发失败: 等待RTU响应超时
开始时间: 2026-06-02 15:30:04.097
结束时间: 2026-06-02 15:30:19.295
耗时: 15198 ms
----------------------------- 执行明细 -----------------------------
自检任务开始
总时长: 70 s
自检器启动成功
进入阶段: 阶段1 - 下发启动自检指令
指令下发明细: 完成
指令: StartSelfCheck
所属阶段: 阶段1 - 下发启动自检指令
发送时间: 2026-06-02 15:30:18.280
响应时间: -
发送次数: 1/1
发送指令帧: 01 06 00 17 00 A5 F9 B5
响应帧: 超时, 等待RTU响应超时
错误信息: 等待RTU响应超时
处理结果: 失败
============================= SH85SelfCheck 执行记录结束 =============================
[设备记录 29/80 END] QRCode=12029 轮次ID=20260602_153004_097
[设备记录 30/80 BEGIN] QRCode=12030 轮次ID=20260602_153004_097
============================= SH85SelfCheck 执行记录 =============================
任务名称: SH85SelfCheck
模式: 周期自检
轮次ID: 20260602_153004_097
设备: 12030
结果: 失败
结果码: StartCommandFailed
说明: 启动自检指令下发失败: 等待RTU响应超时
开始时间: 2026-06-02 15:30:04.097
结束时间: 2026-06-02 15:30:19.325
耗时: 15228 ms
----------------------------- 执行明细 -----------------------------
自检任务开始
总时长: 70 s
自检器启动成功
进入阶段: 阶段1 - 下发启动自检指令
指令下发明细: 完成
指令: StartSelfCheck
所属阶段: 阶段1 - 下发启动自检指令
发送时间: 2026-06-02 15:30:18.310
响应时间: -
发送次数: 1/1
发送指令帧: 01 06 00 17 00 A5 F9 B5
响应帧: 超时, 等待RTU响应超时
错误信息: 等待RTU响应超时
处理结果: 失败
============================= SH85SelfCheck 执行记录结束 =============================
[设备记录 30/80 END] QRCode=12030 轮次ID=20260602_153004_097
[设备记录 31/80 BEGIN] QRCode=12031 轮次ID=20260602_153004_097
============================= SH85SelfCheck 执行记录 =============================
任务名称: SH85SelfCheck
模式: 周期自检
轮次ID: 20260602_153004_097
设备: 12031
结果: 失败
结果码: StartCommandFailed
说明: 启动自检指令下发失败: 等待RTU响应超时
开始时间: 2026-06-02 15:30:04.097
结束时间: 2026-06-02 15:30:19.325
耗时: 15228 ms
----------------------------- 执行明细 -----------------------------
自检任务开始
总时长: 70 s
自检器启动成功
进入阶段: 阶段1 - 下发启动自检指令
指令下发明细: 完成
指令: StartSelfCheck
所属阶段: 阶段1 - 下发启动自检指令
发送时间: 2026-06-02 15:30:18.310
响应时间: -
发送次数: 1/1
发送指令帧: 01 06 00 17 00 A5 F9 B5
响应帧: 超时, 等待RTU响应超时
错误信息: 等待RTU响应超时
处理结果: 失败
============================= SH85SelfCheck 执行记录结束 =============================
[设备记录 31/80 END] QRCode=12031 轮次ID=20260602_153004_097
[设备记录 32/80 BEGIN] QRCode=12032 轮次ID=20260602_153004_097
============================= SH85SelfCheck 执行记录 =============================
任务名称: SH85SelfCheck
模式: 周期自检
轮次ID: 20260602_153004_097
设备: 12032
结果: 失败
结果码: StartCommandFailed
说明: 启动自检指令下发失败: 等待RTU响应超时
开始时间: 2026-06-02 15:30:04.097
结束时间: 2026-06-02 15:30:19.290
耗时: 15193 ms
----------------------------- 执行明细 -----------------------------
自检任务开始
总时长: 70 s
自检器启动成功
进入阶段: 阶段1 - 下发启动自检指令
指令下发明细: 完成
指令: StartSelfCheck
所属阶段: 阶段1 - 下发启动自检指令
发送时间: 2026-06-02 15:30:18.280
响应时间: -
发送次数: 1/1
发送指令帧: 01 06 00 17 00 A5 F9 B5
响应帧: 超时, 等待RTU响应超时
错误信息: 等待RTU响应超时
处理结果: 失败
============================= SH85SelfCheck 执行记录结束 =============================
[设备记录 32/80 END] QRCode=12032 轮次ID=20260602_153004_097
[设备记录 33/80 BEGIN] QRCode=12033 轮次ID=20260602_153004_097
============================= SH85SelfCheck 执行记录 =============================
任务名称: SH85SelfCheck
模式: 周期自检
轮次ID: 20260602_153004_097
设备: 12033
结果: 失败
结果码: StartCommandFailed
说明: 启动自检指令下发失败: 等待RTU响应超时
开始时间: 2026-06-02 15:30:04.097
结束时间: 2026-06-02 15:30:19.294
耗时: 15197 ms
----------------------------- 执行明细 -----------------------------
自检任务开始
总时长: 70 s
自检器启动成功
进入阶段: 阶段1 - 下发启动自检指令
指令下发明细: 完成
指令: StartSelfCheck
所属阶段: 阶段1 - 下发启动自检指令
发送时间: 2026-06-02 15:30:18.280
响应时间: -
发送次数: 1/1
发送指令帧: 01 06 00 17 00 A5 F9 B5
响应帧: 超时, 等待RTU响应超时
错误信息: 等待RTU响应超时
处理结果: 失败
============================= SH85SelfCheck 执行记录结束 =============================
[设备记录 33/80 END] QRCode=12033 轮次ID=20260602_153004_097
[设备记录 34/80 BEGIN] QRCode=12034 轮次ID=20260602_153004_097
============================= SH85SelfCheck 执行记录 =============================
任务名称: SH85SelfCheck
模式: 周期自检
轮次ID: 20260602_153004_097
设备: 12034
结果: 失败
结果码: StartCommandFailed
说明: 启动自检指令下发失败: 等待RTU响应超时
开始时间: 2026-06-02 15:30:04.097
结束时间: 2026-06-02 15:30:19.287
耗时: 15190 ms
----------------------------- 执行明细 -----------------------------
自检任务开始
总时长: 70 s
自检器启动成功
进入阶段: 阶段1 - 下发启动自检指令
指令下发明细: 完成
指令: StartSelfCheck
所属阶段: 阶段1 - 下发启动自检指令
发送时间: 2026-06-02 15:30:18.280
响应时间: -
发送次数: 1/1
发送指令帧: 01 06 00 17 00 A5 F9 B5
响应帧: 超时, 等待RTU响应超时
错误信息: 等待RTU响应超时
处理结果: 失败
============================= SH85SelfCheck 执行记录结束 =============================
[设备记录 34/80 END] QRCode=12034 轮次ID=20260602_153004_097
[设备记录 35/80 BEGIN] QRCode=12035 轮次ID=20260602_153004_097
============================= SH85SelfCheck 执行记录 =============================
任务名称: SH85SelfCheck
模式: 周期自检
轮次ID: 20260602_153004_097
设备: 12035
结果: 失败
结果码: StartCommandFailed
说明: 启动自检指令下发失败: 等待RTU响应超时
开始时间: 2026-06-02 15:30:04.097
结束时间: 2026-06-02 15:30:19.295
耗时: 15198 ms
----------------------------- 执行明细 -----------------------------
自检任务开始
总时长: 70 s
自检器启动成功
进入阶段: 阶段1 - 下发启动自检指令
指令下发明细: 完成
指令: StartSelfCheck
所属阶段: 阶段1 - 下发启动自检指令
发送时间: 2026-06-02 15:30:18.280
响应时间: -
发送次数: 1/1
发送指令帧: 01 06 00 17 00 A5 F9 B5
响应帧: 超时, 等待RTU响应超时
错误信息: 等待RTU响应超时
处理结果: 失败
============================= SH85SelfCheck 执行记录结束 =============================
[设备记录 35/80 END] QRCode=12035 轮次ID=20260602_153004_097
[设备记录 36/80 BEGIN] QRCode=12036 轮次ID=20260602_153004_097
============================= SH85SelfCheck 执行记录 =============================
任务名称: SH85SelfCheck
模式: 周期自检
轮次ID: 20260602_153004_097
设备: 12036
结果: 失败
结果码: StartCommandFailed
说明: 启动自检指令下发失败: 等待RTU响应超时
开始时间: 2026-06-02 15:30:04.097
结束时间: 2026-06-02 15:30:19.295
耗时: 15198 ms
----------------------------- 执行明细 -----------------------------
自检任务开始
总时长: 70 s
自检器启动成功
进入阶段: 阶段1 - 下发启动自检指令
指令下发明细: 完成
指令: StartSelfCheck
所属阶段: 阶段1 - 下发启动自检指令
发送时间: 2026-06-02 15:30:18.280
响应时间: -
发送次数: 1/1
发送指令帧: 01 06 00 17 00 A5 F9 B5
响应帧: 超时, 等待RTU响应超时
错误信息: 等待RTU响应超时
处理结果: 失败
============================= SH85SelfCheck 执行记录结束 =============================
[设备记录 36/80 END] QRCode=12036 轮次ID=20260602_153004_097
[设备记录 37/80 BEGIN] QRCode=12037 轮次ID=20260602_153004_097
============================= SH85SelfCheck 执行记录 =============================
任务名称: SH85SelfCheck
模式: 周期自检
轮次ID: 20260602_153004_097
设备: 12037
结果: 失败
结果码: StartCommandFailed
说明: 启动自检指令下发失败: 等待RTU响应超时
开始时间: 2026-06-02 15:30:04.097
结束时间: 2026-06-02 15:30:19.294
耗时: 15197 ms
----------------------------- 执行明细 -----------------------------
自检任务开始
总时长: 70 s
自检器启动成功
进入阶段: 阶段1 - 下发启动自检指令
指令下发明细: 完成
指令: StartSelfCheck
所属阶段: 阶段1 - 下发启动自检指令
发送时间: 2026-06-02 15:30:18.280
响应时间: -
发送次数: 1/1
发送指令帧: 01 06 00 17 00 A5 F9 B5
响应帧: 超时, 等待RTU响应超时
错误信息: 等待RTU响应超时
处理结果: 失败
============================= SH85SelfCheck 执行记录结束 =============================
[设备记录 37/80 END] QRCode=12037 轮次ID=20260602_153004_097
[设备记录 38/80 BEGIN] QRCode=12038 轮次ID=20260602_153004_097
============================= SH85SelfCheck 执行记录 =============================
任务名称: SH85SelfCheck
模式: 周期自检
轮次ID: 20260602_153004_097
设备: 12038
结果: 失败
结果码: StartCommandFailed
说明: 启动自检指令下发失败: 等待RTU响应超时
开始时间: 2026-06-02 15:30:04.097
结束时间: 2026-06-02 15:30:19.294
耗时: 15197 ms
----------------------------- 执行明细 -----------------------------
自检任务开始
总时长: 70 s
自检器启动成功
进入阶段: 阶段1 - 下发启动自检指令
指令下发明细: 完成
指令: StartSelfCheck
所属阶段: 阶段1 - 下发启动自检指令
发送时间: 2026-06-02 15:30:18.280
响应时间: -
发送次数: 1/1
发送指令帧: 01 06 00 17 00 A5 F9 B5
响应帧: 超时, 等待RTU响应超时
错误信息: 等待RTU响应超时
处理结果: 失败
============================= SH85SelfCheck 执行记录结束 =============================
[设备记录 38/80 END] QRCode=12038 轮次ID=20260602_153004_097
[设备记录 39/80 BEGIN] QRCode=12039 轮次ID=20260602_153004_097
============================= SH85SelfCheck 执行记录 =============================
任务名称: SH85SelfCheck
模式: 周期自检
轮次ID: 20260602_153004_097
设备: 12039
结果: 失败
结果码: StartCommandFailed
说明: 启动自检指令下发失败: 等待RTU响应超时
开始时间: 2026-06-02 15:30:04.097
结束时间: 2026-06-02 15:30:19.310
耗时: 15213 ms
----------------------------- 执行明细 -----------------------------
自检任务开始
总时长: 70 s
自检器启动成功
进入阶段: 阶段1 - 下发启动自检指令
指令下发明细: 完成
指令: StartSelfCheck
所属阶段: 阶段1 - 下发启动自检指令
发送时间: 2026-06-02 15:30:18.302
响应时间: -
发送次数: 1/1
发送指令帧: 01 06 00 17 00 A5 F9 B5
响应帧: 超时, 等待RTU响应超时
错误信息: 等待RTU响应超时
处理结果: 失败
============================= SH85SelfCheck 执行记录结束 =============================
[设备记录 39/80 END] QRCode=12039 轮次ID=20260602_153004_097
[设备记录 40/80 BEGIN] QRCode=12040 轮次ID=20260602_153004_097
============================= SH85SelfCheck 执行记录 =============================
任务名称: SH85SelfCheck
模式: 周期自检
轮次ID: 20260602_153004_097
设备: 12040
结果: 失败
结果码: StartCommandFailed
说明: 启动自检指令下发失败: 等待RTU响应超时
开始时间: 2026-06-02 15:30:04.097
结束时间: 2026-06-02 15:30:19.294
耗时: 15197 ms
----------------------------- 执行明细 -----------------------------
自检任务开始
总时长: 70 s
自检器启动成功
进入阶段: 阶段1 - 下发启动自检指令
指令下发明细: 完成
指令: StartSelfCheck
所属阶段: 阶段1 - 下发启动自检指令
发送时间: 2026-06-02 15:30:18.280
响应时间: -
发送次数: 1/1
发送指令帧: 01 06 00 17 00 A5 F9 B5
响应帧: 超时, 等待RTU响应超时
错误信息: 等待RTU响应超时
处理结果: 失败
============================= SH85SelfCheck 执行记录结束 =============================
[设备记录 40/80 END] QRCode=12040 轮次ID=20260602_153004_097
[设备记录 41/80 BEGIN] QRCode=12041 轮次ID=20260602_153004_097
============================= SH85SelfCheck 执行记录 =============================
任务名称: SH85SelfCheck
模式: 周期自检
轮次ID: 20260602_153004_097
设备: 12041
结果: 失败
结果码: StartCommandFailed
说明: 启动自检指令下发失败: 等待RTU响应超时
开始时间: 2026-06-02 15:30:04.097
结束时间: 2026-06-02 15:30:19.292
耗时: 15195 ms
----------------------------- 执行明细 -----------------------------
自检任务开始
总时长: 70 s
自检器启动成功
进入阶段: 阶段1 - 下发启动自检指令
指令下发明细: 完成
指令: StartSelfCheck
所属阶段: 阶段1 - 下发启动自检指令
发送时间: 2026-06-02 15:30:18.280
响应时间: -
发送次数: 1/1
发送指令帧: 01 06 00 17 00 A5 F9 B5
响应帧: 超时, 等待RTU响应超时
错误信息: 等待RTU响应超时
处理结果: 失败
============================= SH85SelfCheck 执行记录结束 =============================
[设备记录 41/80 END] QRCode=12041 轮次ID=20260602_153004_097
[设备记录 42/80 BEGIN] QRCode=12042 轮次ID=20260602_153004_097
============================= SH85SelfCheck 执行记录 =============================
任务名称: SH85SelfCheck
模式: 周期自检
轮次ID: 20260602_153004_097
设备: 12042
结果: 失败
结果码: StartCommandFailed
说明: 启动自检指令下发失败: 等待RTU响应超时
开始时间: 2026-06-02 15:30:04.097
结束时间: 2026-06-02 15:30:19.290
耗时: 15193 ms
----------------------------- 执行明细 -----------------------------
自检任务开始
总时长: 70 s
自检器启动成功
进入阶段: 阶段1 - 下发启动自检指令
指令下发明细: 完成
指令: StartSelfCheck
所属阶段: 阶段1 - 下发启动自检指令
发送时间: 2026-06-02 15:30:18.280
响应时间: -
发送次数: 1/1
发送指令帧: 01 06 00 17 00 A5 F9 B5
响应帧: 超时, 等待RTU响应超时
错误信息: 等待RTU响应超时
处理结果: 失败
============================= SH85SelfCheck 执行记录结束 =============================
[设备记录 42/80 END] QRCode=12042 轮次ID=20260602_153004_097
[设备记录 43/80 BEGIN] QRCode=12043 轮次ID=20260602_153004_097
============================= SH85SelfCheck 执行记录 =============================
任务名称: SH85SelfCheck
模式: 周期自检
轮次ID: 20260602_153004_097
设备: 12043
结果: 失败
结果码: StartCommandFailed
说明: 启动自检指令下发失败: 等待RTU响应超时
开始时间: 2026-06-02 15:30:04.097
结束时间: 2026-06-02 15:30:19.294
耗时: 15197 ms
----------------------------- 执行明细 -----------------------------
自检任务开始
总时长: 70 s
自检器启动成功
进入阶段: 阶段1 - 下发启动自检指令
指令下发明细: 完成
指令: StartSelfCheck
所属阶段: 阶段1 - 下发启动自检指令
发送时间: 2026-06-02 15:30:18.280
响应时间: -
发送次数: 1/1
发送指令帧: 01 06 00 17 00 A5 F9 B5
响应帧: 超时, 等待RTU响应超时
错误信息: 等待RTU响应超时
处理结果: 失败
============================= SH85SelfCheck 执行记录结束 =============================
[设备记录 43/80 END] QRCode=12043 轮次ID=20260602_153004_097
[设备记录 44/80 BEGIN] QRCode=12044 轮次ID=20260602_153004_097
============================= SH85SelfCheck 执行记录 =============================
任务名称: SH85SelfCheck
模式: 周期自检
轮次ID: 20260602_153004_097
设备: 12044
结果: 失败
结果码: StartCommandFailed
说明: 启动自检指令下发失败: 等待RTU响应超时
开始时间: 2026-06-02 15:30:04.097
结束时间: 2026-06-02 15:30:19.288
耗时: 15191 ms
----------------------------- 执行明细 -----------------------------
自检任务开始
总时长: 70 s
自检器启动成功
进入阶段: 阶段1 - 下发启动自检指令
指令下发明细: 完成
指令: StartSelfCheck
所属阶段: 阶段1 - 下发启动自检指令
发送时间: 2026-06-02 15:30:18.280
响应时间: -
发送次数: 1/1
发送指令帧: 01 06 00 17 00 A5 F9 B5
响应帧: 超时, 等待RTU响应超时
错误信息: 等待RTU响应超时
处理结果: 失败
============================= SH85SelfCheck 执行记录结束 =============================
[设备记录 44/80 END] QRCode=12044 轮次ID=20260602_153004_097
[设备记录 45/80 BEGIN] QRCode=12045 轮次ID=20260602_153004_097
============================= SH85SelfCheck 执行记录 =============================
任务名称: SH85SelfCheck
模式: 周期自检
轮次ID: 20260602_153004_097
设备: 12045
结果: 失败
结果码: StartCommandFailed
说明: 启动自检指令下发失败: 等待RTU响应超时
开始时间: 2026-06-02 15:30:04.097
结束时间: 2026-06-02 15:30:19.316
耗时: 15219 ms
----------------------------- 执行明细 -----------------------------
自检任务开始
总时长: 70 s
自检器启动成功
进入阶段: 阶段1 - 下发启动自检指令
指令下发明细: 完成
指令: StartSelfCheck
所属阶段: 阶段1 - 下发启动自检指令
发送时间: 2026-06-02 15:30:18.292
响应时间: -
发送次数: 1/1
发送指令帧: 01 06 00 17 00 A5 F9 B5
响应帧: 超时, 等待RTU响应超时
错误信息: 等待RTU响应超时
处理结果: 失败
============================= SH85SelfCheck 执行记录结束 =============================
[设备记录 45/80 END] QRCode=12045 轮次ID=20260602_153004_097
[设备记录 46/80 BEGIN] QRCode=12046 轮次ID=20260602_153004_097
============================= SH85SelfCheck 执行记录 =============================
任务名称: SH85SelfCheck
模式: 周期自检
轮次ID: 20260602_153004_097
设备: 12046
结果: 失败
结果码: StartCommandFailed
说明: 启动自检指令下发失败: 等待RTU响应超时
开始时间: 2026-06-02 15:30:04.097
结束时间: 2026-06-02 15:30:19.295
耗时: 15198 ms
----------------------------- 执行明细 -----------------------------
自检任务开始
总时长: 70 s
自检器启动成功
进入阶段: 阶段1 - 下发启动自检指令
指令下发明细: 完成
指令: StartSelfCheck
所属阶段: 阶段1 - 下发启动自检指令
发送时间: 2026-06-02 15:30:18.280
响应时间: -
发送次数: 1/1
发送指令帧: 01 06 00 17 00 A5 F9 B5
响应帧: 超时, 等待RTU响应超时
错误信息: 等待RTU响应超时
处理结果: 失败
============================= SH85SelfCheck 执行记录结束 =============================
[设备记录 46/80 END] QRCode=12046 轮次ID=20260602_153004_097
[设备记录 47/80 BEGIN] QRCode=12047 轮次ID=20260602_153004_097
============================= SH85SelfCheck 执行记录 =============================
任务名称: SH85SelfCheck
模式: 周期自检
轮次ID: 20260602_153004_097
设备: 12047
结果: 失败
结果码: StartCommandFailed
说明: 启动自检指令下发失败: 等待RTU响应超时
开始时间: 2026-06-02 15:30:04.097
结束时间: 2026-06-02 15:30:19.315
耗时: 15218 ms
----------------------------- 执行明细 -----------------------------
自检任务开始
总时长: 70 s
自检器启动成功
进入阶段: 阶段1 - 下发启动自检指令
指令下发明细: 完成
指令: StartSelfCheck
所属阶段: 阶段1 - 下发启动自检指令
发送时间: 2026-06-02 15:30:18.293
响应时间: -
发送次数: 1/1
发送指令帧: 01 06 00 17 00 A5 F9 B5
响应帧: 超时, 等待RTU响应超时
错误信息: 等待RTU响应超时
处理结果: 失败
============================= SH85SelfCheck 执行记录结束 =============================
[设备记录 47/80 END] QRCode=12047 轮次ID=20260602_153004_097
[设备记录 48/80 BEGIN] QRCode=12048 轮次ID=20260602_153004_097
============================= SH85SelfCheck 执行记录 =============================
任务名称: SH85SelfCheck
模式: 周期自检
轮次ID: 20260602_153004_097
设备: 12048
结果: 失败
结果码: StartCommandFailed
说明: 启动自检指令下发失败: 等待RTU响应超时
开始时间: 2026-06-02 15:30:04.097
结束时间: 2026-06-02 15:30:19.288
耗时: 15191 ms
----------------------------- 执行明细 -----------------------------
自检任务开始
总时长: 70 s
自检器启动成功
进入阶段: 阶段1 - 下发启动自检指令
指令下发明细: 完成
指令: StartSelfCheck
所属阶段: 阶段1 - 下发启动自检指令
发送时间: 2026-06-02 15:30:18.280
响应时间: -
发送次数: 1/1
发送指令帧: 01 06 00 17 00 A5 F9 B5
响应帧: 超时, 等待RTU响应超时
错误信息: 等待RTU响应超时
处理结果: 失败
============================= SH85SelfCheck 执行记录结束 =============================
[设备记录 48/80 END] QRCode=12048 轮次ID=20260602_153004_097
[设备记录 49/80 BEGIN] QRCode=12049 轮次ID=20260602_153004_097
============================= SH85SelfCheck 执行记录 =============================
任务名称: SH85SelfCheck
模式: 周期自检
轮次ID: 20260602_153004_097
设备: 12049
结果: 失败
结果码: StartCommandFailed
说明: 启动自检指令下发失败: 等待RTU响应超时
开始时间: 2026-06-02 15:30:04.097
结束时间: 2026-06-02 15:30:19.315
耗时: 15218 ms
----------------------------- 执行明细 -----------------------------
自检任务开始
总时长: 70 s
自检器启动成功
进入阶段: 阶段1 - 下发启动自检指令
指令下发明细: 完成
指令: StartSelfCheck
所属阶段: 阶段1 - 下发启动自检指令
发送时间: 2026-06-02 15:30:18.293
响应时间: -
发送次数: 1/1
发送指令帧: 01 06 00 17 00 A5 F9 B5
响应帧: 超时, 等待RTU响应超时
错误信息: 等待RTU响应超时
处理结果: 失败
============================= SH85SelfCheck 执行记录结束 =============================
[设备记录 49/80 END] QRCode=12049 轮次ID=20260602_153004_097
[设备记录 50/80 BEGIN] QRCode=12050 轮次ID=20260602_153004_097
============================= SH85SelfCheck 执行记录 =============================
任务名称: SH85SelfCheck
模式: 周期自检
轮次ID: 20260602_153004_097
设备: 12050
结果: 失败
结果码: StartCommandFailed
说明: 启动自检指令下发失败: 等待RTU响应超时
开始时间: 2026-06-02 15:30:04.097
结束时间: 2026-06-02 15:30:19.318
耗时: 15221 ms
----------------------------- 执行明细 -----------------------------
自检任务开始
总时长: 70 s
自检器启动成功
进入阶段: 阶段1 - 下发启动自检指令
指令下发明细: 完成
指令: StartSelfCheck
所属阶段: 阶段1 - 下发启动自检指令
发送时间: 2026-06-02 15:30:18.292
响应时间: -
发送次数: 1/1
发送指令帧: 01 06 00 17 00 A5 F9 B5
响应帧: 超时, 等待RTU响应超时
错误信息: 等待RTU响应超时
处理结果: 失败
============================= SH85SelfCheck 执行记录结束 =============================
[设备记录 50/80 END] QRCode=12050 轮次ID=20260602_153004_097
[设备记录 51/80 BEGIN] QRCode=12051 轮次ID=20260602_153004_097
============================= SH85SelfCheck 执行记录 =============================
任务名称: SH85SelfCheck
模式: 周期自检
轮次ID: 20260602_153004_097
设备: 12051
结果: 失败
结果码: StartCommandFailed
说明: 启动自检指令下发失败: 等待RTU响应超时
开始时间: 2026-06-02 15:30:04.097
结束时间: 2026-06-02 15:30:19.318
耗时: 15221 ms
----------------------------- 执行明细 -----------------------------
自检任务开始
总时长: 70 s
自检器启动成功
进入阶段: 阶段1 - 下发启动自检指令
指令下发明细: 完成
指令: StartSelfCheck
所属阶段: 阶段1 - 下发启动自检指令
发送时间: 2026-06-02 15:30:18.292
响应时间: -
发送次数: 1/1
发送指令帧: 01 06 00 17 00 A5 F9 B5
响应帧: 超时, 等待RTU响应超时
错误信息: 等待RTU响应超时
处理结果: 失败
============================= SH85SelfCheck 执行记录结束 =============================
[设备记录 51/80 END] QRCode=12051 轮次ID=20260602_153004_097
[设备记录 52/80 BEGIN] QRCode=12052 轮次ID=20260602_153004_097
============================= SH85SelfCheck 执行记录 =============================
任务名称: SH85SelfCheck
模式: 周期自检
轮次ID: 20260602_153004_097
设备: 12052
结果: 失败
结果码: StartCommandFailed
说明: 启动自检指令下发失败: 等待RTU响应超时
开始时间: 2026-06-02 15:30:04.097
结束时间: 2026-06-02 15:30:19.288
耗时: 15191 ms
----------------------------- 执行明细 -----------------------------
自检任务开始
总时长: 70 s
自检器启动成功
进入阶段: 阶段1 - 下发启动自检指令
指令下发明细: 完成
指令: StartSelfCheck
所属阶段: 阶段1 - 下发启动自检指令
发送时间: 2026-06-02 15:30:18.280
响应时间: -
发送次数: 1/1
发送指令帧: 01 06 00 17 00 A5 F9 B5
响应帧: 超时, 等待RTU响应超时
错误信息: 等待RTU响应超时
处理结果: 失败
============================= SH85SelfCheck 执行记录结束 =============================
[设备记录 52/80 END] QRCode=12052 轮次ID=20260602_153004_097
[设备记录 53/80 BEGIN] QRCode=12053 轮次ID=20260602_153004_097
============================= SH85SelfCheck 执行记录 =============================
任务名称: SH85SelfCheck
模式: 周期自检
轮次ID: 20260602_153004_097
设备: 12053
结果: 失败
结果码: StartCommandFailed
说明: 启动自检指令下发失败: 等待RTU响应超时
开始时间: 2026-06-02 15:30:04.097
结束时间: 2026-06-02 15:30:19.315
耗时: 15218 ms
----------------------------- 执行明细 -----------------------------
自检任务开始
总时长: 70 s
自检器启动成功
进入阶段: 阶段1 - 下发启动自检指令
指令下发明细: 完成
指令: StartSelfCheck
所属阶段: 阶段1 - 下发启动自检指令
发送时间: 2026-06-02 15:30:18.293
响应时间: -
发送次数: 1/1
发送指令帧: 01 06 00 17 00 A5 F9 B5
响应帧: 超时, 等待RTU响应超时
错误信息: 等待RTU响应超时
处理结果: 失败
============================= SH85SelfCheck 执行记录结束 =============================
[设备记录 53/80 END] QRCode=12053 轮次ID=20260602_153004_097
[设备记录 54/80 BEGIN] QRCode=12054 轮次ID=20260602_153004_097
============================= SH85SelfCheck 执行记录 =============================
任务名称: SH85SelfCheck
模式: 周期自检
轮次ID: 20260602_153004_097
设备: 12054
结果: 失败
结果码: StartCommandFailed
说明: 启动自检指令下发失败: 等待RTU响应超时
开始时间: 2026-06-02 15:30:04.097
结束时间: 2026-06-02 15:30:19.315
耗时: 15218 ms
----------------------------- 执行明细 -----------------------------
自检任务开始
总时长: 70 s
自检器启动成功
进入阶段: 阶段1 - 下发启动自检指令
指令下发明细: 完成
指令: StartSelfCheck
所属阶段: 阶段1 - 下发启动自检指令
发送时间: 2026-06-02 15:30:18.293
响应时间: -
发送次数: 1/1
发送指令帧: 01 06 00 17 00 A5 F9 B5
响应帧: 超时, 等待RTU响应超时
错误信息: 等待RTU响应超时
处理结果: 失败
============================= SH85SelfCheck 执行记录结束 =============================
[设备记录 54/80 END] QRCode=12054 轮次ID=20260602_153004_097
[设备记录 55/80 BEGIN] QRCode=12055 轮次ID=20260602_153004_097
============================= SH85SelfCheck 执行记录 =============================
任务名称: SH85SelfCheck
模式: 周期自检
轮次ID: 20260602_153004_097
设备: 12055
结果: 失败
结果码: StartCommandFailed
说明: 启动自检指令下发失败: 等待RTU响应超时
开始时间: 2026-06-02 15:30:04.097
结束时间: 2026-06-02 15:30:19.311
耗时: 15214 ms
----------------------------- 执行明细 -----------------------------
自检任务开始
总时长: 70 s
自检器启动成功
进入阶段: 阶段1 - 下发启动自检指令
指令下发明细: 完成
指令: StartSelfCheck
所属阶段: 阶段1 - 下发启动自检指令
发送时间: 2026-06-02 15:30:18.301
响应时间: -
发送次数: 1/1
发送指令帧: 01 06 00 17 00 A5 F9 B5
响应帧: 超时, 等待RTU响应超时
错误信息: 等待RTU响应超时
处理结果: 失败
============================= SH85SelfCheck 执行记录结束 =============================
[设备记录 55/80 END] QRCode=12055 轮次ID=20260602_153004_097
[设备记录 56/80 BEGIN] QRCode=12056 轮次ID=20260602_153004_097
============================= SH85SelfCheck 执行记录 =============================
任务名称: SH85SelfCheck
模式: 周期自检
轮次ID: 20260602_153004_097
设备: 12056
结果: 失败
结果码: StartCommandFailed
说明: 启动自检指令下发失败: 等待RTU响应超时
开始时间: 2026-06-02 15:30:04.097
结束时间: 2026-06-02 15:30:19.309
耗时: 15212 ms
----------------------------- 执行明细 -----------------------------
自检任务开始
总时长: 70 s
自检器启动成功
进入阶段: 阶段1 - 下发启动自检指令
指令下发明细: 完成
指令: StartSelfCheck
所属阶段: 阶段1 - 下发启动自检指令
发送时间: 2026-06-02 15:30:18.302
响应时间: -
发送次数: 1/1
发送指令帧: 01 06 00 17 00 A5 F9 B5
响应帧: 超时, 等待RTU响应超时
错误信息: 等待RTU响应超时
处理结果: 失败
============================= SH85SelfCheck 执行记录结束 =============================
[设备记录 56/80 END] QRCode=12056 轮次ID=20260602_153004_097
[设备记录 57/80 BEGIN] QRCode=12057 轮次ID=20260602_153004_097
============================= SH85SelfCheck 执行记录 =============================
任务名称: SH85SelfCheck
模式: 周期自检
轮次ID: 20260602_153004_097
设备: 12057
结果: 失败
结果码: StartCommandFailed
说明: 启动自检指令下发失败: 等待RTU响应超时
开始时间: 2026-06-02 15:30:04.097
结束时间: 2026-06-02 15:30:19.318
耗时: 15221 ms
----------------------------- 执行明细 -----------------------------
自检任务开始
总时长: 70 s
自检器启动成功
进入阶段: 阶段1 - 下发启动自检指令
指令下发明细: 完成
指令: StartSelfCheck
所属阶段: 阶段1 - 下发启动自检指令
发送时间: 2026-06-02 15:30:18.293
响应时间: -
发送次数: 1/1
发送指令帧: 01 06 00 17 00 A5 F9 B5
响应帧: 超时, 等待RTU响应超时
错误信息: 等待RTU响应超时
处理结果: 失败
============================= SH85SelfCheck 执行记录结束 =============================
[设备记录 57/80 END] QRCode=12057 轮次ID=20260602_153004_097
[设备记录 58/80 BEGIN] QRCode=12058 轮次ID=20260602_153004_097
============================= SH85SelfCheck 执行记录 =============================
任务名称: SH85SelfCheck
模式: 周期自检
轮次ID: 20260602_153004_097
设备: 12058
结果: 失败
结果码: StartCommandFailed
说明: 启动自检指令下发失败: 等待RTU响应超时
开始时间: 2026-06-02 15:30:04.097
结束时间: 2026-06-02 15:30:19.312
耗时: 15215 ms
----------------------------- 执行明细 -----------------------------
自检任务开始
总时长: 70 s
自检器启动成功
进入阶段: 阶段1 - 下发启动自检指令
指令下发明细: 完成
指令: StartSelfCheck
所属阶段: 阶段1 - 下发启动自检指令
发送时间: 2026-06-02 15:30:18.301
响应时间: -
发送次数: 1/1
发送指令帧: 01 06 00 17 00 A5 F9 B5
响应帧: 超时, 等待RTU响应超时
错误信息: 等待RTU响应超时
处理结果: 失败
============================= SH85SelfCheck 执行记录结束 =============================
[设备记录 58/80 END] QRCode=12058 轮次ID=20260602_153004_097
[设备记录 59/80 BEGIN] QRCode=12059 轮次ID=20260602_153004_097
============================= SH85SelfCheck 执行记录 =============================
任务名称: SH85SelfCheck
模式: 周期自检
轮次ID: 20260602_153004_097
设备: 12059
结果: 失败
结果码: StartCommandFailed
说明: 启动自检指令下发失败: 等待RTU响应超时
开始时间: 2026-06-02 15:30:04.097
结束时间: 2026-06-02 15:30:19.316
耗时: 15219 ms
----------------------------- 执行明细 -----------------------------
自检任务开始
总时长: 70 s
自检器启动成功
进入阶段: 阶段1 - 下发启动自检指令
指令下发明细: 完成
指令: StartSelfCheck
所属阶段: 阶段1 - 下发启动自检指令
发送时间: 2026-06-02 15:30:18.292
响应时间: -
发送次数: 1/1
发送指令帧: 01 06 00 17 00 A5 F9 B5
响应帧: 超时, 等待RTU响应超时
错误信息: 等待RTU响应超时
处理结果: 失败
============================= SH85SelfCheck 执行记录结束 =============================
[设备记录 59/80 END] QRCode=12059 轮次ID=20260602_153004_097
[设备记录 60/80 BEGIN] QRCode=12060 轮次ID=20260602_153004_097
============================= SH85SelfCheck 执行记录 =============================
任务名称: SH85SelfCheck
模式: 周期自检
轮次ID: 20260602_153004_097
设备: 12060
结果: 失败
结果码: StartCommandFailed
说明: 启动自检指令下发失败: 等待RTU响应超时
开始时间: 2026-06-02 15:30:04.097
结束时间: 2026-06-02 15:30:19.315
耗时: 15218 ms
----------------------------- 执行明细 -----------------------------
自检任务开始
总时长: 70 s
自检器启动成功
进入阶段: 阶段1 - 下发启动自检指令
指令下发明细: 完成
指令: StartSelfCheck
所属阶段: 阶段1 - 下发启动自检指令
发送时间: 2026-06-02 15:30:18.293
响应时间: -
发送次数: 1/1
发送指令帧: 01 06 00 17 00 A5 F9 B5
响应帧: 超时, 等待RTU响应超时
错误信息: 等待RTU响应超时
处理结果: 失败
============================= SH85SelfCheck 执行记录结束 =============================
[设备记录 60/80 END] QRCode=12060 轮次ID=20260602_153004_097
[设备记录 61/80 BEGIN] QRCode=12061 轮次ID=20260602_153004_097
============================= SH85SelfCheck 执行记录 =============================
任务名称: SH85SelfCheck
模式: 周期自检
轮次ID: 20260602_153004_097
设备: 12061
结果: 失败
结果码: StartCommandFailed
说明: 启动自检指令下发失败: 等待RTU响应超时
开始时间: 2026-06-02 15:30:04.097
结束时间: 2026-06-02 15:30:19.314
耗时: 15217 ms
----------------------------- 执行明细 -----------------------------
自检任务开始
总时长: 70 s
自检器启动成功
进入阶段: 阶段1 - 下发启动自检指令
指令下发明细: 完成
指令: StartSelfCheck
所属阶段: 阶段1 - 下发启动自检指令
发送时间: 2026-06-02 15:30:18.293
响应时间: -
发送次数: 1/1
发送指令帧: 01 06 00 17 00 A5 F9 B5
响应帧: 超时, 等待RTU响应超时
错误信息: 等待RTU响应超时
处理结果: 失败
============================= SH85SelfCheck 执行记录结束 =============================
[设备记录 61/80 END] QRCode=12061 轮次ID=20260602_153004_097
[设备记录 62/80 BEGIN] QRCode=12062 轮次ID=20260602_153004_097
============================= SH85SelfCheck 执行记录 =============================
任务名称: SH85SelfCheck
模式: 周期自检
轮次ID: 20260602_153004_097
设备: 12062
结果: 失败
结果码: StartCommandFailed
说明: 启动自检指令下发失败: 等待RTU响应超时
开始时间: 2026-06-02 15:30:04.097
结束时间: 2026-06-02 15:30:19.317
耗时: 15220 ms
----------------------------- 执行明细 -----------------------------
自检任务开始
总时长: 70 s
自检器启动成功
进入阶段: 阶段1 - 下发启动自检指令
指令下发明细: 完成
指令: StartSelfCheck
所属阶段: 阶段1 - 下发启动自检指令
发送时间: 2026-06-02 15:30:18.292
响应时间: -
发送次数: 1/1
发送指令帧: 01 06 00 17 00 A5 F9 B5
响应帧: 超时, 等待RTU响应超时
错误信息: 等待RTU响应超时
处理结果: 失败
============================= SH85SelfCheck 执行记录结束 =============================
[设备记录 62/80 END] QRCode=12062 轮次ID=20260602_153004_097
[设备记录 63/80 BEGIN] QRCode=12063 轮次ID=20260602_153004_097
============================= SH85SelfCheck 执行记录 =============================
任务名称: SH85SelfCheck
模式: 周期自检
轮次ID: 20260602_153004_097
设备: 12063
结果: 失败
结果码: StartCommandFailed
说明: 启动自检指令下发失败: 等待RTU响应超时
开始时间: 2026-06-02 15:30:04.097
结束时间: 2026-06-02 15:30:19.315
耗时: 15218 ms
----------------------------- 执行明细 -----------------------------
自检任务开始
总时长: 70 s
自检器启动成功
进入阶段: 阶段1 - 下发启动自检指令
指令下发明细: 完成
指令: StartSelfCheck
所属阶段: 阶段1 - 下发启动自检指令
发送时间: 2026-06-02 15:30:18.293
响应时间: -
发送次数: 1/1
发送指令帧: 01 06 00 17 00 A5 F9 B5
响应帧: 超时, 等待RTU响应超时
错误信息: 等待RTU响应超时
处理结果: 失败
============================= SH85SelfCheck 执行记录结束 =============================
[设备记录 63/80 END] QRCode=12063 轮次ID=20260602_153004_097
[设备记录 64/80 BEGIN] QRCode=12064 轮次ID=20260602_153004_097
============================= SH85SelfCheck 执行记录 =============================
任务名称: SH85SelfCheck
模式: 周期自检
轮次ID: 20260602_153004_097
设备: 12064
结果: 失败
结果码: StartCommandFailed
说明: 启动自检指令下发失败: 等待RTU响应超时
开始时间: 2026-06-02 15:30:04.097
结束时间: 2026-06-02 15:30:19.315
耗时: 15218 ms
----------------------------- 执行明细 -----------------------------
自检任务开始
总时长: 70 s
自检器启动成功
进入阶段: 阶段1 - 下发启动自检指令
指令下发明细: 完成
指令: StartSelfCheck
所属阶段: 阶段1 - 下发启动自检指令
发送时间: 2026-06-02 15:30:18.293
响应时间: -
发送次数: 1/1
发送指令帧: 01 06 00 17 00 A5 F9 B5
响应帧: 超时, 等待RTU响应超时
错误信息: 等待RTU响应超时
处理结果: 失败
============================= SH85SelfCheck 执行记录结束 =============================
[设备记录 64/80 END] QRCode=12064 轮次ID=20260602_153004_097
[设备记录 65/80 BEGIN] QRCode=12065 轮次ID=20260602_153004_097
============================= SH85SelfCheck 执行记录 =============================
任务名称: SH85SelfCheck
模式: 周期自检
轮次ID: 20260602_153004_097
设备: 12065
结果: 失败
结果码: StartCommandFailed
说明: 启动自检指令下发失败: 等待RTU响应超时
开始时间: 2026-06-02 15:30:04.097
结束时间: 2026-06-02 15:30:19.315
耗时: 15218 ms
----------------------------- 执行明细 -----------------------------
自检任务开始
总时长: 70 s
自检器启动成功
进入阶段: 阶段1 - 下发启动自检指令
指令下发明细: 完成
指令: StartSelfCheck
所属阶段: 阶段1 - 下发启动自检指令
发送时间: 2026-06-02 15:30:18.292
响应时间: -
发送次数: 1/1
发送指令帧: 01 06 00 17 00 A5 F9 B5
响应帧: 超时, 等待RTU响应超时
错误信息: 等待RTU响应超时
处理结果: 失败
============================= SH85SelfCheck 执行记录结束 =============================
[设备记录 65/80 END] QRCode=12065 轮次ID=20260602_153004_097
[设备记录 66/80 BEGIN] QRCode=12066 轮次ID=20260602_153004_097
============================= SH85SelfCheck 执行记录 =============================
任务名称: SH85SelfCheck
模式: 周期自检
轮次ID: 20260602_153004_097
设备: 12066
结果: 失败
结果码: StartCommandFailed
说明: 启动自检指令下发失败: 等待RTU响应超时
开始时间: 2026-06-02 15:30:04.097
结束时间: 2026-06-02 15:30:19.314
耗时: 15217 ms
----------------------------- 执行明细 -----------------------------
自检任务开始
总时长: 70 s
自检器启动成功
进入阶段: 阶段1 - 下发启动自检指令
指令下发明细: 完成
指令: StartSelfCheck
所属阶段: 阶段1 - 下发启动自检指令
发送时间: 2026-06-02 15:30:18.292
响应时间: -
发送次数: 1/1
发送指令帧: 01 06 00 17 00 A5 F9 B5
响应帧: 超时, 等待RTU响应超时
错误信息: 等待RTU响应超时
处理结果: 失败
============================= SH85SelfCheck 执行记录结束 =============================
[设备记录 66/80 END] QRCode=12066 轮次ID=20260602_153004_097
[设备记录 67/80 BEGIN] QRCode=12067 轮次ID=20260602_153004_097
============================= SH85SelfCheck 执行记录 =============================
任务名称: SH85SelfCheck
模式: 周期自检
轮次ID: 20260602_153004_097
设备: 12067
结果: 失败
结果码: StartCommandFailed
说明: 启动自检指令下发失败: 等待RTU响应超时
开始时间: 2026-06-02 15:30:04.097
结束时间: 2026-06-02 15:30:19.311
耗时: 15214 ms
----------------------------- 执行明细 -----------------------------
自检任务开始
总时长: 70 s
自检器启动成功
进入阶段: 阶段1 - 下发启动自检指令
指令下发明细: 完成
指令: StartSelfCheck
所属阶段: 阶段1 - 下发启动自检指令
发送时间: 2026-06-02 15:30:18.301
响应时间: -
发送次数: 1/1
发送指令帧: 01 06 00 17 00 A5 F9 B5
响应帧: 超时, 等待RTU响应超时
错误信息: 等待RTU响应超时
处理结果: 失败
============================= SH85SelfCheck 执行记录结束 =============================
[设备记录 67/80 END] QRCode=12067 轮次ID=20260602_153004_097
[设备记录 68/80 BEGIN] QRCode=12068 轮次ID=20260602_153004_097
============================= SH85SelfCheck 执行记录 =============================
任务名称: SH85SelfCheck
模式: 周期自检
轮次ID: 20260602_153004_097
设备: 12068
结果: 失败
结果码: StartCommandFailed
说明: 启动自检指令下发失败: 等待RTU响应超时
开始时间: 2026-06-02 15:30:04.097
结束时间: 2026-06-02 15:30:19.312
耗时: 15215 ms
----------------------------- 执行明细 -----------------------------
自检任务开始
总时长: 70 s
自检器启动成功
进入阶段: 阶段1 - 下发启动自检指令
指令下发明细: 完成
指令: StartSelfCheck
所属阶段: 阶段1 - 下发启动自检指令
发送时间: 2026-06-02 15:30:18.301
响应时间: -
发送次数: 1/1
发送指令帧: 01 06 00 17 00 A5 F9 B5
响应帧: 超时, 等待RTU响应超时
错误信息: 等待RTU响应超时
处理结果: 失败
============================= SH85SelfCheck 执行记录结束 =============================
[设备记录 68/80 END] QRCode=12068 轮次ID=20260602_153004_097
[设备记录 69/80 BEGIN] QRCode=12069 轮次ID=20260602_153004_097
============================= SH85SelfCheck 执行记录 =============================
任务名称: SH85SelfCheck
模式: 周期自检
轮次ID: 20260602_153004_097
设备: 12069
结果: 失败
结果码: StartCommandFailed
说明: 启动自检指令下发失败: 等待RTU响应超时
开始时间: 2026-06-02 15:30:04.097
结束时间: 2026-06-02 15:30:19.311
耗时: 15214 ms
----------------------------- 执行明细 -----------------------------
自检任务开始
总时长: 70 s
自检器启动成功
进入阶段: 阶段1 - 下发启动自检指令
指令下发明细: 完成
指令: StartSelfCheck
所属阶段: 阶段1 - 下发启动自检指令
发送时间: 2026-06-02 15:30:18.302
响应时间: -
发送次数: 1/1
发送指令帧: 01 06 00 17 00 A5 F9 B5
响应帧: 超时, 等待RTU响应超时
错误信息: 等待RTU响应超时
处理结果: 失败
============================= SH85SelfCheck 执行记录结束 =============================
[设备记录 69/80 END] QRCode=12069 轮次ID=20260602_153004_097
[设备记录 70/80 BEGIN] QRCode=12070 轮次ID=20260602_153004_097
============================= SH85SelfCheck 执行记录 =============================
任务名称: SH85SelfCheck
模式: 周期自检
轮次ID: 20260602_153004_097
设备: 12070
结果: 失败
结果码: StartCommandFailed
说明: 启动自检指令下发失败: 等待RTU响应超时
开始时间: 2026-06-02 15:30:04.097
结束时间: 2026-06-02 15:30:19.310
耗时: 15213 ms
----------------------------- 执行明细 -----------------------------
自检任务开始
总时长: 70 s
自检器启动成功
进入阶段: 阶段1 - 下发启动自检指令
指令下发明细: 完成
指令: StartSelfCheck
所属阶段: 阶段1 - 下发启动自检指令
发送时间: 2026-06-02 15:30:18.302
响应时间: -
发送次数: 1/1
发送指令帧: 01 06 00 17 00 A5 F9 B5
响应帧: 超时, 等待RTU响应超时
错误信息: 等待RTU响应超时
处理结果: 失败
============================= SH85SelfCheck 执行记录结束 =============================
[设备记录 70/80 END] QRCode=12070 轮次ID=20260602_153004_097
[设备记录 71/80 BEGIN] QRCode=12071 轮次ID=20260602_153004_097
============================= SH85SelfCheck 执行记录 =============================
任务名称: SH85SelfCheck
模式: 周期自检
轮次ID: 20260602_153004_097
设备: 12071
结果: 失败
结果码: StartCommandFailed
说明: 启动自检指令下发失败: 等待RTU响应超时
开始时间: 2026-06-02 15:30:04.097
结束时间: 2026-06-02 15:30:19.310
耗时: 15213 ms
----------------------------- 执行明细 -----------------------------
自检任务开始
总时长: 70 s
自检器启动成功
进入阶段: 阶段1 - 下发启动自检指令
指令下发明细: 完成
指令: StartSelfCheck
所属阶段: 阶段1 - 下发启动自检指令
发送时间: 2026-06-02 15:30:18.301
响应时间: -
发送次数: 1/1
发送指令帧: 01 06 00 17 00 A5 F9 B5
响应帧: 超时, 等待RTU响应超时
错误信息: 等待RTU响应超时
处理结果: 失败
============================= SH85SelfCheck 执行记录结束 =============================
[设备记录 71/80 END] QRCode=12071 轮次ID=20260602_153004_097
[设备记录 72/80 BEGIN] QRCode=12072 轮次ID=20260602_153004_097
============================= SH85SelfCheck 执行记录 =============================
任务名称: SH85SelfCheck
模式: 周期自检
轮次ID: 20260602_153004_097
设备: 12072
结果: 失败
结果码: StartCommandFailed
说明: 启动自检指令下发失败: 等待RTU响应超时
开始时间: 2026-06-02 15:30:04.097
结束时间: 2026-06-02 15:30:19.313
耗时: 15216 ms
----------------------------- 执行明细 -----------------------------
自检任务开始
总时长: 70 s
自检器启动成功
进入阶段: 阶段1 - 下发启动自检指令
指令下发明细: 完成
指令: StartSelfCheck
所属阶段: 阶段1 - 下发启动自检指令
发送时间: 2026-06-02 15:30:18.301
响应时间: -
发送次数: 1/1
发送指令帧: 01 06 00 17 00 A5 F9 B5
响应帧: 超时, 等待RTU响应超时
错误信息: 等待RTU响应超时
处理结果: 失败
============================= SH85SelfCheck 执行记录结束 =============================
[设备记录 72/80 END] QRCode=12072 轮次ID=20260602_153004_097
[设备记录 73/80 BEGIN] QRCode=12073 轮次ID=20260602_153004_097
============================= SH85SelfCheck 执行记录 =============================
任务名称: SH85SelfCheck
模式: 周期自检
轮次ID: 20260602_153004_097
设备: 12073
结果: 失败
结果码: StartCommandFailed
说明: 启动自检指令下发失败: 等待RTU响应超时
开始时间: 2026-06-02 15:30:04.097
结束时间: 2026-06-02 15:30:19.313
耗时: 15216 ms
----------------------------- 执行明细 -----------------------------
自检任务开始
总时长: 70 s
自检器启动成功
进入阶段: 阶段1 - 下发启动自检指令
指令下发明细: 完成
指令: StartSelfCheck
所属阶段: 阶段1 - 下发启动自检指令
发送时间: 2026-06-02 15:30:18.301
响应时间: -
发送次数: 1/1
发送指令帧: 01 06 00 17 00 A5 F9 B5
响应帧: 超时, 等待RTU响应超时
错误信息: 等待RTU响应超时
处理结果: 失败
============================= SH85SelfCheck 执行记录结束 =============================
[设备记录 73/80 END] QRCode=12073 轮次ID=20260602_153004_097
[设备记录 74/80 BEGIN] QRCode=12074 轮次ID=20260602_153004_097
============================= SH85SelfCheck 执行记录 =============================
任务名称: SH85SelfCheck
模式: 周期自检
轮次ID: 20260602_153004_097
设备: 12074
结果: 失败
结果码: StartCommandFailed
说明: 启动自检指令下发失败: 等待RTU响应超时
开始时间: 2026-06-02 15:30:04.097
结束时间: 2026-06-02 15:30:19.309
耗时: 15212 ms
----------------------------- 执行明细 -----------------------------
自检任务开始
总时长: 70 s
自检器启动成功
进入阶段: 阶段1 - 下发启动自检指令
指令下发明细: 完成
指令: StartSelfCheck
所属阶段: 阶段1 - 下发启动自检指令
发送时间: 2026-06-02 15:30:18.302
响应时间: -
发送次数: 1/1
发送指令帧: 01 06 00 17 00 A5 F9 B5
响应帧: 超时, 等待RTU响应超时
错误信息: 等待RTU响应超时
处理结果: 失败
============================= SH85SelfCheck 执行记录结束 =============================
[设备记录 74/80 END] QRCode=12074 轮次ID=20260602_153004_097
[设备记录 75/80 BEGIN] QRCode=12075 轮次ID=20260602_153004_097
============================= SH85SelfCheck 执行记录 =============================
任务名称: SH85SelfCheck
模式: 周期自检
轮次ID: 20260602_153004_097
设备: 12075
结果: 失败
结果码: StartCommandFailed
说明: 启动自检指令下发失败: 等待RTU响应超时
开始时间: 2026-06-02 15:30:04.097
结束时间: 2026-06-02 15:30:19.310
耗时: 15213 ms
----------------------------- 执行明细 -----------------------------
自检任务开始
总时长: 70 s
自检器启动成功
进入阶段: 阶段1 - 下发启动自检指令
指令下发明细: 完成
指令: StartSelfCheck
所属阶段: 阶段1 - 下发启动自检指令
发送时间: 2026-06-02 15:30:18.302
响应时间: -
发送次数: 1/1
发送指令帧: 01 06 00 17 00 A5 F9 B5
响应帧: 超时, 等待RTU响应超时
错误信息: 等待RTU响应超时
处理结果: 失败
============================= SH85SelfCheck 执行记录结束 =============================
[设备记录 75/80 END] QRCode=12075 轮次ID=20260602_153004_097
[设备记录 76/80 BEGIN] QRCode=12076 轮次ID=20260602_153004_097
============================= SH85SelfCheck 执行记录 =============================
任务名称: SH85SelfCheck
模式: 周期自检
轮次ID: 20260602_153004_097
设备: 12076
结果: 失败
结果码: StartCommandFailed
说明: 启动自检指令下发失败: 等待RTU响应超时
开始时间: 2026-06-02 15:30:04.097
结束时间: 2026-06-02 15:30:19.310
耗时: 15213 ms
----------------------------- 执行明细 -----------------------------
自检任务开始
总时长: 70 s
自检器启动成功
进入阶段: 阶段1 - 下发启动自检指令
指令下发明细: 完成
指令: StartSelfCheck
所属阶段: 阶段1 - 下发启动自检指令
发送时间: 2026-06-02 15:30:18.302
响应时间: -
发送次数: 1/1
发送指令帧: 01 06 00 17 00 A5 F9 B5
响应帧: 超时, 等待RTU响应超时
错误信息: 等待RTU响应超时
处理结果: 失败
============================= SH85SelfCheck 执行记录结束 =============================
[设备记录 76/80 END] QRCode=12076 轮次ID=20260602_153004_097
[设备记录 77/80 BEGIN] QRCode=12077 轮次ID=20260602_153004_097
============================= SH85SelfCheck 执行记录 =============================
任务名称: SH85SelfCheck
模式: 周期自检
轮次ID: 20260602_153004_097
设备: 12077
结果: 失败
结果码: StartCommandFailed
说明: 启动自检指令下发失败: 等待RTU响应超时
开始时间: 2026-06-02 15:30:04.097
结束时间: 2026-06-02 15:30:19.316
耗时: 15219 ms
----------------------------- 执行明细 -----------------------------
自检任务开始
总时长: 70 s
自检器启动成功
进入阶段: 阶段1 - 下发启动自检指令
指令下发明细: 完成
指令: StartSelfCheck
所属阶段: 阶段1 - 下发启动自检指令
发送时间: 2026-06-02 15:30:18.292
响应时间: -
发送次数: 1/1
发送指令帧: 01 06 00 17 00 A5 F9 B5
响应帧: 超时, 等待RTU响应超时
错误信息: 等待RTU响应超时
处理结果: 失败
============================= SH85SelfCheck 执行记录结束 =============================
[设备记录 77/80 END] QRCode=12077 轮次ID=20260602_153004_097
[设备记录 78/80 BEGIN] QRCode=12078 轮次ID=20260602_153004_097
============================= SH85SelfCheck 执行记录 =============================
任务名称: SH85SelfCheck
模式: 周期自检
轮次ID: 20260602_153004_097
设备: 12078
结果: 失败
结果码: StartCommandFailed
说明: 启动自检指令下发失败: 等待RTU响应超时
开始时间: 2026-06-02 15:30:04.097
结束时间: 2026-06-02 15:30:19.314
耗时: 15217 ms
----------------------------- 执行明细 -----------------------------
自检任务开始
总时长: 70 s
自检器启动成功
进入阶段: 阶段1 - 下发启动自检指令
指令下发明细: 完成
指令: StartSelfCheck
所属阶段: 阶段1 - 下发启动自检指令
发送时间: 2026-06-02 15:30:18.293
响应时间: -
发送次数: 1/1
发送指令帧: 01 06 00 17 00 A5 F9 B5
响应帧: 超时, 等待RTU响应超时
错误信息: 等待RTU响应超时
处理结果: 失败
============================= SH85SelfCheck 执行记录结束 =============================
[设备记录 78/80 END] QRCode=12078 轮次ID=20260602_153004_097
[设备记录 79/80 BEGIN] QRCode=12079 轮次ID=20260602_153004_097
============================= SH85SelfCheck 执行记录 =============================
任务名称: SH85SelfCheck
模式: 周期自检
轮次ID: 20260602_153004_097
设备: 12079
结果: 失败
结果码: StartCommandFailed
说明: 启动自检指令下发失败: 等待RTU响应超时
开始时间: 2026-06-02 15:30:04.097
结束时间: 2026-06-02 15:30:19.313
耗时: 15216 ms
----------------------------- 执行明细 -----------------------------
自检任务开始
总时长: 70 s
自检器启动成功
进入阶段: 阶段1 - 下发启动自检指令
指令下发明细: 完成
指令: StartSelfCheck
所属阶段: 阶段1 - 下发启动自检指令
发送时间: 2026-06-02 15:30:18.301
响应时间: -
发送次数: 1/1
发送指令帧: 01 06 00 17 00 A5 F9 B5
响应帧: 超时, 等待RTU响应超时
错误信息: 等待RTU响应超时
处理结果: 失败
============================= SH85SelfCheck 执行记录结束 =============================
[设备记录 79/80 END] QRCode=12079 轮次ID=20260602_153004_097
[设备记录 80/80 BEGIN] QRCode=12080 轮次ID=20260602_153004_097
============================= SH85SelfCheck 执行记录 =============================
任务名称: SH85SelfCheck
模式: 周期自检
轮次ID: 20260602_153004_097
设备: 12080
结果: 失败
结果码: StartCommandFailed
说明: 启动自检指令下发失败: 等待RTU响应超时
开始时间: 2026-06-02 15:30:04.097
结束时间: 2026-06-02 15:30:13.264
耗时: 9167 ms
----------------------------- 执行明细 -----------------------------
自检任务开始
总时长: 70 s
自检器启动成功
进入阶段: 阶段1 - 下发启动自检指令
指令下发明细: 完成
指令: StartSelfCheck
所属阶段: 阶段1 - 下发启动自检指令
发送时间: 2026-06-02 15:30:12.255
响应时间: -
发送次数: 1/1
发送指令帧: 01 06 00 17 00 A5 F9 B5
响应帧: 超时, 等待RTU响应超时
错误信息: 等待RTU响应超时
处理结果: 失败
============================= SH85SelfCheck 执行记录结束 =============================
[设备记录 80/80 END] QRCode=12080 轮次ID=20260602_153004_097
############################## SH85_PERIODIC_ROUND_END ##############################
轮次ID: 20260602_153004_097
################################################################################
[2026-06-02 15:30:19] [WARN] [SH85PeriodicSelfCheckTask] 周期自检轮次失败
轮次ID: 20260602_153004_097
开始时间: 2026-06-02 15:30:04
结束时间: 2026-06-02 15:30:19
总设备数: 80
参与设备数: 80
成功设备数: 0
失败设备数: 80
跳过设备数: 0
失败原因摘要:
- 启动自检指令下发失败: 等待RTU响应超时: 80 台
  设备: 12001, 12002, 12003, 12004, 12005, 12006, 12007, 12008, 12009, 12010, 12011, 12012, 12013, 12014, 12015, 12016, 12017, 12018, 12019, 12020, 12021, 12022, 12023, 12024, 12025, 12026, 12027, 12028, 12029, 12030, 12031, 12032, 12033, 12034, 12035, 12036, 12037, 12038, 12039, 12040, 12041, 12042, 12043, 12044, 12045, 12046, 12047, 12048, 12049, 12050, 12051, 12052, 12053, 12054, 12055, 12056, 12057, 12058, 12059, 12060, 12061, 12062, 12063, 12064, 12065, 12066, 12067, 12068, 12069, 12070, 12071, 12072, 12073, 12074, 12075, 12076, 12077, 12078, 12079, 12080
详细执行记录: 请在 self_check.log 搜索轮次ID 20260602_153004_097
[2026-06-02 15:31:02] [INFO] ################################################################################
############################# SH85_PERIODIC_ROUND_BEGIN #############################
任务名称: SH85PeriodicSelfCheckTask
模式: 周期自检
轮次ID: 20260602_153047_591
开始时间: 2026-06-02 15:30:47
结束时间: 2026-06-02 15:31:02
总设备数: 80
参与设备数: 80
成功设备数: 0
失败设备数: 80
跳过设备数: 0
结果: 失败
失败设备: 12001, 12002, 12003, 12004, 12005, 12006, 12007, 12008, 12009, 12010, 12011, 12012, 12013, 12014, 12015, 12016, 12017, 12018, 12019, 12020, 12021, 12022, 12023, 12024, 12025, 12026, 12027, 12028, 12029, 12030, 12031, 12032, 12033, 12034, 12035, 12036, 12037, 12038, 12039, 12040, 12041, 12042, 12043, 12044, 12045, 12046, 12047, 12048, 12049, 12050, 12051, 12052, 12053, 12054, 12055, 12056, 12057, 12058, 12059, 12060, 12061, 12062, 12063, 12064, 12065, 12066, 12067, 12068, 12069, 12070, 12071, 12072, 12073, 12074, 12075, 12076, 12077, 12078, 12079, 12080
跳过设备: 无
----------------------------- 设备执行记录列表 -----------------------------
[设备记录 1/80 BEGIN] QRCode=12001 轮次ID=20260602_153047_591
============================= SH85SelfCheck 执行记录 =============================
任务名称: SH85SelfCheck
模式: 周期自检
轮次ID: 20260602_153047_591
设备: 12001
结果: 失败
结果码: StartCommandFailed
说明: 启动自检指令下发失败: 等待RTU响应超时
开始时间: 2026-06-02 15:30:47.591
结束时间: 2026-06-02 15:31:02.544
耗时: 14953 ms
----------------------------- 执行明细 -----------------------------
自检任务开始
总时长: 70 s
自检器启动成功
进入阶段: 阶段1 - 下发启动自检指令
指令下发明细: 完成
指令: StartSelfCheck
所属阶段: 阶段1 - 下发启动自检指令
发送时间: 2026-06-02 15:31:01.526
响应时间: -
发送次数: 1/1
发送指令帧: 01 06 00 17 00 A5 F9 B5
响应帧: 超时, 等待RTU响应超时
错误信息: 等待RTU响应超时
处理结果: 失败
============================= SH85SelfCheck 执行记录结束 =============================
[设备记录 1/80 END] QRCode=12001 轮次ID=20260602_153047_591
[设备记录 2/80 BEGIN] QRCode=12002 轮次ID=20260602_153047_591
============================= SH85SelfCheck 执行记录 =============================
任务名称: SH85SelfCheck
模式: 周期自检
轮次ID: 20260602_153047_591
设备: 12002
结果: 失败
结果码: StartCommandFailed
说明: 启动自检指令下发失败: 等待RTU响应超时
开始时间: 2026-06-02 15:30:47.591
结束时间: 2026-06-02 15:31:02.544
耗时: 14953 ms
----------------------------- 执行明细 -----------------------------
自检任务开始
总时长: 70 s
自检器启动成功
进入阶段: 阶段1 - 下发启动自检指令
指令下发明细: 完成
指令: StartSelfCheck
所属阶段: 阶段1 - 下发启动自检指令
发送时间: 2026-06-02 15:31:01.527
响应时间: -
发送次数: 1/1
发送指令帧: 01 06 00 17 00 A5 F9 B5
响应帧: 超时, 等待RTU响应超时
错误信息: 等待RTU响应超时
处理结果: 失败
============================= SH85SelfCheck 执行记录结束 =============================
[设备记录 2/80 END] QRCode=12002 轮次ID=20260602_153047_591
[设备记录 3/80 BEGIN] QRCode=12003 轮次ID=20260602_153047_591
============================= SH85SelfCheck 执行记录 =============================
任务名称: SH85SelfCheck
模式: 周期自检
轮次ID: 20260602_153047_591
设备: 12003
结果: 失败
结果码: StartCommandFailed
说明: 启动自检指令下发失败: 等待RTU响应超时
开始时间: 2026-06-02 15:30:47.591
结束时间: 2026-06-02 15:31:02.544
耗时: 14953 ms
----------------------------- 执行明细 -----------------------------
自检任务开始
总时长: 70 s
自检器启动成功
进入阶段: 阶段1 - 下发启动自检指令
指令下发明细: 完成
指令: StartSelfCheck
所属阶段: 阶段1 - 下发启动自检指令
发送时间: 2026-06-02 15:31:01.525
响应时间: -
发送次数: 1/1
发送指令帧: 01 06 00 17 00 A5 F9 B5
响应帧: 超时, 等待RTU响应超时
错误信息: 等待RTU响应超时
处理结果: 失败
============================= SH85SelfCheck 执行记录结束 =============================
[设备记录 3/80 END] QRCode=12003 轮次ID=20260602_153047_591
[设备记录 4/80 BEGIN] QRCode=12004 轮次ID=20260602_153047_591
============================= SH85SelfCheck 执行记录 =============================
任务名称: SH85SelfCheck
模式: 周期自检
轮次ID: 20260602_153047_591
设备: 12004
结果: 失败
结果码: StartCommandFailed
说明: 启动自检指令下发失败: 等待RTU响应超时
开始时间: 2026-06-02 15:30:47.591
结束时间: 2026-06-02 15:31:02.544
耗时: 14953 ms
----------------------------- 执行明细 -----------------------------
自检任务开始
总时长: 70 s
自检器启动成功
进入阶段: 阶段1 - 下发启动自检指令
指令下发明细: 完成
指令: StartSelfCheck
所属阶段: 阶段1 - 下发启动自检指令
发送时间: 2026-06-02 15:31:01.526
响应时间: -
发送次数: 1/1
发送指令帧: 01 06 00 17 00 A5 F9 B5
响应帧: 超时, 等待RTU响应超时
错误信息: 等待RTU响应超时
处理结果: 失败
============================= SH85SelfCheck 执行记录结束 =============================
[设备记录 4/80 END] QRCode=12004 轮次ID=20260602_153047_591
[设备记录 5/80 BEGIN] QRCode=12005 轮次ID=20260602_153047_591
============================= SH85SelfCheck 执行记录 =============================
任务名称: SH85SelfCheck
模式: 周期自检
轮次ID: 20260602_153047_591
设备: 12005
结果: 失败
结果码: StartCommandFailed
说明: 启动自检指令下发失败: 等待RTU响应超时
开始时间: 2026-06-02 15:30:47.591
结束时间: 2026-06-02 15:31:02.544
耗时: 14953 ms
----------------------------- 执行明细 -----------------------------
自检任务开始
总时长: 70 s
自检器启动成功
进入阶段: 阶段1 - 下发启动自检指令
指令下发明细: 完成
指令: StartSelfCheck
所属阶段: 阶段1 - 下发启动自检指令
发送时间: 2026-06-02 15:31:01.526
响应时间: -
发送次数: 1/1
发送指令帧: 01 06 00 17 00 A5 F9 B5
响应帧: 超时, 等待RTU响应超时
错误信息: 等待RTU响应超时
处理结果: 失败
============================= SH85SelfCheck 执行记录结束 =============================
[设备记录 5/80 END] QRCode=12005 轮次ID=20260602_153047_591
[设备记录 6/80 BEGIN] QRCode=12006 轮次ID=20260602_153047_591
============================= SH85SelfCheck 执行记录 =============================
任务名称: SH85SelfCheck
模式: 周期自检
轮次ID: 20260602_153047_591
设备: 12006
结果: 失败
结果码: StartCommandFailed
说明: 启动自检指令下发失败: 等待RTU响应超时
开始时间: 2026-06-02 15:30:47.591
结束时间: 2026-06-02 15:31:02.544
耗时: 14953 ms
----------------------------- 执行明细 -----------------------------
自检任务开始
总时长: 70 s
自检器启动成功
进入阶段: 阶段1 - 下发启动自检指令
指令下发明细: 完成
指令: StartSelfCheck
所属阶段: 阶段1 - 下发启动自检指令
发送时间: 2026-06-02 15:31:01.526
响应时间: -
发送次数: 1/1
发送指令帧: 01 06 00 17 00 A5 F9 B5
响应帧: 超时, 等待RTU响应超时
错误信息: 等待RTU响应超时
处理结果: 失败
============================= SH85SelfCheck 执行记录结束 =============================
[设备记录 6/80 END] QRCode=12006 轮次ID=20260602_153047_591
[设备记录 7/80 BEGIN] QRCode=12007 轮次ID=20260602_153047_591
============================= SH85SelfCheck 执行记录 =============================
任务名称: SH85SelfCheck
模式: 周期自检
轮次ID: 20260602_153047_591
设备: 12007
结果: 失败
结果码: StartCommandFailed
说明: 启动自检指令下发失败: 等待RTU响应超时
开始时间: 2026-06-02 15:30:47.591
结束时间: 2026-06-02 15:31:02.544
耗时: 14953 ms
----------------------------- 执行明细 -----------------------------
自检任务开始
总时长: 70 s
自检器启动成功
进入阶段: 阶段1 - 下发启动自检指令
指令下发明细: 完成
指令: StartSelfCheck
所属阶段: 阶段1 - 下发启动自检指令
发送时间: 2026-06-02 15:31:01.526
响应时间: -
发送次数: 1/1
发送指令帧: 01 06 00 17 00 A5 F9 B5
响应帧: 超时, 等待RTU响应超时
错误信息: 等待RTU响应超时
处理结果: 失败
============================= SH85SelfCheck 执行记录结束 =============================
[设备记录 7/80 END] QRCode=12007 轮次ID=20260602_153047_591
[设备记录 8/80 BEGIN] QRCode=12008 轮次ID=20260602_153047_591
============================= SH85SelfCheck 执行记录 =============================
任务名称: SH85SelfCheck
模式: 周期自检
轮次ID: 20260602_153047_591
设备: 12008
结果: 失败
结果码: StartCommandFailed
说明: 启动自检指令下发失败: 等待RTU响应超时
开始时间: 2026-06-02 15:30:47.591
结束时间: 2026-06-02 15:31:02.541
耗时: 14950 ms
----------------------------- 执行明细 -----------------------------
自检任务开始
总时长: 70 s
自检器启动成功
进入阶段: 阶段1 - 下发启动自检指令
指令下发明细: 完成
指令: StartSelfCheck
所属阶段: 阶段1 - 下发启动自检指令
发送时间: 2026-06-02 15:31:01.526
响应时间: -
发送次数: 1/1
发送指令帧: 01 06 00 17 00 A5 F9 B5
响应帧: 超时, 等待RTU响应超时
错误信息: 等待RTU响应超时
处理结果: 失败
============================= SH85SelfCheck 执行记录结束 =============================
[设备记录 8/80 END] QRCode=12008 轮次ID=20260602_153047_591
[设备记录 9/80 BEGIN] QRCode=12009 轮次ID=20260602_153047_591
============================= SH85SelfCheck 执行记录 =============================
任务名称: SH85SelfCheck
模式: 周期自检
轮次ID: 20260602_153047_591
设备: 12009
结果: 失败
结果码: StartCommandFailed
说明: 启动自检指令下发失败: 等待RTU响应超时
开始时间: 2026-06-02 15:30:47.591
结束时间: 2026-06-02 15:31:02.544
耗时: 14953 ms
----------------------------- 执行明细 -----------------------------
自检任务开始
总时长: 70 s
自检器启动成功
进入阶段: 阶段1 - 下发启动自检指令
指令下发明细: 完成
指令: StartSelfCheck
所属阶段: 阶段1 - 下发启动自检指令
发送时间: 2026-06-02 15:31:01.526
响应时间: -
发送次数: 1/1
发送指令帧: 01 06 00 17 00 A5 F9 B5
响应帧: 超时, 等待RTU响应超时
错误信息: 等待RTU响应超时
处理结果: 失败
============================= SH85SelfCheck 执行记录结束 =============================
[设备记录 9/80 END] QRCode=12009 轮次ID=20260602_153047_591
[设备记录 10/80 BEGIN] QRCode=12010 轮次ID=20260602_153047_591
============================= SH85SelfCheck 执行记录 =============================
任务名称: SH85SelfCheck
模式: 周期自检
轮次ID: 20260602_153047_591
设备: 12010
结果: 失败
结果码: StartCommandFailed
说明: 启动自检指令下发失败: 等待RTU响应超时
开始时间: 2026-06-02 15:30:47.591
结束时间: 2026-06-02 15:31:02.541
耗时: 14950 ms
----------------------------- 执行明细 -----------------------------
自检任务开始
总时长: 70 s
自检器启动成功
进入阶段: 阶段1 - 下发启动自检指令
指令下发明细: 完成
指令: StartSelfCheck
所属阶段: 阶段1 - 下发启动自检指令
发送时间: 2026-06-02 15:31:01.526
响应时间: -
发送次数: 1/1
发送指令帧: 01 06 00 17 00 A5 F9 B5
响应帧: 超时, 等待RTU响应超时
错误信息: 等待RTU响应超时
处理结果: 失败
============================= SH85SelfCheck 执行记录结束 =============================
[设备记录 10/80 END] QRCode=12010 轮次ID=20260602_153047_591
[设备记录 11/80 BEGIN] QRCode=12011 轮次ID=20260602_153047_591
============================= SH85SelfCheck 执行记录 =============================
任务名称: SH85SelfCheck
模式: 周期自检
轮次ID: 20260602_153047_591
设备: 12011
结果: 失败
结果码: StartCommandFailed
说明: 启动自检指令下发失败: 等待RTU响应超时
开始时间: 2026-06-02 15:30:47.591
结束时间: 2026-06-02 15:31:02.544
耗时: 14953 ms
----------------------------- 执行明细 -----------------------------
自检任务开始
总时长: 70 s
自检器启动成功
进入阶段: 阶段1 - 下发启动自检指令
指令下发明细: 完成
指令: StartSelfCheck
所属阶段: 阶段1 - 下发启动自检指令
发送时间: 2026-06-02 15:31:01.526
响应时间: -
发送次数: 1/1
发送指令帧: 01 06 00 17 00 A5 F9 B5
响应帧: 超时, 等待RTU响应超时
错误信息: 等待RTU响应超时
处理结果: 失败
============================= SH85SelfCheck 执行记录结束 =============================
[设备记录 11/80 END] QRCode=12011 轮次ID=20260602_153047_591
[设备记录 12/80 BEGIN] QRCode=12012 轮次ID=20260602_153047_591
============================= SH85SelfCheck 执行记录 =============================
任务名称: SH85SelfCheck
模式: 周期自检
轮次ID: 20260602_153047_591
设备: 12012
结果: 失败
结果码: StartCommandFailed
说明: 启动自检指令下发失败: 等待RTU响应超时
开始时间: 2026-06-02 15:30:47.591
结束时间: 2026-06-02 15:31:02.544
耗时: 14953 ms
----------------------------- 执行明细 -----------------------------
自检任务开始
总时长: 70 s
自检器启动成功
进入阶段: 阶段1 - 下发启动自检指令
指令下发明细: 完成
指令: StartSelfCheck
所属阶段: 阶段1 - 下发启动自检指令
发送时间: 2026-06-02 15:31:01.526
响应时间: -
发送次数: 1/1
发送指令帧: 01 06 00 17 00 A5 F9 B5
响应帧: 超时, 等待RTU响应超时
错误信息: 等待RTU响应超时
处理结果: 失败
============================= SH85SelfCheck 执行记录结束 =============================
[设备记录 12/80 END] QRCode=12012 轮次ID=20260602_153047_591
[设备记录 13/80 BEGIN] QRCode=12013 轮次ID=20260602_153047_591
============================= SH85SelfCheck 执行记录 =============================
任务名称: SH85SelfCheck
模式: 周期自检
轮次ID: 20260602_153047_591
设备: 12013
结果: 失败
结果码: StartCommandFailed
说明: 启动自检指令下发失败: 等待RTU响应超时
开始时间: 2026-06-02 15:30:47.591
结束时间: 2026-06-02 15:31:02.544
耗时: 14953 ms
----------------------------- 执行明细 -----------------------------
自检任务开始
总时长: 70 s
自检器启动成功
进入阶段: 阶段1 - 下发启动自检指令
指令下发明细: 完成
指令: StartSelfCheck
所属阶段: 阶段1 - 下发启动自检指令
发送时间: 2026-06-02 15:31:01.526
响应时间: -
发送次数: 1/1
发送指令帧: 01 06 00 17 00 A5 F9 B5
响应帧: 超时, 等待RTU响应超时
错误信息: 等待RTU响应超时
处理结果: 失败
============================= SH85SelfCheck 执行记录结束 =============================
[设备记录 13/80 END] QRCode=12013 轮次ID=20260602_153047_591
[设备记录 14/80 BEGIN] QRCode=12014 轮次ID=20260602_153047_591
============================= SH85SelfCheck 执行记录 =============================
任务名称: SH85SelfCheck
模式: 周期自检
轮次ID: 20260602_153047_591
设备: 12014
结果: 失败
结果码: StartCommandFailed
说明: 启动自检指令下发失败: 等待RTU响应超时
开始时间: 2026-06-02 15:30:47.591
结束时间: 2026-06-02 15:31:02.544
耗时: 14953 ms
----------------------------- 执行明细 -----------------------------
自检任务开始
总时长: 70 s
自检器启动成功
进入阶段: 阶段1 - 下发启动自检指令
指令下发明细: 完成
指令: StartSelfCheck
所属阶段: 阶段1 - 下发启动自检指令
发送时间: 2026-06-02 15:31:01.526
响应时间: -
发送次数: 1/1
发送指令帧: 01 06 00 17 00 A5 F9 B5
响应帧: 超时, 等待RTU响应超时
错误信息: 等待RTU响应超时
处理结果: 失败
============================= SH85SelfCheck 执行记录结束 =============================
[设备记录 14/80 END] QRCode=12014 轮次ID=20260602_153047_591
[设备记录 15/80 BEGIN] QRCode=12015 轮次ID=20260602_153047_591
============================= SH85SelfCheck 执行记录 =============================
任务名称: SH85SelfCheck
模式: 周期自检
轮次ID: 20260602_153047_591
设备: 12015
结果: 失败
结果码: StartCommandFailed
说明: 启动自检指令下发失败: 等待RTU响应超时
开始时间: 2026-06-02 15:30:47.591
结束时间: 2026-06-02 15:31:02.544
耗时: 14953 ms
----------------------------- 执行明细 -----------------------------
自检任务开始
总时长: 70 s
自检器启动成功
进入阶段: 阶段1 - 下发启动自检指令
指令下发明细: 完成
指令: StartSelfCheck
所属阶段: 阶段1 - 下发启动自检指令
发送时间: 2026-06-02 15:31:01.526
响应时间: -
发送次数: 1/1
发送指令帧: 01 06 00 17 00 A5 F9 B5
响应帧: 超时, 等待RTU响应超时
错误信息: 等待RTU响应超时
处理结果: 失败
============================= SH85SelfCheck 执行记录结束 =============================
[设备记录 15/80 END] QRCode=12015 轮次ID=20260602_153047_591
[设备记录 16/80 BEGIN] QRCode=12016 轮次ID=20260602_153047_591
============================= SH85SelfCheck 执行记录 =============================
任务名称: SH85SelfCheck
模式: 周期自检
轮次ID: 20260602_153047_591
设备: 12016
结果: 失败
结果码: StartCommandFailed
说明: 启动自检指令下发失败: 等待RTU响应超时
开始时间: 2026-06-02 15:30:47.591
结束时间: 2026-06-02 15:31:02.544
耗时: 14953 ms
----------------------------- 执行明细 -----------------------------
自检任务开始
总时长: 70 s
自检器启动成功
进入阶段: 阶段1 - 下发启动自检指令
指令下发明细: 完成
指令: StartSelfCheck
所属阶段: 阶段1 - 下发启动自检指令
发送时间: 2026-06-02 15:31:01.526
响应时间: -
发送次数: 1/1
发送指令帧: 01 06 00 17 00 A5 F9 B5
响应帧: 超时, 等待RTU响应超时
错误信息: 等待RTU响应超时
处理结果: 失败
============================= SH85SelfCheck 执行记录结束 =============================
[设备记录 16/80 END] QRCode=12016 轮次ID=20260602_153047_591
[设备记录 17/80 BEGIN] QRCode=12017 轮次ID=20260602_153047_591
============================= SH85SelfCheck 执行记录 =============================
任务名称: SH85SelfCheck
模式: 周期自检
轮次ID: 20260602_153047_591
设备: 12017
结果: 失败
结果码: StartCommandFailed
说明: 启动自检指令下发失败: 等待RTU响应超时
开始时间: 2026-06-02 15:30:47.591
结束时间: 2026-06-02 15:31:02.544
耗时: 14953 ms
----------------------------- 执行明细 -----------------------------
自检任务开始
总时长: 70 s
自检器启动成功
进入阶段: 阶段1 - 下发启动自检指令
指令下发明细: 完成
指令: StartSelfCheck
所属阶段: 阶段1 - 下发启动自检指令
发送时间: 2026-06-02 15:31:01.525
响应时间: -
发送次数: 1/1
发送指令帧: 01 06 00 17 00 A5 F9 B5
响应帧: 超时, 等待RTU响应超时
错误信息: 等待RTU响应超时
处理结果: 失败
============================= SH85SelfCheck 执行记录结束 =============================
[设备记录 17/80 END] QRCode=12017 轮次ID=20260602_153047_591
[设备记录 18/80 BEGIN] QRCode=12018 轮次ID=20260602_153047_591
============================= SH85SelfCheck 执行记录 =============================
任务名称: SH85SelfCheck
模式: 周期自检
轮次ID: 20260602_153047_591
设备: 12018
结果: 失败
结果码: StartCommandFailed
说明: 启动自检指令下发失败: 等待RTU响应超时
开始时间: 2026-06-02 15:30:47.591
结束时间: 2026-06-02 15:31:02.544
耗时: 14953 ms
----------------------------- 执行明细 -----------------------------
自检任务开始
总时长: 70 s
自检器启动成功
进入阶段: 阶段1 - 下发启动自检指令
指令下发明细: 完成
指令: StartSelfCheck
所属阶段: 阶段1 - 下发启动自检指令
发送时间: 2026-06-02 15:31:01.526
响应时间: -
发送次数: 1/1
发送指令帧: 01 06 00 17 00 A5 F9 B5
响应帧: 超时, 等待RTU响应超时
错误信息: 等待RTU响应超时
处理结果: 失败
============================= SH85SelfCheck 执行记录结束 =============================
[设备记录 18/80 END] QRCode=12018 轮次ID=20260602_153047_591
[设备记录 19/80 BEGIN] QRCode=12019 轮次ID=20260602_153047_591
============================= SH85SelfCheck 执行记录 =============================
任务名称: SH85SelfCheck
模式: 周期自检
轮次ID: 20260602_153047_591
设备: 12019
结果: 失败
结果码: StartCommandFailed
说明: 启动自检指令下发失败: 等待RTU响应超时
开始时间: 2026-06-02 15:30:47.591
结束时间: 2026-06-02 15:31:02.544
耗时: 14953 ms
----------------------------- 执行明细 -----------------------------
自检任务开始
总时长: 70 s
自检器启动成功
进入阶段: 阶段1 - 下发启动自检指令
指令下发明细: 完成
指令: StartSelfCheck
所属阶段: 阶段1 - 下发启动自检指令
发送时间: 2026-06-02 15:31:01.526
响应时间: -
发送次数: 1/1
发送指令帧: 01 06 00 17 00 A5 F9 B5
响应帧: 超时, 等待RTU响应超时
错误信息: 等待RTU响应超时
处理结果: 失败
============================= SH85SelfCheck 执行记录结束 =============================
[设备记录 19/80 END] QRCode=12019 轮次ID=20260602_153047_591
[设备记录 20/80 BEGIN] QRCode=12020 轮次ID=20260602_153047_591
============================= SH85SelfCheck 执行记录 =============================
任务名称: SH85SelfCheck
模式: 周期自检
轮次ID: 20260602_153047_591
设备: 12020
结果: 失败
结果码: StartCommandFailed
说明: 启动自检指令下发失败: 等待RTU响应超时
开始时间: 2026-06-02 15:30:47.591
结束时间: 2026-06-02 15:31:02.541
耗时: 14950 ms
----------------------------- 执行明细 -----------------------------
自检任务开始
总时长: 70 s
自检器启动成功
进入阶段: 阶段1 - 下发启动自检指令
指令下发明细: 完成
指令: StartSelfCheck
所属阶段: 阶段1 - 下发启动自检指令
发送时间: 2026-06-02 15:31:01.526
响应时间: -
发送次数: 1/1
发送指令帧: 01 06 00 17 00 A5 F9 B5
响应帧: 超时, 等待RTU响应超时
错误信息: 等待RTU响应超时
处理结果: 失败
============================= SH85SelfCheck 执行记录结束 =============================
[设备记录 20/80 END] QRCode=12020 轮次ID=20260602_153047_591
[设备记录 21/80 BEGIN] QRCode=12021 轮次ID=20260602_153047_591
============================= SH85SelfCheck 执行记录 =============================
任务名称: SH85SelfCheck
模式: 周期自检
轮次ID: 20260602_153047_591
设备: 12021
结果: 失败
结果码: StartCommandFailed
说明: 启动自检指令下发失败: 等待RTU响应超时
开始时间: 2026-06-02 15:30:47.591
结束时间: 2026-06-02 15:31:02.682
耗时: 15091 ms
----------------------------- 执行明细 -----------------------------
自检任务开始
总时长: 70 s
自检器启动成功
进入阶段: 阶段1 - 下发启动自检指令
指令下发明细: 完成
指令: StartSelfCheck
所属阶段: 阶段1 - 下发启动自检指令
发送时间: 2026-06-02 15:31:01.664
响应时间: -
发送次数: 1/1
发送指令帧: 01 06 00 17 00 A5 F9 B5
响应帧: 超时, 等待RTU响应超时
错误信息: 等待RTU响应超时
处理结果: 失败
============================= SH85SelfCheck 执行记录结束 =============================
[设备记录 21/80 END] QRCode=12021 轮次ID=20260602_153047_591
[设备记录 22/80 BEGIN] QRCode=12022 轮次ID=20260602_153047_591
============================= SH85SelfCheck 执行记录 =============================
任务名称: SH85SelfCheck
模式: 周期自检
轮次ID: 20260602_153047_591
设备: 12022
结果: 失败
结果码: StartCommandFailed
说明: 启动自检指令下发失败: 等待RTU响应超时
开始时间: 2026-06-02 15:30:47.591
结束时间: 2026-06-02 15:31:02.687
耗时: 15096 ms
----------------------------- 执行明细 -----------------------------
自检任务开始
总时长: 70 s
自检器启动成功
进入阶段: 阶段1 - 下发启动自检指令
指令下发明细: 完成
指令: StartSelfCheck
所属阶段: 阶段1 - 下发启动自检指令
发送时间: 2026-06-02 15:31:01.664
响应时间: -
发送次数: 1/1
发送指令帧: 01 06 00 17 00 A5 F9 B5
响应帧: 超时, 等待RTU响应超时
错误信息: 等待RTU响应超时
处理结果: 失败
============================= SH85SelfCheck 执行记录结束 =============================
[设备记录 22/80 END] QRCode=12022 轮次ID=20260602_153047_591
[设备记录 23/80 BEGIN] QRCode=12023 轮次ID=20260602_153047_591
============================= SH85SelfCheck 执行记录 =============================
任务名称: SH85SelfCheck
模式: 周期自检
轮次ID: 20260602_153047_591
设备: 12023
结果: 失败
结果码: StartCommandFailed
说明: 启动自检指令下发失败: 等待RTU响应超时
开始时间: 2026-06-02 15:30:47.591
结束时间: 2026-06-02 15:31:02.680
耗时: 15089 ms
----------------------------- 执行明细 -----------------------------
自检任务开始
总时长: 70 s
自检器启动成功
进入阶段: 阶段1 - 下发启动自检指令
指令下发明细: 完成
指令: StartSelfCheck
所属阶段: 阶段1 - 下发启动自检指令
发送时间: 2026-06-02 15:31:01.666
响应时间: -
发送次数: 1/1
发送指令帧: 01 06 00 17 00 A5 F9 B5
响应帧: 超时, 等待RTU响应超时
错误信息: 等待RTU响应超时
处理结果: 失败
============================= SH85SelfCheck 执行记录结束 =============================
[设备记录 23/80 END] QRCode=12023 轮次ID=20260602_153047_591
[设备记录 24/80 BEGIN] QRCode=12024 轮次ID=20260602_153047_591
============================= SH85SelfCheck 执行记录 =============================
任务名称: SH85SelfCheck
模式: 周期自检
轮次ID: 20260602_153047_591
设备: 12024
结果: 失败
结果码: StartCommandFailed
说明: 启动自检指令下发失败: 等待RTU响应超时
开始时间: 2026-06-02 15:30:47.591
结束时间: 2026-06-02 15:31:02.687
耗时: 15096 ms
----------------------------- 执行明细 -----------------------------
自检任务开始
总时长: 70 s
自检器启动成功
进入阶段: 阶段1 - 下发启动自检指令
指令下发明细: 完成
指令: StartSelfCheck
所属阶段: 阶段1 - 下发启动自检指令
发送时间: 2026-06-02 15:31:01.664
响应时间: -
发送次数: 1/1
发送指令帧: 01 06 00 17 00 A5 F9 B5
响应帧: 超时, 等待RTU响应超时
错误信息: 等待RTU响应超时
处理结果: 失败
============================= SH85SelfCheck 执行记录结束 =============================
[设备记录 24/80 END] QRCode=12024 轮次ID=20260602_153047_591
[设备记录 25/80 BEGIN] QRCode=12025 轮次ID=20260602_153047_591
============================= SH85SelfCheck 执行记录 =============================
任务名称: SH85SelfCheck
模式: 周期自检
轮次ID: 20260602_153047_591
设备: 12025
结果: 失败
结果码: StartCommandFailed
说明: 启动自检指令下发失败: 等待RTU响应超时
开始时间: 2026-06-02 15:30:47.591
结束时间: 2026-06-02 15:31:02.680
耗时: 15089 ms
----------------------------- 执行明细 -----------------------------
自检任务开始
总时长: 70 s
自检器启动成功
进入阶段: 阶段1 - 下发启动自检指令
指令下发明细: 完成
指令: StartSelfCheck
所属阶段: 阶段1 - 下发启动自检指令
发送时间: 2026-06-02 15:31:01.666
响应时间: -
发送次数: 1/1
发送指令帧: 01 06 00 17 00 A5 F9 B5
响应帧: 超时, 等待RTU响应超时
错误信息: 等待RTU响应超时
处理结果: 失败
============================= SH85SelfCheck 执行记录结束 =============================
[设备记录 25/80 END] QRCode=12025 轮次ID=20260602_153047_591
[设备记录 26/80 BEGIN] QRCode=12026 轮次ID=20260602_153047_591
============================= SH85SelfCheck 执行记录 =============================
任务名称: SH85SelfCheck
模式: 周期自检
轮次ID: 20260602_153047_591
设备: 12026
结果: 失败
结果码: StartCommandFailed
说明: 启动自检指令下发失败: 等待RTU响应超时
开始时间: 2026-06-02 15:30:47.591
结束时间: 2026-06-02 15:31:02.680
耗时: 15089 ms
----------------------------- 执行明细 -----------------------------
自检任务开始
总时长: 70 s
自检器启动成功
进入阶段: 阶段1 - 下发启动自检指令
指令下发明细: 完成
指令: StartSelfCheck
所属阶段: 阶段1 - 下发启动自检指令
发送时间: 2026-06-02 15:31:01.666
响应时间: -
发送次数: 1/1
发送指令帧: 01 06 00 17 00 A5 F9 B5
响应帧: 超时, 等待RTU响应超时
错误信息: 等待RTU响应超时
处理结果: 失败
============================= SH85SelfCheck 执行记录结束 =============================
[设备记录 26/80 END] QRCode=12026 轮次ID=20260602_153047_591
[设备记录 27/80 BEGIN] QRCode=12027 轮次ID=20260602_153047_591
============================= SH85SelfCheck 执行记录 =============================
任务名称: SH85SelfCheck
模式: 周期自检
轮次ID: 20260602_153047_591
设备: 12027
结果: 失败
结果码: StartCommandFailed
说明: 启动自检指令下发失败: 等待RTU响应超时
开始时间: 2026-06-02 15:30:47.591
结束时间: 2026-06-02 15:31:02.681
耗时: 15090 ms
----------------------------- 执行明细 -----------------------------
自检任务开始
总时长: 70 s
自检器启动成功
进入阶段: 阶段1 - 下发启动自检指令
指令下发明细: 完成
指令: StartSelfCheck
所属阶段: 阶段1 - 下发启动自检指令
发送时间: 2026-06-02 15:31:01.667
响应时间: -
发送次数: 1/1
发送指令帧: 01 06 00 17 00 A5 F9 B5
响应帧: 超时, 等待RTU响应超时
错误信息: 等待RTU响应超时
处理结果: 失败
============================= SH85SelfCheck 执行记录结束 =============================
[设备记录 27/80 END] QRCode=12027 轮次ID=20260602_153047_591
[设备记录 28/80 BEGIN] QRCode=12028 轮次ID=20260602_153047_591
============================= SH85SelfCheck 执行记录 =============================
任务名称: SH85SelfCheck
模式: 周期自检
轮次ID: 20260602_153047_591
设备: 12028
结果: 失败
结果码: StartCommandFailed
说明: 启动自检指令下发失败: 等待RTU响应超时
开始时间: 2026-06-02 15:30:47.591
结束时间: 2026-06-02 15:31:02.687
耗时: 15096 ms
----------------------------- 执行明细 -----------------------------
自检任务开始
总时长: 70 s
自检器启动成功
进入阶段: 阶段1 - 下发启动自检指令
指令下发明细: 完成
指令: StartSelfCheck
所属阶段: 阶段1 - 下发启动自检指令
发送时间: 2026-06-02 15:31:01.664
响应时间: -
发送次数: 1/1
发送指令帧: 01 06 00 17 00 A5 F9 B5
响应帧: 超时, 等待RTU响应超时
错误信息: 等待RTU响应超时
处理结果: 失败
============================= SH85SelfCheck 执行记录结束 =============================
[设备记录 28/80 END] QRCode=12028 轮次ID=20260602_153047_591
[设备记录 29/80 BEGIN] QRCode=12029 轮次ID=20260602_153047_591
============================= SH85SelfCheck 执行记录 =============================
任务名称: SH85SelfCheck
模式: 周期自检
轮次ID: 20260602_153047_591
设备: 12029
结果: 失败
结果码: StartCommandFailed
说明: 启动自检指令下发失败: 等待RTU响应超时
开始时间: 2026-06-02 15:30:47.591
结束时间: 2026-06-02 15:31:02.687
耗时: 15096 ms
----------------------------- 执行明细 -----------------------------
自检任务开始
总时长: 70 s
自检器启动成功
进入阶段: 阶段1 - 下发启动自检指令
指令下发明细: 完成
指令: StartSelfCheck
所属阶段: 阶段1 - 下发启动自检指令
发送时间: 2026-06-02 15:31:01.664
响应时间: -
发送次数: 1/1
发送指令帧: 01 06 00 17 00 A5 F9 B5
响应帧: 超时, 等待RTU响应超时
错误信息: 等待RTU响应超时
处理结果: 失败
============================= SH85SelfCheck 执行记录结束 =============================
[设备记录 29/80 END] QRCode=12029 轮次ID=20260602_153047_591
[设备记录 30/80 BEGIN] QRCode=12030 轮次ID=20260602_153047_591
============================= SH85SelfCheck 执行记录 =============================
任务名称: SH85SelfCheck
模式: 周期自检
轮次ID: 20260602_153047_591
设备: 12030
结果: 失败
结果码: StartCommandFailed
说明: 启动自检指令下发失败: 等待RTU响应超时
开始时间: 2026-06-02 15:30:47.591
结束时间: 2026-06-02 15:31:02.687
耗时: 15096 ms
----------------------------- 执行明细 -----------------------------
自检任务开始
总时长: 70 s
自检器启动成功
进入阶段: 阶段1 - 下发启动自检指令
指令下发明细: 完成
指令: StartSelfCheck
所属阶段: 阶段1 - 下发启动自检指令
发送时间: 2026-06-02 15:31:01.664
响应时间: -
发送次数: 1/1
发送指令帧: 01 06 00 17 00 A5 F9 B5
响应帧: 超时, 等待RTU响应超时
错误信息: 等待RTU响应超时
处理结果: 失败
============================= SH85SelfCheck 执行记录结束 =============================
[设备记录 30/80 END] QRCode=12030 轮次ID=20260602_153047_591
[设备记录 31/80 BEGIN] QRCode=12031 轮次ID=20260602_153047_591
============================= SH85SelfCheck 执行记录 =============================
任务名称: SH85SelfCheck
模式: 周期自检
轮次ID: 20260602_153047_591
设备: 12031
结果: 失败
结果码: StartCommandFailed
说明: 启动自检指令下发失败: 等待RTU响应超时
开始时间: 2026-06-02 15:30:47.591
结束时间: 2026-06-02 15:31:02.687
耗时: 15096 ms
----------------------------- 执行明细 -----------------------------
自检任务开始
总时长: 70 s
自检器启动成功
进入阶段: 阶段1 - 下发启动自检指令
指令下发明细: 完成
指令: StartSelfCheck
所属阶段: 阶段1 - 下发启动自检指令
发送时间: 2026-06-02 15:31:01.664
响应时间: -
发送次数: 1/1
发送指令帧: 01 06 00 17 00 A5 F9 B5
响应帧: 超时, 等待RTU响应超时
错误信息: 等待RTU响应超时
处理结果: 失败
============================= SH85SelfCheck 执行记录结束 =============================
[设备记录 31/80 END] QRCode=12031 轮次ID=20260602_153047_591
[设备记录 32/80 BEGIN] QRCode=12032 轮次ID=20260602_153047_591
============================= SH85SelfCheck 执行记录 =============================
任务名称: SH85SelfCheck
模式: 周期自检
轮次ID: 20260602_153047_591
设备: 12032
结果: 失败
结果码: StartCommandFailed
说明: 启动自检指令下发失败: 等待RTU响应超时
开始时间: 2026-06-02 15:30:47.591
结束时间: 2026-06-02 15:31:02.681
耗时: 15090 ms
----------------------------- 执行明细 -----------------------------
自检任务开始
总时长: 70 s
自检器启动成功
进入阶段: 阶段1 - 下发启动自检指令
指令下发明细: 完成
指令: StartSelfCheck
所属阶段: 阶段1 - 下发启动自检指令
发送时间: 2026-06-02 15:31:01.666
响应时间: -
发送次数: 1/1
发送指令帧: 01 06 00 17 00 A5 F9 B5
响应帧: 超时, 等待RTU响应超时
错误信息: 等待RTU响应超时
处理结果: 失败
============================= SH85SelfCheck 执行记录结束 =============================
[设备记录 32/80 END] QRCode=12032 轮次ID=20260602_153047_591
[设备记录 33/80 BEGIN] QRCode=12033 轮次ID=20260602_153047_591
============================= SH85SelfCheck 执行记录 =============================
任务名称: SH85SelfCheck
模式: 周期自检
轮次ID: 20260602_153047_591
设备: 12033
结果: 失败
结果码: StartCommandFailed
说明: 启动自检指令下发失败: 等待RTU响应超时
开始时间: 2026-06-02 15:30:47.591
结束时间: 2026-06-02 15:31:02.682
耗时: 15091 ms
----------------------------- 执行明细 -----------------------------
自检任务开始
总时长: 70 s
自检器启动成功
进入阶段: 阶段1 - 下发启动自检指令
指令下发明细: 完成
指令: StartSelfCheck
所属阶段: 阶段1 - 下发启动自检指令
发送时间: 2026-06-02 15:31:01.666
响应时间: -
发送次数: 1/1
发送指令帧: 01 06 00 17 00 A5 F9 B5
响应帧: 超时, 等待RTU响应超时
错误信息: 等待RTU响应超时
处理结果: 失败
============================= SH85SelfCheck 执行记录结束 =============================
[设备记录 33/80 END] QRCode=12033 轮次ID=20260602_153047_591
[设备记录 34/80 BEGIN] QRCode=12034 轮次ID=20260602_153047_591
============================= SH85SelfCheck 执行记录 =============================
任务名称: SH85SelfCheck
模式: 周期自检
轮次ID: 20260602_153047_591
设备: 12034
结果: 失败
结果码: StartCommandFailed
说明: 启动自检指令下发失败: 等待RTU响应超时
开始时间: 2026-06-02 15:30:47.591
结束时间: 2026-06-02 15:31:02.681
耗时: 15090 ms
----------------------------- 执行明细 -----------------------------
自检任务开始
总时长: 70 s
自检器启动成功
进入阶段: 阶段1 - 下发启动自检指令
指令下发明细: 完成
指令: StartSelfCheck
所属阶段: 阶段1 - 下发启动自检指令
发送时间: 2026-06-02 15:31:01.666
响应时间: -
发送次数: 1/1
发送指令帧: 01 06 00 17 00 A5 F9 B5
响应帧: 超时, 等待RTU响应超时
错误信息: 等待RTU响应超时
处理结果: 失败
============================= SH85SelfCheck 执行记录结束 =============================
[设备记录 34/80 END] QRCode=12034 轮次ID=20260602_153047_591
[设备记录 35/80 BEGIN] QRCode=12035 轮次ID=20260602_153047_591
============================= SH85SelfCheck 执行记录 =============================
任务名称: SH85SelfCheck
模式: 周期自检
轮次ID: 20260602_153047_591
设备: 12035
结果: 失败
结果码: StartCommandFailed
说明: 启动自检指令下发失败: 等待RTU响应超时
开始时间: 2026-06-02 15:30:47.591
结束时间: 2026-06-02 15:31:02.688
耗时: 15097 ms
----------------------------- 执行明细 -----------------------------
自检任务开始
总时长: 70 s
自检器启动成功
进入阶段: 阶段1 - 下发启动自检指令
指令下发明细: 完成
指令: StartSelfCheck
所属阶段: 阶段1 - 下发启动自检指令
发送时间: 2026-06-02 15:31:01.664
响应时间: -
发送次数: 1/1
发送指令帧: 01 06 00 17 00 A5 F9 B5
响应帧: 超时, 等待RTU响应超时
错误信息: 等待RTU响应超时
处理结果: 失败
============================= SH85SelfCheck 执行记录结束 =============================
[设备记录 35/80 END] QRCode=12035 轮次ID=20260602_153047_591
[设备记录 36/80 BEGIN] QRCode=12036 轮次ID=20260602_153047_591
============================= SH85SelfCheck 执行记录 =============================
任务名称: SH85SelfCheck
模式: 周期自检
轮次ID: 20260602_153047_591
设备: 12036
结果: 失败
结果码: StartCommandFailed
说明: 启动自检指令下发失败: 等待RTU响应超时
开始时间: 2026-06-02 15:30:47.591
结束时间: 2026-06-02 15:31:02.680
耗时: 15089 ms
----------------------------- 执行明细 -----------------------------
自检任务开始
总时长: 70 s
自检器启动成功
进入阶段: 阶段1 - 下发启动自检指令
指令下发明细: 完成
指令: StartSelfCheck
所属阶段: 阶段1 - 下发启动自检指令
发送时间: 2026-06-02 15:31:01.666
响应时间: -
发送次数: 1/1
发送指令帧: 01 06 00 17 00 A5 F9 B5
响应帧: 超时, 等待RTU响应超时
错误信息: 等待RTU响应超时
处理结果: 失败
============================= SH85SelfCheck 执行记录结束 =============================
[设备记录 36/80 END] QRCode=12036 轮次ID=20260602_153047_591
[设备记录 37/80 BEGIN] QRCode=12037 轮次ID=20260602_153047_591
============================= SH85SelfCheck 执行记录 =============================
任务名称: SH85SelfCheck
模式: 周期自检
轮次ID: 20260602_153047_591
设备: 12037
结果: 失败
结果码: StartCommandFailed
说明: 启动自检指令下发失败: 等待RTU响应超时
开始时间: 2026-06-02 15:30:47.591
结束时间: 2026-06-02 15:31:02.681
耗时: 15090 ms
----------------------------- 执行明细 -----------------------------
自检任务开始
总时长: 70 s
自检器启动成功
进入阶段: 阶段1 - 下发启动自检指令
指令下发明细: 完成
指令: StartSelfCheck
所属阶段: 阶段1 - 下发启动自检指令
发送时间: 2026-06-02 15:31:01.666
响应时间: -
发送次数: 1/1
发送指令帧: 01 06 00 17 00 A5 F9 B5
响应帧: 超时, 等待RTU响应超时
错误信息: 等待RTU响应超时
处理结果: 失败
============================= SH85SelfCheck 执行记录结束 =============================
[设备记录 37/80 END] QRCode=12037 轮次ID=20260602_153047_591
[设备记录 38/80 BEGIN] QRCode=12038 轮次ID=20260602_153047_591
============================= SH85SelfCheck 执行记录 =============================
任务名称: SH85SelfCheck
模式: 周期自检
轮次ID: 20260602_153047_591
设备: 12038
结果: 失败
结果码: StartCommandFailed
说明: 启动自检指令下发失败: 等待RTU响应超时
开始时间: 2026-06-02 15:30:47.591
结束时间: 2026-06-02 15:31:02.681
耗时: 15090 ms
----------------------------- 执行明细 -----------------------------
自检任务开始
总时长: 70 s
自检器启动成功
进入阶段: 阶段1 - 下发启动自检指令
指令下发明细: 完成
指令: StartSelfCheck
所属阶段: 阶段1 - 下发启动自检指令
发送时间: 2026-06-02 15:31:01.666
响应时间: -
发送次数: 1/1
发送指令帧: 01 06 00 17 00 A5 F9 B5
响应帧: 超时, 等待RTU响应超时
错误信息: 等待RTU响应超时
处理结果: 失败
============================= SH85SelfCheck 执行记录结束 =============================
[设备记录 38/80 END] QRCode=12038 轮次ID=20260602_153047_591
[设备记录 39/80 BEGIN] QRCode=12039 轮次ID=20260602_153047_591
============================= SH85SelfCheck 执行记录 =============================
任务名称: SH85SelfCheck
模式: 周期自检
轮次ID: 20260602_153047_591
设备: 12039
结果: 失败
结果码: StartCommandFailed
说明: 启动自检指令下发失败: 等待RTU响应超时
开始时间: 2026-06-02 15:30:47.591
结束时间: 2026-06-02 15:31:02.691
耗时: 15100 ms
----------------------------- 执行明细 -----------------------------
自检任务开始
总时长: 70 s
自检器启动成功
进入阶段: 阶段1 - 下发启动自检指令
指令下发明细: 完成
指令: StartSelfCheck
所属阶段: 阶段1 - 下发启动自检指令
发送时间: 2026-06-02 15:31:01.685
响应时间: -
发送次数: 1/1
发送指令帧: 01 06 00 17 00 A5 F9 B5
响应帧: 超时, 等待RTU响应超时
错误信息: 等待RTU响应超时
处理结果: 失败
============================= SH85SelfCheck 执行记录结束 =============================
[设备记录 39/80 END] QRCode=12039 轮次ID=20260602_153047_591
[设备记录 40/80 BEGIN] QRCode=12040 轮次ID=20260602_153047_591
============================= SH85SelfCheck 执行记录 =============================
任务名称: SH85SelfCheck
模式: 周期自检
轮次ID: 20260602_153047_591
设备: 12040
结果: 失败
结果码: StartCommandFailed
说明: 启动自检指令下发失败: 等待RTU响应超时
开始时间: 2026-06-02 15:30:47.591
结束时间: 2026-06-02 15:31:02.682
耗时: 15091 ms
----------------------------- 执行明细 -----------------------------
自检任务开始
总时长: 70 s
自检器启动成功
进入阶段: 阶段1 - 下发启动自检指令
指令下发明细: 完成
指令: StartSelfCheck
所属阶段: 阶段1 - 下发启动自检指令
发送时间: 2026-06-02 15:31:01.666
响应时间: -
发送次数: 1/1
发送指令帧: 01 06 00 17 00 A5 F9 B5
响应帧: 超时, 等待RTU响应超时
错误信息: 等待RTU响应超时
处理结果: 失败
============================= SH85SelfCheck 执行记录结束 =============================
[设备记录 40/80 END] QRCode=12040 轮次ID=20260602_153047_591
[设备记录 41/80 BEGIN] QRCode=12041 轮次ID=20260602_153047_591
============================= SH85SelfCheck 执行记录 =============================
任务名称: SH85SelfCheck
模式: 周期自检
轮次ID: 20260602_153047_591
设备: 12041
结果: 失败
结果码: StartCommandFailed
说明: 启动自检指令下发失败: 等待RTU响应超时
开始时间: 2026-06-02 15:30:47.591
结束时间: 2026-06-02 15:31:02.681
耗时: 15090 ms
----------------------------- 执行明细 -----------------------------
自检任务开始
总时长: 70 s
自检器启动成功
进入阶段: 阶段1 - 下发启动自检指令
指令下发明细: 完成
指令: StartSelfCheck
所属阶段: 阶段1 - 下发启动自检指令
发送时间: 2026-06-02 15:31:01.667
响应时间: -
发送次数: 1/1
发送指令帧: 01 06 00 17 00 A5 F9 B5
响应帧: 超时, 等待RTU响应超时
错误信息: 等待RTU响应超时
处理结果: 失败
============================= SH85SelfCheck 执行记录结束 =============================
[设备记录 41/80 END] QRCode=12041 轮次ID=20260602_153047_591
[设备记录 42/80 BEGIN] QRCode=12042 轮次ID=20260602_153047_591
============================= SH85SelfCheck 执行记录 =============================
任务名称: SH85SelfCheck
模式: 周期自检
轮次ID: 20260602_153047_591
设备: 12042
结果: 失败
结果码: StartCommandFailed
说明: 启动自检指令下发失败: 等待RTU响应超时
开始时间: 2026-06-02 15:30:47.591
结束时间: 2026-06-02 15:31:02.680
耗时: 15089 ms
----------------------------- 执行明细 -----------------------------
自检任务开始
总时长: 70 s
自检器启动成功
进入阶段: 阶段1 - 下发启动自检指令
指令下发明细: 完成
指令: StartSelfCheck
所属阶段: 阶段1 - 下发启动自检指令
发送时间: 2026-06-02 15:31:01.666
响应时间: -
发送次数: 1/1
发送指令帧: 01 06 00 17 00 A5 F9 B5
响应帧: 超时, 等待RTU响应超时
错误信息: 等待RTU响应超时
处理结果: 失败
============================= SH85SelfCheck 执行记录结束 =============================
[设备记录 42/80 END] QRCode=12042 轮次ID=20260602_153047_591
[设备记录 43/80 BEGIN] QRCode=12043 轮次ID=20260602_153047_591
============================= SH85SelfCheck 执行记录 =============================
任务名称: SH85SelfCheck
模式: 周期自检
轮次ID: 20260602_153047_591
设备: 12043
结果: 失败
结果码: StartCommandFailed
说明: 启动自检指令下发失败: 等待RTU响应超时
开始时间: 2026-06-02 15:30:47.591
结束时间: 2026-06-02 15:31:02.697
耗时: 15106 ms
----------------------------- 执行明细 -----------------------------
自检任务开始
总时长: 70 s
自检器启动成功
进入阶段: 阶段1 - 下发启动自检指令
指令下发明细: 完成
指令: StartSelfCheck
所属阶段: 阶段1 - 下发启动自检指令
发送时间: 2026-06-02 15:31:01.685
响应时间: -
发送次数: 1/1
发送指令帧: 01 06 00 17 00 A5 F9 B5
响应帧: 超时, 等待RTU响应超时
错误信息: 等待RTU响应超时
处理结果: 失败
============================= SH85SelfCheck 执行记录结束 =============================
[设备记录 43/80 END] QRCode=12043 轮次ID=20260602_153047_591
[设备记录 44/80 BEGIN] QRCode=12044 轮次ID=20260602_153047_591
============================= SH85SelfCheck 执行记录 =============================
任务名称: SH85SelfCheck
模式: 周期自检
轮次ID: 20260602_153047_591
设备: 12044
结果: 失败
结果码: StartCommandFailed
说明: 启动自检指令下发失败: 等待RTU响应超时
开始时间: 2026-06-02 15:30:47.591
结束时间: 2026-06-02 15:31:02.683
耗时: 15092 ms
----------------------------- 执行明细 -----------------------------
自检任务开始
总时长: 70 s
自检器启动成功
进入阶段: 阶段1 - 下发启动自检指令
指令下发明细: 完成
指令: StartSelfCheck
所属阶段: 阶段1 - 下发启动自检指令
发送时间: 2026-06-02 15:31:01.668
响应时间: -
发送次数: 1/1
发送指令帧: 01 06 00 17 00 A5 F9 B5
响应帧: 超时, 等待RTU响应超时
错误信息: 等待RTU响应超时
处理结果: 失败
============================= SH85SelfCheck 执行记录结束 =============================
[设备记录 44/80 END] QRCode=12044 轮次ID=20260602_153047_591
[设备记录 45/80 BEGIN] QRCode=12045 轮次ID=20260602_153047_591
============================= SH85SelfCheck 执行记录 =============================
任务名称: SH85SelfCheck
模式: 周期自检
轮次ID: 20260602_153047_591
设备: 12045
结果: 失败
结果码: StartCommandFailed
说明: 启动自检指令下发失败: 等待RTU响应超时
开始时间: 2026-06-02 15:30:47.591
结束时间: 2026-06-02 15:31:02.691
耗时: 15100 ms
----------------------------- 执行明细 -----------------------------
自检任务开始
总时长: 70 s
自检器启动成功
进入阶段: 阶段1 - 下发启动自检指令
指令下发明细: 完成
指令: StartSelfCheck
所属阶段: 阶段1 - 下发启动自检指令
发送时间: 2026-06-02 15:31:01.685
响应时间: -
发送次数: 1/1
发送指令帧: 01 06 00 17 00 A5 F9 B5
响应帧: 超时, 等待RTU响应超时
错误信息: 等待RTU响应超时
处理结果: 失败
============================= SH85SelfCheck 执行记录结束 =============================
[设备记录 45/80 END] QRCode=12045 轮次ID=20260602_153047_591
[设备记录 46/80 BEGIN] QRCode=12046 轮次ID=20260602_153047_591
============================= SH85SelfCheck 执行记录 =============================
任务名称: SH85SelfCheck
模式: 周期自检
轮次ID: 20260602_153047_591
设备: 12046
结果: 失败
结果码: StartCommandFailed
说明: 启动自检指令下发失败: 等待RTU响应超时
开始时间: 2026-06-02 15:30:47.591
结束时间: 2026-06-02 15:31:02.683
耗时: 15092 ms
----------------------------- 执行明细 -----------------------------
自检任务开始
总时长: 70 s
自检器启动成功
进入阶段: 阶段1 - 下发启动自检指令
指令下发明细: 完成
指令: StartSelfCheck
所属阶段: 阶段1 - 下发启动自检指令
发送时间: 2026-06-02 15:31:01.668
响应时间: -
发送次数: 1/1
发送指令帧: 01 06 00 17 00 A5 F9 B5
响应帧: 超时, 等待RTU响应超时
错误信息: 等待RTU响应超时
处理结果: 失败
============================= SH85SelfCheck 执行记录结束 =============================
[设备记录 46/80 END] QRCode=12046 轮次ID=20260602_153047_591
[设备记录 47/80 BEGIN] QRCode=12047 轮次ID=20260602_153047_591
============================= SH85SelfCheck 执行记录 =============================
任务名称: SH85SelfCheck
模式: 周期自检
轮次ID: 20260602_153047_591
设备: 12047
结果: 失败
结果码: StartCommandFailed
说明: 启动自检指令下发失败: 等待RTU响应超时
开始时间: 2026-06-02 15:30:47.591
结束时间: 2026-06-02 15:31:02.691
耗时: 15100 ms
----------------------------- 执行明细 -----------------------------
自检任务开始
总时长: 70 s
自检器启动成功
进入阶段: 阶段1 - 下发启动自检指令
指令下发明细: 完成
指令: StartSelfCheck
所属阶段: 阶段1 - 下发启动自检指令
发送时间: 2026-06-02 15:31:01.685
响应时间: -
发送次数: 1/1
发送指令帧: 01 06 00 17 00 A5 F9 B5
响应帧: 超时, 等待RTU响应超时
错误信息: 等待RTU响应超时
处理结果: 失败
============================= SH85SelfCheck 执行记录结束 =============================
[设备记录 47/80 END] QRCode=12047 轮次ID=20260602_153047_591
[设备记录 48/80 BEGIN] QRCode=12048 轮次ID=20260602_153047_591
============================= SH85SelfCheck 执行记录 =============================
任务名称: SH85SelfCheck
模式: 周期自检
轮次ID: 20260602_153047_591
设备: 12048
结果: 失败
结果码: StartCommandFailed
说明: 启动自检指令下发失败: 等待RTU响应超时
开始时间: 2026-06-02 15:30:47.591
结束时间: 2026-06-02 15:31:02.695
耗时: 15104 ms
----------------------------- 执行明细 -----------------------------
自检任务开始
总时长: 70 s
自检器启动成功
进入阶段: 阶段1 - 下发启动自检指令
指令下发明细: 完成
指令: StartSelfCheck
所属阶段: 阶段1 - 下发启动自检指令
发送时间: 2026-06-02 15:31:01.685
响应时间: -
发送次数: 1/1
发送指令帧: 01 06 00 17 00 A5 F9 B5
响应帧: 超时, 等待RTU响应超时
错误信息: 等待RTU响应超时
处理结果: 失败
============================= SH85SelfCheck 执行记录结束 =============================
[设备记录 48/80 END] QRCode=12048 轮次ID=20260602_153047_591
[设备记录 49/80 BEGIN] QRCode=12049 轮次ID=20260602_153047_591
============================= SH85SelfCheck 执行记录 =============================
任务名称: SH85SelfCheck
模式: 周期自检
轮次ID: 20260602_153047_591
设备: 12049
结果: 失败
结果码: StartCommandFailed
说明: 启动自检指令下发失败: 等待RTU响应超时
开始时间: 2026-06-02 15:30:47.591
结束时间: 2026-06-02 15:31:02.697
耗时: 15106 ms
----------------------------- 执行明细 -----------------------------
自检任务开始
总时长: 70 s
自检器启动成功
进入阶段: 阶段1 - 下发启动自检指令
指令下发明细: 完成
指令: StartSelfCheck
所属阶段: 阶段1 - 下发启动自检指令
发送时间: 2026-06-02 15:31:01.685
响应时间: -
发送次数: 1/1
发送指令帧: 01 06 00 17 00 A5 F9 B5
响应帧: 超时, 等待RTU响应超时
错误信息: 等待RTU响应超时
处理结果: 失败
============================= SH85SelfCheck 执行记录结束 =============================
[设备记录 49/80 END] QRCode=12049 轮次ID=20260602_153047_591
[设备记录 50/80 BEGIN] QRCode=12050 轮次ID=20260602_153047_591
============================= SH85SelfCheck 执行记录 =============================
任务名称: SH85SelfCheck
模式: 周期自检
轮次ID: 20260602_153047_591
设备: 12050
结果: 失败
结果码: StartCommandFailed
说明: 启动自检指令下发失败: 等待RTU响应超时
开始时间: 2026-06-02 15:30:47.591
结束时间: 2026-06-02 15:31:02.685
耗时: 15094 ms
----------------------------- 执行明细 -----------------------------
自检任务开始
总时长: 70 s
自检器启动成功
进入阶段: 阶段1 - 下发启动自检指令
指令下发明细: 完成
指令: StartSelfCheck
所属阶段: 阶段1 - 下发启动自检指令
发送时间: 2026-06-02 15:31:01.668
响应时间: -
发送次数: 1/1
发送指令帧: 01 06 00 17 00 A5 F9 B5
响应帧: 超时, 等待RTU响应超时
错误信息: 等待RTU响应超时
处理结果: 失败
============================= SH85SelfCheck 执行记录结束 =============================
[设备记录 50/80 END] QRCode=12050 轮次ID=20260602_153047_591
[设备记录 51/80 BEGIN] QRCode=12051 轮次ID=20260602_153047_591
============================= SH85SelfCheck 执行记录 =============================
任务名称: SH85SelfCheck
模式: 周期自检
轮次ID: 20260602_153047_591
设备: 12051
结果: 失败
结果码: StartCommandFailed
说明: 启动自检指令下发失败: 等待RTU响应超时
开始时间: 2026-06-02 15:30:47.591
结束时间: 2026-06-02 15:31:02.684
耗时: 15093 ms
----------------------------- 执行明细 -----------------------------
自检任务开始
总时长: 70 s
自检器启动成功
进入阶段: 阶段1 - 下发启动自检指令
指令下发明细: 完成
指令: StartSelfCheck
所属阶段: 阶段1 - 下发启动自检指令
发送时间: 2026-06-02 15:31:01.668
响应时间: -
发送次数: 1/1
发送指令帧: 01 06 00 17 00 A5 F9 B5
响应帧: 超时, 等待RTU响应超时
错误信息: 等待RTU响应超时
处理结果: 失败
============================= SH85SelfCheck 执行记录结束 =============================
[设备记录 51/80 END] QRCode=12051 轮次ID=20260602_153047_591
[设备记录 52/80 BEGIN] QRCode=12052 轮次ID=20260602_153047_591
============================= SH85SelfCheck 执行记录 =============================
任务名称: SH85SelfCheck
模式: 周期自检
轮次ID: 20260602_153047_591
设备: 12052
结果: 失败
结果码: StartCommandFailed
说明: 启动自检指令下发失败: 等待RTU响应超时
开始时间: 2026-06-02 15:30:47.591
结束时间: 2026-06-02 15:31:02.682
耗时: 15091 ms
----------------------------- 执行明细 -----------------------------
自检任务开始
总时长: 70 s
自检器启动成功
进入阶段: 阶段1 - 下发启动自检指令
指令下发明细: 完成
指令: StartSelfCheck
所属阶段: 阶段1 - 下发启动自检指令
发送时间: 2026-06-02 15:31:01.668
响应时间: -
发送次数: 1/1
发送指令帧: 01 06 00 17 00 A5 F9 B5
响应帧: 超时, 等待RTU响应超时
错误信息: 等待RTU响应超时
处理结果: 失败
============================= SH85SelfCheck 执行记录结束 =============================
[设备记录 52/80 END] QRCode=12052 轮次ID=20260602_153047_591
[设备记录 53/80 BEGIN] QRCode=12053 轮次ID=20260602_153047_591
============================= SH85SelfCheck 执行记录 =============================
任务名称: SH85SelfCheck
模式: 周期自检
轮次ID: 20260602_153047_591
设备: 12053
结果: 失败
结果码: StartCommandFailed
说明: 启动自检指令下发失败: 等待RTU响应超时
开始时间: 2026-06-02 15:30:47.591
结束时间: 2026-06-02 15:31:02.684
耗时: 15093 ms
----------------------------- 执行明细 -----------------------------
自检任务开始
总时长: 70 s
自检器启动成功
进入阶段: 阶段1 - 下发启动自检指令
指令下发明细: 完成
指令: StartSelfCheck
所属阶段: 阶段1 - 下发启动自检指令
发送时间: 2026-06-02 15:31:01.668
响应时间: -
发送次数: 1/1
发送指令帧: 01 06 00 17 00 A5 F9 B5
响应帧: 超时, 等待RTU响应超时
错误信息: 等待RTU响应超时
处理结果: 失败
============================= SH85SelfCheck 执行记录结束 =============================
[设备记录 53/80 END] QRCode=12053 轮次ID=20260602_153047_591
[设备记录 54/80 BEGIN] QRCode=12054 轮次ID=20260602_153047_591
============================= SH85SelfCheck 执行记录 =============================
任务名称: SH85SelfCheck
模式: 周期自检
轮次ID: 20260602_153047_591
设备: 12054
结果: 失败
结果码: StartCommandFailed
说明: 启动自检指令下发失败: 等待RTU响应超时
开始时间: 2026-06-02 15:30:47.591
结束时间: 2026-06-02 15:31:02.693
耗时: 15102 ms
----------------------------- 执行明细 -----------------------------
自检任务开始
总时长: 70 s
自检器启动成功
进入阶段: 阶段1 - 下发启动自检指令
指令下发明细: 完成
指令: StartSelfCheck
所属阶段: 阶段1 - 下发启动自检指令
发送时间: 2026-06-02 15:31:01.685
响应时间: -
发送次数: 1/1
发送指令帧: 01 06 00 17 00 A5 F9 B5
响应帧: 超时, 等待RTU响应超时
错误信息: 等待RTU响应超时
处理结果: 失败
============================= SH85SelfCheck 执行记录结束 =============================
[设备记录 54/80 END] QRCode=12054 轮次ID=20260602_153047_591
[设备记录 55/80 BEGIN] QRCode=12055 轮次ID=20260602_153047_591
============================= SH85SelfCheck 执行记录 =============================
任务名称: SH85SelfCheck
模式: 周期自检
轮次ID: 20260602_153047_591
设备: 12055
结果: 失败
结果码: StartCommandFailed
说明: 启动自检指令下发失败: 等待RTU响应超时
开始时间: 2026-06-02 15:30:47.591
结束时间: 2026-06-02 15:31:02.697
耗时: 15106 ms
----------------------------- 执行明细 -----------------------------
自检任务开始
总时长: 70 s
自检器启动成功
进入阶段: 阶段1 - 下发启动自检指令
指令下发明细: 完成
指令: StartSelfCheck
所属阶段: 阶段1 - 下发启动自检指令
发送时间: 2026-06-02 15:31:01.685
响应时间: -
发送次数: 1/1
发送指令帧: 01 06 00 17 00 A5 F9 B5
响应帧: 超时, 等待RTU响应超时
错误信息: 等待RTU响应超时
处理结果: 失败
============================= SH85SelfCheck 执行记录结束 =============================
[设备记录 55/80 END] QRCode=12055 轮次ID=20260602_153047_591
[设备记录 56/80 BEGIN] QRCode=12056 轮次ID=20260602_153047_591
============================= SH85SelfCheck 执行记录 =============================
任务名称: SH85SelfCheck
模式: 周期自检
轮次ID: 20260602_153047_591
设备: 12056
结果: 失败
结果码: StartCommandFailed
说明: 启动自检指令下发失败: 等待RTU响应超时
开始时间: 2026-06-02 15:30:47.591
结束时间: 2026-06-02 15:31:02.694
耗时: 15103 ms
----------------------------- 执行明细 -----------------------------
自检任务开始
总时长: 70 s
自检器启动成功
进入阶段: 阶段1 - 下发启动自检指令
指令下发明细: 完成
指令: StartSelfCheck
所属阶段: 阶段1 - 下发启动自检指令
发送时间: 2026-06-02 15:31:01.685
响应时间: -
发送次数: 1/1
发送指令帧: 01 06 00 17 00 A5 F9 B5
响应帧: 超时, 等待RTU响应超时
错误信息: 等待RTU响应超时
处理结果: 失败
============================= SH85SelfCheck 执行记录结束 =============================
[设备记录 56/80 END] QRCode=12056 轮次ID=20260602_153047_591
[设备记录 57/80 BEGIN] QRCode=12057 轮次ID=20260602_153047_591
============================= SH85SelfCheck 执行记录 =============================
任务名称: SH85SelfCheck
模式: 周期自检
轮次ID: 20260602_153047_591
设备: 12057
结果: 失败
结果码: StartCommandFailed
说明: 启动自检指令下发失败: 等待RTU响应超时
开始时间: 2026-06-02 15:30:47.591
结束时间: 2026-06-02 15:31:02.684
耗时: 15093 ms
----------------------------- 执行明细 -----------------------------
自检任务开始
总时长: 70 s
自检器启动成功
进入阶段: 阶段1 - 下发启动自检指令
指令下发明细: 完成
指令: StartSelfCheck
所属阶段: 阶段1 - 下发启动自检指令
发送时间: 2026-06-02 15:31:01.668
响应时间: -
发送次数: 1/1
发送指令帧: 01 06 00 17 00 A5 F9 B5
响应帧: 超时, 等待RTU响应超时
错误信息: 等待RTU响应超时
处理结果: 失败
============================= SH85SelfCheck 执行记录结束 =============================
[设备记录 57/80 END] QRCode=12057 轮次ID=20260602_153047_591
[设备记录 58/80 BEGIN] QRCode=12058 轮次ID=20260602_153047_591
============================= SH85SelfCheck 执行记录 =============================
任务名称: SH85SelfCheck
模式: 周期自检
轮次ID: 20260602_153047_591
设备: 12058
结果: 失败
结果码: StartCommandFailed
说明: 启动自检指令下发失败: 等待RTU响应超时
开始时间: 2026-06-02 15:30:47.591
结束时间: 2026-06-02 15:31:02.691
耗时: 15100 ms
----------------------------- 执行明细 -----------------------------
自检任务开始
总时长: 70 s
自检器启动成功
进入阶段: 阶段1 - 下发启动自检指令
指令下发明细: 完成
指令: StartSelfCheck
所属阶段: 阶段1 - 下发启动自检指令
发送时间: 2026-06-02 15:31:01.685
响应时间: -
发送次数: 1/1
发送指令帧: 01 06 00 17 00 A5 F9 B5
响应帧: 超时, 等待RTU响应超时
错误信息: 等待RTU响应超时
处理结果: 失败
============================= SH85SelfCheck 执行记录结束 =============================
[设备记录 58/80 END] QRCode=12058 轮次ID=20260602_153047_591
[设备记录 59/80 BEGIN] QRCode=12059 轮次ID=20260602_153047_591
============================= SH85SelfCheck 执行记录 =============================
任务名称: SH85SelfCheck
模式: 周期自检
轮次ID: 20260602_153047_591
设备: 12059
结果: 失败
结果码: StartCommandFailed
说明: 启动自检指令下发失败: 等待RTU响应超时
开始时间: 2026-06-02 15:30:47.591
结束时间: 2026-06-02 15:31:02.691
耗时: 15100 ms
----------------------------- 执行明细 -----------------------------
自检任务开始
总时长: 70 s
自检器启动成功
进入阶段: 阶段1 - 下发启动自检指令
指令下发明细: 完成
指令: StartSelfCheck
所属阶段: 阶段1 - 下发启动自检指令
发送时间: 2026-06-02 15:31:01.685
响应时间: -
发送次数: 1/1
发送指令帧: 01 06 00 17 00 A5 F9 B5
响应帧: 超时, 等待RTU响应超时
错误信息: 等待RTU响应超时
处理结果: 失败
============================= SH85SelfCheck 执行记录结束 =============================
[设备记录 59/80 END] QRCode=12059 轮次ID=20260602_153047_591
[设备记录 60/80 BEGIN] QRCode=12060 轮次ID=20260602_153047_591
============================= SH85SelfCheck 执行记录 =============================
任务名称: SH85SelfCheck
模式: 周期自检
轮次ID: 20260602_153047_591
设备: 12060
结果: 失败
结果码: StartCommandFailed
说明: 启动自检指令下发失败: 等待RTU响应超时
开始时间: 2026-06-02 15:30:47.591
结束时间: 2026-06-02 15:31:02.691
耗时: 15100 ms
----------------------------- 执行明细 -----------------------------
自检任务开始
总时长: 70 s
自检器启动成功
进入阶段: 阶段1 - 下发启动自检指令
指令下发明细: 完成
指令: StartSelfCheck
所属阶段: 阶段1 - 下发启动自检指令
发送时间: 2026-06-02 15:31:01.685
响应时间: -
发送次数: 1/1
发送指令帧: 01 06 00 17 00 A5 F9 B5
响应帧: 超时, 等待RTU响应超时
错误信息: 等待RTU响应超时
处理结果: 失败
============================= SH85SelfCheck 执行记录结束 =============================
[设备记录 60/80 END] QRCode=12060 轮次ID=20260602_153047_591
[设备记录 61/80 BEGIN] QRCode=12061 轮次ID=20260602_153047_591
============================= SH85SelfCheck 执行记录 =============================
任务名称: SH85SelfCheck
模式: 周期自检
轮次ID: 20260602_153047_591
设备: 12061
结果: 失败
结果码: StartCommandFailed
说明: 启动自检指令下发失败: 等待RTU响应超时
开始时间: 2026-06-02 15:30:47.591
结束时间: 2026-06-02 15:31:02.682
耗时: 15091 ms
----------------------------- 执行明细 -----------------------------
自检任务开始
总时长: 70 s
自检器启动成功
进入阶段: 阶段1 - 下发启动自检指令
指令下发明细: 完成
指令: StartSelfCheck
所属阶段: 阶段1 - 下发启动自检指令
发送时间: 2026-06-02 15:31:01.664
响应时间: -
发送次数: 1/1
发送指令帧: 01 06 00 17 00 A5 F9 B5
响应帧: 超时, 等待RTU响应超时
错误信息: 等待RTU响应超时
处理结果: 失败
============================= SH85SelfCheck 执行记录结束 =============================
[设备记录 61/80 END] QRCode=12061 轮次ID=20260602_153047_591
[设备记录 62/80 BEGIN] QRCode=12062 轮次ID=20260602_153047_591
============================= SH85SelfCheck 执行记录 =============================
任务名称: SH85SelfCheck
模式: 周期自检
轮次ID: 20260602_153047_591
设备: 12062
结果: 失败
结果码: StartCommandFailed
说明: 启动自检指令下发失败: 等待RTU响应超时
开始时间: 2026-06-02 15:30:47.591
结束时间: 2026-06-02 15:31:02.691
耗时: 15100 ms
----------------------------- 执行明细 -----------------------------
自检任务开始
总时长: 70 s
自检器启动成功
进入阶段: 阶段1 - 下发启动自检指令
指令下发明细: 完成
指令: StartSelfCheck
所属阶段: 阶段1 - 下发启动自检指令
发送时间: 2026-06-02 15:31:01.685
响应时间: -
发送次数: 1/1
发送指令帧: 01 06 00 17 00 A5 F9 B5
响应帧: 超时, 等待RTU响应超时
错误信息: 等待RTU响应超时
处理结果: 失败
============================= SH85SelfCheck 执行记录结束 =============================
[设备记录 62/80 END] QRCode=12062 轮次ID=20260602_153047_591
[设备记录 63/80 BEGIN] QRCode=12063 轮次ID=20260602_153047_591
============================= SH85SelfCheck 执行记录 =============================
任务名称: SH85SelfCheck
模式: 周期自检
轮次ID: 20260602_153047_591
设备: 12063
结果: 失败
结果码: StartCommandFailed
说明: 启动自检指令下发失败: 等待RTU响应超时
开始时间: 2026-06-02 15:30:47.591
结束时间: 2026-06-02 15:31:02.691
耗时: 15100 ms
----------------------------- 执行明细 -----------------------------
自检任务开始
总时长: 70 s
自检器启动成功
进入阶段: 阶段1 - 下发启动自检指令
指令下发明细: 完成
指令: StartSelfCheck
所属阶段: 阶段1 - 下发启动自检指令
发送时间: 2026-06-02 15:31:01.685
响应时间: -
发送次数: 1/1
发送指令帧: 01 06 00 17 00 A5 F9 B5
响应帧: 超时, 等待RTU响应超时
错误信息: 等待RTU响应超时
处理结果: 失败
============================= SH85SelfCheck 执行记录结束 =============================
[设备记录 63/80 END] QRCode=12063 轮次ID=20260602_153047_591
[设备记录 64/80 BEGIN] QRCode=12064 轮次ID=20260602_153047_591
============================= SH85SelfCheck 执行记录 =============================
任务名称: SH85SelfCheck
模式: 周期自检
轮次ID: 20260602_153047_591
设备: 12064
结果: 失败
结果码: StartCommandFailed
说明: 启动自检指令下发失败: 等待RTU响应超时
开始时间: 2026-06-02 15:30:47.591
结束时间: 2026-06-02 15:31:02.688
耗时: 15097 ms
----------------------------- 执行明细 -----------------------------
自检任务开始
总时长: 70 s
自检器启动成功
进入阶段: 阶段1 - 下发启动自检指令
指令下发明细: 完成
指令: StartSelfCheck
所属阶段: 阶段1 - 下发启动自检指令
发送时间: 2026-06-02 15:31:01.685
响应时间: -
发送次数: 1/1
发送指令帧: 01 06 00 17 00 A5 F9 B5
响应帧: 超时, 等待RTU响应超时
错误信息: 等待RTU响应超时
处理结果: 失败
============================= SH85SelfCheck 执行记录结束 =============================
[设备记录 64/80 END] QRCode=12064 轮次ID=20260602_153047_591
[设备记录 65/80 BEGIN] QRCode=12065 轮次ID=20260602_153047_591
============================= SH85SelfCheck 执行记录 =============================
任务名称: SH85SelfCheck
模式: 周期自检
轮次ID: 20260602_153047_591
设备: 12065
结果: 失败
结果码: StartCommandFailed
说明: 启动自检指令下发失败: 等待RTU响应超时
开始时间: 2026-06-02 15:30:47.591
结束时间: 2026-06-02 15:31:02.694
耗时: 15103 ms
----------------------------- 执行明细 -----------------------------
自检任务开始
总时长: 70 s
自检器启动成功
进入阶段: 阶段1 - 下发启动自检指令
指令下发明细: 完成
指令: StartSelfCheck
所属阶段: 阶段1 - 下发启动自检指令
发送时间: 2026-06-02 15:31:01.686
响应时间: -
发送次数: 1/1
发送指令帧: 01 06 00 17 00 A5 F9 B5
响应帧: 超时, 等待RTU响应超时
错误信息: 等待RTU响应超时
处理结果: 失败
============================= SH85SelfCheck 执行记录结束 =============================
[设备记录 65/80 END] QRCode=12065 轮次ID=20260602_153047_591
[设备记录 66/80 BEGIN] QRCode=12066 轮次ID=20260602_153047_591
============================= SH85SelfCheck 执行记录 =============================
任务名称: SH85SelfCheck
模式: 周期自检
轮次ID: 20260602_153047_591
设备: 12066
结果: 失败
结果码: StartCommandFailed
说明: 启动自检指令下发失败: 等待RTU响应超时
开始时间: 2026-06-02 15:30:47.591
结束时间: 2026-06-02 15:31:02.697
耗时: 15106 ms
----------------------------- 执行明细 -----------------------------
自检任务开始
总时长: 70 s
自检器启动成功
进入阶段: 阶段1 - 下发启动自检指令
指令下发明细: 完成
指令: StartSelfCheck
所属阶段: 阶段1 - 下发启动自检指令
发送时间: 2026-06-02 15:31:01.685
响应时间: -
发送次数: 1/1
发送指令帧: 01 06 00 17 00 A5 F9 B5
响应帧: 超时, 等待RTU响应超时
错误信息: 等待RTU响应超时
处理结果: 失败
============================= SH85SelfCheck 执行记录结束 =============================
[设备记录 66/80 END] QRCode=12066 轮次ID=20260602_153047_591
[设备记录 67/80 BEGIN] QRCode=12067 轮次ID=20260602_153047_591
============================= SH85SelfCheck 执行记录 =============================
任务名称: SH85SelfCheck
模式: 周期自检
轮次ID: 20260602_153047_591
设备: 12067
结果: 失败
结果码: StartCommandFailed
说明: 启动自检指令下发失败: 等待RTU响应超时
开始时间: 2026-06-02 15:30:47.591
结束时间: 2026-06-02 15:31:02.691
耗时: 15100 ms
----------------------------- 执行明细 -----------------------------
自检任务开始
总时长: 70 s
自检器启动成功
进入阶段: 阶段1 - 下发启动自检指令
指令下发明细: 完成
指令: StartSelfCheck
所属阶段: 阶段1 - 下发启动自检指令
发送时间: 2026-06-02 15:31:01.688
响应时间: -
发送次数: 1/1
发送指令帧: 01 06 00 17 00 A5 F9 B5
响应帧: 超时, 等待RTU响应超时
错误信息: 等待RTU响应超时
处理结果: 失败
============================= SH85SelfCheck 执行记录结束 =============================
[设备记录 67/80 END] QRCode=12067 轮次ID=20260602_153047_591
[设备记录 68/80 BEGIN] QRCode=12068 轮次ID=20260602_153047_591
============================= SH85SelfCheck 执行记录 =============================
任务名称: SH85SelfCheck
模式: 周期自检
轮次ID: 20260602_153047_591
设备: 12068
结果: 失败
结果码: StartCommandFailed
说明: 启动自检指令下发失败: 等待RTU响应超时
开始时间: 2026-06-02 15:30:47.591
结束时间: 2026-06-02 15:31:02.697
耗时: 15106 ms
----------------------------- 执行明细 -----------------------------
自检任务开始
总时长: 70 s
自检器启动成功
进入阶段: 阶段1 - 下发启动自检指令
指令下发明细: 完成
指令: StartSelfCheck
所属阶段: 阶段1 - 下发启动自检指令
发送时间: 2026-06-02 15:31:01.685
响应时间: -
发送次数: 1/1
发送指令帧: 01 06 00 17 00 A5 F9 B5
响应帧: 超时, 等待RTU响应超时
错误信息: 等待RTU响应超时
处理结果: 失败
============================= SH85SelfCheck 执行记录结束 =============================
[设备记录 68/80 END] QRCode=12068 轮次ID=20260602_153047_591
[设备记录 69/80 BEGIN] QRCode=12069 轮次ID=20260602_153047_591
============================= SH85SelfCheck 执行记录 =============================
任务名称: SH85SelfCheck
模式: 周期自检
轮次ID: 20260602_153047_591
设备: 12069
结果: 失败
结果码: StartCommandFailed
说明: 启动自检指令下发失败: 等待RTU响应超时
开始时间: 2026-06-02 15:30:47.591
结束时间: 2026-06-02 15:31:02.691
耗时: 15100 ms
----------------------------- 执行明细 -----------------------------
自检任务开始
总时长: 70 s
自检器启动成功
进入阶段: 阶段1 - 下发启动自检指令
指令下发明细: 完成
指令: StartSelfCheck
所属阶段: 阶段1 - 下发启动自检指令
发送时间: 2026-06-02 15:31:01.688
响应时间: -
发送次数: 1/1
发送指令帧: 01 06 00 17 00 A5 F9 B5
响应帧: 超时, 等待RTU响应超时
错误信息: 等待RTU响应超时
处理结果: 失败
============================= SH85SelfCheck 执行记录结束 =============================
[设备记录 69/80 END] QRCode=12069 轮次ID=20260602_153047_591
[设备记录 70/80 BEGIN] QRCode=12070 轮次ID=20260602_153047_591
============================= SH85SelfCheck 执行记录 =============================
任务名称: SH85SelfCheck
模式: 周期自检
轮次ID: 20260602_153047_591
设备: 12070
结果: 失败
结果码: StartCommandFailed
说明: 启动自检指令下发失败: 等待RTU响应超时
开始时间: 2026-06-02 15:30:47.591
结束时间: 2026-06-02 15:31:02.693
耗时: 15102 ms
----------------------------- 执行明细 -----------------------------
自检任务开始
总时长: 70 s
自检器启动成功
进入阶段: 阶段1 - 下发启动自检指令
指令下发明细: 完成
指令: StartSelfCheck
所属阶段: 阶段1 - 下发启动自检指令
发送时间: 2026-06-02 15:31:01.688
响应时间: -
发送次数: 1/1
发送指令帧: 01 06 00 17 00 A5 F9 B5
响应帧: 超时, 等待RTU响应超时
错误信息: 等待RTU响应超时
处理结果: 失败
============================= SH85SelfCheck 执行记录结束 =============================
[设备记录 70/80 END] QRCode=12070 轮次ID=20260602_153047_591
[设备记录 71/80 BEGIN] QRCode=12071 轮次ID=20260602_153047_591
============================= SH85SelfCheck 执行记录 =============================
任务名称: SH85SelfCheck
模式: 周期自检
轮次ID: 20260602_153047_591
设备: 12071
结果: 失败
结果码: StartCommandFailed
说明: 启动自检指令下发失败: 等待RTU响应超时
开始时间: 2026-06-02 15:30:47.591
结束时间: 2026-06-02 15:31:02.693
耗时: 15102 ms
----------------------------- 执行明细 -----------------------------
自检任务开始
总时长: 70 s
自检器启动成功
进入阶段: 阶段1 - 下发启动自检指令
指令下发明细: 完成
指令: StartSelfCheck
所属阶段: 阶段1 - 下发启动自检指令
发送时间: 2026-06-02 15:31:01.688
响应时间: -
发送次数: 1/1
发送指令帧: 01 06 00 17 00 A5 F9 B5
响应帧: 超时, 等待RTU响应超时
错误信息: 等待RTU响应超时
处理结果: 失败
============================= SH85SelfCheck 执行记录结束 =============================
[设备记录 71/80 END] QRCode=12071 轮次ID=20260602_153047_591
[设备记录 72/80 BEGIN] QRCode=12072 轮次ID=20260602_153047_591
============================= SH85SelfCheck 执行记录 =============================
任务名称: SH85SelfCheck
模式: 周期自检
轮次ID: 20260602_153047_591
设备: 12072
结果: 失败
结果码: StartCommandFailed
说明: 启动自检指令下发失败: 等待RTU响应超时
开始时间: 2026-06-02 15:30:47.591
结束时间: 2026-06-02 15:31:02.697
耗时: 15106 ms
----------------------------- 执行明细 -----------------------------
自检任务开始
总时长: 70 s
自检器启动成功
进入阶段: 阶段1 - 下发启动自检指令
指令下发明细: 完成
指令: StartSelfCheck
所属阶段: 阶段1 - 下发启动自检指令
发送时间: 2026-06-02 15:31:01.685
响应时间: -
发送次数: 1/1
发送指令帧: 01 06 00 17 00 A5 F9 B5
响应帧: 超时, 等待RTU响应超时
错误信息: 等待RTU响应超时
处理结果: 失败
============================= SH85SelfCheck 执行记录结束 =============================
[设备记录 72/80 END] QRCode=12072 轮次ID=20260602_153047_591
[设备记录 73/80 BEGIN] QRCode=12073 轮次ID=20260602_153047_591
============================= SH85SelfCheck 执行记录 =============================
任务名称: SH85SelfCheck
模式: 周期自检
轮次ID: 20260602_153047_591
设备: 12073
结果: 失败
结果码: StartCommandFailed
说明: 启动自检指令下发失败: 等待RTU响应超时
开始时间: 2026-06-02 15:30:47.591
结束时间: 2026-06-02 15:31:02.697
耗时: 15106 ms
----------------------------- 执行明细 -----------------------------
自检任务开始
总时长: 70 s
自检器启动成功
进入阶段: 阶段1 - 下发启动自检指令
指令下发明细: 完成
指令: StartSelfCheck
所属阶段: 阶段1 - 下发启动自检指令
发送时间: 2026-06-02 15:31:01.685
响应时间: -
发送次数: 1/1
发送指令帧: 01 06 00 17 00 A5 F9 B5
响应帧: 超时, 等待RTU响应超时
错误信息: 等待RTU响应超时
处理结果: 失败
============================= SH85SelfCheck 执行记录结束 =============================
[设备记录 73/80 END] QRCode=12073 轮次ID=20260602_153047_591
[设备记录 74/80 BEGIN] QRCode=12074 轮次ID=20260602_153047_591
============================= SH85SelfCheck 执行记录 =============================
任务名称: SH85SelfCheck
模式: 周期自检
轮次ID: 20260602_153047_591
设备: 12074
结果: 失败
结果码: StartCommandFailed
说明: 启动自检指令下发失败: 等待RTU响应超时
开始时间: 2026-06-02 15:30:47.591
结束时间: 2026-06-02 15:31:02.697
耗时: 15106 ms
----------------------------- 执行明细 -----------------------------
自检任务开始
总时长: 70 s
自检器启动成功
进入阶段: 阶段1 - 下发启动自检指令
指令下发明细: 完成
指令: StartSelfCheck
所属阶段: 阶段1 - 下发启动自检指令
发送时间: 2026-06-02 15:31:01.685
响应时间: -
发送次数: 1/1
发送指令帧: 01 06 00 17 00 A5 F9 B5
响应帧: 超时, 等待RTU响应超时
错误信息: 等待RTU响应超时
处理结果: 失败
============================= SH85SelfCheck 执行记录结束 =============================
[设备记录 74/80 END] QRCode=12074 轮次ID=20260602_153047_591
[设备记录 75/80 BEGIN] QRCode=12075 轮次ID=20260602_153047_591
============================= SH85SelfCheck 执行记录 =============================
任务名称: SH85SelfCheck
模式: 周期自检
轮次ID: 20260602_153047_591
设备: 12075
结果: 失败
结果码: StartCommandFailed
说明: 启动自检指令下发失败: 等待RTU响应超时
开始时间: 2026-06-02 15:30:47.591
结束时间: 2026-06-02 15:31:02.697
耗时: 15106 ms
----------------------------- 执行明细 -----------------------------
自检任务开始
总时长: 70 s
自检器启动成功
进入阶段: 阶段1 - 下发启动自检指令
指令下发明细: 完成
指令: StartSelfCheck
所属阶段: 阶段1 - 下发启动自检指令
发送时间: 2026-06-02 15:31:01.685
响应时间: -
发送次数: 1/1
发送指令帧: 01 06 00 17 00 A5 F9 B5
响应帧: 超时, 等待RTU响应超时
错误信息: 等待RTU响应超时
处理结果: 失败
============================= SH85SelfCheck 执行记录结束 =============================
[设备记录 75/80 END] QRCode=12075 轮次ID=20260602_153047_591
[设备记录 76/80 BEGIN] QRCode=12076 轮次ID=20260602_153047_591
============================= SH85SelfCheck 执行记录 =============================
任务名称: SH85SelfCheck
模式: 周期自检
轮次ID: 20260602_153047_591
设备: 12076
结果: 失败
结果码: StartCommandFailed
说明: 启动自检指令下发失败: 等待RTU响应超时
开始时间: 2026-06-02 15:30:47.591
结束时间: 2026-06-02 15:31:02.691
耗时: 15100 ms
----------------------------- 执行明细 -----------------------------
自检任务开始
总时长: 70 s
自检器启动成功
进入阶段: 阶段1 - 下发启动自检指令
指令下发明细: 完成
指令: StartSelfCheck
所属阶段: 阶段1 - 下发启动自检指令
发送时间: 2026-06-02 15:31:01.688
响应时间: -
发送次数: 1/1
发送指令帧: 01 06 00 17 00 A5 F9 B5
响应帧: 超时, 等待RTU响应超时
错误信息: 等待RTU响应超时
处理结果: 失败
============================= SH85SelfCheck 执行记录结束 =============================
[设备记录 76/80 END] QRCode=12076 轮次ID=20260602_153047_591
[设备记录 77/80 BEGIN] QRCode=12077 轮次ID=20260602_153047_591
============================= SH85SelfCheck 执行记录 =============================
任务名称: SH85SelfCheck
模式: 周期自检
轮次ID: 20260602_153047_591
设备: 12077
结果: 失败
结果码: StartCommandFailed
说明: 启动自检指令下发失败: 等待RTU响应超时
开始时间: 2026-06-02 15:30:47.591
结束时间: 2026-06-02 15:31:02.693
耗时: 15102 ms
----------------------------- 执行明细 -----------------------------
自检任务开始
总时长: 70 s
自检器启动成功
进入阶段: 阶段1 - 下发启动自检指令
指令下发明细: 完成
指令: StartSelfCheck
所属阶段: 阶段1 - 下发启动自检指令
发送时间: 2026-06-02 15:31:01.688
响应时间: -
发送次数: 1/1
发送指令帧: 01 06 00 17 00 A5 F9 B5
响应帧: 超时, 等待RTU响应超时
错误信息: 等待RTU响应超时
处理结果: 失败
============================= SH85SelfCheck 执行记录结束 =============================
[设备记录 77/80 END] QRCode=12077 轮次ID=20260602_153047_591
[设备记录 78/80 BEGIN] QRCode=12078 轮次ID=20260602_153047_591
============================= SH85SelfCheck 执行记录 =============================
任务名称: SH85SelfCheck
模式: 周期自检
轮次ID: 20260602_153047_591
设备: 12078
结果: 失败
结果码: StartCommandFailed
说明: 启动自检指令下发失败: 等待RTU响应超时
开始时间: 2026-06-02 15:30:47.591
结束时间: 2026-06-02 15:30:56.596
耗时: 9005 ms
----------------------------- 执行明细 -----------------------------
自检任务开始
总时长: 70 s
自检器启动成功
进入阶段: 阶段1 - 下发启动自检指令
指令下发明细: 完成
指令: StartSelfCheck
所属阶段: 阶段1 - 下发启动自检指令
发送时间: 2026-06-02 15:30:55.599
响应时间: -
发送次数: 1/1
发送指令帧: 01 06 00 17 00 A5 F9 B5
响应帧: 超时, 等待RTU响应超时
错误信息: 等待RTU响应超时
处理结果: 失败
============================= SH85SelfCheck 执行记录结束 =============================
[设备记录 78/80 END] QRCode=12078 轮次ID=20260602_153047_591
[设备记录 79/80 BEGIN] QRCode=12079 轮次ID=20260602_153047_591
============================= SH85SelfCheck 执行记录 =============================
任务名称: SH85SelfCheck
模式: 周期自检
轮次ID: 20260602_153047_591
设备: 12079
结果: 失败
结果码: StartCommandFailed
说明: 启动自检指令下发失败: 等待RTU响应超时
开始时间: 2026-06-02 15:30:47.591
结束时间: 2026-06-02 15:30:56.616
耗时: 9025 ms
----------------------------- 执行明细 -----------------------------
自检任务开始
总时长: 70 s
自检器启动成功
进入阶段: 阶段1 - 下发启动自检指令
指令下发明细: 完成
指令: StartSelfCheck
所属阶段: 阶段1 - 下发启动自检指令
发送时间: 2026-06-02 15:30:55.601
响应时间: -
发送次数: 1/1
发送指令帧: 01 06 00 17 00 A5 F9 B5
响应帧: 超时, 等待RTU响应超时
错误信息: 等待RTU响应超时
处理结果: 失败
============================= SH85SelfCheck 执行记录结束 =============================
[设备记录 79/80 END] QRCode=12079 轮次ID=20260602_153047_591
[设备记录 80/80 BEGIN] QRCode=12080 轮次ID=20260602_153047_591
============================= SH85SelfCheck 执行记录 =============================
任务名称: SH85SelfCheck
模式: 周期自检
轮次ID: 20260602_153047_591
设备: 12080
结果: 失败
结果码: StartCommandFailed
说明: 启动自检指令下发失败: 等待RTU响应超时
开始时间: 2026-06-02 15:30:47.591
结束时间: 2026-06-02 15:30:56.616
耗时: 9025 ms
----------------------------- 执行明细 -----------------------------
自检任务开始
总时长: 70 s
自检器启动成功
进入阶段: 阶段1 - 下发启动自检指令
指令下发明细: 完成
指令: StartSelfCheck
所属阶段: 阶段1 - 下发启动自检指令
发送时间: 2026-06-02 15:30:55.601
响应时间: -
发送次数: 1/1
发送指令帧: 01 06 00 17 00 A5 F9 B5
响应帧: 超时, 等待RTU响应超时
错误信息: 等待RTU响应超时
处理结果: 失败
============================= SH85SelfCheck 执行记录结束 =============================
[设备记录 80/80 END] QRCode=12080 轮次ID=20260602_153047_591
############################## SH85_PERIODIC_ROUND_END ##############################
轮次ID: 20260602_153047_591
################################################################################
[2026-06-02 15:31:02] [WARN] [SH85PeriodicSelfCheckTask] 周期自检轮次失败
轮次ID: 20260602_153047_591
开始时间: 2026-06-02 15:30:47
结束时间: 2026-06-02 15:31:02
总设备数: 80
参与设备数: 80
成功设备数: 0
失败设备数: 80
跳过设备数: 0
失败原因摘要:
- 启动自检指令下发失败: 等待RTU响应超时: 80 台
  设备: 12001, 12002, 12003, 12004, 12005, 12006, 12007, 12008, 12009, 12010, 12011, 12012, 12013, 12014, 12015, 12016, 12017, 12018, 12019, 12020, 12021, 12022, 12023, 12024, 12025, 12026, 12027, 12028, 12029, 12030, 12031, 12032, 12033, 12034, 12035, 12036, 12037, 12038, 12039, 12040, 12041, 12042, 12043, 12044, 12045, 12046, 12047, 12048, 12049, 12050, 12051, 12052, 12053, 12054, 12055, 12056, 12057, 12058, 12059, 12060, 12061, 12062, 12063, 12064, 12065, 12066, 12067, 12068, 12069, 12070, 12071, 12072, 12073, 12074, 12075, 12076, 12077, 12078, 12079, 12080
详细执行记录: 请在 self_check.log 搜索轮次ID 20260602_153047_591
[2026-06-02 15:31:52] [INFO] ################################################################################
############################# SH85_PERIODIC_ROUND_BEGIN #############################
任务名称: SH85PeriodicSelfCheckTask
模式: 周期自检
轮次ID: 20260602_153137_814
开始时间: 2026-06-02 15:31:37
结束时间: 2026-06-02 15:31:52
总设备数: 80
参与设备数: 80
成功设备数: 0
失败设备数: 80
跳过设备数: 0
结果: 失败
失败设备: 12001, 12002, 12003, 12004, 12005, 12006, 12007, 12008, 12009, 12010, 12011, 12012, 12013, 12014, 12015, 12016, 12017, 12018, 12019, 12020, 12021, 12022, 12023, 12024, 12025, 12026, 12027, 12028, 12029, 12030, 12031, 12032, 12033, 12034, 12035, 12036, 12037, 12038, 12039, 12040, 12041, 12042, 12043, 12044, 12045, 12046, 12047, 12048, 12049, 12050, 12051, 12052, 12053, 12054, 12055, 12056, 12057, 12058, 12059, 12060, 12061, 12062, 12063, 12064, 12065, 12066, 12067, 12068, 12069, 12070, 12071, 12072, 12073, 12074, 12075, 12076, 12077, 12078, 12079, 12080
跳过设备: 无
----------------------------- 设备执行记录列表 -----------------------------
[设备记录 1/80 BEGIN] QRCode=12001 轮次ID=20260602_153137_814
============================= SH85SelfCheck 执行记录 =============================
任务名称: SH85SelfCheck
模式: 周期自检
轮次ID: 20260602_153137_814
设备: 12001
结果: 失败
结果码: StartCommandFailed
说明: 启动自检指令下发失败: 等待RTU响应超时
开始时间: 2026-06-02 15:31:37.814
结束时间: 2026-06-02 15:31:52.788
耗时: 14974 ms
----------------------------- 执行明细 -----------------------------
自检任务开始
总时长: 70 s
自检器启动成功
进入阶段: 阶段1 - 下发启动自检指令
指令下发明细: 完成
指令: StartSelfCheck
所属阶段: 阶段1 - 下发启动自检指令
发送时间: 2026-06-02 15:31:51.760
响应时间: -
发送次数: 1/1
发送指令帧: 01 06 00 17 00 A5 F9 B5
响应帧: 超时, 等待RTU响应超时
错误信息: 等待RTU响应超时
处理结果: 失败
============================= SH85SelfCheck 执行记录结束 =============================
[设备记录 1/80 END] QRCode=12001 轮次ID=20260602_153137_814
[设备记录 2/80 BEGIN] QRCode=12002 轮次ID=20260602_153137_814
============================= SH85SelfCheck 执行记录 =============================
任务名称: SH85SelfCheck
模式: 周期自检
轮次ID: 20260602_153137_814
设备: 12002
结果: 失败
结果码: StartCommandFailed
说明: 启动自检指令下发失败: 等待RTU响应超时
开始时间: 2026-06-02 15:31:37.814
结束时间: 2026-06-02 15:31:52.765
耗时: 14951 ms
----------------------------- 执行明细 -----------------------------
自检任务开始
总时长: 70 s
自检器启动成功
进入阶段: 阶段1 - 下发启动自检指令
指令下发明细: 完成
指令: StartSelfCheck
所属阶段: 阶段1 - 下发启动自检指令
发送时间: 2026-06-02 15:31:51.747
响应时间: -
发送次数: 1/1
发送指令帧: 01 06 00 17 00 A5 F9 B5
响应帧: 超时, 等待RTU响应超时
错误信息: 等待RTU响应超时
处理结果: 失败
============================= SH85SelfCheck 执行记录结束 =============================
[设备记录 2/80 END] QRCode=12002 轮次ID=20260602_153137_814
[设备记录 3/80 BEGIN] QRCode=12003 轮次ID=20260602_153137_814
============================= SH85SelfCheck 执行记录 =============================
任务名称: SH85SelfCheck
模式: 周期自检
轮次ID: 20260602_153137_814
设备: 12003
结果: 失败
结果码: StartCommandFailed
说明: 启动自检指令下发失败: 等待RTU响应超时
开始时间: 2026-06-02 15:31:37.814
结束时间: 2026-06-02 15:31:52.766
耗时: 14952 ms
----------------------------- 执行明细 -----------------------------
自检任务开始
总时长: 70 s
自检器启动成功
进入阶段: 阶段1 - 下发启动自检指令
指令下发明细: 完成
指令: StartSelfCheck
所属阶段: 阶段1 - 下发启动自检指令
发送时间: 2026-06-02 15:31:51.746
响应时间: -
发送次数: 1/1
发送指令帧: 01 06 00 17 00 A5 F9 B5
响应帧: 超时, 等待RTU响应超时
错误信息: 等待RTU响应超时
处理结果: 失败
============================= SH85SelfCheck 执行记录结束 =============================
[设备记录 3/80 END] QRCode=12003 轮次ID=20260602_153137_814
[设备记录 4/80 BEGIN] QRCode=12004 轮次ID=20260602_153137_814
============================= SH85SelfCheck 执行记录 =============================
任务名称: SH85SelfCheck
模式: 周期自检
轮次ID: 20260602_153137_814
设备: 12004
结果: 失败
结果码: StartCommandFailed
说明: 启动自检指令下发失败: 等待RTU响应超时
开始时间: 2026-06-02 15:31:37.814
结束时间: 2026-06-02 15:31:52.766
耗时: 14952 ms
----------------------------- 执行明细 -----------------------------
自检任务开始
总时长: 70 s
自检器启动成功
进入阶段: 阶段1 - 下发启动自检指令
指令下发明细: 完成
指令: StartSelfCheck
所属阶段: 阶段1 - 下发启动自检指令
发送时间: 2026-06-02 15:31:51.746
响应时间: -
发送次数: 1/1
发送指令帧: 01 06 00 17 00 A5 F9 B5
响应帧: 超时, 等待RTU响应超时
错误信息: 等待RTU响应超时
处理结果: 失败
============================= SH85SelfCheck 执行记录结束 =============================
[设备记录 4/80 END] QRCode=12004 轮次ID=20260602_153137_814
[设备记录 5/80 BEGIN] QRCode=12005 轮次ID=20260602_153137_814
============================= SH85SelfCheck 执行记录 =============================
任务名称: SH85SelfCheck
模式: 周期自检
轮次ID: 20260602_153137_814
设备: 12005
结果: 失败
结果码: StartCommandFailed
说明: 启动自检指令下发失败: 等待RTU响应超时
开始时间: 2026-06-02 15:31:37.814
结束时间: 2026-06-02 15:31:52.766
耗时: 14952 ms
----------------------------- 执行明细 -----------------------------
自检任务开始
总时长: 70 s
自检器启动成功
进入阶段: 阶段1 - 下发启动自检指令
指令下发明细: 完成
指令: StartSelfCheck
所属阶段: 阶段1 - 下发启动自检指令
发送时间: 2026-06-02 15:31:51.746
响应时间: -
发送次数: 1/1
发送指令帧: 01 06 00 17 00 A5 F9 B5
响应帧: 超时, 等待RTU响应超时
错误信息: 等待RTU响应超时
处理结果: 失败
============================= SH85SelfCheck 执行记录结束 =============================
[设备记录 5/80 END] QRCode=12005 轮次ID=20260602_153137_814
[设备记录 6/80 BEGIN] QRCode=12006 轮次ID=20260602_153137_814
============================= SH85SelfCheck 执行记录 =============================
任务名称: SH85SelfCheck
模式: 周期自检
轮次ID: 20260602_153137_814
设备: 12006
结果: 失败
结果码: StartCommandFailed
说明: 启动自检指令下发失败: 等待RTU响应超时
开始时间: 2026-06-02 15:31:37.814
结束时间: 2026-06-02 15:31:52.764
耗时: 14950 ms
----------------------------- 执行明细 -----------------------------
自检任务开始
总时长: 70 s
自检器启动成功
进入阶段: 阶段1 - 下发启动自检指令
指令下发明细: 完成
指令: StartSelfCheck
所属阶段: 阶段1 - 下发启动自检指令
发送时间: 2026-06-02 15:31:51.747
响应时间: -
发送次数: 1/1
发送指令帧: 01 06 00 17 00 A5 F9 B5
响应帧: 超时, 等待RTU响应超时
错误信息: 等待RTU响应超时
处理结果: 失败
============================= SH85SelfCheck 执行记录结束 =============================
[设备记录 6/80 END] QRCode=12006 轮次ID=20260602_153137_814
[设备记录 7/80 BEGIN] QRCode=12007 轮次ID=20260602_153137_814
============================= SH85SelfCheck 执行记录 =============================
任务名称: SH85SelfCheck
模式: 周期自检
轮次ID: 20260602_153137_814
设备: 12007
结果: 失败
结果码: StartCommandFailed
说明: 启动自检指令下发失败: 等待RTU响应超时
开始时间: 2026-06-02 15:31:37.814
结束时间: 2026-06-02 15:31:52.764
耗时: 14950 ms
----------------------------- 执行明细 -----------------------------
自检任务开始
总时长: 70 s
自检器启动成功
进入阶段: 阶段1 - 下发启动自检指令
指令下发明细: 完成
指令: StartSelfCheck
所属阶段: 阶段1 - 下发启动自检指令
发送时间: 2026-06-02 15:31:51.747
响应时间: -
发送次数: 1/1
发送指令帧: 01 06 00 17 00 A5 F9 B5
响应帧: 超时, 等待RTU响应超时
错误信息: 等待RTU响应超时
处理结果: 失败
============================= SH85SelfCheck 执行记录结束 =============================
[设备记录 7/80 END] QRCode=12007 轮次ID=20260602_153137_814
[设备记录 8/80 BEGIN] QRCode=12008 轮次ID=20260602_153137_814
============================= SH85SelfCheck 执行记录 =============================
任务名称: SH85SelfCheck
模式: 周期自检
轮次ID: 20260602_153137_814
设备: 12008
结果: 失败
结果码: StartCommandFailed
说明: 启动自检指令下发失败: 等待RTU响应超时
开始时间: 2026-06-02 15:31:37.814
结束时间: 2026-06-02 15:31:52.734
耗时: 14920 ms
----------------------------- 执行明细 -----------------------------
自检任务开始
总时长: 70 s
自检器启动成功
进入阶段: 阶段1 - 下发启动自检指令
指令下发明细: 完成
指令: StartSelfCheck
所属阶段: 阶段1 - 下发启动自检指令
发送时间: 2026-06-02 15:31:51.730
响应时间: -
发送次数: 1/1
发送指令帧: 01 06 00 17 00 A5 F9 B5
响应帧: 超时, 等待RTU响应超时
错误信息: 等待RTU响应超时
处理结果: 失败
============================= SH85SelfCheck 执行记录结束 =============================
[设备记录 8/80 END] QRCode=12008 轮次ID=20260602_153137_814
[设备记录 9/80 BEGIN] QRCode=12009 轮次ID=20260602_153137_814
============================= SH85SelfCheck 执行记录 =============================
任务名称: SH85SelfCheck
模式: 周期自检
轮次ID: 20260602_153137_814
设备: 12009
结果: 失败
结果码: StartCommandFailed
说明: 启动自检指令下发失败: 等待RTU响应超时
开始时间: 2026-06-02 15:31:37.814
结束时间: 2026-06-02 15:31:52.766
耗时: 14952 ms
----------------------------- 执行明细 -----------------------------
自检任务开始
总时长: 70 s
自检器启动成功
进入阶段: 阶段1 - 下发启动自检指令
指令下发明细: 完成
指令: StartSelfCheck
所属阶段: 阶段1 - 下发启动自检指令
发送时间: 2026-06-02 15:31:51.746
响应时间: -
发送次数: 1/1
发送指令帧: 01 06 00 17 00 A5 F9 B5
响应帧: 超时, 等待RTU响应超时
错误信息: 等待RTU响应超时
处理结果: 失败
============================= SH85SelfCheck 执行记录结束 =============================
[设备记录 9/80 END] QRCode=12009 轮次ID=20260602_153137_814
[设备记录 10/80 BEGIN] QRCode=12010 轮次ID=20260602_153137_814
============================= SH85SelfCheck 执行记录 =============================
任务名称: SH85SelfCheck
模式: 周期自检
轮次ID: 20260602_153137_814
设备: 12010
结果: 失败
结果码: StartCommandFailed
说明: 启动自检指令下发失败: 等待RTU响应超时
开始时间: 2026-06-02 15:31:37.814
结束时间: 2026-06-02 15:31:52.765
耗时: 14951 ms
----------------------------- 执行明细 -----------------------------
自检任务开始
总时长: 70 s
自检器启动成功
进入阶段: 阶段1 - 下发启动自检指令
指令下发明细: 完成
指令: StartSelfCheck
所属阶段: 阶段1 - 下发启动自检指令
发送时间: 2026-06-02 15:31:51.747
响应时间: -
发送次数: 1/1
发送指令帧: 01 06 00 17 00 A5 F9 B5
响应帧: 超时, 等待RTU响应超时
错误信息: 等待RTU响应超时
处理结果: 失败
============================= SH85SelfCheck 执行记录结束 =============================
[设备记录 10/80 END] QRCode=12010 轮次ID=20260602_153137_814
[设备记录 11/80 BEGIN] QRCode=12011 轮次ID=20260602_153137_814
============================= SH85SelfCheck 执行记录 =============================
任务名称: SH85SelfCheck
模式: 周期自检
轮次ID: 20260602_153137_814
设备: 12011
结果: 失败
结果码: StartCommandFailed
说明: 启动自检指令下发失败: 等待RTU响应超时
开始时间: 2026-06-02 15:31:37.814
结束时间: 2026-06-02 15:31:52.753
耗时: 14939 ms
----------------------------- 执行明细 -----------------------------
自检任务开始
总时长: 70 s
自检器启动成功
进入阶段: 阶段1 - 下发启动自检指令
指令下发明细: 完成
指令: StartSelfCheck
所属阶段: 阶段1 - 下发启动自检指令
发送时间: 2026-06-02 15:31:51.747
响应时间: -
发送次数: 1/1
发送指令帧: 01 06 00 17 00 A5 F9 B5
响应帧: 超时, 等待RTU响应超时
错误信息: 等待RTU响应超时
处理结果: 失败
============================= SH85SelfCheck 执行记录结束 =============================
[设备记录 11/80 END] QRCode=12011 轮次ID=20260602_153137_814
[设备记录 12/80 BEGIN] QRCode=12012 轮次ID=20260602_153137_814
============================= SH85SelfCheck 执行记录 =============================
任务名称: SH85SelfCheck
模式: 周期自检
轮次ID: 20260602_153137_814
设备: 12012
结果: 失败
结果码: StartCommandFailed
说明: 启动自检指令下发失败: 等待RTU响应超时
开始时间: 2026-06-02 15:31:37.814
结束时间: 2026-06-02 15:31:52.765
耗时: 14951 ms
----------------------------- 执行明细 -----------------------------
自检任务开始
总时长: 70 s
自检器启动成功
进入阶段: 阶段1 - 下发启动自检指令
指令下发明细: 完成
指令: StartSelfCheck
所属阶段: 阶段1 - 下发启动自检指令
发送时间: 2026-06-02 15:31:51.747
响应时间: -
发送次数: 1/1
发送指令帧: 01 06 00 17 00 A5 F9 B5
响应帧: 超时, 等待RTU响应超时
错误信息: 等待RTU响应超时
处理结果: 失败
============================= SH85SelfCheck 执行记录结束 =============================
[设备记录 12/80 END] QRCode=12012 轮次ID=20260602_153137_814
[设备记录 13/80 BEGIN] QRCode=12013 轮次ID=20260602_153137_814
============================= SH85SelfCheck 执行记录 =============================
任务名称: SH85SelfCheck
模式: 周期自检
轮次ID: 20260602_153137_814
设备: 12013
结果: 失败
结果码: StartCommandFailed
说明: 启动自检指令下发失败: 等待RTU响应超时
开始时间: 2026-06-02 15:31:37.814
结束时间: 2026-06-02 15:31:52.766
耗时: 14952 ms
----------------------------- 执行明细 -----------------------------
自检任务开始
总时长: 70 s
自检器启动成功
进入阶段: 阶段1 - 下发启动自检指令
指令下发明细: 完成
指令: StartSelfCheck
所属阶段: 阶段1 - 下发启动自检指令
发送时间: 2026-06-02 15:31:51.746
响应时间: -
发送次数: 1/1
发送指令帧: 01 06 00 17 00 A5 F9 B5
响应帧: 超时, 等待RTU响应超时
错误信息: 等待RTU响应超时
处理结果: 失败
============================= SH85SelfCheck 执行记录结束 =============================
[设备记录 13/80 END] QRCode=12013 轮次ID=20260602_153137_814
[设备记录 14/80 BEGIN] QRCode=12014 轮次ID=20260602_153137_814
============================= SH85SelfCheck 执行记录 =============================
任务名称: SH85SelfCheck
模式: 周期自检
轮次ID: 20260602_153137_814
设备: 12014
结果: 失败
结果码: StartCommandFailed
说明: 启动自检指令下发失败: 等待RTU响应超时
开始时间: 2026-06-02 15:31:37.814
结束时间: 2026-06-02 15:31:52.765
耗时: 14951 ms
----------------------------- 执行明细 -----------------------------
自检任务开始
总时长: 70 s
自检器启动成功
进入阶段: 阶段1 - 下发启动自检指令
指令下发明细: 完成
指令: StartSelfCheck
所属阶段: 阶段1 - 下发启动自检指令
发送时间: 2026-06-02 15:31:51.746
响应时间: -
发送次数: 1/1
发送指令帧: 01 06 00 17 00 A5 F9 B5
响应帧: 超时, 等待RTU响应超时
错误信息: 等待RTU响应超时
处理结果: 失败
============================= SH85SelfCheck 执行记录结束 =============================
[设备记录 14/80 END] QRCode=12014 轮次ID=20260602_153137_814
[设备记录 15/80 BEGIN] QRCode=12015 轮次ID=20260602_153137_814
============================= SH85SelfCheck 执行记录 =============================
任务名称: SH85SelfCheck
模式: 周期自检
轮次ID: 20260602_153137_814
设备: 12015
结果: 失败
结果码: StartCommandFailed
说明: 启动自检指令下发失败: 等待RTU响应超时
开始时间: 2026-06-02 15:31:37.814
结束时间: 2026-06-02 15:31:52.767
耗时: 14953 ms
----------------------------- 执行明细 -----------------------------
自检任务开始
总时长: 70 s
自检器启动成功
进入阶段: 阶段1 - 下发启动自检指令
指令下发明细: 完成
指令: StartSelfCheck
所属阶段: 阶段1 - 下发启动自检指令
发送时间: 2026-06-02 15:31:51.746
响应时间: -
发送次数: 1/1
发送指令帧: 01 06 00 17 00 A5 F9 B5
响应帧: 超时, 等待RTU响应超时
错误信息: 等待RTU响应超时
处理结果: 失败
============================= SH85SelfCheck 执行记录结束 =============================
[设备记录 15/80 END] QRCode=12015 轮次ID=20260602_153137_814
[设备记录 16/80 BEGIN] QRCode=12016 轮次ID=20260602_153137_814
============================= SH85SelfCheck 执行记录 =============================
任务名称: SH85SelfCheck
模式: 周期自检
轮次ID: 20260602_153137_814
设备: 12016
结果: 失败
结果码: StartCommandFailed
说明: 启动自检指令下发失败: 等待RTU响应超时
开始时间: 2026-06-02 15:31:37.814
结束时间: 2026-06-02 15:31:52.764
耗时: 14950 ms
----------------------------- 执行明细 -----------------------------
自检任务开始
总时长: 70 s
自检器启动成功
进入阶段: 阶段1 - 下发启动自检指令
指令下发明细: 完成
指令: StartSelfCheck
所属阶段: 阶段1 - 下发启动自检指令
发送时间: 2026-06-02 15:31:51.747
响应时间: -
发送次数: 1/1
发送指令帧: 01 06 00 17 00 A5 F9 B5
响应帧: 超时, 等待RTU响应超时
错误信息: 等待RTU响应超时
处理结果: 失败
============================= SH85SelfCheck 执行记录结束 =============================
[设备记录 16/80 END] QRCode=12016 轮次ID=20260602_153137_814
[设备记录 17/80 BEGIN] QRCode=12017 轮次ID=20260602_153137_814
============================= SH85SelfCheck 执行记录 =============================
任务名称: SH85SelfCheck
模式: 周期自检
轮次ID: 20260602_153137_814
设备: 12017
结果: 失败
结果码: StartCommandFailed
说明: 启动自检指令下发失败: 等待RTU响应超时
开始时间: 2026-06-02 15:31:37.814
结束时间: 2026-06-02 15:31:52.765
耗时: 14951 ms
----------------------------- 执行明细 -----------------------------
自检任务开始
总时长: 70 s
自检器启动成功
进入阶段: 阶段1 - 下发启动自检指令
指令下发明细: 完成
指令: StartSelfCheck
所属阶段: 阶段1 - 下发启动自检指令
发送时间: 2026-06-02 15:31:51.747
响应时间: -
发送次数: 1/1
发送指令帧: 01 06 00 17 00 A5 F9 B5
响应帧: 超时, 等待RTU响应超时
错误信息: 等待RTU响应超时
处理结果: 失败
============================= SH85SelfCheck 执行记录结束 =============================
[设备记录 17/80 END] QRCode=12017 轮次ID=20260602_153137_814
[设备记录 18/80 BEGIN] QRCode=12018 轮次ID=20260602_153137_814
============================= SH85SelfCheck 执行记录 =============================
任务名称: SH85SelfCheck
模式: 周期自检
轮次ID: 20260602_153137_814
设备: 12018
结果: 失败
结果码: StartCommandFailed
说明: 启动自检指令下发失败: 等待RTU响应超时
开始时间: 2026-06-02 15:31:37.814
结束时间: 2026-06-02 15:31:52.762
耗时: 14948 ms
----------------------------- 执行明细 -----------------------------
自检任务开始
总时长: 70 s
自检器启动成功
进入阶段: 阶段1 - 下发启动自检指令
指令下发明细: 完成
指令: StartSelfCheck
所属阶段: 阶段1 - 下发启动自检指令
发送时间: 2026-06-02 15:31:51.747
响应时间: -
发送次数: 1/1
发送指令帧: 01 06 00 17 00 A5 F9 B5
响应帧: 超时, 等待RTU响应超时
错误信息: 等待RTU响应超时
处理结果: 失败
============================= SH85SelfCheck 执行记录结束 =============================
[设备记录 18/80 END] QRCode=12018 轮次ID=20260602_153137_814
[设备记录 19/80 BEGIN] QRCode=12019 轮次ID=20260602_153137_814
============================= SH85SelfCheck 执行记录 =============================
任务名称: SH85SelfCheck
模式: 周期自检
轮次ID: 20260602_153137_814
设备: 12019
结果: 失败
结果码: StartCommandFailed
说明: 启动自检指令下发失败: 等待RTU响应超时
开始时间: 2026-06-02 15:31:37.814
结束时间: 2026-06-02 15:31:52.765
耗时: 14951 ms
----------------------------- 执行明细 -----------------------------
自检任务开始
总时长: 70 s
自检器启动成功
进入阶段: 阶段1 - 下发启动自检指令
指令下发明细: 完成
指令: StartSelfCheck
所属阶段: 阶段1 - 下发启动自检指令
发送时间: 2026-06-02 15:31:51.747
响应时间: -
发送次数: 1/1
发送指令帧: 01 06 00 17 00 A5 F9 B5
响应帧: 超时, 等待RTU响应超时
错误信息: 等待RTU响应超时
处理结果: 失败
============================= SH85SelfCheck 执行记录结束 =============================
[设备记录 19/80 END] QRCode=12019 轮次ID=20260602_153137_814
[设备记录 20/80 BEGIN] QRCode=12020 轮次ID=20260602_153137_814
============================= SH85SelfCheck 执行记录 =============================
任务名称: SH85SelfCheck
模式: 周期自检
轮次ID: 20260602_153137_814
设备: 12020
结果: 失败
结果码: StartCommandFailed
说明: 启动自检指令下发失败: 等待RTU响应超时
开始时间: 2026-06-02 15:31:37.814
结束时间: 2026-06-02 15:31:52.766
耗时: 14952 ms
----------------------------- 执行明细 -----------------------------
自检任务开始
总时长: 70 s
自检器启动成功
进入阶段: 阶段1 - 下发启动自检指令
指令下发明细: 完成
指令: StartSelfCheck
所属阶段: 阶段1 - 下发启动自检指令
发送时间: 2026-06-02 15:31:51.746
响应时间: -
发送次数: 1/1
发送指令帧: 01 06 00 17 00 A5 F9 B5
响应帧: 超时, 等待RTU响应超时
错误信息: 等待RTU响应超时
处理结果: 失败
============================= SH85SelfCheck 执行记录结束 =============================
[设备记录 20/80 END] QRCode=12020 轮次ID=20260602_153137_814
[设备记录 21/80 BEGIN] QRCode=12021 轮次ID=20260602_153137_814
============================= SH85SelfCheck 执行记录 =============================
任务名称: SH85SelfCheck
模式: 周期自检
轮次ID: 20260602_153137_814
设备: 12021
结果: 失败
结果码: StartCommandFailed
说明: 启动自检指令下发失败: 等待RTU响应超时
开始时间: 2026-06-02 15:31:37.814
结束时间: 2026-06-02 15:31:52.765
耗时: 14951 ms
----------------------------- 执行明细 -----------------------------
自检任务开始
总时长: 70 s
自检器启动成功
进入阶段: 阶段1 - 下发启动自检指令
指令下发明细: 完成
指令: StartSelfCheck
所属阶段: 阶段1 - 下发启动自检指令
发送时间: 2026-06-02 15:31:51.747
响应时间: -
发送次数: 1/1
发送指令帧: 01 06 00 17 00 A5 F9 B5
响应帧: 超时, 等待RTU响应超时
错误信息: 等待RTU响应超时
处理结果: 失败
============================= SH85SelfCheck 执行记录结束 =============================
[设备记录 21/80 END] QRCode=12021 轮次ID=20260602_153137_814
[设备记录 22/80 BEGIN] QRCode=12022 轮次ID=20260602_153137_814
============================= SH85SelfCheck 执行记录 =============================
任务名称: SH85SelfCheck
模式: 周期自检
轮次ID: 20260602_153137_814
设备: 12022
结果: 失败
结果码: StartCommandFailed
说明: 启动自检指令下发失败: 等待RTU响应超时
开始时间: 2026-06-02 15:31:37.814
结束时间: 2026-06-02 15:31:52.767
耗时: 14953 ms
----------------------------- 执行明细 -----------------------------
自检任务开始
总时长: 70 s
自检器启动成功
进入阶段: 阶段1 - 下发启动自检指令
指令下发明细: 完成
指令: StartSelfCheck
所属阶段: 阶段1 - 下发启动自检指令
发送时间: 2026-06-02 15:31:51.746
响应时间: -
发送次数: 1/1
发送指令帧: 01 06 00 17 00 A5 F9 B5
响应帧: 超时, 等待RTU响应超时
错误信息: 等待RTU响应超时
处理结果: 失败
============================= SH85SelfCheck 执行记录结束 =============================
[设备记录 22/80 END] QRCode=12022 轮次ID=20260602_153137_814
[设备记录 23/80 BEGIN] QRCode=12023 轮次ID=20260602_153137_814
============================= SH85SelfCheck 执行记录 =============================
任务名称: SH85SelfCheck
模式: 周期自检
轮次ID: 20260602_153137_814
设备: 12023
结果: 失败
结果码: StartCommandFailed
说明: 启动自检指令下发失败: 等待RTU响应超时
开始时间: 2026-06-02 15:31:37.814
结束时间: 2026-06-02 15:31:52.766
耗时: 14952 ms
----------------------------- 执行明细 -----------------------------
自检任务开始
总时长: 70 s
自检器启动成功
进入阶段: 阶段1 - 下发启动自检指令
指令下发明细: 完成
指令: StartSelfCheck
所属阶段: 阶段1 - 下发启动自检指令
发送时间: 2026-06-02 15:31:51.746
响应时间: -
发送次数: 1/1
发送指令帧: 01 06 00 17 00 A5 F9 B5
响应帧: 超时, 等待RTU响应超时
错误信息: 等待RTU响应超时
处理结果: 失败
============================= SH85SelfCheck 执行记录结束 =============================
[设备记录 23/80 END] QRCode=12023 轮次ID=20260602_153137_814
[设备记录 24/80 BEGIN] QRCode=12024 轮次ID=20260602_153137_814
============================= SH85SelfCheck 执行记录 =============================
任务名称: SH85SelfCheck
模式: 周期自检
轮次ID: 20260602_153137_814
设备: 12024
结果: 失败
结果码: StartCommandFailed
说明: 启动自检指令下发失败: 等待RTU响应超时
开始时间: 2026-06-02 15:31:37.814
结束时间: 2026-06-02 15:31:52.792
耗时: 14978 ms
----------------------------- 执行明细 -----------------------------
自检任务开始
总时长: 70 s
自检器启动成功
进入阶段: 阶段1 - 下发启动自检指令
指令下发明细: 完成
指令: StartSelfCheck
所属阶段: 阶段1 - 下发启动自检指令
发送时间: 2026-06-02 15:31:51.758
响应时间: -
发送次数: 1/1
发送指令帧: 01 06 00 17 00 A5 F9 B5
响应帧: 超时, 等待RTU响应超时
错误信息: 等待RTU响应超时
处理结果: 失败
============================= SH85SelfCheck 执行记录结束 =============================
[设备记录 24/80 END] QRCode=12024 轮次ID=20260602_153137_814
[设备记录 25/80 BEGIN] QRCode=12025 轮次ID=20260602_153137_814
============================= SH85SelfCheck 执行记录 =============================
任务名称: SH85SelfCheck
模式: 周期自检
轮次ID: 20260602_153137_814
设备: 12025
结果: 失败
结果码: StartCommandFailed
说明: 启动自检指令下发失败: 等待RTU响应超时
开始时间: 2026-06-02 15:31:37.814
结束时间: 2026-06-02 15:31:52.792
耗时: 14978 ms
----------------------------- 执行明细 -----------------------------
自检任务开始
总时长: 70 s
自检器启动成功
进入阶段: 阶段1 - 下发启动自检指令
指令下发明细: 完成
指令: StartSelfCheck
所属阶段: 阶段1 - 下发启动自检指令
发送时间: 2026-06-02 15:31:51.758
响应时间: -
发送次数: 1/1
发送指令帧: 01 06 00 17 00 A5 F9 B5
响应帧: 超时, 等待RTU响应超时
错误信息: 等待RTU响应超时
处理结果: 失败
============================= SH85SelfCheck 执行记录结束 =============================
[设备记录 25/80 END] QRCode=12025 轮次ID=20260602_153137_814
[设备记录 26/80 BEGIN] QRCode=12026 轮次ID=20260602_153137_814
============================= SH85SelfCheck 执行记录 =============================
任务名称: SH85SelfCheck
模式: 周期自检
轮次ID: 20260602_153137_814
设备: 12026
结果: 失败
结果码: StartCommandFailed
说明: 启动自检指令下发失败: 等待RTU响应超时
开始时间: 2026-06-02 15:31:37.814
结束时间: 2026-06-02 15:31:52.787
耗时: 14973 ms
----------------------------- 执行明细 -----------------------------
自检任务开始
总时长: 70 s
自检器启动成功
进入阶段: 阶段1 - 下发启动自检指令
指令下发明细: 完成
指令: StartSelfCheck
所属阶段: 阶段1 - 下发启动自检指令
发送时间: 2026-06-02 15:31:51.758
响应时间: -
发送次数: 1/1
发送指令帧: 01 06 00 17 00 A5 F9 B5
响应帧: 超时, 等待RTU响应超时
错误信息: 等待RTU响应超时
处理结果: 失败
============================= SH85SelfCheck 执行记录结束 =============================
[设备记录 26/80 END] QRCode=12026 轮次ID=20260602_153137_814
[设备记录 27/80 BEGIN] QRCode=12027 轮次ID=20260602_153137_814
============================= SH85SelfCheck 执行记录 =============================
任务名称: SH85SelfCheck
模式: 周期自检
轮次ID: 20260602_153137_814
设备: 12027
结果: 失败
结果码: StartCommandFailed
说明: 启动自检指令下发失败: 等待RTU响应超时
开始时间: 2026-06-02 15:31:37.814
结束时间: 2026-06-02 15:31:52.788
耗时: 14974 ms
----------------------------- 执行明细 -----------------------------
自检任务开始
总时长: 70 s
自检器启动成功
进入阶段: 阶段1 - 下发启动自检指令
指令下发明细: 完成
指令: StartSelfCheck
所属阶段: 阶段1 - 下发启动自检指令
发送时间: 2026-06-02 15:31:51.758
响应时间: -
发送次数: 1/1
发送指令帧: 01 06 00 17 00 A5 F9 B5
响应帧: 超时, 等待RTU响应超时
错误信息: 等待RTU响应超时
处理结果: 失败
============================= SH85SelfCheck 执行记录结束 =============================
[设备记录 27/80 END] QRCode=12027 轮次ID=20260602_153137_814
[设备记录 28/80 BEGIN] QRCode=12028 轮次ID=20260602_153137_814
============================= SH85SelfCheck 执行记录 =============================
任务名称: SH85SelfCheck
模式: 周期自检
轮次ID: 20260602_153137_814
设备: 12028
结果: 失败
结果码: StartCommandFailed
说明: 启动自检指令下发失败: 等待RTU响应超时
开始时间: 2026-06-02 15:31:37.814
结束时间: 2026-06-02 15:31:52.786
耗时: 14972 ms
----------------------------- 执行明细 -----------------------------
自检任务开始
总时长: 70 s
自检器启动成功
进入阶段: 阶段1 - 下发启动自检指令
指令下发明细: 完成
指令: StartSelfCheck
所属阶段: 阶段1 - 下发启动自检指令
发送时间: 2026-06-02 15:31:51.758
响应时间: -
发送次数: 1/1
发送指令帧: 01 06 00 17 00 A5 F9 B5
响应帧: 超时, 等待RTU响应超时
错误信息: 等待RTU响应超时
处理结果: 失败
============================= SH85SelfCheck 执行记录结束 =============================
[设备记录 28/80 END] QRCode=12028 轮次ID=20260602_153137_814
[设备记录 29/80 BEGIN] QRCode=12029 轮次ID=20260602_153137_814
============================= SH85SelfCheck 执行记录 =============================
任务名称: SH85SelfCheck
模式: 周期自检
轮次ID: 20260602_153137_814
设备: 12029
结果: 失败
结果码: StartCommandFailed
说明: 启动自检指令下发失败: 等待RTU响应超时
开始时间: 2026-06-02 15:31:37.814
结束时间: 2026-06-02 15:31:52.786
耗时: 14972 ms
----------------------------- 执行明细 -----------------------------
自检任务开始
总时长: 70 s
自检器启动成功
进入阶段: 阶段1 - 下发启动自检指令
指令下发明细: 完成
指令: StartSelfCheck
所属阶段: 阶段1 - 下发启动自检指令
发送时间: 2026-06-02 15:31:51.758
响应时间: -
发送次数: 1/1
发送指令帧: 01 06 00 17 00 A5 F9 B5
响应帧: 超时, 等待RTU响应超时
错误信息: 等待RTU响应超时
处理结果: 失败
============================= SH85SelfCheck 执行记录结束 =============================
[设备记录 29/80 END] QRCode=12029 轮次ID=20260602_153137_814
[设备记录 30/80 BEGIN] QRCode=12030 轮次ID=20260602_153137_814
============================= SH85SelfCheck 执行记录 =============================
任务名称: SH85SelfCheck
模式: 周期自检
轮次ID: 20260602_153137_814
设备: 12030
结果: 失败
结果码: StartCommandFailed
说明: 启动自检指令下发失败: 等待RTU响应超时
开始时间: 2026-06-02 15:31:37.814
结束时间: 2026-06-02 15:31:52.772
耗时: 14958 ms
----------------------------- 执行明细 -----------------------------
自检任务开始
总时长: 70 s
自检器启动成功
进入阶段: 阶段1 - 下发启动自检指令
指令下发明细: 完成
指令: StartSelfCheck
所属阶段: 阶段1 - 下发启动自检指令
发送时间: 2026-06-02 15:31:51.758
响应时间: -
发送次数: 1/1
发送指令帧: 01 06 00 17 00 A5 F9 B5
响应帧: 超时, 等待RTU响应超时
错误信息: 等待RTU响应超时
处理结果: 失败
============================= SH85SelfCheck 执行记录结束 =============================
[设备记录 30/80 END] QRCode=12030 轮次ID=20260602_153137_814
[设备记录 31/80 BEGIN] QRCode=12031 轮次ID=20260602_153137_814
============================= SH85SelfCheck 执行记录 =============================
任务名称: SH85SelfCheck
模式: 周期自检
轮次ID: 20260602_153137_814
设备: 12031
结果: 失败
结果码: StartCommandFailed
说明: 启动自检指令下发失败: 等待RTU响应超时
开始时间: 2026-06-02 15:31:37.814
结束时间: 2026-06-02 15:31:52.788
耗时: 14974 ms
----------------------------- 执行明细 -----------------------------
自检任务开始
总时长: 70 s
自检器启动成功
进入阶段: 阶段1 - 下发启动自检指令
指令下发明细: 完成
指令: StartSelfCheck
所属阶段: 阶段1 - 下发启动自检指令
发送时间: 2026-06-02 15:31:51.758
响应时间: -
发送次数: 1/1
发送指令帧: 01 06 00 17 00 A5 F9 B5
响应帧: 超时, 等待RTU响应超时
错误信息: 等待RTU响应超时
处理结果: 失败
============================= SH85SelfCheck 执行记录结束 =============================
[设备记录 31/80 END] QRCode=12031 轮次ID=20260602_153137_814
[设备记录 32/80 BEGIN] QRCode=12032 轮次ID=20260602_153137_814
============================= SH85SelfCheck 执行记录 =============================
任务名称: SH85SelfCheck
模式: 周期自检
轮次ID: 20260602_153137_814
设备: 12032
结果: 失败
结果码: StartCommandFailed
说明: 启动自检指令下发失败: 等待RTU响应超时
开始时间: 2026-06-02 15:31:37.814
结束时间: 2026-06-02 15:31:52.787
耗时: 14973 ms
----------------------------- 执行明细 -----------------------------
自检任务开始
总时长: 70 s
自检器启动成功
进入阶段: 阶段1 - 下发启动自检指令
指令下发明细: 完成
指令: StartSelfCheck
所属阶段: 阶段1 - 下发启动自检指令
发送时间: 2026-06-02 15:31:51.758
响应时间: -
发送次数: 1/1
发送指令帧: 01 06 00 17 00 A5 F9 B5
响应帧: 超时, 等待RTU响应超时
错误信息: 等待RTU响应超时
处理结果: 失败
============================= SH85SelfCheck 执行记录结束 =============================
[设备记录 32/80 END] QRCode=12032 轮次ID=20260602_153137_814
[设备记录 33/80 BEGIN] QRCode=12033 轮次ID=20260602_153137_814
============================= SH85SelfCheck 执行记录 =============================
任务名称: SH85SelfCheck
模式: 周期自检
轮次ID: 20260602_153137_814
设备: 12033
结果: 失败
结果码: StartCommandFailed
说明: 启动自检指令下发失败: 等待RTU响应超时
开始时间: 2026-06-02 15:31:37.814
结束时间: 2026-06-02 15:31:52.784
耗时: 14970 ms
----------------------------- 执行明细 -----------------------------
自检任务开始
总时长: 70 s
自检器启动成功
进入阶段: 阶段1 - 下发启动自检指令
指令下发明细: 完成
指令: StartSelfCheck
所属阶段: 阶段1 - 下发启动自检指令
发送时间: 2026-06-02 15:31:51.758
响应时间: -
发送次数: 1/1
发送指令帧: 01 06 00 17 00 A5 F9 B5
响应帧: 超时, 等待RTU响应超时
错误信息: 等待RTU响应超时
处理结果: 失败
============================= SH85SelfCheck 执行记录结束 =============================
[设备记录 33/80 END] QRCode=12033 轮次ID=20260602_153137_814
[设备记录 34/80 BEGIN] QRCode=12034 轮次ID=20260602_153137_814
============================= SH85SelfCheck 执行记录 =============================
任务名称: SH85SelfCheck
模式: 周期自检
轮次ID: 20260602_153137_814
设备: 12034
结果: 失败
结果码: StartCommandFailed
说明: 启动自检指令下发失败: 等待RTU响应超时
开始时间: 2026-06-02 15:31:37.814
结束时间: 2026-06-02 15:31:52.787
耗时: 14973 ms
----------------------------- 执行明细 -----------------------------
自检任务开始
总时长: 70 s
自检器启动成功
进入阶段: 阶段1 - 下发启动自检指令
指令下发明细: 完成
指令: StartSelfCheck
所属阶段: 阶段1 - 下发启动自检指令
发送时间: 2026-06-02 15:31:51.758
响应时间: -
发送次数: 1/1
发送指令帧: 01 06 00 17 00 A5 F9 B5
响应帧: 超时, 等待RTU响应超时
错误信息: 等待RTU响应超时
处理结果: 失败
============================= SH85SelfCheck 执行记录结束 =============================
[设备记录 34/80 END] QRCode=12034 轮次ID=20260602_153137_814
[设备记录 35/80 BEGIN] QRCode=12035 轮次ID=20260602_153137_814
============================= SH85SelfCheck 执行记录 =============================
任务名称: SH85SelfCheck
模式: 周期自检
轮次ID: 20260602_153137_814
设备: 12035
结果: 失败
结果码: StartCommandFailed
说明: 启动自检指令下发失败: 等待RTU响应超时
开始时间: 2026-06-02 15:31:37.814
结束时间: 2026-06-02 15:31:52.788
耗时: 14974 ms
----------------------------- 执行明细 -----------------------------
自检任务开始
总时长: 70 s
自检器启动成功
进入阶段: 阶段1 - 下发启动自检指令
指令下发明细: 完成
指令: StartSelfCheck
所属阶段: 阶段1 - 下发启动自检指令
发送时间: 2026-06-02 15:31:51.758
响应时间: -
发送次数: 1/1
发送指令帧: 01 06 00 17 00 A5 F9 B5
响应帧: 超时, 等待RTU响应超时
错误信息: 等待RTU响应超时
处理结果: 失败
============================= SH85SelfCheck 执行记录结束 =============================
[设备记录 35/80 END] QRCode=12035 轮次ID=20260602_153137_814
[设备记录 36/80 BEGIN] QRCode=12036 轮次ID=20260602_153137_814
============================= SH85SelfCheck 执行记录 =============================
任务名称: SH85SelfCheck
模式: 周期自检
轮次ID: 20260602_153137_814
设备: 12036
结果: 失败
结果码: StartCommandFailed
说明: 启动自检指令下发失败: 等待RTU响应超时
开始时间: 2026-06-02 15:31:37.814
结束时间: 2026-06-02 15:31:52.787
耗时: 14973 ms
----------------------------- 执行明细 -----------------------------
自检任务开始
总时长: 70 s
自检器启动成功
进入阶段: 阶段1 - 下发启动自检指令
指令下发明细: 完成
指令: StartSelfCheck
所属阶段: 阶段1 - 下发启动自检指令
发送时间: 2026-06-02 15:31:51.758
响应时间: -
发送次数: 1/1
发送指令帧: 01 06 00 17 00 A5 F9 B5
响应帧: 超时, 等待RTU响应超时
错误信息: 等待RTU响应超时
处理结果: 失败
============================= SH85SelfCheck 执行记录结束 =============================
[设备记录 36/80 END] QRCode=12036 轮次ID=20260602_153137_814
[设备记录 37/80 BEGIN] QRCode=12037 轮次ID=20260602_153137_814
============================= SH85SelfCheck 执行记录 =============================
任务名称: SH85SelfCheck
模式: 周期自检
轮次ID: 20260602_153137_814
设备: 12037
结果: 失败
结果码: StartCommandFailed
说明: 启动自检指令下发失败: 等待RTU响应超时
开始时间: 2026-06-02 15:31:37.814
结束时间: 2026-06-02 15:31:52.788
耗时: 14974 ms
----------------------------- 执行明细 -----------------------------
自检任务开始
总时长: 70 s
自检器启动成功
进入阶段: 阶段1 - 下发启动自检指令
指令下发明细: 完成
指令: StartSelfCheck
所属阶段: 阶段1 - 下发启动自检指令
发送时间: 2026-06-02 15:31:51.758
响应时间: -
发送次数: 1/1
发送指令帧: 01 06 00 17 00 A5 F9 B5
响应帧: 超时, 等待RTU响应超时
错误信息: 等待RTU响应超时
处理结果: 失败
============================= SH85SelfCheck 执行记录结束 =============================
[设备记录 37/80 END] QRCode=12037 轮次ID=20260602_153137_814
[设备记录 38/80 BEGIN] QRCode=12038 轮次ID=20260602_153137_814
============================= SH85SelfCheck 执行记录 =============================
任务名称: SH85SelfCheck
模式: 周期自检
轮次ID: 20260602_153137_814
设备: 12038
结果: 失败
结果码: StartCommandFailed
说明: 启动自检指令下发失败: 等待RTU响应超时
开始时间: 2026-06-02 15:31:37.814
结束时间: 2026-06-02 15:31:52.786
耗时: 14972 ms
----------------------------- 执行明细 -----------------------------
自检任务开始
总时长: 70 s
自检器启动成功
进入阶段: 阶段1 - 下发启动自检指令
指令下发明细: 完成
指令: StartSelfCheck
所属阶段: 阶段1 - 下发启动自检指令
发送时间: 2026-06-02 15:31:51.758
响应时间: -
发送次数: 1/1
发送指令帧: 01 06 00 17 00 A5 F9 B5
响应帧: 超时, 等待RTU响应超时
错误信息: 等待RTU响应超时
处理结果: 失败
============================= SH85SelfCheck 执行记录结束 =============================
[设备记录 38/80 END] QRCode=12038 轮次ID=20260602_153137_814
[设备记录 39/80 BEGIN] QRCode=12039 轮次ID=20260602_153137_814
============================= SH85SelfCheck 执行记录 =============================
任务名称: SH85SelfCheck
模式: 周期自检
轮次ID: 20260602_153137_814
设备: 12039
结果: 失败
结果码: StartCommandFailed
说明: 启动自检指令下发失败: 等待RTU响应超时
开始时间: 2026-06-02 15:31:37.814
结束时间: 2026-06-02 15:31:52.786
耗时: 14972 ms
----------------------------- 执行明细 -----------------------------
自检任务开始
总时长: 70 s
自检器启动成功
进入阶段: 阶段1 - 下发启动自检指令
指令下发明细: 完成
指令: StartSelfCheck
所属阶段: 阶段1 - 下发启动自检指令
发送时间: 2026-06-02 15:31:51.758
响应时间: -
发送次数: 1/1
发送指令帧: 01 06 00 17 00 A5 F9 B5
响应帧: 超时, 等待RTU响应超时
错误信息: 等待RTU响应超时
处理结果: 失败
============================= SH85SelfCheck 执行记录结束 =============================
[设备记录 39/80 END] QRCode=12039 轮次ID=20260602_153137_814
[设备记录 40/80 BEGIN] QRCode=12040 轮次ID=20260602_153137_814
============================= SH85SelfCheck 执行记录 =============================
任务名称: SH85SelfCheck
模式: 周期自检
轮次ID: 20260602_153137_814
设备: 12040
结果: 失败
结果码: StartCommandFailed
说明: 启动自检指令下发失败: 等待RTU响应超时
开始时间: 2026-06-02 15:31:37.814
结束时间: 2026-06-02 15:31:52.786
耗时: 14972 ms
----------------------------- 执行明细 -----------------------------
自检任务开始
总时长: 70 s
自检器启动成功
进入阶段: 阶段1 - 下发启动自检指令
指令下发明细: 完成
指令: StartSelfCheck
所属阶段: 阶段1 - 下发启动自检指令
发送时间: 2026-06-02 15:31:51.758
响应时间: -
发送次数: 1/1
发送指令帧: 01 06 00 17 00 A5 F9 B5
响应帧: 超时, 等待RTU响应超时
错误信息: 等待RTU响应超时
处理结果: 失败
============================= SH85SelfCheck 执行记录结束 =============================
[设备记录 40/80 END] QRCode=12040 轮次ID=20260602_153137_814
[设备记录 41/80 BEGIN] QRCode=12041 轮次ID=20260602_153137_814
============================= SH85SelfCheck 执行记录 =============================
任务名称: SH85SelfCheck
模式: 周期自检
轮次ID: 20260602_153137_814
设备: 12041
结果: 失败
结果码: StartCommandFailed
说明: 启动自检指令下发失败: 等待RTU响应超时
开始时间: 2026-06-02 15:31:37.814
结束时间: 2026-06-02 15:31:52.786
耗时: 14972 ms
----------------------------- 执行明细 -----------------------------
自检任务开始
总时长: 70 s
自检器启动成功
进入阶段: 阶段1 - 下发启动自检指令
指令下发明细: 完成
指令: StartSelfCheck
所属阶段: 阶段1 - 下发启动自检指令
发送时间: 2026-06-02 15:31:51.758
响应时间: -
发送次数: 1/1
发送指令帧: 01 06 00 17 00 A5 F9 B5
响应帧: 超时, 等待RTU响应超时
错误信息: 等待RTU响应超时
处理结果: 失败
============================= SH85SelfCheck 执行记录结束 =============================
[设备记录 41/80 END] QRCode=12041 轮次ID=20260602_153137_814
[设备记录 42/80 BEGIN] QRCode=12042 轮次ID=20260602_153137_814
============================= SH85SelfCheck 执行记录 =============================
任务名称: SH85SelfCheck
模式: 周期自检
轮次ID: 20260602_153137_814
设备: 12042
结果: 失败
结果码: StartCommandFailed
说明: 启动自检指令下发失败: 等待RTU响应超时
开始时间: 2026-06-02 15:31:37.814
结束时间: 2026-06-02 15:31:52.787
耗时: 14973 ms
----------------------------- 执行明细 -----------------------------
自检任务开始
总时长: 70 s
自检器启动成功
进入阶段: 阶段1 - 下发启动自检指令
指令下发明细: 完成
指令: StartSelfCheck
所属阶段: 阶段1 - 下发启动自检指令
发送时间: 2026-06-02 15:31:51.758
响应时间: -
发送次数: 1/1
发送指令帧: 01 06 00 17 00 A5 F9 B5
响应帧: 超时, 等待RTU响应超时
错误信息: 等待RTU响应超时
处理结果: 失败
============================= SH85SelfCheck 执行记录结束 =============================
[设备记录 42/80 END] QRCode=12042 轮次ID=20260602_153137_814
[设备记录 43/80 BEGIN] QRCode=12043 轮次ID=20260602_153137_814
============================= SH85SelfCheck 执行记录 =============================
任务名称: SH85SelfCheck
模式: 周期自检
轮次ID: 20260602_153137_814
设备: 12043
结果: 失败
结果码: StartCommandFailed
说明: 启动自检指令下发失败: 等待RTU响应超时
开始时间: 2026-06-02 15:31:37.814
结束时间: 2026-06-02 15:31:52.787
耗时: 14973 ms
----------------------------- 执行明细 -----------------------------
自检任务开始
总时长: 70 s
自检器启动成功
进入阶段: 阶段1 - 下发启动自检指令
指令下发明细: 完成
指令: StartSelfCheck
所属阶段: 阶段1 - 下发启动自检指令
发送时间: 2026-06-02 15:31:51.758
响应时间: -
发送次数: 1/1
发送指令帧: 01 06 00 17 00 A5 F9 B5
响应帧: 超时, 等待RTU响应超时
错误信息: 等待RTU响应超时
处理结果: 失败
============================= SH85SelfCheck 执行记录结束 =============================
[设备记录 43/80 END] QRCode=12043 轮次ID=20260602_153137_814
[设备记录 44/80 BEGIN] QRCode=12044 轮次ID=20260602_153137_814
============================= SH85SelfCheck 执行记录 =============================
任务名称: SH85SelfCheck
模式: 周期自检
轮次ID: 20260602_153137_814
设备: 12044
结果: 失败
结果码: StartCommandFailed
说明: 启动自检指令下发失败: 等待RTU响应超时
开始时间: 2026-06-02 15:31:37.814
结束时间: 2026-06-02 15:31:52.788
耗时: 14974 ms
----------------------------- 执行明细 -----------------------------
自检任务开始
总时长: 70 s
自检器启动成功
进入阶段: 阶段1 - 下发启动自检指令
指令下发明细: 完成
指令: StartSelfCheck
所属阶段: 阶段1 - 下发启动自检指令
发送时间: 2026-06-02 15:31:51.758
响应时间: -
发送次数: 1/1
发送指令帧: 01 06 00 17 00 A5 F9 B5
响应帧: 超时, 等待RTU响应超时
错误信息: 等待RTU响应超时
处理结果: 失败
============================= SH85SelfCheck 执行记录结束 =============================
[设备记录 44/80 END] QRCode=12044 轮次ID=20260602_153137_814
[设备记录 45/80 BEGIN] QRCode=12045 轮次ID=20260602_153137_814
============================= SH85SelfCheck 执行记录 =============================
任务名称: SH85SelfCheck
模式: 周期自检
轮次ID: 20260602_153137_814
设备: 12045
结果: 失败
结果码: StartCommandFailed
说明: 启动自检指令下发失败: 等待RTU响应超时
开始时间: 2026-06-02 15:31:37.814
结束时间: 2026-06-02 15:31:52.792
耗时: 14978 ms
----------------------------- 执行明细 -----------------------------
自检任务开始
总时长: 70 s
自检器启动成功
进入阶段: 阶段1 - 下发启动自检指令
指令下发明细: 完成
指令: StartSelfCheck
所属阶段: 阶段1 - 下发启动自检指令
发送时间: 2026-06-02 15:31:51.758
响应时间: -
发送次数: 1/1
发送指令帧: 01 06 00 17 00 A5 F9 B5
响应帧: 超时, 等待RTU响应超时
错误信息: 等待RTU响应超时
处理结果: 失败
============================= SH85SelfCheck 执行记录结束 =============================
[设备记录 45/80 END] QRCode=12045 轮次ID=20260602_153137_814
[设备记录 46/80 BEGIN] QRCode=12046 轮次ID=20260602_153137_814
============================= SH85SelfCheck 执行记录 =============================
任务名称: SH85SelfCheck
模式: 周期自检
轮次ID: 20260602_153137_814
设备: 12046
结果: 失败
结果码: StartCommandFailed
说明: 启动自检指令下发失败: 等待RTU响应超时
开始时间: 2026-06-02 15:31:37.814
结束时间: 2026-06-02 15:31:52.787
耗时: 14973 ms
----------------------------- 执行明细 -----------------------------
自检任务开始
总时长: 70 s
自检器启动成功
进入阶段: 阶段1 - 下发启动自检指令
指令下发明细: 完成
指令: StartSelfCheck
所属阶段: 阶段1 - 下发启动自检指令
发送时间: 2026-06-02 15:31:51.758
响应时间: -
发送次数: 1/1
发送指令帧: 01 06 00 17 00 A5 F9 B5
响应帧: 超时, 等待RTU响应超时
错误信息: 等待RTU响应超时
处理结果: 失败
============================= SH85SelfCheck 执行记录结束 =============================
[设备记录 46/80 END] QRCode=12046 轮次ID=20260602_153137_814
[设备记录 47/80 BEGIN] QRCode=12047 轮次ID=20260602_153137_814
============================= SH85SelfCheck 执行记录 =============================
任务名称: SH85SelfCheck
模式: 周期自检
轮次ID: 20260602_153137_814
设备: 12047
结果: 失败
结果码: StartCommandFailed
说明: 启动自检指令下发失败: 等待RTU响应超时
开始时间: 2026-06-02 15:31:37.814
结束时间: 2026-06-02 15:31:52.787
耗时: 14973 ms
----------------------------- 执行明细 -----------------------------
自检任务开始
总时长: 70 s
自检器启动成功
进入阶段: 阶段1 - 下发启动自检指令
指令下发明细: 完成
指令: StartSelfCheck
所属阶段: 阶段1 - 下发启动自检指令
发送时间: 2026-06-02 15:31:51.760
响应时间: -
发送次数: 1/1
发送指令帧: 01 06 00 17 00 A5 F9 B5
响应帧: 超时, 等待RTU响应超时
错误信息: 等待RTU响应超时
处理结果: 失败
============================= SH85SelfCheck 执行记录结束 =============================
[设备记录 47/80 END] QRCode=12047 轮次ID=20260602_153137_814
[设备记录 48/80 BEGIN] QRCode=12048 轮次ID=20260602_153137_814
============================= SH85SelfCheck 执行记录 =============================
任务名称: SH85SelfCheck
模式: 周期自检
轮次ID: 20260602_153137_814
设备: 12048
结果: 失败
结果码: StartCommandFailed
说明: 启动自检指令下发失败: 等待RTU响应超时
开始时间: 2026-06-02 15:31:37.814
结束时间: 2026-06-02 15:31:52.792
耗时: 14978 ms
----------------------------- 执行明细 -----------------------------
自检任务开始
总时长: 70 s
自检器启动成功
进入阶段: 阶段1 - 下发启动自检指令
指令下发明细: 完成
指令: StartSelfCheck
所属阶段: 阶段1 - 下发启动自检指令
发送时间: 2026-06-02 15:31:51.775
响应时间: -
发送次数: 1/1
发送指令帧: 01 06 00 17 00 A5 F9 B5
响应帧: 超时, 等待RTU响应超时
错误信息: 等待RTU响应超时
处理结果: 失败
============================= SH85SelfCheck 执行记录结束 =============================
[设备记录 48/80 END] QRCode=12048 轮次ID=20260602_153137_814
[设备记录 49/80 BEGIN] QRCode=12049 轮次ID=20260602_153137_814
============================= SH85SelfCheck 执行记录 =============================
任务名称: SH85SelfCheck
模式: 周期自检
轮次ID: 20260602_153137_814
设备: 12049
结果: 失败
结果码: StartCommandFailed
说明: 启动自检指令下发失败: 等待RTU响应超时
开始时间: 2026-06-02 15:31:37.814
结束时间: 2026-06-02 15:31:52.792
耗时: 14978 ms
----------------------------- 执行明细 -----------------------------
自检任务开始
总时长: 70 s
自检器启动成功
进入阶段: 阶段1 - 下发启动自检指令
指令下发明细: 完成
指令: StartSelfCheck
所属阶段: 阶段1 - 下发启动自检指令
发送时间: 2026-06-02 15:31:51.775
响应时间: -
发送次数: 1/1
发送指令帧: 01 06 00 17 00 A5 F9 B5
响应帧: 超时, 等待RTU响应超时
错误信息: 等待RTU响应超时
处理结果: 失败
============================= SH85SelfCheck 执行记录结束 =============================
[设备记录 49/80 END] QRCode=12049 轮次ID=20260602_153137_814
[设备记录 50/80 BEGIN] QRCode=12050 轮次ID=20260602_153137_814
============================= SH85SelfCheck 执行记录 =============================
任务名称: SH85SelfCheck
模式: 周期自检
轮次ID: 20260602_153137_814
设备: 12050
结果: 失败
结果码: StartCommandFailed
说明: 启动自检指令下发失败: 等待RTU响应超时
开始时间: 2026-06-02 15:31:37.814
结束时间: 2026-06-02 15:31:52.793
耗时: 14979 ms
----------------------------- 执行明细 -----------------------------
自检任务开始
总时长: 70 s
自检器启动成功
进入阶段: 阶段1 - 下发启动自检指令
指令下发明细: 完成
指令: StartSelfCheck
所属阶段: 阶段1 - 下发启动自检指令
发送时间: 2026-06-02 15:31:51.775
响应时间: -
发送次数: 1/1
发送指令帧: 01 06 00 17 00 A5 F9 B5
响应帧: 超时, 等待RTU响应超时
错误信息: 等待RTU响应超时
处理结果: 失败
============================= SH85SelfCheck 执行记录结束 =============================
[设备记录 50/80 END] QRCode=12050 轮次ID=20260602_153137_814
[设备记录 51/80 BEGIN] QRCode=12051 轮次ID=20260602_153137_814
============================= SH85SelfCheck 执行记录 =============================
任务名称: SH85SelfCheck
模式: 周期自检
轮次ID: 20260602_153137_814
设备: 12051
结果: 失败
结果码: StartCommandFailed
说明: 启动自检指令下发失败: 等待RTU响应超时
开始时间: 2026-06-02 15:31:37.814
结束时间: 2026-06-02 15:31:52.793
耗时: 14979 ms
----------------------------- 执行明细 -----------------------------
自检任务开始
总时长: 70 s
自检器启动成功
进入阶段: 阶段1 - 下发启动自检指令
指令下发明细: 完成
指令: StartSelfCheck
所属阶段: 阶段1 - 下发启动自检指令
发送时间: 2026-06-02 15:31:51.775
响应时间: -
发送次数: 1/1
发送指令帧: 01 06 00 17 00 A5 F9 B5
响应帧: 超时, 等待RTU响应超时
错误信息: 等待RTU响应超时
处理结果: 失败
============================= SH85SelfCheck 执行记录结束 =============================
[设备记录 51/80 END] QRCode=12051 轮次ID=20260602_153137_814
[设备记录 52/80 BEGIN] QRCode=12052 轮次ID=20260602_153137_814
============================= SH85SelfCheck 执行记录 =============================
任务名称: SH85SelfCheck
模式: 周期自检
轮次ID: 20260602_153137_814
设备: 12052
结果: 失败
结果码: StartCommandFailed
说明: 启动自检指令下发失败: 等待RTU响应超时
开始时间: 2026-06-02 15:31:37.814
结束时间: 2026-06-02 15:31:52.789
耗时: 14975 ms
----------------------------- 执行明细 -----------------------------
自检任务开始
总时长: 70 s
自检器启动成功
进入阶段: 阶段1 - 下发启动自检指令
指令下发明细: 完成
指令: StartSelfCheck
所属阶段: 阶段1 - 下发启动自检指令
发送时间: 2026-06-02 15:31:51.775
响应时间: -
发送次数: 1/1
发送指令帧: 01 06 00 17 00 A5 F9 B5
响应帧: 超时, 等待RTU响应超时
错误信息: 等待RTU响应超时
处理结果: 失败
============================= SH85SelfCheck 执行记录结束 =============================
[设备记录 52/80 END] QRCode=12052 轮次ID=20260602_153137_814
[设备记录 53/80 BEGIN] QRCode=12053 轮次ID=20260602_153137_814
============================= SH85SelfCheck 执行记录 =============================
任务名称: SH85SelfCheck
模式: 周期自检
轮次ID: 20260602_153137_814
设备: 12053
结果: 失败
结果码: StartCommandFailed
说明: 启动自检指令下发失败: 等待RTU响应超时
开始时间: 2026-06-02 15:31:37.814
结束时间: 2026-06-02 15:31:52.792
耗时: 14978 ms
----------------------------- 执行明细 -----------------------------
自检任务开始
总时长: 70 s
自检器启动成功
进入阶段: 阶段1 - 下发启动自检指令
指令下发明细: 完成
指令: StartSelfCheck
所属阶段: 阶段1 - 下发启动自检指令
发送时间: 2026-06-02 15:31:51.775
响应时间: -
发送次数: 1/1
发送指令帧: 01 06 00 17 00 A5 F9 B5
响应帧: 超时, 等待RTU响应超时
错误信息: 等待RTU响应超时
处理结果: 失败
============================= SH85SelfCheck 执行记录结束 =============================
[设备记录 53/80 END] QRCode=12053 轮次ID=20260602_153137_814
[设备记录 54/80 BEGIN] QRCode=12054 轮次ID=20260602_153137_814
============================= SH85SelfCheck 执行记录 =============================
任务名称: SH85SelfCheck
模式: 周期自检
轮次ID: 20260602_153137_814
设备: 12054
结果: 失败
结果码: StartCommandFailed
说明: 启动自检指令下发失败: 等待RTU响应超时
开始时间: 2026-06-02 15:31:37.814
结束时间: 2026-06-02 15:31:52.795
耗时: 14981 ms
----------------------------- 执行明细 -----------------------------
自检任务开始
总时长: 70 s
自检器启动成功
进入阶段: 阶段1 - 下发启动自检指令
指令下发明细: 完成
指令: StartSelfCheck
所属阶段: 阶段1 - 下发启动自检指令
发送时间: 2026-06-02 15:31:51.775
响应时间: -
发送次数: 1/1
发送指令帧: 01 06 00 17 00 A5 F9 B5
响应帧: 超时, 等待RTU响应超时
错误信息: 等待RTU响应超时
处理结果: 失败
============================= SH85SelfCheck 执行记录结束 =============================
[设备记录 54/80 END] QRCode=12054 轮次ID=20260602_153137_814
[设备记录 55/80 BEGIN] QRCode=12055 轮次ID=20260602_153137_814
============================= SH85SelfCheck 执行记录 =============================
任务名称: SH85SelfCheck
模式: 周期自检
轮次ID: 20260602_153137_814
设备: 12055
结果: 失败
结果码: StartCommandFailed
说明: 启动自检指令下发失败: 等待RTU响应超时
开始时间: 2026-06-02 15:31:37.814
结束时间: 2026-06-02 15:31:52.792
耗时: 14978 ms
----------------------------- 执行明细 -----------------------------
自检任务开始
总时长: 70 s
自检器启动成功
进入阶段: 阶段1 - 下发启动自检指令
指令下发明细: 完成
指令: StartSelfCheck
所属阶段: 阶段1 - 下发启动自检指令
发送时间: 2026-06-02 15:31:51.775
响应时间: -
发送次数: 1/1
发送指令帧: 01 06 00 17 00 A5 F9 B5
响应帧: 超时, 等待RTU响应超时
错误信息: 等待RTU响应超时
处理结果: 失败
============================= SH85SelfCheck 执行记录结束 =============================
[设备记录 55/80 END] QRCode=12055 轮次ID=20260602_153137_814
[设备记录 56/80 BEGIN] QRCode=12056 轮次ID=20260602_153137_814
============================= SH85SelfCheck 执行记录 =============================
任务名称: SH85SelfCheck
模式: 周期自检
轮次ID: 20260602_153137_814
设备: 12056
结果: 失败
结果码: StartCommandFailed
说明: 启动自检指令下发失败: 等待RTU响应超时
开始时间: 2026-06-02 15:31:37.814
结束时间: 2026-06-02 15:31:52.792
耗时: 14978 ms
----------------------------- 执行明细 -----------------------------
自检任务开始
总时长: 70 s
自检器启动成功
进入阶段: 阶段1 - 下发启动自检指令
指令下发明细: 完成
指令: StartSelfCheck
所属阶段: 阶段1 - 下发启动自检指令
发送时间: 2026-06-02 15:31:51.775
响应时间: -
发送次数: 1/1
发送指令帧: 01 06 00 17 00 A5 F9 B5
响应帧: 超时, 等待RTU响应超时
错误信息: 等待RTU响应超时
处理结果: 失败
============================= SH85SelfCheck 执行记录结束 =============================
[设备记录 56/80 END] QRCode=12056 轮次ID=20260602_153137_814
[设备记录 57/80 BEGIN] QRCode=12057 轮次ID=20260602_153137_814
============================= SH85SelfCheck 执行记录 =============================
任务名称: SH85SelfCheck
模式: 周期自检
轮次ID: 20260602_153137_814
设备: 12057
结果: 失败
结果码: StartCommandFailed
说明: 启动自检指令下发失败: 等待RTU响应超时
开始时间: 2026-06-02 15:31:37.814
结束时间: 2026-06-02 15:31:52.792
耗时: 14978 ms
----------------------------- 执行明细 -----------------------------
自检任务开始
总时长: 70 s
自检器启动成功
进入阶段: 阶段1 - 下发启动自检指令
指令下发明细: 完成
指令: StartSelfCheck
所属阶段: 阶段1 - 下发启动自检指令
发送时间: 2026-06-02 15:31:51.775
响应时间: -
发送次数: 1/1
发送指令帧: 01 06 00 17 00 A5 F9 B5
响应帧: 超时, 等待RTU响应超时
错误信息: 等待RTU响应超时
处理结果: 失败
============================= SH85SelfCheck 执行记录结束 =============================
[设备记录 57/80 END] QRCode=12057 轮次ID=20260602_153137_814
[设备记录 58/80 BEGIN] QRCode=12058 轮次ID=20260602_153137_814
============================= SH85SelfCheck 执行记录 =============================
任务名称: SH85SelfCheck
模式: 周期自检
轮次ID: 20260602_153137_814
设备: 12058
结果: 失败
结果码: StartCommandFailed
说明: 启动自检指令下发失败: 等待RTU响应超时
开始时间: 2026-06-02 15:31:37.814
结束时间: 2026-06-02 15:31:52.792
耗时: 14978 ms
----------------------------- 执行明细 -----------------------------
自检任务开始
总时长: 70 s
自检器启动成功
进入阶段: 阶段1 - 下发启动自检指令
指令下发明细: 完成
指令: StartSelfCheck
所属阶段: 阶段1 - 下发启动自检指令
发送时间: 2026-06-02 15:31:51.775
响应时间: -
发送次数: 1/1
发送指令帧: 01 06 00 17 00 A5 F9 B5
响应帧: 超时, 等待RTU响应超时
错误信息: 等待RTU响应超时
处理结果: 失败
============================= SH85SelfCheck 执行记录结束 =============================
[设备记录 58/80 END] QRCode=12058 轮次ID=20260602_153137_814
[设备记录 59/80 BEGIN] QRCode=12059 轮次ID=20260602_153137_814
============================= SH85SelfCheck 执行记录 =============================
任务名称: SH85SelfCheck
模式: 周期自检
轮次ID: 20260602_153137_814
设备: 12059
结果: 失败
结果码: StartCommandFailed
说明: 启动自检指令下发失败: 等待RTU响应超时
开始时间: 2026-06-02 15:31:37.814
结束时间: 2026-06-02 15:31:52.792
耗时: 14978 ms
----------------------------- 执行明细 -----------------------------
自检任务开始
总时长: 70 s
自检器启动成功
进入阶段: 阶段1 - 下发启动自检指令
指令下发明细: 完成
指令: StartSelfCheck
所属阶段: 阶段1 - 下发启动自检指令
发送时间: 2026-06-02 15:31:51.775
响应时间: -
发送次数: 1/1
发送指令帧: 01 06 00 17 00 A5 F9 B5
响应帧: 超时, 等待RTU响应超时
错误信息: 等待RTU响应超时
处理结果: 失败
============================= SH85SelfCheck 执行记录结束 =============================
[设备记录 59/80 END] QRCode=12059 轮次ID=20260602_153137_814
[设备记录 60/80 BEGIN] QRCode=12060 轮次ID=20260602_153137_814
============================= SH85SelfCheck 执行记录 =============================
任务名称: SH85SelfCheck
模式: 周期自检
轮次ID: 20260602_153137_814
设备: 12060
结果: 失败
结果码: StartCommandFailed
说明: 启动自检指令下发失败: 等待RTU响应超时
开始时间: 2026-06-02 15:31:37.814
结束时间: 2026-06-02 15:31:52.793
耗时: 14979 ms
----------------------------- 执行明细 -----------------------------
自检任务开始
总时长: 70 s
自检器启动成功
进入阶段: 阶段1 - 下发启动自检指令
指令下发明细: 完成
指令: StartSelfCheck
所属阶段: 阶段1 - 下发启动自检指令
发送时间: 2026-06-02 15:31:51.775
响应时间: -
发送次数: 1/1
发送指令帧: 01 06 00 17 00 A5 F9 B5
响应帧: 超时, 等待RTU响应超时
错误信息: 等待RTU响应超时
处理结果: 失败
============================= SH85SelfCheck 执行记录结束 =============================
[设备记录 60/80 END] QRCode=12060 轮次ID=20260602_153137_814
[设备记录 61/80 BEGIN] QRCode=12061 轮次ID=20260602_153137_814
============================= SH85SelfCheck 执行记录 =============================
任务名称: SH85SelfCheck
模式: 周期自检
轮次ID: 20260602_153137_814
设备: 12061
结果: 失败
结果码: StartCommandFailed
说明: 启动自检指令下发失败: 等待RTU响应超时
开始时间: 2026-06-02 15:31:37.814
结束时间: 2026-06-02 15:31:52.793
耗时: 14979 ms
----------------------------- 执行明细 -----------------------------
自检任务开始
总时长: 70 s
自检器启动成功
进入阶段: 阶段1 - 下发启动自检指令
指令下发明细: 完成
指令: StartSelfCheck
所属阶段: 阶段1 - 下发启动自检指令
发送时间: 2026-06-02 15:31:51.775
响应时间: -
发送次数: 1/1
发送指令帧: 01 06 00 17 00 A5 F9 B5
响应帧: 超时, 等待RTU响应超时
错误信息: 等待RTU响应超时
处理结果: 失败
============================= SH85SelfCheck 执行记录结束 =============================
[设备记录 61/80 END] QRCode=12061 轮次ID=20260602_153137_814
[设备记录 62/80 BEGIN] QRCode=12062 轮次ID=20260602_153137_814
============================= SH85SelfCheck 执行记录 =============================
任务名称: SH85SelfCheck
模式: 周期自检
轮次ID: 20260602_153137_814
设备: 12062
结果: 失败
结果码: StartCommandFailed
说明: 启动自检指令下发失败: 等待RTU响应超时
开始时间: 2026-06-02 15:31:37.814
结束时间: 2026-06-02 15:31:52.793
耗时: 14979 ms
----------------------------- 执行明细 -----------------------------
自检任务开始
总时长: 70 s
自检器启动成功
进入阶段: 阶段1 - 下发启动自检指令
指令下发明细: 完成
指令: StartSelfCheck
所属阶段: 阶段1 - 下发启动自检指令
发送时间: 2026-06-02 15:31:51.775
响应时间: -
发送次数: 1/1
发送指令帧: 01 06 00 17 00 A5 F9 B5
响应帧: 超时, 等待RTU响应超时
错误信息: 等待RTU响应超时
处理结果: 失败
============================= SH85SelfCheck 执行记录结束 =============================
[设备记录 62/80 END] QRCode=12062 轮次ID=20260602_153137_814
[设备记录 63/80 BEGIN] QRCode=12063 轮次ID=20260602_153137_814
============================= SH85SelfCheck 执行记录 =============================
任务名称: SH85SelfCheck
模式: 周期自检
轮次ID: 20260602_153137_814
设备: 12063
结果: 失败
结果码: StartCommandFailed
说明: 启动自检指令下发失败: 等待RTU响应超时
开始时间: 2026-06-02 15:31:37.814
结束时间: 2026-06-02 15:31:52.793
耗时: 14979 ms
----------------------------- 执行明细 -----------------------------
自检任务开始
总时长: 70 s
自检器启动成功
进入阶段: 阶段1 - 下发启动自检指令
指令下发明细: 完成
指令: StartSelfCheck
所属阶段: 阶段1 - 下发启动自检指令
发送时间: 2026-06-02 15:31:51.775
响应时间: -
发送次数: 1/1
发送指令帧: 01 06 00 17 00 A5 F9 B5
响应帧: 超时, 等待RTU响应超时
错误信息: 等待RTU响应超时
处理结果: 失败
============================= SH85SelfCheck 执行记录结束 =============================
[设备记录 63/80 END] QRCode=12063 轮次ID=20260602_153137_814
[设备记录 64/80 BEGIN] QRCode=12064 轮次ID=20260602_153137_814
============================= SH85SelfCheck 执行记录 =============================
任务名称: SH85SelfCheck
模式: 周期自检
轮次ID: 20260602_153137_814
设备: 12064
结果: 失败
结果码: StartCommandFailed
说明: 启动自检指令下发失败: 等待RTU响应超时
开始时间: 2026-06-02 15:31:37.814
结束时间: 2026-06-02 15:31:52.792
耗时: 14978 ms
----------------------------- 执行明细 -----------------------------
自检任务开始
总时长: 70 s
自检器启动成功
进入阶段: 阶段1 - 下发启动自检指令
指令下发明细: 完成
指令: StartSelfCheck
所属阶段: 阶段1 - 下发启动自检指令
发送时间: 2026-06-02 15:31:51.775
响应时间: -
发送次数: 1/1
发送指令帧: 01 06 00 17 00 A5 F9 B5
响应帧: 超时, 等待RTU响应超时
错误信息: 等待RTU响应超时
处理结果: 失败
============================= SH85SelfCheck 执行记录结束 =============================
[设备记录 64/80 END] QRCode=12064 轮次ID=20260602_153137_814
[设备记录 65/80 BEGIN] QRCode=12065 轮次ID=20260602_153137_814
============================= SH85SelfCheck 执行记录 =============================
任务名称: SH85SelfCheck
模式: 周期自检
轮次ID: 20260602_153137_814
设备: 12065
结果: 失败
结果码: StartCommandFailed
说明: 启动自检指令下发失败: 等待RTU响应超时
开始时间: 2026-06-02 15:31:37.814
结束时间: 2026-06-02 15:31:52.793
耗时: 14979 ms
----------------------------- 执行明细 -----------------------------
自检任务开始
总时长: 70 s
自检器启动成功
进入阶段: 阶段1 - 下发启动自检指令
指令下发明细: 完成
指令: StartSelfCheck
所属阶段: 阶段1 - 下发启动自检指令
发送时间: 2026-06-02 15:31:51.775
响应时间: -
发送次数: 1/1
发送指令帧: 01 06 00 17 00 A5 F9 B5
响应帧: 超时, 等待RTU响应超时
错误信息: 等待RTU响应超时
处理结果: 失败
============================= SH85SelfCheck 执行记录结束 =============================
[设备记录 65/80 END] QRCode=12065 轮次ID=20260602_153137_814
[设备记录 66/80 BEGIN] QRCode=12066 轮次ID=20260602_153137_814
============================= SH85SelfCheck 执行记录 =============================
任务名称: SH85SelfCheck
模式: 周期自检
轮次ID: 20260602_153137_814
设备: 12066
结果: 失败
结果码: StartCommandFailed
说明: 启动自检指令下发失败: 等待RTU响应超时
开始时间: 2026-06-02 15:31:37.814
结束时间: 2026-06-02 15:31:52.793
耗时: 14979 ms
----------------------------- 执行明细 -----------------------------
自检任务开始
总时长: 70 s
自检器启动成功
进入阶段: 阶段1 - 下发启动自检指令
指令下发明细: 完成
指令: StartSelfCheck
所属阶段: 阶段1 - 下发启动自检指令
发送时间: 2026-06-02 15:31:51.775
响应时间: -
发送次数: 1/1
发送指令帧: 01 06 00 17 00 A5 F9 B5
响应帧: 超时, 等待RTU响应超时
错误信息: 等待RTU响应超时
处理结果: 失败
============================= SH85SelfCheck 执行记录结束 =============================
[设备记录 66/80 END] QRCode=12066 轮次ID=20260602_153137_814
[设备记录 67/80 BEGIN] QRCode=12067 轮次ID=20260602_153137_814
============================= SH85SelfCheck 执行记录 =============================
任务名称: SH85SelfCheck
模式: 周期自检
轮次ID: 20260602_153137_814
设备: 12067
结果: 失败
结果码: StartCommandFailed
说明: 启动自检指令下发失败: 等待RTU响应超时
开始时间: 2026-06-02 15:31:37.814
结束时间: 2026-06-02 15:31:52.812
耗时: 14998 ms
----------------------------- 执行明细 -----------------------------
自检任务开始
总时长: 70 s
自检器启动成功
进入阶段: 阶段1 - 下发启动自检指令
指令下发明细: 完成
指令: StartSelfCheck
所属阶段: 阶段1 - 下发启动自检指令
发送时间: 2026-06-02 15:31:51.805
响应时间: -
发送次数: 1/1
发送指令帧: 01 06 00 17 00 A5 F9 B5
响应帧: 超时, 等待RTU响应超时
错误信息: 等待RTU响应超时
处理结果: 失败
============================= SH85SelfCheck 执行记录结束 =============================
[设备记录 67/80 END] QRCode=12067 轮次ID=20260602_153137_814
[设备记录 68/80 BEGIN] QRCode=12068 轮次ID=20260602_153137_814
============================= SH85SelfCheck 执行记录 =============================
任务名称: SH85SelfCheck
模式: 周期自检
轮次ID: 20260602_153137_814
设备: 12068
结果: 失败
结果码: StartCommandFailed
说明: 启动自检指令下发失败: 等待RTU响应超时
开始时间: 2026-06-02 15:31:37.814
结束时间: 2026-06-02 15:31:52.812
耗时: 14998 ms
----------------------------- 执行明细 -----------------------------
自检任务开始
总时长: 70 s
自检器启动成功
进入阶段: 阶段1 - 下发启动自检指令
指令下发明细: 完成
指令: StartSelfCheck
所属阶段: 阶段1 - 下发启动自检指令
发送时间: 2026-06-02 15:31:51.805
响应时间: -
发送次数: 1/1
发送指令帧: 01 06 00 17 00 A5 F9 B5
响应帧: 超时, 等待RTU响应超时
错误信息: 等待RTU响应超时
处理结果: 失败
============================= SH85SelfCheck 执行记录结束 =============================
[设备记录 68/80 END] QRCode=12068 轮次ID=20260602_153137_814
[设备记录 69/80 BEGIN] QRCode=12069 轮次ID=20260602_153137_814
============================= SH85SelfCheck 执行记录 =============================
任务名称: SH85SelfCheck
模式: 周期自检
轮次ID: 20260602_153137_814
设备: 12069
结果: 失败
结果码: StartCommandFailed
说明: 启动自检指令下发失败: 等待RTU响应超时
开始时间: 2026-06-02 15:31:37.814
结束时间: 2026-06-02 15:31:52.810
耗时: 14996 ms
----------------------------- 执行明细 -----------------------------
自检任务开始
总时长: 70 s
自检器启动成功
进入阶段: 阶段1 - 下发启动自检指令
指令下发明细: 完成
指令: StartSelfCheck
所属阶段: 阶段1 - 下发启动自检指令
发送时间: 2026-06-02 15:31:51.805
响应时间: -
发送次数: 1/1
发送指令帧: 01 06 00 17 00 A5 F9 B5
响应帧: 超时, 等待RTU响应超时
错误信息: 等待RTU响应超时
处理结果: 失败
============================= SH85SelfCheck 执行记录结束 =============================
[设备记录 69/80 END] QRCode=12069 轮次ID=20260602_153137_814
[设备记录 70/80 BEGIN] QRCode=12070 轮次ID=20260602_153137_814
============================= SH85SelfCheck 执行记录 =============================
任务名称: SH85SelfCheck
模式: 周期自检
轮次ID: 20260602_153137_814
设备: 12070
结果: 失败
结果码: StartCommandFailed
说明: 启动自检指令下发失败: 等待RTU响应超时
开始时间: 2026-06-02 15:31:37.814
结束时间: 2026-06-02 15:31:52.810
耗时: 14996 ms
----------------------------- 执行明细 -----------------------------
自检任务开始
总时长: 70 s
自检器启动成功
进入阶段: 阶段1 - 下发启动自检指令
指令下发明细: 完成
指令: StartSelfCheck
所属阶段: 阶段1 - 下发启动自检指令
发送时间: 2026-06-02 15:31:51.805
响应时间: -
发送次数: 1/1
发送指令帧: 01 06 00 17 00 A5 F9 B5
响应帧: 超时, 等待RTU响应超时
错误信息: 等待RTU响应超时
处理结果: 失败
============================= SH85SelfCheck 执行记录结束 =============================
[设备记录 70/80 END] QRCode=12070 轮次ID=20260602_153137_814
[设备记录 71/80 BEGIN] QRCode=12071 轮次ID=20260602_153137_814
============================= SH85SelfCheck 执行记录 =============================
任务名称: SH85SelfCheck
模式: 周期自检
轮次ID: 20260602_153137_814
设备: 12071
结果: 失败
结果码: StartCommandFailed
说明: 启动自检指令下发失败: 等待RTU响应超时
开始时间: 2026-06-02 15:31:37.814
结束时间: 2026-06-02 15:31:52.812
耗时: 14998 ms
----------------------------- 执行明细 -----------------------------
自检任务开始
总时长: 70 s
自检器启动成功
进入阶段: 阶段1 - 下发启动自检指令
指令下发明细: 完成
指令: StartSelfCheck
所属阶段: 阶段1 - 下发启动自检指令
发送时间: 2026-06-02 15:31:51.804
响应时间: -
发送次数: 1/1
发送指令帧: 01 06 00 17 00 A5 F9 B5
响应帧: 超时, 等待RTU响应超时
错误信息: 等待RTU响应超时
处理结果: 失败
============================= SH85SelfCheck 执行记录结束 =============================
[设备记录 71/80 END] QRCode=12071 轮次ID=20260602_153137_814
[设备记录 72/80 BEGIN] QRCode=12072 轮次ID=20260602_153137_814
============================= SH85SelfCheck 执行记录 =============================
任务名称: SH85SelfCheck
模式: 周期自检
轮次ID: 20260602_153137_814
设备: 12072
结果: 失败
结果码: StartCommandFailed
说明: 启动自检指令下发失败: 等待RTU响应超时
开始时间: 2026-06-02 15:31:37.814
结束时间: 2026-06-02 15:31:52.812
耗时: 14998 ms
----------------------------- 执行明细 -----------------------------
自检任务开始
总时长: 70 s
自检器启动成功
进入阶段: 阶段1 - 下发启动自检指令
指令下发明细: 完成
指令: StartSelfCheck
所属阶段: 阶段1 - 下发启动自检指令
发送时间: 2026-06-02 15:31:51.805
响应时间: -
发送次数: 1/1
发送指令帧: 01 06 00 17 00 A5 F9 B5
响应帧: 超时, 等待RTU响应超时
错误信息: 等待RTU响应超时
处理结果: 失败
============================= SH85SelfCheck 执行记录结束 =============================
[设备记录 72/80 END] QRCode=12072 轮次ID=20260602_153137_814
[设备记录 73/80 BEGIN] QRCode=12073 轮次ID=20260602_153137_814
============================= SH85SelfCheck 执行记录 =============================
任务名称: SH85SelfCheck
模式: 周期自检
轮次ID: 20260602_153137_814
设备: 12073
结果: 失败
结果码: StartCommandFailed
说明: 启动自检指令下发失败: 等待RTU响应超时
开始时间: 2026-06-02 15:31:37.814
结束时间: 2026-06-02 15:31:52.812
耗时: 14998 ms
----------------------------- 执行明细 -----------------------------
自检任务开始
总时长: 70 s
自检器启动成功
进入阶段: 阶段1 - 下发启动自检指令
指令下发明细: 完成
指令: StartSelfCheck
所属阶段: 阶段1 - 下发启动自检指令
发送时间: 2026-06-02 15:31:51.805
响应时间: -
发送次数: 1/1
发送指令帧: 01 06 00 17 00 A5 F9 B5
响应帧: 超时, 等待RTU响应超时
错误信息: 等待RTU响应超时
处理结果: 失败
============================= SH85SelfCheck 执行记录结束 =============================
[设备记录 73/80 END] QRCode=12073 轮次ID=20260602_153137_814
[设备记录 74/80 BEGIN] QRCode=12074 轮次ID=20260602_153137_814
============================= SH85SelfCheck 执行记录 =============================
任务名称: SH85SelfCheck
模式: 周期自检
轮次ID: 20260602_153137_814
设备: 12074
结果: 失败
结果码: StartCommandFailed
说明: 启动自检指令下发失败: 等待RTU响应超时
开始时间: 2026-06-02 15:31:37.814
结束时间: 2026-06-02 15:31:52.812
耗时: 14998 ms
----------------------------- 执行明细 -----------------------------
自检任务开始
总时长: 70 s
自检器启动成功
进入阶段: 阶段1 - 下发启动自检指令
指令下发明细: 完成
指令: StartSelfCheck
所属阶段: 阶段1 - 下发启动自检指令
发送时间: 2026-06-02 15:31:51.805
响应时间: -
发送次数: 1/1
发送指令帧: 01 06 00 17 00 A5 F9 B5
响应帧: 超时, 等待RTU响应超时
错误信息: 等待RTU响应超时
处理结果: 失败
============================= SH85SelfCheck 执行记录结束 =============================
[设备记录 74/80 END] QRCode=12074 轮次ID=20260602_153137_814
[设备记录 75/80 BEGIN] QRCode=12075 轮次ID=20260602_153137_814
============================= SH85SelfCheck 执行记录 =============================
任务名称: SH85SelfCheck
模式: 周期自检
轮次ID: 20260602_153137_814
设备: 12075
结果: 失败
结果码: StartCommandFailed
说明: 启动自检指令下发失败: 等待RTU响应超时
开始时间: 2026-06-02 15:31:37.814
结束时间: 2026-06-02 15:31:52.812
耗时: 14998 ms
----------------------------- 执行明细 -----------------------------
自检任务开始
总时长: 70 s
自检器启动成功
进入阶段: 阶段1 - 下发启动自检指令
指令下发明细: 完成
指令: StartSelfCheck
所属阶段: 阶段1 - 下发启动自检指令
发送时间: 2026-06-02 15:31:51.805
响应时间: -
发送次数: 1/1
发送指令帧: 01 06 00 17 00 A5 F9 B5
响应帧: 超时, 等待RTU响应超时
错误信息: 等待RTU响应超时
处理结果: 失败
============================= SH85SelfCheck 执行记录结束 =============================
[设备记录 75/80 END] QRCode=12075 轮次ID=20260602_153137_814
[设备记录 76/80 BEGIN] QRCode=12076 轮次ID=20260602_153137_814
============================= SH85SelfCheck 执行记录 =============================
任务名称: SH85SelfCheck
模式: 周期自检
轮次ID: 20260602_153137_814
设备: 12076
结果: 失败
结果码: StartCommandFailed
说明: 启动自检指令下发失败: 等待RTU响应超时
开始时间: 2026-06-02 15:31:37.814
结束时间: 2026-06-02 15:31:52.810
耗时: 14996 ms
----------------------------- 执行明细 -----------------------------
自检任务开始
总时长: 70 s
自检器启动成功
进入阶段: 阶段1 - 下发启动自检指令
指令下发明细: 完成
指令: StartSelfCheck
所属阶段: 阶段1 - 下发启动自检指令
发送时间: 2026-06-02 15:31:51.805
响应时间: -
发送次数: 1/1
发送指令帧: 01 06 00 17 00 A5 F9 B5
响应帧: 超时, 等待RTU响应超时
错误信息: 等待RTU响应超时
处理结果: 失败
============================= SH85SelfCheck 执行记录结束 =============================
[设备记录 76/80 END] QRCode=12076 轮次ID=20260602_153137_814
[设备记录 77/80 BEGIN] QRCode=12077 轮次ID=20260602_153137_814
============================= SH85SelfCheck 执行记录 =============================
任务名称: SH85SelfCheck
模式: 周期自检
轮次ID: 20260602_153137_814
设备: 12077
结果: 失败
结果码: StartCommandFailed
说明: 启动自检指令下发失败: 等待RTU响应超时
开始时间: 2026-06-02 15:31:37.814
结束时间: 2026-06-02 15:31:52.812
耗时: 14998 ms
----------------------------- 执行明细 -----------------------------
自检任务开始
总时长: 70 s
自检器启动成功
进入阶段: 阶段1 - 下发启动自检指令
指令下发明细: 完成
指令: StartSelfCheck
所属阶段: 阶段1 - 下发启动自检指令
发送时间: 2026-06-02 15:31:51.805
响应时间: -
发送次数: 1/1
发送指令帧: 01 06 00 17 00 A5 F9 B5
响应帧: 超时, 等待RTU响应超时
错误信息: 等待RTU响应超时
处理结果: 失败
============================= SH85SelfCheck 执行记录结束 =============================
[设备记录 77/80 END] QRCode=12077 轮次ID=20260602_153137_814
[设备记录 78/80 BEGIN] QRCode=12078 轮次ID=20260602_153137_814
============================= SH85SelfCheck 执行记录 =============================
任务名称: SH85SelfCheck
模式: 周期自检
轮次ID: 20260602_153137_814
设备: 12078
结果: 失败
结果码: StartCommandFailed
说明: 启动自检指令下发失败: 等待RTU响应超时
开始时间: 2026-06-02 15:31:37.814
结束时间: 2026-06-02 15:31:52.810
耗时: 14996 ms
----------------------------- 执行明细 -----------------------------
自检任务开始
总时长: 70 s
自检器启动成功
进入阶段: 阶段1 - 下发启动自检指令
指令下发明细: 完成
指令: StartSelfCheck
所属阶段: 阶段1 - 下发启动自检指令
发送时间: 2026-06-02 15:31:51.805
响应时间: -
发送次数: 1/1
发送指令帧: 01 06 00 17 00 A5 F9 B5
响应帧: 超时, 等待RTU响应超时
错误信息: 等待RTU响应超时
处理结果: 失败
============================= SH85SelfCheck 执行记录结束 =============================
[设备记录 78/80 END] QRCode=12078 轮次ID=20260602_153137_814
[设备记录 79/80 BEGIN] QRCode=12079 轮次ID=20260602_153137_814
============================= SH85SelfCheck 执行记录 =============================
任务名称: SH85SelfCheck
模式: 周期自检
轮次ID: 20260602_153137_814
设备: 12079
结果: 失败
结果码: StartCommandFailed
说明: 启动自检指令下发失败: 等待RTU响应超时
开始时间: 2026-06-02 15:31:37.814
结束时间: 2026-06-02 15:31:52.812
耗时: 14998 ms
----------------------------- 执行明细 -----------------------------
自检任务开始
总时长: 70 s
自检器启动成功
进入阶段: 阶段1 - 下发启动自检指令
指令下发明细: 完成
指令: StartSelfCheck
所属阶段: 阶段1 - 下发启动自检指令
发送时间: 2026-06-02 15:31:51.805
响应时间: -
发送次数: 1/1
发送指令帧: 01 06 00 17 00 A5 F9 B5
响应帧: 超时, 等待RTU响应超时
错误信息: 等待RTU响应超时
处理结果: 失败
============================= SH85SelfCheck 执行记录结束 =============================
[设备记录 79/80 END] QRCode=12079 轮次ID=20260602_153137_814
[设备记录 80/80 BEGIN] QRCode=12080 轮次ID=20260602_153137_814
============================= SH85SelfCheck 执行记录 =============================
任务名称: SH85SelfCheck
模式: 周期自检
轮次ID: 20260602_153137_814
设备: 12080
结果: 失败
结果码: StartCommandFailed
说明: 启动自检指令下发失败: 等待RTU响应超时
开始时间: 2026-06-02 15:31:37.814
结束时间: 2026-06-02 15:31:52.810
耗时: 14996 ms
----------------------------- 执行明细 -----------------------------
自检任务开始
总时长: 70 s
自检器启动成功
进入阶段: 阶段1 - 下发启动自检指令
指令下发明细: 完成
指令: StartSelfCheck
所属阶段: 阶段1 - 下发启动自检指令
发送时间: 2026-06-02 15:31:51.805
响应时间: -
发送次数: 1/1
发送指令帧: 01 06 00 17 00 A5 F9 B5
响应帧: 超时, 等待RTU响应超时
错误信息: 等待RTU响应超时
处理结果: 失败
============================= SH85SelfCheck 执行记录结束 =============================
[设备记录 80/80 END] QRCode=12080 轮次ID=20260602_153137_814
############################## SH85_PERIODIC_ROUND_END ##############################
轮次ID: 20260602_153137_814
################################################################################
[2026-06-02 15:31:52] [WARN] [SH85PeriodicSelfCheckTask] 周期自检轮次失败
轮次ID: 20260602_153137_814
开始时间: 2026-06-02 15:31:37
结束时间: 2026-06-02 15:31:52
总设备数: 80
参与设备数: 80
成功设备数: 0
失败设备数: 80
跳过设备数: 0
失败原因摘要:
- 启动自检指令下发失败: 等待RTU响应超时: 80 台
  设备: 12001, 12002, 12003, 12004, 12005, 12006, 12007, 12008, 12009, 12010, 12011, 12012, 12013, 12014, 12015, 12016, 12017, 12018, 12019, 12020, 12021, 12022, 12023, 12024, 12025, 12026, 12027, 12028, 12029, 12030, 12031, 12032, 12033, 12034, 12035, 12036, 12037, 12038, 12039, 12040, 12041, 12042, 12043, 12044, 12045, 12046, 12047, 12048, 12049, 12050, 12051, 12052, 12053, 12054, 12055, 12056, 12057, 12058, 12059, 12060, 12061, 12062, 12063, 12064, 12065, 12066, 12067, 12068, 12069, 12070, 12071, 12072, 12073, 12074, 12075, 12076, 12077, 12078, 12079, 12080
详细执行记录: 请在 self_check.log 搜索轮次ID 20260602_153137_814
[2026-06-02 15:36:43] [INFO] ################################################################################
############################# SH85_PERIODIC_ROUND_BEGIN #############################
任务名称: SH85PeriodicSelfCheckTask
模式: 周期自检
轮次ID: 20260602_153628_374
开始时间: 2026-06-02 15:36:28
结束时间: 2026-06-02 15:36:43
总设备数: 80
参与设备数: 80
成功设备数: 0
失败设备数: 80
跳过设备数: 0
结果: 失败
失败设备: 12001, 12002, 12003, 12004, 12005, 12006, 12007, 12008, 12009, 12010, 12011, 12012, 12013, 12014, 12015, 12016, 12017, 12018, 12019, 12020, 12021, 12022, 12023, 12024, 12025, 12026, 12027, 12028, 12029, 12030, 12031, 12032, 12033, 12034, 12035, 12036, 12037, 12038, 12039, 12040, 12041, 12042, 12043, 12044, 12045, 12046, 12047, 12048, 12049, 12050, 12051, 12052, 12053, 12054, 12055, 12056, 12057, 12058, 12059, 12060, 12061, 12062, 12063, 12064, 12065, 12066, 12067, 12068, 12069, 12070, 12071, 12072, 12073, 12074, 12075, 12076, 12077, 12078, 12079, 12080
跳过设备: 无
----------------------------- 设备执行记录列表 -----------------------------
[设备记录 1/80 BEGIN] QRCode=12001 轮次ID=20260602_153628_374
============================= SH85SelfCheck 执行记录 =============================
任务名称: SH85SelfCheck
模式: 周期自检
轮次ID: 20260602_153628_374
设备: 12001
结果: 失败
结果码: StartCommandFailed
说明: 启动自检指令下发失败: 等待RTU响应超时
开始时间: 2026-06-02 15:36:28.374
结束时间: 2026-06-02 15:36:43.280
耗时: 14906 ms
----------------------------- 执行明细 -----------------------------
自检任务开始
总时长: 70 s
自检器启动成功
进入阶段: 阶段1 - 下发启动自检指令
指令下发明细: 完成
指令: StartSelfCheck
所属阶段: 阶段1 - 下发启动自检指令
发送时间: 2026-06-02 15:36:42.247
响应时间: -
发送次数: 1/1
发送指令帧: 01 06 00 17 00 A5 F9 B5
响应帧: 超时, 等待RTU响应超时
错误信息: 等待RTU响应超时
处理结果: 失败
============================= SH85SelfCheck 执行记录结束 =============================
[设备记录 1/80 END] QRCode=12001 轮次ID=20260602_153628_374
[设备记录 2/80 BEGIN] QRCode=12002 轮次ID=20260602_153628_374
============================= SH85SelfCheck 执行记录 =============================
任务名称: SH85SelfCheck
模式: 周期自检
轮次ID: 20260602_153628_374
设备: 12002
结果: 失败
结果码: StartCommandFailed
说明: 启动自检指令下发失败: 等待RTU响应超时
开始时间: 2026-06-02 15:36:28.374
结束时间: 2026-06-02 15:36:43.264
耗时: 14890 ms
----------------------------- 执行明细 -----------------------------
自检任务开始
总时长: 70 s
自检器启动成功
进入阶段: 阶段1 - 下发启动自检指令
指令下发明细: 完成
指令: StartSelfCheck
所属阶段: 阶段1 - 下发启动自检指令
发送时间: 2026-06-02 15:36:42.247
响应时间: -
发送次数: 1/1
发送指令帧: 01 06 00 17 00 A5 F9 B5
响应帧: 超时, 等待RTU响应超时
错误信息: 等待RTU响应超时
处理结果: 失败
============================= SH85SelfCheck 执行记录结束 =============================
[设备记录 2/80 END] QRCode=12002 轮次ID=20260602_153628_374
[设备记录 3/80 BEGIN] QRCode=12003 轮次ID=20260602_153628_374
============================= SH85SelfCheck 执行记录 =============================
任务名称: SH85SelfCheck
模式: 周期自检
轮次ID: 20260602_153628_374
设备: 12003
结果: 失败
结果码: StartCommandFailed
说明: 启动自检指令下发失败: 等待RTU响应超时
开始时间: 2026-06-02 15:36:28.374
结束时间: 2026-06-02 15:36:43.280
耗时: 14906 ms
----------------------------- 执行明细 -----------------------------
自检任务开始
总时长: 70 s
自检器启动成功
进入阶段: 阶段1 - 下发启动自检指令
指令下发明细: 完成
指令: StartSelfCheck
所属阶段: 阶段1 - 下发启动自检指令
发送时间: 2026-06-02 15:36:42.247
响应时间: -
发送次数: 1/1
发送指令帧: 01 06 00 17 00 A5 F9 B5
响应帧: 超时, 等待RTU响应超时
错误信息: 等待RTU响应超时
处理结果: 失败
============================= SH85SelfCheck 执行记录结束 =============================
[设备记录 3/80 END] QRCode=12003 轮次ID=20260602_153628_374
[设备记录 4/80 BEGIN] QRCode=12004 轮次ID=20260602_153628_374
============================= SH85SelfCheck 执行记录 =============================
任务名称: SH85SelfCheck
模式: 周期自检
轮次ID: 20260602_153628_374
设备: 12004
结果: 失败
结果码: StartCommandFailed
说明: 启动自检指令下发失败: 等待RTU响应超时
开始时间: 2026-06-02 15:36:28.374
结束时间: 2026-06-02 15:36:43.280
耗时: 14906 ms
----------------------------- 执行明细 -----------------------------
自检任务开始
总时长: 70 s
自检器启动成功
进入阶段: 阶段1 - 下发启动自检指令
指令下发明细: 完成
指令: StartSelfCheck
所属阶段: 阶段1 - 下发启动自检指令
发送时间: 2026-06-02 15:36:42.260
响应时间: -
发送次数: 1/1
发送指令帧: 01 06 00 17 00 A5 F9 B5
响应帧: 超时, 等待RTU响应超时
错误信息: 等待RTU响应超时
处理结果: 失败
============================= SH85SelfCheck 执行记录结束 =============================
[设备记录 4/80 END] QRCode=12004 轮次ID=20260602_153628_374
[设备记录 5/80 BEGIN] QRCode=12005 轮次ID=20260602_153628_374
============================= SH85SelfCheck 执行记录 =============================
任务名称: SH85SelfCheck
模式: 周期自检
轮次ID: 20260602_153628_374
设备: 12005
结果: 失败
结果码: StartCommandFailed
说明: 启动自检指令下发失败: 等待RTU响应超时
开始时间: 2026-06-02 15:36:28.374
结束时间: 2026-06-02 15:36:43.280
耗时: 14906 ms
----------------------------- 执行明细 -----------------------------
自检任务开始
总时长: 70 s
自检器启动成功
进入阶段: 阶段1 - 下发启动自检指令
指令下发明细: 完成
指令: StartSelfCheck
所属阶段: 阶段1 - 下发启动自检指令
发送时间: 2026-06-02 15:36:42.260
响应时间: -
发送次数: 1/1
发送指令帧: 01 06 00 17 00 A5 F9 B5
响应帧: 超时, 等待RTU响应超时
错误信息: 等待RTU响应超时
处理结果: 失败
============================= SH85SelfCheck 执行记录结束 =============================
[设备记录 5/80 END] QRCode=12005 轮次ID=20260602_153628_374
[设备记录 6/80 BEGIN] QRCode=12006 轮次ID=20260602_153628_374
============================= SH85SelfCheck 执行记录 =============================
任务名称: SH85SelfCheck
模式: 周期自检
轮次ID: 20260602_153628_374
设备: 12006
结果: 失败
结果码: StartCommandFailed
说明: 启动自检指令下发失败: 等待RTU响应超时
开始时间: 2026-06-02 15:36:28.374
结束时间: 2026-06-02 15:36:43.278
耗时: 14904 ms
----------------------------- 执行明细 -----------------------------
自检任务开始
总时长: 70 s
自检器启动成功
进入阶段: 阶段1 - 下发启动自检指令
指令下发明细: 完成
指令: StartSelfCheck
所属阶段: 阶段1 - 下发启动自检指令
发送时间: 2026-06-02 15:36:42.247
响应时间: -
发送次数: 1/1
发送指令帧: 01 06 00 17 00 A5 F9 B5
响应帧: 超时, 等待RTU响应超时
错误信息: 等待RTU响应超时
处理结果: 失败
============================= SH85SelfCheck 执行记录结束 =============================
[设备记录 6/80 END] QRCode=12006 轮次ID=20260602_153628_374
[设备记录 7/80 BEGIN] QRCode=12007 轮次ID=20260602_153628_374
============================= SH85SelfCheck 执行记录 =============================
任务名称: SH85SelfCheck
模式: 周期自检
轮次ID: 20260602_153628_374
设备: 12007
结果: 失败
结果码: StartCommandFailed
说明: 启动自检指令下发失败: 等待RTU响应超时
开始时间: 2026-06-02 15:36:28.374
结束时间: 2026-06-02 15:36:43.279
耗时: 14905 ms
----------------------------- 执行明细 -----------------------------
自检任务开始
总时长: 70 s
自检器启动成功
进入阶段: 阶段1 - 下发启动自检指令
指令下发明细: 完成
指令: StartSelfCheck
所属阶段: 阶段1 - 下发启动自检指令
发送时间: 2026-06-02 15:36:42.247
响应时间: -
发送次数: 1/1
发送指令帧: 01 06 00 17 00 A5 F9 B5
响应帧: 超时, 等待RTU响应超时
错误信息: 等待RTU响应超时
处理结果: 失败
============================= SH85SelfCheck 执行记录结束 =============================
[设备记录 7/80 END] QRCode=12007 轮次ID=20260602_153628_374
[设备记录 8/80 BEGIN] QRCode=12008 轮次ID=20260602_153628_374
============================= SH85SelfCheck 执行记录 =============================
任务名称: SH85SelfCheck
模式: 周期自检
轮次ID: 20260602_153628_374
设备: 12008
结果: 失败
结果码: StartCommandFailed
说明: 启动自检指令下发失败: 等待RTU响应超时
开始时间: 2026-06-02 15:36:28.374
结束时间: 2026-06-02 15:36:43.279
耗时: 14905 ms
----------------------------- 执行明细 -----------------------------
自检任务开始
总时长: 70 s
自检器启动成功
进入阶段: 阶段1 - 下发启动自检指令
指令下发明细: 完成
指令: StartSelfCheck
所属阶段: 阶段1 - 下发启动自检指令
发送时间: 2026-06-02 15:36:42.247
响应时间: -
发送次数: 1/1
发送指令帧: 01 06 00 17 00 A5 F9 B5
响应帧: 超时, 等待RTU响应超时
错误信息: 等待RTU响应超时
处理结果: 失败
============================= SH85SelfCheck 执行记录结束 =============================
[设备记录 8/80 END] QRCode=12008 轮次ID=20260602_153628_374
[设备记录 9/80 BEGIN] QRCode=12009 轮次ID=20260602_153628_374
============================= SH85SelfCheck 执行记录 =============================
任务名称: SH85SelfCheck
模式: 周期自检
轮次ID: 20260602_153628_374
设备: 12009
结果: 失败
结果码: StartCommandFailed
说明: 启动自检指令下发失败: 等待RTU响应超时
开始时间: 2026-06-02 15:36:28.374
结束时间: 2026-06-02 15:36:43.275
耗时: 14901 ms
----------------------------- 执行明细 -----------------------------
自检任务开始
总时长: 70 s
自检器启动成功
进入阶段: 阶段1 - 下发启动自检指令
指令下发明细: 完成
指令: StartSelfCheck
所属阶段: 阶段1 - 下发启动自检指令
发送时间: 2026-06-02 15:36:42.247
响应时间: -
发送次数: 1/1
发送指令帧: 01 06 00 17 00 A5 F9 B5
响应帧: 超时, 等待RTU响应超时
错误信息: 等待RTU响应超时
处理结果: 失败
============================= SH85SelfCheck 执行记录结束 =============================
[设备记录 9/80 END] QRCode=12009 轮次ID=20260602_153628_374
[设备记录 10/80 BEGIN] QRCode=12010 轮次ID=20260602_153628_374
============================= SH85SelfCheck 执行记录 =============================
任务名称: SH85SelfCheck
模式: 周期自检
轮次ID: 20260602_153628_374
设备: 12010
结果: 失败
结果码: StartCommandFailed
说明: 启动自检指令下发失败: 等待RTU响应超时
开始时间: 2026-06-02 15:36:28.374
结束时间: 2026-06-02 15:36:43.275
耗时: 14901 ms
----------------------------- 执行明细 -----------------------------
自检任务开始
总时长: 70 s
自检器启动成功
进入阶段: 阶段1 - 下发启动自检指令
指令下发明细: 完成
指令: StartSelfCheck
所属阶段: 阶段1 - 下发启动自检指令
发送时间: 2026-06-02 15:36:42.247
响应时间: -
发送次数: 1/1
发送指令帧: 01 06 00 17 00 A5 F9 B5
响应帧: 超时, 等待RTU响应超时
错误信息: 等待RTU响应超时
处理结果: 失败
============================= SH85SelfCheck 执行记录结束 =============================
[设备记录 10/80 END] QRCode=12010 轮次ID=20260602_153628_374
[设备记录 11/80 BEGIN] QRCode=12011 轮次ID=20260602_153628_374
============================= SH85SelfCheck 执行记录 =============================
任务名称: SH85SelfCheck
模式: 周期自检
轮次ID: 20260602_153628_374
设备: 12011
结果: 失败
结果码: StartCommandFailed
说明: 启动自检指令下发失败: 等待RTU响应超时
开始时间: 2026-06-02 15:36:28.374
结束时间: 2026-06-02 15:36:43.279
耗时: 14905 ms
----------------------------- 执行明细 -----------------------------
自检任务开始
总时长: 70 s
自检器启动成功
进入阶段: 阶段1 - 下发启动自检指令
指令下发明细: 完成
指令: StartSelfCheck
所属阶段: 阶段1 - 下发启动自检指令
发送时间: 2026-06-02 15:36:42.246
响应时间: -
发送次数: 1/1
发送指令帧: 01 06 00 17 00 A5 F9 B5
响应帧: 超时, 等待RTU响应超时
错误信息: 等待RTU响应超时
处理结果: 失败
============================= SH85SelfCheck 执行记录结束 =============================
[设备记录 11/80 END] QRCode=12011 轮次ID=20260602_153628_374
[设备记录 12/80 BEGIN] QRCode=12012 轮次ID=20260602_153628_374
============================= SH85SelfCheck 执行记录 =============================
任务名称: SH85SelfCheck
模式: 周期自检
轮次ID: 20260602_153628_374
设备: 12012
结果: 失败
结果码: StartCommandFailed
说明: 启动自检指令下发失败: 等待RTU响应超时
开始时间: 2026-06-02 15:36:28.374
结束时间: 2026-06-02 15:36:43.281
耗时: 14907 ms
----------------------------- 执行明细 -----------------------------
自检任务开始
总时长: 70 s
自检器启动成功
进入阶段: 阶段1 - 下发启动自检指令
指令下发明细: 完成
指令: StartSelfCheck
所属阶段: 阶段1 - 下发启动自检指令
发送时间: 2026-06-02 15:36:42.260
响应时间: -
发送次数: 1/1
发送指令帧: 01 06 00 17 00 A5 F9 B5
响应帧: 超时, 等待RTU响应超时
错误信息: 等待RTU响应超时
处理结果: 失败
============================= SH85SelfCheck 执行记录结束 =============================
[设备记录 12/80 END] QRCode=12012 轮次ID=20260602_153628_374
[设备记录 13/80 BEGIN] QRCode=12013 轮次ID=20260602_153628_374
============================= SH85SelfCheck 执行记录 =============================
任务名称: SH85SelfCheck
模式: 周期自检
轮次ID: 20260602_153628_374
设备: 12013
结果: 失败
结果码: StartCommandFailed
说明: 启动自检指令下发失败: 等待RTU响应超时
开始时间: 2026-06-02 15:36:28.374
结束时间: 2026-06-02 15:36:43.281
耗时: 14907 ms
----------------------------- 执行明细 -----------------------------
自检任务开始
总时长: 70 s
自检器启动成功
进入阶段: 阶段1 - 下发启动自检指令
指令下发明细: 完成
指令: StartSelfCheck
所属阶段: 阶段1 - 下发启动自检指令
发送时间: 2026-06-02 15:36:42.260
响应时间: -
发送次数: 1/1
发送指令帧: 01 06 00 17 00 A5 F9 B5
响应帧: 超时, 等待RTU响应超时
错误信息: 等待RTU响应超时
处理结果: 失败
============================= SH85SelfCheck 执行记录结束 =============================
[设备记录 13/80 END] QRCode=12013 轮次ID=20260602_153628_374
[设备记录 14/80 BEGIN] QRCode=12014 轮次ID=20260602_153628_374
============================= SH85SelfCheck 执行记录 =============================
任务名称: SH85SelfCheck
模式: 周期自检
轮次ID: 20260602_153628_374
设备: 12014
结果: 失败
结果码: StartCommandFailed
说明: 启动自检指令下发失败: 等待RTU响应超时
开始时间: 2026-06-02 15:36:28.374
结束时间: 2026-06-02 15:36:43.280
耗时: 14906 ms
----------------------------- 执行明细 -----------------------------
自检任务开始
总时长: 70 s
自检器启动成功
进入阶段: 阶段1 - 下发启动自检指令
指令下发明细: 完成
指令: StartSelfCheck
所属阶段: 阶段1 - 下发启动自检指令
发送时间: 2026-06-02 15:36:42.260
响应时间: -
发送次数: 1/1
发送指令帧: 01 06 00 17 00 A5 F9 B5
响应帧: 超时, 等待RTU响应超时
错误信息: 等待RTU响应超时
处理结果: 失败
============================= SH85SelfCheck 执行记录结束 =============================
[设备记录 14/80 END] QRCode=12014 轮次ID=20260602_153628_374
[设备记录 15/80 BEGIN] QRCode=12015 轮次ID=20260602_153628_374
============================= SH85SelfCheck 执行记录 =============================
任务名称: SH85SelfCheck
模式: 周期自检
轮次ID: 20260602_153628_374
设备: 12015
结果: 失败
结果码: StartCommandFailed
说明: 启动自检指令下发失败: 等待RTU响应超时
开始时间: 2026-06-02 15:36:28.374
结束时间: 2026-06-02 15:36:43.281
耗时: 14907 ms
----------------------------- 执行明细 -----------------------------
自检任务开始
总时长: 70 s
自检器启动成功
进入阶段: 阶段1 - 下发启动自检指令
指令下发明细: 完成
指令: StartSelfCheck
所属阶段: 阶段1 - 下发启动自检指令
发送时间: 2026-06-02 15:36:42.260
响应时间: -
发送次数: 1/1
发送指令帧: 01 06 00 17 00 A5 F9 B5
响应帧: 超时, 等待RTU响应超时
错误信息: 等待RTU响应超时
处理结果: 失败
============================= SH85SelfCheck 执行记录结束 =============================
[设备记录 15/80 END] QRCode=12015 轮次ID=20260602_153628_374
[设备记录 16/80 BEGIN] QRCode=12016 轮次ID=20260602_153628_374
============================= SH85SelfCheck 执行记录 =============================
任务名称: SH85SelfCheck
模式: 周期自检
轮次ID: 20260602_153628_374
设备: 12016
结果: 失败
结果码: StartCommandFailed
说明: 启动自检指令下发失败: 等待RTU响应超时
开始时间: 2026-06-02 15:36:28.374
结束时间: 2026-06-02 15:36:43.281
耗时: 14907 ms
----------------------------- 执行明细 -----------------------------
自检任务开始
总时长: 70 s
自检器启动成功
进入阶段: 阶段1 - 下发启动自检指令
指令下发明细: 完成
指令: StartSelfCheck
所属阶段: 阶段1 - 下发启动自检指令
发送时间: 2026-06-02 15:36:42.260
响应时间: -
发送次数: 1/1
发送指令帧: 01 06 00 17 00 A5 F9 B5
响应帧: 超时, 等待RTU响应超时
错误信息: 等待RTU响应超时
处理结果: 失败
============================= SH85SelfCheck 执行记录结束 =============================
[设备记录 16/80 END] QRCode=12016 轮次ID=20260602_153628_374
[设备记录 17/80 BEGIN] QRCode=12017 轮次ID=20260602_153628_374
============================= SH85SelfCheck 执行记录 =============================
任务名称: SH85SelfCheck
模式: 周期自检
轮次ID: 20260602_153628_374
设备: 12017
结果: 失败
结果码: StartCommandFailed
说明: 启动自检指令下发失败: 等待RTU响应超时
开始时间: 2026-06-02 15:36:28.374
结束时间: 2026-06-02 15:36:43.292
耗时: 14918 ms
----------------------------- 执行明细 -----------------------------
自检任务开始
总时长: 70 s
自检器启动成功
进入阶段: 阶段1 - 下发启动自检指令
指令下发明细: 完成
指令: StartSelfCheck
所属阶段: 阶段1 - 下发启动自检指令
发送时间: 2026-06-02 15:36:42.275
响应时间: -
发送次数: 1/1
发送指令帧: 01 06 00 17 00 A5 F9 B5
响应帧: 超时, 等待RTU响应超时
错误信息: 等待RTU响应超时
处理结果: 失败
============================= SH85SelfCheck 执行记录结束 =============================
[设备记录 17/80 END] QRCode=12017 轮次ID=20260602_153628_374
[设备记录 18/80 BEGIN] QRCode=12018 轮次ID=20260602_153628_374
============================= SH85SelfCheck 执行记录 =============================
任务名称: SH85SelfCheck
模式: 周期自检
轮次ID: 20260602_153628_374
设备: 12018
结果: 失败
结果码: StartCommandFailed
说明: 启动自检指令下发失败: 等待RTU响应超时
开始时间: 2026-06-02 15:36:28.374
结束时间: 2026-06-02 15:36:43.294
耗时: 14920 ms
----------------------------- 执行明细 -----------------------------
自检任务开始
总时长: 70 s
自检器启动成功
进入阶段: 阶段1 - 下发启动自检指令
指令下发明细: 完成
指令: StartSelfCheck
所属阶段: 阶段1 - 下发启动自检指令
发送时间: 2026-06-02 15:36:42.274
响应时间: -
发送次数: 1/1
发送指令帧: 01 06 00 17 00 A5 F9 B5
响应帧: 超时, 等待RTU响应超时
错误信息: 等待RTU响应超时
处理结果: 失败
============================= SH85SelfCheck 执行记录结束 =============================
[设备记录 18/80 END] QRCode=12018 轮次ID=20260602_153628_374
[设备记录 19/80 BEGIN] QRCode=12019 轮次ID=20260602_153628_374
============================= SH85SelfCheck 执行记录 =============================
任务名称: SH85SelfCheck
模式: 周期自检
轮次ID: 20260602_153628_374
设备: 12019
结果: 失败
结果码: StartCommandFailed
说明: 启动自检指令下发失败: 等待RTU响应超时
开始时间: 2026-06-02 15:36:28.374
结束时间: 2026-06-02 15:36:43.294
耗时: 14920 ms
----------------------------- 执行明细 -----------------------------
自检任务开始
总时长: 70 s
自检器启动成功
进入阶段: 阶段1 - 下发启动自检指令
指令下发明细: 完成
指令: StartSelfCheck
所属阶段: 阶段1 - 下发启动自检指令
发送时间: 2026-06-02 15:36:42.274
响应时间: -
发送次数: 1/1
发送指令帧: 01 06 00 17 00 A5 F9 B5
响应帧: 超时, 等待RTU响应超时
错误信息: 等待RTU响应超时
处理结果: 失败
============================= SH85SelfCheck 执行记录结束 =============================
[设备记录 19/80 END] QRCode=12019 轮次ID=20260602_153628_374
[设备记录 20/80 BEGIN] QRCode=12020 轮次ID=20260602_153628_374
============================= SH85SelfCheck 执行记录 =============================
任务名称: SH85SelfCheck
模式: 周期自检
轮次ID: 20260602_153628_374
设备: 12020
结果: 失败
结果码: StartCommandFailed
说明: 启动自检指令下发失败: 等待RTU响应超时
开始时间: 2026-06-02 15:36:28.374
结束时间: 2026-06-02 15:36:43.294
耗时: 14920 ms
----------------------------- 执行明细 -----------------------------
自检任务开始
总时长: 70 s
自检器启动成功
进入阶段: 阶段1 - 下发启动自检指令
指令下发明细: 完成
指令: StartSelfCheck
所属阶段: 阶段1 - 下发启动自检指令
发送时间: 2026-06-02 15:36:42.274
响应时间: -
发送次数: 1/1
发送指令帧: 01 06 00 17 00 A5 F9 B5
响应帧: 超时, 等待RTU响应超时
错误信息: 等待RTU响应超时
处理结果: 失败
============================= SH85SelfCheck 执行记录结束 =============================
[设备记录 20/80 END] QRCode=12020 轮次ID=20260602_153628_374
[设备记录 21/80 BEGIN] QRCode=12021 轮次ID=20260602_153628_374
============================= SH85SelfCheck 执行记录 =============================
任务名称: SH85SelfCheck
模式: 周期自检
轮次ID: 20260602_153628_374
设备: 12021
结果: 失败
结果码: StartCommandFailed
说明: 启动自检指令下发失败: 等待RTU响应超时
开始时间: 2026-06-02 15:36:28.374
结束时间: 2026-06-02 15:36:43.294
耗时: 14920 ms
----------------------------- 执行明细 -----------------------------
自检任务开始
总时长: 70 s
自检器启动成功
进入阶段: 阶段1 - 下发启动自检指令
指令下发明细: 完成
指令: StartSelfCheck
所属阶段: 阶段1 - 下发启动自检指令
发送时间: 2026-06-02 15:36:42.274
响应时间: -
发送次数: 1/1
发送指令帧: 01 06 00 17 00 A5 F9 B5
响应帧: 超时, 等待RTU响应超时
错误信息: 等待RTU响应超时
处理结果: 失败
============================= SH85SelfCheck 执行记录结束 =============================
[设备记录 21/80 END] QRCode=12021 轮次ID=20260602_153628_374
[设备记录 22/80 BEGIN] QRCode=12022 轮次ID=20260602_153628_374
============================= SH85SelfCheck 执行记录 =============================
任务名称: SH85SelfCheck
模式: 周期自检
轮次ID: 20260602_153628_374
设备: 12022
结果: 失败
结果码: StartCommandFailed
说明: 启动自检指令下发失败: 等待RTU响应超时
开始时间: 2026-06-02 15:36:28.374
结束时间: 2026-06-02 15:36:43.292
耗时: 14918 ms
----------------------------- 执行明细 -----------------------------
自检任务开始
总时长: 70 s
自检器启动成功
进入阶段: 阶段1 - 下发启动自检指令
指令下发明细: 完成
指令: StartSelfCheck
所属阶段: 阶段1 - 下发启动自检指令
发送时间: 2026-06-02 15:36:42.274
响应时间: -
发送次数: 1/1
发送指令帧: 01 06 00 17 00 A5 F9 B5
响应帧: 超时, 等待RTU响应超时
错误信息: 等待RTU响应超时
处理结果: 失败
============================= SH85SelfCheck 执行记录结束 =============================
[设备记录 22/80 END] QRCode=12022 轮次ID=20260602_153628_374
[设备记录 23/80 BEGIN] QRCode=12023 轮次ID=20260602_153628_374
============================= SH85SelfCheck 执行记录 =============================
任务名称: SH85SelfCheck
模式: 周期自检
轮次ID: 20260602_153628_374
设备: 12023
结果: 失败
结果码: StartCommandFailed
说明: 启动自检指令下发失败: 等待RTU响应超时
开始时间: 2026-06-02 15:36:28.374
结束时间: 2026-06-02 15:36:43.296
耗时: 14922 ms
----------------------------- 执行明细 -----------------------------
自检任务开始
总时长: 70 s
自检器启动成功
进入阶段: 阶段1 - 下发启动自检指令
指令下发明细: 完成
指令: StartSelfCheck
所属阶段: 阶段1 - 下发启动自检指令
发送时间: 2026-06-02 15:36:42.275
响应时间: -
发送次数: 1/1
发送指令帧: 01 06 00 17 00 A5 F9 B5
响应帧: 超时, 等待RTU响应超时
错误信息: 等待RTU响应超时
处理结果: 失败
============================= SH85SelfCheck 执行记录结束 =============================
[设备记录 23/80 END] QRCode=12023 轮次ID=20260602_153628_374
[设备记录 24/80 BEGIN] QRCode=12024 轮次ID=20260602_153628_374
============================= SH85SelfCheck 执行记录 =============================
任务名称: SH85SelfCheck
模式: 周期自检
轮次ID: 20260602_153628_374
设备: 12024
结果: 失败
结果码: StartCommandFailed
说明: 启动自检指令下发失败: 等待RTU响应超时
开始时间: 2026-06-02 15:36:28.374
结束时间: 2026-06-02 15:36:43.294
耗时: 14920 ms
----------------------------- 执行明细 -----------------------------
自检任务开始
总时长: 70 s
自检器启动成功
进入阶段: 阶段1 - 下发启动自检指令
指令下发明细: 完成
指令: StartSelfCheck
所属阶段: 阶段1 - 下发启动自检指令
发送时间: 2026-06-02 15:36:42.275
响应时间: -
发送次数: 1/1
发送指令帧: 01 06 00 17 00 A5 F9 B5
响应帧: 超时, 等待RTU响应超时
错误信息: 等待RTU响应超时
处理结果: 失败
============================= SH85SelfCheck 执行记录结束 =============================
[设备记录 24/80 END] QRCode=12024 轮次ID=20260602_153628_374
[设备记录 25/80 BEGIN] QRCode=12025 轮次ID=20260602_153628_374
============================= SH85SelfCheck 执行记录 =============================
任务名称: SH85SelfCheck
模式: 周期自检
轮次ID: 20260602_153628_374
设备: 12025
结果: 失败
结果码: StartCommandFailed
说明: 启动自检指令下发失败: 等待RTU响应超时
开始时间: 2026-06-02 15:36:28.374
结束时间: 2026-06-02 15:36:43.296
耗时: 14922 ms
----------------------------- 执行明细 -----------------------------
自检任务开始
总时长: 70 s
自检器启动成功
进入阶段: 阶段1 - 下发启动自检指令
指令下发明细: 完成
指令: StartSelfCheck
所属阶段: 阶段1 - 下发启动自检指令
发送时间: 2026-06-02 15:36:42.274
响应时间: -
发送次数: 1/1
发送指令帧: 01 06 00 17 00 A5 F9 B5
响应帧: 超时, 等待RTU响应超时
错误信息: 等待RTU响应超时
处理结果: 失败
============================= SH85SelfCheck 执行记录结束 =============================
[设备记录 25/80 END] QRCode=12025 轮次ID=20260602_153628_374
[设备记录 26/80 BEGIN] QRCode=12026 轮次ID=20260602_153628_374
============================= SH85SelfCheck 执行记录 =============================
任务名称: SH85SelfCheck
模式: 周期自检
轮次ID: 20260602_153628_374
设备: 12026
结果: 失败
结果码: StartCommandFailed
说明: 启动自检指令下发失败: 等待RTU响应超时
开始时间: 2026-06-02 15:36:28.374
结束时间: 2026-06-02 15:36:43.297
耗时: 14923 ms
----------------------------- 执行明细 -----------------------------
自检任务开始
总时长: 70 s
自检器启动成功
进入阶段: 阶段1 - 下发启动自检指令
指令下发明细: 完成
指令: StartSelfCheck
所属阶段: 阶段1 - 下发启动自检指令
发送时间: 2026-06-02 15:36:42.274
响应时间: -
发送次数: 1/1
发送指令帧: 01 06 00 17 00 A5 F9 B5
响应帧: 超时, 等待RTU响应超时
错误信息: 等待RTU响应超时
处理结果: 失败
============================= SH85SelfCheck 执行记录结束 =============================
[设备记录 26/80 END] QRCode=12026 轮次ID=20260602_153628_374
[设备记录 27/80 BEGIN] QRCode=12027 轮次ID=20260602_153628_374
============================= SH85SelfCheck 执行记录 =============================
任务名称: SH85SelfCheck
模式: 周期自检
轮次ID: 20260602_153628_374
设备: 12027
结果: 失败
结果码: StartCommandFailed
说明: 启动自检指令下发失败: 等待RTU响应超时
开始时间: 2026-06-02 15:36:28.374
结束时间: 2026-06-02 15:36:43.296
耗时: 14922 ms
----------------------------- 执行明细 -----------------------------
自检任务开始
总时长: 70 s
自检器启动成功
进入阶段: 阶段1 - 下发启动自检指令
指令下发明细: 完成
指令: StartSelfCheck
所属阶段: 阶段1 - 下发启动自检指令
发送时间: 2026-06-02 15:36:42.274
响应时间: -
发送次数: 1/1
发送指令帧: 01 06 00 17 00 A5 F9 B5
响应帧: 超时, 等待RTU响应超时
错误信息: 等待RTU响应超时
处理结果: 失败
============================= SH85SelfCheck 执行记录结束 =============================
[设备记录 27/80 END] QRCode=12027 轮次ID=20260602_153628_374
[设备记录 28/80 BEGIN] QRCode=12028 轮次ID=20260602_153628_374
============================= SH85SelfCheck 执行记录 =============================
任务名称: SH85SelfCheck
模式: 周期自检
轮次ID: 20260602_153628_374
设备: 12028
结果: 失败
结果码: StartCommandFailed
说明: 启动自检指令下发失败: 等待RTU响应超时
开始时间: 2026-06-02 15:36:28.374
结束时间: 2026-06-02 15:36:43.295
耗时: 14921 ms
----------------------------- 执行明细 -----------------------------
自检任务开始
总时长: 70 s
自检器启动成功
进入阶段: 阶段1 - 下发启动自检指令
指令下发明细: 完成
指令: StartSelfCheck
所属阶段: 阶段1 - 下发启动自检指令
发送时间: 2026-06-02 15:36:42.274
响应时间: -
发送次数: 1/1
发送指令帧: 01 06 00 17 00 A5 F9 B5
响应帧: 超时, 等待RTU响应超时
错误信息: 等待RTU响应超时
处理结果: 失败
============================= SH85SelfCheck 执行记录结束 =============================
[设备记录 28/80 END] QRCode=12028 轮次ID=20260602_153628_374
[设备记录 29/80 BEGIN] QRCode=12029 轮次ID=20260602_153628_374
============================= SH85SelfCheck 执行记录 =============================
任务名称: SH85SelfCheck
模式: 周期自检
轮次ID: 20260602_153628_374
设备: 12029
结果: 失败
结果码: StartCommandFailed
说明: 启动自检指令下发失败: 等待RTU响应超时
开始时间: 2026-06-02 15:36:28.374
结束时间: 2026-06-02 15:36:43.297
耗时: 14923 ms
----------------------------- 执行明细 -----------------------------
自检任务开始
总时长: 70 s
自检器启动成功
进入阶段: 阶段1 - 下发启动自检指令
指令下发明细: 完成
指令: StartSelfCheck
所属阶段: 阶段1 - 下发启动自检指令
发送时间: 2026-06-02 15:36:42.289
响应时间: -
发送次数: 1/1
发送指令帧: 01 06 00 17 00 A5 F9 B5
响应帧: 超时, 等待RTU响应超时
错误信息: 等待RTU响应超时
处理结果: 失败
============================= SH85SelfCheck 执行记录结束 =============================
[设备记录 29/80 END] QRCode=12029 轮次ID=20260602_153628_374
[设备记录 30/80 BEGIN] QRCode=12030 轮次ID=20260602_153628_374
============================= SH85SelfCheck 执行记录 =============================
任务名称: SH85SelfCheck
模式: 周期自检
轮次ID: 20260602_153628_374
设备: 12030
结果: 失败
结果码: StartCommandFailed
说明: 启动自检指令下发失败: 等待RTU响应超时
开始时间: 2026-06-02 15:36:28.374
结束时间: 2026-06-02 15:36:43.346
耗时: 14972 ms
----------------------------- 执行明细 -----------------------------
自检任务开始
总时长: 70 s
自检器启动成功
进入阶段: 阶段1 - 下发启动自检指令
指令下发明细: 完成
指令: StartSelfCheck
所属阶段: 阶段1 - 下发启动自检指令
发送时间: 2026-06-02 15:36:42.325
响应时间: -
发送次数: 1/1
发送指令帧: 01 06 00 17 00 A5 F9 B5
响应帧: 超时, 等待RTU响应超时
错误信息: 等待RTU响应超时
处理结果: 失败
============================= SH85SelfCheck 执行记录结束 =============================
[设备记录 30/80 END] QRCode=12030 轮次ID=20260602_153628_374
[设备记录 31/80 BEGIN] QRCode=12031 轮次ID=20260602_153628_374
============================= SH85SelfCheck 执行记录 =============================
任务名称: SH85SelfCheck
模式: 周期自检
轮次ID: 20260602_153628_374
设备: 12031
结果: 失败
结果码: StartCommandFailed
说明: 启动自检指令下发失败: 等待RTU响应超时
开始时间: 2026-06-02 15:36:28.374
结束时间: 2026-06-02 15:36:43.346
耗时: 14972 ms
----------------------------- 执行明细 -----------------------------
自检任务开始
总时长: 70 s
自检器启动成功
进入阶段: 阶段1 - 下发启动自检指令
指令下发明细: 完成
指令: StartSelfCheck
所属阶段: 阶段1 - 下发启动自检指令
发送时间: 2026-06-02 15:36:42.324
响应时间: -
发送次数: 1/1
发送指令帧: 01 06 00 17 00 A5 F9 B5
响应帧: 超时, 等待RTU响应超时
错误信息: 等待RTU响应超时
处理结果: 失败
============================= SH85SelfCheck 执行记录结束 =============================
[设备记录 31/80 END] QRCode=12031 轮次ID=20260602_153628_374
[设备记录 32/80 BEGIN] QRCode=12032 轮次ID=20260602_153628_374
============================= SH85SelfCheck 执行记录 =============================
任务名称: SH85SelfCheck
模式: 周期自检
轮次ID: 20260602_153628_374
设备: 12032
结果: 失败
结果码: StartCommandFailed
说明: 启动自检指令下发失败: 等待RTU响应超时
开始时间: 2026-06-02 15:36:28.374
结束时间: 2026-06-02 15:36:43.346
耗时: 14972 ms
----------------------------- 执行明细 -----------------------------
自检任务开始
总时长: 70 s
自检器启动成功
进入阶段: 阶段1 - 下发启动自检指令
指令下发明细: 完成
指令: StartSelfCheck
所属阶段: 阶段1 - 下发启动自检指令
发送时间: 2026-06-02 15:36:42.325
响应时间: -
发送次数: 1/1
发送指令帧: 01 06 00 17 00 A5 F9 B5
响应帧: 超时, 等待RTU响应超时
错误信息: 等待RTU响应超时
处理结果: 失败
============================= SH85SelfCheck 执行记录结束 =============================
[设备记录 32/80 END] QRCode=12032 轮次ID=20260602_153628_374
[设备记录 33/80 BEGIN] QRCode=12033 轮次ID=20260602_153628_374
============================= SH85SelfCheck 执行记录 =============================
任务名称: SH85SelfCheck
模式: 周期自检
轮次ID: 20260602_153628_374
设备: 12033
结果: 失败
结果码: StartCommandFailed
说明: 启动自检指令下发失败: 等待RTU响应超时
开始时间: 2026-06-02 15:36:28.374
结束时间: 2026-06-02 15:36:43.346
耗时: 14972 ms
----------------------------- 执行明细 -----------------------------
自检任务开始
总时长: 70 s
自检器启动成功
进入阶段: 阶段1 - 下发启动自检指令
指令下发明细: 完成
指令: StartSelfCheck
所属阶段: 阶段1 - 下发启动自检指令
发送时间: 2026-06-02 15:36:42.325
响应时间: -
发送次数: 1/1
发送指令帧: 01 06 00 17 00 A5 F9 B5
响应帧: 超时, 等待RTU响应超时
错误信息: 等待RTU响应超时
处理结果: 失败
============================= SH85SelfCheck 执行记录结束 =============================
[设备记录 33/80 END] QRCode=12033 轮次ID=20260602_153628_374
[设备记录 34/80 BEGIN] QRCode=12034 轮次ID=20260602_153628_374
============================= SH85SelfCheck 执行记录 =============================
任务名称: SH85SelfCheck
模式: 周期自检
轮次ID: 20260602_153628_374
设备: 12034
结果: 失败
结果码: StartCommandFailed
说明: 启动自检指令下发失败: 等待RTU响应超时
开始时间: 2026-06-02 15:36:28.374
结束时间: 2026-06-02 15:36:43.346
耗时: 14972 ms
----------------------------- 执行明细 -----------------------------
自检任务开始
总时长: 70 s
自检器启动成功
进入阶段: 阶段1 - 下发启动自检指令
指令下发明细: 完成
指令: StartSelfCheck
所属阶段: 阶段1 - 下发启动自检指令
发送时间: 2026-06-02 15:36:42.325
响应时间: -
发送次数: 1/1
发送指令帧: 01 06 00 17 00 A5 F9 B5
响应帧: 超时, 等待RTU响应超时
错误信息: 等待RTU响应超时
处理结果: 失败
============================= SH85SelfCheck 执行记录结束 =============================
[设备记录 34/80 END] QRCode=12034 轮次ID=20260602_153628_374
[设备记录 35/80 BEGIN] QRCode=12035 轮次ID=20260602_153628_374
============================= SH85SelfCheck 执行记录 =============================
任务名称: SH85SelfCheck
模式: 周期自检
轮次ID: 20260602_153628_374
设备: 12035
结果: 失败
结果码: StartCommandFailed
说明: 启动自检指令下发失败: 等待RTU响应超时
开始时间: 2026-06-02 15:36:28.374
结束时间: 2026-06-02 15:36:43.297
耗时: 14923 ms
----------------------------- 执行明细 -----------------------------
自检任务开始
总时长: 70 s
自检器启动成功
进入阶段: 阶段1 - 下发启动自检指令
指令下发明细: 完成
指令: StartSelfCheck
所属阶段: 阶段1 - 下发启动自检指令
发送时间: 2026-06-02 15:36:42.289
响应时间: -
发送次数: 1/1
发送指令帧: 01 06 00 17 00 A5 F9 B5
响应帧: 超时, 等待RTU响应超时
错误信息: 等待RTU响应超时
处理结果: 失败
============================= SH85SelfCheck 执行记录结束 =============================
[设备记录 35/80 END] QRCode=12035 轮次ID=20260602_153628_374
[设备记录 36/80 BEGIN] QRCode=12036 轮次ID=20260602_153628_374
============================= SH85SelfCheck 执行记录 =============================
任务名称: SH85SelfCheck
模式: 周期自检
轮次ID: 20260602_153628_374
设备: 12036
结果: 失败
结果码: StartCommandFailed
说明: 启动自检指令下发失败: 等待RTU响应超时
开始时间: 2026-06-02 15:36:28.374
结束时间: 2026-06-02 15:36:43.297
耗时: 14923 ms
----------------------------- 执行明细 -----------------------------
自检任务开始
总时长: 70 s
自检器启动成功
进入阶段: 阶段1 - 下发启动自检指令
指令下发明细: 完成
指令: StartSelfCheck
所属阶段: 阶段1 - 下发启动自检指令
发送时间: 2026-06-02 15:36:42.289
响应时间: -
发送次数: 1/1
发送指令帧: 01 06 00 17 00 A5 F9 B5
响应帧: 超时, 等待RTU响应超时
错误信息: 等待RTU响应超时
处理结果: 失败
============================= SH85SelfCheck 执行记录结束 =============================
[设备记录 36/80 END] QRCode=12036 轮次ID=20260602_153628_374
[设备记录 37/80 BEGIN] QRCode=12037 轮次ID=20260602_153628_374
============================= SH85SelfCheck 执行记录 =============================
任务名称: SH85SelfCheck
模式: 周期自检
轮次ID: 20260602_153628_374
设备: 12037
结果: 失败
结果码: StartCommandFailed
说明: 启动自检指令下发失败: 等待RTU响应超时
开始时间: 2026-06-02 15:36:28.374
结束时间: 2026-06-02 15:36:43.339
耗时: 14965 ms
----------------------------- 执行明细 -----------------------------
自检任务开始
总时长: 70 s
自检器启动成功
进入阶段: 阶段1 - 下发启动自检指令
指令下发明细: 完成
指令: StartSelfCheck
所属阶段: 阶段1 - 下发启动自检指令
发送时间: 2026-06-02 15:36:42.325
响应时间: -
发送次数: 1/1
发送指令帧: 01 06 00 17 00 A5 F9 B5
响应帧: 超时, 等待RTU响应超时
错误信息: 等待RTU响应超时
处理结果: 失败
============================= SH85SelfCheck 执行记录结束 =============================
[设备记录 37/80 END] QRCode=12037 轮次ID=20260602_153628_374
[设备记录 38/80 BEGIN] QRCode=12038 轮次ID=20260602_153628_374
============================= SH85SelfCheck 执行记录 =============================
任务名称: SH85SelfCheck
模式: 周期自检
轮次ID: 20260602_153628_374
设备: 12038
结果: 失败
结果码: StartCommandFailed
说明: 启动自检指令下发失败: 等待RTU响应超时
开始时间: 2026-06-02 15:36:28.374
结束时间: 2026-06-02 15:36:43.339
耗时: 14965 ms
----------------------------- 执行明细 -----------------------------
自检任务开始
总时长: 70 s
自检器启动成功
进入阶段: 阶段1 - 下发启动自检指令
指令下发明细: 完成
指令: StartSelfCheck
所属阶段: 阶段1 - 下发启动自检指令
发送时间: 2026-06-02 15:36:42.325
响应时间: -
发送次数: 1/1
发送指令帧: 01 06 00 17 00 A5 F9 B5
响应帧: 超时, 等待RTU响应超时
错误信息: 等待RTU响应超时
处理结果: 失败
============================= SH85SelfCheck 执行记录结束 =============================
[设备记录 38/80 END] QRCode=12038 轮次ID=20260602_153628_374
[设备记录 39/80 BEGIN] QRCode=12039 轮次ID=20260602_153628_374
============================= SH85SelfCheck 执行记录 =============================
任务名称: SH85SelfCheck
模式: 周期自检
轮次ID: 20260602_153628_374
设备: 12039
结果: 失败
结果码: StartCommandFailed
说明: 启动自检指令下发失败: 等待RTU响应超时
开始时间: 2026-06-02 15:36:28.374
结束时间: 2026-06-02 15:36:43.342
耗时: 14968 ms
----------------------------- 执行明细 -----------------------------
自检任务开始
总时长: 70 s
自检器启动成功
进入阶段: 阶段1 - 下发启动自检指令
指令下发明细: 完成
指令: StartSelfCheck
所属阶段: 阶段1 - 下发启动自检指令
发送时间: 2026-06-02 15:36:42.325
响应时间: -
发送次数: 1/1
发送指令帧: 01 06 00 17 00 A5 F9 B5
响应帧: 超时, 等待RTU响应超时
错误信息: 等待RTU响应超时
处理结果: 失败
============================= SH85SelfCheck 执行记录结束 =============================
[设备记录 39/80 END] QRCode=12039 轮次ID=20260602_153628_374
[设备记录 40/80 BEGIN] QRCode=12040 轮次ID=20260602_153628_374
============================= SH85SelfCheck 执行记录 =============================
任务名称: SH85SelfCheck
模式: 周期自检
轮次ID: 20260602_153628_374
设备: 12040
结果: 失败
结果码: StartCommandFailed
说明: 启动自检指令下发失败: 等待RTU响应超时
开始时间: 2026-06-02 15:36:28.374
结束时间: 2026-06-02 15:36:43.342
耗时: 14968 ms
----------------------------- 执行明细 -----------------------------
自检任务开始
总时长: 70 s
自检器启动成功
进入阶段: 阶段1 - 下发启动自检指令
指令下发明细: 完成
指令: StartSelfCheck
所属阶段: 阶段1 - 下发启动自检指令
发送时间: 2026-06-02 15:36:42.325
响应时间: -
发送次数: 1/1
发送指令帧: 01 06 00 17 00 A5 F9 B5
响应帧: 超时, 等待RTU响应超时
错误信息: 等待RTU响应超时
处理结果: 失败
============================= SH85SelfCheck 执行记录结束 =============================
[设备记录 40/80 END] QRCode=12040 轮次ID=20260602_153628_374
[设备记录 41/80 BEGIN] QRCode=12041 轮次ID=20260602_153628_374
============================= SH85SelfCheck 执行记录 =============================
任务名称: SH85SelfCheck
模式: 周期自检
轮次ID: 20260602_153628_374
设备: 12041
结果: 失败
结果码: StartCommandFailed
说明: 启动自检指令下发失败: 等待RTU响应超时
开始时间: 2026-06-02 15:36:28.374
结束时间: 2026-06-02 15:36:43.342
耗时: 14968 ms
----------------------------- 执行明细 -----------------------------
自检任务开始
总时长: 70 s
自检器启动成功
进入阶段: 阶段1 - 下发启动自检指令
指令下发明细: 完成
指令: StartSelfCheck
所属阶段: 阶段1 - 下发启动自检指令
发送时间: 2026-06-02 15:36:42.325
响应时间: -
发送次数: 1/1
发送指令帧: 01 06 00 17 00 A5 F9 B5
响应帧: 超时, 等待RTU响应超时
错误信息: 等待RTU响应超时
处理结果: 失败
============================= SH85SelfCheck 执行记录结束 =============================
[设备记录 41/80 END] QRCode=12041 轮次ID=20260602_153628_374
[设备记录 42/80 BEGIN] QRCode=12042 轮次ID=20260602_153628_374
============================= SH85SelfCheck 执行记录 =============================
任务名称: SH85SelfCheck
模式: 周期自检
轮次ID: 20260602_153628_374
设备: 12042
结果: 失败
结果码: StartCommandFailed
说明: 启动自检指令下发失败: 等待RTU响应超时
开始时间: 2026-06-02 15:36:28.374
结束时间: 2026-06-02 15:36:43.342
耗时: 14968 ms
----------------------------- 执行明细 -----------------------------
自检任务开始
总时长: 70 s
自检器启动成功
进入阶段: 阶段1 - 下发启动自检指令
指令下发明细: 完成
指令: StartSelfCheck
所属阶段: 阶段1 - 下发启动自检指令
发送时间: 2026-06-02 15:36:42.325
响应时间: -
发送次数: 1/1
发送指令帧: 01 06 00 17 00 A5 F9 B5
响应帧: 超时, 等待RTU响应超时
错误信息: 等待RTU响应超时
处理结果: 失败
============================= SH85SelfCheck 执行记录结束 =============================
[设备记录 42/80 END] QRCode=12042 轮次ID=20260602_153628_374
[设备记录 43/80 BEGIN] QRCode=12043 轮次ID=20260602_153628_374
============================= SH85SelfCheck 执行记录 =============================
任务名称: SH85SelfCheck
模式: 周期自检
轮次ID: 20260602_153628_374
设备: 12043
结果: 失败
结果码: StartCommandFailed
说明: 启动自检指令下发失败: 等待RTU响应超时
开始时间: 2026-06-02 15:36:28.374
结束时间: 2026-06-02 15:36:43.341
耗时: 14967 ms
----------------------------- 执行明细 -----------------------------
自检任务开始
总时长: 70 s
自检器启动成功
进入阶段: 阶段1 - 下发启动自检指令
指令下发明细: 完成
指令: StartSelfCheck
所属阶段: 阶段1 - 下发启动自检指令
发送时间: 2026-06-02 15:36:42.325
响应时间: -
发送次数: 1/1
发送指令帧: 01 06 00 17 00 A5 F9 B5
响应帧: 超时, 等待RTU响应超时
错误信息: 等待RTU响应超时
处理结果: 失败
============================= SH85SelfCheck 执行记录结束 =============================
[设备记录 43/80 END] QRCode=12043 轮次ID=20260602_153628_374
[设备记录 44/80 BEGIN] QRCode=12044 轮次ID=20260602_153628_374
============================= SH85SelfCheck 执行记录 =============================
任务名称: SH85SelfCheck
模式: 周期自检
轮次ID: 20260602_153628_374
设备: 12044
结果: 失败
结果码: StartCommandFailed
说明: 启动自检指令下发失败: 等待RTU响应超时
开始时间: 2026-06-02 15:36:28.374
结束时间: 2026-06-02 15:36:43.342
耗时: 14968 ms
----------------------------- 执行明细 -----------------------------
自检任务开始
总时长: 70 s
自检器启动成功
进入阶段: 阶段1 - 下发启动自检指令
指令下发明细: 完成
指令: StartSelfCheck
所属阶段: 阶段1 - 下发启动自检指令
发送时间: 2026-06-02 15:36:42.325
响应时间: -
发送次数: 1/1
发送指令帧: 01 06 00 17 00 A5 F9 B5
响应帧: 超时, 等待RTU响应超时
错误信息: 等待RTU响应超时
处理结果: 失败
============================= SH85SelfCheck 执行记录结束 =============================
[设备记录 44/80 END] QRCode=12044 轮次ID=20260602_153628_374
[设备记录 45/80 BEGIN] QRCode=12045 轮次ID=20260602_153628_374
============================= SH85SelfCheck 执行记录 =============================
任务名称: SH85SelfCheck
模式: 周期自检
轮次ID: 20260602_153628_374
设备: 12045
结果: 失败
结果码: StartCommandFailed
说明: 启动自检指令下发失败: 等待RTU响应超时
开始时间: 2026-06-02 15:36:28.374
结束时间: 2026-06-02 15:36:43.341
耗时: 14967 ms
----------------------------- 执行明细 -----------------------------
自检任务开始
总时长: 70 s
自检器启动成功
进入阶段: 阶段1 - 下发启动自检指令
指令下发明细: 完成
指令: StartSelfCheck
所属阶段: 阶段1 - 下发启动自检指令
发送时间: 2026-06-02 15:36:42.325
响应时间: -
发送次数: 1/1
发送指令帧: 01 06 00 17 00 A5 F9 B5
响应帧: 超时, 等待RTU响应超时
错误信息: 等待RTU响应超时
处理结果: 失败
============================= SH85SelfCheck 执行记录结束 =============================
[设备记录 45/80 END] QRCode=12045 轮次ID=20260602_153628_374
[设备记录 46/80 BEGIN] QRCode=12046 轮次ID=20260602_153628_374
============================= SH85SelfCheck 执行记录 =============================
任务名称: SH85SelfCheck
模式: 周期自检
轮次ID: 20260602_153628_374
设备: 12046
结果: 失败
结果码: StartCommandFailed
说明: 启动自检指令下发失败: 等待RTU响应超时
开始时间: 2026-06-02 15:36:28.374
结束时间: 2026-06-02 15:36:43.342
耗时: 14968 ms
----------------------------- 执行明细 -----------------------------
自检任务开始
总时长: 70 s
自检器启动成功
进入阶段: 阶段1 - 下发启动自检指令
指令下发明细: 完成
指令: StartSelfCheck
所属阶段: 阶段1 - 下发启动自检指令
发送时间: 2026-06-02 15:36:42.325
响应时间: -
发送次数: 1/1
发送指令帧: 01 06 00 17 00 A5 F9 B5
响应帧: 超时, 等待RTU响应超时
错误信息: 等待RTU响应超时
处理结果: 失败
============================= SH85SelfCheck 执行记录结束 =============================
[设备记录 46/80 END] QRCode=12046 轮次ID=20260602_153628_374
[设备记录 47/80 BEGIN] QRCode=12047 轮次ID=20260602_153628_374
============================= SH85SelfCheck 执行记录 =============================
任务名称: SH85SelfCheck
模式: 周期自检
轮次ID: 20260602_153628_374
设备: 12047
结果: 失败
结果码: StartCommandFailed
说明: 启动自检指令下发失败: 等待RTU响应超时
开始时间: 2026-06-02 15:36:28.374
结束时间: 2026-06-02 15:36:43.341
耗时: 14967 ms
----------------------------- 执行明细 -----------------------------
自检任务开始
总时长: 70 s
自检器启动成功
进入阶段: 阶段1 - 下发启动自检指令
指令下发明细: 完成
指令: StartSelfCheck
所属阶段: 阶段1 - 下发启动自检指令
发送时间: 2026-06-02 15:36:42.325
响应时间: -
发送次数: 1/1
发送指令帧: 01 06 00 17 00 A5 F9 B5
响应帧: 超时, 等待RTU响应超时
错误信息: 等待RTU响应超时
处理结果: 失败
============================= SH85SelfCheck 执行记录结束 =============================
[设备记录 47/80 END] QRCode=12047 轮次ID=20260602_153628_374
[设备记录 48/80 BEGIN] QRCode=12048 轮次ID=20260602_153628_374
============================= SH85SelfCheck 执行记录 =============================
任务名称: SH85SelfCheck
模式: 周期自检
轮次ID: 20260602_153628_374
设备: 12048
结果: 失败
结果码: StartCommandFailed
说明: 启动自检指令下发失败: 等待RTU响应超时
开始时间: 2026-06-02 15:36:28.374
结束时间: 2026-06-02 15:36:43.342
耗时: 14968 ms
----------------------------- 执行明细 -----------------------------
自检任务开始
总时长: 70 s
自检器启动成功
进入阶段: 阶段1 - 下发启动自检指令
指令下发明细: 完成
指令: StartSelfCheck
所属阶段: 阶段1 - 下发启动自检指令
发送时间: 2026-06-02 15:36:42.325
响应时间: -
发送次数: 1/1
发送指令帧: 01 06 00 17 00 A5 F9 B5
响应帧: 超时, 等待RTU响应超时
错误信息: 等待RTU响应超时
处理结果: 失败
============================= SH85SelfCheck 执行记录结束 =============================
[设备记录 48/80 END] QRCode=12048 轮次ID=20260602_153628_374
[设备记录 49/80 BEGIN] QRCode=12049 轮次ID=20260602_153628_374
============================= SH85SelfCheck 执行记录 =============================
任务名称: SH85SelfCheck
模式: 周期自检
轮次ID: 20260602_153628_374
设备: 12049
结果: 失败
结果码: StartCommandFailed
说明: 启动自检指令下发失败: 等待RTU响应超时
开始时间: 2026-06-02 15:36:28.374
结束时间: 2026-06-02 15:36:43.342
耗时: 14968 ms
----------------------------- 执行明细 -----------------------------
自检任务开始
总时长: 70 s
自检器启动成功
进入阶段: 阶段1 - 下发启动自检指令
指令下发明细: 完成
指令: StartSelfCheck
所属阶段: 阶段1 - 下发启动自检指令
发送时间: 2026-06-02 15:36:42.325
响应时间: -
发送次数: 1/1
发送指令帧: 01 06 00 17 00 A5 F9 B5
响应帧: 超时, 等待RTU响应超时
错误信息: 等待RTU响应超时
处理结果: 失败
============================= SH85SelfCheck 执行记录结束 =============================
[设备记录 49/80 END] QRCode=12049 轮次ID=20260602_153628_374
[设备记录 50/80 BEGIN] QRCode=12050 轮次ID=20260602_153628_374
============================= SH85SelfCheck 执行记录 =============================
任务名称: SH85SelfCheck
模式: 周期自检
轮次ID: 20260602_153628_374
设备: 12050
结果: 失败
结果码: StartCommandFailed
说明: 启动自检指令下发失败: 等待RTU响应超时
开始时间: 2026-06-02 15:36:28.374
结束时间: 2026-06-02 15:36:43.342
耗时: 14968 ms
----------------------------- 执行明细 -----------------------------
自检任务开始
总时长: 70 s
自检器启动成功
进入阶段: 阶段1 - 下发启动自检指令
指令下发明细: 完成
指令: StartSelfCheck
所属阶段: 阶段1 - 下发启动自检指令
发送时间: 2026-06-02 15:36:42.325
响应时间: -
发送次数: 1/1
发送指令帧: 01 06 00 17 00 A5 F9 B5
响应帧: 超时, 等待RTU响应超时
错误信息: 等待RTU响应超时
处理结果: 失败
============================= SH85SelfCheck 执行记录结束 =============================
[设备记录 50/80 END] QRCode=12050 轮次ID=20260602_153628_374
[设备记录 51/80 BEGIN] QRCode=12051 轮次ID=20260602_153628_374
============================= SH85SelfCheck 执行记录 =============================
任务名称: SH85SelfCheck
模式: 周期自检
轮次ID: 20260602_153628_374
设备: 12051
结果: 失败
结果码: StartCommandFailed
说明: 启动自检指令下发失败: 等待RTU响应超时
开始时间: 2026-06-02 15:36:28.374
结束时间: 2026-06-02 15:36:43.342
耗时: 14968 ms
----------------------------- 执行明细 -----------------------------
自检任务开始
总时长: 70 s
自检器启动成功
进入阶段: 阶段1 - 下发启动自检指令
指令下发明细: 完成
指令: StartSelfCheck
所属阶段: 阶段1 - 下发启动自检指令
发送时间: 2026-06-02 15:36:42.325
响应时间: -
发送次数: 1/1
发送指令帧: 01 06 00 17 00 A5 F9 B5
响应帧: 超时, 等待RTU响应超时
错误信息: 等待RTU响应超时
处理结果: 失败
============================= SH85SelfCheck 执行记录结束 =============================
[设备记录 51/80 END] QRCode=12051 轮次ID=20260602_153628_374
[设备记录 52/80 BEGIN] QRCode=12052 轮次ID=20260602_153628_374
============================= SH85SelfCheck 执行记录 =============================
任务名称: SH85SelfCheck
模式: 周期自检
轮次ID: 20260602_153628_374
设备: 12052
结果: 失败
结果码: StartCommandFailed
说明: 启动自检指令下发失败: 等待RTU响应超时
开始时间: 2026-06-02 15:36:28.374
结束时间: 2026-06-02 15:36:43.342
耗时: 14968 ms
----------------------------- 执行明细 -----------------------------
自检任务开始
总时长: 70 s
自检器启动成功
进入阶段: 阶段1 - 下发启动自检指令
指令下发明细: 完成
指令: StartSelfCheck
所属阶段: 阶段1 - 下发启动自检指令
发送时间: 2026-06-02 15:36:42.329
响应时间: -
发送次数: 1/1
发送指令帧: 01 06 00 17 00 A5 F9 B5
响应帧: 超时, 等待RTU响应超时
错误信息: 等待RTU响应超时
处理结果: 失败
============================= SH85SelfCheck 执行记录结束 =============================
[设备记录 52/80 END] QRCode=12052 轮次ID=20260602_153628_374
[设备记录 53/80 BEGIN] QRCode=12053 轮次ID=20260602_153628_374
============================= SH85SelfCheck 执行记录 =============================
任务名称: SH85SelfCheck
模式: 周期自检
轮次ID: 20260602_153628_374
设备: 12053
结果: 失败
结果码: StartCommandFailed
说明: 启动自检指令下发失败: 等待RTU响应超时
开始时间: 2026-06-02 15:36:28.374
结束时间: 2026-06-02 15:36:43.342
耗时: 14968 ms
----------------------------- 执行明细 -----------------------------
自检任务开始
总时长: 70 s
自检器启动成功
进入阶段: 阶段1 - 下发启动自检指令
指令下发明细: 完成
指令: StartSelfCheck
所属阶段: 阶段1 - 下发启动自检指令
发送时间: 2026-06-02 15:36:42.329
响应时间: -
发送次数: 1/1
发送指令帧: 01 06 00 17 00 A5 F9 B5
响应帧: 超时, 等待RTU响应超时
错误信息: 等待RTU响应超时
处理结果: 失败
============================= SH85SelfCheck 执行记录结束 =============================
[设备记录 53/80 END] QRCode=12053 轮次ID=20260602_153628_374
[设备记录 54/80 BEGIN] QRCode=12054 轮次ID=20260602_153628_374
============================= SH85SelfCheck 执行记录 =============================
任务名称: SH85SelfCheck
模式: 周期自检
轮次ID: 20260602_153628_374
设备: 12054
结果: 失败
结果码: StartCommandFailed
说明: 启动自检指令下发失败: 等待RTU响应超时
开始时间: 2026-06-02 15:36:28.374
结束时间: 2026-06-02 15:36:43.342
耗时: 14968 ms
----------------------------- 执行明细 -----------------------------
自检任务开始
总时长: 70 s
自检器启动成功
进入阶段: 阶段1 - 下发启动自检指令
指令下发明细: 完成
指令: StartSelfCheck
所属阶段: 阶段1 - 下发启动自检指令
发送时间: 2026-06-02 15:36:42.330
响应时间: -
发送次数: 1/1
发送指令帧: 01 06 00 17 00 A5 F9 B5
响应帧: 超时, 等待RTU响应超时
错误信息: 等待RTU响应超时
处理结果: 失败
============================= SH85SelfCheck 执行记录结束 =============================
[设备记录 54/80 END] QRCode=12054 轮次ID=20260602_153628_374
[设备记录 55/80 BEGIN] QRCode=12055 轮次ID=20260602_153628_374
============================= SH85SelfCheck 执行记录 =============================
任务名称: SH85SelfCheck
模式: 周期自检
轮次ID: 20260602_153628_374
设备: 12055
结果: 失败
结果码: StartCommandFailed
说明: 启动自检指令下发失败: 等待RTU响应超时
开始时间: 2026-06-02 15:36:28.374
结束时间: 2026-06-02 15:36:43.342
耗时: 14968 ms
----------------------------- 执行明细 -----------------------------
自检任务开始
总时长: 70 s
自检器启动成功
进入阶段: 阶段1 - 下发启动自检指令
指令下发明细: 完成
指令: StartSelfCheck
所属阶段: 阶段1 - 下发启动自检指令
发送时间: 2026-06-02 15:36:42.330
响应时间: -
发送次数: 1/1
发送指令帧: 01 06 00 17 00 A5 F9 B5
响应帧: 超时, 等待RTU响应超时
错误信息: 等待RTU响应超时
处理结果: 失败
============================= SH85SelfCheck 执行记录结束 =============================
[设备记录 55/80 END] QRCode=12055 轮次ID=20260602_153628_374
[设备记录 56/80 BEGIN] QRCode=12056 轮次ID=20260602_153628_374
============================= SH85SelfCheck 执行记录 =============================
任务名称: SH85SelfCheck
模式: 周期自检
轮次ID: 20260602_153628_374
设备: 12056
结果: 失败
结果码: StartCommandFailed
说明: 启动自检指令下发失败: 等待RTU响应超时
开始时间: 2026-06-02 15:36:28.374
结束时间: 2026-06-02 15:36:43.342
耗时: 14968 ms
----------------------------- 执行明细 -----------------------------
自检任务开始
总时长: 70 s
自检器启动成功
进入阶段: 阶段1 - 下发启动自检指令
指令下发明细: 完成
指令: StartSelfCheck
所属阶段: 阶段1 - 下发启动自检指令
发送时间: 2026-06-02 15:36:42.329
响应时间: -
发送次数: 1/1
发送指令帧: 01 06 00 17 00 A5 F9 B5
响应帧: 超时, 等待RTU响应超时
错误信息: 等待RTU响应超时
处理结果: 失败
============================= SH85SelfCheck 执行记录结束 =============================
[设备记录 56/80 END] QRCode=12056 轮次ID=20260602_153628_374
[设备记录 57/80 BEGIN] QRCode=12057 轮次ID=20260602_153628_374
============================= SH85SelfCheck 执行记录 =============================
任务名称: SH85SelfCheck
模式: 周期自检
轮次ID: 20260602_153628_374
设备: 12057
结果: 失败
结果码: StartCommandFailed
说明: 启动自检指令下发失败: 等待RTU响应超时
开始时间: 2026-06-02 15:36:28.374
结束时间: 2026-06-02 15:36:43.339
耗时: 14965 ms
----------------------------- 执行明细 -----------------------------
自检任务开始
总时长: 70 s
自检器启动成功
进入阶段: 阶段1 - 下发启动自检指令
指令下发明细: 完成
指令: StartSelfCheck
所属阶段: 阶段1 - 下发启动自检指令
发送时间: 2026-06-02 15:36:42.325
响应时间: -
发送次数: 1/1
发送指令帧: 01 06 00 17 00 A5 F9 B5
响应帧: 超时, 等待RTU响应超时
错误信息: 等待RTU响应超时
处理结果: 失败
============================= SH85SelfCheck 执行记录结束 =============================
[设备记录 57/80 END] QRCode=12057 轮次ID=20260602_153628_374
[设备记录 58/80 BEGIN] QRCode=12058 轮次ID=20260602_153628_374
============================= SH85SelfCheck 执行记录 =============================
任务名称: SH85SelfCheck
模式: 周期自检
轮次ID: 20260602_153628_374
设备: 12058
结果: 失败
结果码: StartCommandFailed
说明: 启动自检指令下发失败: 等待RTU响应超时
开始时间: 2026-06-02 15:36:28.374
结束时间: 2026-06-02 15:36:43.339
耗时: 14965 ms
----------------------------- 执行明细 -----------------------------
自检任务开始
总时长: 70 s
自检器启动成功
进入阶段: 阶段1 - 下发启动自检指令
指令下发明细: 完成
指令: StartSelfCheck
所属阶段: 阶段1 - 下发启动自检指令
发送时间: 2026-06-02 15:36:42.325
响应时间: -
发送次数: 1/1
发送指令帧: 01 06 00 17 00 A5 F9 B5
响应帧: 超时, 等待RTU响应超时
错误信息: 等待RTU响应超时
处理结果: 失败
============================= SH85SelfCheck 执行记录结束 =============================
[设备记录 58/80 END] QRCode=12058 轮次ID=20260602_153628_374
[设备记录 59/80 BEGIN] QRCode=12059 轮次ID=20260602_153628_374
============================= SH85SelfCheck 执行记录 =============================
任务名称: SH85SelfCheck
模式: 周期自检
轮次ID: 20260602_153628_374
设备: 12059
结果: 失败
结果码: StartCommandFailed
说明: 启动自检指令下发失败: 等待RTU响应超时
开始时间: 2026-06-02 15:36:28.374
结束时间: 2026-06-02 15:36:43.364
耗时: 14990 ms
----------------------------- 执行明细 -----------------------------
自检任务开始
总时长: 70 s
自检器启动成功
进入阶段: 阶段1 - 下发启动自检指令
指令下发明细: 完成
指令: StartSelfCheck
所属阶段: 阶段1 - 下发启动自检指令
发送时间: 2026-06-02 15:36:42.354
响应时间: -
发送次数: 1/1
发送指令帧: 01 06 00 17 00 A5 F9 B5
响应帧: 超时, 等待RTU响应超时
错误信息: 等待RTU响应超时
处理结果: 失败
============================= SH85SelfCheck 执行记录结束 =============================
[设备记录 59/80 END] QRCode=12059 轮次ID=20260602_153628_374
[设备记录 60/80 BEGIN] QRCode=12060 轮次ID=20260602_153628_374
============================= SH85SelfCheck 执行记录 =============================
任务名称: SH85SelfCheck
模式: 周期自检
轮次ID: 20260602_153628_374
设备: 12060
结果: 失败
结果码: StartCommandFailed
说明: 启动自检指令下发失败: 等待RTU响应超时
开始时间: 2026-06-02 15:36:28.374
结束时间: 2026-06-02 15:36:43.364
耗时: 14990 ms
----------------------------- 执行明细 -----------------------------
自检任务开始
总时长: 70 s
自检器启动成功
进入阶段: 阶段1 - 下发启动自检指令
指令下发明细: 完成
指令: StartSelfCheck
所属阶段: 阶段1 - 下发启动自检指令
发送时间: 2026-06-02 15:36:42.354
响应时间: -
发送次数: 1/1
发送指令帧: 01 06 00 17 00 A5 F9 B5
响应帧: 超时, 等待RTU响应超时
错误信息: 等待RTU响应超时
处理结果: 失败
============================= SH85SelfCheck 执行记录结束 =============================
[设备记录 60/80 END] QRCode=12060 轮次ID=20260602_153628_374
[设备记录 61/80 BEGIN] QRCode=12061 轮次ID=20260602_153628_374
============================= SH85SelfCheck 执行记录 =============================
任务名称: SH85SelfCheck
模式: 周期自检
轮次ID: 20260602_153628_374
设备: 12061
结果: 失败
结果码: StartCommandFailed
说明: 启动自检指令下发失败: 等待RTU响应超时
开始时间: 2026-06-02 15:36:28.374
结束时间: 2026-06-02 15:36:43.364
耗时: 14990 ms
----------------------------- 执行明细 -----------------------------
自检任务开始
总时长: 70 s
自检器启动成功
进入阶段: 阶段1 - 下发启动自检指令
指令下发明细: 完成
指令: StartSelfCheck
所属阶段: 阶段1 - 下发启动自检指令
发送时间: 2026-06-02 15:36:42.354
响应时间: -
发送次数: 1/1
发送指令帧: 01 06 00 17 00 A5 F9 B5
响应帧: 超时, 等待RTU响应超时
错误信息: 等待RTU响应超时
处理结果: 失败
============================= SH85SelfCheck 执行记录结束 =============================
[设备记录 61/80 END] QRCode=12061 轮次ID=20260602_153628_374
[设备记录 62/80 BEGIN] QRCode=12062 轮次ID=20260602_153628_374
============================= SH85SelfCheck 执行记录 =============================
任务名称: SH85SelfCheck
模式: 周期自检
轮次ID: 20260602_153628_374
设备: 12062
结果: 失败
结果码: StartCommandFailed
说明: 启动自检指令下发失败: 等待RTU响应超时
开始时间: 2026-06-02 15:36:28.374
结束时间: 2026-06-02 15:36:43.364
耗时: 14990 ms
----------------------------- 执行明细 -----------------------------
自检任务开始
总时长: 70 s
自检器启动成功
进入阶段: 阶段1 - 下发启动自检指令
指令下发明细: 完成
指令: StartSelfCheck
所属阶段: 阶段1 - 下发启动自检指令
发送时间: 2026-06-02 15:36:42.354
响应时间: -
发送次数: 1/1
发送指令帧: 01 06 00 17 00 A5 F9 B5
响应帧: 超时, 等待RTU响应超时
错误信息: 等待RTU响应超时
处理结果: 失败
============================= SH85SelfCheck 执行记录结束 =============================
[设备记录 62/80 END] QRCode=12062 轮次ID=20260602_153628_374
[设备记录 63/80 BEGIN] QRCode=12063 轮次ID=20260602_153628_374
============================= SH85SelfCheck 执行记录 =============================
任务名称: SH85SelfCheck
模式: 周期自检
轮次ID: 20260602_153628_374
设备: 12063
结果: 失败
结果码: StartCommandFailed
说明: 启动自检指令下发失败: 等待RTU响应超时
开始时间: 2026-06-02 15:36:28.374
结束时间: 2026-06-02 15:36:43.364
耗时: 14990 ms
----------------------------- 执行明细 -----------------------------
自检任务开始
总时长: 70 s
自检器启动成功
进入阶段: 阶段1 - 下发启动自检指令
指令下发明细: 完成
指令: StartSelfCheck
所属阶段: 阶段1 - 下发启动自检指令
发送时间: 2026-06-02 15:36:42.354
响应时间: -
发送次数: 1/1
发送指令帧: 01 06 00 17 00 A5 F9 B5
响应帧: 超时, 等待RTU响应超时
错误信息: 等待RTU响应超时
处理结果: 失败
============================= SH85SelfCheck 执行记录结束 =============================
[设备记录 63/80 END] QRCode=12063 轮次ID=20260602_153628_374
[设备记录 64/80 BEGIN] QRCode=12064 轮次ID=20260602_153628_374
============================= SH85SelfCheck 执行记录 =============================
任务名称: SH85SelfCheck
模式: 周期自检
轮次ID: 20260602_153628_374
设备: 12064
结果: 失败
结果码: StartCommandFailed
说明: 启动自检指令下发失败: 等待RTU响应超时
开始时间: 2026-06-02 15:36:28.374
结束时间: 2026-06-02 15:36:43.348
耗时: 14974 ms
----------------------------- 执行明细 -----------------------------
自检任务开始
总时长: 70 s
自检器启动成功
进入阶段: 阶段1 - 下发启动自检指令
指令下发明细: 完成
指令: StartSelfCheck
所属阶段: 阶段1 - 下发启动自检指令
发送时间: 2026-06-02 15:36:42.339
响应时间: -
发送次数: 1/1
发送指令帧: 01 06 00 17 00 A5 F9 B5
响应帧: 超时, 等待RTU响应超时
错误信息: 等待RTU响应超时
处理结果: 失败
============================= SH85SelfCheck 执行记录结束 =============================
[设备记录 64/80 END] QRCode=12064 轮次ID=20260602_153628_374
[设备记录 65/80 BEGIN] QRCode=12065 轮次ID=20260602_153628_374
============================= SH85SelfCheck 执行记录 =============================
任务名称: SH85SelfCheck
模式: 周期自检
轮次ID: 20260602_153628_374
设备: 12065
结果: 失败
结果码: StartCommandFailed
说明: 启动自检指令下发失败: 等待RTU响应超时
开始时间: 2026-06-02 15:36:28.374
结束时间: 2026-06-02 15:36:43.364
耗时: 14990 ms
----------------------------- 执行明细 -----------------------------
自检任务开始
总时长: 70 s
自检器启动成功
进入阶段: 阶段1 - 下发启动自检指令
指令下发明细: 完成
指令: StartSelfCheck
所属阶段: 阶段1 - 下发启动自检指令
发送时间: 2026-06-02 15:36:42.354
响应时间: -
发送次数: 1/1
发送指令帧: 01 06 00 17 00 A5 F9 B5
响应帧: 超时, 等待RTU响应超时
错误信息: 等待RTU响应超时
处理结果: 失败
============================= SH85SelfCheck 执行记录结束 =============================
[设备记录 65/80 END] QRCode=12065 轮次ID=20260602_153628_374
[设备记录 66/80 BEGIN] QRCode=12066 轮次ID=20260602_153628_374
============================= SH85SelfCheck 执行记录 =============================
任务名称: SH85SelfCheck
模式: 周期自检
轮次ID: 20260602_153628_374
设备: 12066
结果: 失败
结果码: StartCommandFailed
说明: 启动自检指令下发失败: 等待RTU响应超时
开始时间: 2026-06-02 15:36:28.374
结束时间: 2026-06-02 15:36:43.365
耗时: 14991 ms
----------------------------- 执行明细 -----------------------------
自检任务开始
总时长: 70 s
自检器启动成功
进入阶段: 阶段1 - 下发启动自检指令
指令下发明细: 完成
指令: StartSelfCheck
所属阶段: 阶段1 - 下发启动自检指令
发送时间: 2026-06-02 15:36:42.354
响应时间: -
发送次数: 1/1
发送指令帧: 01 06 00 17 00 A5 F9 B5
响应帧: 超时, 等待RTU响应超时
错误信息: 等待RTU响应超时
处理结果: 失败
============================= SH85SelfCheck 执行记录结束 =============================
[设备记录 66/80 END] QRCode=12066 轮次ID=20260602_153628_374
[设备记录 67/80 BEGIN] QRCode=12067 轮次ID=20260602_153628_374
============================= SH85SelfCheck 执行记录 =============================
任务名称: SH85SelfCheck
模式: 周期自检
轮次ID: 20260602_153628_374
设备: 12067
结果: 失败
结果码: StartCommandFailed
说明: 启动自检指令下发失败: 等待RTU响应超时
开始时间: 2026-06-02 15:36:28.374
结束时间: 2026-06-02 15:36:43.365
耗时: 14991 ms
----------------------------- 执行明细 -----------------------------
自检任务开始
总时长: 70 s
自检器启动成功
进入阶段: 阶段1 - 下发启动自检指令
指令下发明细: 完成
指令: StartSelfCheck
所属阶段: 阶段1 - 下发启动自检指令
发送时间: 2026-06-02 15:36:42.354
响应时间: -
发送次数: 1/1
发送指令帧: 01 06 00 17 00 A5 F9 B5
响应帧: 超时, 等待RTU响应超时
错误信息: 等待RTU响应超时
处理结果: 失败
============================= SH85SelfCheck 执行记录结束 =============================
[设备记录 67/80 END] QRCode=12067 轮次ID=20260602_153628_374
[设备记录 68/80 BEGIN] QRCode=12068 轮次ID=20260602_153628_374
============================= SH85SelfCheck 执行记录 =============================
任务名称: SH85SelfCheck
模式: 周期自检
轮次ID: 20260602_153628_374
设备: 12068
结果: 失败
结果码: StartCommandFailed
说明: 启动自检指令下发失败: 等待RTU响应超时
开始时间: 2026-06-02 15:36:28.374
结束时间: 2026-06-02 15:36:43.364
耗时: 14990 ms
----------------------------- 执行明细 -----------------------------
自检任务开始
总时长: 70 s
自检器启动成功
进入阶段: 阶段1 - 下发启动自检指令
指令下发明细: 完成
指令: StartSelfCheck
所属阶段: 阶段1 - 下发启动自检指令
发送时间: 2026-06-02 15:36:42.354
响应时间: -
发送次数: 1/1
发送指令帧: 01 06 00 17 00 A5 F9 B5
响应帧: 超时, 等待RTU响应超时
错误信息: 等待RTU响应超时
处理结果: 失败
============================= SH85SelfCheck 执行记录结束 =============================
[设备记录 68/80 END] QRCode=12068 轮次ID=20260602_153628_374
[设备记录 69/80 BEGIN] QRCode=12069 轮次ID=20260602_153628_374
============================= SH85SelfCheck 执行记录 =============================
任务名称: SH85SelfCheck
模式: 周期自检
轮次ID: 20260602_153628_374
设备: 12069
结果: 失败
结果码: StartCommandFailed
说明: 启动自检指令下发失败: 等待RTU响应超时
开始时间: 2026-06-02 15:36:28.374
结束时间: 2026-06-02 15:36:43.365
耗时: 14991 ms
----------------------------- 执行明细 -----------------------------
自检任务开始
总时长: 70 s
自检器启动成功
进入阶段: 阶段1 - 下发启动自检指令
指令下发明细: 完成
指令: StartSelfCheck
所属阶段: 阶段1 - 下发启动自检指令
发送时间: 2026-06-02 15:36:42.354
响应时间: -
发送次数: 1/1
发送指令帧: 01 06 00 17 00 A5 F9 B5
响应帧: 超时, 等待RTU响应超时
错误信息: 等待RTU响应超时
处理结果: 失败
============================= SH85SelfCheck 执行记录结束 =============================
[设备记录 69/80 END] QRCode=12069 轮次ID=20260602_153628_374
[设备记录 70/80 BEGIN] QRCode=12070 轮次ID=20260602_153628_374
============================= SH85SelfCheck 执行记录 =============================
任务名称: SH85SelfCheck
模式: 周期自检
轮次ID: 20260602_153628_374
设备: 12070
结果: 失败
结果码: StartCommandFailed
说明: 启动自检指令下发失败: 等待RTU响应超时
开始时间: 2026-06-02 15:36:28.374
结束时间: 2026-06-02 15:36:43.365
耗时: 14991 ms
----------------------------- 执行明细 -----------------------------
自检任务开始
总时长: 70 s
自检器启动成功
进入阶段: 阶段1 - 下发启动自检指令
指令下发明细: 完成
指令: StartSelfCheck
所属阶段: 阶段1 - 下发启动自检指令
发送时间: 2026-06-02 15:36:42.354
响应时间: -
发送次数: 1/1
发送指令帧: 01 06 00 17 00 A5 F9 B5
响应帧: 超时, 等待RTU响应超时
错误信息: 等待RTU响应超时
处理结果: 失败
============================= SH85SelfCheck 执行记录结束 =============================
[设备记录 70/80 END] QRCode=12070 轮次ID=20260602_153628_374
[设备记录 71/80 BEGIN] QRCode=12071 轮次ID=20260602_153628_374
============================= SH85SelfCheck 执行记录 =============================
任务名称: SH85SelfCheck
模式: 周期自检
轮次ID: 20260602_153628_374
设备: 12071
结果: 失败
结果码: StartCommandFailed
说明: 启动自检指令下发失败: 等待RTU响应超时
开始时间: 2026-06-02 15:36:28.374
结束时间: 2026-06-02 15:36:43.364
耗时: 14990 ms
----------------------------- 执行明细 -----------------------------
自检任务开始
总时长: 70 s
自检器启动成功
进入阶段: 阶段1 - 下发启动自检指令
指令下发明细: 完成
指令: StartSelfCheck
所属阶段: 阶段1 - 下发启动自检指令
发送时间: 2026-06-02 15:36:42.354
响应时间: -
发送次数: 1/1
发送指令帧: 01 06 00 17 00 A5 F9 B5
响应帧: 超时, 等待RTU响应超时
错误信息: 等待RTU响应超时
处理结果: 失败
============================= SH85SelfCheck 执行记录结束 =============================
[设备记录 71/80 END] QRCode=12071 轮次ID=20260602_153628_374
[设备记录 72/80 BEGIN] QRCode=12072 轮次ID=20260602_153628_374
============================= SH85SelfCheck 执行记录 =============================
任务名称: SH85SelfCheck
模式: 周期自检
轮次ID: 20260602_153628_374
设备: 12072
结果: 失败
结果码: StartCommandFailed
说明: 启动自检指令下发失败: 等待RTU响应超时
开始时间: 2026-06-02 15:36:28.374
结束时间: 2026-06-02 15:36:43.365
耗时: 14991 ms
----------------------------- 执行明细 -----------------------------
自检任务开始
总时长: 70 s
自检器启动成功
进入阶段: 阶段1 - 下发启动自检指令
指令下发明细: 完成
指令: StartSelfCheck
所属阶段: 阶段1 - 下发启动自检指令
发送时间: 2026-06-02 15:36:42.354
响应时间: -
发送次数: 1/1
发送指令帧: 01 06 00 17 00 A5 F9 B5
响应帧: 超时, 等待RTU响应超时
错误信息: 等待RTU响应超时
处理结果: 失败
============================= SH85SelfCheck 执行记录结束 =============================
[设备记录 72/80 END] QRCode=12072 轮次ID=20260602_153628_374
[设备记录 73/80 BEGIN] QRCode=12073 轮次ID=20260602_153628_374
============================= SH85SelfCheck 执行记录 =============================
任务名称: SH85SelfCheck
模式: 周期自检
轮次ID: 20260602_153628_374
设备: 12073
结果: 失败
结果码: StartCommandFailed
说明: 启动自检指令下发失败: 等待RTU响应超时
开始时间: 2026-06-02 15:36:28.374
结束时间: 2026-06-02 15:36:43.365
耗时: 14991 ms
----------------------------- 执行明细 -----------------------------
自检任务开始
总时长: 70 s
自检器启动成功
进入阶段: 阶段1 - 下发启动自检指令
指令下发明细: 完成
指令: StartSelfCheck
所属阶段: 阶段1 - 下发启动自检指令
发送时间: 2026-06-02 15:36:42.354
响应时间: -
发送次数: 1/1
发送指令帧: 01 06 00 17 00 A5 F9 B5
响应帧: 超时, 等待RTU响应超时
错误信息: 等待RTU响应超时
处理结果: 失败
============================= SH85SelfCheck 执行记录结束 =============================
[设备记录 73/80 END] QRCode=12073 轮次ID=20260602_153628_374
[设备记录 74/80 BEGIN] QRCode=12074 轮次ID=20260602_153628_374
============================= SH85SelfCheck 执行记录 =============================
任务名称: SH85SelfCheck
模式: 周期自检
轮次ID: 20260602_153628_374
设备: 12074
结果: 失败
结果码: StartCommandFailed
说明: 启动自检指令下发失败: 等待RTU响应超时
开始时间: 2026-06-02 15:36:28.374
结束时间: 2026-06-02 15:36:43.365
耗时: 14991 ms
----------------------------- 执行明细 -----------------------------
自检任务开始
总时长: 70 s
自检器启动成功
进入阶段: 阶段1 - 下发启动自检指令
指令下发明细: 完成
指令: StartSelfCheck
所属阶段: 阶段1 - 下发启动自检指令
发送时间: 2026-06-02 15:36:42.354
响应时间: -
发送次数: 1/1
发送指令帧: 01 06 00 17 00 A5 F9 B5
响应帧: 超时, 等待RTU响应超时
错误信息: 等待RTU响应超时
处理结果: 失败
============================= SH85SelfCheck 执行记录结束 =============================
[设备记录 74/80 END] QRCode=12074 轮次ID=20260602_153628_374
[设备记录 75/80 BEGIN] QRCode=12075 轮次ID=20260602_153628_374
============================= SH85SelfCheck 执行记录 =============================
任务名称: SH85SelfCheck
模式: 周期自检
轮次ID: 20260602_153628_374
设备: 12075
结果: 失败
结果码: StartCommandFailed
说明: 启动自检指令下发失败: 等待RTU响应超时
开始时间: 2026-06-02 15:36:28.374
结束时间: 2026-06-02 15:36:43.365
耗时: 14991 ms
----------------------------- 执行明细 -----------------------------
自检任务开始
总时长: 70 s
自检器启动成功
进入阶段: 阶段1 - 下发启动自检指令
指令下发明细: 完成
指令: StartSelfCheck
所属阶段: 阶段1 - 下发启动自检指令
发送时间: 2026-06-02 15:36:42.354
响应时间: -
发送次数: 1/1
发送指令帧: 01 06 00 17 00 A5 F9 B5
响应帧: 超时, 等待RTU响应超时
错误信息: 等待RTU响应超时
处理结果: 失败
============================= SH85SelfCheck 执行记录结束 =============================
[设备记录 75/80 END] QRCode=12075 轮次ID=20260602_153628_374
[设备记录 76/80 BEGIN] QRCode=12076 轮次ID=20260602_153628_374
============================= SH85SelfCheck 执行记录 =============================
任务名称: SH85SelfCheck
模式: 周期自检
轮次ID: 20260602_153628_374
设备: 12076
结果: 失败
结果码: StartCommandFailed
说明: 启动自检指令下发失败: 等待RTU响应超时
开始时间: 2026-06-02 15:36:28.374
结束时间: 2026-06-02 15:36:43.365
耗时: 14991 ms
----------------------------- 执行明细 -----------------------------
自检任务开始
总时长: 70 s
自检器启动成功
进入阶段: 阶段1 - 下发启动自检指令
指令下发明细: 完成
指令: StartSelfCheck
所属阶段: 阶段1 - 下发启动自检指令
发送时间: 2026-06-02 15:36:42.354
响应时间: -
发送次数: 1/1
发送指令帧: 01 06 00 17 00 A5 F9 B5
响应帧: 超时, 等待RTU响应超时
错误信息: 等待RTU响应超时
处理结果: 失败
============================= SH85SelfCheck 执行记录结束 =============================
[设备记录 76/80 END] QRCode=12076 轮次ID=20260602_153628_374
[设备记录 77/80 BEGIN] QRCode=12077 轮次ID=20260602_153628_374
============================= SH85SelfCheck 执行记录 =============================
任务名称: SH85SelfCheck
模式: 周期自检
轮次ID: 20260602_153628_374
设备: 12077
结果: 失败
结果码: StartCommandFailed
说明: 启动自检指令下发失败: 等待RTU响应超时
开始时间: 2026-06-02 15:36:28.374
结束时间: 2026-06-02 15:36:43.364
耗时: 14990 ms
----------------------------- 执行明细 -----------------------------
自检任务开始
总时长: 70 s
自检器启动成功
进入阶段: 阶段1 - 下发启动自检指令
指令下发明细: 完成
指令: StartSelfCheck
所属阶段: 阶段1 - 下发启动自检指令
发送时间: 2026-06-02 15:36:42.354
响应时间: -
发送次数: 1/1
发送指令帧: 01 06 00 17 00 A5 F9 B5
响应帧: 超时, 等待RTU响应超时
错误信息: 等待RTU响应超时
处理结果: 失败
============================= SH85SelfCheck 执行记录结束 =============================
[设备记录 77/80 END] QRCode=12077 轮次ID=20260602_153628_374
[设备记录 78/80 BEGIN] QRCode=12078 轮次ID=20260602_153628_374
============================= SH85SelfCheck 执行记录 =============================
任务名称: SH85SelfCheck
模式: 周期自检
轮次ID: 20260602_153628_374
设备: 12078
结果: 失败
结果码: StartCommandFailed
说明: 启动自检指令下发失败: 等待RTU响应超时
开始时间: 2026-06-02 15:36:28.374
结束时间: 2026-06-02 15:36:37.370
耗时: 8996 ms
----------------------------- 执行明细 -----------------------------
自检任务开始
总时长: 70 s
自检器启动成功
进入阶段: 阶段1 - 下发启动自检指令
指令下发明细: 完成
指令: StartSelfCheck
所属阶段: 阶段1 - 下发启动自检指令
发送时间: 2026-06-02 15:36:36.358
响应时间: -
发送次数: 1/1
发送指令帧: 01 06 00 17 00 A5 F9 B5
响应帧: 超时, 等待RTU响应超时
错误信息: 等待RTU响应超时
处理结果: 失败
============================= SH85SelfCheck 执行记录结束 =============================
[设备记录 78/80 END] QRCode=12078 轮次ID=20260602_153628_374
[设备记录 79/80 BEGIN] QRCode=12079 轮次ID=20260602_153628_374
============================= SH85SelfCheck 执行记录 =============================
任务名称: SH85SelfCheck
模式: 周期自检
轮次ID: 20260602_153628_374
设备: 12079
结果: 失败
结果码: StartCommandFailed
说明: 启动自检指令下发失败: 等待RTU响应超时
开始时间: 2026-06-02 15:36:28.374
结束时间: 2026-06-02 15:36:37.370
耗时: 8996 ms
----------------------------- 执行明细 -----------------------------
自检任务开始
总时长: 70 s
自检器启动成功
进入阶段: 阶段1 - 下发启动自检指令
指令下发明细: 完成
指令: StartSelfCheck
所属阶段: 阶段1 - 下发启动自检指令
发送时间: 2026-06-02 15:36:36.358
响应时间: -
发送次数: 1/1
发送指令帧: 01 06 00 17 00 A5 F9 B5
响应帧: 超时, 等待RTU响应超时
错误信息: 等待RTU响应超时
处理结果: 失败
============================= SH85SelfCheck 执行记录结束 =============================
[设备记录 79/80 END] QRCode=12079 轮次ID=20260602_153628_374
[设备记录 80/80 BEGIN] QRCode=12080 轮次ID=20260602_153628_374
============================= SH85SelfCheck 执行记录 =============================
任务名称: SH85SelfCheck
模式: 周期自检
轮次ID: 20260602_153628_374
设备: 12080
结果: 失败
结果码: StartCommandFailed
说明: 启动自检指令下发失败: 等待RTU响应超时
开始时间: 2026-06-02 15:36:28.374
结束时间: 2026-06-02 15:36:37.370
耗时: 8996 ms
----------------------------- 执行明细 -----------------------------
自检任务开始
总时长: 70 s
自检器启动成功
进入阶段: 阶段1 - 下发启动自检指令
指令下发明细: 完成
指令: StartSelfCheck
所属阶段: 阶段1 - 下发启动自检指令
发送时间: 2026-06-02 15:36:36.358
响应时间: -
发送次数: 1/1
发送指令帧: 01 06 00 17 00 A5 F9 B5
响应帧: 超时, 等待RTU响应超时
错误信息: 等待RTU响应超时
处理结果: 失败
============================= SH85SelfCheck 执行记录结束 =============================
[设备记录 80/80 END] QRCode=12080 轮次ID=20260602_153628_374
############################## SH85_PERIODIC_ROUND_END ##############################
轮次ID: 20260602_153628_374
################################################################################
[2026-06-02 15:36:43] [WARN] [SH85PeriodicSelfCheckTask] 周期自检轮次失败
轮次ID: 20260602_153628_374
开始时间: 2026-06-02 15:36:28
结束时间: 2026-06-02 15:36:43
总设备数: 80
参与设备数: 80
成功设备数: 0
失败设备数: 80
跳过设备数: 0
失败原因摘要:
- 启动自检指令下发失败: 等待RTU响应超时: 80 台
  设备: 12001, 12002, 12003, 12004, 12005, 12006, 12007, 12008, 12009, 12010, 12011, 12012, 12013, 12014, 12015, 12016, 12017, 12018, 12019, 12020, 12021, 12022, 12023, 12024, 12025, 12026, 12027, 12028, 12029, 12030, 12031, 12032, 12033, 12034, 12035, 12036, 12037, 12038, 12039, 12040, 12041, 12042, 12043, 12044, 12045, 12046, 12047, 12048, 12049, 12050, 12051, 12052, 12053, 12054, 12055, 12056, 12057, 12058, 12059, 12060, 12061, 12062, 12063, 12064, 12065, 12066, 12067, 12068, 12069, 12070, 12071, 12072, 12073, 12074, 12075, 12076, 12077, 12078, 12079, 12080
详细执行记录: 请在 self_check.log 搜索轮次ID 20260602_153628_374
[2026-06-02 16:05:36] [INFO] ################################################################################
############################# SH85_PERIODIC_ROUND_BEGIN #############################
任务名称: SH85PeriodicSelfCheckTask
模式: 周期自检
轮次ID: 20260602_160520_990
开始时间: 2026-06-02 16:05:20
结束时间: 2026-06-02 16:05:36
总设备数: 80
参与设备数: 80
成功设备数: 0
失败设备数: 80
跳过设备数: 0
结果: 失败
失败设备: 12001, 12002, 12003, 12004, 12005, 12006, 12007, 12008, 12009, 12010, 12011, 12012, 12013, 12014, 12015, 12016, 12017, 12018, 12019, 12020, 12021, 12022, 12023, 12024, 12025, 12026, 12027, 12028, 12029, 12030, 12031, 12032, 12033, 12034, 12035, 12036, 12037, 12038, 12039, 12040, 12041, 12042, 12043, 12044, 12045, 12046, 12047, 12048, 12049, 12050, 12051, 12052, 12053, 12054, 12055, 12056, 12057, 12058, 12059, 12060, 12061, 12062, 12063, 12064, 12065, 12066, 12067, 12068, 12069, 12070, 12071, 12072, 12073, 12074, 12075, 12076, 12077, 12078, 12079, 12080
跳过设备: 无
----------------------------- 设备执行记录列表 -----------------------------
[设备记录 1/80 BEGIN] QRCode=12001 轮次ID=20260602_160520_990
============================= SH85SelfCheck 执行记录 =============================
任务名称: SH85SelfCheck
模式: 周期自检
轮次ID: 20260602_160520_990
设备: 12001
结果: 失败
结果码: StartCommandFailed
说明: 启动自检指令下发失败: 等待RTU响应超时
开始时间: 2026-06-02 16:05:20.990
结束时间: 2026-06-02 16:05:35.941
耗时: 14951 ms
----------------------------- 执行明细 -----------------------------
自检任务开始
总时长: 70 s
自检器启动成功
进入阶段: 阶段1 - 下发启动自检指令
指令下发明细: 完成
指令: StartSelfCheck
所属阶段: 阶段1 - 下发启动自检指令
发送时间: 2026-06-02 16:05:34.933
响应时间: -
发送次数: 1/1
发送指令帧: 01 06 00 17 00 A5 F9 B5
响应帧: 超时, 等待RTU响应超时
错误信息: 等待RTU响应超时
处理结果: 失败
============================= SH85SelfCheck 执行记录结束 =============================
[设备记录 1/80 END] QRCode=12001 轮次ID=20260602_160520_990
[设备记录 2/80 BEGIN] QRCode=12002 轮次ID=20260602_160520_990
============================= SH85SelfCheck 执行记录 =============================
任务名称: SH85SelfCheck
模式: 周期自检
轮次ID: 20260602_160520_990
设备: 12002
结果: 失败
结果码: StartCommandFailed
说明: 启动自检指令下发失败: 等待RTU响应超时
开始时间: 2026-06-02 16:05:20.990
结束时间: 2026-06-02 16:05:35.941
耗时: 14951 ms
----------------------------- 执行明细 -----------------------------
自检任务开始
总时长: 70 s
自检器启动成功
进入阶段: 阶段1 - 下发启动自检指令
指令下发明细: 完成
指令: StartSelfCheck
所属阶段: 阶段1 - 下发启动自检指令
发送时间: 2026-06-02 16:05:34.933
响应时间: -
发送次数: 1/1
发送指令帧: 01 06 00 17 00 A5 F9 B5
响应帧: 超时, 等待RTU响应超时
错误信息: 等待RTU响应超时
处理结果: 失败
============================= SH85SelfCheck 执行记录结束 =============================
[设备记录 2/80 END] QRCode=12002 轮次ID=20260602_160520_990
[设备记录 3/80 BEGIN] QRCode=12003 轮次ID=20260602_160520_990
============================= SH85SelfCheck 执行记录 =============================
任务名称: SH85SelfCheck
模式: 周期自检
轮次ID: 20260602_160520_990
设备: 12003
结果: 失败
结果码: StartCommandFailed
说明: 启动自检指令下发失败: 等待RTU响应超时
开始时间: 2026-06-02 16:05:20.990
结束时间: 2026-06-02 16:05:35.929
耗时: 14939 ms
----------------------------- 执行明细 -----------------------------
自检任务开始
总时长: 70 s
自检器启动成功
进入阶段: 阶段1 - 下发启动自检指令
指令下发明细: 完成
指令: StartSelfCheck
所属阶段: 阶段1 - 下发启动自检指令
发送时间: 2026-06-02 16:05:34.918
响应时间: -
发送次数: 1/1
发送指令帧: 01 06 00 17 00 A5 F9 B5
响应帧: 超时, 等待RTU响应超时
错误信息: 等待RTU响应超时
处理结果: 失败
============================= SH85SelfCheck 执行记录结束 =============================
[设备记录 3/80 END] QRCode=12003 轮次ID=20260602_160520_990
[设备记录 4/80 BEGIN] QRCode=12004 轮次ID=20260602_160520_990
============================= SH85SelfCheck 执行记录 =============================
任务名称: SH85SelfCheck
模式: 周期自检
轮次ID: 20260602_160520_990
设备: 12004
结果: 失败
结果码: StartCommandFailed
说明: 启动自检指令下发失败: 等待RTU响应超时
开始时间: 2026-06-02 16:05:20.990
结束时间: 2026-06-02 16:05:35.940
耗时: 14950 ms
----------------------------- 执行明细 -----------------------------
自检任务开始
总时长: 70 s
自检器启动成功
进入阶段: 阶段1 - 下发启动自检指令
指令下发明细: 完成
指令: StartSelfCheck
所属阶段: 阶段1 - 下发启动自检指令
发送时间: 2026-06-02 16:05:34.933
响应时间: -
发送次数: 1/1
发送指令帧: 01 06 00 17 00 A5 F9 B5
响应帧: 超时, 等待RTU响应超时
错误信息: 等待RTU响应超时
处理结果: 失败
============================= SH85SelfCheck 执行记录结束 =============================
[设备记录 4/80 END] QRCode=12004 轮次ID=20260602_160520_990
[设备记录 5/80 BEGIN] QRCode=12005 轮次ID=20260602_160520_990
============================= SH85SelfCheck 执行记录 =============================
任务名称: SH85SelfCheck
模式: 周期自检
轮次ID: 20260602_160520_990
设备: 12005
结果: 失败
结果码: StartCommandFailed
说明: 启动自检指令下发失败: 等待RTU响应超时
开始时间: 2026-06-02 16:05:20.990
结束时间: 2026-06-02 16:05:35.953
耗时: 14963 ms
----------------------------- 执行明细 -----------------------------
自检任务开始
总时长: 70 s
自检器启动成功
进入阶段: 阶段1 - 下发启动自检指令
指令下发明细: 完成
指令: StartSelfCheck
所属阶段: 阶段1 - 下发启动自检指令
发送时间: 2026-06-02 16:05:34.933
响应时间: -
发送次数: 1/1
发送指令帧: 01 06 00 17 00 A5 F9 B5
响应帧: 超时, 等待RTU响应超时
错误信息: 等待RTU响应超时
处理结果: 失败
============================= SH85SelfCheck 执行记录结束 =============================
[设备记录 5/80 END] QRCode=12005 轮次ID=20260602_160520_990
[设备记录 6/80 BEGIN] QRCode=12006 轮次ID=20260602_160520_990
============================= SH85SelfCheck 执行记录 =============================
任务名称: SH85SelfCheck
模式: 周期自检
轮次ID: 20260602_160520_990
设备: 12006
结果: 失败
结果码: StartCommandFailed
说明: 启动自检指令下发失败: 等待RTU响应超时
开始时间: 2026-06-02 16:05:20.990
结束时间: 2026-06-02 16:05:35.927
耗时: 14937 ms
----------------------------- 执行明细 -----------------------------
自检任务开始
总时长: 70 s
自检器启动成功
进入阶段: 阶段1 - 下发启动自检指令
指令下发明细: 完成
指令: StartSelfCheck
所属阶段: 阶段1 - 下发启动自检指令
发送时间: 2026-06-02 16:05:34.918
响应时间: -
发送次数: 1/1
发送指令帧: 01 06 00 17 00 A5 F9 B5
响应帧: 超时, 等待RTU响应超时
错误信息: 等待RTU响应超时
处理结果: 失败
============================= SH85SelfCheck 执行记录结束 =============================
[设备记录 6/80 END] QRCode=12006 轮次ID=20260602_160520_990
[设备记录 7/80 BEGIN] QRCode=12007 轮次ID=20260602_160520_990
============================= SH85SelfCheck 执行记录 =============================
任务名称: SH85SelfCheck
模式: 周期自检
轮次ID: 20260602_160520_990
设备: 12007
结果: 失败
结果码: StartCommandFailed
说明: 启动自检指令下发失败: 等待RTU响应超时
开始时间: 2026-06-02 16:05:20.990
结束时间: 2026-06-02 16:05:35.928
耗时: 14938 ms
----------------------------- 执行明细 -----------------------------
自检任务开始
总时长: 70 s
自检器启动成功
进入阶段: 阶段1 - 下发启动自检指令
指令下发明细: 完成
指令: StartSelfCheck
所属阶段: 阶段1 - 下发启动自检指令
发送时间: 2026-06-02 16:05:34.918
响应时间: -
发送次数: 1/1
发送指令帧: 01 06 00 17 00 A5 F9 B5
响应帧: 超时, 等待RTU响应超时
错误信息: 等待RTU响应超时
处理结果: 失败
============================= SH85SelfCheck 执行记录结束 =============================
[设备记录 7/80 END] QRCode=12007 轮次ID=20260602_160520_990
[设备记录 8/80 BEGIN] QRCode=12008 轮次ID=20260602_160520_990
============================= SH85SelfCheck 执行记录 =============================
任务名称: SH85SelfCheck
模式: 周期自检
轮次ID: 20260602_160520_990
设备: 12008
结果: 失败
结果码: StartCommandFailed
说明: 启动自检指令下发失败: 等待RTU响应超时
开始时间: 2026-06-02 16:05:20.990
结束时间: 2026-06-02 16:05:35.927
耗时: 14937 ms
----------------------------- 执行明细 -----------------------------
自检任务开始
总时长: 70 s
自检器启动成功
进入阶段: 阶段1 - 下发启动自检指令
指令下发明细: 完成
指令: StartSelfCheck
所属阶段: 阶段1 - 下发启动自检指令
发送时间: 2026-06-02 16:05:34.918
响应时间: -
发送次数: 1/1
发送指令帧: 01 06 00 17 00 A5 F9 B5
响应帧: 超时, 等待RTU响应超时
错误信息: 等待RTU响应超时
处理结果: 失败
============================= SH85SelfCheck 执行记录结束 =============================
[设备记录 8/80 END] QRCode=12008 轮次ID=20260602_160520_990
[设备记录 9/80 BEGIN] QRCode=12009 轮次ID=20260602_160520_990
============================= SH85SelfCheck 执行记录 =============================
任务名称: SH85SelfCheck
模式: 周期自检
轮次ID: 20260602_160520_990
设备: 12009
结果: 失败
结果码: StartCommandFailed
说明: 启动自检指令下发失败: 等待RTU响应超时
开始时间: 2026-06-02 16:05:20.990
结束时间: 2026-06-02 16:05:35.940
耗时: 14950 ms
----------------------------- 执行明细 -----------------------------
自检任务开始
总时长: 70 s
自检器启动成功
进入阶段: 阶段1 - 下发启动自检指令
指令下发明细: 完成
指令: StartSelfCheck
所属阶段: 阶段1 - 下发启动自检指令
发送时间: 2026-06-02 16:05:34.933
响应时间: -
发送次数: 1/1
发送指令帧: 01 06 00 17 00 A5 F9 B5
响应帧: 超时, 等待RTU响应超时
错误信息: 等待RTU响应超时
处理结果: 失败
============================= SH85SelfCheck 执行记录结束 =============================
[设备记录 9/80 END] QRCode=12009 轮次ID=20260602_160520_990
[设备记录 10/80 BEGIN] QRCode=12010 轮次ID=20260602_160520_990
============================= SH85SelfCheck 执行记录 =============================
任务名称: SH85SelfCheck
模式: 周期自检
轮次ID: 20260602_160520_990
设备: 12010
结果: 失败
结果码: StartCommandFailed
说明: 启动自检指令下发失败: 等待RTU响应超时
开始时间: 2026-06-02 16:05:20.990
结束时间: 2026-06-02 16:05:35.925
耗时: 14935 ms
----------------------------- 执行明细 -----------------------------
自检任务开始
总时长: 70 s
自检器启动成功
进入阶段: 阶段1 - 下发启动自检指令
指令下发明细: 完成
指令: StartSelfCheck
所属阶段: 阶段1 - 下发启动自检指令
发送时间: 2026-06-02 16:05:34.918
响应时间: -
发送次数: 1/1
发送指令帧: 01 06 00 17 00 A5 F9 B5
响应帧: 超时, 等待RTU响应超时
错误信息: 等待RTU响应超时
处理结果: 失败
============================= SH85SelfCheck 执行记录结束 =============================
[设备记录 10/80 END] QRCode=12010 轮次ID=20260602_160520_990
[设备记录 11/80 BEGIN] QRCode=12011 轮次ID=20260602_160520_990
============================= SH85SelfCheck 执行记录 =============================
任务名称: SH85SelfCheck
模式: 周期自检
轮次ID: 20260602_160520_990
设备: 12011
结果: 失败
结果码: StartCommandFailed
说明: 启动自检指令下发失败: 等待RTU响应超时
开始时间: 2026-06-02 16:05:20.990
结束时间: 2026-06-02 16:05:35.940
耗时: 14950 ms
----------------------------- 执行明细 -----------------------------
自检任务开始
总时长: 70 s
自检器启动成功
进入阶段: 阶段1 - 下发启动自检指令
指令下发明细: 完成
指令: StartSelfCheck
所属阶段: 阶段1 - 下发启动自检指令
发送时间: 2026-06-02 16:05:34.933
响应时间: -
发送次数: 1/1
发送指令帧: 01 06 00 17 00 A5 F9 B5
响应帧: 超时, 等待RTU响应超时
错误信息: 等待RTU响应超时
处理结果: 失败
============================= SH85SelfCheck 执行记录结束 =============================
[设备记录 11/80 END] QRCode=12011 轮次ID=20260602_160520_990
[设备记录 12/80 BEGIN] QRCode=12012 轮次ID=20260602_160520_990
============================= SH85SelfCheck 执行记录 =============================
任务名称: SH85SelfCheck
模式: 周期自检
轮次ID: 20260602_160520_990
设备: 12012
结果: 失败
结果码: StartCommandFailed
说明: 启动自检指令下发失败: 等待RTU响应超时
开始时间: 2026-06-02 16:05:20.990
结束时间: 2026-06-02 16:05:35.939
耗时: 14949 ms
----------------------------- 执行明细 -----------------------------
自检任务开始
总时长: 70 s
自检器启动成功
进入阶段: 阶段1 - 下发启动自检指令
指令下发明细: 完成
指令: StartSelfCheck
所属阶段: 阶段1 - 下发启动自检指令
发送时间: 2026-06-02 16:05:34.933
响应时间: -
发送次数: 1/1
发送指令帧: 01 06 00 17 00 A5 F9 B5
响应帧: 超时, 等待RTU响应超时
错误信息: 等待RTU响应超时
处理结果: 失败
============================= SH85SelfCheck 执行记录结束 =============================
[设备记录 12/80 END] QRCode=12012 轮次ID=20260602_160520_990
[设备记录 13/80 BEGIN] QRCode=12013 轮次ID=20260602_160520_990
============================= SH85SelfCheck 执行记录 =============================
任务名称: SH85SelfCheck
模式: 周期自检
轮次ID: 20260602_160520_990
设备: 12013
结果: 失败
结果码: StartCommandFailed
说明: 启动自检指令下发失败: 等待RTU响应超时
开始时间: 2026-06-02 16:05:20.990
结束时间: 2026-06-02 16:05:35.928
耗时: 14938 ms
----------------------------- 执行明细 -----------------------------
自检任务开始
总时长: 70 s
自检器启动成功
进入阶段: 阶段1 - 下发启动自检指令
指令下发明细: 完成
指令: StartSelfCheck
所属阶段: 阶段1 - 下发启动自检指令
发送时间: 2026-06-02 16:05:34.918
响应时间: -
发送次数: 1/1
发送指令帧: 01 06 00 17 00 A5 F9 B5
响应帧: 超时, 等待RTU响应超时
错误信息: 等待RTU响应超时
处理结果: 失败
============================= SH85SelfCheck 执行记录结束 =============================
[设备记录 13/80 END] QRCode=12013 轮次ID=20260602_160520_990
[设备记录 14/80 BEGIN] QRCode=12014 轮次ID=20260602_160520_990
============================= SH85SelfCheck 执行记录 =============================
任务名称: SH85SelfCheck
模式: 周期自检
轮次ID: 20260602_160520_990
设备: 12014
结果: 失败
结果码: StartCommandFailed
说明: 启动自检指令下发失败: 等待RTU响应超时
开始时间: 2026-06-02 16:05:20.990
结束时间: 2026-06-02 16:05:35.936
耗时: 14946 ms
----------------------------- 执行明细 -----------------------------
自检任务开始
总时长: 70 s
自检器启动成功
进入阶段: 阶段1 - 下发启动自检指令
指令下发明细: 完成
指令: StartSelfCheck
所属阶段: 阶段1 - 下发启动自检指令
发送时间: 2026-06-02 16:05:34.933
响应时间: -
发送次数: 1/1
发送指令帧: 01 06 00 17 00 A5 F9 B5
响应帧: 超时, 等待RTU响应超时
错误信息: 等待RTU响应超时
处理结果: 失败
============================= SH85SelfCheck 执行记录结束 =============================
[设备记录 14/80 END] QRCode=12014 轮次ID=20260602_160520_990
[设备记录 15/80 BEGIN] QRCode=12015 轮次ID=20260602_160520_990
============================= SH85SelfCheck 执行记录 =============================
任务名称: SH85SelfCheck
模式: 周期自检
轮次ID: 20260602_160520_990
设备: 12015
结果: 失败
结果码: StartCommandFailed
说明: 启动自检指令下发失败: 等待RTU响应超时
开始时间: 2026-06-02 16:05:20.990
结束时间: 2026-06-02 16:05:35.925
耗时: 14935 ms
----------------------------- 执行明细 -----------------------------
自检任务开始
总时长: 70 s
自检器启动成功
进入阶段: 阶段1 - 下发启动自检指令
指令下发明细: 完成
指令: StartSelfCheck
所属阶段: 阶段1 - 下发启动自检指令
发送时间: 2026-06-02 16:05:34.918
响应时间: -
发送次数: 1/1
发送指令帧: 01 06 00 17 00 A5 F9 B5
响应帧: 超时, 等待RTU响应超时
错误信息: 等待RTU响应超时
处理结果: 失败
============================= SH85SelfCheck 执行记录结束 =============================
[设备记录 15/80 END] QRCode=12015 轮次ID=20260602_160520_990
[设备记录 16/80 BEGIN] QRCode=12016 轮次ID=20260602_160520_990
============================= SH85SelfCheck 执行记录 =============================
任务名称: SH85SelfCheck
模式: 周期自检
轮次ID: 20260602_160520_990
设备: 12016
结果: 失败
结果码: StartCommandFailed
说明: 启动自检指令下发失败: 等待RTU响应超时
开始时间: 2026-06-02 16:05:20.990
结束时间: 2026-06-02 16:05:35.926
耗时: 14936 ms
----------------------------- 执行明细 -----------------------------
自检任务开始
总时长: 70 s
自检器启动成功
进入阶段: 阶段1 - 下发启动自检指令
指令下发明细: 完成
指令: StartSelfCheck
所属阶段: 阶段1 - 下发启动自检指令
发送时间: 2026-06-02 16:05:34.918
响应时间: -
发送次数: 1/1
发送指令帧: 01 06 00 17 00 A5 F9 B5
响应帧: 超时, 等待RTU响应超时
错误信息: 等待RTU响应超时
处理结果: 失败
============================= SH85SelfCheck 执行记录结束 =============================
[设备记录 16/80 END] QRCode=12016 轮次ID=20260602_160520_990
[设备记录 17/80 BEGIN] QRCode=12017 轮次ID=20260602_160520_990
============================= SH85SelfCheck 执行记录 =============================
任务名称: SH85SelfCheck
模式: 周期自检
轮次ID: 20260602_160520_990
设备: 12017
结果: 失败
结果码: StartCommandFailed
说明: 启动自检指令下发失败: 等待RTU响应超时
开始时间: 2026-06-02 16:05:20.990
结束时间: 2026-06-02 16:05:35.940
耗时: 14950 ms
----------------------------- 执行明细 -----------------------------
自检任务开始
总时长: 70 s
自检器启动成功
进入阶段: 阶段1 - 下发启动自检指令
指令下发明细: 完成
指令: StartSelfCheck
所属阶段: 阶段1 - 下发启动自检指令
发送时间: 2026-06-02 16:05:34.933
响应时间: -
发送次数: 1/1
发送指令帧: 01 06 00 17 00 A5 F9 B5
响应帧: 超时, 等待RTU响应超时
错误信息: 等待RTU响应超时
处理结果: 失败
============================= SH85SelfCheck 执行记录结束 =============================
[设备记录 17/80 END] QRCode=12017 轮次ID=20260602_160520_990
[设备记录 18/80 BEGIN] QRCode=12018 轮次ID=20260602_160520_990
============================= SH85SelfCheck 执行记录 =============================
任务名称: SH85SelfCheck
模式: 周期自检
轮次ID: 20260602_160520_990
设备: 12018
结果: 失败
结果码: StartCommandFailed
说明: 启动自检指令下发失败: 等待RTU响应超时
开始时间: 2026-06-02 16:05:20.990
结束时间: 2026-06-02 16:05:35.925
耗时: 14935 ms
----------------------------- 执行明细 -----------------------------
自检任务开始
总时长: 70 s
自检器启动成功
进入阶段: 阶段1 - 下发启动自检指令
指令下发明细: 完成
指令: StartSelfCheck
所属阶段: 阶段1 - 下发启动自检指令
发送时间: 2026-06-02 16:05:34.918
响应时间: -
发送次数: 1/1
发送指令帧: 01 06 00 17 00 A5 F9 B5
响应帧: 超时, 等待RTU响应超时
错误信息: 等待RTU响应超时
处理结果: 失败
============================= SH85SelfCheck 执行记录结束 =============================
[设备记录 18/80 END] QRCode=12018 轮次ID=20260602_160520_990
[设备记录 19/80 BEGIN] QRCode=12019 轮次ID=20260602_160520_990
============================= SH85SelfCheck 执行记录 =============================
任务名称: SH85SelfCheck
模式: 周期自检
轮次ID: 20260602_160520_990
设备: 12019
结果: 失败
结果码: StartCommandFailed
说明: 启动自检指令下发失败: 等待RTU响应超时
开始时间: 2026-06-02 16:05:20.990
结束时间: 2026-06-02 16:05:35.940
耗时: 14950 ms
----------------------------- 执行明细 -----------------------------
自检任务开始
总时长: 70 s
自检器启动成功
进入阶段: 阶段1 - 下发启动自检指令
指令下发明细: 完成
指令: StartSelfCheck
所属阶段: 阶段1 - 下发启动自检指令
发送时间: 2026-06-02 16:05:34.933
响应时间: -
发送次数: 1/1
发送指令帧: 01 06 00 17 00 A5 F9 B5
响应帧: 超时, 等待RTU响应超时
错误信息: 等待RTU响应超时
处理结果: 失败
============================= SH85SelfCheck 执行记录结束 =============================
[设备记录 19/80 END] QRCode=12019 轮次ID=20260602_160520_990
[设备记录 20/80 BEGIN] QRCode=12020 轮次ID=20260602_160520_990
============================= SH85SelfCheck 执行记录 =============================
任务名称: SH85SelfCheck
模式: 周期自检
轮次ID: 20260602_160520_990
设备: 12020
结果: 失败
结果码: StartCommandFailed
说明: 启动自检指令下发失败: 等待RTU响应超时
开始时间: 2026-06-02 16:05:20.990
结束时间: 2026-06-02 16:05:35.923
耗时: 14933 ms
----------------------------- 执行明细 -----------------------------
自检任务开始
总时长: 70 s
自检器启动成功
进入阶段: 阶段1 - 下发启动自检指令
指令下发明细: 完成
指令: StartSelfCheck
所属阶段: 阶段1 - 下发启动自检指令
发送时间: 2026-06-02 16:05:34.918
响应时间: -
发送次数: 1/1
发送指令帧: 01 06 00 17 00 A5 F9 B5
响应帧: 超时, 等待RTU响应超时
错误信息: 等待RTU响应超时
处理结果: 失败
============================= SH85SelfCheck 执行记录结束 =============================
[设备记录 20/80 END] QRCode=12020 轮次ID=20260602_160520_990
[设备记录 21/80 BEGIN] QRCode=12021 轮次ID=20260602_160520_990
============================= SH85SelfCheck 执行记录 =============================
任务名称: SH85SelfCheck
模式: 周期自检
轮次ID: 20260602_160520_990
设备: 12021
结果: 失败
结果码: StartCommandFailed
说明: 启动自检指令下发失败: 等待RTU响应超时
开始时间: 2026-06-02 16:05:20.990
结束时间: 2026-06-02 16:05:35.925
耗时: 14935 ms
----------------------------- 执行明细 -----------------------------
自检任务开始
总时长: 70 s
自检器启动成功
进入阶段: 阶段1 - 下发启动自检指令
指令下发明细: 完成
指令: StartSelfCheck
所属阶段: 阶段1 - 下发启动自检指令
发送时间: 2026-06-02 16:05:34.918
响应时间: -
发送次数: 1/1
发送指令帧: 01 06 00 17 00 A5 F9 B5
响应帧: 超时, 等待RTU响应超时
错误信息: 等待RTU响应超时
处理结果: 失败
============================= SH85SelfCheck 执行记录结束 =============================
[设备记录 21/80 END] QRCode=12021 轮次ID=20260602_160520_990
[设备记录 22/80 BEGIN] QRCode=12022 轮次ID=20260602_160520_990
============================= SH85SelfCheck 执行记录 =============================
任务名称: SH85SelfCheck
模式: 周期自检
轮次ID: 20260602_160520_990
设备: 12022
结果: 失败
结果码: StartCommandFailed
说明: 启动自检指令下发失败: 等待RTU响应超时
开始时间: 2026-06-02 16:05:20.990
结束时间: 2026-06-02 16:05:35.939
耗时: 14949 ms
----------------------------- 执行明细 -----------------------------
自检任务开始
总时长: 70 s
自检器启动成功
进入阶段: 阶段1 - 下发启动自检指令
指令下发明细: 完成
指令: StartSelfCheck
所属阶段: 阶段1 - 下发启动自检指令
发送时间: 2026-06-02 16:05:34.933
响应时间: -
发送次数: 1/1
发送指令帧: 01 06 00 17 00 A5 F9 B5
响应帧: 超时, 等待RTU响应超时
错误信息: 等待RTU响应超时
处理结果: 失败
============================= SH85SelfCheck 执行记录结束 =============================
[设备记录 22/80 END] QRCode=12022 轮次ID=20260602_160520_990
[设备记录 23/80 BEGIN] QRCode=12023 轮次ID=20260602_160520_990
============================= SH85SelfCheck 执行记录 =============================
任务名称: SH85SelfCheck
模式: 周期自检
轮次ID: 20260602_160520_990
设备: 12023
结果: 失败
结果码: StartCommandFailed
说明: 启动自检指令下发失败: 等待RTU响应超时
开始时间: 2026-06-02 16:05:20.990
结束时间: 2026-06-02 16:05:36.007
耗时: 15017 ms
----------------------------- 执行明细 -----------------------------
自检任务开始
总时长: 70 s
自检器启动成功
进入阶段: 阶段1 - 下发启动自检指令
指令下发明细: 完成
指令: StartSelfCheck
所属阶段: 阶段1 - 下发启动自检指令
发送时间: 2026-06-02 16:05:34.993
响应时间: -
发送次数: 1/1
发送指令帧: 01 06 00 17 00 A5 F9 B5
响应帧: 超时, 等待RTU响应超时
错误信息: 等待RTU响应超时
处理结果: 失败
============================= SH85SelfCheck 执行记录结束 =============================
[设备记录 23/80 END] QRCode=12023 轮次ID=20260602_160520_990
[设备记录 24/80 BEGIN] QRCode=12024 轮次ID=20260602_160520_990
============================= SH85SelfCheck 执行记录 =============================
任务名称: SH85SelfCheck
模式: 周期自检
轮次ID: 20260602_160520_990
设备: 12024
结果: 失败
结果码: StartCommandFailed
说明: 启动自检指令下发失败: 等待RTU响应超时
开始时间: 2026-06-02 16:05:20.990
结束时间: 2026-06-02 16:05:36.007
耗时: 15017 ms
----------------------------- 执行明细 -----------------------------
自检任务开始
总时长: 70 s
自检器启动成功
进入阶段: 阶段1 - 下发启动自检指令
指令下发明细: 完成
指令: StartSelfCheck
所属阶段: 阶段1 - 下发启动自检指令
发送时间: 2026-06-02 16:05:34.993
响应时间: -
发送次数: 1/1
发送指令帧: 01 06 00 17 00 A5 F9 B5
响应帧: 超时, 等待RTU响应超时
错误信息: 等待RTU响应超时
处理结果: 失败
============================= SH85SelfCheck 执行记录结束 =============================
[设备记录 24/80 END] QRCode=12024 轮次ID=20260602_160520_990
[设备记录 25/80 BEGIN] QRCode=12025 轮次ID=20260602_160520_990
============================= SH85SelfCheck 执行记录 =============================
任务名称: SH85SelfCheck
模式: 周期自检
轮次ID: 20260602_160520_990
设备: 12025
结果: 失败
结果码: StartCommandFailed
说明: 启动自检指令下发失败: 等待RTU响应超时
开始时间: 2026-06-02 16:05:20.990
结束时间: 2026-06-02 16:05:35.947
耗时: 14957 ms
----------------------------- 执行明细 -----------------------------
自检任务开始
总时长: 70 s
自检器启动成功
进入阶段: 阶段1 - 下发启动自检指令
指令下发明细: 完成
指令: StartSelfCheck
所属阶段: 阶段1 - 下发启动自检指令
发送时间: 2026-06-02 16:05:34.933
响应时间: -
发送次数: 1/1
发送指令帧: 01 06 00 17 00 A5 F9 B5
响应帧: 超时, 等待RTU响应超时
错误信息: 等待RTU响应超时
处理结果: 失败
============================= SH85SelfCheck 执行记录结束 =============================
[设备记录 25/80 END] QRCode=12025 轮次ID=20260602_160520_990
[设备记录 26/80 BEGIN] QRCode=12026 轮次ID=20260602_160520_990
============================= SH85SelfCheck 执行记录 =============================
任务名称: SH85SelfCheck
模式: 周期自检
轮次ID: 20260602_160520_990
设备: 12026
结果: 失败
结果码: StartCommandFailed
说明: 启动自检指令下发失败: 等待RTU响应超时
开始时间: 2026-06-02 16:05:20.990
结束时间: 2026-06-02 16:05:36.007
耗时: 15017 ms
----------------------------- 执行明细 -----------------------------
自检任务开始
总时长: 70 s
自检器启动成功
进入阶段: 阶段1 - 下发启动自检指令
指令下发明细: 完成
指令: StartSelfCheck
所属阶段: 阶段1 - 下发启动自检指令
发送时间: 2026-06-02 16:05:34.993
响应时间: -
发送次数: 1/1
发送指令帧: 01 06 00 17 00 A5 F9 B5
响应帧: 超时, 等待RTU响应超时
错误信息: 等待RTU响应超时
处理结果: 失败
============================= SH85SelfCheck 执行记录结束 =============================
[设备记录 26/80 END] QRCode=12026 轮次ID=20260602_160520_990
[设备记录 27/80 BEGIN] QRCode=12027 轮次ID=20260602_160520_990
============================= SH85SelfCheck 执行记录 =============================
任务名称: SH85SelfCheck
模式: 周期自检
轮次ID: 20260602_160520_990
设备: 12027
结果: 失败
结果码: StartCommandFailed
说明: 启动自检指令下发失败: 等待RTU响应超时
开始时间: 2026-06-02 16:05:20.990
结束时间: 2026-06-02 16:05:35.945
耗时: 14955 ms
----------------------------- 执行明细 -----------------------------
自检任务开始
总时长: 70 s
自检器启动成功
进入阶段: 阶段1 - 下发启动自检指令
指令下发明细: 完成
指令: StartSelfCheck
所属阶段: 阶段1 - 下发启动自检指令
发送时间: 2026-06-02 16:05:34.935
响应时间: -
发送次数: 1/1
发送指令帧: 01 06 00 17 00 A5 F9 B5
响应帧: 超时, 等待RTU响应超时
错误信息: 等待RTU响应超时
处理结果: 失败
============================= SH85SelfCheck 执行记录结束 =============================
[设备记录 27/80 END] QRCode=12027 轮次ID=20260602_160520_990
[设备记录 28/80 BEGIN] QRCode=12028 轮次ID=20260602_160520_990
============================= SH85SelfCheck 执行记录 =============================
任务名称: SH85SelfCheck
模式: 周期自检
轮次ID: 20260602_160520_990
设备: 12028
结果: 失败
结果码: StartCommandFailed
说明: 启动自检指令下发失败: 等待RTU响应超时
开始时间: 2026-06-02 16:05:20.990
结束时间: 2026-06-02 16:05:35.945
耗时: 14955 ms
----------------------------- 执行明细 -----------------------------
自检任务开始
总时长: 70 s
自检器启动成功
进入阶段: 阶段1 - 下发启动自检指令
指令下发明细: 完成
指令: StartSelfCheck
所属阶段: 阶段1 - 下发启动自检指令
发送时间: 2026-06-02 16:05:34.933
响应时间: -
发送次数: 1/1
发送指令帧: 01 06 00 17 00 A5 F9 B5
响应帧: 超时, 等待RTU响应超时
错误信息: 等待RTU响应超时
处理结果: 失败
============================= SH85SelfCheck 执行记录结束 =============================
[设备记录 28/80 END] QRCode=12028 轮次ID=20260602_160520_990
[设备记录 29/80 BEGIN] QRCode=12029 轮次ID=20260602_160520_990
============================= SH85SelfCheck 执行记录 =============================
任务名称: SH85SelfCheck
模式: 周期自检
轮次ID: 20260602_160520_990
设备: 12029
结果: 失败
结果码: StartCommandFailed
说明: 启动自检指令下发失败: 等待RTU响应超时
开始时间: 2026-06-02 16:05:20.990
结束时间: 2026-06-02 16:05:35.946
耗时: 14956 ms
----------------------------- 执行明细 -----------------------------
自检任务开始
总时长: 70 s
自检器启动成功
进入阶段: 阶段1 - 下发启动自检指令
指令下发明细: 完成
指令: StartSelfCheck
所属阶段: 阶段1 - 下发启动自检指令
发送时间: 2026-06-02 16:05:34.933
响应时间: -
发送次数: 1/1
发送指令帧: 01 06 00 17 00 A5 F9 B5
响应帧: 超时, 等待RTU响应超时
错误信息: 等待RTU响应超时
处理结果: 失败
============================= SH85SelfCheck 执行记录结束 =============================
[设备记录 29/80 END] QRCode=12029 轮次ID=20260602_160520_990
[设备记录 30/80 BEGIN] QRCode=12030 轮次ID=20260602_160520_990
============================= SH85SelfCheck 执行记录 =============================
任务名称: SH85SelfCheck
模式: 周期自检
轮次ID: 20260602_160520_990
设备: 12030
结果: 失败
结果码: StartCommandFailed
说明: 启动自检指令下发失败: 等待RTU响应超时
开始时间: 2026-06-02 16:05:20.990
结束时间: 2026-06-02 16:05:35.945
耗时: 14955 ms
----------------------------- 执行明细 -----------------------------
自检任务开始
总时长: 70 s
自检器启动成功
进入阶段: 阶段1 - 下发启动自检指令
指令下发明细: 完成
指令: StartSelfCheck
所属阶段: 阶段1 - 下发启动自检指令
发送时间: 2026-06-02 16:05:34.933
响应时间: -
发送次数: 1/1
发送指令帧: 01 06 00 17 00 A5 F9 B5
响应帧: 超时, 等待RTU响应超时
错误信息: 等待RTU响应超时
处理结果: 失败
============================= SH85SelfCheck 执行记录结束 =============================
[设备记录 30/80 END] QRCode=12030 轮次ID=20260602_160520_990
[设备记录 31/80 BEGIN] QRCode=12031 轮次ID=20260602_160520_990
============================= SH85SelfCheck 执行记录 =============================
任务名称: SH85SelfCheck
模式: 周期自检
轮次ID: 20260602_160520_990
设备: 12031
结果: 失败
结果码: StartCommandFailed
说明: 启动自检指令下发失败: 等待RTU响应超时
开始时间: 2026-06-02 16:05:20.990
结束时间: 2026-06-02 16:05:35.954
耗时: 14964 ms
----------------------------- 执行明细 -----------------------------
自检任务开始
总时长: 70 s
自检器启动成功
进入阶段: 阶段1 - 下发启动自检指令
指令下发明细: 完成
指令: StartSelfCheck
所属阶段: 阶段1 - 下发启动自检指令
发送时间: 2026-06-02 16:05:34.946
响应时间: -
发送次数: 1/1
发送指令帧: 01 06 00 17 00 A5 F9 B5
响应帧: 超时, 等待RTU响应超时
错误信息: 等待RTU响应超时
处理结果: 失败
============================= SH85SelfCheck 执行记录结束 =============================
[设备记录 31/80 END] QRCode=12031 轮次ID=20260602_160520_990
[设备记录 32/80 BEGIN] QRCode=12032 轮次ID=20260602_160520_990
============================= SH85SelfCheck 执行记录 =============================
任务名称: SH85SelfCheck
模式: 周期自检
轮次ID: 20260602_160520_990
设备: 12032
结果: 失败
结果码: StartCommandFailed
说明: 启动自检指令下发失败: 等待RTU响应超时
开始时间: 2026-06-02 16:05:20.990
结束时间: 2026-06-02 16:05:35.941
耗时: 14951 ms
----------------------------- 执行明细 -----------------------------
自检任务开始
总时长: 70 s
自检器启动成功
进入阶段: 阶段1 - 下发启动自检指令
指令下发明细: 完成
指令: StartSelfCheck
所属阶段: 阶段1 - 下发启动自检指令
发送时间: 2026-06-02 16:05:34.933
响应时间: -
发送次数: 1/1
发送指令帧: 01 06 00 17 00 A5 F9 B5
响应帧: 超时, 等待RTU响应超时
错误信息: 等待RTU响应超时
处理结果: 失败
============================= SH85SelfCheck 执行记录结束 =============================
[设备记录 32/80 END] QRCode=12032 轮次ID=20260602_160520_990
[设备记录 33/80 BEGIN] QRCode=12033 轮次ID=20260602_160520_990
============================= SH85SelfCheck 执行记录 =============================
任务名称: SH85SelfCheck
模式: 周期自检
轮次ID: 20260602_160520_990
设备: 12033
结果: 失败
结果码: StartCommandFailed
说明: 启动自检指令下发失败: 等待RTU响应超时
开始时间: 2026-06-02 16:05:20.990
结束时间: 2026-06-02 16:05:36.007
耗时: 15017 ms
----------------------------- 执行明细 -----------------------------
自检任务开始
总时长: 70 s
自检器启动成功
进入阶段: 阶段1 - 下发启动自检指令
指令下发明细: 完成
指令: StartSelfCheck
所属阶段: 阶段1 - 下发启动自检指令
发送时间: 2026-06-02 16:05:34.993
响应时间: -
发送次数: 1/1
发送指令帧: 01 06 00 17 00 A5 F9 B5
响应帧: 超时, 等待RTU响应超时
错误信息: 等待RTU响应超时
处理结果: 失败
============================= SH85SelfCheck 执行记录结束 =============================
[设备记录 33/80 END] QRCode=12033 轮次ID=20260602_160520_990
[设备记录 34/80 BEGIN] QRCode=12034 轮次ID=20260602_160520_990
============================= SH85SelfCheck 执行记录 =============================
任务名称: SH85SelfCheck
模式: 周期自检
轮次ID: 20260602_160520_990
设备: 12034
结果: 失败
结果码: StartCommandFailed
说明: 启动自检指令下发失败: 等待RTU响应超时
开始时间: 2026-06-02 16:05:20.990
结束时间: 2026-06-02 16:05:35.954
耗时: 14964 ms
----------------------------- 执行明细 -----------------------------
自检任务开始
总时长: 70 s
自检器启动成功
进入阶段: 阶段1 - 下发启动自检指令
指令下发明细: 完成
指令: StartSelfCheck
所属阶段: 阶段1 - 下发启动自检指令
发送时间: 2026-06-02 16:05:34.945
响应时间: -
发送次数: 1/1
发送指令帧: 01 06 00 17 00 A5 F9 B5
响应帧: 超时, 等待RTU响应超时
错误信息: 等待RTU响应超时
处理结果: 失败
============================= SH85SelfCheck 执行记录结束 =============================
[设备记录 34/80 END] QRCode=12034 轮次ID=20260602_160520_990
[设备记录 35/80 BEGIN] QRCode=12035 轮次ID=20260602_160520_990
============================= SH85SelfCheck 执行记录 =============================
任务名称: SH85SelfCheck
模式: 周期自检
轮次ID: 20260602_160520_990
设备: 12035
结果: 失败
结果码: StartCommandFailed
说明: 启动自检指令下发失败: 等待RTU响应超时
开始时间: 2026-06-02 16:05:20.990
结束时间: 2026-06-02 16:05:35.946
耗时: 14956 ms
----------------------------- 执行明细 -----------------------------
自检任务开始
总时长: 70 s
自检器启动成功
进入阶段: 阶段1 - 下发启动自检指令
指令下发明细: 完成
指令: StartSelfCheck
所属阶段: 阶段1 - 下发启动自检指令
发送时间: 2026-06-02 16:05:34.933
响应时间: -
发送次数: 1/1
发送指令帧: 01 06 00 17 00 A5 F9 B5
响应帧: 超时, 等待RTU响应超时
错误信息: 等待RTU响应超时
处理结果: 失败
============================= SH85SelfCheck 执行记录结束 =============================
[设备记录 35/80 END] QRCode=12035 轮次ID=20260602_160520_990
[设备记录 36/80 BEGIN] QRCode=12036 轮次ID=20260602_160520_990
============================= SH85SelfCheck 执行记录 =============================
任务名称: SH85SelfCheck
模式: 周期自检
轮次ID: 20260602_160520_990
设备: 12036
结果: 失败
结果码: StartCommandFailed
说明: 启动自检指令下发失败: 等待RTU响应超时
开始时间: 2026-06-02 16:05:20.990
结束时间: 2026-06-02 16:05:35.953
耗时: 14963 ms
----------------------------- 执行明细 -----------------------------
自检任务开始
总时长: 70 s
自检器启动成功
进入阶段: 阶段1 - 下发启动自检指令
指令下发明细: 完成
指令: StartSelfCheck
所属阶段: 阶段1 - 下发启动自检指令
发送时间: 2026-06-02 16:05:34.946
响应时间: -
发送次数: 1/1
发送指令帧: 01 06 00 17 00 A5 F9 B5
响应帧: 超时, 等待RTU响应超时
错误信息: 等待RTU响应超时
处理结果: 失败
============================= SH85SelfCheck 执行记录结束 =============================
[设备记录 36/80 END] QRCode=12036 轮次ID=20260602_160520_990
[设备记录 37/80 BEGIN] QRCode=12037 轮次ID=20260602_160520_990
============================= SH85SelfCheck 执行记录 =============================
任务名称: SH85SelfCheck
模式: 周期自检
轮次ID: 20260602_160520_990
设备: 12037
结果: 失败
结果码: StartCommandFailed
说明: 启动自检指令下发失败: 等待RTU响应超时
开始时间: 2026-06-02 16:05:20.990
结束时间: 2026-06-02 16:05:35.953
耗时: 14963 ms
----------------------------- 执行明细 -----------------------------
自检任务开始
总时长: 70 s
自检器启动成功
进入阶段: 阶段1 - 下发启动自检指令
指令下发明细: 完成
指令: StartSelfCheck
所属阶段: 阶段1 - 下发启动自检指令
发送时间: 2026-06-02 16:05:34.946
响应时间: -
发送次数: 1/1
发送指令帧: 01 06 00 17 00 A5 F9 B5
响应帧: 超时, 等待RTU响应超时
错误信息: 等待RTU响应超时
处理结果: 失败
============================= SH85SelfCheck 执行记录结束 =============================
[设备记录 37/80 END] QRCode=12037 轮次ID=20260602_160520_990
[设备记录 38/80 BEGIN] QRCode=12038 轮次ID=20260602_160520_990
============================= SH85SelfCheck 执行记录 =============================
任务名称: SH85SelfCheck
模式: 周期自检
轮次ID: 20260602_160520_990
设备: 12038
结果: 失败
结果码: StartCommandFailed
说明: 启动自检指令下发失败: 等待RTU响应超时
开始时间: 2026-06-02 16:05:20.990
结束时间: 2026-06-02 16:05:36.005
耗时: 15015 ms
----------------------------- 执行明细 -----------------------------
自检任务开始
总时长: 70 s
自检器启动成功
进入阶段: 阶段1 - 下发启动自检指令
指令下发明细: 完成
指令: StartSelfCheck
所属阶段: 阶段1 - 下发启动自检指令
发送时间: 2026-06-02 16:05:34.993
响应时间: -
发送次数: 1/1
发送指令帧: 01 06 00 17 00 A5 F9 B5
响应帧: 超时, 等待RTU响应超时
错误信息: 等待RTU响应超时
处理结果: 失败
============================= SH85SelfCheck 执行记录结束 =============================
[设备记录 38/80 END] QRCode=12038 轮次ID=20260602_160520_990
[设备记录 39/80 BEGIN] QRCode=12039 轮次ID=20260602_160520_990
============================= SH85SelfCheck 执行记录 =============================
任务名称: SH85SelfCheck
模式: 周期自检
轮次ID: 20260602_160520_990
设备: 12039
结果: 失败
结果码: StartCommandFailed
说明: 启动自检指令下发失败: 等待RTU响应超时
开始时间: 2026-06-02 16:05:20.990
结束时间: 2026-06-02 16:05:35.954
耗时: 14964 ms
----------------------------- 执行明细 -----------------------------
自检任务开始
总时长: 70 s
自检器启动成功
进入阶段: 阶段1 - 下发启动自检指令
指令下发明细: 完成
指令: StartSelfCheck
所属阶段: 阶段1 - 下发启动自检指令
发送时间: 2026-06-02 16:05:34.946
响应时间: -
发送次数: 1/1
发送指令帧: 01 06 00 17 00 A5 F9 B5
响应帧: 超时, 等待RTU响应超时
错误信息: 等待RTU响应超时
处理结果: 失败
============================= SH85SelfCheck 执行记录结束 =============================
[设备记录 39/80 END] QRCode=12039 轮次ID=20260602_160520_990
[设备记录 40/80 BEGIN] QRCode=12040 轮次ID=20260602_160520_990
============================= SH85SelfCheck 执行记录 =============================
任务名称: SH85SelfCheck
模式: 周期自检
轮次ID: 20260602_160520_990
设备: 12040
结果: 失败
结果码: StartCommandFailed
说明: 启动自检指令下发失败: 等待RTU响应超时
开始时间: 2026-06-02 16:05:20.990
结束时间: 2026-06-02 16:05:35.953
耗时: 14963 ms
----------------------------- 执行明细 -----------------------------
自检任务开始
总时长: 70 s
自检器启动成功
进入阶段: 阶段1 - 下发启动自检指令
指令下发明细: 完成
指令: StartSelfCheck
所属阶段: 阶段1 - 下发启动自检指令
发送时间: 2026-06-02 16:05:34.946
响应时间: -
发送次数: 1/1
发送指令帧: 01 06 00 17 00 A5 F9 B5
响应帧: 超时, 等待RTU响应超时
错误信息: 等待RTU响应超时
处理结果: 失败
============================= SH85SelfCheck 执行记录结束 =============================
[设备记录 40/80 END] QRCode=12040 轮次ID=20260602_160520_990
[设备记录 41/80 BEGIN] QRCode=12041 轮次ID=20260602_160520_990
============================= SH85SelfCheck 执行记录 =============================
任务名称: SH85SelfCheck
模式: 周期自检
轮次ID: 20260602_160520_990
设备: 12041
结果: 失败
结果码: StartCommandFailed
说明: 启动自检指令下发失败: 等待RTU响应超时
开始时间: 2026-06-02 16:05:20.990
结束时间: 2026-06-02 16:05:36.007
耗时: 15017 ms
----------------------------- 执行明细 -----------------------------
自检任务开始
总时长: 70 s
自检器启动成功
进入阶段: 阶段1 - 下发启动自检指令
指令下发明细: 完成
指令: StartSelfCheck
所属阶段: 阶段1 - 下发启动自检指令
发送时间: 2026-06-02 16:05:34.993
响应时间: -
发送次数: 1/1
发送指令帧: 01 06 00 17 00 A5 F9 B5
响应帧: 超时, 等待RTU响应超时
错误信息: 等待RTU响应超时
处理结果: 失败
============================= SH85SelfCheck 执行记录结束 =============================
[设备记录 41/80 END] QRCode=12041 轮次ID=20260602_160520_990
[设备记录 42/80 BEGIN] QRCode=12042 轮次ID=20260602_160520_990
============================= SH85SelfCheck 执行记录 =============================
任务名称: SH85SelfCheck
模式: 周期自检
轮次ID: 20260602_160520_990
设备: 12042
结果: 失败
结果码: StartCommandFailed
说明: 启动自检指令下发失败: 等待RTU响应超时
开始时间: 2026-06-02 16:05:20.990
结束时间: 2026-06-02 16:05:35.954
耗时: 14964 ms
----------------------------- 执行明细 -----------------------------
自检任务开始
总时长: 70 s
自检器启动成功
进入阶段: 阶段1 - 下发启动自检指令
指令下发明细: 完成
指令: StartSelfCheck
所属阶段: 阶段1 - 下发启动自检指令
发送时间: 2026-06-02 16:05:34.946
响应时间: -
发送次数: 1/1
发送指令帧: 01 06 00 17 00 A5 F9 B5
响应帧: 超时, 等待RTU响应超时
错误信息: 等待RTU响应超时
处理结果: 失败
============================= SH85SelfCheck 执行记录结束 =============================
[设备记录 42/80 END] QRCode=12042 轮次ID=20260602_160520_990
[设备记录 43/80 BEGIN] QRCode=12043 轮次ID=20260602_160520_990
============================= SH85SelfCheck 执行记录 =============================
任务名称: SH85SelfCheck
模式: 周期自检
轮次ID: 20260602_160520_990
设备: 12043
结果: 失败
结果码: StartCommandFailed
说明: 启动自检指令下发失败: 等待RTU响应超时
开始时间: 2026-06-02 16:05:20.990
结束时间: 2026-06-02 16:05:35.953
耗时: 14963 ms
----------------------------- 执行明细 -----------------------------
自检任务开始
总时长: 70 s
自检器启动成功
进入阶段: 阶段1 - 下发启动自检指令
指令下发明细: 完成
指令: StartSelfCheck
所属阶段: 阶段1 - 下发启动自检指令
发送时间: 2026-06-02 16:05:34.945
响应时间: -
发送次数: 1/1
发送指令帧: 01 06 00 17 00 A5 F9 B5
响应帧: 超时, 等待RTU响应超时
错误信息: 等待RTU响应超时
处理结果: 失败
============================= SH85SelfCheck 执行记录结束 =============================
[设备记录 43/80 END] QRCode=12043 轮次ID=20260602_160520_990
[设备记录 44/80 BEGIN] QRCode=12044 轮次ID=20260602_160520_990
============================= SH85SelfCheck 执行记录 =============================
任务名称: SH85SelfCheck
模式: 周期自检
轮次ID: 20260602_160520_990
设备: 12044
结果: 失败
结果码: StartCommandFailed
说明: 启动自检指令下发失败: 等待RTU响应超时
开始时间: 2026-06-02 16:05:20.990
结束时间: 2026-06-02 16:05:35.954
耗时: 14964 ms
----------------------------- 执行明细 -----------------------------
自检任务开始
总时长: 70 s
自检器启动成功
进入阶段: 阶段1 - 下发启动自检指令
指令下发明细: 完成
指令: StartSelfCheck
所属阶段: 阶段1 - 下发启动自检指令
发送时间: 2026-06-02 16:05:34.946
响应时间: -
发送次数: 1/1
发送指令帧: 01 06 00 17 00 A5 F9 B5
响应帧: 超时, 等待RTU响应超时
错误信息: 等待RTU响应超时
处理结果: 失败
============================= SH85SelfCheck 执行记录结束 =============================
[设备记录 44/80 END] QRCode=12044 轮次ID=20260602_160520_990
[设备记录 45/80 BEGIN] QRCode=12045 轮次ID=20260602_160520_990
============================= SH85SelfCheck 执行记录 =============================
任务名称: SH85SelfCheck
模式: 周期自检
轮次ID: 20260602_160520_990
设备: 12045
结果: 失败
结果码: StartCommandFailed
说明: 启动自检指令下发失败: 等待RTU响应超时
开始时间: 2026-06-02 16:05:20.990
结束时间: 2026-06-02 16:05:35.954
耗时: 14964 ms
----------------------------- 执行明细 -----------------------------
自检任务开始
总时长: 70 s
自检器启动成功
进入阶段: 阶段1 - 下发启动自检指令
指令下发明细: 完成
指令: StartSelfCheck
所属阶段: 阶段1 - 下发启动自检指令
发送时间: 2026-06-02 16:05:34.946
响应时间: -
发送次数: 1/1
发送指令帧: 01 06 00 17 00 A5 F9 B5
响应帧: 超时, 等待RTU响应超时
错误信息: 等待RTU响应超时
处理结果: 失败
============================= SH85SelfCheck 执行记录结束 =============================
[设备记录 45/80 END] QRCode=12045 轮次ID=20260602_160520_990
[设备记录 46/80 BEGIN] QRCode=12046 轮次ID=20260602_160520_990
============================= SH85SelfCheck 执行记录 =============================
任务名称: SH85SelfCheck
模式: 周期自检
轮次ID: 20260602_160520_990
设备: 12046
结果: 失败
结果码: StartCommandFailed
说明: 启动自检指令下发失败: 等待RTU响应超时
开始时间: 2026-06-02 16:05:20.990
结束时间: 2026-06-02 16:05:35.954
耗时: 14964 ms
----------------------------- 执行明细 -----------------------------
自检任务开始
总时长: 70 s
自检器启动成功
进入阶段: 阶段1 - 下发启动自检指令
指令下发明细: 完成
指令: StartSelfCheck
所属阶段: 阶段1 - 下发启动自检指令
发送时间: 2026-06-02 16:05:34.946
响应时间: -
发送次数: 1/1
发送指令帧: 01 06 00 17 00 A5 F9 B5
响应帧: 超时, 等待RTU响应超时
错误信息: 等待RTU响应超时
处理结果: 失败
============================= SH85SelfCheck 执行记录结束 =============================
[设备记录 46/80 END] QRCode=12046 轮次ID=20260602_160520_990
[设备记录 47/80 BEGIN] QRCode=12047 轮次ID=20260602_160520_990
============================= SH85SelfCheck 执行记录 =============================
任务名称: SH85SelfCheck
模式: 周期自检
轮次ID: 20260602_160520_990
设备: 12047
结果: 失败
结果码: StartCommandFailed
说明: 启动自检指令下发失败: 等待RTU响应超时
开始时间: 2026-06-02 16:05:20.990
结束时间: 2026-06-02 16:05:35.955
耗时: 14965 ms
----------------------------- 执行明细 -----------------------------
自检任务开始
总时长: 70 s
自检器启动成功
进入阶段: 阶段1 - 下发启动自检指令
指令下发明细: 完成
指令: StartSelfCheck
所属阶段: 阶段1 - 下发启动自检指令
发送时间: 2026-06-02 16:05:34.945
响应时间: -
发送次数: 1/1
发送指令帧: 01 06 00 17 00 A5 F9 B5
响应帧: 超时, 等待RTU响应超时
错误信息: 等待RTU响应超时
处理结果: 失败
============================= SH85SelfCheck 执行记录结束 =============================
[设备记录 47/80 END] QRCode=12047 轮次ID=20260602_160520_990
[设备记录 48/80 BEGIN] QRCode=12048 轮次ID=20260602_160520_990
============================= SH85SelfCheck 执行记录 =============================
任务名称: SH85SelfCheck
模式: 周期自检
轮次ID: 20260602_160520_990
设备: 12048
结果: 失败
结果码: StartCommandFailed
说明: 启动自检指令下发失败: 等待RTU响应超时
开始时间: 2026-06-02 16:05:20.990
结束时间: 2026-06-02 16:05:36.007
耗时: 15017 ms
----------------------------- 执行明细 -----------------------------
自检任务开始
总时长: 70 s
自检器启动成功
进入阶段: 阶段1 - 下发启动自检指令
指令下发明细: 完成
指令: StartSelfCheck
所属阶段: 阶段1 - 下发启动自检指令
发送时间: 2026-06-02 16:05:34.996
响应时间: -
发送次数: 1/1
发送指令帧: 01 06 00 17 00 A5 F9 B5
响应帧: 超时, 等待RTU响应超时
错误信息: 等待RTU响应超时
处理结果: 失败
============================= SH85SelfCheck 执行记录结束 =============================
[设备记录 48/80 END] QRCode=12048 轮次ID=20260602_160520_990
[设备记录 49/80 BEGIN] QRCode=12049 轮次ID=20260602_160520_990
============================= SH85SelfCheck 执行记录 =============================
任务名称: SH85SelfCheck
模式: 周期自检
轮次ID: 20260602_160520_990
设备: 12049
结果: 失败
结果码: StartCommandFailed
说明: 启动自检指令下发失败: 等待RTU响应超时
开始时间: 2026-06-02 16:05:20.990
结束时间: 2026-06-02 16:05:36.005
耗时: 15015 ms
----------------------------- 执行明细 -----------------------------
自检任务开始
总时长: 70 s
自检器启动成功
进入阶段: 阶段1 - 下发启动自检指令
指令下发明细: 完成
指令: StartSelfCheck
所属阶段: 阶段1 - 下发启动自检指令
发送时间: 2026-06-02 16:05:34.993
响应时间: -
发送次数: 1/1
发送指令帧: 01 06 00 17 00 A5 F9 B5
响应帧: 超时, 等待RTU响应超时
错误信息: 等待RTU响应超时
处理结果: 失败
============================= SH85SelfCheck 执行记录结束 =============================
[设备记录 49/80 END] QRCode=12049 轮次ID=20260602_160520_990
[设备记录 50/80 BEGIN] QRCode=12050 轮次ID=20260602_160520_990
============================= SH85SelfCheck 执行记录 =============================
任务名称: SH85SelfCheck
模式: 周期自检
轮次ID: 20260602_160520_990
设备: 12050
结果: 失败
结果码: StartCommandFailed
说明: 启动自检指令下发失败: 等待RTU响应超时
开始时间: 2026-06-02 16:05:20.990
结束时间: 2026-06-02 16:05:35.954
耗时: 14964 ms
----------------------------- 执行明细 -----------------------------
自检任务开始
总时长: 70 s
自检器启动成功
进入阶段: 阶段1 - 下发启动自检指令
指令下发明细: 完成
指令: StartSelfCheck
所属阶段: 阶段1 - 下发启动自检指令
发送时间: 2026-06-02 16:05:34.946
响应时间: -
发送次数: 1/1
发送指令帧: 01 06 00 17 00 A5 F9 B5
响应帧: 超时, 等待RTU响应超时
错误信息: 等待RTU响应超时
处理结果: 失败
============================= SH85SelfCheck 执行记录结束 =============================
[设备记录 50/80 END] QRCode=12050 轮次ID=20260602_160520_990
[设备记录 51/80 BEGIN] QRCode=12051 轮次ID=20260602_160520_990
============================= SH85SelfCheck 执行记录 =============================
任务名称: SH85SelfCheck
模式: 周期自检
轮次ID: 20260602_160520_990
设备: 12051
结果: 失败
结果码: StartCommandFailed
说明: 启动自检指令下发失败: 等待RTU响应超时
开始时间: 2026-06-02 16:05:20.990
结束时间: 2026-06-02 16:05:36.005
耗时: 15015 ms
----------------------------- 执行明细 -----------------------------
自检任务开始
总时长: 70 s
自检器启动成功
进入阶段: 阶段1 - 下发启动自检指令
指令下发明细: 完成
指令: StartSelfCheck
所属阶段: 阶段1 - 下发启动自检指令
发送时间: 2026-06-02 16:05:34.993
响应时间: -
发送次数: 1/1
发送指令帧: 01 06 00 17 00 A5 F9 B5
响应帧: 超时, 等待RTU响应超时
错误信息: 等待RTU响应超时
处理结果: 失败
============================= SH85SelfCheck 执行记录结束 =============================
[设备记录 51/80 END] QRCode=12051 轮次ID=20260602_160520_990
[设备记录 52/80 BEGIN] QRCode=12052 轮次ID=20260602_160520_990
============================= SH85SelfCheck 执行记录 =============================
任务名称: SH85SelfCheck
模式: 周期自检
轮次ID: 20260602_160520_990
设备: 12052
结果: 失败
结果码: StartCommandFailed
说明: 启动自检指令下发失败: 等待RTU响应超时
开始时间: 2026-06-02 16:05:20.990
结束时间: 2026-06-02 16:05:36.005
耗时: 15015 ms
----------------------------- 执行明细 -----------------------------
自检任务开始
总时长: 70 s
自检器启动成功
进入阶段: 阶段1 - 下发启动自检指令
指令下发明细: 完成
指令: StartSelfCheck
所属阶段: 阶段1 - 下发启动自检指令
发送时间: 2026-06-02 16:05:34.993
响应时间: -
发送次数: 1/1
发送指令帧: 01 06 00 17 00 A5 F9 B5
响应帧: 超时, 等待RTU响应超时
错误信息: 等待RTU响应超时
处理结果: 失败
============================= SH85SelfCheck 执行记录结束 =============================
[设备记录 52/80 END] QRCode=12052 轮次ID=20260602_160520_990
[设备记录 53/80 BEGIN] QRCode=12053 轮次ID=20260602_160520_990
============================= SH85SelfCheck 执行记录 =============================
任务名称: SH85SelfCheck
模式: 周期自检
轮次ID: 20260602_160520_990
设备: 12053
结果: 失败
结果码: StartCommandFailed
说明: 启动自检指令下发失败: 等待RTU响应超时
开始时间: 2026-06-02 16:05:20.990
结束时间: 2026-06-02 16:05:36.007
耗时: 15017 ms
----------------------------- 执行明细 -----------------------------
自检任务开始
总时长: 70 s
自检器启动成功
进入阶段: 阶段1 - 下发启动自检指令
指令下发明细: 完成
指令: StartSelfCheck
所属阶段: 阶段1 - 下发启动自检指令
发送时间: 2026-06-02 16:05:34.993
响应时间: -
发送次数: 1/1
发送指令帧: 01 06 00 17 00 A5 F9 B5
响应帧: 超时, 等待RTU响应超时
错误信息: 等待RTU响应超时
处理结果: 失败
============================= SH85SelfCheck 执行记录结束 =============================
[设备记录 53/80 END] QRCode=12053 轮次ID=20260602_160520_990
[设备记录 54/80 BEGIN] QRCode=12054 轮次ID=20260602_160520_990
============================= SH85SelfCheck 执行记录 =============================
任务名称: SH85SelfCheck
模式: 周期自检
轮次ID: 20260602_160520_990
设备: 12054
结果: 失败
结果码: StartCommandFailed
说明: 启动自检指令下发失败: 等待RTU响应超时
开始时间: 2026-06-02 16:05:20.990
结束时间: 2026-06-02 16:05:36.005
耗时: 15015 ms
----------------------------- 执行明细 -----------------------------
自检任务开始
总时长: 70 s
自检器启动成功
进入阶段: 阶段1 - 下发启动自检指令
指令下发明细: 完成
指令: StartSelfCheck
所属阶段: 阶段1 - 下发启动自检指令
发送时间: 2026-06-02 16:05:34.996
响应时间: -
发送次数: 1/1
发送指令帧: 01 06 00 17 00 A5 F9 B5
响应帧: 超时, 等待RTU响应超时
错误信息: 等待RTU响应超时
处理结果: 失败
============================= SH85SelfCheck 执行记录结束 =============================
[设备记录 54/80 END] QRCode=12054 轮次ID=20260602_160520_990
[设备记录 55/80 BEGIN] QRCode=12055 轮次ID=20260602_160520_990
============================= SH85SelfCheck 执行记录 =============================
任务名称: SH85SelfCheck
模式: 周期自检
轮次ID: 20260602_160520_990
设备: 12055
结果: 失败
结果码: StartCommandFailed
说明: 启动自检指令下发失败: 等待RTU响应超时
开始时间: 2026-06-02 16:05:20.990
结束时间: 2026-06-02 16:05:36.007
耗时: 15017 ms
----------------------------- 执行明细 -----------------------------
自检任务开始
总时长: 70 s
自检器启动成功
进入阶段: 阶段1 - 下发启动自检指令
指令下发明细: 完成
指令: StartSelfCheck
所属阶段: 阶段1 - 下发启动自检指令
发送时间: 2026-06-02 16:05:34.998
响应时间: -
发送次数: 1/1
发送指令帧: 01 06 00 17 00 A5 F9 B5
响应帧: 超时, 等待RTU响应超时
错误信息: 等待RTU响应超时
处理结果: 失败
============================= SH85SelfCheck 执行记录结束 =============================
[设备记录 55/80 END] QRCode=12055 轮次ID=20260602_160520_990
[设备记录 56/80 BEGIN] QRCode=12056 轮次ID=20260602_160520_990
============================= SH85SelfCheck 执行记录 =============================
任务名称: SH85SelfCheck
模式: 周期自检
轮次ID: 20260602_160520_990
设备: 12056
结果: 失败
结果码: StartCommandFailed
说明: 启动自检指令下发失败: 等待RTU响应超时
开始时间: 2026-06-02 16:05:20.990
结束时间: 2026-06-02 16:05:36.006
耗时: 15016 ms
----------------------------- 执行明细 -----------------------------
自检任务开始
总时长: 70 s
自检器启动成功
进入阶段: 阶段1 - 下发启动自检指令
指令下发明细: 完成
指令: StartSelfCheck
所属阶段: 阶段1 - 下发启动自检指令
发送时间: 2026-06-02 16:05:34.996
响应时间: -
发送次数: 1/1
发送指令帧: 01 06 00 17 00 A5 F9 B5
响应帧: 超时, 等待RTU响应超时
错误信息: 等待RTU响应超时
处理结果: 失败
============================= SH85SelfCheck 执行记录结束 =============================
[设备记录 56/80 END] QRCode=12056 轮次ID=20260602_160520_990
[设备记录 57/80 BEGIN] QRCode=12057 轮次ID=20260602_160520_990
============================= SH85SelfCheck 执行记录 =============================
任务名称: SH85SelfCheck
模式: 周期自检
轮次ID: 20260602_160520_990
设备: 12057
结果: 失败
结果码: StartCommandFailed
说明: 启动自检指令下发失败: 等待RTU响应超时
开始时间: 2026-06-02 16:05:20.990
结束时间: 2026-06-02 16:05:36.005
耗时: 15015 ms
----------------------------- 执行明细 -----------------------------
自检任务开始
总时长: 70 s
自检器启动成功
进入阶段: 阶段1 - 下发启动自检指令
指令下发明细: 完成
指令: StartSelfCheck
所属阶段: 阶段1 - 下发启动自检指令
发送时间: 2026-06-02 16:05:34.996
响应时间: -
发送次数: 1/1
发送指令帧: 01 06 00 17 00 A5 F9 B5
响应帧: 超时, 等待RTU响应超时
错误信息: 等待RTU响应超时
处理结果: 失败
============================= SH85SelfCheck 执行记录结束 =============================
[设备记录 57/80 END] QRCode=12057 轮次ID=20260602_160520_990
[设备记录 58/80 BEGIN] QRCode=12058 轮次ID=20260602_160520_990
============================= SH85SelfCheck 执行记录 =============================
任务名称: SH85SelfCheck
模式: 周期自检
轮次ID: 20260602_160520_990
设备: 12058
结果: 失败
结果码: StartCommandFailed
说明: 启动自检指令下发失败: 等待RTU响应超时
开始时间: 2026-06-02 16:05:20.990
结束时间: 2026-06-02 16:05:36.006
耗时: 15016 ms
----------------------------- 执行明细 -----------------------------
自检任务开始
总时长: 70 s
自检器启动成功
进入阶段: 阶段1 - 下发启动自检指令
指令下发明细: 完成
指令: StartSelfCheck
所属阶段: 阶段1 - 下发启动自检指令
发送时间: 2026-06-02 16:05:34.996
响应时间: -
发送次数: 1/1
发送指令帧: 01 06 00 17 00 A5 F9 B5
响应帧: 超时, 等待RTU响应超时
错误信息: 等待RTU响应超时
处理结果: 失败
============================= SH85SelfCheck 执行记录结束 =============================
[设备记录 58/80 END] QRCode=12058 轮次ID=20260602_160520_990
[设备记录 59/80 BEGIN] QRCode=12059 轮次ID=20260602_160520_990
============================= SH85SelfCheck 执行记录 =============================
任务名称: SH85SelfCheck
模式: 周期自检
轮次ID: 20260602_160520_990
设备: 12059
结果: 失败
结果码: StartCommandFailed
说明: 启动自检指令下发失败: 等待RTU响应超时
开始时间: 2026-06-02 16:05:20.990
结束时间: 2026-06-02 16:05:36.005
耗时: 15015 ms
----------------------------- 执行明细 -----------------------------
自检任务开始
总时长: 70 s
自检器启动成功
进入阶段: 阶段1 - 下发启动自检指令
指令下发明细: 完成
指令: StartSelfCheck
所属阶段: 阶段1 - 下发启动自检指令
发送时间: 2026-06-02 16:05:34.993
响应时间: -
发送次数: 1/1
发送指令帧: 01 06 00 17 00 A5 F9 B5
响应帧: 超时, 等待RTU响应超时
错误信息: 等待RTU响应超时
处理结果: 失败
============================= SH85SelfCheck 执行记录结束 =============================
[设备记录 59/80 END] QRCode=12059 轮次ID=20260602_160520_990
[设备记录 60/80 BEGIN] QRCode=12060 轮次ID=20260602_160520_990
============================= SH85SelfCheck 执行记录 =============================
任务名称: SH85SelfCheck
模式: 周期自检
轮次ID: 20260602_160520_990
设备: 12060
结果: 失败
结果码: StartCommandFailed
说明: 启动自检指令下发失败: 等待RTU响应超时
开始时间: 2026-06-02 16:05:20.990
结束时间: 2026-06-02 16:05:36.005
耗时: 15015 ms
----------------------------- 执行明细 -----------------------------
自检任务开始
总时长: 70 s
自检器启动成功
进入阶段: 阶段1 - 下发启动自检指令
指令下发明细: 完成
指令: StartSelfCheck
所属阶段: 阶段1 - 下发启动自检指令
发送时间: 2026-06-02 16:05:34.996
响应时间: -
发送次数: 1/1
发送指令帧: 01 06 00 17 00 A5 F9 B5
响应帧: 超时, 等待RTU响应超时
错误信息: 等待RTU响应超时
处理结果: 失败
============================= SH85SelfCheck 执行记录结束 =============================
[设备记录 60/80 END] QRCode=12060 轮次ID=20260602_160520_990
[设备记录 61/80 BEGIN] QRCode=12061 轮次ID=20260602_160520_990
============================= SH85SelfCheck 执行记录 =============================
任务名称: SH85SelfCheck
模式: 周期自检
轮次ID: 20260602_160520_990
设备: 12061
结果: 失败
结果码: StartCommandFailed
说明: 启动自检指令下发失败: 等待RTU响应超时
开始时间: 2026-06-02 16:05:20.990
结束时间: 2026-06-02 16:05:36.002
耗时: 15012 ms
----------------------------- 执行明细 -----------------------------
自检任务开始
总时长: 70 s
自检器启动成功
进入阶段: 阶段1 - 下发启动自检指令
指令下发明细: 完成
指令: StartSelfCheck
所属阶段: 阶段1 - 下发启动自检指令
发送时间: 2026-06-02 16:05:34.993
响应时间: -
发送次数: 1/1
发送指令帧: 01 06 00 17 00 A5 F9 B5
响应帧: 超时, 等待RTU响应超时
错误信息: 等待RTU响应超时
处理结果: 失败
============================= SH85SelfCheck 执行记录结束 =============================
[设备记录 61/80 END] QRCode=12061 轮次ID=20260602_160520_990
[设备记录 62/80 BEGIN] QRCode=12062 轮次ID=20260602_160520_990
============================= SH85SelfCheck 执行记录 =============================
任务名称: SH85SelfCheck
模式: 周期自检
轮次ID: 20260602_160520_990
设备: 12062
结果: 失败
结果码: StartCommandFailed
说明: 启动自检指令下发失败: 等待RTU响应超时
开始时间: 2026-06-02 16:05:20.990
结束时间: 2026-06-02 16:05:36.005
耗时: 15015 ms
----------------------------- 执行明细 -----------------------------
自检任务开始
总时长: 70 s
自检器启动成功
进入阶段: 阶段1 - 下发启动自检指令
指令下发明细: 完成
指令: StartSelfCheck
所属阶段: 阶段1 - 下发启动自检指令
发送时间: 2026-06-02 16:05:34.993
响应时间: -
发送次数: 1/1
发送指令帧: 01 06 00 17 00 A5 F9 B5
响应帧: 超时, 等待RTU响应超时
错误信息: 等待RTU响应超时
处理结果: 失败
============================= SH85SelfCheck 执行记录结束 =============================
[设备记录 62/80 END] QRCode=12062 轮次ID=20260602_160520_990
[设备记录 63/80 BEGIN] QRCode=12063 轮次ID=20260602_160520_990
============================= SH85SelfCheck 执行记录 =============================
任务名称: SH85SelfCheck
模式: 周期自检
轮次ID: 20260602_160520_990
设备: 12063
结果: 失败
结果码: StartCommandFailed
说明: 启动自检指令下发失败: 等待RTU响应超时
开始时间: 2026-06-02 16:05:20.990
结束时间: 2026-06-02 16:05:36.006
耗时: 15016 ms
----------------------------- 执行明细 -----------------------------
自检任务开始
总时长: 70 s
自检器启动成功
进入阶段: 阶段1 - 下发启动自检指令
指令下发明细: 完成
指令: StartSelfCheck
所属阶段: 阶段1 - 下发启动自检指令
发送时间: 2026-06-02 16:05:34.996
响应时间: -
发送次数: 1/1
发送指令帧: 01 06 00 17 00 A5 F9 B5
响应帧: 超时, 等待RTU响应超时
错误信息: 等待RTU响应超时
处理结果: 失败
============================= SH85SelfCheck 执行记录结束 =============================
[设备记录 63/80 END] QRCode=12063 轮次ID=20260602_160520_990
[设备记录 64/80 BEGIN] QRCode=12064 轮次ID=20260602_160520_990
============================= SH85SelfCheck 执行记录 =============================
任务名称: SH85SelfCheck
模式: 周期自检
轮次ID: 20260602_160520_990
设备: 12064
结果: 失败
结果码: StartCommandFailed
说明: 启动自检指令下发失败: 等待RTU响应超时
开始时间: 2026-06-02 16:05:20.990
结束时间: 2026-06-02 16:05:36.005
耗时: 15015 ms
----------------------------- 执行明细 -----------------------------
自检任务开始
总时长: 70 s
自检器启动成功
进入阶段: 阶段1 - 下发启动自检指令
指令下发明细: 完成
指令: StartSelfCheck
所属阶段: 阶段1 - 下发启动自检指令
发送时间: 2026-06-02 16:05:34.993
响应时间: -
发送次数: 1/1
发送指令帧: 01 06 00 17 00 A5 F9 B5
响应帧: 超时, 等待RTU响应超时
错误信息: 等待RTU响应超时
处理结果: 失败
============================= SH85SelfCheck 执行记录结束 =============================
[设备记录 64/80 END] QRCode=12064 轮次ID=20260602_160520_990
[设备记录 65/80 BEGIN] QRCode=12065 轮次ID=20260602_160520_990
============================= SH85SelfCheck 执行记录 =============================
任务名称: SH85SelfCheck
模式: 周期自检
轮次ID: 20260602_160520_990
设备: 12065
结果: 失败
结果码: StartCommandFailed
说明: 启动自检指令下发失败: 等待RTU响应超时
开始时间: 2026-06-02 16:05:20.990
结束时间: 2026-06-02 16:05:36.002
耗时: 15012 ms
----------------------------- 执行明细 -----------------------------
自检任务开始
总时长: 70 s
自检器启动成功
进入阶段: 阶段1 - 下发启动自检指令
指令下发明细: 完成
指令: StartSelfCheck
所属阶段: 阶段1 - 下发启动自检指令
发送时间: 2026-06-02 16:05:34.993
响应时间: -
发送次数: 1/1
发送指令帧: 01 06 00 17 00 A5 F9 B5
响应帧: 超时, 等待RTU响应超时
错误信息: 等待RTU响应超时
处理结果: 失败
============================= SH85SelfCheck 执行记录结束 =============================
[设备记录 65/80 END] QRCode=12065 轮次ID=20260602_160520_990
[设备记录 66/80 BEGIN] QRCode=12066 轮次ID=20260602_160520_990
============================= SH85SelfCheck 执行记录 =============================
任务名称: SH85SelfCheck
模式: 周期自检
轮次ID: 20260602_160520_990
设备: 12066
结果: 失败
结果码: StartCommandFailed
说明: 启动自检指令下发失败: 等待RTU响应超时
开始时间: 2026-06-02 16:05:20.990
结束时间: 2026-06-02 16:05:36.002
耗时: 15012 ms
----------------------------- 执行明细 -----------------------------
自检任务开始
总时长: 70 s
自检器启动成功
进入阶段: 阶段1 - 下发启动自检指令
指令下发明细: 完成
指令: StartSelfCheck
所属阶段: 阶段1 - 下发启动自检指令
发送时间: 2026-06-02 16:05:34.993
响应时间: -
发送次数: 1/1
发送指令帧: 01 06 00 17 00 A5 F9 B5
响应帧: 超时, 等待RTU响应超时
错误信息: 等待RTU响应超时
处理结果: 失败
============================= SH85SelfCheck 执行记录结束 =============================
[设备记录 66/80 END] QRCode=12066 轮次ID=20260602_160520_990
[设备记录 67/80 BEGIN] QRCode=12067 轮次ID=20260602_160520_990
============================= SH85SelfCheck 执行记录 =============================
任务名称: SH85SelfCheck
模式: 周期自检
轮次ID: 20260602_160520_990
设备: 12067
结果: 失败
结果码: StartCommandFailed
说明: 启动自检指令下发失败: 等待RTU响应超时
开始时间: 2026-06-02 16:05:20.990
结束时间: 2026-06-02 16:05:36.006
耗时: 15016 ms
----------------------------- 执行明细 -----------------------------
自检任务开始
总时长: 70 s
自检器启动成功
进入阶段: 阶段1 - 下发启动自检指令
指令下发明细: 完成
指令: StartSelfCheck
所属阶段: 阶段1 - 下发启动自检指令
发送时间: 2026-06-02 16:05:34.996
响应时间: -
发送次数: 1/1
发送指令帧: 01 06 00 17 00 A5 F9 B5
响应帧: 超时, 等待RTU响应超时
错误信息: 等待RTU响应超时
处理结果: 失败
============================= SH85SelfCheck 执行记录结束 =============================
[设备记录 67/80 END] QRCode=12067 轮次ID=20260602_160520_990
[设备记录 68/80 BEGIN] QRCode=12068 轮次ID=20260602_160520_990
============================= SH85SelfCheck 执行记录 =============================
任务名称: SH85SelfCheck
模式: 周期自检
轮次ID: 20260602_160520_990
设备: 12068
结果: 失败
结果码: StartCommandFailed
说明: 启动自检指令下发失败: 等待RTU响应超时
开始时间: 2026-06-02 16:05:20.990
结束时间: 2026-06-02 16:05:36.006
耗时: 15016 ms
----------------------------- 执行明细 -----------------------------
自检任务开始
总时长: 70 s
自检器启动成功
进入阶段: 阶段1 - 下发启动自检指令
指令下发明细: 完成
指令: StartSelfCheck
所属阶段: 阶段1 - 下发启动自检指令
发送时间: 2026-06-02 16:05:34.996
响应时间: -
发送次数: 1/1
发送指令帧: 01 06 00 17 00 A5 F9 B5
响应帧: 超时, 等待RTU响应超时
错误信息: 等待RTU响应超时
处理结果: 失败
============================= SH85SelfCheck 执行记录结束 =============================
[设备记录 68/80 END] QRCode=12068 轮次ID=20260602_160520_990
[设备记录 69/80 BEGIN] QRCode=12069 轮次ID=20260602_160520_990
============================= SH85SelfCheck 执行记录 =============================
任务名称: SH85SelfCheck
模式: 周期自检
轮次ID: 20260602_160520_990
设备: 12069
结果: 失败
结果码: StartCommandFailed
说明: 启动自检指令下发失败: 等待RTU响应超时
开始时间: 2026-06-02 16:05:20.990
结束时间: 2026-06-02 16:05:36.002
耗时: 15012 ms
----------------------------- 执行明细 -----------------------------
自检任务开始
总时长: 70 s
自检器启动成功
进入阶段: 阶段1 - 下发启动自检指令
指令下发明细: 完成
指令: StartSelfCheck
所属阶段: 阶段1 - 下发启动自检指令
发送时间: 2026-06-02 16:05:34.993
响应时间: -
发送次数: 1/1
发送指令帧: 01 06 00 17 00 A5 F9 B5
响应帧: 超时, 等待RTU响应超时
错误信息: 等待RTU响应超时
处理结果: 失败
============================= SH85SelfCheck 执行记录结束 =============================
[设备记录 69/80 END] QRCode=12069 轮次ID=20260602_160520_990
[设备记录 70/80 BEGIN] QRCode=12070 轮次ID=20260602_160520_990
============================= SH85SelfCheck 执行记录 =============================
任务名称: SH85SelfCheck
模式: 周期自检
轮次ID: 20260602_160520_990
设备: 12070
结果: 失败
结果码: StartCommandFailed
说明: 启动自检指令下发失败: 等待RTU响应超时
开始时间: 2026-06-02 16:05:20.990
结束时间: 2026-06-02 16:05:36.007
耗时: 15017 ms
----------------------------- 执行明细 -----------------------------
自检任务开始
总时长: 70 s
自检器启动成功
进入阶段: 阶段1 - 下发启动自检指令
指令下发明细: 完成
指令: StartSelfCheck
所属阶段: 阶段1 - 下发启动自检指令
发送时间: 2026-06-02 16:05:34.998
响应时间: -
发送次数: 1/1
发送指令帧: 01 06 00 17 00 A5 F9 B5
响应帧: 超时, 等待RTU响应超时
错误信息: 等待RTU响应超时
处理结果: 失败
============================= SH85SelfCheck 执行记录结束 =============================
[设备记录 70/80 END] QRCode=12070 轮次ID=20260602_160520_990
[设备记录 71/80 BEGIN] QRCode=12071 轮次ID=20260602_160520_990
============================= SH85SelfCheck 执行记录 =============================
任务名称: SH85SelfCheck
模式: 周期自检
轮次ID: 20260602_160520_990
设备: 12071
结果: 失败
结果码: StartCommandFailed
说明: 启动自检指令下发失败: 等待RTU响应超时
开始时间: 2026-06-02 16:05:20.990
结束时间: 2026-06-02 16:05:36.005
耗时: 15015 ms
----------------------------- 执行明细 -----------------------------
自检任务开始
总时长: 70 s
自检器启动成功
进入阶段: 阶段1 - 下发启动自检指令
指令下发明细: 完成
指令: StartSelfCheck
所属阶段: 阶段1 - 下发启动自检指令
发送时间: 2026-06-02 16:05:34.996
响应时间: -
发送次数: 1/1
发送指令帧: 01 06 00 17 00 A5 F9 B5
响应帧: 超时, 等待RTU响应超时
错误信息: 等待RTU响应超时
处理结果: 失败
============================= SH85SelfCheck 执行记录结束 =============================
[设备记录 71/80 END] QRCode=12071 轮次ID=20260602_160520_990
[设备记录 72/80 BEGIN] QRCode=12072 轮次ID=20260602_160520_990
============================= SH85SelfCheck 执行记录 =============================
任务名称: SH85SelfCheck
模式: 周期自检
轮次ID: 20260602_160520_990
设备: 12072
结果: 失败
结果码: StartCommandFailed
说明: 启动自检指令下发失败: 等待RTU响应超时
开始时间: 2026-06-02 16:05:20.990
结束时间: 2026-06-02 16:05:36.002
耗时: 15012 ms
----------------------------- 执行明细 -----------------------------
自检任务开始
总时长: 70 s
自检器启动成功
进入阶段: 阶段1 - 下发启动自检指令
指令下发明细: 完成
指令: StartSelfCheck
所属阶段: 阶段1 - 下发启动自检指令
发送时间: 2026-06-02 16:05:34.993
响应时间: -
发送次数: 1/1
发送指令帧: 01 06 00 17 00 A5 F9 B5
响应帧: 超时, 等待RTU响应超时
错误信息: 等待RTU响应超时
处理结果: 失败
============================= SH85SelfCheck 执行记录结束 =============================
[设备记录 72/80 END] QRCode=12072 轮次ID=20260602_160520_990
[设备记录 73/80 BEGIN] QRCode=12073 轮次ID=20260602_160520_990
============================= SH85SelfCheck 执行记录 =============================
任务名称: SH85SelfCheck
模式: 周期自检
轮次ID: 20260602_160520_990
设备: 12073
结果: 失败
结果码: StartCommandFailed
说明: 启动自检指令下发失败: 等待RTU响应超时
开始时间: 2026-06-02 16:05:20.990
结束时间: 2026-06-02 16:05:36.005
耗时: 15015 ms
----------------------------- 执行明细 -----------------------------
自检任务开始
总时长: 70 s
自检器启动成功
进入阶段: 阶段1 - 下发启动自检指令
指令下发明细: 完成
指令: StartSelfCheck
所属阶段: 阶段1 - 下发启动自检指令
发送时间: 2026-06-02 16:05:34.996
响应时间: -
发送次数: 1/1
发送指令帧: 01 06 00 17 00 A5 F9 B5
响应帧: 超时, 等待RTU响应超时
错误信息: 等待RTU响应超时
处理结果: 失败
============================= SH85SelfCheck 执行记录结束 =============================
[设备记录 73/80 END] QRCode=12073 轮次ID=20260602_160520_990
[设备记录 74/80 BEGIN] QRCode=12074 轮次ID=20260602_160520_990
============================= SH85SelfCheck 执行记录 =============================
任务名称: SH85SelfCheck
模式: 周期自检
轮次ID: 20260602_160520_990
设备: 12074
结果: 失败
结果码: StartCommandFailed
说明: 启动自检指令下发失败: 等待RTU响应超时
开始时间: 2026-06-02 16:05:20.990
结束时间: 2026-06-02 16:05:36.005
耗时: 15015 ms
----------------------------- 执行明细 -----------------------------
自检任务开始
总时长: 70 s
自检器启动成功
进入阶段: 阶段1 - 下发启动自检指令
指令下发明细: 完成
指令: StartSelfCheck
所属阶段: 阶段1 - 下发启动自检指令
发送时间: 2026-06-02 16:05:34.996
响应时间: -
发送次数: 1/1
发送指令帧: 01 06 00 17 00 A5 F9 B5
响应帧: 超时, 等待RTU响应超时
错误信息: 等待RTU响应超时
处理结果: 失败
============================= SH85SelfCheck 执行记录结束 =============================
[设备记录 74/80 END] QRCode=12074 轮次ID=20260602_160520_990
[设备记录 75/80 BEGIN] QRCode=12075 轮次ID=20260602_160520_990
============================= SH85SelfCheck 执行记录 =============================
任务名称: SH85SelfCheck
模式: 周期自检
轮次ID: 20260602_160520_990
设备: 12075
结果: 失败
结果码: StartCommandFailed
说明: 启动自检指令下发失败: 等待RTU响应超时
开始时间: 2026-06-02 16:05:20.990
结束时间: 2026-06-02 16:05:36.006
耗时: 15016 ms
----------------------------- 执行明细 -----------------------------
自检任务开始
总时长: 70 s
自检器启动成功
进入阶段: 阶段1 - 下发启动自检指令
指令下发明细: 完成
指令: StartSelfCheck
所属阶段: 阶段1 - 下发启动自检指令
发送时间: 2026-06-02 16:05:34.996
响应时间: -
发送次数: 1/1
发送指令帧: 01 06 00 17 00 A5 F9 B5
响应帧: 超时, 等待RTU响应超时
错误信息: 等待RTU响应超时
处理结果: 失败
============================= SH85SelfCheck 执行记录结束 =============================
[设备记录 75/80 END] QRCode=12075 轮次ID=20260602_160520_990
[设备记录 76/80 BEGIN] QRCode=12076 轮次ID=20260602_160520_990
============================= SH85SelfCheck 执行记录 =============================
任务名称: SH85SelfCheck
模式: 周期自检
轮次ID: 20260602_160520_990
设备: 12076
结果: 失败
结果码: StartCommandFailed
说明: 启动自检指令下发失败: 等待RTU响应超时
开始时间: 2026-06-02 16:05:20.990
结束时间: 2026-06-02 16:05:36.005
耗时: 15015 ms
----------------------------- 执行明细 -----------------------------
自检任务开始
总时长: 70 s
自检器启动成功
进入阶段: 阶段1 - 下发启动自检指令
指令下发明细: 完成
指令: StartSelfCheck
所属阶段: 阶段1 - 下发启动自检指令
发送时间: 2026-06-02 16:05:34.993
响应时间: -
发送次数: 1/1
发送指令帧: 01 06 00 17 00 A5 F9 B5
响应帧: 超时, 等待RTU响应超时
错误信息: 等待RTU响应超时
处理结果: 失败
============================= SH85SelfCheck 执行记录结束 =============================
[设备记录 76/80 END] QRCode=12076 轮次ID=20260602_160520_990
[设备记录 77/80 BEGIN] QRCode=12077 轮次ID=20260602_160520_990
============================= SH85SelfCheck 执行记录 =============================
任务名称: SH85SelfCheck
模式: 周期自检
轮次ID: 20260602_160520_990
设备: 12077
结果: 失败
结果码: StartCommandFailed
说明: 启动自检指令下发失败: 等待RTU响应超时
开始时间: 2026-06-02 16:05:20.990
结束时间: 2026-06-02 16:05:36.007
耗时: 15017 ms
----------------------------- 执行明细 -----------------------------
自检任务开始
总时长: 70 s
自检器启动成功
进入阶段: 阶段1 - 下发启动自检指令
指令下发明细: 完成
指令: StartSelfCheck
所属阶段: 阶段1 - 下发启动自检指令
发送时间: 2026-06-02 16:05:34.996
响应时间: -
发送次数: 1/1
发送指令帧: 01 06 00 17 00 A5 F9 B5
响应帧: 超时, 等待RTU响应超时
错误信息: 等待RTU响应超时
处理结果: 失败
============================= SH85SelfCheck 执行记录结束 =============================
[设备记录 77/80 END] QRCode=12077 轮次ID=20260602_160520_990
[设备记录 78/80 BEGIN] QRCode=12078 轮次ID=20260602_160520_990
============================= SH85SelfCheck 执行记录 =============================
任务名称: SH85SelfCheck
模式: 周期自检
轮次ID: 20260602_160520_990
设备: 12078
结果: 失败
结果码: StartCommandFailed
说明: 启动自检指令下发失败: 等待RTU响应超时
开始时间: 2026-06-02 16:05:20.990
结束时间: 2026-06-02 16:05:36.006
耗时: 15016 ms
----------------------------- 执行明细 -----------------------------
自检任务开始
总时长: 70 s
自检器启动成功
进入阶段: 阶段1 - 下发启动自检指令
指令下发明细: 完成
指令: StartSelfCheck
所属阶段: 阶段1 - 下发启动自检指令
发送时间: 2026-06-02 16:05:34.994
响应时间: -
发送次数: 1/1
发送指令帧: 01 06 00 17 00 A5 F9 B5
响应帧: 超时, 等待RTU响应超时
错误信息: 等待RTU响应超时
处理结果: 失败
============================= SH85SelfCheck 执行记录结束 =============================
[设备记录 78/80 END] QRCode=12078 轮次ID=20260602_160520_990
[设备记录 79/80 BEGIN] QRCode=12079 轮次ID=20260602_160520_990
============================= SH85SelfCheck 执行记录 =============================
任务名称: SH85SelfCheck
模式: 周期自检
轮次ID: 20260602_160520_990
设备: 12079
结果: 失败
结果码: StartCommandFailed
说明: 启动自检指令下发失败: 等待RTU响应超时
开始时间: 2026-06-02 16:05:20.990
结束时间: 2026-06-02 16:05:36.005
耗时: 15015 ms
----------------------------- 执行明细 -----------------------------
自检任务开始
总时长: 70 s
自检器启动成功
进入阶段: 阶段1 - 下发启动自检指令
指令下发明细: 完成
指令: StartSelfCheck
所属阶段: 阶段1 - 下发启动自检指令
发送时间: 2026-06-02 16:05:34.993
响应时间: -
发送次数: 1/1
发送指令帧: 01 06 00 17 00 A5 F9 B5
响应帧: 超时, 等待RTU响应超时
错误信息: 等待RTU响应超时
处理结果: 失败
============================= SH85SelfCheck 执行记录结束 =============================
[设备记录 79/80 END] QRCode=12079 轮次ID=20260602_160520_990
[设备记录 80/80 BEGIN] QRCode=12080 轮次ID=20260602_160520_990
============================= SH85SelfCheck 执行记录 =============================
任务名称: SH85SelfCheck
模式: 周期自检
轮次ID: 20260602_160520_990
设备: 12080
结果: 失败
结果码: StartCommandFailed
说明: 启动自检指令下发失败: 等待RTU响应超时
开始时间: 2026-06-02 16:05:20.990
结束时间: 2026-06-02 16:05:36.006
耗时: 15016 ms
----------------------------- 执行明细 -----------------------------
自检任务开始
总时长: 70 s
自检器启动成功
进入阶段: 阶段1 - 下发启动自检指令
指令下发明细: 完成
指令: StartSelfCheck
所属阶段: 阶段1 - 下发启动自检指令
发送时间: 2026-06-02 16:05:34.993
响应时间: -
发送次数: 1/1
发送指令帧: 01 06 00 17 00 A5 F9 B5
响应帧: 超时, 等待RTU响应超时
错误信息: 等待RTU响应超时
处理结果: 失败
============================= SH85SelfCheck 执行记录结束 =============================
[设备记录 80/80 END] QRCode=12080 轮次ID=20260602_160520_990
############################## SH85_PERIODIC_ROUND_END ##############################
轮次ID: 20260602_160520_990
################################################################################
[2026-06-02 16:05:36] [WARN] [SH85PeriodicSelfCheckTask] 周期自检轮次失败
轮次ID: 20260602_160520_990
开始时间: 2026-06-02 16:05:20
结束时间: 2026-06-02 16:05:36
总设备数: 80
参与设备数: 80
成功设备数: 0
失败设备数: 80
跳过设备数: 0
失败原因摘要:
- 启动自检指令下发失败: 等待RTU响应超时: 80 台
  设备: 12001, 12002, 12003, 12004, 12005, 12006, 12007, 12008, 12009, 12010, 12011, 12012, 12013, 12014, 12015, 12016, 12017, 12018, 12019, 12020, 12021, 12022, 12023, 12024, 12025, 12026, 12027, 12028, 12029, 12030, 12031, 12032, 12033, 12034, 12035, 12036, 12037, 12038, 12039, 12040, 12041, 12042, 12043, 12044, 12045, 12046, 12047, 12048, 12049, 12050, 12051, 12052, 12053, 12054, 12055, 12056, 12057, 12058, 12059, 12060, 12061, 12062, 12063, 12064, 12065, 12066, 12067, 12068, 12069, 12070, 12071, 12072, 12073, 12074, 12075, 12076, 12077, 12078, 12079, 12080
详细执行记录: 请在 self_check.log 搜索轮次ID 20260602_160520_990
[2026-06-02 16:45:08] [INFO] ################################################################################
############################# SH85_PERIODIC_ROUND_BEGIN #############################
任务名称: SH85PeriodicSelfCheckTask
模式: 周期自检
轮次ID: 20260602_164452_952
开始时间: 2026-06-02 16:44:52
结束时间: 2026-06-02 16:45:08
总设备数: 80
参与设备数: 80
成功设备数: 0
失败设备数: 80
跳过设备数: 0
结果: 失败
失败设备: 12001, 12002, 12003, 12004, 12005, 12006, 12007, 12008, 12009, 12010, 12011, 12012, 12013, 12014, 12015, 12016, 12017, 12018, 12019, 12020, 12021, 12022, 12023, 12024, 12025, 12026, 12027, 12028, 12029, 12030, 12031, 12032, 12033, 12034, 12035, 12036, 12037, 12038, 12039, 12040, 12041, 12042, 12043, 12044, 12045, 12046, 12047, 12048, 12049, 12050, 12051, 12052, 12053, 12054, 12055, 12056, 12057, 12058, 12059, 12060, 12061, 12062, 12063, 12064, 12065, 12066, 12067, 12068, 12069, 12070, 12071, 12072, 12073, 12074, 12075, 12076, 12077, 12078, 12079, 12080
跳过设备: 无
----------------------------- 设备执行记录列表 -----------------------------
[设备记录 1/80 BEGIN] QRCode=12001 轮次ID=20260602_164452_952
============================= SH85SelfCheck 执行记录 =============================
任务名称: SH85SelfCheck
模式: 周期自检
轮次ID: 20260602_164452_952
设备: 12001
结果: 失败
结果码: StartCommandFailed
说明: 启动自检指令下发失败: 等待RTU响应超时
开始时间: 2026-06-02 16:44:52.952
结束时间: 2026-06-02 16:45:08.148
耗时: 15196 ms
----------------------------- 执行明细 -----------------------------
自检任务开始
总时长: 70 s
自检器启动成功
进入阶段: 阶段1 - 下发启动自检指令
指令下发明细: 完成
指令: StartSelfCheck
所属阶段: 阶段1 - 下发启动自检指令
发送时间: 2026-06-02 16:45:06.964
响应时间: -
发送次数: 1/1
发送指令帧: 01 06 00 17 00 A5 F9 B5
响应帧: 超时, 等待RTU响应超时
错误信息: 等待RTU响应超时
处理结果: 失败
============================= SH85SelfCheck 执行记录结束 =============================
[设备记录 1/80 END] QRCode=12001 轮次ID=20260602_164452_952
[设备记录 2/80 BEGIN] QRCode=12002 轮次ID=20260602_164452_952
============================= SH85SelfCheck 执行记录 =============================
任务名称: SH85SelfCheck
模式: 周期自检
轮次ID: 20260602_164452_952
设备: 12002
结果: 失败
结果码: StartCommandFailed
说明: 启动自检指令下发失败: 等待RTU响应超时
开始时间: 2026-06-02 16:44:52.952
结束时间: 2026-06-02 16:45:08.148
耗时: 15196 ms
----------------------------- 执行明细 -----------------------------
自检任务开始
总时长: 70 s
自检器启动成功
进入阶段: 阶段1 - 下发启动自检指令
指令下发明细: 完成
指令: StartSelfCheck
所属阶段: 阶段1 - 下发启动自检指令
发送时间: 2026-06-02 16:45:06.964
响应时间: -
发送次数: 1/1
发送指令帧: 01 06 00 17 00 A5 F9 B5
响应帧: 超时, 等待RTU响应超时
错误信息: 等待RTU响应超时
处理结果: 失败
============================= SH85SelfCheck 执行记录结束 =============================
[设备记录 2/80 END] QRCode=12002 轮次ID=20260602_164452_952
[设备记录 3/80 BEGIN] QRCode=12003 轮次ID=20260602_164452_952
============================= SH85SelfCheck 执行记录 =============================
任务名称: SH85SelfCheck
模式: 周期自检
轮次ID: 20260602_164452_952
设备: 12003
结果: 失败
结果码: StartCommandFailed
说明: 启动自检指令下发失败: 等待RTU响应超时
开始时间: 2026-06-02 16:44:52.952
结束时间: 2026-06-02 16:45:08.148
耗时: 15196 ms
----------------------------- 执行明细 -----------------------------
自检任务开始
总时长: 70 s
自检器启动成功
进入阶段: 阶段1 - 下发启动自检指令
指令下发明细: 完成
指令: StartSelfCheck
所属阶段: 阶段1 - 下发启动自检指令
发送时间: 2026-06-02 16:45:06.963
响应时间: -
发送次数: 1/1
发送指令帧: 01 06 00 17 00 A5 F9 B5
响应帧: 超时, 等待RTU响应超时
错误信息: 等待RTU响应超时
处理结果: 失败
============================= SH85SelfCheck 执行记录结束 =============================
[设备记录 3/80 END] QRCode=12003 轮次ID=20260602_164452_952
[设备记录 4/80 BEGIN] QRCode=12004 轮次ID=20260602_164452_952
============================= SH85SelfCheck 执行记录 =============================
任务名称: SH85SelfCheck
模式: 周期自检
轮次ID: 20260602_164452_952
设备: 12004
结果: 失败
结果码: StartCommandFailed
说明: 启动自检指令下发失败: 等待RTU响应超时
开始时间: 2026-06-02 16:44:52.952
结束时间: 2026-06-02 16:45:08.148
耗时: 15196 ms
----------------------------- 执行明细 -----------------------------
自检任务开始
总时长: 70 s
自检器启动成功
进入阶段: 阶段1 - 下发启动自检指令
指令下发明细: 完成
指令: StartSelfCheck
所属阶段: 阶段1 - 下发启动自检指令
发送时间: 2026-06-02 16:45:06.963
响应时间: -
发送次数: 1/1
发送指令帧: 01 06 00 17 00 A5 F9 B5
响应帧: 超时, 等待RTU响应超时
错误信息: 等待RTU响应超时
处理结果: 失败
============================= SH85SelfCheck 执行记录结束 =============================
[设备记录 4/80 END] QRCode=12004 轮次ID=20260602_164452_952
[设备记录 5/80 BEGIN] QRCode=12005 轮次ID=20260602_164452_952
============================= SH85SelfCheck 执行记录 =============================
任务名称: SH85SelfCheck
模式: 周期自检
轮次ID: 20260602_164452_952
设备: 12005
结果: 失败
结果码: StartCommandFailed
说明: 启动自检指令下发失败: 等待RTU响应超时
开始时间: 2026-06-02 16:44:52.952
结束时间: 2026-06-02 16:45:08.146
耗时: 15194 ms
----------------------------- 执行明细 -----------------------------
自检任务开始
总时长: 70 s
自检器启动成功
进入阶段: 阶段1 - 下发启动自检指令
指令下发明细: 完成
指令: StartSelfCheck
所属阶段: 阶段1 - 下发启动自检指令
发送时间: 2026-06-02 16:45:06.949
响应时间: -
发送次数: 1/1
发送指令帧: 01 06 00 17 00 A5 F9 B5
响应帧: 超时, 等待RTU响应超时
错误信息: 等待RTU响应超时
处理结果: 失败
============================= SH85SelfCheck 执行记录结束 =============================
[设备记录 5/80 END] QRCode=12005 轮次ID=20260602_164452_952
[设备记录 6/80 BEGIN] QRCode=12006 轮次ID=20260602_164452_952
============================= SH85SelfCheck 执行记录 =============================
任务名称: SH85SelfCheck
模式: 周期自检
轮次ID: 20260602_164452_952
设备: 12006
结果: 失败
结果码: StartCommandFailed
说明: 启动自检指令下发失败: 等待RTU响应超时
开始时间: 2026-06-02 16:44:52.952
结束时间: 2026-06-02 16:45:08.146
耗时: 15194 ms
----------------------------- 执行明细 -----------------------------
自检任务开始
总时长: 70 s
自检器启动成功
进入阶段: 阶段1 - 下发启动自检指令
指令下发明细: 完成
指令: StartSelfCheck
所属阶段: 阶段1 - 下发启动自检指令
发送时间: 2026-06-02 16:45:06.963
响应时间: -
发送次数: 1/1
发送指令帧: 01 06 00 17 00 A5 F9 B5
响应帧: 超时, 等待RTU响应超时
错误信息: 等待RTU响应超时
处理结果: 失败
============================= SH85SelfCheck 执行记录结束 =============================
[设备记录 6/80 END] QRCode=12006 轮次ID=20260602_164452_952
[设备记录 7/80 BEGIN] QRCode=12007 轮次ID=20260602_164452_952
============================= SH85SelfCheck 执行记录 =============================
任务名称: SH85SelfCheck
模式: 周期自检
轮次ID: 20260602_164452_952
设备: 12007
结果: 失败
结果码: StartCommandFailed
说明: 启动自检指令下发失败: 等待RTU响应超时
开始时间: 2026-06-02 16:44:52.952
结束时间: 2026-06-02 16:45:08.148
耗时: 15196 ms
----------------------------- 执行明细 -----------------------------
自检任务开始
总时长: 70 s
自检器启动成功
进入阶段: 阶段1 - 下发启动自检指令
指令下发明细: 完成
指令: StartSelfCheck
所属阶段: 阶段1 - 下发启动自检指令
发送时间: 2026-06-02 16:45:06.964
响应时间: -
发送次数: 1/1
发送指令帧: 01 06 00 17 00 A5 F9 B5
响应帧: 超时, 等待RTU响应超时
错误信息: 等待RTU响应超时
处理结果: 失败
============================= SH85SelfCheck 执行记录结束 =============================
[设备记录 7/80 END] QRCode=12007 轮次ID=20260602_164452_952
[设备记录 8/80 BEGIN] QRCode=12008 轮次ID=20260602_164452_952
============================= SH85SelfCheck 执行记录 =============================
任务名称: SH85SelfCheck
模式: 周期自检
轮次ID: 20260602_164452_952
设备: 12008
结果: 失败
结果码: StartCommandFailed
说明: 启动自检指令下发失败: 等待RTU响应超时
开始时间: 2026-06-02 16:44:52.952
结束时间: 2026-06-02 16:45:08.148
耗时: 15196 ms
----------------------------- 执行明细 -----------------------------
自检任务开始
总时长: 70 s
自检器启动成功
进入阶段: 阶段1 - 下发启动自检指令
指令下发明细: 完成
指令: StartSelfCheck
所属阶段: 阶段1 - 下发启动自检指令
发送时间: 2026-06-02 16:45:06.963
响应时间: -
发送次数: 1/1
发送指令帧: 01 06 00 17 00 A5 F9 B5
响应帧: 超时, 等待RTU响应超时
错误信息: 等待RTU响应超时
处理结果: 失败
============================= SH85SelfCheck 执行记录结束 =============================
[设备记录 8/80 END] QRCode=12008 轮次ID=20260602_164452_952
[设备记录 9/80 BEGIN] QRCode=12009 轮次ID=20260602_164452_952
============================= SH85SelfCheck 执行记录 =============================
任务名称: SH85SelfCheck
模式: 周期自检
轮次ID: 20260602_164452_952
设备: 12009
结果: 失败
结果码: StartCommandFailed
说明: 启动自检指令下发失败: 等待RTU响应超时
开始时间: 2026-06-02 16:44:52.952
结束时间: 2026-06-02 16:45:08.148
耗时: 15196 ms
----------------------------- 执行明细 -----------------------------
自检任务开始
总时长: 70 s
自检器启动成功
进入阶段: 阶段1 - 下发启动自检指令
指令下发明细: 完成
指令: StartSelfCheck
所属阶段: 阶段1 - 下发启动自检指令
发送时间: 2026-06-02 16:45:06.964
响应时间: -
发送次数: 1/1
发送指令帧: 01 06 00 17 00 A5 F9 B5
响应帧: 超时, 等待RTU响应超时
错误信息: 等待RTU响应超时
处理结果: 失败
============================= SH85SelfCheck 执行记录结束 =============================
[设备记录 9/80 END] QRCode=12009 轮次ID=20260602_164452_952
[设备记录 10/80 BEGIN] QRCode=12010 轮次ID=20260602_164452_952
============================= SH85SelfCheck 执行记录 =============================
任务名称: SH85SelfCheck
模式: 周期自检
轮次ID: 20260602_164452_952
设备: 12010
结果: 失败
结果码: StartCommandFailed
说明: 启动自检指令下发失败: 等待RTU响应超时
开始时间: 2026-06-02 16:44:52.952
结束时间: 2026-06-02 16:45:08.148
耗时: 15196 ms
----------------------------- 执行明细 -----------------------------
自检任务开始
总时长: 70 s
自检器启动成功
进入阶段: 阶段1 - 下发启动自检指令
指令下发明细: 完成
指令: StartSelfCheck
所属阶段: 阶段1 - 下发启动自检指令
发送时间: 2026-06-02 16:45:06.964
响应时间: -
发送次数: 1/1
发送指令帧: 01 06 00 17 00 A5 F9 B5
响应帧: 超时, 等待RTU响应超时
错误信息: 等待RTU响应超时
处理结果: 失败
============================= SH85SelfCheck 执行记录结束 =============================
[设备记录 10/80 END] QRCode=12010 轮次ID=20260602_164452_952
[设备记录 11/80 BEGIN] QRCode=12011 轮次ID=20260602_164452_952
============================= SH85SelfCheck 执行记录 =============================
任务名称: SH85SelfCheck
模式: 周期自检
轮次ID: 20260602_164452_952
设备: 12011
结果: 失败
结果码: StartCommandFailed
说明: 启动自检指令下发失败: 等待RTU响应超时
开始时间: 2026-06-02 16:44:52.952
结束时间: 2026-06-02 16:45:08.146
耗时: 15194 ms
----------------------------- 执行明细 -----------------------------
自检任务开始
总时长: 70 s
自检器启动成功
进入阶段: 阶段1 - 下发启动自检指令
指令下发明细: 完成
指令: StartSelfCheck
所属阶段: 阶段1 - 下发启动自检指令
发送时间: 2026-06-02 16:45:06.964
响应时间: -
发送次数: 1/1
发送指令帧: 01 06 00 17 00 A5 F9 B5
响应帧: 超时, 等待RTU响应超时
错误信息: 等待RTU响应超时
处理结果: 失败
============================= SH85SelfCheck 执行记录结束 =============================
[设备记录 11/80 END] QRCode=12011 轮次ID=20260602_164452_952
[设备记录 12/80 BEGIN] QRCode=12012 轮次ID=20260602_164452_952
============================= SH85SelfCheck 执行记录 =============================
任务名称: SH85SelfCheck
模式: 周期自检
轮次ID: 20260602_164452_952
设备: 12012
结果: 失败
结果码: StartCommandFailed
说明: 启动自检指令下发失败: 等待RTU响应超时
开始时间: 2026-06-02 16:44:52.952
结束时间: 2026-06-02 16:45:08.148
耗时: 15196 ms
----------------------------- 执行明细 -----------------------------
自检任务开始
总时长: 70 s
自检器启动成功
进入阶段: 阶段1 - 下发启动自检指令
指令下发明细: 完成
指令: StartSelfCheck
所属阶段: 阶段1 - 下发启动自检指令
发送时间: 2026-06-02 16:45:06.951
响应时间: -
发送次数: 1/1
发送指令帧: 01 06 00 17 00 A5 F9 B5
响应帧: 超时, 等待RTU响应超时
错误信息: 等待RTU响应超时
处理结果: 失败
============================= SH85SelfCheck 执行记录结束 =============================
[设备记录 12/80 END] QRCode=12012 轮次ID=20260602_164452_952
[设备记录 13/80 BEGIN] QRCode=12013 轮次ID=20260602_164452_952
============================= SH85SelfCheck 执行记录 =============================
任务名称: SH85SelfCheck
模式: 周期自检
轮次ID: 20260602_164452_952
设备: 12013
结果: 失败
结果码: StartCommandFailed
说明: 启动自检指令下发失败: 等待RTU响应超时
开始时间: 2026-06-02 16:44:52.952
结束时间: 2026-06-02 16:45:08.145
耗时: 15193 ms
----------------------------- 执行明细 -----------------------------
自检任务开始
总时长: 70 s
自检器启动成功
进入阶段: 阶段1 - 下发启动自检指令
指令下发明细: 完成
指令: StartSelfCheck
所属阶段: 阶段1 - 下发启动自检指令
发送时间: 2026-06-02 16:45:06.964
响应时间: -
发送次数: 1/1
发送指令帧: 01 06 00 17 00 A5 F9 B5
响应帧: 超时, 等待RTU响应超时
错误信息: 等待RTU响应超时
处理结果: 失败
============================= SH85SelfCheck 执行记录结束 =============================
[设备记录 13/80 END] QRCode=12013 轮次ID=20260602_164452_952
[设备记录 14/80 BEGIN] QRCode=12014 轮次ID=20260602_164452_952
============================= SH85SelfCheck 执行记录 =============================
任务名称: SH85SelfCheck
模式: 周期自检
轮次ID: 20260602_164452_952
设备: 12014
结果: 失败
结果码: StartCommandFailed
说明: 启动自检指令下发失败: 等待RTU响应超时
开始时间: 2026-06-02 16:44:52.952
结束时间: 2026-06-02 16:45:08.146
耗时: 15194 ms
----------------------------- 执行明细 -----------------------------
自检任务开始
总时长: 70 s
自检器启动成功
进入阶段: 阶段1 - 下发启动自检指令
指令下发明细: 完成
指令: StartSelfCheck
所属阶段: 阶段1 - 下发启动自检指令
发送时间: 2026-06-02 16:45:06.964
响应时间: -
发送次数: 1/1
发送指令帧: 01 06 00 17 00 A5 F9 B5
响应帧: 超时, 等待RTU响应超时
错误信息: 等待RTU响应超时
处理结果: 失败
============================= SH85SelfCheck 执行记录结束 =============================
[设备记录 14/80 END] QRCode=12014 轮次ID=20260602_164452_952
[设备记录 15/80 BEGIN] QRCode=12015 轮次ID=20260602_164452_952
============================= SH85SelfCheck 执行记录 =============================
任务名称: SH85SelfCheck
模式: 周期自检
轮次ID: 20260602_164452_952
设备: 12015
结果: 失败
结果码: StartCommandFailed
说明: 启动自检指令下发失败: 等待RTU响应超时
开始时间: 2026-06-02 16:44:52.952
结束时间: 2026-06-02 16:45:08.064
耗时: 15112 ms
----------------------------- 执行明细 -----------------------------
自检任务开始
总时长: 70 s
自检器启动成功
进入阶段: 阶段1 - 下发启动自检指令
指令下发明细: 完成
指令: StartSelfCheck
所属阶段: 阶段1 - 下发启动自检指令
发送时间: 2026-06-02 16:45:06.951
响应时间: -
发送次数: 1/1
发送指令帧: 01 06 00 17 00 A5 F9 B5
响应帧: 超时, 等待RTU响应超时
错误信息: 等待RTU响应超时
处理结果: 失败
============================= SH85SelfCheck 执行记录结束 =============================
[设备记录 15/80 END] QRCode=12015 轮次ID=20260602_164452_952
[设备记录 16/80 BEGIN] QRCode=12016 轮次ID=20260602_164452_952
============================= SH85SelfCheck 执行记录 =============================
任务名称: SH85SelfCheck
模式: 周期自检
轮次ID: 20260602_164452_952
设备: 12016
结果: 失败
结果码: StartCommandFailed
说明: 启动自检指令下发失败: 等待RTU响应超时
开始时间: 2026-06-02 16:44:52.952
结束时间: 2026-06-02 16:45:08.146
耗时: 15194 ms
----------------------------- 执行明细 -----------------------------
自检任务开始
总时长: 70 s
自检器启动成功
进入阶段: 阶段1 - 下发启动自检指令
指令下发明细: 完成
指令: StartSelfCheck
所属阶段: 阶段1 - 下发启动自检指令
发送时间: 2026-06-02 16:45:06.951
响应时间: -
发送次数: 1/1
发送指令帧: 01 06 00 17 00 A5 F9 B5
响应帧: 超时, 等待RTU响应超时
错误信息: 等待RTU响应超时
处理结果: 失败
============================= SH85SelfCheck 执行记录结束 =============================
[设备记录 16/80 END] QRCode=12016 轮次ID=20260602_164452_952
[设备记录 17/80 BEGIN] QRCode=12017 轮次ID=20260602_164452_952
============================= SH85SelfCheck 执行记录 =============================
任务名称: SH85SelfCheck
模式: 周期自检
轮次ID: 20260602_164452_952
设备: 12017
结果: 失败
结果码: StartCommandFailed
说明: 启动自检指令下发失败: 等待RTU响应超时
开始时间: 2026-06-02 16:44:52.952
结束时间: 2026-06-02 16:45:08.077
耗时: 15125 ms
----------------------------- 执行明细 -----------------------------
自检任务开始
总时长: 70 s
自检器启动成功
进入阶段: 阶段1 - 下发启动自检指令
指令下发明细: 完成
指令: StartSelfCheck
所属阶段: 阶段1 - 下发启动自检指令
发送时间: 2026-06-02 16:45:06.951
响应时间: -
发送次数: 1/1
发送指令帧: 01 06 00 17 00 A5 F9 B5
响应帧: 超时, 等待RTU响应超时
错误信息: 等待RTU响应超时
处理结果: 失败
============================= SH85SelfCheck 执行记录结束 =============================
[设备记录 17/80 END] QRCode=12017 轮次ID=20260602_164452_952
[设备记录 18/80 BEGIN] QRCode=12018 轮次ID=20260602_164452_952
============================= SH85SelfCheck 执行记录 =============================
任务名称: SH85SelfCheck
模式: 周期自检
轮次ID: 20260602_164452_952
设备: 12018
结果: 失败
结果码: StartCommandFailed
说明: 启动自检指令下发失败: 等待RTU响应超时
开始时间: 2026-06-02 16:44:52.952
结束时间: 2026-06-02 16:45:08.092
耗时: 15140 ms
----------------------------- 执行明细 -----------------------------
自检任务开始
总时长: 70 s
自检器启动成功
进入阶段: 阶段1 - 下发启动自检指令
指令下发明细: 完成
指令: StartSelfCheck
所属阶段: 阶段1 - 下发启动自检指令
发送时间: 2026-06-02 16:45:06.949
响应时间: -
发送次数: 1/1
发送指令帧: 01 06 00 17 00 A5 F9 B5
响应帧: 超时, 等待RTU响应超时
错误信息: 等待RTU响应超时
处理结果: 失败
============================= SH85SelfCheck 执行记录结束 =============================
[设备记录 18/80 END] QRCode=12018 轮次ID=20260602_164452_952
[设备记录 19/80 BEGIN] QRCode=12019 轮次ID=20260602_164452_952
============================= SH85SelfCheck 执行记录 =============================
任务名称: SH85SelfCheck
模式: 周期自检
轮次ID: 20260602_164452_952
设备: 12019
结果: 失败
结果码: StartCommandFailed
说明: 启动自检指令下发失败: 等待RTU响应超时
开始时间: 2026-06-02 16:44:52.952
结束时间: 2026-06-02 16:45:08.074
耗时: 15122 ms
----------------------------- 执行明细 -----------------------------
自检任务开始
总时长: 70 s
自检器启动成功
进入阶段: 阶段1 - 下发启动自检指令
指令下发明细: 完成
指令: StartSelfCheck
所属阶段: 阶段1 - 下发启动自检指令
发送时间: 2026-06-02 16:45:06.951
响应时间: -
发送次数: 1/1
发送指令帧: 01 06 00 17 00 A5 F9 B5
响应帧: 超时, 等待RTU响应超时
错误信息: 等待RTU响应超时
处理结果: 失败
============================= SH85SelfCheck 执行记录结束 =============================
[设备记录 19/80 END] QRCode=12019 轮次ID=20260602_164452_952
[设备记录 20/80 BEGIN] QRCode=12020 轮次ID=20260602_164452_952
============================= SH85SelfCheck 执行记录 =============================
任务名称: SH85SelfCheck
模式: 周期自检
轮次ID: 20260602_164452_952
设备: 12020
结果: 失败
结果码: StartCommandFailed
说明: 启动自检指令下发失败: 等待RTU响应超时
开始时间: 2026-06-02 16:44:52.952
结束时间: 2026-06-02 16:45:08.076
耗时: 15124 ms
----------------------------- 执行明细 -----------------------------
自检任务开始
总时长: 70 s
自检器启动成功
进入阶段: 阶段1 - 下发启动自检指令
指令下发明细: 完成
指令: StartSelfCheck
所属阶段: 阶段1 - 下发启动自检指令
发送时间: 2026-06-02 16:45:06.948
响应时间: -
发送次数: 1/1
发送指令帧: 01 06 00 17 00 A5 F9 B5
响应帧: 超时, 等待RTU响应超时
错误信息: 等待RTU响应超时
处理结果: 失败
============================= SH85SelfCheck 执行记录结束 =============================
[设备记录 20/80 END] QRCode=12020 轮次ID=20260602_164452_952
[设备记录 21/80 BEGIN] QRCode=12021 轮次ID=20260602_164452_952
============================= SH85SelfCheck 执行记录 =============================
任务名称: SH85SelfCheck
模式: 周期自检
轮次ID: 20260602_164452_952
设备: 12021
结果: 失败
结果码: StartCommandFailed
说明: 启动自检指令下发失败: 等待RTU响应超时
开始时间: 2026-06-02 16:44:52.952
结束时间: 2026-06-02 16:45:08.145
耗时: 15193 ms
----------------------------- 执行明细 -----------------------------
自检任务开始
总时长: 70 s
自检器启动成功
进入阶段: 阶段1 - 下发启动自检指令
指令下发明细: 完成
指令: StartSelfCheck
所属阶段: 阶段1 - 下发启动自检指令
发送时间: 2026-06-02 16:45:06.948
响应时间: -
发送次数: 1/1
发送指令帧: 01 06 00 17 00 A5 F9 B5
响应帧: 超时, 等待RTU响应超时
错误信息: 等待RTU响应超时
处理结果: 失败
============================= SH85SelfCheck 执行记录结束 =============================
[设备记录 21/80 END] QRCode=12021 轮次ID=20260602_164452_952
[设备记录 22/80 BEGIN] QRCode=12022 轮次ID=20260602_164452_952
============================= SH85SelfCheck 执行记录 =============================
任务名称: SH85SelfCheck
模式: 周期自检
轮次ID: 20260602_164452_952
设备: 12022
结果: 失败
结果码: StartCommandFailed
说明: 启动自检指令下发失败: 等待RTU响应超时
开始时间: 2026-06-02 16:44:52.952
结束时间: 2026-06-02 16:45:08.085
耗时: 15133 ms
----------------------------- 执行明细 -----------------------------
自检任务开始
总时长: 70 s
自检器启动成功
进入阶段: 阶段1 - 下发启动自检指令
指令下发明细: 完成
指令: StartSelfCheck
所属阶段: 阶段1 - 下发启动自检指令
发送时间: 2026-06-02 16:45:06.951
响应时间: -
发送次数: 1/1
发送指令帧: 01 06 00 17 00 A5 F9 B5
响应帧: 超时, 等待RTU响应超时
错误信息: 等待RTU响应超时
处理结果: 失败
============================= SH85SelfCheck 执行记录结束 =============================
[设备记录 22/80 END] QRCode=12022 轮次ID=20260602_164452_952
[设备记录 23/80 BEGIN] QRCode=12023 轮次ID=20260602_164452_952
============================= SH85SelfCheck 执行记录 =============================
任务名称: SH85SelfCheck
模式: 周期自检
轮次ID: 20260602_164452_952
设备: 12023
结果: 失败
结果码: StartCommandFailed
说明: 启动自检指令下发失败: 等待RTU响应超时
开始时间: 2026-06-02 16:44:52.952
结束时间: 2026-06-02 16:45:08.146
耗时: 15194 ms
----------------------------- 执行明细 -----------------------------
自检任务开始
总时长: 70 s
自检器启动成功
进入阶段: 阶段1 - 下发启动自检指令
指令下发明细: 完成
指令: StartSelfCheck
所属阶段: 阶段1 - 下发启动自检指令
发送时间: 2026-06-02 16:45:06.948
响应时间: -
发送次数: 1/1
发送指令帧: 01 06 00 17 00 A5 F9 B5
响应帧: 超时, 等待RTU响应超时
错误信息: 等待RTU响应超时
处理结果: 失败
============================= SH85SelfCheck 执行记录结束 =============================
[设备记录 23/80 END] QRCode=12023 轮次ID=20260602_164452_952
[设备记录 24/80 BEGIN] QRCode=12024 轮次ID=20260602_164452_952
============================= SH85SelfCheck 执行记录 =============================
任务名称: SH85SelfCheck
模式: 周期自检
轮次ID: 20260602_164452_952
设备: 12024
结果: 失败
结果码: StartCommandFailed
说明: 启动自检指令下发失败: 等待RTU响应超时
开始时间: 2026-06-02 16:44:52.952
结束时间: 2026-06-02 16:45:08.146
耗时: 15194 ms
----------------------------- 执行明细 -----------------------------
自检任务开始
总时长: 70 s
自检器启动成功
进入阶段: 阶段1 - 下发启动自检指令
指令下发明细: 完成
指令: StartSelfCheck
所属阶段: 阶段1 - 下发启动自检指令
发送时间: 2026-06-02 16:45:06.949
响应时间: -
发送次数: 1/1
发送指令帧: 01 06 00 17 00 A5 F9 B5
响应帧: 超时, 等待RTU响应超时
错误信息: 等待RTU响应超时
处理结果: 失败
============================= SH85SelfCheck 执行记录结束 =============================
[设备记录 24/80 END] QRCode=12024 轮次ID=20260602_164452_952
[设备记录 25/80 BEGIN] QRCode=12025 轮次ID=20260602_164452_952
============================= SH85SelfCheck 执行记录 =============================
任务名称: SH85SelfCheck
模式: 周期自检
轮次ID: 20260602_164452_952
设备: 12025
结果: 失败
结果码: StartCommandFailed
说明: 启动自检指令下发失败: 等待RTU响应超时
开始时间: 2026-06-02 16:44:52.952
结束时间: 2026-06-02 16:45:08.073
耗时: 15121 ms
----------------------------- 执行明细 -----------------------------
自检任务开始
总时长: 70 s
自检器启动成功
进入阶段: 阶段1 - 下发启动自检指令
指令下发明细: 完成
指令: StartSelfCheck
所属阶段: 阶段1 - 下发启动自检指令
发送时间: 2026-06-02 16:45:06.951
响应时间: -
发送次数: 1/1
发送指令帧: 01 06 00 17 00 A5 F9 B5
响应帧: 超时, 等待RTU响应超时
错误信息: 等待RTU响应超时
处理结果: 失败
============================= SH85SelfCheck 执行记录结束 =============================
[设备记录 25/80 END] QRCode=12025 轮次ID=20260602_164452_952
[设备记录 26/80 BEGIN] QRCode=12026 轮次ID=20260602_164452_952
============================= SH85SelfCheck 执行记录 =============================
任务名称: SH85SelfCheck
模式: 周期自检
轮次ID: 20260602_164452_952
设备: 12026
结果: 失败
结果码: StartCommandFailed
说明: 启动自检指令下发失败: 等待RTU响应超时
开始时间: 2026-06-02 16:44:52.952
结束时间: 2026-06-02 16:45:08.092
耗时: 15140 ms
----------------------------- 执行明细 -----------------------------
自检任务开始
总时长: 70 s
自检器启动成功
进入阶段: 阶段1 - 下发启动自检指令
指令下发明细: 完成
指令: StartSelfCheck
所属阶段: 阶段1 - 下发启动自检指令
发送时间: 2026-06-02 16:45:06.951
响应时间: -
发送次数: 1/1
发送指令帧: 01 06 00 17 00 A5 F9 B5
响应帧: 超时, 等待RTU响应超时
错误信息: 等待RTU响应超时
处理结果: 失败
============================= SH85SelfCheck 执行记录结束 =============================
[设备记录 26/80 END] QRCode=12026 轮次ID=20260602_164452_952
[设备记录 27/80 BEGIN] QRCode=12027 轮次ID=20260602_164452_952
============================= SH85SelfCheck 执行记录 =============================
任务名称: SH85SelfCheck
模式: 周期自检
轮次ID: 20260602_164452_952
设备: 12027
结果: 失败
结果码: StartCommandFailed
说明: 启动自检指令下发失败: 等待RTU响应超时
开始时间: 2026-06-02 16:44:52.952
结束时间: 2026-06-02 16:45:08.148
耗时: 15196 ms
----------------------------- 执行明细 -----------------------------
自检任务开始
总时长: 70 s
自检器启动成功
进入阶段: 阶段1 - 下发启动自检指令
指令下发明细: 完成
指令: StartSelfCheck
所属阶段: 阶段1 - 下发启动自检指令
发送时间: 2026-06-02 16:45:06.962
响应时间: -
发送次数: 1/1
发送指令帧: 01 06 00 17 00 A5 F9 B5
响应帧: 超时, 等待RTU响应超时
错误信息: 等待RTU响应超时
处理结果: 失败
============================= SH85SelfCheck 执行记录结束 =============================
[设备记录 27/80 END] QRCode=12027 轮次ID=20260602_164452_952
[设备记录 28/80 BEGIN] QRCode=12028 轮次ID=20260602_164452_952
============================= SH85SelfCheck 执行记录 =============================
任务名称: SH85SelfCheck
模式: 周期自检
轮次ID: 20260602_164452_952
设备: 12028
结果: 失败
结果码: StartCommandFailed
说明: 启动自检指令下发失败: 等待RTU响应超时
开始时间: 2026-06-02 16:44:52.952
结束时间: 2026-06-02 16:45:08.092
耗时: 15140 ms
----------------------------- 执行明细 -----------------------------
自检任务开始
总时长: 70 s
自检器启动成功
进入阶段: 阶段1 - 下发启动自检指令
指令下发明细: 完成
指令: StartSelfCheck
所属阶段: 阶段1 - 下发启动自检指令
发送时间: 2026-06-02 16:45:06.949
响应时间: -
发送次数: 1/1
发送指令帧: 01 06 00 17 00 A5 F9 B5
响应帧: 超时, 等待RTU响应超时
错误信息: 等待RTU响应超时
处理结果: 失败
============================= SH85SelfCheck 执行记录结束 =============================
[设备记录 28/80 END] QRCode=12028 轮次ID=20260602_164452_952
[设备记录 29/80 BEGIN] QRCode=12029 轮次ID=20260602_164452_952
============================= SH85SelfCheck 执行记录 =============================
任务名称: SH85SelfCheck
模式: 周期自检
轮次ID: 20260602_164452_952
设备: 12029
结果: 失败
结果码: StartCommandFailed
说明: 启动自检指令下发失败: 等待RTU响应超时
开始时间: 2026-06-02 16:44:52.952
结束时间: 2026-06-02 16:45:08.148
耗时: 15196 ms
----------------------------- 执行明细 -----------------------------
自检任务开始
总时长: 70 s
自检器启动成功
进入阶段: 阶段1 - 下发启动自检指令
指令下发明细: 完成
指令: StartSelfCheck
所属阶段: 阶段1 - 下发启动自检指令
发送时间: 2026-06-02 16:45:06.963
响应时间: -
发送次数: 1/1
发送指令帧: 01 06 00 17 00 A5 F9 B5
响应帧: 超时, 等待RTU响应超时
错误信息: 等待RTU响应超时
处理结果: 失败
============================= SH85SelfCheck 执行记录结束 =============================
[设备记录 29/80 END] QRCode=12029 轮次ID=20260602_164452_952
[设备记录 30/80 BEGIN] QRCode=12030 轮次ID=20260602_164452_952
============================= SH85SelfCheck 执行记录 =============================
任务名称: SH85SelfCheck
模式: 周期自检
轮次ID: 20260602_164452_952
设备: 12030
结果: 失败
结果码: StartCommandFailed
说明: 启动自检指令下发失败: 等待RTU响应超时
开始时间: 2026-06-02 16:44:52.952
结束时间: 2026-06-02 16:45:08.148
耗时: 15196 ms
----------------------------- 执行明细 -----------------------------
自检任务开始
总时长: 70 s
自检器启动成功
进入阶段: 阶段1 - 下发启动自检指令
指令下发明细: 完成
指令: StartSelfCheck
所属阶段: 阶段1 - 下发启动自检指令
发送时间: 2026-06-02 16:45:06.949
响应时间: -
发送次数: 1/1
发送指令帧: 01 06 00 17 00 A5 F9 B5
响应帧: 超时, 等待RTU响应超时
错误信息: 等待RTU响应超时
处理结果: 失败
============================= SH85SelfCheck 执行记录结束 =============================
[设备记录 30/80 END] QRCode=12030 轮次ID=20260602_164452_952
[设备记录 31/80 BEGIN] QRCode=12031 轮次ID=20260602_164452_952
============================= SH85SelfCheck 执行记录 =============================
任务名称: SH85SelfCheck
模式: 周期自检
轮次ID: 20260602_164452_952
设备: 12031
结果: 失败
结果码: StartCommandFailed
说明: 启动自检指令下发失败: 等待RTU响应超时
开始时间: 2026-06-02 16:44:52.952
结束时间: 2026-06-02 16:45:08.148
耗时: 15196 ms
----------------------------- 执行明细 -----------------------------
自检任务开始
总时长: 70 s
自检器启动成功
进入阶段: 阶段1 - 下发启动自检指令
指令下发明细: 完成
指令: StartSelfCheck
所属阶段: 阶段1 - 下发启动自检指令
发送时间: 2026-06-02 16:45:06.963
响应时间: -
发送次数: 1/1
发送指令帧: 01 06 00 17 00 A5 F9 B5
响应帧: 超时, 等待RTU响应超时
错误信息: 等待RTU响应超时
处理结果: 失败
============================= SH85SelfCheck 执行记录结束 =============================
[设备记录 31/80 END] QRCode=12031 轮次ID=20260602_164452_952
[设备记录 32/80 BEGIN] QRCode=12032 轮次ID=20260602_164452_952
============================= SH85SelfCheck 执行记录 =============================
任务名称: SH85SelfCheck
模式: 周期自检
轮次ID: 20260602_164452_952
设备: 12032
结果: 失败
结果码: StartCommandFailed
说明: 启动自检指令下发失败: 等待RTU响应超时
开始时间: 2026-06-02 16:44:52.952
结束时间: 2026-06-02 16:45:08.145
耗时: 15193 ms
----------------------------- 执行明细 -----------------------------
自检任务开始
总时长: 70 s
自检器启动成功
进入阶段: 阶段1 - 下发启动自检指令
指令下发明细: 完成
指令: StartSelfCheck
所属阶段: 阶段1 - 下发启动自检指令
发送时间: 2026-06-02 16:45:06.948
响应时间: -
发送次数: 1/1
发送指令帧: 01 06 00 17 00 A5 F9 B5
响应帧: 超时, 等待RTU响应超时
错误信息: 等待RTU响应超时
处理结果: 失败
============================= SH85SelfCheck 执行记录结束 =============================
[设备记录 32/80 END] QRCode=12032 轮次ID=20260602_164452_952
[设备记录 33/80 BEGIN] QRCode=12033 轮次ID=20260602_164452_952
============================= SH85SelfCheck 执行记录 =============================
任务名称: SH85SelfCheck
模式: 周期自检
轮次ID: 20260602_164452_952
设备: 12033
结果: 失败
结果码: StartCommandFailed
说明: 启动自检指令下发失败: 等待RTU响应超时
开始时间: 2026-06-02 16:44:52.952
结束时间: 2026-06-02 16:45:08.148
耗时: 15196 ms
----------------------------- 执行明细 -----------------------------
自检任务开始
总时长: 70 s
自检器启动成功
进入阶段: 阶段1 - 下发启动自检指令
指令下发明细: 完成
指令: StartSelfCheck
所属阶段: 阶段1 - 下发启动自检指令
发送时间: 2026-06-02 16:45:06.963
响应时间: -
发送次数: 1/1
发送指令帧: 01 06 00 17 00 A5 F9 B5
响应帧: 超时, 等待RTU响应超时
错误信息: 等待RTU响应超时
处理结果: 失败
============================= SH85SelfCheck 执行记录结束 =============================
[设备记录 33/80 END] QRCode=12033 轮次ID=20260602_164452_952
[设备记录 34/80 BEGIN] QRCode=12034 轮次ID=20260602_164452_952
============================= SH85SelfCheck 执行记录 =============================
任务名称: SH85SelfCheck
模式: 周期自检
轮次ID: 20260602_164452_952
设备: 12034
结果: 失败
结果码: StartCommandFailed
说明: 启动自检指令下发失败: 等待RTU响应超时
开始时间: 2026-06-02 16:44:52.952
结束时间: 2026-06-02 16:45:08.148
耗时: 15196 ms
----------------------------- 执行明细 -----------------------------
自检任务开始
总时长: 70 s
自检器启动成功
进入阶段: 阶段1 - 下发启动自检指令
指令下发明细: 完成
指令: StartSelfCheck
所属阶段: 阶段1 - 下发启动自检指令
发送时间: 2026-06-02 16:45:06.948
响应时间: -
发送次数: 1/1
发送指令帧: 01 06 00 17 00 A5 F9 B5
响应帧: 超时, 等待RTU响应超时
错误信息: 等待RTU响应超时
处理结果: 失败
============================= SH85SelfCheck 执行记录结束 =============================
[设备记录 34/80 END] QRCode=12034 轮次ID=20260602_164452_952
[设备记录 35/80 BEGIN] QRCode=12035 轮次ID=20260602_164452_952
============================= SH85SelfCheck 执行记录 =============================
任务名称: SH85SelfCheck
模式: 周期自检
轮次ID: 20260602_164452_952
设备: 12035
结果: 失败
结果码: StartCommandFailed
说明: 启动自检指令下发失败: 等待RTU响应超时
开始时间: 2026-06-02 16:44:52.952
结束时间: 2026-06-02 16:45:08.146
耗时: 15194 ms
----------------------------- 执行明细 -----------------------------
自检任务开始
总时长: 70 s
自检器启动成功
进入阶段: 阶段1 - 下发启动自检指令
指令下发明细: 完成
指令: StartSelfCheck
所属阶段: 阶段1 - 下发启动自检指令
发送时间: 2026-06-02 16:45:06.963
响应时间: -
发送次数: 1/1
发送指令帧: 01 06 00 17 00 A5 F9 B5
响应帧: 超时, 等待RTU响应超时
错误信息: 等待RTU响应超时
处理结果: 失败
============================= SH85SelfCheck 执行记录结束 =============================
[设备记录 35/80 END] QRCode=12035 轮次ID=20260602_164452_952
[设备记录 36/80 BEGIN] QRCode=12036 轮次ID=20260602_164452_952
============================= SH85SelfCheck 执行记录 =============================
任务名称: SH85SelfCheck
模式: 周期自检
轮次ID: 20260602_164452_952
设备: 12036
结果: 失败
结果码: StartCommandFailed
说明: 启动自检指令下发失败: 等待RTU响应超时
开始时间: 2026-06-02 16:44:52.952
结束时间: 2026-06-02 16:45:08.148
耗时: 15196 ms
----------------------------- 执行明细 -----------------------------
自检任务开始
总时长: 70 s
自检器启动成功
进入阶段: 阶段1 - 下发启动自检指令
指令下发明细: 完成
指令: StartSelfCheck
所属阶段: 阶段1 - 下发启动自检指令
发送时间: 2026-06-02 16:45:06.963
响应时间: -
发送次数: 1/1
发送指令帧: 01 06 00 17 00 A5 F9 B5
响应帧: 超时, 等待RTU响应超时
错误信息: 等待RTU响应超时
处理结果: 失败
============================= SH85SelfCheck 执行记录结束 =============================
[设备记录 36/80 END] QRCode=12036 轮次ID=20260602_164452_952
[设备记录 37/80 BEGIN] QRCode=12037 轮次ID=20260602_164452_952
============================= SH85SelfCheck 执行记录 =============================
任务名称: SH85SelfCheck
模式: 周期自检
轮次ID: 20260602_164452_952
设备: 12037
结果: 失败
结果码: StartCommandFailed
说明: 启动自检指令下发失败: 等待RTU响应超时
开始时间: 2026-06-02 16:44:52.952
结束时间: 2026-06-02 16:45:08.084
耗时: 15132 ms
----------------------------- 执行明细 -----------------------------
自检任务开始
总时长: 70 s
自检器启动成功
进入阶段: 阶段1 - 下发启动自检指令
指令下发明细: 完成
指令: StartSelfCheck
所属阶段: 阶段1 - 下发启动自检指令
发送时间: 2026-06-02 16:45:06.948
响应时间: -
发送次数: 1/1
发送指令帧: 01 06 00 17 00 A5 F9 B5
响应帧: 超时, 等待RTU响应超时
错误信息: 等待RTU响应超时
处理结果: 失败
============================= SH85SelfCheck 执行记录结束 =============================
[设备记录 37/80 END] QRCode=12037 轮次ID=20260602_164452_952
[设备记录 38/80 BEGIN] QRCode=12038 轮次ID=20260602_164452_952
============================= SH85SelfCheck 执行记录 =============================
任务名称: SH85SelfCheck
模式: 周期自检
轮次ID: 20260602_164452_952
设备: 12038
结果: 失败
结果码: StartCommandFailed
说明: 启动自检指令下发失败: 等待RTU响应超时
开始时间: 2026-06-02 16:44:52.952
结束时间: 2026-06-02 16:45:08.148
耗时: 15196 ms
----------------------------- 执行明细 -----------------------------
自检任务开始
总时长: 70 s
自检器启动成功
进入阶段: 阶段1 - 下发启动自检指令
指令下发明细: 完成
指令: StartSelfCheck
所属阶段: 阶段1 - 下发启动自检指令
发送时间: 2026-06-02 16:45:06.948
响应时间: -
发送次数: 1/1
发送指令帧: 01 06 00 17 00 A5 F9 B5
响应帧: 超时, 等待RTU响应超时
错误信息: 等待RTU响应超时
处理结果: 失败
============================= SH85SelfCheck 执行记录结束 =============================
[设备记录 38/80 END] QRCode=12038 轮次ID=20260602_164452_952
[设备记录 39/80 BEGIN] QRCode=12039 轮次ID=20260602_164452_952
============================= SH85SelfCheck 执行记录 =============================
任务名称: SH85SelfCheck
模式: 周期自检
轮次ID: 20260602_164452_952
设备: 12039
结果: 失败
结果码: StartCommandFailed
说明: 启动自检指令下发失败: 等待RTU响应超时
开始时间: 2026-06-02 16:44:52.952
结束时间: 2026-06-02 16:45:08.145
耗时: 15193 ms
----------------------------- 执行明细 -----------------------------
自检任务开始
总时长: 70 s
自检器启动成功
进入阶段: 阶段1 - 下发启动自检指令
指令下发明细: 完成
指令: StartSelfCheck
所属阶段: 阶段1 - 下发启动自检指令
发送时间: 2026-06-02 16:45:06.948
响应时间: -
发送次数: 1/1
发送指令帧: 01 06 00 17 00 A5 F9 B5
响应帧: 超时, 等待RTU响应超时
错误信息: 等待RTU响应超时
处理结果: 失败
============================= SH85SelfCheck 执行记录结束 =============================
[设备记录 39/80 END] QRCode=12039 轮次ID=20260602_164452_952
[设备记录 40/80 BEGIN] QRCode=12040 轮次ID=20260602_164452_952
============================= SH85SelfCheck 执行记录 =============================
任务名称: SH85SelfCheck
模式: 周期自检
轮次ID: 20260602_164452_952
设备: 12040
结果: 失败
结果码: StartCommandFailed
说明: 启动自检指令下发失败: 等待RTU响应超时
开始时间: 2026-06-02 16:44:52.952
结束时间: 2026-06-02 16:45:08.146
耗时: 15194 ms
----------------------------- 执行明细 -----------------------------
自检任务开始
总时长: 70 s
自检器启动成功
进入阶段: 阶段1 - 下发启动自检指令
指令下发明细: 完成
指令: StartSelfCheck
所属阶段: 阶段1 - 下发启动自检指令
发送时间: 2026-06-02 16:45:06.963
响应时间: -
发送次数: 1/1
发送指令帧: 01 06 00 17 00 A5 F9 B5
响应帧: 超时, 等待RTU响应超时
错误信息: 等待RTU响应超时
处理结果: 失败
============================= SH85SelfCheck 执行记录结束 =============================
[设备记录 40/80 END] QRCode=12040 轮次ID=20260602_164452_952
[设备记录 41/80 BEGIN] QRCode=12041 轮次ID=20260602_164452_952
============================= SH85SelfCheck 执行记录 =============================
任务名称: SH85SelfCheck
模式: 周期自检
轮次ID: 20260602_164452_952
设备: 12041
结果: 失败
结果码: StartCommandFailed
说明: 启动自检指令下发失败: 等待RTU响应超时
开始时间: 2026-06-02 16:44:52.952
结束时间: 2026-06-02 16:45:08.145
耗时: 15193 ms
----------------------------- 执行明细 -----------------------------
自检任务开始
总时长: 70 s
自检器启动成功
进入阶段: 阶段1 - 下发启动自检指令
指令下发明细: 完成
指令: StartSelfCheck
所属阶段: 阶段1 - 下发启动自检指令
发送时间: 2026-06-02 16:45:06.948
响应时间: -
发送次数: 1/1
发送指令帧: 01 06 00 17 00 A5 F9 B5
响应帧: 超时, 等待RTU响应超时
错误信息: 等待RTU响应超时
处理结果: 失败
============================= SH85SelfCheck 执行记录结束 =============================
[设备记录 41/80 END] QRCode=12041 轮次ID=20260602_164452_952
[设备记录 42/80 BEGIN] QRCode=12042 轮次ID=20260602_164452_952
============================= SH85SelfCheck 执行记录 =============================
任务名称: SH85SelfCheck
模式: 周期自检
轮次ID: 20260602_164452_952
设备: 12042
结果: 失败
结果码: StartCommandFailed
说明: 启动自检指令下发失败: 等待RTU响应超时
开始时间: 2026-06-02 16:44:52.952
结束时间: 2026-06-02 16:45:08.145
耗时: 15193 ms
----------------------------- 执行明细 -----------------------------
自检任务开始
总时长: 70 s
自检器启动成功
进入阶段: 阶段1 - 下发启动自检指令
指令下发明细: 完成
指令: StartSelfCheck
所属阶段: 阶段1 - 下发启动自检指令
发送时间: 2026-06-02 16:45:06.963
响应时间: -
发送次数: 1/1
发送指令帧: 01 06 00 17 00 A5 F9 B5
响应帧: 超时, 等待RTU响应超时
错误信息: 等待RTU响应超时
处理结果: 失败
============================= SH85SelfCheck 执行记录结束 =============================
[设备记录 42/80 END] QRCode=12042 轮次ID=20260602_164452_952
[设备记录 43/80 BEGIN] QRCode=12043 轮次ID=20260602_164452_952
============================= SH85SelfCheck 执行记录 =============================
任务名称: SH85SelfCheck
模式: 周期自检
轮次ID: 20260602_164452_952
设备: 12043
结果: 失败
结果码: StartCommandFailed
说明: 启动自检指令下发失败: 等待RTU响应超时
开始时间: 2026-06-02 16:44:52.952
结束时间: 2026-06-02 16:45:08.146
耗时: 15194 ms
----------------------------- 执行明细 -----------------------------
自检任务开始
总时长: 70 s
自检器启动成功
进入阶段: 阶段1 - 下发启动自检指令
指令下发明细: 完成
指令: StartSelfCheck
所属阶段: 阶段1 - 下发启动自检指令
发送时间: 2026-06-02 16:45:06.963
响应时间: -
发送次数: 1/1
发送指令帧: 01 06 00 17 00 A5 F9 B5
响应帧: 超时, 等待RTU响应超时
错误信息: 等待RTU响应超时
处理结果: 失败
============================= SH85SelfCheck 执行记录结束 =============================
[设备记录 43/80 END] QRCode=12043 轮次ID=20260602_164452_952
[设备记录 44/80 BEGIN] QRCode=12044 轮次ID=20260602_164452_952
============================= SH85SelfCheck 执行记录 =============================
任务名称: SH85SelfCheck
模式: 周期自检
轮次ID: 20260602_164452_952
设备: 12044
结果: 失败
结果码: StartCommandFailed
说明: 启动自检指令下发失败: 等待RTU响应超时
开始时间: 2026-06-02 16:44:52.952
结束时间: 2026-06-02 16:45:08.146
耗时: 15194 ms
----------------------------- 执行明细 -----------------------------
自检任务开始
总时长: 70 s
自检器启动成功
进入阶段: 阶段1 - 下发启动自检指令
指令下发明细: 完成
指令: StartSelfCheck
所属阶段: 阶段1 - 下发启动自检指令
发送时间: 2026-06-02 16:45:06.948
响应时间: -
发送次数: 1/1
发送指令帧: 01 06 00 17 00 A5 F9 B5
响应帧: 超时, 等待RTU响应超时
错误信息: 等待RTU响应超时
处理结果: 失败
============================= SH85SelfCheck 执行记录结束 =============================
[设备记录 44/80 END] QRCode=12044 轮次ID=20260602_164452_952
[设备记录 45/80 BEGIN] QRCode=12045 轮次ID=20260602_164452_952
============================= SH85SelfCheck 执行记录 =============================
任务名称: SH85SelfCheck
模式: 周期自检
轮次ID: 20260602_164452_952
设备: 12045
结果: 失败
结果码: StartCommandFailed
说明: 启动自检指令下发失败: 等待RTU响应超时
开始时间: 2026-06-02 16:44:52.952
结束时间: 2026-06-02 16:45:08.148
耗时: 15196 ms
----------------------------- 执行明细 -----------------------------
自检任务开始
总时长: 70 s
自检器启动成功
进入阶段: 阶段1 - 下发启动自检指令
指令下发明细: 完成
指令: StartSelfCheck
所属阶段: 阶段1 - 下发启动自检指令
发送时间: 2026-06-02 16:45:06.963
响应时间: -
发送次数: 1/1
发送指令帧: 01 06 00 17 00 A5 F9 B5
响应帧: 超时, 等待RTU响应超时
错误信息: 等待RTU响应超时
处理结果: 失败
============================= SH85SelfCheck 执行记录结束 =============================
[设备记录 45/80 END] QRCode=12045 轮次ID=20260602_164452_952
[设备记录 46/80 BEGIN] QRCode=12046 轮次ID=20260602_164452_952
============================= SH85SelfCheck 执行记录 =============================
任务名称: SH85SelfCheck
模式: 周期自检
轮次ID: 20260602_164452_952
设备: 12046
结果: 失败
结果码: StartCommandFailed
说明: 启动自检指令下发失败: 等待RTU响应超时
开始时间: 2026-06-02 16:44:52.952
结束时间: 2026-06-02 16:45:08.148
耗时: 15196 ms
----------------------------- 执行明细 -----------------------------
自检任务开始
总时长: 70 s
自检器启动成功
进入阶段: 阶段1 - 下发启动自检指令
指令下发明细: 完成
指令: StartSelfCheck
所属阶段: 阶段1 - 下发启动自检指令
发送时间: 2026-06-02 16:45:06.962
响应时间: -
发送次数: 1/1
发送指令帧: 01 06 00 17 00 A5 F9 B5
响应帧: 超时, 等待RTU响应超时
错误信息: 等待RTU响应超时
处理结果: 失败
============================= SH85SelfCheck 执行记录结束 =============================
[设备记录 46/80 END] QRCode=12046 轮次ID=20260602_164452_952
[设备记录 47/80 BEGIN] QRCode=12047 轮次ID=20260602_164452_952
============================= SH85SelfCheck 执行记录 =============================
任务名称: SH85SelfCheck
模式: 周期自检
轮次ID: 20260602_164452_952
设备: 12047
结果: 失败
结果码: StartCommandFailed
说明: 启动自检指令下发失败: 等待RTU响应超时
开始时间: 2026-06-02 16:44:52.952
结束时间: 2026-06-02 16:45:08.145
耗时: 15193 ms
----------------------------- 执行明细 -----------------------------
自检任务开始
总时长: 70 s
自检器启动成功
进入阶段: 阶段1 - 下发启动自检指令
指令下发明细: 完成
指令: StartSelfCheck
所属阶段: 阶段1 - 下发启动自检指令
发送时间: 2026-06-02 16:45:06.948
响应时间: -
发送次数: 1/1
发送指令帧: 01 06 00 17 00 A5 F9 B5
响应帧: 超时, 等待RTU响应超时
错误信息: 等待RTU响应超时
处理结果: 失败
============================= SH85SelfCheck 执行记录结束 =============================
[设备记录 47/80 END] QRCode=12047 轮次ID=20260602_164452_952
[设备记录 48/80 BEGIN] QRCode=12048 轮次ID=20260602_164452_952
============================= SH85SelfCheck 执行记录 =============================
任务名称: SH85SelfCheck
模式: 周期自检
轮次ID: 20260602_164452_952
设备: 12048
结果: 失败
结果码: StartCommandFailed
说明: 启动自检指令下发失败: 等待RTU响应超时
开始时间: 2026-06-02 16:44:52.952
结束时间: 2026-06-02 16:45:08.146
耗时: 15194 ms
----------------------------- 执行明细 -----------------------------
自检任务开始
总时长: 70 s
自检器启动成功
进入阶段: 阶段1 - 下发启动自检指令
指令下发明细: 完成
指令: StartSelfCheck
所属阶段: 阶段1 - 下发启动自检指令
发送时间: 2026-06-02 16:45:06.948
响应时间: -
发送次数: 1/1
发送指令帧: 01 06 00 17 00 A5 F9 B5
响应帧: 超时, 等待RTU响应超时
错误信息: 等待RTU响应超时
处理结果: 失败
============================= SH85SelfCheck 执行记录结束 =============================
[设备记录 48/80 END] QRCode=12048 轮次ID=20260602_164452_952
[设备记录 49/80 BEGIN] QRCode=12049 轮次ID=20260602_164452_952
============================= SH85SelfCheck 执行记录 =============================
任务名称: SH85SelfCheck
模式: 周期自检
轮次ID: 20260602_164452_952
设备: 12049
结果: 失败
结果码: StartCommandFailed
说明: 启动自检指令下发失败: 等待RTU响应超时
开始时间: 2026-06-02 16:44:52.952
结束时间: 2026-06-02 16:45:08.148
耗时: 15196 ms
----------------------------- 执行明细 -----------------------------
自检任务开始
总时长: 70 s
自检器启动成功
进入阶段: 阶段1 - 下发启动自检指令
指令下发明细: 完成
指令: StartSelfCheck
所属阶段: 阶段1 - 下发启动自检指令
发送时间: 2026-06-02 16:45:06.962
响应时间: -
发送次数: 1/1
发送指令帧: 01 06 00 17 00 A5 F9 B5
响应帧: 超时, 等待RTU响应超时
错误信息: 等待RTU响应超时
处理结果: 失败
============================= SH85SelfCheck 执行记录结束 =============================
[设备记录 49/80 END] QRCode=12049 轮次ID=20260602_164452_952
[设备记录 50/80 BEGIN] QRCode=12050 轮次ID=20260602_164452_952
============================= SH85SelfCheck 执行记录 =============================
任务名称: SH85SelfCheck
模式: 周期自检
轮次ID: 20260602_164452_952
设备: 12050
结果: 失败
结果码: StartCommandFailed
说明: 启动自检指令下发失败: 等待RTU响应超时
开始时间: 2026-06-02 16:44:52.952
结束时间: 2026-06-02 16:45:07.926
耗时: 14974 ms
----------------------------- 执行明细 -----------------------------
自检任务开始
总时长: 70 s
自检器启动成功
进入阶段: 阶段1 - 下发启动自检指令
指令下发明细: 完成
指令: StartSelfCheck
所属阶段: 阶段1 - 下发启动自检指令
发送时间: 2026-06-02 16:45:06.916
响应时间: -
发送次数: 1/1
发送指令帧: 01 06 00 17 00 A5 F9 B5
响应帧: 超时, 等待RTU响应超时
错误信息: 等待RTU响应超时
处理结果: 失败
============================= SH85SelfCheck 执行记录结束 =============================
[设备记录 50/80 END] QRCode=12050 轮次ID=20260602_164452_952
[设备记录 51/80 BEGIN] QRCode=12051 轮次ID=20260602_164452_952
============================= SH85SelfCheck 执行记录 =============================
任务名称: SH85SelfCheck
模式: 周期自检
轮次ID: 20260602_164452_952
设备: 12051
结果: 失败
结果码: StartCommandFailed
说明: 启动自检指令下发失败: 等待RTU响应超时
开始时间: 2026-06-02 16:44:52.952
结束时间: 2026-06-02 16:45:08.073
耗时: 15121 ms
----------------------------- 执行明细 -----------------------------
自检任务开始
总时长: 70 s
自检器启动成功
进入阶段: 阶段1 - 下发启动自检指令
指令下发明细: 完成
指令: StartSelfCheck
所属阶段: 阶段1 - 下发启动自检指令
发送时间: 2026-06-02 16:45:06.949
响应时间: -
发送次数: 1/1
发送指令帧: 01 06 00 17 00 A5 F9 B5
响应帧: 超时, 等待RTU响应超时
错误信息: 等待RTU响应超时
处理结果: 失败
============================= SH85SelfCheck 执行记录结束 =============================
[设备记录 51/80 END] QRCode=12051 轮次ID=20260602_164452_952
[设备记录 52/80 BEGIN] QRCode=12052 轮次ID=20260602_164452_952
============================= SH85SelfCheck 执行记录 =============================
任务名称: SH85SelfCheck
模式: 周期自检
轮次ID: 20260602_164452_952
设备: 12052
结果: 失败
结果码: StartCommandFailed
说明: 启动自检指令下发失败: 等待RTU响应超时
开始时间: 2026-06-02 16:44:52.952
结束时间: 2026-06-02 16:45:08.148
耗时: 15196 ms
----------------------------- 执行明细 -----------------------------
自检任务开始
总时长: 70 s
自检器启动成功
进入阶段: 阶段1 - 下发启动自检指令
指令下发明细: 完成
指令: StartSelfCheck
所属阶段: 阶段1 - 下发启动自检指令
发送时间: 2026-06-02 16:45:06.948
响应时间: -
发送次数: 1/1
发送指令帧: 01 06 00 17 00 A5 F9 B5
响应帧: 超时, 等待RTU响应超时
错误信息: 等待RTU响应超时
处理结果: 失败
============================= SH85SelfCheck 执行记录结束 =============================
[设备记录 52/80 END] QRCode=12052 轮次ID=20260602_164452_952
[设备记录 53/80 BEGIN] QRCode=12053 轮次ID=20260602_164452_952
============================= SH85SelfCheck 执行记录 =============================
任务名称: SH85SelfCheck
模式: 周期自检
轮次ID: 20260602_164452_952
设备: 12053
结果: 失败
结果码: StartCommandFailed
说明: 启动自检指令下发失败: 等待RTU响应超时
开始时间: 2026-06-02 16:44:52.952
结束时间: 2026-06-02 16:45:08.146
耗时: 15194 ms
----------------------------- 执行明细 -----------------------------
自检任务开始
总时长: 70 s
自检器启动成功
进入阶段: 阶段1 - 下发启动自检指令
指令下发明细: 完成
指令: StartSelfCheck
所属阶段: 阶段1 - 下发启动自检指令
发送时间: 2026-06-02 16:45:06.949
响应时间: -
发送次数: 1/1
发送指令帧: 01 06 00 17 00 A5 F9 B5
响应帧: 超时, 等待RTU响应超时
错误信息: 等待RTU响应超时
处理结果: 失败
============================= SH85SelfCheck 执行记录结束 =============================
[设备记录 53/80 END] QRCode=12053 轮次ID=20260602_164452_952
[设备记录 54/80 BEGIN] QRCode=12054 轮次ID=20260602_164452_952
============================= SH85SelfCheck 执行记录 =============================
任务名称: SH85SelfCheck
模式: 周期自检
轮次ID: 20260602_164452_952
设备: 12054
结果: 失败
结果码: StartCommandFailed
说明: 启动自检指令下发失败: 等待RTU响应超时
开始时间: 2026-06-02 16:44:52.952
结束时间: 2026-06-02 16:45:08.148
耗时: 15196 ms
----------------------------- 执行明细 -----------------------------
自检任务开始
总时长: 70 s
自检器启动成功
进入阶段: 阶段1 - 下发启动自检指令
指令下发明细: 完成
指令: StartSelfCheck
所属阶段: 阶段1 - 下发启动自检指令
发送时间: 2026-06-02 16:45:06.963
响应时间: -
发送次数: 1/1
发送指令帧: 01 06 00 17 00 A5 F9 B5
响应帧: 超时, 等待RTU响应超时
错误信息: 等待RTU响应超时
处理结果: 失败
============================= SH85SelfCheck 执行记录结束 =============================
[设备记录 54/80 END] QRCode=12054 轮次ID=20260602_164452_952
[设备记录 55/80 BEGIN] QRCode=12055 轮次ID=20260602_164452_952
============================= SH85SelfCheck 执行记录 =============================
任务名称: SH85SelfCheck
模式: 周期自检
轮次ID: 20260602_164452_952
设备: 12055
结果: 失败
结果码: StartCommandFailed
说明: 启动自检指令下发失败: 等待RTU响应超时
开始时间: 2026-06-02 16:44:52.952
结束时间: 2026-06-02 16:45:08.144
耗时: 15192 ms
----------------------------- 执行明细 -----------------------------
自检任务开始
总时长: 70 s
自检器启动成功
进入阶段: 阶段1 - 下发启动自检指令
指令下发明细: 完成
指令: StartSelfCheck
所属阶段: 阶段1 - 下发启动自检指令
发送时间: 2026-06-02 16:45:06.949
响应时间: -
发送次数: 1/1
发送指令帧: 01 06 00 17 00 A5 F9 B5
响应帧: 超时, 等待RTU响应超时
错误信息: 等待RTU响应超时
处理结果: 失败
============================= SH85SelfCheck 执行记录结束 =============================
[设备记录 55/80 END] QRCode=12055 轮次ID=20260602_164452_952
[设备记录 56/80 BEGIN] QRCode=12056 轮次ID=20260602_164452_952
============================= SH85SelfCheck 执行记录 =============================
任务名称: SH85SelfCheck
模式: 周期自检
轮次ID: 20260602_164452_952
设备: 12056
结果: 失败
结果码: StartCommandFailed
说明: 启动自检指令下发失败: 等待RTU响应超时
开始时间: 2026-06-02 16:44:52.952
结束时间: 2026-06-02 16:45:08.148
耗时: 15196 ms
----------------------------- 执行明细 -----------------------------
自检任务开始
总时长: 70 s
自检器启动成功
进入阶段: 阶段1 - 下发启动自检指令
指令下发明细: 完成
指令: StartSelfCheck
所属阶段: 阶段1 - 下发启动自检指令
发送时间: 2026-06-02 16:45:06.963
响应时间: -
发送次数: 1/1
发送指令帧: 01 06 00 17 00 A5 F9 B5
响应帧: 超时, 等待RTU响应超时
错误信息: 等待RTU响应超时
处理结果: 失败
============================= SH85SelfCheck 执行记录结束 =============================
[设备记录 56/80 END] QRCode=12056 轮次ID=20260602_164452_952
[设备记录 57/80 BEGIN] QRCode=12057 轮次ID=20260602_164452_952
============================= SH85SelfCheck 执行记录 =============================
任务名称: SH85SelfCheck
模式: 周期自检
轮次ID: 20260602_164452_952
设备: 12057
结果: 失败
结果码: StartCommandFailed
说明: 启动自检指令下发失败: 等待RTU响应超时
开始时间: 2026-06-02 16:44:52.952
结束时间: 2026-06-02 16:45:08.073
耗时: 15121 ms
----------------------------- 执行明细 -----------------------------
自检任务开始
总时长: 70 s
自检器启动成功
进入阶段: 阶段1 - 下发启动自检指令
指令下发明细: 完成
指令: StartSelfCheck
所属阶段: 阶段1 - 下发启动自检指令
发送时间: 2026-06-02 16:45:06.948
响应时间: -
发送次数: 1/1
发送指令帧: 01 06 00 17 00 A5 F9 B5
响应帧: 超时, 等待RTU响应超时
错误信息: 等待RTU响应超时
处理结果: 失败
============================= SH85SelfCheck 执行记录结束 =============================
[设备记录 57/80 END] QRCode=12057 轮次ID=20260602_164452_952
[设备记录 58/80 BEGIN] QRCode=12058 轮次ID=20260602_164452_952
============================= SH85SelfCheck 执行记录 =============================
任务名称: SH85SelfCheck
模式: 周期自检
轮次ID: 20260602_164452_952
设备: 12058
结果: 失败
结果码: StartCommandFailed
说明: 启动自检指令下发失败: 等待RTU响应超时
开始时间: 2026-06-02 16:44:52.952
结束时间: 2026-06-02 16:45:08.145
耗时: 15193 ms
----------------------------- 执行明细 -----------------------------
自检任务开始
总时长: 70 s
自检器启动成功
进入阶段: 阶段1 - 下发启动自检指令
指令下发明细: 完成
指令: StartSelfCheck
所属阶段: 阶段1 - 下发启动自检指令
发送时间: 2026-06-02 16:45:06.948
响应时间: -
发送次数: 1/1
发送指令帧: 01 06 00 17 00 A5 F9 B5
响应帧: 超时, 等待RTU响应超时
错误信息: 等待RTU响应超时
处理结果: 失败
============================= SH85SelfCheck 执行记录结束 =============================
[设备记录 58/80 END] QRCode=12058 轮次ID=20260602_164452_952
[设备记录 59/80 BEGIN] QRCode=12059 轮次ID=20260602_164452_952
============================= SH85SelfCheck 执行记录 =============================
任务名称: SH85SelfCheck
模式: 周期自检
轮次ID: 20260602_164452_952
设备: 12059
结果: 失败
结果码: StartCommandFailed
说明: 启动自检指令下发失败: 等待RTU响应超时
开始时间: 2026-06-02 16:44:52.952
结束时间: 2026-06-02 16:45:08.001
耗时: 15049 ms
----------------------------- 执行明细 -----------------------------
自检任务开始
总时长: 70 s
自检器启动成功
进入阶段: 阶段1 - 下发启动自检指令
指令下发明细: 完成
指令: StartSelfCheck
所属阶段: 阶段1 - 下发启动自检指令
发送时间: 2026-06-02 16:45:06.955
响应时间: -
发送次数: 1/1
发送指令帧: 01 06 00 17 00 A5 F9 B5
响应帧: 超时, 等待RTU响应超时
错误信息: 等待RTU响应超时
处理结果: 失败
============================= SH85SelfCheck 执行记录结束 =============================
[设备记录 59/80 END] QRCode=12059 轮次ID=20260602_164452_952
[设备记录 60/80 BEGIN] QRCode=12060 轮次ID=20260602_164452_952
============================= SH85SelfCheck 执行记录 =============================
任务名称: SH85SelfCheck
模式: 周期自检
轮次ID: 20260602_164452_952
设备: 12060
结果: 失败
结果码: StartCommandFailed
说明: 启动自检指令下发失败: 等待RTU响应超时
开始时间: 2026-06-02 16:44:52.952
结束时间: 2026-06-02 16:45:08.092
耗时: 15140 ms
----------------------------- 执行明细 -----------------------------
自检任务开始
总时长: 70 s
自检器启动成功
进入阶段: 阶段1 - 下发启动自检指令
指令下发明细: 完成
指令: StartSelfCheck
所属阶段: 阶段1 - 下发启动自检指令
发送时间: 2026-06-02 16:45:06.955
响应时间: -
发送次数: 1/1
发送指令帧: 01 06 00 17 00 A5 F9 B5
响应帧: 超时, 等待RTU响应超时
错误信息: 等待RTU响应超时
处理结果: 失败
============================= SH85SelfCheck 执行记录结束 =============================
[设备记录 60/80 END] QRCode=12060 轮次ID=20260602_164452_952
[设备记录 61/80 BEGIN] QRCode=12061 轮次ID=20260602_164452_952
============================= SH85SelfCheck 执行记录 =============================
任务名称: SH85SelfCheck
模式: 周期自检
轮次ID: 20260602_164452_952
设备: 12061
结果: 失败
结果码: StartCommandFailed
说明: 启动自检指令下发失败: 等待RTU响应超时
开始时间: 2026-06-02 16:44:52.952
结束时间: 2026-06-02 16:45:08.064
耗时: 15112 ms
----------------------------- 执行明细 -----------------------------
自检任务开始
总时长: 70 s
自检器启动成功
进入阶段: 阶段1 - 下发启动自检指令
指令下发明细: 完成
指令: StartSelfCheck
所属阶段: 阶段1 - 下发启动自检指令
发送时间: 2026-06-02 16:45:06.955
响应时间: -
发送次数: 1/1
发送指令帧: 01 06 00 17 00 A5 F9 B5
响应帧: 超时, 等待RTU响应超时
错误信息: 等待RTU响应超时
处理结果: 失败
============================= SH85SelfCheck 执行记录结束 =============================
[设备记录 61/80 END] QRCode=12061 轮次ID=20260602_164452_952
[设备记录 62/80 BEGIN] QRCode=12062 轮次ID=20260602_164452_952
============================= SH85SelfCheck 执行记录 =============================
任务名称: SH85SelfCheck
模式: 周期自检
轮次ID: 20260602_164452_952
设备: 12062
结果: 失败
结果码: StartCommandFailed
说明: 启动自检指令下发失败: 等待RTU响应超时
开始时间: 2026-06-02 16:44:52.952
结束时间: 2026-06-02 16:45:08.064
耗时: 15112 ms
----------------------------- 执行明细 -----------------------------
自检任务开始
总时长: 70 s
自检器启动成功
进入阶段: 阶段1 - 下发启动自检指令
指令下发明细: 完成
指令: StartSelfCheck
所属阶段: 阶段1 - 下发启动自检指令
发送时间: 2026-06-02 16:45:06.953
响应时间: -
发送次数: 1/1
发送指令帧: 01 06 00 17 00 A5 F9 B5
响应帧: 超时, 等待RTU响应超时
错误信息: 等待RTU响应超时
处理结果: 失败
============================= SH85SelfCheck 执行记录结束 =============================
[设备记录 62/80 END] QRCode=12062 轮次ID=20260602_164452_952
[设备记录 63/80 BEGIN] QRCode=12063 轮次ID=20260602_164452_952
============================= SH85SelfCheck 执行记录 =============================
任务名称: SH85SelfCheck
模式: 周期自检
轮次ID: 20260602_164452_952
设备: 12063
结果: 失败
结果码: StartCommandFailed
说明: 启动自检指令下发失败: 等待RTU响应超时
开始时间: 2026-06-02 16:44:52.952
结束时间: 2026-06-02 16:45:08.041
耗时: 15089 ms
----------------------------- 执行明细 -----------------------------
自检任务开始
总时长: 70 s
自检器启动成功
进入阶段: 阶段1 - 下发启动自检指令
指令下发明细: 完成
指令: StartSelfCheck
所属阶段: 阶段1 - 下发启动自检指令
发送时间: 2026-06-02 16:45:06.955
响应时间: -
发送次数: 1/1
发送指令帧: 01 06 00 17 00 A5 F9 B5
响应帧: 超时, 等待RTU响应超时
错误信息: 等待RTU响应超时
处理结果: 失败
============================= SH85SelfCheck 执行记录结束 =============================
[设备记录 63/80 END] QRCode=12063 轮次ID=20260602_164452_952
[设备记录 64/80 BEGIN] QRCode=12064 轮次ID=20260602_164452_952
============================= SH85SelfCheck 执行记录 =============================
任务名称: SH85SelfCheck
模式: 周期自检
轮次ID: 20260602_164452_952
设备: 12064
结果: 失败
结果码: StartCommandFailed
说明: 启动自检指令下发失败: 等待RTU响应超时
开始时间: 2026-06-02 16:44:52.952
结束时间: 2026-06-02 16:45:08.058
耗时: 15106 ms
----------------------------- 执行明细 -----------------------------
自检任务开始
总时长: 70 s
自检器启动成功
进入阶段: 阶段1 - 下发启动自检指令
指令下发明细: 完成
指令: StartSelfCheck
所属阶段: 阶段1 - 下发启动自检指令
发送时间: 2026-06-02 16:45:06.951
响应时间: -
发送次数: 1/1
发送指令帧: 01 06 00 17 00 A5 F9 B5
响应帧: 超时, 等待RTU响应超时
错误信息: 等待RTU响应超时
处理结果: 失败
============================= SH85SelfCheck 执行记录结束 =============================
[设备记录 64/80 END] QRCode=12064 轮次ID=20260602_164452_952
[设备记录 65/80 BEGIN] QRCode=12065 轮次ID=20260602_164452_952
============================= SH85SelfCheck 执行记录 =============================
任务名称: SH85SelfCheck
模式: 周期自检
轮次ID: 20260602_164452_952
设备: 12065
结果: 失败
结果码: StartCommandFailed
说明: 启动自检指令下发失败: 等待RTU响应超时
开始时间: 2026-06-02 16:44:52.952
结束时间: 2026-06-02 16:45:08.084
耗时: 15132 ms
----------------------------- 执行明细 -----------------------------
自检任务开始
总时长: 70 s
自检器启动成功
进入阶段: 阶段1 - 下发启动自检指令
指令下发明细: 完成
指令: StartSelfCheck
所属阶段: 阶段1 - 下发启动自检指令
发送时间: 2026-06-02 16:45:06.951
响应时间: -
发送次数: 1/1
发送指令帧: 01 06 00 17 00 A5 F9 B5
响应帧: 超时, 等待RTU响应超时
错误信息: 等待RTU响应超时
处理结果: 失败
============================= SH85SelfCheck 执行记录结束 =============================
[设备记录 65/80 END] QRCode=12065 轮次ID=20260602_164452_952
[设备记录 66/80 BEGIN] QRCode=12066 轮次ID=20260602_164452_952
============================= SH85SelfCheck 执行记录 =============================
任务名称: SH85SelfCheck
模式: 周期自检
轮次ID: 20260602_164452_952
设备: 12066
结果: 失败
结果码: StartCommandFailed
说明: 启动自检指令下发失败: 等待RTU响应超时
开始时间: 2026-06-02 16:44:52.952
结束时间: 2026-06-02 16:45:08.064
耗时: 15112 ms
----------------------------- 执行明细 -----------------------------
自检任务开始
总时长: 70 s
自检器启动成功
进入阶段: 阶段1 - 下发启动自检指令
指令下发明细: 完成
指令: StartSelfCheck
所属阶段: 阶段1 - 下发启动自检指令
发送时间: 2026-06-02 16:45:06.955
响应时间: -
发送次数: 1/1
发送指令帧: 01 06 00 17 00 A5 F9 B5
响应帧: 超时, 等待RTU响应超时
错误信息: 等待RTU响应超时
处理结果: 失败
============================= SH85SelfCheck 执行记录结束 =============================
[设备记录 66/80 END] QRCode=12066 轮次ID=20260602_164452_952
[设备记录 67/80 BEGIN] QRCode=12067 轮次ID=20260602_164452_952
============================= SH85SelfCheck 执行记录 =============================
任务名称: SH85SelfCheck
模式: 周期自检
轮次ID: 20260602_164452_952
设备: 12067
结果: 失败
结果码: StartCommandFailed
说明: 启动自检指令下发失败: 等待RTU响应超时
开始时间: 2026-06-02 16:44:52.952
结束时间: 2026-06-02 16:45:08.144
耗时: 15192 ms
----------------------------- 执行明细 -----------------------------
自检任务开始
总时长: 70 s
自检器启动成功
进入阶段: 阶段1 - 下发启动自检指令
指令下发明细: 完成
指令: StartSelfCheck
所属阶段: 阶段1 - 下发启动自检指令
发送时间: 2026-06-02 16:45:06.951
响应时间: -
发送次数: 1/1
发送指令帧: 01 06 00 17 00 A5 F9 B5
响应帧: 超时, 等待RTU响应超时
错误信息: 等待RTU响应超时
处理结果: 失败
============================= SH85SelfCheck 执行记录结束 =============================
[设备记录 67/80 END] QRCode=12067 轮次ID=20260602_164452_952
[设备记录 68/80 BEGIN] QRCode=12068 轮次ID=20260602_164452_952
============================= SH85SelfCheck 执行记录 =============================
任务名称: SH85SelfCheck
模式: 周期自检
轮次ID: 20260602_164452_952
设备: 12068
结果: 失败
结果码: StartCommandFailed
说明: 启动自检指令下发失败: 等待RTU响应超时
开始时间: 2026-06-02 16:44:52.952
结束时间: 2026-06-02 16:45:08.145
耗时: 15193 ms
----------------------------- 执行明细 -----------------------------
自检任务开始
总时长: 70 s
自检器启动成功
进入阶段: 阶段1 - 下发启动自检指令
指令下发明细: 完成
指令: StartSelfCheck
所属阶段: 阶段1 - 下发启动自检指令
发送时间: 2026-06-02 16:45:06.953
响应时间: -
发送次数: 1/1
发送指令帧: 01 06 00 17 00 A5 F9 B5
响应帧: 超时, 等待RTU响应超时
错误信息: 等待RTU响应超时
处理结果: 失败
============================= SH85SelfCheck 执行记录结束 =============================
[设备记录 68/80 END] QRCode=12068 轮次ID=20260602_164452_952
[设备记录 69/80 BEGIN] QRCode=12069 轮次ID=20260602_164452_952
============================= SH85SelfCheck 执行记录 =============================
任务名称: SH85SelfCheck
模式: 周期自检
轮次ID: 20260602_164452_952
设备: 12069
结果: 失败
结果码: StartCommandFailed
说明: 启动自检指令下发失败: 等待RTU响应超时
开始时间: 2026-06-02 16:44:52.952
结束时间: 2026-06-02 16:45:08.038
耗时: 15086 ms
----------------------------- 执行明细 -----------------------------
自检任务开始
总时长: 70 s
自检器启动成功
进入阶段: 阶段1 - 下发启动自检指令
指令下发明细: 完成
指令: StartSelfCheck
所属阶段: 阶段1 - 下发启动自检指令
发送时间: 2026-06-02 16:45:06.955
响应时间: -
发送次数: 1/1
发送指令帧: 01 06 00 17 00 A5 F9 B5
响应帧: 超时, 等待RTU响应超时
错误信息: 等待RTU响应超时
处理结果: 失败
============================= SH85SelfCheck 执行记录结束 =============================
[设备记录 69/80 END] QRCode=12069 轮次ID=20260602_164452_952
[设备记录 70/80 BEGIN] QRCode=12070 轮次ID=20260602_164452_952
============================= SH85SelfCheck 执行记录 =============================
任务名称: SH85SelfCheck
模式: 周期自检
轮次ID: 20260602_164452_952
设备: 12070
结果: 失败
结果码: StartCommandFailed
说明: 启动自检指令下发失败: 等待RTU响应超时
开始时间: 2026-06-02 16:44:52.952
结束时间: 2026-06-02 16:45:08.068
耗时: 15116 ms
----------------------------- 执行明细 -----------------------------
自检任务开始
总时长: 70 s
自检器启动成功
进入阶段: 阶段1 - 下发启动自检指令
指令下发明细: 完成
指令: StartSelfCheck
所属阶段: 阶段1 - 下发启动自检指令
发送时间: 2026-06-02 16:45:06.955
响应时间: -
发送次数: 1/1
发送指令帧: 01 06 00 17 00 A5 F9 B5
响应帧: 超时, 等待RTU响应超时
错误信息: 等待RTU响应超时
处理结果: 失败
============================= SH85SelfCheck 执行记录结束 =============================
[设备记录 70/80 END] QRCode=12070 轮次ID=20260602_164452_952
[设备记录 71/80 BEGIN] QRCode=12071 轮次ID=20260602_164452_952
============================= SH85SelfCheck 执行记录 =============================
任务名称: SH85SelfCheck
模式: 周期自检
轮次ID: 20260602_164452_952
设备: 12071
结果: 失败
结果码: StartCommandFailed
说明: 启动自检指令下发失败: 等待RTU响应超时
开始时间: 2026-06-02 16:44:52.952
结束时间: 2026-06-02 16:45:08.145
耗时: 15193 ms
----------------------------- 执行明细 -----------------------------
自检任务开始
总时长: 70 s
自检器启动成功
进入阶段: 阶段1 - 下发启动自检指令
指令下发明细: 完成
指令: StartSelfCheck
所属阶段: 阶段1 - 下发启动自检指令
发送时间: 2026-06-02 16:45:06.953
响应时间: -
发送次数: 1/1
发送指令帧: 01 06 00 17 00 A5 F9 B5
响应帧: 超时, 等待RTU响应超时
错误信息: 等待RTU响应超时
处理结果: 失败
============================= SH85SelfCheck 执行记录结束 =============================
[设备记录 71/80 END] QRCode=12071 轮次ID=20260602_164452_952
[设备记录 72/80 BEGIN] QRCode=12072 轮次ID=20260602_164452_952
============================= SH85SelfCheck 执行记录 =============================
任务名称: SH85SelfCheck
模式: 周期自检
轮次ID: 20260602_164452_952
设备: 12072
结果: 失败
结果码: StartCommandFailed
说明: 启动自检指令下发失败: 等待RTU响应超时
开始时间: 2026-06-02 16:44:52.952
结束时间: 2026-06-02 16:45:08.065
耗时: 15113 ms
----------------------------- 执行明细 -----------------------------
自检任务开始
总时长: 70 s
自检器启动成功
进入阶段: 阶段1 - 下发启动自检指令
指令下发明细: 完成
指令: StartSelfCheck
所属阶段: 阶段1 - 下发启动自检指令
发送时间: 2026-06-02 16:45:06.953
响应时间: -
发送次数: 1/1
发送指令帧: 01 06 00 17 00 A5 F9 B5
响应帧: 超时, 等待RTU响应超时
错误信息: 等待RTU响应超时
处理结果: 失败
============================= SH85SelfCheck 执行记录结束 =============================
[设备记录 72/80 END] QRCode=12072 轮次ID=20260602_164452_952
[设备记录 73/80 BEGIN] QRCode=12073 轮次ID=20260602_164452_952
============================= SH85SelfCheck 执行记录 =============================
任务名称: SH85SelfCheck
模式: 周期自检
轮次ID: 20260602_164452_952
设备: 12073
结果: 失败
结果码: StartCommandFailed
说明: 启动自检指令下发失败: 等待RTU响应超时
开始时间: 2026-06-02 16:44:52.952
结束时间: 2026-06-02 16:45:08.041
耗时: 15089 ms
----------------------------- 执行明细 -----------------------------
自检任务开始
总时长: 70 s
自检器启动成功
进入阶段: 阶段1 - 下发启动自检指令
指令下发明细: 完成
指令: StartSelfCheck
所属阶段: 阶段1 - 下发启动自检指令
发送时间: 2026-06-02 16:45:06.953
响应时间: -
发送次数: 1/1
发送指令帧: 01 06 00 17 00 A5 F9 B5
响应帧: 超时, 等待RTU响应超时
错误信息: 等待RTU响应超时
处理结果: 失败
============================= SH85SelfCheck 执行记录结束 =============================
[设备记录 73/80 END] QRCode=12073 轮次ID=20260602_164452_952
[设备记录 74/80 BEGIN] QRCode=12074 轮次ID=20260602_164452_952
============================= SH85SelfCheck 执行记录 =============================
任务名称: SH85SelfCheck
模式: 周期自检
轮次ID: 20260602_164452_952
设备: 12074
结果: 失败
结果码: StartCommandFailed
说明: 启动自检指令下发失败: 等待RTU响应超时
开始时间: 2026-06-02 16:44:52.952
结束时间: 2026-06-02 16:45:08.144
耗时: 15192 ms
----------------------------- 执行明细 -----------------------------
自检任务开始
总时长: 70 s
自检器启动成功
进入阶段: 阶段1 - 下发启动自检指令
指令下发明细: 完成
指令: StartSelfCheck
所属阶段: 阶段1 - 下发启动自检指令
发送时间: 2026-06-02 16:45:06.954
响应时间: -
发送次数: 1/1
发送指令帧: 01 06 00 17 00 A5 F9 B5
响应帧: 超时, 等待RTU响应超时
错误信息: 等待RTU响应超时
处理结果: 失败
============================= SH85SelfCheck 执行记录结束 =============================
[设备记录 74/80 END] QRCode=12074 轮次ID=20260602_164452_952
[设备记录 75/80 BEGIN] QRCode=12075 轮次ID=20260602_164452_952
============================= SH85SelfCheck 执行记录 =============================
任务名称: SH85SelfCheck
模式: 周期自检
轮次ID: 20260602_164452_952
设备: 12075
结果: 失败
结果码: StartCommandFailed
说明: 启动自检指令下发失败: 等待RTU响应超时
开始时间: 2026-06-02 16:44:52.952
结束时间: 2026-06-02 16:45:08.145
耗时: 15193 ms
----------------------------- 执行明细 -----------------------------
自检任务开始
总时长: 70 s
自检器启动成功
进入阶段: 阶段1 - 下发启动自检指令
指令下发明细: 完成
指令: StartSelfCheck
所属阶段: 阶段1 - 下发启动自检指令
发送时间: 2026-06-02 16:45:06.953
响应时间: -
发送次数: 1/1
发送指令帧: 01 06 00 17 00 A5 F9 B5
响应帧: 超时, 等待RTU响应超时
错误信息: 等待RTU响应超时
处理结果: 失败
============================= SH85SelfCheck 执行记录结束 =============================
[设备记录 75/80 END] QRCode=12075 轮次ID=20260602_164452_952
[设备记录 76/80 BEGIN] QRCode=12076 轮次ID=20260602_164452_952
============================= SH85SelfCheck 执行记录 =============================
任务名称: SH85SelfCheck
模式: 周期自检
轮次ID: 20260602_164452_952
设备: 12076
结果: 失败
结果码: StartCommandFailed
说明: 启动自检指令下发失败: 等待RTU响应超时
开始时间: 2026-06-02 16:44:52.952
结束时间: 2026-06-02 16:45:08.072
耗时: 15120 ms
----------------------------- 执行明细 -----------------------------
自检任务开始
总时长: 70 s
自检器启动成功
进入阶段: 阶段1 - 下发启动自检指令
指令下发明细: 完成
指令: StartSelfCheck
所属阶段: 阶段1 - 下发启动自检指令
发送时间: 2026-06-02 16:45:06.951
响应时间: -
发送次数: 1/1
发送指令帧: 01 06 00 17 00 A5 F9 B5
响应帧: 超时, 等待RTU响应超时
错误信息: 等待RTU响应超时
处理结果: 失败
============================= SH85SelfCheck 执行记录结束 =============================
[设备记录 76/80 END] QRCode=12076 轮次ID=20260602_164452_952
[设备记录 77/80 BEGIN] QRCode=12077 轮次ID=20260602_164452_952
============================= SH85SelfCheck 执行记录 =============================
任务名称: SH85SelfCheck
模式: 周期自检
轮次ID: 20260602_164452_952
设备: 12077
结果: 失败
结果码: StartCommandFailed
说明: 启动自检指令下发失败: 等待RTU响应超时
开始时间: 2026-06-02 16:44:52.952
结束时间: 2026-06-02 16:45:08.060
耗时: 15108 ms
----------------------------- 执行明细 -----------------------------
自检任务开始
总时长: 70 s
自检器启动成功
进入阶段: 阶段1 - 下发启动自检指令
指令下发明细: 完成
指令: StartSelfCheck
所属阶段: 阶段1 - 下发启动自检指令
发送时间: 2026-06-02 16:45:06.953
响应时间: -
发送次数: 1/1
发送指令帧: 01 06 00 17 00 A5 F9 B5
响应帧: 超时, 等待RTU响应超时
错误信息: 等待RTU响应超时
处理结果: 失败
============================= SH85SelfCheck 执行记录结束 =============================
[设备记录 77/80 END] QRCode=12077 轮次ID=20260602_164452_952
[设备记录 78/80 BEGIN] QRCode=12078 轮次ID=20260602_164452_952
============================= SH85SelfCheck 执行记录 =============================
任务名称: SH85SelfCheck
模式: 周期自检
轮次ID: 20260602_164452_952
设备: 12078
结果: 失败
结果码: StartCommandFailed
说明: 启动自检指令下发失败: 等待RTU响应超时
开始时间: 2026-06-02 16:44:52.952
结束时间: 2026-06-02 16:45:08.146
耗时: 15194 ms
----------------------------- 执行明细 -----------------------------
自检任务开始
总时长: 70 s
自检器启动成功
进入阶段: 阶段1 - 下发启动自检指令
指令下发明细: 完成
指令: StartSelfCheck
所属阶段: 阶段1 - 下发启动自检指令
发送时间: 2026-06-02 16:45:06.955
响应时间: -
发送次数: 1/1
发送指令帧: 01 06 00 17 00 A5 F9 B5
响应帧: 超时, 等待RTU响应超时
错误信息: 等待RTU响应超时
处理结果: 失败
============================= SH85SelfCheck 执行记录结束 =============================
[设备记录 78/80 END] QRCode=12078 轮次ID=20260602_164452_952
[设备记录 79/80 BEGIN] QRCode=12079 轮次ID=20260602_164452_952
============================= SH85SelfCheck 执行记录 =============================
任务名称: SH85SelfCheck
模式: 周期自检
轮次ID: 20260602_164452_952
设备: 12079
结果: 失败
结果码: StartCommandFailed
说明: 启动自检指令下发失败: 等待RTU响应超时
开始时间: 2026-06-02 16:44:52.952
结束时间: 2026-06-02 16:45:08.038
耗时: 15086 ms
----------------------------- 执行明细 -----------------------------
自检任务开始
总时长: 70 s
自检器启动成功
进入阶段: 阶段1 - 下发启动自检指令
指令下发明细: 完成
指令: StartSelfCheck
所属阶段: 阶段1 - 下发启动自检指令
发送时间: 2026-06-02 16:45:06.951
响应时间: -
发送次数: 1/1
发送指令帧: 01 06 00 17 00 A5 F9 B5
响应帧: 超时, 等待RTU响应超时
错误信息: 等待RTU响应超时
处理结果: 失败
============================= SH85SelfCheck 执行记录结束 =============================
[设备记录 79/80 END] QRCode=12079 轮次ID=20260602_164452_952
[设备记录 80/80 BEGIN] QRCode=12080 轮次ID=20260602_164452_952
============================= SH85SelfCheck 执行记录 =============================
任务名称: SH85SelfCheck
模式: 周期自检
轮次ID: 20260602_164452_952
设备: 12080
结果: 失败
结果码: StartCommandFailed
说明: 启动自检指令下发失败: 等待RTU响应超时
开始时间: 2026-06-02 16:44:52.952
结束时间: 2026-06-02 16:45:08.073
耗时: 15121 ms
----------------------------- 执行明细 -----------------------------
自检任务开始
总时长: 70 s
自检器启动成功
进入阶段: 阶段1 - 下发启动自检指令
指令下发明细: 完成
指令: StartSelfCheck
所属阶段: 阶段1 - 下发启动自检指令
发送时间: 2026-06-02 16:45:06.951
响应时间: -
发送次数: 1/1
发送指令帧: 01 06 00 17 00 A5 F9 B5
响应帧: 超时, 等待RTU响应超时
错误信息: 等待RTU响应超时
处理结果: 失败
============================= SH85SelfCheck 执行记录结束 =============================
[设备记录 80/80 END] QRCode=12080 轮次ID=20260602_164452_952
############################## SH85_PERIODIC_ROUND_END ##############################
轮次ID: 20260602_164452_952
################################################################################
[2026-06-02 16:45:08] [WARN] [SH85PeriodicSelfCheckTask] 周期自检轮次失败
轮次ID: 20260602_164452_952
开始时间: 2026-06-02 16:44:52
结束时间: 2026-06-02 16:45:08
总设备数: 80
参与设备数: 80
成功设备数: 0
失败设备数: 80
跳过设备数: 0
失败原因摘要:
- 启动自检指令下发失败: 等待RTU响应超时: 80 台
  设备: 12001, 12002, 12003, 12004, 12005, 12006, 12007, 12008, 12009, 12010, 12011, 12012, 12013, 12014, 12015, 12016, 12017, 12018, 12019, 12020, 12021, 12022, 12023, 12024, 12025, 12026, 12027, 12028, 12029, 12030, 12031, 12032, 12033, 12034, 12035, 12036, 12037, 12038, 12039, 12040, 12041, 12042, 12043, 12044, 12045, 12046, 12047, 12048, 12049, 12050, 12051, 12052, 12053, 12054, 12055, 12056, 12057, 12058, 12059, 12060, 12061, 12062, 12063, 12064, 12065, 12066, 12067, 12068, 12069, 12070, 12071, 12072, 12073, 12074, 12075, 12076, 12077, 12078, 12079, 12080
详细执行记录: 请在 self_check.log 搜索轮次ID 20260602_164452_952
[2026-06-02 17:15:30] [INFO] ################################################################################
############################# SH85_PERIODIC_ROUND_BEGIN #############################
任务名称: SH85PeriodicSelfCheckTask
模式: 周期自检
轮次ID: 20260602_171528_292
开始时间: 2026-06-02 17:15:28
结束时间: 2026-06-02 17:15:30
总设备数: 80
参与设备数: 40
成功设备数: 0
失败设备数: 40
跳过设备数: 40
结果: 失败
失败设备: 12001, 12003, 12006, 12008, 12009, 12011, 12012, 12015, 12018, 12019, 12020, 12022, 12026, 12027, 12031, 12032, 12033, 12035, 12036, 12037, 12038, 12042, 12044, 12045, 12048, 12050, 12054, 12055, 12058, 12059, 12062, 12065, 12067, 12069, 12070, 12071, 12073, 12077, 12079, 12080
跳过设备: 12002, 12004, 12005, 12007, 12010, 12013, 12014, 12016, 12017, 12021, 12023, 12024, 12025, 12028, 12029, 12030, 12034, 12039, 12040, 12041, 12043, 12046, 12047, 12049, 12051, 12052, 12053, 12056, 12057, 12060, 12061, 12063, 12064, 12066, 12068, 12072, 12074, 12075, 12076, 12078
----------------------------- 设备执行记录列表 -----------------------------
[设备记录 1/80 BEGIN] QRCode=12001 轮次ID=20260602_171528_292
============================= SH85SelfCheck 执行记录 =============================
任务名称: SH85SelfCheck
模式: 周期自检
轮次ID: 20260602_171528_292
设备: 12001
结果: 失败
结果码: StartCommandFailed
说明: 启动自检指令下发失败: 等待RTU响应超时
开始时间: 2026-06-02 17:15:28.293
结束时间: 2026-06-02 17:15:29.319
耗时: 1026 ms
----------------------------- 执行明细 -----------------------------
自检任务开始
总时长: 70 s
自检器启动成功
进入阶段: 阶段1 - 下发启动自检指令
指令下发明细: 完成
指令: StartSelfCheck
所属阶段: 阶段1 - 下发启动自检指令
发送时间: 2026-06-02 17:15:28.295
响应时间: -
发送次数: 1/1
发送指令帧: 01 06 00 17 00 A5 F9 B5
响应帧: 超时, 等待RTU响应超时
错误信息: 等待RTU响应超时
处理结果: 失败
============================= SH85SelfCheck 执行记录结束 =============================
[设备记录 1/80 END] QRCode=12001 轮次ID=20260602_171528_292
[设备记录 2/80 BEGIN] QRCode=12002 轮次ID=20260602_171528_292
============================= SH85SelfCheck 执行记录 =============================
任务名称: SH85SelfCheck
模式: 周期自检
轮次ID: 20260602_171528_292
设备: 12002
结果: 跳过
结果码: Skipped
说明: FOUP 到位
开始时间: 2026-06-02 17:15:28.293
结束时间: 2026-06-02 17:15:28.296
耗时: 3 ms
----------------------------- 执行明细 -----------------------------
自检任务开始
总时长: 70 s
跳过自检
原因: FOUP 到位
============================= SH85SelfCheck 执行记录结束 =============================
[设备记录 2/80 END] QRCode=12002 轮次ID=20260602_171528_292
[设备记录 3/80 BEGIN] QRCode=12003 轮次ID=20260602_171528_292
============================= SH85SelfCheck 执行记录 =============================
任务名称: SH85SelfCheck
模式: 周期自检
轮次ID: 20260602_171528_292
设备: 12003
结果: 失败
结果码: StartCommandFailed
说明: 启动自检指令下发失败: 等待RTU响应超时
开始时间: 2026-06-02 17:15:28.293
结束时间: 2026-06-02 17:15:29.319
耗时: 1026 ms
----------------------------- 执行明细 -----------------------------
自检任务开始
总时长: 70 s
自检器启动成功
进入阶段: 阶段1 - 下发启动自检指令
指令下发明细: 完成
指令: StartSelfCheck
所属阶段: 阶段1 - 下发启动自检指令
发送时间: 2026-06-02 17:15:28.296
响应时间: -
发送次数: 1/1
发送指令帧: 01 06 00 17 00 A5 F9 B5
响应帧: 超时, 等待RTU响应超时
错误信息: 等待RTU响应超时
处理结果: 失败
============================= SH85SelfCheck 执行记录结束 =============================
[设备记录 3/80 END] QRCode=12003 轮次ID=20260602_171528_292
[设备记录 4/80 BEGIN] QRCode=12004 轮次ID=20260602_171528_292
============================= SH85SelfCheck 执行记录 =============================
任务名称: SH85SelfCheck
模式: 周期自检
轮次ID: 20260602_171528_292
设备: 12004
结果: 跳过
结果码: Skipped
说明: FOUP 到位
开始时间: 2026-06-02 17:15:28.293
结束时间: 2026-06-02 17:15:28.298
耗时: 5 ms
----------------------------- 执行明细 -----------------------------
自检任务开始
总时长: 70 s
跳过自检
原因: FOUP 到位
============================= SH85SelfCheck 执行记录结束 =============================
[设备记录 4/80 END] QRCode=12004 轮次ID=20260602_171528_292
[设备记录 5/80 BEGIN] QRCode=12005 轮次ID=20260602_171528_292
============================= SH85SelfCheck 执行记录 =============================
任务名称: SH85SelfCheck
模式: 周期自检
轮次ID: 20260602_171528_292
设备: 12005
结果: 跳过
结果码: Skipped
说明: FOUP 到位
开始时间: 2026-06-02 17:15:28.293
结束时间: 2026-06-02 17:15:28.300
耗时: 7 ms
----------------------------- 执行明细 -----------------------------
自检任务开始
总时长: 70 s
跳过自检
原因: FOUP 到位
============================= SH85SelfCheck 执行记录结束 =============================
[设备记录 5/80 END] QRCode=12005 轮次ID=20260602_171528_292
[设备记录 6/80 BEGIN] QRCode=12006 轮次ID=20260602_171528_292
============================= SH85SelfCheck 执行记录 =============================
任务名称: SH85SelfCheck
模式: 周期自检
轮次ID: 20260602_171528_292
设备: 12006
结果: 失败
结果码: StartCommandFailed
说明: 启动自检指令下发失败: 等待RTU响应超时
开始时间: 2026-06-02 17:15:28.293
结束时间: 2026-06-02 17:15:29.367
耗时: 1074 ms
----------------------------- 执行明细 -----------------------------
自检任务开始
总时长: 70 s
自检器启动成功
进入阶段: 阶段1 - 下发启动自检指令
指令下发明细: 完成
指令: StartSelfCheck
所属阶段: 阶段1 - 下发启动自检指令
发送时间: 2026-06-02 17:15:28.321
响应时间: -
发送次数: 1/1
发送指令帧: 01 06 00 17 00 A5 F9 B5
响应帧: 超时, 等待RTU响应超时
错误信息: 等待RTU响应超时
处理结果: 失败
============================= SH85SelfCheck 执行记录结束 =============================
[设备记录 6/80 END] QRCode=12006 轮次ID=20260602_171528_292
[设备记录 7/80 BEGIN] QRCode=12007 轮次ID=20260602_171528_292
============================= SH85SelfCheck 执行记录 =============================
任务名称: SH85SelfCheck
模式: 周期自检
轮次ID: 20260602_171528_292
设备: 12007
结果: 跳过
结果码: Skipped
说明: FOUP 到位
开始时间: 2026-06-02 17:15:28.293
结束时间: 2026-06-02 17:15:28.302
耗时: 9 ms
----------------------------- 执行明细 -----------------------------
自检任务开始
总时长: 70 s
跳过自检
原因: FOUP 到位
============================= SH85SelfCheck 执行记录结束 =============================
[设备记录 7/80 END] QRCode=12007 轮次ID=20260602_171528_292
[设备记录 8/80 BEGIN] QRCode=12008 轮次ID=20260602_171528_292
============================= SH85SelfCheck 执行记录 =============================
任务名称: SH85SelfCheck
模式: 周期自检
轮次ID: 20260602_171528_292
设备: 12008
结果: 失败
结果码: StartCommandFailed
说明: 启动自检指令下发失败: 等待RTU响应超时
开始时间: 2026-06-02 17:15:28.293
结束时间: 2026-06-02 17:15:29.900
耗时: 1607 ms
----------------------------- 执行明细 -----------------------------
自检任务开始
总时长: 70 s
自检器启动成功
进入阶段: 阶段1 - 下发启动自检指令
指令下发明细: 完成
指令: StartSelfCheck
所属阶段: 阶段1 - 下发启动自检指令
发送时间: 2026-06-02 17:15:28.873
响应时间: -
发送次数: 1/1
发送指令帧: 01 06 00 17 00 A5 F9 B5
响应帧: 超时, 等待RTU响应超时
错误信息: 等待RTU响应超时
处理结果: 失败
============================= SH85SelfCheck 执行记录结束 =============================
[设备记录 8/80 END] QRCode=12008 轮次ID=20260602_171528_292
[设备记录 9/80 BEGIN] QRCode=12009 轮次ID=20260602_171528_292
============================= SH85SelfCheck 执行记录 =============================
任务名称: SH85SelfCheck
模式: 周期自检
轮次ID: 20260602_171528_292
设备: 12009
结果: 失败
结果码: StartCommandFailed
说明: 启动自检指令下发失败: 等待RTU响应超时
开始时间: 2026-06-02 17:15:28.293
结束时间: 2026-06-02 17:15:29.343
耗时: 1050 ms
----------------------------- 执行明细 -----------------------------
自检任务开始
总时长: 70 s
自检器启动成功
进入阶段: 阶段1 - 下发启动自检指令
指令下发明细: 完成
指令: StartSelfCheck
所属阶段: 阶段1 - 下发启动自检指令
发送时间: 2026-06-02 17:15:28.303
响应时间: -
发送次数: 1/1
发送指令帧: 01 06 00 17 00 A5 F9 B5
响应帧: 超时, 等待RTU响应超时
错误信息: 等待RTU响应超时
处理结果: 失败
============================= SH85SelfCheck 执行记录结束 =============================
[设备记录 9/80 END] QRCode=12009 轮次ID=20260602_171528_292
[设备记录 10/80 BEGIN] QRCode=12010 轮次ID=20260602_171528_292
============================= SH85SelfCheck 执行记录 =============================
任务名称: SH85SelfCheck
模式: 周期自检
轮次ID: 20260602_171528_292
设备: 12010
结果: 跳过
结果码: Skipped
说明: FOUP 到位
开始时间: 2026-06-02 17:15:28.293
结束时间: 2026-06-02 17:15:28.305
耗时: 12 ms
----------------------------- 执行明细 -----------------------------
自检任务开始
总时长: 70 s
跳过自检
原因: FOUP 到位
============================= SH85SelfCheck 执行记录结束 =============================
[设备记录 10/80 END] QRCode=12010 轮次ID=20260602_171528_292
[设备记录 11/80 BEGIN] QRCode=12011 轮次ID=20260602_171528_292
============================= SH85SelfCheck 执行记录 =============================
任务名称: SH85SelfCheck
模式: 周期自检
轮次ID: 20260602_171528_292
设备: 12011
结果: 失败
结果码: StartCommandFailed
说明: 启动自检指令下发失败: 等待RTU响应超时
开始时间: 2026-06-02 17:15:28.293
结束时间: 2026-06-02 17:15:29.591
耗时: 1298 ms
----------------------------- 执行明细 -----------------------------
自检任务开始
总时长: 70 s
自检器启动成功
进入阶段: 阶段1 - 下发启动自检指令
指令下发明细: 完成
指令: StartSelfCheck
所属阶段: 阶段1 - 下发启动自检指令
发送时间: 2026-06-02 17:15:28.571
响应时间: -
发送次数: 1/1
发送指令帧: 01 06 00 17 00 A5 F9 B5
响应帧: 超时, 等待RTU响应超时
错误信息: 等待RTU响应超时
处理结果: 失败
============================= SH85SelfCheck 执行记录结束 =============================
[设备记录 11/80 END] QRCode=12011 轮次ID=20260602_171528_292
[设备记录 12/80 BEGIN] QRCode=12012 轮次ID=20260602_171528_292
============================= SH85SelfCheck 执行记录 =============================
任务名称: SH85SelfCheck
模式: 周期自检
轮次ID: 20260602_171528_292
设备: 12012
结果: 失败
结果码: StartCommandFailed
说明: 启动自检指令下发失败: 等待RTU响应超时
开始时间: 2026-06-02 17:15:28.293
结束时间: 2026-06-02 17:15:29.505
耗时: 1212 ms
----------------------------- 执行明细 -----------------------------
自检任务开始
总时长: 70 s
自检器启动成功
进入阶段: 阶段1 - 下发启动自检指令
指令下发明细: 完成
指令: StartSelfCheck
所属阶段: 阶段1 - 下发启动自检指令
发送时间: 2026-06-02 17:15:28.497
响应时间: -
发送次数: 1/1
发送指令帧: 01 06 00 17 00 A5 F9 B5
响应帧: 超时, 等待RTU响应超时
错误信息: 等待RTU响应超时
处理结果: 失败
============================= SH85SelfCheck 执行记录结束 =============================
[设备记录 12/80 END] QRCode=12012 轮次ID=20260602_171528_292
[设备记录 13/80 BEGIN] QRCode=12013 轮次ID=20260602_171528_292
============================= SH85SelfCheck 执行记录 =============================
任务名称: SH85SelfCheck
模式: 周期自检
轮次ID: 20260602_171528_292
设备: 12013
结果: 跳过
结果码: Skipped
说明: FOUP 到位
开始时间: 2026-06-02 17:15:28.293
结束时间: 2026-06-02 17:15:28.308
耗时: 15 ms
----------------------------- 执行明细 -----------------------------
自检任务开始
总时长: 70 s
跳过自检
原因: FOUP 到位
============================= SH85SelfCheck 执行记录结束 =============================
[设备记录 13/80 END] QRCode=12013 轮次ID=20260602_171528_292
[设备记录 14/80 BEGIN] QRCode=12014 轮次ID=20260602_171528_292
============================= SH85SelfCheck 执行记录 =============================
任务名称: SH85SelfCheck
模式: 周期自检
轮次ID: 20260602_171528_292
设备: 12014
结果: 跳过
结果码: Skipped
说明: FOUP 到位
开始时间: 2026-06-02 17:15:28.293
结束时间: 2026-06-02 17:15:28.309
耗时: 16 ms
----------------------------- 执行明细 -----------------------------
自检任务开始
总时长: 70 s
跳过自检
原因: FOUP 到位
============================= SH85SelfCheck 执行记录结束 =============================
[设备记录 14/80 END] QRCode=12014 轮次ID=20260602_171528_292
[设备记录 15/80 BEGIN] QRCode=12015 轮次ID=20260602_171528_292
============================= SH85SelfCheck 执行记录 =============================
任务名称: SH85SelfCheck
模式: 周期自检
轮次ID: 20260602_171528_292
设备: 12015
结果: 失败
结果码: StartCommandFailed
说明: 启动自检指令下发失败: 等待RTU响应超时
开始时间: 2026-06-02 17:15:28.293
结束时间: 2026-06-02 17:15:29.461
耗时: 1168 ms
----------------------------- 执行明细 -----------------------------
自检任务开始
总时长: 70 s
自检器启动成功
进入阶段: 阶段1 - 下发启动自检指令
指令下发明细: 完成
指令: StartSelfCheck
所属阶段: 阶段1 - 下发启动自检指令
发送时间: 2026-06-02 17:15:28.450
响应时间: -
发送次数: 1/1
发送指令帧: 01 06 00 17 00 A5 F9 B5
响应帧: 超时, 等待RTU响应超时
错误信息: 等待RTU响应超时
处理结果: 失败
============================= SH85SelfCheck 执行记录结束 =============================
[设备记录 15/80 END] QRCode=12015 轮次ID=20260602_171528_292
[设备记录 16/80 BEGIN] QRCode=12016 轮次ID=20260602_171528_292
============================= SH85SelfCheck 执行记录 =============================
任务名称: SH85SelfCheck
模式: 周期自检
轮次ID: 20260602_171528_292
设备: 12016
结果: 跳过
结果码: Skipped
说明: FOUP 到位
开始时间: 2026-06-02 17:15:28.293
结束时间: 2026-06-02 17:15:28.309
耗时: 16 ms
----------------------------- 执行明细 -----------------------------
自检任务开始
总时长: 70 s
跳过自检
原因: FOUP 到位
============================= SH85SelfCheck 执行记录结束 =============================
[设备记录 16/80 END] QRCode=12016 轮次ID=20260602_171528_292
[设备记录 17/80 BEGIN] QRCode=12017 轮次ID=20260602_171528_292
============================= SH85SelfCheck 执行记录 =============================
任务名称: SH85SelfCheck
模式: 周期自检
轮次ID: 20260602_171528_292
设备: 12017
结果: 跳过
结果码: Skipped
说明: FOUP 到位
开始时间: 2026-06-02 17:15:28.293
结束时间: 2026-06-02 17:15:28.309
耗时: 16 ms
----------------------------- 执行明细 -----------------------------
自检任务开始
总时长: 70 s
跳过自检
原因: FOUP 到位
============================= SH85SelfCheck 执行记录结束 =============================
[设备记录 17/80 END] QRCode=12017 轮次ID=20260602_171528_292
[设备记录 18/80 BEGIN] QRCode=12018 轮次ID=20260602_171528_292
============================= SH85SelfCheck 执行记录 =============================
任务名称: SH85SelfCheck
模式: 周期自检
轮次ID: 20260602_171528_292
设备: 12018
结果: 失败
结果码: StartCommandFailed
说明: 启动自检指令下发失败: 等待RTU响应超时
开始时间: 2026-06-02 17:15:28.293
结束时间: 2026-06-02 17:15:29.343
耗时: 1050 ms
----------------------------- 执行明细 -----------------------------
自检任务开始
总时长: 70 s
自检器启动成功
进入阶段: 阶段1 - 下发启动自检指令
指令下发明细: 完成
指令: StartSelfCheck
所属阶段: 阶段1 - 下发启动自检指令
发送时间: 2026-06-02 17:15:28.317
响应时间: -
发送次数: 1/1
发送指令帧: 01 06 00 17 00 A5 F9 B5
响应帧: 超时, 等待RTU响应超时
错误信息: 等待RTU响应超时
处理结果: 失败
============================= SH85SelfCheck 执行记录结束 =============================
[设备记录 18/80 END] QRCode=12018 轮次ID=20260602_171528_292
[设备记录 19/80 BEGIN] QRCode=12019 轮次ID=20260602_171528_292
============================= SH85SelfCheck 执行记录 =============================
任务名称: SH85SelfCheck
模式: 周期自检
轮次ID: 20260602_171528_292
设备: 12019
结果: 失败
结果码: StartCommandFailed
说明: 启动自检指令下发失败: 等待RTU响应超时
开始时间: 2026-06-02 17:15:28.293
结束时间: 2026-06-02 17:15:29.972
耗时: 1679 ms
----------------------------- 执行明细 -----------------------------
自检任务开始
总时长: 70 s
自检器启动成功
进入阶段: 阶段1 - 下发启动自检指令
指令下发明细: 完成
指令: StartSelfCheck
所属阶段: 阶段1 - 下发启动自检指令
发送时间: 2026-06-02 17:15:28.964
响应时间: -
发送次数: 1/1
发送指令帧: 01 06 00 17 00 A5 F9 B5
响应帧: 超时, 等待RTU响应超时
错误信息: 等待RTU响应超时
处理结果: 失败
============================= SH85SelfCheck 执行记录结束 =============================
[设备记录 19/80 END] QRCode=12019 轮次ID=20260602_171528_292
[设备记录 20/80 BEGIN] QRCode=12020 轮次ID=20260602_171528_292
============================= SH85SelfCheck 执行记录 =============================
任务名称: SH85SelfCheck
模式: 周期自检
轮次ID: 20260602_171528_292
设备: 12020
结果: 失败
结果码: StartCommandFailed
说明: 启动自检指令下发失败: 等待RTU响应超时
开始时间: 2026-06-02 17:15:28.293
结束时间: 2026-06-02 17:15:30.330
耗时: 2037 ms
----------------------------- 执行明细 -----------------------------
自检任务开始
总时长: 70 s
自检器启动成功
进入阶段: 阶段1 - 下发启动自检指令
指令下发明细: 完成
指令: StartSelfCheck
所属阶段: 阶段1 - 下发启动自检指令
发送时间: 2026-06-02 17:15:29.317
响应时间: -
发送次数: 1/1
发送指令帧: 01 06 00 17 00 A5 F9 B5
响应帧: 超时, 等待RTU响应超时
错误信息: 等待RTU响应超时
处理结果: 失败
============================= SH85SelfCheck 执行记录结束 =============================
[设备记录 20/80 END] QRCode=12020 轮次ID=20260602_171528_292
[设备记录 21/80 BEGIN] QRCode=12021 轮次ID=20260602_171528_292
============================= SH85SelfCheck 执行记录 =============================
任务名称: SH85SelfCheck
模式: 周期自检
轮次ID: 20260602_171528_292
设备: 12021
结果: 跳过
结果码: Skipped
说明: FOUP 到位
开始时间: 2026-06-02 17:15:28.293
结束时间: 2026-06-02 17:15:28.316
耗时: 23 ms
----------------------------- 执行明细 -----------------------------
自检任务开始
总时长: 70 s
跳过自检
原因: FOUP 到位
============================= SH85SelfCheck 执行记录结束 =============================
[设备记录 21/80 END] QRCode=12021 轮次ID=20260602_171528_292
[设备记录 22/80 BEGIN] QRCode=12022 轮次ID=20260602_171528_292
============================= SH85SelfCheck 执行记录 =============================
任务名称: SH85SelfCheck
模式: 周期自检
轮次ID: 20260602_171528_292
设备: 12022
结果: 失败
结果码: StartCommandFailed
说明: 启动自检指令下发失败: 等待RTU响应超时
开始时间: 2026-06-02 17:15:28.293
结束时间: 2026-06-02 17:15:29.367
耗时: 1074 ms
----------------------------- 执行明细 -----------------------------
自检任务开始
总时长: 70 s
自检器启动成功
进入阶段: 阶段1 - 下发启动自检指令
指令下发明细: 完成
指令: StartSelfCheck
所属阶段: 阶段1 - 下发启动自检指令
发送时间: 2026-06-02 17:15:28.321
响应时间: -
发送次数: 1/1
发送指令帧: 01 06 00 17 00 A5 F9 B5
响应帧: 超时, 等待RTU响应超时
错误信息: 等待RTU响应超时
处理结果: 失败
============================= SH85SelfCheck 执行记录结束 =============================
[设备记录 22/80 END] QRCode=12022 轮次ID=20260602_171528_292
[设备记录 23/80 BEGIN] QRCode=12023 轮次ID=20260602_171528_292
============================= SH85SelfCheck 执行记录 =============================
任务名称: SH85SelfCheck
模式: 周期自检
轮次ID: 20260602_171528_292
设备: 12023
结果: 跳过
结果码: Skipped
说明: FOUP 到位
开始时间: 2026-06-02 17:15:28.293
结束时间: 2026-06-02 17:15:28.317
耗时: 24 ms
----------------------------- 执行明细 -----------------------------
自检任务开始
总时长: 70 s
跳过自检
原因: FOUP 到位
============================= SH85SelfCheck 执行记录结束 =============================
[设备记录 23/80 END] QRCode=12023 轮次ID=20260602_171528_292
[设备记录 24/80 BEGIN] QRCode=12024 轮次ID=20260602_171528_292
============================= SH85SelfCheck 执行记录 =============================
任务名称: SH85SelfCheck
模式: 周期自检
轮次ID: 20260602_171528_292
设备: 12024
结果: 跳过
结果码: Skipped
说明: FOUP 到位
开始时间: 2026-06-02 17:15:28.293
结束时间: 2026-06-02 17:15:28.317
耗时: 24 ms
----------------------------- 执行明细 -----------------------------
自检任务开始
总时长: 70 s
跳过自检
原因: FOUP 到位
============================= SH85SelfCheck 执行记录结束 =============================
[设备记录 24/80 END] QRCode=12024 轮次ID=20260602_171528_292
[设备记录 25/80 BEGIN] QRCode=12025 轮次ID=20260602_171528_292
============================= SH85SelfCheck 执行记录 =============================
任务名称: SH85SelfCheck
模式: 周期自检
轮次ID: 20260602_171528_292
设备: 12025
结果: 跳过
结果码: Skipped
说明: FOUP 到位
开始时间: 2026-06-02 17:15:28.293
结束时间: 2026-06-02 17:15:28.317
耗时: 24 ms
----------------------------- 执行明细 -----------------------------
自检任务开始
总时长: 70 s
跳过自检
原因: FOUP 到位
============================= SH85SelfCheck 执行记录结束 =============================
[设备记录 25/80 END] QRCode=12025 轮次ID=20260602_171528_292
[设备记录 26/80 BEGIN] QRCode=12026 轮次ID=20260602_171528_292
============================= SH85SelfCheck 执行记录 =============================
任务名称: SH85SelfCheck
模式: 周期自检
轮次ID: 20260602_171528_292
设备: 12026
结果: 失败
结果码: StartCommandFailed
说明: 启动自检指令下发失败: 等待RTU响应超时
开始时间: 2026-06-02 17:15:28.293
结束时间: 2026-06-02 17:15:30.003
耗时: 1710 ms
----------------------------- 执行明细 -----------------------------
自检任务开始
总时长: 70 s
自检器启动成功
进入阶段: 阶段1 - 下发启动自检指令
指令下发明细: 完成
指令: StartSelfCheck
所属阶段: 阶段1 - 下发启动自检指令
发送时间: 2026-06-02 17:15:28.983
响应时间: -
发送次数: 1/1
发送指令帧: 01 06 00 17 00 A5 F9 B5
响应帧: 超时, 等待RTU响应超时
错误信息: 等待RTU响应超时
处理结果: 失败
============================= SH85SelfCheck 执行记录结束 =============================
[设备记录 26/80 END] QRCode=12026 轮次ID=20260602_171528_292
[设备记录 27/80 BEGIN] QRCode=12027 轮次ID=20260602_171528_292
============================= SH85SelfCheck 执行记录 =============================
任务名称: SH85SelfCheck
模式: 周期自检
轮次ID: 20260602_171528_292
设备: 12027
结果: 失败
结果码: StartCommandFailed
说明: 启动自检指令下发失败: 等待RTU响应超时
开始时间: 2026-06-02 17:15:28.293
结束时间: 2026-06-02 17:15:29.675
耗时: 1382 ms
----------------------------- 执行明细 -----------------------------
自检任务开始
总时长: 70 s
自检器启动成功
进入阶段: 阶段1 - 下发启动自检指令
指令下发明细: 完成
指令: StartSelfCheck
所属阶段: 阶段1 - 下发启动自检指令
发送时间: 2026-06-02 17:15:28.673
响应时间: -
发送次数: 1/1
发送指令帧: 01 06 00 17 00 A5 F9 B5
响应帧: 超时, 等待RTU响应超时
错误信息: 等待RTU响应超时
处理结果: 失败
============================= SH85SelfCheck 执行记录结束 =============================
[设备记录 27/80 END] QRCode=12027 轮次ID=20260602_171528_292
[设备记录 28/80 BEGIN] QRCode=12028 轮次ID=20260602_171528_292
============================= SH85SelfCheck 执行记录 =============================
任务名称: SH85SelfCheck
模式: 周期自检
轮次ID: 20260602_171528_292
设备: 12028
结果: 跳过
结果码: Skipped
说明: FOUP 到位
开始时间: 2026-06-02 17:15:28.293
结束时间: 2026-06-02 17:15:28.319
耗时: 26 ms
----------------------------- 执行明细 -----------------------------
自检任务开始
总时长: 70 s
跳过自检
原因: FOUP 到位
============================= SH85SelfCheck 执行记录结束 =============================
[设备记录 28/80 END] QRCode=12028 轮次ID=20260602_171528_292
[设备记录 29/80 BEGIN] QRCode=12029 轮次ID=20260602_171528_292
============================= SH85SelfCheck 执行记录 =============================
任务名称: SH85SelfCheck
模式: 周期自检
轮次ID: 20260602_171528_292
设备: 12029
结果: 跳过
结果码: Skipped
说明: FOUP 到位
开始时间: 2026-06-02 17:15:28.293
结束时间: 2026-06-02 17:15:28.319
耗时: 26 ms
----------------------------- 执行明细 -----------------------------
自检任务开始
总时长: 70 s
跳过自检
原因: FOUP 到位
============================= SH85SelfCheck 执行记录结束 =============================
[设备记录 29/80 END] QRCode=12029 轮次ID=20260602_171528_292
[设备记录 30/80 BEGIN] QRCode=12030 轮次ID=20260602_171528_292
============================= SH85SelfCheck 执行记录 =============================
任务名称: SH85SelfCheck
模式: 周期自检
轮次ID: 20260602_171528_292
设备: 12030
结果: 跳过
结果码: Skipped
说明: FOUP 到位
开始时间: 2026-06-02 17:15:28.293
结束时间: 2026-06-02 17:15:28.321
耗时: 28 ms
----------------------------- 执行明细 -----------------------------
自检任务开始
总时长: 70 s
跳过自检
原因: FOUP 到位
============================= SH85SelfCheck 执行记录结束 =============================
[设备记录 30/80 END] QRCode=12030 轮次ID=20260602_171528_292
[设备记录 31/80 BEGIN] QRCode=12031 轮次ID=20260602_171528_292
============================= SH85SelfCheck 执行记录 =============================
任务名称: SH85SelfCheck
模式: 周期自检
轮次ID: 20260602_171528_292
设备: 12031
结果: 失败
结果码: StartCommandFailed
说明: 启动自检指令下发失败: 等待RTU响应超时
开始时间: 2026-06-02 17:15:28.293
结束时间: 2026-06-02 17:15:29.675
耗时: 1382 ms
----------------------------- 执行明细 -----------------------------
自检任务开始
总时长: 70 s
自检器启动成功
进入阶段: 阶段1 - 下发启动自检指令
指令下发明细: 完成
指令: StartSelfCheck
所属阶段: 阶段1 - 下发启动自检指令
发送时间: 2026-06-02 17:15:28.653
响应时间: -
发送次数: 1/1
发送指令帧: 01 06 00 17 00 A5 F9 B5
响应帧: 超时, 等待RTU响应超时
错误信息: 等待RTU响应超时
处理结果: 失败
============================= SH85SelfCheck 执行记录结束 =============================
[设备记录 31/80 END] QRCode=12031 轮次ID=20260602_171528_292
[设备记录 32/80 BEGIN] QRCode=12032 轮次ID=20260602_171528_292
============================= SH85SelfCheck 执行记录 =============================
任务名称: SH85SelfCheck
模式: 周期自检
轮次ID: 20260602_171528_292
设备: 12032
结果: 失败
结果码: StartCommandFailed
说明: 启动自检指令下发失败: 等待RTU响应超时
开始时间: 2026-06-02 17:15:28.293
结束时间: 2026-06-02 17:15:29.707
耗时: 1414 ms
----------------------------- 执行明细 -----------------------------
自检任务开始
总时长: 70 s
自检器启动成功
进入阶段: 阶段1 - 下发启动自检指令
指令下发明细: 完成
指令: StartSelfCheck
所属阶段: 阶段1 - 下发启动自检指令
发送时间: 2026-06-02 17:15:28.699
响应时间: -
发送次数: 1/1
发送指令帧: 01 06 00 17 00 A5 F9 B5
响应帧: 超时, 等待RTU响应超时
错误信息: 等待RTU响应超时
处理结果: 失败
============================= SH85SelfCheck 执行记录结束 =============================
[设备记录 32/80 END] QRCode=12032 轮次ID=20260602_171528_292
[设备记录 33/80 BEGIN] QRCode=12033 轮次ID=20260602_171528_292
============================= SH85SelfCheck 执行记录 =============================
任务名称: SH85SelfCheck
模式: 周期自检
轮次ID: 20260602_171528_292
设备: 12033
结果: 失败
结果码: StartCommandFailed
说明: 启动自检指令下发失败: 等待RTU响应超时
开始时间: 2026-06-02 17:15:28.293
结束时间: 2026-06-02 17:15:29.972
耗时: 1679 ms
----------------------------- 执行明细 -----------------------------
自检任务开始
总时长: 70 s
自检器启动成功
进入阶段: 阶段1 - 下发启动自检指令
指令下发明细: 完成
指令: StartSelfCheck
所属阶段: 阶段1 - 下发启动自检指令
发送时间: 2026-06-02 17:15:28.964
响应时间: -
发送次数: 1/1
发送指令帧: 01 06 00 17 00 A5 F9 B5
响应帧: 超时, 等待RTU响应超时
错误信息: 等待RTU响应超时
处理结果: 失败
============================= SH85SelfCheck 执行记录结束 =============================
[设备记录 33/80 END] QRCode=12033 轮次ID=20260602_171528_292
[设备记录 34/80 BEGIN] QRCode=12034 轮次ID=20260602_171528_292
============================= SH85SelfCheck 执行记录 =============================
任务名称: SH85SelfCheck
模式: 周期自检
轮次ID: 20260602_171528_292
设备: 12034
结果: 跳过
结果码: Skipped
说明: FOUP 到位
开始时间: 2026-06-02 17:15:28.293
结束时间: 2026-06-02 17:15:28.327
耗时: 34 ms
----------------------------- 执行明细 -----------------------------
自检任务开始
总时长: 70 s
跳过自检
原因: FOUP 到位
============================= SH85SelfCheck 执行记录结束 =============================
[设备记录 34/80 END] QRCode=12034 轮次ID=20260602_171528_292
[设备记录 35/80 BEGIN] QRCode=12035 轮次ID=20260602_171528_292
============================= SH85SelfCheck 执行记录 =============================
任务名称: SH85SelfCheck
模式: 周期自检
轮次ID: 20260602_171528_292
设备: 12035
结果: 失败
结果码: StartCommandFailed
说明: 启动自检指令下发失败: 等待RTU响应超时
开始时间: 2026-06-02 17:15:28.293
结束时间: 2026-06-02 17:15:29.505
耗时: 1212 ms
----------------------------- 执行明细 -----------------------------
自检任务开始
总时长: 70 s
自检器启动成功
进入阶段: 阶段1 - 下发启动自检指令
指令下发明细: 完成
指令: StartSelfCheck
所属阶段: 阶段1 - 下发启动自检指令
发送时间: 2026-06-02 17:15:28.497
响应时间: -
发送次数: 1/1
发送指令帧: 01 06 00 17 00 A5 F9 B5
响应帧: 超时, 等待RTU响应超时
错误信息: 等待RTU响应超时
处理结果: 失败
============================= SH85SelfCheck 执行记录结束 =============================
[设备记录 35/80 END] QRCode=12035 轮次ID=20260602_171528_292
[设备记录 36/80 BEGIN] QRCode=12036 轮次ID=20260602_171528_292
============================= SH85SelfCheck 执行记录 =============================
任务名称: SH85SelfCheck
模式: 周期自检
轮次ID: 20260602_171528_292
设备: 12036
结果: 失败
结果码: StartCommandFailed
说明: 启动自检指令下发失败: 等待RTU响应超时
开始时间: 2026-06-02 17:15:28.293
结束时间: 2026-06-02 17:15:29.367
耗时: 1074 ms
----------------------------- 执行明细 -----------------------------
自检任务开始
总时长: 70 s
自检器启动成功
进入阶段: 阶段1 - 下发启动自检指令
指令下发明细: 完成
指令: StartSelfCheck
所属阶段: 阶段1 - 下发启动自检指令
发送时间: 2026-06-02 17:15:28.333
响应时间: -
发送次数: 1/1
发送指令帧: 01 06 00 17 00 A5 F9 B5
响应帧: 超时, 等待RTU响应超时
错误信息: 等待RTU响应超时
处理结果: 失败
============================= SH85SelfCheck 执行记录结束 =============================
[设备记录 36/80 END] QRCode=12036 轮次ID=20260602_171528_292
[设备记录 37/80 BEGIN] QRCode=12037 轮次ID=20260602_171528_292
============================= SH85SelfCheck 执行记录 =============================
任务名称: SH85SelfCheck
模式: 周期自检
轮次ID: 20260602_171528_292
设备: 12037
结果: 失败
结果码: StartCommandFailed
说明: 启动自检指令下发失败: 等待RTU响应超时
开始时间: 2026-06-02 17:15:28.293
结束时间: 2026-06-02 17:15:29.675
耗时: 1382 ms
----------------------------- 执行明细 -----------------------------
自检任务开始
总时长: 70 s
自检器启动成功
进入阶段: 阶段1 - 下发启动自检指令
指令下发明细: 完成
指令: StartSelfCheck
所属阶段: 阶段1 - 下发启动自检指令
发送时间: 2026-06-02 17:15:28.674
响应时间: -
发送次数: 1/1
发送指令帧: 01 06 00 17 00 A5 F9 B5
响应帧: 超时, 等待RTU响应超时
错误信息: 等待RTU响应超时
处理结果: 失败
============================= SH85SelfCheck 执行记录结束 =============================
[设备记录 37/80 END] QRCode=12037 轮次ID=20260602_171528_292
[设备记录 38/80 BEGIN] QRCode=12038 轮次ID=20260602_171528_292
============================= SH85SelfCheck 执行记录 =============================
任务名称: SH85SelfCheck
模式: 周期自检
轮次ID: 20260602_171528_292
设备: 12038
结果: 失败
结果码: StartCommandFailed
说明: 启动自检指令下发失败: 等待RTU响应超时
开始时间: 2026-06-02 17:15:28.293
结束时间: 2026-06-02 17:15:29.404
耗时: 1111 ms
----------------------------- 执行明细 -----------------------------
自检任务开始
总时长: 70 s
自检器启动成功
进入阶段: 阶段1 - 下发启动自检指令
指令下发明细: 完成
指令: StartSelfCheck
所属阶段: 阶段1 - 下发启动自检指令
发送时间: 2026-06-02 17:15:28.388
响应时间: -
发送次数: 1/1
发送指令帧: 01 06 00 17 00 A5 F9 B5
响应帧: 超时, 等待RTU响应超时
错误信息: 等待RTU响应超时
处理结果: 失败
============================= SH85SelfCheck 执行记录结束 =============================
[设备记录 38/80 END] QRCode=12038 轮次ID=20260602_171528_292
[设备记录 39/80 BEGIN] QRCode=12039 轮次ID=20260602_171528_292
============================= SH85SelfCheck 执行记录 =============================
任务名称: SH85SelfCheck
模式: 周期自检
轮次ID: 20260602_171528_292
设备: 12039
结果: 跳过
结果码: Skipped
说明: FOUP 到位
开始时间: 2026-06-02 17:15:28.293
结束时间: 2026-06-02 17:15:28.336
耗时: 43 ms
----------------------------- 执行明细 -----------------------------
自检任务开始
总时长: 70 s
跳过自检
原因: FOUP 到位
============================= SH85SelfCheck 执行记录结束 =============================
[设备记录 39/80 END] QRCode=12039 轮次ID=20260602_171528_292
[设备记录 40/80 BEGIN] QRCode=12040 轮次ID=20260602_171528_292
============================= SH85SelfCheck 执行记录 =============================
任务名称: SH85SelfCheck
模式: 周期自检
轮次ID: 20260602_171528_292
设备: 12040
结果: 跳过
结果码: Skipped
说明: FOUP 到位
开始时间: 2026-06-02 17:15:28.293
结束时间: 2026-06-02 17:15:28.336
耗时: 43 ms
----------------------------- 执行明细 -----------------------------
自检任务开始
总时长: 70 s
跳过自检
原因: FOUP 到位
============================= SH85SelfCheck 执行记录结束 =============================
[设备记录 40/80 END] QRCode=12040 轮次ID=20260602_171528_292
[设备记录 41/80 BEGIN] QRCode=12041 轮次ID=20260602_171528_292
============================= SH85SelfCheck 执行记录 =============================
任务名称: SH85SelfCheck
模式: 周期自检
轮次ID: 20260602_171528_292
设备: 12041
结果: 跳过
结果码: Skipped
说明: FOUP 到位
开始时间: 2026-06-02 17:15:28.293
结束时间: 2026-06-02 17:15:28.338
耗时: 45 ms
----------------------------- 执行明细 -----------------------------
自检任务开始
总时长: 70 s
跳过自检
原因: FOUP 到位
============================= SH85SelfCheck 执行记录结束 =============================
[设备记录 41/80 END] QRCode=12041 轮次ID=20260602_171528_292
[设备记录 42/80 BEGIN] QRCode=12042 轮次ID=20260602_171528_292
============================= SH85SelfCheck 执行记录 =============================
任务名称: SH85SelfCheck
模式: 周期自检
轮次ID: 20260602_171528_292
设备: 12042
结果: 失败
结果码: StartCommandFailed
说明: 启动自检指令下发失败: 等待RTU响应超时
开始时间: 2026-06-02 17:15:28.293
结束时间: 2026-06-02 17:15:29.372
耗时: 1079 ms
----------------------------- 执行明细 -----------------------------
自检任务开始
总时长: 70 s
自检器启动成功
进入阶段: 阶段1 - 下发启动自检指令
指令下发明细: 完成
指令: StartSelfCheck
所属阶段: 阶段1 - 下发启动自检指令
发送时间: 2026-06-02 17:15:28.344
响应时间: -
发送次数: 1/1
发送指令帧: 01 06 00 17 00 A5 F9 B5
响应帧: 超时, 等待RTU响应超时
错误信息: 等待RTU响应超时
处理结果: 失败
============================= SH85SelfCheck 执行记录结束 =============================
[设备记录 42/80 END] QRCode=12042 轮次ID=20260602_171528_292
[设备记录 43/80 BEGIN] QRCode=12043 轮次ID=20260602_171528_292
============================= SH85SelfCheck 执行记录 =============================
任务名称: SH85SelfCheck
模式: 周期自检
轮次ID: 20260602_171528_292
设备: 12043
结果: 跳过
结果码: Skipped
说明: FOUP 到位
开始时间: 2026-06-02 17:15:28.293
结束时间: 2026-06-02 17:15:28.342
耗时: 49 ms
----------------------------- 执行明细 -----------------------------
自检任务开始
总时长: 70 s
跳过自检
原因: FOUP 到位
============================= SH85SelfCheck 执行记录结束 =============================
[设备记录 43/80 END] QRCode=12043 轮次ID=20260602_171528_292
[设备记录 44/80 BEGIN] QRCode=12044 轮次ID=20260602_171528_292
============================= SH85SelfCheck 执行记录 =============================
任务名称: SH85SelfCheck
模式: 周期自检
轮次ID: 20260602_171528_292
设备: 12044
结果: 失败
结果码: StartCommandFailed
说明: 启动自检指令下发失败: 等待RTU响应超时
开始时间: 2026-06-02 17:15:28.293
结束时间: 2026-06-02 17:15:29.585
耗时: 1292 ms
----------------------------- 执行明细 -----------------------------
自检任务开始
总时长: 70 s
自检器启动成功
进入阶段: 阶段1 - 下发启动自检指令
指令下发明细: 完成
指令: StartSelfCheck
所属阶段: 阶段1 - 下发启动自检指令
发送时间: 2026-06-02 17:15:28.562
响应时间: -
发送次数: 1/1
发送指令帧: 01 06 00 17 00 A5 F9 B5
响应帧: 超时, 等待RTU响应超时
错误信息: 等待RTU响应超时
处理结果: 失败
============================= SH85SelfCheck 执行记录结束 =============================
[设备记录 44/80 END] QRCode=12044 轮次ID=20260602_171528_292
[设备记录 45/80 BEGIN] QRCode=12045 轮次ID=20260602_171528_292
============================= SH85SelfCheck 执行记录 =============================
任务名称: SH85SelfCheck
模式: 周期自检
轮次ID: 20260602_171528_292
设备: 12045
结果: 失败
结果码: StartCommandFailed
说明: 启动自检指令下发失败: 等待RTU响应超时
开始时间: 2026-06-02 17:15:28.293
结束时间: 2026-06-02 17:15:29.665
耗时: 1372 ms
----------------------------- 执行明细 -----------------------------
自检任务开始
总时长: 70 s
自检器启动成功
进入阶段: 阶段1 - 下发启动自检指令
指令下发明细: 完成
指令: StartSelfCheck
所属阶段: 阶段1 - 下发启动自检指令
发送时间: 2026-06-02 17:15:28.653
响应时间: -
发送次数: 1/1
发送指令帧: 01 06 00 17 00 A5 F9 B5
响应帧: 超时, 等待RTU响应超时
错误信息: 等待RTU响应超时
处理结果: 失败
============================= SH85SelfCheck 执行记录结束 =============================
[设备记录 45/80 END] QRCode=12045 轮次ID=20260602_171528_292
[设备记录 46/80 BEGIN] QRCode=12046 轮次ID=20260602_171528_292
============================= SH85SelfCheck 执行记录 =============================
任务名称: SH85SelfCheck
模式: 周期自检
轮次ID: 20260602_171528_292
设备: 12046
结果: 跳过
结果码: Skipped
说明: FOUP 到位
开始时间: 2026-06-02 17:15:28.293
结束时间: 2026-06-02 17:15:28.345
耗时: 52 ms
----------------------------- 执行明细 -----------------------------
自检任务开始
总时长: 70 s
跳过自检
原因: FOUP 到位
============================= SH85SelfCheck 执行记录结束 =============================
[设备记录 46/80 END] QRCode=12046 轮次ID=20260602_171528_292
[设备记录 47/80 BEGIN] QRCode=12047 轮次ID=20260602_171528_292
============================= SH85SelfCheck 执行记录 =============================
任务名称: SH85SelfCheck
模式: 周期自检
轮次ID: 20260602_171528_292
设备: 12047
结果: 跳过
结果码: Skipped
说明: FOUP 到位
开始时间: 2026-06-02 17:15:28.293
结束时间: 2026-06-02 17:15:28.345
耗时: 52 ms
----------------------------- 执行明细 -----------------------------
自检任务开始
总时长: 70 s
跳过自检
原因: FOUP 到位
============================= SH85SelfCheck 执行记录结束 =============================
[设备记录 47/80 END] QRCode=12047 轮次ID=20260602_171528_292
[设备记录 48/80 BEGIN] QRCode=12048 轮次ID=20260602_171528_292
============================= SH85SelfCheck 执行记录 =============================
任务名称: SH85SelfCheck
模式: 周期自检
轮次ID: 20260602_171528_292
设备: 12048
结果: 失败
结果码: StartCommandFailed
说明: 启动自检指令下发失败: 等待RTU响应超时
开始时间: 2026-06-02 17:15:28.293
结束时间: 2026-06-02 17:15:29.385
耗时: 1092 ms
----------------------------- 执行明细 -----------------------------
自检任务开始
总时长: 70 s
自检器启动成功
进入阶段: 阶段1 - 下发启动自检指令
指令下发明细: 完成
指令: StartSelfCheck
所属阶段: 阶段1 - 下发启动自检指令
发送时间: 2026-06-02 17:15:28.349
响应时间: -
发送次数: 1/1
发送指令帧: 01 06 00 17 00 A5 F9 B5
响应帧: 超时, 等待RTU响应超时
错误信息: 等待RTU响应超时
处理结果: 失败
============================= SH85SelfCheck 执行记录结束 =============================
[设备记录 48/80 END] QRCode=12048 轮次ID=20260602_171528_292
[设备记录 49/80 BEGIN] QRCode=12049 轮次ID=20260602_171528_292
============================= SH85SelfCheck 执行记录 =============================
任务名称: SH85SelfCheck
模式: 周期自检
轮次ID: 20260602_171528_292
设备: 12049
结果: 跳过
结果码: Skipped
说明: FOUP 到位
开始时间: 2026-06-02 17:15:28.293
结束时间: 2026-06-02 17:15:28.346
耗时: 53 ms
----------------------------- 执行明细 -----------------------------
自检任务开始
总时长: 70 s
跳过自检
原因: FOUP 到位
============================= SH85SelfCheck 执行记录结束 =============================
[设备记录 49/80 END] QRCode=12049 轮次ID=20260602_171528_292
[设备记录 50/80 BEGIN] QRCode=12050 轮次ID=20260602_171528_292
============================= SH85SelfCheck 执行记录 =============================
任务名称: SH85SelfCheck
模式: 周期自检
轮次ID: 20260602_171528_292
设备: 12050
结果: 失败
结果码: StartCommandFailed
说明: 启动自检指令下发失败: 等待RTU响应超时
开始时间: 2026-06-02 17:15:28.293
结束时间: 2026-06-02 17:15:29.372
耗时: 1079 ms
----------------------------- 执行明细 -----------------------------
自检任务开始
总时长: 70 s
自检器启动成功
进入阶段: 阶段1 - 下发启动自检指令
指令下发明细: 完成
指令: StartSelfCheck
所属阶段: 阶段1 - 下发启动自检指令
发送时间: 2026-06-02 17:15:28.349
响应时间: -
发送次数: 1/1
发送指令帧: 01 06 00 17 00 A5 F9 B5
响应帧: 超时, 等待RTU响应超时
错误信息: 等待RTU响应超时
处理结果: 失败
============================= SH85SelfCheck 执行记录结束 =============================
[设备记录 50/80 END] QRCode=12050 轮次ID=20260602_171528_292
[设备记录 51/80 BEGIN] QRCode=12051 轮次ID=20260602_171528_292
============================= SH85SelfCheck 执行记录 =============================
任务名称: SH85SelfCheck
模式: 周期自检
轮次ID: 20260602_171528_292
设备: 12051
结果: 跳过
结果码: Skipped
说明: FOUP 到位
开始时间: 2026-06-02 17:15:28.293
结束时间: 2026-06-02 17:15:28.347
耗时: 54 ms
----------------------------- 执行明细 -----------------------------
自检任务开始
总时长: 70 s
跳过自检
原因: FOUP 到位
============================= SH85SelfCheck 执行记录结束 =============================
[设备记录 51/80 END] QRCode=12051 轮次ID=20260602_171528_292
[设备记录 52/80 BEGIN] QRCode=12052 轮次ID=20260602_171528_292
============================= SH85SelfCheck 执行记录 =============================
任务名称: SH85SelfCheck
模式: 周期自检
轮次ID: 20260602_171528_292
设备: 12052
结果: 跳过
结果码: Skipped
说明: FOUP 到位
开始时间: 2026-06-02 17:15:28.293
结束时间: 2026-06-02 17:15:28.349
耗时: 56 ms
----------------------------- 执行明细 -----------------------------
自检任务开始
总时长: 70 s
跳过自检
原因: FOUP 到位
============================= SH85SelfCheck 执行记录结束 =============================
[设备记录 52/80 END] QRCode=12052 轮次ID=20260602_171528_292
[设备记录 53/80 BEGIN] QRCode=12053 轮次ID=20260602_171528_292
============================= SH85SelfCheck 执行记录 =============================
任务名称: SH85SelfCheck
模式: 周期自检
轮次ID: 20260602_171528_292
设备: 12053
结果: 跳过
结果码: Skipped
说明: FOUP 到位
开始时间: 2026-06-02 17:15:28.293
结束时间: 2026-06-02 17:15:28.349
耗时: 56 ms
----------------------------- 执行明细 -----------------------------
自检任务开始
总时长: 70 s
跳过自检
原因: FOUP 到位
============================= SH85SelfCheck 执行记录结束 =============================
[设备记录 53/80 END] QRCode=12053 轮次ID=20260602_171528_292
[设备记录 54/80 BEGIN] QRCode=12054 轮次ID=20260602_171528_292
============================= SH85SelfCheck 执行记录 =============================
任务名称: SH85SelfCheck
模式: 周期自检
轮次ID: 20260602_171528_292
设备: 12054
结果: 失败
结果码: StartCommandFailed
说明: 启动自检指令下发失败: 等待RTU响应超时
开始时间: 2026-06-02 17:15:28.293
结束时间: 2026-06-02 17:15:29.691
耗时: 1398 ms
----------------------------- 执行明细 -----------------------------
自检任务开始
总时长: 70 s
自检器启动成功
进入阶段: 阶段1 - 下发启动自检指令
指令下发明细: 完成
指令: StartSelfCheck
所属阶段: 阶段1 - 下发启动自检指令
发送时间: 2026-06-02 17:15:28.682
响应时间: -
发送次数: 1/1
发送指令帧: 01 06 00 17 00 A5 F9 B5
响应帧: 超时, 等待RTU响应超时
错误信息: 等待RTU响应超时
处理结果: 失败
============================= SH85SelfCheck 执行记录结束 =============================
[设备记录 54/80 END] QRCode=12054 轮次ID=20260602_171528_292
[设备记录 55/80 BEGIN] QRCode=12055 轮次ID=20260602_171528_292
============================= SH85SelfCheck 执行记录 =============================
任务名称: SH85SelfCheck
模式: 周期自检
轮次ID: 20260602_171528_292
设备: 12055
结果: 失败
结果码: StartCommandFailed
说明: 启动自检指令下发失败: 等待RTU响应超时
开始时间: 2026-06-02 17:15:28.293
结束时间: 2026-06-02 17:15:29.578
耗时: 1285 ms
----------------------------- 执行明细 -----------------------------
自检任务开始
总时长: 70 s
自检器启动成功
进入阶段: 阶段1 - 下发启动自检指令
指令下发明细: 完成
指令: StartSelfCheck
所属阶段: 阶段1 - 下发启动自检指令
发送时间: 2026-06-02 17:15:28.556
响应时间: -
发送次数: 1/1
发送指令帧: 01 06 00 17 00 A5 F9 B5
响应帧: 超时, 等待RTU响应超时
错误信息: 等待RTU响应超时
处理结果: 失败
============================= SH85SelfCheck 执行记录结束 =============================
[设备记录 55/80 END] QRCode=12055 轮次ID=20260602_171528_292
[设备记录 56/80 BEGIN] QRCode=12056 轮次ID=20260602_171528_292
============================= SH85SelfCheck 执行记录 =============================
任务名称: SH85SelfCheck
模式: 周期自检
轮次ID: 20260602_171528_292
设备: 12056
结果: 跳过
结果码: Skipped
说明: FOUP 到位
开始时间: 2026-06-02 17:15:28.293
结束时间: 2026-06-02 17:15:28.351
耗时: 58 ms
----------------------------- 执行明细 -----------------------------
自检任务开始
总时长: 70 s
跳过自检
原因: FOUP 到位
============================= SH85SelfCheck 执行记录结束 =============================
[设备记录 56/80 END] QRCode=12056 轮次ID=20260602_171528_292
[设备记录 57/80 BEGIN] QRCode=12057 轮次ID=20260602_171528_292
============================= SH85SelfCheck 执行记录 =============================
任务名称: SH85SelfCheck
模式: 周期自检
轮次ID: 20260602_171528_292
设备: 12057
结果: 跳过
结果码: Skipped
说明: FOUP 到位
开始时间: 2026-06-02 17:15:28.293
结束时间: 2026-06-02 17:15:28.351
耗时: 58 ms
----------------------------- 执行明细 -----------------------------
自检任务开始
总时长: 70 s
跳过自检
原因: FOUP 到位
============================= SH85SelfCheck 执行记录结束 =============================
[设备记录 57/80 END] QRCode=12057 轮次ID=20260602_171528_292
[设备记录 58/80 BEGIN] QRCode=12058 轮次ID=20260602_171528_292
============================= SH85SelfCheck 执行记录 =============================
任务名称: SH85SelfCheck
模式: 周期自检
轮次ID: 20260602_171528_292
设备: 12058
结果: 失败
结果码: StartCommandFailed
说明: 启动自检指令下发失败: 等待RTU响应超时
开始时间: 2026-06-02 17:15:28.293
结束时间: 2026-06-02 17:15:30.003
耗时: 1710 ms
----------------------------- 执行明细 -----------------------------
自检任务开始
总时长: 70 s
自检器启动成功
进入阶段: 阶段1 - 下发启动自检指令
指令下发明细: 完成
指令: StartSelfCheck
所属阶段: 阶段1 - 下发启动自检指令
发送时间: 2026-06-02 17:15:28.983
响应时间: -
发送次数: 1/1
发送指令帧: 01 06 00 17 00 A5 F9 B5
响应帧: 超时, 等待RTU响应超时
错误信息: 等待RTU响应超时
处理结果: 失败
============================= SH85SelfCheck 执行记录结束 =============================
[设备记录 58/80 END] QRCode=12058 轮次ID=20260602_171528_292
[设备记录 59/80 BEGIN] QRCode=12059 轮次ID=20260602_171528_292
============================= SH85SelfCheck 执行记录 =============================
任务名称: SH85SelfCheck
模式: 周期自检
轮次ID: 20260602_171528_292
设备: 12059
结果: 失败
结果码: StartCommandFailed
说明: 启动自检指令下发失败: 等待RTU响应超时
开始时间: 2026-06-02 17:15:28.293
结束时间: 2026-06-02 17:15:29.385
耗时: 1092 ms
----------------------------- 执行明细 -----------------------------
自检任务开始
总时长: 70 s
自检器启动成功
进入阶段: 阶段1 - 下发启动自检指令
指令下发明细: 完成
指令: StartSelfCheck
所属阶段: 阶段1 - 下发启动自检指令
发送时间: 2026-06-02 17:15:28.356
响应时间: -
发送次数: 1/1
发送指令帧: 01 06 00 17 00 A5 F9 B5
响应帧: 超时, 等待RTU响应超时
错误信息: 等待RTU响应超时
处理结果: 失败
============================= SH85SelfCheck 执行记录结束 =============================
[设备记录 59/80 END] QRCode=12059 轮次ID=20260602_171528_292
[设备记录 60/80 BEGIN] QRCode=12060 轮次ID=20260602_171528_292
============================= SH85SelfCheck 执行记录 =============================
任务名称: SH85SelfCheck
模式: 周期自检
轮次ID: 20260602_171528_292
设备: 12060
结果: 跳过
结果码: Skipped
说明: FOUP 到位
开始时间: 2026-06-02 17:15:28.293
结束时间: 2026-06-02 17:15:28.355
耗时: 62 ms
----------------------------- 执行明细 -----------------------------
自检任务开始
总时长: 70 s
跳过自检
原因: FOUP 到位
============================= SH85SelfCheck 执行记录结束 =============================
[设备记录 60/80 END] QRCode=12060 轮次ID=20260602_171528_292
[设备记录 61/80 BEGIN] QRCode=12061 轮次ID=20260602_171528_292
============================= SH85SelfCheck 执行记录 =============================
任务名称: SH85SelfCheck
模式: 周期自检
轮次ID: 20260602_171528_292
设备: 12061
结果: 跳过
结果码: Skipped
说明: FOUP 到位
开始时间: 2026-06-02 17:15:28.293
结束时间: 2026-06-02 17:15:28.356
耗时: 63 ms
----------------------------- 执行明细 -----------------------------
自检任务开始
总时长: 70 s
跳过自检
原因: FOUP 到位
============================= SH85SelfCheck 执行记录结束 =============================
[设备记录 61/80 END] QRCode=12061 轮次ID=20260602_171528_292
[设备记录 62/80 BEGIN] QRCode=12062 轮次ID=20260602_171528_292
============================= SH85SelfCheck 执行记录 =============================
任务名称: SH85SelfCheck
模式: 周期自检
轮次ID: 20260602_171528_292
设备: 12062
结果: 失败
结果码: StartCommandFailed
说明: 启动自检指令下发失败: 等待RTU响应超时
开始时间: 2026-06-02 17:15:28.293
结束时间: 2026-06-02 17:15:29.385
耗时: 1092 ms
----------------------------- 执行明细 -----------------------------
自检任务开始
总时长: 70 s
自检器启动成功
进入阶段: 阶段1 - 下发启动自检指令
指令下发明细: 完成
指令: StartSelfCheck
所属阶段: 阶段1 - 下发启动自检指令
发送时间: 2026-06-02 17:15:28.359
响应时间: -
发送次数: 1/1
发送指令帧: 01 06 00 17 00 A5 F9 B5
响应帧: 超时, 等待RTU响应超时
错误信息: 等待RTU响应超时
处理结果: 失败
============================= SH85SelfCheck 执行记录结束 =============================
[设备记录 62/80 END] QRCode=12062 轮次ID=20260602_171528_292
[设备记录 63/80 BEGIN] QRCode=12063 轮次ID=20260602_171528_292
============================= SH85SelfCheck 执行记录 =============================
任务名称: SH85SelfCheck
模式: 周期自检
轮次ID: 20260602_171528_292
设备: 12063
结果: 跳过
结果码: Skipped
说明: FOUP 到位
开始时间: 2026-06-02 17:15:28.293
结束时间: 2026-06-02 17:15:28.356
耗时: 63 ms
----------------------------- 执行明细 -----------------------------
自检任务开始
总时长: 70 s
跳过自检
原因: FOUP 到位
============================= SH85SelfCheck 执行记录结束 =============================
[设备记录 63/80 END] QRCode=12063 轮次ID=20260602_171528_292
[设备记录 64/80 BEGIN] QRCode=12064 轮次ID=20260602_171528_292
============================= SH85SelfCheck 执行记录 =============================
任务名称: SH85SelfCheck
模式: 周期自检
轮次ID: 20260602_171528_292
设备: 12064
结果: 跳过
结果码: Skipped
说明: FOUP 到位
开始时间: 2026-06-02 17:15:28.293
结束时间: 2026-06-02 17:15:28.356
耗时: 63 ms
----------------------------- 执行明细 -----------------------------
自检任务开始
总时长: 70 s
跳过自检
原因: FOUP 到位
============================= SH85SelfCheck 执行记录结束 =============================
[设备记录 64/80 END] QRCode=12064 轮次ID=20260602_171528_292
[设备记录 65/80 BEGIN] QRCode=12065 轮次ID=20260602_171528_292
============================= SH85SelfCheck 执行记录 =============================
任务名称: SH85SelfCheck
模式: 周期自检
轮次ID: 20260602_171528_292
设备: 12065
结果: 失败
结果码: StartCommandFailed
说明: 启动自检指令下发失败: 等待RTU响应超时
开始时间: 2026-06-02 17:15:28.293
结束时间: 2026-06-02 17:15:30.027
耗时: 1734 ms
----------------------------- 执行明细 -----------------------------
自检任务开始
总时长: 70 s
自检器启动成功
进入阶段: 阶段1 - 下发启动自检指令
指令下发明细: 完成
指令: StartSelfCheck
所属阶段: 阶段1 - 下发启动自检指令
发送时间: 2026-06-02 17:15:29.010
响应时间: -
发送次数: 1/1
发送指令帧: 01 06 00 17 00 A5 F9 B5
响应帧: 超时, 等待RTU响应超时
错误信息: 等待RTU响应超时
处理结果: 失败
============================= SH85SelfCheck 执行记录结束 =============================
[设备记录 65/80 END] QRCode=12065 轮次ID=20260602_171528_292
[设备记录 66/80 BEGIN] QRCode=12066 轮次ID=20260602_171528_292
============================= SH85SelfCheck 执行记录 =============================
任务名称: SH85SelfCheck
模式: 周期自检
轮次ID: 20260602_171528_292
设备: 12066
结果: 跳过
结果码: Skipped
说明: FOUP 到位
开始时间: 2026-06-02 17:15:28.293
结束时间: 2026-06-02 17:15:28.358
耗时: 65 ms
----------------------------- 执行明细 -----------------------------
自检任务开始
总时长: 70 s
跳过自检
原因: FOUP 到位
============================= SH85SelfCheck 执行记录结束 =============================
[设备记录 66/80 END] QRCode=12066 轮次ID=20260602_171528_292
[设备记录 67/80 BEGIN] QRCode=12067 轮次ID=20260602_171528_292
============================= SH85SelfCheck 执行记录 =============================
任务名称: SH85SelfCheck
模式: 周期自检
轮次ID: 20260602_171528_292
设备: 12067
结果: 失败
结果码: StartCommandFailed
说明: 启动自检指令下发失败: 等待RTU响应超时
开始时间: 2026-06-02 17:15:28.293
结束时间: 2026-06-02 17:15:30.006
耗时: 1713 ms
----------------------------- 执行明细 -----------------------------
自检任务开始
总时长: 70 s
自检器启动成功
进入阶段: 阶段1 - 下发启动自检指令
指令下发明细: 完成
指令: StartSelfCheck
所属阶段: 阶段1 - 下发启动自检指令
发送时间: 2026-06-02 17:15:29.000
响应时间: -
发送次数: 1/1
发送指令帧: 01 06 00 17 00 A5 F9 B5
响应帧: 超时, 等待RTU响应超时
错误信息: 等待RTU响应超时
处理结果: 失败
============================= SH85SelfCheck 执行记录结束 =============================
[设备记录 67/80 END] QRCode=12067 轮次ID=20260602_171528_292
[设备记录 68/80 BEGIN] QRCode=12068 轮次ID=20260602_171528_292
============================= SH85SelfCheck 执行记录 =============================
任务名称: SH85SelfCheck
模式: 周期自检
轮次ID: 20260602_171528_292
设备: 12068
结果: 跳过
结果码: Skipped
说明: FOUP 到位
开始时间: 2026-06-02 17:15:28.293
结束时间: 2026-06-02 17:15:28.359
耗时: 66 ms
----------------------------- 执行明细 -----------------------------
自检任务开始
总时长: 70 s
跳过自检
原因: FOUP 到位
============================= SH85SelfCheck 执行记录结束 =============================
[设备记录 68/80 END] QRCode=12068 轮次ID=20260602_171528_292
[设备记录 69/80 BEGIN] QRCode=12069 轮次ID=20260602_171528_292
============================= SH85SelfCheck 执行记录 =============================
任务名称: SH85SelfCheck
模式: 周期自检
轮次ID: 20260602_171528_292
设备: 12069
结果: 失败
结果码: StartCommandFailed
说明: 启动自检指令下发失败: 等待RTU响应超时
开始时间: 2026-06-02 17:15:28.293
结束时间: 2026-06-02 17:15:29.385
耗时: 1092 ms
----------------------------- 执行明细 -----------------------------
自检任务开始
总时长: 70 s
自检器启动成功
进入阶段: 阶段1 - 下发启动自检指令
指令下发明细: 完成
指令: StartSelfCheck
所属阶段: 阶段1 - 下发启动自检指令
发送时间: 2026-06-02 17:15:28.362
响应时间: -
发送次数: 1/1
发送指令帧: 01 06 00 17 00 A5 F9 B5
响应帧: 超时, 等待RTU响应超时
错误信息: 等待RTU响应超时
处理结果: 失败
============================= SH85SelfCheck 执行记录结束 =============================
[设备记录 69/80 END] QRCode=12069 轮次ID=20260602_171528_292
[设备记录 70/80 BEGIN] QRCode=12070 轮次ID=20260602_171528_292
============================= SH85SelfCheck 执行记录 =============================
任务名称: SH85SelfCheck
模式: 周期自检
轮次ID: 20260602_171528_292
设备: 12070
结果: 失败
结果码: StartCommandFailed
说明: 启动自检指令下发失败: 等待RTU响应超时
开始时间: 2026-06-02 17:15:28.293
结束时间: 2026-06-02 17:15:30.027
耗时: 1734 ms
----------------------------- 执行明细 -----------------------------
自检任务开始
总时长: 70 s
自检器启动成功
进入阶段: 阶段1 - 下发启动自检指令
指令下发明细: 完成
指令: StartSelfCheck
所属阶段: 阶段1 - 下发启动自检指令
发送时间: 2026-06-02 17:15:29.010
响应时间: -
发送次数: 1/1
发送指令帧: 01 06 00 17 00 A5 F9 B5
响应帧: 超时, 等待RTU响应超时
错误信息: 等待RTU响应超时
处理结果: 失败
============================= SH85SelfCheck 执行记录结束 =============================
[设备记录 70/80 END] QRCode=12070 轮次ID=20260602_171528_292
[设备记录 71/80 BEGIN] QRCode=12071 轮次ID=20260602_171528_292
============================= SH85SelfCheck 执行记录 =============================
任务名称: SH85SelfCheck
模式: 周期自检
轮次ID: 20260602_171528_292
设备: 12071
结果: 失败
结果码: StartCommandFailed
说明: 启动自检指令下发失败: 等待RTU响应超时
开始时间: 2026-06-02 17:15:28.293
结束时间: 2026-06-02 17:15:29.578
耗时: 1285 ms
----------------------------- 执行明细 -----------------------------
自检任务开始
总时长: 70 s
自检器启动成功
进入阶段: 阶段1 - 下发启动自检指令
指令下发明细: 完成
指令: StartSelfCheck
所属阶段: 阶段1 - 下发启动自检指令
发送时间: 2026-06-02 17:15:28.557
响应时间: -
发送次数: 1/1
发送指令帧: 01 06 00 17 00 A5 F9 B5
响应帧: 超时, 等待RTU响应超时
错误信息: 等待RTU响应超时
处理结果: 失败
============================= SH85SelfCheck 执行记录结束 =============================
[设备记录 71/80 END] QRCode=12071 轮次ID=20260602_171528_292
[设备记录 72/80 BEGIN] QRCode=12072 轮次ID=20260602_171528_292
============================= SH85SelfCheck 执行记录 =============================
任务名称: SH85SelfCheck
模式: 周期自检
轮次ID: 20260602_171528_292
设备: 12072
结果: 跳过
结果码: Skipped
说明: FOUP 到位
开始时间: 2026-06-02 17:15:28.293
结束时间: 2026-06-02 17:15:28.363
耗时: 70 ms
----------------------------- 执行明细 -----------------------------
自检任务开始
总时长: 70 s
跳过自检
原因: FOUP 到位
============================= SH85SelfCheck 执行记录结束 =============================
[设备记录 72/80 END] QRCode=12072 轮次ID=20260602_171528_292
[设备记录 73/80 BEGIN] QRCode=12073 轮次ID=20260602_171528_292
============================= SH85SelfCheck 执行记录 =============================
任务名称: SH85SelfCheck
模式: 周期自检
轮次ID: 20260602_171528_292
设备: 12073
结果: 失败
结果码: StartCommandFailed
说明: 启动自检指令下发失败: 等待RTU响应超时
开始时间: 2026-06-02 17:15:28.293
结束时间: 2026-06-02 17:15:29.578
耗时: 1285 ms
----------------------------- 执行明细 -----------------------------
自检任务开始
总时长: 70 s
自检器启动成功
进入阶段: 阶段1 - 下发启动自检指令
指令下发明细: 完成
指令: StartSelfCheck
所属阶段: 阶段1 - 下发启动自检指令
发送时间: 2026-06-02 17:15:28.556
响应时间: -
发送次数: 1/1
发送指令帧: 01 06 00 17 00 A5 F9 B5
响应帧: 超时, 等待RTU响应超时
错误信息: 等待RTU响应超时
处理结果: 失败
============================= SH85SelfCheck 执行记录结束 =============================
[设备记录 73/80 END] QRCode=12073 轮次ID=20260602_171528_292
[设备记录 74/80 BEGIN] QRCode=12074 轮次ID=20260602_171528_292
============================= SH85SelfCheck 执行记录 =============================
任务名称: SH85SelfCheck
模式: 周期自检
轮次ID: 20260602_171528_292
设备: 12074
结果: 跳过
结果码: Skipped
说明: FOUP 到位
开始时间: 2026-06-02 17:15:28.293
结束时间: 2026-06-02 17:15:28.364
耗时: 71 ms
----------------------------- 执行明细 -----------------------------
自检任务开始
总时长: 70 s
跳过自检
原因: FOUP 到位
============================= SH85SelfCheck 执行记录结束 =============================
[设备记录 74/80 END] QRCode=12074 轮次ID=20260602_171528_292
[设备记录 75/80 BEGIN] QRCode=12075 轮次ID=20260602_171528_292
============================= SH85SelfCheck 执行记录 =============================
任务名称: SH85SelfCheck
模式: 周期自检
轮次ID: 20260602_171528_292
设备: 12075
结果: 跳过
结果码: Skipped
说明: FOUP 到位
开始时间: 2026-06-02 17:15:28.293
结束时间: 2026-06-02 17:15:28.364
耗时: 71 ms
----------------------------- 执行明细 -----------------------------
自检任务开始
总时长: 70 s
跳过自检
原因: FOUP 到位
============================= SH85SelfCheck 执行记录结束 =============================
[设备记录 75/80 END] QRCode=12075 轮次ID=20260602_171528_292
[设备记录 76/80 BEGIN] QRCode=12076 轮次ID=20260602_171528_292
============================= SH85SelfCheck 执行记录 =============================
任务名称: SH85SelfCheck
模式: 周期自检
轮次ID: 20260602_171528_292
设备: 12076
结果: 跳过
结果码: Skipped
说明: FOUP 到位
开始时间: 2026-06-02 17:15:28.293
结束时间: 2026-06-02 17:15:28.364
耗时: 71 ms
----------------------------- 执行明细 -----------------------------
自检任务开始
总时长: 70 s
跳过自检
原因: FOUP 到位
============================= SH85SelfCheck 执行记录结束 =============================
[设备记录 76/80 END] QRCode=12076 轮次ID=20260602_171528_292
[设备记录 77/80 BEGIN] QRCode=12077 轮次ID=20260602_171528_292
============================= SH85SelfCheck 执行记录 =============================
任务名称: SH85SelfCheck
模式: 周期自检
轮次ID: 20260602_171528_292
设备: 12077
结果: 失败
结果码: StartCommandFailed
说明: 启动自检指令下发失败: 等待RTU响应超时
开始时间: 2026-06-02 17:15:28.293
结束时间: 2026-06-02 17:15:30.027
耗时: 1734 ms
----------------------------- 执行明细 -----------------------------
自检任务开始
总时长: 70 s
自检器启动成功
进入阶段: 阶段1 - 下发启动自检指令
指令下发明细: 完成
指令: StartSelfCheck
所属阶段: 阶段1 - 下发启动自检指令
发送时间: 2026-06-02 17:15:29.010
响应时间: -
发送次数: 1/1
发送指令帧: 01 06 00 17 00 A5 F9 B5
响应帧: 超时, 等待RTU响应超时
错误信息: 等待RTU响应超时
处理结果: 失败
============================= SH85SelfCheck 执行记录结束 =============================
[设备记录 77/80 END] QRCode=12077 轮次ID=20260602_171528_292
[设备记录 78/80 BEGIN] QRCode=12078 轮次ID=20260602_171528_292
============================= SH85SelfCheck 执行记录 =============================
任务名称: SH85SelfCheck
模式: 周期自检
轮次ID: 20260602_171528_292
设备: 12078
结果: 跳过
结果码: Skipped
说明: FOUP 到位
开始时间: 2026-06-02 17:15:28.293
结束时间: 2026-06-02 17:15:28.365
耗时: 72 ms
----------------------------- 执行明细 -----------------------------
自检任务开始
总时长: 70 s
跳过自检
原因: FOUP 到位
============================= SH85SelfCheck 执行记录结束 =============================
[设备记录 78/80 END] QRCode=12078 轮次ID=20260602_171528_292
[设备记录 79/80 BEGIN] QRCode=12079 轮次ID=20260602_171528_292
============================= SH85SelfCheck 执行记录 =============================
任务名称: SH85SelfCheck
模式: 周期自检
轮次ID: 20260602_171528_292
设备: 12079
结果: 失败
结果码: StartCommandFailed
说明: 启动自检指令下发失败: 等待RTU响应超时
开始时间: 2026-06-02 17:15:28.293
结束时间: 2026-06-02 17:15:29.892
耗时: 1599 ms
----------------------------- 执行明细 -----------------------------
自检任务开始
总时长: 70 s
自检器启动成功
进入阶段: 阶段1 - 下发启动自检指令
指令下发明细: 完成
指令: StartSelfCheck
所属阶段: 阶段1 - 下发启动自检指令
发送时间: 2026-06-02 17:15:28.871
响应时间: -
发送次数: 1/1
发送指令帧: 01 06 00 17 00 A5 F9 B5
响应帧: 超时, 等待RTU响应超时
错误信息: 等待RTU响应超时
处理结果: 失败
============================= SH85SelfCheck 执行记录结束 =============================
[设备记录 79/80 END] QRCode=12079 轮次ID=20260602_171528_292
[设备记录 80/80 BEGIN] QRCode=12080 轮次ID=20260602_171528_292
============================= SH85SelfCheck 执行记录 =============================
任务名称: SH85SelfCheck
模式: 周期自检
轮次ID: 20260602_171528_292
设备: 12080
结果: 失败
结果码: StartCommandFailed
说明: 启动自检指令下发失败: 等待RTU响应超时
开始时间: 2026-06-02 17:15:28.293
结束时间: 2026-06-02 17:15:29.578
耗时: 1285 ms
----------------------------- 执行明细 -----------------------------
自检任务开始
总时长: 70 s
自检器启动成功
进入阶段: 阶段1 - 下发启动自检指令
指令下发明细: 完成
指令: StartSelfCheck
所属阶段: 阶段1 - 下发启动自检指令
发送时间: 2026-06-02 17:15:28.556
响应时间: -
发送次数: 1/1
发送指令帧: 01 06 00 17 00 A5 F9 B5
响应帧: 超时, 等待RTU响应超时
错误信息: 等待RTU响应超时
处理结果: 失败
============================= SH85SelfCheck 执行记录结束 =============================
[设备记录 80/80 END] QRCode=12080 轮次ID=20260602_171528_292
############################## SH85_PERIODIC_ROUND_END ##############################
轮次ID: 20260602_171528_292
################################################################################
[2026-06-02 17:15:30] [WARN] [SH85PeriodicSelfCheckTask] 周期自检轮次失败
轮次ID: 20260602_171528_292
开始时间: 2026-06-02 17:15:28
结束时间: 2026-06-02 17:15:30
总设备数: 80
参与设备数: 40
成功设备数: 0
失败设备数: 40
跳过设备数: 40
失败原因摘要:
- 启动自检指令下发失败: 等待RTU响应超时: 40 台
  设备: 12001, 12003, 12006, 12008, 12009, 12011, 12012, 12015, 12018, 12019, 12020, 12022, 12026, 12027, 12031, 12032, 12033, 12035, 12036, 12037, 12038, 12042, 12044, 12045, 12048, 12050, 12054, 12055, 12058, 12059, 12062, 12065, 12067, 12069, 12070, 12071, 12073, 12077, 12079, 12080
详细执行记录: 请在 self_check.log 搜索轮次ID 20260602_171528_292
