[2026-06-02 15:06:55] [WARN] [scheduler][NetworkStatusTask][QRCode][Device][指令完成]：设备ID=12003 
指令: WriteQRCode
请求帧: 01 10 00 02 00 02 04 00 00 2E E3
响应帧: 01 10 00 02 00 02
处理结果: 失败
失败原因: 等待RTU响应超时
诊断:
  received=false
  timedOut=true
  checksumError=false
  deviceBusy=false
发送时间: 2026-06-02 15:06:54
响应时间: -
重试次数: 5

[2026-06-02 15:06:55] [WARN] [scheduler][NetworkStatusTask][QRCode][Device][指令完成]：设备ID=12004 
指令: WriteQRCode
请求帧: 01 10 00 02 00 02 04 00 00 2E E4
响应帧: 01 10 00 02 00 02
处理结果: 失败
失败原因: 等待RTU响应超时
诊断:
  received=false
  timedOut=true
  checksumError=false
  deviceBusy=false
发送时间: 2026-06-02 15:06:54
响应时间: -
重试次数: 5

[2026-06-02 15:06:55] [WARN] [scheduler][NetworkStatusTask][QRCode][Device][指令完成]：设备ID=12013 
指令: WriteQRCode
请求帧: 01 10 00 02 00 02 04 00 00 2E ED
响应帧: 01 10 00 02 00 02
处理结果: 失败
失败原因: 等待RTU响应超时
诊断:
  received=false
  timedOut=true
  checksumError=false
  deviceBusy=false
发送时间: 2026-06-02 15:06:54
响应时间: -
重试次数: 5

[2026-06-02 15:06:55] [WARN] [scheduler][NetworkStatusTask][QRCode][Device][指令完成]：设备ID=12005 
指令: WriteQRCode
请求帧: 01 10 00 02 00 02 04 00 00 2E E5
响应帧: 01 10 00 02 00 02
处理结果: 失败
失败原因: 等待RTU响应超时
诊断:
  received=false
  timedOut=true
  checksumError=false
  deviceBusy=false
发送时间: 2026-06-02 15:06:54
响应时间: -
重试次数: 5

[2026-06-02 15:06:55] [WARN] [scheduler][NetworkStatusTask][QRCode][Device][指令完成]：设备ID=12012 
指令: WriteQRCode
请求帧: 01 10 00 02 00 02 04 00 00 2E EC
响应帧: 01 10 00 02 00 02
处理结果: 失败
失败原因: 等待RTU响应超时
诊断:
  received=false
  timedOut=true
  checksumError=false
  deviceBusy=false
发送时间: 2026-06-02 15:06:54
响应时间: -
重试次数: 5

[2026-06-02 15:06:55] [WARN] [scheduler][NetworkStatusTask][QRCode][Device][指令完成]：设备ID=12011 
指令: WriteQRCode
请求帧: 01 10 00 02 00 02 04 00 00 2E EB
响应帧: 01 10 00 02 00 02
处理结果: 失败
失败原因: 等待RTU响应超时
诊断:
  received=false
  timedOut=true
  checksumError=false
  deviceBusy=false
发送时间: 2026-06-02 15:06:54
响应时间: -
重试次数: 5

[2026-06-02 15:06:55] [WARN] [scheduler][NetworkStatusTask][QRCode][Device][指令完成]：设备ID=12006 
指令: WriteQRCode
请求帧: 01 10 00 02 00 02 04 00 00 2E E6
响应帧: 01 10 00 02 00 02
处理结果: 失败
失败原因: 等待RTU响应超时
诊断:
  received=false
  timedOut=true
  checksumError=false
  deviceBusy=false
发送时间: 2026-06-02 15:06:54
响应时间: -
重试次数: 5

[2026-06-02 15:06:55] [WARN] [scheduler][NetworkStatusTask][QRCode][Device][指令完成]：设备ID=12002 
指令: WriteQRCode
请求帧: 01 10 00 02 00 02 04 00 00 2E E2
响应帧: 01 10 00 02 00 02
处理结果: 失败
失败原因: 等待RTU响应超时
诊断:
  received=false
  timedOut=true
  checksumError=false
  deviceBusy=false
发送时间: 2026-06-02 15:06:54
响应时间: -
重试次数: 5

[2026-06-02 15:06:55] [WARN] [scheduler][NetworkStatusTask][QRCode][Device][指令完成]：设备ID=12010 
指令: WriteQRCode
请求帧: 01 10 00 02 00 02 04 00 00 2E EA
响应帧: 01 10 00 02 00 02
处理结果: 失败
失败原因: 等待RTU响应超时
诊断:
  received=false
  timedOut=true
  checksumError=false
  deviceBusy=false
发送时间: 2026-06-02 15:06:54
响应时间: -
重试次数: 5

[2026-06-02 15:06:55] [WARN] [scheduler][NetworkStatusTask][QRCode][Device][指令完成]：设备ID=12007 
指令: WriteQRCode
请求帧: 01 10 00 02 00 02 04 00 00 2E E7
响应帧: 01 10 00 02 00 02
处理结果: 失败
失败原因: 等待RTU响应超时
诊断:
  received=false
  timedOut=true
  checksumError=false
  deviceBusy=false
发送时间: 2026-06-02 15:06:54
响应时间: -
重试次数: 5

[2026-06-02 15:06:55] [WARN] [scheduler][NetworkStatusTask][QRCode][Device][指令完成]：设备ID=12008 
指令: WriteQRCode
请求帧: 01 10 00 02 00 02 04 00 00 2E E8
响应帧: 01 10 00 02 00 02
处理结果: 失败
失败原因: 等待RTU响应超时
诊断:
  received=false
  timedOut=true
  checksumError=false
  deviceBusy=false
发送时间: 2026-06-02 15:06:54
响应时间: -
重试次数: 5

[2026-06-02 15:06:55] [WARN] [scheduler][NetworkStatusTask][QRCode][Device][指令完成]：设备ID=12009 
指令: WriteQRCode
请求帧: 01 10 00 02 00 02 04 00 00 2E E9
响应帧: 01 10 00 02 00 02
处理结果: 失败
失败原因: 等待RTU响应超时
诊断:
  received=false
  timedOut=true
  checksumError=false
  deviceBusy=false
发送时间: 2026-06-02 15:06:54
响应时间: -
重试次数: 5

[2026-06-02 15:06:55] [WARN] [scheduler][NetworkStatusTask][QRCode][Device][指令完成]：设备ID=12016 
指令: WriteQRCode
请求帧: 01 10 00 02 00 02 04 00 00 2E F0
响应帧: 01 10 00 02 00 02
处理结果: 失败
失败原因: 等待RTU响应超时
诊断:
  received=false
  timedOut=true
  checksumError=false
  deviceBusy=false
发送时间: 2026-06-02 15:06:54
响应时间: -
重试次数: 5

[2026-06-02 15:06:55] [WARN] [scheduler][NetworkStatusTask][QRCode][Device][指令完成]：设备ID=12014 
指令: WriteQRCode
请求帧: 01 10 00 02 00 02 04 00 00 2E EE
响应帧: 01 10 00 02 00 02
处理结果: 失败
失败原因: 等待RTU响应超时
诊断:
  received=false
  timedOut=true
  checksumError=false
  deviceBusy=false
发送时间: 2026-06-02 15:06:54
响应时间: -
重试次数: 5

[2026-06-02 15:06:55] [WARN] [scheduler][NetworkStatusTask][QRCode][Device][指令完成]：设备ID=12017 
指令: WriteQRCode
请求帧: 01 10 00 02 00 02 04 00 00 2E F1
响应帧: 01 10 00 02 00 02
处理结果: 失败
失败原因: 等待RTU响应超时
诊断:
  received=false
  timedOut=true
  checksumError=false
  deviceBusy=false
发送时间: 2026-06-02 15:06:54
响应时间: -
重试次数: 5

[2026-06-02 15:06:55] [WARN] [scheduler][NetworkStatusTask][QRCode][Device][指令完成]：设备ID=12020 
指令: WriteQRCode
请求帧: 01 10 00 02 00 02 04 00 00 2E F4
响应帧: 01 10 00 02 00 02
处理结果: 失败
失败原因: 等待RTU响应超时
诊断:
  received=false
  timedOut=true
  checksumError=false
  deviceBusy=false
发送时间: 2026-06-02 15:06:54
响应时间: -
重试次数: 5

[2026-06-02 15:06:55] [WARN] [scheduler][NetworkStatusTask][QRCode][Device][指令完成]：设备ID=12022 
指令: WriteQRCode
请求帧: 01 10 00 02 00 02 04 00 00 2E F6
响应帧: 01 10 00 02 00 02
处理结果: 失败
失败原因: 等待RTU响应超时
诊断:
  received=false
  timedOut=true
  checksumError=false
  deviceBusy=false
发送时间: 2026-06-02 15:06:54
响应时间: -
重试次数: 5

[2026-06-02 15:06:55] [WARN] [scheduler][NetworkStatusTask][QRCode][Device][指令完成]：设备ID=12021 
指令: WriteQRCode
请求帧: 01 10 00 02 00 02 04 00 00 2E F5
响应帧: 01 10 00 02 00 02
处理结果: 失败
失败原因: 等待RTU响应超时
诊断:
  received=false
  timedOut=true
  checksumError=false
  deviceBusy=false
发送时间: 2026-06-02 15:06:54
响应时间: -
重试次数: 5

[2026-06-02 15:06:55] [WARN] [scheduler][NetworkStatusTask][QRCode][Device][指令完成]：设备ID=12001 
指令: WriteQRCode
请求帧: 01 10 00 02 00 02 04 00 00 2E E1
响应帧: 01 10 00 02 00 02
处理结果: 失败
失败原因: 等待RTU响应超时
诊断:
  received=false
  timedOut=true
  checksumError=false
  deviceBusy=false
发送时间: 2026-06-02 15:06:54
响应时间: -
重试次数: 5

[2026-06-02 15:06:55] [WARN] [scheduler][NetworkStatusTask][QRCode][Device][指令完成]：设备ID=12019 
指令: WriteQRCode
请求帧: 01 10 00 02 00 02 04 00 00 2E F3
响应帧: 01 10 00 02 00 02
处理结果: 失败
失败原因: 等待RTU响应超时
诊断:
  received=false
  timedOut=true
  checksumError=false
  deviceBusy=false
发送时间: 2026-06-02 15:06:54
响应时间: -
重试次数: 5

[2026-06-02 15:06:55] [WARN] [scheduler][NetworkStatusTask][QRCode][Device][指令完成]：设备ID=12015 
指令: WriteQRCode
请求帧: 01 10 00 02 00 02 04 00 00 2E EF
响应帧: 01 10 00 02 00 02
处理结果: 失败
失败原因: 等待RTU响应超时
诊断:
  received=false
  timedOut=true
  checksumError=false
  deviceBusy=false
发送时间: 2026-06-02 15:06:54
响应时间: -
重试次数: 5

[2026-06-02 15:06:55] [WARN] [scheduler][NetworkStatusTask][QRCode][Device][指令完成]：设备ID=12028 
指令: WriteQRCode
请求帧: 01 10 00 02 00 02 04 00 00 2E FC
响应帧: 01 10 00 02 00 02
处理结果: 失败
失败原因: 等待RTU响应超时
诊断:
  received=false
  timedOut=true
  checksumError=false
  deviceBusy=false
发送时间: 2026-06-02 15:06:54
响应时间: -
重试次数: 5

[2026-06-02 15:06:55] [WARN] [scheduler][NetworkStatusTask][QRCode][Device][指令完成]：设备ID=12018 
指令: WriteQRCode
请求帧: 01 10 00 02 00 02 04 00 00 2E F2
响应帧: 01 10 00 02 00 02
处理结果: 失败
失败原因: 等待RTU响应超时
诊断:
  received=false
  timedOut=true
  checksumError=false
  deviceBusy=false
发送时间: 2026-06-02 15:06:54
响应时间: -
重试次数: 5

[2026-06-02 15:06:55] [WARN] [scheduler][NetworkStatusTask][QRCode][Device][指令完成]：设备ID=12025 
指令: WriteQRCode
请求帧: 01 10 00 02 00 02 04 00 00 2E F9
响应帧: 01 10 00 02 00 02
处理结果: 失败
失败原因: 等待RTU响应超时
诊断:
  received=false
  timedOut=true
  checksumError=false
  deviceBusy=false
发送时间: 2026-06-02 15:06:54
响应时间: -
重试次数: 5

[2026-06-02 15:06:55] [WARN] [scheduler][NetworkStatusTask][QRCode][Device][指令完成]：设备ID=12039 
指令: WriteQRCode
请求帧: 01 10 00 02 00 02 04 00 00 2F 07
响应帧: 01 10 00 02 00 02
处理结果: 失败
失败原因: 等待RTU响应超时
诊断:
  received=false
  timedOut=true
  checksumError=false
  deviceBusy=false
发送时间: 2026-06-02 15:06:54
响应时间: -
重试次数: 5

[2026-06-02 15:06:55] [WARN] [scheduler][NetworkStatusTask][QRCode][Device][指令完成]：设备ID=12031 
指令: WriteQRCode
请求帧: 01 10 00 02 00 02 04 00 00 2E FF
响应帧: 01 10 00 02 00 02
处理结果: 失败
失败原因: 等待RTU响应超时
诊断:
  received=false
  timedOut=true
  checksumError=false
  deviceBusy=false
发送时间: 2026-06-02 15:06:54
响应时间: -
重试次数: 5

[2026-06-02 15:06:55] [WARN] [scheduler][NetworkStatusTask][QRCode][Device][指令完成]：设备ID=12035 
指令: WriteQRCode
请求帧: 01 10 00 02 00 02 04 00 00 2F 03
响应帧: 01 10 00 02 00 02
处理结果: 失败
失败原因: 等待RTU响应超时
诊断:
  received=false
  timedOut=true
  checksumError=false
  deviceBusy=false
发送时间: 2026-06-02 15:06:54
响应时间: -
重试次数: 5

[2026-06-02 15:06:55] [WARN] [scheduler][NetworkStatusTask][QRCode][Device][指令完成]：设备ID=12043 
指令: WriteQRCode
请求帧: 01 10 00 02 00 02 04 00 00 2F 0B
响应帧: 01 10 00 02 00 02
处理结果: 失败
失败原因: 等待RTU响应超时
诊断:
  received=false
  timedOut=true
  checksumError=false
  deviceBusy=false
发送时间: 2026-06-02 15:06:54
响应时间: -
重试次数: 5

[2026-06-02 15:06:55] [WARN] [scheduler][NetworkStatusTask][QRCode][Device][指令完成]：设备ID=12040 
指令: WriteQRCode
请求帧: 01 10 00 02 00 02 04 00 00 2F 08
响应帧: 01 10 00 02 00 02
处理结果: 失败
失败原因: 等待RTU响应超时
诊断:
  received=false
  timedOut=true
  checksumError=false
  deviceBusy=false
发送时间: 2026-06-02 15:06:54
响应时间: -
重试次数: 5

[2026-06-02 15:06:55] [WARN] [scheduler][NetworkStatusTask][QRCode][Device][指令完成]：设备ID=12027 
指令: WriteQRCode
请求帧: 01 10 00 02 00 02 04 00 00 2E FB
响应帧: 01 10 00 02 00 02
处理结果: 失败
失败原因: 等待RTU响应超时
诊断:
  received=false
  timedOut=true
  checksumError=false
  deviceBusy=false
发送时间: 2026-06-02 15:06:54
响应时间: -
重试次数: 5

[2026-06-02 15:06:55] [WARN] [scheduler][NetworkStatusTask][QRCode][Device][指令完成]：设备ID=12026 
指令: WriteQRCode
请求帧: 01 10 00 02 00 02 04 00 00 2E FA
响应帧: 01 10 00 02 00 02
处理结果: 失败
失败原因: 等待RTU响应超时
诊断:
  received=false
  timedOut=true
  checksumError=false
  deviceBusy=false
发送时间: 2026-06-02 15:06:54
响应时间: -
重试次数: 5

[2026-06-02 15:06:55] [WARN] [scheduler][NetworkStatusTask][QRCode][Device][指令完成]：设备ID=12032 
指令: WriteQRCode
请求帧: 01 10 00 02 00 02 04 00 00 2F 00
响应帧: 01 10 00 02 00 02
处理结果: 失败
失败原因: 等待RTU响应超时
诊断:
  received=false
  timedOut=true
  checksumError=false
  deviceBusy=false
发送时间: 2026-06-02 15:06:54
响应时间: -
重试次数: 5

[2026-06-02 15:06:55] [WARN] [scheduler][NetworkStatusTask][QRCode][Device][指令完成]：设备ID=12029 
指令: WriteQRCode
请求帧: 01 10 00 02 00 02 04 00 00 2E FD
响应帧: 01 10 00 02 00 02
处理结果: 失败
失败原因: 等待RTU响应超时
诊断:
  received=false
  timedOut=true
  checksumError=false
  deviceBusy=false
发送时间: 2026-06-02 15:06:54
响应时间: -
重试次数: 5

[2026-06-02 15:06:55] [WARN] [scheduler][NetworkStatusTask][QRCode][Device][指令完成]：设备ID=12030 
指令: WriteQRCode
请求帧: 01 10 00 02 00 02 04 00 00 2E FE
响应帧: 01 10 00 02 00 02
处理结果: 失败
失败原因: 等待RTU响应超时
诊断:
  received=false
  timedOut=true
  checksumError=false
  deviceBusy=false
发送时间: 2026-06-02 15:06:54
响应时间: -
重试次数: 5

[2026-06-02 15:06:55] [WARN] [scheduler][NetworkStatusTask][QRCode][Device][指令完成]：设备ID=12044 
指令: WriteQRCode
请求帧: 01 10 00 02 00 02 04 00 00 2F 0C
响应帧: 01 10 00 02 00 02
处理结果: 失败
失败原因: 等待RTU响应超时
诊断:
  received=false
  timedOut=true
  checksumError=false
  deviceBusy=false
发送时间: 2026-06-02 15:06:54
响应时间: -
重试次数: 5

[2026-06-02 15:06:55] [WARN] [scheduler][NetworkStatusTask][QRCode][Device][指令完成]：设备ID=12037 
指令: WriteQRCode
请求帧: 01 10 00 02 00 02 04 00 00 2F 05
响应帧: 01 10 00 02 00 02
处理结果: 失败
失败原因: 等待RTU响应超时
诊断:
  received=false
  timedOut=true
  checksumError=false
  deviceBusy=false
发送时间: 2026-06-02 15:06:54
响应时间: -
重试次数: 5

[2026-06-02 15:06:55] [WARN] [scheduler][NetworkStatusTask][QRCode][Device][指令完成]：设备ID=12050 
指令: WriteQRCode
请求帧: 01 10 00 02 00 02 04 00 00 2F 12
响应帧: 01 10 00 02 00 02
处理结果: 失败
失败原因: 等待RTU响应超时
诊断:
  received=false
  timedOut=true
  checksumError=false
  deviceBusy=false
发送时间: 2026-06-02 15:06:54
响应时间: -
重试次数: 5

[2026-06-02 15:06:55] [WARN] [scheduler][NetworkStatusTask][QRCode][Device][指令完成]：设备ID=12036 
指令: WriteQRCode
请求帧: 01 10 00 02 00 02 04 00 00 2F 04
响应帧: 01 10 00 02 00 02
处理结果: 失败
失败原因: 等待RTU响应超时
诊断:
  received=false
  timedOut=true
  checksumError=false
  deviceBusy=false
发送时间: 2026-06-02 15:06:54
响应时间: -
重试次数: 5

[2026-06-02 15:06:55] [WARN] [scheduler][NetworkStatusTask][QRCode][Device][指令完成]：设备ID=12023 
指令: WriteQRCode
请求帧: 01 10 00 02 00 02 04 00 00 2E F7
响应帧: 01 10 00 02 00 02
处理结果: 失败
失败原因: 等待RTU响应超时
诊断:
  received=false
  timedOut=true
  checksumError=false
  deviceBusy=false
发送时间: 2026-06-02 15:06:54
响应时间: -
重试次数: 5

[2026-06-02 15:06:55] [WARN] [scheduler][NetworkStatusTask][QRCode][Device][指令完成]：设备ID=12038 
指令: WriteQRCode
请求帧: 01 10 00 02 00 02 04 00 00 2F 06
响应帧: 01 10 00 02 00 02
处理结果: 失败
失败原因: 等待RTU响应超时
诊断:
  received=false
  timedOut=true
  checksumError=false
  deviceBusy=false
发送时间: 2026-06-02 15:06:54
响应时间: -
重试次数: 5

[2026-06-02 15:06:55] [WARN] [scheduler][NetworkStatusTask][QRCode][Device][指令完成]：设备ID=12034 
指令: WriteQRCode
请求帧: 01 10 00 02 00 02 04 00 00 2F 02
响应帧: 01 10 00 02 00 02
处理结果: 失败
失败原因: 等待RTU响应超时
诊断:
  received=false
  timedOut=true
  checksumError=false
  deviceBusy=false
发送时间: 2026-06-02 15:06:54
响应时间: -
重试次数: 5

[2026-06-02 15:06:55] [WARN] [scheduler][NetworkStatusTask][QRCode][Device][指令完成]：设备ID=12042 
指令: WriteQRCode
请求帧: 01 10 00 02 00 02 04 00 00 2F 0A
响应帧: 01 10 00 02 00 02
处理结果: 失败
失败原因: 等待RTU响应超时
诊断:
  received=false
  timedOut=true
  checksumError=false
  deviceBusy=false
发送时间: 2026-06-02 15:06:54
响应时间: -
重试次数: 5

[2026-06-02 15:06:55] [WARN] [scheduler][NetworkStatusTask][QRCode][Device][指令完成]：设备ID=12047 
指令: WriteQRCode
请求帧: 01 10 00 02 00 02 04 00 00 2F 0F
响应帧: 01 10 00 02 00 02
处理结果: 失败
失败原因: 等待RTU响应超时
诊断:
  received=false
  timedOut=true
  checksumError=false
  deviceBusy=false
发送时间: 2026-06-02 15:06:54
响应时间: -
重试次数: 5

[2026-06-02 15:06:55] [WARN] [scheduler][NetworkStatusTask][QRCode][Device][指令完成]：设备ID=12024 
指令: WriteQRCode
请求帧: 01 10 00 02 00 02 04 00 00 2E F8
响应帧: 01 10 00 02 00 02
处理结果: 失败
失败原因: 等待RTU响应超时
诊断:
  received=false
  timedOut=true
  checksumError=false
  deviceBusy=false
发送时间: 2026-06-02 15:06:54
响应时间: -
重试次数: 5

[2026-06-02 15:06:55] [WARN] [scheduler][NetworkStatusTask][QRCode][Device][指令完成]：设备ID=12033 
指令: WriteQRCode
请求帧: 01 10 00 02 00 02 04 00 00 2F 01
响应帧: 01 10 00 02 00 02
处理结果: 失败
失败原因: 等待RTU响应超时
诊断:
  received=false
  timedOut=true
  checksumError=false
  deviceBusy=false
发送时间: 2026-06-02 15:06:54
响应时间: -
重试次数: 5

[2026-06-02 15:06:55] [WARN] [scheduler][NetworkStatusTask][QRCode][Device][指令完成]：设备ID=12041 
指令: WriteQRCode
请求帧: 01 10 00 02 00 02 04 00 00 2F 09
响应帧: 01 10 00 02 00 02
处理结果: 失败
失败原因: 等待RTU响应超时
诊断:
  received=false
  timedOut=true
  checksumError=false
  deviceBusy=false
发送时间: 2026-06-02 15:06:54
响应时间: -
重试次数: 5

[2026-06-02 15:06:55] [WARN] [scheduler][NetworkStatusTask][QRCode][Device][指令完成]：设备ID=12048 
指令: WriteQRCode
请求帧: 01 10 00 02 00 02 04 00 00 2F 10
响应帧: 01 10 00 02 00 02
处理结果: 失败
失败原因: 等待RTU响应超时
诊断:
  received=false
  timedOut=true
  checksumError=false
  deviceBusy=false
发送时间: 2026-06-02 15:06:54
响应时间: -
重试次数: 5

[2026-06-02 15:06:55] [WARN] [scheduler][NetworkStatusTask][QRCode][Device][指令完成]：设备ID=12054 
指令: WriteQRCode
请求帧: 01 10 00 02 00 02 04 00 00 2F 16
响应帧: 01 10 00 02 00 02
处理结果: 失败
失败原因: 等待RTU响应超时
诊断:
  received=false
  timedOut=true
  checksumError=false
  deviceBusy=false
发送时间: 2026-06-02 15:06:54
响应时间: -
重试次数: 5

[2026-06-02 15:06:55] [WARN] [scheduler][NetworkStatusTask][QRCode][Device][指令完成]：设备ID=12051 
指令: WriteQRCode
请求帧: 01 10 00 02 00 02 04 00 00 2F 13
响应帧: 01 10 00 02 00 02
处理结果: 失败
失败原因: 等待RTU响应超时
诊断:
  received=false
  timedOut=true
  checksumError=false
  deviceBusy=false
发送时间: 2026-06-02 15:06:54
响应时间: -
重试次数: 5

[2026-06-02 15:06:55] [WARN] [scheduler][NetworkStatusTask][QRCode][Device][指令完成]：设备ID=12052 
指令: WriteQRCode
请求帧: 01 10 00 02 00 02 04 00 00 2F 14
响应帧: 01 10 00 02 00 02
处理结果: 失败
失败原因: 等待RTU响应超时
诊断:
  received=false
  timedOut=true
  checksumError=false
  deviceBusy=false
发送时间: 2026-06-02 15:06:54
响应时间: -
重试次数: 5

[2026-06-02 15:06:55] [WARN] [scheduler][NetworkStatusTask][QRCode][Device][指令完成]：设备ID=12064 
指令: WriteQRCode
请求帧: 01 10 00 02 00 02 04 00 00 2F 20
响应帧: 01 10 00 02 00 02
处理结果: 失败
失败原因: 等待RTU响应超时
诊断:
  received=false
  timedOut=true
  checksumError=false
  deviceBusy=false
发送时间: 2026-06-02 15:06:54
响应时间: -
重试次数: 5

[2026-06-02 15:06:55] [WARN] [scheduler][NetworkStatusTask][QRCode][Device][指令完成]：设备ID=12069 
指令: WriteQRCode
请求帧: 01 10 00 02 00 02 04 00 00 2F 25
响应帧: 01 10 00 02 00 02
处理结果: 失败
失败原因: 等待RTU响应超时
诊断:
  received=false
  timedOut=true
  checksumError=false
  deviceBusy=false
发送时间: 2026-06-02 15:06:54
响应时间: -
重试次数: 5

[2026-06-02 15:06:55] [WARN] [scheduler][NetworkStatusTask][QRCode][Device][指令完成]：设备ID=12065 
指令: WriteQRCode
请求帧: 01 10 00 02 00 02 04 00 00 2F 21
响应帧: 01 10 00 02 00 02
处理结果: 失败
失败原因: 等待RTU响应超时
诊断:
  received=false
  timedOut=true
  checksumError=false
  deviceBusy=false
发送时间: 2026-06-02 15:06:54
响应时间: -
重试次数: 5

[2026-06-02 15:06:55] [WARN] [scheduler][NetworkStatusTask][QRCode][Device][指令完成]：设备ID=12049 
指令: WriteQRCode
请求帧: 01 10 00 02 00 02 04 00 00 2F 11
响应帧: 01 10 00 02 00 02
处理结果: 失败
失败原因: 等待RTU响应超时
诊断:
  received=false
  timedOut=true
  checksumError=false
  deviceBusy=false
发送时间: 2026-06-02 15:06:54
响应时间: -
重试次数: 5

[2026-06-02 15:06:55] [WARN] [scheduler][NetworkStatusTask][QRCode][Device][指令完成]：设备ID=12056 
指令: WriteQRCode
请求帧: 01 10 00 02 00 02 04 00 00 2F 18
响应帧: 01 10 00 02 00 02
处理结果: 失败
失败原因: 等待RTU响应超时
诊断:
  received=false
  timedOut=true
  checksumError=false
  deviceBusy=false
发送时间: 2026-06-02 15:06:54
响应时间: -
重试次数: 5

[2026-06-02 15:06:55] [WARN] [scheduler][NetworkStatusTask][QRCode][Device][指令完成]：设备ID=12057 
指令: WriteQRCode
请求帧: 01 10 00 02 00 02 04 00 00 2F 19
响应帧: 01 10 00 02 00 02
处理结果: 失败
失败原因: 等待RTU响应超时
诊断:
  received=false
  timedOut=true
  checksumError=false
  deviceBusy=false
发送时间: 2026-06-02 15:06:54
响应时间: -
重试次数: 5

[2026-06-02 15:06:55] [WARN] [scheduler][NetworkStatusTask][QRCode][Device][指令完成]：设备ID=12072 
指令: WriteQRCode
请求帧: 01 10 00 02 00 02 04 00 00 2F 28
响应帧: 01 10 00 02 00 02
处理结果: 失败
失败原因: 等待RTU响应超时
诊断:
  received=false
  timedOut=true
  checksumError=false
  deviceBusy=false
发送时间: 2026-06-02 15:06:54
响应时间: -
重试次数: 5

[2026-06-02 15:06:55] [WARN] [scheduler][NetworkStatusTask][QRCode][Device][指令完成]：设备ID=12063 
指令: WriteQRCode
请求帧: 01 10 00 02 00 02 04 00 00 2F 1F
响应帧: 01 10 00 02 00 02
处理结果: 失败
失败原因: 等待RTU响应超时
诊断:
  received=false
  timedOut=true
  checksumError=false
  deviceBusy=false
发送时间: 2026-06-02 15:06:54
响应时间: -
重试次数: 5

[2026-06-02 15:06:55] [WARN] [scheduler][NetworkStatusTask][QRCode][Device][指令完成]：设备ID=12071 
指令: WriteQRCode
请求帧: 01 10 00 02 00 02 04 00 00 2F 27
响应帧: 01 10 00 02 00 02
处理结果: 失败
失败原因: 等待RTU响应超时
诊断:
  received=false
  timedOut=true
  checksumError=false
  deviceBusy=false
发送时间: 2026-06-02 15:06:54
响应时间: -
重试次数: 5

[2026-06-02 15:06:55] [WARN] [scheduler][NetworkStatusTask][QRCode][Device][指令完成]：设备ID=12074 
指令: WriteQRCode
请求帧: 01 10 00 02 00 02 04 00 00 2F 2A
响应帧: 01 10 00 02 00 02
处理结果: 失败
失败原因: 等待RTU响应超时
诊断:
  received=false
  timedOut=true
  checksumError=false
  deviceBusy=false
发送时间: 2026-06-02 15:06:54
响应时间: -
重试次数: 5

[2026-06-02 15:06:55] [WARN] [scheduler][NetworkStatusTask][QRCode][Device][指令完成]：设备ID=12062 
指令: WriteQRCode
请求帧: 01 10 00 02 00 02 04 00 00 2F 1E
响应帧: 01 10 00 02 00 02
处理结果: 失败
失败原因: 等待RTU响应超时
诊断:
  received=false
  timedOut=true
  checksumError=false
  deviceBusy=false
发送时间: 2026-06-02 15:06:54
响应时间: -
重试次数: 5

[2026-06-02 15:06:55] [WARN] [scheduler][NetworkStatusTask][QRCode][Device][指令完成]：设备ID=12078 
指令: WriteQRCode
请求帧: 01 10 00 02 00 02 04 00 00 2F 2E
响应帧: 01 10 00 02 00 02
处理结果: 失败
失败原因: 等待RTU响应超时
诊断:
  received=false
  timedOut=true
  checksumError=false
  deviceBusy=false
发送时间: 2026-06-02 15:06:54
响应时间: -
重试次数: 5

[2026-06-02 15:06:55] [WARN] [scheduler][NetworkStatusTask][QRCode][Device][指令完成]：设备ID=12061 
指令: WriteQRCode
请求帧: 01 10 00 02 00 02 04 00 00 2F 1D
响应帧: 01 10 00 02 00 02
处理结果: 失败
失败原因: 等待RTU响应超时
诊断:
  received=false
  timedOut=true
  checksumError=false
  deviceBusy=false
发送时间: 2026-06-02 15:06:54
响应时间: -
重试次数: 5

[2026-06-02 15:06:55] [WARN] [scheduler][NetworkStatusTask][QRCode][Device][指令完成]：设备ID=12073 
指令: WriteQRCode
请求帧: 01 10 00 02 00 02 04 00 00 2F 29
响应帧: 01 10 00 02 00 02
处理结果: 失败
失败原因: 等待RTU响应超时
诊断:
  received=false
  timedOut=true
  checksumError=false
  deviceBusy=false
发送时间: 2026-06-02 15:06:54
响应时间: -
重试次数: 5

[2026-06-02 15:06:55] [WARN] [scheduler][NetworkStatusTask][QRCode][Device][指令完成]：设备ID=12059 
指令: WriteQRCode
请求帧: 01 10 00 02 00 02 04 00 00 2F 1B
响应帧: 01 10 00 02 00 02
处理结果: 失败
失败原因: 等待RTU响应超时
诊断:
  received=false
  timedOut=true
  checksumError=false
  deviceBusy=false
发送时间: 2026-06-02 15:06:54
响应时间: -
重试次数: 5

[2026-06-02 15:06:55] [WARN] [scheduler][NetworkStatusTask][QRCode][Device][指令完成]：设备ID=12060 
指令: WriteQRCode
请求帧: 01 10 00 02 00 02 04 00 00 2F 1C
响应帧: 01 10 00 02 00 02
处理结果: 失败
失败原因: 等待RTU响应超时
诊断:
  received=false
  timedOut=true
  checksumError=false
  deviceBusy=false
发送时间: 2026-06-02 15:06:54
响应时间: -
重试次数: 5

[2026-06-02 15:06:55] [WARN] [scheduler][NetworkStatusTask][QRCode][Device][指令完成]：设备ID=12070 
指令: WriteQRCode
请求帧: 01 10 00 02 00 02 04 00 00 2F 26
响应帧: 01 10 00 02 00 02
处理结果: 失败
失败原因: 等待RTU响应超时
诊断:
  received=false
  timedOut=true
  checksumError=false
  deviceBusy=false
发送时间: 2026-06-02 15:06:54
响应时间: -
重试次数: 5

[2026-06-02 15:06:55] [WARN] [scheduler][NetworkStatusTask][QRCode][Device][指令完成]：设备ID=12079 
指令: WriteQRCode
请求帧: 01 10 00 02 00 02 04 00 00 2F 2F
响应帧: 01 10 00 02 00 02
处理结果: 失败
失败原因: 等待RTU响应超时
诊断:
  received=false
  timedOut=true
  checksumError=false
  deviceBusy=false
发送时间: 2026-06-02 15:06:54
响应时间: -
重试次数: 5

[2026-06-02 15:06:55] [WARN] [scheduler][NetworkStatusTask][QRCode][Device][指令完成]：设备ID=12066 
指令: WriteQRCode
请求帧: 01 10 00 02 00 02 04 00 00 2F 22
响应帧: 01 10 00 02 00 02
处理结果: 失败
失败原因: 等待RTU响应超时
诊断:
  received=false
  timedOut=true
  checksumError=false
  deviceBusy=false
发送时间: 2026-06-02 15:06:54
响应时间: -
重试次数: 5

[2026-06-02 15:06:55] [WARN] [scheduler][NetworkStatusTask][QRCode][Device][指令完成]：设备ID=12076 
指令: WriteQRCode
请求帧: 01 10 00 02 00 02 04 00 00 2F 2C
响应帧: 01 10 00 02 00 02
处理结果: 失败
失败原因: 等待RTU响应超时
诊断:
  received=false
  timedOut=true
  checksumError=false
  deviceBusy=false
发送时间: 2026-06-02 15:06:54
响应时间: -
重试次数: 5

[2026-06-02 15:06:55] [WARN] [scheduler][NetworkStatusTask][QRCode][Device][指令完成]：设备ID=12045 
指令: WriteQRCode
请求帧: 01 10 00 02 00 02 04 00 00 2F 0D
响应帧: 01 10 00 02 00 02
处理结果: 失败
失败原因: 等待RTU响应超时
诊断:
  received=false
  timedOut=true
  checksumError=false
  deviceBusy=false
发送时间: 2026-06-02 15:06:54
响应时间: -
重试次数: 5

[2026-06-02 15:06:55] [WARN] [scheduler][NetworkStatusTask][QRCode][Device][指令完成]：设备ID=12046 
指令: WriteQRCode
请求帧: 01 10 00 02 00 02 04 00 00 2F 0E
响应帧: 01 10 00 02 00 02
处理结果: 失败
失败原因: 等待RTU响应超时
诊断:
  received=false
  timedOut=true
  checksumError=false
  deviceBusy=false
发送时间: 2026-06-02 15:06:54
响应时间: -
重试次数: 5

[2026-06-02 15:06:55] [WARN] [scheduler][NetworkStatusTask][QRCode][Device][指令完成]：设备ID=12058 
指令: WriteQRCode
请求帧: 01 10 00 02 00 02 04 00 00 2F 1A
响应帧: 01 10 00 02 00 02
处理结果: 失败
失败原因: 等待RTU响应超时
诊断:
  received=false
  timedOut=true
  checksumError=false
  deviceBusy=false
发送时间: 2026-06-02 15:06:54
响应时间: -
重试次数: 5

[2026-06-02 15:06:55] [WARN] [scheduler][NetworkStatusTask][QRCode][Device][指令完成]：设备ID=12055 
指令: WriteQRCode
请求帧: 01 10 00 02 00 02 04 00 00 2F 17
响应帧: 01 10 00 02 00 02
处理结果: 失败
失败原因: 等待RTU响应超时
诊断:
  received=false
  timedOut=true
  checksumError=false
  deviceBusy=false
发送时间: 2026-06-02 15:06:54
响应时间: -
重试次数: 5

[2026-06-02 15:06:55] [WARN] [scheduler][NetworkStatusTask][QRCode][Device][指令完成]：设备ID=12053 
指令: WriteQRCode
请求帧: 01 10 00 02 00 02 04 00 00 2F 15
响应帧: 01 10 00 02 00 02
处理结果: 失败
失败原因: 等待RTU响应超时
诊断:
  received=false
  timedOut=true
  checksumError=false
  deviceBusy=false
发送时间: 2026-06-02 15:06:54
响应时间: -
重试次数: 5

[2026-06-02 15:06:55] [WARN] [scheduler][NetworkStatusTask][QRCode][Device][指令完成]：设备ID=12067 
指令: WriteQRCode
请求帧: 01 10 00 02 00 02 04 00 00 2F 23
响应帧: 01 10 00 02 00 02
处理结果: 失败
失败原因: 等待RTU响应超时
诊断:
  received=false
  timedOut=true
  checksumError=false
  deviceBusy=false
发送时间: 2026-06-02 15:06:54
响应时间: -
重试次数: 5

[2026-06-02 15:06:55] [WARN] [scheduler][NetworkStatusTask][QRCode][Device][指令完成]：设备ID=12068 
指令: WriteQRCode
请求帧: 01 10 00 02 00 02 04 00 00 2F 24
响应帧: 01 10 00 02 00 02
处理结果: 失败
失败原因: 等待RTU响应超时
诊断:
  received=false
  timedOut=true
  checksumError=false
  deviceBusy=false
发送时间: 2026-06-02 15:06:54
响应时间: -
重试次数: 5

[2026-06-02 15:06:55] [WARN] [scheduler][NetworkStatusTask][QRCode][Device][指令完成]：设备ID=12080 
指令: WriteQRCode
请求帧: 01 10 00 02 00 02 04 00 00 2F 30
响应帧: 01 10 00 02 00 02
处理结果: 失败
失败原因: 等待RTU响应超时
诊断:
  received=false
  timedOut=true
  checksumError=false
  deviceBusy=false
发送时间: 2026-06-02 15:06:54
响应时间: -
重试次数: 5

[2026-06-02 15:06:55] [WARN] [scheduler][NetworkStatusTask][QRCode][Device][指令完成]：设备ID=12075 
指令: WriteQRCode
请求帧: 01 10 00 02 00 02 04 00 00 2F 2B
响应帧: 01 10 00 02 00 02
处理结果: 失败
失败原因: 等待RTU响应超时
诊断:
  received=false
  timedOut=true
  checksumError=false
  deviceBusy=false
发送时间: 2026-06-02 15:06:54
响应时间: -
重试次数: 5

[2026-06-02 15:06:55] [WARN] [scheduler][NetworkStatusTask][QRCode][Device][指令完成]：设备ID=12077 
指令: WriteQRCode
请求帧: 01 10 00 02 00 02 04 00 00 2F 2D
响应帧: 01 10 00 02 00 02
处理结果: 失败
失败原因: 等待RTU响应超时
诊断:
  received=false
  timedOut=true
  checksumError=false
  deviceBusy=false
发送时间: 2026-06-02 15:06:54
响应时间: -
重试次数: 5

[2026-06-02 15:20:58] [WARN] [scheduler][NetworkStatusTask][QRCode][Device][指令完成]：设备ID=12029 
指令: WriteQRCode
请求帧: 01 10 00 02 00 02 04 00 00 2E FD
响应帧: 01 10 00 02 00 02
处理结果: 失败
失败原因: 等待RTU响应超时
诊断:
  received=false
  timedOut=true
  checksumError=false
  deviceBusy=false
发送时间: 2026-06-02 15:20:57
响应时间: -
重试次数: 5

[2026-06-02 15:20:58] [WARN] [scheduler][NetworkStatusTask][QRCode][Device][指令完成]：设备ID=12028 
指令: WriteQRCode
请求帧: 01 10 00 02 00 02 04 00 00 2E FC
响应帧: 01 10 00 02 00 02
处理结果: 失败
失败原因: 等待RTU响应超时
诊断:
  received=false
  timedOut=true
  checksumError=false
  deviceBusy=false
发送时间: 2026-06-02 15:20:57
响应时间: -
重试次数: 5

[2026-06-02 15:20:58] [WARN] [scheduler][NetworkStatusTask][QRCode][Device][指令完成]：设备ID=12015 
指令: WriteQRCode
请求帧: 01 10 00 02 00 02 04 00 00 2E EF
响应帧: 01 10 00 02 00 02
处理结果: 失败
失败原因: 等待RTU响应超时
诊断:
  received=false
  timedOut=true
  checksumError=false
  deviceBusy=false
发送时间: 2026-06-02 15:20:57
响应时间: -
重试次数: 5

[2026-06-02 15:20:58] [WARN] [scheduler][NetworkStatusTask][QRCode][Device][指令完成]：设备ID=12021 
指令: WriteQRCode
请求帧: 01 10 00 02 00 02 04 00 00 2E F5
响应帧: 01 10 00 02 00 02
处理结果: 失败
失败原因: 等待RTU响应超时
诊断:
  received=false
  timedOut=true
  checksumError=false
  deviceBusy=false
发送时间: 2026-06-02 15:20:57
响应时间: -
重试次数: 5

[2026-06-02 15:20:58] [WARN] [scheduler][NetworkStatusTask][QRCode][Device][指令完成]：设备ID=12027 
指令: WriteQRCode
请求帧: 01 10 00 02 00 02 04 00 00 2E FB
响应帧: 01 10 00 02 00 02
处理结果: 失败
失败原因: 等待RTU响应超时
诊断:
  received=false
  timedOut=true
  checksumError=false
  deviceBusy=false
发送时间: 2026-06-02 15:20:57
响应时间: -
重试次数: 5

[2026-06-02 15:20:58] [WARN] [scheduler][NetworkStatusTask][QRCode][Device][指令完成]：设备ID=12011 
指令: WriteQRCode
请求帧: 01 10 00 02 00 02 04 00 00 2E EB
响应帧: 01 10 00 02 00 02
处理结果: 失败
失败原因: 等待RTU响应超时
诊断:
  received=false
  timedOut=true
  checksumError=false
  deviceBusy=false
发送时间: 2026-06-02 15:20:57
响应时间: -
重试次数: 5

[2026-06-02 15:20:58] [WARN] [scheduler][NetworkStatusTask][QRCode][Device][指令完成]：设备ID=12018 
指令: WriteQRCode
请求帧: 01 10 00 02 00 02 04 00 00 2E F2
响应帧: 01 10 00 02 00 02
处理结果: 失败
失败原因: 等待RTU响应超时
诊断:
  received=false
  timedOut=true
  checksumError=false
  deviceBusy=false
发送时间: 2026-06-02 15:20:57
响应时间: -
重试次数: 5

[2026-06-02 15:20:58] [WARN] [scheduler][NetworkStatusTask][QRCode][Device][指令完成]：设备ID=12004 
指令: WriteQRCode
请求帧: 01 10 00 02 00 02 04 00 00 2E E4
响应帧: 01 10 00 02 00 02
处理结果: 失败
失败原因: 等待RTU响应超时
诊断:
  received=false
  timedOut=true
  checksumError=false
  deviceBusy=false
发送时间: 2026-06-02 15:20:57
响应时间: -
重试次数: 5

[2026-06-02 15:20:58] [WARN] [scheduler][NetworkStatusTask][QRCode][Device][指令完成]：设备ID=12019 
指令: WriteQRCode
请求帧: 01 10 00 02 00 02 04 00 00 2E F3
响应帧: 01 10 00 02 00 02
处理结果: 失败
失败原因: 等待RTU响应超时
诊断:
  received=false
  timedOut=true
  checksumError=false
  deviceBusy=false
发送时间: 2026-06-02 15:20:57
响应时间: -
重试次数: 5

[2026-06-02 15:20:58] [WARN] [scheduler][NetworkStatusTask][QRCode][Device][指令完成]：设备ID=12016 
指令: WriteQRCode
请求帧: 01 10 00 02 00 02 04 00 00 2E F0
响应帧: 01 10 00 02 00 02
处理结果: 失败
失败原因: 等待RTU响应超时
诊断:
  received=false
  timedOut=true
  checksumError=false
  deviceBusy=false
发送时间: 2026-06-02 15:20:57
响应时间: -
重试次数: 5

[2026-06-02 15:20:58] [WARN] [scheduler][NetworkStatusTask][QRCode][Device][指令完成]：设备ID=12022 
指令: WriteQRCode
请求帧: 01 10 00 02 00 02 04 00 00 2E F6
响应帧: 01 10 00 02 00 02
处理结果: 失败
失败原因: 等待RTU响应超时
诊断:
  received=false
  timedOut=true
  checksumError=false
  deviceBusy=false
发送时间: 2026-06-02 15:20:57
响应时间: -
重试次数: 5

[2026-06-02 15:20:58] [WARN] [scheduler][NetworkStatusTask][QRCode][Device][指令完成]：设备ID=12007 
指令: WriteQRCode
请求帧: 01 10 00 02 00 02 04 00 00 2E E7
响应帧: 01 10 00 02 00 02
处理结果: 失败
失败原因: 等待RTU响应超时
诊断:
  received=false
  timedOut=true
  checksumError=false
  deviceBusy=false
发送时间: 2026-06-02 15:20:57
响应时间: -
重试次数: 5

[2026-06-02 15:20:58] [WARN] [scheduler][NetworkStatusTask][QRCode][Device][指令完成]：设备ID=12025 
指令: WriteQRCode
请求帧: 01 10 00 02 00 02 04 00 00 2E F9
响应帧: 01 10 00 02 00 02
处理结果: 失败
失败原因: 等待RTU响应超时
诊断:
  received=false
  timedOut=true
  checksumError=false
  deviceBusy=false
发送时间: 2026-06-02 15:20:57
响应时间: -
重试次数: 5

[2026-06-02 15:20:58] [WARN] [scheduler][NetworkStatusTask][QRCode][Device][指令完成]：设备ID=12014 
指令: WriteQRCode
请求帧: 01 10 00 02 00 02 04 00 00 2E EE
响应帧: 01 10 00 02 00 02
处理结果: 失败
失败原因: 等待RTU响应超时
诊断:
  received=false
  timedOut=true
  checksumError=false
  deviceBusy=false
发送时间: 2026-06-02 15:20:57
响应时间: -
重试次数: 5

[2026-06-02 15:20:58] [WARN] [scheduler][NetworkStatusTask][QRCode][Device][指令完成]：设备ID=12001 
指令: WriteQRCode
请求帧: 01 10 00 02 00 02 04 00 00 2E E1
响应帧: 01 10 00 02 00 02
处理结果: 失败
失败原因: 等待RTU响应超时
诊断:
  received=false
  timedOut=true
  checksumError=false
  deviceBusy=false
发送时间: 2026-06-02 15:20:57
响应时间: -
重试次数: 5

[2026-06-02 15:20:58] [WARN] [scheduler][NetworkStatusTask][QRCode][Device][指令完成]：设备ID=12020 
指令: WriteQRCode
请求帧: 01 10 00 02 00 02 04 00 00 2E F4
响应帧: 01 10 00 02 00 02
处理结果: 失败
失败原因: 等待RTU响应超时
诊断:
  received=false
  timedOut=true
  checksumError=false
  deviceBusy=false
发送时间: 2026-06-02 15:20:57
响应时间: -
重试次数: 5

[2026-06-02 15:20:58] [WARN] [scheduler][NetworkStatusTask][QRCode][Device][指令完成]：设备ID=12002 
指令: WriteQRCode
请求帧: 01 10 00 02 00 02 04 00 00 2E E2
响应帧: 01 10 00 02 00 02
处理结果: 失败
失败原因: 等待RTU响应超时
诊断:
  received=false
  timedOut=true
  checksumError=false
  deviceBusy=false
发送时间: 2026-06-02 15:20:57
响应时间: -
重试次数: 5

[2026-06-02 15:20:58] [WARN] [scheduler][NetworkStatusTask][QRCode][Device][指令完成]：设备ID=12035 
指令: WriteQRCode
请求帧: 01 10 00 02 00 02 04 00 00 2F 03
响应帧: 01 10 00 02 00 02
处理结果: 失败
失败原因: 等待RTU响应超时
诊断:
  received=false
  timedOut=true
  checksumError=false
  deviceBusy=false
发送时间: 2026-06-02 15:20:57
响应时间: -
重试次数: 5

[2026-06-02 15:20:58] [WARN] [scheduler][NetworkStatusTask][QRCode][Device][指令完成]：设备ID=12031 
指令: WriteQRCode
请求帧: 01 10 00 02 00 02 04 00 00 2E FF
响应帧: 01 10 00 02 00 02
处理结果: 失败
失败原因: 等待RTU响应超时
诊断:
  received=false
  timedOut=true
  checksumError=false
  deviceBusy=false
发送时间: 2026-06-02 15:20:57
响应时间: -
重试次数: 5

[2026-06-02 15:20:58] [WARN] [scheduler][NetworkStatusTask][QRCode][Device][指令完成]：设备ID=12012 
指令: WriteQRCode
请求帧: 01 10 00 02 00 02 04 00 00 2E EC
响应帧: 01 10 00 02 00 02
处理结果: 失败
失败原因: 等待RTU响应超时
诊断:
  received=false
  timedOut=true
  checksumError=false
  deviceBusy=false
发送时间: 2026-06-02 15:20:57
响应时间: -
重试次数: 5

[2026-06-02 15:20:58] [WARN] [scheduler][NetworkStatusTask][QRCode][Device][指令完成]：设备ID=12017 
指令: WriteQRCode
请求帧: 01 10 00 02 00 02 04 00 00 2E F1
响应帧: 01 10 00 02 00 02
处理结果: 失败
失败原因: 等待RTU响应超时
诊断:
  received=false
  timedOut=true
  checksumError=false
  deviceBusy=false
发送时间: 2026-06-02 15:20:57
响应时间: -
重试次数: 5

[2026-06-02 15:20:58] [WARN] [scheduler][NetworkStatusTask][QRCode][Device][指令完成]：设备ID=12030 
指令: WriteQRCode
请求帧: 01 10 00 02 00 02 04 00 00 2E FE
响应帧: 01 10 00 02 00 02
处理结果: 失败
失败原因: 等待RTU响应超时
诊断:
  received=false
  timedOut=true
  checksumError=false
  deviceBusy=false
发送时间: 2026-06-02 15:20:57
响应时间: -
重试次数: 5

[2026-06-02 15:20:58] [WARN] [scheduler][NetworkStatusTask][QRCode][Device][指令完成]：设备ID=12032 
指令: WriteQRCode
请求帧: 01 10 00 02 00 02 04 00 00 2F 00
响应帧: 01 10 00 02 00 02
处理结果: 失败
失败原因: 等待RTU响应超时
诊断:
  received=false
  timedOut=true
  checksumError=false
  deviceBusy=false
发送时间: 2026-06-02 15:20:57
响应时间: -
重试次数: 5

[2026-06-02 15:20:58] [WARN] [scheduler][NetworkStatusTask][QRCode][Device][指令完成]：设备ID=12008 
指令: WriteQRCode
请求帧: 01 10 00 02 00 02 04 00 00 2E E8
响应帧: 01 10 00 02 00 02
处理结果: 失败
失败原因: 等待RTU响应超时
诊断:
  received=false
  timedOut=true
  checksumError=false
  deviceBusy=false
发送时间: 2026-06-02 15:20:57
响应时间: -
重试次数: 5

[2026-06-02 15:20:58] [WARN] [scheduler][NetworkStatusTask][QRCode][Device][指令完成]：设备ID=12006 
指令: WriteQRCode
请求帧: 01 10 00 02 00 02 04 00 00 2E E6
响应帧: 01 10 00 02 00 02
处理结果: 失败
失败原因: 等待RTU响应超时
诊断:
  received=false
  timedOut=true
  checksumError=false
  deviceBusy=false
发送时间: 2026-06-02 15:20:57
响应时间: -
重试次数: 5

[2026-06-02 15:20:58] [WARN] [scheduler][NetworkStatusTask][QRCode][Device][指令完成]：设备ID=12013 
指令: WriteQRCode
请求帧: 01 10 00 02 00 02 04 00 00 2E ED
响应帧: 01 10 00 02 00 02
处理结果: 失败
失败原因: 等待RTU响应超时
诊断:
  received=false
  timedOut=true
  checksumError=false
  deviceBusy=false
发送时间: 2026-06-02 15:20:57
响应时间: -
重试次数: 5

[2026-06-02 15:20:58] [WARN] [scheduler][NetworkStatusTask][QRCode][Device][指令完成]：设备ID=12026 
指令: WriteQRCode
请求帧: 01 10 00 02 00 02 04 00 00 2E FA
响应帧: 01 10 00 02 00 02
处理结果: 失败
失败原因: 等待RTU响应超时
诊断:
  received=false
  timedOut=true
  checksumError=false
  deviceBusy=false
发送时间: 2026-06-02 15:20:57
响应时间: -
重试次数: 5

[2026-06-02 15:20:58] [WARN] [scheduler][NetworkStatusTask][QRCode][Device][指令完成]：设备ID=12003 
指令: WriteQRCode
请求帧: 01 10 00 02 00 02 04 00 00 2E E3
响应帧: 01 10 00 02 00 02
处理结果: 失败
失败原因: 等待RTU响应超时
诊断:
  received=false
  timedOut=true
  checksumError=false
  deviceBusy=false
发送时间: 2026-06-02 15:20:57
响应时间: -
重试次数: 5

[2026-06-02 15:20:58] [WARN] [scheduler][NetworkStatusTask][QRCode][Device][指令完成]：设备ID=12005 
指令: WriteQRCode
请求帧: 01 10 00 02 00 02 04 00 00 2E E5
响应帧: 01 10 00 02 00 02
处理结果: 失败
失败原因: 等待RTU响应超时
诊断:
  received=false
  timedOut=true
  checksumError=false
  deviceBusy=false
发送时间: 2026-06-02 15:20:57
响应时间: -
重试次数: 5

[2026-06-02 15:20:58] [WARN] [scheduler][NetworkStatusTask][QRCode][Device][指令完成]：设备ID=12009 
指令: WriteQRCode
请求帧: 01 10 00 02 00 02 04 00 00 2E E9
响应帧: 01 10 00 02 00 02
处理结果: 失败
失败原因: 等待RTU响应超时
诊断:
  received=false
  timedOut=true
  checksumError=false
  deviceBusy=false
发送时间: 2026-06-02 15:20:57
响应时间: -
重试次数: 5

[2026-06-02 15:20:58] [WARN] [scheduler][NetworkStatusTask][QRCode][Device][指令完成]：设备ID=12010 
指令: WriteQRCode
请求帧: 01 10 00 02 00 02 04 00 00 2E EA
响应帧: 01 10 00 02 00 02
处理结果: 失败
失败原因: 等待RTU响应超时
诊断:
  received=false
  timedOut=true
  checksumError=false
  deviceBusy=false
发送时间: 2026-06-02 15:20:57
响应时间: -
重试次数: 5

[2026-06-02 15:20:59] [WARN] [scheduler][NetworkStatusTask][QRCode][Device][指令完成]：设备ID=12041 
指令: WriteQRCode
请求帧: 01 10 00 02 00 02 04 00 00 2F 09
响应帧: 01 10 00 02 00 02
处理结果: 失败
失败原因: 等待RTU响应超时
诊断:
  received=false
  timedOut=true
  checksumError=false
  deviceBusy=false
发送时间: 2026-06-02 15:20:58
响应时间: -
重试次数: 5

[2026-06-02 15:20:59] [WARN] [scheduler][NetworkStatusTask][QRCode][Device][指令完成]：设备ID=12034 
指令: WriteQRCode
请求帧: 01 10 00 02 00 02 04 00 00 2F 02
响应帧: 01 10 00 02 00 02
处理结果: 失败
失败原因: 等待RTU响应超时
诊断:
  received=false
  timedOut=true
  checksumError=false
  deviceBusy=false
发送时间: 2026-06-02 15:20:58
响应时间: -
重试次数: 5

[2026-06-02 15:20:59] [WARN] [scheduler][NetworkStatusTask][QRCode][Device][指令完成]：设备ID=12039 
指令: WriteQRCode
请求帧: 01 10 00 02 00 02 04 00 00 2F 07
响应帧: 01 10 00 02 00 02
处理结果: 失败
失败原因: 等待RTU响应超时
诊断:
  received=false
  timedOut=true
  checksumError=false
  deviceBusy=false
发送时间: 2026-06-02 15:20:58
响应时间: -
重试次数: 5

[2026-06-02 15:20:59] [WARN] [scheduler][NetworkStatusTask][QRCode][Device][指令完成]：设备ID=12043 
指令: WriteQRCode
请求帧: 01 10 00 02 00 02 04 00 00 2F 0B
响应帧: 01 10 00 02 00 02
处理结果: 失败
失败原因: 等待RTU响应超时
诊断:
  received=false
  timedOut=true
  checksumError=false
  deviceBusy=false
发送时间: 2026-06-02 15:20:58
响应时间: -
重试次数: 5

[2026-06-02 15:20:59] [WARN] [scheduler][NetworkStatusTask][QRCode][Device][指令完成]：设备ID=12036 
指令: WriteQRCode
请求帧: 01 10 00 02 00 02 04 00 00 2F 04
响应帧: 01 10 00 02 00 02
处理结果: 失败
失败原因: 等待RTU响应超时
诊断:
  received=false
  timedOut=true
  checksumError=false
  deviceBusy=false
发送时间: 2026-06-02 15:20:58
响应时间: -
重试次数: 5

[2026-06-02 15:20:59] [WARN] [scheduler][NetworkStatusTask][QRCode][Device][指令完成]：设备ID=12044 
指令: WriteQRCode
请求帧: 01 10 00 02 00 02 04 00 00 2F 0C
响应帧: 01 10 00 02 00 02
处理结果: 失败
失败原因: 等待RTU响应超时
诊断:
  received=false
  timedOut=true
  checksumError=false
  deviceBusy=false
发送时间: 2026-06-02 15:20:58
响应时间: -
重试次数: 5

[2026-06-02 15:20:59] [WARN] [scheduler][NetworkStatusTask][QRCode][Device][指令完成]：设备ID=12023 
指令: WriteQRCode
请求帧: 01 10 00 02 00 02 04 00 00 2E F7
响应帧: 01 10 00 02 00 02
处理结果: 失败
失败原因: 等待RTU响应超时
诊断:
  received=false
  timedOut=true
  checksumError=false
  deviceBusy=false
发送时间: 2026-06-02 15:20:58
响应时间: -
重试次数: 5

[2026-06-02 15:20:59] [WARN] [scheduler][NetworkStatusTask][QRCode][Device][指令完成]：设备ID=12033 
指令: WriteQRCode
请求帧: 01 10 00 02 00 02 04 00 00 2F 01
响应帧: 01 10 00 02 00 02
处理结果: 失败
失败原因: 等待RTU响应超时
诊断:
  received=false
  timedOut=true
  checksumError=false
  deviceBusy=false
发送时间: 2026-06-02 15:20:58
响应时间: -
重试次数: 5

[2026-06-02 15:20:59] [WARN] [scheduler][NetworkStatusTask][QRCode][Device][指令完成]：设备ID=12024 
指令: WriteQRCode
请求帧: 01 10 00 02 00 02 04 00 00 2E F8
响应帧: 01 10 00 02 00 02
处理结果: 失败
失败原因: 等待RTU响应超时
诊断:
  received=false
  timedOut=true
  checksumError=false
  deviceBusy=false
发送时间: 2026-06-02 15:20:58
响应时间: -
重试次数: 5

[2026-06-02 15:20:59] [WARN] [scheduler][NetworkStatusTask][QRCode][Device][指令完成]：设备ID=12054 
指令: WriteQRCode
请求帧: 01 10 00 02 00 02 04 00 00 2F 16
响应帧: 01 10 00 02 00 02
处理结果: 失败
失败原因: 等待RTU响应超时
诊断:
  received=false
  timedOut=true
  checksumError=false
  deviceBusy=false
发送时间: 2026-06-02 15:20:58
响应时间: -
重试次数: 5

[2026-06-02 15:20:59] [WARN] [scheduler][NetworkStatusTask][QRCode][Device][指令完成]：设备ID=12050 
指令: WriteQRCode
请求帧: 01 10 00 02 00 02 04 00 00 2F 12
响应帧: 01 10 00 02 00 02
处理结果: 失败
失败原因: 等待RTU响应超时
诊断:
  received=false
  timedOut=true
  checksumError=false
  deviceBusy=false
发送时间: 2026-06-02 15:20:58
响应时间: -
重试次数: 5

[2026-06-02 15:20:59] [WARN] [scheduler][NetworkStatusTask][QRCode][Device][指令完成]：设备ID=12049 
指令: WriteQRCode
请求帧: 01 10 00 02 00 02 04 00 00 2F 11
响应帧: 01 10 00 02 00 02
处理结果: 失败
失败原因: 等待RTU响应超时
诊断:
  received=false
  timedOut=true
  checksumError=false
  deviceBusy=false
发送时间: 2026-06-02 15:20:58
响应时间: -
重试次数: 5

[2026-06-02 15:20:59] [WARN] [scheduler][NetworkStatusTask][QRCode][Device][指令完成]：设备ID=12046 
指令: WriteQRCode
请求帧: 01 10 00 02 00 02 04 00 00 2F 0E
响应帧: 01 10 00 02 00 02
处理结果: 失败
失败原因: 等待RTU响应超时
诊断:
  received=false
  timedOut=true
  checksumError=false
  deviceBusy=false
发送时间: 2026-06-02 15:20:58
响应时间: -
重试次数: 5

[2026-06-02 15:20:59] [WARN] [scheduler][NetworkStatusTask][QRCode][Device][指令完成]：设备ID=12055 
指令: WriteQRCode
请求帧: 01 10 00 02 00 02 04 00 00 2F 17
响应帧: 01 10 00 02 00 02
处理结果: 失败
失败原因: 等待RTU响应超时
诊断:
  received=false
  timedOut=true
  checksumError=false
  deviceBusy=false
发送时间: 2026-06-02 15:20:58
响应时间: -
重试次数: 5

[2026-06-02 15:20:59] [WARN] [scheduler][NetworkStatusTask][QRCode][Device][指令完成]：设备ID=12056 
指令: WriteQRCode
请求帧: 01 10 00 02 00 02 04 00 00 2F 18
响应帧: 01 10 00 02 00 02
处理结果: 失败
失败原因: 等待RTU响应超时
诊断:
  received=false
  timedOut=true
  checksumError=false
  deviceBusy=false
发送时间: 2026-06-02 15:20:58
响应时间: -
重试次数: 5

[2026-06-02 15:20:59] [WARN] [scheduler][NetworkStatusTask][QRCode][Device][指令完成]：设备ID=12047 
指令: WriteQRCode
请求帧: 01 10 00 02 00 02 04 00 00 2F 0F
响应帧: 01 10 00 02 00 02
处理结果: 失败
失败原因: 等待RTU响应超时
诊断:
  received=false
  timedOut=true
  checksumError=false
  deviceBusy=false
发送时间: 2026-06-02 15:20:58
响应时间: -
重试次数: 5

[2026-06-02 15:20:59] [WARN] [scheduler][NetworkStatusTask][QRCode][Device][指令完成]：设备ID=12040 
指令: WriteQRCode
请求帧: 01 10 00 02 00 02 04 00 00 2F 08
响应帧: 01 10 00 02 00 02
处理结果: 失败
失败原因: 等待RTU响应超时
诊断:
  received=false
  timedOut=true
  checksumError=false
  deviceBusy=false
发送时间: 2026-06-02 15:20:58
响应时间: -
重试次数: 5

[2026-06-02 15:20:59] [WARN] [scheduler][NetworkStatusTask][QRCode][Device][指令完成]：设备ID=12053 
指令: WriteQRCode
请求帧: 01 10 00 02 00 02 04 00 00 2F 15
响应帧: 01 10 00 02 00 02
处理结果: 失败
失败原因: 等待RTU响应超时
诊断:
  received=false
  timedOut=true
  checksumError=false
  deviceBusy=false
发送时间: 2026-06-02 15:20:58
响应时间: -
重试次数: 5

[2026-06-02 15:20:59] [WARN] [scheduler][NetworkStatusTask][QRCode][Device][指令完成]：设备ID=12045 
指令: WriteQRCode
请求帧: 01 10 00 02 00 02 04 00 00 2F 0D
响应帧: 01 10 00 02 00 02
处理结果: 失败
失败原因: 等待RTU响应超时
诊断:
  received=false
  timedOut=true
  checksumError=false
  deviceBusy=false
发送时间: 2026-06-02 15:20:58
响应时间: -
重试次数: 5

[2026-06-02 15:20:59] [WARN] [scheduler][NetworkStatusTask][QRCode][Device][指令完成]：设备ID=12057 
指令: WriteQRCode
请求帧: 01 10 00 02 00 02 04 00 00 2F 19
响应帧: 01 10 00 02 00 02
处理结果: 失败
失败原因: 等待RTU响应超时
诊断:
  received=false
  timedOut=true
  checksumError=false
  deviceBusy=false
发送时间: 2026-06-02 15:20:58
响应时间: -
重试次数: 5

[2026-06-02 15:20:59] [WARN] [scheduler][NetworkStatusTask][QRCode][Device][指令完成]：设备ID=12066 
指令: WriteQRCode
请求帧: 01 10 00 02 00 02 04 00 00 2F 22
响应帧: 01 10 00 02 00 02
处理结果: 失败
失败原因: 等待RTU响应超时
诊断:
  received=false
  timedOut=true
  checksumError=false
  deviceBusy=false
发送时间: 2026-06-02 15:20:58
响应时间: -
重试次数: 5

[2026-06-02 15:20:59] [WARN] [scheduler][NetworkStatusTask][QRCode][Device][指令完成]：设备ID=12063 
指令: WriteQRCode
请求帧: 01 10 00 02 00 02 04 00 00 2F 1F
响应帧: 01 10 00 02 00 02
处理结果: 失败
失败原因: 等待RTU响应超时
诊断:
  received=false
  timedOut=true
  checksumError=false
  deviceBusy=false
发送时间: 2026-06-02 15:20:58
响应时间: -
重试次数: 5

[2026-06-02 15:20:59] [WARN] [scheduler][NetworkStatusTask][QRCode][Device][指令完成]：设备ID=12058 
指令: WriteQRCode
请求帧: 01 10 00 02 00 02 04 00 00 2F 1A
响应帧: 01 10 00 02 00 02
处理结果: 失败
失败原因: 等待RTU响应超时
诊断:
  received=false
  timedOut=true
  checksumError=false
  deviceBusy=false
发送时间: 2026-06-02 15:20:58
响应时间: -
重试次数: 5

[2026-06-02 15:20:59] [WARN] [scheduler][NetworkStatusTask][QRCode][Device][指令完成]：设备ID=12061 
指令: WriteQRCode
请求帧: 01 10 00 02 00 02 04 00 00 2F 1D
响应帧: 01 10 00 02 00 02
处理结果: 失败
失败原因: 等待RTU响应超时
诊断:
  received=false
  timedOut=true
  checksumError=false
  deviceBusy=false
发送时间: 2026-06-02 15:20:58
响应时间: -
重试次数: 5

[2026-06-02 15:20:59] [WARN] [scheduler][NetworkStatusTask][QRCode][Device][指令完成]：设备ID=12042 
指令: WriteQRCode
请求帧: 01 10 00 02 00 02 04 00 00 2F 0A
响应帧: 01 10 00 02 00 02
处理结果: 失败
失败原因: 等待RTU响应超时
诊断:
  received=false
  timedOut=true
  checksumError=false
  deviceBusy=false
发送时间: 2026-06-02 15:20:58
响应时间: -
重试次数: 5

[2026-06-02 15:20:59] [WARN] [scheduler][NetworkStatusTask][QRCode][Device][指令完成]：设备ID=12038 
指令: WriteQRCode
请求帧: 01 10 00 02 00 02 04 00 00 2F 06
响应帧: 01 10 00 02 00 02
处理结果: 失败
失败原因: 等待RTU响应超时
诊断:
  received=false
  timedOut=true
  checksumError=false
  deviceBusy=false
发送时间: 2026-06-02 15:20:58
响应时间: -
重试次数: 5

[2026-06-02 15:20:59] [WARN] [scheduler][NetworkStatusTask][QRCode][Device][指令完成]：设备ID=12037 
指令: WriteQRCode
请求帧: 01 10 00 02 00 02 04 00 00 2F 05
响应帧: 01 10 00 02 00 02
处理结果: 失败
失败原因: 等待RTU响应超时
诊断:
  received=false
  timedOut=true
  checksumError=false
  deviceBusy=false
发送时间: 2026-06-02 15:20:58
响应时间: -
重试次数: 5

[2026-06-02 15:20:59] [WARN] [scheduler][NetworkStatusTask][QRCode][Device][指令完成]：设备ID=12048 
指令: WriteQRCode
请求帧: 01 10 00 02 00 02 04 00 00 2F 10
响应帧: 01 10 00 02 00 02
处理结果: 失败
失败原因: 等待RTU响应超时
诊断:
  received=false
  timedOut=true
  checksumError=false
  deviceBusy=false
发送时间: 2026-06-02 15:20:58
响应时间: -
重试次数: 5

[2026-06-02 15:20:59] [WARN] [scheduler][NetworkStatusTask][QRCode][Device][指令完成]：设备ID=12052 
指令: WriteQRCode
请求帧: 01 10 00 02 00 02 04 00 00 2F 14
响应帧: 01 10 00 02 00 02
处理结果: 失败
失败原因: 等待RTU响应超时
诊断:
  received=false
  timedOut=true
  checksumError=false
  deviceBusy=false
发送时间: 2026-06-02 15:20:58
响应时间: -
重试次数: 5

[2026-06-02 15:20:59] [WARN] [scheduler][NetworkStatusTask][QRCode][Device][指令完成]：设备ID=12065 
指令: WriteQRCode
请求帧: 01 10 00 02 00 02 04 00 00 2F 21
响应帧: 01 10 00 02 00 02
处理结果: 失败
失败原因: 等待RTU响应超时
诊断:
  received=false
  timedOut=true
  checksumError=false
  deviceBusy=false
发送时间: 2026-06-02 15:20:58
响应时间: -
重试次数: 5

[2026-06-02 15:20:59] [WARN] [scheduler][NetworkStatusTask][QRCode][Device][指令完成]：设备ID=12051 
指令: WriteQRCode
请求帧: 01 10 00 02 00 02 04 00 00 2F 13
响应帧: 01 10 00 02 00 02
处理结果: 失败
失败原因: 等待RTU响应超时
诊断:
  received=false
  timedOut=true
  checksumError=false
  deviceBusy=false
发送时间: 2026-06-02 15:20:58
响应时间: -
重试次数: 5

[2026-06-02 15:20:59] [WARN] [scheduler][NetworkStatusTask][QRCode][Device][指令完成]：设备ID=12072 
指令: WriteQRCode
请求帧: 01 10 00 02 00 02 04 00 00 2F 28
响应帧: 01 10 00 02 00 02
处理结果: 失败
失败原因: 等待RTU响应超时
诊断:
  received=false
  timedOut=true
  checksumError=false
  deviceBusy=false
发送时间: 2026-06-02 15:20:58
响应时间: -
重试次数: 5

[2026-06-02 15:20:59] [WARN] [scheduler][NetworkStatusTask][QRCode][Device][指令完成]：设备ID=12064 
指令: WriteQRCode
请求帧: 01 10 00 02 00 02 04 00 00 2F 20
响应帧: 01 10 00 02 00 02
处理结果: 失败
失败原因: 等待RTU响应超时
诊断:
  received=false
  timedOut=true
  checksumError=false
  deviceBusy=false
发送时间: 2026-06-02 15:20:58
响应时间: -
重试次数: 5

[2026-06-02 15:20:59] [WARN] [scheduler][NetworkStatusTask][QRCode][Device][指令完成]：设备ID=12074 
指令: WriteQRCode
请求帧: 01 10 00 02 00 02 04 00 00 2F 2A
响应帧: 01 10 00 02 00 02
处理结果: 失败
失败原因: 等待RTU响应超时
诊断:
  received=false
  timedOut=true
  checksumError=false
  deviceBusy=false
发送时间: 2026-06-02 15:20:58
响应时间: -
重试次数: 5

[2026-06-02 15:20:59] [WARN] [scheduler][NetworkStatusTask][QRCode][Device][指令完成]：设备ID=12075 
指令: WriteQRCode
请求帧: 01 10 00 02 00 02 04 00 00 2F 2B
响应帧: 01 10 00 02 00 02
处理结果: 失败
失败原因: 等待RTU响应超时
诊断:
  received=false
  timedOut=true
  checksumError=false
  deviceBusy=false
发送时间: 2026-06-02 15:20:58
响应时间: -
重试次数: 5

[2026-06-02 15:20:59] [WARN] [scheduler][NetworkStatusTask][QRCode][Device][指令完成]：设备ID=12059 
指令: WriteQRCode
请求帧: 01 10 00 02 00 02 04 00 00 2F 1B
响应帧: 01 10 00 02 00 02
处理结果: 失败
失败原因: 等待RTU响应超时
诊断:
  received=false
  timedOut=true
  checksumError=false
  deviceBusy=false
发送时间: 2026-06-02 15:20:58
响应时间: -
重试次数: 5

[2026-06-02 15:20:59] [WARN] [scheduler][NetworkStatusTask][QRCode][Device][指令完成]：设备ID=12062 
指令: WriteQRCode
请求帧: 01 10 00 02 00 02 04 00 00 2F 1E
响应帧: 01 10 00 02 00 02
处理结果: 失败
失败原因: 等待RTU响应超时
诊断:
  received=false
  timedOut=true
  checksumError=false
  deviceBusy=false
发送时间: 2026-06-02 15:20:58
响应时间: -
重试次数: 5

[2026-06-02 15:20:59] [WARN] [scheduler][NetworkStatusTask][QRCode][Device][指令完成]：设备ID=12060 
指令: WriteQRCode
请求帧: 01 10 00 02 00 02 04 00 00 2F 1C
响应帧: 01 10 00 02 00 02
处理结果: 失败
失败原因: 等待RTU响应超时
诊断:
  received=false
  timedOut=true
  checksumError=false
  deviceBusy=false
发送时间: 2026-06-02 15:20:58
响应时间: -
重试次数: 5

[2026-06-02 15:30:18] [WARN] [scheduler][NetworkStatusTask][QRCode][Device][指令完成]：设备ID=12046 
指令: WriteQRCode
请求帧: 01 10 00 02 00 02 04 00 00 2F 0E
响应帧: 01 10 00 02 00 02
处理结果: 失败
失败原因: 等待RTU响应超时
诊断:
  received=false
  timedOut=true
  checksumError=false
  deviceBusy=false
发送时间: 2026-06-02 15:30:17
响应时间: -
重试次数: 5

[2026-06-02 15:30:18] [WARN] [scheduler][NetworkStatusTask][QRCode][Device][指令完成]：设备ID=12023 
指令: WriteQRCode
请求帧: 01 10 00 02 00 02 04 00 00 2E F7
响应帧: 01 10 00 02 00 02
处理结果: 失败
失败原因: 等待RTU响应超时
诊断:
  received=false
  timedOut=true
  checksumError=false
  deviceBusy=false
发送时间: 2026-06-02 15:30:17
响应时间: -
重试次数: 5

[2026-06-02 15:30:18] [WARN] [scheduler][NetworkStatusTask][QRCode][Device][指令完成]：设备ID=12029 
指令: WriteQRCode
请求帧: 01 10 00 02 00 02 04 00 00 2E FD
响应帧: 01 10 00 02 00 02
处理结果: 失败
失败原因: 等待RTU响应超时
诊断:
  received=false
  timedOut=true
  checksumError=false
  deviceBusy=false
发送时间: 2026-06-02 15:30:17
响应时间: -
重试次数: 5

[2026-06-02 15:30:18] [WARN] [scheduler][NetworkStatusTask][QRCode][Device][指令完成]：设备ID=12028 
指令: WriteQRCode
请求帧: 01 10 00 02 00 02 04 00 00 2E FC
响应帧: 01 10 00 02 00 02
处理结果: 失败
失败原因: 等待RTU响应超时
诊断:
  received=false
  timedOut=true
  checksumError=false
  deviceBusy=false
发送时间: 2026-06-02 15:30:17
响应时间: -
重试次数: 5

[2026-06-02 15:30:18] [WARN] [scheduler][NetworkStatusTask][QRCode][Device][指令完成]：设备ID=12040 
指令: WriteQRCode
请求帧: 01 10 00 02 00 02 04 00 00 2F 08
响应帧: 01 10 00 02 00 02
处理结果: 失败
失败原因: 等待RTU响应超时
诊断:
  received=false
  timedOut=true
  checksumError=false
  deviceBusy=false
发送时间: 2026-06-02 15:30:17
响应时间: -
重试次数: 5

[2026-06-02 15:30:18] [WARN] [scheduler][NetworkStatusTask][QRCode][Device][指令完成]：设备ID=12043 
指令: WriteQRCode
请求帧: 01 10 00 02 00 02 04 00 00 2F 0B
响应帧: 01 10 00 02 00 02
处理结果: 失败
失败原因: 等待RTU响应超时
诊断:
  received=false
  timedOut=true
  checksumError=false
  deviceBusy=false
发送时间: 2026-06-02 15:30:17
响应时间: -
重试次数: 5

[2026-06-02 15:30:18] [WARN] [scheduler][NetworkStatusTask][QRCode][Device][指令完成]：设备ID=12033 
指令: WriteQRCode
请求帧: 01 10 00 02 00 02 04 00 00 2F 01
响应帧: 01 10 00 02 00 02
处理结果: 失败
失败原因: 等待RTU响应超时
诊断:
  received=false
  timedOut=true
  checksumError=false
  deviceBusy=false
发送时间: 2026-06-02 15:30:17
响应时间: -
重试次数: 5

[2026-06-02 15:30:18] [WARN] [scheduler][NetworkStatusTask][QRCode][Device][指令完成]：设备ID=12009 
指令: WriteQRCode
请求帧: 01 10 00 02 00 02 04 00 00 2E E9
响应帧: 01 10 00 02 00 02
处理结果: 失败
失败原因: 等待RTU响应超时
诊断:
  received=false
  timedOut=true
  checksumError=false
  deviceBusy=false
发送时间: 2026-06-02 15:30:17
响应时间: -
重试次数: 5

[2026-06-02 15:30:18] [WARN] [scheduler][NetworkStatusTask][QRCode][Device][指令完成]：设备ID=12036 
指令: WriteQRCode
请求帧: 01 10 00 02 00 02 04 00 00 2F 04
响应帧: 01 10 00 02 00 02
处理结果: 失败
失败原因: 等待RTU响应超时
诊断:
  received=false
  timedOut=true
  checksumError=false
  deviceBusy=false
发送时间: 2026-06-02 15:30:17
响应时间: -
重试次数: 5

[2026-06-02 15:30:18] [WARN] [scheduler][NetworkStatusTask][QRCode][Device][指令完成]：设备ID=12037 
指令: WriteQRCode
请求帧: 01 10 00 02 00 02 04 00 00 2F 05
响应帧: 01 10 00 02 00 02
处理结果: 失败
失败原因: 等待RTU响应超时
诊断:
  received=false
  timedOut=true
  checksumError=false
  deviceBusy=false
发送时间: 2026-06-02 15:30:17
响应时间: -
重试次数: 5

[2026-06-02 15:30:18] [WARN] [scheduler][NetworkStatusTask][QRCode][Device][指令完成]：设备ID=12034 
指令: WriteQRCode
请求帧: 01 10 00 02 00 02 04 00 00 2F 02
响应帧: 01 10 00 02 00 02
处理结果: 失败
失败原因: 等待RTU响应超时
诊断:
  received=false
  timedOut=true
  checksumError=false
  deviceBusy=false
发送时间: 2026-06-02 15:30:17
响应时间: -
重试次数: 5

[2026-06-02 15:30:18] [WARN] [scheduler][NetworkStatusTask][QRCode][Device][指令完成]：设备ID=12035 
指令: WriteQRCode
请求帧: 01 10 00 02 00 02 04 00 00 2F 03
响应帧: 01 10 00 02 00 02
处理结果: 失败
失败原因: 等待RTU响应超时
诊断:
  received=false
  timedOut=true
  checksumError=false
  deviceBusy=false
发送时间: 2026-06-02 15:30:17
响应时间: -
重试次数: 5

[2026-06-02 15:30:18] [WARN] [scheduler][NetworkStatusTask][QRCode][Device][指令完成]：设备ID=12041 
指令: WriteQRCode
请求帧: 01 10 00 02 00 02 04 00 00 2F 09
响应帧: 01 10 00 02 00 02
处理结果: 失败
失败原因: 等待RTU响应超时
诊断:
  received=false
  timedOut=true
  checksumError=false
  deviceBusy=false
发送时间: 2026-06-02 15:30:17
响应时间: -
重试次数: 5

[2026-06-02 15:30:18] [WARN] [scheduler][NetworkStatusTask][QRCode][Device][指令完成]：设备ID=12042 
指令: WriteQRCode
请求帧: 01 10 00 02 00 02 04 00 00 2F 0A
响应帧: 01 10 00 02 00 02
处理结果: 失败
失败原因: 等待RTU响应超时
诊断:
  received=false
  timedOut=true
  checksumError=false
  deviceBusy=false
发送时间: 2026-06-02 15:30:17
响应时间: -
重试次数: 5

[2026-06-02 15:30:18] [WARN] [scheduler][NetworkStatusTask][QRCode][Device][指令完成]：设备ID=12052 
指令: WriteQRCode
请求帧: 01 10 00 02 00 02 04 00 00 2F 14
响应帧: 01 10 00 02 00 02
处理结果: 失败
失败原因: 等待RTU响应超时
诊断:
  received=false
  timedOut=true
  checksumError=false
  deviceBusy=false
发送时间: 2026-06-02 15:30:17
响应时间: -
重试次数: 5

[2026-06-02 15:30:18] [WARN] [scheduler][NetworkStatusTask][QRCode][Device][指令完成]：设备ID=12017 
指令: WriteQRCode
请求帧: 01 10 00 02 00 02 04 00 00 2E F1
响应帧: 01 10 00 02 00 02
处理结果: 失败
失败原因: 等待RTU响应超时
诊断:
  received=false
  timedOut=true
  checksumError=false
  deviceBusy=false
发送时间: 2026-06-02 15:30:17
响应时间: -
重试次数: 5

[2026-06-02 15:30:18] [WARN] [scheduler][NetworkStatusTask][QRCode][Device][指令完成]：设备ID=12038 
指令: WriteQRCode
请求帧: 01 10 00 02 00 02 04 00 00 2F 06
响应帧: 01 10 00 02 00 02
处理结果: 失败
失败原因: 等待RTU响应超时
诊断:
  received=false
  timedOut=true
  checksumError=false
  deviceBusy=false
发送时间: 2026-06-02 15:30:17
响应时间: -
重试次数: 5

[2026-06-02 15:30:18] [WARN] [scheduler][NetworkStatusTask][QRCode][Device][指令完成]：设备ID=12025 
指令: WriteQRCode
请求帧: 01 10 00 02 00 02 04 00 00 2E F9
响应帧: 01 10 00 02 00 02
处理结果: 失败
失败原因: 等待RTU响应超时
诊断:
  received=false
  timedOut=true
  checksumError=false
  deviceBusy=false
发送时间: 2026-06-02 15:30:17
响应时间: -
重试次数: 5

[2026-06-02 15:30:18] [WARN] [scheduler][NetworkStatusTask][QRCode][Device][指令完成]：设备ID=12032 
指令: WriteQRCode
请求帧: 01 10 00 02 00 02 04 00 00 2F 00
响应帧: 01 10 00 02 00 02
处理结果: 失败
失败原因: 等待RTU响应超时
诊断:
  received=false
  timedOut=true
  checksumError=false
  deviceBusy=false
发送时间: 2026-06-02 15:30:17
响应时间: -
重试次数: 5

[2026-06-02 15:30:18] [WARN] [scheduler][NetworkStatusTask][QRCode][Device][指令完成]：设备ID=12027 
指令: WriteQRCode
请求帧: 01 10 00 02 00 02 04 00 00 2E FB
响应帧: 01 10 00 02 00 02
处理结果: 失败
失败原因: 等待RTU响应超时
诊断:
  received=false
  timedOut=true
  checksumError=false
  deviceBusy=false
发送时间: 2026-06-02 15:30:17
响应时间: -
重试次数: 5

[2026-06-02 15:30:18] [WARN] [scheduler][NetworkStatusTask][QRCode][Device][指令完成]：设备ID=12048 
指令: WriteQRCode
请求帧: 01 10 00 02 00 02 04 00 00 2F 10
响应帧: 01 10 00 02 00 02
处理结果: 失败
失败原因: 等待RTU响应超时
诊断:
  received=false
  timedOut=true
  checksumError=false
  deviceBusy=false
发送时间: 2026-06-02 15:30:17
响应时间: -
重试次数: 5

[2026-06-02 15:30:18] [WARN] [scheduler][NetworkStatusTask][QRCode][Device][指令完成]：设备ID=12044 
指令: WriteQRCode
请求帧: 01 10 00 02 00 02 04 00 00 2F 0C
响应帧: 01 10 00 02 00 02
处理结果: 失败
失败原因: 等待RTU响应超时
诊断:
  received=false
  timedOut=true
  checksumError=false
  deviceBusy=false
发送时间: 2026-06-02 15:30:17
响应时间: -
重试次数: 5

[2026-06-02 15:30:18] [WARN] [scheduler][NetworkStatusTask][QRCode][Device][指令完成]：设备ID=12002 
指令: WriteQRCode
请求帧: 01 10 00 02 00 02 04 00 00 2E E2
响应帧: 01 10 00 02 00 02
处理结果: 失败
失败原因: 等待RTU响应超时
诊断:
  received=false
  timedOut=true
  checksumError=false
  deviceBusy=false
发送时间: 2026-06-02 15:30:17
响应时间: -
重试次数: 5

[2026-06-02 15:30:18] [WARN] [scheduler][NetworkStatusTask][QRCode][Device][指令完成]：设备ID=12051 
指令: WriteQRCode
请求帧: 01 10 00 02 00 02 04 00 00 2F 13
响应帧: 01 10 00 02 00 02
处理结果: 失败
失败原因: 等待RTU响应超时
诊断:
  received=false
  timedOut=true
  checksumError=false
  deviceBusy=false
发送时间: 2026-06-02 15:30:17
响应时间: -
重试次数: 5

[2026-06-02 15:30:18] [WARN] [scheduler][NetworkStatusTask][QRCode][Device][指令完成]：设备ID=12065 
指令: WriteQRCode
请求帧: 01 10 00 02 00 02 04 00 00 2F 21
响应帧: 01 10 00 02 00 02
处理结果: 失败
失败原因: 等待RTU响应超时
诊断:
  received=false
  timedOut=true
  checksumError=false
  deviceBusy=false
发送时间: 2026-06-02 15:30:17
响应时间: -
重试次数: 5

[2026-06-02 15:30:18] [WARN] [scheduler][NetworkStatusTask][QRCode][Device][指令完成]：设备ID=12062 
指令: WriteQRCode
请求帧: 01 10 00 02 00 02 04 00 00 2F 1E
响应帧: 01 10 00 02 00 02
处理结果: 失败
失败原因: 等待RTU响应超时
诊断:
  received=false
  timedOut=true
  checksumError=false
  deviceBusy=false
发送时间: 2026-06-02 15:30:17
响应时间: -
重试次数: 5

[2026-06-02 15:30:18] [WARN] [scheduler][NetworkStatusTask][QRCode][Device][指令完成]：设备ID=12050 
指令: WriteQRCode
请求帧: 01 10 00 02 00 02 04 00 00 2F 12
响应帧: 01 10 00 02 00 02
处理结果: 失败
失败原因: 等待RTU响应超时
诊断:
  received=false
  timedOut=true
  checksumError=false
  deviceBusy=false
发送时间: 2026-06-02 15:30:17
响应时间: -
重试次数: 5

[2026-06-02 15:30:18] [WARN] [scheduler][NetworkStatusTask][QRCode][Device][指令完成]：设备ID=12045 
指令: WriteQRCode
请求帧: 01 10 00 02 00 02 04 00 00 2F 0D
响应帧: 01 10 00 02 00 02
处理结果: 失败
失败原因: 等待RTU响应超时
诊断:
  received=false
  timedOut=true
  checksumError=false
  deviceBusy=false
发送时间: 2026-06-02 15:30:17
响应时间: -
重试次数: 5

[2026-06-02 15:30:18] [WARN] [scheduler][NetworkStatusTask][QRCode][Device][指令完成]：设备ID=12077 
指令: WriteQRCode
请求帧: 01 10 00 02 00 02 04 00 00 2F 2D
响应帧: 01 10 00 02 00 02
处理结果: 失败
失败原因: 等待RTU响应超时
诊断:
  received=false
  timedOut=true
  checksumError=false
  deviceBusy=false
发送时间: 2026-06-02 15:30:17
响应时间: -
重试次数: 5

[2026-06-02 15:30:18] [WARN] [scheduler][NetworkStatusTask][QRCode][Device][指令完成]：设备ID=12066 
指令: WriteQRCode
请求帧: 01 10 00 02 00 02 04 00 00 2F 22
响应帧: 01 10 00 02 00 02
处理结果: 失败
失败原因: 等待RTU响应超时
诊断:
  received=false
  timedOut=true
  checksumError=false
  deviceBusy=false
发送时间: 2026-06-02 15:30:17
响应时间: -
重试次数: 5

[2026-06-02 15:30:18] [WARN] [scheduler][NetworkStatusTask][QRCode][Device][指令完成]：设备ID=12059 
指令: WriteQRCode
请求帧: 01 10 00 02 00 02 04 00 00 2F 1B
响应帧: 01 10 00 02 00 02
处理结果: 失败
失败原因: 等待RTU响应超时
诊断:
  received=false
  timedOut=true
  checksumError=false
  deviceBusy=false
发送时间: 2026-06-02 15:30:17
响应时间: -
重试次数: 5

[2026-06-02 15:30:18] [WARN] [scheduler][NetworkStatusTask][QRCode][Device][指令完成]：设备ID=12053 
指令: WriteQRCode
请求帧: 01 10 00 02 00 02 04 00 00 2F 15
响应帧: 01 10 00 02 00 02
处理结果: 失败
失败原因: 等待RTU响应超时
诊断:
  received=false
  timedOut=true
  checksumError=false
  deviceBusy=false
发送时间: 2026-06-02 15:30:17
响应时间: -
重试次数: 5

[2026-06-02 15:30:18] [WARN] [scheduler][NetworkStatusTask][QRCode][Device][指令完成]：设备ID=12057 
指令: WriteQRCode
请求帧: 01 10 00 02 00 02 04 00 00 2F 19
响应帧: 01 10 00 02 00 02
处理结果: 失败
失败原因: 等待RTU响应超时
诊断:
  received=false
  timedOut=true
  checksumError=false
  deviceBusy=false
发送时间: 2026-06-02 15:30:17
响应时间: -
重试次数: 5

[2026-06-02 15:30:18] [WARN] [scheduler][NetworkStatusTask][QRCode][Device][指令完成]：设备ID=12054 
指令: WriteQRCode
请求帧: 01 10 00 02 00 02 04 00 00 2F 16
响应帧: 01 10 00 02 00 02
处理结果: 失败
失败原因: 等待RTU响应超时
诊断:
  received=false
  timedOut=true
  checksumError=false
  deviceBusy=false
发送时间: 2026-06-02 15:30:17
响应时间: -
重试次数: 5

[2026-06-02 15:30:18] [WARN] [scheduler][NetworkStatusTask][QRCode][Device][指令完成]：设备ID=12047 
指令: WriteQRCode
请求帧: 01 10 00 02 00 02 04 00 00 2F 0F
响应帧: 01 10 00 02 00 02
处理结果: 失败
失败原因: 等待RTU响应超时
诊断:
  received=false
  timedOut=true
  checksumError=false
  deviceBusy=false
发送时间: 2026-06-02 15:30:17
响应时间: -
重试次数: 5

[2026-06-02 15:30:18] [WARN] [scheduler][NetworkStatusTask][QRCode][Device][指令完成]：设备ID=12064 
指令: WriteQRCode
请求帧: 01 10 00 02 00 02 04 00 00 2F 20
响应帧: 01 10 00 02 00 02
处理结果: 失败
失败原因: 等待RTU响应超时
诊断:
  received=false
  timedOut=true
  checksumError=false
  deviceBusy=false
发送时间: 2026-06-02 15:30:17
响应时间: -
重试次数: 5

[2026-06-02 15:30:18] [WARN] [scheduler][NetworkStatusTask][QRCode][Device][指令完成]：设备ID=12060 
指令: WriteQRCode
请求帧: 01 10 00 02 00 02 04 00 00 2F 1C
响应帧: 01 10 00 02 00 02
处理结果: 失败
失败原因: 等待RTU响应超时
诊断:
  received=false
  timedOut=true
  checksumError=false
  deviceBusy=false
发送时间: 2026-06-02 15:30:17
响应时间: -
重试次数: 5

[2026-06-02 15:30:18] [WARN] [scheduler][NetworkStatusTask][QRCode][Device][指令完成]：设备ID=12049 
指令: WriteQRCode
请求帧: 01 10 00 02 00 02 04 00 00 2F 11
响应帧: 01 10 00 02 00 02
处理结果: 失败
失败原因: 等待RTU响应超时
诊断:
  received=false
  timedOut=true
  checksumError=false
  deviceBusy=false
发送时间: 2026-06-02 15:30:17
响应时间: -
重试次数: 5

[2026-06-02 15:30:18] [WARN] [scheduler][NetworkStatusTask][QRCode][Device][指令完成]：设备ID=12063 
指令: WriteQRCode
请求帧: 01 10 00 02 00 02 04 00 00 2F 1F
响应帧: 01 10 00 02 00 02
处理结果: 失败
失败原因: 等待RTU响应超时
诊断:
  received=false
  timedOut=true
  checksumError=false
  deviceBusy=false
发送时间: 2026-06-02 15:30:17
响应时间: -
重试次数: 5

[2026-06-02 15:30:18] [WARN] [scheduler][NetworkStatusTask][QRCode][Device][指令完成]：设备ID=12061 
指令: WriteQRCode
请求帧: 01 10 00 02 00 02 04 00 00 2F 1D
响应帧: 01 10 00 02 00 02
处理结果: 失败
失败原因: 等待RTU响应超时
诊断:
  received=false
  timedOut=true
  checksumError=false
  deviceBusy=false
发送时间: 2026-06-02 15:30:17
响应时间: -
重试次数: 5

[2026-06-02 15:30:18] [WARN] [scheduler][NetworkStatusTask][QRCode][Device][指令完成]：设备ID=12004 
指令: WriteQRCode
请求帧: 01 10 00 02 00 02 04 00 00 2E E4
响应帧: 01 10 00 02 00 02
处理结果: 失败
失败原因: 等待RTU响应超时
诊断:
  received=false
  timedOut=true
  checksumError=false
  deviceBusy=false
发送时间: 2026-06-02 15:30:17
响应时间: -
重试次数: 5

[2026-06-02 15:30:18] [WARN] [scheduler][NetworkStatusTask][QRCode][Device][指令完成]：设备ID=12008 
指令: WriteQRCode
请求帧: 01 10 00 02 00 02 04 00 00 2E E8
响应帧: 01 10 00 02 00 02
处理结果: 失败
失败原因: 等待RTU响应超时
诊断:
  received=false
  timedOut=true
  checksumError=false
  deviceBusy=false
发送时间: 2026-06-02 15:30:17
响应时间: -
重试次数: 5

[2026-06-02 15:30:18] [WARN] [scheduler][NetworkStatusTask][QRCode][Device][指令完成]：设备ID=12078 
指令: WriteQRCode
请求帧: 01 10 00 02 00 02 04 00 00 2F 2E
响应帧: 01 10 00 02 00 02
处理结果: 失败
失败原因: 等待RTU响应超时
诊断:
  received=false
  timedOut=true
  checksumError=false
  deviceBusy=false
发送时间: 2026-06-02 15:30:17
响应时间: -
重试次数: 5

[2026-06-02 15:30:18] [WARN] [scheduler][NetworkStatusTask][QRCode][Device][指令完成]：设备ID=12058 
指令: WriteQRCode
请求帧: 01 10 00 02 00 02 04 00 00 2F 1A
响应帧: 01 10 00 02 00 02
处理结果: 失败
失败原因: 等待RTU响应超时
诊断:
  received=false
  timedOut=true
  checksumError=false
  deviceBusy=false
发送时间: 2026-06-02 15:30:17
响应时间: -
重试次数: 5

[2026-06-02 15:30:18] [WARN] [scheduler][NetworkStatusTask][QRCode][Device][指令完成]：设备ID=12068 
指令: WriteQRCode
请求帧: 01 10 00 02 00 02 04 00 00 2F 24
响应帧: 01 10 00 02 00 02
处理结果: 失败
失败原因: 等待RTU响应超时
诊断:
  received=false
  timedOut=true
  checksumError=false
  deviceBusy=false
发送时间: 2026-06-02 15:30:17
响应时间: -
重试次数: 5

[2026-06-02 15:30:18] [WARN] [scheduler][NetworkStatusTask][QRCode][Device][指令完成]：设备ID=12021 
指令: WriteQRCode
请求帧: 01 10 00 02 00 02 04 00 00 2E F5
响应帧: 01 10 00 02 00 02
处理结果: 失败
失败原因: 等待RTU响应超时
诊断:
  received=false
  timedOut=true
  checksumError=false
  deviceBusy=false
发送时间: 2026-06-02 15:30:17
响应时间: -
重试次数: 5

[2026-06-02 15:30:18] [WARN] [scheduler][NetworkStatusTask][QRCode][Device][指令完成]：设备ID=12067 
指令: WriteQRCode
请求帧: 01 10 00 02 00 02 04 00 00 2F 23
响应帧: 01 10 00 02 00 02
处理结果: 失败
失败原因: 等待RTU响应超时
诊断:
  received=false
  timedOut=true
  checksumError=false
  deviceBusy=false
发送时间: 2026-06-02 15:30:17
响应时间: -
重试次数: 5

[2026-06-02 15:30:18] [WARN] [scheduler][NetworkStatusTask][QRCode][Device][指令完成]：设备ID=12018 
指令: WriteQRCode
请求帧: 01 10 00 02 00 02 04 00 00 2E F2
响应帧: 01 10 00 02 00 02
处理结果: 失败
失败原因: 等待RTU响应超时
诊断:
  received=false
  timedOut=true
  checksumError=false
  deviceBusy=false
发送时间: 2026-06-02 15:30:17
响应时间: -
重试次数: 5

[2026-06-02 15:30:18] [WARN] [scheduler][NetworkStatusTask][QRCode][Device][指令完成]：设备ID=12073 
指令: WriteQRCode
请求帧: 01 10 00 02 00 02 04 00 00 2F 29
响应帧: 01 10 00 02 00 02
处理结果: 失败
失败原因: 等待RTU响应超时
诊断:
  received=false
  timedOut=true
  checksumError=false
  deviceBusy=false
发送时间: 2026-06-02 15:30:17
响应时间: -
重试次数: 5

[2026-06-02 15:30:18] [WARN] [scheduler][NetworkStatusTask][QRCode][Device][指令完成]：设备ID=12072 
指令: WriteQRCode
请求帧: 01 10 00 02 00 02 04 00 00 2F 28
响应帧: 01 10 00 02 00 02
处理结果: 失败
失败原因: 等待RTU响应超时
诊断:
  received=false
  timedOut=true
  checksumError=false
  deviceBusy=false
发送时间: 2026-06-02 15:30:17
响应时间: -
重试次数: 5

[2026-06-02 15:30:18] [WARN] [scheduler][NetworkStatusTask][QRCode][Device][指令完成]：设备ID=12055 
指令: WriteQRCode
请求帧: 01 10 00 02 00 02 04 00 00 2F 17
响应帧: 01 10 00 02 00 02
处理结果: 失败
失败原因: 等待RTU响应超时
诊断:
  received=false
  timedOut=true
  checksumError=false
  deviceBusy=false
发送时间: 2026-06-02 15:30:17
响应时间: -
重试次数: 5

[2026-06-02 15:30:18] [WARN] [scheduler][NetworkStatusTask][QRCode][Device][指令完成]：设备ID=12071 
指令: WriteQRCode
请求帧: 01 10 00 02 00 02 04 00 00 2F 27
响应帧: 01 10 00 02 00 02
处理结果: 失败
失败原因: 等待RTU响应超时
诊断:
  received=false
  timedOut=true
  checksumError=false
  deviceBusy=false
发送时间: 2026-06-02 15:30:17
响应时间: -
重试次数: 5

[2026-06-02 15:30:18] [WARN] [scheduler][NetworkStatusTask][QRCode][Device][指令完成]：设备ID=12016 
指令: WriteQRCode
请求帧: 01 10 00 02 00 02 04 00 00 2E F0
响应帧: 01 10 00 02 00 02
处理结果: 失败
失败原因: 等待RTU响应超时
诊断:
  received=false
  timedOut=true
  checksumError=false
  deviceBusy=false
发送时间: 2026-06-02 15:30:17
响应时间: -
重试次数: 5

[2026-06-02 15:30:18] [WARN] [scheduler][NetworkStatusTask][QRCode][Device][指令完成]：设备ID=12079 
指令: WriteQRCode
请求帧: 01 10 00 02 00 02 04 00 00 2F 2F
响应帧: 01 10 00 02 00 02
处理结果: 失败
失败原因: 等待RTU响应超时
诊断:
  received=false
  timedOut=true
  checksumError=false
  deviceBusy=false
发送时间: 2026-06-02 15:30:17
响应时间: -
重试次数: 5

[2026-06-02 15:30:18] [WARN] [scheduler][NetworkStatusTask][QRCode][Device][指令完成]：设备ID=12015 
指令: WriteQRCode
请求帧: 01 10 00 02 00 02 04 00 00 2E EF
响应帧: 01 10 00 02 00 02
处理结果: 失败
失败原因: 等待RTU响应超时
诊断:
  received=false
  timedOut=true
  checksumError=false
  deviceBusy=false
发送时间: 2026-06-02 15:30:17
响应时间: -
重试次数: 5

[2026-06-02 15:30:18] [WARN] [scheduler][NetworkStatusTask][QRCode][Device][指令完成]：设备ID=12075 
指令: WriteQRCode
请求帧: 01 10 00 02 00 02 04 00 00 2F 2B
响应帧: 01 10 00 02 00 02
处理结果: 失败
失败原因: 等待RTU响应超时
诊断:
  received=false
  timedOut=true
  checksumError=false
  deviceBusy=false
发送时间: 2026-06-02 15:30:17
响应时间: -
重试次数: 5

[2026-06-02 15:30:18] [WARN] [scheduler][NetworkStatusTask][QRCode][Device][指令完成]：设备ID=12070 
指令: WriteQRCode
请求帧: 01 10 00 02 00 02 04 00 00 2F 26
响应帧: 01 10 00 02 00 02
处理结果: 失败
失败原因: 等待RTU响应超时
诊断:
  received=false
  timedOut=true
  checksumError=false
  deviceBusy=false
发送时间: 2026-06-02 15:30:17
响应时间: -
重试次数: 5

[2026-06-02 15:30:18] [WARN] [scheduler][NetworkStatusTask][QRCode][Device][指令完成]：设备ID=12069 
指令: WriteQRCode
请求帧: 01 10 00 02 00 02 04 00 00 2F 25
响应帧: 01 10 00 02 00 02
处理结果: 失败
失败原因: 等待RTU响应超时
诊断:
  received=false
  timedOut=true
  checksumError=false
  deviceBusy=false
发送时间: 2026-06-02 15:30:17
响应时间: -
重试次数: 5

[2026-06-02 15:30:18] [WARN] [scheduler][NetworkStatusTask][QRCode][Device][指令完成]：设备ID=12076 
指令: WriteQRCode
请求帧: 01 10 00 02 00 02 04 00 00 2F 2C
响应帧: 01 10 00 02 00 02
处理结果: 失败
失败原因: 等待RTU响应超时
诊断:
  received=false
  timedOut=true
  checksumError=false
  deviceBusy=false
发送时间: 2026-06-02 15:30:17
响应时间: -
重试次数: 5

[2026-06-02 15:30:18] [WARN] [scheduler][NetworkStatusTask][QRCode][Device][指令完成]：设备ID=12039 
指令: WriteQRCode
请求帧: 01 10 00 02 00 02 04 00 00 2F 07
响应帧: 01 10 00 02 00 02
处理结果: 失败
失败原因: 等待RTU响应超时
诊断:
  received=false
  timedOut=true
  checksumError=false
  deviceBusy=false
发送时间: 2026-06-02 15:30:17
响应时间: -
重试次数: 5

[2026-06-02 15:30:18] [WARN] [scheduler][NetworkStatusTask][QRCode][Device][指令完成]：设备ID=12019 
指令: WriteQRCode
请求帧: 01 10 00 02 00 02 04 00 00 2E F3
响应帧: 01 10 00 02 00 02
处理结果: 失败
失败原因: 等待RTU响应超时
诊断:
  received=false
  timedOut=true
  checksumError=false
  deviceBusy=false
发送时间: 2026-06-02 15:30:17
响应时间: -
重试次数: 5

[2026-06-02 15:30:18] [WARN] [scheduler][NetworkStatusTask][QRCode][Device][指令完成]：设备ID=12074 
指令: WriteQRCode
请求帧: 01 10 00 02 00 02 04 00 00 2F 2A
响应帧: 01 10 00 02 00 02
处理结果: 失败
失败原因: 等待RTU响应超时
诊断:
  received=false
  timedOut=true
  checksumError=false
  deviceBusy=false
发送时间: 2026-06-02 15:30:17
响应时间: -
重试次数: 5

[2026-06-02 15:30:18] [WARN] [scheduler][NetworkStatusTask][QRCode][Device][指令完成]：设备ID=12022 
指令: WriteQRCode
请求帧: 01 10 00 02 00 02 04 00 00 2E F6
响应帧: 01 10 00 02 00 02
处理结果: 失败
失败原因: 等待RTU响应超时
诊断:
  received=false
  timedOut=true
  checksumError=false
  deviceBusy=false
发送时间: 2026-06-02 15:30:17
响应时间: -
重试次数: 5

[2026-06-02 15:30:18] [WARN] [scheduler][NetworkStatusTask][QRCode][Device][指令完成]：设备ID=12020 
指令: WriteQRCode
请求帧: 01 10 00 02 00 02 04 00 00 2E F4
响应帧: 01 10 00 02 00 02
处理结果: 失败
失败原因: 等待RTU响应超时
诊断:
  received=false
  timedOut=true
  checksumError=false
  deviceBusy=false
发送时间: 2026-06-02 15:30:17
响应时间: -
重试次数: 5

[2026-06-02 15:30:18] [WARN] [scheduler][NetworkStatusTask][QRCode][Device][指令完成]：设备ID=12056 
指令: WriteQRCode
请求帧: 01 10 00 02 00 02 04 00 00 2F 18
响应帧: 01 10 00 02 00 02
处理结果: 失败
失败原因: 等待RTU响应超时
诊断:
  received=false
  timedOut=true
  checksumError=false
  deviceBusy=false
发送时间: 2026-06-02 15:30:17
响应时间: -
重试次数: 5

[2026-06-02 15:30:18] [WARN] [scheduler][NetworkStatusTask][QRCode][Device][指令完成]：设备ID=12024 
指令: WriteQRCode
请求帧: 01 10 00 02 00 02 04 00 00 2E F8
响应帧: 01 10 00 02 00 02
处理结果: 失败
失败原因: 等待RTU响应超时
诊断:
  received=false
  timedOut=true
  checksumError=false
  deviceBusy=false
发送时间: 2026-06-02 15:30:17
响应时间: -
重试次数: 5

[2026-06-02 15:30:18] [WARN] [scheduler][NetworkStatusTask][QRCode][Device][指令完成]：设备ID=12007 
指令: WriteQRCode
请求帧: 01 10 00 02 00 02 04 00 00 2E E7
响应帧: 01 10 00 02 00 02
处理结果: 失败
失败原因: 等待RTU响应超时
诊断:
  received=false
  timedOut=true
  checksumError=false
  deviceBusy=false
发送时间: 2026-06-02 15:30:17
响应时间: -
重试次数: 5

[2026-06-02 15:30:18] [WARN] [scheduler][NetworkStatusTask][QRCode][Device][指令完成]：设备ID=12006 
指令: WriteQRCode
请求帧: 01 10 00 02 00 02 04 00 00 2E E6
响应帧: 01 10 00 02 00 02
处理结果: 失败
失败原因: 等待RTU响应超时
诊断:
  received=false
  timedOut=true
  checksumError=false
  deviceBusy=false
发送时间: 2026-06-02 15:30:17
响应时间: -
重试次数: 5

[2026-06-02 15:30:18] [WARN] [scheduler][NetworkStatusTask][QRCode][Device][指令完成]：设备ID=12014 
指令: WriteQRCode
请求帧: 01 10 00 02 00 02 04 00 00 2E EE
响应帧: 01 10 00 02 00 02
处理结果: 失败
失败原因: 等待RTU响应超时
诊断:
  received=false
  timedOut=true
  checksumError=false
  deviceBusy=false
发送时间: 2026-06-02 15:30:17
响应时间: -
重试次数: 5

[2026-06-02 15:30:18] [WARN] [scheduler][NetworkStatusTask][QRCode][Device][指令完成]：设备ID=12011 
指令: WriteQRCode
请求帧: 01 10 00 02 00 02 04 00 00 2E EB
响应帧: 01 10 00 02 00 02
处理结果: 失败
失败原因: 等待RTU响应超时
诊断:
  received=false
  timedOut=true
  checksumError=false
  deviceBusy=false
发送时间: 2026-06-02 15:30:17
响应时间: -
重试次数: 5

[2026-06-02 15:30:18] [WARN] [scheduler][NetworkStatusTask][QRCode][Device][指令完成]：设备ID=12005 
指令: WriteQRCode
请求帧: 01 10 00 02 00 02 04 00 00 2E E5
响应帧: 01 10 00 02 00 02
处理结果: 失败
失败原因: 等待RTU响应超时
诊断:
  received=false
  timedOut=true
  checksumError=false
  deviceBusy=false
发送时间: 2026-06-02 15:30:17
响应时间: -
重试次数: 5

[2026-06-02 15:30:18] [WARN] [scheduler][NetworkStatusTask][QRCode][Device][指令完成]：设备ID=12001 
指令: WriteQRCode
请求帧: 01 10 00 02 00 02 04 00 00 2E E1
响应帧: 01 10 00 02 00 02
处理结果: 失败
失败原因: 等待RTU响应超时
诊断:
  received=false
  timedOut=true
  checksumError=false
  deviceBusy=false
发送时间: 2026-06-02 15:30:17
响应时间: -
重试次数: 5

[2026-06-02 15:30:18] [WARN] [scheduler][NetworkStatusTask][QRCode][Device][指令完成]：设备ID=12013 
指令: WriteQRCode
请求帧: 01 10 00 02 00 02 04 00 00 2E ED
响应帧: 01 10 00 02 00 02
处理结果: 失败
失败原因: 等待RTU响应超时
诊断:
  received=false
  timedOut=true
  checksumError=false
  deviceBusy=false
发送时间: 2026-06-02 15:30:17
响应时间: -
重试次数: 5

[2026-06-02 15:30:18] [WARN] [scheduler][NetworkStatusTask][QRCode][Device][指令完成]：设备ID=12031 
指令: WriteQRCode
请求帧: 01 10 00 02 00 02 04 00 00 2E FF
响应帧: 01 10 00 02 00 02
处理结果: 失败
失败原因: 等待RTU响应超时
诊断:
  received=false
  timedOut=true
  checksumError=false
  deviceBusy=false
发送时间: 2026-06-02 15:30:17
响应时间: -
重试次数: 5

[2026-06-02 15:30:18] [WARN] [scheduler][NetworkStatusTask][QRCode][Device][指令完成]：设备ID=12003 
指令: WriteQRCode
请求帧: 01 10 00 02 00 02 04 00 00 2E E3
响应帧: 01 10 00 02 00 02
处理结果: 失败
失败原因: 等待RTU响应超时
诊断:
  received=false
  timedOut=true
  checksumError=false
  deviceBusy=false
发送时间: 2026-06-02 15:30:17
响应时间: -
重试次数: 5

[2026-06-02 15:30:18] [WARN] [scheduler][NetworkStatusTask][QRCode][Device][指令完成]：设备ID=12026 
指令: WriteQRCode
请求帧: 01 10 00 02 00 02 04 00 00 2E FA
响应帧: 01 10 00 02 00 02
处理结果: 失败
失败原因: 等待RTU响应超时
诊断:
  received=false
  timedOut=true
  checksumError=false
  deviceBusy=false
发送时间: 2026-06-02 15:30:17
响应时间: -
重试次数: 5

[2026-06-02 15:30:18] [WARN] [scheduler][NetworkStatusTask][QRCode][Device][指令完成]：设备ID=12010 
指令: WriteQRCode
请求帧: 01 10 00 02 00 02 04 00 00 2E EA
响应帧: 01 10 00 02 00 02
处理结果: 失败
失败原因: 等待RTU响应超时
诊断:
  received=false
  timedOut=true
  checksumError=false
  deviceBusy=false
发送时间: 2026-06-02 15:30:17
响应时间: -
重试次数: 5

[2026-06-02 15:30:18] [WARN] [scheduler][NetworkStatusTask][QRCode][Device][指令完成]：设备ID=12030 
指令: WriteQRCode
请求帧: 01 10 00 02 00 02 04 00 00 2E FE
响应帧: 01 10 00 02 00 02
处理结果: 失败
失败原因: 等待RTU响应超时
诊断:
  received=false
  timedOut=true
  checksumError=false
  deviceBusy=false
发送时间: 2026-06-02 15:30:17
响应时间: -
重试次数: 5

[2026-06-02 15:30:18] [WARN] [scheduler][NetworkStatusTask][QRCode][Device][指令完成]：设备ID=12012 
指令: WriteQRCode
请求帧: 01 10 00 02 00 02 04 00 00 2E EC
响应帧: 01 10 00 02 00 02
处理结果: 失败
失败原因: 等待RTU响应超时
诊断:
  received=false
  timedOut=true
  checksumError=false
  deviceBusy=false
发送时间: 2026-06-02 15:30:17
响应时间: -
重试次数: 5

[2026-06-02 15:30:19] [WARN] [scheduler][NetworkStatusTask][QRCode][Device][指令完成]：设备ID=12080 
指令: WriteQRCode
请求帧: 01 10 00 02 00 02 04 00 00 2F 30
响应帧: 01 10 00 02 00 02
处理结果: 失败
失败原因: 等待RTU响应超时
诊断:
  received=false
  timedOut=true
  checksumError=false
  deviceBusy=false
发送时间: 2026-06-02 15:30:18
响应时间: -
重试次数: 5

[2026-06-02 15:31:01] [WARN] [scheduler][NetworkStatusTask][QRCode][Device][指令完成]：设备ID=12003 
指令: WriteQRCode
请求帧: 01 10 00 02 00 02 04 00 00 2E E3
响应帧: 01 10 00 02 00 02
处理结果: 失败
失败原因: 等待RTU响应超时
诊断:
  received=false
  timedOut=true
  checksumError=false
  deviceBusy=false
发送时间: 2026-06-02 15:31:00
响应时间: -
重试次数: 5

[2026-06-02 15:31:01] [WARN] [scheduler][NetworkStatusTask][QRCode][Device][指令完成]：设备ID=12017 
指令: WriteQRCode
请求帧: 01 10 00 02 00 02 04 00 00 2E F1
响应帧: 01 10 00 02 00 02
处理结果: 失败
失败原因: 等待RTU响应超时
诊断:
  received=false
  timedOut=true
  checksumError=false
  deviceBusy=false
发送时间: 2026-06-02 15:31:00
响应时间: -
重试次数: 5

[2026-06-02 15:31:01] [WARN] [scheduler][NetworkStatusTask][QRCode][Device][指令完成]：设备ID=12014 
指令: WriteQRCode
请求帧: 01 10 00 02 00 02 04 00 00 2E EE
响应帧: 01 10 00 02 00 02
处理结果: 失败
失败原因: 等待RTU响应超时
诊断:
  received=false
  timedOut=true
  checksumError=false
  deviceBusy=false
发送时间: 2026-06-02 15:31:00
响应时间: -
重试次数: 5

[2026-06-02 15:31:01] [WARN] [scheduler][NetworkStatusTask][QRCode][Device][指令完成]：设备ID=12015 
指令: WriteQRCode
请求帧: 01 10 00 02 00 02 04 00 00 2E EF
响应帧: 01 10 00 02 00 02
处理结果: 失败
失败原因: 等待RTU响应超时
诊断:
  received=false
  timedOut=true
  checksumError=false
  deviceBusy=false
发送时间: 2026-06-02 15:31:00
响应时间: -
重试次数: 5

[2026-06-02 15:31:01] [WARN] [scheduler][NetworkStatusTask][QRCode][Device][指令完成]：设备ID=12013 
指令: WriteQRCode
请求帧: 01 10 00 02 00 02 04 00 00 2E ED
响应帧: 01 10 00 02 00 02
处理结果: 失败
失败原因: 等待RTU响应超时
诊断:
  received=false
  timedOut=true
  checksumError=false
  deviceBusy=false
发送时间: 2026-06-02 15:31:00
响应时间: -
重试次数: 5

[2026-06-02 15:31:01] [WARN] [scheduler][NetworkStatusTask][QRCode][Device][指令完成]：设备ID=12018 
指令: WriteQRCode
请求帧: 01 10 00 02 00 02 04 00 00 2E F2
响应帧: 01 10 00 02 00 02
处理结果: 失败
失败原因: 等待RTU响应超时
诊断:
  received=false
  timedOut=true
  checksumError=false
  deviceBusy=false
发送时间: 2026-06-02 15:31:00
响应时间: -
重试次数: 5

[2026-06-02 15:31:01] [WARN] [scheduler][NetworkStatusTask][QRCode][Device][指令完成]：设备ID=12001 
指令: WriteQRCode
请求帧: 01 10 00 02 00 02 04 00 00 2E E1
响应帧: 01 10 00 02 00 02
处理结果: 失败
失败原因: 等待RTU响应超时
诊断:
  received=false
  timedOut=true
  checksumError=false
  deviceBusy=false
发送时间: 2026-06-02 15:31:00
响应时间: -
重试次数: 5

[2026-06-02 15:31:01] [WARN] [scheduler][NetworkStatusTask][QRCode][Device][指令完成]：设备ID=12005 
指令: WriteQRCode
请求帧: 01 10 00 02 00 02 04 00 00 2E E5
响应帧: 01 10 00 02 00 02
处理结果: 失败
失败原因: 等待RTU响应超时
诊断:
  received=false
  timedOut=true
  checksumError=false
  deviceBusy=false
发送时间: 2026-06-02 15:31:00
响应时间: -
重试次数: 5

[2026-06-02 15:31:01] [WARN] [scheduler][NetworkStatusTask][QRCode][Device][指令完成]：设备ID=12012 
指令: WriteQRCode
请求帧: 01 10 00 02 00 02 04 00 00 2E EC
响应帧: 01 10 00 02 00 02
处理结果: 失败
失败原因: 等待RTU响应超时
诊断:
  received=false
  timedOut=true
  checksumError=false
  deviceBusy=false
发送时间: 2026-06-02 15:31:00
响应时间: -
重试次数: 5

[2026-06-02 15:31:01] [WARN] [scheduler][NetworkStatusTask][QRCode][Device][指令完成]：设备ID=12009 
指令: WriteQRCode
请求帧: 01 10 00 02 00 02 04 00 00 2E E9
响应帧: 01 10 00 02 00 02
处理结果: 失败
失败原因: 等待RTU响应超时
诊断:
  received=false
  timedOut=true
  checksumError=false
  deviceBusy=false
发送时间: 2026-06-02 15:31:00
响应时间: -
重试次数: 5

[2026-06-02 15:31:01] [WARN] [scheduler][NetworkStatusTask][QRCode][Device][指令完成]：设备ID=12004 
指令: WriteQRCode
请求帧: 01 10 00 02 00 02 04 00 00 2E E4
响应帧: 01 10 00 02 00 02
处理结果: 失败
失败原因: 等待RTU响应超时
诊断:
  received=false
  timedOut=true
  checksumError=false
  deviceBusy=false
发送时间: 2026-06-02 15:31:00
响应时间: -
重试次数: 5

[2026-06-02 15:31:01] [WARN] [scheduler][NetworkStatusTask][QRCode][Device][指令完成]：设备ID=12019 
指令: WriteQRCode
请求帧: 01 10 00 02 00 02 04 00 00 2E F3
响应帧: 01 10 00 02 00 02
处理结果: 失败
失败原因: 等待RTU响应超时
诊断:
  received=false
  timedOut=true
  checksumError=false
  deviceBusy=false
发送时间: 2026-06-02 15:31:00
响应时间: -
重试次数: 5

[2026-06-02 15:31:01] [WARN] [scheduler][NetworkStatusTask][QRCode][Device][指令完成]：设备ID=12016 
指令: WriteQRCode
请求帧: 01 10 00 02 00 02 04 00 00 2E F0
响应帧: 01 10 00 02 00 02
处理结果: 失败
失败原因: 等待RTU响应超时
诊断:
  received=false
  timedOut=true
  checksumError=false
  deviceBusy=false
发送时间: 2026-06-02 15:31:00
响应时间: -
重试次数: 5

[2026-06-02 15:31:01] [WARN] [scheduler][NetworkStatusTask][QRCode][Device][指令完成]：设备ID=12008 
指令: WriteQRCode
请求帧: 01 10 00 02 00 02 04 00 00 2E E8
响应帧: 01 10 00 02 00 02
处理结果: 失败
失败原因: 等待RTU响应超时
诊断:
  received=false
  timedOut=true
  checksumError=false
  deviceBusy=false
发送时间: 2026-06-02 15:31:00
响应时间: -
重试次数: 5

[2026-06-02 15:31:01] [WARN] [scheduler][NetworkStatusTask][QRCode][Device][指令完成]：设备ID=12006 
指令: WriteQRCode
请求帧: 01 10 00 02 00 02 04 00 00 2E E6
响应帧: 01 10 00 02 00 02
处理结果: 失败
失败原因: 等待RTU响应超时
诊断:
  received=false
  timedOut=true
  checksumError=false
  deviceBusy=false
发送时间: 2026-06-02 15:31:00
响应时间: -
重试次数: 5

[2026-06-02 15:31:01] [WARN] [scheduler][NetworkStatusTask][QRCode][Device][指令完成]：设备ID=12020 
指令: WriteQRCode
请求帧: 01 10 00 02 00 02 04 00 00 2E F4
响应帧: 01 10 00 02 00 02
处理结果: 失败
失败原因: 等待RTU响应超时
诊断:
  received=false
  timedOut=true
  checksumError=false
  deviceBusy=false
发送时间: 2026-06-02 15:31:00
响应时间: -
重试次数: 5

[2026-06-02 15:31:01] [WARN] [scheduler][NetworkStatusTask][QRCode][Device][指令完成]：设备ID=12011 
指令: WriteQRCode
请求帧: 01 10 00 02 00 02 04 00 00 2E EB
响应帧: 01 10 00 02 00 02
处理结果: 失败
失败原因: 等待RTU响应超时
诊断:
  received=false
  timedOut=true
  checksumError=false
  deviceBusy=false
发送时间: 2026-06-02 15:31:00
响应时间: -
重试次数: 5

[2026-06-02 15:31:01] [WARN] [scheduler][NetworkStatusTask][QRCode][Device][指令完成]：设备ID=12007 
指令: WriteQRCode
请求帧: 01 10 00 02 00 02 04 00 00 2E E7
响应帧: 01 10 00 02 00 02
处理结果: 失败
失败原因: 等待RTU响应超时
诊断:
  received=false
  timedOut=true
  checksumError=false
  deviceBusy=false
发送时间: 2026-06-02 15:31:00
响应时间: -
重试次数: 5

[2026-06-02 15:31:01] [WARN] [scheduler][NetworkStatusTask][QRCode][Device][指令完成]：设备ID=12010 
指令: WriteQRCode
请求帧: 01 10 00 02 00 02 04 00 00 2E EA
响应帧: 01 10 00 02 00 02
处理结果: 失败
失败原因: 等待RTU响应超时
诊断:
  received=false
  timedOut=true
  checksumError=false
  deviceBusy=false
发送时间: 2026-06-02 15:31:00
响应时间: -
重试次数: 5

[2026-06-02 15:31:01] [WARN] [scheduler][NetworkStatusTask][QRCode][Device][指令完成]：设备ID=12002 
指令: WriteQRCode
请求帧: 01 10 00 02 00 02 04 00 00 2E E2
响应帧: 01 10 00 02 00 02
处理结果: 失败
失败原因: 等待RTU响应超时
诊断:
  received=false
  timedOut=true
  checksumError=false
  deviceBusy=false
发送时间: 2026-06-02 15:31:00
响应时间: -
重试次数: 5

[2026-06-02 15:31:01] [WARN] [scheduler][NetworkStatusTask][QRCode][Device][指令完成]：设备ID=12031 
指令: WriteQRCode
请求帧: 01 10 00 02 00 02 04 00 00 2E FF
响应帧: 01 10 00 02 00 02
处理结果: 失败
失败原因: 等待RTU响应超时
诊断:
  received=false
  timedOut=true
  checksumError=false
  deviceBusy=false
发送时间: 2026-06-02 15:31:00
响应时间: -
重试次数: 5

[2026-06-02 15:31:01] [WARN] [scheduler][NetworkStatusTask][QRCode][Device][指令完成]：设备ID=12021 
指令: WriteQRCode
请求帧: 01 10 00 02 00 02 04 00 00 2E F5
响应帧: 01 10 00 02 00 02
处理结果: 失败
失败原因: 等待RTU响应超时
诊断:
  received=false
  timedOut=true
  checksumError=false
  deviceBusy=false
发送时间: 2026-06-02 15:31:00
响应时间: -
重试次数: 5

[2026-06-02 15:31:01] [WARN] [scheduler][NetworkStatusTask][QRCode][Device][指令完成]：设备ID=12028 
指令: WriteQRCode
请求帧: 01 10 00 02 00 02 04 00 00 2E FC
响应帧: 01 10 00 02 00 02
处理结果: 失败
失败原因: 等待RTU响应超时
诊断:
  received=false
  timedOut=true
  checksumError=false
  deviceBusy=false
发送时间: 2026-06-02 15:31:00
响应时间: -
重试次数: 5

[2026-06-02 15:31:01] [WARN] [scheduler][NetworkStatusTask][QRCode][Device][指令完成]：设备ID=12029 
指令: WriteQRCode
请求帧: 01 10 00 02 00 02 04 00 00 2E FD
响应帧: 01 10 00 02 00 02
处理结果: 失败
失败原因: 等待RTU响应超时
诊断:
  received=false
  timedOut=true
  checksumError=false
  deviceBusy=false
发送时间: 2026-06-02 15:31:00
响应时间: -
重试次数: 5

[2026-06-02 15:31:01] [WARN] [scheduler][NetworkStatusTask][QRCode][Device][指令完成]：设备ID=12061 
指令: WriteQRCode
请求帧: 01 10 00 02 00 02 04 00 00 2F 1D
响应帧: 01 10 00 02 00 02
处理结果: 失败
失败原因: 等待RTU响应超时
诊断:
  received=false
  timedOut=true
  checksumError=false
  deviceBusy=false
发送时间: 2026-06-02 15:31:00
响应时间: -
重试次数: 5

[2026-06-02 15:31:01] [WARN] [scheduler][NetworkStatusTask][QRCode][Device][指令完成]：设备ID=12035 
指令: WriteQRCode
请求帧: 01 10 00 02 00 02 04 00 00 2F 03
响应帧: 01 10 00 02 00 02
处理结果: 失败
失败原因: 等待RTU响应超时
诊断:
  received=false
  timedOut=true
  checksumError=false
  deviceBusy=false
发送时间: 2026-06-02 15:31:00
响应时间: -
重试次数: 5

[2026-06-02 15:31:01] [WARN] [scheduler][NetworkStatusTask][QRCode][Device][指令完成]：设备ID=12024 
指令: WriteQRCode
请求帧: 01 10 00 02 00 02 04 00 00 2E F8
响应帧: 01 10 00 02 00 02
处理结果: 失败
失败原因: 等待RTU响应超时
诊断:
  received=false
  timedOut=true
  checksumError=false
  deviceBusy=false
发送时间: 2026-06-02 15:31:00
响应时间: -
重试次数: 5

[2026-06-02 15:31:01] [WARN] [scheduler][NetworkStatusTask][QRCode][Device][指令完成]：设备ID=12022 
指令: WriteQRCode
请求帧: 01 10 00 02 00 02 04 00 00 2E F6
响应帧: 01 10 00 02 00 02
处理结果: 失败
失败原因: 等待RTU响应超时
诊断:
  received=false
  timedOut=true
  checksumError=false
  deviceBusy=false
发送时间: 2026-06-02 15:31:00
响应时间: -
重试次数: 5

[2026-06-02 15:31:01] [WARN] [scheduler][NetworkStatusTask][QRCode][Device][指令完成]：设备ID=12030 
指令: WriteQRCode
请求帧: 01 10 00 02 00 02 04 00 00 2E FE
响应帧: 01 10 00 02 00 02
处理结果: 失败
失败原因: 等待RTU响应超时
诊断:
  received=false
  timedOut=true
  checksumError=false
  deviceBusy=false
发送时间: 2026-06-02 15:31:00
响应时间: -
重试次数: 5

[2026-06-02 15:31:01] [WARN] [scheduler][NetworkStatusTask][QRCode][Device][指令完成]：设备ID=12033 
指令: WriteQRCode
请求帧: 01 10 00 02 00 02 04 00 00 2F 01
响应帧: 01 10 00 02 00 02
处理结果: 失败
失败原因: 等待RTU响应超时
诊断:
  received=false
  timedOut=true
  checksumError=false
  deviceBusy=false
发送时间: 2026-06-02 15:31:00
响应时间: -
重试次数: 5

[2026-06-02 15:31:01] [WARN] [scheduler][NetworkStatusTask][QRCode][Device][指令完成]：设备ID=12034 
指令: WriteQRCode
请求帧: 01 10 00 02 00 02 04 00 00 2F 02
响应帧: 01 10 00 02 00 02
处理结果: 失败
失败原因: 等待RTU响应超时
诊断:
  received=false
  timedOut=true
  checksumError=false
  deviceBusy=false
发送时间: 2026-06-02 15:31:00
响应时间: -
重试次数: 5

[2026-06-02 15:31:01] [WARN] [scheduler][NetworkStatusTask][QRCode][Device][指令完成]：设备ID=12040 
指令: WriteQRCode
请求帧: 01 10 00 02 00 02 04 00 00 2F 08
响应帧: 01 10 00 02 00 02
处理结果: 失败
失败原因: 等待RTU响应超时
诊断:
  received=false
  timedOut=true
  checksumError=false
  deviceBusy=false
发送时间: 2026-06-02 15:31:00
响应时间: -
重试次数: 5

[2026-06-02 15:31:01] [WARN] [scheduler][NetworkStatusTask][QRCode][Device][指令完成]：设备ID=12037 
指令: WriteQRCode
请求帧: 01 10 00 02 00 02 04 00 00 2F 05
响应帧: 01 10 00 02 00 02
处理结果: 失败
失败原因: 等待RTU响应超时
诊断:
  received=false
  timedOut=true
  checksumError=false
  deviceBusy=false
发送时间: 2026-06-02 15:31:00
响应时间: -
重试次数: 5

[2026-06-02 15:31:01] [WARN] [scheduler][NetworkStatusTask][QRCode][Device][指令完成]：设备ID=12026 
指令: WriteQRCode
请求帧: 01 10 00 02 00 02 04 00 00 2E FA
响应帧: 01 10 00 02 00 02
处理结果: 失败
失败原因: 等待RTU响应超时
诊断:
  received=false
  timedOut=true
  checksumError=false
  deviceBusy=false
发送时间: 2026-06-02 15:31:00
响应时间: -
重试次数: 5

[2026-06-02 15:31:01] [WARN] [scheduler][NetworkStatusTask][QRCode][Device][指令完成]：设备ID=12038 
指令: WriteQRCode
请求帧: 01 10 00 02 00 02 04 00 00 2F 06
响应帧: 01 10 00 02 00 02
处理结果: 失败
失败原因: 等待RTU响应超时
诊断:
  received=false
  timedOut=true
  checksumError=false
  deviceBusy=false
发送时间: 2026-06-02 15:31:00
响应时间: -
重试次数: 5

[2026-06-02 15:31:01] [WARN] [scheduler][NetworkStatusTask][QRCode][Device][指令完成]：设备ID=12032 
指令: WriteQRCode
请求帧: 01 10 00 02 00 02 04 00 00 2F 00
响应帧: 01 10 00 02 00 02
处理结果: 失败
失败原因: 等待RTU响应超时
诊断:
  received=false
  timedOut=true
  checksumError=false
  deviceBusy=false
发送时间: 2026-06-02 15:31:00
响应时间: -
重试次数: 5

[2026-06-02 15:31:01] [WARN] [scheduler][NetworkStatusTask][QRCode][Device][指令完成]：设备ID=12036 
指令: WriteQRCode
请求帧: 01 10 00 02 00 02 04 00 00 2F 04
响应帧: 01 10 00 02 00 02
处理结果: 失败
失败原因: 等待RTU响应超时
诊断:
  received=false
  timedOut=true
  checksumError=false
  deviceBusy=false
发送时间: 2026-06-02 15:31:00
响应时间: -
重试次数: 5

[2026-06-02 15:31:01] [WARN] [scheduler][NetworkStatusTask][QRCode][Device][指令完成]：设备ID=12042 
指令: WriteQRCode
请求帧: 01 10 00 02 00 02 04 00 00 2F 0A
响应帧: 01 10 00 02 00 02
处理结果: 失败
失败原因: 等待RTU响应超时
诊断:
  received=false
  timedOut=true
  checksumError=false
  deviceBusy=false
发送时间: 2026-06-02 15:31:00
响应时间: -
重试次数: 5

[2026-06-02 15:31:01] [WARN] [scheduler][NetworkStatusTask][QRCode][Device][指令完成]：设备ID=12025 
指令: WriteQRCode
请求帧: 01 10 00 02 00 02 04 00 00 2E F9
响应帧: 01 10 00 02 00 02
处理结果: 失败
失败原因: 等待RTU响应超时
诊断:
  received=false
  timedOut=true
  checksumError=false
  deviceBusy=false
发送时间: 2026-06-02 15:31:00
响应时间: -
重试次数: 5

[2026-06-02 15:31:01] [WARN] [scheduler][NetworkStatusTask][QRCode][Device][指令完成]：设备ID=12023 
指令: WriteQRCode
请求帧: 01 10 00 02 00 02 04 00 00 2E F7
响应帧: 01 10 00 02 00 02
处理结果: 失败
失败原因: 等待RTU响应超时
诊断:
  received=false
  timedOut=true
  checksumError=false
  deviceBusy=false
发送时间: 2026-06-02 15:31:00
响应时间: -
重试次数: 5

[2026-06-02 15:31:01] [WARN] [scheduler][NetworkStatusTask][QRCode][Device][指令完成]：设备ID=12027 
指令: WriteQRCode
请求帧: 01 10 00 02 00 02 04 00 00 2E FB
响应帧: 01 10 00 02 00 02
处理结果: 失败
失败原因: 等待RTU响应超时
诊断:
  received=false
  timedOut=true
  checksumError=false
  deviceBusy=false
发送时间: 2026-06-02 15:31:00
响应时间: -
重试次数: 5

[2026-06-02 15:31:01] [WARN] [scheduler][NetworkStatusTask][QRCode][Device][指令完成]：设备ID=12041 
指令: WriteQRCode
请求帧: 01 10 00 02 00 02 04 00 00 2F 09
响应帧: 01 10 00 02 00 02
处理结果: 失败
失败原因: 等待RTU响应超时
诊断:
  received=false
  timedOut=true
  checksumError=false
  deviceBusy=false
发送时间: 2026-06-02 15:31:00
响应时间: -
重试次数: 5

[2026-06-02 15:31:01] [WARN] [scheduler][NetworkStatusTask][QRCode][Device][指令完成]：设备ID=12053 
指令: WriteQRCode
请求帧: 01 10 00 02 00 02 04 00 00 2F 15
响应帧: 01 10 00 02 00 02
处理结果: 失败
失败原因: 等待RTU响应超时
诊断:
  received=false
  timedOut=true
  checksumError=false
  deviceBusy=false
发送时间: 2026-06-02 15:31:00
响应时间: -
重试次数: 5

[2026-06-02 15:31:01] [WARN] [scheduler][NetworkStatusTask][QRCode][Device][指令完成]：设备ID=12050 
指令: WriteQRCode
请求帧: 01 10 00 02 00 02 04 00 00 2F 12
响应帧: 01 10 00 02 00 02
处理结果: 失败
失败原因: 等待RTU响应超时
诊断:
  received=false
  timedOut=true
  checksumError=false
  deviceBusy=false
发送时间: 2026-06-02 15:31:00
响应时间: -
重试次数: 5

[2026-06-02 15:31:01] [WARN] [scheduler][NetworkStatusTask][QRCode][Device][指令完成]：设备ID=12051 
指令: WriteQRCode
请求帧: 01 10 00 02 00 02 04 00 00 2F 13
响应帧: 01 10 00 02 00 02
处理结果: 失败
失败原因: 等待RTU响应超时
诊断:
  received=false
  timedOut=true
  checksumError=false
  deviceBusy=false
发送时间: 2026-06-02 15:31:00
响应时间: -
重试次数: 5

[2026-06-02 15:31:01] [WARN] [scheduler][NetworkStatusTask][QRCode][Device][指令完成]：设备ID=12057 
指令: WriteQRCode
请求帧: 01 10 00 02 00 02 04 00 00 2F 19
响应帧: 01 10 00 02 00 02
处理结果: 失败
失败原因: 等待RTU响应超时
诊断:
  received=false
  timedOut=true
  checksumError=false
  deviceBusy=false
发送时间: 2026-06-02 15:31:00
响应时间: -
重试次数: 5

[2026-06-02 15:31:01] [WARN] [scheduler][NetworkStatusTask][QRCode][Device][指令完成]：设备ID=12046 
指令: WriteQRCode
请求帧: 01 10 00 02 00 02 04 00 00 2F 0E
响应帧: 01 10 00 02 00 02
处理结果: 失败
失败原因: 等待RTU响应超时
诊断:
  received=false
  timedOut=true
  checksumError=false
  deviceBusy=false
发送时间: 2026-06-02 15:31:00
响应时间: -
重试次数: 5

[2026-06-02 15:31:01] [WARN] [scheduler][NetworkStatusTask][QRCode][Device][指令完成]：设备ID=12044 
指令: WriteQRCode
请求帧: 01 10 00 02 00 02 04 00 00 2F 0C
响应帧: 01 10 00 02 00 02
处理结果: 失败
失败原因: 等待RTU响应超时
诊断:
  received=false
  timedOut=true
  checksumError=false
  deviceBusy=false
发送时间: 2026-06-02 15:31:00
响应时间: -
重试次数: 5

[2026-06-02 15:31:01] [WARN] [scheduler][NetworkStatusTask][QRCode][Device][指令完成]：设备ID=12052 
指令: WriteQRCode
请求帧: 01 10 00 02 00 02 04 00 00 2F 14
响应帧: 01 10 00 02 00 02
处理结果: 失败
失败原因: 等待RTU响应超时
诊断:
  received=false
  timedOut=true
  checksumError=false
  deviceBusy=false
发送时间: 2026-06-02 15:31:00
响应时间: -
重试次数: 5

[2026-06-02 15:31:01] [WARN] [scheduler][NetworkStatusTask][QRCode][Device][指令完成]：设备ID=12043 
指令: WriteQRCode
请求帧: 01 10 00 02 00 02 04 00 00 2F 0B
响应帧: 01 10 00 02 00 02
处理结果: 失败
失败原因: 等待RTU响应超时
诊断:
  received=false
  timedOut=true
  checksumError=false
  deviceBusy=false
发送时间: 2026-06-02 15:31:00
响应时间: -
重试次数: 5

[2026-06-02 15:31:01] [WARN] [scheduler][NetworkStatusTask][QRCode][Device][指令完成]：设备ID=12055 
指令: WriteQRCode
请求帧: 01 10 00 02 00 02 04 00 00 2F 17
响应帧: 01 10 00 02 00 02
处理结果: 失败
失败原因: 等待RTU响应超时
诊断:
  received=false
  timedOut=true
  checksumError=false
  deviceBusy=false
发送时间: 2026-06-02 15:31:00
响应时间: -
重试次数: 5

[2026-06-02 15:31:01] [WARN] [scheduler][NetworkStatusTask][QRCode][Device][指令完成]：设备ID=12049 
指令: WriteQRCode
请求帧: 01 10 00 02 00 02 04 00 00 2F 11
响应帧: 01 10 00 02 00 02
处理结果: 失败
失败原因: 等待RTU响应超时
诊断:
  received=false
  timedOut=true
  checksumError=false
  deviceBusy=false
发送时间: 2026-06-02 15:31:00
响应时间: -
重试次数: 5

[2026-06-02 15:31:01] [WARN] [scheduler][NetworkStatusTask][QRCode][Device][指令完成]：设备ID=12047 
指令: WriteQRCode
请求帧: 01 10 00 02 00 02 04 00 00 2F 0F
响应帧: 01 10 00 02 00 02
处理结果: 失败
失败原因: 等待RTU响应超时
诊断:
  received=false
  timedOut=true
  checksumError=false
  deviceBusy=false
发送时间: 2026-06-02 15:31:00
响应时间: -
重试次数: 5

[2026-06-02 15:31:01] [WARN] [scheduler][NetworkStatusTask][QRCode][Device][指令完成]：设备ID=12048 
指令: WriteQRCode
请求帧: 01 10 00 02 00 02 04 00 00 2F 10
响应帧: 01 10 00 02 00 02
处理结果: 失败
失败原因: 等待RTU响应超时
诊断:
  received=false
  timedOut=true
  checksumError=false
  deviceBusy=false
发送时间: 2026-06-02 15:31:00
响应时间: -
重试次数: 5

[2026-06-02 15:31:01] [WARN] [scheduler][NetworkStatusTask][QRCode][Device][指令完成]：设备ID=12058 
指令: WriteQRCode
请求帧: 01 10 00 02 00 02 04 00 00 2F 1A
响应帧: 01 10 00 02 00 02
处理结果: 失败
失败原因: 等待RTU响应超时
诊断:
  received=false
  timedOut=true
  checksumError=false
  deviceBusy=false
发送时间: 2026-06-02 15:31:00
响应时间: -
重试次数: 5

[2026-06-02 15:31:01] [WARN] [scheduler][NetworkStatusTask][QRCode][Device][指令完成]：设备ID=12056 
指令: WriteQRCode
请求帧: 01 10 00 02 00 02 04 00 00 2F 18
响应帧: 01 10 00 02 00 02
处理结果: 失败
失败原因: 等待RTU响应超时
诊断:
  received=false
  timedOut=true
  checksumError=false
  deviceBusy=false
发送时间: 2026-06-02 15:31:00
响应时间: -
重试次数: 5

[2026-06-02 15:31:01] [WARN] [scheduler][NetworkStatusTask][QRCode][Device][指令完成]：设备ID=12045 
指令: WriteQRCode
请求帧: 01 10 00 02 00 02 04 00 00 2F 0D
响应帧: 01 10 00 02 00 02
处理结果: 失败
失败原因: 等待RTU响应超时
诊断:
  received=false
  timedOut=true
  checksumError=false
  deviceBusy=false
发送时间: 2026-06-02 15:31:00
响应时间: -
重试次数: 5

[2026-06-02 15:31:01] [WARN] [scheduler][NetworkStatusTask][QRCode][Device][指令完成]：设备ID=12054 
指令: WriteQRCode
请求帧: 01 10 00 02 00 02 04 00 00 2F 16
响应帧: 01 10 00 02 00 02
处理结果: 失败
失败原因: 等待RTU响应超时
诊断:
  received=false
  timedOut=true
  checksumError=false
  deviceBusy=false
发送时间: 2026-06-02 15:31:00
响应时间: -
重试次数: 5

[2026-06-02 15:31:01] [WARN] [scheduler][NetworkStatusTask][QRCode][Device][指令完成]：设备ID=12062 
指令: WriteQRCode
请求帧: 01 10 00 02 00 02 04 00 00 2F 1E
响应帧: 01 10 00 02 00 02
处理结果: 失败
失败原因: 等待RTU响应超时
诊断:
  received=false
  timedOut=true
  checksumError=false
  deviceBusy=false
发送时间: 2026-06-02 15:31:00
响应时间: -
重试次数: 5

[2026-06-02 15:31:01] [WARN] [scheduler][NetworkStatusTask][QRCode][Device][指令完成]：设备ID=12063 
指令: WriteQRCode
请求帧: 01 10 00 02 00 02 04 00 00 2F 1F
响应帧: 01 10 00 02 00 02
处理结果: 失败
失败原因: 等待RTU响应超时
诊断:
  received=false
  timedOut=true
  checksumError=false
  deviceBusy=false
发送时间: 2026-06-02 15:31:00
响应时间: -
重试次数: 5

[2026-06-02 15:31:01] [WARN] [scheduler][NetworkStatusTask][QRCode][Device][指令完成]：设备ID=12060 
指令: WriteQRCode
请求帧: 01 10 00 02 00 02 04 00 00 2F 1C
响应帧: 01 10 00 02 00 02
处理结果: 失败
失败原因: 等待RTU响应超时
诊断:
  received=false
  timedOut=true
  checksumError=false
  deviceBusy=false
发送时间: 2026-06-02 15:31:00
响应时间: -
重试次数: 5

[2026-06-02 15:31:01] [WARN] [scheduler][NetworkStatusTask][QRCode][Device][指令完成]：设备ID=12072 
指令: WriteQRCode
请求帧: 01 10 00 02 00 02 04 00 00 2F 28
响应帧: 01 10 00 02 00 02
处理结果: 失败
失败原因: 等待RTU响应超时
诊断:
  received=false
  timedOut=true
  checksumError=false
  deviceBusy=false
发送时间: 2026-06-02 15:31:00
响应时间: -
重试次数: 5

[2026-06-02 15:31:01] [WARN] [scheduler][NetworkStatusTask][QRCode][Device][指令完成]：设备ID=12068 
指令: WriteQRCode
请求帧: 01 10 00 02 00 02 04 00 00 2F 24
响应帧: 01 10 00 02 00 02
处理结果: 失败
失败原因: 等待RTU响应超时
诊断:
  received=false
  timedOut=true
  checksumError=false
  deviceBusy=false
发送时间: 2026-06-02 15:31:00
响应时间: -
重试次数: 5

[2026-06-02 15:31:01] [WARN] [scheduler][NetworkStatusTask][QRCode][Device][指令完成]：设备ID=12066 
指令: WriteQRCode
请求帧: 01 10 00 02 00 02 04 00 00 2F 22
响应帧: 01 10 00 02 00 02
处理结果: 失败
失败原因: 等待RTU响应超时
诊断:
  received=false
  timedOut=true
  checksumError=false
  deviceBusy=false
发送时间: 2026-06-02 15:31:00
响应时间: -
重试次数: 5

[2026-06-02 15:31:01] [WARN] [scheduler][NetworkStatusTask][QRCode][Device][指令完成]：设备ID=12064 
指令: WriteQRCode
请求帧: 01 10 00 02 00 02 04 00 00 2F 20
响应帧: 01 10 00 02 00 02
处理结果: 失败
失败原因: 等待RTU响应超时
诊断:
  received=false
  timedOut=true
  checksumError=false
  deviceBusy=false
发送时间: 2026-06-02 15:31:00
响应时间: -
重试次数: 5

[2026-06-02 15:31:01] [WARN] [scheduler][NetworkStatusTask][QRCode][Device][指令完成]：设备ID=12059 
指令: WriteQRCode
请求帧: 01 10 00 02 00 02 04 00 00 2F 1B
响应帧: 01 10 00 02 00 02
处理结果: 失败
失败原因: 等待RTU响应超时
诊断:
  received=false
  timedOut=true
  checksumError=false
  deviceBusy=false
发送时间: 2026-06-02 15:31:00
响应时间: -
重试次数: 5

[2026-06-02 15:31:01] [WARN] [scheduler][NetworkStatusTask][QRCode][Device][指令完成]：设备ID=12074 
指令: WriteQRCode
请求帧: 01 10 00 02 00 02 04 00 00 2F 2A
响应帧: 01 10 00 02 00 02
处理结果: 失败
失败原因: 等待RTU响应超时
诊断:
  received=false
  timedOut=true
  checksumError=false
  deviceBusy=false
发送时间: 2026-06-02 15:31:00
响应时间: -
重试次数: 5

[2026-06-02 15:31:01] [WARN] [scheduler][NetworkStatusTask][QRCode][Device][指令完成]：设备ID=12039 
指令: WriteQRCode
请求帧: 01 10 00 02 00 02 04 00 00 2F 07
响应帧: 01 10 00 02 00 02
处理结果: 失败
失败原因: 等待RTU响应超时
诊断:
  received=false
  timedOut=true
  checksumError=false
  deviceBusy=false
发送时间: 2026-06-02 15:31:00
响应时间: -
重试次数: 5

[2026-06-02 15:31:01] [WARN] [scheduler][NetworkStatusTask][QRCode][Device][指令完成]：设备ID=12075 
指令: WriteQRCode
请求帧: 01 10 00 02 00 02 04 00 00 2F 2B
响应帧: 01 10 00 02 00 02
处理结果: 失败
失败原因: 等待RTU响应超时
诊断:
  received=false
  timedOut=true
  checksumError=false
  deviceBusy=false
发送时间: 2026-06-02 15:31:00
响应时间: -
重试次数: 5

[2026-06-02 15:31:01] [WARN] [scheduler][NetworkStatusTask][QRCode][Device][指令完成]：设备ID=12073 
指令: WriteQRCode
请求帧: 01 10 00 02 00 02 04 00 00 2F 29
响应帧: 01 10 00 02 00 02
处理结果: 失败
失败原因: 等待RTU响应超时
诊断:
  received=false
  timedOut=true
  checksumError=false
  deviceBusy=false
发送时间: 2026-06-02 15:31:00
响应时间: -
重试次数: 5

[2026-06-02 15:31:01] [WARN] [scheduler][NetworkStatusTask][QRCode][Device][指令完成]：设备ID=12065 
指令: WriteQRCode
请求帧: 01 10 00 02 00 02 04 00 00 2F 21
响应帧: 01 10 00 02 00 02
处理结果: 失败
失败原因: 等待RTU响应超时
诊断:
  received=false
  timedOut=true
  checksumError=false
  deviceBusy=false
发送时间: 2026-06-02 15:31:00
响应时间: -
重试次数: 5

[2026-06-02 15:31:01] [WARN] [scheduler][NetworkStatusTask][QRCode][Device][指令完成]：设备ID=12071 
指令: WriteQRCode
请求帧: 01 10 00 02 00 02 04 00 00 2F 27
响应帧: 01 10 00 02 00 02
处理结果: 失败
失败原因: 等待RTU响应超时
诊断:
  received=false
  timedOut=true
  checksumError=false
  deviceBusy=false
发送时间: 2026-06-02 15:31:00
响应时间: -
重试次数: 5

[2026-06-02 15:31:01] [WARN] [scheduler][NetworkStatusTask][QRCode][Device][指令完成]：设备ID=12077 
指令: WriteQRCode
请求帧: 01 10 00 02 00 02 04 00 00 2F 2D
响应帧: 01 10 00 02 00 02
处理结果: 失败
失败原因: 等待RTU响应超时
诊断:
  received=false
  timedOut=true
  checksumError=false
  deviceBusy=false
发送时间: 2026-06-02 15:31:00
响应时间: -
重试次数: 5

[2026-06-02 15:31:01] [WARN] [scheduler][NetworkStatusTask][QRCode][Device][指令完成]：设备ID=12069 
指令: WriteQRCode
请求帧: 01 10 00 02 00 02 04 00 00 2F 25
响应帧: 01 10 00 02 00 02
处理结果: 失败
失败原因: 等待RTU响应超时
诊断:
  received=false
  timedOut=true
  checksumError=false
  deviceBusy=false
发送时间: 2026-06-02 15:31:00
响应时间: -
重试次数: 5

[2026-06-02 15:31:01] [WARN] [scheduler][NetworkStatusTask][QRCode][Device][指令完成]：设备ID=12070 
指令: WriteQRCode
请求帧: 01 10 00 02 00 02 04 00 00 2F 26
响应帧: 01 10 00 02 00 02
处理结果: 失败
失败原因: 等待RTU响应超时
诊断:
  received=false
  timedOut=true
  checksumError=false
  deviceBusy=false
发送时间: 2026-06-02 15:31:00
响应时间: -
重试次数: 5

[2026-06-02 15:31:01] [WARN] [scheduler][NetworkStatusTask][QRCode][Device][指令完成]：设备ID=12076 
指令: WriteQRCode
请求帧: 01 10 00 02 00 02 04 00 00 2F 2C
响应帧: 01 10 00 02 00 02
处理结果: 失败
失败原因: 等待RTU响应超时
诊断:
  received=false
  timedOut=true
  checksumError=false
  deviceBusy=false
发送时间: 2026-06-02 15:31:00
响应时间: -
重试次数: 5

[2026-06-02 15:31:01] [WARN] [scheduler][NetworkStatusTask][QRCode][Device][指令完成]：设备ID=12067 
指令: WriteQRCode
请求帧: 01 10 00 02 00 02 04 00 00 2F 23
响应帧: 01 10 00 02 00 02
处理结果: 失败
失败原因: 等待RTU响应超时
诊断:
  received=false
  timedOut=true
  checksumError=false
  deviceBusy=false
发送时间: 2026-06-02 15:31:00
响应时间: -
重试次数: 5

[2026-06-02 15:31:02] [WARN] [scheduler][NetworkStatusTask][QRCode][Device][指令完成]：设备ID=12080 
指令: WriteQRCode
请求帧: 01 10 00 02 00 02 04 00 00 2F 30
响应帧: 01 10 00 02 00 02
处理结果: 失败
失败原因: 等待RTU响应超时
诊断:
  received=false
  timedOut=true
  checksumError=false
  deviceBusy=false
发送时间: 2026-06-02 15:31:01
响应时间: -
重试次数: 5

[2026-06-02 15:31:02] [WARN] [scheduler][NetworkStatusTask][QRCode][Device][指令完成]：设备ID=12078 
指令: WriteQRCode
请求帧: 01 10 00 02 00 02 04 00 00 2F 2E
响应帧: 01 10 00 02 00 02
处理结果: 失败
失败原因: 等待RTU响应超时
诊断:
  received=false
  timedOut=true
  checksumError=false
  deviceBusy=false
发送时间: 2026-06-02 15:31:01
响应时间: -
重试次数: 5

[2026-06-02 15:31:02] [WARN] [scheduler][NetworkStatusTask][QRCode][Device][指令完成]：设备ID=12079 
指令: WriteQRCode
请求帧: 01 10 00 02 00 02 04 00 00 2F 2F
响应帧: 01 10 00 02 00 02
处理结果: 失败
失败原因: 等待RTU响应超时
诊断:
  received=false
  timedOut=true
  checksumError=false
  deviceBusy=false
发送时间: 2026-06-02 15:31:01
响应时间: -
重试次数: 5

[2026-06-02 15:31:51] [WARN] [scheduler][NetworkStatusTask][QRCode][Device][指令完成]：设备ID=12008 
指令: WriteQRCode
请求帧: 01 10 00 02 00 02 04 00 00 2E E8
响应帧: 01 10 00 02 00 02
处理结果: 失败
失败原因: 等待RTU响应超时
诊断:
  received=false
  timedOut=true
  checksumError=false
  deviceBusy=false
发送时间: 2026-06-02 15:31:50
响应时间: -
重试次数: 5

[2026-06-02 15:31:51] [WARN] [scheduler][NetworkStatusTask][QRCode][Device][指令完成]：设备ID=12022 
指令: WriteQRCode
请求帧: 01 10 00 02 00 02 04 00 00 2E F6
响应帧: 01 10 00 02 00 02
处理结果: 失败
失败原因: 等待RTU响应超时
诊断:
  received=false
  timedOut=true
  checksumError=false
  deviceBusy=false
发送时间: 2026-06-02 15:31:50
响应时间: -
重试次数: 5

[2026-06-02 15:31:51] [WARN] [scheduler][NetworkStatusTask][QRCode][Device][指令完成]：设备ID=12015 
指令: WriteQRCode
请求帧: 01 10 00 02 00 02 04 00 00 2E EF
响应帧: 01 10 00 02 00 02
处理结果: 失败
失败原因: 等待RTU响应超时
诊断:
  received=false
  timedOut=true
  checksumError=false
  deviceBusy=false
发送时间: 2026-06-02 15:31:50
响应时间: -
重试次数: 5

[2026-06-02 15:31:51] [WARN] [scheduler][NetworkStatusTask][QRCode][Device][指令完成]：设备ID=12023 
指令: WriteQRCode
请求帧: 01 10 00 02 00 02 04 00 00 2E F7
响应帧: 01 10 00 02 00 02
处理结果: 失败
失败原因: 等待RTU响应超时
诊断:
  received=false
  timedOut=true
  checksumError=false
  deviceBusy=false
发送时间: 2026-06-02 15:31:50
响应时间: -
重试次数: 5

[2026-06-02 15:31:51] [WARN] [scheduler][NetworkStatusTask][QRCode][Device][指令完成]：设备ID=12005 
指令: WriteQRCode
请求帧: 01 10 00 02 00 02 04 00 00 2E E5
响应帧: 01 10 00 02 00 02
处理结果: 失败
失败原因: 等待RTU响应超时
诊断:
  received=false
  timedOut=true
  checksumError=false
  deviceBusy=false
发送时间: 2026-06-02 15:31:50
响应时间: -
重试次数: 5

[2026-06-02 15:31:51] [WARN] [scheduler][NetworkStatusTask][QRCode][Device][指令完成]：设备ID=12013 
指令: WriteQRCode
请求帧: 01 10 00 02 00 02 04 00 00 2E ED
响应帧: 01 10 00 02 00 02
处理结果: 失败
失败原因: 等待RTU响应超时
诊断:
  received=false
  timedOut=true
  checksumError=false
  deviceBusy=false
发送时间: 2026-06-02 15:31:50
响应时间: -
重试次数: 5

[2026-06-02 15:31:51] [WARN] [scheduler][NetworkStatusTask][QRCode][Device][指令完成]：设备ID=12004 
指令: WriteQRCode
请求帧: 01 10 00 02 00 02 04 00 00 2E E4
响应帧: 01 10 00 02 00 02
处理结果: 失败
失败原因: 等待RTU响应超时
诊断:
  received=false
  timedOut=true
  checksumError=false
  deviceBusy=false
发送时间: 2026-06-02 15:31:50
响应时间: -
重试次数: 5

[2026-06-02 15:31:51] [WARN] [scheduler][NetworkStatusTask][QRCode][Device][指令完成]：设备ID=12020 
指令: WriteQRCode
请求帧: 01 10 00 02 00 02 04 00 00 2E F4
响应帧: 01 10 00 02 00 02
处理结果: 失败
失败原因: 等待RTU响应超时
诊断:
  received=false
  timedOut=true
  checksumError=false
  deviceBusy=false
发送时间: 2026-06-02 15:31:50
响应时间: -
重试次数: 5

[2026-06-02 15:31:51] [WARN] [scheduler][NetworkStatusTask][QRCode][Device][指令完成]：设备ID=12003 
指令: WriteQRCode
请求帧: 01 10 00 02 00 02 04 00 00 2E E3
响应帧: 01 10 00 02 00 02
处理结果: 失败
失败原因: 等待RTU响应超时
诊断:
  received=false
  timedOut=true
  checksumError=false
  deviceBusy=false
发送时间: 2026-06-02 15:31:50
响应时间: -
重试次数: 5

[2026-06-02 15:31:51] [WARN] [scheduler][NetworkStatusTask][QRCode][Device][指令完成]：设备ID=12014 
指令: WriteQRCode
请求帧: 01 10 00 02 00 02 04 00 00 2E EE
响应帧: 01 10 00 02 00 02
处理结果: 失败
失败原因: 等待RTU响应超时
诊断:
  received=false
  timedOut=true
  checksumError=false
  deviceBusy=false
发送时间: 2026-06-02 15:31:50
响应时间: -
重试次数: 5

[2026-06-02 15:31:51] [WARN] [scheduler][NetworkStatusTask][QRCode][Device][指令完成]：设备ID=12012 
指令: WriteQRCode
请求帧: 01 10 00 02 00 02 04 00 00 2E EC
响应帧: 01 10 00 02 00 02
处理结果: 失败
失败原因: 等待RTU响应超时
诊断:
  received=false
  timedOut=true
  checksumError=false
  deviceBusy=false
发送时间: 2026-06-02 15:31:50
响应时间: -
重试次数: 5

[2026-06-02 15:31:51] [WARN] [scheduler][NetworkStatusTask][QRCode][Device][指令完成]：设备ID=12002 
指令: WriteQRCode
请求帧: 01 10 00 02 00 02 04 00 00 2E E2
响应帧: 01 10 00 02 00 02
处理结果: 失败
失败原因: 等待RTU响应超时
诊断:
  received=false
  timedOut=true
  checksumError=false
  deviceBusy=false
发送时间: 2026-06-02 15:31:50
响应时间: -
重试次数: 5

[2026-06-02 15:31:51] [WARN] [scheduler][NetworkStatusTask][QRCode][Device][指令完成]：设备ID=12011 
指令: WriteQRCode
请求帧: 01 10 00 02 00 02 04 00 00 2E EB
响应帧: 01 10 00 02 00 02
处理结果: 失败
失败原因: 等待RTU响应超时
诊断:
  received=false
  timedOut=true
  checksumError=false
  deviceBusy=false
发送时间: 2026-06-02 15:31:50
响应时间: -
重试次数: 5

[2026-06-02 15:31:51] [WARN] [scheduler][NetworkStatusTask][QRCode][Device][指令完成]：设备ID=12010 
指令: WriteQRCode
请求帧: 01 10 00 02 00 02 04 00 00 2E EA
响应帧: 01 10 00 02 00 02
处理结果: 失败
失败原因: 等待RTU响应超时
诊断:
  received=false
  timedOut=true
  checksumError=false
  deviceBusy=false
发送时间: 2026-06-02 15:31:50
响应时间: -
重试次数: 5

[2026-06-02 15:31:51] [WARN] [scheduler][NetworkStatusTask][QRCode][Device][指令完成]：设备ID=12021 
指令: WriteQRCode
请求帧: 01 10 00 02 00 02 04 00 00 2E F5
响应帧: 01 10 00 02 00 02
处理结果: 失败
失败原因: 等待RTU响应超时
诊断:
  received=false
  timedOut=true
  checksumError=false
  deviceBusy=false
发送时间: 2026-06-02 15:31:50
响应时间: -
重试次数: 5

[2026-06-02 15:31:51] [WARN] [scheduler][NetworkStatusTask][QRCode][Device][指令完成]：设备ID=12017 
指令: WriteQRCode
请求帧: 01 10 00 02 00 02 04 00 00 2E F1
响应帧: 01 10 00 02 00 02
处理结果: 失败
失败原因: 等待RTU响应超时
诊断:
  received=false
  timedOut=true
  checksumError=false
  deviceBusy=false
发送时间: 2026-06-02 15:31:50
响应时间: -
重试次数: 5

[2026-06-02 15:31:51] [WARN] [scheduler][NetworkStatusTask][QRCode][Device][指令完成]：设备ID=12019 
指令: WriteQRCode
请求帧: 01 10 00 02 00 02 04 00 00 2E F3
响应帧: 01 10 00 02 00 02
处理结果: 失败
失败原因: 等待RTU响应超时
诊断:
  received=false
  timedOut=true
  checksumError=false
  deviceBusy=false
发送时间: 2026-06-02 15:31:50
响应时间: -
重试次数: 5

[2026-06-02 15:31:51] [WARN] [scheduler][NetworkStatusTask][QRCode][Device][指令完成]：设备ID=12016 
指令: WriteQRCode
请求帧: 01 10 00 02 00 02 04 00 00 2E F0
响应帧: 01 10 00 02 00 02
处理结果: 失败
失败原因: 等待RTU响应超时
诊断:
  received=false
  timedOut=true
  checksumError=false
  deviceBusy=false
发送时间: 2026-06-02 15:31:50
响应时间: -
重试次数: 5

[2026-06-02 15:31:51] [WARN] [scheduler][NetworkStatusTask][QRCode][Device][指令完成]：设备ID=12007 
指令: WriteQRCode
请求帧: 01 10 00 02 00 02 04 00 00 2E E7
响应帧: 01 10 00 02 00 02
处理结果: 失败
失败原因: 等待RTU响应超时
诊断:
  received=false
  timedOut=true
  checksumError=false
  deviceBusy=false
发送时间: 2026-06-02 15:31:50
响应时间: -
重试次数: 5

[2026-06-02 15:31:51] [WARN] [scheduler][NetworkStatusTask][QRCode][Device][指令完成]：设备ID=12006 
指令: WriteQRCode
请求帧: 01 10 00 02 00 02 04 00 00 2E E6
响应帧: 01 10 00 02 00 02
处理结果: 失败
失败原因: 等待RTU响应超时
诊断:
  received=false
  timedOut=true
  checksumError=false
  deviceBusy=false
发送时间: 2026-06-02 15:31:50
响应时间: -
重试次数: 5

[2026-06-02 15:31:51] [WARN] [scheduler][NetworkStatusTask][QRCode][Device][指令完成]：设备ID=12018 
指令: WriteQRCode
请求帧: 01 10 00 02 00 02 04 00 00 2E F2
响应帧: 01 10 00 02 00 02
处理结果: 失败
失败原因: 等待RTU响应超时
诊断:
  received=false
  timedOut=true
  checksumError=false
  deviceBusy=false
发送时间: 2026-06-02 15:31:50
响应时间: -
重试次数: 5

[2026-06-02 15:31:51] [WARN] [scheduler][NetworkStatusTask][QRCode][Device][指令完成]：设备ID=12009 
指令: WriteQRCode
请求帧: 01 10 00 02 00 02 04 00 00 2E E9
响应帧: 01 10 00 02 00 02
处理结果: 失败
失败原因: 等待RTU响应超时
诊断:
  received=false
  timedOut=true
  checksumError=false
  deviceBusy=false
发送时间: 2026-06-02 15:31:50
响应时间: -
重试次数: 5

[2026-06-02 15:31:51] [WARN] [scheduler][NetworkStatusTask][QRCode][Device][指令完成]：设备ID=12024 
指令: WriteQRCode
请求帧: 01 10 00 02 00 02 04 00 00 2E F8
响应帧: 01 10 00 02 00 02
处理结果: 失败
失败原因: 等待RTU响应超时
诊断:
  received=false
  timedOut=true
  checksumError=false
  deviceBusy=false
发送时间: 2026-06-02 15:31:50
响应时间: -
重试次数: 5

[2026-06-02 15:31:51] [WARN] [scheduler][NetworkStatusTask][QRCode][Device][指令完成]：设备ID=12045 
指令: WriteQRCode
请求帧: 01 10 00 02 00 02 04 00 00 2F 0D
响应帧: 01 10 00 02 00 02
处理结果: 失败
失败原因: 等待RTU响应超时
诊断:
  received=false
  timedOut=true
  checksumError=false
  deviceBusy=false
发送时间: 2026-06-02 15:31:50
响应时间: -
重试次数: 5

[2026-06-02 15:31:51] [WARN] [scheduler][NetworkStatusTask][QRCode][Device][指令完成]：设备ID=12025 
指令: WriteQRCode
请求帧: 01 10 00 02 00 02 04 00 00 2E F9
响应帧: 01 10 00 02 00 02
处理结果: 失败
失败原因: 等待RTU响应超时
诊断:
  received=false
  timedOut=true
  checksumError=false
  deviceBusy=false
发送时间: 2026-06-02 15:31:50
响应时间: -
重试次数: 5

[2026-06-02 15:31:51] [WARN] [scheduler][NetworkStatusTask][QRCode][Device][指令完成]：设备ID=12039 
指令: WriteQRCode
请求帧: 01 10 00 02 00 02 04 00 00 2F 07
响应帧: 01 10 00 02 00 02
处理结果: 失败
失败原因: 等待RTU响应超时
诊断:
  received=false
  timedOut=true
  checksumError=false
  deviceBusy=false
发送时间: 2026-06-02 15:31:50
响应时间: -
重试次数: 5

[2026-06-02 15:31:51] [WARN] [scheduler][NetworkStatusTask][QRCode][Device][指令完成]：设备ID=12036 
指令: WriteQRCode
请求帧: 01 10 00 02 00 02 04 00 00 2F 04
响应帧: 01 10 00 02 00 02
处理结果: 失败
失败原因: 等待RTU响应超时
诊断:
  received=false
  timedOut=true
  checksumError=false
  deviceBusy=false
发送时间: 2026-06-02 15:31:50
响应时间: -
重试次数: 5

[2026-06-02 15:31:51] [WARN] [scheduler][NetworkStatusTask][QRCode][Device][指令完成]：设备ID=12034 
指令: WriteQRCode
请求帧: 01 10 00 02 00 02 04 00 00 2F 02
响应帧: 01 10 00 02 00 02
处理结果: 失败
失败原因: 等待RTU响应超时
诊断:
  received=false
  timedOut=true
  checksumError=false
  deviceBusy=false
发送时间: 2026-06-02 15:31:50
响应时间: -
重试次数: 5

[2026-06-02 15:31:51] [WARN] [scheduler][NetworkStatusTask][QRCode][Device][指令完成]：设备ID=12041 
指令: WriteQRCode
请求帧: 01 10 00 02 00 02 04 00 00 2F 09
响应帧: 01 10 00 02 00 02
处理结果: 失败
失败原因: 等待RTU响应超时
诊断:
  received=false
  timedOut=true
  checksumError=false
  deviceBusy=false
发送时间: 2026-06-02 15:31:50
响应时间: -
重试次数: 5

[2026-06-02 15:31:51] [WARN] [scheduler][NetworkStatusTask][QRCode][Device][指令完成]：设备ID=12027 
指令: WriteQRCode
请求帧: 01 10 00 02 00 02 04 00 00 2E FB
响应帧: 01 10 00 02 00 02
处理结果: 失败
失败原因: 等待RTU响应超时
诊断:
  received=false
  timedOut=true
  checksumError=false
  deviceBusy=false
发送时间: 2026-06-02 15:31:50
响应时间: -
重试次数: 5

[2026-06-02 15:31:51] [WARN] [scheduler][NetworkStatusTask][QRCode][Device][指令完成]：设备ID=12028 
指令: WriteQRCode
请求帧: 01 10 00 02 00 02 04 00 00 2E FC
响应帧: 01 10 00 02 00 02
处理结果: 失败
失败原因: 等待RTU响应超时
诊断:
  received=false
  timedOut=true
  checksumError=false
  deviceBusy=false
发送时间: 2026-06-02 15:31:50
响应时间: -
重试次数: 5

[2026-06-02 15:31:51] [WARN] [scheduler][NetworkStatusTask][QRCode][Device][指令完成]：设备ID=12031 
指令: WriteQRCode
请求帧: 01 10 00 02 00 02 04 00 00 2E FF
响应帧: 01 10 00 02 00 02
处理结果: 失败
失败原因: 等待RTU响应超时
诊断:
  received=false
  timedOut=true
  checksumError=false
  deviceBusy=false
发送时间: 2026-06-02 15:31:50
响应时间: -
重试次数: 5

[2026-06-02 15:31:51] [WARN] [scheduler][NetworkStatusTask][QRCode][Device][指令完成]：设备ID=12042 
指令: WriteQRCode
请求帧: 01 10 00 02 00 02 04 00 00 2F 0A
响应帧: 01 10 00 02 00 02
处理结果: 失败
失败原因: 等待RTU响应超时
诊断:
  received=false
  timedOut=true
  checksumError=false
  deviceBusy=false
发送时间: 2026-06-02 15:31:50
响应时间: -
重试次数: 5

[2026-06-02 15:31:51] [WARN] [scheduler][NetworkStatusTask][QRCode][Device][指令完成]：设备ID=12044 
指令: WriteQRCode
请求帧: 01 10 00 02 00 02 04 00 00 2F 0C
响应帧: 01 10 00 02 00 02
处理结果: 失败
失败原因: 等待RTU响应超时
诊断:
  received=false
  timedOut=true
  checksumError=false
  deviceBusy=false
发送时间: 2026-06-02 15:31:50
响应时间: -
重试次数: 5

[2026-06-02 15:31:51] [WARN] [scheduler][NetworkStatusTask][QRCode][Device][指令完成]：设备ID=12026 
指令: WriteQRCode
请求帧: 01 10 00 02 00 02 04 00 00 2E FA
响应帧: 01 10 00 02 00 02
处理结果: 失败
失败原因: 等待RTU响应超时
诊断:
  received=false
  timedOut=true
  checksumError=false
  deviceBusy=false
发送时间: 2026-06-02 15:31:50
响应时间: -
重试次数: 5

[2026-06-02 15:31:51] [WARN] [scheduler][NetworkStatusTask][QRCode][Device][指令完成]：设备ID=12037 
指令: WriteQRCode
请求帧: 01 10 00 02 00 02 04 00 00 2F 05
响应帧: 01 10 00 02 00 02
处理结果: 失败
失败原因: 等待RTU响应超时
诊断:
  received=false
  timedOut=true
  checksumError=false
  deviceBusy=false
发送时间: 2026-06-02 15:31:50
响应时间: -
重试次数: 5

[2026-06-02 15:31:51] [WARN] [scheduler][NetworkStatusTask][QRCode][Device][指令完成]：设备ID=12030 
指令: WriteQRCode
请求帧: 01 10 00 02 00 02 04 00 00 2E FE
响应帧: 01 10 00 02 00 02
处理结果: 失败
失败原因: 等待RTU响应超时
诊断:
  received=false
  timedOut=true
  checksumError=false
  deviceBusy=false
发送时间: 2026-06-02 15:31:50
响应时间: -
重试次数: 5

[2026-06-02 15:31:51] [WARN] [scheduler][NetworkStatusTask][QRCode][Device][指令完成]：设备ID=12035 
指令: WriteQRCode
请求帧: 01 10 00 02 00 02 04 00 00 2F 03
响应帧: 01 10 00 02 00 02
处理结果: 失败
失败原因: 等待RTU响应超时
诊断:
  received=false
  timedOut=true
  checksumError=false
  deviceBusy=false
发送时间: 2026-06-02 15:31:50
响应时间: -
重试次数: 5

[2026-06-02 15:31:51] [WARN] [scheduler][NetworkStatusTask][QRCode][Device][指令完成]：设备ID=12033 
指令: WriteQRCode
请求帧: 01 10 00 02 00 02 04 00 00 2F 01
响应帧: 01 10 00 02 00 02
处理结果: 失败
失败原因: 等待RTU响应超时
诊断:
  received=false
  timedOut=true
  checksumError=false
  deviceBusy=false
发送时间: 2026-06-02 15:31:50
响应时间: -
重试次数: 5

[2026-06-02 15:31:51] [WARN] [scheduler][NetworkStatusTask][QRCode][Device][指令完成]：设备ID=12038 
指令: WriteQRCode
请求帧: 01 10 00 02 00 02 04 00 00 2F 06
响应帧: 01 10 00 02 00 02
处理结果: 失败
失败原因: 等待RTU响应超时
诊断:
  received=false
  timedOut=true
  checksumError=false
  deviceBusy=false
发送时间: 2026-06-02 15:31:50
响应时间: -
重试次数: 5

[2026-06-02 15:31:51] [WARN] [scheduler][NetworkStatusTask][QRCode][Device][指令完成]：设备ID=12032 
指令: WriteQRCode
请求帧: 01 10 00 02 00 02 04 00 00 2F 00
响应帧: 01 10 00 02 00 02
处理结果: 失败
失败原因: 等待RTU响应超时
诊断:
  received=false
  timedOut=true
  checksumError=false
  deviceBusy=false
发送时间: 2026-06-02 15:31:50
响应时间: -
重试次数: 5

[2026-06-02 15:31:51] [WARN] [scheduler][NetworkStatusTask][QRCode][Device][指令完成]：设备ID=12043 
指令: WriteQRCode
请求帧: 01 10 00 02 00 02 04 00 00 2F 0B
响应帧: 01 10 00 02 00 02
处理结果: 失败
失败原因: 等待RTU响应超时
诊断:
  received=false
  timedOut=true
  checksumError=false
  deviceBusy=false
发送时间: 2026-06-02 15:31:50
响应时间: -
重试次数: 5

[2026-06-02 15:31:51] [WARN] [scheduler][NetworkStatusTask][QRCode][Device][指令完成]：设备ID=12040 
指令: WriteQRCode
请求帧: 01 10 00 02 00 02 04 00 00 2F 08
响应帧: 01 10 00 02 00 02
处理结果: 失败
失败原因: 等待RTU响应超时
诊断:
  received=false
  timedOut=true
  checksumError=false
  deviceBusy=false
发送时间: 2026-06-02 15:31:50
响应时间: -
重试次数: 5

[2026-06-02 15:31:51] [WARN] [scheduler][NetworkStatusTask][QRCode][Device][指令完成]：设备ID=12029 
指令: WriteQRCode
请求帧: 01 10 00 02 00 02 04 00 00 2E FD
响应帧: 01 10 00 02 00 02
处理结果: 失败
失败原因: 等待RTU响应超时
诊断:
  received=false
  timedOut=true
  checksumError=false
  deviceBusy=false
发送时间: 2026-06-02 15:31:50
响应时间: -
重试次数: 5

[2026-06-02 15:31:51] [WARN] [scheduler][NetworkStatusTask][QRCode][Device][指令完成]：设备ID=12047 
指令: WriteQRCode
请求帧: 01 10 00 02 00 02 04 00 00 2F 0F
响应帧: 01 10 00 02 00 02
处理结果: 失败
失败原因: 等待RTU响应超时
诊断:
  received=false
  timedOut=true
  checksumError=false
  deviceBusy=false
发送时间: 2026-06-02 15:31:50
响应时间: -
重试次数: 5

[2026-06-02 15:31:51] [WARN] [scheduler][NetworkStatusTask][QRCode][Device][指令完成]：设备ID=12046 
指令: WriteQRCode
请求帧: 01 10 00 02 00 02 04 00 00 2F 0E
响应帧: 01 10 00 02 00 02
处理结果: 失败
失败原因: 等待RTU响应超时
诊断:
  received=false
  timedOut=true
  checksumError=false
  deviceBusy=false
发送时间: 2026-06-02 15:31:50
响应时间: -
重试次数: 5

[2026-06-02 15:31:51] [WARN] [scheduler][NetworkStatusTask][QRCode][Device][指令完成]：设备ID=12001 
指令: WriteQRCode
请求帧: 01 10 00 02 00 02 04 00 00 2E E1
响应帧: 01 10 00 02 00 02
处理结果: 失败
失败原因: 等待RTU响应超时
诊断:
  received=false
  timedOut=true
  checksumError=false
  deviceBusy=false
发送时间: 2026-06-02 15:31:50
响应时间: -
重试次数: 5

[2026-06-02 15:31:51] [WARN] [scheduler][NetworkStatusTask][QRCode][Device][指令完成]：设备ID=12063 
指令: WriteQRCode
请求帧: 01 10 00 02 00 02 04 00 00 2F 1F
响应帧: 01 10 00 02 00 02
处理结果: 失败
失败原因: 等待RTU响应超时
诊断:
  received=false
  timedOut=true
  checksumError=false
  deviceBusy=false
发送时间: 2026-06-02 15:31:50
响应时间: -
重试次数: 5

[2026-06-02 15:31:51] [WARN] [scheduler][NetworkStatusTask][QRCode][Device][指令完成]：设备ID=12050 
指令: WriteQRCode
请求帧: 01 10 00 02 00 02 04 00 00 2F 12
响应帧: 01 10 00 02 00 02
处理结果: 失败
失败原因: 等待RTU响应超时
诊断:
  received=false
  timedOut=true
  checksumError=false
  deviceBusy=false
发送时间: 2026-06-02 15:31:50
响应时间: -
重试次数: 5

[2026-06-02 15:31:51] [WARN] [scheduler][NetworkStatusTask][QRCode][Device][指令完成]：设备ID=12061 
指令: WriteQRCode
请求帧: 01 10 00 02 00 02 04 00 00 2F 1D
响应帧: 01 10 00 02 00 02
处理结果: 失败
失败原因: 等待RTU响应超时
诊断:
  received=false
  timedOut=true
  checksumError=false
  deviceBusy=false
发送时间: 2026-06-02 15:31:50
响应时间: -
重试次数: 5

[2026-06-02 15:31:51] [WARN] [scheduler][NetworkStatusTask][QRCode][Device][指令完成]：设备ID=12064 
指令: WriteQRCode
请求帧: 01 10 00 02 00 02 04 00 00 2F 20
响应帧: 01 10 00 02 00 02
处理结果: 失败
失败原因: 等待RTU响应超时
诊断:
  received=false
  timedOut=true
  checksumError=false
  deviceBusy=false
发送时间: 2026-06-02 15:31:50
响应时间: -
重试次数: 5

[2026-06-02 15:31:51] [WARN] [scheduler][NetworkStatusTask][QRCode][Device][指令完成]：设备ID=12057 
指令: WriteQRCode
请求帧: 01 10 00 02 00 02 04 00 00 2F 19
响应帧: 01 10 00 02 00 02
处理结果: 失败
失败原因: 等待RTU响应超时
诊断:
  received=false
  timedOut=true
  checksumError=false
  deviceBusy=false
发送时间: 2026-06-02 15:31:50
响应时间: -
重试次数: 5

[2026-06-02 15:31:51] [WARN] [scheduler][NetworkStatusTask][QRCode][Device][指令完成]：设备ID=12066 
指令: WriteQRCode
请求帧: 01 10 00 02 00 02 04 00 00 2F 22
响应帧: 01 10 00 02 00 02
处理结果: 失败
失败原因: 等待RTU响应超时
诊断:
  received=false
  timedOut=true
  checksumError=false
  deviceBusy=false
发送时间: 2026-06-02 15:31:50
响应时间: -
重试次数: 5

[2026-06-02 15:31:51] [WARN] [scheduler][NetworkStatusTask][QRCode][Device][指令完成]：设备ID=12062 
指令: WriteQRCode
请求帧: 01 10 00 02 00 02 04 00 00 2F 1E
响应帧: 01 10 00 02 00 02
处理结果: 失败
失败原因: 等待RTU响应超时
诊断:
  received=false
  timedOut=true
  checksumError=false
  deviceBusy=false
发送时间: 2026-06-02 15:31:50
响应时间: -
重试次数: 5

[2026-06-02 15:31:51] [WARN] [scheduler][NetworkStatusTask][QRCode][Device][指令完成]：设备ID=12048 
指令: WriteQRCode
请求帧: 01 10 00 02 00 02 04 00 00 2F 10
响应帧: 01 10 00 02 00 02
处理结果: 失败
失败原因: 等待RTU响应超时
诊断:
  received=false
  timedOut=true
  checksumError=false
  deviceBusy=false
发送时间: 2026-06-02 15:31:50
响应时间: -
重试次数: 5

[2026-06-02 15:31:51] [WARN] [scheduler][NetworkStatusTask][QRCode][Device][指令完成]：设备ID=12065 
指令: WriteQRCode
请求帧: 01 10 00 02 00 02 04 00 00 2F 21
响应帧: 01 10 00 02 00 02
处理结果: 失败
失败原因: 等待RTU响应超时
诊断:
  received=false
  timedOut=true
  checksumError=false
  deviceBusy=false
发送时间: 2026-06-02 15:31:50
响应时间: -
重试次数: 5

[2026-06-02 15:31:51] [WARN] [scheduler][NetworkStatusTask][QRCode][Device][指令完成]：设备ID=12060 
指令: WriteQRCode
请求帧: 01 10 00 02 00 02 04 00 00 2F 1C
响应帧: 01 10 00 02 00 02
处理结果: 失败
失败原因: 等待RTU响应超时
诊断:
  received=false
  timedOut=true
  checksumError=false
  deviceBusy=false
发送时间: 2026-06-02 15:31:50
响应时间: -
重试次数: 5

[2026-06-02 15:31:51] [WARN] [scheduler][NetworkStatusTask][QRCode][Device][指令完成]：设备ID=12056 
指令: WriteQRCode
请求帧: 01 10 00 02 00 02 04 00 00 2F 18
响应帧: 01 10 00 02 00 02
处理结果: 失败
失败原因: 等待RTU响应超时
诊断:
  received=false
  timedOut=true
  checksumError=false
  deviceBusy=false
发送时间: 2026-06-02 15:31:50
响应时间: -
重试次数: 5

[2026-06-02 15:31:51] [WARN] [scheduler][NetworkStatusTask][QRCode][Device][指令完成]：设备ID=12051 
指令: WriteQRCode
请求帧: 01 10 00 02 00 02 04 00 00 2F 13
响应帧: 01 10 00 02 00 02
处理结果: 失败
失败原因: 等待RTU响应超时
诊断:
  received=false
  timedOut=true
  checksumError=false
  deviceBusy=false
发送时间: 2026-06-02 15:31:50
响应时间: -
重试次数: 5

[2026-06-02 15:31:51] [WARN] [scheduler][NetworkStatusTask][QRCode][Device][指令完成]：设备ID=12054 
指令: WriteQRCode
请求帧: 01 10 00 02 00 02 04 00 00 2F 16
响应帧: 01 10 00 02 00 02
处理结果: 失败
失败原因: 等待RTU响应超时
诊断:
  received=false
  timedOut=true
  checksumError=false
  deviceBusy=false
发送时间: 2026-06-02 15:31:50
响应时间: -
重试次数: 5

[2026-06-02 15:31:51] [WARN] [scheduler][NetworkStatusTask][QRCode][Device][指令完成]：设备ID=12053 
指令: WriteQRCode
请求帧: 01 10 00 02 00 02 04 00 00 2F 15
响应帧: 01 10 00 02 00 02
处理结果: 失败
失败原因: 等待RTU响应超时
诊断:
  received=false
  timedOut=true
  checksumError=false
  deviceBusy=false
发送时间: 2026-06-02 15:31:50
响应时间: -
重试次数: 5

[2026-06-02 15:31:51] [WARN] [scheduler][NetworkStatusTask][QRCode][Device][指令完成]：设备ID=12059 
指令: WriteQRCode
请求帧: 01 10 00 02 00 02 04 00 00 2F 1B
响应帧: 01 10 00 02 00 02
处理结果: 失败
失败原因: 等待RTU响应超时
诊断:
  received=false
  timedOut=true
  checksumError=false
  deviceBusy=false
发送时间: 2026-06-02 15:31:50
响应时间: -
重试次数: 5

[2026-06-02 15:31:51] [WARN] [scheduler][NetworkStatusTask][QRCode][Device][指令完成]：设备ID=12055 
指令: WriteQRCode
请求帧: 01 10 00 02 00 02 04 00 00 2F 17
响应帧: 01 10 00 02 00 02
处理结果: 失败
失败原因: 等待RTU响应超时
诊断:
  received=false
  timedOut=true
  checksumError=false
  deviceBusy=false
发送时间: 2026-06-02 15:31:50
响应时间: -
重试次数: 5

[2026-06-02 15:31:51] [WARN] [scheduler][NetworkStatusTask][QRCode][Device][指令完成]：设备ID=12052 
指令: WriteQRCode
请求帧: 01 10 00 02 00 02 04 00 00 2F 14
响应帧: 01 10 00 02 00 02
处理结果: 失败
失败原因: 等待RTU响应超时
诊断:
  received=false
  timedOut=true
  checksumError=false
  deviceBusy=false
发送时间: 2026-06-02 15:31:50
响应时间: -
重试次数: 5

[2026-06-02 15:31:51] [WARN] [scheduler][NetworkStatusTask][QRCode][Device][指令完成]：设备ID=12049 
指令: WriteQRCode
请求帧: 01 10 00 02 00 02 04 00 00 2F 11
响应帧: 01 10 00 02 00 02
处理结果: 失败
失败原因: 等待RTU响应超时
诊断:
  received=false
  timedOut=true
  checksumError=false
  deviceBusy=false
发送时间: 2026-06-02 15:31:50
响应时间: -
重试次数: 5

[2026-06-02 15:31:51] [WARN] [scheduler][NetworkStatusTask][QRCode][Device][指令完成]：设备ID=12058 
指令: WriteQRCode
请求帧: 01 10 00 02 00 02 04 00 00 2F 1A
响应帧: 01 10 00 02 00 02
处理结果: 失败
失败原因: 等待RTU响应超时
诊断:
  received=false
  timedOut=true
  checksumError=false
  deviceBusy=false
发送时间: 2026-06-02 15:31:50
响应时间: -
重试次数: 5

[2026-06-02 15:31:51] [WARN] [scheduler][NetworkStatusTask][QRCode][Device][指令完成]：设备ID=12071 
指令: WriteQRCode
请求帧: 01 10 00 02 00 02 04 00 00 2F 27
响应帧: 01 10 00 02 00 02
处理结果: 失败
失败原因: 等待RTU响应超时
诊断:
  received=false
  timedOut=true
  checksumError=false
  deviceBusy=false
发送时间: 2026-06-02 15:31:50
响应时间: -
重试次数: 5

[2026-06-02 15:31:51] [WARN] [scheduler][NetworkStatusTask][QRCode][Device][指令完成]：设备ID=12073 
指令: WriteQRCode
请求帧: 01 10 00 02 00 02 04 00 00 2F 29
响应帧: 01 10 00 02 00 02
处理结果: 失败
失败原因: 等待RTU响应超时
诊断:
  received=false
  timedOut=true
  checksumError=false
  deviceBusy=false
发送时间: 2026-06-02 15:31:50
响应时间: -
重试次数: 5

[2026-06-02 15:31:51] [WARN] [scheduler][NetworkStatusTask][QRCode][Device][指令完成]：设备ID=12077 
指令: WriteQRCode
请求帧: 01 10 00 02 00 02 04 00 00 2F 2D
响应帧: 01 10 00 02 00 02
处理结果: 失败
失败原因: 等待RTU响应超时
诊断:
  received=false
  timedOut=true
  checksumError=false
  deviceBusy=false
发送时间: 2026-06-02 15:31:50
响应时间: -
重试次数: 5

[2026-06-02 15:31:51] [WARN] [scheduler][NetworkStatusTask][QRCode][Device][指令完成]：设备ID=12074 
指令: WriteQRCode
请求帧: 01 10 00 02 00 02 04 00 00 2F 2A
响应帧: 01 10 00 02 00 02
处理结果: 失败
失败原因: 等待RTU响应超时
诊断:
  received=false
  timedOut=true
  checksumError=false
  deviceBusy=false
发送时间: 2026-06-02 15:31:50
响应时间: -
重试次数: 5

[2026-06-02 15:31:51] [WARN] [scheduler][NetworkStatusTask][QRCode][Device][指令完成]：设备ID=12069 
指令: WriteQRCode
请求帧: 01 10 00 02 00 02 04 00 00 2F 25
响应帧: 01 10 00 02 00 02
处理结果: 失败
失败原因: 等待RTU响应超时
诊断:
  received=false
  timedOut=true
  checksumError=false
  deviceBusy=false
发送时间: 2026-06-02 15:31:50
响应时间: -
重试次数: 5

[2026-06-02 15:31:51] [WARN] [scheduler][NetworkStatusTask][QRCode][Device][指令完成]：设备ID=12080 
指令: WriteQRCode
请求帧: 01 10 00 02 00 02 04 00 00 2F 30
响应帧: 01 10 00 02 00 02
处理结果: 失败
失败原因: 等待RTU响应超时
诊断:
  received=false
  timedOut=true
  checksumError=false
  deviceBusy=false
发送时间: 2026-06-02 15:31:50
响应时间: -
重试次数: 5

[2026-06-02 15:31:51] [WARN] [scheduler][NetworkStatusTask][QRCode][Device][指令完成]：设备ID=12068 
指令: WriteQRCode
请求帧: 01 10 00 02 00 02 04 00 00 2F 24
响应帧: 01 10 00 02 00 02
处理结果: 失败
失败原因: 等待RTU响应超时
诊断:
  received=false
  timedOut=true
  checksumError=false
  deviceBusy=false
发送时间: 2026-06-02 15:31:50
响应时间: -
重试次数: 5

[2026-06-02 15:31:51] [WARN] [scheduler][NetworkStatusTask][QRCode][Device][指令完成]：设备ID=12072 
指令: WriteQRCode
请求帧: 01 10 00 02 00 02 04 00 00 2F 28
响应帧: 01 10 00 02 00 02
处理结果: 失败
失败原因: 等待RTU响应超时
诊断:
  received=false
  timedOut=true
  checksumError=false
  deviceBusy=false
发送时间: 2026-06-02 15:31:50
响应时间: -
重试次数: 5

[2026-06-02 15:31:51] [WARN] [scheduler][NetworkStatusTask][QRCode][Device][指令完成]：设备ID=12070 
指令: WriteQRCode
请求帧: 01 10 00 02 00 02 04 00 00 2F 26
响应帧: 01 10 00 02 00 02
处理结果: 失败
失败原因: 等待RTU响应超时
诊断:
  received=false
  timedOut=true
  checksumError=false
  deviceBusy=false
发送时间: 2026-06-02 15:31:50
响应时间: -
重试次数: 5

[2026-06-02 15:31:51] [WARN] [scheduler][NetworkStatusTask][QRCode][Device][指令完成]：设备ID=12075 
指令: WriteQRCode
请求帧: 01 10 00 02 00 02 04 00 00 2F 2B
响应帧: 01 10 00 02 00 02
处理结果: 失败
失败原因: 等待RTU响应超时
诊断:
  received=false
  timedOut=true
  checksumError=false
  deviceBusy=false
发送时间: 2026-06-02 15:31:50
响应时间: -
重试次数: 5

[2026-06-02 15:31:51] [WARN] [scheduler][NetworkStatusTask][QRCode][Device][指令完成]：设备ID=12079 
指令: WriteQRCode
请求帧: 01 10 00 02 00 02 04 00 00 2F 2F
响应帧: 01 10 00 02 00 02
处理结果: 失败
失败原因: 等待RTU响应超时
诊断:
  received=false
  timedOut=true
  checksumError=false
  deviceBusy=false
发送时间: 2026-06-02 15:31:50
响应时间: -
重试次数: 5

[2026-06-02 15:31:51] [WARN] [scheduler][NetworkStatusTask][QRCode][Device][指令完成]：设备ID=12078 
指令: WriteQRCode
请求帧: 01 10 00 02 00 02 04 00 00 2F 2E
响应帧: 01 10 00 02 00 02
处理结果: 失败
失败原因: 等待RTU响应超时
诊断:
  received=false
  timedOut=true
  checksumError=false
  deviceBusy=false
发送时间: 2026-06-02 15:31:50
响应时间: -
重试次数: 5

[2026-06-02 15:31:51] [WARN] [scheduler][NetworkStatusTask][QRCode][Device][指令完成]：设备ID=12067 
指令: WriteQRCode
请求帧: 01 10 00 02 00 02 04 00 00 2F 23
响应帧: 01 10 00 02 00 02
处理结果: 失败
失败原因: 等待RTU响应超时
诊断:
  received=false
  timedOut=true
  checksumError=false
  deviceBusy=false
发送时间: 2026-06-02 15:31:50
响应时间: -
重试次数: 5

[2026-06-02 15:31:51] [WARN] [scheduler][NetworkStatusTask][QRCode][Device][指令完成]：设备ID=12076 
指令: WriteQRCode
请求帧: 01 10 00 02 00 02 04 00 00 2F 2C
响应帧: 01 10 00 02 00 02
处理结果: 失败
失败原因: 等待RTU响应超时
诊断:
  received=false
  timedOut=true
  checksumError=false
  deviceBusy=false
发送时间: 2026-06-02 15:31:50
响应时间: -
重试次数: 5

[2026-06-02 15:36:42] [WARN] [scheduler][NetworkStatusTask][QRCode][Device][指令完成]：设备ID=12011 
指令: WriteQRCode
请求帧: 01 10 00 02 00 02 04 00 00 2E EB
响应帧: 01 10 00 02 00 02
处理结果: 失败
失败原因: 等待RTU响应超时
诊断:
  received=false
  timedOut=true
  checksumError=false
  deviceBusy=false
发送时间: 2026-06-02 15:36:41
响应时间: -
重试次数: 5

[2026-06-02 15:36:42] [WARN] [scheduler][NetworkStatusTask][QRCode][Device][指令完成]：设备ID=12007 
指令: WriteQRCode
请求帧: 01 10 00 02 00 02 04 00 00 2E E7
响应帧: 01 10 00 02 00 02
处理结果: 失败
失败原因: 等待RTU响应超时
诊断:
  received=false
  timedOut=true
  checksumError=false
  deviceBusy=false
发送时间: 2026-06-02 15:36:41
响应时间: -
重试次数: 5

[2026-06-02 15:36:42] [WARN] [scheduler][NetworkStatusTask][QRCode][Device][指令完成]：设备ID=12008 
指令: WriteQRCode
请求帧: 01 10 00 02 00 02 04 00 00 2E E8
响应帧: 01 10 00 02 00 02
处理结果: 失败
失败原因: 等待RTU响应超时
诊断:
  received=false
  timedOut=true
  checksumError=false
  deviceBusy=false
发送时间: 2026-06-02 15:36:41
响应时间: -
重试次数: 5

[2026-06-02 15:36:42] [WARN] [scheduler][NetworkStatusTask][QRCode][Device][指令完成]：设备ID=12003 
指令: WriteQRCode
请求帧: 01 10 00 02 00 02 04 00 00 2E E3
响应帧: 01 10 00 02 00 02
处理结果: 失败
失败原因: 等待RTU响应超时
诊断:
  received=false
  timedOut=true
  checksumError=false
  deviceBusy=false
发送时间: 2026-06-02 15:36:41
响应时间: -
重试次数: 5

[2026-06-02 15:36:42] [WARN] [scheduler][NetworkStatusTask][QRCode][Device][指令完成]：设备ID=12001 
指令: WriteQRCode
请求帧: 01 10 00 02 00 02 04 00 00 2E E1
响应帧: 01 10 00 02 00 02
处理结果: 失败
失败原因: 等待RTU响应超时
诊断:
  received=false
  timedOut=true
  checksumError=false
  deviceBusy=false
发送时间: 2026-06-02 15:36:41
响应时间: -
重试次数: 5

[2026-06-02 15:36:42] [WARN] [scheduler][NetworkStatusTask][QRCode][Device][指令完成]：设备ID=12006 
指令: WriteQRCode
请求帧: 01 10 00 02 00 02 04 00 00 2E E6
响应帧: 01 10 00 02 00 02
处理结果: 失败
失败原因: 等待RTU响应超时
诊断:
  received=false
  timedOut=true
  checksumError=false
  deviceBusy=false
发送时间: 2026-06-02 15:36:41
响应时间: -
重试次数: 5

[2026-06-02 15:36:42] [WARN] [scheduler][NetworkStatusTask][QRCode][Device][指令完成]：设备ID=12010 
指令: WriteQRCode
请求帧: 01 10 00 02 00 02 04 00 00 2E EA
响应帧: 01 10 00 02 00 02
处理结果: 失败
失败原因: 等待RTU响应超时
诊断:
  received=false
  timedOut=true
  checksumError=false
  deviceBusy=false
发送时间: 2026-06-02 15:36:41
响应时间: -
重试次数: 5

[2026-06-02 15:36:42] [WARN] [scheduler][NetworkStatusTask][QRCode][Device][指令完成]：设备ID=12009 
指令: WriteQRCode
请求帧: 01 10 00 02 00 02 04 00 00 2E E9
响应帧: 01 10 00 02 00 02
处理结果: 失败
失败原因: 等待RTU响应超时
诊断:
  received=false
  timedOut=true
  checksumError=false
  deviceBusy=false
发送时间: 2026-06-02 15:36:41
响应时间: -
重试次数: 5

[2026-06-02 15:36:42] [WARN] [scheduler][NetworkStatusTask][QRCode][Device][指令完成]：设备ID=12002 
指令: WriteQRCode
请求帧: 01 10 00 02 00 02 04 00 00 2E E2
响应帧: 01 10 00 02 00 02
处理结果: 失败
失败原因: 等待RTU响应超时
诊断:
  received=false
  timedOut=true
  checksumError=false
  deviceBusy=false
发送时间: 2026-06-02 15:36:41
响应时间: -
重试次数: 5

[2026-06-02 15:36:42] [WARN] [scheduler][NetworkStatusTask][QRCode][Device][指令完成]：设备ID=12015 
指令: WriteQRCode
请求帧: 01 10 00 02 00 02 04 00 00 2E EF
响应帧: 01 10 00 02 00 02
处理结果: 失败
失败原因: 等待RTU响应超时
诊断:
  received=false
  timedOut=true
  checksumError=false
  deviceBusy=false
发送时间: 2026-06-02 15:36:41
响应时间: -
重试次数: 5

[2026-06-02 15:36:42] [WARN] [scheduler][NetworkStatusTask][QRCode][Device][指令完成]：设备ID=12016 
指令: WriteQRCode
请求帧: 01 10 00 02 00 02 04 00 00 2E F0
响应帧: 01 10 00 02 00 02
处理结果: 失败
失败原因: 等待RTU响应超时
诊断:
  received=false
  timedOut=true
  checksumError=false
  deviceBusy=false
发送时间: 2026-06-02 15:36:41
响应时间: -
重试次数: 5

[2026-06-02 15:36:42] [WARN] [scheduler][NetworkStatusTask][QRCode][Device][指令完成]：设备ID=12013 
指令: WriteQRCode
请求帧: 01 10 00 02 00 02 04 00 00 2E ED
响应帧: 01 10 00 02 00 02
处理结果: 失败
失败原因: 等待RTU响应超时
诊断:
  received=false
  timedOut=true
  checksumError=false
  deviceBusy=false
发送时间: 2026-06-02 15:36:41
响应时间: -
重试次数: 5

[2026-06-02 15:36:42] [WARN] [scheduler][NetworkStatusTask][QRCode][Device][指令完成]：设备ID=12004 
指令: WriteQRCode
请求帧: 01 10 00 02 00 02 04 00 00 2E E4
响应帧: 01 10 00 02 00 02
处理结果: 失败
失败原因: 等待RTU响应超时
诊断:
  received=false
  timedOut=true
  checksumError=false
  deviceBusy=false
发送时间: 2026-06-02 15:36:41
响应时间: -
重试次数: 5

[2026-06-02 15:36:42] [WARN] [scheduler][NetworkStatusTask][QRCode][Device][指令完成]：设备ID=12012 
指令: WriteQRCode
请求帧: 01 10 00 02 00 02 04 00 00 2E EC
响应帧: 01 10 00 02 00 02
处理结果: 失败
失败原因: 等待RTU响应超时
诊断:
  received=false
  timedOut=true
  checksumError=false
  deviceBusy=false
发送时间: 2026-06-02 15:36:41
响应时间: -
重试次数: 5

[2026-06-02 15:36:42] [WARN] [scheduler][NetworkStatusTask][QRCode][Device][指令完成]：设备ID=12005 
指令: WriteQRCode
请求帧: 01 10 00 02 00 02 04 00 00 2E E5
响应帧: 01 10 00 02 00 02
处理结果: 失败
失败原因: 等待RTU响应超时
诊断:
  received=false
  timedOut=true
  checksumError=false
  deviceBusy=false
发送时间: 2026-06-02 15:36:41
响应时间: -
重试次数: 5

[2026-06-02 15:36:42] [WARN] [scheduler][NetworkStatusTask][QRCode][Device][指令完成]：设备ID=12014 
指令: WriteQRCode
请求帧: 01 10 00 02 00 02 04 00 00 2E EE
响应帧: 01 10 00 02 00 02
处理结果: 失败
失败原因: 等待RTU响应超时
诊断:
  received=false
  timedOut=true
  checksumError=false
  deviceBusy=false
发送时间: 2026-06-02 15:36:41
响应时间: -
重试次数: 5

[2026-06-02 15:36:42] [WARN] [scheduler][NetworkStatusTask][QRCode][Device][指令完成]：设备ID=12021 
指令: WriteQRCode
请求帧: 01 10 00 02 00 02 04 00 00 2E F5
响应帧: 01 10 00 02 00 02
处理结果: 失败
失败原因: 等待RTU响应超时
诊断:
  received=false
  timedOut=true
  checksumError=false
  deviceBusy=false
发送时间: 2026-06-02 15:36:41
响应时间: -
重试次数: 5

[2026-06-02 15:36:42] [WARN] [scheduler][NetworkStatusTask][QRCode][Device][指令完成]：设备ID=12019 
指令: WriteQRCode
请求帧: 01 10 00 02 00 02 04 00 00 2E F3
响应帧: 01 10 00 02 00 02
处理结果: 失败
失败原因: 等待RTU响应超时
诊断:
  received=false
  timedOut=true
  checksumError=false
  deviceBusy=false
发送时间: 2026-06-02 15:36:41
响应时间: -
重试次数: 5

[2026-06-02 15:36:42] [WARN] [scheduler][NetworkStatusTask][QRCode][Device][指令完成]：设备ID=12020 
指令: WriteQRCode
请求帧: 01 10 00 02 00 02 04 00 00 2E F4
响应帧: 01 10 00 02 00 02
处理结果: 失败
失败原因: 等待RTU响应超时
诊断:
  received=false
  timedOut=true
  checksumError=false
  deviceBusy=false
发送时间: 2026-06-02 15:36:41
响应时间: -
重试次数: 5

[2026-06-02 15:36:42] [WARN] [scheduler][NetworkStatusTask][QRCode][Device][指令完成]：设备ID=12027 
指令: WriteQRCode
请求帧: 01 10 00 02 00 02 04 00 00 2E FB
响应帧: 01 10 00 02 00 02
处理结果: 失败
失败原因: 等待RTU响应超时
诊断:
  received=false
  timedOut=true
  checksumError=false
  deviceBusy=false
发送时间: 2026-06-02 15:36:41
响应时间: -
重试次数: 5

[2026-06-02 15:36:42] [WARN] [scheduler][NetworkStatusTask][QRCode][Device][指令完成]：设备ID=12018 
指令: WriteQRCode
请求帧: 01 10 00 02 00 02 04 00 00 2E F2
响应帧: 01 10 00 02 00 02
处理结果: 失败
失败原因: 等待RTU响应超时
诊断:
  received=false
  timedOut=true
  checksumError=false
  deviceBusy=false
发送时间: 2026-06-02 15:36:41
响应时间: -
重试次数: 5

[2026-06-02 15:36:42] [WARN] [scheduler][NetworkStatusTask][QRCode][Device][指令完成]：设备ID=12026 
指令: WriteQRCode
请求帧: 01 10 00 02 00 02 04 00 00 2E FA
响应帧: 01 10 00 02 00 02
处理结果: 失败
失败原因: 等待RTU响应超时
诊断:
  received=false
  timedOut=true
  checksumError=false
  deviceBusy=false
发送时间: 2026-06-02 15:36:41
响应时间: -
重试次数: 5

[2026-06-02 15:36:42] [WARN] [scheduler][NetworkStatusTask][QRCode][Device][指令完成]：设备ID=12022 
指令: WriteQRCode
请求帧: 01 10 00 02 00 02 04 00 00 2E F6
响应帧: 01 10 00 02 00 02
处理结果: 失败
失败原因: 等待RTU响应超时
诊断:
  received=false
  timedOut=true
  checksumError=false
  deviceBusy=false
发送时间: 2026-06-02 15:36:41
响应时间: -
重试次数: 5

[2026-06-02 15:36:42] [WARN] [scheduler][NetworkStatusTask][QRCode][Device][指令完成]：设备ID=12025 
指令: WriteQRCode
请求帧: 01 10 00 02 00 02 04 00 00 2E F9
响应帧: 01 10 00 02 00 02
处理结果: 失败
失败原因: 等待RTU响应超时
诊断:
  received=false
  timedOut=true
  checksumError=false
  deviceBusy=false
发送时间: 2026-06-02 15:36:41
响应时间: -
重试次数: 5

[2026-06-02 15:36:42] [WARN] [scheduler][NetworkStatusTask][QRCode][Device][指令完成]：设备ID=12028 
指令: WriteQRCode
请求帧: 01 10 00 02 00 02 04 00 00 2E FC
响应帧: 01 10 00 02 00 02
处理结果: 失败
失败原因: 等待RTU响应超时
诊断:
  received=false
  timedOut=true
  checksumError=false
  deviceBusy=false
发送时间: 2026-06-02 15:36:41
响应时间: -
重试次数: 5

[2026-06-02 15:36:42] [WARN] [scheduler][NetworkStatusTask][QRCode][Device][指令完成]：设备ID=12017 
指令: WriteQRCode
请求帧: 01 10 00 02 00 02 04 00 00 2E F1
响应帧: 01 10 00 02 00 02
处理结果: 失败
失败原因: 等待RTU响应超时
诊断:
  received=false
  timedOut=true
  checksumError=false
  deviceBusy=false
发送时间: 2026-06-02 15:36:41
响应时间: -
重试次数: 5

[2026-06-02 15:36:42] [WARN] [scheduler][NetworkStatusTask][QRCode][Device][指令完成]：设备ID=12023 
指令: WriteQRCode
请求帧: 01 10 00 02 00 02 04 00 00 2E F7
响应帧: 01 10 00 02 00 02
处理结果: 失败
失败原因: 等待RTU响应超时
诊断:
  received=false
  timedOut=true
  checksumError=false
  deviceBusy=false
发送时间: 2026-06-02 15:36:41
响应时间: -
重试次数: 5

[2026-06-02 15:36:42] [WARN] [scheduler][NetworkStatusTask][QRCode][Device][指令完成]：设备ID=12024 
指令: WriteQRCode
请求帧: 01 10 00 02 00 02 04 00 00 2E F8
响应帧: 01 10 00 02 00 02
处理结果: 失败
失败原因: 等待RTU响应超时
诊断:
  received=false
  timedOut=true
  checksumError=false
  deviceBusy=false
发送时间: 2026-06-02 15:36:41
响应时间: -
重试次数: 5

[2026-06-02 15:36:42] [WARN] [scheduler][NetworkStatusTask][QRCode][Device][指令完成]：设备ID=12029 
指令: WriteQRCode
请求帧: 01 10 00 02 00 02 04 00 00 2E FD
响应帧: 01 10 00 02 00 02
处理结果: 失败
失败原因: 等待RTU响应超时
诊断:
  received=false
  timedOut=true
  checksumError=false
  deviceBusy=false
发送时间: 2026-06-02 15:36:41
响应时间: -
重试次数: 5

[2026-06-02 15:36:42] [WARN] [scheduler][NetworkStatusTask][QRCode][Device][指令完成]：设备ID=12036 
指令: WriteQRCode
请求帧: 01 10 00 02 00 02 04 00 00 2F 04
响应帧: 01 10 00 02 00 02
处理结果: 失败
失败原因: 等待RTU响应超时
诊断:
  received=false
  timedOut=true
  checksumError=false
  deviceBusy=false
发送时间: 2026-06-02 15:36:41
响应时间: -
重试次数: 5

[2026-06-02 15:36:42] [WARN] [scheduler][NetworkStatusTask][QRCode][Device][指令完成]：设备ID=12035 
指令: WriteQRCode
请求帧: 01 10 00 02 00 02 04 00 00 2F 03
响应帧: 01 10 00 02 00 02
处理结果: 失败
失败原因: 等待RTU响应超时
诊断:
  received=false
  timedOut=true
  checksumError=false
  deviceBusy=false
发送时间: 2026-06-02 15:36:41
响应时间: -
重试次数: 5

[2026-06-02 15:36:42] [WARN] [scheduler][NetworkStatusTask][QRCode][Device][指令完成]：设备ID=12031 
指令: WriteQRCode
请求帧: 01 10 00 02 00 02 04 00 00 2E FF
响应帧: 01 10 00 02 00 02
处理结果: 失败
失败原因: 等待RTU响应超时
诊断:
  received=false
  timedOut=true
  checksumError=false
  deviceBusy=false
发送时间: 2026-06-02 15:36:41
响应时间: -
重试次数: 5

[2026-06-02 15:36:42] [WARN] [scheduler][NetworkStatusTask][QRCode][Device][指令完成]：设备ID=12034 
指令: WriteQRCode
请求帧: 01 10 00 02 00 02 04 00 00 2F 02
响应帧: 01 10 00 02 00 02
处理结果: 失败
失败原因: 等待RTU响应超时
诊断:
  received=false
  timedOut=true
  checksumError=false
  deviceBusy=false
发送时间: 2026-06-02 15:36:41
响应时间: -
重试次数: 5

[2026-06-02 15:36:42] [WARN] [scheduler][NetworkStatusTask][QRCode][Device][指令完成]：设备ID=12032 
指令: WriteQRCode
请求帧: 01 10 00 02 00 02 04 00 00 2F 00
响应帧: 01 10 00 02 00 02
处理结果: 失败
失败原因: 等待RTU响应超时
诊断:
  received=false
  timedOut=true
  checksumError=false
  deviceBusy=false
发送时间: 2026-06-02 15:36:41
响应时间: -
重试次数: 5

[2026-06-02 15:36:42] [WARN] [scheduler][NetworkStatusTask][QRCode][Device][指令完成]：设备ID=12030 
指令: WriteQRCode
请求帧: 01 10 00 02 00 02 04 00 00 2E FE
响应帧: 01 10 00 02 00 02
处理结果: 失败
失败原因: 等待RTU响应超时
诊断:
  received=false
  timedOut=true
  checksumError=false
  deviceBusy=false
发送时间: 2026-06-02 15:36:41
响应时间: -
重试次数: 5

[2026-06-02 15:36:42] [WARN] [scheduler][NetworkStatusTask][QRCode][Device][指令完成]：设备ID=12041 
指令: WriteQRCode
请求帧: 01 10 00 02 00 02 04 00 00 2F 09
响应帧: 01 10 00 02 00 02
处理结果: 失败
失败原因: 等待RTU响应超时
诊断:
  received=false
  timedOut=true
  checksumError=false
  deviceBusy=false
发送时间: 2026-06-02 15:36:41
响应时间: -
重试次数: 5

[2026-06-02 15:36:42] [WARN] [scheduler][NetworkStatusTask][QRCode][Device][指令完成]：设备ID=12051 
指令: WriteQRCode
请求帧: 01 10 00 02 00 02 04 00 00 2F 13
响应帧: 01 10 00 02 00 02
处理结果: 失败
失败原因: 等待RTU响应超时
诊断:
  received=false
  timedOut=true
  checksumError=false
  deviceBusy=false
发送时间: 2026-06-02 15:36:41
响应时间: -
重试次数: 5

[2026-06-02 15:36:42] [WARN] [scheduler][NetworkStatusTask][QRCode][Device][指令完成]：设备ID=12037 
指令: WriteQRCode
请求帧: 01 10 00 02 00 02 04 00 00 2F 05
响应帧: 01 10 00 02 00 02
处理结果: 失败
失败原因: 等待RTU响应超时
诊断:
  received=false
  timedOut=true
  checksumError=false
  deviceBusy=false
发送时间: 2026-06-02 15:36:41
响应时间: -
重试次数: 5

[2026-06-02 15:36:42] [WARN] [scheduler][NetworkStatusTask][QRCode][Device][指令完成]：设备ID=12049 
指令: WriteQRCode
请求帧: 01 10 00 02 00 02 04 00 00 2F 11
响应帧: 01 10 00 02 00 02
处理结果: 失败
失败原因: 等待RTU响应超时
诊断:
  received=false
  timedOut=true
  checksumError=false
  deviceBusy=false
发送时间: 2026-06-02 15:36:41
响应时间: -
重试次数: 5

[2026-06-02 15:36:42] [WARN] [scheduler][NetworkStatusTask][QRCode][Device][指令完成]：设备ID=12043 
指令: WriteQRCode
请求帧: 01 10 00 02 00 02 04 00 00 2F 0B
响应帧: 01 10 00 02 00 02
处理结果: 失败
失败原因: 等待RTU响应超时
诊断:
  received=false
  timedOut=true
  checksumError=false
  deviceBusy=false
发送时间: 2026-06-02 15:36:41
响应时间: -
重试次数: 5

[2026-06-02 15:36:42] [WARN] [scheduler][NetworkStatusTask][QRCode][Device][指令完成]：设备ID=12047 
指令: WriteQRCode
请求帧: 01 10 00 02 00 02 04 00 00 2F 0F
响应帧: 01 10 00 02 00 02
处理结果: 失败
失败原因: 等待RTU响应超时
诊断:
  received=false
  timedOut=true
  checksumError=false
  deviceBusy=false
发送时间: 2026-06-02 15:36:41
响应时间: -
重试次数: 5

[2026-06-02 15:36:42] [WARN] [scheduler][NetworkStatusTask][QRCode][Device][指令完成]：设备ID=12039 
指令: WriteQRCode
请求帧: 01 10 00 02 00 02 04 00 00 2F 07
响应帧: 01 10 00 02 00 02
处理结果: 失败
失败原因: 等待RTU响应超时
诊断:
  received=false
  timedOut=true
  checksumError=false
  deviceBusy=false
发送时间: 2026-06-02 15:36:41
响应时间: -
重试次数: 5

[2026-06-02 15:36:42] [WARN] [scheduler][NetworkStatusTask][QRCode][Device][指令完成]：设备ID=12038 
指令: WriteQRCode
请求帧: 01 10 00 02 00 02 04 00 00 2F 06
响应帧: 01 10 00 02 00 02
处理结果: 失败
失败原因: 等待RTU响应超时
诊断:
  received=false
  timedOut=true
  checksumError=false
  deviceBusy=false
发送时间: 2026-06-02 15:36:41
响应时间: -
重试次数: 5

[2026-06-02 15:36:42] [WARN] [scheduler][NetworkStatusTask][QRCode][Device][指令完成]：设备ID=12040 
指令: WriteQRCode
请求帧: 01 10 00 02 00 02 04 00 00 2F 08
响应帧: 01 10 00 02 00 02
处理结果: 失败
失败原因: 等待RTU响应超时
诊断:
  received=false
  timedOut=true
  checksumError=false
  deviceBusy=false
发送时间: 2026-06-02 15:36:41
响应时间: -
重试次数: 5

[2026-06-02 15:36:42] [WARN] [scheduler][NetworkStatusTask][QRCode][Device][指令完成]：设备ID=12042 
指令: WriteQRCode
请求帧: 01 10 00 02 00 02 04 00 00 2F 0A
响应帧: 01 10 00 02 00 02
处理结果: 失败
失败原因: 等待RTU响应超时
诊断:
  received=false
  timedOut=true
  checksumError=false
  deviceBusy=false
发送时间: 2026-06-02 15:36:41
响应时间: -
重试次数: 5

[2026-06-02 15:36:42] [WARN] [scheduler][NetworkStatusTask][QRCode][Device][指令完成]：设备ID=12050 
指令: WriteQRCode
请求帧: 01 10 00 02 00 02 04 00 00 2F 12
响应帧: 01 10 00 02 00 02
处理结果: 失败
失败原因: 等待RTU响应超时
诊断:
  received=false
  timedOut=true
  checksumError=false
  deviceBusy=false
发送时间: 2026-06-02 15:36:41
响应时间: -
重试次数: 5

[2026-06-02 15:36:42] [WARN] [scheduler][NetworkStatusTask][QRCode][Device][指令完成]：设备ID=12044 
指令: WriteQRCode
请求帧: 01 10 00 02 00 02 04 00 00 2F 0C
响应帧: 01 10 00 02 00 02
处理结果: 失败
失败原因: 等待RTU响应超时
诊断:
  received=false
  timedOut=true
  checksumError=false
  deviceBusy=false
发送时间: 2026-06-02 15:36:41
响应时间: -
重试次数: 5

[2026-06-02 15:36:42] [WARN] [scheduler][NetworkStatusTask][QRCode][Device][指令完成]：设备ID=12058 
指令: WriteQRCode
请求帧: 01 10 00 02 00 02 04 00 00 2F 1A
响应帧: 01 10 00 02 00 02
处理结果: 失败
失败原因: 等待RTU响应超时
诊断:
  received=false
  timedOut=true
  checksumError=false
  deviceBusy=false
发送时间: 2026-06-02 15:36:41
响应时间: -
重试次数: 5

[2026-06-02 15:36:42] [WARN] [scheduler][NetworkStatusTask][QRCode][Device][指令完成]：设备ID=12057 
指令: WriteQRCode
请求帧: 01 10 00 02 00 02 04 00 00 2F 19
响应帧: 01 10 00 02 00 02
处理结果: 失败
失败原因: 等待RTU响应超时
诊断:
  received=false
  timedOut=true
  checksumError=false
  deviceBusy=false
发送时间: 2026-06-02 15:36:41
响应时间: -
重试次数: 5

[2026-06-02 15:36:42] [WARN] [scheduler][NetworkStatusTask][QRCode][Device][指令完成]：设备ID=12048 
指令: WriteQRCode
请求帧: 01 10 00 02 00 02 04 00 00 2F 10
响应帧: 01 10 00 02 00 02
处理结果: 失败
失败原因: 等待RTU响应超时
诊断:
  received=false
  timedOut=true
  checksumError=false
  deviceBusy=false
发送时间: 2026-06-02 15:36:41
响应时间: -
重试次数: 5

[2026-06-02 15:36:42] [WARN] [scheduler][NetworkStatusTask][QRCode][Device][指令完成]：设备ID=12033 
指令: WriteQRCode
请求帧: 01 10 00 02 00 02 04 00 00 2F 01
响应帧: 01 10 00 02 00 02
处理结果: 失败
失败原因: 等待RTU响应超时
诊断:
  received=false
  timedOut=true
  checksumError=false
  deviceBusy=false
发送时间: 2026-06-02 15:36:41
响应时间: -
重试次数: 5

[2026-06-02 15:36:42] [WARN] [scheduler][NetworkStatusTask][QRCode][Device][指令完成]：设备ID=12046 
指令: WriteQRCode
请求帧: 01 10 00 02 00 02 04 00 00 2F 0E
响应帧: 01 10 00 02 00 02
处理结果: 失败
失败原因: 等待RTU响应超时
诊断:
  received=false
  timedOut=true
  checksumError=false
  deviceBusy=false
发送时间: 2026-06-02 15:36:41
响应时间: -
重试次数: 5

[2026-06-02 15:36:42] [WARN] [scheduler][NetworkStatusTask][QRCode][Device][指令完成]：设备ID=12045 
指令: WriteQRCode
请求帧: 01 10 00 02 00 02 04 00 00 2F 0D
响应帧: 01 10 00 02 00 02
处理结果: 失败
失败原因: 等待RTU响应超时
诊断:
  received=false
  timedOut=true
  checksumError=false
  deviceBusy=false
发送时间: 2026-06-02 15:36:41
响应时间: -
重试次数: 5

[2026-06-02 15:36:42] [WARN] [scheduler][NetworkStatusTask][QRCode][Device][指令完成]：设备ID=12053 
指令: WriteQRCode
请求帧: 01 10 00 02 00 02 04 00 00 2F 15
响应帧: 01 10 00 02 00 02
处理结果: 失败
失败原因: 等待RTU响应超时
诊断:
  received=false
  timedOut=true
  checksumError=false
  deviceBusy=false
发送时间: 2026-06-02 15:36:41
响应时间: -
重试次数: 5

[2026-06-02 15:36:42] [WARN] [scheduler][NetworkStatusTask][QRCode][Device][指令完成]：设备ID=12056 
指令: WriteQRCode
请求帧: 01 10 00 02 00 02 04 00 00 2F 18
响应帧: 01 10 00 02 00 02
处理结果: 失败
失败原因: 等待RTU响应超时
诊断:
  received=false
  timedOut=true
  checksumError=false
  deviceBusy=false
发送时间: 2026-06-02 15:36:41
响应时间: -
重试次数: 5

[2026-06-02 15:36:42] [WARN] [scheduler][NetworkStatusTask][QRCode][Device][指令完成]：设备ID=12052 
指令: WriteQRCode
请求帧: 01 10 00 02 00 02 04 00 00 2F 14
响应帧: 01 10 00 02 00 02
处理结果: 失败
失败原因: 等待RTU响应超时
诊断:
  received=false
  timedOut=true
  checksumError=false
  deviceBusy=false
发送时间: 2026-06-02 15:36:41
响应时间: -
重试次数: 5

[2026-06-02 15:36:42] [WARN] [scheduler][NetworkStatusTask][QRCode][Device][指令完成]：设备ID=12054 
指令: WriteQRCode
请求帧: 01 10 00 02 00 02 04 00 00 2F 16
响应帧: 01 10 00 02 00 02
处理结果: 失败
失败原因: 等待RTU响应超时
诊断:
  received=false
  timedOut=true
  checksumError=false
  deviceBusy=false
发送时间: 2026-06-02 15:36:41
响应时间: -
重试次数: 5

[2026-06-02 15:36:42] [WARN] [scheduler][NetworkStatusTask][QRCode][Device][指令完成]：设备ID=12055 
指令: WriteQRCode
请求帧: 01 10 00 02 00 02 04 00 00 2F 17
响应帧: 01 10 00 02 00 02
处理结果: 失败
失败原因: 等待RTU响应超时
诊断:
  received=false
  timedOut=true
  checksumError=false
  deviceBusy=false
发送时间: 2026-06-02 15:36:41
响应时间: -
重试次数: 5

[2026-06-02 15:36:42] [WARN] [scheduler][NetworkStatusTask][QRCode][Device][指令完成]：设备ID=12064 
指令: WriteQRCode
请求帧: 01 10 00 02 00 02 04 00 00 2F 20
响应帧: 01 10 00 02 00 02
处理结果: 失败
失败原因: 等待RTU响应超时
诊断:
  received=false
  timedOut=true
  checksumError=false
  deviceBusy=false
发送时间: 2026-06-02 15:36:41
响应时间: -
重试次数: 5

[2026-06-02 15:36:42] [WARN] [scheduler][NetworkStatusTask][QRCode][Device][指令完成]：设备ID=12073 
指令: WriteQRCode
请求帧: 01 10 00 02 00 02 04 00 00 2F 29
响应帧: 01 10 00 02 00 02
处理结果: 失败
失败原因: 等待RTU响应超时
诊断:
  received=false
  timedOut=true
  checksumError=false
  deviceBusy=false
发送时间: 2026-06-02 15:36:41
响应时间: -
重试次数: 5

[2026-06-02 15:36:42] [WARN] [scheduler][NetworkStatusTask][QRCode][Device][指令完成]：设备ID=12065 
指令: WriteQRCode
请求帧: 01 10 00 02 00 02 04 00 00 2F 21
响应帧: 01 10 00 02 00 02
处理结果: 失败
失败原因: 等待RTU响应超时
诊断:
  received=false
  timedOut=true
  checksumError=false
  deviceBusy=false
发送时间: 2026-06-02 15:36:41
响应时间: -
重试次数: 5

[2026-06-02 15:36:42] [WARN] [scheduler][NetworkStatusTask][QRCode][Device][指令完成]：设备ID=12072 
指令: WriteQRCode
请求帧: 01 10 00 02 00 02 04 00 00 2F 28
响应帧: 01 10 00 02 00 02
处理结果: 失败
失败原因: 等待RTU响应超时
诊断:
  received=false
  timedOut=true
  checksumError=false
  deviceBusy=false
发送时间: 2026-06-02 15:36:41
响应时间: -
重试次数: 5

[2026-06-02 15:36:42] [WARN] [scheduler][NetworkStatusTask][QRCode][Device][指令完成]：设备ID=12060 
指令: WriteQRCode
请求帧: 01 10 00 02 00 02 04 00 00 2F 1C
响应帧: 01 10 00 02 00 02
处理结果: 失败
失败原因: 等待RTU响应超时
诊断:
  received=false
  timedOut=true
  checksumError=false
  deviceBusy=false
发送时间: 2026-06-02 15:36:41
响应时间: -
重试次数: 5

[2026-06-02 15:36:42] [WARN] [scheduler][NetworkStatusTask][QRCode][Device][指令完成]：设备ID=12059 
指令: WriteQRCode
请求帧: 01 10 00 02 00 02 04 00 00 2F 1B
响应帧: 01 10 00 02 00 02
处理结果: 失败
失败原因: 等待RTU响应超时
诊断:
  received=false
  timedOut=true
  checksumError=false
  deviceBusy=false
发送时间: 2026-06-02 15:36:41
响应时间: -
重试次数: 5

[2026-06-02 15:36:42] [WARN] [scheduler][NetworkStatusTask][QRCode][Device][指令完成]：设备ID=12069 
指令: WriteQRCode
请求帧: 01 10 00 02 00 02 04 00 00 2F 25
响应帧: 01 10 00 02 00 02
处理结果: 失败
失败原因: 等待RTU响应超时
诊断:
  received=false
  timedOut=true
  checksumError=false
  deviceBusy=false
发送时间: 2026-06-02 15:36:41
响应时间: -
重试次数: 5

[2026-06-02 15:36:42] [WARN] [scheduler][NetworkStatusTask][QRCode][Device][指令完成]：设备ID=12061 
指令: WriteQRCode
请求帧: 01 10 00 02 00 02 04 00 00 2F 1D
响应帧: 01 10 00 02 00 02
处理结果: 失败
失败原因: 等待RTU响应超时
诊断:
  received=false
  timedOut=true
  checksumError=false
  deviceBusy=false
发送时间: 2026-06-02 15:36:41
响应时间: -
重试次数: 5

[2026-06-02 15:36:42] [WARN] [scheduler][NetworkStatusTask][QRCode][Device][指令完成]：设备ID=12066 
指令: WriteQRCode
请求帧: 01 10 00 02 00 02 04 00 00 2F 22
响应帧: 01 10 00 02 00 02
处理结果: 失败
失败原因: 等待RTU响应超时
诊断:
  received=false
  timedOut=true
  checksumError=false
  deviceBusy=false
发送时间: 2026-06-02 15:36:41
响应时间: -
重试次数: 5

[2026-06-02 15:36:42] [WARN] [scheduler][NetworkStatusTask][QRCode][Device][指令完成]：设备ID=12074 
指令: WriteQRCode
请求帧: 01 10 00 02 00 02 04 00 00 2F 2A
响应帧: 01 10 00 02 00 02
处理结果: 失败
失败原因: 等待RTU响应超时
诊断:
  received=false
  timedOut=true
  checksumError=false
  deviceBusy=false
发送时间: 2026-06-02 15:36:41
响应时间: -
重试次数: 5

[2026-06-02 15:36:42] [WARN] [scheduler][NetworkStatusTask][QRCode][Device][指令完成]：设备ID=12070 
指令: WriteQRCode
请求帧: 01 10 00 02 00 02 04 00 00 2F 26
响应帧: 01 10 00 02 00 02
处理结果: 失败
失败原因: 等待RTU响应超时
诊断:
  received=false
  timedOut=true
  checksumError=false
  deviceBusy=false
发送时间: 2026-06-02 15:36:41
响应时间: -
重试次数: 5

[2026-06-02 15:36:42] [WARN] [scheduler][NetworkStatusTask][QRCode][Device][指令完成]：设备ID=12062 
指令: WriteQRCode
请求帧: 01 10 00 02 00 02 04 00 00 2F 1E
响应帧: 01 10 00 02 00 02
处理结果: 失败
失败原因: 等待RTU响应超时
诊断:
  received=false
  timedOut=true
  checksumError=false
  deviceBusy=false
发送时间: 2026-06-02 15:36:41
响应时间: -
重试次数: 5

[2026-06-02 15:36:42] [WARN] [scheduler][NetworkStatusTask][QRCode][Device][指令完成]：设备ID=12063 
指令: WriteQRCode
请求帧: 01 10 00 02 00 02 04 00 00 2F 1F
响应帧: 01 10 00 02 00 02
处理结果: 失败
失败原因: 等待RTU响应超时
诊断:
  received=false
  timedOut=true
  checksumError=false
  deviceBusy=false
发送时间: 2026-06-02 15:36:41
响应时间: -
重试次数: 5

[2026-06-02 15:36:42] [WARN] [scheduler][NetworkStatusTask][QRCode][Device][指令完成]：设备ID=12071 
指令: WriteQRCode
请求帧: 01 10 00 02 00 02 04 00 00 2F 27
响应帧: 01 10 00 02 00 02
处理结果: 失败
失败原因: 等待RTU响应超时
诊断:
  received=false
  timedOut=true
  checksumError=false
  deviceBusy=false
发送时间: 2026-06-02 15:36:41
响应时间: -
重试次数: 5

[2026-06-02 15:36:42] [WARN] [scheduler][NetworkStatusTask][QRCode][Device][指令完成]：设备ID=12076 
指令: WriteQRCode
请求帧: 01 10 00 02 00 02 04 00 00 2F 2C
响应帧: 01 10 00 02 00 02
处理结果: 失败
失败原因: 等待RTU响应超时
诊断:
  received=false
  timedOut=true
  checksumError=false
  deviceBusy=false
发送时间: 2026-06-02 15:36:41
响应时间: -
重试次数: 5

[2026-06-02 15:36:42] [WARN] [scheduler][NetworkStatusTask][QRCode][Device][指令完成]：设备ID=12067 
指令: WriteQRCode
请求帧: 01 10 00 02 00 02 04 00 00 2F 23
响应帧: 01 10 00 02 00 02
处理结果: 失败
失败原因: 等待RTU响应超时
诊断:
  received=false
  timedOut=true
  checksumError=false
  deviceBusy=false
发送时间: 2026-06-02 15:36:41
响应时间: -
重试次数: 5

[2026-06-02 15:36:42] [WARN] [scheduler][NetworkStatusTask][QRCode][Device][指令完成]：设备ID=12068 
指令: WriteQRCode
请求帧: 01 10 00 02 00 02 04 00 00 2F 24
响应帧: 01 10 00 02 00 02
处理结果: 失败
失败原因: 等待RTU响应超时
诊断:
  received=false
  timedOut=true
  checksumError=false
  deviceBusy=false
发送时间: 2026-06-02 15:36:41
响应时间: -
重试次数: 5

[2026-06-02 15:36:42] [WARN] [scheduler][NetworkStatusTask][QRCode][Device][指令完成]：设备ID=12075 
指令: WriteQRCode
请求帧: 01 10 00 02 00 02 04 00 00 2F 2B
响应帧: 01 10 00 02 00 02
处理结果: 失败
失败原因: 等待RTU响应超时
诊断:
  received=false
  timedOut=true
  checksumError=false
  deviceBusy=false
发送时间: 2026-06-02 15:36:41
响应时间: -
重试次数: 5

[2026-06-02 15:36:42] [WARN] [scheduler][NetworkStatusTask][QRCode][Device][指令完成]：设备ID=12077 
指令: WriteQRCode
请求帧: 01 10 00 02 00 02 04 00 00 2F 2D
响应帧: 01 10 00 02 00 02
处理结果: 失败
失败原因: 等待RTU响应超时
诊断:
  received=false
  timedOut=true
  checksumError=false
  deviceBusy=false
发送时间: 2026-06-02 15:36:41
响应时间: -
重试次数: 5

[2026-06-02 15:36:43] [WARN] [scheduler][NetworkStatusTask][QRCode][Device][指令完成]：设备ID=12078 
指令: WriteQRCode
请求帧: 01 10 00 02 00 02 04 00 00 2F 2E
响应帧: 01 10 00 02 00 02
处理结果: 失败
失败原因: 等待RTU响应超时
诊断:
  received=false
  timedOut=true
  checksumError=false
  deviceBusy=false
发送时间: 2026-06-02 15:36:42
响应时间: -
重试次数: 5

[2026-06-02 15:36:43] [WARN] [scheduler][NetworkStatusTask][QRCode][Device][指令完成]：设备ID=12079 
指令: WriteQRCode
请求帧: 01 10 00 02 00 02 04 00 00 2F 2F
响应帧: 01 10 00 02 00 02
处理结果: 失败
失败原因: 等待RTU响应超时
诊断:
  received=false
  timedOut=true
  checksumError=false
  deviceBusy=false
发送时间: 2026-06-02 15:36:42
响应时间: -
重试次数: 5

[2026-06-02 15:36:43] [WARN] [scheduler][NetworkStatusTask][QRCode][Device][指令完成]：设备ID=12080 
指令: WriteQRCode
请求帧: 01 10 00 02 00 02 04 00 00 2F 30
响应帧: 01 10 00 02 00 02
处理结果: 失败
失败原因: 等待RTU响应超时
诊断:
  received=false
  timedOut=true
  checksumError=false
  deviceBusy=false
发送时间: 2026-06-02 15:36:42
响应时间: -
重试次数: 5

[2026-06-02 16:05:34] [WARN] [scheduler][NetworkStatusTask][QRCode][Device][指令完成]：设备ID=12003 
指令: WriteQRCode
请求帧: 01 10 00 02 00 02 04 00 00 2E E3
响应帧: 01 10 00 02 00 02
处理结果: 失败
失败原因: 等待RTU响应超时
诊断:
  received=false
  timedOut=true
  checksumError=false
  deviceBusy=false
发送时间: 2026-06-02 16:05:33
响应时间: -
重试次数: 5

[2026-06-02 16:05:34] [WARN] [scheduler][NetworkStatusTask][QRCode][Device][指令完成]：设备ID=12018 
指令: WriteQRCode
请求帧: 01 10 00 02 00 02 04 00 00 2E F2
响应帧: 01 10 00 02 00 02
处理结果: 失败
失败原因: 等待RTU响应超时
诊断:
  received=false
  timedOut=true
  checksumError=false
  deviceBusy=false
发送时间: 2026-06-02 16:05:33
响应时间: -
重试次数: 5

[2026-06-02 16:05:34] [WARN] [scheduler][NetworkStatusTask][QRCode][Device][指令完成]：设备ID=12021 
指令: WriteQRCode
请求帧: 01 10 00 02 00 02 04 00 00 2E F5
响应帧: 01 10 00 02 00 02
处理结果: 失败
失败原因: 等待RTU响应超时
诊断:
  received=false
  timedOut=true
  checksumError=false
  deviceBusy=false
发送时间: 2026-06-02 16:05:33
响应时间: -
重试次数: 5

[2026-06-02 16:05:34] [WARN] [scheduler][NetworkStatusTask][QRCode][Device][指令完成]：设备ID=12020 
指令: WriteQRCode
请求帧: 01 10 00 02 00 02 04 00 00 2E F4
响应帧: 01 10 00 02 00 02
处理结果: 失败
失败原因: 等待RTU响应超时
诊断:
  received=false
  timedOut=true
  checksumError=false
  deviceBusy=false
发送时间: 2026-06-02 16:05:33
响应时间: -
重试次数: 5

[2026-06-02 16:05:34] [WARN] [scheduler][NetworkStatusTask][QRCode][Device][指令完成]：设备ID=12010 
指令: WriteQRCode
请求帧: 01 10 00 02 00 02 04 00 00 2E EA
响应帧: 01 10 00 02 00 02
处理结果: 失败
失败原因: 等待RTU响应超时
诊断:
  received=false
  timedOut=true
  checksumError=false
  deviceBusy=false
发送时间: 2026-06-02 16:05:33
响应时间: -
重试次数: 5

[2026-06-02 16:05:34] [WARN] [scheduler][NetworkStatusTask][QRCode][Device][指令完成]：设备ID=12006 
指令: WriteQRCode
请求帧: 01 10 00 02 00 02 04 00 00 2E E6
响应帧: 01 10 00 02 00 02
处理结果: 失败
失败原因: 等待RTU响应超时
诊断:
  received=false
  timedOut=true
  checksumError=false
  deviceBusy=false
发送时间: 2026-06-02 16:05:33
响应时间: -
重试次数: 5

[2026-06-02 16:05:34] [WARN] [scheduler][NetworkStatusTask][QRCode][Device][指令完成]：设备ID=12015 
指令: WriteQRCode
请求帧: 01 10 00 02 00 02 04 00 00 2E EF
响应帧: 01 10 00 02 00 02
处理结果: 失败
失败原因: 等待RTU响应超时
诊断:
  received=false
  timedOut=true
  checksumError=false
  deviceBusy=false
发送时间: 2026-06-02 16:05:33
响应时间: -
重试次数: 5

[2026-06-02 16:05:34] [WARN] [scheduler][NetworkStatusTask][QRCode][Device][指令完成]：设备ID=12007 
指令: WriteQRCode
请求帧: 01 10 00 02 00 02 04 00 00 2E E7
响应帧: 01 10 00 02 00 02
处理结果: 失败
失败原因: 等待RTU响应超时
诊断:
  received=false
  timedOut=true
  checksumError=false
  deviceBusy=false
发送时间: 2026-06-02 16:05:33
响应时间: -
重试次数: 5

[2026-06-02 16:05:34] [WARN] [scheduler][NetworkStatusTask][QRCode][Device][指令完成]：设备ID=12016 
指令: WriteQRCode
请求帧: 01 10 00 02 00 02 04 00 00 2E F0
响应帧: 01 10 00 02 00 02
处理结果: 失败
失败原因: 等待RTU响应超时
诊断:
  received=false
  timedOut=true
  checksumError=false
  deviceBusy=false
发送时间: 2026-06-02 16:05:33
响应时间: -
重试次数: 5

[2026-06-02 16:05:34] [WARN] [scheduler][NetworkStatusTask][QRCode][Device][指令完成]：设备ID=12013 
指令: WriteQRCode
请求帧: 01 10 00 02 00 02 04 00 00 2E ED
响应帧: 01 10 00 02 00 02
处理结果: 失败
失败原因: 等待RTU响应超时
诊断:
  received=false
  timedOut=true
  checksumError=false
  deviceBusy=false
发送时间: 2026-06-02 16:05:33
响应时间: -
重试次数: 5

[2026-06-02 16:05:34] [WARN] [scheduler][NetworkStatusTask][QRCode][Device][指令完成]：设备ID=12008 
指令: WriteQRCode
请求帧: 01 10 00 02 00 02 04 00 00 2E E8
响应帧: 01 10 00 02 00 02
处理结果: 失败
失败原因: 等待RTU响应超时
诊断:
  received=false
  timedOut=true
  checksumError=false
  deviceBusy=false
发送时间: 2026-06-02 16:05:33
响应时间: -
重试次数: 5

[2026-06-02 16:05:34] [WARN] [scheduler][NetworkStatusTask][QRCode][Device][指令完成]：设备ID=12030 
指令: WriteQRCode
请求帧: 01 10 00 02 00 02 04 00 00 2E FE
响应帧: 01 10 00 02 00 02
处理结果: 失败
失败原因: 等待RTU响应超时
诊断:
  received=false
  timedOut=true
  checksumError=false
  deviceBusy=false
发送时间: 2026-06-02 16:05:33
响应时间: -
重试次数: 5

[2026-06-02 16:05:34] [WARN] [scheduler][NetworkStatusTask][QRCode][Device][指令完成]：设备ID=12005 
指令: WriteQRCode
请求帧: 01 10 00 02 00 02 04 00 00 2E E5
响应帧: 01 10 00 02 00 02
处理结果: 失败
失败原因: 等待RTU响应超时
诊断:
  received=false
  timedOut=true
  checksumError=false
  deviceBusy=false
发送时间: 2026-06-02 16:05:33
响应时间: -
重试次数: 5

[2026-06-02 16:05:34] [WARN] [scheduler][NetworkStatusTask][QRCode][Device][指令完成]：设备ID=12009 
指令: WriteQRCode
请求帧: 01 10 00 02 00 02 04 00 00 2E E9
响应帧: 01 10 00 02 00 02
处理结果: 失败
失败原因: 等待RTU响应超时
诊断:
  received=false
  timedOut=true
  checksumError=false
  deviceBusy=false
发送时间: 2026-06-02 16:05:33
响应时间: -
重试次数: 5

[2026-06-02 16:05:34] [WARN] [scheduler][NetworkStatusTask][QRCode][Device][指令完成]：设备ID=12011 
指令: WriteQRCode
请求帧: 01 10 00 02 00 02 04 00 00 2E EB
响应帧: 01 10 00 02 00 02
处理结果: 失败
失败原因: 等待RTU响应超时
诊断:
  received=false
  timedOut=true
  checksumError=false
  deviceBusy=false
发送时间: 2026-06-02 16:05:33
响应时间: -
重试次数: 5

[2026-06-02 16:05:34] [WARN] [scheduler][NetworkStatusTask][QRCode][Device][指令完成]：设备ID=12019 
指令: WriteQRCode
请求帧: 01 10 00 02 00 02 04 00 00 2E F3
响应帧: 01 10 00 02 00 02
处理结果: 失败
失败原因: 等待RTU响应超时
诊断:
  received=false
  timedOut=true
  checksumError=false
  deviceBusy=false
发送时间: 2026-06-02 16:05:33
响应时间: -
重试次数: 5

[2026-06-02 16:05:34] [WARN] [scheduler][NetworkStatusTask][QRCode][Device][指令完成]：设备ID=12004 
指令: WriteQRCode
请求帧: 01 10 00 02 00 02 04 00 00 2E E4
响应帧: 01 10 00 02 00 02
处理结果: 失败
失败原因: 等待RTU响应超时
诊断:
  received=false
  timedOut=true
  checksumError=false
  deviceBusy=false
发送时间: 2026-06-02 16:05:33
响应时间: -
重试次数: 5

[2026-06-02 16:05:34] [WARN] [scheduler][NetworkStatusTask][QRCode][Device][指令完成]：设备ID=12028 
指令: WriteQRCode
请求帧: 01 10 00 02 00 02 04 00 00 2E FC
响应帧: 01 10 00 02 00 02
处理结果: 失败
失败原因: 等待RTU响应超时
诊断:
  received=false
  timedOut=true
  checksumError=false
  deviceBusy=false
发送时间: 2026-06-02 16:05:33
响应时间: -
重试次数: 5

[2026-06-02 16:05:34] [WARN] [scheduler][NetworkStatusTask][QRCode][Device][指令完成]：设备ID=12032 
指令: WriteQRCode
请求帧: 01 10 00 02 00 02 04 00 00 2F 00
响应帧: 01 10 00 02 00 02
处理结果: 失败
失败原因: 等待RTU响应超时
诊断:
  received=false
  timedOut=true
  checksumError=false
  deviceBusy=false
发送时间: 2026-06-02 16:05:33
响应时间: -
重试次数: 5

[2026-06-02 16:05:34] [WARN] [scheduler][NetworkStatusTask][QRCode][Device][指令完成]：设备ID=12001 
指令: WriteQRCode
请求帧: 01 10 00 02 00 02 04 00 00 2E E1
响应帧: 01 10 00 02 00 02
处理结果: 失败
失败原因: 等待RTU响应超时
诊断:
  received=false
  timedOut=true
  checksumError=false
  deviceBusy=false
发送时间: 2026-06-02 16:05:33
响应时间: -
重试次数: 5

[2026-06-02 16:05:34] [WARN] [scheduler][NetworkStatusTask][QRCode][Device][指令完成]：设备ID=12002 
指令: WriteQRCode
请求帧: 01 10 00 02 00 02 04 00 00 2E E2
响应帧: 01 10 00 02 00 02
处理结果: 失败
失败原因: 等待RTU响应超时
诊断:
  received=false
  timedOut=true
  checksumError=false
  deviceBusy=false
发送时间: 2026-06-02 16:05:33
响应时间: -
重试次数: 5

[2026-06-02 16:05:34] [WARN] [scheduler][NetworkStatusTask][QRCode][Device][指令完成]：设备ID=12035 
指令: WriteQRCode
请求帧: 01 10 00 02 00 02 04 00 00 2F 03
响应帧: 01 10 00 02 00 02
处理结果: 失败
失败原因: 等待RTU响应超时
诊断:
  received=false
  timedOut=true
  checksumError=false
  deviceBusy=false
发送时间: 2026-06-02 16:05:33
响应时间: -
重试次数: 5

[2026-06-02 16:05:34] [WARN] [scheduler][NetworkStatusTask][QRCode][Device][指令完成]：设备ID=12022 
指令: WriteQRCode
请求帧: 01 10 00 02 00 02 04 00 00 2E F6
响应帧: 01 10 00 02 00 02
处理结果: 失败
失败原因: 等待RTU响应超时
诊断:
  received=false
  timedOut=true
  checksumError=false
  deviceBusy=false
发送时间: 2026-06-02 16:05:33
响应时间: -
重试次数: 5

[2026-06-02 16:05:34] [WARN] [scheduler][NetworkStatusTask][QRCode][Device][指令完成]：设备ID=12014 
指令: WriteQRCode
请求帧: 01 10 00 02 00 02 04 00 00 2E EE
响应帧: 01 10 00 02 00 02
处理结果: 失败
失败原因: 等待RTU响应超时
诊断:
  received=false
  timedOut=true
  checksumError=false
  deviceBusy=false
发送时间: 2026-06-02 16:05:33
响应时间: -
重试次数: 5

[2026-06-02 16:05:34] [WARN] [scheduler][NetworkStatusTask][QRCode][Device][指令完成]：设备ID=12017 
指令: WriteQRCode
请求帧: 01 10 00 02 00 02 04 00 00 2E F1
响应帧: 01 10 00 02 00 02
处理结果: 失败
失败原因: 等待RTU响应超时
诊断:
  received=false
  timedOut=true
  checksumError=false
  deviceBusy=false
发送时间: 2026-06-02 16:05:33
响应时间: -
重试次数: 5

[2026-06-02 16:05:34] [WARN] [scheduler][NetworkStatusTask][QRCode][Device][指令完成]：设备ID=12029 
指令: WriteQRCode
请求帧: 01 10 00 02 00 02 04 00 00 2E FD
响应帧: 01 10 00 02 00 02
处理结果: 失败
失败原因: 等待RTU响应超时
诊断:
  received=false
  timedOut=true
  checksumError=false
  deviceBusy=false
发送时间: 2026-06-02 16:05:33
响应时间: -
重试次数: 5

[2026-06-02 16:05:34] [WARN] [scheduler][NetworkStatusTask][QRCode][Device][指令完成]：设备ID=12025 
指令: WriteQRCode
请求帧: 01 10 00 02 00 02 04 00 00 2E F9
响应帧: 01 10 00 02 00 02
处理结果: 失败
失败原因: 等待RTU响应超时
诊断:
  received=false
  timedOut=true
  checksumError=false
  deviceBusy=false
发送时间: 2026-06-02 16:05:33
响应时间: -
重试次数: 5

[2026-06-02 16:05:34] [WARN] [scheduler][NetworkStatusTask][QRCode][Device][指令完成]：设备ID=12012 
指令: WriteQRCode
请求帧: 01 10 00 02 00 02 04 00 00 2E EC
响应帧: 01 10 00 02 00 02
处理结果: 失败
失败原因: 等待RTU响应超时
诊断:
  received=false
  timedOut=true
  checksumError=false
  deviceBusy=false
发送时间: 2026-06-02 16:05:33
响应时间: -
重试次数: 5

[2026-06-02 16:05:34] [WARN] [scheduler][NetworkStatusTask][QRCode][Device][指令完成]：设备ID=12027 
指令: WriteQRCode
请求帧: 01 10 00 02 00 02 04 00 00 2E FB
响应帧: 01 10 00 02 00 02
处理结果: 失败
失败原因: 等待RTU响应超时
诊断:
  received=false
  timedOut=true
  checksumError=false
  deviceBusy=false
发送时间: 2026-06-02 16:05:33
响应时间: -
重试次数: 5

[2026-06-02 16:05:34] [WARN] [scheduler][NetworkStatusTask][QRCode][Device][指令完成]：设备ID=12047 
指令: WriteQRCode
请求帧: 01 10 00 02 00 02 04 00 00 2F 0F
响应帧: 01 10 00 02 00 02
处理结果: 失败
失败原因: 等待RTU响应超时
诊断:
  received=false
  timedOut=true
  checksumError=false
  deviceBusy=false
发送时间: 2026-06-02 16:05:33
响应时间: -
重试次数: 5

[2026-06-02 16:05:34] [WARN] [scheduler][NetworkStatusTask][QRCode][Device][指令完成]：设备ID=12043 
指令: WriteQRCode
请求帧: 01 10 00 02 00 02 04 00 00 2F 0B
响应帧: 01 10 00 02 00 02
处理结果: 失败
失败原因: 等待RTU响应超时
诊断:
  received=false
  timedOut=true
  checksumError=false
  deviceBusy=false
发送时间: 2026-06-02 16:05:33
响应时间: -
重试次数: 5

[2026-06-02 16:05:34] [WARN] [scheduler][NetworkStatusTask][QRCode][Device][指令完成]：设备ID=12034 
指令: WriteQRCode
请求帧: 01 10 00 02 00 02 04 00 00 2F 02
响应帧: 01 10 00 02 00 02
处理结果: 失败
失败原因: 等待RTU响应超时
诊断:
  received=false
  timedOut=true
  checksumError=false
  deviceBusy=false
发送时间: 2026-06-02 16:05:33
响应时间: -
重试次数: 5

[2026-06-02 16:05:34] [WARN] [scheduler][NetworkStatusTask][QRCode][Device][指令完成]：设备ID=12044 
指令: WriteQRCode
请求帧: 01 10 00 02 00 02 04 00 00 2F 0C
响应帧: 01 10 00 02 00 02
处理结果: 失败
失败原因: 等待RTU响应超时
诊断:
  received=false
  timedOut=true
  checksumError=false
  deviceBusy=false
发送时间: 2026-06-02 16:05:33
响应时间: -
重试次数: 5

[2026-06-02 16:05:34] [WARN] [scheduler][NetworkStatusTask][QRCode][Device][指令完成]：设备ID=12040 
指令: WriteQRCode
请求帧: 01 10 00 02 00 02 04 00 00 2F 08
响应帧: 01 10 00 02 00 02
处理结果: 失败
失败原因: 等待RTU响应超时
诊断:
  received=false
  timedOut=true
  checksumError=false
  deviceBusy=false
发送时间: 2026-06-02 16:05:33
响应时间: -
重试次数: 5

[2026-06-02 16:05:34] [WARN] [scheduler][NetworkStatusTask][QRCode][Device][指令完成]：设备ID=12036 
指令: WriteQRCode
请求帧: 01 10 00 02 00 02 04 00 00 2F 04
响应帧: 01 10 00 02 00 02
处理结果: 失败
失败原因: 等待RTU响应超时
诊断:
  received=false
  timedOut=true
  checksumError=false
  deviceBusy=false
发送时间: 2026-06-02 16:05:33
响应时间: -
重试次数: 5

[2026-06-02 16:05:34] [WARN] [scheduler][NetworkStatusTask][QRCode][Device][指令完成]：设备ID=12042 
指令: WriteQRCode
请求帧: 01 10 00 02 00 02 04 00 00 2F 0A
响应帧: 01 10 00 02 00 02
处理结果: 失败
失败原因: 等待RTU响应超时
诊断:
  received=false
  timedOut=true
  checksumError=false
  deviceBusy=false
发送时间: 2026-06-02 16:05:33
响应时间: -
重试次数: 5

[2026-06-02 16:05:34] [WARN] [scheduler][NetworkStatusTask][QRCode][Device][指令完成]：设备ID=12037 
指令: WriteQRCode
请求帧: 01 10 00 02 00 02 04 00 00 2F 05
响应帧: 01 10 00 02 00 02
处理结果: 失败
失败原因: 等待RTU响应超时
诊断:
  received=false
  timedOut=true
  checksumError=false
  deviceBusy=false
发送时间: 2026-06-02 16:05:33
响应时间: -
重试次数: 5

[2026-06-02 16:05:34] [WARN] [scheduler][NetworkStatusTask][QRCode][Device][指令完成]：设备ID=12031 
指令: WriteQRCode
请求帧: 01 10 00 02 00 02 04 00 00 2E FF
响应帧: 01 10 00 02 00 02
处理结果: 失败
失败原因: 等待RTU响应超时
诊断:
  received=false
  timedOut=true
  checksumError=false
  deviceBusy=false
发送时间: 2026-06-02 16:05:33
响应时间: -
重试次数: 5

[2026-06-02 16:05:34] [WARN] [scheduler][NetworkStatusTask][QRCode][Device][指令完成]：设备ID=12045 
指令: WriteQRCode
请求帧: 01 10 00 02 00 02 04 00 00 2F 0D
响应帧: 01 10 00 02 00 02
处理结果: 失败
失败原因: 等待RTU响应超时
诊断:
  received=false
  timedOut=true
  checksumError=false
  deviceBusy=false
发送时间: 2026-06-02 16:05:33
响应时间: -
重试次数: 5

[2026-06-02 16:05:34] [WARN] [scheduler][NetworkStatusTask][QRCode][Device][指令完成]：设备ID=12046 
指令: WriteQRCode
请求帧: 01 10 00 02 00 02 04 00 00 2F 0E
响应帧: 01 10 00 02 00 02
处理结果: 失败
失败原因: 等待RTU响应超时
诊断:
  received=false
  timedOut=true
  checksumError=false
  deviceBusy=false
发送时间: 2026-06-02 16:05:33
响应时间: -
重试次数: 5

[2026-06-02 16:05:34] [WARN] [scheduler][NetworkStatusTask][QRCode][Device][指令完成]：设备ID=12039 
指令: WriteQRCode
请求帧: 01 10 00 02 00 02 04 00 00 2F 07
响应帧: 01 10 00 02 00 02
处理结果: 失败
失败原因: 等待RTU响应超时
诊断:
  received=false
  timedOut=true
  checksumError=false
  deviceBusy=false
发送时间: 2026-06-02 16:05:33
响应时间: -
重试次数: 5

[2026-06-02 16:05:34] [WARN] [scheduler][NetworkStatusTask][QRCode][Device][指令完成]：设备ID=12050 
指令: WriteQRCode
请求帧: 01 10 00 02 00 02 04 00 00 2F 12
响应帧: 01 10 00 02 00 02
处理结果: 失败
失败原因: 等待RTU响应超时
诊断:
  received=false
  timedOut=true
  checksumError=false
  deviceBusy=false
发送时间: 2026-06-02 16:05:33
响应时间: -
重试次数: 5

[2026-06-02 16:05:34] [WARN] [scheduler][NetworkStatusTask][QRCode][Device][指令完成]：设备ID=12033 
指令: WriteQRCode
请求帧: 01 10 00 02 00 02 04 00 00 2F 01
响应帧: 01 10 00 02 00 02
处理结果: 失败
失败原因: 等待RTU响应超时
诊断:
  received=false
  timedOut=true
  checksumError=false
  deviceBusy=false
发送时间: 2026-06-02 16:05:33
响应时间: -
重试次数: 5

[2026-06-02 16:05:34] [WARN] [scheduler][NetworkStatusTask][QRCode][Device][指令完成]：设备ID=12049 
指令: WriteQRCode
请求帧: 01 10 00 02 00 02 04 00 00 2F 11
响应帧: 01 10 00 02 00 02
处理结果: 失败
失败原因: 等待RTU响应超时
诊断:
  received=false
  timedOut=true
  checksumError=false
  deviceBusy=false
发送时间: 2026-06-02 16:05:33
响应时间: -
重试次数: 5

[2026-06-02 16:05:34] [WARN] [scheduler][NetworkStatusTask][QRCode][Device][指令完成]：设备ID=12026 
指令: WriteQRCode
请求帧: 01 10 00 02 00 02 04 00 00 2E FA
响应帧: 01 10 00 02 00 02
处理结果: 失败
失败原因: 等待RTU响应超时
诊断:
  received=false
  timedOut=true
  checksumError=false
  deviceBusy=false
发送时间: 2026-06-02 16:05:33
响应时间: -
重试次数: 5

[2026-06-02 16:05:34] [WARN] [scheduler][NetworkStatusTask][QRCode][Device][指令完成]：设备ID=12079 
指令: WriteQRCode
请求帧: 01 10 00 02 00 02 04 00 00 2F 2F
响应帧: 01 10 00 02 00 02
处理结果: 失败
失败原因: 等待RTU响应超时
诊断:
  received=false
  timedOut=true
  checksumError=false
  deviceBusy=false
发送时间: 2026-06-02 16:05:33
响应时间: -
重试次数: 5

[2026-06-02 16:05:34] [WARN] [scheduler][NetworkStatusTask][QRCode][Device][指令完成]：设备ID=12053 
指令: WriteQRCode
请求帧: 01 10 00 02 00 02 04 00 00 2F 15
响应帧: 01 10 00 02 00 02
处理结果: 失败
失败原因: 等待RTU响应超时
诊断:
  received=false
  timedOut=true
  checksumError=false
  deviceBusy=false
发送时间: 2026-06-02 16:05:33
响应时间: -
重试次数: 5

[2026-06-02 16:05:34] [WARN] [scheduler][NetworkStatusTask][QRCode][Device][指令完成]：设备ID=12052 
指令: WriteQRCode
请求帧: 01 10 00 02 00 02 04 00 00 2F 14
响应帧: 01 10 00 02 00 02
处理结果: 失败
失败原因: 等待RTU响应超时
诊断:
  received=false
  timedOut=true
  checksumError=false
  deviceBusy=false
发送时间: 2026-06-02 16:05:33
响应时间: -
重试次数: 5

[2026-06-02 16:05:34] [WARN] [scheduler][NetworkStatusTask][QRCode][Device][指令完成]：设备ID=12024 
指令: WriteQRCode
请求帧: 01 10 00 02 00 02 04 00 00 2E F8
响应帧: 01 10 00 02 00 02
处理结果: 失败
失败原因: 等待RTU响应超时
诊断:
  received=false
  timedOut=true
  checksumError=false
  deviceBusy=false
发送时间: 2026-06-02 16:05:33
响应时间: -
重试次数: 5

[2026-06-02 16:05:34] [WARN] [scheduler][NetworkStatusTask][QRCode][Device][指令完成]：设备ID=12080 
指令: WriteQRCode
请求帧: 01 10 00 02 00 02 04 00 00 2F 30
响应帧: 01 10 00 02 00 02
处理结果: 失败
失败原因: 等待RTU响应超时
诊断:
  received=false
  timedOut=true
  checksumError=false
  deviceBusy=false
发送时间: 2026-06-02 16:05:33
响应时间: -
重试次数: 5

[2026-06-02 16:05:34] [WARN] [scheduler][NetworkStatusTask][QRCode][Device][指令完成]：设备ID=12023 
指令: WriteQRCode
请求帧: 01 10 00 02 00 02 04 00 00 2E F7
响应帧: 01 10 00 02 00 02
处理结果: 失败
失败原因: 等待RTU响应超时
诊断:
  received=false
  timedOut=true
  checksumError=false
  deviceBusy=false
发送时间: 2026-06-02 16:05:33
响应时间: -
重试次数: 5

[2026-06-02 16:05:34] [WARN] [scheduler][NetworkStatusTask][QRCode][Device][指令完成]：设备ID=12076 
指令: WriteQRCode
请求帧: 01 10 00 02 00 02 04 00 00 2F 2C
响应帧: 01 10 00 02 00 02
处理结果: 失败
失败原因: 等待RTU响应超时
诊断:
  received=false
  timedOut=true
  checksumError=false
  deviceBusy=false
发送时间: 2026-06-02 16:05:33
响应时间: -
重试次数: 5

[2026-06-02 16:05:34] [WARN] [scheduler][NetworkStatusTask][QRCode][Device][指令完成]：设备ID=12038 
指令: WriteQRCode
请求帧: 01 10 00 02 00 02 04 00 00 2F 06
响应帧: 01 10 00 02 00 02
处理结果: 失败
失败原因: 等待RTU响应超时
诊断:
  received=false
  timedOut=true
  checksumError=false
  deviceBusy=false
发送时间: 2026-06-02 16:05:33
响应时间: -
重试次数: 5

[2026-06-02 16:05:34] [WARN] [scheduler][NetworkStatusTask][QRCode][Device][指令完成]：设备ID=12051 
指令: WriteQRCode
请求帧: 01 10 00 02 00 02 04 00 00 2F 13
响应帧: 01 10 00 02 00 02
处理结果: 失败
失败原因: 等待RTU响应超时
诊断:
  received=false
  timedOut=true
  checksumError=false
  deviceBusy=false
发送时间: 2026-06-02 16:05:33
响应时间: -
重试次数: 5

[2026-06-02 16:05:34] [WARN] [scheduler][NetworkStatusTask][QRCode][Device][指令完成]：设备ID=12078 
指令: WriteQRCode
请求帧: 01 10 00 02 00 02 04 00 00 2F 2E
响应帧: 01 10 00 02 00 02
处理结果: 失败
失败原因: 等待RTU响应超时
诊断:
  received=false
  timedOut=true
  checksumError=false
  deviceBusy=false
发送时间: 2026-06-02 16:05:33
响应时间: -
重试次数: 5

[2026-06-02 16:05:34] [WARN] [scheduler][NetworkStatusTask][QRCode][Device][指令完成]：设备ID=12041 
指令: WriteQRCode
请求帧: 01 10 00 02 00 02 04 00 00 2F 09
响应帧: 01 10 00 02 00 02
处理结果: 失败
失败原因: 等待RTU响应超时
诊断:
  received=false
  timedOut=true
  checksumError=false
  deviceBusy=false
发送时间: 2026-06-02 16:05:33
响应时间: -
重试次数: 5

[2026-06-02 16:05:34] [WARN] [scheduler][NetworkStatusTask][QRCode][Device][指令完成]：设备ID=12069 
指令: WriteQRCode
请求帧: 01 10 00 02 00 02 04 00 00 2F 25
响应帧: 01 10 00 02 00 02
处理结果: 失败
失败原因: 等待RTU响应超时
诊断:
  received=false
  timedOut=true
  checksumError=false
  deviceBusy=false
发送时间: 2026-06-02 16:05:33
响应时间: -
重试次数: 5

[2026-06-02 16:05:34] [WARN] [scheduler][NetworkStatusTask][QRCode][Device][指令完成]：设备ID=12066 
指令: WriteQRCode
请求帧: 01 10 00 02 00 02 04 00 00 2F 22
响应帧: 01 10 00 02 00 02
处理结果: 失败
失败原因: 等待RTU响应超时
诊断:
  received=false
  timedOut=true
  checksumError=false
  deviceBusy=false
发送时间: 2026-06-02 16:05:33
响应时间: -
重试次数: 5

[2026-06-02 16:05:34] [WARN] [scheduler][NetworkStatusTask][QRCode][Device][指令完成]：设备ID=12064 
指令: WriteQRCode
请求帧: 01 10 00 02 00 02 04 00 00 2F 20
响应帧: 01 10 00 02 00 02
处理结果: 失败
失败原因: 等待RTU响应超时
诊断:
  received=false
  timedOut=true
  checksumError=false
  deviceBusy=false
发送时间: 2026-06-02 16:05:33
响应时间: -
重试次数: 5

[2026-06-02 16:05:34] [WARN] [scheduler][NetworkStatusTask][QRCode][Device][指令完成]：设备ID=12072 
指令: WriteQRCode
请求帧: 01 10 00 02 00 02 04 00 00 2F 28
响应帧: 01 10 00 02 00 02
处理结果: 失败
失败原因: 等待RTU响应超时
诊断:
  received=false
  timedOut=true
  checksumError=false
  deviceBusy=false
发送时间: 2026-06-02 16:05:33
响应时间: -
重试次数: 5

[2026-06-02 16:05:34] [WARN] [scheduler][NetworkStatusTask][QRCode][Device][指令完成]：设备ID=12059 
指令: WriteQRCode
请求帧: 01 10 00 02 00 02 04 00 00 2F 1B
响应帧: 01 10 00 02 00 02
处理结果: 失败
失败原因: 等待RTU响应超时
诊断:
  received=false
  timedOut=true
  checksumError=false
  deviceBusy=false
发送时间: 2026-06-02 16:05:33
响应时间: -
重试次数: 5

[2026-06-02 16:05:34] [WARN] [scheduler][NetworkStatusTask][QRCode][Device][指令完成]：设备ID=12062 
指令: WriteQRCode
请求帧: 01 10 00 02 00 02 04 00 00 2F 1E
响应帧: 01 10 00 02 00 02
处理结果: 失败
失败原因: 等待RTU响应超时
诊断:
  received=false
  timedOut=true
  checksumError=false
  deviceBusy=false
发送时间: 2026-06-02 16:05:33
响应时间: -
重试次数: 5

[2026-06-02 16:05:34] [WARN] [scheduler][NetworkStatusTask][QRCode][Device][指令完成]：设备ID=12065 
指令: WriteQRCode
请求帧: 01 10 00 02 00 02 04 00 00 2F 21
响应帧: 01 10 00 02 00 02
处理结果: 失败
失败原因: 等待RTU响应超时
诊断:
  received=false
  timedOut=true
  checksumError=false
  deviceBusy=false
发送时间: 2026-06-02 16:05:33
响应时间: -
重试次数: 5

[2026-06-02 16:05:34] [WARN] [scheduler][NetworkStatusTask][QRCode][Device][指令完成]：设备ID=12061 
指令: WriteQRCode
请求帧: 01 10 00 02 00 02 04 00 00 2F 1D
响应帧: 01 10 00 02 00 02
处理结果: 失败
失败原因: 等待RTU响应超时
诊断:
  received=false
  timedOut=true
  checksumError=false
  deviceBusy=false
发送时间: 2026-06-02 16:05:33
响应时间: -
重试次数: 5

[2026-06-02 16:05:34] [WARN] [scheduler][NetworkStatusTask][QRCode][Device][指令完成]：设备ID=12071 
指令: WriteQRCode
请求帧: 01 10 00 02 00 02 04 00 00 2F 27
响应帧: 01 10 00 02 00 02
处理结果: 失败
失败原因: 等待RTU响应超时
诊断:
  received=false
  timedOut=true
  checksumError=false
  deviceBusy=false
发送时间: 2026-06-02 16:05:33
响应时间: -
重试次数: 5

[2026-06-02 16:05:34] [WARN] [scheduler][NetworkStatusTask][QRCode][Device][指令完成]：设备ID=12048 
指令: WriteQRCode
请求帧: 01 10 00 02 00 02 04 00 00 2F 10
响应帧: 01 10 00 02 00 02
处理结果: 失败
失败原因: 等待RTU响应超时
诊断:
  received=false
  timedOut=true
  checksumError=false
  deviceBusy=false
发送时间: 2026-06-02 16:05:33
响应时间: -
重试次数: 5

[2026-06-02 16:05:34] [WARN] [scheduler][NetworkStatusTask][QRCode][Device][指令完成]：设备ID=12057 
指令: WriteQRCode
请求帧: 01 10 00 02 00 02 04 00 00 2F 19
响应帧: 01 10 00 02 00 02
处理结果: 失败
失败原因: 等待RTU响应超时
诊断:
  received=false
  timedOut=true
  checksumError=false
  deviceBusy=false
发送时间: 2026-06-02 16:05:33
响应时间: -
重试次数: 5

[2026-06-02 16:05:34] [WARN] [scheduler][NetworkStatusTask][QRCode][Device][指令完成]：设备ID=12075 
指令: WriteQRCode
请求帧: 01 10 00 02 00 02 04 00 00 2F 2B
响应帧: 01 10 00 02 00 02
处理结果: 失败
失败原因: 等待RTU响应超时
诊断:
  received=false
  timedOut=true
  checksumError=false
  deviceBusy=false
发送时间: 2026-06-02 16:05:33
响应时间: -
重试次数: 5

[2026-06-02 16:05:34] [WARN] [scheduler][NetworkStatusTask][QRCode][Device][指令完成]：设备ID=12077 
指令: WriteQRCode
请求帧: 01 10 00 02 00 02 04 00 00 2F 2D
响应帧: 01 10 00 02 00 02
处理结果: 失败
失败原因: 等待RTU响应超时
诊断:
  received=false
  timedOut=true
  checksumError=false
  deviceBusy=false
发送时间: 2026-06-02 16:05:33
响应时间: -
重试次数: 5

[2026-06-02 16:05:35] [WARN] [scheduler][NetworkStatusTask][QRCode][Device][指令完成]：设备ID=12074 
指令: WriteQRCode
请求帧: 01 10 00 02 00 02 04 00 00 2F 2A
响应帧: 01 10 00 02 00 02
处理结果: 失败
失败原因: 等待RTU响应超时
诊断:
  received=false
  timedOut=true
  checksumError=false
  deviceBusy=false
发送时间: 2026-06-02 16:05:33
响应时间: -
重试次数: 5

[2026-06-02 16:05:35] [WARN] [scheduler][NetworkStatusTask][QRCode][Device][指令完成]：设备ID=12058 
指令: WriteQRCode
请求帧: 01 10 00 02 00 02 04 00 00 2F 1A
响应帧: 01 10 00 02 00 02
处理结果: 失败
失败原因: 等待RTU响应超时
诊断:
  received=false
  timedOut=true
  checksumError=false
  deviceBusy=false
发送时间: 2026-06-02 16:05:33
响应时间: -
重试次数: 5

[2026-06-02 16:05:35] [WARN] [scheduler][NetworkStatusTask][QRCode][Device][指令完成]：设备ID=12068 
指令: WriteQRCode
请求帧: 01 10 00 02 00 02 04 00 00 2F 24
响应帧: 01 10 00 02 00 02
处理结果: 失败
失败原因: 等待RTU响应超时
诊断:
  received=false
  timedOut=true
  checksumError=false
  deviceBusy=false
发送时间: 2026-06-02 16:05:33
响应时间: -
重试次数: 5

[2026-06-02 16:05:35] [WARN] [scheduler][NetworkStatusTask][QRCode][Device][指令完成]：设备ID=12067 
指令: WriteQRCode
请求帧: 01 10 00 02 00 02 04 00 00 2F 23
响应帧: 01 10 00 02 00 02
处理结果: 失败
失败原因: 等待RTU响应超时
诊断:
  received=false
  timedOut=true
  checksumError=false
  deviceBusy=false
发送时间: 2026-06-02 16:05:33
响应时间: -
重试次数: 5

[2026-06-02 16:05:35] [WARN] [scheduler][NetworkStatusTask][QRCode][Device][指令完成]：设备ID=12060 
指令: WriteQRCode
请求帧: 01 10 00 02 00 02 04 00 00 2F 1C
响应帧: 01 10 00 02 00 02
处理结果: 失败
失败原因: 等待RTU响应超时
诊断:
  received=false
  timedOut=true
  checksumError=false
  deviceBusy=false
发送时间: 2026-06-02 16:05:33
响应时间: -
重试次数: 5

[2026-06-02 16:05:35] [WARN] [scheduler][NetworkStatusTask][QRCode][Device][指令完成]：设备ID=12073 
指令: WriteQRCode
请求帧: 01 10 00 02 00 02 04 00 00 2F 29
响应帧: 01 10 00 02 00 02
处理结果: 失败
失败原因: 等待RTU响应超时
诊断:
  received=false
  timedOut=true
  checksumError=false
  deviceBusy=false
发送时间: 2026-06-02 16:05:33
响应时间: -
重试次数: 5

[2026-06-02 16:05:35] [WARN] [scheduler][NetworkStatusTask][QRCode][Device][指令完成]：设备ID=12063 
指令: WriteQRCode
请求帧: 01 10 00 02 00 02 04 00 00 2F 1F
响应帧: 01 10 00 02 00 02
处理结果: 失败
失败原因: 等待RTU响应超时
诊断:
  received=false
  timedOut=true
  checksumError=false
  deviceBusy=false
发送时间: 2026-06-02 16:05:33
响应时间: -
重试次数: 5

[2026-06-02 16:05:35] [WARN] [scheduler][NetworkStatusTask][QRCode][Device][指令完成]：设备ID=12054 
指令: WriteQRCode
请求帧: 01 10 00 02 00 02 04 00 00 2F 16
响应帧: 01 10 00 02 00 02
处理结果: 失败
失败原因: 等待RTU响应超时
诊断:
  received=false
  timedOut=true
  checksumError=false
  deviceBusy=false
发送时间: 2026-06-02 16:05:33
响应时间: -
重试次数: 5

[2026-06-02 16:05:35] [WARN] [scheduler][NetworkStatusTask][QRCode][Device][指令完成]：设备ID=12056 
指令: WriteQRCode
请求帧: 01 10 00 02 00 02 04 00 00 2F 18
响应帧: 01 10 00 02 00 02
处理结果: 失败
失败原因: 等待RTU响应超时
诊断:
  received=false
  timedOut=true
  checksumError=false
  deviceBusy=false
发送时间: 2026-06-02 16:05:33
响应时间: -
重试次数: 5

[2026-06-02 16:05:35] [WARN] [scheduler][NetworkStatusTask][QRCode][Device][指令完成]：设备ID=12070 
指令: WriteQRCode
请求帧: 01 10 00 02 00 02 04 00 00 2F 26
响应帧: 01 10 00 02 00 02
处理结果: 失败
失败原因: 等待RTU响应超时
诊断:
  received=false
  timedOut=true
  checksumError=false
  deviceBusy=false
发送时间: 2026-06-02 16:05:33
响应时间: -
重试次数: 5

[2026-06-02 16:05:35] [WARN] [scheduler][NetworkStatusTask][QRCode][Device][指令完成]：设备ID=12055 
指令: WriteQRCode
请求帧: 01 10 00 02 00 02 04 00 00 2F 17
响应帧: 01 10 00 02 00 02
处理结果: 失败
失败原因: 等待RTU响应超时
诊断:
  received=false
  timedOut=true
  checksumError=false
  deviceBusy=false
发送时间: 2026-06-02 16:05:33
响应时间: -
重试次数: 5

[2026-06-02 16:45:06] [WARN] [scheduler][NetworkStatusTask][QRCode][Device][指令完成]：设备ID=12050 
指令: WriteQRCode
请求帧: 01 10 00 02 00 02 04 00 00 2F 12
响应帧: 01 10 00 02 00 02
处理结果: 失败
失败原因: 等待RTU响应超时
诊断:
  received=false
  timedOut=true
  checksumError=false
  deviceBusy=false
发送时间: 2026-06-02 16:45:05
响应时间: -
重试次数: 5

[2026-06-02 16:45:06] [WARN] [scheduler][NetworkStatusTask][QRCode][Device][指令完成]：设备ID=12052 
指令: WriteQRCode
请求帧: 01 10 00 02 00 02 04 00 00 2F 14
响应帧: 01 10 00 02 00 02
处理结果: 失败
失败原因: 等待RTU响应超时
诊断:
  received=false
  timedOut=true
  checksumError=false
  deviceBusy=false
发送时间: 2026-06-02 16:45:05
响应时间: -
重试次数: 5

[2026-06-02 16:45:06] [WARN] [scheduler][NetworkStatusTask][QRCode][Device][指令完成]：设备ID=12038 
指令: WriteQRCode
请求帧: 01 10 00 02 00 02 04 00 00 2F 06
响应帧: 01 10 00 02 00 02
处理结果: 失败
失败原因: 等待RTU响应超时
诊断:
  received=false
  timedOut=true
  checksumError=false
  deviceBusy=false
发送时间: 2026-06-02 16:45:05
响应时间: -
重试次数: 5

[2026-06-02 16:45:06] [WARN] [scheduler][NetworkStatusTask][QRCode][Device][指令完成]：设备ID=12041 
指令: WriteQRCode
请求帧: 01 10 00 02 00 02 04 00 00 2F 09
响应帧: 01 10 00 02 00 02
处理结果: 失败
失败原因: 等待RTU响应超时
诊断:
  received=false
  timedOut=true
  checksumError=false
  deviceBusy=false
发送时间: 2026-06-02 16:45:05
响应时间: -
重试次数: 5

[2026-06-02 16:45:06] [WARN] [scheduler][NetworkStatusTask][QRCode][Device][指令完成]：设备ID=12048 
指令: WriteQRCode
请求帧: 01 10 00 02 00 02 04 00 00 2F 10
响应帧: 01 10 00 02 00 02
处理结果: 失败
失败原因: 等待RTU响应超时
诊断:
  received=false
  timedOut=true
  checksumError=false
  deviceBusy=false
发送时间: 2026-06-02 16:45:05
响应时间: -
重试次数: 5

[2026-06-02 16:45:06] [WARN] [scheduler][NetworkStatusTask][QRCode][Device][指令完成]：设备ID=12044 
指令: WriteQRCode
请求帧: 01 10 00 02 00 02 04 00 00 2F 0C
响应帧: 01 10 00 02 00 02
处理结果: 失败
失败原因: 等待RTU响应超时
诊断:
  received=false
  timedOut=true
  checksumError=false
  deviceBusy=false
发送时间: 2026-06-02 16:45:05
响应时间: -
重试次数: 5

[2026-06-02 16:45:06] [WARN] [scheduler][NetworkStatusTask][QRCode][Device][指令完成]：设备ID=12034 
指令: WriteQRCode
请求帧: 01 10 00 02 00 02 04 00 00 2F 02
响应帧: 01 10 00 02 00 02
处理结果: 失败
失败原因: 等待RTU响应超时
诊断:
  received=false
  timedOut=true
  checksumError=false
  deviceBusy=false
发送时间: 2026-06-02 16:45:05
响应时间: -
重试次数: 5

[2026-06-02 16:45:06] [WARN] [scheduler][NetworkStatusTask][QRCode][Device][指令完成]：设备ID=12047 
指令: WriteQRCode
请求帧: 01 10 00 02 00 02 04 00 00 2F 0F
响应帧: 01 10 00 02 00 02
处理结果: 失败
失败原因: 等待RTU响应超时
诊断:
  received=false
  timedOut=true
  checksumError=false
  deviceBusy=false
发送时间: 2026-06-02 16:45:05
响应时间: -
重试次数: 5

[2026-06-02 16:45:06] [WARN] [scheduler][NetworkStatusTask][QRCode][Device][指令完成]：设备ID=12039 
指令: WriteQRCode
请求帧: 01 10 00 02 00 02 04 00 00 2F 07
响应帧: 01 10 00 02 00 02
处理结果: 失败
失败原因: 等待RTU响应超时
诊断:
  received=false
  timedOut=true
  checksumError=false
  deviceBusy=false
发送时间: 2026-06-02 16:45:05
响应时间: -
重试次数: 5

[2026-06-02 16:45:06] [WARN] [scheduler][NetworkStatusTask][QRCode][Device][指令完成]：设备ID=12032 
指令: WriteQRCode
请求帧: 01 10 00 02 00 02 04 00 00 2F 00
响应帧: 01 10 00 02 00 02
处理结果: 失败
失败原因: 等待RTU响应超时
诊断:
  received=false
  timedOut=true
  checksumError=false
  deviceBusy=false
发送时间: 2026-06-02 16:45:05
响应时间: -
重试次数: 5

[2026-06-02 16:45:06] [WARN] [scheduler][NetworkStatusTask][QRCode][Device][指令完成]：设备ID=12058 
指令: WriteQRCode
请求帧: 01 10 00 02 00 02 04 00 00 2F 1A
响应帧: 01 10 00 02 00 02
处理结果: 失败
失败原因: 等待RTU响应超时
诊断:
  received=false
  timedOut=true
  checksumError=false
  deviceBusy=false
发送时间: 2026-06-02 16:45:05
响应时间: -
重试次数: 5

[2026-06-02 16:45:06] [WARN] [scheduler][NetworkStatusTask][QRCode][Device][指令完成]：设备ID=12023 
指令: WriteQRCode
请求帧: 01 10 00 02 00 02 04 00 00 2E F7
响应帧: 01 10 00 02 00 02
处理结果: 失败
失败原因: 等待RTU响应超时
诊断:
  received=false
  timedOut=true
  checksumError=false
  deviceBusy=false
发送时间: 2026-06-02 16:45:05
响应时间: -
重试次数: 5

[2026-06-02 16:45:06] [WARN] [scheduler][NetworkStatusTask][QRCode][Device][指令完成]：设备ID=12021 
指令: WriteQRCode
请求帧: 01 10 00 02 00 02 04 00 00 2E F5
响应帧: 01 10 00 02 00 02
处理结果: 失败
失败原因: 等待RTU响应超时
诊断:
  received=false
  timedOut=true
  checksumError=false
  deviceBusy=false
发送时间: 2026-06-02 16:45:05
响应时间: -
重试次数: 5

[2026-06-02 16:45:06] [WARN] [scheduler][NetworkStatusTask][QRCode][Device][指令完成]：设备ID=12020 
指令: WriteQRCode
请求帧: 01 10 00 02 00 02 04 00 00 2E F4
响应帧: 01 10 00 02 00 02
处理结果: 失败
失败原因: 等待RTU响应超时
诊断:
  received=false
  timedOut=true
  checksumError=false
  deviceBusy=false
发送时间: 2026-06-02 16:45:05
响应时间: -
重试次数: 5

[2026-06-02 16:45:06] [WARN] [scheduler][NetworkStatusTask][QRCode][Device][指令完成]：设备ID=12057 
指令: WriteQRCode
请求帧: 01 10 00 02 00 02 04 00 00 2F 19
响应帧: 01 10 00 02 00 02
处理结果: 失败
失败原因: 等待RTU响应超时
诊断:
  received=false
  timedOut=true
  checksumError=false
  deviceBusy=false
发送时间: 2026-06-02 16:45:05
响应时间: -
重试次数: 5

[2026-06-02 16:45:06] [WARN] [scheduler][NetworkStatusTask][QRCode][Device][指令完成]：设备ID=12028 
指令: WriteQRCode
请求帧: 01 10 00 02 00 02 04 00 00 2E FC
响应帧: 01 10 00 02 00 02
处理结果: 失败
失败原因: 等待RTU响应超时
诊断:
  received=false
  timedOut=true
  checksumError=false
  deviceBusy=false
发送时间: 2026-06-02 16:45:05
响应时间: -
重试次数: 5

[2026-06-02 16:45:06] [WARN] [scheduler][NetworkStatusTask][QRCode][Device][指令完成]：设备ID=12051 
指令: WriteQRCode
请求帧: 01 10 00 02 00 02 04 00 00 2F 13
响应帧: 01 10 00 02 00 02
处理结果: 失败
失败原因: 等待RTU响应超时
诊断:
  received=false
  timedOut=true
  checksumError=false
  deviceBusy=false
发送时间: 2026-06-02 16:45:05
响应时间: -
重试次数: 5

[2026-06-02 16:45:06] [WARN] [scheduler][NetworkStatusTask][QRCode][Device][指令完成]：设备ID=12018 
指令: WriteQRCode
请求帧: 01 10 00 02 00 02 04 00 00 2E F2
响应帧: 01 10 00 02 00 02
处理结果: 失败
失败原因: 等待RTU响应超时
诊断:
  received=false
  timedOut=true
  checksumError=false
  deviceBusy=false
发送时间: 2026-06-02 16:45:05
响应时间: -
重试次数: 5

[2026-06-02 16:45:06] [WARN] [scheduler][NetworkStatusTask][QRCode][Device][指令完成]：设备ID=12053 
指令: WriteQRCode
请求帧: 01 10 00 02 00 02 04 00 00 2F 15
响应帧: 01 10 00 02 00 02
处理结果: 失败
失败原因: 等待RTU响应超时
诊断:
  received=false
  timedOut=true
  checksumError=false
  deviceBusy=false
发送时间: 2026-06-02 16:45:05
响应时间: -
重试次数: 5

[2026-06-02 16:45:06] [WARN] [scheduler][NetworkStatusTask][QRCode][Device][指令完成]：设备ID=12005 
指令: WriteQRCode
请求帧: 01 10 00 02 00 02 04 00 00 2E E5
响应帧: 01 10 00 02 00 02
处理结果: 失败
失败原因: 等待RTU响应超时
诊断:
  received=false
  timedOut=true
  checksumError=false
  deviceBusy=false
发送时间: 2026-06-02 16:45:05
响应时间: -
重试次数: 5

[2026-06-02 16:45:06] [WARN] [scheduler][NetworkStatusTask][QRCode][Device][指令完成]：设备ID=12024 
指令: WriteQRCode
请求帧: 01 10 00 02 00 02 04 00 00 2E F8
响应帧: 01 10 00 02 00 02
处理结果: 失败
失败原因: 等待RTU响应超时
诊断:
  received=false
  timedOut=true
  checksumError=false
  deviceBusy=false
发送时间: 2026-06-02 16:45:05
响应时间: -
重试次数: 5

[2026-06-02 16:45:06] [WARN] [scheduler][NetworkStatusTask][QRCode][Device][指令完成]：设备ID=12055 
指令: WriteQRCode
请求帧: 01 10 00 02 00 02 04 00 00 2F 17
响应帧: 01 10 00 02 00 02
处理结果: 失败
失败原因: 等待RTU响应超时
诊断:
  received=false
  timedOut=true
  checksumError=false
  deviceBusy=false
发送时间: 2026-06-02 16:45:05
响应时间: -
重试次数: 5

[2026-06-02 16:45:06] [WARN] [scheduler][NetworkStatusTask][QRCode][Device][指令完成]：设备ID=12030 
指令: WriteQRCode
请求帧: 01 10 00 02 00 02 04 00 00 2E FE
响应帧: 01 10 00 02 00 02
处理结果: 失败
失败原因: 等待RTU响应超时
诊断:
  received=false
  timedOut=true
  checksumError=false
  deviceBusy=false
发送时间: 2026-06-02 16:45:05
响应时间: -
重试次数: 5

[2026-06-02 16:45:06] [WARN] [scheduler][NetworkStatusTask][QRCode][Device][指令完成]：设备ID=12037 
指令: WriteQRCode
请求帧: 01 10 00 02 00 02 04 00 00 2F 05
响应帧: 01 10 00 02 00 02
处理结果: 失败
失败原因: 等待RTU响应超时
诊断:
  received=false
  timedOut=true
  checksumError=false
  deviceBusy=false
发送时间: 2026-06-02 16:45:05
响应时间: -
重试次数: 5

[2026-06-02 16:45:06] [WARN] [scheduler][NetworkStatusTask][QRCode][Device][指令完成]：设备ID=12016 
指令: WriteQRCode
请求帧: 01 10 00 02 00 02 04 00 00 2E F0
响应帧: 01 10 00 02 00 02
处理结果: 失败
失败原因: 等待RTU响应超时
诊断:
  received=false
  timedOut=true
  checksumError=false
  deviceBusy=false
发送时间: 2026-06-02 16:45:05
响应时间: -
重试次数: 5

[2026-06-02 16:45:06] [WARN] [scheduler][NetworkStatusTask][QRCode][Device][指令完成]：设备ID=12019 
指令: WriteQRCode
请求帧: 01 10 00 02 00 02 04 00 00 2E F3
响应帧: 01 10 00 02 00 02
处理结果: 失败
失败原因: 等待RTU响应超时
诊断:
  received=false
  timedOut=true
  checksumError=false
  deviceBusy=false
发送时间: 2026-06-02 16:45:05
响应时间: -
重试次数: 5

[2026-06-02 16:45:06] [WARN] [scheduler][NetworkStatusTask][QRCode][Device][指令完成]：设备ID=12015 
指令: WriteQRCode
请求帧: 01 10 00 02 00 02 04 00 00 2E EF
响应帧: 01 10 00 02 00 02
处理结果: 失败
失败原因: 等待RTU响应超时
诊断:
  received=false
  timedOut=true
  checksumError=false
  deviceBusy=false
发送时间: 2026-06-02 16:45:05
响应时间: -
重试次数: 5

[2026-06-02 16:45:06] [WARN] [scheduler][NetworkStatusTask][QRCode][Device][指令完成]：设备ID=12026 
指令: WriteQRCode
请求帧: 01 10 00 02 00 02 04 00 00 2E FA
响应帧: 01 10 00 02 00 02
处理结果: 失败
失败原因: 等待RTU响应超时
诊断:
  received=false
  timedOut=true
  checksumError=false
  deviceBusy=false
发送时间: 2026-06-02 16:45:05
响应时间: -
重试次数: 5

[2026-06-02 16:45:06] [WARN] [scheduler][NetworkStatusTask][QRCode][Device][指令完成]：设备ID=12022 
指令: WriteQRCode
请求帧: 01 10 00 02 00 02 04 00 00 2E F6
响应帧: 01 10 00 02 00 02
处理结果: 失败
失败原因: 等待RTU响应超时
诊断:
  received=false
  timedOut=true
  checksumError=false
  deviceBusy=false
发送时间: 2026-06-02 16:45:05
响应时间: -
重试次数: 5

[2026-06-02 16:45:06] [WARN] [scheduler][NetworkStatusTask][QRCode][Device][指令完成]：设备ID=12025 
指令: WriteQRCode
请求帧: 01 10 00 02 00 02 04 00 00 2E F9
响应帧: 01 10 00 02 00 02
处理结果: 失败
失败原因: 等待RTU响应超时
诊断:
  received=false
  timedOut=true
  checksumError=false
  deviceBusy=false
发送时间: 2026-06-02 16:45:05
响应时间: -
重试次数: 5

[2026-06-02 16:45:06] [WARN] [scheduler][NetworkStatusTask][QRCode][Device][指令完成]：设备ID=12012 
指令: WriteQRCode
请求帧: 01 10 00 02 00 02 04 00 00 2E EC
响应帧: 01 10 00 02 00 02
处理结果: 失败
失败原因: 等待RTU响应超时
诊断:
  received=false
  timedOut=true
  checksumError=false
  deviceBusy=false
发送时间: 2026-06-02 16:45:05
响应时间: -
重试次数: 5

[2026-06-02 16:45:06] [WARN] [scheduler][NetworkStatusTask][QRCode][Device][指令完成]：设备ID=12017 
指令: WriteQRCode
请求帧: 01 10 00 02 00 02 04 00 00 2E F1
响应帧: 01 10 00 02 00 02
处理结果: 失败
失败原因: 等待RTU响应超时
诊断:
  received=false
  timedOut=true
  checksumError=false
  deviceBusy=false
发送时间: 2026-06-02 16:45:05
响应时间: -
重试次数: 5

[2026-06-02 16:45:06] [WARN] [scheduler][NetworkStatusTask][QRCode][Device][指令完成]：设备ID=12076 
指令: WriteQRCode
请求帧: 01 10 00 02 00 02 04 00 00 2F 2C
响应帧: 01 10 00 02 00 02
处理结果: 失败
失败原因: 等待RTU响应超时
诊断:
  received=false
  timedOut=true
  checksumError=false
  deviceBusy=false
发送时间: 2026-06-02 16:45:05
响应时间: -
重试次数: 5

[2026-06-02 16:45:06] [WARN] [scheduler][NetworkStatusTask][QRCode][Device][指令完成]：设备ID=12080 
指令: WriteQRCode
请求帧: 01 10 00 02 00 02 04 00 00 2F 30
响应帧: 01 10 00 02 00 02
处理结果: 失败
失败原因: 等待RTU响应超时
诊断:
  received=false
  timedOut=true
  checksumError=false
  deviceBusy=false
发送时间: 2026-06-02 16:45:05
响应时间: -
重试次数: 5

[2026-06-02 16:45:06] [WARN] [scheduler][NetworkStatusTask][QRCode][Device][指令完成]：设备ID=12067 
指令: WriteQRCode
请求帧: 01 10 00 02 00 02 04 00 00 2F 23
响应帧: 01 10 00 02 00 02
处理结果: 失败
失败原因: 等待RTU响应超时
诊断:
  received=false
  timedOut=true
  checksumError=false
  deviceBusy=false
发送时间: 2026-06-02 16:45:05
响应时间: -
重试次数: 5

[2026-06-02 16:45:06] [WARN] [scheduler][NetworkStatusTask][QRCode][Device][指令完成]：设备ID=12065 
指令: WriteQRCode
请求帧: 01 10 00 02 00 02 04 00 00 2F 21
响应帧: 01 10 00 02 00 02
处理结果: 失败
失败原因: 等待RTU响应超时
诊断:
  received=false
  timedOut=true
  checksumError=false
  deviceBusy=false
发送时间: 2026-06-02 16:45:05
响应时间: -
重试次数: 5

[2026-06-02 16:45:06] [WARN] [scheduler][NetworkStatusTask][QRCode][Device][指令完成]：设备ID=12064 
指令: WriteQRCode
请求帧: 01 10 00 02 00 02 04 00 00 2F 20
响应帧: 01 10 00 02 00 02
处理结果: 失败
失败原因: 等待RTU响应超时
诊断:
  received=false
  timedOut=true
  checksumError=false
  deviceBusy=false
发送时间: 2026-06-02 16:45:05
响应时间: -
重试次数: 5

[2026-06-02 16:45:06] [WARN] [scheduler][NetworkStatusTask][QRCode][Device][指令完成]：设备ID=12079 
指令: WriteQRCode
请求帧: 01 10 00 02 00 02 04 00 00 2F 2F
响应帧: 01 10 00 02 00 02
处理结果: 失败
失败原因: 等待RTU响应超时
诊断:
  received=false
  timedOut=true
  checksumError=false
  deviceBusy=false
发送时间: 2026-06-02 16:45:05
响应时间: -
重试次数: 5

[2026-06-02 16:45:06] [WARN] [scheduler][NetworkStatusTask][QRCode][Device][指令完成]：设备ID=12072 
指令: WriteQRCode
请求帧: 01 10 00 02 00 02 04 00 00 2F 28
响应帧: 01 10 00 02 00 02
处理结果: 失败
失败原因: 等待RTU响应超时
诊断:
  received=false
  timedOut=true
  checksumError=false
  deviceBusy=false
发送时间: 2026-06-02 16:45:05
响应时间: -
重试次数: 5

[2026-06-02 16:45:06] [WARN] [scheduler][NetworkStatusTask][QRCode][Device][指令完成]：设备ID=12073 
指令: WriteQRCode
请求帧: 01 10 00 02 00 02 04 00 00 2F 29
响应帧: 01 10 00 02 00 02
处理结果: 失败
失败原因: 等待RTU响应超时
诊断:
  received=false
  timedOut=true
  checksumError=false
  deviceBusy=false
发送时间: 2026-06-02 16:45:05
响应时间: -
重试次数: 5

[2026-06-02 16:45:06] [WARN] [scheduler][NetworkStatusTask][QRCode][Device][指令完成]：设备ID=12062 
指令: WriteQRCode
请求帧: 01 10 00 02 00 02 04 00 00 2F 1E
响应帧: 01 10 00 02 00 02
处理结果: 失败
失败原因: 等待RTU响应超时
诊断:
  received=false
  timedOut=true
  checksumError=false
  deviceBusy=false
发送时间: 2026-06-02 16:45:05
响应时间: -
重试次数: 5

[2026-06-02 16:45:06] [WARN] [scheduler][NetworkStatusTask][QRCode][Device][指令完成]：设备ID=12075 
指令: WriteQRCode
请求帧: 01 10 00 02 00 02 04 00 00 2F 2B
响应帧: 01 10 00 02 00 02
处理结果: 失败
失败原因: 等待RTU响应超时
诊断:
  received=false
  timedOut=true
  checksumError=false
  deviceBusy=false
发送时间: 2026-06-02 16:45:05
响应时间: -
重试次数: 5

[2026-06-02 16:45:06] [WARN] [scheduler][NetworkStatusTask][QRCode][Device][指令完成]：设备ID=12068 
指令: WriteQRCode
请求帧: 01 10 00 02 00 02 04 00 00 2F 24
响应帧: 01 10 00 02 00 02
处理结果: 失败
失败原因: 等待RTU响应超时
诊断:
  received=false
  timedOut=true
  checksumError=false
  deviceBusy=false
发送时间: 2026-06-02 16:45:05
响应时间: -
重试次数: 5

[2026-06-02 16:45:06] [WARN] [scheduler][NetworkStatusTask][QRCode][Device][指令完成]：设备ID=12077 
指令: WriteQRCode
请求帧: 01 10 00 02 00 02 04 00 00 2F 2D
响应帧: 01 10 00 02 00 02
处理结果: 失败
失败原因: 等待RTU响应超时
诊断:
  received=false
  timedOut=true
  checksumError=false
  deviceBusy=false
发送时间: 2026-06-02 16:45:05
响应时间: -
重试次数: 5

[2026-06-02 16:45:06] [WARN] [scheduler][NetworkStatusTask][QRCode][Device][指令完成]：设备ID=12074 
指令: WriteQRCode
请求帧: 01 10 00 02 00 02 04 00 00 2F 2A
响应帧: 01 10 00 02 00 02
处理结果: 失败
失败原因: 等待RTU响应超时
诊断:
  received=false
  timedOut=true
  checksumError=false
  deviceBusy=false
发送时间: 2026-06-02 16:45:05
响应时间: -
重试次数: 5

[2026-06-02 16:45:06] [WARN] [scheduler][NetworkStatusTask][QRCode][Device][指令完成]：设备ID=12071 
指令: WriteQRCode
请求帧: 01 10 00 02 00 02 04 00 00 2F 27
响应帧: 01 10 00 02 00 02
处理结果: 失败
失败原因: 等待RTU响应超时
诊断:
  received=false
  timedOut=true
  checksumError=false
  deviceBusy=false
发送时间: 2026-06-02 16:45:05
响应时间: -
重试次数: 5

[2026-06-02 16:45:06] [WARN] [scheduler][NetworkStatusTask][QRCode][Device][指令完成]：设备ID=12060 
指令: WriteQRCode
请求帧: 01 10 00 02 00 02 04 00 00 2F 1C
响应帧: 01 10 00 02 00 02
处理结果: 失败
失败原因: 等待RTU响应超时
诊断:
  received=false
  timedOut=true
  checksumError=false
  deviceBusy=false
发送时间: 2026-06-02 16:45:05
响应时间: -
重试次数: 5

[2026-06-02 16:45:06] [WARN] [scheduler][NetworkStatusTask][QRCode][Device][指令完成]：设备ID=12070 
指令: WriteQRCode
请求帧: 01 10 00 02 00 02 04 00 00 2F 26
响应帧: 01 10 00 02 00 02
处理结果: 失败
失败原因: 等待RTU响应超时
诊断:
  received=false
  timedOut=true
  checksumError=false
  deviceBusy=false
发送时间: 2026-06-02 16:45:05
响应时间: -
重试次数: 5

[2026-06-02 16:45:06] [WARN] [scheduler][NetworkStatusTask][QRCode][Device][指令完成]：设备ID=12069 
指令: WriteQRCode
请求帧: 01 10 00 02 00 02 04 00 00 2F 25
响应帧: 01 10 00 02 00 02
处理结果: 失败
失败原因: 等待RTU响应超时
诊断:
  received=false
  timedOut=true
  checksumError=false
  deviceBusy=false
发送时间: 2026-06-02 16:45:05
响应时间: -
重试次数: 5

[2026-06-02 16:45:06] [WARN] [scheduler][NetworkStatusTask][QRCode][Device][指令完成]：设备ID=12078 
指令: WriteQRCode
请求帧: 01 10 00 02 00 02 04 00 00 2F 2E
响应帧: 01 10 00 02 00 02
处理结果: 失败
失败原因: 等待RTU响应超时
诊断:
  received=false
  timedOut=true
  checksumError=false
  deviceBusy=false
发送时间: 2026-06-02 16:45:05
响应时间: -
重试次数: 5

[2026-06-02 16:45:06] [WARN] [scheduler][NetworkStatusTask][QRCode][Device][指令完成]：设备ID=12059 
指令: WriteQRCode
请求帧: 01 10 00 02 00 02 04 00 00 2F 1B
响应帧: 01 10 00 02 00 02
处理结果: 失败
失败原因: 等待RTU响应超时
诊断:
  received=false
  timedOut=true
  checksumError=false
  deviceBusy=false
发送时间: 2026-06-02 16:45:05
响应时间: -
重试次数: 5

[2026-06-02 16:45:06] [WARN] [scheduler][NetworkStatusTask][QRCode][Device][指令完成]：设备ID=12066 
指令: WriteQRCode
请求帧: 01 10 00 02 00 02 04 00 00 2F 22
响应帧: 01 10 00 02 00 02
处理结果: 失败
失败原因: 等待RTU响应超时
诊断:
  received=false
  timedOut=true
  checksumError=false
  deviceBusy=false
发送时间: 2026-06-02 16:45:05
响应时间: -
重试次数: 5

[2026-06-02 16:45:06] [WARN] [scheduler][NetworkStatusTask][QRCode][Device][指令完成]：设备ID=12061 
指令: WriteQRCode
请求帧: 01 10 00 02 00 02 04 00 00 2F 1D
响应帧: 01 10 00 02 00 02
处理结果: 失败
失败原因: 等待RTU响应超时
诊断:
  received=false
  timedOut=true
  checksumError=false
  deviceBusy=false
发送时间: 2026-06-02 16:45:05
响应时间: -
重试次数: 5

[2026-06-02 16:45:06] [WARN] [scheduler][NetworkStatusTask][QRCode][Device][指令完成]：设备ID=12063 
指令: WriteQRCode
请求帧: 01 10 00 02 00 02 04 00 00 2F 1F
响应帧: 01 10 00 02 00 02
处理结果: 失败
失败原因: 等待RTU响应超时
诊断:
  received=false
  timedOut=true
  checksumError=false
  deviceBusy=false
发送时间: 2026-06-02 16:45:05
响应时间: -
重试次数: 5

[2026-06-02 16:45:06] [WARN] [scheduler][NetworkStatusTask][QRCode][Device][指令完成]：设备ID=12027 
指令: WriteQRCode
请求帧: 01 10 00 02 00 02 04 00 00 2E FB
响应帧: 01 10 00 02 00 02
处理结果: 失败
失败原因: 等待RTU响应超时
诊断:
  received=false
  timedOut=true
  checksumError=false
  deviceBusy=false
发送时间: 2026-06-02 16:45:05
响应时间: -
重试次数: 5

[2026-06-02 16:45:06] [WARN] [scheduler][NetworkStatusTask][QRCode][Device][指令完成]：设备ID=12049 
指令: WriteQRCode
请求帧: 01 10 00 02 00 02 04 00 00 2F 11
响应帧: 01 10 00 02 00 02
处理结果: 失败
失败原因: 等待RTU响应超时
诊断:
  received=false
  timedOut=true
  checksumError=false
  deviceBusy=false
发送时间: 2026-06-02 16:45:05
响应时间: -
重试次数: 5

[2026-06-02 16:45:06] [WARN] [scheduler][NetworkStatusTask][QRCode][Device][指令完成]：设备ID=12046 
指令: WriteQRCode
请求帧: 01 10 00 02 00 02 04 00 00 2F 0E
响应帧: 01 10 00 02 00 02
处理结果: 失败
失败原因: 等待RTU响应超时
诊断:
  received=false
  timedOut=true
  checksumError=false
  deviceBusy=false
发送时间: 2026-06-02 16:45:05
响应时间: -
重试次数: 5

[2026-06-02 16:45:06] [WARN] [scheduler][NetworkStatusTask][QRCode][Device][指令完成]：设备ID=12054 
指令: WriteQRCode
请求帧: 01 10 00 02 00 02 04 00 00 2F 16
响应帧: 01 10 00 02 00 02
处理结果: 失败
失败原因: 等待RTU响应超时
诊断:
  received=false
  timedOut=true
  checksumError=false
  deviceBusy=false
发送时间: 2026-06-02 16:45:05
响应时间: -
重试次数: 5

[2026-06-02 16:45:06] [WARN] [scheduler][NetworkStatusTask][QRCode][Device][指令完成]：设备ID=12045 
指令: WriteQRCode
请求帧: 01 10 00 02 00 02 04 00 00 2F 0D
响应帧: 01 10 00 02 00 02
处理结果: 失败
失败原因: 等待RTU响应超时
诊断:
  received=false
  timedOut=true
  checksumError=false
  deviceBusy=false
发送时间: 2026-06-02 16:45:05
响应时间: -
重试次数: 5

[2026-06-02 16:45:06] [WARN] [scheduler][NetworkStatusTask][QRCode][Device][指令完成]：设备ID=12031 
指令: WriteQRCode
请求帧: 01 10 00 02 00 02 04 00 00 2E FF
响应帧: 01 10 00 02 00 02
处理结果: 失败
失败原因: 等待RTU响应超时
诊断:
  received=false
  timedOut=true
  checksumError=false
  deviceBusy=false
发送时间: 2026-06-02 16:45:05
响应时间: -
重试次数: 5

[2026-06-02 16:45:06] [WARN] [scheduler][NetworkStatusTask][QRCode][Device][指令完成]：设备ID=12033 
指令: WriteQRCode
请求帧: 01 10 00 02 00 02 04 00 00 2F 01
响应帧: 01 10 00 02 00 02
处理结果: 失败
失败原因: 等待RTU响应超时
诊断:
  received=false
  timedOut=true
  checksumError=false
  deviceBusy=false
发送时间: 2026-06-02 16:45:05
响应时间: -
重试次数: 5

[2026-06-02 16:45:06] [WARN] [scheduler][NetworkStatusTask][QRCode][Device][指令完成]：设备ID=12029 
指令: WriteQRCode
请求帧: 01 10 00 02 00 02 04 00 00 2E FD
响应帧: 01 10 00 02 00 02
处理结果: 失败
失败原因: 等待RTU响应超时
诊断:
  received=false
  timedOut=true
  checksumError=false
  deviceBusy=false
发送时间: 2026-06-02 16:45:05
响应时间: -
重试次数: 5

[2026-06-02 16:45:06] [WARN] [scheduler][NetworkStatusTask][QRCode][Device][指令完成]：设备ID=12056 
指令: WriteQRCode
请求帧: 01 10 00 02 00 02 04 00 00 2F 18
响应帧: 01 10 00 02 00 02
处理结果: 失败
失败原因: 等待RTU响应超时
诊断:
  received=false
  timedOut=true
  checksumError=false
  deviceBusy=false
发送时间: 2026-06-02 16:45:05
响应时间: -
重试次数: 5

[2026-06-02 16:45:06] [WARN] [scheduler][NetworkStatusTask][QRCode][Device][指令完成]：设备ID=12035 
指令: WriteQRCode
请求帧: 01 10 00 02 00 02 04 00 00 2F 03
响应帧: 01 10 00 02 00 02
处理结果: 失败
失败原因: 等待RTU响应超时
诊断:
  received=false
  timedOut=true
  checksumError=false
  deviceBusy=false
发送时间: 2026-06-02 16:45:05
响应时间: -
重试次数: 5

[2026-06-02 16:45:06] [WARN] [scheduler][NetworkStatusTask][QRCode][Device][指令完成]：设备ID=12008 
指令: WriteQRCode
请求帧: 01 10 00 02 00 02 04 00 00 2E E8
响应帧: 01 10 00 02 00 02
处理结果: 失败
失败原因: 等待RTU响应超时
诊断:
  received=false
  timedOut=true
  checksumError=false
  deviceBusy=false
发送时间: 2026-06-02 16:45:05
响应时间: -
重试次数: 5

[2026-06-02 16:45:06] [WARN] [scheduler][NetworkStatusTask][QRCode][Device][指令完成]：设备ID=12006 
指令: WriteQRCode
请求帧: 01 10 00 02 00 02 04 00 00 2E E6
响应帧: 01 10 00 02 00 02
处理结果: 失败
失败原因: 等待RTU响应超时
诊断:
  received=false
  timedOut=true
  checksumError=false
  deviceBusy=false
发送时间: 2026-06-02 16:45:05
响应时间: -
重试次数: 5

[2026-06-02 16:45:06] [WARN] [scheduler][NetworkStatusTask][QRCode][Device][指令完成]：设备ID=12042 
指令: WriteQRCode
请求帧: 01 10 00 02 00 02 04 00 00 2F 0A
响应帧: 01 10 00 02 00 02
处理结果: 失败
失败原因: 等待RTU响应超时
诊断:
  received=false
  timedOut=true
  checksumError=false
  deviceBusy=false
发送时间: 2026-06-02 16:45:05
响应时间: -
重试次数: 5

[2026-06-02 16:45:06] [WARN] [scheduler][NetworkStatusTask][QRCode][Device][指令完成]：设备ID=12004 
指令: WriteQRCode
请求帧: 01 10 00 02 00 02 04 00 00 2E E4
响应帧: 01 10 00 02 00 02
处理结果: 失败
失败原因: 等待RTU响应超时
诊断:
  received=false
  timedOut=true
  checksumError=false
  deviceBusy=false
发送时间: 2026-06-02 16:45:05
响应时间: -
重试次数: 5

[2026-06-02 16:45:06] [WARN] [scheduler][NetworkStatusTask][QRCode][Device][指令完成]：设备ID=12003 
指令: WriteQRCode
请求帧: 01 10 00 02 00 02 04 00 00 2E E3
响应帧: 01 10 00 02 00 02
处理结果: 失败
失败原因: 等待RTU响应超时
诊断:
  received=false
  timedOut=true
  checksumError=false
  deviceBusy=false
发送时间: 2026-06-02 16:45:05
响应时间: -
重试次数: 5

[2026-06-02 16:45:06] [WARN] [scheduler][NetworkStatusTask][QRCode][Device][指令完成]：设备ID=12043 
指令: WriteQRCode
请求帧: 01 10 00 02 00 02 04 00 00 2F 0B
响应帧: 01 10 00 02 00 02
处理结果: 失败
失败原因: 等待RTU响应超时
诊断:
  received=false
  timedOut=true
  checksumError=false
  deviceBusy=false
发送时间: 2026-06-02 16:45:05
响应时间: -
重试次数: 5

[2026-06-02 16:45:06] [WARN] [scheduler][NetworkStatusTask][QRCode][Device][指令完成]：设备ID=12040 
指令: WriteQRCode
请求帧: 01 10 00 02 00 02 04 00 00 2F 08
响应帧: 01 10 00 02 00 02
处理结果: 失败
失败原因: 等待RTU响应超时
诊断:
  received=false
  timedOut=true
  checksumError=false
  deviceBusy=false
发送时间: 2026-06-02 16:45:05
响应时间: -
重试次数: 5

[2026-06-02 16:45:06] [WARN] [scheduler][NetworkStatusTask][QRCode][Device][指令完成]：设备ID=12036 
指令: WriteQRCode
请求帧: 01 10 00 02 00 02 04 00 00 2F 04
响应帧: 01 10 00 02 00 02
处理结果: 失败
失败原因: 等待RTU响应超时
诊断:
  received=false
  timedOut=true
  checksumError=false
  deviceBusy=false
发送时间: 2026-06-02 16:45:05
响应时间: -
重试次数: 5

[2026-06-02 16:45:06] [WARN] [scheduler][NetworkStatusTask][QRCode][Device][指令完成]：设备ID=12002 
指令: WriteQRCode
请求帧: 01 10 00 02 00 02 04 00 00 2E E2
响应帧: 01 10 00 02 00 02
处理结果: 失败
失败原因: 等待RTU响应超时
诊断:
  received=false
  timedOut=true
  checksumError=false
  deviceBusy=false
发送时间: 2026-06-02 16:45:05
响应时间: -
重试次数: 5

[2026-06-02 16:45:06] [WARN] [scheduler][NetworkStatusTask][QRCode][Device][指令完成]：设备ID=12014 
指令: WriteQRCode
请求帧: 01 10 00 02 00 02 04 00 00 2E EE
响应帧: 01 10 00 02 00 02
处理结果: 失败
失败原因: 等待RTU响应超时
诊断:
  received=false
  timedOut=true
  checksumError=false
  deviceBusy=false
发送时间: 2026-06-02 16:45:05
响应时间: -
重试次数: 5

[2026-06-02 16:45:06] [WARN] [scheduler][NetworkStatusTask][QRCode][Device][指令完成]：设备ID=12001 
指令: WriteQRCode
请求帧: 01 10 00 02 00 02 04 00 00 2E E1
响应帧: 01 10 00 02 00 02
处理结果: 失败
失败原因: 等待RTU响应超时
诊断:
  received=false
  timedOut=true
  checksumError=false
  deviceBusy=false
发送时间: 2026-06-02 16:45:05
响应时间: -
重试次数: 5

[2026-06-02 16:45:06] [WARN] [scheduler][NetworkStatusTask][QRCode][Device][指令完成]：设备ID=12009 
指令: WriteQRCode
请求帧: 01 10 00 02 00 02 04 00 00 2E E9
响应帧: 01 10 00 02 00 02
处理结果: 失败
失败原因: 等待RTU响应超时
诊断:
  received=false
  timedOut=true
  checksumError=false
  deviceBusy=false
发送时间: 2026-06-02 16:45:05
响应时间: -
重试次数: 5

[2026-06-02 16:45:06] [WARN] [scheduler][NetworkStatusTask][QRCode][Device][指令完成]：设备ID=12007 
指令: WriteQRCode
请求帧: 01 10 00 02 00 02 04 00 00 2E E7
响应帧: 01 10 00 02 00 02
处理结果: 失败
失败原因: 等待RTU响应超时
诊断:
  received=false
  timedOut=true
  checksumError=false
  deviceBusy=false
发送时间: 2026-06-02 16:45:05
响应时间: -
重试次数: 5

[2026-06-02 16:45:06] [WARN] [scheduler][NetworkStatusTask][QRCode][Device][指令完成]：设备ID=12013 
指令: WriteQRCode
请求帧: 01 10 00 02 00 02 04 00 00 2E ED
响应帧: 01 10 00 02 00 02
处理结果: 失败
失败原因: 等待RTU响应超时
诊断:
  received=false
  timedOut=true
  checksumError=false
  deviceBusy=false
发送时间: 2026-06-02 16:45:05
响应时间: -
重试次数: 5

[2026-06-02 16:45:06] [WARN] [scheduler][NetworkStatusTask][QRCode][Device][指令完成]：设备ID=12011 
指令: WriteQRCode
请求帧: 01 10 00 02 00 02 04 00 00 2E EB
响应帧: 01 10 00 02 00 02
处理结果: 失败
失败原因: 等待RTU响应超时
诊断:
  received=false
  timedOut=true
  checksumError=false
  deviceBusy=false
发送时间: 2026-06-02 16:45:05
响应时间: -
重试次数: 5

[2026-06-02 16:45:06] [WARN] [scheduler][NetworkStatusTask][QRCode][Device][指令完成]：设备ID=12010 
指令: WriteQRCode
请求帧: 01 10 00 02 00 02 04 00 00 2E EA
响应帧: 01 10 00 02 00 02
处理结果: 失败
失败原因: 等待RTU响应超时
诊断:
  received=false
  timedOut=true
  checksumError=false
  deviceBusy=false
发送时间: 2026-06-02 16:45:05
响应时间: -
重试次数: 5

