[2026-06-02 14:43:15] [INFO] [ui][SetLevelGraphBuilder][setStartNodePosition] 设置起始节点坐标: (20, 120)
[2026-06-02 14:43:15] [INFO] [ui][FoupLevelGraphBuilder][setStartNodePosition]设置起始节点坐标: (20, 120)
[2026-06-02 14:43:15] [INFO] ====================天车轨道布局图配置文件解析 开始====================
[2026-06-02 14:43:15] [INFO] [ui][GraphConfig][parse]解析阶段(1): 解析GraphConfig标签开始
[2026-06-02 14:43:15] [INFO] [ui][GraphConfig][parseGraphSettings]图类型: 无向图
[2026-06-02 14:43:15] [INFO] [ui][GraphConfig][parseGraphSettings]设备控件尺寸: 120, 间距: 20
[2026-06-02 14:43:15] [INFO] [ui][GraphConfig][parse]解析阶段(1): 解析GraphConfig标签完成
[2026-06-02 14:43:15] [INFO] [ui][GraphConfig][parseEdges]解析阶段(2): 解析Edges标签
[2026-06-02 14:43:15] [INFO] [ui][GraphConfig][parseEdges]找到49条边数据
[2026-06-02 14:43:15] [INFO] [ui][GraphConfig][processNode]SET节点文档顺序#0: 设置 setOfOHBInfoList[0].uiId = 6
[2026-06-02 14:43:15] [INFO] [ui][GraphConfig][parseEdges]解析阶段(3):收集TRACK节点: ID=1
[2026-06-02 14:43:15] [INFO] [ui][GraphConfig][parseEdges]解析阶段(4):成功解析边: 1 -> 6，类型: STRAIGHT_LINE，大小: 840
[2026-06-02 14:43:15] [INFO] [ui][GraphConfig][processNode]SET节点文档顺序#1: 设置 setOfOHBInfoList[1].uiId = 7
[2026-06-02 14:43:15] [INFO] [ui][GraphConfig][parseEdges]解析阶段(3):收集SET节点: ID=7, QRCode=11006, Count=4, Position=ABOVE
[2026-06-02 14:43:15] [INFO] [ui][GraphConfig][parseEdges]解析阶段(4):成功解析边: 6 -> 7，类型: STRAIGHT_LINE，大小: 140
[2026-06-02 14:43:15] [INFO] [ui][GraphConfig][processNode]SET节点文档顺序#2: 设置 setOfOHBInfoList[2].uiId = 8
[2026-06-02 14:43:15] [INFO] [ui][GraphConfig][parseEdges]解析阶段(3):收集SET节点: ID=8, QRCode=11007, Count=4, Position=ABOVE
[2026-06-02 14:43:15] [INFO] [ui][GraphConfig][parseEdges]解析阶段(4):成功解析边: 7 -> 8，类型: STRAIGHT_LINE，大小: 420
[2026-06-02 14:43:15] [INFO] [ui][GraphConfig][processNode]SET节点文档顺序#3: 设置 setOfOHBInfoList[3].uiId = 9
[2026-06-02 14:43:15] [INFO] [ui][GraphConfig][parseEdges]解析阶段(3):收集SET节点: ID=9, QRCode=11008, Count=4, Position=ABOVE
[2026-06-02 14:43:15] [INFO] [ui][GraphConfig][parseEdges]解析阶段(4):成功解析边: 8 -> 9，类型: STRAIGHT_LINE，大小: 140
[2026-06-02 14:43:15] [INFO] [ui][GraphConfig][processNode]SET节点文档顺序#4: 设置 setOfOHBInfoList[4].uiId = 10
[2026-06-02 14:43:15] [INFO] [ui][GraphConfig][parseEdges]解析阶段(3):收集SET节点: ID=10, QRCode=11009, Count=4, Position=ABOVE
[2026-06-02 14:43:15] [INFO] [ui][GraphConfig][parseEdges]解析阶段(4):成功解析边: 9 -> 10，类型: STRAIGHT_LINE，大小: 140
[2026-06-02 14:43:15] [INFO] [ui][GraphConfig][processNode]SET节点文档顺序#5: 设置 setOfOHBInfoList[5].uiId = 11
[2026-06-02 14:43:15] [INFO] [ui][GraphConfig][parseEdges]解析阶段(3):收集SET节点: ID=6, QRCode=11005, Count=4, Position=ABOVE
[2026-06-02 14:43:15] [INFO] [ui][GraphConfig][parseEdges]解析阶段(3):收集SET节点: ID=11, QRCode=11010, Count=4, Position=ABOVE
[2026-06-02 14:43:15] [INFO] [ui][GraphConfig][parseEdges]解析阶段(4):成功解析边: 10 -> 11，类型: STRAIGHT_LINE，大小: 140
[2026-06-02 14:43:15] [INFO] [ui][GraphConfig][processNode]SET节点文档顺序#6: 设置 setOfOHBInfoList[6].uiId = 12
[2026-06-02 14:43:15] [INFO] [ui][GraphConfig][parseEdges]解析阶段(3):收集SET节点: ID=12, QRCode=11011, Count=4, Position=ABOVE
[2026-06-02 14:43:15] [INFO] [ui][GraphConfig][parseEdges]解析阶段(4):成功解析边: 11 -> 12，类型: STRAIGHT_LINE，大小: 140
[2026-06-02 14:43:15] [INFO] [ui][GraphConfig][processNode]SET节点文档顺序#7: 设置 setOfOHBInfoList[7].uiId = 13
[2026-06-02 14:43:15] [INFO] [ui][GraphConfig][parseEdges]解析阶段(3):收集SET节点: ID=13, QRCode=11012, Count=4, Position=ABOVE
[2026-06-02 14:43:15] [INFO] [ui][GraphConfig][parseEdges]解析阶段(4):成功解析边: 12 -> 13，类型: STRAIGHT_LINE，大小: 140
[2026-06-02 14:43:15] [INFO] [ui][GraphConfig][parseEdges]解析阶段(4):成功解析边: 13 -> 14，类型: STRAIGHT_LINE，大小: 70，FoupLevel偏移: 416，SetLevel偏移: 118
[2026-06-02 14:43:15] [INFO] [ui][GraphConfig][parseEdges]解析阶段(3):收集TRACK节点: ID=14
[2026-06-02 14:43:15] [INFO] [ui][GraphConfig][parseEdges]解析阶段(3):收集TRACK节点: ID=15
[2026-06-02 14:43:15] [INFO] [ui][GraphConfig][parseEdges]解析阶段(4):成功解析边: 1 -> 15，类型: VERTICAL_VIRTUAL_LINE，大小: 6
[2026-06-02 14:43:15] [INFO] [ui][GraphConfig][parseEdges]解析阶段(3):收集TRACK节点: ID=16
[2026-06-02 14:43:15] [INFO] [ui][GraphConfig][parseEdges]解析阶段(4):成功解析边: 15 -> 16，类型: STRAIGHT_LINE，大小: 560
[2026-06-02 14:43:15] [INFO] [ui][GraphConfig][parseEdges]解析阶段(3):收集TRACK节点: ID=17
[2026-06-02 14:43:15] [INFO] [ui][GraphConfig][parseEdges]解析阶段(4):成功解析边: 16 -> 17，类型: HORIZONTAL_VIRTUAL_LINE，大小: 6
[2026-06-02 14:43:15] [INFO] [ui][GraphConfig][parseEdges]解析阶段(3):收集TRACK节点: ID=18
[2026-06-02 14:43:15] [INFO] [ui][GraphConfig][parseEdges]解析阶段(4):成功解析边: 17 -> 18，类型: STRAIGHT_LINE，大小: 1722，FoupLevel偏移: 194，SetLevel偏移: 0
[2026-06-02 14:43:15] [INFO] [ui][GraphConfig][parseEdges]解析阶段(3):收集TRACK节点: ID=19
[2026-06-02 14:43:15] [INFO] [ui][GraphConfig][parseEdges]解析阶段(4):成功解析边: 15 -> 19，类型: VERTICAL_VIRTUAL_LINE，大小: 140
[2026-06-02 14:43:15] [INFO] [ui][GraphConfig][parseEdges]解析阶段(3):收集TRACK节点: ID=20
[2026-06-02 14:43:15] [INFO] [ui][GraphConfig][parseEdges]解析阶段(4):成功解析边: 19 -> 20，类型: STRAIGHT_LINE，大小: 700
[2026-06-02 14:43:15] [INFO] [ui][GraphConfig][parseEdges]解析阶段(3):收集TRACK节点: ID=21
[2026-06-02 14:43:15] [INFO] [ui][GraphConfig][parseEdges]解析阶段(4):成功解析边: 20 -> 21，类型: HORIZONTAL_VIRTUAL_LINE，大小: 6
[2026-06-02 14:43:15] [INFO] [ui][GraphConfig][parseEdges]解析阶段(3):收集TRACK节点: ID=22
[2026-06-02 14:43:15] [INFO] [ui][GraphConfig][parseEdges]解析阶段(4):成功解析边: 21 -> 22，类型: STRAIGHT_LINE，大小: 1582，FoupLevel偏移: 190，SetLevel偏移: 10
[2026-06-02 14:43:15] [INFO] [ui][GraphConfig][parseEdges]解析阶段(4):成功解析边: 16 -> 20，类型: REVERSE_S_CURVE，大小: 140
[2026-06-02 14:43:15] [INFO] [ui][GraphConfig][parseEdges]解析阶段(4):成功解析边: 17 -> 21，类型: REVERSE_S_CURVE，大小: 140
[2026-06-02 14:43:15] [INFO] [ui][GraphConfig][parseEdges]解析阶段(3):收集TRACK节点: ID=23
[2026-06-02 14:43:15] [INFO] [ui][GraphConfig][parseEdges]解析阶段(4):成功解析边: 19 -> 23，类型: VERTICAL_VIRTUAL_LINE，大小: 6
[2026-06-02 14:43:15] [INFO] [ui][GraphConfig][parseEdges]解析阶段(3):收集TRACK节点: ID=24
[2026-06-02 14:43:15] [INFO] [ui][GraphConfig][parseEdges]解析阶段(4):成功解析边: 23 -> 24，类型: STRAIGHT_LINE，大小: 1190
[2026-06-02 14:43:15] [INFO] [ui][GraphConfig][parseEdges]解析阶段(3):收集TRACK节点: ID=25
[2026-06-02 14:43:15] [INFO] [ui][GraphConfig][parseEdges]解析阶段(4):成功解析边: 24 -> 25，类型: HORIZONTAL_VIRTUAL_LINE，大小: 6
[2026-06-02 14:43:15] [INFO] [ui][GraphConfig][parseEdges]解析阶段(3):收集TRACK节点: ID=26
[2026-06-02 14:43:15] [INFO] [ui][GraphConfig][parseEdges]解析阶段(4):成功解析边: 25 -> 26，类型: STRAIGHT_LINE，大小: 140
[2026-06-02 14:43:15] [INFO] [ui][GraphConfig][parseEdges]解析阶段(3):收集TRACK节点: ID=27
[2026-06-02 14:43:15] [INFO] [ui][GraphConfig][parseEdges]解析阶段(4):成功解析边: 26 -> 27，类型: HORIZONTAL_VIRTUAL_LINE，大小: 6
[2026-06-02 14:43:15] [INFO] [ui][GraphConfig][parseEdges]解析阶段(3):收集TRACK节点: ID=28
[2026-06-02 14:43:15] [INFO] [ui][GraphConfig][parseEdges]解析阶段(4):成功解析边: 27 -> 28，类型: STRAIGHT_LINE，大小: 980，FoupLevel偏移: 86，SetLevel偏移: -24
[2026-06-02 14:43:15] [INFO] [ui][GraphConfig][parseEdges]解析阶段(3):收集TRACK节点: ID=29
[2026-06-02 14:43:15] [INFO] [ui][GraphConfig][parseEdges]解析阶段(4):成功解析边: 23 -> 29，类型: VERTICAL_VIRTUAL_LINE，大小: 210
[2026-06-02 14:43:15] [INFO] [ui][GraphConfig][parseEdges]解析阶段(3):收集TRACK节点: ID=30
[2026-06-02 14:43:15] [INFO] [ui][GraphConfig][parseEdges]解析阶段(4):成功解析边: 29 -> 30，类型: STRAIGHT_LINE，大小: 1190
[2026-06-02 14:43:15] [INFO] [ui][GraphConfig][parseEdges]解析阶段(3):收集TRACK节点: ID=31
[2026-06-02 14:43:15] [INFO] [ui][GraphConfig][parseEdges]解析阶段(4):成功解析边: 30 -> 31，类型: HORIZONTAL_VIRTUAL_LINE，大小: 6
[2026-06-02 14:43:15] [INFO] [ui][GraphConfig][parseEdges]解析阶段(3):收集TRACK节点: ID=32
[2026-06-02 14:43:15] [INFO] [ui][GraphConfig][parseEdges]解析阶段(4):成功解析边: 31 -> 32，类型: STRAIGHT_LINE，大小: 140
[2026-06-02 14:43:15] [INFO] [ui][GraphConfig][parseEdges]解析阶段(3):收集TRACK节点: ID=33
[2026-06-02 14:43:15] [INFO] [ui][GraphConfig][parseEdges]解析阶段(4):成功解析边: 32 -> 33，类型: HORIZONTAL_VIRTUAL_LINE，大小: 6
[2026-06-02 14:43:15] [INFO] [ui][GraphConfig][parseEdges]解析阶段(3):收集TRACK节点: ID=34
[2026-06-02 14:43:15] [INFO] [ui][GraphConfig][parseEdges]解析阶段(4):成功解析边: 33 -> 34，类型: STRAIGHT_LINE，大小: 770，FoupLevel偏移: 828，SetLevel偏移: 190
[2026-06-02 14:43:15] [INFO] [ui][GraphConfig][parseEdges]解析阶段(4):成功解析边: 24 -> 30，类型: RIGHT_SEMICIRCLE_ARC，大小: 210
[2026-06-02 14:43:15] [INFO] [ui][GraphConfig][parseEdges]解析阶段(4):成功解析边: 25 -> 31，类型: RIGHT_SEMICIRCLE_ARC，大小: 210
[2026-06-02 14:43:15] [INFO] [ui][GraphConfig][parseEdges]解析阶段(4):成功解析边: 26 -> 32，类型: LEFT_SEMICIRCLE_ARC，大小: 210
[2026-06-02 14:43:15] [INFO] [ui][GraphConfig][parseEdges]解析阶段(4):成功解析边: 27 -> 33，类型: LEFT_SEMICIRCLE_ARC，大小: 210
[2026-06-02 14:43:15] [INFO] [ui][GraphConfig][parseEdges]解析阶段(3):收集TRACK节点: ID=35
[2026-06-02 14:43:15] [INFO] [ui][GraphConfig][parseEdges]解析阶段(4):成功解析边: 29 -> 35，类型: VERTICAL_VIRTUAL_LINE，大小: 6
[2026-06-02 14:43:15] [INFO] [ui][GraphConfig][processNode]SET节点文档顺序#8: 设置 setOfOHBInfoList[8].uiId = 36
[2026-06-02 14:43:15] [INFO] [ui][GraphConfig][parseEdges]解析阶段(3):收集SET节点: ID=36, QRCode=11036, Count=4, Position=BELOW
[2026-06-02 14:43:15] [INFO] [ui][GraphConfig][parseEdges]解析阶段(4):成功解析边: 35 -> 36，类型: STRAIGHT_LINE，大小: 70
[2026-06-02 14:43:15] [INFO] [ui][GraphConfig][processNode]SET节点文档顺序#9: 设置 setOfOHBInfoList[9].uiId = 37
[2026-06-02 14:43:15] [INFO] [ui][GraphConfig][parseEdges]解析阶段(3):收集SET节点: ID=37, QRCode=11037, Count=4, Position=BELOW
[2026-06-02 14:43:15] [INFO] [ui][GraphConfig][parseEdges]解析阶段(4):成功解析边: 36 -> 37，类型: STRAIGHT_LINE，大小: 140
[2026-06-02 14:43:15] [INFO] [ui][GraphConfig][processNode]SET节点文档顺序#10: 设置 setOfOHBInfoList[10].uiId = 38
[2026-06-02 14:43:15] [INFO] [ui][GraphConfig][parseEdges]解析阶段(3):收集SET节点: ID=38, QRCode=11038, Count=4, Position=BELOW
[2026-06-02 14:43:15] [INFO] [ui][GraphConfig][parseEdges]解析阶段(4):成功解析边: 37 -> 38，类型: STRAIGHT_LINE，大小: 140
[2026-06-02 14:43:15] [INFO] [ui][GraphConfig][processNode]SET节点文档顺序#11: 设置 setOfOHBInfoList[11].uiId = 39
[2026-06-02 14:43:15] [INFO] [ui][GraphConfig][parseEdges]解析阶段(3):收集SET节点: ID=39, QRCode=11039, Count=4, Position=BELOW
[2026-06-02 14:43:15] [INFO] [ui][GraphConfig][parseEdges]解析阶段(4):成功解析边: 38 -> 39，类型: STRAIGHT_LINE，大小: 140
[2026-06-02 14:43:15] [INFO] [ui][GraphConfig][processNode]SET节点文档顺序#12: 设置 setOfOHBInfoList[12].uiId = 40
[2026-06-02 14:43:15] [INFO] [ui][GraphConfig][parseEdges]解析阶段(3):收集SET节点: ID=40, QRCode=11040, Count=4, Position=BELOW
[2026-06-02 14:43:15] [INFO] [ui][GraphConfig][parseEdges]解析阶段(3):收集SET节点: ID=41, QRCode=11041, Count=4, Position=BELOW
[2026-06-02 14:43:15] [INFO] [ui][GraphConfig][parseEdges]解析阶段(4):成功解析边: 40 -> 41，类型: STRAIGHT_LINE，大小: 140
[2026-06-02 14:43:15] [INFO] [ui][GraphConfig][processNode]SET节点文档顺序#14: 设置 setOfOHBInfoList[14].uiId = 42
[2026-06-02 14:43:15] [INFO] [ui][GraphConfig][parseEdges]解析阶段(3):收集SET节点: ID=42, QRCode=11042, Count=4, Position=BELOW
[2026-06-02 14:43:15] [INFO] [ui][GraphConfig][parseEdges]解析阶段(4):成功解析边: 41 -> 42，类型: STRAIGHT_LINE，大小: 140
[2026-06-02 14:43:15] [INFO] [ui][GraphConfig][processNode]SET节点文档顺序#15: 设置 setOfOHBInfoList[15].uiId = 43
[2026-06-02 14:43:15] [INFO] [ui][GraphConfig][parseEdges]解析阶段(3):收集SET节点: ID=43, QRCode=11043, Count=4, Position=BELOW
[2026-06-02 14:43:15] [INFO] [ui][GraphConfig][parseEdges]解析阶段(4):成功解析边: 42 -> 43，类型: STRAIGHT_LINE，大小: 140
[2026-06-02 14:43:15] [INFO] [ui][GraphConfig][processNode]SET节点文档顺序#16: 设置 setOfOHBInfoList[16].uiId = 2
[2026-06-02 14:43:15] [INFO] [ui][GraphConfig][parseEdges]解析阶段(3):收集SET节点: ID=2, QRCode=11001, Count=4, Position=BELOW
[2026-06-02 14:43:15] [INFO] [ui][GraphConfig][parseEdges]解析阶段(4):成功解析边: 43 -> 2，类型: STRAIGHT_LINE，大小: 322，FoupLevel偏移: 0，SetLevel偏移: 22
[2026-06-02 14:43:15] [INFO] [ui][GraphConfig][processNode]SET节点文档顺序#17: 设置 setOfOHBInfoList[17].uiId = 3
[2026-06-02 14:43:15] [INFO] [ui][GraphConfig][parseEdges]解析阶段(3):收集SET节点: ID=3, QRCode=11002, Count=4, Position=BELOW
[2026-06-02 14:43:15] [INFO] [ui][GraphConfig][parseEdges]解析阶段(4):成功解析边: 2 -> 3，类型: STRAIGHT_LINE，大小: 140
[2026-06-02 14:43:15] [INFO] [ui][GraphConfig][processNode]SET节点文档顺序#18: 设置 setOfOHBInfoList[18].uiId = 4
[2026-06-02 14:43:15] [INFO] [ui][GraphConfig][parseEdges]解析阶段(3):收集SET节点: ID=4, QRCode=11003, Count=4, Position=BELOW
[2026-06-02 14:43:15] [INFO] [ui][GraphConfig][parseEdges]解析阶段(4):成功解析边: 3 -> 4，类型: STRAIGHT_LINE，大小: 140
[2026-06-02 14:43:15] [INFO] [ui][GraphConfig][processNode]SET节点文档顺序#19: 设置 setOfOHBInfoList[19].uiId = 5
[2026-06-02 14:43:15] [INFO] [ui][GraphConfig][parseEdges]解析阶段(3):收集SET节点: ID=5, QRCode=11004, Count=4, Position=BELOW
[2026-06-02 14:43:15] [INFO] [ui][GraphConfig][parseEdges]解析阶段(4):成功解析边: 4 -> 5，类型: STRAIGHT_LINE，大小: 140
[2026-06-02 14:43:15] [INFO] [ui][GraphConfig][parseEdges]解析阶段(3):收集TRACK节点: ID=44
[2026-06-02 14:43:15] [INFO] [ui][GraphConfig][parseEdges]解析阶段(4):成功解析边: 5 -> 44，类型: STRAIGHT_LINE，大小: 350，FoupLevel偏移: 450，SetLevel偏移: 140
[2026-06-02 14:43:15] [INFO] [ui][GraphConfig][parse]解析阶段(5): 配置文件解析完毕
[2026-06-02 14:43:15] [INFO] [ui][GraphConfig][parse]配置文件解析完成，节点数: 44，边数: 49
[2026-06-02 14:43:15] [INFO] ====================天车轨道布局图配置文件解析 结束====================
[2026-06-02 14:43:15] [INFO] [ui][GraphConfig][parseEdges]解析阶段(4):成功解析边: 39 -> 40，类型: STRAIGHT_LINE，大小: 140
[2026-06-02 14:43:15] [INFO] [ui][GraphConfig][processNode]SET节点文档顺序#13: 设置 setOfOHBInfoList[13].uiId = 41
[2026-06-02 14:43:19] [INFO] ====================Set视图天车轨道布局图重构  开始====================
[2026-06-02 14:43:19] [INFO] [ui][SetLevelGraphBuilder][buildGraph] 开始构建图，节点数: 44，边数: 49
[2026-06-02 14:43:19] [DEBUG] [ui][Graph][addVertex] 添加顶点 1
[2026-06-02 14:43:19] [DEBUG] [ui][Graph][addVertex] 添加顶点 2
[2026-06-02 14:43:19] [DEBUG] [ui][Graph][addVertex] 添加顶点 6
[2026-06-02 14:43:19] [DEBUG] [ui][Graph][addVertex] 添加顶点 7
[2026-06-02 14:43:19] [DEBUG] [ui][Graph][addVertex] 添加顶点 3
[2026-06-02 14:43:19] [DEBUG] [ui][Graph][addVertex] 添加顶点 8
[2026-06-02 14:43:19] [DEBUG] [ui][Graph][addVertex] 添加顶点 4
[2026-06-02 14:43:19] [DEBUG] [ui][Graph][addVertex] 添加顶点 9
[2026-06-02 14:43:19] [DEBUG] [ui][Graph][addVertex] 添加顶点 5
[2026-06-02 14:43:19] [DEBUG] [ui][Graph][addVertex] 添加顶点 10
[2026-06-02 14:43:19] [DEBUG] [ui][Graph][addVertex] 添加顶点 11
[2026-06-02 14:43:19] [DEBUG] [ui][Graph][addVertex] 添加顶点 12
[2026-06-02 14:43:19] [DEBUG] [ui][Graph][addVertex] 添加顶点 13
[2026-06-02 14:43:19] [DEBUG] [ui][Graph][addVertex] 添加顶点 14
[2026-06-02 14:43:19] [DEBUG] [ui][Graph][addVertex] 添加顶点 15
[2026-06-02 14:43:19] [DEBUG] [ui][Graph][addVertex] 添加顶点 16
[2026-06-02 14:43:19] [DEBUG] [ui][Graph][addVertex] 添加顶点 17
[2026-06-02 14:43:19] [DEBUG] [ui][Graph][addVertex] 添加顶点 18
[2026-06-02 14:43:19] [DEBUG] [ui][Graph][addVertex] 添加顶点 19
[2026-06-02 14:43:19] [DEBUG] [ui][Graph][addVertex] 添加顶点 20
[2026-06-02 14:43:19] [DEBUG] [ui][Graph][addVertex] 添加顶点 21
[2026-06-02 14:43:19] [DEBUG] [ui][Graph][addVertex] 添加顶点 22
[2026-06-02 14:43:19] [DEBUG] [ui][Graph][addVertex] 添加顶点 23
[2026-06-02 14:43:19] [DEBUG] [ui][Graph][addVertex] 添加顶点 24
[2026-06-02 14:43:19] [DEBUG] [ui][Graph][addVertex] 添加顶点 25
[2026-06-02 14:43:19] [DEBUG] [ui][Graph][addVertex] 添加顶点 26
[2026-06-02 14:43:19] [DEBUG] [ui][Graph][addVertex] 添加顶点 27
[2026-06-02 14:43:19] [DEBUG] [ui][Graph][addVertex] 添加顶点 28
[2026-06-02 14:43:19] [DEBUG] [ui][Graph][addVertex] 添加顶点 29
[2026-06-02 14:43:19] [DEBUG] [ui][Graph][addVertex] 添加顶点 30
[2026-06-02 14:43:19] [DEBUG] [ui][Graph][addVertex] 添加顶点 31
[2026-06-02 14:43:19] [DEBUG] [ui][Graph][addVertex] 添加顶点 32
[2026-06-02 14:43:19] [DEBUG] [ui][Graph][addVertex] 添加顶点 33
[2026-06-02 14:43:19] [DEBUG] [ui][Graph][addVertex] 添加顶点 34
[2026-06-02 14:43:19] [DEBUG] [ui][Graph][addVertex] 添加顶点 35
[2026-06-02 14:43:19] [DEBUG] [ui][Graph][addVertex] 添加顶点 36
[2026-06-02 14:43:19] [DEBUG] [ui][Graph][addVertex] 添加顶点 37
[2026-06-02 14:43:19] [DEBUG] [ui][Graph][addVertex] 添加顶点 38
[2026-06-02 14:43:19] [DEBUG] [ui][Graph][addVertex] 添加顶点 39
[2026-06-02 14:43:19] [DEBUG] [ui][Graph][addVertex] 添加顶点 40
[2026-06-02 14:43:19] [DEBUG] [ui][Graph][addVertex] 添加顶点 41
[2026-06-02 14:43:19] [DEBUG] [ui][Graph][addVertex] 添加顶点 42
[2026-06-02 14:43:19] [DEBUG] [ui][Graph][addVertex] 添加顶点 43
[2026-06-02 14:43:19] [DEBUG] [ui][Graph][addVertex] 添加顶点 44
[2026-06-02 14:43:19] [DEBUG] [ui][Graph][addVertex] 顶点 1 已存在，跳过
[2026-06-02 14:43:19] [DEBUG] [ui][Graph][addVertex] 顶点 6 已存在，跳过
[2026-06-02 14:43:19] [DEBUG] [ui][Graph][addEdge] 添加边 (1,6)
[2026-06-02 14:43:19] [DEBUG] [ui][Graph][addVertex] 顶点 6 已存在，跳过
[2026-06-02 14:43:19] [DEBUG] [ui][Graph][addVertex] 顶点 7 已存在，跳过
[2026-06-02 14:43:19] [DEBUG] [ui][Graph][addEdge] 添加边 (6,7)
[2026-06-02 14:43:19] [DEBUG] [ui][Graph][addVertex] 顶点 7 已存在，跳过
[2026-06-02 14:43:19] [DEBUG] [ui][Graph][addVertex] 顶点 8 已存在，跳过
[2026-06-02 14:43:19] [DEBUG] [ui][Graph][addEdge] 添加边 (7,8)
[2026-06-02 14:43:19] [DEBUG] [ui][Graph][addVertex] 顶点 8 已存在，跳过
[2026-06-02 14:43:19] [DEBUG] [ui][Graph][addVertex] 顶点 9 已存在，跳过
[2026-06-02 14:43:19] [DEBUG] [ui][Graph][addEdge] 添加边 (8,9)
[2026-06-02 14:43:19] [DEBUG] [ui][Graph][addVertex] 顶点 9 已存在，跳过
[2026-06-02 14:43:19] [DEBUG] [ui][Graph][addVertex] 顶点 10 已存在，跳过
[2026-06-02 14:43:19] [DEBUG] [ui][Graph][addEdge] 添加边 (9,10)
[2026-06-02 14:43:19] [DEBUG] [ui][Graph][addVertex] 顶点 10 已存在，跳过
[2026-06-02 14:43:19] [DEBUG] [ui][Graph][addEdge] 添加边 (10,11)
[2026-06-02 14:43:19] [DEBUG] [ui][Graph][addVertex] 顶点 11 已存在，跳过
[2026-06-02 14:43:19] [DEBUG] [ui][Graph][addVertex] 顶点 11 已存在，跳过
[2026-06-02 14:43:19] [DEBUG] [ui][Graph][addVertex] 顶点 12 已存在，跳过
[2026-06-02 14:43:19] [DEBUG] [ui][Graph][addEdge] 添加边 (11,12)
[2026-06-02 14:43:19] [DEBUG] [ui][Graph][addVertex] 顶点 12 已存在，跳过
[2026-06-02 14:43:19] [DEBUG] [ui][Graph][addVertex] 顶点 13 已存在，跳过
[2026-06-02 14:43:19] [DEBUG] [ui][Graph][addEdge] 添加边 (12,13)
[2026-06-02 14:43:19] [DEBUG] [ui][Graph][addVertex] 顶点 13 已存在，跳过
[2026-06-02 14:43:19] [DEBUG] [ui][Graph][addVertex] 顶点 14 已存在，跳过
[2026-06-02 14:43:19] [DEBUG] [ui][Graph][addEdge] 添加边 (13,14)
[2026-06-02 14:43:19] [DEBUG] [ui][Graph][addVertex] 顶点 1 已存在，跳过
[2026-06-02 14:43:19] [DEBUG] [ui][Graph][addVertex] 顶点 15 已存在，跳过
[2026-06-02 14:43:19] [DEBUG] [ui][Graph][addEdge] 添加边 (1,15)
[2026-06-02 14:43:19] [DEBUG] [ui][Graph][addVertex] 顶点 15 已存在，跳过
[2026-06-02 14:43:19] [DEBUG] [ui][Graph][addVertex] 顶点 16 已存在，跳过
[2026-06-02 14:43:19] [DEBUG] [ui][Graph][addEdge] 添加边 (15,16)
[2026-06-02 14:43:19] [DEBUG] [ui][Graph][addVertex] 顶点 16 已存在，跳过
[2026-06-02 14:43:19] [DEBUG] [ui][Graph][addVertex] 顶点 17 已存在，跳过
[2026-06-02 14:43:19] [DEBUG] [ui][Graph][addEdge] 添加边 (16,17)
[2026-06-02 14:43:19] [DEBUG] [ui][Graph][addVertex] 顶点 17 已存在，跳过
[2026-06-02 14:43:19] [DEBUG] [ui][Graph][addVertex] 顶点 18 已存在，跳过
[2026-06-02 14:43:19] [DEBUG] [ui][Graph][addEdge] 添加边 (17,18)
[2026-06-02 14:43:19] [DEBUG] [ui][Graph][addVertex] 顶点 15 已存在，跳过
[2026-06-02 14:43:19] [DEBUG] [ui][Graph][addVertex] 顶点 19 已存在，跳过
[2026-06-02 14:43:19] [DEBUG] [ui][Graph][addEdge] 添加边 (15,19)
[2026-06-02 14:43:19] [DEBUG] [ui][Graph][addVertex] 顶点 19 已存在，跳过
[2026-06-02 14:43:19] [DEBUG] [ui][Graph][addVertex] 顶点 20 已存在，跳过
[2026-06-02 14:43:19] [DEBUG] [ui][Graph][addEdge] 添加边 (19,20)
[2026-06-02 14:43:19] [DEBUG] [ui][Graph][addVertex] 顶点 20 已存在，跳过
[2026-06-02 14:43:19] [DEBUG] [ui][Graph][addVertex] 顶点 21 已存在，跳过
[2026-06-02 14:43:19] [DEBUG] [ui][Graph][addEdge] 添加边 (20,21)
[2026-06-02 14:43:19] [DEBUG] [ui][Graph][addVertex] 顶点 21 已存在，跳过
[2026-06-02 14:43:19] [DEBUG] [ui][Graph][addVertex] 顶点 22 已存在，跳过
[2026-06-02 14:43:19] [DEBUG] [ui][Graph][addEdge] 添加边 (21,22)
[2026-06-02 14:43:19] [DEBUG] [ui][Graph][addVertex] 顶点 16 已存在，跳过
[2026-06-02 14:43:19] [DEBUG] [ui][Graph][addVertex] 顶点 20 已存在，跳过
[2026-06-02 14:43:19] [DEBUG] [ui][Graph][addEdge] 添加边 (16,20)
[2026-06-02 14:43:19] [DEBUG] [ui][Graph][addVertex] 顶点 17 已存在，跳过
[2026-06-02 14:43:19] [DEBUG] [ui][Graph][addVertex] 顶点 21 已存在，跳过
[2026-06-02 14:43:19] [DEBUG] [ui][Graph][addEdge] 添加边 (17,21)
[2026-06-02 14:43:19] [DEBUG] [ui][Graph][addVertex] 顶点 19 已存在，跳过
[2026-06-02 14:43:19] [DEBUG] [ui][Graph][addVertex] 顶点 23 已存在，跳过
[2026-06-02 14:43:19] [DEBUG] [ui][Graph][addEdge] 添加边 (19,23)
[2026-06-02 14:43:19] [DEBUG] [ui][Graph][addVertex] 顶点 23 已存在，跳过
[2026-06-02 14:43:19] [DEBUG] [ui][Graph][addVertex] 顶点 24 已存在，跳过
[2026-06-02 14:43:19] [DEBUG] [ui][Graph][addEdge] 添加边 (23,24)
[2026-06-02 14:43:19] [DEBUG] [ui][Graph][addVertex] 顶点 24 已存在，跳过
[2026-06-02 14:43:19] [DEBUG] [ui][Graph][addVertex] 顶点 25 已存在，跳过
[2026-06-02 14:43:19] [DEBUG] [ui][Graph][addEdge] 添加边 (24,25)
[2026-06-02 14:43:19] [DEBUG] [ui][Graph][addVertex] 顶点 25 已存在，跳过
[2026-06-02 14:43:19] [DEBUG] [ui][Graph][addVertex] 顶点 26 已存在，跳过
[2026-06-02 14:43:19] [DEBUG] [ui][Graph][addEdge] 添加边 (25,26)
[2026-06-02 14:43:19] [DEBUG] [ui][Graph][addVertex] 顶点 26 已存在，跳过
[2026-06-02 14:43:19] [DEBUG] [ui][Graph][addVertex] 顶点 27 已存在，跳过
[2026-06-02 14:43:19] [DEBUG] [ui][Graph][addEdge] 添加边 (26,27)
[2026-06-02 14:43:19] [DEBUG] [ui][Graph][addVertex] 顶点 27 已存在，跳过
[2026-06-02 14:43:19] [DEBUG] [ui][Graph][addVertex] 顶点 28 已存在，跳过
[2026-06-02 14:43:19] [DEBUG] [ui][Graph][addEdge] 添加边 (27,28)
[2026-06-02 14:43:19] [DEBUG] [ui][Graph][addVertex] 顶点 23 已存在，跳过
[2026-06-02 14:43:19] [DEBUG] [ui][Graph][addVertex] 顶点 29 已存在，跳过
[2026-06-02 14:43:19] [DEBUG] [ui][Graph][addEdge] 添加边 (23,29)
[2026-06-02 14:43:19] [DEBUG] [ui][Graph][addVertex] 顶点 29 已存在，跳过
[2026-06-02 14:43:19] [DEBUG] [ui][Graph][addVertex] 顶点 30 已存在，跳过
[2026-06-02 14:43:19] [DEBUG] [ui][Graph][addEdge] 添加边 (29,30)
[2026-06-02 14:43:19] [DEBUG] [ui][Graph][addVertex] 顶点 30 已存在，跳过
[2026-06-02 14:43:19] [DEBUG] [ui][Graph][addVertex] 顶点 31 已存在，跳过
[2026-06-02 14:43:19] [DEBUG] [ui][Graph][addEdge] 添加边 (30,31)
[2026-06-02 14:43:19] [DEBUG] [ui][Graph][addVertex] 顶点 31 已存在，跳过
[2026-06-02 14:43:19] [DEBUG] [ui][Graph][addVertex] 顶点 32 已存在，跳过
[2026-06-02 14:43:19] [DEBUG] [ui][Graph][addEdge] 添加边 (31,32)
[2026-06-02 14:43:19] [DEBUG] [ui][Graph][addVertex] 顶点 32 已存在，跳过
[2026-06-02 14:43:19] [DEBUG] [ui][Graph][addVertex] 顶点 33 已存在，跳过
[2026-06-02 14:43:19] [DEBUG] [ui][Graph][addEdge] 添加边 (32,33)
[2026-06-02 14:43:19] [DEBUG] [ui][Graph][addVertex] 顶点 33 已存在，跳过
[2026-06-02 14:43:19] [DEBUG] [ui][Graph][addVertex] 顶点 34 已存在，跳过
[2026-06-02 14:43:19] [DEBUG] [ui][Graph][addEdge] 添加边 (33,34)
[2026-06-02 14:43:19] [DEBUG] [ui][Graph][addVertex] 顶点 24 已存在，跳过
[2026-06-02 14:43:19] [DEBUG] [ui][Graph][addVertex] 顶点 30 已存在，跳过
[2026-06-02 14:43:19] [DEBUG] [ui][Graph][addEdge] 添加边 (24,30)
[2026-06-02 14:43:19] [DEBUG] [ui][Graph][addVertex] 顶点 25 已存在，跳过
[2026-06-02 14:43:19] [DEBUG] [ui][Graph][addVertex] 顶点 31 已存在，跳过
[2026-06-02 14:43:19] [DEBUG] [ui][Graph][addEdge] 添加边 (25,31)
[2026-06-02 14:43:19] [DEBUG] [ui][Graph][addVertex] 顶点 26 已存在，跳过
[2026-06-02 14:43:19] [DEBUG] [ui][Graph][addVertex] 顶点 32 已存在，跳过
[2026-06-02 14:43:19] [DEBUG] [ui][Graph][addEdge] 添加边 (26,32)
[2026-06-02 14:43:19] [DEBUG] [ui][Graph][addVertex] 顶点 27 已存在，跳过
[2026-06-02 14:43:19] [DEBUG] [ui][Graph][addVertex] 顶点 33 已存在，跳过
[2026-06-02 14:43:19] [DEBUG] [ui][Graph][addEdge] 添加边 (27,33)
[2026-06-02 14:43:19] [DEBUG] [ui][Graph][addVertex] 顶点 29 已存在，跳过
[2026-06-02 14:43:19] [DEBUG] [ui][Graph][addVertex] 顶点 35 已存在，跳过
[2026-06-02 14:43:19] [DEBUG] [ui][Graph][addEdge] 添加边 (29,35)
[2026-06-02 14:43:19] [DEBUG] [ui][Graph][addVertex] 顶点 35 已存在，跳过
[2026-06-02 14:43:19] [DEBUG] [ui][Graph][addVertex] 顶点 36 已存在，跳过
[2026-06-02 14:43:19] [DEBUG] [ui][Graph][addEdge] 添加边 (35,36)
[2026-06-02 14:43:19] [DEBUG] [ui][Graph][addVertex] 顶点 36 已存在，跳过
[2026-06-02 14:43:19] [DEBUG] [ui][Graph][addVertex] 顶点 37 已存在，跳过
[2026-06-02 14:43:19] [DEBUG] [ui][Graph][addEdge] 添加边 (36,37)
[2026-06-02 14:43:19] [DEBUG] [ui][Graph][addVertex] 顶点 37 已存在，跳过
[2026-06-02 14:43:19] [DEBUG] [ui][Graph][addVertex] 顶点 38 已存在，跳过
[2026-06-02 14:43:19] [DEBUG] [ui][Graph][addEdge] 添加边 (37,38)
[2026-06-02 14:43:19] [DEBUG] [ui][Graph][addVertex] 顶点 38 已存在，跳过
[2026-06-02 14:43:19] [DEBUG] [ui][Graph][addVertex] 顶点 39 已存在，跳过
[2026-06-02 14:43:19] [DEBUG] [ui][Graph][addEdge] 添加边 (38,39)
[2026-06-02 14:43:19] [DEBUG] [ui][Graph][addVertex] 顶点 39 已存在，跳过
[2026-06-02 14:43:19] [DEBUG] [ui][Graph][addVertex] 顶点 40 已存在，跳过
[2026-06-02 14:43:19] [DEBUG] [ui][Graph][addEdge] 添加边 (39,40)
[2026-06-02 14:43:19] [DEBUG] [ui][Graph][addVertex] 顶点 40 已存在，跳过
[2026-06-02 14:43:19] [DEBUG] [ui][Graph][addVertex] 顶点 41 已存在，跳过
[2026-06-02 14:43:19] [DEBUG] [ui][Graph][addEdge] 添加边 (40,41)
[2026-06-02 14:43:19] [DEBUG] [ui][Graph][addVertex] 顶点 41 已存在，跳过
[2026-06-02 14:43:19] [DEBUG] [ui][Graph][addVertex] 顶点 42 已存在，跳过
[2026-06-02 14:43:19] [DEBUG] [ui][Graph][addEdge] 添加边 (41,42)
[2026-06-02 14:43:19] [DEBUG] [ui][Graph][addVertex] 顶点 42 已存在，跳过
[2026-06-02 14:43:19] [DEBUG] [ui][Graph][addVertex] 顶点 43 已存在，跳过
[2026-06-02 14:43:19] [DEBUG] [ui][Graph][addEdge] 添加边 (42,43)
[2026-06-02 14:43:19] [DEBUG] [ui][Graph][addVertex] 顶点 43 已存在，跳过
[2026-06-02 14:43:19] [DEBUG] [ui][Graph][addVertex] 顶点 2 已存在，跳过
[2026-06-02 14:43:19] [DEBUG] [ui][Graph][addEdge] 添加边 (43,2)
[2026-06-02 14:43:19] [DEBUG] [ui][Graph][addVertex] 顶点 2 已存在，跳过
[2026-06-02 14:43:19] [DEBUG] [ui][Graph][addVertex] 顶点 3 已存在，跳过
[2026-06-02 14:43:19] [DEBUG] [ui][Graph][addEdge] 添加边 (2,3)
[2026-06-02 14:43:19] [DEBUG] [ui][Graph][addVertex] 顶点 3 已存在，跳过
[2026-06-02 14:43:19] [DEBUG] [ui][Graph][addVertex] 顶点 4 已存在，跳过
[2026-06-02 14:43:19] [DEBUG] [ui][Graph][addEdge] 添加边 (3,4)
[2026-06-02 14:43:19] [DEBUG] [ui][Graph][addVertex] 顶点 4 已存在，跳过
[2026-06-02 14:43:19] [DEBUG] [ui][Graph][addVertex] 顶点 5 已存在，跳过
[2026-06-02 14:43:19] [DEBUG] [ui][Graph][addEdge] 添加边 (4,5)
[2026-06-02 14:43:19] [DEBUG] [ui][Graph][addVertex] 顶点 5 已存在，跳过
[2026-06-02 14:43:19] [DEBUG] [ui][Graph][addVertex] 顶点 44 已存在，跳过
[2026-06-02 14:43:19] [DEBUG] [ui][Graph][addEdge] 添加边 (5,44)
[2026-06-02 14:43:19] [INFO] [ui][SetLevelGraphBuilder][buildMultilist]邻接多重表构建完成
[2026-06-02 14:43:19] [INFO] [ui][SetLevelGraphBuilder][buildGraph] 阶段(1): 重建邻接多重表完成
[2026-06-02 14:43:19] [INFO] [ui][SetLevelGraphBuilder][layoutAndDraw]起始节点ID: 1, 坐标: (20, 120)
[2026-06-02 14:43:19] [INFO] [ui][SetLevelGraphBuilder][processStraightLine]直线: 1 -> 6, 长度: 840, 起点(20,120), 终点(860,120)
[2026-06-02 14:43:19] [INFO] [ui][SetLevelGraphBuilder][createFrameDevice]成功为节点ID=6设置Set信息: uiId=6, setId=12001~12004, 压力范围=0.00~0.00Mpa, 流量平均值=0.00L/Min, 湿度范围=0.00~0.00%
[2026-06-02 14:43:19] [INFO] [ui][SetLevelGraphBuilder][createFrameDevice]创建FrameDevice: ID=6, 轨道坐标=(860, 120), 实际坐标=(800, 14), 位置=ABOVE
[2026-06-02 14:43:19] [INFO] [ui][SetLevelGraphBuilder][processNode]创建SET节点: ID=6
[2026-06-02 14:43:19] [INFO] [ui][SetLevelGraphBuilder][processStraightLine]直线: 6 -> 7, 长度: 140, 起点(860,120), 终点(1000,120)
[2026-06-02 14:43:19] [INFO] [ui][SetLevelGraphBuilder][createFrameDevice]成功为节点ID=7设置Set信息: uiId=7, setId=12005~12008, 压力范围=0.00~0.00Mpa, 流量平均值=0.00L/Min, 湿度范围=0.00~0.00%
[2026-06-02 14:43:19] [INFO] [ui][SetLevelGraphBuilder][createFrameDevice]创建FrameDevice: ID=7, 轨道坐标=(1000, 120), 实际坐标=(940, 14), 位置=ABOVE
[2026-06-02 14:43:19] [INFO] [ui][SetLevelGraphBuilder][processNode]创建SET节点: ID=7
[2026-06-02 14:43:19] [INFO] [ui][SetLevelGraphBuilder][processStraightLine]直线: 7 -> 8, 长度: 420, 起点(1000,120), 终点(1420,120)
[2026-06-02 14:43:19] [INFO] [ui][SetLevelGraphBuilder][createFrameDevice]成功为节点ID=8设置Set信息: uiId=8, setId=12009~12012, 压力范围=0.00~0.00Mpa, 流量平均值=0.00L/Min, 湿度范围=0.00~0.00%
[2026-06-02 14:43:19] [INFO] [ui][SetLevelGraphBuilder][createFrameDevice]创建FrameDevice: ID=8, 轨道坐标=(1420, 120), 实际坐标=(1360, 14), 位置=ABOVE
[2026-06-02 14:43:19] [INFO] [ui][SetLevelGraphBuilder][processNode]创建SET节点: ID=8
[2026-06-02 14:43:19] [INFO] [ui][SetLevelGraphBuilder][processStraightLine]直线: 8 -> 9, 长度: 140, 起点(1420,120), 终点(1560,120)
[2026-06-02 14:43:19] [INFO] [ui][SetLevelGraphBuilder][createFrameDevice]成功为节点ID=9设置Set信息: uiId=9, setId=12013~12016, 压力范围=0.00~0.00Mpa, 流量平均值=0.00L/Min, 湿度范围=0.00~0.00%
[2026-06-02 14:43:19] [INFO] [ui][SetLevelGraphBuilder][createFrameDevice]创建FrameDevice: ID=9, 轨道坐标=(1560, 120), 实际坐标=(1500, 14), 位置=ABOVE
[2026-06-02 14:43:19] [INFO] [ui][SetLevelGraphBuilder][processNode]创建SET节点: ID=9
[2026-06-02 14:43:19] [INFO] [ui][SetLevelGraphBuilder][processStraightLine]直线: 9 -> 10, 长度: 140, 起点(1560,120), 终点(1700,120)
[2026-06-02 14:43:19] [INFO] [ui][SetLevelGraphBuilder][createFrameDevice]成功为节点ID=10设置Set信息: uiId=10, setId=12017~12020, 压力范围=0.00~0.00Mpa, 流量平均值=0.00L/Min, 湿度范围=0.00~0.00%
[2026-06-02 14:43:19] [INFO] [ui][SetLevelGraphBuilder][createFrameDevice]创建FrameDevice: ID=10, 轨道坐标=(1700, 120), 实际坐标=(1640, 14), 位置=ABOVE
[2026-06-02 14:43:19] [INFO] [ui][SetLevelGraphBuilder][processNode]创建SET节点: ID=10
[2026-06-02 14:43:19] [INFO] [ui][SetLevelGraphBuilder][processStraightLine]直线: 10 -> 11, 长度: 140, 起点(1700,120), 终点(1840,120)
[2026-06-02 14:43:19] [INFO] [ui][SetLevelGraphBuilder][createFrameDevice]成功为节点ID=11设置Set信息: uiId=11, setId=12021~12024, 压力范围=0.00~0.00Mpa, 流量平均值=0.00L/Min, 湿度范围=0.00~0.00%
[2026-06-02 14:43:19] [INFO] [ui][SetLevelGraphBuilder][createFrameDevice]创建FrameDevice: ID=11, 轨道坐标=(1840, 120), 实际坐标=(1780, 14), 位置=ABOVE
[2026-06-02 14:43:19] [INFO] [ui][SetLevelGraphBuilder][processNode]创建SET节点: ID=11
[2026-06-02 14:43:19] [INFO] [ui][SetLevelGraphBuilder][processStraightLine]直线: 11 -> 12, 长度: 140, 起点(1840,120), 终点(1980,120)
[2026-06-02 14:43:19] [INFO] [ui][SetLevelGraphBuilder][createFrameDevice]成功为节点ID=12设置Set信息: uiId=12, setId=12025~12028, 压力范围=0.00~0.00Mpa, 流量平均值=0.00L/Min, 湿度范围=0.00~0.00%
[2026-06-02 14:43:19] [INFO] [ui][SetLevelGraphBuilder][createFrameDevice]创建FrameDevice: ID=12, 轨道坐标=(1980, 120), 实际坐标=(1920, 14), 位置=ABOVE
[2026-06-02 14:43:19] [INFO] [ui][SetLevelGraphBuilder][processNode]创建SET节点: ID=12
[2026-06-02 14:43:19] [INFO] [ui][SetLevelGraphBuilder][processStraightLine]直线: 12 -> 13, 长度: 140, 起点(1980,120), 终点(2120,120)
[2026-06-02 14:43:19] [INFO] [ui][SetLevelGraphBuilder][createFrameDevice]成功为节点ID=13设置Set信息: uiId=13, setId=12029~12032, 压力范围=0.00~0.00Mpa, 流量平均值=0.00L/Min, 湿度范围=0.00~0.00%
[2026-06-02 14:43:19] [INFO] [ui][SetLevelGraphBuilder][createFrameDevice]创建FrameDevice: ID=13, 轨道坐标=(2120, 120), 实际坐标=(2060, 14), 位置=ABOVE
[2026-06-02 14:43:19] [INFO] [ui][SetLevelGraphBuilder][processNode]创建SET节点: ID=13
[2026-06-02 14:43:19] [INFO] [ui][SetLevelGraphBuilder][processStraightLine]直线: 13 -> 14, 长度: 70 + 偏移: 118 = 188, 起点(2120,120), 终点(2308,120)
[2026-06-02 14:43:19] [INFO] [ui][SetLevelGraphBuilder][processVirtualLine]虚线: 1 -> 15, 类型: VERTICAL_VIRTUAL_LINE, 起点(20,120), 终点(20,126)
[2026-06-02 14:43:19] [INFO] [ui][SetLevelGraphBuilder][processStraightLine]直线: 15 -> 16, 长度: 560, 起点(20,126), 终点(580,126)
[2026-06-02 14:43:19] [INFO] [ui][SetLevelGraphBuilder][processVirtualLine]虚线: 16 -> 17, 类型: HORIZONTAL_VIRTUAL_LINE, 起点(580,126), 终点(586,126)
[2026-06-02 14:43:19] [INFO] [ui][SetLevelGraphBuilder][processStraightLine]直线: 17 -> 18, 长度: 1722, 起点(586,126), 终点(2308,126)
[2026-06-02 14:43:19] [INFO] [ui][SetLevelGraphBuilder][processVirtualLine]虚线: 15 -> 19, 类型: VERTICAL_VIRTUAL_LINE, 起点(20,126), 终点(20,266)
[2026-06-02 14:43:19] [INFO] [ui][SetLevelGraphBuilder][processSCurve]S曲线: 16 -> 20, 目标节点已有坐标，使用已有坐标
[2026-06-02 14:43:19] [INFO] [ui][SetLevelGraphBuilder][processSCurve]绘制曲线 16 -> 20, 类型: REVERSE_S_CURVE, 起点(580,126), 终点(720,266), 控制点1(650,126), 控制点2(650,266)
[2026-06-02 14:43:19] [INFO] [ui][SetLevelGraphBuilder][processSCurve]S曲线: 17 -> 21, 目标节点已有坐标，使用已有坐标
[2026-06-02 14:43:19] [INFO] [ui][SetLevelGraphBuilder][processSCurve]绘制曲线 17 -> 21, 类型: REVERSE_S_CURVE, 起点(586,126), 终点(726,266), 控制点1(656,126), 控制点2(656,266)
[2026-06-02 14:43:19] [INFO] [ui][SetLevelGraphBuilder][processVirtualLine]虚线: 20 -> 21, 类型: HORIZONTAL_VIRTUAL_LINE, 起点(720,266), 终点(726,266)
[2026-06-02 14:43:19] [INFO] [ui][SetLevelGraphBuilder][processStraightLine]直线: 21 -> 22, 长度: 1582 + 偏移: 10 = 1592, 起点(726,266), 终点(2318,266)
[2026-06-02 14:43:19] [INFO] [ui][SetLevelGraphBuilder][processVirtualLine]虚线: 19 -> 23, 类型: VERTICAL_VIRTUAL_LINE, 起点(20,266), 终点(20,272)
[2026-06-02 14:43:19] [INFO] [ui][SetLevelGraphBuilder][processStraightLine]直线: 19 -> 20, 长度: 700, 起点(20,266), 终点(720,266)
[2026-06-02 14:43:19] [INFO] [ui][SetLevelGraphBuilder][processStraightLine]直线: 23 -> 24, 长度: 1190, 起点(20,272), 终点(1210,272)
[2026-06-02 14:43:19] [INFO] [ui][SetLevelGraphBuilder][processVirtualLine]虚线: 24 -> 25, 类型: HORIZONTAL_VIRTUAL_LINE, 起点(1210,272), 终点(1216,272)
[2026-06-02 14:43:19] [INFO] [ui][SetLevelGraphBuilder][processStraightLine]直线: 25 -> 26, 长度: 140, 起点(1216,272), 终点(1356,272)
[2026-06-02 14:43:19] [INFO] [ui][SetLevelGraphBuilder][processVirtualLine]虚线: 26 -> 27, 类型: HORIZONTAL_VIRTUAL_LINE, 起点(1356,272), 终点(1362,272)
[2026-06-02 14:43:19] [INFO] [ui][SetLevelGraphBuilder][processStraightLine]直线: 27 -> 28, 长度: 980 + 偏移: -24 = 956, 起点(1362,272), 终点(2318,272)
[2026-06-02 14:43:19] [INFO] [ui][SetLevelGraphBuilder][processVirtualLine]虚线: 23 -> 29, 类型: VERTICAL_VIRTUAL_LINE, 起点(20,272), 终点(20,482)
[2026-06-02 14:43:19] [INFO] [ui][SetLevelGraphBuilder][processStraightLine]直线: 29 -> 30, 长度: 1190, 起点(20,482), 终点(1210,482)
[2026-06-02 14:43:19] [INFO] [ui][SetLevelGraphBuilder][processVirtualLine]虚线: 30 -> 31, 类型: HORIZONTAL_VIRTUAL_LINE, 起点(1210,482), 终点(1216,482)
[2026-06-02 14:43:19] [INFO] [ui][SetLevelGraphBuilder][processStraightLine]直线: 31 -> 32, 长度: 140, 起点(1216,482), 终点(1356,482)
[2026-06-02 14:43:19] [INFO] [ui][SetLevelGraphBuilder][processVirtualLine]虚线: 32 -> 33, 类型: HORIZONTAL_VIRTUAL_LINE, 起点(1356,482), 终点(1362,482)
[2026-06-02 14:43:19] [INFO] [ui][SetLevelGraphBuilder][processStraightLine]直线: 33 -> 34, 长度: 770 + 偏移: 190 = 960, 起点(1362,482), 终点(2322,482)
[2026-06-02 14:43:19] [INFO] [ui][SetLevelGraphBuilder][processSemicircleArc]绘制半圆弧 24 -> 30, 类型: RIGHT_SEMICIRCLE_ARC, 起点(1210,272), 终点(1210,482)
[2026-06-02 14:43:19] [INFO] [ui][SetLevelGraphBuilder][processSemicircleArc]半圆弧: 24 -> 30, 类型: RIGHT_SEMICIRCLE_ARC
[2026-06-02 14:43:19] [INFO] [ui][SetLevelGraphBuilder][processSemicircleArc]绘制半圆弧 25 -> 31, 类型: RIGHT_SEMICIRCLE_ARC, 起点(1216,272), 终点(1216,482)
[2026-06-02 14:43:19] [INFO] [ui][SetLevelGraphBuilder][processSemicircleArc]半圆弧: 25 -> 31, 类型: RIGHT_SEMICIRCLE_ARC
[2026-06-02 14:43:19] [INFO] [ui][SetLevelGraphBuilder][processSemicircleArc]绘制半圆弧 26 -> 32, 类型: LEFT_SEMICIRCLE_ARC, 起点(1356,272), 终点(1356,482)
[2026-06-02 14:43:19] [INFO] [ui][SetLevelGraphBuilder][processSemicircleArc]半圆弧: 26 -> 32, 类型: LEFT_SEMICIRCLE_ARC
[2026-06-02 14:43:19] [INFO] [ui][SetLevelGraphBuilder][processSemicircleArc]绘制半圆弧 27 -> 33, 类型: LEFT_SEMICIRCLE_ARC, 起点(1362,272), 终点(1362,482)
[2026-06-02 14:43:19] [INFO] [ui][SetLevelGraphBuilder][processSemicircleArc]半圆弧: 27 -> 33, 类型: LEFT_SEMICIRCLE_ARC
[2026-06-02 14:43:19] [INFO] [ui][SetLevelGraphBuilder][processVirtualLine]虚线: 29 -> 35, 类型: VERTICAL_VIRTUAL_LINE, 起点(20,482), 终点(20,488)
[2026-06-02 14:43:19] [INFO] [ui][SetLevelGraphBuilder][processStraightLine]直线: 35 -> 36, 长度: 70, 起点(20,488), 终点(90,488)
[2026-06-02 14:43:19] [INFO] [ui][SetLevelGraphBuilder][createFrameDevice]成功为节点ID=36设置Set信息: uiId=36, setId=12033~12036, 压力范围=0.00~0.00Mpa, 流量平均值=0.00L/Min, 湿度范围=0.00~0.00%
[2026-06-02 14:43:19] [INFO] [ui][SetLevelGraphBuilder][createFrameDevice]创建FrameDevice: ID=36, 轨道坐标=(90, 488), 实际坐标=(30, 496), 位置=BELOW
[2026-06-02 14:43:19] [INFO] [ui][SetLevelGraphBuilder][processNode]创建SET节点: ID=36
[2026-06-02 14:43:19] [INFO] [ui][SetLevelGraphBuilder][processStraightLine]直线: 36 -> 37, 长度: 140, 起点(90,488), 终点(230,488)
[2026-06-02 14:43:19] [INFO] [ui][SetLevelGraphBuilder][createFrameDevice]成功为节点ID=37设置Set信息: uiId=37, setId=12037~12040, 压力范围=0.00~0.00Mpa, 流量平均值=0.00L/Min, 湿度范围=0.00~0.00%
[2026-06-02 14:43:19] [INFO] [ui][SetLevelGraphBuilder][createFrameDevice]创建FrameDevice: ID=37, 轨道坐标=(230, 488), 实际坐标=(170, 496), 位置=BELOW
[2026-06-02 14:43:19] [INFO] [ui][SetLevelGraphBuilder][processNode]创建SET节点: ID=37
[2026-06-02 14:43:19] [INFO] [ui][SetLevelGraphBuilder][processStraightLine]直线: 37 -> 38, 长度: 140, 起点(230,488), 终点(370,488)
[2026-06-02 14:43:19] [INFO] [ui][SetLevelGraphBuilder][createFrameDevice]成功为节点ID=38设置Set信息: uiId=38, setId=12041~12044, 压力范围=0.00~0.00Mpa, 流量平均值=0.00L/Min, 湿度范围=0.00~0.00%
[2026-06-02 14:43:19] [INFO] [ui][SetLevelGraphBuilder][createFrameDevice]创建FrameDevice: ID=38, 轨道坐标=(370, 488), 实际坐标=(310, 496), 位置=BELOW
[2026-06-02 14:43:19] [INFO] [ui][SetLevelGraphBuilder][processNode]创建SET节点: ID=38
[2026-06-02 14:43:19] [INFO] [ui][SetLevelGraphBuilder][processStraightLine]直线: 38 -> 39, 长度: 140, 起点(370,488), 终点(510,488)
[2026-06-02 14:43:19] [INFO] [ui][SetLevelGraphBuilder][createFrameDevice]成功为节点ID=39设置Set信息: uiId=39, setId=12045~12048, 压力范围=0.00~0.00Mpa, 流量平均值=0.00L/Min, 湿度范围=0.00~0.00%
[2026-06-02 14:43:19] [INFO] [ui][SetLevelGraphBuilder][createFrameDevice]创建FrameDevice: ID=39, 轨道坐标=(510, 488), 实际坐标=(450, 496), 位置=BELOW
[2026-06-02 14:43:19] [INFO] [ui][SetLevelGraphBuilder][processNode]创建SET节点: ID=39
[2026-06-02 14:43:19] [INFO] [ui][SetLevelGraphBuilder][processStraightLine]直线: 39 -> 40, 长度: 140, 起点(510,488), 终点(650,488)
[2026-06-02 14:43:19] [INFO] [ui][SetLevelGraphBuilder][createFrameDevice]成功为节点ID=40设置Set信息: uiId=40, setId=12049~12052, 压力范围=0.00~0.00Mpa, 流量平均值=0.00L/Min, 湿度范围=0.00~0.00%
[2026-06-02 14:43:19] [INFO] [ui][SetLevelGraphBuilder][createFrameDevice]创建FrameDevice: ID=40, 轨道坐标=(650, 488), 实际坐标=(590, 496), 位置=BELOW
[2026-06-02 14:43:19] [INFO] [ui][SetLevelGraphBuilder][processNode]创建SET节点: ID=40
[2026-06-02 14:43:19] [INFO] [ui][SetLevelGraphBuilder][processStraightLine]直线: 40 -> 41, 长度: 140, 起点(650,488), 终点(790,488)
[2026-06-02 14:43:19] [INFO] [ui][SetLevelGraphBuilder][createFrameDevice]成功为节点ID=41设置Set信息: uiId=41, setId=12053~12056, 压力范围=0.00~0.00Mpa, 流量平均值=0.00L/Min, 湿度范围=0.00~0.00%
[2026-06-02 14:43:19] [INFO] [ui][SetLevelGraphBuilder][createFrameDevice]创建FrameDevice: ID=41, 轨道坐标=(790, 488), 实际坐标=(730, 496), 位置=BELOW
[2026-06-02 14:43:19] [INFO] [ui][SetLevelGraphBuilder][processNode]创建SET节点: ID=41
[2026-06-02 14:43:19] [INFO] [ui][SetLevelGraphBuilder][processStraightLine]直线: 41 -> 42, 长度: 140, 起点(790,488), 终点(930,488)
[2026-06-02 14:43:19] [INFO] [ui][SetLevelGraphBuilder][createFrameDevice]成功为节点ID=42设置Set信息: uiId=42, setId=12057~12060, 压力范围=0.00~0.00Mpa, 流量平均值=0.00L/Min, 湿度范围=0.00~0.00%
[2026-06-02 14:43:19] [INFO] [ui][SetLevelGraphBuilder][createFrameDevice]创建FrameDevice: ID=42, 轨道坐标=(930, 488), 实际坐标=(870, 496), 位置=BELOW
[2026-06-02 14:43:19] [INFO] [ui][SetLevelGraphBuilder][processNode]创建SET节点: ID=42
[2026-06-02 14:43:19] [INFO] [ui][SetLevelGraphBuilder][processStraightLine]直线: 42 -> 43, 长度: 140, 起点(930,488), 终点(1070,488)
[2026-06-02 14:43:19] [INFO] [ui][SetLevelGraphBuilder][createFrameDevice]成功为节点ID=43设置Set信息: uiId=43, setId=12061~12064, 压力范围=0.00~0.00Mpa, 流量平均值=0.00L/Min, 湿度范围=0.00~0.00%
[2026-06-02 14:43:19] [INFO] [ui][SetLevelGraphBuilder][createFrameDevice]创建FrameDevice: ID=43, 轨道坐标=(1070, 488), 实际坐标=(1010, 496), 位置=BELOW
[2026-06-02 14:43:19] [INFO] [ui][SetLevelGraphBuilder][processNode]创建SET节点: ID=43
[2026-06-02 14:43:19] [INFO] [ui][SetLevelGraphBuilder][processStraightLine]直线: 43 -> 2, 长度: 322 + 偏移: 22 = 344, 起点(1070,488), 终点(1414,488)
[2026-06-02 14:43:19] [INFO] [ui][SetLevelGraphBuilder][createFrameDevice]成功为节点ID=2设置Set信息: uiId=2, setId=12065~12068, 压力范围=0.00~0.00Mpa, 流量平均值=0.00L/Min, 湿度范围=0.00~0.00%
[2026-06-02 14:43:19] [INFO] [ui][SetLevelGraphBuilder][createFrameDevice]创建FrameDevice: ID=2, 轨道坐标=(1414, 488), 实际坐标=(1354, 496), 位置=BELOW
[2026-06-02 14:43:19] [INFO] [ui][SetLevelGraphBuilder][processNode]创建SET节点: ID=2
[2026-06-02 14:43:19] [INFO] [ui][SetLevelGraphBuilder][processStraightLine]直线: 2 -> 3, 长度: 140, 起点(1414,488), 终点(1554,488)
[2026-06-02 14:43:19] [INFO] [ui][SetLevelGraphBuilder][createFrameDevice]成功为节点ID=3设置Set信息: uiId=3, setId=12069~12072, 压力范围=0.00~0.00Mpa, 流量平均值=0.00L/Min, 湿度范围=0.00~0.00%
[2026-06-02 14:43:19] [INFO] [ui][SetLevelGraphBuilder][createFrameDevice]创建FrameDevice: ID=3, 轨道坐标=(1554, 488), 实际坐标=(1494, 496), 位置=BELOW
[2026-06-02 14:43:19] [INFO] [ui][SetLevelGraphBuilder][processNode]创建SET节点: ID=3
[2026-06-02 14:43:19] [INFO] [ui][SetLevelGraphBuilder][processStraightLine]直线: 3 -> 4, 长度: 140, 起点(1554,488), 终点(1694,488)
[2026-06-02 14:43:19] [INFO] [ui][SetLevelGraphBuilder][createFrameDevice]成功为节点ID=4设置Set信息: uiId=4, setId=12073~12076, 压力范围=0.00~0.00Mpa, 流量平均值=0.00L/Min, 湿度范围=0.00~0.00%
[2026-06-02 14:43:19] [INFO] [ui][SetLevelGraphBuilder][createFrameDevice]创建FrameDevice: ID=4, 轨道坐标=(1694, 488), 实际坐标=(1634, 496), 位置=BELOW
[2026-06-02 14:43:19] [INFO] [ui][SetLevelGraphBuilder][processNode]创建SET节点: ID=4
[2026-06-02 14:43:19] [INFO] [ui][SetLevelGraphBuilder][processStraightLine]直线: 4 -> 5, 长度: 140, 起点(1694,488), 终点(1834,488)
[2026-06-02 14:43:19] [INFO] [ui][SetLevelGraphBuilder][createFrameDevice]成功为节点ID=5设置Set信息: uiId=5, setId=12077~12080, 压力范围=0.00~0.00Mpa, 流量平均值=0.00L/Min, 湿度范围=0.00~0.00%
[2026-06-02 14:43:19] [INFO] [ui][SetLevelGraphBuilder][createFrameDevice]创建FrameDevice: ID=5, 轨道坐标=(1834, 488), 实际坐标=(1774, 496), 位置=BELOW
[2026-06-02 14:43:19] [INFO] [ui][SetLevelGraphBuilder][processNode]创建SET节点: ID=5
[2026-06-02 14:43:19] [INFO] [ui][SetLevelGraphBuilder][processStraightLine]直线: 5 -> 44, 长度: 350 + 偏移: 140 = 490, 起点(1834,488), 终点(2324,488)
[2026-06-02 14:43:19] [INFO] [ui][SetLevelGraphBuilder][layoutAndDraw]布局和绘制完成
[2026-06-02 14:43:19] [INFO] [ui][SetLevelGraphBuilder][buildGraph] 阶段(2): 绘制图像界面完成
[2026-06-02 14:43:19] [INFO] [ui][SetLevelGraphBuilder][buildGraph] 阶段(3): 布局图重构完毕
[2026-06-02 14:43:19] [INFO] ====================Set视图天车轨道布局图重构  结束====================
[2026-06-02 14:43:19] [INFO] [ui][SetLevelGraphBuilder][buildGraph] 图构建完成
[2026-06-02 15:06:42] [INFO] [ui][SetLevelGraphBuilder][setStartNodePosition] 设置起始节点坐标: (20, 120)
[2026-06-02 15:06:42] [INFO] [ui][FoupLevelGraphBuilder][setStartNodePosition]设置起始节点坐标: (20, 120)
[2026-06-02 15:06:42] [INFO] ====================天车轨道布局图配置文件解析 开始====================
[2026-06-02 15:06:42] [INFO] [ui][GraphConfig][parse]解析阶段(1): 解析GraphConfig标签开始
[2026-06-02 15:06:42] [INFO] [ui][GraphConfig][parseGraphSettings]图类型: 无向图
[2026-06-02 15:06:42] [INFO] [ui][GraphConfig][parseGraphSettings]设备控件尺寸: 120, 间距: 20
[2026-06-02 15:06:42] [INFO] [ui][GraphConfig][parse]解析阶段(1): 解析GraphConfig标签完成
[2026-06-02 15:06:42] [INFO] [ui][GraphConfig][parseEdges]解析阶段(2): 解析Edges标签
[2026-06-02 15:06:42] [INFO] [ui][GraphConfig][parseEdges]找到49条边数据
[2026-06-02 15:06:42] [INFO] [ui][GraphConfig][processNode]SET节点文档顺序#0: 设置 setOfOHBInfoList[0].uiId = 6
[2026-06-02 15:06:42] [INFO] [ui][GraphConfig][parseEdges]解析阶段(3):收集TRACK节点: ID=1
[2026-06-02 15:06:42] [INFO] [ui][GraphConfig][parseEdges]解析阶段(3):收集SET节点: ID=6, QRCode=11005, Count=4, Position=ABOVE
[2026-06-02 15:06:42] [INFO] [ui][GraphConfig][parseEdges]解析阶段(4):成功解析边: 1 -> 6，类型: STRAIGHT_LINE，大小: 840
[2026-06-02 15:06:42] [INFO] [ui][GraphConfig][processNode]SET节点文档顺序#1: 设置 setOfOHBInfoList[1].uiId = 7
[2026-06-02 15:06:42] [INFO] [ui][GraphConfig][parseEdges]解析阶段(3):收集SET节点: ID=7, QRCode=11006, Count=4, Position=ABOVE
[2026-06-02 15:06:42] [INFO] [ui][GraphConfig][parseEdges]解析阶段(4):成功解析边: 6 -> 7，类型: STRAIGHT_LINE，大小: 140
[2026-06-02 15:06:42] [INFO] [ui][GraphConfig][processNode]SET节点文档顺序#2: 设置 setOfOHBInfoList[2].uiId = 8
[2026-06-02 15:06:42] [INFO] [ui][GraphConfig][parseEdges]解析阶段(3):收集SET节点: ID=8, QRCode=11007, Count=4, Position=ABOVE
[2026-06-02 15:06:42] [INFO] [ui][GraphConfig][parseEdges]解析阶段(4):成功解析边: 7 -> 8，类型: STRAIGHT_LINE，大小: 420
[2026-06-02 15:06:42] [INFO] [ui][GraphConfig][processNode]SET节点文档顺序#3: 设置 setOfOHBInfoList[3].uiId = 9
[2026-06-02 15:06:42] [INFO] [ui][GraphConfig][parseEdges]解析阶段(3):收集SET节点: ID=9, QRCode=11008, Count=4, Position=ABOVE
[2026-06-02 15:06:42] [INFO] [ui][GraphConfig][parseEdges]解析阶段(4):成功解析边: 8 -> 9，类型: STRAIGHT_LINE，大小: 140
[2026-06-02 15:06:42] [INFO] [ui][GraphConfig][processNode]SET节点文档顺序#4: 设置 setOfOHBInfoList[4].uiId = 10
[2026-06-02 15:06:42] [INFO] [ui][GraphConfig][parseEdges]解析阶段(3):收集SET节点: ID=10, QRCode=11009, Count=4, Position=ABOVE
[2026-06-02 15:06:42] [INFO] [ui][GraphConfig][parseEdges]解析阶段(4):成功解析边: 9 -> 10，类型: STRAIGHT_LINE，大小: 140
[2026-06-02 15:06:42] [INFO] [ui][GraphConfig][processNode]SET节点文档顺序#5: 设置 setOfOHBInfoList[5].uiId = 11
[2026-06-02 15:06:42] [INFO] [ui][GraphConfig][parseEdges]解析阶段(3):收集SET节点: ID=11, QRCode=11010, Count=4, Position=ABOVE
[2026-06-02 15:06:42] [INFO] [ui][GraphConfig][parseEdges]解析阶段(4):成功解析边: 10 -> 11，类型: STRAIGHT_LINE，大小: 140
[2026-06-02 15:06:42] [INFO] [ui][GraphConfig][processNode]SET节点文档顺序#6: 设置 setOfOHBInfoList[6].uiId = 12
[2026-06-02 15:06:42] [INFO] [ui][GraphConfig][parseEdges]解析阶段(3):收集SET节点: ID=12, QRCode=11011, Count=4, Position=ABOVE
[2026-06-02 15:06:42] [INFO] [ui][GraphConfig][parseEdges]解析阶段(4):成功解析边: 11 -> 12，类型: STRAIGHT_LINE，大小: 140
[2026-06-02 15:06:42] [INFO] [ui][GraphConfig][processNode]SET节点文档顺序#7: 设置 setOfOHBInfoList[7].uiId = 13
[2026-06-02 15:06:42] [INFO] [ui][GraphConfig][parseEdges]解析阶段(3):收集SET节点: ID=13, QRCode=11012, Count=4, Position=ABOVE
[2026-06-02 15:06:42] [INFO] [ui][GraphConfig][parseEdges]解析阶段(4):成功解析边: 12 -> 13，类型: STRAIGHT_LINE，大小: 140
[2026-06-02 15:06:42] [INFO] [ui][GraphConfig][parseEdges]解析阶段(3):收集TRACK节点: ID=14
[2026-06-02 15:06:42] [INFO] [ui][GraphConfig][parseEdges]解析阶段(4):成功解析边: 13 -> 14，类型: STRAIGHT_LINE，大小: 70，FoupLevel偏移: 416，SetLevel偏移: 118
[2026-06-02 15:06:42] [INFO] [ui][GraphConfig][parseEdges]解析阶段(3):收集TRACK节点: ID=15
[2026-06-02 15:06:42] [INFO] [ui][GraphConfig][parseEdges]解析阶段(4):成功解析边: 1 -> 15，类型: VERTICAL_VIRTUAL_LINE，大小: 6
[2026-06-02 15:06:42] [INFO] [ui][GraphConfig][parseEdges]解析阶段(3):收集TRACK节点: ID=16
[2026-06-02 15:06:42] [INFO] [ui][GraphConfig][parseEdges]解析阶段(4):成功解析边: 15 -> 16，类型: STRAIGHT_LINE，大小: 560
[2026-06-02 15:06:42] [INFO] [ui][GraphConfig][parseEdges]解析阶段(3):收集TRACK节点: ID=17
[2026-06-02 15:06:42] [INFO] [ui][GraphConfig][parseEdges]解析阶段(4):成功解析边: 16 -> 17，类型: HORIZONTAL_VIRTUAL_LINE，大小: 6
[2026-06-02 15:06:42] [INFO] [ui][GraphConfig][parseEdges]解析阶段(3):收集TRACK节点: ID=18
[2026-06-02 15:06:42] [INFO] [ui][GraphConfig][parseEdges]解析阶段(4):成功解析边: 17 -> 18，类型: STRAIGHT_LINE，大小: 1722，FoupLevel偏移: 194，SetLevel偏移: 0
[2026-06-02 15:06:42] [INFO] [ui][GraphConfig][parseEdges]解析阶段(3):收集TRACK节点: ID=19
[2026-06-02 15:06:42] [INFO] [ui][GraphConfig][parseEdges]解析阶段(4):成功解析边: 15 -> 19，类型: VERTICAL_VIRTUAL_LINE，大小: 140
[2026-06-02 15:06:42] [INFO] [ui][GraphConfig][parseEdges]解析阶段(3):收集TRACK节点: ID=20
[2026-06-02 15:06:42] [INFO] [ui][GraphConfig][parseEdges]解析阶段(4):成功解析边: 19 -> 20，类型: STRAIGHT_LINE，大小: 700
[2026-06-02 15:06:42] [INFO] [ui][GraphConfig][parseEdges]解析阶段(3):收集TRACK节点: ID=21
[2026-06-02 15:06:42] [INFO] [ui][GraphConfig][parseEdges]解析阶段(4):成功解析边: 20 -> 21，类型: HORIZONTAL_VIRTUAL_LINE，大小: 6
[2026-06-02 15:06:42] [INFO] [ui][GraphConfig][parseEdges]解析阶段(3):收集TRACK节点: ID=22
[2026-06-02 15:06:42] [INFO] [ui][GraphConfig][parseEdges]解析阶段(4):成功解析边: 21 -> 22，类型: STRAIGHT_LINE，大小: 1582，FoupLevel偏移: 190，SetLevel偏移: 10
[2026-06-02 15:06:42] [INFO] [ui][GraphConfig][parseEdges]解析阶段(4):成功解析边: 16 -> 20，类型: REVERSE_S_CURVE，大小: 140
[2026-06-02 15:06:42] [INFO] [ui][GraphConfig][parseEdges]解析阶段(4):成功解析边: 17 -> 21，类型: REVERSE_S_CURVE，大小: 140
[2026-06-02 15:06:42] [INFO] [ui][GraphConfig][parseEdges]解析阶段(3):收集TRACK节点: ID=23
[2026-06-02 15:06:42] [INFO] [ui][GraphConfig][parseEdges]解析阶段(4):成功解析边: 19 -> 23，类型: VERTICAL_VIRTUAL_LINE，大小: 6
[2026-06-02 15:06:42] [INFO] [ui][GraphConfig][parseEdges]解析阶段(3):收集TRACK节点: ID=24
[2026-06-02 15:06:42] [INFO] [ui][GraphConfig][parseEdges]解析阶段(4):成功解析边: 23 -> 24，类型: STRAIGHT_LINE，大小: 1190
[2026-06-02 15:06:42] [INFO] [ui][GraphConfig][parseEdges]解析阶段(3):收集TRACK节点: ID=25
[2026-06-02 15:06:42] [INFO] [ui][GraphConfig][parseEdges]解析阶段(4):成功解析边: 24 -> 25，类型: HORIZONTAL_VIRTUAL_LINE，大小: 6
[2026-06-02 15:06:42] [INFO] [ui][GraphConfig][parseEdges]解析阶段(3):收集TRACK节点: ID=26
[2026-06-02 15:06:42] [INFO] [ui][GraphConfig][parseEdges]解析阶段(4):成功解析边: 25 -> 26，类型: STRAIGHT_LINE，大小: 140
[2026-06-02 15:06:42] [INFO] [ui][GraphConfig][parseEdges]解析阶段(3):收集TRACK节点: ID=27
[2026-06-02 15:06:42] [INFO] [ui][GraphConfig][parseEdges]解析阶段(4):成功解析边: 26 -> 27，类型: HORIZONTAL_VIRTUAL_LINE，大小: 6
[2026-06-02 15:06:42] [INFO] [ui][GraphConfig][parseEdges]解析阶段(3):收集TRACK节点: ID=28
[2026-06-02 15:06:42] [INFO] [ui][GraphConfig][parseEdges]解析阶段(4):成功解析边: 27 -> 28，类型: STRAIGHT_LINE，大小: 980，FoupLevel偏移: 86，SetLevel偏移: -24
[2026-06-02 15:06:42] [INFO] [ui][GraphConfig][parseEdges]解析阶段(3):收集TRACK节点: ID=29
[2026-06-02 15:06:42] [INFO] [ui][GraphConfig][parseEdges]解析阶段(4):成功解析边: 23 -> 29，类型: VERTICAL_VIRTUAL_LINE，大小: 210
[2026-06-02 15:06:42] [INFO] [ui][GraphConfig][parseEdges]解析阶段(3):收集TRACK节点: ID=30
[2026-06-02 15:06:42] [INFO] [ui][GraphConfig][parseEdges]解析阶段(4):成功解析边: 29 -> 30，类型: STRAIGHT_LINE，大小: 1190
[2026-06-02 15:06:42] [INFO] [ui][GraphConfig][parseEdges]解析阶段(3):收集TRACK节点: ID=31
[2026-06-02 15:06:42] [INFO] [ui][GraphConfig][parseEdges]解析阶段(4):成功解析边: 30 -> 31，类型: HORIZONTAL_VIRTUAL_LINE，大小: 6
[2026-06-02 15:06:42] [INFO] [ui][GraphConfig][parseEdges]解析阶段(3):收集TRACK节点: ID=32
[2026-06-02 15:06:42] [INFO] [ui][GraphConfig][parseEdges]解析阶段(4):成功解析边: 31 -> 32，类型: STRAIGHT_LINE，大小: 140
[2026-06-02 15:06:42] [INFO] [ui][GraphConfig][parseEdges]解析阶段(3):收集TRACK节点: ID=33
[2026-06-02 15:06:42] [INFO] [ui][GraphConfig][parseEdges]解析阶段(4):成功解析边: 32 -> 33，类型: HORIZONTAL_VIRTUAL_LINE，大小: 6
[2026-06-02 15:06:42] [INFO] [ui][GraphConfig][parseEdges]解析阶段(3):收集TRACK节点: ID=34
[2026-06-02 15:06:42] [INFO] [ui][GraphConfig][parseEdges]解析阶段(4):成功解析边: 33 -> 34，类型: STRAIGHT_LINE，大小: 770，FoupLevel偏移: 828，SetLevel偏移: 190
[2026-06-02 15:06:42] [INFO] [ui][GraphConfig][parseEdges]解析阶段(4):成功解析边: 24 -> 30，类型: RIGHT_SEMICIRCLE_ARC，大小: 210
[2026-06-02 15:06:42] [INFO] [ui][GraphConfig][parseEdges]解析阶段(4):成功解析边: 25 -> 31，类型: RIGHT_SEMICIRCLE_ARC，大小: 210
[2026-06-02 15:06:42] [INFO] [ui][GraphConfig][parseEdges]解析阶段(4):成功解析边: 26 -> 32，类型: LEFT_SEMICIRCLE_ARC，大小: 210
[2026-06-02 15:06:42] [INFO] [ui][GraphConfig][parseEdges]解析阶段(4):成功解析边: 27 -> 33，类型: LEFT_SEMICIRCLE_ARC，大小: 210
[2026-06-02 15:06:42] [INFO] [ui][GraphConfig][parseEdges]解析阶段(3):收集TRACK节点: ID=35
[2026-06-02 15:06:42] [INFO] [ui][GraphConfig][parseEdges]解析阶段(4):成功解析边: 29 -> 35，类型: VERTICAL_VIRTUAL_LINE，大小: 6
[2026-06-02 15:06:42] [INFO] [ui][GraphConfig][processNode]SET节点文档顺序#8: 设置 setOfOHBInfoList[8].uiId = 36
[2026-06-02 15:06:42] [INFO] [ui][GraphConfig][parseEdges]解析阶段(3):收集SET节点: ID=36, QRCode=11036, Count=4, Position=BELOW
[2026-06-02 15:06:42] [INFO] [ui][GraphConfig][parseEdges]解析阶段(4):成功解析边: 35 -> 36，类型: STRAIGHT_LINE，大小: 70
[2026-06-02 15:06:42] [INFO] [ui][GraphConfig][processNode]SET节点文档顺序#9: 设置 setOfOHBInfoList[9].uiId = 37
[2026-06-02 15:06:42] [INFO] [ui][GraphConfig][parseEdges]解析阶段(3):收集SET节点: ID=37, QRCode=11037, Count=4, Position=BELOW
[2026-06-02 15:06:42] [INFO] [ui][GraphConfig][parseEdges]解析阶段(4):成功解析边: 36 -> 37，类型: STRAIGHT_LINE，大小: 140
[2026-06-02 15:06:42] [INFO] [ui][GraphConfig][processNode]SET节点文档顺序#10: 设置 setOfOHBInfoList[10].uiId = 38
[2026-06-02 15:06:42] [INFO] [ui][GraphConfig][parseEdges]解析阶段(3):收集SET节点: ID=38, QRCode=11038, Count=4, Position=BELOW
[2026-06-02 15:06:42] [INFO] [ui][GraphConfig][parseEdges]解析阶段(4):成功解析边: 37 -> 38，类型: STRAIGHT_LINE，大小: 140
[2026-06-02 15:06:42] [INFO] [ui][GraphConfig][processNode]SET节点文档顺序#11: 设置 setOfOHBInfoList[11].uiId = 39
[2026-06-02 15:06:42] [INFO] [ui][GraphConfig][parseEdges]解析阶段(3):收集SET节点: ID=39, QRCode=11039, Count=4, Position=BELOW
[2026-06-02 15:06:42] [INFO] [ui][GraphConfig][parseEdges]解析阶段(4):成功解析边: 38 -> 39，类型: STRAIGHT_LINE，大小: 140
[2026-06-02 15:06:42] [INFO] [ui][GraphConfig][processNode]SET节点文档顺序#12: 设置 setOfOHBInfoList[12].uiId = 40
[2026-06-02 15:06:42] [INFO] [ui][GraphConfig][parseEdges]解析阶段(3):收集SET节点: ID=40, QRCode=11040, Count=4, Position=BELOW
[2026-06-02 15:06:42] [INFO] [ui][GraphConfig][parseEdges]解析阶段(4):成功解析边: 39 -> 40，类型: STRAIGHT_LINE，大小: 140
[2026-06-02 15:06:42] [INFO] [ui][GraphConfig][processNode]SET节点文档顺序#13: 设置 setOfOHBInfoList[13].uiId = 41
[2026-06-02 15:06:42] [INFO] [ui][GraphConfig][parseEdges]解析阶段(3):收集SET节点: ID=41, QRCode=11041, Count=4, Position=BELOW
[2026-06-02 15:06:42] [INFO] [ui][GraphConfig][parseEdges]解析阶段(4):成功解析边: 40 -> 41，类型: STRAIGHT_LINE，大小: 140
[2026-06-02 15:06:42] [INFO] [ui][GraphConfig][processNode]SET节点文档顺序#14: 设置 setOfOHBInfoList[14].uiId = 42
[2026-06-02 15:06:42] [INFO] [ui][GraphConfig][parseEdges]解析阶段(3):收集SET节点: ID=42, QRCode=11042, Count=4, Position=BELOW
[2026-06-02 15:06:42] [INFO] [ui][GraphConfig][parseEdges]解析阶段(4):成功解析边: 41 -> 42，类型: STRAIGHT_LINE，大小: 140
[2026-06-02 15:06:42] [INFO] [ui][GraphConfig][processNode]SET节点文档顺序#15: 设置 setOfOHBInfoList[15].uiId = 43
[2026-06-02 15:06:42] [INFO] [ui][GraphConfig][parseEdges]解析阶段(3):收集SET节点: ID=43, QRCode=11043, Count=4, Position=BELOW
[2026-06-02 15:06:42] [INFO] [ui][GraphConfig][parseEdges]解析阶段(4):成功解析边: 42 -> 43，类型: STRAIGHT_LINE，大小: 140
[2026-06-02 15:06:42] [INFO] [ui][GraphConfig][processNode]SET节点文档顺序#16: 设置 setOfOHBInfoList[16].uiId = 2
[2026-06-02 15:06:42] [INFO] [ui][GraphConfig][parseEdges]解析阶段(3):收集SET节点: ID=2, QRCode=11001, Count=4, Position=BELOW
[2026-06-02 15:06:42] [INFO] [ui][GraphConfig][parseEdges]解析阶段(4):成功解析边: 43 -> 2，类型: STRAIGHT_LINE，大小: 322，FoupLevel偏移: 0，SetLevel偏移: 22
[2026-06-02 15:06:42] [INFO] [ui][GraphConfig][processNode]SET节点文档顺序#17: 设置 setOfOHBInfoList[17].uiId = 3
[2026-06-02 15:06:42] [INFO] [ui][GraphConfig][parseEdges]解析阶段(3):收集SET节点: ID=3, QRCode=11002, Count=4, Position=BELOW
[2026-06-02 15:06:42] [INFO] [ui][GraphConfig][parseEdges]解析阶段(4):成功解析边: 2 -> 3，类型: STRAIGHT_LINE，大小: 140
[2026-06-02 15:06:42] [INFO] [ui][GraphConfig][processNode]SET节点文档顺序#18: 设置 setOfOHBInfoList[18].uiId = 4
[2026-06-02 15:06:42] [INFO] [ui][GraphConfig][parseEdges]解析阶段(3):收集SET节点: ID=4, QRCode=11003, Count=4, Position=BELOW
[2026-06-02 15:06:42] [INFO] [ui][GraphConfig][parseEdges]解析阶段(4):成功解析边: 3 -> 4，类型: STRAIGHT_LINE，大小: 140
[2026-06-02 15:06:42] [INFO] [ui][GraphConfig][processNode]SET节点文档顺序#19: 设置 setOfOHBInfoList[19].uiId = 5
[2026-06-02 15:06:42] [INFO] [ui][GraphConfig][parseEdges]解析阶段(3):收集SET节点: ID=5, QRCode=11004, Count=4, Position=BELOW
[2026-06-02 15:06:42] [INFO] [ui][GraphConfig][parseEdges]解析阶段(4):成功解析边: 4 -> 5，类型: STRAIGHT_LINE，大小: 140
[2026-06-02 15:06:42] [INFO] [ui][GraphConfig][parseEdges]解析阶段(3):收集TRACK节点: ID=44
[2026-06-02 15:06:42] [INFO] [ui][GraphConfig][parseEdges]解析阶段(4):成功解析边: 5 -> 44，类型: STRAIGHT_LINE，大小: 350，FoupLevel偏移: 450，SetLevel偏移: 140
[2026-06-02 15:06:42] [INFO] [ui][GraphConfig][parse]解析阶段(5): 配置文件解析完毕
[2026-06-02 15:06:42] [INFO] [ui][GraphConfig][parse]配置文件解析完成，节点数: 44，边数: 49
[2026-06-02 15:06:42] [INFO] ====================天车轨道布局图配置文件解析 结束====================
[2026-06-02 15:06:43] [INFO] ====================Set视图天车轨道布局图重构  开始====================
[2026-06-02 15:06:43] [INFO] [ui][SetLevelGraphBuilder][buildGraph] 开始构建图，节点数: 44，边数: 49
[2026-06-02 15:06:43] [DEBUG] [ui][Graph][addVertex] 添加顶点 1
[2026-06-02 15:06:43] [DEBUG] [ui][Graph][addVertex] 添加顶点 2
[2026-06-02 15:06:43] [DEBUG] [ui][Graph][addVertex] 添加顶点 6
[2026-06-02 15:06:43] [DEBUG] [ui][Graph][addVertex] 添加顶点 7
[2026-06-02 15:06:43] [DEBUG] [ui][Graph][addVertex] 添加顶点 8
[2026-06-02 15:06:43] [DEBUG] [ui][Graph][addVertex] 添加顶点 9
[2026-06-02 15:06:43] [DEBUG] [ui][Graph][addVertex] 添加顶点 10
[2026-06-02 15:06:43] [DEBUG] [ui][Graph][addVertex] 添加顶点 11
[2026-06-02 15:06:43] [DEBUG] [ui][Graph][addVertex] 添加顶点 12
[2026-06-02 15:06:43] [DEBUG] [ui][Graph][addVertex] 添加顶点 13
[2026-06-02 15:06:43] [DEBUG] [ui][Graph][addVertex] 添加顶点 14
[2026-06-02 15:06:43] [DEBUG] [ui][Graph][addVertex] 添加顶点 15
[2026-06-02 15:06:43] [DEBUG] [ui][Graph][addVertex] 添加顶点 16
[2026-06-02 15:06:43] [DEBUG] [ui][Graph][addVertex] 添加顶点 17
[2026-06-02 15:06:43] [DEBUG] [ui][Graph][addVertex] 添加顶点 18
[2026-06-02 15:06:43] [DEBUG] [ui][Graph][addVertex] 添加顶点 19
[2026-06-02 15:06:43] [DEBUG] [ui][Graph][addVertex] 添加顶点 20
[2026-06-02 15:06:43] [DEBUG] [ui][Graph][addVertex] 添加顶点 21
[2026-06-02 15:06:43] [DEBUG] [ui][Graph][addVertex] 添加顶点 22
[2026-06-02 15:06:43] [DEBUG] [ui][Graph][addVertex] 添加顶点 23
[2026-06-02 15:06:43] [DEBUG] [ui][Graph][addVertex] 添加顶点 24
[2026-06-02 15:06:43] [DEBUG] [ui][Graph][addVertex] 添加顶点 25
[2026-06-02 15:06:43] [DEBUG] [ui][Graph][addVertex] 添加顶点 26
[2026-06-02 15:06:43] [DEBUG] [ui][Graph][addVertex] 添加顶点 27
[2026-06-02 15:06:43] [DEBUG] [ui][Graph][addVertex] 添加顶点 28
[2026-06-02 15:06:43] [DEBUG] [ui][Graph][addVertex] 添加顶点 3
[2026-06-02 15:06:43] [DEBUG] [ui][Graph][addVertex] 添加顶点 29
[2026-06-02 15:06:43] [DEBUG] [ui][Graph][addVertex] 添加顶点 4
[2026-06-02 15:06:43] [DEBUG] [ui][Graph][addVertex] 添加顶点 30
[2026-06-02 15:06:43] [DEBUG] [ui][Graph][addVertex] 添加顶点 5
[2026-06-02 15:06:43] [DEBUG] [ui][Graph][addVertex] 添加顶点 31
[2026-06-02 15:06:43] [DEBUG] [ui][Graph][addVertex] 添加顶点 32
[2026-06-02 15:06:43] [DEBUG] [ui][Graph][addVertex] 添加顶点 33
[2026-06-02 15:06:43] [DEBUG] [ui][Graph][addVertex] 添加顶点 34
[2026-06-02 15:06:43] [DEBUG] [ui][Graph][addVertex] 添加顶点 35
[2026-06-02 15:06:43] [DEBUG] [ui][Graph][addVertex] 添加顶点 36
[2026-06-02 15:06:43] [DEBUG] [ui][Graph][addVertex] 添加顶点 37
[2026-06-02 15:06:43] [DEBUG] [ui][Graph][addVertex] 添加顶点 38
[2026-06-02 15:06:43] [DEBUG] [ui][Graph][addVertex] 添加顶点 39
[2026-06-02 15:06:43] [DEBUG] [ui][Graph][addVertex] 添加顶点 40
[2026-06-02 15:06:43] [DEBUG] [ui][Graph][addVertex] 添加顶点 41
[2026-06-02 15:06:43] [DEBUG] [ui][Graph][addVertex] 添加顶点 42
[2026-06-02 15:06:43] [DEBUG] [ui][Graph][addVertex] 添加顶点 43
[2026-06-02 15:06:43] [DEBUG] [ui][Graph][addVertex] 添加顶点 44
[2026-06-02 15:06:43] [DEBUG] [ui][Graph][addVertex] 顶点 1 已存在，跳过
[2026-06-02 15:06:43] [DEBUG] [ui][Graph][addVertex] 顶点 6 已存在，跳过
[2026-06-02 15:06:43] [DEBUG] [ui][Graph][addEdge] 添加边 (1,6)
[2026-06-02 15:06:43] [DEBUG] [ui][Graph][addVertex] 顶点 6 已存在，跳过
[2026-06-02 15:06:43] [DEBUG] [ui][Graph][addVertex] 顶点 7 已存在，跳过
[2026-06-02 15:06:43] [DEBUG] [ui][Graph][addEdge] 添加边 (6,7)
[2026-06-02 15:06:43] [DEBUG] [ui][Graph][addVertex] 顶点 7 已存在，跳过
[2026-06-02 15:06:43] [DEBUG] [ui][Graph][addVertex] 顶点 8 已存在，跳过
[2026-06-02 15:06:43] [DEBUG] [ui][Graph][addEdge] 添加边 (7,8)
[2026-06-02 15:06:43] [DEBUG] [ui][Graph][addVertex] 顶点 8 已存在，跳过
[2026-06-02 15:06:43] [DEBUG] [ui][Graph][addVertex] 顶点 9 已存在，跳过
[2026-06-02 15:06:43] [DEBUG] [ui][Graph][addEdge] 添加边 (8,9)
[2026-06-02 15:06:43] [DEBUG] [ui][Graph][addVertex] 顶点 9 已存在，跳过
[2026-06-02 15:06:43] [DEBUG] [ui][Graph][addVertex] 顶点 10 已存在，跳过
[2026-06-02 15:06:43] [DEBUG] [ui][Graph][addEdge] 添加边 (9,10)
[2026-06-02 15:06:43] [DEBUG] [ui][Graph][addEdge] 添加边 (10,11)
[2026-06-02 15:06:43] [DEBUG] [ui][Graph][addVertex] 顶点 11 已存在，跳过
[2026-06-02 15:06:43] [DEBUG] [ui][Graph][addVertex] 顶点 12 已存在，跳过
[2026-06-02 15:06:43] [DEBUG] [ui][Graph][addEdge] 添加边 (11,12)
[2026-06-02 15:06:43] [DEBUG] [ui][Graph][addVertex] 顶点 12 已存在，跳过
[2026-06-02 15:06:43] [DEBUG] [ui][Graph][addVertex] 顶点 13 已存在，跳过
[2026-06-02 15:06:43] [DEBUG] [ui][Graph][addEdge] 添加边 (12,13)
[2026-06-02 15:06:43] [DEBUG] [ui][Graph][addVertex] 顶点 13 已存在，跳过
[2026-06-02 15:06:43] [DEBUG] [ui][Graph][addVertex] 顶点 14 已存在，跳过
[2026-06-02 15:06:43] [DEBUG] [ui][Graph][addEdge] 添加边 (13,14)
[2026-06-02 15:06:43] [DEBUG] [ui][Graph][addVertex] 顶点 1 已存在，跳过
[2026-06-02 15:06:43] [DEBUG] [ui][Graph][addVertex] 顶点 15 已存在，跳过
[2026-06-02 15:06:43] [DEBUG] [ui][Graph][addEdge] 添加边 (1,15)
[2026-06-02 15:06:43] [DEBUG] [ui][Graph][addVertex] 顶点 11 已存在，跳过
[2026-06-02 15:06:43] [DEBUG] [ui][Graph][addVertex] 顶点 16 已存在，跳过
[2026-06-02 15:06:43] [DEBUG] [ui][Graph][addEdge] 添加边 (15,16)
[2026-06-02 15:06:43] [DEBUG] [ui][Graph][addVertex] 顶点 16 已存在，跳过
[2026-06-02 15:06:43] [DEBUG] [ui][Graph][addVertex] 顶点 17 已存在，跳过
[2026-06-02 15:06:43] [DEBUG] [ui][Graph][addEdge] 添加边 (16,17)
[2026-06-02 15:06:43] [DEBUG] [ui][Graph][addVertex] 顶点 17 已存在，跳过
[2026-06-02 15:06:43] [DEBUG] [ui][Graph][addVertex] 顶点 10 已存在，跳过
[2026-06-02 15:06:43] [DEBUG] [ui][Graph][addVertex] 顶点 18 已存在，跳过
[2026-06-02 15:06:43] [DEBUG] [ui][Graph][addEdge] 添加边 (17,18)
[2026-06-02 15:06:43] [DEBUG] [ui][Graph][addVertex] 顶点 15 已存在，跳过
[2026-06-02 15:06:43] [DEBUG] [ui][Graph][addVertex] 顶点 19 已存在，跳过
[2026-06-02 15:06:43] [DEBUG] [ui][Graph][addEdge] 添加边 (15,19)
[2026-06-02 15:06:43] [DEBUG] [ui][Graph][addVertex] 顶点 19 已存在，跳过
[2026-06-02 15:06:43] [DEBUG] [ui][Graph][addVertex] 顶点 20 已存在，跳过
[2026-06-02 15:06:43] [DEBUG] [ui][Graph][addEdge] 添加边 (19,20)
[2026-06-02 15:06:43] [DEBUG] [ui][Graph][addVertex] 顶点 20 已存在，跳过
[2026-06-02 15:06:43] [DEBUG] [ui][Graph][addVertex] 顶点 21 已存在，跳过
[2026-06-02 15:06:43] [DEBUG] [ui][Graph][addEdge] 添加边 (20,21)
[2026-06-02 15:06:43] [DEBUG] [ui][Graph][addVertex] 顶点 21 已存在，跳过
[2026-06-02 15:06:43] [DEBUG] [ui][Graph][addVertex] 顶点 22 已存在，跳过
[2026-06-02 15:06:43] [DEBUG] [ui][Graph][addEdge] 添加边 (21,22)
[2026-06-02 15:06:43] [DEBUG] [ui][Graph][addVertex] 顶点 16 已存在，跳过
[2026-06-02 15:06:43] [DEBUG] [ui][Graph][addVertex] 顶点 15 已存在，跳过
[2026-06-02 15:06:43] [DEBUG] [ui][Graph][addVertex] 顶点 20 已存在，跳过
[2026-06-02 15:06:43] [DEBUG] [ui][Graph][addEdge] 添加边 (16,20)
[2026-06-02 15:06:43] [DEBUG] [ui][Graph][addVertex] 顶点 17 已存在，跳过
[2026-06-02 15:06:43] [DEBUG] [ui][Graph][addVertex] 顶点 21 已存在，跳过
[2026-06-02 15:06:43] [DEBUG] [ui][Graph][addEdge] 添加边 (17,21)
[2026-06-02 15:06:43] [DEBUG] [ui][Graph][addVertex] 顶点 19 已存在，跳过
[2026-06-02 15:06:43] [DEBUG] [ui][Graph][addVertex] 顶点 23 已存在，跳过
[2026-06-02 15:06:43] [DEBUG] [ui][Graph][addEdge] 添加边 (19,23)
[2026-06-02 15:06:43] [DEBUG] [ui][Graph][addVertex] 顶点 23 已存在，跳过
[2026-06-02 15:06:43] [DEBUG] [ui][Graph][addVertex] 顶点 24 已存在，跳过
[2026-06-02 15:06:43] [DEBUG] [ui][Graph][addEdge] 添加边 (23,24)
[2026-06-02 15:06:43] [DEBUG] [ui][Graph][addVertex] 顶点 24 已存在，跳过
[2026-06-02 15:06:43] [DEBUG] [ui][Graph][addVertex] 顶点 25 已存在，跳过
[2026-06-02 15:06:43] [DEBUG] [ui][Graph][addEdge] 添加边 (24,25)
[2026-06-02 15:06:43] [DEBUG] [ui][Graph][addVertex] 顶点 25 已存在，跳过
[2026-06-02 15:06:43] [DEBUG] [ui][Graph][addVertex] 顶点 26 已存在，跳过
[2026-06-02 15:06:43] [DEBUG] [ui][Graph][addEdge] 添加边 (25,26)
[2026-06-02 15:06:43] [DEBUG] [ui][Graph][addVertex] 顶点 26 已存在，跳过
[2026-06-02 15:06:43] [DEBUG] [ui][Graph][addVertex] 顶点 27 已存在，跳过
[2026-06-02 15:06:43] [DEBUG] [ui][Graph][addEdge] 添加边 (26,27)
[2026-06-02 15:06:43] [DEBUG] [ui][Graph][addVertex] 顶点 27 已存在，跳过
[2026-06-02 15:06:43] [DEBUG] [ui][Graph][addVertex] 顶点 28 已存在，跳过
[2026-06-02 15:06:43] [DEBUG] [ui][Graph][addEdge] 添加边 (27,28)
[2026-06-02 15:06:43] [DEBUG] [ui][Graph][addVertex] 顶点 23 已存在，跳过
[2026-06-02 15:06:43] [DEBUG] [ui][Graph][addVertex] 顶点 29 已存在，跳过
[2026-06-02 15:06:43] [DEBUG] [ui][Graph][addEdge] 添加边 (23,29)
[2026-06-02 15:06:43] [DEBUG] [ui][Graph][addVertex] 顶点 29 已存在，跳过
[2026-06-02 15:06:43] [DEBUG] [ui][Graph][addVertex] 顶点 30 已存在，跳过
[2026-06-02 15:06:43] [DEBUG] [ui][Graph][addEdge] 添加边 (29,30)
[2026-06-02 15:06:43] [DEBUG] [ui][Graph][addVertex] 顶点 30 已存在，跳过
[2026-06-02 15:06:43] [DEBUG] [ui][Graph][addVertex] 顶点 31 已存在，跳过
[2026-06-02 15:06:43] [DEBUG] [ui][Graph][addEdge] 添加边 (30,31)
[2026-06-02 15:06:43] [DEBUG] [ui][Graph][addVertex] 顶点 31 已存在，跳过
[2026-06-02 15:06:43] [DEBUG] [ui][Graph][addVertex] 顶点 32 已存在，跳过
[2026-06-02 15:06:43] [DEBUG] [ui][Graph][addEdge] 添加边 (31,32)
[2026-06-02 15:06:43] [DEBUG] [ui][Graph][addVertex] 顶点 32 已存在，跳过
[2026-06-02 15:06:43] [DEBUG] [ui][Graph][addVertex] 顶点 33 已存在，跳过
[2026-06-02 15:06:43] [DEBUG] [ui][Graph][addEdge] 添加边 (32,33)
[2026-06-02 15:06:43] [DEBUG] [ui][Graph][addVertex] 顶点 33 已存在，跳过
[2026-06-02 15:06:43] [DEBUG] [ui][Graph][addVertex] 顶点 34 已存在，跳过
[2026-06-02 15:06:43] [DEBUG] [ui][Graph][addEdge] 添加边 (33,34)
[2026-06-02 15:06:43] [DEBUG] [ui][Graph][addVertex] 顶点 24 已存在，跳过
[2026-06-02 15:06:43] [DEBUG] [ui][Graph][addVertex] 顶点 30 已存在，跳过
[2026-06-02 15:06:43] [DEBUG] [ui][Graph][addEdge] 添加边 (24,30)
[2026-06-02 15:06:43] [DEBUG] [ui][Graph][addVertex] 顶点 25 已存在，跳过
[2026-06-02 15:06:43] [DEBUG] [ui][Graph][addVertex] 顶点 31 已存在，跳过
[2026-06-02 15:06:43] [DEBUG] [ui][Graph][addEdge] 添加边 (25,31)
[2026-06-02 15:06:43] [DEBUG] [ui][Graph][addVertex] 顶点 26 已存在，跳过
[2026-06-02 15:06:43] [DEBUG] [ui][Graph][addVertex] 顶点 32 已存在，跳过
[2026-06-02 15:06:43] [DEBUG] [ui][Graph][addEdge] 添加边 (26,32)
[2026-06-02 15:06:43] [DEBUG] [ui][Graph][addVertex] 顶点 27 已存在，跳过
[2026-06-02 15:06:43] [DEBUG] [ui][Graph][addVertex] 顶点 33 已存在，跳过
[2026-06-02 15:06:43] [DEBUG] [ui][Graph][addEdge] 添加边 (27,33)
[2026-06-02 15:06:43] [DEBUG] [ui][Graph][addVertex] 顶点 29 已存在，跳过
[2026-06-02 15:06:43] [DEBUG] [ui][Graph][addVertex] 顶点 35 已存在，跳过
[2026-06-02 15:06:43] [DEBUG] [ui][Graph][addEdge] 添加边 (29,35)
[2026-06-02 15:06:43] [DEBUG] [ui][Graph][addVertex] 顶点 35 已存在，跳过
[2026-06-02 15:06:43] [DEBUG] [ui][Graph][addVertex] 顶点 36 已存在，跳过
[2026-06-02 15:06:43] [DEBUG] [ui][Graph][addEdge] 添加边 (35,36)
[2026-06-02 15:06:43] [DEBUG] [ui][Graph][addVertex] 顶点 36 已存在，跳过
[2026-06-02 15:06:43] [DEBUG] [ui][Graph][addVertex] 顶点 37 已存在，跳过
[2026-06-02 15:06:43] [DEBUG] [ui][Graph][addEdge] 添加边 (36,37)
[2026-06-02 15:06:43] [DEBUG] [ui][Graph][addVertex] 顶点 37 已存在，跳过
[2026-06-02 15:06:43] [DEBUG] [ui][Graph][addVertex] 顶点 38 已存在，跳过
[2026-06-02 15:06:43] [DEBUG] [ui][Graph][addEdge] 添加边 (37,38)
[2026-06-02 15:06:43] [DEBUG] [ui][Graph][addVertex] 顶点 38 已存在，跳过
[2026-06-02 15:06:43] [DEBUG] [ui][Graph][addVertex] 顶点 39 已存在，跳过
[2026-06-02 15:06:43] [DEBUG] [ui][Graph][addVertex] 顶点 39 已存在，跳过
[2026-06-02 15:06:43] [DEBUG] [ui][Graph][addVertex] 顶点 40 已存在，跳过
[2026-06-02 15:06:43] [DEBUG] [ui][Graph][addEdge] 添加边 (39,40)
[2026-06-02 15:06:43] [DEBUG] [ui][Graph][addVertex] 顶点 40 已存在，跳过
[2026-06-02 15:06:43] [DEBUG] [ui][Graph][addVertex] 顶点 41 已存在，跳过
[2026-06-02 15:06:43] [DEBUG] [ui][Graph][addEdge] 添加边 (40,41)
[2026-06-02 15:06:43] [DEBUG] [ui][Graph][addVertex] 顶点 41 已存在，跳过
[2026-06-02 15:06:43] [DEBUG] [ui][Graph][addVertex] 顶点 42 已存在，跳过
[2026-06-02 15:06:43] [DEBUG] [ui][Graph][addEdge] 添加边 (41,42)
[2026-06-02 15:06:43] [DEBUG] [ui][Graph][addVertex] 顶点 42 已存在，跳过
[2026-06-02 15:06:43] [DEBUG] [ui][Graph][addVertex] 顶点 43 已存在，跳过
[2026-06-02 15:06:43] [DEBUG] [ui][Graph][addEdge] 添加边 (42,43)
[2026-06-02 15:06:43] [DEBUG] [ui][Graph][addVertex] 顶点 2 已存在，跳过
[2026-06-02 15:06:43] [DEBUG] [ui][Graph][addEdge] 添加边 (43,2)
[2026-06-02 15:06:43] [DEBUG] [ui][Graph][addVertex] 顶点 2 已存在，跳过
[2026-06-02 15:06:43] [DEBUG] [ui][Graph][addVertex] 顶点 3 已存在，跳过
[2026-06-02 15:06:43] [DEBUG] [ui][Graph][addEdge] 添加边 (2,3)
[2026-06-02 15:06:43] [DEBUG] [ui][Graph][addVertex] 顶点 3 已存在，跳过
[2026-06-02 15:06:43] [DEBUG] [ui][Graph][addVertex] 顶点 43 已存在，跳过
[2026-06-02 15:06:43] [DEBUG] [ui][Graph][addEdge] 添加边 (3,4)
[2026-06-02 15:06:43] [DEBUG] [ui][Graph][addVertex] 顶点 4 已存在，跳过
[2026-06-02 15:06:43] [DEBUG] [ui][Graph][addVertex] 顶点 5 已存在，跳过
[2026-06-02 15:06:43] [DEBUG] [ui][Graph][addEdge] 添加边 (4,5)
[2026-06-02 15:06:43] [DEBUG] [ui][Graph][addVertex] 顶点 5 已存在，跳过
[2026-06-02 15:06:43] [DEBUG] [ui][Graph][addVertex] 顶点 44 已存在，跳过
[2026-06-02 15:06:43] [INFO] [ui][SetLevelGraphBuilder][buildMultilist]邻接多重表构建完成
[2026-06-02 15:06:43] [INFO] [ui][SetLevelGraphBuilder][buildGraph] 阶段(1): 重建邻接多重表完成
[2026-06-02 15:06:43] [INFO] [ui][SetLevelGraphBuilder][layoutAndDraw]起始节点ID: 1, 坐标: (20, 120)
[2026-06-02 15:06:43] [INFO] [ui][SetLevelGraphBuilder][processStraightLine]直线: 1 -> 6, 长度: 840, 起点(20,120), 终点(860,120)
[2026-06-02 15:06:43] [DEBUG] [ui][Graph][addEdge] 添加边 (5,44)
[2026-06-02 15:06:43] [DEBUG] [ui][Graph][addVertex] 顶点 4 已存在，跳过
[2026-06-02 15:06:43] [DEBUG] [ui][Graph][addEdge] 添加边 (38,39)
[2026-06-02 15:06:43] [INFO] [ui][SetLevelGraphBuilder][createFrameDevice]成功为节点ID=6设置Set信息: uiId=6, setId=12001~12004, 压力范围=0.00~0.00Mpa, 流量平均值=0.00L/Min, 湿度范围=0.00~0.00%
[2026-06-02 15:06:43] [INFO] [ui][SetLevelGraphBuilder][createFrameDevice]创建FrameDevice: ID=6, 轨道坐标=(860, 120), 实际坐标=(800, 14), 位置=ABOVE
[2026-06-02 15:06:43] [INFO] [ui][SetLevelGraphBuilder][processNode]创建SET节点: ID=6
[2026-06-02 15:06:43] [INFO] [ui][SetLevelGraphBuilder][processStraightLine]直线: 6 -> 7, 长度: 140, 起点(860,120), 终点(1000,120)
[2026-06-02 15:06:43] [INFO] [ui][SetLevelGraphBuilder][createFrameDevice]成功为节点ID=7设置Set信息: uiId=7, setId=12005~12008, 压力范围=0.00~0.00Mpa, 流量平均值=0.00L/Min, 湿度范围=0.00~0.00%
[2026-06-02 15:06:43] [INFO] [ui][SetLevelGraphBuilder][createFrameDevice]创建FrameDevice: ID=7, 轨道坐标=(1000, 120), 实际坐标=(940, 14), 位置=ABOVE
[2026-06-02 15:06:43] [INFO] [ui][SetLevelGraphBuilder][processNode]创建SET节点: ID=7
[2026-06-02 15:06:43] [INFO] [ui][SetLevelGraphBuilder][processStraightLine]直线: 7 -> 8, 长度: 420, 起点(1000,120), 终点(1420,120)
[2026-06-02 15:06:43] [INFO] [ui][SetLevelGraphBuilder][createFrameDevice]成功为节点ID=8设置Set信息: uiId=8, setId=12009~12012, 压力范围=0.00~0.00Mpa, 流量平均值=0.00L/Min, 湿度范围=0.00~0.00%
[2026-06-02 15:06:43] [INFO] [ui][SetLevelGraphBuilder][createFrameDevice]创建FrameDevice: ID=8, 轨道坐标=(1420, 120), 实际坐标=(1360, 14), 位置=ABOVE
[2026-06-02 15:06:43] [INFO] [ui][SetLevelGraphBuilder][processNode]创建SET节点: ID=8
[2026-06-02 15:06:43] [INFO] [ui][SetLevelGraphBuilder][processStraightLine]直线: 8 -> 9, 长度: 140, 起点(1420,120), 终点(1560,120)
[2026-06-02 15:06:43] [INFO] [ui][SetLevelGraphBuilder][createFrameDevice]成功为节点ID=9设置Set信息: uiId=9, setId=12013~12016, 压力范围=0.00~0.00Mpa, 流量平均值=0.00L/Min, 湿度范围=0.00~0.00%
[2026-06-02 15:06:43] [INFO] [ui][SetLevelGraphBuilder][createFrameDevice]创建FrameDevice: ID=9, 轨道坐标=(1560, 120), 实际坐标=(1500, 14), 位置=ABOVE
[2026-06-02 15:06:43] [INFO] [ui][SetLevelGraphBuilder][processNode]创建SET节点: ID=9
[2026-06-02 15:06:43] [INFO] [ui][SetLevelGraphBuilder][processStraightLine]直线: 9 -> 10, 长度: 140, 起点(1560,120), 终点(1700,120)
[2026-06-02 15:06:43] [INFO] [ui][SetLevelGraphBuilder][createFrameDevice]成功为节点ID=10设置Set信息: uiId=10, setId=12017~12020, 压力范围=0.00~0.00Mpa, 流量平均值=0.00L/Min, 湿度范围=0.00~0.00%
[2026-06-02 15:06:43] [INFO] [ui][SetLevelGraphBuilder][createFrameDevice]创建FrameDevice: ID=10, 轨道坐标=(1700, 120), 实际坐标=(1640, 14), 位置=ABOVE
[2026-06-02 15:06:43] [INFO] [ui][SetLevelGraphBuilder][processNode]创建SET节点: ID=10
[2026-06-02 15:06:43] [INFO] [ui][SetLevelGraphBuilder][processStraightLine]直线: 10 -> 11, 长度: 140, 起点(1700,120), 终点(1840,120)
[2026-06-02 15:06:43] [INFO] [ui][SetLevelGraphBuilder][createFrameDevice]成功为节点ID=11设置Set信息: uiId=11, setId=12021~12024, 压力范围=0.00~0.00Mpa, 流量平均值=0.00L/Min, 湿度范围=0.00~0.00%
[2026-06-02 15:06:43] [INFO] [ui][SetLevelGraphBuilder][createFrameDevice]创建FrameDevice: ID=11, 轨道坐标=(1840, 120), 实际坐标=(1780, 14), 位置=ABOVE
[2026-06-02 15:06:43] [INFO] [ui][SetLevelGraphBuilder][processNode]创建SET节点: ID=11
[2026-06-02 15:06:43] [INFO] [ui][SetLevelGraphBuilder][processStraightLine]直线: 11 -> 12, 长度: 140, 起点(1840,120), 终点(1980,120)
[2026-06-02 15:06:43] [INFO] [ui][SetLevelGraphBuilder][createFrameDevice]成功为节点ID=12设置Set信息: uiId=12, setId=12025~12028, 压力范围=0.00~0.00Mpa, 流量平均值=0.00L/Min, 湿度范围=0.00~0.00%
[2026-06-02 15:06:43] [INFO] [ui][SetLevelGraphBuilder][createFrameDevice]创建FrameDevice: ID=12, 轨道坐标=(1980, 120), 实际坐标=(1920, 14), 位置=ABOVE
[2026-06-02 15:06:43] [INFO] [ui][SetLevelGraphBuilder][processNode]创建SET节点: ID=12
[2026-06-02 15:06:43] [INFO] [ui][SetLevelGraphBuilder][processStraightLine]直线: 12 -> 13, 长度: 140, 起点(1980,120), 终点(2120,120)
[2026-06-02 15:06:43] [INFO] [ui][SetLevelGraphBuilder][createFrameDevice]成功为节点ID=13设置Set信息: uiId=13, setId=12029~12032, 压力范围=0.00~0.00Mpa, 流量平均值=0.00L/Min, 湿度范围=0.00~0.00%
[2026-06-02 15:06:43] [INFO] [ui][SetLevelGraphBuilder][createFrameDevice]创建FrameDevice: ID=13, 轨道坐标=(2120, 120), 实际坐标=(2060, 14), 位置=ABOVE
[2026-06-02 15:06:43] [INFO] [ui][SetLevelGraphBuilder][processNode]创建SET节点: ID=13
[2026-06-02 15:06:43] [INFO] [ui][SetLevelGraphBuilder][processStraightLine]直线: 13 -> 14, 长度: 70 + 偏移: 118 = 188, 起点(2120,120), 终点(2308,120)
[2026-06-02 15:06:43] [INFO] [ui][SetLevelGraphBuilder][processVirtualLine]虚线: 1 -> 15, 类型: VERTICAL_VIRTUAL_LINE, 起点(20,120), 终点(20,126)
[2026-06-02 15:06:43] [INFO] [ui][SetLevelGraphBuilder][processStraightLine]直线: 15 -> 16, 长度: 560, 起点(20,126), 终点(580,126)
[2026-06-02 15:06:43] [INFO] [ui][SetLevelGraphBuilder][processVirtualLine]虚线: 16 -> 17, 类型: HORIZONTAL_VIRTUAL_LINE, 起点(580,126), 终点(586,126)
[2026-06-02 15:06:43] [INFO] [ui][SetLevelGraphBuilder][processStraightLine]直线: 17 -> 18, 长度: 1722, 起点(586,126), 终点(2308,126)
[2026-06-02 15:06:43] [INFO] [ui][SetLevelGraphBuilder][processVirtualLine]虚线: 15 -> 19, 类型: VERTICAL_VIRTUAL_LINE, 起点(20,126), 终点(20,266)
[2026-06-02 15:06:43] [INFO] [ui][SetLevelGraphBuilder][processSCurve]S曲线: 16 -> 20, 目标节点已有坐标，使用已有坐标
[2026-06-02 15:06:43] [INFO] [ui][SetLevelGraphBuilder][processSCurve]绘制曲线 16 -> 20, 类型: REVERSE_S_CURVE, 起点(580,126), 终点(720,266), 控制点1(650,126), 控制点2(650,266)
[2026-06-02 15:06:43] [INFO] [ui][SetLevelGraphBuilder][processSCurve]S曲线: 17 -> 21, 目标节点已有坐标，使用已有坐标
[2026-06-02 15:06:43] [INFO] [ui][SetLevelGraphBuilder][processSCurve]绘制曲线 17 -> 21, 类型: REVERSE_S_CURVE, 起点(586,126), 终点(726,266), 控制点1(656,126), 控制点2(656,266)
[2026-06-02 15:06:43] [INFO] [ui][SetLevelGraphBuilder][processVirtualLine]虚线: 19 -> 23, 类型: VERTICAL_VIRTUAL_LINE, 起点(20,266), 终点(20,272)
[2026-06-02 15:06:43] [INFO] [ui][SetLevelGraphBuilder][processStraightLine]直线: 23 -> 24, 长度: 1190, 起点(20,272), 终点(1210,272)
[2026-06-02 15:06:43] [INFO] [ui][SetLevelGraphBuilder][processVirtualLine]虚线: 24 -> 25, 类型: HORIZONTAL_VIRTUAL_LINE, 起点(1210,272), 终点(1216,272)
[2026-06-02 15:06:43] [INFO] [ui][SetLevelGraphBuilder][processStraightLine]直线: 25 -> 26, 长度: 140, 起点(1216,272), 终点(1356,272)
[2026-06-02 15:06:43] [INFO] [ui][SetLevelGraphBuilder][processVirtualLine]虚线: 26 -> 27, 类型: HORIZONTAL_VIRTUAL_LINE, 起点(1356,272), 终点(1362,272)
[2026-06-02 15:06:43] [INFO] [ui][SetLevelGraphBuilder][processStraightLine]直线: 19 -> 20, 长度: 700, 起点(20,266), 终点(720,266)
[2026-06-02 15:06:43] [INFO] [ui][SetLevelGraphBuilder][processStraightLine]直线: 27 -> 28, 长度: 980 + 偏移: -24 = 956, 起点(1362,272), 终点(2318,272)
[2026-06-02 15:06:43] [INFO] [ui][SetLevelGraphBuilder][processVirtualLine]虚线: 20 -> 21, 类型: HORIZONTAL_VIRTUAL_LINE, 起点(720,266), 终点(726,266)
[2026-06-02 15:06:43] [INFO] [ui][SetLevelGraphBuilder][processStraightLine]直线: 21 -> 22, 长度: 1582 + 偏移: 10 = 1592, 起点(726,266), 终点(2318,266)
[2026-06-02 15:06:43] [INFO] [ui][SetLevelGraphBuilder][processVirtualLine]虚线: 23 -> 29, 类型: VERTICAL_VIRTUAL_LINE, 起点(20,272), 终点(20,482)
[2026-06-02 15:06:43] [INFO] [ui][SetLevelGraphBuilder][processStraightLine]直线: 29 -> 30, 长度: 1190, 起点(20,482), 终点(1210,482)
[2026-06-02 15:06:43] [INFO] [ui][SetLevelGraphBuilder][processVirtualLine]虚线: 30 -> 31, 类型: HORIZONTAL_VIRTUAL_LINE, 起点(1210,482), 终点(1216,482)
[2026-06-02 15:06:43] [INFO] [ui][SetLevelGraphBuilder][processStraightLine]直线: 31 -> 32, 长度: 140, 起点(1216,482), 终点(1356,482)
[2026-06-02 15:06:43] [INFO] [ui][SetLevelGraphBuilder][processVirtualLine]虚线: 32 -> 33, 类型: HORIZONTAL_VIRTUAL_LINE, 起点(1356,482), 终点(1362,482)
[2026-06-02 15:06:43] [INFO] [ui][SetLevelGraphBuilder][processStraightLine]直线: 33 -> 34, 长度: 770 + 偏移: 190 = 960, 起点(1362,482), 终点(2322,482)
[2026-06-02 15:06:43] [INFO] [ui][SetLevelGraphBuilder][processSemicircleArc]绘制半圆弧 24 -> 30, 类型: RIGHT_SEMICIRCLE_ARC, 起点(1210,272), 终点(1210,482)
[2026-06-02 15:06:43] [INFO] [ui][SetLevelGraphBuilder][processSemicircleArc]半圆弧: 24 -> 30, 类型: RIGHT_SEMICIRCLE_ARC
[2026-06-02 15:06:43] [INFO] [ui][SetLevelGraphBuilder][processSemicircleArc]绘制半圆弧 25 -> 31, 类型: RIGHT_SEMICIRCLE_ARC, 起点(1216,272), 终点(1216,482)
[2026-06-02 15:06:43] [INFO] [ui][SetLevelGraphBuilder][processSemicircleArc]半圆弧: 25 -> 31, 类型: RIGHT_SEMICIRCLE_ARC
[2026-06-02 15:06:43] [INFO] [ui][SetLevelGraphBuilder][processSemicircleArc]绘制半圆弧 26 -> 32, 类型: LEFT_SEMICIRCLE_ARC, 起点(1356,272), 终点(1356,482)
[2026-06-02 15:06:43] [INFO] [ui][SetLevelGraphBuilder][processSemicircleArc]半圆弧: 26 -> 32, 类型: LEFT_SEMICIRCLE_ARC
[2026-06-02 15:06:43] [INFO] [ui][SetLevelGraphBuilder][processSemicircleArc]绘制半圆弧 27 -> 33, 类型: LEFT_SEMICIRCLE_ARC, 起点(1362,272), 终点(1362,482)
[2026-06-02 15:06:43] [INFO] [ui][SetLevelGraphBuilder][processSemicircleArc]半圆弧: 27 -> 33, 类型: LEFT_SEMICIRCLE_ARC
[2026-06-02 15:06:43] [INFO] [ui][SetLevelGraphBuilder][processVirtualLine]虚线: 29 -> 35, 类型: VERTICAL_VIRTUAL_LINE, 起点(20,482), 终点(20,488)
[2026-06-02 15:06:43] [INFO] [ui][SetLevelGraphBuilder][processStraightLine]直线: 35 -> 36, 长度: 70, 起点(20,488), 终点(90,488)
[2026-06-02 15:06:43] [INFO] [ui][SetLevelGraphBuilder][createFrameDevice]成功为节点ID=36设置Set信息: uiId=36, setId=12033~12036, 压力范围=0.00~0.00Mpa, 流量平均值=0.00L/Min, 湿度范围=0.00~0.00%
[2026-06-02 15:06:43] [INFO] [ui][SetLevelGraphBuilder][createFrameDevice]创建FrameDevice: ID=36, 轨道坐标=(90, 488), 实际坐标=(30, 496), 位置=BELOW
[2026-06-02 15:06:43] [INFO] [ui][SetLevelGraphBuilder][processNode]创建SET节点: ID=36
[2026-06-02 15:06:43] [INFO] [ui][SetLevelGraphBuilder][processStraightLine]直线: 36 -> 37, 长度: 140, 起点(90,488), 终点(230,488)
[2026-06-02 15:06:43] [INFO] [ui][SetLevelGraphBuilder][createFrameDevice]成功为节点ID=37设置Set信息: uiId=37, setId=12037~12040, 压力范围=0.00~0.00Mpa, 流量平均值=0.00L/Min, 湿度范围=0.00~0.00%
[2026-06-02 15:06:43] [INFO] [ui][SetLevelGraphBuilder][createFrameDevice]创建FrameDevice: ID=37, 轨道坐标=(230, 488), 实际坐标=(170, 496), 位置=BELOW
[2026-06-02 15:06:43] [INFO] [ui][SetLevelGraphBuilder][processNode]创建SET节点: ID=37
[2026-06-02 15:06:43] [INFO] [ui][SetLevelGraphBuilder][processStraightLine]直线: 37 -> 38, 长度: 140, 起点(230,488), 终点(370,488)
[2026-06-02 15:06:43] [INFO] [ui][SetLevelGraphBuilder][createFrameDevice]成功为节点ID=38设置Set信息: uiId=38, setId=12041~12044, 压力范围=0.00~0.00Mpa, 流量平均值=0.00L/Min, 湿度范围=0.00~0.00%
[2026-06-02 15:06:43] [INFO] [ui][SetLevelGraphBuilder][createFrameDevice]创建FrameDevice: ID=38, 轨道坐标=(370, 488), 实际坐标=(310, 496), 位置=BELOW
[2026-06-02 15:06:43] [INFO] [ui][SetLevelGraphBuilder][processNode]创建SET节点: ID=38
[2026-06-02 15:06:43] [INFO] [ui][SetLevelGraphBuilder][processStraightLine]直线: 38 -> 39, 长度: 140, 起点(370,488), 终点(510,488)
[2026-06-02 15:06:43] [INFO] [ui][SetLevelGraphBuilder][createFrameDevice]成功为节点ID=39设置Set信息: uiId=39, setId=12045~12048, 压力范围=0.00~0.00Mpa, 流量平均值=0.00L/Min, 湿度范围=0.00~0.00%
[2026-06-02 15:06:43] [INFO] [ui][SetLevelGraphBuilder][createFrameDevice]创建FrameDevice: ID=39, 轨道坐标=(510, 488), 实际坐标=(450, 496), 位置=BELOW
[2026-06-02 15:06:43] [INFO] [ui][SetLevelGraphBuilder][processNode]创建SET节点: ID=39
[2026-06-02 15:06:43] [INFO] [ui][SetLevelGraphBuilder][processStraightLine]直线: 39 -> 40, 长度: 140, 起点(510,488), 终点(650,488)
[2026-06-02 15:06:43] [INFO] [ui][SetLevelGraphBuilder][createFrameDevice]成功为节点ID=40设置Set信息: uiId=40, setId=12049~12052, 压力范围=0.00~0.00Mpa, 流量平均值=0.00L/Min, 湿度范围=0.00~0.00%
[2026-06-02 15:06:43] [INFO] [ui][SetLevelGraphBuilder][createFrameDevice]创建FrameDevice: ID=40, 轨道坐标=(650, 488), 实际坐标=(590, 496), 位置=BELOW
[2026-06-02 15:06:43] [INFO] [ui][SetLevelGraphBuilder][processNode]创建SET节点: ID=40
[2026-06-02 15:06:43] [INFO] [ui][SetLevelGraphBuilder][processStraightLine]直线: 40 -> 41, 长度: 140, 起点(650,488), 终点(790,488)
[2026-06-02 15:06:43] [INFO] [ui][SetLevelGraphBuilder][createFrameDevice]成功为节点ID=41设置Set信息: uiId=41, setId=12053~12056, 压力范围=0.00~0.00Mpa, 流量平均值=0.00L/Min, 湿度范围=0.00~0.00%
[2026-06-02 15:06:43] [INFO] [ui][SetLevelGraphBuilder][createFrameDevice]创建FrameDevice: ID=41, 轨道坐标=(790, 488), 实际坐标=(730, 496), 位置=BELOW
[2026-06-02 15:06:43] [INFO] [ui][SetLevelGraphBuilder][processNode]创建SET节点: ID=41
[2026-06-02 15:06:43] [INFO] [ui][SetLevelGraphBuilder][processStraightLine]直线: 41 -> 42, 长度: 140, 起点(790,488), 终点(930,488)
[2026-06-02 15:06:43] [INFO] [ui][SetLevelGraphBuilder][createFrameDevice]成功为节点ID=42设置Set信息: uiId=42, setId=12057~12060, 压力范围=0.00~0.00Mpa, 流量平均值=0.00L/Min, 湿度范围=0.00~0.00%
[2026-06-02 15:06:43] [INFO] [ui][SetLevelGraphBuilder][createFrameDevice]创建FrameDevice: ID=42, 轨道坐标=(930, 488), 实际坐标=(870, 496), 位置=BELOW
[2026-06-02 15:06:43] [INFO] [ui][SetLevelGraphBuilder][processNode]创建SET节点: ID=42
[2026-06-02 15:06:43] [INFO] [ui][SetLevelGraphBuilder][processStraightLine]直线: 42 -> 43, 长度: 140, 起点(930,488), 终点(1070,488)
[2026-06-02 15:06:43] [INFO] [ui][SetLevelGraphBuilder][createFrameDevice]成功为节点ID=43设置Set信息: uiId=43, setId=12061~12064, 压力范围=0.00~0.00Mpa, 流量平均值=0.00L/Min, 湿度范围=0.00~0.00%
[2026-06-02 15:06:43] [INFO] [ui][SetLevelGraphBuilder][createFrameDevice]创建FrameDevice: ID=43, 轨道坐标=(1070, 488), 实际坐标=(1010, 496), 位置=BELOW
[2026-06-02 15:06:43] [INFO] [ui][SetLevelGraphBuilder][processNode]创建SET节点: ID=43
[2026-06-02 15:06:43] [INFO] [ui][SetLevelGraphBuilder][processStraightLine]直线: 43 -> 2, 长度: 322 + 偏移: 22 = 344, 起点(1070,488), 终点(1414,488)
[2026-06-02 15:06:43] [INFO] [ui][SetLevelGraphBuilder][createFrameDevice]成功为节点ID=2设置Set信息: uiId=2, setId=12065~12068, 压力范围=0.00~0.00Mpa, 流量平均值=0.00L/Min, 湿度范围=0.00~0.00%
[2026-06-02 15:06:43] [INFO] [ui][SetLevelGraphBuilder][createFrameDevice]创建FrameDevice: ID=2, 轨道坐标=(1414, 488), 实际坐标=(1354, 496), 位置=BELOW
[2026-06-02 15:06:43] [INFO] [ui][SetLevelGraphBuilder][processNode]创建SET节点: ID=2
[2026-06-02 15:06:43] [INFO] [ui][SetLevelGraphBuilder][processStraightLine]直线: 2 -> 3, 长度: 140, 起点(1414,488), 终点(1554,488)
[2026-06-02 15:06:43] [INFO] [ui][SetLevelGraphBuilder][createFrameDevice]成功为节点ID=3设置Set信息: uiId=3, setId=12069~12072, 压力范围=0.00~0.00Mpa, 流量平均值=0.00L/Min, 湿度范围=0.00~0.00%
[2026-06-02 15:06:43] [INFO] [ui][SetLevelGraphBuilder][createFrameDevice]创建FrameDevice: ID=3, 轨道坐标=(1554, 488), 实际坐标=(1494, 496), 位置=BELOW
[2026-06-02 15:06:43] [INFO] [ui][SetLevelGraphBuilder][processNode]创建SET节点: ID=3
[2026-06-02 15:06:43] [INFO] [ui][SetLevelGraphBuilder][processStraightLine]直线: 3 -> 4, 长度: 140, 起点(1554,488), 终点(1694,488)
[2026-06-02 15:06:43] [INFO] [ui][SetLevelGraphBuilder][createFrameDevice]成功为节点ID=4设置Set信息: uiId=4, setId=12073~12076, 压力范围=0.00~0.00Mpa, 流量平均值=0.00L/Min, 湿度范围=0.00~0.00%
[2026-06-02 15:06:43] [INFO] [ui][SetLevelGraphBuilder][createFrameDevice]创建FrameDevice: ID=4, 轨道坐标=(1694, 488), 实际坐标=(1634, 496), 位置=BELOW
[2026-06-02 15:06:43] [INFO] [ui][SetLevelGraphBuilder][processNode]创建SET节点: ID=4
[2026-06-02 15:06:43] [INFO] [ui][SetLevelGraphBuilder][processStraightLine]直线: 4 -> 5, 长度: 140, 起点(1694,488), 终点(1834,488)
[2026-06-02 15:06:43] [INFO] [ui][SetLevelGraphBuilder][createFrameDevice]成功为节点ID=5设置Set信息: uiId=5, setId=12077~12080, 压力范围=0.00~0.00Mpa, 流量平均值=0.00L/Min, 湿度范围=0.00~0.00%
[2026-06-02 15:06:43] [INFO] [ui][SetLevelGraphBuilder][createFrameDevice]创建FrameDevice: ID=5, 轨道坐标=(1834, 488), 实际坐标=(1774, 496), 位置=BELOW
[2026-06-02 15:06:43] [INFO] [ui][SetLevelGraphBuilder][processNode]创建SET节点: ID=5
[2026-06-02 15:06:43] [INFO] [ui][SetLevelGraphBuilder][processStraightLine]直线: 5 -> 44, 长度: 350 + 偏移: 140 = 490, 起点(1834,488), 终点(2324,488)
[2026-06-02 15:06:43] [INFO] [ui][SetLevelGraphBuilder][layoutAndDraw]布局和绘制完成
[2026-06-02 15:06:43] [INFO] [ui][SetLevelGraphBuilder][buildGraph] 阶段(2): 绘制图像界面完成
[2026-06-02 15:06:43] [INFO] [ui][SetLevelGraphBuilder][buildGraph] 阶段(3): 布局图重构完毕
[2026-06-02 15:06:43] [INFO] [ui][SetLevelGraphBuilder][buildGraph] 图构建完成
[2026-06-02 15:06:43] [INFO] ====================Set视图天车轨道布局图重构  结束====================
[2026-06-02 15:06:50] [INFO] ====================Foup视图天车轨道布局图重构  开始====================
[2026-06-02 15:06:50] [INFO] [ui][FoupLevelGraphBuilder][buildGraph]开始构建 FoupLevel视图，节点数: 44，边数: 49
[2026-06-02 15:06:50] [INFO] [ui][FoupLevelGraphBuilder][computeFoupUnit]开始扫描 SET 节点获取典型 foupCount
[2026-06-02 15:06:50] [INFO] [ui][FoupLevelGraphBuilder][computeFoupUnit]找到 SET 节点 ID=2, foupCount=4
[2026-06-02 15:06:50] [INFO] [ui][FoupLevelGraphBuilder][computeFoupUnit]最终使用 typicalFoupCount=4
[2026-06-02 15:06:50] [INFO] [ui][FoupLevelGraphBuilder][computeFoupUnit]FoupLevel 单元计算过程:
  typicalFoupCount = 4
  m_foupDeviceWidth = 120 → foupDevicesWidth = 4 × 120 = 480
  m_foupSpacing = 5 → totalFoupSpacing = (4 - 1) × 5 = 15
  setFoupWidth = 480 + 15 = 495
  m_setSpacing = 20
  foupUnit = 495 + 20 = 515
[2026-06-02 15:06:50] [INFO] [ui][FoupLevelGraphBuilder][buildGraph]FoupLevel单元宽度: 515, SetLevel单元宽度: 140
[2026-06-02 15:06:50] [DEBUG] [ui][Graph][addVertex] 添加顶点 1
[2026-06-02 15:06:50] [DEBUG] [ui][Graph][addVertex] 添加顶点 2
[2026-06-02 15:06:50] [DEBUG] [ui][Graph][addVertex] 添加顶点 3
[2026-06-02 15:06:50] [DEBUG] [ui][Graph][addVertex] 添加顶点 4
[2026-06-02 15:06:50] [DEBUG] [ui][Graph][addVertex] 添加顶点 5
[2026-06-02 15:06:50] [DEBUG] [ui][Graph][addVertex] 添加顶点 6
[2026-06-02 15:06:50] [DEBUG] [ui][Graph][addVertex] 添加顶点 7
[2026-06-02 15:06:50] [DEBUG] [ui][Graph][addVertex] 添加顶点 8
[2026-06-02 15:06:50] [DEBUG] [ui][Graph][addVertex] 添加顶点 9
[2026-06-02 15:06:50] [DEBUG] [ui][Graph][addVertex] 添加顶点 10
[2026-06-02 15:06:50] [DEBUG] [ui][Graph][addVertex] 添加顶点 11
[2026-06-02 15:06:50] [DEBUG] [ui][Graph][addVertex] 添加顶点 12
[2026-06-02 15:06:50] [DEBUG] [ui][Graph][addVertex] 添加顶点 13
[2026-06-02 15:06:50] [DEBUG] [ui][Graph][addVertex] 添加顶点 14
[2026-06-02 15:06:50] [DEBUG] [ui][Graph][addVertex] 添加顶点 15
[2026-06-02 15:06:50] [DEBUG] [ui][Graph][addVertex] 添加顶点 16
[2026-06-02 15:06:50] [DEBUG] [ui][Graph][addVertex] 添加顶点 17
[2026-06-02 15:06:50] [DEBUG] [ui][Graph][addVertex] 添加顶点 18
[2026-06-02 15:06:50] [DEBUG] [ui][Graph][addVertex] 添加顶点 19
[2026-06-02 15:06:50] [DEBUG] [ui][Graph][addVertex] 添加顶点 20
[2026-06-02 15:06:50] [DEBUG] [ui][Graph][addVertex] 添加顶点 21
[2026-06-02 15:06:50] [DEBUG] [ui][Graph][addVertex] 添加顶点 22
[2026-06-02 15:06:50] [DEBUG] [ui][Graph][addVertex] 添加顶点 23
[2026-06-02 15:06:50] [DEBUG] [ui][Graph][addVertex] 添加顶点 24
[2026-06-02 15:06:50] [DEBUG] [ui][Graph][addVertex] 添加顶点 25
[2026-06-02 15:06:50] [DEBUG] [ui][Graph][addVertex] 添加顶点 26
[2026-06-02 15:06:50] [DEBUG] [ui][Graph][addVertex] 添加顶点 27
[2026-06-02 15:06:50] [DEBUG] [ui][Graph][addVertex] 添加顶点 28
[2026-06-02 15:06:50] [DEBUG] [ui][Graph][addVertex] 添加顶点 29
[2026-06-02 15:06:50] [DEBUG] [ui][Graph][addVertex] 添加顶点 30
[2026-06-02 15:06:50] [DEBUG] [ui][Graph][addVertex] 添加顶点 31
[2026-06-02 15:06:50] [DEBUG] [ui][Graph][addVertex] 添加顶点 32
[2026-06-02 15:06:50] [DEBUG] [ui][Graph][addVertex] 添加顶点 33
[2026-06-02 15:06:50] [DEBUG] [ui][Graph][addVertex] 添加顶点 34
[2026-06-02 15:06:50] [DEBUG] [ui][Graph][addVertex] 添加顶点 35
[2026-06-02 15:06:50] [DEBUG] [ui][Graph][addVertex] 添加顶点 36
[2026-06-02 15:06:50] [DEBUG] [ui][Graph][addVertex] 添加顶点 37
[2026-06-02 15:06:50] [DEBUG] [ui][Graph][addVertex] 添加顶点 38
[2026-06-02 15:06:50] [DEBUG] [ui][Graph][addVertex] 添加顶点 39
[2026-06-02 15:06:50] [DEBUG] [ui][Graph][addVertex] 添加顶点 40
[2026-06-02 15:06:50] [DEBUG] [ui][Graph][addVertex] 添加顶点 41
[2026-06-02 15:06:50] [DEBUG] [ui][Graph][addVertex] 顶点 1 已存在，跳过
[2026-06-02 15:06:50] [DEBUG] [ui][Graph][addVertex] 顶点 6 已存在，跳过
[2026-06-02 15:06:50] [DEBUG] [ui][Graph][addEdge] 添加边 (1,6)
[2026-06-02 15:06:50] [DEBUG] [ui][Graph][addVertex] 添加顶点 42
[2026-06-02 15:06:50] [DEBUG] [ui][Graph][addVertex] 顶点 7 已存在，跳过
[2026-06-02 15:06:50] [DEBUG] [ui][Graph][addEdge] 添加边 (6,7)
[2026-06-02 15:06:50] [DEBUG] [ui][Graph][addVertex] 顶点 7 已存在，跳过
[2026-06-02 15:06:50] [DEBUG] [ui][Graph][addVertex] 顶点 8 已存在，跳过
[2026-06-02 15:06:50] [DEBUG] [ui][Graph][addEdge] 添加边 (7,8)
[2026-06-02 15:06:50] [DEBUG] [ui][Graph][addVertex] 顶点 8 已存在，跳过
[2026-06-02 15:06:50] [DEBUG] [ui][Graph][addVertex] 顶点 9 已存在，跳过
[2026-06-02 15:06:50] [DEBUG] [ui][Graph][addEdge] 添加边 (8,9)
[2026-06-02 15:06:50] [DEBUG] [ui][Graph][addVertex] 添加顶点 44
[2026-06-02 15:06:50] [DEBUG] [ui][Graph][addVertex] 顶点 9 已存在，跳过
[2026-06-02 15:06:50] [DEBUG] [ui][Graph][addVertex] 顶点 10 已存在，跳过
[2026-06-02 15:06:50] [DEBUG] [ui][Graph][addEdge] 添加边 (9,10)
[2026-06-02 15:06:50] [DEBUG] [ui][Graph][addVertex] 顶点 10 已存在，跳过
[2026-06-02 15:06:50] [DEBUG] [ui][Graph][addVertex] 顶点 11 已存在，跳过
[2026-06-02 15:06:50] [DEBUG] [ui][Graph][addEdge] 添加边 (10,11)
[2026-06-02 15:06:50] [DEBUG] [ui][Graph][addVertex] 顶点 11 已存在，跳过
[2026-06-02 15:06:50] [DEBUG] [ui][Graph][addVertex] 顶点 12 已存在，跳过
[2026-06-02 15:06:50] [DEBUG] [ui][Graph][addEdge] 添加边 (11,12)
[2026-06-02 15:06:50] [DEBUG] [ui][Graph][addVertex] 顶点 12 已存在，跳过
[2026-06-02 15:06:50] [DEBUG] [ui][Graph][addVertex] 顶点 13 已存在，跳过
[2026-06-02 15:06:50] [DEBUG] [ui][Graph][addEdge] 添加边 (12,13)
[2026-06-02 15:06:50] [DEBUG] [ui][Graph][addVertex] 顶点 13 已存在，跳过
[2026-06-02 15:06:50] [DEBUG] [ui][Graph][addVertex] 顶点 14 已存在，跳过
[2026-06-02 15:06:50] [DEBUG] [ui][Graph][addEdge] 添加边 (13,14)
[2026-06-02 15:06:50] [DEBUG] [ui][Graph][addVertex] 顶点 1 已存在，跳过
[2026-06-02 15:06:50] [DEBUG] [ui][Graph][addVertex] 顶点 15 已存在，跳过
[2026-06-02 15:06:50] [DEBUG] [ui][Graph][addEdge] 添加边 (1,15)
[2026-06-02 15:06:50] [DEBUG] [ui][Graph][addVertex] 顶点 15 已存在，跳过
[2026-06-02 15:06:50] [DEBUG] [ui][Graph][addVertex] 顶点 16 已存在，跳过
[2026-06-02 15:06:50] [DEBUG] [ui][Graph][addEdge] 添加边 (15,16)
[2026-06-02 15:06:50] [DEBUG] [ui][Graph][addVertex] 顶点 16 已存在，跳过
[2026-06-02 15:06:50] [DEBUG] [ui][Graph][addVertex] 添加顶点 43
[2026-06-02 15:06:50] [DEBUG] [ui][Graph][addVertex] 顶点 17 已存在，跳过
[2026-06-02 15:06:50] [DEBUG] [ui][Graph][addEdge] 添加边 (16,17)
[2026-06-02 15:06:50] [DEBUG] [ui][Graph][addVertex] 顶点 6 已存在，跳过
[2026-06-02 15:06:50] [DEBUG] [ui][Graph][addVertex] 顶点 17 已存在，跳过
[2026-06-02 15:06:50] [DEBUG] [ui][Graph][addVertex] 顶点 18 已存在，跳过
[2026-06-02 15:06:50] [DEBUG] [ui][Graph][addEdge] 添加边 (17,18)
[2026-06-02 15:06:50] [DEBUG] [ui][Graph][addVertex] 顶点 15 已存在，跳过
[2026-06-02 15:06:50] [DEBUG] [ui][Graph][addVertex] 顶点 19 已存在，跳过
[2026-06-02 15:06:50] [DEBUG] [ui][Graph][addEdge] 添加边 (15,19)
[2026-06-02 15:06:50] [DEBUG] [ui][Graph][addVertex] 顶点 19 已存在，跳过
[2026-06-02 15:06:50] [DEBUG] [ui][Graph][addVertex] 顶点 20 已存在，跳过
[2026-06-02 15:06:50] [DEBUG] [ui][Graph][addEdge] 添加边 (19,20)
[2026-06-02 15:06:50] [DEBUG] [ui][Graph][addVertex] 顶点 20 已存在，跳过
[2026-06-02 15:06:50] [DEBUG] [ui][Graph][addVertex] 顶点 21 已存在，跳过
[2026-06-02 15:06:50] [DEBUG] [ui][Graph][addEdge] 添加边 (20,21)
[2026-06-02 15:06:50] [DEBUG] [ui][Graph][addVertex] 顶点 21 已存在，跳过
[2026-06-02 15:06:50] [DEBUG] [ui][Graph][addVertex] 顶点 22 已存在，跳过
[2026-06-02 15:06:50] [DEBUG] [ui][Graph][addEdge] 添加边 (21,22)
[2026-06-02 15:06:50] [DEBUG] [ui][Graph][addEdge] 添加边 (16,20)
[2026-06-02 15:06:50] [DEBUG] [ui][Graph][addVertex] 顶点 17 已存在，跳过
[2026-06-02 15:06:50] [DEBUG] [ui][Graph][addVertex] 顶点 21 已存在，跳过
[2026-06-02 15:06:50] [DEBUG] [ui][Graph][addVertex] 顶点 16 已存在，跳过
[2026-06-02 15:06:50] [DEBUG] [ui][Graph][addVertex] 顶点 19 已存在，跳过
[2026-06-02 15:06:50] [DEBUG] [ui][Graph][addVertex] 顶点 20 已存在，跳过
[2026-06-02 15:06:50] [DEBUG] [ui][Graph][addEdge] 添加边 (17,21)
[2026-06-02 15:06:50] [DEBUG] [ui][Graph][addVertex] 顶点 23 已存在，跳过
[2026-06-02 15:06:50] [DEBUG] [ui][Graph][addEdge] 添加边 (19,23)
[2026-06-02 15:06:50] [DEBUG] [ui][Graph][addVertex] 顶点 23 已存在，跳过
[2026-06-02 15:06:50] [DEBUG] [ui][Graph][addVertex] 顶点 24 已存在，跳过
[2026-06-02 15:06:50] [DEBUG] [ui][Graph][addEdge] 添加边 (23,24)
[2026-06-02 15:06:50] [DEBUG] [ui][Graph][addVertex] 顶点 24 已存在，跳过
[2026-06-02 15:06:50] [DEBUG] [ui][Graph][addVertex] 顶点 25 已存在，跳过
[2026-06-02 15:06:50] [DEBUG] [ui][Graph][addEdge] 添加边 (24,25)
[2026-06-02 15:06:50] [DEBUG] [ui][Graph][addVertex] 顶点 25 已存在，跳过
[2026-06-02 15:06:50] [DEBUG] [ui][Graph][addVertex] 顶点 26 已存在，跳过
[2026-06-02 15:06:50] [DEBUG] [ui][Graph][addEdge] 添加边 (25,26)
[2026-06-02 15:06:50] [DEBUG] [ui][Graph][addVertex] 顶点 26 已存在，跳过
[2026-06-02 15:06:50] [DEBUG] [ui][Graph][addVertex] 顶点 27 已存在，跳过
[2026-06-02 15:06:50] [DEBUG] [ui][Graph][addEdge] 添加边 (26,27)
[2026-06-02 15:06:50] [DEBUG] [ui][Graph][addVertex] 顶点 27 已存在，跳过
[2026-06-02 15:06:50] [DEBUG] [ui][Graph][addVertex] 顶点 28 已存在，跳过
[2026-06-02 15:06:50] [DEBUG] [ui][Graph][addEdge] 添加边 (27,28)
[2026-06-02 15:06:50] [DEBUG] [ui][Graph][addVertex] 顶点 23 已存在，跳过
[2026-06-02 15:06:50] [DEBUG] [ui][Graph][addVertex] 顶点 29 已存在，跳过
[2026-06-02 15:06:50] [DEBUG] [ui][Graph][addEdge] 添加边 (23,29)
[2026-06-02 15:06:50] [DEBUG] [ui][Graph][addVertex] 顶点 29 已存在，跳过
[2026-06-02 15:06:50] [DEBUG] [ui][Graph][addVertex] 顶点 30 已存在，跳过
[2026-06-02 15:06:50] [DEBUG] [ui][Graph][addEdge] 添加边 (29,30)
[2026-06-02 15:06:50] [DEBUG] [ui][Graph][addVertex] 顶点 30 已存在，跳过
[2026-06-02 15:06:50] [DEBUG] [ui][Graph][addVertex] 顶点 31 已存在，跳过
[2026-06-02 15:06:50] [DEBUG] [ui][Graph][addEdge] 添加边 (30,31)
[2026-06-02 15:06:50] [DEBUG] [ui][Graph][addVertex] 顶点 31 已存在，跳过
[2026-06-02 15:06:50] [DEBUG] [ui][Graph][addVertex] 顶点 32 已存在，跳过
[2026-06-02 15:06:50] [DEBUG] [ui][Graph][addEdge] 添加边 (31,32)
[2026-06-02 15:06:50] [DEBUG] [ui][Graph][addVertex] 顶点 32 已存在，跳过
[2026-06-02 15:06:50] [DEBUG] [ui][Graph][addVertex] 顶点 33 已存在，跳过
[2026-06-02 15:06:50] [DEBUG] [ui][Graph][addEdge] 添加边 (32,33)
[2026-06-02 15:06:50] [DEBUG] [ui][Graph][addVertex] 顶点 33 已存在，跳过
[2026-06-02 15:06:50] [DEBUG] [ui][Graph][addVertex] 顶点 34 已存在，跳过
[2026-06-02 15:06:50] [DEBUG] [ui][Graph][addEdge] 添加边 (33,34)
[2026-06-02 15:06:50] [DEBUG] [ui][Graph][addVertex] 顶点 24 已存在，跳过
[2026-06-02 15:06:50] [DEBUG] [ui][Graph][addVertex] 顶点 30 已存在，跳过
[2026-06-02 15:06:50] [DEBUG] [ui][Graph][addEdge] 添加边 (24,30)
[2026-06-02 15:06:50] [DEBUG] [ui][Graph][addVertex] 顶点 25 已存在，跳过
[2026-06-02 15:06:50] [DEBUG] [ui][Graph][addVertex] 顶点 31 已存在，跳过
[2026-06-02 15:06:50] [DEBUG] [ui][Graph][addEdge] 添加边 (25,31)
[2026-06-02 15:06:50] [DEBUG] [ui][Graph][addVertex] 顶点 26 已存在，跳过
[2026-06-02 15:06:50] [DEBUG] [ui][Graph][addVertex] 顶点 32 已存在，跳过
[2026-06-02 15:06:50] [DEBUG] [ui][Graph][addEdge] 添加边 (26,32)
[2026-06-02 15:06:50] [DEBUG] [ui][Graph][addVertex] 顶点 27 已存在，跳过
[2026-06-02 15:06:50] [DEBUG] [ui][Graph][addVertex] 顶点 33 已存在，跳过
[2026-06-02 15:06:50] [DEBUG] [ui][Graph][addVertex] 顶点 29 已存在，跳过
[2026-06-02 15:06:50] [DEBUG] [ui][Graph][addEdge] 添加边 (27,33)
[2026-06-02 15:06:50] [DEBUG] [ui][Graph][addVertex] 顶点 35 已存在，跳过
[2026-06-02 15:06:50] [DEBUG] [ui][Graph][addEdge] 添加边 (29,35)
[2026-06-02 15:06:50] [DEBUG] [ui][Graph][addVertex] 顶点 35 已存在，跳过
[2026-06-02 15:06:50] [DEBUG] [ui][Graph][addVertex] 顶点 36 已存在，跳过
[2026-06-02 15:06:50] [DEBUG] [ui][Graph][addEdge] 添加边 (35,36)
[2026-06-02 15:06:50] [DEBUG] [ui][Graph][addVertex] 顶点 37 已存在，跳过
[2026-06-02 15:06:50] [DEBUG] [ui][Graph][addVertex] 顶点 36 已存在，跳过
[2026-06-02 15:06:50] [DEBUG] [ui][Graph][addEdge] 添加边 (36,37)
[2026-06-02 15:06:50] [DEBUG] [ui][Graph][addVertex] 顶点 37 已存在，跳过
[2026-06-02 15:06:50] [DEBUG] [ui][Graph][addVertex] 顶点 38 已存在，跳过
[2026-06-02 15:06:50] [DEBUG] [ui][Graph][addEdge] 添加边 (37,38)
[2026-06-02 15:06:50] [DEBUG] [ui][Graph][addVertex] 顶点 38 已存在，跳过
[2026-06-02 15:06:50] [DEBUG] [ui][Graph][addVertex] 顶点 39 已存在，跳过
[2026-06-02 15:06:50] [DEBUG] [ui][Graph][addEdge] 添加边 (38,39)
[2026-06-02 15:06:50] [DEBUG] [ui][Graph][addVertex] 顶点 39 已存在，跳过
[2026-06-02 15:06:50] [DEBUG] [ui][Graph][addVertex] 顶点 40 已存在，跳过
[2026-06-02 15:06:50] [DEBUG] [ui][Graph][addEdge] 添加边 (39,40)
[2026-06-02 15:06:50] [DEBUG] [ui][Graph][addVertex] 顶点 40 已存在，跳过
[2026-06-02 15:06:50] [DEBUG] [ui][Graph][addVertex] 顶点 41 已存在，跳过
[2026-06-02 15:06:50] [DEBUG] [ui][Graph][addEdge] 添加边 (40,41)
[2026-06-02 15:06:50] [DEBUG] [ui][Graph][addVertex] 顶点 41 已存在，跳过
[2026-06-02 15:06:50] [DEBUG] [ui][Graph][addEdge] 添加边 (41,42)
[2026-06-02 15:06:50] [DEBUG] [ui][Graph][addVertex] 顶点 42 已存在，跳过
[2026-06-02 15:06:50] [DEBUG] [ui][Graph][addVertex] 顶点 42 已存在，跳过
[2026-06-02 15:06:50] [DEBUG] [ui][Graph][addVertex] 顶点 43 已存在，跳过
[2026-06-02 15:06:50] [DEBUG] [ui][Graph][addEdge] 添加边 (42,43)
[2026-06-02 15:06:50] [DEBUG] [ui][Graph][addVertex] 顶点 43 已存在，跳过
[2026-06-02 15:06:50] [DEBUG] [ui][Graph][addVertex] 顶点 2 已存在，跳过
[2026-06-02 15:06:50] [DEBUG] [ui][Graph][addEdge] 添加边 (43,2)
[2026-06-02 15:06:50] [DEBUG] [ui][Graph][addVertex] 顶点 2 已存在，跳过
[2026-06-02 15:06:50] [DEBUG] [ui][Graph][addVertex] 顶点 3 已存在，跳过
[2026-06-02 15:06:50] [DEBUG] [ui][Graph][addEdge] 添加边 (2,3)
[2026-06-02 15:06:50] [DEBUG] [ui][Graph][addVertex] 顶点 3 已存在，跳过
[2026-06-02 15:06:50] [DEBUG] [ui][Graph][addVertex] 顶点 4 已存在，跳过
[2026-06-02 15:06:50] [DEBUG] [ui][Graph][addEdge] 添加边 (3,4)
[2026-06-02 15:06:50] [DEBUG] [ui][Graph][addVertex] 顶点 4 已存在，跳过
[2026-06-02 15:06:50] [DEBUG] [ui][Graph][addVertex] 顶点 5 已存在，跳过
[2026-06-02 15:06:50] [DEBUG] [ui][Graph][addEdge] 添加边 (4,5)
[2026-06-02 15:06:50] [DEBUG] [ui][Graph][addVertex] 顶点 5 已存在，跳过
[2026-06-02 15:06:50] [DEBUG] [ui][Graph][addVertex] 顶点 44 已存在，跳过
[2026-06-02 15:06:50] [DEBUG] [ui][Graph][addEdge] 添加边 (5,44)
[2026-06-02 15:06:50] [INFO] [ui][FoupLevelGraphBuilder][buildMultilist]邻接多重表构建完成
[2026-06-02 15:06:50] [INFO] [ui][FoupLevelGraphBuilder][buildGraph]阶段(1): 重建邻接多重表完成
[2026-06-02 15:06:50] [INFO] [ui][FoupLevelGraphBuilder][layoutAndDraw]起始节点ID: 1, 坐标: (20, 120)
[2026-06-02 15:06:50] [DEBUG] [ui][FoupLevelGraphBuilder][processEdge]处理边: 1 -> 6, 类型: STRAIGHT_LINE, size: 840, offset: 0
[2026-06-02 15:06:50] [INFO] [ui][FoupLevelGraphBuilder][processStraightLine]边 1 -> 6 类型分析:
  fromId 1: TRACK 
  toId 6: SET 
  原始 size = 840
[2026-06-02 15:06:50] [INFO] [ui][FoupLevelGraphBuilder][processStraightLine]TRACK-SET 边计算过程:
  typicalFoupCount = 4
  m_foupDeviceWidth = 120 → foupDevicesWidth = 4 × 120 = 480
  m_foupSpacing = 5 → totalFoupSpacing = (4 - 1) × 5 = 15
  setFoupWidth = 480 + 15 = 495
  原始 size = 840
  unit = deviceSize + deviceSpacing = 120 + 20 = 140
  multiplier = size / unit = 840 / 140 = 6
  distance = multiplier × setFoupWidth = 6 × 495 = 2970
[2026-06-02 15:06:50] [INFO] [ui][FoupLevelGraphBuilder][processStraightLine]直线: 1 -> 6, 最终距离: 2970, 起点(20,120), 终点(2990,120)
[2026-06-02 15:06:50] [INFO] [ui][FoupLevelGraphBuilder][createFoupDevices]开始创建 4 个Foup设备, SET_ID=6, uiId=6, trackPos=(2990, 120), totalWidth=495, startX=2742.5
[2026-06-02 15:06:50] [INFO] [ui][FoupLevelGraphBuilder][createFoupDevices]创建Foup设备: SET_ID=6, Foup[0], qrCode=12001, 坐标=(2742.5, 38)
[2026-06-02 15:06:50] [INFO] [ui][FoupLevelGraphBuilder][createFoupDevices]创建Foup设备: SET_ID=6, Foup[1], qrCode=12002, 坐标=(2867.5, 38)
[2026-06-02 15:06:50] [INFO] [ui][FoupLevelGraphBuilder][createFoupDevices]创建Foup设备: SET_ID=6, Foup[2], qrCode=12003, 坐标=(2992.5, 38)
[2026-06-02 15:06:50] [INFO] [ui][FoupLevelGraphBuilder][createFoupDevices]创建Foup设备: SET_ID=6, Foup[3], qrCode=12004, 坐标=(3117.5, 38)
[2026-06-02 15:06:50] [INFO] [ui][FoupLevelGraphBuilder][createFoupDevices]完成创建 4 个Foup设备, SET_ID=6, 设备键范围: 600 - 603
[2026-06-02 15:06:50] [INFO] [ui][FoupLevelGraphBuilder][processNode]创建SET节点的Foup设备: ID=6
[2026-06-02 15:06:50] [DEBUG] [ui][FoupLevelGraphBuilder][processEdge]处理边: 6 -> 7, 类型: STRAIGHT_LINE, size: 140, offset: 0
[2026-06-02 15:06:50] [INFO] [ui][FoupLevelGraphBuilder][processStraightLine]边 6 -> 7 类型分析:
  fromId 6: SET 
  toId 7: SET 
  原始 size = 140
[2026-06-02 15:06:50] [INFO] [ui][FoupLevelGraphBuilder][processStraightLine]SET-SET 边计算过程:
  typicalFoupCount = 4
  m_foupDeviceWidth = 120 → foupDevicesWidth = 4 × 120 = 480
  m_foupSpacing = 5 → totalFoupSpacing = (4 - 1) × 5 = 15
  setFoupWidth = 480 + 15 = 495
  m_setSpacing = 20
  原始 size = 140
  unit = deviceSize + deviceSpacing = 120 + 20 = 140
  multiplier = size / unit = 140 / 140 = 1
  distance = multiplier × (setFoupWidth + m_setSpacing) = 1 × (495 + 20) = 515
[2026-06-02 15:06:50] [INFO] [ui][FoupLevelGraphBuilder][processStraightLine]直线: 6 -> 7, 最终距离: 515, 起点(2990,120), 终点(3505,120)
[2026-06-02 15:06:50] [INFO] [ui][FoupLevelGraphBuilder][createFoupDevices]开始创建 4 个Foup设备, SET_ID=7, uiId=7, trackPos=(3505, 120), totalWidth=495, startX=3257.5
[2026-06-02 15:06:50] [INFO] [ui][FoupLevelGraphBuilder][createFoupDevices]创建Foup设备: SET_ID=7, Foup[0], qrCode=12005, 坐标=(3257.5, 38)
[2026-06-02 15:06:50] [INFO] [ui][FoupLevelGraphBuilder][createFoupDevices]创建Foup设备: SET_ID=7, Foup[1], qrCode=12006, 坐标=(3382.5, 38)
[2026-06-02 15:06:50] [INFO] [ui][FoupLevelGraphBuilder][createFoupDevices]创建Foup设备: SET_ID=7, Foup[2], qrCode=12007, 坐标=(3507.5, 38)
[2026-06-02 15:06:51] [INFO] [ui][FoupLevelGraphBuilder][createFoupDevices]创建Foup设备: SET_ID=7, Foup[3], qrCode=12008, 坐标=(3632.5, 38)
[2026-06-02 15:06:51] [INFO] [ui][FoupLevelGraphBuilder][createFoupDevices]完成创建 4 个Foup设备, SET_ID=7, 设备键范围: 700 - 703
[2026-06-02 15:06:51] [INFO] [ui][FoupLevelGraphBuilder][processNode]创建SET节点的Foup设备: ID=7
[2026-06-02 15:06:51] [DEBUG] [ui][FoupLevelGraphBuilder][processEdge]处理边: 7 -> 8, 类型: STRAIGHT_LINE, size: 420, offset: 0
[2026-06-02 15:06:51] [INFO] [ui][FoupLevelGraphBuilder][processStraightLine]边 7 -> 8 类型分析:
  fromId 7: SET 
  toId 8: SET 
  原始 size = 420
[2026-06-02 15:06:51] [INFO] [ui][FoupLevelGraphBuilder][processStraightLine]SET-SET 边计算过程:
  typicalFoupCount = 4
  m_foupDeviceWidth = 120 → foupDevicesWidth = 4 × 120 = 480
  m_foupSpacing = 5 → totalFoupSpacing = (4 - 1) × 5 = 15
  setFoupWidth = 480 + 15 = 495
  m_setSpacing = 20
  原始 size = 420
  unit = deviceSize + deviceSpacing = 120 + 20 = 140
  multiplier = size / unit = 420 / 140 = 3
  distance = multiplier × (setFoupWidth + m_setSpacing) = 3 × (495 + 20) = 1545
[2026-06-02 15:06:51] [INFO] [ui][FoupLevelGraphBuilder][processStraightLine]直线: 7 -> 8, 最终距离: 1545, 起点(3505,120), 终点(5050,120)
[2026-06-02 15:06:51] [INFO] [ui][FoupLevelGraphBuilder][createFoupDevices]开始创建 4 个Foup设备, SET_ID=8, uiId=8, trackPos=(5050, 120), totalWidth=495, startX=4802.5
[2026-06-02 15:06:51] [INFO] [ui][FoupLevelGraphBuilder][createFoupDevices]创建Foup设备: SET_ID=8, Foup[0], qrCode=12009, 坐标=(4802.5, 38)
[2026-06-02 15:06:51] [INFO] [ui][FoupLevelGraphBuilder][createFoupDevices]创建Foup设备: SET_ID=8, Foup[1], qrCode=12010, 坐标=(4927.5, 38)
[2026-06-02 15:06:51] [INFO] [ui][FoupLevelGraphBuilder][createFoupDevices]创建Foup设备: SET_ID=8, Foup[2], qrCode=12011, 坐标=(5052.5, 38)
[2026-06-02 15:06:51] [INFO] [ui][FoupLevelGraphBuilder][createFoupDevices]创建Foup设备: SET_ID=8, Foup[3], qrCode=12012, 坐标=(5177.5, 38)
[2026-06-02 15:06:51] [INFO] [ui][FoupLevelGraphBuilder][createFoupDevices]完成创建 4 个Foup设备, SET_ID=8, 设备键范围: 800 - 803
[2026-06-02 15:06:51] [INFO] [ui][FoupLevelGraphBuilder][processNode]创建SET节点的Foup设备: ID=8
[2026-06-02 15:06:51] [DEBUG] [ui][FoupLevelGraphBuilder][processEdge]处理边: 8 -> 9, 类型: STRAIGHT_LINE, size: 140, offset: 0
[2026-06-02 15:06:51] [INFO] [ui][FoupLevelGraphBuilder][processStraightLine]边 8 -> 9 类型分析:
  fromId 8: SET 
  toId 9: SET 
  原始 size = 140
[2026-06-02 15:06:51] [INFO] [ui][FoupLevelGraphBuilder][processStraightLine]SET-SET 边计算过程:
  typicalFoupCount = 4
  m_foupDeviceWidth = 120 → foupDevicesWidth = 4 × 120 = 480
  m_foupSpacing = 5 → totalFoupSpacing = (4 - 1) × 5 = 15
  setFoupWidth = 480 + 15 = 495
  m_setSpacing = 20
  原始 size = 140
  unit = deviceSize + deviceSpacing = 120 + 20 = 140
  multiplier = size / unit = 140 / 140 = 1
  distance = multiplier × (setFoupWidth + m_setSpacing) = 1 × (495 + 20) = 515
[2026-06-02 15:06:51] [INFO] [ui][FoupLevelGraphBuilder][processStraightLine]直线: 8 -> 9, 最终距离: 515, 起点(5050,120), 终点(5565,120)
[2026-06-02 15:06:51] [INFO] [ui][FoupLevelGraphBuilder][createFoupDevices]开始创建 4 个Foup设备, SET_ID=9, uiId=9, trackPos=(5565, 120), totalWidth=495, startX=5317.5
[2026-06-02 15:06:51] [INFO] [ui][FoupLevelGraphBuilder][createFoupDevices]创建Foup设备: SET_ID=9, Foup[0], qrCode=12013, 坐标=(5317.5, 38)
[2026-06-02 15:06:51] [INFO] [ui][FoupLevelGraphBuilder][createFoupDevices]创建Foup设备: SET_ID=9, Foup[1], qrCode=12014, 坐标=(5442.5, 38)
[2026-06-02 15:06:51] [INFO] [ui][FoupLevelGraphBuilder][createFoupDevices]创建Foup设备: SET_ID=9, Foup[2], qrCode=12015, 坐标=(5567.5, 38)
[2026-06-02 15:06:51] [INFO] [ui][FoupLevelGraphBuilder][createFoupDevices]创建Foup设备: SET_ID=9, Foup[3], qrCode=12016, 坐标=(5692.5, 38)
[2026-06-02 15:06:51] [INFO] [ui][FoupLevelGraphBuilder][createFoupDevices]完成创建 4 个Foup设备, SET_ID=9, 设备键范围: 900 - 903
[2026-06-02 15:06:51] [INFO] [ui][FoupLevelGraphBuilder][processNode]创建SET节点的Foup设备: ID=9
[2026-06-02 15:06:51] [DEBUG] [ui][FoupLevelGraphBuilder][processEdge]处理边: 9 -> 10, 类型: STRAIGHT_LINE, size: 140, offset: 0
[2026-06-02 15:06:51] [INFO] [ui][FoupLevelGraphBuilder][processStraightLine]边 9 -> 10 类型分析:
  fromId 9: SET 
  toId 10: SET 
  原始 size = 140
[2026-06-02 15:06:51] [INFO] [ui][FoupLevelGraphBuilder][processStraightLine]SET-SET 边计算过程:
  typicalFoupCount = 4
  m_foupDeviceWidth = 120 → foupDevicesWidth = 4 × 120 = 480
  m_foupSpacing = 5 → totalFoupSpacing = (4 - 1) × 5 = 15
  setFoupWidth = 480 + 15 = 495
  m_setSpacing = 20
  原始 size = 140
  unit = deviceSize + deviceSpacing = 120 + 20 = 140
  multiplier = size / unit = 140 / 140 = 1
  distance = multiplier × (setFoupWidth + m_setSpacing) = 1 × (495 + 20) = 515
[2026-06-02 15:06:51] [INFO] [ui][FoupLevelGraphBuilder][processStraightLine]直线: 9 -> 10, 最终距离: 515, 起点(5565,120), 终点(6080,120)
[2026-06-02 15:06:51] [INFO] [ui][FoupLevelGraphBuilder][createFoupDevices]开始创建 4 个Foup设备, SET_ID=10, uiId=10, trackPos=(6080, 120), totalWidth=495, startX=5832.5
[2026-06-02 15:06:51] [INFO] [ui][FoupLevelGraphBuilder][createFoupDevices]创建Foup设备: SET_ID=10, Foup[0], qrCode=12017, 坐标=(5832.5, 38)
[2026-06-02 15:06:51] [INFO] [ui][FoupLevelGraphBuilder][createFoupDevices]创建Foup设备: SET_ID=10, Foup[1], qrCode=12018, 坐标=(5957.5, 38)
[2026-06-02 15:06:51] [INFO] [ui][FoupLevelGraphBuilder][createFoupDevices]创建Foup设备: SET_ID=10, Foup[2], qrCode=12019, 坐标=(6082.5, 38)
[2026-06-02 15:06:51] [INFO] [ui][FoupLevelGraphBuilder][createFoupDevices]创建Foup设备: SET_ID=10, Foup[3], qrCode=12020, 坐标=(6207.5, 38)
[2026-06-02 15:06:51] [INFO] [ui][FoupLevelGraphBuilder][createFoupDevices]完成创建 4 个Foup设备, SET_ID=10, 设备键范围: 1000 - 1003
[2026-06-02 15:06:51] [INFO] [ui][FoupLevelGraphBuilder][processNode]创建SET节点的Foup设备: ID=10
[2026-06-02 15:06:51] [DEBUG] [ui][FoupLevelGraphBuilder][processEdge]处理边: 10 -> 11, 类型: STRAIGHT_LINE, size: 140, offset: 0
[2026-06-02 15:06:51] [INFO] [ui][FoupLevelGraphBuilder][processStraightLine]边 10 -> 11 类型分析:
  fromId 10: SET 
  toId 11: SET 
  原始 size = 140
[2026-06-02 15:06:51] [INFO] [ui][FoupLevelGraphBuilder][processStraightLine]SET-SET 边计算过程:
  typicalFoupCount = 4
  m_foupDeviceWidth = 120 → foupDevicesWidth = 4 × 120 = 480
  m_foupSpacing = 5 → totalFoupSpacing = (4 - 1) × 5 = 15
  setFoupWidth = 480 + 15 = 495
  m_setSpacing = 20
  原始 size = 140
  unit = deviceSize + deviceSpacing = 120 + 20 = 140
  multiplier = size / unit = 140 / 140 = 1
  distance = multiplier × (setFoupWidth + m_setSpacing) = 1 × (495 + 20) = 515
[2026-06-02 15:06:51] [INFO] [ui][FoupLevelGraphBuilder][processStraightLine]直线: 10 -> 11, 最终距离: 515, 起点(6080,120), 终点(6595,120)
[2026-06-02 15:06:51] [INFO] [ui][FoupLevelGraphBuilder][createFoupDevices]开始创建 4 个Foup设备, SET_ID=11, uiId=11, trackPos=(6595, 120), totalWidth=495, startX=6347.5
[2026-06-02 15:06:51] [INFO] [ui][FoupLevelGraphBuilder][createFoupDevices]创建Foup设备: SET_ID=11, Foup[0], qrCode=12021, 坐标=(6347.5, 38)
[2026-06-02 15:06:51] [INFO] [ui][FoupLevelGraphBuilder][createFoupDevices]创建Foup设备: SET_ID=11, Foup[1], qrCode=12022, 坐标=(6472.5, 38)
[2026-06-02 15:06:51] [INFO] [ui][FoupLevelGraphBuilder][createFoupDevices]创建Foup设备: SET_ID=11, Foup[2], qrCode=12023, 坐标=(6597.5, 38)
[2026-06-02 15:06:51] [INFO] [ui][FoupLevelGraphBuilder][createFoupDevices]创建Foup设备: SET_ID=11, Foup[3], qrCode=12024, 坐标=(6722.5, 38)
[2026-06-02 15:06:51] [INFO] [ui][FoupLevelGraphBuilder][createFoupDevices]完成创建 4 个Foup设备, SET_ID=11, 设备键范围: 1100 - 1103
[2026-06-02 15:06:51] [INFO] [ui][FoupLevelGraphBuilder][processNode]创建SET节点的Foup设备: ID=11
[2026-06-02 15:06:51] [DEBUG] [ui][FoupLevelGraphBuilder][processEdge]处理边: 11 -> 12, 类型: STRAIGHT_LINE, size: 140, offset: 0
[2026-06-02 15:06:51] [INFO] [ui][FoupLevelGraphBuilder][processStraightLine]边 11 -> 12 类型分析:
  fromId 11: SET 
  toId 12: SET 
  原始 size = 140
[2026-06-02 15:06:51] [INFO] [ui][FoupLevelGraphBuilder][processStraightLine]SET-SET 边计算过程:
  typicalFoupCount = 4
  m_foupDeviceWidth = 120 → foupDevicesWidth = 4 × 120 = 480
  m_foupSpacing = 5 → totalFoupSpacing = (4 - 1) × 5 = 15
  setFoupWidth = 480 + 15 = 495
  m_setSpacing = 20
  原始 size = 140
  unit = deviceSize + deviceSpacing = 120 + 20 = 140
  multiplier = size / unit = 140 / 140 = 1
  distance = multiplier × (setFoupWidth + m_setSpacing) = 1 × (495 + 20) = 515
[2026-06-02 15:06:51] [INFO] [ui][FoupLevelGraphBuilder][processStraightLine]直线: 11 -> 12, 最终距离: 515, 起点(6595,120), 终点(7110,120)
[2026-06-02 15:06:51] [INFO] [ui][FoupLevelGraphBuilder][createFoupDevices]开始创建 4 个Foup设备, SET_ID=12, uiId=12, trackPos=(7110, 120), totalWidth=495, startX=6862.5
[2026-06-02 15:06:51] [INFO] [ui][FoupLevelGraphBuilder][createFoupDevices]创建Foup设备: SET_ID=12, Foup[0], qrCode=12025, 坐标=(6862.5, 38)
[2026-06-02 15:06:51] [INFO] [ui][FoupLevelGraphBuilder][createFoupDevices]创建Foup设备: SET_ID=12, Foup[1], qrCode=12026, 坐标=(6987.5, 38)
[2026-06-02 15:06:51] [INFO] [ui][FoupLevelGraphBuilder][createFoupDevices]创建Foup设备: SET_ID=12, Foup[2], qrCode=12027, 坐标=(7112.5, 38)
[2026-06-02 15:06:51] [INFO] [ui][FoupLevelGraphBuilder][createFoupDevices]创建Foup设备: SET_ID=12, Foup[3], qrCode=12028, 坐标=(7237.5, 38)
[2026-06-02 15:06:51] [INFO] [ui][FoupLevelGraphBuilder][createFoupDevices]完成创建 4 个Foup设备, SET_ID=12, 设备键范围: 1200 - 1203
[2026-06-02 15:06:51] [INFO] [ui][FoupLevelGraphBuilder][processNode]创建SET节点的Foup设备: ID=12
[2026-06-02 15:06:51] [DEBUG] [ui][FoupLevelGraphBuilder][processEdge]处理边: 12 -> 13, 类型: STRAIGHT_LINE, size: 140, offset: 0
[2026-06-02 15:06:51] [INFO] [ui][FoupLevelGraphBuilder][processStraightLine]边 12 -> 13 类型分析:
  fromId 12: SET 
  toId 13: SET 
  原始 size = 140
[2026-06-02 15:06:51] [INFO] [ui][FoupLevelGraphBuilder][processStraightLine]SET-SET 边计算过程:
  typicalFoupCount = 4
  m_foupDeviceWidth = 120 → foupDevicesWidth = 4 × 120 = 480
  m_foupSpacing = 5 → totalFoupSpacing = (4 - 1) × 5 = 15
  setFoupWidth = 480 + 15 = 495
  m_setSpacing = 20
  原始 size = 140
  unit = deviceSize + deviceSpacing = 120 + 20 = 140
  multiplier = size / unit = 140 / 140 = 1
  distance = multiplier × (setFoupWidth + m_setSpacing) = 1 × (495 + 20) = 515
[2026-06-02 15:06:51] [INFO] [ui][FoupLevelGraphBuilder][processStraightLine]直线: 12 -> 13, 最终距离: 515, 起点(7110,120), 终点(7625,120)
[2026-06-02 15:06:51] [INFO] [ui][FoupLevelGraphBuilder][createFoupDevices]开始创建 4 个Foup设备, SET_ID=13, uiId=13, trackPos=(7625, 120), totalWidth=495, startX=7377.5
[2026-06-02 15:06:51] [INFO] [ui][FoupLevelGraphBuilder][createFoupDevices]创建Foup设备: SET_ID=13, Foup[0], qrCode=12029, 坐标=(7377.5, 38)
[2026-06-02 15:06:51] [INFO] [ui][FoupLevelGraphBuilder][createFoupDevices]创建Foup设备: SET_ID=13, Foup[1], qrCode=12030, 坐标=(7502.5, 38)
[2026-06-02 15:06:51] [INFO] [ui][FoupLevelGraphBuilder][createFoupDevices]创建Foup设备: SET_ID=13, Foup[2], qrCode=12031, 坐标=(7627.5, 38)
[2026-06-02 15:06:51] [INFO] [ui][FoupLevelGraphBuilder][createFoupDevices]创建Foup设备: SET_ID=13, Foup[3], qrCode=12032, 坐标=(7752.5, 38)
[2026-06-02 15:06:51] [INFO] [ui][FoupLevelGraphBuilder][createFoupDevices]完成创建 4 个Foup设备, SET_ID=13, 设备键范围: 1300 - 1303
[2026-06-02 15:06:51] [INFO] [ui][FoupLevelGraphBuilder][processNode]创建SET节点的Foup设备: ID=13
[2026-06-02 15:06:51] [DEBUG] [ui][FoupLevelGraphBuilder][processEdge]处理边: 13 -> 14, 类型: STRAIGHT_LINE, size: 70, offset: 416
[2026-06-02 15:06:51] [INFO] [ui][FoupLevelGraphBuilder][processStraightLine]边 13 -> 14 类型分析:
  fromId 13: SET 
  toId 14: TRACK 
  原始 size = 70
[2026-06-02 15:06:51] [INFO] [ui][FoupLevelGraphBuilder][processStraightLine]SET-SET 边计算过程:
  typicalFoupCount = 4
  m_foupDeviceWidth = 120 → foupDevicesWidth = 4 × 120 = 480
  m_foupSpacing = 5 → totalFoupSpacing = (4 - 1) × 5 = 15
  setFoupWidth = 480 + 15 = 495
  原始 size = 70
  unit = deviceSize + deviceSpacing = 120 + 20 = 140
  multiplier = size / unit = 70 / 140 = 0.5
  基础 distance = 0.5 × 495 = 247.5
  offset = 416
  最终 distance = 247.5 + 416 = 663.5
[2026-06-02 15:06:51] [INFO] [ui][FoupLevelGraphBuilder][processStraightLine]直线: 13 -> 14, 最终距离: 663.5, 起点(7625,120), 终点(8288.5,120)
[2026-06-02 15:06:51] [DEBUG] [ui][FoupLevelGraphBuilder][processEdge]处理边: 1 -> 15, 类型: VERTICAL_VIRTUAL_LINE, size: 6, offset: 0
[2026-06-02 15:06:51] [INFO] [ui][FoupLevelGraphBuilder][processStraightLine]边 15 -> 16 类型分析:
  fromId 15: TRACK 
  toId 16: TRACK 
  原始 size = 560
[2026-06-02 15:06:51] [INFO] [ui][FoupLevelGraphBuilder][processVirtualLine]虚线: 1 -> 15, 类型: VERTICAL_VIRTUAL_LINE, 起点(20,120), 终点(20,126)
[2026-06-02 15:06:51] [DEBUG] [ui][FoupLevelGraphBuilder][processEdge]处理边: 15 -> 16, 类型: STRAIGHT_LINE, size: 560, offset: 0
[2026-06-02 15:06:51] [INFO] [ui][FoupLevelGraphBuilder][processStraightLine]TRACK-TRACK 边计算过程:
  typicalFoupCount = 4
  m_foupDeviceWidth = 120 → foupDevicesWidth = 4 × 120 = 480
  m_foupSpacing = 5 → totalFoupSpacing = (4 - 1) × 5 = 15
  setFoupWidth = 480 + 15 = 495
  原始 size = 560
  setUnit = deviceSize + deviceSpacing = 120 + 20 = 140
  multiplier = size / unit = 560 / 140 = 4
  distance = multiplier × setFoupWidth = 4 × 495 = 1980
[2026-06-02 15:06:51] [INFO] [ui][FoupLevelGraphBuilder][processStraightLine]直线: 15 -> 16, 最终距离: 1980, 起点(20,126), 终点(2000,126)
[2026-06-02 15:06:51] [DEBUG] [ui][FoupLevelGraphBuilder][processEdge]处理边: 16 -> 17, 类型: HORIZONTAL_VIRTUAL_LINE, size: 6, offset: 0
[2026-06-02 15:06:51] [INFO] [ui][FoupLevelGraphBuilder][processVirtualLine]虚线: 16 -> 17, 类型: HORIZONTAL_VIRTUAL_LINE, 起点(2000,126), 终点(2006,126)
[2026-06-02 15:06:51] [DEBUG] [ui][FoupLevelGraphBuilder][processEdge]处理边: 17 -> 18, 类型: STRAIGHT_LINE, size: 1722, offset: 194
[2026-06-02 15:06:51] [INFO] [ui][FoupLevelGraphBuilder][processStraightLine]边 17 -> 18 类型分析:
  fromId 17: TRACK 
  toId 18: TRACK 
  原始 size = 1722
[2026-06-02 15:06:51] [INFO] [ui][FoupLevelGraphBuilder][processStraightLine]TRACK-TRACK 边计算过程:
  typicalFoupCount = 4
  m_foupDeviceWidth = 120 → foupDevicesWidth = 4 × 120 = 480
  m_foupSpacing = 5 → totalFoupSpacing = (4 - 1) × 5 = 15
  setFoupWidth = 480 + 15 = 495
  原始 size = 1722
  setUnit = deviceSize + deviceSpacing = 120 + 20 = 140
  multiplier = size / unit = 1722 / 140 = 12.3
  基础 distance = 12.3 × 495 = 6088.5
  offset = 194
  最终 distance = 6088.5 + 194 = 6282.5
[2026-06-02 15:06:51] [INFO] [ui][FoupLevelGraphBuilder][processStraightLine]直线: 17 -> 18, 最终距离: 6282.5, 起点(2006,126), 终点(8288.5,126)
[2026-06-02 15:06:51] [DEBUG] [ui][FoupLevelGraphBuilder][processEdge]处理边: 15 -> 19, 类型: VERTICAL_VIRTUAL_LINE, size: 140, offset: 0
[2026-06-02 15:06:51] [INFO] [ui][FoupLevelGraphBuilder][processVirtualLine]虚线: 15 -> 19, 类型: VERTICAL_VIRTUAL_LINE, 起点(20,126), 终点(20,266)
[2026-06-02 15:06:51] [DEBUG] [ui][FoupLevelGraphBuilder][processEdge]处理边: 19 -> 20, 类型: STRAIGHT_LINE, size: 700, offset: 0
[2026-06-02 15:06:51] [INFO] [ui][FoupLevelGraphBuilder][processStraightLine]边 19 -> 20 类型分析:
  fromId 19: TRACK 
  toId 20: TRACK 
  原始 size = 700
[2026-06-02 15:06:51] [INFO] [ui][FoupLevelGraphBuilder][processStraightLine]TRACK-TRACK 边计算过程:
  typicalFoupCount = 4
  m_foupDeviceWidth = 120 → foupDevicesWidth = 4 × 120 = 480
  m_foupSpacing = 5 → totalFoupSpacing = (4 - 1) × 5 = 15
  setFoupWidth = 480 + 15 = 495
  原始 size = 700
  setUnit = deviceSize + deviceSpacing = 120 + 20 = 140
  multiplier = size / unit = 700 / 140 = 5
  distance = multiplier × setFoupWidth = 5 × 495 = 2475
[2026-06-02 15:06:51] [INFO] [ui][FoupLevelGraphBuilder][processStraightLine]直线: 19 -> 20, 最终距离: 2475, 起点(20,266), 终点(2495,266)
[2026-06-02 15:06:51] [DEBUG] [ui][FoupLevelGraphBuilder][processEdge]处理边: 20 -> 21, 类型: HORIZONTAL_VIRTUAL_LINE, size: 6, offset: 0
[2026-06-02 15:06:51] [INFO] [ui][FoupLevelGraphBuilder][processVirtualLine]虚线: 20 -> 21, 类型: HORIZONTAL_VIRTUAL_LINE, 起点(2495,266), 终点(2501,266)
[2026-06-02 15:06:51] [DEBUG] [ui][FoupLevelGraphBuilder][processEdge]处理边: 21 -> 22, 类型: STRAIGHT_LINE, size: 1582, offset: 190
[2026-06-02 15:06:51] [INFO] [ui][FoupLevelGraphBuilder][processStraightLine]边 21 -> 22 类型分析:
  fromId 21: TRACK 
  toId 22: TRACK 
  原始 size = 1582
[2026-06-02 15:06:51] [INFO] [ui][FoupLevelGraphBuilder][processStraightLine]TRACK-TRACK 边计算过程:
  typicalFoupCount = 4
  m_foupDeviceWidth = 120 → foupDevicesWidth = 4 × 120 = 480
  m_foupSpacing = 5 → totalFoupSpacing = (4 - 1) × 5 = 15
  setFoupWidth = 480 + 15 = 495
  原始 size = 1582
  setUnit = deviceSize + deviceSpacing = 120 + 20 = 140
  multiplier = size / unit = 1582 / 140 = 11.3
  基础 distance = 11.3 × 495 = 5593.5
  offset = 190
  最终 distance = 5593.5 + 190 = 5783.5
[2026-06-02 15:06:51] [INFO] [ui][FoupLevelGraphBuilder][processStraightLine]直线: 21 -> 22, 最终距离: 5783.5, 起点(2501,266), 终点(8284.5,266)
[2026-06-02 15:06:51] [DEBUG] [ui][FoupLevelGraphBuilder][processEdge]处理边: 16 -> 20, 类型: REVERSE_S_CURVE, size: 140, offset: 0
[2026-06-02 15:06:51] [INFO] [ui][FoupLevelGraphBuilder][processSCurve]S曲线: 16 -> 20, 类型: REVERSE_S_CURVE, 起点(2000,126), 终点(2495,266)
[2026-06-02 15:06:51] [DEBUG] [ui][FoupLevelGraphBuilder][processEdge]处理边: 17 -> 21, 类型: REVERSE_S_CURVE, size: 140, offset: 0
[2026-06-02 15:06:51] [INFO] [ui][FoupLevelGraphBuilder][processSCurve]S曲线: 17 -> 21, 类型: REVERSE_S_CURVE, 起点(2006,126), 终点(2501,266)
[2026-06-02 15:06:51] [DEBUG] [ui][FoupLevelGraphBuilder][processEdge]处理边: 19 -> 23, 类型: VERTICAL_VIRTUAL_LINE, size: 6, offset: 0
[2026-06-02 15:06:51] [INFO] [ui][FoupLevelGraphBuilder][processVirtualLine]虚线: 19 -> 23, 类型: VERTICAL_VIRTUAL_LINE, 起点(20,266), 终点(20,272)
[2026-06-02 15:06:51] [DEBUG] [ui][FoupLevelGraphBuilder][processEdge]处理边: 23 -> 24, 类型: STRAIGHT_LINE, size: 1190, offset: 0
[2026-06-02 15:06:51] [INFO] [ui][FoupLevelGraphBuilder][processStraightLine]边 23 -> 24 类型分析:
  fromId 23: TRACK 
  toId 24: TRACK 
  原始 size = 1190
[2026-06-02 15:06:51] [INFO] [ui][FoupLevelGraphBuilder][processStraightLine]TRACK-TRACK 边计算过程:
  typicalFoupCount = 4
  m_foupDeviceWidth = 120 → foupDevicesWidth = 4 × 120 = 480
  m_foupSpacing = 5 → totalFoupSpacing = (4 - 1) × 5 = 15
  setFoupWidth = 480 + 15 = 495
  原始 size = 1190
  setUnit = deviceSize + deviceSpacing = 120 + 20 = 140
  multiplier = size / unit = 1190 / 140 = 8.5
  distance = multiplier × setFoupWidth = 8.5 × 495 = 4207.5
[2026-06-02 15:06:51] [INFO] [ui][FoupLevelGraphBuilder][processStraightLine]直线: 23 -> 24, 最终距离: 4207.5, 起点(20,272), 终点(4227.5,272)
[2026-06-02 15:06:51] [DEBUG] [ui][FoupLevelGraphBuilder][processEdge]处理边: 24 -> 25, 类型: HORIZONTAL_VIRTUAL_LINE, size: 6, offset: 0
[2026-06-02 15:06:51] [INFO] [ui][FoupLevelGraphBuilder][processVirtualLine]虚线: 24 -> 25, 类型: HORIZONTAL_VIRTUAL_LINE, 起点(4227.5,272), 终点(4233.5,272)
[2026-06-02 15:06:51] [DEBUG] [ui][FoupLevelGraphBuilder][processEdge]处理边: 25 -> 26, 类型: STRAIGHT_LINE, size: 140, offset: 0
[2026-06-02 15:06:51] [INFO] [ui][FoupLevelGraphBuilder][processStraightLine]边 25 -> 26 类型分析:
  fromId 25: TRACK 
  toId 26: TRACK 
  原始 size = 140
[2026-06-02 15:06:51] [INFO] [ui][FoupLevelGraphBuilder][processStraightLine]TRACK-TRACK 边计算过程:
  typicalFoupCount = 4
  m_foupDeviceWidth = 120 → foupDevicesWidth = 4 × 120 = 480
  m_foupSpacing = 5 → totalFoupSpacing = (4 - 1) × 5 = 15
  setFoupWidth = 480 + 15 = 495
  原始 size = 140
  setUnit = deviceSize + deviceSpacing = 120 + 20 = 140
  multiplier = size / unit = 140 / 140 = 1
  distance = multiplier × setFoupWidth = 1 × 495 = 495
[2026-06-02 15:06:51] [INFO] [ui][FoupLevelGraphBuilder][processStraightLine]直线: 25 -> 26, 最终距离: 495, 起点(4233.5,272), 终点(4728.5,272)
[2026-06-02 15:06:51] [DEBUG] [ui][FoupLevelGraphBuilder][processEdge]处理边: 26 -> 27, 类型: HORIZONTAL_VIRTUAL_LINE, size: 6, offset: 0
[2026-06-02 15:06:51] [INFO] [ui][FoupLevelGraphBuilder][processVirtualLine]虚线: 26 -> 27, 类型: HORIZONTAL_VIRTUAL_LINE, 起点(4728.5,272), 终点(4734.5,272)
[2026-06-02 15:06:51] [INFO] [ui][FoupLevelGraphBuilder][processStraightLine]边 27 -> 28 类型分析:
  fromId 27: TRACK 
  toId 28: TRACK 
  原始 size = 980
[2026-06-02 15:06:51] [DEBUG] [ui][FoupLevelGraphBuilder][processEdge]处理边: 27 -> 28, 类型: STRAIGHT_LINE, size: 980, offset: 86
[2026-06-02 15:06:51] [INFO] [ui][FoupLevelGraphBuilder][processStraightLine]TRACK-TRACK 边计算过程:
  typicalFoupCount = 4
  m_foupDeviceWidth = 120 → foupDevicesWidth = 4 × 120 = 480
  m_foupSpacing = 5 → totalFoupSpacing = (4 - 1) × 5 = 15
  setFoupWidth = 480 + 15 = 495
  原始 size = 980
  setUnit = deviceSize + deviceSpacing = 120 + 20 = 140
  multiplier = size / unit = 980 / 140 = 7
  基础 distance = 7 × 495 = 3465
  offset = 86
  最终 distance = 3465 + 86 = 3551
[2026-06-02 15:06:51] [INFO] [ui][FoupLevelGraphBuilder][processStraightLine]直线: 27 -> 28, 最终距离: 3551, 起点(4734.5,272), 终点(8285.5,272)
[2026-06-02 15:06:51] [DEBUG] [ui][FoupLevelGraphBuilder][processEdge]处理边: 23 -> 29, 类型: VERTICAL_VIRTUAL_LINE, size: 210, offset: 0
[2026-06-02 15:06:51] [INFO] [ui][FoupLevelGraphBuilder][processVirtualLine]虚线: 23 -> 29, 类型: VERTICAL_VIRTUAL_LINE, 起点(20,272), 终点(20,482)
[2026-06-02 15:06:51] [DEBUG] [ui][FoupLevelGraphBuilder][processEdge]处理边: 29 -> 30, 类型: STRAIGHT_LINE, size: 1190, offset: 0
[2026-06-02 15:06:51] [INFO] [ui][FoupLevelGraphBuilder][processStraightLine]边 29 -> 30 类型分析:
  fromId 29: TRACK 
  toId 30: TRACK 
  原始 size = 1190
[2026-06-02 15:06:51] [INFO] [ui][FoupLevelGraphBuilder][processStraightLine]TRACK-TRACK 边计算过程:
  typicalFoupCount = 4
  m_foupDeviceWidth = 120 → foupDevicesWidth = 4 × 120 = 480
  m_foupSpacing = 5 → totalFoupSpacing = (4 - 1) × 5 = 15
  setFoupWidth = 480 + 15 = 495
  原始 size = 1190
  setUnit = deviceSize + deviceSpacing = 120 + 20 = 140
  multiplier = size / unit = 1190 / 140 = 8.5
  distance = multiplier × setFoupWidth = 8.5 × 495 = 4207.5
[2026-06-02 15:06:51] [INFO] [ui][FoupLevelGraphBuilder][processStraightLine]直线: 29 -> 30, 最终距离: 4207.5, 起点(20,482), 终点(4227.5,482)
[2026-06-02 15:06:51] [DEBUG] [ui][FoupLevelGraphBuilder][processEdge]处理边: 30 -> 31, 类型: HORIZONTAL_VIRTUAL_LINE, size: 6, offset: 0
[2026-06-02 15:06:51] [INFO] [ui][FoupLevelGraphBuilder][processVirtualLine]虚线: 30 -> 31, 类型: HORIZONTAL_VIRTUAL_LINE, 起点(4227.5,482), 终点(4233.5,482)
[2026-06-02 15:06:51] [DEBUG] [ui][FoupLevelGraphBuilder][processEdge]处理边: 31 -> 32, 类型: STRAIGHT_LINE, size: 140, offset: 0
[2026-06-02 15:06:51] [INFO] [ui][FoupLevelGraphBuilder][processStraightLine]边 31 -> 32 类型分析:
  fromId 31: TRACK 
  toId 32: TRACK 
  原始 size = 140
[2026-06-02 15:06:51] [INFO] [ui][FoupLevelGraphBuilder][processStraightLine]TRACK-TRACK 边计算过程:
  typicalFoupCount = 4
  m_foupDeviceWidth = 120 → foupDevicesWidth = 4 × 120 = 480
  m_foupSpacing = 5 → totalFoupSpacing = (4 - 1) × 5 = 15
  setFoupWidth = 480 + 15 = 495
  原始 size = 140
  setUnit = deviceSize + deviceSpacing = 120 + 20 = 140
  multiplier = size / unit = 140 / 140 = 1
  distance = multiplier × setFoupWidth = 1 × 495 = 495
[2026-06-02 15:06:51] [INFO] [ui][FoupLevelGraphBuilder][processStraightLine]直线: 31 -> 32, 最终距离: 495, 起点(4233.5,482), 终点(4728.5,482)
[2026-06-02 15:06:51] [DEBUG] [ui][FoupLevelGraphBuilder][processEdge]处理边: 32 -> 33, 类型: HORIZONTAL_VIRTUAL_LINE, size: 6, offset: 0
[2026-06-02 15:06:51] [INFO] [ui][FoupLevelGraphBuilder][processVirtualLine]虚线: 32 -> 33, 类型: HORIZONTAL_VIRTUAL_LINE, 起点(4728.5,482), 终点(4734.5,482)
[2026-06-02 15:06:51] [DEBUG] [ui][FoupLevelGraphBuilder][processEdge]处理边: 33 -> 34, 类型: STRAIGHT_LINE, size: 770, offset: 828
[2026-06-02 15:06:51] [INFO] [ui][FoupLevelGraphBuilder][processStraightLine]边 33 -> 34 类型分析:
  fromId 33: TRACK 
  toId 34: TRACK 
  原始 size = 770
[2026-06-02 15:06:51] [INFO] [ui][FoupLevelGraphBuilder][processStraightLine]TRACK-TRACK 边计算过程:
  typicalFoupCount = 4
  m_foupDeviceWidth = 120 → foupDevicesWidth = 4 × 120 = 480
  m_foupSpacing = 5 → totalFoupSpacing = (4 - 1) × 5 = 15
  setFoupWidth = 480 + 15 = 495
  原始 size = 770
  setUnit = deviceSize + deviceSpacing = 120 + 20 = 140
  multiplier = size / unit = 770 / 140 = 5.5
  基础 distance = 5.5 × 495 = 2722.5
  offset = 828
  最终 distance = 2722.5 + 828 = 3550.5
[2026-06-02 15:06:51] [INFO] [ui][FoupLevelGraphBuilder][processStraightLine]直线: 33 -> 34, 最终距离: 3550.5, 起点(4734.5,482), 终点(8285,482)
[2026-06-02 15:06:51] [DEBUG] [ui][FoupLevelGraphBuilder][processEdge]处理边: 24 -> 30, 类型: RIGHT_SEMICIRCLE_ARC, size: 210, offset: 0
[2026-06-02 15:06:51] [INFO] [ui][FoupLevelGraphBuilder][processSemicircleArc]半圆弧: 24 -> 30, 类型: RIGHT_SEMICIRCLE_ARC, 起点(4227.5,272), 终点(4227.5,482)
[2026-06-02 15:06:51] [DEBUG] [ui][FoupLevelGraphBuilder][processEdge]处理边: 25 -> 31, 类型: RIGHT_SEMICIRCLE_ARC, size: 210, offset: 0
[2026-06-02 15:06:51] [INFO] [ui][FoupLevelGraphBuilder][processSemicircleArc]半圆弧: 25 -> 31, 类型: RIGHT_SEMICIRCLE_ARC, 起点(4233.5,272), 终点(4233.5,482)
[2026-06-02 15:06:51] [DEBUG] [ui][FoupLevelGraphBuilder][processEdge]处理边: 26 -> 32, 类型: LEFT_SEMICIRCLE_ARC, size: 210, offset: 0
[2026-06-02 15:06:51] [INFO] [ui][FoupLevelGraphBuilder][processSemicircleArc]半圆弧: 26 -> 32, 类型: LEFT_SEMICIRCLE_ARC, 起点(4728.5,272), 终点(4728.5,482)
[2026-06-02 15:06:51] [DEBUG] [ui][FoupLevelGraphBuilder][processEdge]处理边: 27 -> 33, 类型: LEFT_SEMICIRCLE_ARC, size: 210, offset: 0
[2026-06-02 15:06:51] [INFO] [ui][FoupLevelGraphBuilder][processSemicircleArc]半圆弧: 27 -> 33, 类型: LEFT_SEMICIRCLE_ARC, 起点(4734.5,272), 终点(4734.5,482)
[2026-06-02 15:06:51] [DEBUG] [ui][FoupLevelGraphBuilder][processEdge]处理边: 29 -> 35, 类型: VERTICAL_VIRTUAL_LINE, size: 6, offset: 0
[2026-06-02 15:06:51] [INFO] [ui][FoupLevelGraphBuilder][processVirtualLine]虚线: 29 -> 35, 类型: VERTICAL_VIRTUAL_LINE, 起点(20,482), 终点(20,488)
[2026-06-02 15:06:51] [DEBUG] [ui][FoupLevelGraphBuilder][processEdge]处理边: 35 -> 36, 类型: STRAIGHT_LINE, size: 70, offset: 0
[2026-06-02 15:06:51] [INFO] [ui][FoupLevelGraphBuilder][processStraightLine]边 35 -> 36 类型分析:
  fromId 35: TRACK 
  toId 36: SET 
  原始 size = 70
[2026-06-02 15:06:51] [INFO] [ui][FoupLevelGraphBuilder][processStraightLine]TRACK-SET 边计算过程:
  typicalFoupCount = 4
  m_foupDeviceWidth = 120 → foupDevicesWidth = 4 × 120 = 480
  m_foupSpacing = 5 → totalFoupSpacing = (4 - 1) × 5 = 15
  setFoupWidth = 480 + 15 = 495
  原始 size = 70
  unit = deviceSize + deviceSpacing = 120 + 20 = 140
  multiplier = size / unit = 70 / 140 = 0.5
  distance = multiplier × setFoupWidth = 0.5 × 495 = 247.5
[2026-06-02 15:06:51] [INFO] [ui][FoupLevelGraphBuilder][processStraightLine]直线: 35 -> 36, 最终距离: 247.5, 起点(20,488), 终点(267.5,488)
[2026-06-02 15:06:51] [INFO] [ui][FoupLevelGraphBuilder][createFoupDevices]开始创建 4 个Foup设备, SET_ID=36, uiId=36, trackPos=(267.5, 488), totalWidth=495, startX=20
[2026-06-02 15:06:51] [INFO] [ui][FoupLevelGraphBuilder][createFoupDevices]创建Foup设备: SET_ID=36, Foup[0], qrCode=12033, 坐标=(20, 496)
[2026-06-02 15:06:51] [INFO] [ui][FoupLevelGraphBuilder][createFoupDevices]创建Foup设备: SET_ID=36, Foup[1], qrCode=12034, 坐标=(145, 496)
[2026-06-02 15:06:51] [INFO] [ui][FoupLevelGraphBuilder][createFoupDevices]创建Foup设备: SET_ID=36, Foup[2], qrCode=12035, 坐标=(270, 496)
[2026-06-02 15:06:51] [INFO] [ui][FoupLevelGraphBuilder][createFoupDevices]创建Foup设备: SET_ID=36, Foup[3], qrCode=12036, 坐标=(395, 496)
[2026-06-02 15:06:51] [INFO] [ui][FoupLevelGraphBuilder][createFoupDevices]完成创建 4 个Foup设备, SET_ID=36, 设备键范围: 3600 - 3603
[2026-06-02 15:06:51] [INFO] [ui][FoupLevelGraphBuilder][processNode]创建SET节点的Foup设备: ID=36
[2026-06-02 15:06:51] [DEBUG] [ui][FoupLevelGraphBuilder][processEdge]处理边: 36 -> 37, 类型: STRAIGHT_LINE, size: 140, offset: 0
[2026-06-02 15:06:51] [INFO] [ui][FoupLevelGraphBuilder][processStraightLine]边 36 -> 37 类型分析:
  fromId 36: SET 
  toId 37: SET 
  原始 size = 140
[2026-06-02 15:06:51] [INFO] [ui][FoupLevelGraphBuilder][processStraightLine]SET-SET 边计算过程:
  typicalFoupCount = 4
  m_foupDeviceWidth = 120 → foupDevicesWidth = 4 × 120 = 480
  m_foupSpacing = 5 → totalFoupSpacing = (4 - 1) × 5 = 15
  setFoupWidth = 480 + 15 = 495
  m_setSpacing = 20
  原始 size = 140
  unit = deviceSize + deviceSpacing = 120 + 20 = 140
  multiplier = size / unit = 140 / 140 = 1
  distance = multiplier × (setFoupWidth + m_setSpacing) = 1 × (495 + 20) = 515
[2026-06-02 15:06:51] [INFO] [ui][FoupLevelGraphBuilder][processStraightLine]直线: 36 -> 37, 最终距离: 515, 起点(267.5,488), 终点(782.5,488)
[2026-06-02 15:06:51] [INFO] [ui][FoupLevelGraphBuilder][createFoupDevices]开始创建 4 个Foup设备, SET_ID=37, uiId=37, trackPos=(782.5, 488), totalWidth=495, startX=535
[2026-06-02 15:06:51] [INFO] [ui][FoupLevelGraphBuilder][createFoupDevices]创建Foup设备: SET_ID=37, Foup[0], qrCode=12037, 坐标=(535, 496)
[2026-06-02 15:06:51] [INFO] [ui][FoupLevelGraphBuilder][createFoupDevices]创建Foup设备: SET_ID=37, Foup[1], qrCode=12038, 坐标=(660, 496)
[2026-06-02 15:06:51] [INFO] [ui][FoupLevelGraphBuilder][createFoupDevices]创建Foup设备: SET_ID=37, Foup[2], qrCode=12039, 坐标=(785, 496)
[2026-06-02 15:06:51] [INFO] [ui][FoupLevelGraphBuilder][createFoupDevices]创建Foup设备: SET_ID=37, Foup[3], qrCode=12040, 坐标=(910, 496)
[2026-06-02 15:06:51] [INFO] [ui][FoupLevelGraphBuilder][createFoupDevices]完成创建 4 个Foup设备, SET_ID=37, 设备键范围: 3700 - 3703
[2026-06-02 15:06:51] [INFO] [ui][FoupLevelGraphBuilder][processNode]创建SET节点的Foup设备: ID=37
[2026-06-02 15:06:51] [DEBUG] [ui][FoupLevelGraphBuilder][processEdge]处理边: 37 -> 38, 类型: STRAIGHT_LINE, size: 140, offset: 0
[2026-06-02 15:06:51] [INFO] [ui][FoupLevelGraphBuilder][processStraightLine]边 37 -> 38 类型分析:
  fromId 37: SET 
  toId 38: SET 
  原始 size = 140
[2026-06-02 15:06:51] [INFO] [ui][FoupLevelGraphBuilder][processStraightLine]SET-SET 边计算过程:
  typicalFoupCount = 4
  m_foupDeviceWidth = 120 → foupDevicesWidth = 4 × 120 = 480
  m_foupSpacing = 5 → totalFoupSpacing = (4 - 1) × 5 = 15
  setFoupWidth = 480 + 15 = 495
  m_setSpacing = 20
  原始 size = 140
  unit = deviceSize + deviceSpacing = 120 + 20 = 140
  multiplier = size / unit = 140 / 140 = 1
  distance = multiplier × (setFoupWidth + m_setSpacing) = 1 × (495 + 20) = 515
[2026-06-02 15:06:51] [INFO] [ui][FoupLevelGraphBuilder][processStraightLine]直线: 37 -> 38, 最终距离: 515, 起点(782.5,488), 终点(1297.5,488)
[2026-06-02 15:06:51] [INFO] [ui][FoupLevelGraphBuilder][createFoupDevices]开始创建 4 个Foup设备, SET_ID=38, uiId=38, trackPos=(1297.5, 488), totalWidth=495, startX=1050
[2026-06-02 15:06:51] [INFO] [ui][FoupLevelGraphBuilder][createFoupDevices]创建Foup设备: SET_ID=38, Foup[0], qrCode=12041, 坐标=(1050, 496)
[2026-06-02 15:06:51] [INFO] [ui][FoupLevelGraphBuilder][createFoupDevices]创建Foup设备: SET_ID=38, Foup[1], qrCode=12042, 坐标=(1175, 496)
[2026-06-02 15:06:51] [INFO] [ui][FoupLevelGraphBuilder][createFoupDevices]创建Foup设备: SET_ID=38, Foup[2], qrCode=12043, 坐标=(1300, 496)
[2026-06-02 15:06:51] [INFO] [ui][FoupLevelGraphBuilder][createFoupDevices]创建Foup设备: SET_ID=38, Foup[3], qrCode=12044, 坐标=(1425, 496)
[2026-06-02 15:06:51] [INFO] [ui][FoupLevelGraphBuilder][createFoupDevices]完成创建 4 个Foup设备, SET_ID=38, 设备键范围: 3800 - 3803
[2026-06-02 15:06:51] [INFO] [ui][FoupLevelGraphBuilder][processNode]创建SET节点的Foup设备: ID=38
[2026-06-02 15:06:51] [DEBUG] [ui][FoupLevelGraphBuilder][processEdge]处理边: 38 -> 39, 类型: STRAIGHT_LINE, size: 140, offset: 0
[2026-06-02 15:06:51] [INFO] [ui][FoupLevelGraphBuilder][processStraightLine]边 38 -> 39 类型分析:
  fromId 38: SET 
  toId 39: SET 
  原始 size = 140
[2026-06-02 15:06:51] [INFO] [ui][FoupLevelGraphBuilder][processStraightLine]SET-SET 边计算过程:
  typicalFoupCount = 4
  m_foupDeviceWidth = 120 → foupDevicesWidth = 4 × 120 = 480
  m_foupSpacing = 5 → totalFoupSpacing = (4 - 1) × 5 = 15
  setFoupWidth = 480 + 15 = 495
  m_setSpacing = 20
  原始 size = 140
  unit = deviceSize + deviceSpacing = 120 + 20 = 140
  multiplier = size / unit = 140 / 140 = 1
  distance = multiplier × (setFoupWidth + m_setSpacing) = 1 × (495 + 20) = 515
[2026-06-02 15:06:51] [INFO] [ui][FoupLevelGraphBuilder][processStraightLine]直线: 38 -> 39, 最终距离: 515, 起点(1297.5,488), 终点(1812.5,488)
[2026-06-02 15:06:51] [INFO] [ui][FoupLevelGraphBuilder][createFoupDevices]开始创建 4 个Foup设备, SET_ID=39, uiId=39, trackPos=(1812.5, 488), totalWidth=495, startX=1565
[2026-06-02 15:06:51] [INFO] [ui][FoupLevelGraphBuilder][createFoupDevices]创建Foup设备: SET_ID=39, Foup[0], qrCode=12045, 坐标=(1565, 496)
[2026-06-02 15:06:51] [INFO] [ui][FoupLevelGraphBuilder][createFoupDevices]创建Foup设备: SET_ID=39, Foup[1], qrCode=12046, 坐标=(1690, 496)
[2026-06-02 15:06:51] [INFO] [ui][FoupLevelGraphBuilder][createFoupDevices]创建Foup设备: SET_ID=39, Foup[2], qrCode=12047, 坐标=(1815, 496)
[2026-06-02 15:06:51] [INFO] [ui][FoupLevelGraphBuilder][createFoupDevices]创建Foup设备: SET_ID=39, Foup[3], qrCode=12048, 坐标=(1940, 496)
[2026-06-02 15:06:51] [INFO] [ui][FoupLevelGraphBuilder][createFoupDevices]完成创建 4 个Foup设备, SET_ID=39, 设备键范围: 3900 - 3903
[2026-06-02 15:06:51] [INFO] [ui][FoupLevelGraphBuilder][processNode]创建SET节点的Foup设备: ID=39
[2026-06-02 15:06:51] [DEBUG] [ui][FoupLevelGraphBuilder][processEdge]处理边: 39 -> 40, 类型: STRAIGHT_LINE, size: 140, offset: 0
[2026-06-02 15:06:51] [INFO] [ui][FoupLevelGraphBuilder][processStraightLine]边 39 -> 40 类型分析:
  fromId 39: SET 
  toId 40: SET 
  原始 size = 140
[2026-06-02 15:06:51] [INFO] [ui][FoupLevelGraphBuilder][processStraightLine]SET-SET 边计算过程:
  typicalFoupCount = 4
  m_foupDeviceWidth = 120 → foupDevicesWidth = 4 × 120 = 480
  m_foupSpacing = 5 → totalFoupSpacing = (4 - 1) × 5 = 15
  setFoupWidth = 480 + 15 = 495
  m_setSpacing = 20
  原始 size = 140
  unit = deviceSize + deviceSpacing = 120 + 20 = 140
  multiplier = size / unit = 140 / 140 = 1
  distance = multiplier × (setFoupWidth + m_setSpacing) = 1 × (495 + 20) = 515
[2026-06-02 15:06:51] [INFO] [ui][FoupLevelGraphBuilder][processStraightLine]直线: 39 -> 40, 最终距离: 515, 起点(1812.5,488), 终点(2327.5,488)
[2026-06-02 15:06:51] [INFO] [ui][FoupLevelGraphBuilder][createFoupDevices]开始创建 4 个Foup设备, SET_ID=40, uiId=40, trackPos=(2327.5, 488), totalWidth=495, startX=2080
[2026-06-02 15:06:51] [INFO] [ui][FoupLevelGraphBuilder][createFoupDevices]创建Foup设备: SET_ID=40, Foup[0], qrCode=12049, 坐标=(2080, 496)
[2026-06-02 15:06:51] [INFO] [ui][FoupLevelGraphBuilder][createFoupDevices]创建Foup设备: SET_ID=40, Foup[1], qrCode=12050, 坐标=(2205, 496)
[2026-06-02 15:06:51] [INFO] [ui][FoupLevelGraphBuilder][createFoupDevices]创建Foup设备: SET_ID=40, Foup[2], qrCode=12051, 坐标=(2330, 496)
[2026-06-02 15:06:51] [INFO] [ui][FoupLevelGraphBuilder][createFoupDevices]创建Foup设备: SET_ID=40, Foup[3], qrCode=12052, 坐标=(2455, 496)
[2026-06-02 15:06:51] [INFO] [ui][FoupLevelGraphBuilder][createFoupDevices]完成创建 4 个Foup设备, SET_ID=40, 设备键范围: 4000 - 4003
[2026-06-02 15:06:51] [INFO] [ui][FoupLevelGraphBuilder][processNode]创建SET节点的Foup设备: ID=40
[2026-06-02 15:06:51] [DEBUG] [ui][FoupLevelGraphBuilder][processEdge]处理边: 40 -> 41, 类型: STRAIGHT_LINE, size: 140, offset: 0
[2026-06-02 15:06:51] [INFO] [ui][FoupLevelGraphBuilder][processStraightLine]边 40 -> 41 类型分析:
  fromId 40: SET 
  toId 41: SET 
  原始 size = 140
[2026-06-02 15:06:51] [INFO] [ui][FoupLevelGraphBuilder][processStraightLine]SET-SET 边计算过程:
  typicalFoupCount = 4
  m_foupDeviceWidth = 120 → foupDevicesWidth = 4 × 120 = 480
  m_foupSpacing = 5 → totalFoupSpacing = (4 - 1) × 5 = 15
  setFoupWidth = 480 + 15 = 495
  m_setSpacing = 20
  原始 size = 140
  unit = deviceSize + deviceSpacing = 120 + 20 = 140
  multiplier = size / unit = 140 / 140 = 1
  distance = multiplier × (setFoupWidth + m_setSpacing) = 1 × (495 + 20) = 515
[2026-06-02 15:06:51] [INFO] [ui][FoupLevelGraphBuilder][createFoupDevices]开始创建 4 个Foup设备, SET_ID=41, uiId=41, trackPos=(2842.5, 488), totalWidth=495, startX=2595
[2026-06-02 15:06:51] [INFO] [ui][FoupLevelGraphBuilder][processStraightLine]直线: 40 -> 41, 最终距离: 515, 起点(2327.5,488), 终点(2842.5,488)
[2026-06-02 15:06:51] [INFO] [ui][FoupLevelGraphBuilder][createFoupDevices]创建Foup设备: SET_ID=41, Foup[0], qrCode=12053, 坐标=(2595, 496)
[2026-06-02 15:06:51] [INFO] [ui][FoupLevelGraphBuilder][createFoupDevices]创建Foup设备: SET_ID=41, Foup[1], qrCode=12054, 坐标=(2720, 496)
[2026-06-02 15:06:51] [INFO] [ui][FoupLevelGraphBuilder][createFoupDevices]创建Foup设备: SET_ID=41, Foup[2], qrCode=12055, 坐标=(2845, 496)
[2026-06-02 15:06:51] [INFO] [ui][FoupLevelGraphBuilder][createFoupDevices]创建Foup设备: SET_ID=41, Foup[3], qrCode=12056, 坐标=(2970, 496)
[2026-06-02 15:06:51] [INFO] [ui][FoupLevelGraphBuilder][createFoupDevices]完成创建 4 个Foup设备, SET_ID=41, 设备键范围: 4100 - 4103
[2026-06-02 15:06:51] [INFO] [ui][FoupLevelGraphBuilder][processNode]创建SET节点的Foup设备: ID=41
[2026-06-02 15:06:51] [DEBUG] [ui][FoupLevelGraphBuilder][processEdge]处理边: 41 -> 42, 类型: STRAIGHT_LINE, size: 140, offset: 0
[2026-06-02 15:06:51] [INFO] [ui][FoupLevelGraphBuilder][processStraightLine]边 41 -> 42 类型分析:
  fromId 41: SET 
  toId 42: SET 
  原始 size = 140
[2026-06-02 15:06:51] [INFO] [ui][FoupLevelGraphBuilder][processStraightLine]SET-SET 边计算过程:
  typicalFoupCount = 4
  m_foupDeviceWidth = 120 → foupDevicesWidth = 4 × 120 = 480
  m_foupSpacing = 5 → totalFoupSpacing = (4 - 1) × 5 = 15
  setFoupWidth = 480 + 15 = 495
  m_setSpacing = 20
  原始 size = 140
  unit = deviceSize + deviceSpacing = 120 + 20 = 140
  multiplier = size / unit = 140 / 140 = 1
  distance = multiplier × (setFoupWidth + m_setSpacing) = 1 × (495 + 20) = 515
[2026-06-02 15:06:51] [INFO] [ui][FoupLevelGraphBuilder][processStraightLine]直线: 41 -> 42, 最终距离: 515, 起点(2842.5,488), 终点(3357.5,488)
[2026-06-02 15:06:51] [INFO] [ui][FoupLevelGraphBuilder][createFoupDevices]开始创建 4 个Foup设备, SET_ID=42, uiId=42, trackPos=(3357.5, 488), totalWidth=495, startX=3110
[2026-06-02 15:06:51] [INFO] [ui][FoupLevelGraphBuilder][createFoupDevices]创建Foup设备: SET_ID=42, Foup[0], qrCode=12057, 坐标=(3110, 496)
[2026-06-02 15:06:51] [INFO] [ui][FoupLevelGraphBuilder][createFoupDevices]创建Foup设备: SET_ID=42, Foup[1], qrCode=12058, 坐标=(3235, 496)
[2026-06-02 15:06:51] [INFO] [ui][FoupLevelGraphBuilder][createFoupDevices]创建Foup设备: SET_ID=42, Foup[2], qrCode=12059, 坐标=(3360, 496)
[2026-06-02 15:06:51] [INFO] [ui][FoupLevelGraphBuilder][createFoupDevices]创建Foup设备: SET_ID=42, Foup[3], qrCode=12060, 坐标=(3485, 496)
[2026-06-02 15:06:51] [INFO] [ui][FoupLevelGraphBuilder][createFoupDevices]完成创建 4 个Foup设备, SET_ID=42, 设备键范围: 4200 - 4203
[2026-06-02 15:06:51] [INFO] [ui][FoupLevelGraphBuilder][processNode]创建SET节点的Foup设备: ID=42
[2026-06-02 15:06:51] [DEBUG] [ui][FoupLevelGraphBuilder][processEdge]处理边: 42 -> 43, 类型: STRAIGHT_LINE, size: 140, offset: 0
[2026-06-02 15:06:51] [INFO] [ui][FoupLevelGraphBuilder][processStraightLine]边 42 -> 43 类型分析:
  fromId 42: SET 
  toId 43: SET 
  原始 size = 140
[2026-06-02 15:06:51] [INFO] [ui][FoupLevelGraphBuilder][processStraightLine]SET-SET 边计算过程:
  typicalFoupCount = 4
  m_foupDeviceWidth = 120 → foupDevicesWidth = 4 × 120 = 480
  m_foupSpacing = 5 → totalFoupSpacing = (4 - 1) × 5 = 15
  setFoupWidth = 480 + 15 = 495
  m_setSpacing = 20
  原始 size = 140
  unit = deviceSize + deviceSpacing = 120 + 20 = 140
  multiplier = size / unit = 140 / 140 = 1
  distance = multiplier × (setFoupWidth + m_setSpacing) = 1 × (495 + 20) = 515
[2026-06-02 15:06:51] [INFO] [ui][FoupLevelGraphBuilder][processStraightLine]直线: 42 -> 43, 最终距离: 515, 起点(3357.5,488), 终点(3872.5,488)
[2026-06-02 15:06:51] [INFO] [ui][FoupLevelGraphBuilder][createFoupDevices]开始创建 4 个Foup设备, SET_ID=43, uiId=43, trackPos=(3872.5, 488), totalWidth=495, startX=3625
[2026-06-02 15:06:51] [INFO] [ui][FoupLevelGraphBuilder][createFoupDevices]创建Foup设备: SET_ID=43, Foup[0], qrCode=12061, 坐标=(3625, 496)
[2026-06-02 15:06:51] [INFO] [ui][FoupLevelGraphBuilder][createFoupDevices]创建Foup设备: SET_ID=43, Foup[1], qrCode=12062, 坐标=(3750, 496)
[2026-06-02 15:06:51] [INFO] [ui][FoupLevelGraphBuilder][createFoupDevices]创建Foup设备: SET_ID=43, Foup[2], qrCode=12063, 坐标=(3875, 496)
[2026-06-02 15:06:51] [INFO] [ui][FoupLevelGraphBuilder][createFoupDevices]创建Foup设备: SET_ID=43, Foup[3], qrCode=12064, 坐标=(4000, 496)
[2026-06-02 15:06:51] [INFO] [ui][FoupLevelGraphBuilder][createFoupDevices]完成创建 4 个Foup设备, SET_ID=43, 设备键范围: 4300 - 4303
[2026-06-02 15:06:51] [INFO] [ui][FoupLevelGraphBuilder][processNode]创建SET节点的Foup设备: ID=43
[2026-06-02 15:06:51] [DEBUG] [ui][FoupLevelGraphBuilder][processEdge]处理边: 43 -> 2, 类型: STRAIGHT_LINE, size: 322, offset: 0
[2026-06-02 15:06:51] [INFO] [ui][FoupLevelGraphBuilder][processStraightLine]边 43 -> 2 类型分析:
  fromId 43: SET 
  toId 2: SET 
  原始 size = 322
[2026-06-02 15:06:51] [INFO] [ui][FoupLevelGraphBuilder][processStraightLine]SET-SET 边计算过程:
  typicalFoupCount = 4
  m_foupDeviceWidth = 120 → foupDevicesWidth = 4 × 120 = 480
  m_foupSpacing = 5 → totalFoupSpacing = (4 - 1) × 5 = 15
  setFoupWidth = 480 + 15 = 495
  m_setSpacing = 20
  原始 size = 322
  unit = deviceSize + deviceSpacing = 120 + 20 = 140
  multiplier = size / unit = 322 / 140 = 2.3
  distance = multiplier × (setFoupWidth + m_setSpacing) = 2.3 × (495 + 20) = 1184.5
[2026-06-02 15:06:51] [INFO] [ui][FoupLevelGraphBuilder][processStraightLine]直线: 43 -> 2, 最终距离: 1184.5, 起点(3872.5,488), 终点(5057,488)
[2026-06-02 15:06:51] [INFO] [ui][FoupLevelGraphBuilder][createFoupDevices]开始创建 4 个Foup设备, SET_ID=2, uiId=2, trackPos=(5057, 488), totalWidth=495, startX=4809.5
[2026-06-02 15:06:51] [INFO] [ui][FoupLevelGraphBuilder][createFoupDevices]创建Foup设备: SET_ID=2, Foup[0], qrCode=12065, 坐标=(4809.5, 496)
[2026-06-02 15:06:51] [INFO] [ui][FoupLevelGraphBuilder][createFoupDevices]创建Foup设备: SET_ID=2, Foup[1], qrCode=12066, 坐标=(4934.5, 496)
[2026-06-02 15:06:51] [INFO] [ui][FoupLevelGraphBuilder][createFoupDevices]创建Foup设备: SET_ID=2, Foup[2], qrCode=12067, 坐标=(5059.5, 496)
[2026-06-02 15:06:51] [INFO] [ui][FoupLevelGraphBuilder][createFoupDevices]创建Foup设备: SET_ID=2, Foup[3], qrCode=12068, 坐标=(5184.5, 496)
[2026-06-02 15:06:51] [INFO] [ui][FoupLevelGraphBuilder][createFoupDevices]完成创建 4 个Foup设备, SET_ID=2, 设备键范围: 200 - 203
[2026-06-02 15:06:51] [INFO] [ui][FoupLevelGraphBuilder][processNode]创建SET节点的Foup设备: ID=2
[2026-06-02 15:06:51] [DEBUG] [ui][FoupLevelGraphBuilder][processEdge]处理边: 2 -> 3, 类型: STRAIGHT_LINE, size: 140, offset: 0
[2026-06-02 15:06:51] [INFO] [ui][FoupLevelGraphBuilder][processStraightLine]边 2 -> 3 类型分析:
  fromId 2: SET 
  toId 3: SET 
  原始 size = 140
[2026-06-02 15:06:51] [INFO] [ui][FoupLevelGraphBuilder][processStraightLine]SET-SET 边计算过程:
  typicalFoupCount = 4
  m_foupDeviceWidth = 120 → foupDevicesWidth = 4 × 120 = 480
  m_foupSpacing = 5 → totalFoupSpacing = (4 - 1) × 5 = 15
  setFoupWidth = 480 + 15 = 495
  m_setSpacing = 20
  原始 size = 140
  unit = deviceSize + deviceSpacing = 120 + 20 = 140
  multiplier = size / unit = 140 / 140 = 1
  distance = multiplier × (setFoupWidth + m_setSpacing) = 1 × (495 + 20) = 515
[2026-06-02 15:06:51] [INFO] [ui][FoupLevelGraphBuilder][processStraightLine]直线: 2 -> 3, 最终距离: 515, 起点(5057,488), 终点(5572,488)
[2026-06-02 15:06:51] [INFO] [ui][FoupLevelGraphBuilder][createFoupDevices]开始创建 4 个Foup设备, SET_ID=3, uiId=3, trackPos=(5572, 488), totalWidth=495, startX=5324.5
[2026-06-02 15:06:51] [INFO] [ui][FoupLevelGraphBuilder][createFoupDevices]创建Foup设备: SET_ID=3, Foup[0], qrCode=12069, 坐标=(5324.5, 496)
[2026-06-02 15:06:51] [INFO] [ui][FoupLevelGraphBuilder][createFoupDevices]创建Foup设备: SET_ID=3, Foup[1], qrCode=12070, 坐标=(5449.5, 496)
[2026-06-02 15:06:51] [INFO] [ui][FoupLevelGraphBuilder][createFoupDevices]创建Foup设备: SET_ID=3, Foup[2], qrCode=12071, 坐标=(5574.5, 496)
[2026-06-02 15:06:51] [INFO] [ui][FoupLevelGraphBuilder][createFoupDevices]创建Foup设备: SET_ID=3, Foup[3], qrCode=12072, 坐标=(5699.5, 496)
[2026-06-02 15:06:51] [INFO] [ui][FoupLevelGraphBuilder][createFoupDevices]完成创建 4 个Foup设备, SET_ID=3, 设备键范围: 300 - 303
[2026-06-02 15:06:51] [INFO] [ui][FoupLevelGraphBuilder][processNode]创建SET节点的Foup设备: ID=3
[2026-06-02 15:06:51] [DEBUG] [ui][FoupLevelGraphBuilder][processEdge]处理边: 3 -> 4, 类型: STRAIGHT_LINE, size: 140, offset: 0
[2026-06-02 15:06:51] [INFO] [ui][FoupLevelGraphBuilder][processStraightLine]边 3 -> 4 类型分析:
  fromId 3: SET 
  toId 4: SET 
  原始 size = 140
[2026-06-02 15:06:51] [INFO] [ui][FoupLevelGraphBuilder][processStraightLine]SET-SET 边计算过程:
  typicalFoupCount = 4
  m_foupDeviceWidth = 120 → foupDevicesWidth = 4 × 120 = 480
  m_foupSpacing = 5 → totalFoupSpacing = (4 - 1) × 5 = 15
  setFoupWidth = 480 + 15 = 495
  m_setSpacing = 20
  原始 size = 140
  unit = deviceSize + deviceSpacing = 120 + 20 = 140
  multiplier = size / unit = 140 / 140 = 1
  distance = multiplier × (setFoupWidth + m_setSpacing) = 1 × (495 + 20) = 515
[2026-06-02 15:06:51] [INFO] [ui][FoupLevelGraphBuilder][processStraightLine]直线: 3 -> 4, 最终距离: 515, 起点(5572,488), 终点(6087,488)
[2026-06-02 15:06:51] [INFO] [ui][FoupLevelGraphBuilder][createFoupDevices]开始创建 4 个Foup设备, SET_ID=4, uiId=4, trackPos=(6087, 488), totalWidth=495, startX=5839.5
[2026-06-02 15:06:51] [INFO] [ui][FoupLevelGraphBuilder][createFoupDevices]创建Foup设备: SET_ID=4, Foup[0], qrCode=12073, 坐标=(5839.5, 496)
[2026-06-02 15:06:51] [INFO] [ui][FoupLevelGraphBuilder][createFoupDevices]创建Foup设备: SET_ID=4, Foup[1], qrCode=12074, 坐标=(5964.5, 496)
[2026-06-02 15:06:51] [INFO] [ui][FoupLevelGraphBuilder][createFoupDevices]创建Foup设备: SET_ID=4, Foup[2], qrCode=12075, 坐标=(6089.5, 496)
[2026-06-02 15:06:51] [INFO] [ui][FoupLevelGraphBuilder][createFoupDevices]创建Foup设备: SET_ID=4, Foup[3], qrCode=12076, 坐标=(6214.5, 496)
[2026-06-02 15:06:51] [INFO] [ui][FoupLevelGraphBuilder][createFoupDevices]完成创建 4 个Foup设备, SET_ID=4, 设备键范围: 400 - 403
[2026-06-02 15:06:51] [INFO] [ui][FoupLevelGraphBuilder][processNode]创建SET节点的Foup设备: ID=4
[2026-06-02 15:06:51] [DEBUG] [ui][FoupLevelGraphBuilder][processEdge]处理边: 4 -> 5, 类型: STRAIGHT_LINE, size: 140, offset: 0
[2026-06-02 15:06:51] [INFO] [ui][FoupLevelGraphBuilder][processStraightLine]边 4 -> 5 类型分析:
  fromId 4: SET 
  toId 5: SET 
  原始 size = 140
[2026-06-02 15:06:51] [INFO] [ui][FoupLevelGraphBuilder][processStraightLine]SET-SET 边计算过程:
  typicalFoupCount = 4
  m_foupDeviceWidth = 120 → foupDevicesWidth = 4 × 120 = 480
  m_foupSpacing = 5 → totalFoupSpacing = (4 - 1) × 5 = 15
  setFoupWidth = 480 + 15 = 495
  m_setSpacing = 20
  原始 size = 140
  unit = deviceSize + deviceSpacing = 120 + 20 = 140
  multiplier = size / unit = 140 / 140 = 1
  distance = multiplier × (setFoupWidth + m_setSpacing) = 1 × (495 + 20) = 515
[2026-06-02 15:06:51] [INFO] [ui][FoupLevelGraphBuilder][processStraightLine]直线: 4 -> 5, 最终距离: 515, 起点(6087,488), 终点(6602,488)
[2026-06-02 15:06:51] [INFO] [ui][FoupLevelGraphBuilder][createFoupDevices]开始创建 4 个Foup设备, SET_ID=5, uiId=5, trackPos=(6602, 488), totalWidth=495, startX=6354.5
[2026-06-02 15:06:51] [INFO] [ui][FoupLevelGraphBuilder][createFoupDevices]创建Foup设备: SET_ID=5, Foup[0], qrCode=12077, 坐标=(6354.5, 496)
[2026-06-02 15:06:51] [INFO] [ui][FoupLevelGraphBuilder][createFoupDevices]创建Foup设备: SET_ID=5, Foup[1], qrCode=12078, 坐标=(6479.5, 496)
[2026-06-02 15:06:51] [INFO] [ui][FoupLevelGraphBuilder][createFoupDevices]创建Foup设备: SET_ID=5, Foup[2], qrCode=12079, 坐标=(6604.5, 496)
[2026-06-02 15:06:51] [INFO] [ui][FoupLevelGraphBuilder][createFoupDevices]创建Foup设备: SET_ID=5, Foup[3], qrCode=12080, 坐标=(6729.5, 496)
[2026-06-02 15:06:51] [INFO] [ui][FoupLevelGraphBuilder][createFoupDevices]完成创建 4 个Foup设备, SET_ID=5, 设备键范围: 500 - 503
[2026-06-02 15:06:51] [INFO] [ui][FoupLevelGraphBuilder][processNode]创建SET节点的Foup设备: ID=5
[2026-06-02 15:06:51] [DEBUG] [ui][FoupLevelGraphBuilder][processEdge]处理边: 5 -> 44, 类型: STRAIGHT_LINE, size: 350, offset: 450
[2026-06-02 15:06:51] [INFO] [ui][FoupLevelGraphBuilder][processStraightLine]边 5 -> 44 类型分析:
  fromId 5: SET 
  toId 44: TRACK 
  原始 size = 350
[2026-06-02 15:06:51] [INFO] [ui][FoupLevelGraphBuilder][processStraightLine]SET-SET 边计算过程:
  typicalFoupCount = 4
  m_foupDeviceWidth = 120 → foupDevicesWidth = 4 × 120 = 480
  m_foupSpacing = 5 → totalFoupSpacing = (4 - 1) × 5 = 15
  setFoupWidth = 480 + 15 = 495
  原始 size = 350
  unit = deviceSize + deviceSpacing = 120 + 20 = 140
  multiplier = size / unit = 350 / 140 = 2.5
  基础 distance = 2.5 × 495 = 1237.5
  offset = 450
  最终 distance = 1237.5 + 450 = 1687.5
[2026-06-02 15:06:51] [INFO] [ui][FoupLevelGraphBuilder][processStraightLine]直线: 5 -> 44, 最终距离: 1687.5, 起点(6602,488), 终点(8289.5,488)
[2026-06-02 15:06:51] [INFO] [ui][FoupLevelGraphBuilder][layoutAndDraw]布局和绘制完成
[2026-06-02 15:06:51] [INFO] [ui][FoupLevelGraphBuilder][buildGraph]阶段(2): 绘制图像界面完成
[2026-06-02 15:06:51] [INFO] [ui][FoupLevelGraphBuilder][buildGraph]阶段(3): 布局图重构完毕
[2026-06-02 15:06:51] [INFO] [ui][FoupLevelGraphBuilder][buildGraph]FoupLevel视图构建完成
[2026-06-02 15:06:51] [INFO] ====================Foup视图天车轨道布局图重构  结束====================
[2026-06-02 15:20:45] [INFO] [ui][SetLevelGraphBuilder][setStartNodePosition] 设置起始节点坐标: (20, 120)
[2026-06-02 15:20:45] [INFO] [ui][FoupLevelGraphBuilder][setStartNodePosition]设置起始节点坐标: (20, 120)
[2026-06-02 15:20:45] [INFO] ====================天车轨道布局图配置文件解析 开始====================
[2026-06-02 15:20:45] [INFO] [ui][GraphConfig][parse]解析阶段(1): 解析GraphConfig标签开始
[2026-06-02 15:20:45] [INFO] [ui][GraphConfig][parseGraphSettings]图类型: 无向图
[2026-06-02 15:20:45] [INFO] [ui][GraphConfig][parseGraphSettings]设备控件尺寸: 120, 间距: 20
[2026-06-02 15:20:45] [INFO] [ui][GraphConfig][parse]解析阶段(1): 解析GraphConfig标签完成
[2026-06-02 15:20:45] [INFO] [ui][GraphConfig][parseEdges]解析阶段(2): 解析Edges标签
[2026-06-02 15:20:45] [INFO] [ui][GraphConfig][parseEdges]找到49条边数据
[2026-06-02 15:20:45] [INFO] [ui][GraphConfig][processNode]SET节点文档顺序#0: 设置 setOfOHBInfoList[0].uiId = 6
[2026-06-02 15:20:45] [INFO] [ui][GraphConfig][parseEdges]解析阶段(3):收集TRACK节点: ID=1
[2026-06-02 15:20:45] [INFO] [ui][GraphConfig][parseEdges]解析阶段(3):收集SET节点: ID=6, QRCode=11005, Count=4, Position=ABOVE
[2026-06-02 15:20:45] [INFO] [ui][GraphConfig][parseEdges]解析阶段(4):成功解析边: 1 -> 6，类型: STRAIGHT_LINE，大小: 840
[2026-06-02 15:20:45] [INFO] [ui][GraphConfig][processNode]SET节点文档顺序#1: 设置 setOfOHBInfoList[1].uiId = 7
[2026-06-02 15:20:45] [INFO] [ui][GraphConfig][parseEdges]解析阶段(3):收集SET节点: ID=7, QRCode=11006, Count=4, Position=ABOVE
[2026-06-02 15:20:45] [INFO] [ui][GraphConfig][parseEdges]解析阶段(4):成功解析边: 6 -> 7，类型: STRAIGHT_LINE，大小: 140
[2026-06-02 15:20:45] [INFO] [ui][GraphConfig][processNode]SET节点文档顺序#2: 设置 setOfOHBInfoList[2].uiId = 8
[2026-06-02 15:20:45] [INFO] [ui][GraphConfig][parseEdges]解析阶段(3):收集SET节点: ID=8, QRCode=11007, Count=4, Position=ABOVE
[2026-06-02 15:20:45] [INFO] [ui][GraphConfig][parseEdges]解析阶段(4):成功解析边: 7 -> 8，类型: STRAIGHT_LINE，大小: 420
[2026-06-02 15:20:45] [INFO] [ui][GraphConfig][processNode]SET节点文档顺序#3: 设置 setOfOHBInfoList[3].uiId = 9
[2026-06-02 15:20:45] [INFO] [ui][GraphConfig][parseEdges]解析阶段(3):收集SET节点: ID=9, QRCode=11008, Count=4, Position=ABOVE
[2026-06-02 15:20:45] [INFO] [ui][GraphConfig][parseEdges]解析阶段(4):成功解析边: 8 -> 9，类型: STRAIGHT_LINE，大小: 140
[2026-06-02 15:20:45] [INFO] [ui][GraphConfig][processNode]SET节点文档顺序#4: 设置 setOfOHBInfoList[4].uiId = 10
[2026-06-02 15:20:45] [INFO] [ui][GraphConfig][parseEdges]解析阶段(3):收集SET节点: ID=10, QRCode=11009, Count=4, Position=ABOVE
[2026-06-02 15:20:45] [INFO] [ui][GraphConfig][parseEdges]解析阶段(4):成功解析边: 9 -> 10，类型: STRAIGHT_LINE，大小: 140
[2026-06-02 15:20:45] [INFO] [ui][GraphConfig][processNode]SET节点文档顺序#5: 设置 setOfOHBInfoList[5].uiId = 11
[2026-06-02 15:20:45] [INFO] [ui][GraphConfig][parseEdges]解析阶段(3):收集SET节点: ID=11, QRCode=11010, Count=4, Position=ABOVE
[2026-06-02 15:20:45] [INFO] [ui][GraphConfig][parseEdges]解析阶段(4):成功解析边: 10 -> 11，类型: STRAIGHT_LINE，大小: 140
[2026-06-02 15:20:45] [INFO] [ui][GraphConfig][processNode]SET节点文档顺序#6: 设置 setOfOHBInfoList[6].uiId = 12
[2026-06-02 15:20:45] [INFO] [ui][GraphConfig][parseEdges]解析阶段(3):收集SET节点: ID=12, QRCode=11011, Count=4, Position=ABOVE
[2026-06-02 15:20:45] [INFO] [ui][GraphConfig][parseEdges]解析阶段(4):成功解析边: 11 -> 12，类型: STRAIGHT_LINE，大小: 140
[2026-06-02 15:20:45] [INFO] [ui][GraphConfig][processNode]SET节点文档顺序#7: 设置 setOfOHBInfoList[7].uiId = 13
[2026-06-02 15:20:45] [INFO] [ui][GraphConfig][parseEdges]解析阶段(3):收集SET节点: ID=13, QRCode=11012, Count=4, Position=ABOVE
[2026-06-02 15:20:45] [INFO] [ui][GraphConfig][parseEdges]解析阶段(4):成功解析边: 12 -> 13，类型: STRAIGHT_LINE，大小: 140
[2026-06-02 15:20:45] [INFO] [ui][GraphConfig][parseEdges]解析阶段(4):成功解析边: 1 -> 15，类型: VERTICAL_VIRTUAL_LINE，大小: 6
[2026-06-02 15:20:45] [INFO] [ui][GraphConfig][parseEdges]解析阶段(3):收集TRACK节点: ID=14
[2026-06-02 15:20:45] [INFO] [ui][GraphConfig][parseEdges]解析阶段(3):收集TRACK节点: ID=16
[2026-06-02 15:20:45] [INFO] [ui][GraphConfig][parseEdges]解析阶段(4):成功解析边: 13 -> 14，类型: STRAIGHT_LINE，大小: 70，FoupLevel偏移: 416，SetLevel偏移: 118
[2026-06-02 15:20:45] [INFO] [ui][GraphConfig][parseEdges]解析阶段(4):成功解析边: 15 -> 16，类型: STRAIGHT_LINE，大小: 560
[2026-06-02 15:20:45] [INFO] [ui][GraphConfig][parseEdges]解析阶段(3):收集TRACK节点: ID=15
[2026-06-02 15:20:45] [INFO] [ui][GraphConfig][parseEdges]解析阶段(3):收集TRACK节点: ID=17
[2026-06-02 15:20:45] [INFO] [ui][GraphConfig][parseEdges]解析阶段(4):成功解析边: 16 -> 17，类型: HORIZONTAL_VIRTUAL_LINE，大小: 6
[2026-06-02 15:20:45] [INFO] [ui][GraphConfig][parseEdges]解析阶段(3):收集TRACK节点: ID=18
[2026-06-02 15:20:45] [INFO] [ui][GraphConfig][parseEdges]解析阶段(4):成功解析边: 17 -> 18，类型: STRAIGHT_LINE，大小: 1722，FoupLevel偏移: 194，SetLevel偏移: 0
[2026-06-02 15:20:45] [INFO] [ui][GraphConfig][parseEdges]解析阶段(3):收集TRACK节点: ID=19
[2026-06-02 15:20:45] [INFO] [ui][GraphConfig][parseEdges]解析阶段(4):成功解析边: 15 -> 19，类型: VERTICAL_VIRTUAL_LINE，大小: 140
[2026-06-02 15:20:45] [INFO] [ui][GraphConfig][parseEdges]解析阶段(3):收集TRACK节点: ID=20
[2026-06-02 15:20:45] [INFO] [ui][GraphConfig][parseEdges]解析阶段(4):成功解析边: 19 -> 20，类型: STRAIGHT_LINE，大小: 700
[2026-06-02 15:20:45] [INFO] [ui][GraphConfig][parseEdges]解析阶段(3):收集TRACK节点: ID=21
[2026-06-02 15:20:45] [INFO] [ui][GraphConfig][parseEdges]解析阶段(4):成功解析边: 20 -> 21，类型: HORIZONTAL_VIRTUAL_LINE，大小: 6
[2026-06-02 15:20:45] [INFO] [ui][GraphConfig][parseEdges]解析阶段(3):收集TRACK节点: ID=22
[2026-06-02 15:20:45] [INFO] [ui][GraphConfig][parseEdges]解析阶段(4):成功解析边: 21 -> 22，类型: STRAIGHT_LINE，大小: 1582，FoupLevel偏移: 190，SetLevel偏移: 10
[2026-06-02 15:20:45] [INFO] [ui][GraphConfig][parseEdges]解析阶段(4):成功解析边: 16 -> 20，类型: REVERSE_S_CURVE，大小: 140
[2026-06-02 15:20:45] [INFO] [ui][GraphConfig][parseEdges]解析阶段(4):成功解析边: 17 -> 21，类型: REVERSE_S_CURVE，大小: 140
[2026-06-02 15:20:45] [INFO] [ui][GraphConfig][parseEdges]解析阶段(3):收集TRACK节点: ID=23
[2026-06-02 15:20:45] [INFO] [ui][GraphConfig][parseEdges]解析阶段(4):成功解析边: 19 -> 23，类型: VERTICAL_VIRTUAL_LINE，大小: 6
[2026-06-02 15:20:45] [INFO] [ui][GraphConfig][parseEdges]解析阶段(3):收集TRACK节点: ID=24
[2026-06-02 15:20:45] [INFO] [ui][GraphConfig][parseEdges]解析阶段(4):成功解析边: 23 -> 24，类型: STRAIGHT_LINE，大小: 1190
[2026-06-02 15:20:45] [INFO] [ui][GraphConfig][parseEdges]解析阶段(3):收集TRACK节点: ID=25
[2026-06-02 15:20:45] [INFO] [ui][GraphConfig][parseEdges]解析阶段(4):成功解析边: 24 -> 25，类型: HORIZONTAL_VIRTUAL_LINE，大小: 6
[2026-06-02 15:20:45] [INFO] [ui][GraphConfig][parseEdges]解析阶段(3):收集TRACK节点: ID=26
[2026-06-02 15:20:45] [INFO] [ui][GraphConfig][parseEdges]解析阶段(4):成功解析边: 25 -> 26，类型: STRAIGHT_LINE，大小: 140
[2026-06-02 15:20:45] [INFO] [ui][GraphConfig][parseEdges]解析阶段(3):收集TRACK节点: ID=27
[2026-06-02 15:20:45] [INFO] [ui][GraphConfig][parseEdges]解析阶段(4):成功解析边: 26 -> 27，类型: HORIZONTAL_VIRTUAL_LINE，大小: 6
[2026-06-02 15:20:45] [INFO] [ui][GraphConfig][parseEdges]解析阶段(3):收集TRACK节点: ID=28
[2026-06-02 15:20:45] [INFO] [ui][GraphConfig][parseEdges]解析阶段(4):成功解析边: 27 -> 28，类型: STRAIGHT_LINE，大小: 980，FoupLevel偏移: 86，SetLevel偏移: -24
[2026-06-02 15:20:45] [INFO] [ui][GraphConfig][parseEdges]解析阶段(4):成功解析边: 29 -> 30，类型: STRAIGHT_LINE，大小: 1190
[2026-06-02 15:20:45] [INFO] [ui][GraphConfig][parseEdges]解析阶段(3):收集TRACK节点: ID=29
[2026-06-02 15:20:45] [INFO] [ui][GraphConfig][parseEdges]解析阶段(3):收集TRACK节点: ID=31
[2026-06-02 15:20:45] [INFO] [ui][GraphConfig][parseEdges]解析阶段(4):成功解析边: 23 -> 29，类型: VERTICAL_VIRTUAL_LINE，大小: 210
[2026-06-02 15:20:45] [INFO] [ui][GraphConfig][parseEdges]解析阶段(4):成功解析边: 30 -> 31，类型: HORIZONTAL_VIRTUAL_LINE，大小: 6
[2026-06-02 15:20:45] [INFO] [ui][GraphConfig][parseEdges]解析阶段(3):收集TRACK节点: ID=30
[2026-06-02 15:20:45] [INFO] [ui][GraphConfig][parseEdges]解析阶段(3):收集TRACK节点: ID=32
[2026-06-02 15:20:45] [INFO] [ui][GraphConfig][parseEdges]解析阶段(4):成功解析边: 31 -> 32，类型: STRAIGHT_LINE，大小: 140
[2026-06-02 15:20:45] [INFO] [ui][GraphConfig][parseEdges]解析阶段(3):收集TRACK节点: ID=33
[2026-06-02 15:20:45] [INFO] [ui][GraphConfig][parseEdges]解析阶段(4):成功解析边: 32 -> 33，类型: HORIZONTAL_VIRTUAL_LINE，大小: 6
[2026-06-02 15:20:45] [INFO] [ui][GraphConfig][parseEdges]解析阶段(3):收集TRACK节点: ID=34
[2026-06-02 15:20:45] [INFO] [ui][GraphConfig][parseEdges]解析阶段(4):成功解析边: 33 -> 34，类型: STRAIGHT_LINE，大小: 770，FoupLevel偏移: 828，SetLevel偏移: 190
[2026-06-02 15:20:45] [INFO] [ui][GraphConfig][parseEdges]解析阶段(4):成功解析边: 24 -> 30，类型: RIGHT_SEMICIRCLE_ARC，大小: 210
[2026-06-02 15:20:45] [INFO] [ui][GraphConfig][parseEdges]解析阶段(4):成功解析边: 25 -> 31，类型: RIGHT_SEMICIRCLE_ARC，大小: 210
[2026-06-02 15:20:45] [INFO] [ui][GraphConfig][parseEdges]解析阶段(4):成功解析边: 26 -> 32，类型: LEFT_SEMICIRCLE_ARC，大小: 210
[2026-06-02 15:20:45] [INFO] [ui][GraphConfig][parseEdges]解析阶段(4):成功解析边: 27 -> 33，类型: LEFT_SEMICIRCLE_ARC，大小: 210
[2026-06-02 15:20:45] [INFO] [ui][GraphConfig][parseEdges]解析阶段(3):收集TRACK节点: ID=35
[2026-06-02 15:20:45] [INFO] [ui][GraphConfig][parseEdges]解析阶段(4):成功解析边: 29 -> 35，类型: VERTICAL_VIRTUAL_LINE，大小: 6
[2026-06-02 15:20:45] [INFO] [ui][GraphConfig][processNode]SET节点文档顺序#8: 设置 setOfOHBInfoList[8].uiId = 36
[2026-06-02 15:20:45] [INFO] [ui][GraphConfig][parseEdges]解析阶段(3):收集SET节点: ID=36, QRCode=11036, Count=4, Position=BELOW
[2026-06-02 15:20:45] [INFO] [ui][GraphConfig][parseEdges]解析阶段(4):成功解析边: 35 -> 36，类型: STRAIGHT_LINE，大小: 70
[2026-06-02 15:20:45] [INFO] [ui][GraphConfig][processNode]SET节点文档顺序#9: 设置 setOfOHBInfoList[9].uiId = 37
[2026-06-02 15:20:45] [INFO] [ui][GraphConfig][parseEdges]解析阶段(3):收集SET节点: ID=37, QRCode=11037, Count=4, Position=BELOW
[2026-06-02 15:20:45] [INFO] [ui][GraphConfig][parseEdges]解析阶段(4):成功解析边: 36 -> 37，类型: STRAIGHT_LINE，大小: 140
[2026-06-02 15:20:45] [INFO] [ui][GraphConfig][processNode]SET节点文档顺序#10: 设置 setOfOHBInfoList[10].uiId = 38
[2026-06-02 15:20:45] [INFO] [ui][GraphConfig][parseEdges]解析阶段(3):收集SET节点: ID=38, QRCode=11038, Count=4, Position=BELOW
[2026-06-02 15:20:45] [INFO] [ui][GraphConfig][parseEdges]解析阶段(4):成功解析边: 37 -> 38，类型: STRAIGHT_LINE，大小: 140
[2026-06-02 15:20:45] [INFO] [ui][GraphConfig][processNode]SET节点文档顺序#11: 设置 setOfOHBInfoList[11].uiId = 39
[2026-06-02 15:20:45] [INFO] [ui][GraphConfig][parseEdges]解析阶段(3):收集SET节点: ID=39, QRCode=11039, Count=4, Position=BELOW
[2026-06-02 15:20:45] [INFO] [ui][GraphConfig][parseEdges]解析阶段(4):成功解析边: 38 -> 39，类型: STRAIGHT_LINE，大小: 140
[2026-06-02 15:20:45] [INFO] [ui][GraphConfig][processNode]SET节点文档顺序#12: 设置 setOfOHBInfoList[12].uiId = 40
[2026-06-02 15:20:45] [INFO] [ui][GraphConfig][parseEdges]解析阶段(3):收集SET节点: ID=41, QRCode=11041, Count=4, Position=BELOW
[2026-06-02 15:20:45] [INFO] [ui][GraphConfig][parseEdges]解析阶段(3):收集SET节点: ID=40, QRCode=11040, Count=4, Position=BELOW
[2026-06-02 15:20:45] [INFO] [ui][GraphConfig][parseEdges]解析阶段(4):成功解析边: 39 -> 40，类型: STRAIGHT_LINE，大小: 140
[2026-06-02 15:20:45] [INFO] [ui][GraphConfig][parseEdges]解析阶段(4):成功解析边: 40 -> 41，类型: STRAIGHT_LINE，大小: 140
[2026-06-02 15:20:45] [INFO] [ui][GraphConfig][processNode]SET节点文档顺序#13: 设置 setOfOHBInfoList[13].uiId = 41
[2026-06-02 15:20:45] [INFO] [ui][GraphConfig][processNode]SET节点文档顺序#14: 设置 setOfOHBInfoList[14].uiId = 42
[2026-06-02 15:20:45] [INFO] [ui][GraphConfig][parseEdges]解析阶段(3):收集SET节点: ID=42, QRCode=11042, Count=4, Position=BELOW
[2026-06-02 15:20:45] [INFO] [ui][GraphConfig][parseEdges]解析阶段(4):成功解析边: 41 -> 42，类型: STRAIGHT_LINE，大小: 140
[2026-06-02 15:20:45] [INFO] [ui][GraphConfig][processNode]SET节点文档顺序#15: 设置 setOfOHBInfoList[15].uiId = 43
[2026-06-02 15:20:45] [INFO] [ui][GraphConfig][parseEdges]解析阶段(3):收集SET节点: ID=43, QRCode=11043, Count=4, Position=BELOW
[2026-06-02 15:20:45] [INFO] [ui][GraphConfig][parseEdges]解析阶段(4):成功解析边: 42 -> 43，类型: STRAIGHT_LINE，大小: 140
[2026-06-02 15:20:45] [INFO] [ui][GraphConfig][processNode]SET节点文档顺序#16: 设置 setOfOHBInfoList[16].uiId = 2
[2026-06-02 15:20:45] [INFO] [ui][GraphConfig][parseEdges]解析阶段(3):收集SET节点: ID=2, QRCode=11001, Count=4, Position=BELOW
[2026-06-02 15:20:45] [INFO] [ui][GraphConfig][parseEdges]解析阶段(4):成功解析边: 43 -> 2，类型: STRAIGHT_LINE，大小: 322，FoupLevel偏移: 0，SetLevel偏移: 22
[2026-06-02 15:20:45] [INFO] [ui][GraphConfig][processNode]SET节点文档顺序#17: 设置 setOfOHBInfoList[17].uiId = 3
[2026-06-02 15:20:45] [INFO] [ui][GraphConfig][parseEdges]解析阶段(3):收集SET节点: ID=3, QRCode=11002, Count=4, Position=BELOW
[2026-06-02 15:20:45] [INFO] [ui][GraphConfig][parseEdges]解析阶段(4):成功解析边: 2 -> 3，类型: STRAIGHT_LINE，大小: 140
[2026-06-02 15:20:45] [INFO] [ui][GraphConfig][processNode]SET节点文档顺序#18: 设置 setOfOHBInfoList[18].uiId = 4
[2026-06-02 15:20:45] [INFO] [ui][GraphConfig][parseEdges]解析阶段(3):收集SET节点: ID=4, QRCode=11003, Count=4, Position=BELOW
[2026-06-02 15:20:45] [INFO] [ui][GraphConfig][parseEdges]解析阶段(4):成功解析边: 3 -> 4，类型: STRAIGHT_LINE，大小: 140
[2026-06-02 15:20:45] [INFO] [ui][GraphConfig][processNode]SET节点文档顺序#19: 设置 setOfOHBInfoList[19].uiId = 5
[2026-06-02 15:20:45] [INFO] [ui][GraphConfig][parseEdges]解析阶段(3):收集SET节点: ID=5, QRCode=11004, Count=4, Position=BELOW
[2026-06-02 15:20:45] [INFO] [ui][GraphConfig][parseEdges]解析阶段(4):成功解析边: 4 -> 5，类型: STRAIGHT_LINE，大小: 140
[2026-06-02 15:20:45] [INFO] [ui][GraphConfig][parseEdges]解析阶段(3):收集TRACK节点: ID=44
[2026-06-02 15:20:45] [INFO] [ui][GraphConfig][parseEdges]解析阶段(4):成功解析边: 5 -> 44，类型: STRAIGHT_LINE，大小: 350，FoupLevel偏移: 450，SetLevel偏移: 140
[2026-06-02 15:20:45] [INFO] [ui][GraphConfig][parse]解析阶段(5): 配置文件解析完毕
[2026-06-02 15:20:45] [INFO] [ui][GraphConfig][parse]配置文件解析完成，节点数: 44，边数: 49
[2026-06-02 15:20:45] [INFO] ====================天车轨道布局图配置文件解析 结束====================
[2026-06-02 15:20:46] [INFO] ====================Set视图天车轨道布局图重构  开始====================
[2026-06-02 15:20:46] [INFO] [ui][SetLevelGraphBuilder][buildGraph] 开始构建图，节点数: 44，边数: 49
[2026-06-02 15:20:46] [DEBUG] [ui][Graph][addVertex] 添加顶点 1
[2026-06-02 15:20:46] [DEBUG] [ui][Graph][addVertex] 添加顶点 2
[2026-06-02 15:20:46] [DEBUG] [ui][Graph][addVertex] 添加顶点 3
[2026-06-02 15:20:46] [DEBUG] [ui][Graph][addVertex] 添加顶点 4
[2026-06-02 15:20:46] [DEBUG] [ui][Graph][addVertex] 添加顶点 5
[2026-06-02 15:20:46] [DEBUG] [ui][Graph][addVertex] 添加顶点 6
[2026-06-02 15:20:46] [DEBUG] [ui][Graph][addVertex] 添加顶点 7
[2026-06-02 15:20:46] [DEBUG] [ui][Graph][addVertex] 添加顶点 8
[2026-06-02 15:20:46] [DEBUG] [ui][Graph][addVertex] 添加顶点 9
[2026-06-02 15:20:46] [DEBUG] [ui][Graph][addVertex] 添加顶点 10
[2026-06-02 15:20:46] [DEBUG] [ui][Graph][addVertex] 添加顶点 11
[2026-06-02 15:20:46] [DEBUG] [ui][Graph][addVertex] 添加顶点 12
[2026-06-02 15:20:46] [DEBUG] [ui][Graph][addVertex] 添加顶点 13
[2026-06-02 15:20:46] [DEBUG] [ui][Graph][addVertex] 添加顶点 14
[2026-06-02 15:20:46] [DEBUG] [ui][Graph][addVertex] 添加顶点 15
[2026-06-02 15:20:46] [DEBUG] [ui][Graph][addVertex] 添加顶点 16
[2026-06-02 15:20:46] [DEBUG] [ui][Graph][addVertex] 添加顶点 17
[2026-06-02 15:20:46] [DEBUG] [ui][Graph][addVertex] 添加顶点 18
[2026-06-02 15:20:46] [DEBUG] [ui][Graph][addVertex] 添加顶点 19
[2026-06-02 15:20:46] [DEBUG] [ui][Graph][addVertex] 添加顶点 20
[2026-06-02 15:20:46] [DEBUG] [ui][Graph][addVertex] 添加顶点 21
[2026-06-02 15:20:46] [DEBUG] [ui][Graph][addVertex] 添加顶点 22
[2026-06-02 15:20:46] [DEBUG] [ui][Graph][addVertex] 添加顶点 23
[2026-06-02 15:20:46] [DEBUG] [ui][Graph][addVertex] 添加顶点 24
[2026-06-02 15:20:46] [DEBUG] [ui][Graph][addVertex] 添加顶点 25
[2026-06-02 15:20:46] [DEBUG] [ui][Graph][addVertex] 添加顶点 26
[2026-06-02 15:20:46] [DEBUG] [ui][Graph][addVertex] 添加顶点 27
[2026-06-02 15:20:46] [DEBUG] [ui][Graph][addVertex] 添加顶点 28
[2026-06-02 15:20:46] [DEBUG] [ui][Graph][addVertex] 添加顶点 29
[2026-06-02 15:20:46] [DEBUG] [ui][Graph][addVertex] 添加顶点 30
[2026-06-02 15:20:46] [DEBUG] [ui][Graph][addVertex] 添加顶点 31
[2026-06-02 15:20:46] [DEBUG] [ui][Graph][addVertex] 添加顶点 32
[2026-06-02 15:20:46] [DEBUG] [ui][Graph][addVertex] 添加顶点 33
[2026-06-02 15:20:46] [DEBUG] [ui][Graph][addVertex] 添加顶点 34
[2026-06-02 15:20:46] [DEBUG] [ui][Graph][addVertex] 添加顶点 35
[2026-06-02 15:20:46] [DEBUG] [ui][Graph][addVertex] 添加顶点 36
[2026-06-02 15:20:46] [DEBUG] [ui][Graph][addVertex] 添加顶点 37
[2026-06-02 15:20:46] [DEBUG] [ui][Graph][addVertex] 添加顶点 38
[2026-06-02 15:20:46] [DEBUG] [ui][Graph][addVertex] 添加顶点 39
[2026-06-02 15:20:46] [DEBUG] [ui][Graph][addVertex] 添加顶点 40
[2026-06-02 15:20:46] [DEBUG] [ui][Graph][addVertex] 添加顶点 41
[2026-06-02 15:20:46] [DEBUG] [ui][Graph][addVertex] 添加顶点 42
[2026-06-02 15:20:46] [DEBUG] [ui][Graph][addVertex] 添加顶点 43
[2026-06-02 15:20:46] [DEBUG] [ui][Graph][addVertex] 添加顶点 44
[2026-06-02 15:20:46] [DEBUG] [ui][Graph][addVertex] 顶点 1 已存在，跳过
[2026-06-02 15:20:46] [DEBUG] [ui][Graph][addVertex] 顶点 6 已存在，跳过
[2026-06-02 15:20:46] [DEBUG] [ui][Graph][addEdge] 添加边 (1,6)
[2026-06-02 15:20:46] [DEBUG] [ui][Graph][addVertex] 顶点 6 已存在，跳过
[2026-06-02 15:20:46] [DEBUG] [ui][Graph][addVertex] 顶点 7 已存在，跳过
[2026-06-02 15:20:46] [DEBUG] [ui][Graph][addEdge] 添加边 (6,7)
[2026-06-02 15:20:46] [DEBUG] [ui][Graph][addVertex] 顶点 7 已存在，跳过
[2026-06-02 15:20:46] [DEBUG] [ui][Graph][addVertex] 顶点 8 已存在，跳过
[2026-06-02 15:20:46] [DEBUG] [ui][Graph][addEdge] 添加边 (7,8)
[2026-06-02 15:20:46] [DEBUG] [ui][Graph][addVertex] 顶点 8 已存在，跳过
[2026-06-02 15:20:46] [DEBUG] [ui][Graph][addVertex] 顶点 9 已存在，跳过
[2026-06-02 15:20:46] [DEBUG] [ui][Graph][addEdge] 添加边 (8,9)
[2026-06-02 15:20:46] [DEBUG] [ui][Graph][addVertex] 顶点 9 已存在，跳过
[2026-06-02 15:20:46] [DEBUG] [ui][Graph][addVertex] 顶点 10 已存在，跳过
[2026-06-02 15:20:46] [DEBUG] [ui][Graph][addEdge] 添加边 (9,10)
[2026-06-02 15:20:46] [DEBUG] [ui][Graph][addVertex] 顶点 11 已存在，跳过
[2026-06-02 15:20:46] [DEBUG] [ui][Graph][addVertex] 顶点 12 已存在，跳过
[2026-06-02 15:20:46] [DEBUG] [ui][Graph][addEdge] 添加边 (11,12)
[2026-06-02 15:20:46] [DEBUG] [ui][Graph][addVertex] 顶点 12 已存在，跳过
[2026-06-02 15:20:46] [DEBUG] [ui][Graph][addVertex] 顶点 10 已存在，跳过
[2026-06-02 15:20:46] [DEBUG] [ui][Graph][addEdge] 添加边 (12,13)
[2026-06-02 15:20:46] [DEBUG] [ui][Graph][addVertex] 顶点 13 已存在，跳过
[2026-06-02 15:20:46] [DEBUG] [ui][Graph][addVertex] 顶点 11 已存在，跳过
[2026-06-02 15:20:46] [DEBUG] [ui][Graph][addEdge] 添加边 (13,14)
[2026-06-02 15:20:46] [DEBUG] [ui][Graph][addEdge] 添加边 (10,11)
[2026-06-02 15:20:46] [DEBUG] [ui][Graph][addVertex] 顶点 15 已存在，跳过
[2026-06-02 15:20:46] [DEBUG] [ui][Graph][addEdge] 添加边 (1,15)
[2026-06-02 15:20:46] [DEBUG] [ui][Graph][addVertex] 顶点 15 已存在，跳过
[2026-06-02 15:20:46] [DEBUG] [ui][Graph][addVertex] 顶点 16 已存在，跳过
[2026-06-02 15:20:46] [DEBUG] [ui][Graph][addVertex] 顶点 13 已存在，跳过
[2026-06-02 15:20:46] [DEBUG] [ui][Graph][addEdge] 添加边 (15,16)
[2026-06-02 15:20:46] [DEBUG] [ui][Graph][addVertex] 顶点 16 已存在，跳过
[2026-06-02 15:20:46] [DEBUG] [ui][Graph][addVertex] 顶点 17 已存在，跳过
[2026-06-02 15:20:46] [DEBUG] [ui][Graph][addEdge] 添加边 (16,17)
[2026-06-02 15:20:46] [DEBUG] [ui][Graph][addVertex] 顶点 17 已存在，跳过
[2026-06-02 15:20:46] [DEBUG] [ui][Graph][addVertex] 顶点 18 已存在，跳过
[2026-06-02 15:20:46] [DEBUG] [ui][Graph][addEdge] 添加边 (17,18)
[2026-06-02 15:20:46] [DEBUG] [ui][Graph][addVertex] 顶点 14 已存在，跳过
[2026-06-02 15:20:46] [DEBUG] [ui][Graph][addVertex] 顶点 19 已存在，跳过
[2026-06-02 15:20:46] [DEBUG] [ui][Graph][addEdge] 添加边 (15,19)
[2026-06-02 15:20:46] [DEBUG] [ui][Graph][addVertex] 顶点 19 已存在，跳过
[2026-06-02 15:20:46] [DEBUG] [ui][Graph][addVertex] 顶点 20 已存在，跳过
[2026-06-02 15:20:46] [DEBUG] [ui][Graph][addEdge] 添加边 (19,20)
[2026-06-02 15:20:46] [DEBUG] [ui][Graph][addVertex] 顶点 20 已存在，跳过
[2026-06-02 15:20:46] [DEBUG] [ui][Graph][addVertex] 顶点 21 已存在，跳过
[2026-06-02 15:20:46] [DEBUG] [ui][Graph][addEdge] 添加边 (20,21)
[2026-06-02 15:20:46] [DEBUG] [ui][Graph][addVertex] 顶点 1 已存在，跳过
[2026-06-02 15:20:46] [DEBUG] [ui][Graph][addVertex] 顶点 21 已存在，跳过
[2026-06-02 15:20:46] [DEBUG] [ui][Graph][addEdge] 添加边 (21,22)
[2026-06-02 15:20:46] [DEBUG] [ui][Graph][addVertex] 顶点 15 已存在，跳过
[2026-06-02 15:20:46] [DEBUG] [ui][Graph][addVertex] 顶点 16 已存在，跳过
[2026-06-02 15:20:46] [DEBUG] [ui][Graph][addVertex] 顶点 20 已存在，跳过
[2026-06-02 15:20:46] [DEBUG] [ui][Graph][addEdge] 添加边 (16,20)
[2026-06-02 15:20:46] [DEBUG] [ui][Graph][addVertex] 顶点 17 已存在，跳过
[2026-06-02 15:20:46] [DEBUG] [ui][Graph][addVertex] 顶点 21 已存在，跳过
[2026-06-02 15:20:46] [DEBUG] [ui][Graph][addEdge] 添加边 (17,21)
[2026-06-02 15:20:46] [DEBUG] [ui][Graph][addVertex] 顶点 19 已存在，跳过
[2026-06-02 15:20:46] [DEBUG] [ui][Graph][addVertex] 顶点 23 已存在，跳过
[2026-06-02 15:20:46] [DEBUG] [ui][Graph][addVertex] 顶点 22 已存在，跳过
[2026-06-02 15:20:46] [DEBUG] [ui][Graph][addEdge] 添加边 (19,23)
[2026-06-02 15:20:46] [DEBUG] [ui][Graph][addVertex] 顶点 23 已存在，跳过
[2026-06-02 15:20:46] [DEBUG] [ui][Graph][addVertex] 顶点 24 已存在，跳过
[2026-06-02 15:20:46] [DEBUG] [ui][Graph][addEdge] 添加边 (23,24)
[2026-06-02 15:20:46] [DEBUG] [ui][Graph][addVertex] 顶点 24 已存在，跳过
[2026-06-02 15:20:46] [DEBUG] [ui][Graph][addVertex] 顶点 25 已存在，跳过
[2026-06-02 15:20:46] [DEBUG] [ui][Graph][addEdge] 添加边 (24,25)
[2026-06-02 15:20:46] [DEBUG] [ui][Graph][addVertex] 顶点 25 已存在，跳过
[2026-06-02 15:20:46] [DEBUG] [ui][Graph][addVertex] 顶点 27 已存在，跳过
[2026-06-02 15:20:46] [DEBUG] [ui][Graph][addEdge] 添加边 (26,27)
[2026-06-02 15:20:46] [DEBUG] [ui][Graph][addVertex] 顶点 27 已存在，跳过
[2026-06-02 15:20:46] [DEBUG] [ui][Graph][addVertex] 顶点 28 已存在，跳过
[2026-06-02 15:20:46] [DEBUG] [ui][Graph][addEdge] 添加边 (25,26)
[2026-06-02 15:20:46] [DEBUG] [ui][Graph][addVertex] 顶点 23 已存在，跳过
[2026-06-02 15:20:46] [DEBUG] [ui][Graph][addVertex] 顶点 29 已存在，跳过
[2026-06-02 15:20:46] [DEBUG] [ui][Graph][addEdge] 添加边 (23,29)
[2026-06-02 15:20:46] [DEBUG] [ui][Graph][addVertex] 顶点 29 已存在，跳过
[2026-06-02 15:20:46] [DEBUG] [ui][Graph][addVertex] 顶点 30 已存在，跳过
[2026-06-02 15:20:46] [DEBUG] [ui][Graph][addEdge] 添加边 (29,30)
[2026-06-02 15:20:46] [DEBUG] [ui][Graph][addVertex] 顶点 30 已存在，跳过
[2026-06-02 15:20:46] [DEBUG] [ui][Graph][addVertex] 顶点 31 已存在，跳过
[2026-06-02 15:20:46] [DEBUG] [ui][Graph][addEdge] 添加边 (30,31)
[2026-06-02 15:20:46] [DEBUG] [ui][Graph][addVertex] 顶点 31 已存在，跳过
[2026-06-02 15:20:46] [DEBUG] [ui][Graph][addVertex] 顶点 32 已存在，跳过
[2026-06-02 15:20:46] [DEBUG] [ui][Graph][addEdge] 添加边 (31,32)
[2026-06-02 15:20:46] [DEBUG] [ui][Graph][addVertex] 顶点 32 已存在，跳过
[2026-06-02 15:20:46] [DEBUG] [ui][Graph][addVertex] 顶点 33 已存在，跳过
[2026-06-02 15:20:46] [DEBUG] [ui][Graph][addEdge] 添加边 (32,33)
[2026-06-02 15:20:46] [DEBUG] [ui][Graph][addVertex] 顶点 33 已存在，跳过
[2026-06-02 15:20:46] [DEBUG] [ui][Graph][addVertex] 顶点 34 已存在，跳过
[2026-06-02 15:20:46] [DEBUG] [ui][Graph][addEdge] 添加边 (33,34)
[2026-06-02 15:20:46] [DEBUG] [ui][Graph][addVertex] 顶点 24 已存在，跳过
[2026-06-02 15:20:46] [DEBUG] [ui][Graph][addVertex] 顶点 30 已存在，跳过
[2026-06-02 15:20:46] [DEBUG] [ui][Graph][addEdge] 添加边 (24,30)
[2026-06-02 15:20:46] [DEBUG] [ui][Graph][addVertex] 顶点 25 已存在，跳过
[2026-06-02 15:20:46] [DEBUG] [ui][Graph][addVertex] 顶点 31 已存在，跳过
[2026-06-02 15:20:46] [DEBUG] [ui][Graph][addEdge] 添加边 (25,31)
[2026-06-02 15:20:46] [DEBUG] [ui][Graph][addVertex] 顶点 26 已存在，跳过
[2026-06-02 15:20:46] [DEBUG] [ui][Graph][addVertex] 顶点 32 已存在，跳过
[2026-06-02 15:20:46] [DEBUG] [ui][Graph][addEdge] 添加边 (26,32)
[2026-06-02 15:20:46] [DEBUG] [ui][Graph][addVertex] 顶点 27 已存在，跳过
[2026-06-02 15:20:46] [DEBUG] [ui][Graph][addVertex] 顶点 33 已存在，跳过
[2026-06-02 15:20:46] [DEBUG] [ui][Graph][addEdge] 添加边 (27,33)
[2026-06-02 15:20:46] [DEBUG] [ui][Graph][addVertex] 顶点 29 已存在，跳过
[2026-06-02 15:20:46] [DEBUG] [ui][Graph][addVertex] 顶点 35 已存在，跳过
[2026-06-02 15:20:46] [DEBUG] [ui][Graph][addEdge] 添加边 (29,35)
[2026-06-02 15:20:46] [DEBUG] [ui][Graph][addVertex] 顶点 35 已存在，跳过
[2026-06-02 15:20:46] [DEBUG] [ui][Graph][addVertex] 顶点 36 已存在，跳过
[2026-06-02 15:20:46] [DEBUG] [ui][Graph][addEdge] 添加边 (35,36)
[2026-06-02 15:20:46] [DEBUG] [ui][Graph][addVertex] 顶点 36 已存在，跳过
[2026-06-02 15:20:46] [DEBUG] [ui][Graph][addVertex] 顶点 37 已存在，跳过
[2026-06-02 15:20:46] [DEBUG] [ui][Graph][addEdge] 添加边 (36,37)
[2026-06-02 15:20:46] [DEBUG] [ui][Graph][addVertex] 顶点 37 已存在，跳过
[2026-06-02 15:20:46] [DEBUG] [ui][Graph][addVertex] 顶点 26 已存在，跳过
[2026-06-02 15:20:46] [DEBUG] [ui][Graph][addVertex] 顶点 38 已存在，跳过
[2026-06-02 15:20:46] [DEBUG] [ui][Graph][addVertex] 顶点 26 已存在，跳过
[2026-06-02 15:20:46] [DEBUG] [ui][Graph][addEdge] 添加边 (37,38)
[2026-06-02 15:20:46] [DEBUG] [ui][Graph][addVertex] 顶点 38 已存在，跳过
[2026-06-02 15:20:46] [DEBUG] [ui][Graph][addVertex] 顶点 39 已存在，跳过
[2026-06-02 15:20:46] [DEBUG] [ui][Graph][addEdge] 添加边 (38,39)
[2026-06-02 15:20:46] [DEBUG] [ui][Graph][addEdge] 添加边 (39,40)
[2026-06-02 15:20:46] [DEBUG] [ui][Graph][addVertex] 顶点 39 已存在，跳过
[2026-06-02 15:20:46] [DEBUG] [ui][Graph][addVertex] 顶点 40 已存在，跳过
[2026-06-02 15:20:46] [DEBUG] [ui][Graph][addVertex] 顶点 41 已存在，跳过
[2026-06-02 15:20:46] [DEBUG] [ui][Graph][addEdge] 添加边 (40,41)
[2026-06-02 15:20:46] [DEBUG] [ui][Graph][addVertex] 顶点 41 已存在，跳过
[2026-06-02 15:20:46] [DEBUG] [ui][Graph][addVertex] 顶点 42 已存在，跳过
[2026-06-02 15:20:46] [DEBUG] [ui][Graph][addEdge] 添加边 (41,42)
[2026-06-02 15:20:46] [DEBUG] [ui][Graph][addVertex] 顶点 42 已存在，跳过
[2026-06-02 15:20:46] [DEBUG] [ui][Graph][addVertex] 顶点 43 已存在，跳过
[2026-06-02 15:20:46] [DEBUG] [ui][Graph][addEdge] 添加边 (27,28)
[2026-06-02 15:20:46] [DEBUG] [ui][Graph][addEdge] 添加边 (42,43)
[2026-06-02 15:20:46] [DEBUG] [ui][Graph][addVertex] 顶点 43 已存在，跳过
[2026-06-02 15:20:46] [DEBUG] [ui][Graph][addVertex] 顶点 2 已存在，跳过
[2026-06-02 15:20:46] [DEBUG] [ui][Graph][addEdge] 添加边 (43,2)
[2026-06-02 15:20:46] [DEBUG] [ui][Graph][addVertex] 顶点 2 已存在，跳过
[2026-06-02 15:20:46] [DEBUG] [ui][Graph][addVertex] 顶点 3 已存在，跳过
[2026-06-02 15:20:46] [DEBUG] [ui][Graph][addEdge] 添加边 (2,3)
[2026-06-02 15:20:46] [DEBUG] [ui][Graph][addVertex] 顶点 40 已存在，跳过
[2026-06-02 15:20:46] [DEBUG] [ui][Graph][addVertex] 顶点 3 已存在，跳过
[2026-06-02 15:20:46] [DEBUG] [ui][Graph][addVertex] 顶点 4 已存在，跳过
[2026-06-02 15:20:46] [DEBUG] [ui][Graph][addEdge] 添加边 (3,4)
[2026-06-02 15:20:46] [DEBUG] [ui][Graph][addVertex] 顶点 5 已存在，跳过
[2026-06-02 15:20:46] [DEBUG] [ui][Graph][addVertex] 顶点 4 已存在，跳过
[2026-06-02 15:20:46] [DEBUG] [ui][Graph][addEdge] 添加边 (4,5)
[2026-06-02 15:20:46] [DEBUG] [ui][Graph][addVertex] 顶点 5 已存在，跳过
[2026-06-02 15:20:46] [DEBUG] [ui][Graph][addVertex] 顶点 44 已存在，跳过
[2026-06-02 15:20:46] [DEBUG] [ui][Graph][addEdge] 添加边 (5,44)
[2026-06-02 15:20:46] [INFO] [ui][SetLevelGraphBuilder][buildMultilist]邻接多重表构建完成
[2026-06-02 15:20:46] [INFO] [ui][SetLevelGraphBuilder][buildGraph] 阶段(1): 重建邻接多重表完成
[2026-06-02 15:20:46] [INFO] [ui][SetLevelGraphBuilder][layoutAndDraw]起始节点ID: 1, 坐标: (20, 120)
[2026-06-02 15:20:46] [INFO] [ui][SetLevelGraphBuilder][processStraightLine]直线: 1 -> 6, 长度: 840, 起点(20,120), 终点(860,120)
[2026-06-02 15:20:46] [INFO] [ui][SetLevelGraphBuilder][createFrameDevice]成功为节点ID=6设置Set信息: uiId=6, setId=12001~12004, 压力范围=0.00~0.00Mpa, 流量平均值=0.00L/Min, 湿度范围=0.00~0.00%
[2026-06-02 15:20:46] [INFO] [ui][SetLevelGraphBuilder][createFrameDevice]创建FrameDevice: ID=6, 轨道坐标=(860, 120), 实际坐标=(800, 14), 位置=ABOVE
[2026-06-02 15:20:46] [INFO] [ui][SetLevelGraphBuilder][processNode]创建SET节点: ID=6
[2026-06-02 15:20:46] [INFO] [ui][SetLevelGraphBuilder][processStraightLine]直线: 6 -> 7, 长度: 140, 起点(860,120), 终点(1000,120)
[2026-06-02 15:20:46] [INFO] [ui][SetLevelGraphBuilder][createFrameDevice]成功为节点ID=7设置Set信息: uiId=7, setId=12005~12008, 压力范围=0.00~0.00Mpa, 流量平均值=0.00L/Min, 湿度范围=0.00~0.00%
[2026-06-02 15:20:46] [INFO] [ui][SetLevelGraphBuilder][createFrameDevice]创建FrameDevice: ID=7, 轨道坐标=(1000, 120), 实际坐标=(940, 14), 位置=ABOVE
[2026-06-02 15:20:46] [INFO] [ui][SetLevelGraphBuilder][processNode]创建SET节点: ID=7
[2026-06-02 15:20:46] [INFO] [ui][SetLevelGraphBuilder][processStraightLine]直线: 7 -> 8, 长度: 420, 起点(1000,120), 终点(1420,120)
[2026-06-02 15:20:46] [INFO] [ui][SetLevelGraphBuilder][createFrameDevice]成功为节点ID=8设置Set信息: uiId=8, setId=12009~12012, 压力范围=0.00~0.00Mpa, 流量平均值=0.00L/Min, 湿度范围=0.00~0.00%
[2026-06-02 15:20:46] [INFO] [ui][SetLevelGraphBuilder][createFrameDevice]创建FrameDevice: ID=8, 轨道坐标=(1420, 120), 实际坐标=(1360, 14), 位置=ABOVE
[2026-06-02 15:20:46] [INFO] [ui][SetLevelGraphBuilder][processNode]创建SET节点: ID=8
[2026-06-02 15:20:46] [INFO] [ui][SetLevelGraphBuilder][processStraightLine]直线: 8 -> 9, 长度: 140, 起点(1420,120), 终点(1560,120)
[2026-06-02 15:20:46] [INFO] [ui][SetLevelGraphBuilder][createFrameDevice]成功为节点ID=9设置Set信息: uiId=9, setId=12013~12016, 压力范围=0.00~0.00Mpa, 流量平均值=0.00L/Min, 湿度范围=0.00~0.00%
[2026-06-02 15:20:46] [INFO] [ui][SetLevelGraphBuilder][createFrameDevice]创建FrameDevice: ID=9, 轨道坐标=(1560, 120), 实际坐标=(1500, 14), 位置=ABOVE
[2026-06-02 15:20:46] [INFO] [ui][SetLevelGraphBuilder][processNode]创建SET节点: ID=9
[2026-06-02 15:20:46] [INFO] [ui][SetLevelGraphBuilder][processStraightLine]直线: 9 -> 10, 长度: 140, 起点(1560,120), 终点(1700,120)
[2026-06-02 15:20:46] [INFO] [ui][SetLevelGraphBuilder][createFrameDevice]成功为节点ID=10设置Set信息: uiId=10, setId=12017~12020, 压力范围=0.00~0.00Mpa, 流量平均值=0.00L/Min, 湿度范围=0.00~0.00%
[2026-06-02 15:20:46] [INFO] [ui][SetLevelGraphBuilder][createFrameDevice]创建FrameDevice: ID=10, 轨道坐标=(1700, 120), 实际坐标=(1640, 14), 位置=ABOVE
[2026-06-02 15:20:46] [INFO] [ui][SetLevelGraphBuilder][processNode]创建SET节点: ID=10
[2026-06-02 15:20:46] [INFO] [ui][SetLevelGraphBuilder][processStraightLine]直线: 10 -> 11, 长度: 140, 起点(1700,120), 终点(1840,120)
[2026-06-02 15:20:46] [INFO] [ui][SetLevelGraphBuilder][createFrameDevice]成功为节点ID=11设置Set信息: uiId=11, setId=12021~12024, 压力范围=0.00~0.00Mpa, 流量平均值=0.00L/Min, 湿度范围=0.00~0.00%
[2026-06-02 15:20:46] [INFO] [ui][SetLevelGraphBuilder][createFrameDevice]创建FrameDevice: ID=11, 轨道坐标=(1840, 120), 实际坐标=(1780, 14), 位置=ABOVE
[2026-06-02 15:20:46] [INFO] [ui][SetLevelGraphBuilder][processNode]创建SET节点: ID=11
[2026-06-02 15:20:46] [INFO] [ui][SetLevelGraphBuilder][processStraightLine]直线: 11 -> 12, 长度: 140, 起点(1840,120), 终点(1980,120)
[2026-06-02 15:20:46] [INFO] [ui][SetLevelGraphBuilder][createFrameDevice]成功为节点ID=12设置Set信息: uiId=12, setId=12025~12028, 压力范围=0.00~0.00Mpa, 流量平均值=0.00L/Min, 湿度范围=0.00~0.00%
[2026-06-02 15:20:46] [INFO] [ui][SetLevelGraphBuilder][createFrameDevice]创建FrameDevice: ID=12, 轨道坐标=(1980, 120), 实际坐标=(1920, 14), 位置=ABOVE
[2026-06-02 15:20:46] [INFO] [ui][SetLevelGraphBuilder][processNode]创建SET节点: ID=12
[2026-06-02 15:20:46] [INFO] [ui][SetLevelGraphBuilder][processStraightLine]直线: 12 -> 13, 长度: 140, 起点(1980,120), 终点(2120,120)
[2026-06-02 15:20:46] [INFO] [ui][SetLevelGraphBuilder][createFrameDevice]成功为节点ID=13设置Set信息: uiId=13, setId=12029~12032, 压力范围=0.00~0.00Mpa, 流量平均值=0.00L/Min, 湿度范围=0.00~0.00%
[2026-06-02 15:20:46] [INFO] [ui][SetLevelGraphBuilder][createFrameDevice]创建FrameDevice: ID=13, 轨道坐标=(2120, 120), 实际坐标=(2060, 14), 位置=ABOVE
[2026-06-02 15:20:46] [INFO] [ui][SetLevelGraphBuilder][processNode]创建SET节点: ID=13
[2026-06-02 15:20:46] [INFO] [ui][SetLevelGraphBuilder][processStraightLine]直线: 13 -> 14, 长度: 70 + 偏移: 118 = 188, 起点(2120,120), 终点(2308,120)
[2026-06-02 15:20:46] [INFO] [ui][SetLevelGraphBuilder][processVirtualLine]虚线: 1 -> 15, 类型: VERTICAL_VIRTUAL_LINE, 起点(20,120), 终点(20,126)
[2026-06-02 15:20:46] [INFO] [ui][SetLevelGraphBuilder][processStraightLine]直线: 15 -> 16, 长度: 560, 起点(20,126), 终点(580,126)
[2026-06-02 15:20:46] [INFO] [ui][SetLevelGraphBuilder][processVirtualLine]虚线: 16 -> 17, 类型: HORIZONTAL_VIRTUAL_LINE, 起点(580,126), 终点(586,126)
[2026-06-02 15:20:46] [INFO] [ui][SetLevelGraphBuilder][processStraightLine]直线: 17 -> 18, 长度: 1722, 起点(586,126), 终点(2308,126)
[2026-06-02 15:20:46] [INFO] [ui][SetLevelGraphBuilder][processVirtualLine]虚线: 15 -> 19, 类型: VERTICAL_VIRTUAL_LINE, 起点(20,126), 终点(20,266)
[2026-06-02 15:20:46] [INFO] [ui][SetLevelGraphBuilder][processStraightLine]直线: 19 -> 20, 长度: 700, 起点(20,266), 终点(720,266)
[2026-06-02 15:20:46] [INFO] [ui][SetLevelGraphBuilder][processVirtualLine]虚线: 20 -> 21, 类型: HORIZONTAL_VIRTUAL_LINE, 起点(720,266), 终点(726,266)
[2026-06-02 15:20:46] [INFO] [ui][SetLevelGraphBuilder][processStraightLine]直线: 21 -> 22, 长度: 1582 + 偏移: 10 = 1592, 起点(726,266), 终点(2318,266)
[2026-06-02 15:20:46] [INFO] [ui][SetLevelGraphBuilder][processSCurve]S曲线: 16 -> 20, 目标节点已有坐标，使用已有坐标
[2026-06-02 15:20:46] [INFO] [ui][SetLevelGraphBuilder][processSCurve]绘制曲线 16 -> 20, 类型: REVERSE_S_CURVE, 起点(580,126), 终点(720,266), 控制点1(650,126), 控制点2(650,266)
[2026-06-02 15:20:46] [INFO] [ui][SetLevelGraphBuilder][processSCurve]S曲线: 17 -> 21, 目标节点已有坐标，使用已有坐标
[2026-06-02 15:20:46] [INFO] [ui][SetLevelGraphBuilder][processSCurve]绘制曲线 17 -> 21, 类型: REVERSE_S_CURVE, 起点(586,126), 终点(726,266), 控制点1(656,126), 控制点2(656,266)
[2026-06-02 15:20:46] [INFO] [ui][SetLevelGraphBuilder][processVirtualLine]虚线: 19 -> 23, 类型: VERTICAL_VIRTUAL_LINE, 起点(20,266), 终点(20,272)
[2026-06-02 15:20:46] [INFO] [ui][SetLevelGraphBuilder][processStraightLine]直线: 23 -> 24, 长度: 1190, 起点(20,272), 终点(1210,272)
[2026-06-02 15:20:46] [INFO] [ui][SetLevelGraphBuilder][processVirtualLine]虚线: 24 -> 25, 类型: HORIZONTAL_VIRTUAL_LINE, 起点(1210,272), 终点(1216,272)
[2026-06-02 15:20:46] [INFO] [ui][SetLevelGraphBuilder][processStraightLine]直线: 25 -> 26, 长度: 140, 起点(1216,272), 终点(1356,272)
[2026-06-02 15:20:46] [INFO] [ui][SetLevelGraphBuilder][processVirtualLine]虚线: 26 -> 27, 类型: HORIZONTAL_VIRTUAL_LINE, 起点(1356,272), 终点(1362,272)
[2026-06-02 15:20:46] [INFO] [ui][SetLevelGraphBuilder][processStraightLine]直线: 27 -> 28, 长度: 980 + 偏移: -24 = 956, 起点(1362,272), 终点(2318,272)
[2026-06-02 15:20:46] [INFO] [ui][SetLevelGraphBuilder][processVirtualLine]虚线: 23 -> 29, 类型: VERTICAL_VIRTUAL_LINE, 起点(20,272), 终点(20,482)
[2026-06-02 15:20:46] [INFO] [ui][SetLevelGraphBuilder][processStraightLine]直线: 29 -> 30, 长度: 1190, 起点(20,482), 终点(1210,482)
[2026-06-02 15:20:46] [INFO] [ui][SetLevelGraphBuilder][processVirtualLine]虚线: 30 -> 31, 类型: HORIZONTAL_VIRTUAL_LINE, 起点(1210,482), 终点(1216,482)
[2026-06-02 15:20:46] [INFO] [ui][SetLevelGraphBuilder][processStraightLine]直线: 31 -> 32, 长度: 140, 起点(1216,482), 终点(1356,482)
[2026-06-02 15:20:46] [INFO] [ui][SetLevelGraphBuilder][processVirtualLine]虚线: 32 -> 33, 类型: HORIZONTAL_VIRTUAL_LINE, 起点(1356,482), 终点(1362,482)
[2026-06-02 15:20:46] [INFO] [ui][SetLevelGraphBuilder][processStraightLine]直线: 33 -> 34, 长度: 770 + 偏移: 190 = 960, 起点(1362,482), 终点(2322,482)
[2026-06-02 15:20:46] [INFO] [ui][SetLevelGraphBuilder][processSemicircleArc]绘制半圆弧 24 -> 30, 类型: RIGHT_SEMICIRCLE_ARC, 起点(1210,272), 终点(1210,482)
[2026-06-02 15:20:46] [INFO] [ui][SetLevelGraphBuilder][processSemicircleArc]半圆弧: 24 -> 30, 类型: RIGHT_SEMICIRCLE_ARC
[2026-06-02 15:20:46] [INFO] [ui][SetLevelGraphBuilder][processSemicircleArc]绘制半圆弧 25 -> 31, 类型: RIGHT_SEMICIRCLE_ARC, 起点(1216,272), 终点(1216,482)
[2026-06-02 15:20:46] [INFO] [ui][SetLevelGraphBuilder][processSemicircleArc]半圆弧: 25 -> 31, 类型: RIGHT_SEMICIRCLE_ARC
[2026-06-02 15:20:46] [INFO] [ui][SetLevelGraphBuilder][processSemicircleArc]绘制半圆弧 26 -> 32, 类型: LEFT_SEMICIRCLE_ARC, 起点(1356,272), 终点(1356,482)
[2026-06-02 15:20:46] [INFO] [ui][SetLevelGraphBuilder][processSemicircleArc]半圆弧: 26 -> 32, 类型: LEFT_SEMICIRCLE_ARC
[2026-06-02 15:20:46] [INFO] [ui][SetLevelGraphBuilder][processSemicircleArc]绘制半圆弧 27 -> 33, 类型: LEFT_SEMICIRCLE_ARC, 起点(1362,272), 终点(1362,482)
[2026-06-02 15:20:46] [INFO] [ui][SetLevelGraphBuilder][processSemicircleArc]半圆弧: 27 -> 33, 类型: LEFT_SEMICIRCLE_ARC
[2026-06-02 15:20:46] [INFO] [ui][SetLevelGraphBuilder][processVirtualLine]虚线: 29 -> 35, 类型: VERTICAL_VIRTUAL_LINE, 起点(20,482), 终点(20,488)
[2026-06-02 15:20:46] [INFO] [ui][SetLevelGraphBuilder][processStraightLine]直线: 35 -> 36, 长度: 70, 起点(20,488), 终点(90,488)
[2026-06-02 15:20:46] [INFO] [ui][SetLevelGraphBuilder][createFrameDevice]成功为节点ID=36设置Set信息: uiId=36, setId=12033~12036, 压力范围=0.00~0.00Mpa, 流量平均值=0.00L/Min, 湿度范围=0.00~0.00%
[2026-06-02 15:20:46] [INFO] [ui][SetLevelGraphBuilder][createFrameDevice]创建FrameDevice: ID=36, 轨道坐标=(90, 488), 实际坐标=(30, 496), 位置=BELOW
[2026-06-02 15:20:46] [INFO] [ui][SetLevelGraphBuilder][processNode]创建SET节点: ID=36
[2026-06-02 15:20:46] [INFO] [ui][SetLevelGraphBuilder][processStraightLine]直线: 36 -> 37, 长度: 140, 起点(90,488), 终点(230,488)
[2026-06-02 15:20:46] [INFO] [ui][SetLevelGraphBuilder][createFrameDevice]成功为节点ID=37设置Set信息: uiId=37, setId=12037~12040, 压力范围=0.00~0.00Mpa, 流量平均值=0.00L/Min, 湿度范围=0.00~0.00%
[2026-06-02 15:20:46] [INFO] [ui][SetLevelGraphBuilder][createFrameDevice]创建FrameDevice: ID=37, 轨道坐标=(230, 488), 实际坐标=(170, 496), 位置=BELOW
[2026-06-02 15:20:46] [INFO] [ui][SetLevelGraphBuilder][processNode]创建SET节点: ID=37
[2026-06-02 15:20:46] [INFO] [ui][SetLevelGraphBuilder][processStraightLine]直线: 37 -> 38, 长度: 140, 起点(230,488), 终点(370,488)
[2026-06-02 15:20:46] [INFO] [ui][SetLevelGraphBuilder][createFrameDevice]成功为节点ID=38设置Set信息: uiId=38, setId=12041~12044, 压力范围=0.00~0.00Mpa, 流量平均值=0.00L/Min, 湿度范围=0.00~0.00%
[2026-06-02 15:20:46] [INFO] [ui][SetLevelGraphBuilder][createFrameDevice]创建FrameDevice: ID=38, 轨道坐标=(370, 488), 实际坐标=(310, 496), 位置=BELOW
[2026-06-02 15:20:46] [INFO] [ui][SetLevelGraphBuilder][processNode]创建SET节点: ID=38
[2026-06-02 15:20:46] [INFO] [ui][SetLevelGraphBuilder][processStraightLine]直线: 38 -> 39, 长度: 140, 起点(370,488), 终点(510,488)
[2026-06-02 15:20:46] [INFO] [ui][SetLevelGraphBuilder][createFrameDevice]成功为节点ID=39设置Set信息: uiId=39, setId=12045~12048, 压力范围=0.00~0.00Mpa, 流量平均值=0.00L/Min, 湿度范围=0.00~0.00%
[2026-06-02 15:20:46] [INFO] [ui][SetLevelGraphBuilder][createFrameDevice]创建FrameDevice: ID=39, 轨道坐标=(510, 488), 实际坐标=(450, 496), 位置=BELOW
[2026-06-02 15:20:46] [INFO] [ui][SetLevelGraphBuilder][processNode]创建SET节点: ID=39
[2026-06-02 15:20:46] [INFO] [ui][SetLevelGraphBuilder][processStraightLine]直线: 39 -> 40, 长度: 140, 起点(510,488), 终点(650,488)
[2026-06-02 15:20:46] [INFO] [ui][SetLevelGraphBuilder][createFrameDevice]成功为节点ID=40设置Set信息: uiId=40, setId=12049~12052, 压力范围=0.00~0.00Mpa, 流量平均值=0.00L/Min, 湿度范围=0.00~0.00%
[2026-06-02 15:20:46] [INFO] [ui][SetLevelGraphBuilder][createFrameDevice]创建FrameDevice: ID=40, 轨道坐标=(650, 488), 实际坐标=(590, 496), 位置=BELOW
[2026-06-02 15:20:46] [INFO] [ui][SetLevelGraphBuilder][processNode]创建SET节点: ID=40
[2026-06-02 15:20:46] [INFO] [ui][SetLevelGraphBuilder][processStraightLine]直线: 40 -> 41, 长度: 140, 起点(650,488), 终点(790,488)
[2026-06-02 15:20:46] [INFO] [ui][SetLevelGraphBuilder][createFrameDevice]成功为节点ID=41设置Set信息: uiId=41, setId=12053~12056, 压力范围=0.00~0.00Mpa, 流量平均值=0.00L/Min, 湿度范围=0.00~0.00%
[2026-06-02 15:20:46] [INFO] [ui][SetLevelGraphBuilder][createFrameDevice]创建FrameDevice: ID=41, 轨道坐标=(790, 488), 实际坐标=(730, 496), 位置=BELOW
[2026-06-02 15:20:46] [INFO] [ui][SetLevelGraphBuilder][processNode]创建SET节点: ID=41
[2026-06-02 15:20:46] [INFO] [ui][SetLevelGraphBuilder][processStraightLine]直线: 41 -> 42, 长度: 140, 起点(790,488), 终点(930,488)
[2026-06-02 15:20:46] [INFO] [ui][SetLevelGraphBuilder][createFrameDevice]成功为节点ID=42设置Set信息: uiId=42, setId=12057~12060, 压力范围=0.00~0.00Mpa, 流量平均值=0.00L/Min, 湿度范围=0.00~0.00%
[2026-06-02 15:20:46] [INFO] [ui][SetLevelGraphBuilder][createFrameDevice]创建FrameDevice: ID=42, 轨道坐标=(930, 488), 实际坐标=(870, 496), 位置=BELOW
[2026-06-02 15:20:46] [INFO] [ui][SetLevelGraphBuilder][processNode]创建SET节点: ID=42
[2026-06-02 15:20:46] [INFO] [ui][SetLevelGraphBuilder][processStraightLine]直线: 42 -> 43, 长度: 140, 起点(930,488), 终点(1070,488)
[2026-06-02 15:20:46] [INFO] [ui][SetLevelGraphBuilder][createFrameDevice]成功为节点ID=43设置Set信息: uiId=43, setId=12061~12064, 压力范围=0.00~0.00Mpa, 流量平均值=0.00L/Min, 湿度范围=0.00~0.00%
[2026-06-02 15:20:46] [INFO] [ui][SetLevelGraphBuilder][createFrameDevice]创建FrameDevice: ID=43, 轨道坐标=(1070, 488), 实际坐标=(1010, 496), 位置=BELOW
[2026-06-02 15:20:46] [INFO] [ui][SetLevelGraphBuilder][processNode]创建SET节点: ID=43
[2026-06-02 15:20:46] [INFO] [ui][SetLevelGraphBuilder][processStraightLine]直线: 43 -> 2, 长度: 322 + 偏移: 22 = 344, 起点(1070,488), 终点(1414,488)
[2026-06-02 15:20:46] [INFO] [ui][SetLevelGraphBuilder][createFrameDevice]成功为节点ID=2设置Set信息: uiId=2, setId=12065~12068, 压力范围=0.00~0.00Mpa, 流量平均值=0.00L/Min, 湿度范围=0.00~0.00%
[2026-06-02 15:20:46] [INFO] [ui][SetLevelGraphBuilder][createFrameDevice]创建FrameDevice: ID=2, 轨道坐标=(1414, 488), 实际坐标=(1354, 496), 位置=BELOW
[2026-06-02 15:20:46] [INFO] [ui][SetLevelGraphBuilder][processNode]创建SET节点: ID=2
[2026-06-02 15:20:46] [INFO] [ui][SetLevelGraphBuilder][processStraightLine]直线: 2 -> 3, 长度: 140, 起点(1414,488), 终点(1554,488)
[2026-06-02 15:20:46] [INFO] [ui][SetLevelGraphBuilder][createFrameDevice]成功为节点ID=3设置Set信息: uiId=3, setId=12069~12072, 压力范围=0.00~0.00Mpa, 流量平均值=0.00L/Min, 湿度范围=0.00~0.00%
[2026-06-02 15:20:46] [INFO] [ui][SetLevelGraphBuilder][createFrameDevice]创建FrameDevice: ID=3, 轨道坐标=(1554, 488), 实际坐标=(1494, 496), 位置=BELOW
[2026-06-02 15:20:46] [INFO] [ui][SetLevelGraphBuilder][processNode]创建SET节点: ID=3
[2026-06-02 15:20:46] [INFO] [ui][SetLevelGraphBuilder][processStraightLine]直线: 3 -> 4, 长度: 140, 起点(1554,488), 终点(1694,488)
[2026-06-02 15:20:46] [INFO] [ui][SetLevelGraphBuilder][createFrameDevice]成功为节点ID=4设置Set信息: uiId=4, setId=12073~12076, 压力范围=0.00~0.00Mpa, 流量平均值=0.00L/Min, 湿度范围=0.00~0.00%
[2026-06-02 15:20:46] [INFO] [ui][SetLevelGraphBuilder][createFrameDevice]创建FrameDevice: ID=4, 轨道坐标=(1694, 488), 实际坐标=(1634, 496), 位置=BELOW
[2026-06-02 15:20:46] [INFO] [ui][SetLevelGraphBuilder][processNode]创建SET节点: ID=4
[2026-06-02 15:20:46] [INFO] [ui][SetLevelGraphBuilder][processStraightLine]直线: 4 -> 5, 长度: 140, 起点(1694,488), 终点(1834,488)
[2026-06-02 15:20:46] [INFO] [ui][SetLevelGraphBuilder][createFrameDevice]成功为节点ID=5设置Set信息: uiId=5, setId=12077~12080, 压力范围=0.00~0.00Mpa, 流量平均值=0.00L/Min, 湿度范围=0.00~0.00%
[2026-06-02 15:20:46] [INFO] [ui][SetLevelGraphBuilder][createFrameDevice]创建FrameDevice: ID=5, 轨道坐标=(1834, 488), 实际坐标=(1774, 496), 位置=BELOW
[2026-06-02 15:20:46] [INFO] [ui][SetLevelGraphBuilder][processNode]创建SET节点: ID=5
[2026-06-02 15:20:46] [INFO] [ui][SetLevelGraphBuilder][processStraightLine]直线: 5 -> 44, 长度: 350 + 偏移: 140 = 490, 起点(1834,488), 终点(2324,488)
[2026-06-02 15:20:46] [INFO] [ui][SetLevelGraphBuilder][layoutAndDraw]布局和绘制完成
[2026-06-02 15:20:46] [INFO] [ui][SetLevelGraphBuilder][buildGraph] 阶段(2): 绘制图像界面完成
[2026-06-02 15:20:46] [INFO] [ui][SetLevelGraphBuilder][buildGraph] 阶段(3): 布局图重构完毕
[2026-06-02 15:20:46] [INFO] ====================Set视图天车轨道布局图重构  结束====================
[2026-06-02 15:20:46] [INFO] [ui][SetLevelGraphBuilder][buildGraph] 图构建完成
[2026-06-02 15:30:04] [INFO] [ui][SetLevelGraphBuilder][setStartNodePosition] 设置起始节点坐标: (20, 120)
[2026-06-02 15:30:04] [INFO] [ui][FoupLevelGraphBuilder][setStartNodePosition]设置起始节点坐标: (20, 120)
[2026-06-02 15:30:04] [INFO] ====================天车轨道布局图配置文件解析 开始====================
[2026-06-02 15:30:04] [INFO] [ui][GraphConfig][parse]解析阶段(1): 解析GraphConfig标签开始
[2026-06-02 15:30:04] [INFO] [ui][GraphConfig][parseGraphSettings]图类型: 无向图
[2026-06-02 15:30:04] [INFO] [ui][GraphConfig][parseGraphSettings]设备控件尺寸: 120, 间距: 20
[2026-06-02 15:30:04] [INFO] [ui][GraphConfig][parse]解析阶段(1): 解析GraphConfig标签完成
[2026-06-02 15:30:04] [INFO] [ui][GraphConfig][parseEdges]解析阶段(2): 解析Edges标签
[2026-06-02 15:30:04] [INFO] [ui][GraphConfig][parseEdges]找到49条边数据
[2026-06-02 15:30:04] [INFO] [ui][GraphConfig][processNode]SET节点文档顺序#0: 设置 setOfOHBInfoList[0].uiId = 6
[2026-06-02 15:30:04] [INFO] [ui][GraphConfig][parseEdges]解析阶段(3):收集TRACK节点: ID=1
[2026-06-02 15:30:04] [INFO] [ui][GraphConfig][parseEdges]解析阶段(3):收集SET节点: ID=6, QRCode=11005, Count=4, Position=ABOVE
[2026-06-02 15:30:04] [INFO] [ui][GraphConfig][parseEdges]解析阶段(4):成功解析边: 1 -> 6，类型: STRAIGHT_LINE，大小: 840
[2026-06-02 15:30:04] [INFO] [ui][GraphConfig][processNode]SET节点文档顺序#1: 设置 setOfOHBInfoList[1].uiId = 7
[2026-06-02 15:30:04] [INFO] [ui][GraphConfig][parseEdges]解析阶段(3):收集SET节点: ID=7, QRCode=11006, Count=4, Position=ABOVE
[2026-06-02 15:30:04] [INFO] [ui][GraphConfig][parseEdges]解析阶段(4):成功解析边: 6 -> 7，类型: STRAIGHT_LINE，大小: 140
[2026-06-02 15:30:04] [INFO] [ui][GraphConfig][processNode]SET节点文档顺序#2: 设置 setOfOHBInfoList[2].uiId = 8
[2026-06-02 15:30:04] [INFO] [ui][GraphConfig][parseEdges]解析阶段(3):收集SET节点: ID=8, QRCode=11007, Count=4, Position=ABOVE
[2026-06-02 15:30:04] [INFO] [ui][GraphConfig][parseEdges]解析阶段(4):成功解析边: 7 -> 8，类型: STRAIGHT_LINE，大小: 420
[2026-06-02 15:30:04] [INFO] [ui][GraphConfig][processNode]SET节点文档顺序#3: 设置 setOfOHBInfoList[3].uiId = 9
[2026-06-02 15:30:04] [INFO] [ui][GraphConfig][parseEdges]解析阶段(3):收集SET节点: ID=9, QRCode=11008, Count=4, Position=ABOVE
[2026-06-02 15:30:04] [INFO] [ui][GraphConfig][parseEdges]解析阶段(4):成功解析边: 8 -> 9，类型: STRAIGHT_LINE，大小: 140
[2026-06-02 15:30:04] [INFO] [ui][GraphConfig][processNode]SET节点文档顺序#4: 设置 setOfOHBInfoList[4].uiId = 10
[2026-06-02 15:30:04] [INFO] [ui][GraphConfig][parseEdges]解析阶段(3):收集SET节点: ID=10, QRCode=11009, Count=4, Position=ABOVE
[2026-06-02 15:30:04] [INFO] [ui][GraphConfig][parseEdges]解析阶段(4):成功解析边: 9 -> 10，类型: STRAIGHT_LINE，大小: 140
[2026-06-02 15:30:04] [INFO] [ui][GraphConfig][processNode]SET节点文档顺序#5: 设置 setOfOHBInfoList[5].uiId = 11
[2026-06-02 15:30:04] [INFO] [ui][GraphConfig][parseEdges]解析阶段(3):收集SET节点: ID=11, QRCode=11010, Count=4, Position=ABOVE
[2026-06-02 15:30:04] [INFO] [ui][GraphConfig][parseEdges]解析阶段(4):成功解析边: 10 -> 11，类型: STRAIGHT_LINE，大小: 140
[2026-06-02 15:30:04] [INFO] [ui][GraphConfig][processNode]SET节点文档顺序#6: 设置 setOfOHBInfoList[6].uiId = 12
[2026-06-02 15:30:04] [INFO] [ui][GraphConfig][parseEdges]解析阶段(3):收集SET节点: ID=12, QRCode=11011, Count=4, Position=ABOVE
[2026-06-02 15:30:04] [INFO] [ui][GraphConfig][parseEdges]解析阶段(4):成功解析边: 11 -> 12，类型: STRAIGHT_LINE，大小: 140
[2026-06-02 15:30:04] [INFO] [ui][GraphConfig][processNode]SET节点文档顺序#7: 设置 setOfOHBInfoList[7].uiId = 13
[2026-06-02 15:30:04] [INFO] [ui][GraphConfig][parseEdges]解析阶段(3):收集SET节点: ID=13, QRCode=11012, Count=4, Position=ABOVE
[2026-06-02 15:30:04] [INFO] [ui][GraphConfig][parseEdges]解析阶段(4):成功解析边: 12 -> 13，类型: STRAIGHT_LINE，大小: 140
[2026-06-02 15:30:04] [INFO] [ui][GraphConfig][parseEdges]解析阶段(3):收集TRACK节点: ID=14
[2026-06-02 15:30:04] [INFO] [ui][GraphConfig][parseEdges]解析阶段(4):成功解析边: 13 -> 14，类型: STRAIGHT_LINE，大小: 70，FoupLevel偏移: 416，SetLevel偏移: 118
[2026-06-02 15:30:04] [INFO] [ui][GraphConfig][parseEdges]解析阶段(3):收集TRACK节点: ID=15
[2026-06-02 15:30:04] [INFO] [ui][GraphConfig][parseEdges]解析阶段(4):成功解析边: 1 -> 15，类型: VERTICAL_VIRTUAL_LINE，大小: 6
[2026-06-02 15:30:04] [INFO] [ui][GraphConfig][parseEdges]解析阶段(3):收集TRACK节点: ID=16
[2026-06-02 15:30:04] [INFO] [ui][GraphConfig][parseEdges]解析阶段(4):成功解析边: 15 -> 16，类型: STRAIGHT_LINE，大小: 560
[2026-06-02 15:30:04] [INFO] [ui][GraphConfig][parseEdges]解析阶段(3):收集TRACK节点: ID=17
[2026-06-02 15:30:04] [INFO] [ui][GraphConfig][parseEdges]解析阶段(4):成功解析边: 16 -> 17，类型: HORIZONTAL_VIRTUAL_LINE，大小: 6
[2026-06-02 15:30:04] [INFO] [ui][GraphConfig][parseEdges]解析阶段(3):收集TRACK节点: ID=18
[2026-06-02 15:30:04] [INFO] [ui][GraphConfig][parseEdges]解析阶段(4):成功解析边: 17 -> 18，类型: STRAIGHT_LINE，大小: 1722，FoupLevel偏移: 194，SetLevel偏移: 0
[2026-06-02 15:30:04] [INFO] [ui][GraphConfig][parseEdges]解析阶段(3):收集TRACK节点: ID=19
[2026-06-02 15:30:04] [INFO] [ui][GraphConfig][parseEdges]解析阶段(4):成功解析边: 15 -> 19，类型: VERTICAL_VIRTUAL_LINE，大小: 140
[2026-06-02 15:30:04] [INFO] [ui][GraphConfig][parseEdges]解析阶段(3):收集TRACK节点: ID=20
[2026-06-02 15:30:04] [INFO] [ui][GraphConfig][parseEdges]解析阶段(4):成功解析边: 19 -> 20，类型: STRAIGHT_LINE，大小: 700
[2026-06-02 15:30:04] [INFO] [ui][GraphConfig][parseEdges]解析阶段(3):收集TRACK节点: ID=21
[2026-06-02 15:30:04] [INFO] [ui][GraphConfig][parseEdges]解析阶段(4):成功解析边: 20 -> 21，类型: HORIZONTAL_VIRTUAL_LINE，大小: 6
[2026-06-02 15:30:04] [INFO] [ui][GraphConfig][parseEdges]解析阶段(3):收集TRACK节点: ID=22
[2026-06-02 15:30:04] [INFO] [ui][GraphConfig][parseEdges]解析阶段(4):成功解析边: 21 -> 22，类型: STRAIGHT_LINE，大小: 1582，FoupLevel偏移: 190，SetLevel偏移: 10
[2026-06-02 15:30:04] [INFO] [ui][GraphConfig][parseEdges]解析阶段(4):成功解析边: 16 -> 20，类型: REVERSE_S_CURVE，大小: 140
[2026-06-02 15:30:04] [INFO] [ui][GraphConfig][parseEdges]解析阶段(4):成功解析边: 17 -> 21，类型: REVERSE_S_CURVE，大小: 140
[2026-06-02 15:30:04] [INFO] [ui][GraphConfig][parseEdges]解析阶段(3):收集TRACK节点: ID=23
[2026-06-02 15:30:04] [INFO] [ui][GraphConfig][parseEdges]解析阶段(4):成功解析边: 19 -> 23，类型: VERTICAL_VIRTUAL_LINE，大小: 6
[2026-06-02 15:30:04] [INFO] [ui][GraphConfig][parseEdges]解析阶段(3):收集TRACK节点: ID=24
[2026-06-02 15:30:04] [INFO] [ui][GraphConfig][parseEdges]解析阶段(4):成功解析边: 23 -> 24，类型: STRAIGHT_LINE，大小: 1190
[2026-06-02 15:30:04] [INFO] [ui][GraphConfig][parseEdges]解析阶段(3):收集TRACK节点: ID=25
[2026-06-02 15:30:04] [INFO] [ui][GraphConfig][parseEdges]解析阶段(4):成功解析边: 24 -> 25，类型: HORIZONTAL_VIRTUAL_LINE，大小: 6
[2026-06-02 15:30:04] [INFO] [ui][GraphConfig][parseEdges]解析阶段(3):收集TRACK节点: ID=26
[2026-06-02 15:30:04] [INFO] [ui][GraphConfig][parseEdges]解析阶段(4):成功解析边: 25 -> 26，类型: STRAIGHT_LINE，大小: 140
[2026-06-02 15:30:04] [INFO] [ui][GraphConfig][parseEdges]解析阶段(3):收集TRACK节点: ID=27
[2026-06-02 15:30:04] [INFO] [ui][GraphConfig][parseEdges]解析阶段(4):成功解析边: 26 -> 27，类型: HORIZONTAL_VIRTUAL_LINE，大小: 6
[2026-06-02 15:30:04] [INFO] [ui][GraphConfig][parseEdges]解析阶段(3):收集TRACK节点: ID=28
[2026-06-02 15:30:04] [INFO] [ui][GraphConfig][parseEdges]解析阶段(4):成功解析边: 27 -> 28，类型: STRAIGHT_LINE，大小: 980，FoupLevel偏移: 86，SetLevel偏移: -24
[2026-06-02 15:30:04] [INFO] [ui][GraphConfig][parseEdges]解析阶段(3):收集TRACK节点: ID=29
[2026-06-02 15:30:04] [INFO] [ui][GraphConfig][parseEdges]解析阶段(4):成功解析边: 23 -> 29，类型: VERTICAL_VIRTUAL_LINE，大小: 210
[2026-06-02 15:30:04] [INFO] [ui][GraphConfig][parseEdges]解析阶段(3):收集TRACK节点: ID=30
[2026-06-02 15:30:04] [INFO] [ui][GraphConfig][parseEdges]解析阶段(4):成功解析边: 29 -> 30，类型: STRAIGHT_LINE，大小: 1190
[2026-06-02 15:30:04] [INFO] [ui][GraphConfig][parseEdges]解析阶段(3):收集TRACK节点: ID=31
[2026-06-02 15:30:04] [INFO] [ui][GraphConfig][parseEdges]解析阶段(4):成功解析边: 30 -> 31，类型: HORIZONTAL_VIRTUAL_LINE，大小: 6
[2026-06-02 15:30:04] [INFO] [ui][GraphConfig][parseEdges]解析阶段(3):收集TRACK节点: ID=32
[2026-06-02 15:30:04] [INFO] [ui][GraphConfig][parseEdges]解析阶段(4):成功解析边: 31 -> 32，类型: STRAIGHT_LINE，大小: 140
[2026-06-02 15:30:04] [INFO] [ui][GraphConfig][parseEdges]解析阶段(3):收集TRACK节点: ID=33
[2026-06-02 15:30:04] [INFO] [ui][GraphConfig][parseEdges]解析阶段(4):成功解析边: 32 -> 33，类型: HORIZONTAL_VIRTUAL_LINE，大小: 6
[2026-06-02 15:30:04] [INFO] [ui][GraphConfig][parseEdges]解析阶段(3):收集TRACK节点: ID=34
[2026-06-02 15:30:04] [INFO] [ui][GraphConfig][parseEdges]解析阶段(4):成功解析边: 33 -> 34，类型: STRAIGHT_LINE，大小: 770，FoupLevel偏移: 828，SetLevel偏移: 190
[2026-06-02 15:30:04] [INFO] [ui][GraphConfig][parseEdges]解析阶段(4):成功解析边: 24 -> 30，类型: RIGHT_SEMICIRCLE_ARC，大小: 210
[2026-06-02 15:30:04] [INFO] [ui][GraphConfig][parseEdges]解析阶段(4):成功解析边: 25 -> 31，类型: RIGHT_SEMICIRCLE_ARC，大小: 210
[2026-06-02 15:30:04] [INFO] [ui][GraphConfig][parseEdges]解析阶段(4):成功解析边: 26 -> 32，类型: LEFT_SEMICIRCLE_ARC，大小: 210
[2026-06-02 15:30:04] [INFO] [ui][GraphConfig][parseEdges]解析阶段(4):成功解析边: 27 -> 33，类型: LEFT_SEMICIRCLE_ARC，大小: 210
[2026-06-02 15:30:04] [INFO] [ui][GraphConfig][parseEdges]解析阶段(3):收集TRACK节点: ID=35
[2026-06-02 15:30:04] [INFO] [ui][GraphConfig][parseEdges]解析阶段(4):成功解析边: 29 -> 35，类型: VERTICAL_VIRTUAL_LINE，大小: 6
[2026-06-02 15:30:04] [INFO] [ui][GraphConfig][processNode]SET节点文档顺序#8: 设置 setOfOHBInfoList[8].uiId = 36
[2026-06-02 15:30:04] [INFO] [ui][GraphConfig][parseEdges]解析阶段(3):收集SET节点: ID=36, QRCode=11036, Count=4, Position=BELOW
[2026-06-02 15:30:04] [INFO] [ui][GraphConfig][parseEdges]解析阶段(4):成功解析边: 35 -> 36，类型: STRAIGHT_LINE，大小: 70
[2026-06-02 15:30:04] [INFO] [ui][GraphConfig][processNode]SET节点文档顺序#9: 设置 setOfOHBInfoList[9].uiId = 37
[2026-06-02 15:30:04] [INFO] [ui][GraphConfig][parseEdges]解析阶段(3):收集SET节点: ID=37, QRCode=11037, Count=4, Position=BELOW
[2026-06-02 15:30:04] [INFO] [ui][GraphConfig][parseEdges]解析阶段(4):成功解析边: 36 -> 37，类型: STRAIGHT_LINE，大小: 140
[2026-06-02 15:30:04] [INFO] [ui][GraphConfig][processNode]SET节点文档顺序#10: 设置 setOfOHBInfoList[10].uiId = 38
[2026-06-02 15:30:04] [INFO] [ui][GraphConfig][parseEdges]解析阶段(3):收集SET节点: ID=38, QRCode=11038, Count=4, Position=BELOW
[2026-06-02 15:30:04] [INFO] [ui][GraphConfig][parseEdges]解析阶段(4):成功解析边: 37 -> 38，类型: STRAIGHT_LINE，大小: 140
[2026-06-02 15:30:04] [INFO] [ui][GraphConfig][processNode]SET节点文档顺序#11: 设置 setOfOHBInfoList[11].uiId = 39
[2026-06-02 15:30:04] [INFO] [ui][GraphConfig][parseEdges]解析阶段(3):收集SET节点: ID=39, QRCode=11039, Count=4, Position=BELOW
[2026-06-02 15:30:04] [INFO] [ui][GraphConfig][parseEdges]解析阶段(4):成功解析边: 38 -> 39，类型: STRAIGHT_LINE，大小: 140
[2026-06-02 15:30:04] [INFO] [ui][GraphConfig][processNode]SET节点文档顺序#12: 设置 setOfOHBInfoList[12].uiId = 40
[2026-06-02 15:30:04] [INFO] [ui][GraphConfig][parseEdges]解析阶段(3):收集SET节点: ID=40, QRCode=11040, Count=4, Position=BELOW
[2026-06-02 15:30:04] [INFO] [ui][GraphConfig][parseEdges]解析阶段(4):成功解析边: 39 -> 40，类型: STRAIGHT_LINE，大小: 140
[2026-06-02 15:30:04] [INFO] [ui][GraphConfig][processNode]SET节点文档顺序#13: 设置 setOfOHBInfoList[13].uiId = 41
[2026-06-02 15:30:04] [INFO] [ui][GraphConfig][parseEdges]解析阶段(3):收集SET节点: ID=41, QRCode=11041, Count=4, Position=BELOW
[2026-06-02 15:30:04] [INFO] [ui][GraphConfig][parseEdges]解析阶段(4):成功解析边: 40 -> 41，类型: STRAIGHT_LINE，大小: 140
[2026-06-02 15:30:04] [INFO] [ui][GraphConfig][processNode]SET节点文档顺序#14: 设置 setOfOHBInfoList[14].uiId = 42
[2026-06-02 15:30:04] [INFO] [ui][GraphConfig][parseEdges]解析阶段(3):收集SET节点: ID=42, QRCode=11042, Count=4, Position=BELOW
[2026-06-02 15:30:04] [INFO] [ui][GraphConfig][parseEdges]解析阶段(4):成功解析边: 41 -> 42，类型: STRAIGHT_LINE，大小: 140
[2026-06-02 15:30:04] [INFO] [ui][GraphConfig][processNode]SET节点文档顺序#15: 设置 setOfOHBInfoList[15].uiId = 43
[2026-06-02 15:30:04] [INFO] [ui][GraphConfig][parseEdges]解析阶段(3):收集SET节点: ID=43, QRCode=11043, Count=4, Position=BELOW
[2026-06-02 15:30:04] [INFO] [ui][GraphConfig][parseEdges]解析阶段(4):成功解析边: 42 -> 43，类型: STRAIGHT_LINE，大小: 140
[2026-06-02 15:30:04] [INFO] [ui][GraphConfig][processNode]SET节点文档顺序#16: 设置 setOfOHBInfoList[16].uiId = 2
[2026-06-02 15:30:04] [INFO] [ui][GraphConfig][parseEdges]解析阶段(3):收集SET节点: ID=2, QRCode=11001, Count=4, Position=BELOW
[2026-06-02 15:30:04] [INFO] [ui][GraphConfig][parseEdges]解析阶段(4):成功解析边: 43 -> 2，类型: STRAIGHT_LINE，大小: 322，FoupLevel偏移: 0，SetLevel偏移: 22
[2026-06-02 15:30:04] [INFO] [ui][GraphConfig][processNode]SET节点文档顺序#17: 设置 setOfOHBInfoList[17].uiId = 3
[2026-06-02 15:30:04] [INFO] [ui][GraphConfig][parseEdges]解析阶段(3):收集SET节点: ID=3, QRCode=11002, Count=4, Position=BELOW
[2026-06-02 15:30:04] [INFO] [ui][GraphConfig][parseEdges]解析阶段(4):成功解析边: 2 -> 3，类型: STRAIGHT_LINE，大小: 140
[2026-06-02 15:30:04] [INFO] [ui][GraphConfig][processNode]SET节点文档顺序#18: 设置 setOfOHBInfoList[18].uiId = 4
[2026-06-02 15:30:04] [INFO] [ui][GraphConfig][parseEdges]解析阶段(3):收集SET节点: ID=4, QRCode=11003, Count=4, Position=BELOW
[2026-06-02 15:30:04] [INFO] [ui][GraphConfig][parseEdges]解析阶段(4):成功解析边: 3 -> 4，类型: STRAIGHT_LINE，大小: 140
[2026-06-02 15:30:04] [INFO] [ui][GraphConfig][processNode]SET节点文档顺序#19: 设置 setOfOHBInfoList[19].uiId = 5
[2026-06-02 15:30:04] [INFO] [ui][GraphConfig][parseEdges]解析阶段(3):收集SET节点: ID=5, QRCode=11004, Count=4, Position=BELOW
[2026-06-02 15:30:04] [INFO] [ui][GraphConfig][parseEdges]解析阶段(4):成功解析边: 4 -> 5，类型: STRAIGHT_LINE，大小: 140
[2026-06-02 15:30:04] [INFO] [ui][GraphConfig][parseEdges]解析阶段(3):收集TRACK节点: ID=44
[2026-06-02 15:30:04] [INFO] [ui][GraphConfig][parseEdges]解析阶段(4):成功解析边: 5 -> 44，类型: STRAIGHT_LINE，大小: 350，FoupLevel偏移: 450，SetLevel偏移: 140
[2026-06-02 15:30:04] [INFO] [ui][GraphConfig][parse]解析阶段(5): 配置文件解析完毕
[2026-06-02 15:30:04] [INFO] [ui][GraphConfig][parse]配置文件解析完成，节点数: 44，边数: 49
[2026-06-02 15:30:04] [INFO] ====================天车轨道布局图配置文件解析 结束====================
[2026-06-02 15:30:05] [INFO] ====================Set视图天车轨道布局图重构  开始====================
[2026-06-02 15:30:05] [INFO] [ui][SetLevelGraphBuilder][buildGraph] 开始构建图，节点数: 44，边数: 49
[2026-06-02 15:30:05] [DEBUG] [ui][Graph][addVertex] 添加顶点 1
[2026-06-02 15:30:05] [DEBUG] [ui][Graph][addVertex] 添加顶点 2
[2026-06-02 15:30:05] [DEBUG] [ui][Graph][addVertex] 添加顶点 3
[2026-06-02 15:30:05] [DEBUG] [ui][Graph][addVertex] 添加顶点 4
[2026-06-02 15:30:05] [DEBUG] [ui][Graph][addVertex] 添加顶点 5
[2026-06-02 15:30:05] [DEBUG] [ui][Graph][addVertex] 添加顶点 6
[2026-06-02 15:30:05] [DEBUG] [ui][Graph][addVertex] 添加顶点 7
[2026-06-02 15:30:05] [DEBUG] [ui][Graph][addVertex] 添加顶点 8
[2026-06-02 15:30:05] [DEBUG] [ui][Graph][addVertex] 添加顶点 9
[2026-06-02 15:30:05] [DEBUG] [ui][Graph][addVertex] 添加顶点 11
[2026-06-02 15:30:05] [DEBUG] [ui][Graph][addVertex] 添加顶点 10
[2026-06-02 15:30:05] [DEBUG] [ui][Graph][addVertex] 添加顶点 12
[2026-06-02 15:30:05] [DEBUG] [ui][Graph][addVertex] 添加顶点 13
[2026-06-02 15:30:05] [DEBUG] [ui][Graph][addVertex] 添加顶点 14
[2026-06-02 15:30:05] [DEBUG] [ui][Graph][addVertex] 添加顶点 15
[2026-06-02 15:30:05] [DEBUG] [ui][Graph][addVertex] 添加顶点 16
[2026-06-02 15:30:05] [DEBUG] [ui][Graph][addVertex] 添加顶点 17
[2026-06-02 15:30:05] [DEBUG] [ui][Graph][addVertex] 添加顶点 18
[2026-06-02 15:30:05] [DEBUG] [ui][Graph][addVertex] 添加顶点 19
[2026-06-02 15:30:05] [DEBUG] [ui][Graph][addVertex] 添加顶点 20
[2026-06-02 15:30:05] [DEBUG] [ui][Graph][addVertex] 添加顶点 21
[2026-06-02 15:30:05] [DEBUG] [ui][Graph][addVertex] 添加顶点 22
[2026-06-02 15:30:05] [DEBUG] [ui][Graph][addVertex] 添加顶点 23
[2026-06-02 15:30:05] [DEBUG] [ui][Graph][addVertex] 添加顶点 24
[2026-06-02 15:30:05] [DEBUG] [ui][Graph][addVertex] 添加顶点 25
[2026-06-02 15:30:05] [DEBUG] [ui][Graph][addVertex] 添加顶点 26
[2026-06-02 15:30:05] [DEBUG] [ui][Graph][addVertex] 添加顶点 27
[2026-06-02 15:30:05] [DEBUG] [ui][Graph][addVertex] 添加顶点 28
[2026-06-02 15:30:05] [DEBUG] [ui][Graph][addVertex] 添加顶点 29
[2026-06-02 15:30:05] [DEBUG] [ui][Graph][addVertex] 添加顶点 30
[2026-06-02 15:30:05] [DEBUG] [ui][Graph][addVertex] 添加顶点 31
[2026-06-02 15:30:05] [DEBUG] [ui][Graph][addVertex] 添加顶点 32
[2026-06-02 15:30:05] [DEBUG] [ui][Graph][addVertex] 添加顶点 33
[2026-06-02 15:30:05] [DEBUG] [ui][Graph][addVertex] 添加顶点 34
[2026-06-02 15:30:05] [DEBUG] [ui][Graph][addVertex] 添加顶点 35
[2026-06-02 15:30:05] [DEBUG] [ui][Graph][addVertex] 添加顶点 36
[2026-06-02 15:30:05] [DEBUG] [ui][Graph][addVertex] 添加顶点 37
[2026-06-02 15:30:05] [DEBUG] [ui][Graph][addVertex] 添加顶点 38
[2026-06-02 15:30:05] [DEBUG] [ui][Graph][addVertex] 添加顶点 39
[2026-06-02 15:30:05] [DEBUG] [ui][Graph][addVertex] 添加顶点 40
[2026-06-02 15:30:05] [DEBUG] [ui][Graph][addVertex] 添加顶点 41
[2026-06-02 15:30:05] [DEBUG] [ui][Graph][addVertex] 添加顶点 42
[2026-06-02 15:30:05] [DEBUG] [ui][Graph][addVertex] 添加顶点 43
[2026-06-02 15:30:05] [DEBUG] [ui][Graph][addVertex] 添加顶点 44
[2026-06-02 15:30:05] [DEBUG] [ui][Graph][addVertex] 顶点 1 已存在，跳过
[2026-06-02 15:30:05] [DEBUG] [ui][Graph][addVertex] 顶点 6 已存在，跳过
[2026-06-02 15:30:05] [DEBUG] [ui][Graph][addEdge] 添加边 (1,6)
[2026-06-02 15:30:05] [DEBUG] [ui][Graph][addVertex] 顶点 6 已存在，跳过
[2026-06-02 15:30:05] [DEBUG] [ui][Graph][addVertex] 顶点 7 已存在，跳过
[2026-06-02 15:30:05] [DEBUG] [ui][Graph][addEdge] 添加边 (6,7)
[2026-06-02 15:30:05] [DEBUG] [ui][Graph][addVertex] 顶点 7 已存在，跳过
[2026-06-02 15:30:05] [DEBUG] [ui][Graph][addVertex] 顶点 8 已存在，跳过
[2026-06-02 15:30:05] [DEBUG] [ui][Graph][addEdge] 添加边 (7,8)
[2026-06-02 15:30:05] [DEBUG] [ui][Graph][addVertex] 顶点 8 已存在，跳过
[2026-06-02 15:30:05] [DEBUG] [ui][Graph][addVertex] 顶点 9 已存在，跳过
[2026-06-02 15:30:05] [DEBUG] [ui][Graph][addEdge] 添加边 (8,9)
[2026-06-02 15:30:05] [DEBUG] [ui][Graph][addVertex] 顶点 9 已存在，跳过
[2026-06-02 15:30:05] [DEBUG] [ui][Graph][addVertex] 顶点 10 已存在，跳过
[2026-06-02 15:30:05] [DEBUG] [ui][Graph][addEdge] 添加边 (9,10)
[2026-06-02 15:30:05] [DEBUG] [ui][Graph][addVertex] 顶点 11 已存在，跳过
[2026-06-02 15:30:05] [DEBUG] [ui][Graph][addVertex] 顶点 12 已存在，跳过
[2026-06-02 15:30:05] [DEBUG] [ui][Graph][addEdge] 添加边 (11,12)
[2026-06-02 15:30:05] [DEBUG] [ui][Graph][addVertex] 顶点 12 已存在，跳过
[2026-06-02 15:30:05] [DEBUG] [ui][Graph][addVertex] 顶点 13 已存在，跳过
[2026-06-02 15:30:05] [DEBUG] [ui][Graph][addEdge] 添加边 (12,13)
[2026-06-02 15:30:05] [DEBUG] [ui][Graph][addVertex] 顶点 13 已存在，跳过
[2026-06-02 15:30:05] [DEBUG] [ui][Graph][addVertex] 顶点 14 已存在，跳过
[2026-06-02 15:30:05] [DEBUG] [ui][Graph][addEdge] 添加边 (13,14)
[2026-06-02 15:30:05] [DEBUG] [ui][Graph][addVertex] 顶点 1 已存在，跳过
[2026-06-02 15:30:05] [DEBUG] [ui][Graph][addVertex] 顶点 15 已存在，跳过
[2026-06-02 15:30:05] [DEBUG] [ui][Graph][addEdge] 添加边 (1,15)
[2026-06-02 15:30:05] [DEBUG] [ui][Graph][addVertex] 顶点 15 已存在，跳过
[2026-06-02 15:30:05] [DEBUG] [ui][Graph][addVertex] 顶点 16 已存在，跳过
[2026-06-02 15:30:05] [DEBUG] [ui][Graph][addEdge] 添加边 (15,16)
[2026-06-02 15:30:05] [DEBUG] [ui][Graph][addVertex] 顶点 16 已存在，跳过
[2026-06-02 15:30:05] [DEBUG] [ui][Graph][addVertex] 顶点 17 已存在，跳过
[2026-06-02 15:30:05] [DEBUG] [ui][Graph][addEdge] 添加边 (16,17)
[2026-06-02 15:30:05] [DEBUG] [ui][Graph][addVertex] 顶点 17 已存在，跳过
[2026-06-02 15:30:05] [DEBUG] [ui][Graph][addVertex] 顶点 18 已存在，跳过
[2026-06-02 15:30:05] [DEBUG] [ui][Graph][addEdge] 添加边 (17,18)
[2026-06-02 15:30:05] [DEBUG] [ui][Graph][addVertex] 顶点 15 已存在，跳过
[2026-06-02 15:30:05] [DEBUG] [ui][Graph][addVertex] 顶点 19 已存在，跳过
[2026-06-02 15:30:05] [DEBUG] [ui][Graph][addEdge] 添加边 (15,19)
[2026-06-02 15:30:05] [DEBUG] [ui][Graph][addVertex] 顶点 19 已存在，跳过
[2026-06-02 15:30:05] [DEBUG] [ui][Graph][addVertex] 顶点 20 已存在，跳过
[2026-06-02 15:30:05] [DEBUG] [ui][Graph][addEdge] 添加边 (19,20)
[2026-06-02 15:30:05] [DEBUG] [ui][Graph][addVertex] 顶点 20 已存在，跳过
[2026-06-02 15:30:05] [DEBUG] [ui][Graph][addVertex] 顶点 21 已存在，跳过
[2026-06-02 15:30:05] [DEBUG] [ui][Graph][addEdge] 添加边 (20,21)
[2026-06-02 15:30:05] [DEBUG] [ui][Graph][addVertex] 顶点 21 已存在，跳过
[2026-06-02 15:30:05] [DEBUG] [ui][Graph][addVertex] 顶点 22 已存在，跳过
[2026-06-02 15:30:05] [DEBUG] [ui][Graph][addEdge] 添加边 (21,22)
[2026-06-02 15:30:05] [DEBUG] [ui][Graph][addVertex] 顶点 16 已存在，跳过
[2026-06-02 15:30:05] [DEBUG] [ui][Graph][addVertex] 顶点 20 已存在，跳过
[2026-06-02 15:30:05] [DEBUG] [ui][Graph][addEdge] 添加边 (16,20)
[2026-06-02 15:30:05] [DEBUG] [ui][Graph][addVertex] 顶点 17 已存在，跳过
[2026-06-02 15:30:05] [DEBUG] [ui][Graph][addVertex] 顶点 21 已存在，跳过
[2026-06-02 15:30:05] [DEBUG] [ui][Graph][addVertex] 顶点 10 已存在，跳过
[2026-06-02 15:30:05] [DEBUG] [ui][Graph][addVertex] 顶点 11 已存在，跳过
[2026-06-02 15:30:05] [DEBUG] [ui][Graph][addEdge] 添加边 (10,11)
[2026-06-02 15:30:05] [DEBUG] [ui][Graph][addEdge] 添加边 (17,21)
[2026-06-02 15:30:05] [DEBUG] [ui][Graph][addVertex] 顶点 19 已存在，跳过
[2026-06-02 15:30:05] [DEBUG] [ui][Graph][addVertex] 顶点 23 已存在，跳过
[2026-06-02 15:30:05] [DEBUG] [ui][Graph][addEdge] 添加边 (19,23)
[2026-06-02 15:30:05] [DEBUG] [ui][Graph][addVertex] 顶点 24 已存在，跳过
[2026-06-02 15:30:05] [DEBUG] [ui][Graph][addVertex] 顶点 23 已存在，跳过
[2026-06-02 15:30:05] [DEBUG] [ui][Graph][addEdge] 添加边 (23,24)
[2026-06-02 15:30:05] [DEBUG] [ui][Graph][addVertex] 顶点 24 已存在，跳过
[2026-06-02 15:30:05] [DEBUG] [ui][Graph][addVertex] 顶点 25 已存在，跳过
[2026-06-02 15:30:05] [DEBUG] [ui][Graph][addEdge] 添加边 (24,25)
[2026-06-02 15:30:05] [DEBUG] [ui][Graph][addVertex] 顶点 25 已存在，跳过
[2026-06-02 15:30:05] [DEBUG] [ui][Graph][addVertex] 顶点 26 已存在，跳过
[2026-06-02 15:30:05] [DEBUG] [ui][Graph][addEdge] 添加边 (25,26)
[2026-06-02 15:30:05] [DEBUG] [ui][Graph][addVertex] 顶点 26 已存在，跳过
[2026-06-02 15:30:05] [DEBUG] [ui][Graph][addVertex] 顶点 27 已存在，跳过
[2026-06-02 15:30:05] [DEBUG] [ui][Graph][addEdge] 添加边 (26,27)
[2026-06-02 15:30:05] [DEBUG] [ui][Graph][addVertex] 顶点 27 已存在，跳过
[2026-06-02 15:30:05] [DEBUG] [ui][Graph][addVertex] 顶点 28 已存在，跳过
[2026-06-02 15:30:05] [DEBUG] [ui][Graph][addEdge] 添加边 (27,28)
[2026-06-02 15:30:05] [DEBUG] [ui][Graph][addVertex] 顶点 23 已存在，跳过
[2026-06-02 15:30:05] [DEBUG] [ui][Graph][addVertex] 顶点 29 已存在，跳过
[2026-06-02 15:30:05] [DEBUG] [ui][Graph][addEdge] 添加边 (23,29)
[2026-06-02 15:30:05] [DEBUG] [ui][Graph][addVertex] 顶点 29 已存在，跳过
[2026-06-02 15:30:05] [DEBUG] [ui][Graph][addVertex] 顶点 30 已存在，跳过
[2026-06-02 15:30:05] [DEBUG] [ui][Graph][addEdge] 添加边 (29,30)
[2026-06-02 15:30:05] [DEBUG] [ui][Graph][addVertex] 顶点 30 已存在，跳过
[2026-06-02 15:30:05] [DEBUG] [ui][Graph][addVertex] 顶点 31 已存在，跳过
[2026-06-02 15:30:05] [DEBUG] [ui][Graph][addEdge] 添加边 (30,31)
[2026-06-02 15:30:05] [DEBUG] [ui][Graph][addVertex] 顶点 31 已存在，跳过
[2026-06-02 15:30:05] [DEBUG] [ui][Graph][addVertex] 顶点 32 已存在，跳过
[2026-06-02 15:30:05] [DEBUG] [ui][Graph][addEdge] 添加边 (31,32)
[2026-06-02 15:30:05] [DEBUG] [ui][Graph][addVertex] 顶点 32 已存在，跳过
[2026-06-02 15:30:05] [DEBUG] [ui][Graph][addVertex] 顶点 33 已存在，跳过
[2026-06-02 15:30:05] [DEBUG] [ui][Graph][addEdge] 添加边 (32,33)
[2026-06-02 15:30:05] [DEBUG] [ui][Graph][addVertex] 顶点 34 已存在，跳过
[2026-06-02 15:30:05] [DEBUG] [ui][Graph][addVertex] 顶点 33 已存在，跳过
[2026-06-02 15:30:05] [DEBUG] [ui][Graph][addEdge] 添加边 (33,34)
[2026-06-02 15:30:05] [DEBUG] [ui][Graph][addVertex] 顶点 24 已存在，跳过
[2026-06-02 15:30:05] [DEBUG] [ui][Graph][addVertex] 顶点 30 已存在，跳过
[2026-06-02 15:30:05] [DEBUG] [ui][Graph][addEdge] 添加边 (24,30)
[2026-06-02 15:30:05] [DEBUG] [ui][Graph][addVertex] 顶点 25 已存在，跳过
[2026-06-02 15:30:05] [DEBUG] [ui][Graph][addVertex] 顶点 31 已存在，跳过
[2026-06-02 15:30:05] [DEBUG] [ui][Graph][addEdge] 添加边 (25,31)
[2026-06-02 15:30:05] [DEBUG] [ui][Graph][addVertex] 顶点 26 已存在，跳过
[2026-06-02 15:30:05] [DEBUG] [ui][Graph][addVertex] 顶点 32 已存在，跳过
[2026-06-02 15:30:05] [DEBUG] [ui][Graph][addEdge] 添加边 (26,32)
[2026-06-02 15:30:05] [DEBUG] [ui][Graph][addVertex] 顶点 27 已存在，跳过
[2026-06-02 15:30:05] [DEBUG] [ui][Graph][addVertex] 顶点 33 已存在，跳过
[2026-06-02 15:30:05] [DEBUG] [ui][Graph][addEdge] 添加边 (27,33)
[2026-06-02 15:30:05] [DEBUG] [ui][Graph][addVertex] 顶点 29 已存在，跳过
[2026-06-02 15:30:05] [DEBUG] [ui][Graph][addVertex] 顶点 35 已存在，跳过
[2026-06-02 15:30:05] [DEBUG] [ui][Graph][addEdge] 添加边 (29,35)
[2026-06-02 15:30:05] [DEBUG] [ui][Graph][addVertex] 顶点 35 已存在，跳过
[2026-06-02 15:30:05] [DEBUG] [ui][Graph][addVertex] 顶点 36 已存在，跳过
[2026-06-02 15:30:05] [DEBUG] [ui][Graph][addEdge] 添加边 (35,36)
[2026-06-02 15:30:05] [DEBUG] [ui][Graph][addVertex] 顶点 36 已存在，跳过
[2026-06-02 15:30:05] [DEBUG] [ui][Graph][addVertex] 顶点 37 已存在，跳过
[2026-06-02 15:30:05] [DEBUG] [ui][Graph][addEdge] 添加边 (36,37)
[2026-06-02 15:30:05] [DEBUG] [ui][Graph][addVertex] 顶点 37 已存在，跳过
[2026-06-02 15:30:05] [DEBUG] [ui][Graph][addVertex] 顶点 38 已存在，跳过
[2026-06-02 15:30:05] [DEBUG] [ui][Graph][addEdge] 添加边 (37,38)
[2026-06-02 15:30:05] [DEBUG] [ui][Graph][addVertex] 顶点 38 已存在，跳过
[2026-06-02 15:30:05] [DEBUG] [ui][Graph][addVertex] 顶点 39 已存在，跳过
[2026-06-02 15:30:05] [DEBUG] [ui][Graph][addEdge] 添加边 (38,39)
[2026-06-02 15:30:05] [DEBUG] [ui][Graph][addVertex] 顶点 40 已存在，跳过
[2026-06-02 15:30:05] [DEBUG] [ui][Graph][addVertex] 顶点 39 已存在，跳过
[2026-06-02 15:30:05] [DEBUG] [ui][Graph][addEdge] 添加边 (39,40)
[2026-06-02 15:30:05] [DEBUG] [ui][Graph][addVertex] 顶点 40 已存在，跳过
[2026-06-02 15:30:05] [DEBUG] [ui][Graph][addVertex] 顶点 41 已存在，跳过
[2026-06-02 15:30:05] [DEBUG] [ui][Graph][addEdge] 添加边 (40,41)
[2026-06-02 15:30:05] [DEBUG] [ui][Graph][addVertex] 顶点 41 已存在，跳过
[2026-06-02 15:30:05] [DEBUG] [ui][Graph][addVertex] 顶点 42 已存在，跳过
[2026-06-02 15:30:05] [DEBUG] [ui][Graph][addEdge] 添加边 (41,42)
[2026-06-02 15:30:05] [DEBUG] [ui][Graph][addVertex] 顶点 42 已存在，跳过
[2026-06-02 15:30:05] [DEBUG] [ui][Graph][addVertex] 顶点 43 已存在，跳过
[2026-06-02 15:30:05] [DEBUG] [ui][Graph][addEdge] 添加边 (42,43)
[2026-06-02 15:30:05] [DEBUG] [ui][Graph][addVertex] 顶点 43 已存在，跳过
[2026-06-02 15:30:05] [DEBUG] [ui][Graph][addVertex] 顶点 2 已存在，跳过
[2026-06-02 15:30:05] [DEBUG] [ui][Graph][addEdge] 添加边 (43,2)
[2026-06-02 15:30:05] [DEBUG] [ui][Graph][addVertex] 顶点 2 已存在，跳过
[2026-06-02 15:30:05] [DEBUG] [ui][Graph][addVertex] 顶点 3 已存在，跳过
[2026-06-02 15:30:05] [DEBUG] [ui][Graph][addEdge] 添加边 (2,3)
[2026-06-02 15:30:05] [DEBUG] [ui][Graph][addVertex] 顶点 3 已存在，跳过
[2026-06-02 15:30:05] [DEBUG] [ui][Graph][addVertex] 顶点 4 已存在，跳过
[2026-06-02 15:30:05] [DEBUG] [ui][Graph][addEdge] 添加边 (3,4)
[2026-06-02 15:30:05] [DEBUG] [ui][Graph][addVertex] 顶点 4 已存在，跳过
[2026-06-02 15:30:05] [DEBUG] [ui][Graph][addVertex] 顶点 5 已存在，跳过
[2026-06-02 15:30:05] [DEBUG] [ui][Graph][addEdge] 添加边 (4,5)
[2026-06-02 15:30:05] [DEBUG] [ui][Graph][addVertex] 顶点 5 已存在，跳过
[2026-06-02 15:30:05] [DEBUG] [ui][Graph][addVertex] 顶点 44 已存在，跳过
[2026-06-02 15:30:05] [DEBUG] [ui][Graph][addEdge] 添加边 (5,44)
[2026-06-02 15:30:05] [INFO] [ui][SetLevelGraphBuilder][buildMultilist]邻接多重表构建完成
[2026-06-02 15:30:05] [INFO] [ui][SetLevelGraphBuilder][buildGraph] 阶段(1): 重建邻接多重表完成
[2026-06-02 15:30:05] [INFO] [ui][SetLevelGraphBuilder][layoutAndDraw]起始节点ID: 1, 坐标: (20, 120)
[2026-06-02 15:30:05] [INFO] [ui][SetLevelGraphBuilder][processStraightLine]直线: 1 -> 6, 长度: 840, 起点(20,120), 终点(860,120)
[2026-06-02 15:30:05] [INFO] [ui][SetLevelGraphBuilder][createFrameDevice]成功为节点ID=6设置Set信息: uiId=6, setId=12001~12004, 压力范围=0.00~0.00Mpa, 流量平均值=0.00L/Min, 湿度范围=0.00~0.00%
[2026-06-02 15:30:05] [INFO] [ui][SetLevelGraphBuilder][createFrameDevice]创建FrameDevice: ID=6, 轨道坐标=(860, 120), 实际坐标=(800, 14), 位置=ABOVE
[2026-06-02 15:30:05] [INFO] [ui][SetLevelGraphBuilder][processNode]创建SET节点: ID=6
[2026-06-02 15:30:05] [INFO] [ui][SetLevelGraphBuilder][processStraightLine]直线: 6 -> 7, 长度: 140, 起点(860,120), 终点(1000,120)
[2026-06-02 15:30:05] [INFO] [ui][SetLevelGraphBuilder][createFrameDevice]成功为节点ID=7设置Set信息: uiId=7, setId=12005~12008, 压力范围=0.00~0.00Mpa, 流量平均值=0.00L/Min, 湿度范围=0.00~0.00%
[2026-06-02 15:30:05] [INFO] [ui][SetLevelGraphBuilder][createFrameDevice]创建FrameDevice: ID=7, 轨道坐标=(1000, 120), 实际坐标=(940, 14), 位置=ABOVE
[2026-06-02 15:30:05] [INFO] [ui][SetLevelGraphBuilder][processNode]创建SET节点: ID=7
[2026-06-02 15:30:05] [INFO] [ui][SetLevelGraphBuilder][processStraightLine]直线: 7 -> 8, 长度: 420, 起点(1000,120), 终点(1420,120)
[2026-06-02 15:30:05] [INFO] [ui][SetLevelGraphBuilder][createFrameDevice]成功为节点ID=8设置Set信息: uiId=8, setId=12009~12012, 压力范围=0.00~0.00Mpa, 流量平均值=0.00L/Min, 湿度范围=0.00~0.00%
[2026-06-02 15:30:05] [INFO] [ui][SetLevelGraphBuilder][createFrameDevice]创建FrameDevice: ID=8, 轨道坐标=(1420, 120), 实际坐标=(1360, 14), 位置=ABOVE
[2026-06-02 15:30:05] [INFO] [ui][SetLevelGraphBuilder][processStraightLine]直线: 8 -> 9, 长度: 140, 起点(1420,120), 终点(1560,120)
[2026-06-02 15:30:05] [INFO] [ui][SetLevelGraphBuilder][processNode]创建SET节点: ID=8
[2026-06-02 15:30:05] [INFO] [ui][SetLevelGraphBuilder][createFrameDevice]成功为节点ID=9设置Set信息: uiId=9, setId=12013~12016, 压力范围=0.00~0.00Mpa, 流量平均值=0.00L/Min, 湿度范围=0.00~0.00%
[2026-06-02 15:30:05] [INFO] [ui][SetLevelGraphBuilder][createFrameDevice]创建FrameDevice: ID=9, 轨道坐标=(1560, 120), 实际坐标=(1500, 14), 位置=ABOVE
[2026-06-02 15:30:05] [INFO] [ui][SetLevelGraphBuilder][processNode]创建SET节点: ID=9
[2026-06-02 15:30:05] [INFO] [ui][SetLevelGraphBuilder][processStraightLine]直线: 9 -> 10, 长度: 140, 起点(1560,120), 终点(1700,120)
[2026-06-02 15:30:05] [INFO] [ui][SetLevelGraphBuilder][createFrameDevice]成功为节点ID=10设置Set信息: uiId=10, setId=12017~12020, 压力范围=0.00~0.00Mpa, 流量平均值=0.00L/Min, 湿度范围=0.00~0.00%
[2026-06-02 15:30:05] [INFO] [ui][SetLevelGraphBuilder][createFrameDevice]创建FrameDevice: ID=10, 轨道坐标=(1700, 120), 实际坐标=(1640, 14), 位置=ABOVE
[2026-06-02 15:30:05] [INFO] [ui][SetLevelGraphBuilder][processNode]创建SET节点: ID=10
[2026-06-02 15:30:05] [INFO] [ui][SetLevelGraphBuilder][processStraightLine]直线: 10 -> 11, 长度: 140, 起点(1700,120), 终点(1840,120)
[2026-06-02 15:30:05] [INFO] [ui][SetLevelGraphBuilder][createFrameDevice]成功为节点ID=11设置Set信息: uiId=11, setId=12021~12024, 压力范围=0.00~0.00Mpa, 流量平均值=0.00L/Min, 湿度范围=0.00~0.00%
[2026-06-02 15:30:05] [INFO] [ui][SetLevelGraphBuilder][createFrameDevice]创建FrameDevice: ID=11, 轨道坐标=(1840, 120), 实际坐标=(1780, 14), 位置=ABOVE
[2026-06-02 15:30:05] [INFO] [ui][SetLevelGraphBuilder][processNode]创建SET节点: ID=11
[2026-06-02 15:30:05] [INFO] [ui][SetLevelGraphBuilder][processStraightLine]直线: 11 -> 12, 长度: 140, 起点(1840,120), 终点(1980,120)
[2026-06-02 15:30:05] [INFO] [ui][SetLevelGraphBuilder][createFrameDevice]成功为节点ID=12设置Set信息: uiId=12, setId=12025~12028, 压力范围=0.00~0.00Mpa, 流量平均值=0.00L/Min, 湿度范围=0.00~0.00%
[2026-06-02 15:30:05] [INFO] [ui][SetLevelGraphBuilder][createFrameDevice]创建FrameDevice: ID=12, 轨道坐标=(1980, 120), 实际坐标=(1920, 14), 位置=ABOVE
[2026-06-02 15:30:05] [INFO] [ui][SetLevelGraphBuilder][processNode]创建SET节点: ID=12
[2026-06-02 15:30:05] [INFO] [ui][SetLevelGraphBuilder][processStraightLine]直线: 12 -> 13, 长度: 140, 起点(1980,120), 终点(2120,120)
[2026-06-02 15:30:05] [INFO] [ui][SetLevelGraphBuilder][createFrameDevice]成功为节点ID=13设置Set信息: uiId=13, setId=12029~12032, 压力范围=0.00~0.00Mpa, 流量平均值=0.00L/Min, 湿度范围=0.00~0.00%
[2026-06-02 15:30:05] [INFO] [ui][SetLevelGraphBuilder][createFrameDevice]创建FrameDevice: ID=13, 轨道坐标=(2120, 120), 实际坐标=(2060, 14), 位置=ABOVE
[2026-06-02 15:30:05] [INFO] [ui][SetLevelGraphBuilder][processNode]创建SET节点: ID=13
[2026-06-02 15:30:05] [INFO] [ui][SetLevelGraphBuilder][processStraightLine]直线: 13 -> 14, 长度: 70 + 偏移: 118 = 188, 起点(2120,120), 终点(2308,120)
[2026-06-02 15:30:05] [INFO] [ui][SetLevelGraphBuilder][processVirtualLine]虚线: 1 -> 15, 类型: VERTICAL_VIRTUAL_LINE, 起点(20,120), 终点(20,126)
[2026-06-02 15:30:05] [INFO] [ui][SetLevelGraphBuilder][processStraightLine]直线: 15 -> 16, 长度: 560, 起点(20,126), 终点(580,126)
[2026-06-02 15:30:05] [INFO] [ui][SetLevelGraphBuilder][processVirtualLine]虚线: 16 -> 17, 类型: HORIZONTAL_VIRTUAL_LINE, 起点(580,126), 终点(586,126)
[2026-06-02 15:30:05] [INFO] [ui][SetLevelGraphBuilder][processStraightLine]直线: 17 -> 18, 长度: 1722, 起点(586,126), 终点(2308,126)
[2026-06-02 15:30:05] [INFO] [ui][SetLevelGraphBuilder][processVirtualLine]虚线: 15 -> 19, 类型: VERTICAL_VIRTUAL_LINE, 起点(20,126), 终点(20,266)
[2026-06-02 15:30:05] [INFO] [ui][SetLevelGraphBuilder][processStraightLine]直线: 19 -> 20, 长度: 700, 起点(20,266), 终点(720,266)
[2026-06-02 15:30:05] [INFO] [ui][SetLevelGraphBuilder][processVirtualLine]虚线: 20 -> 21, 类型: HORIZONTAL_VIRTUAL_LINE, 起点(720,266), 终点(726,266)
[2026-06-02 15:30:05] [INFO] [ui][SetLevelGraphBuilder][processStraightLine]直线: 21 -> 22, 长度: 1582 + 偏移: 10 = 1592, 起点(726,266), 终点(2318,266)
[2026-06-02 15:30:05] [INFO] [ui][SetLevelGraphBuilder][processSCurve]S曲线: 16 -> 20, 目标节点已有坐标，使用已有坐标
[2026-06-02 15:30:05] [INFO] [ui][SetLevelGraphBuilder][processSCurve]绘制曲线 16 -> 20, 类型: REVERSE_S_CURVE, 起点(580,126), 终点(720,266), 控制点1(650,126), 控制点2(650,266)
[2026-06-02 15:30:05] [INFO] [ui][SetLevelGraphBuilder][processSCurve]S曲线: 17 -> 21, 目标节点已有坐标，使用已有坐标
[2026-06-02 15:30:05] [INFO] [ui][SetLevelGraphBuilder][processSCurve]绘制曲线 17 -> 21, 类型: REVERSE_S_CURVE, 起点(586,126), 终点(726,266), 控制点1(656,126), 控制点2(656,266)
[2026-06-02 15:30:05] [INFO] [ui][SetLevelGraphBuilder][processVirtualLine]虚线: 19 -> 23, 类型: VERTICAL_VIRTUAL_LINE, 起点(20,266), 终点(20,272)
[2026-06-02 15:30:05] [INFO] [ui][SetLevelGraphBuilder][processStraightLine]直线: 23 -> 24, 长度: 1190, 起点(20,272), 终点(1210,272)
[2026-06-02 15:30:05] [INFO] [ui][SetLevelGraphBuilder][processVirtualLine]虚线: 24 -> 25, 类型: HORIZONTAL_VIRTUAL_LINE, 起点(1210,272), 终点(1216,272)
[2026-06-02 15:30:05] [INFO] [ui][SetLevelGraphBuilder][processStraightLine]直线: 25 -> 26, 长度: 140, 起点(1216,272), 终点(1356,272)
[2026-06-02 15:30:05] [INFO] [ui][SetLevelGraphBuilder][processVirtualLine]虚线: 26 -> 27, 类型: HORIZONTAL_VIRTUAL_LINE, 起点(1356,272), 终点(1362,272)
[2026-06-02 15:30:05] [INFO] [ui][SetLevelGraphBuilder][processStraightLine]直线: 27 -> 28, 长度: 980 + 偏移: -24 = 956, 起点(1362,272), 终点(2318,272)
[2026-06-02 15:30:05] [INFO] [ui][SetLevelGraphBuilder][processVirtualLine]虚线: 23 -> 29, 类型: VERTICAL_VIRTUAL_LINE, 起点(20,272), 终点(20,482)
[2026-06-02 15:30:05] [INFO] [ui][SetLevelGraphBuilder][processStraightLine]直线: 29 -> 30, 长度: 1190, 起点(20,482), 终点(1210,482)
[2026-06-02 15:30:05] [INFO] [ui][SetLevelGraphBuilder][processVirtualLine]虚线: 30 -> 31, 类型: HORIZONTAL_VIRTUAL_LINE, 起点(1210,482), 终点(1216,482)
[2026-06-02 15:30:05] [INFO] [ui][SetLevelGraphBuilder][processStraightLine]直线: 31 -> 32, 长度: 140, 起点(1216,482), 终点(1356,482)
[2026-06-02 15:30:05] [INFO] [ui][SetLevelGraphBuilder][processVirtualLine]虚线: 32 -> 33, 类型: HORIZONTAL_VIRTUAL_LINE, 起点(1356,482), 终点(1362,482)
[2026-06-02 15:30:05] [INFO] [ui][SetLevelGraphBuilder][processStraightLine]直线: 33 -> 34, 长度: 770 + 偏移: 190 = 960, 起点(1362,482), 终点(2322,482)
[2026-06-02 15:30:05] [INFO] [ui][SetLevelGraphBuilder][processSemicircleArc]绘制半圆弧 24 -> 30, 类型: RIGHT_SEMICIRCLE_ARC, 起点(1210,272), 终点(1210,482)
[2026-06-02 15:30:05] [INFO] [ui][SetLevelGraphBuilder][processSemicircleArc]半圆弧: 24 -> 30, 类型: RIGHT_SEMICIRCLE_ARC
[2026-06-02 15:30:05] [INFO] [ui][SetLevelGraphBuilder][processSemicircleArc]绘制半圆弧 25 -> 31, 类型: RIGHT_SEMICIRCLE_ARC, 起点(1216,272), 终点(1216,482)
[2026-06-02 15:30:05] [INFO] [ui][SetLevelGraphBuilder][processSemicircleArc]半圆弧: 25 -> 31, 类型: RIGHT_SEMICIRCLE_ARC
[2026-06-02 15:30:05] [INFO] [ui][SetLevelGraphBuilder][processSemicircleArc]绘制半圆弧 26 -> 32, 类型: LEFT_SEMICIRCLE_ARC, 起点(1356,272), 终点(1356,482)
[2026-06-02 15:30:05] [INFO] [ui][SetLevelGraphBuilder][processSemicircleArc]半圆弧: 26 -> 32, 类型: LEFT_SEMICIRCLE_ARC
[2026-06-02 15:30:05] [INFO] [ui][SetLevelGraphBuilder][processSemicircleArc]绘制半圆弧 27 -> 33, 类型: LEFT_SEMICIRCLE_ARC, 起点(1362,272), 终点(1362,482)
[2026-06-02 15:30:05] [INFO] [ui][SetLevelGraphBuilder][processSemicircleArc]半圆弧: 27 -> 33, 类型: LEFT_SEMICIRCLE_ARC
[2026-06-02 15:30:05] [INFO] [ui][SetLevelGraphBuilder][processVirtualLine]虚线: 29 -> 35, 类型: VERTICAL_VIRTUAL_LINE, 起点(20,482), 终点(20,488)
[2026-06-02 15:30:05] [INFO] [ui][SetLevelGraphBuilder][processStraightLine]直线: 35 -> 36, 长度: 70, 起点(20,488), 终点(90,488)
[2026-06-02 15:30:05] [INFO] [ui][SetLevelGraphBuilder][createFrameDevice]成功为节点ID=36设置Set信息: uiId=36, setId=12033~12036, 压力范围=0.00~0.00Mpa, 流量平均值=0.00L/Min, 湿度范围=0.00~0.00%
[2026-06-02 15:30:05] [INFO] [ui][SetLevelGraphBuilder][createFrameDevice]创建FrameDevice: ID=36, 轨道坐标=(90, 488), 实际坐标=(30, 496), 位置=BELOW
[2026-06-02 15:30:05] [INFO] [ui][SetLevelGraphBuilder][processNode]创建SET节点: ID=36
[2026-06-02 15:30:05] [INFO] [ui][SetLevelGraphBuilder][processStraightLine]直线: 36 -> 37, 长度: 140, 起点(90,488), 终点(230,488)
[2026-06-02 15:30:05] [INFO] [ui][SetLevelGraphBuilder][createFrameDevice]成功为节点ID=37设置Set信息: uiId=37, setId=12037~12040, 压力范围=0.00~0.00Mpa, 流量平均值=0.00L/Min, 湿度范围=0.00~0.00%
[2026-06-02 15:30:05] [INFO] [ui][SetLevelGraphBuilder][createFrameDevice]创建FrameDevice: ID=37, 轨道坐标=(230, 488), 实际坐标=(170, 496), 位置=BELOW
[2026-06-02 15:30:05] [INFO] [ui][SetLevelGraphBuilder][processNode]创建SET节点: ID=37
[2026-06-02 15:30:05] [INFO] [ui][SetLevelGraphBuilder][processStraightLine]直线: 37 -> 38, 长度: 140, 起点(230,488), 终点(370,488)
[2026-06-02 15:30:05] [INFO] [ui][SetLevelGraphBuilder][createFrameDevice]成功为节点ID=38设置Set信息: uiId=38, setId=12041~12044, 压力范围=0.00~0.00Mpa, 流量平均值=0.00L/Min, 湿度范围=0.00~0.00%
[2026-06-02 15:30:05] [INFO] [ui][SetLevelGraphBuilder][createFrameDevice]创建FrameDevice: ID=38, 轨道坐标=(370, 488), 实际坐标=(310, 496), 位置=BELOW
[2026-06-02 15:30:05] [INFO] [ui][SetLevelGraphBuilder][processNode]创建SET节点: ID=38
[2026-06-02 15:30:05] [INFO] [ui][SetLevelGraphBuilder][processStraightLine]直线: 38 -> 39, 长度: 140, 起点(370,488), 终点(510,488)
[2026-06-02 15:30:05] [INFO] [ui][SetLevelGraphBuilder][createFrameDevice]成功为节点ID=39设置Set信息: uiId=39, setId=12045~12048, 压力范围=0.00~0.00Mpa, 流量平均值=0.00L/Min, 湿度范围=0.00~0.00%
[2026-06-02 15:30:05] [INFO] [ui][SetLevelGraphBuilder][createFrameDevice]创建FrameDevice: ID=39, 轨道坐标=(510, 488), 实际坐标=(450, 496), 位置=BELOW
[2026-06-02 15:30:05] [INFO] [ui][SetLevelGraphBuilder][processNode]创建SET节点: ID=39
[2026-06-02 15:30:05] [INFO] [ui][SetLevelGraphBuilder][processStraightLine]直线: 39 -> 40, 长度: 140, 起点(510,488), 终点(650,488)
[2026-06-02 15:30:05] [INFO] [ui][SetLevelGraphBuilder][createFrameDevice]成功为节点ID=40设置Set信息: uiId=40, setId=12049~12052, 压力范围=0.00~0.00Mpa, 流量平均值=0.00L/Min, 湿度范围=0.00~0.00%
[2026-06-02 15:30:05] [INFO] [ui][SetLevelGraphBuilder][createFrameDevice]创建FrameDevice: ID=40, 轨道坐标=(650, 488), 实际坐标=(590, 496), 位置=BELOW
[2026-06-02 15:30:05] [INFO] [ui][SetLevelGraphBuilder][processNode]创建SET节点: ID=40
[2026-06-02 15:30:05] [INFO] [ui][SetLevelGraphBuilder][processStraightLine]直线: 40 -> 41, 长度: 140, 起点(650,488), 终点(790,488)
[2026-06-02 15:30:05] [INFO] [ui][SetLevelGraphBuilder][createFrameDevice]成功为节点ID=41设置Set信息: uiId=41, setId=12053~12056, 压力范围=0.00~0.00Mpa, 流量平均值=0.00L/Min, 湿度范围=0.00~0.00%
[2026-06-02 15:30:05] [INFO] [ui][SetLevelGraphBuilder][createFrameDevice]创建FrameDevice: ID=41, 轨道坐标=(790, 488), 实际坐标=(730, 496), 位置=BELOW
[2026-06-02 15:30:05] [INFO] [ui][SetLevelGraphBuilder][processNode]创建SET节点: ID=41
[2026-06-02 15:30:05] [INFO] [ui][SetLevelGraphBuilder][processStraightLine]直线: 41 -> 42, 长度: 140, 起点(790,488), 终点(930,488)
[2026-06-02 15:30:05] [INFO] [ui][SetLevelGraphBuilder][createFrameDevice]成功为节点ID=42设置Set信息: uiId=42, setId=12057~12060, 压力范围=0.00~0.00Mpa, 流量平均值=0.00L/Min, 湿度范围=0.00~0.00%
[2026-06-02 15:30:05] [INFO] [ui][SetLevelGraphBuilder][createFrameDevice]创建FrameDevice: ID=42, 轨道坐标=(930, 488), 实际坐标=(870, 496), 位置=BELOW
[2026-06-02 15:30:05] [INFO] [ui][SetLevelGraphBuilder][processNode]创建SET节点: ID=42
[2026-06-02 15:30:05] [INFO] [ui][SetLevelGraphBuilder][processStraightLine]直线: 42 -> 43, 长度: 140, 起点(930,488), 终点(1070,488)
[2026-06-02 15:30:05] [INFO] [ui][SetLevelGraphBuilder][createFrameDevice]成功为节点ID=43设置Set信息: uiId=43, setId=12061~12064, 压力范围=0.00~0.00Mpa, 流量平均值=0.00L/Min, 湿度范围=0.00~0.00%
[2026-06-02 15:30:05] [INFO] [ui][SetLevelGraphBuilder][createFrameDevice]创建FrameDevice: ID=43, 轨道坐标=(1070, 488), 实际坐标=(1010, 496), 位置=BELOW
[2026-06-02 15:30:05] [INFO] [ui][SetLevelGraphBuilder][processNode]创建SET节点: ID=43
[2026-06-02 15:30:05] [INFO] [ui][SetLevelGraphBuilder][processStraightLine]直线: 43 -> 2, 长度: 322 + 偏移: 22 = 344, 起点(1070,488), 终点(1414,488)
[2026-06-02 15:30:05] [INFO] [ui][SetLevelGraphBuilder][createFrameDevice]成功为节点ID=2设置Set信息: uiId=2, setId=12065~12068, 压力范围=0.00~0.00Mpa, 流量平均值=0.00L/Min, 湿度范围=0.00~0.00%
[2026-06-02 15:30:05] [INFO] [ui][SetLevelGraphBuilder][createFrameDevice]创建FrameDevice: ID=2, 轨道坐标=(1414, 488), 实际坐标=(1354, 496), 位置=BELOW
[2026-06-02 15:30:05] [INFO] [ui][SetLevelGraphBuilder][processNode]创建SET节点: ID=2
[2026-06-02 15:30:05] [INFO] [ui][SetLevelGraphBuilder][processStraightLine]直线: 2 -> 3, 长度: 140, 起点(1414,488), 终点(1554,488)
[2026-06-02 15:30:05] [INFO] [ui][SetLevelGraphBuilder][createFrameDevice]成功为节点ID=3设置Set信息: uiId=3, setId=12069~12072, 压力范围=0.00~0.00Mpa, 流量平均值=0.00L/Min, 湿度范围=0.00~0.00%
[2026-06-02 15:30:05] [INFO] [ui][SetLevelGraphBuilder][createFrameDevice]创建FrameDevice: ID=3, 轨道坐标=(1554, 488), 实际坐标=(1494, 496), 位置=BELOW
[2026-06-02 15:30:05] [INFO] [ui][SetLevelGraphBuilder][processNode]创建SET节点: ID=3
[2026-06-02 15:30:05] [INFO] [ui][SetLevelGraphBuilder][processStraightLine]直线: 3 -> 4, 长度: 140, 起点(1554,488), 终点(1694,488)
[2026-06-02 15:30:05] [INFO] [ui][SetLevelGraphBuilder][createFrameDevice]成功为节点ID=4设置Set信息: uiId=4, setId=12073~12076, 压力范围=0.00~0.00Mpa, 流量平均值=0.00L/Min, 湿度范围=0.00~0.00%
[2026-06-02 15:30:05] [INFO] [ui][SetLevelGraphBuilder][createFrameDevice]创建FrameDevice: ID=4, 轨道坐标=(1694, 488), 实际坐标=(1634, 496), 位置=BELOW
[2026-06-02 15:30:05] [INFO] [ui][SetLevelGraphBuilder][processNode]创建SET节点: ID=4
[2026-06-02 15:30:05] [INFO] [ui][SetLevelGraphBuilder][processStraightLine]直线: 4 -> 5, 长度: 140, 起点(1694,488), 终点(1834,488)
[2026-06-02 15:30:05] [INFO] [ui][SetLevelGraphBuilder][createFrameDevice]成功为节点ID=5设置Set信息: uiId=5, setId=12077~12080, 压力范围=0.00~0.00Mpa, 流量平均值=0.00L/Min, 湿度范围=0.00~0.00%
[2026-06-02 15:30:05] [INFO] [ui][SetLevelGraphBuilder][createFrameDevice]创建FrameDevice: ID=5, 轨道坐标=(1834, 488), 实际坐标=(1774, 496), 位置=BELOW
[2026-06-02 15:30:05] [INFO] [ui][SetLevelGraphBuilder][processNode]创建SET节点: ID=5
[2026-06-02 15:30:05] [INFO] [ui][SetLevelGraphBuilder][processStraightLine]直线: 5 -> 44, 长度: 350 + 偏移: 140 = 490, 起点(1834,488), 终点(2324,488)
[2026-06-02 15:30:05] [INFO] [ui][SetLevelGraphBuilder][layoutAndDraw]布局和绘制完成
[2026-06-02 15:30:05] [INFO] [ui][SetLevelGraphBuilder][buildGraph] 阶段(2): 绘制图像界面完成
[2026-06-02 15:30:05] [INFO] [ui][SetLevelGraphBuilder][buildGraph] 阶段(3): 布局图重构完毕
[2026-06-02 15:30:05] [INFO] [ui][SetLevelGraphBuilder][buildGraph] 图构建完成
[2026-06-02 15:30:05] [INFO] ====================Set视图天车轨道布局图重构  结束====================
[2026-06-02 15:30:47] [INFO] [ui][SetLevelGraphBuilder][setStartNodePosition] 设置起始节点坐标: (20, 120)
[2026-06-02 15:30:47] [INFO] [ui][FoupLevelGraphBuilder][setStartNodePosition]设置起始节点坐标: (20, 120)
[2026-06-02 15:30:47] [INFO] ====================天车轨道布局图配置文件解析 开始====================
[2026-06-02 15:30:47] [INFO] [ui][GraphConfig][parse]解析阶段(1): 解析GraphConfig标签开始
[2026-06-02 15:30:47] [INFO] [ui][GraphConfig][parseGraphSettings]图类型: 无向图
[2026-06-02 15:30:47] [INFO] [ui][GraphConfig][parseGraphSettings]设备控件尺寸: 120, 间距: 20
[2026-06-02 15:30:47] [INFO] [ui][GraphConfig][parse]解析阶段(1): 解析GraphConfig标签完成
[2026-06-02 15:30:47] [INFO] [ui][GraphConfig][parseEdges]解析阶段(2): 解析Edges标签
[2026-06-02 15:30:47] [INFO] [ui][GraphConfig][parseEdges]找到49条边数据
[2026-06-02 15:30:47] [INFO] [ui][GraphConfig][processNode]SET节点文档顺序#0: 设置 setOfOHBInfoList[0].uiId = 6
[2026-06-02 15:30:47] [INFO] [ui][GraphConfig][parseEdges]解析阶段(3):收集TRACK节点: ID=1
[2026-06-02 15:30:47] [INFO] [ui][GraphConfig][parseEdges]解析阶段(3):收集SET节点: ID=6, QRCode=11005, Count=4, Position=ABOVE
[2026-06-02 15:30:47] [INFO] [ui][GraphConfig][parseEdges]解析阶段(4):成功解析边: 1 -> 6，类型: STRAIGHT_LINE，大小: 840
[2026-06-02 15:30:47] [INFO] [ui][GraphConfig][processNode]SET节点文档顺序#1: 设置 setOfOHBInfoList[1].uiId = 7
[2026-06-02 15:30:47] [INFO] [ui][GraphConfig][parseEdges]解析阶段(3):收集SET节点: ID=7, QRCode=11006, Count=4, Position=ABOVE
[2026-06-02 15:30:47] [INFO] [ui][GraphConfig][parseEdges]解析阶段(4):成功解析边: 6 -> 7，类型: STRAIGHT_LINE，大小: 140
[2026-06-02 15:30:47] [INFO] [ui][GraphConfig][processNode]SET节点文档顺序#2: 设置 setOfOHBInfoList[2].uiId = 8
[2026-06-02 15:30:47] [INFO] [ui][GraphConfig][parseEdges]解析阶段(3):收集SET节点: ID=8, QRCode=11007, Count=4, Position=ABOVE
[2026-06-02 15:30:47] [INFO] [ui][GraphConfig][parseEdges]解析阶段(4):成功解析边: 7 -> 8，类型: STRAIGHT_LINE，大小: 420
[2026-06-02 15:30:47] [INFO] [ui][GraphConfig][processNode]SET节点文档顺序#3: 设置 setOfOHBInfoList[3].uiId = 9
[2026-06-02 15:30:47] [INFO] [ui][GraphConfig][parseEdges]解析阶段(3):收集SET节点: ID=9, QRCode=11008, Count=4, Position=ABOVE
[2026-06-02 15:30:47] [INFO] [ui][GraphConfig][parseEdges]解析阶段(4):成功解析边: 8 -> 9，类型: STRAIGHT_LINE，大小: 140
[2026-06-02 15:30:47] [INFO] [ui][GraphConfig][processNode]SET节点文档顺序#4: 设置 setOfOHBInfoList[4].uiId = 10
[2026-06-02 15:30:47] [INFO] [ui][GraphConfig][parseEdges]解析阶段(3):收集SET节点: ID=10, QRCode=11009, Count=4, Position=ABOVE
[2026-06-02 15:30:47] [INFO] [ui][GraphConfig][parseEdges]解析阶段(4):成功解析边: 9 -> 10，类型: STRAIGHT_LINE，大小: 140
[2026-06-02 15:30:47] [INFO] [ui][GraphConfig][processNode]SET节点文档顺序#5: 设置 setOfOHBInfoList[5].uiId = 11
[2026-06-02 15:30:47] [INFO] [ui][GraphConfig][parseEdges]解析阶段(3):收集SET节点: ID=11, QRCode=11010, Count=4, Position=ABOVE
[2026-06-02 15:30:47] [INFO] [ui][GraphConfig][parseEdges]解析阶段(4):成功解析边: 10 -> 11，类型: STRAIGHT_LINE，大小: 140
[2026-06-02 15:30:47] [INFO] [ui][GraphConfig][processNode]SET节点文档顺序#6: 设置 setOfOHBInfoList[6].uiId = 12
[2026-06-02 15:30:47] [INFO] [ui][GraphConfig][parseEdges]解析阶段(3):收集SET节点: ID=12, QRCode=11011, Count=4, Position=ABOVE
[2026-06-02 15:30:47] [INFO] [ui][GraphConfig][parseEdges]解析阶段(4):成功解析边: 11 -> 12，类型: STRAIGHT_LINE，大小: 140
[2026-06-02 15:30:47] [INFO] [ui][GraphConfig][processNode]SET节点文档顺序#7: 设置 setOfOHBInfoList[7].uiId = 13
[2026-06-02 15:30:47] [INFO] [ui][GraphConfig][parseEdges]解析阶段(3):收集SET节点: ID=13, QRCode=11012, Count=4, Position=ABOVE
[2026-06-02 15:30:47] [INFO] [ui][GraphConfig][parseEdges]解析阶段(4):成功解析边: 12 -> 13，类型: STRAIGHT_LINE，大小: 140
[2026-06-02 15:30:47] [INFO] [ui][GraphConfig][parseEdges]解析阶段(4):成功解析边: 1 -> 15，类型: VERTICAL_VIRTUAL_LINE，大小: 6
[2026-06-02 15:30:47] [INFO] [ui][GraphConfig][parseEdges]解析阶段(3):收集TRACK节点: ID=16
[2026-06-02 15:30:47] [INFO] [ui][GraphConfig][parseEdges]解析阶段(4):成功解析边: 15 -> 16，类型: STRAIGHT_LINE，大小: 560
[2026-06-02 15:30:47] [INFO] [ui][GraphConfig][parseEdges]解析阶段(3):收集TRACK节点: ID=17
[2026-06-02 15:30:47] [INFO] [ui][GraphConfig][parseEdges]解析阶段(4):成功解析边: 16 -> 17，类型: HORIZONTAL_VIRTUAL_LINE，大小: 6
[2026-06-02 15:30:47] [INFO] [ui][GraphConfig][parseEdges]解析阶段(3):收集TRACK节点: ID=18
[2026-06-02 15:30:47] [INFO] [ui][GraphConfig][parseEdges]解析阶段(3):收集TRACK节点: ID=14
[2026-06-02 15:30:47] [INFO] [ui][GraphConfig][parseEdges]解析阶段(4):成功解析边: 13 -> 14，类型: STRAIGHT_LINE，大小: 70，FoupLevel偏移: 416，SetLevel偏移: 118
[2026-06-02 15:30:47] [INFO] [ui][GraphConfig][parseEdges]解析阶段(4):成功解析边: 17 -> 18，类型: STRAIGHT_LINE，大小: 1722，FoupLevel偏移: 194，SetLevel偏移: 0
[2026-06-02 15:30:47] [INFO] [ui][GraphConfig][parseEdges]解析阶段(3):收集TRACK节点: ID=15
[2026-06-02 15:30:47] [INFO] [ui][GraphConfig][parseEdges]解析阶段(3):收集TRACK节点: ID=19
[2026-06-02 15:30:47] [INFO] [ui][GraphConfig][parseEdges]解析阶段(4):成功解析边: 15 -> 19，类型: VERTICAL_VIRTUAL_LINE，大小: 140
[2026-06-02 15:30:47] [INFO] [ui][GraphConfig][parseEdges]解析阶段(3):收集TRACK节点: ID=20
[2026-06-02 15:30:47] [INFO] [ui][GraphConfig][parseEdges]解析阶段(4):成功解析边: 19 -> 20，类型: STRAIGHT_LINE，大小: 700
[2026-06-02 15:30:47] [INFO] [ui][GraphConfig][parseEdges]解析阶段(3):收集TRACK节点: ID=21
[2026-06-02 15:30:47] [INFO] [ui][GraphConfig][parseEdges]解析阶段(4):成功解析边: 20 -> 21，类型: HORIZONTAL_VIRTUAL_LINE，大小: 6
[2026-06-02 15:30:47] [INFO] [ui][GraphConfig][parseEdges]解析阶段(3):收集TRACK节点: ID=22
[2026-06-02 15:30:47] [INFO] [ui][GraphConfig][parseEdges]解析阶段(4):成功解析边: 21 -> 22，类型: STRAIGHT_LINE，大小: 1582，FoupLevel偏移: 190，SetLevel偏移: 10
[2026-06-02 15:30:47] [INFO] [ui][GraphConfig][parseEdges]解析阶段(4):成功解析边: 16 -> 20，类型: REVERSE_S_CURVE，大小: 140
[2026-06-02 15:30:47] [INFO] [ui][GraphConfig][parseEdges]解析阶段(4):成功解析边: 17 -> 21，类型: REVERSE_S_CURVE，大小: 140
[2026-06-02 15:30:47] [INFO] [ui][GraphConfig][parseEdges]解析阶段(3):收集TRACK节点: ID=23
[2026-06-02 15:30:47] [INFO] [ui][GraphConfig][parseEdges]解析阶段(4):成功解析边: 19 -> 23，类型: VERTICAL_VIRTUAL_LINE，大小: 6
[2026-06-02 15:30:47] [INFO] [ui][GraphConfig][parseEdges]解析阶段(3):收集TRACK节点: ID=24
[2026-06-02 15:30:47] [INFO] [ui][GraphConfig][parseEdges]解析阶段(4):成功解析边: 23 -> 24，类型: STRAIGHT_LINE，大小: 1190
[2026-06-02 15:30:47] [INFO] [ui][GraphConfig][parseEdges]解析阶段(3):收集TRACK节点: ID=25
[2026-06-02 15:30:47] [INFO] [ui][GraphConfig][parseEdges]解析阶段(4):成功解析边: 24 -> 25，类型: HORIZONTAL_VIRTUAL_LINE，大小: 6
[2026-06-02 15:30:47] [INFO] [ui][GraphConfig][parseEdges]解析阶段(3):收集TRACK节点: ID=26
[2026-06-02 15:30:47] [INFO] [ui][GraphConfig][parseEdges]解析阶段(4):成功解析边: 25 -> 26，类型: STRAIGHT_LINE，大小: 140
[2026-06-02 15:30:47] [INFO] [ui][GraphConfig][parseEdges]解析阶段(3):收集TRACK节点: ID=27
[2026-06-02 15:30:47] [INFO] [ui][GraphConfig][parseEdges]解析阶段(4):成功解析边: 26 -> 27，类型: HORIZONTAL_VIRTUAL_LINE，大小: 6
[2026-06-02 15:30:47] [INFO] [ui][GraphConfig][parseEdges]解析阶段(3):收集TRACK节点: ID=28
[2026-06-02 15:30:47] [INFO] [ui][GraphConfig][parseEdges]解析阶段(4):成功解析边: 27 -> 28，类型: STRAIGHT_LINE，大小: 980，FoupLevel偏移: 86，SetLevel偏移: -24
[2026-06-02 15:30:47] [INFO] [ui][GraphConfig][parseEdges]解析阶段(4):成功解析边: 29 -> 30，类型: STRAIGHT_LINE，大小: 1190
[2026-06-02 15:30:47] [INFO] [ui][GraphConfig][parseEdges]解析阶段(3):收集TRACK节点: ID=29
[2026-06-02 15:30:47] [INFO] [ui][GraphConfig][parseEdges]解析阶段(3):收集TRACK节点: ID=31
[2026-06-02 15:30:47] [INFO] [ui][GraphConfig][parseEdges]解析阶段(4):成功解析边: 23 -> 29，类型: VERTICAL_VIRTUAL_LINE，大小: 210
[2026-06-02 15:30:47] [INFO] [ui][GraphConfig][parseEdges]解析阶段(3):收集TRACK节点: ID=30
[2026-06-02 15:30:47] [INFO] [ui][GraphConfig][parseEdges]解析阶段(4):成功解析边: 30 -> 31，类型: HORIZONTAL_VIRTUAL_LINE，大小: 6
[2026-06-02 15:30:47] [INFO] [ui][GraphConfig][parseEdges]解析阶段(3):收集TRACK节点: ID=32
[2026-06-02 15:30:47] [INFO] [ui][GraphConfig][parseEdges]解析阶段(4):成功解析边: 31 -> 32，类型: STRAIGHT_LINE，大小: 140
[2026-06-02 15:30:47] [INFO] [ui][GraphConfig][parseEdges]解析阶段(3):收集TRACK节点: ID=33
[2026-06-02 15:30:47] [INFO] [ui][GraphConfig][parseEdges]解析阶段(4):成功解析边: 32 -> 33，类型: HORIZONTAL_VIRTUAL_LINE，大小: 6
[2026-06-02 15:30:47] [INFO] [ui][GraphConfig][parseEdges]解析阶段(3):收集TRACK节点: ID=34
[2026-06-02 15:30:47] [INFO] [ui][GraphConfig][parseEdges]解析阶段(4):成功解析边: 33 -> 34，类型: STRAIGHT_LINE，大小: 770，FoupLevel偏移: 828，SetLevel偏移: 190
[2026-06-02 15:30:47] [INFO] [ui][GraphConfig][parseEdges]解析阶段(4):成功解析边: 24 -> 30，类型: RIGHT_SEMICIRCLE_ARC，大小: 210
[2026-06-02 15:30:47] [INFO] [ui][GraphConfig][parseEdges]解析阶段(4):成功解析边: 25 -> 31，类型: RIGHT_SEMICIRCLE_ARC，大小: 210
[2026-06-02 15:30:47] [INFO] [ui][GraphConfig][parseEdges]解析阶段(4):成功解析边: 26 -> 32，类型: LEFT_SEMICIRCLE_ARC，大小: 210
[2026-06-02 15:30:47] [INFO] [ui][GraphConfig][parseEdges]解析阶段(4):成功解析边: 27 -> 33，类型: LEFT_SEMICIRCLE_ARC，大小: 210
[2026-06-02 15:30:47] [INFO] [ui][GraphConfig][parseEdges]解析阶段(3):收集TRACK节点: ID=35
[2026-06-02 15:30:47] [INFO] [ui][GraphConfig][parseEdges]解析阶段(4):成功解析边: 29 -> 35，类型: VERTICAL_VIRTUAL_LINE，大小: 6
[2026-06-02 15:30:47] [INFO] [ui][GraphConfig][processNode]SET节点文档顺序#8: 设置 setOfOHBInfoList[8].uiId = 36
[2026-06-02 15:30:47] [INFO] [ui][GraphConfig][parseEdges]解析阶段(3):收集SET节点: ID=36, QRCode=11036, Count=4, Position=BELOW
[2026-06-02 15:30:47] [INFO] [ui][GraphConfig][parseEdges]解析阶段(4):成功解析边: 35 -> 36，类型: STRAIGHT_LINE，大小: 70
[2026-06-02 15:30:47] [INFO] [ui][GraphConfig][processNode]SET节点文档顺序#9: 设置 setOfOHBInfoList[9].uiId = 37
[2026-06-02 15:30:47] [INFO] [ui][GraphConfig][parseEdges]解析阶段(3):收集SET节点: ID=37, QRCode=11037, Count=4, Position=BELOW
[2026-06-02 15:30:47] [INFO] [ui][GraphConfig][parseEdges]解析阶段(4):成功解析边: 36 -> 37，类型: STRAIGHT_LINE，大小: 140
[2026-06-02 15:30:47] [INFO] [ui][GraphConfig][processNode]SET节点文档顺序#10: 设置 setOfOHBInfoList[10].uiId = 38
[2026-06-02 15:30:47] [INFO] [ui][GraphConfig][parseEdges]解析阶段(3):收集SET节点: ID=38, QRCode=11038, Count=4, Position=BELOW
[2026-06-02 15:30:47] [INFO] [ui][GraphConfig][parseEdges]解析阶段(4):成功解析边: 37 -> 38，类型: STRAIGHT_LINE，大小: 140
[2026-06-02 15:30:47] [INFO] [ui][GraphConfig][processNode]SET节点文档顺序#11: 设置 setOfOHBInfoList[11].uiId = 39
[2026-06-02 15:30:47] [INFO] [ui][GraphConfig][parseEdges]解析阶段(3):收集SET节点: ID=39, QRCode=11039, Count=4, Position=BELOW
[2026-06-02 15:30:47] [INFO] [ui][GraphConfig][parseEdges]解析阶段(4):成功解析边: 38 -> 39，类型: STRAIGHT_LINE，大小: 140
[2026-06-02 15:30:47] [INFO] [ui][GraphConfig][processNode]SET节点文档顺序#12: 设置 setOfOHBInfoList[12].uiId = 40
[2026-06-02 15:30:47] [INFO] [ui][GraphConfig][parseEdges]解析阶段(3):收集SET节点: ID=40, QRCode=11040, Count=4, Position=BELOW
[2026-06-02 15:30:47] [INFO] [ui][GraphConfig][parseEdges]解析阶段(4):成功解析边: 39 -> 40，类型: STRAIGHT_LINE，大小: 140
[2026-06-02 15:30:47] [INFO] [ui][GraphConfig][processNode]SET节点文档顺序#13: 设置 setOfOHBInfoList[13].uiId = 41
[2026-06-02 15:30:47] [INFO] [ui][GraphConfig][parseEdges]解析阶段(3):收集SET节点: ID=41, QRCode=11041, Count=4, Position=BELOW
[2026-06-02 15:30:47] [INFO] [ui][GraphConfig][parseEdges]解析阶段(4):成功解析边: 40 -> 41，类型: STRAIGHT_LINE，大小: 140
[2026-06-02 15:30:47] [INFO] [ui][GraphConfig][processNode]SET节点文档顺序#14: 设置 setOfOHBInfoList[14].uiId = 42
[2026-06-02 15:30:47] [INFO] [ui][GraphConfig][parseEdges]解析阶段(3):收集SET节点: ID=42, QRCode=11042, Count=4, Position=BELOW
[2026-06-02 15:30:47] [INFO] [ui][GraphConfig][parseEdges]解析阶段(4):成功解析边: 41 -> 42，类型: STRAIGHT_LINE，大小: 140
[2026-06-02 15:30:47] [INFO] [ui][GraphConfig][processNode]SET节点文档顺序#15: 设置 setOfOHBInfoList[15].uiId = 43
[2026-06-02 15:30:47] [INFO] [ui][GraphConfig][parseEdges]解析阶段(3):收集SET节点: ID=43, QRCode=11043, Count=4, Position=BELOW
[2026-06-02 15:30:47] [INFO] [ui][GraphConfig][parseEdges]解析阶段(4):成功解析边: 42 -> 43，类型: STRAIGHT_LINE，大小: 140
[2026-06-02 15:30:47] [INFO] [ui][GraphConfig][processNode]SET节点文档顺序#16: 设置 setOfOHBInfoList[16].uiId = 2
[2026-06-02 15:30:47] [INFO] [ui][GraphConfig][parseEdges]解析阶段(3):收集SET节点: ID=2, QRCode=11001, Count=4, Position=BELOW
[2026-06-02 15:30:47] [INFO] [ui][GraphConfig][parseEdges]解析阶段(4):成功解析边: 43 -> 2，类型: STRAIGHT_LINE，大小: 322，FoupLevel偏移: 0，SetLevel偏移: 22
[2026-06-02 15:30:47] [INFO] [ui][GraphConfig][processNode]SET节点文档顺序#17: 设置 setOfOHBInfoList[17].uiId = 3
[2026-06-02 15:30:47] [INFO] [ui][GraphConfig][parseEdges]解析阶段(3):收集SET节点: ID=3, QRCode=11002, Count=4, Position=BELOW
[2026-06-02 15:30:47] [INFO] [ui][GraphConfig][parseEdges]解析阶段(4):成功解析边: 2 -> 3，类型: STRAIGHT_LINE，大小: 140
[2026-06-02 15:30:47] [INFO] [ui][GraphConfig][processNode]SET节点文档顺序#18: 设置 setOfOHBInfoList[18].uiId = 4
[2026-06-02 15:30:47] [INFO] [ui][GraphConfig][parseEdges]解析阶段(3):收集SET节点: ID=4, QRCode=11003, Count=4, Position=BELOW
[2026-06-02 15:30:47] [INFO] [ui][GraphConfig][parseEdges]解析阶段(4):成功解析边: 3 -> 4，类型: STRAIGHT_LINE，大小: 140
[2026-06-02 15:30:47] [INFO] [ui][GraphConfig][processNode]SET节点文档顺序#19: 设置 setOfOHBInfoList[19].uiId = 5
[2026-06-02 15:30:47] [INFO] [ui][GraphConfig][parseEdges]解析阶段(3):收集SET节点: ID=5, QRCode=11004, Count=4, Position=BELOW
[2026-06-02 15:30:47] [INFO] [ui][GraphConfig][parseEdges]解析阶段(4):成功解析边: 4 -> 5，类型: STRAIGHT_LINE，大小: 140
[2026-06-02 15:30:47] [INFO] [ui][GraphConfig][parseEdges]解析阶段(3):收集TRACK节点: ID=44
[2026-06-02 15:30:47] [INFO] [ui][GraphConfig][parseEdges]解析阶段(4):成功解析边: 5 -> 44，类型: STRAIGHT_LINE，大小: 350，FoupLevel偏移: 450，SetLevel偏移: 140
[2026-06-02 15:30:47] [INFO] [ui][GraphConfig][parse]解析阶段(5): 配置文件解析完毕
[2026-06-02 15:30:47] [INFO] [ui][GraphConfig][parse]配置文件解析完成，节点数: 44，边数: 49
[2026-06-02 15:30:47] [INFO] ====================天车轨道布局图配置文件解析 结束====================
[2026-06-02 15:30:49] [INFO] ====================Set视图天车轨道布局图重构  开始====================
[2026-06-02 15:30:49] [INFO] [ui][SetLevelGraphBuilder][buildGraph] 开始构建图，节点数: 44，边数: 49
[2026-06-02 15:30:49] [DEBUG] [ui][Graph][addVertex] 添加顶点 1
[2026-06-02 15:30:49] [DEBUG] [ui][Graph][addVertex] 添加顶点 2
[2026-06-02 15:30:49] [DEBUG] [ui][Graph][addVertex] 添加顶点 4
[2026-06-02 15:30:49] [DEBUG] [ui][Graph][addVertex] 添加顶点 3
[2026-06-02 15:30:49] [DEBUG] [ui][Graph][addVertex] 添加顶点 5
[2026-06-02 15:30:49] [DEBUG] [ui][Graph][addVertex] 添加顶点 7
[2026-06-02 15:30:49] [DEBUG] [ui][Graph][addVertex] 添加顶点 8
[2026-06-02 15:30:49] [DEBUG] [ui][Graph][addVertex] 添加顶点 6
[2026-06-02 15:30:49] [DEBUG] [ui][Graph][addVertex] 添加顶点 9
[2026-06-02 15:30:49] [DEBUG] [ui][Graph][addVertex] 添加顶点 10
[2026-06-02 15:30:49] [DEBUG] [ui][Graph][addVertex] 添加顶点 11
[2026-06-02 15:30:49] [DEBUG] [ui][Graph][addVertex] 添加顶点 12
[2026-06-02 15:30:49] [DEBUG] [ui][Graph][addVertex] 添加顶点 13
[2026-06-02 15:30:49] [DEBUG] [ui][Graph][addVertex] 添加顶点 14
[2026-06-02 15:30:49] [DEBUG] [ui][Graph][addVertex] 添加顶点 15
[2026-06-02 15:30:49] [DEBUG] [ui][Graph][addVertex] 添加顶点 16
[2026-06-02 15:30:49] [DEBUG] [ui][Graph][addVertex] 添加顶点 17
[2026-06-02 15:30:49] [DEBUG] [ui][Graph][addVertex] 添加顶点 18
[2026-06-02 15:30:49] [DEBUG] [ui][Graph][addVertex] 添加顶点 19
[2026-06-02 15:30:49] [DEBUG] [ui][Graph][addVertex] 添加顶点 20
[2026-06-02 15:30:49] [DEBUG] [ui][Graph][addVertex] 添加顶点 21
[2026-06-02 15:30:49] [DEBUG] [ui][Graph][addVertex] 添加顶点 22
[2026-06-02 15:30:49] [DEBUG] [ui][Graph][addVertex] 添加顶点 23
[2026-06-02 15:30:49] [DEBUG] [ui][Graph][addVertex] 添加顶点 24
[2026-06-02 15:30:49] [DEBUG] [ui][Graph][addVertex] 添加顶点 25
[2026-06-02 15:30:49] [DEBUG] [ui][Graph][addVertex] 添加顶点 26
[2026-06-02 15:30:49] [DEBUG] [ui][Graph][addVertex] 添加顶点 27
[2026-06-02 15:30:49] [DEBUG] [ui][Graph][addVertex] 添加顶点 28
[2026-06-02 15:30:49] [DEBUG] [ui][Graph][addVertex] 添加顶点 29
[2026-06-02 15:30:49] [DEBUG] [ui][Graph][addVertex] 添加顶点 30
[2026-06-02 15:30:49] [DEBUG] [ui][Graph][addVertex] 添加顶点 31
[2026-06-02 15:30:49] [DEBUG] [ui][Graph][addVertex] 添加顶点 32
[2026-06-02 15:30:49] [DEBUG] [ui][Graph][addVertex] 添加顶点 33
[2026-06-02 15:30:49] [DEBUG] [ui][Graph][addVertex] 添加顶点 34
[2026-06-02 15:30:49] [DEBUG] [ui][Graph][addVertex] 添加顶点 35
[2026-06-02 15:30:49] [DEBUG] [ui][Graph][addVertex] 添加顶点 36
[2026-06-02 15:30:49] [DEBUG] [ui][Graph][addVertex] 添加顶点 37
[2026-06-02 15:30:49] [DEBUG] [ui][Graph][addVertex] 添加顶点 38
[2026-06-02 15:30:49] [DEBUG] [ui][Graph][addVertex] 添加顶点 39
[2026-06-02 15:30:49] [DEBUG] [ui][Graph][addVertex] 添加顶点 40
[2026-06-02 15:30:49] [DEBUG] [ui][Graph][addVertex] 添加顶点 41
[2026-06-02 15:30:49] [DEBUG] [ui][Graph][addVertex] 添加顶点 42
[2026-06-02 15:30:49] [DEBUG] [ui][Graph][addVertex] 添加顶点 43
[2026-06-02 15:30:49] [DEBUG] [ui][Graph][addVertex] 添加顶点 44
[2026-06-02 15:30:49] [DEBUG] [ui][Graph][addVertex] 顶点 1 已存在，跳过
[2026-06-02 15:30:49] [DEBUG] [ui][Graph][addVertex] 顶点 6 已存在，跳过
[2026-06-02 15:30:49] [DEBUG] [ui][Graph][addEdge] 添加边 (1,6)
[2026-06-02 15:30:49] [DEBUG] [ui][Graph][addVertex] 顶点 6 已存在，跳过
[2026-06-02 15:30:49] [DEBUG] [ui][Graph][addVertex] 顶点 7 已存在，跳过
[2026-06-02 15:30:49] [DEBUG] [ui][Graph][addEdge] 添加边 (6,7)
[2026-06-02 15:30:49] [DEBUG] [ui][Graph][addVertex] 顶点 7 已存在，跳过
[2026-06-02 15:30:49] [DEBUG] [ui][Graph][addVertex] 顶点 8 已存在，跳过
[2026-06-02 15:30:49] [DEBUG] [ui][Graph][addEdge] 添加边 (7,8)
[2026-06-02 15:30:49] [DEBUG] [ui][Graph][addVertex] 顶点 8 已存在，跳过
[2026-06-02 15:30:49] [DEBUG] [ui][Graph][addVertex] 顶点 9 已存在，跳过
[2026-06-02 15:30:49] [DEBUG] [ui][Graph][addEdge] 添加边 (8,9)
[2026-06-02 15:30:49] [DEBUG] [ui][Graph][addVertex] 顶点 9 已存在，跳过
[2026-06-02 15:30:49] [DEBUG] [ui][Graph][addVertex] 顶点 10 已存在，跳过
[2026-06-02 15:30:49] [DEBUG] [ui][Graph][addEdge] 添加边 (9,10)
[2026-06-02 15:30:49] [DEBUG] [ui][Graph][addVertex] 顶点 10 已存在，跳过
[2026-06-02 15:30:49] [DEBUG] [ui][Graph][addVertex] 顶点 12 已存在，跳过
[2026-06-02 15:30:49] [DEBUG] [ui][Graph][addEdge] 添加边 (11,12)
[2026-06-02 15:30:49] [DEBUG] [ui][Graph][addVertex] 顶点 12 已存在，跳过
[2026-06-02 15:30:49] [DEBUG] [ui][Graph][addVertex] 顶点 13 已存在，跳过
[2026-06-02 15:30:49] [DEBUG] [ui][Graph][addEdge] 添加边 (12,13)
[2026-06-02 15:30:49] [DEBUG] [ui][Graph][addVertex] 顶点 13 已存在，跳过
[2026-06-02 15:30:49] [DEBUG] [ui][Graph][addVertex] 顶点 14 已存在，跳过
[2026-06-02 15:30:49] [DEBUG] [ui][Graph][addEdge] 添加边 (13,14)
[2026-06-02 15:30:49] [DEBUG] [ui][Graph][addVertex] 顶点 1 已存在，跳过
[2026-06-02 15:30:49] [DEBUG] [ui][Graph][addVertex] 顶点 11 已存在，跳过
[2026-06-02 15:30:49] [DEBUG] [ui][Graph][addVertex] 顶点 15 已存在，跳过
[2026-06-02 15:30:49] [DEBUG] [ui][Graph][addEdge] 添加边 (1,15)
[2026-06-02 15:30:49] [DEBUG] [ui][Graph][addVertex] 顶点 15 已存在，跳过
[2026-06-02 15:30:49] [DEBUG] [ui][Graph][addVertex] 顶点 16 已存在，跳过
[2026-06-02 15:30:49] [DEBUG] [ui][Graph][addEdge] 添加边 (15,16)
[2026-06-02 15:30:49] [DEBUG] [ui][Graph][addVertex] 顶点 16 已存在，跳过
[2026-06-02 15:30:49] [DEBUG] [ui][Graph][addVertex] 顶点 17 已存在，跳过
[2026-06-02 15:30:49] [DEBUG] [ui][Graph][addEdge] 添加边 (16,17)
[2026-06-02 15:30:49] [DEBUG] [ui][Graph][addVertex] 顶点 17 已存在，跳过
[2026-06-02 15:30:49] [DEBUG] [ui][Graph][addVertex] 顶点 18 已存在，跳过
[2026-06-02 15:30:49] [DEBUG] [ui][Graph][addEdge] 添加边 (17,18)
[2026-06-02 15:30:49] [DEBUG] [ui][Graph][addVertex] 顶点 15 已存在，跳过
[2026-06-02 15:30:49] [DEBUG] [ui][Graph][addVertex] 顶点 19 已存在，跳过
[2026-06-02 15:30:49] [DEBUG] [ui][Graph][addEdge] 添加边 (10,11)
[2026-06-02 15:30:49] [DEBUG] [ui][Graph][addVertex] 顶点 20 已存在，跳过
[2026-06-02 15:30:49] [DEBUG] [ui][Graph][addEdge] 添加边 (19,20)
[2026-06-02 15:30:49] [DEBUG] [ui][Graph][addVertex] 顶点 20 已存在，跳过
[2026-06-02 15:30:49] [DEBUG] [ui][Graph][addVertex] 顶点 11 已存在，跳过
[2026-06-02 15:30:49] [DEBUG] [ui][Graph][addVertex] 顶点 19 已存在，跳过
[2026-06-02 15:30:49] [DEBUG] [ui][Graph][addEdge] 添加边 (15,19)
[2026-06-02 15:30:49] [DEBUG] [ui][Graph][addEdge] 添加边 (20,21)
[2026-06-02 15:30:49] [DEBUG] [ui][Graph][addVertex] 顶点 21 已存在，跳过
[2026-06-02 15:30:49] [DEBUG] [ui][Graph][addVertex] 顶点 21 已存在，跳过
[2026-06-02 15:30:49] [DEBUG] [ui][Graph][addVertex] 顶点 22 已存在，跳过
[2026-06-02 15:30:49] [DEBUG] [ui][Graph][addEdge] 添加边 (21,22)
[2026-06-02 15:30:49] [DEBUG] [ui][Graph][addVertex] 顶点 16 已存在，跳过
[2026-06-02 15:30:49] [DEBUG] [ui][Graph][addVertex] 顶点 20 已存在，跳过
[2026-06-02 15:30:49] [DEBUG] [ui][Graph][addEdge] 添加边 (16,20)
[2026-06-02 15:30:49] [DEBUG] [ui][Graph][addVertex] 顶点 17 已存在，跳过
[2026-06-02 15:30:49] [DEBUG] [ui][Graph][addVertex] 顶点 21 已存在，跳过
[2026-06-02 15:30:49] [DEBUG] [ui][Graph][addEdge] 添加边 (17,21)
[2026-06-02 15:30:49] [DEBUG] [ui][Graph][addVertex] 顶点 19 已存在，跳过
[2026-06-02 15:30:49] [DEBUG] [ui][Graph][addVertex] 顶点 23 已存在，跳过
[2026-06-02 15:30:49] [DEBUG] [ui][Graph][addEdge] 添加边 (19,23)
[2026-06-02 15:30:49] [DEBUG] [ui][Graph][addVertex] 顶点 23 已存在，跳过
[2026-06-02 15:30:49] [DEBUG] [ui][Graph][addVertex] 顶点 24 已存在，跳过
[2026-06-02 15:30:49] [DEBUG] [ui][Graph][addEdge] 添加边 (23,24)
[2026-06-02 15:30:49] [DEBUG] [ui][Graph][addVertex] 顶点 24 已存在，跳过
[2026-06-02 15:30:49] [DEBUG] [ui][Graph][addVertex] 顶点 25 已存在，跳过
[2026-06-02 15:30:49] [DEBUG] [ui][Graph][addEdge] 添加边 (24,25)
[2026-06-02 15:30:49] [DEBUG] [ui][Graph][addVertex] 顶点 25 已存在，跳过
[2026-06-02 15:30:49] [DEBUG] [ui][Graph][addVertex] 顶点 27 已存在，跳过
[2026-06-02 15:30:49] [DEBUG] [ui][Graph][addEdge] 添加边 (26,27)
[2026-06-02 15:30:49] [DEBUG] [ui][Graph][addVertex] 顶点 27 已存在，跳过
[2026-06-02 15:30:49] [DEBUG] [ui][Graph][addVertex] 顶点 28 已存在，跳过
[2026-06-02 15:30:49] [DEBUG] [ui][Graph][addVertex] 顶点 26 已存在，跳过
[2026-06-02 15:30:49] [DEBUG] [ui][Graph][addEdge] 添加边 (27,28)
[2026-06-02 15:30:49] [DEBUG] [ui][Graph][addVertex] 顶点 23 已存在，跳过
[2026-06-02 15:30:49] [DEBUG] [ui][Graph][addVertex] 顶点 29 已存在，跳过
[2026-06-02 15:30:49] [DEBUG] [ui][Graph][addEdge] 添加边 (23,29)
[2026-06-02 15:30:49] [DEBUG] [ui][Graph][addVertex] 顶点 29 已存在，跳过
[2026-06-02 15:30:49] [DEBUG] [ui][Graph][addVertex] 顶点 30 已存在，跳过
[2026-06-02 15:30:49] [DEBUG] [ui][Graph][addEdge] 添加边 (25,26)
[2026-06-02 15:30:49] [DEBUG] [ui][Graph][addVertex] 顶点 30 已存在，跳过
[2026-06-02 15:30:49] [DEBUG] [ui][Graph][addVertex] 顶点 31 已存在，跳过
[2026-06-02 15:30:49] [DEBUG] [ui][Graph][addEdge] 添加边 (30,31)
[2026-06-02 15:30:49] [DEBUG] [ui][Graph][addVertex] 顶点 26 已存在，跳过
[2026-06-02 15:30:49] [DEBUG] [ui][Graph][addVertex] 顶点 31 已存在，跳过
[2026-06-02 15:30:49] [DEBUG] [ui][Graph][addVertex] 顶点 32 已存在，跳过
[2026-06-02 15:30:49] [DEBUG] [ui][Graph][addEdge] 添加边 (31,32)
[2026-06-02 15:30:49] [DEBUG] [ui][Graph][addEdge] 添加边 (29,30)
[2026-06-02 15:30:49] [DEBUG] [ui][Graph][addVertex] 顶点 32 已存在，跳过
[2026-06-02 15:30:49] [DEBUG] [ui][Graph][addVertex] 顶点 33 已存在，跳过
[2026-06-02 15:30:49] [DEBUG] [ui][Graph][addEdge] 添加边 (32,33)
[2026-06-02 15:30:49] [DEBUG] [ui][Graph][addVertex] 顶点 33 已存在，跳过
[2026-06-02 15:30:49] [DEBUG] [ui][Graph][addVertex] 顶点 34 已存在，跳过
[2026-06-02 15:30:49] [DEBUG] [ui][Graph][addEdge] 添加边 (33,34)
[2026-06-02 15:30:49] [DEBUG] [ui][Graph][addVertex] 顶点 24 已存在，跳过
[2026-06-02 15:30:49] [DEBUG] [ui][Graph][addVertex] 顶点 30 已存在，跳过
[2026-06-02 15:30:49] [DEBUG] [ui][Graph][addEdge] 添加边 (24,30)
[2026-06-02 15:30:49] [DEBUG] [ui][Graph][addVertex] 顶点 25 已存在，跳过
[2026-06-02 15:30:49] [DEBUG] [ui][Graph][addVertex] 顶点 31 已存在，跳过
[2026-06-02 15:30:49] [DEBUG] [ui][Graph][addEdge] 添加边 (25,31)
[2026-06-02 15:30:49] [DEBUG] [ui][Graph][addVertex] 顶点 26 已存在，跳过
[2026-06-02 15:30:49] [DEBUG] [ui][Graph][addVertex] 顶点 32 已存在，跳过
[2026-06-02 15:30:49] [DEBUG] [ui][Graph][addEdge] 添加边 (26,32)
[2026-06-02 15:30:49] [DEBUG] [ui][Graph][addVertex] 顶点 27 已存在，跳过
[2026-06-02 15:30:49] [DEBUG] [ui][Graph][addVertex] 顶点 33 已存在，跳过
[2026-06-02 15:30:49] [DEBUG] [ui][Graph][addEdge] 添加边 (27,33)
[2026-06-02 15:30:49] [DEBUG] [ui][Graph][addVertex] 顶点 29 已存在，跳过
[2026-06-02 15:30:49] [DEBUG] [ui][Graph][addVertex] 顶点 35 已存在，跳过
[2026-06-02 15:30:49] [DEBUG] [ui][Graph][addEdge] 添加边 (29,35)
[2026-06-02 15:30:49] [DEBUG] [ui][Graph][addVertex] 顶点 35 已存在，跳过
[2026-06-02 15:30:49] [DEBUG] [ui][Graph][addVertex] 顶点 36 已存在，跳过
[2026-06-02 15:30:49] [DEBUG] [ui][Graph][addEdge] 添加边 (35,36)
[2026-06-02 15:30:49] [DEBUG] [ui][Graph][addVertex] 顶点 36 已存在，跳过
[2026-06-02 15:30:49] [DEBUG] [ui][Graph][addVertex] 顶点 37 已存在，跳过
[2026-06-02 15:30:49] [DEBUG] [ui][Graph][addEdge] 添加边 (36,37)
[2026-06-02 15:30:49] [DEBUG] [ui][Graph][addVertex] 顶点 37 已存在，跳过
[2026-06-02 15:30:49] [DEBUG] [ui][Graph][addVertex] 顶点 38 已存在，跳过
[2026-06-02 15:30:49] [DEBUG] [ui][Graph][addEdge] 添加边 (37,38)
[2026-06-02 15:30:49] [DEBUG] [ui][Graph][addVertex] 顶点 38 已存在，跳过
[2026-06-02 15:30:49] [DEBUG] [ui][Graph][addVertex] 顶点 39 已存在，跳过
[2026-06-02 15:30:49] [DEBUG] [ui][Graph][addEdge] 添加边 (39,40)
[2026-06-02 15:30:49] [DEBUG] [ui][Graph][addVertex] 顶点 40 已存在，跳过
[2026-06-02 15:30:49] [DEBUG] [ui][Graph][addVertex] 顶点 41 已存在，跳过
[2026-06-02 15:30:49] [DEBUG] [ui][Graph][addEdge] 添加边 (38,39)
[2026-06-02 15:30:49] [DEBUG] [ui][Graph][addVertex] 顶点 41 已存在，跳过
[2026-06-02 15:30:49] [DEBUG] [ui][Graph][addVertex] 顶点 39 已存在，跳过
[2026-06-02 15:30:49] [DEBUG] [ui][Graph][addEdge] 添加边 (41,42)
[2026-06-02 15:30:49] [DEBUG] [ui][Graph][addVertex] 顶点 40 已存在，跳过
[2026-06-02 15:30:49] [DEBUG] [ui][Graph][addEdge] 添加边 (40,41)
[2026-06-02 15:30:49] [DEBUG] [ui][Graph][addVertex] 顶点 43 已存在，跳过
[2026-06-02 15:30:49] [DEBUG] [ui][Graph][addEdge] 添加边 (42,43)
[2026-06-02 15:30:49] [DEBUG] [ui][Graph][addVertex] 顶点 43 已存在，跳过
[2026-06-02 15:30:49] [DEBUG] [ui][Graph][addVertex] 顶点 2 已存在，跳过
[2026-06-02 15:30:49] [DEBUG] [ui][Graph][addVertex] 顶点 42 已存在，跳过
[2026-06-02 15:30:49] [DEBUG] [ui][Graph][addEdge] 添加边 (43,2)
[2026-06-02 15:30:49] [DEBUG] [ui][Graph][addVertex] 顶点 2 已存在，跳过
[2026-06-02 15:30:49] [DEBUG] [ui][Graph][addVertex] 顶点 42 已存在，跳过
[2026-06-02 15:30:49] [DEBUG] [ui][Graph][addEdge] 添加边 (2,3)
[2026-06-02 15:30:49] [DEBUG] [ui][Graph][addVertex] 顶点 3 已存在，跳过
[2026-06-02 15:30:49] [DEBUG] [ui][Graph][addVertex] 顶点 3 已存在，跳过
[2026-06-02 15:30:49] [DEBUG] [ui][Graph][addVertex] 顶点 4 已存在，跳过
[2026-06-02 15:30:49] [DEBUG] [ui][Graph][addEdge] 添加边 (3,4)
[2026-06-02 15:30:49] [DEBUG] [ui][Graph][addVertex] 顶点 4 已存在，跳过
[2026-06-02 15:30:49] [DEBUG] [ui][Graph][addVertex] 顶点 5 已存在，跳过
[2026-06-02 15:30:49] [DEBUG] [ui][Graph][addEdge] 添加边 (4,5)
[2026-06-02 15:30:49] [DEBUG] [ui][Graph][addVertex] 顶点 5 已存在，跳过
[2026-06-02 15:30:49] [DEBUG] [ui][Graph][addVertex] 顶点 44 已存在，跳过
[2026-06-02 15:30:49] [DEBUG] [ui][Graph][addEdge] 添加边 (5,44)
[2026-06-02 15:30:49] [INFO] [ui][SetLevelGraphBuilder][buildMultilist]邻接多重表构建完成
[2026-06-02 15:30:49] [INFO] [ui][SetLevelGraphBuilder][buildGraph] 阶段(1): 重建邻接多重表完成
[2026-06-02 15:30:49] [INFO] [ui][SetLevelGraphBuilder][layoutAndDraw]起始节点ID: 1, 坐标: (20, 120)
[2026-06-02 15:30:49] [INFO] [ui][SetLevelGraphBuilder][processStraightLine]直线: 1 -> 6, 长度: 840, 起点(20,120), 终点(860,120)
[2026-06-02 15:30:49] [INFO] [ui][SetLevelGraphBuilder][createFrameDevice]成功为节点ID=6设置Set信息: uiId=6, setId=12001~12004, 压力范围=0.00~0.00Mpa, 流量平均值=0.00L/Min, 湿度范围=0.00~0.00%
[2026-06-02 15:30:49] [INFO] [ui][SetLevelGraphBuilder][createFrameDevice]创建FrameDevice: ID=6, 轨道坐标=(860, 120), 实际坐标=(800, 14), 位置=ABOVE
[2026-06-02 15:30:49] [INFO] [ui][SetLevelGraphBuilder][processNode]创建SET节点: ID=6
[2026-06-02 15:30:49] [INFO] [ui][SetLevelGraphBuilder][processStraightLine]直线: 6 -> 7, 长度: 140, 起点(860,120), 终点(1000,120)
[2026-06-02 15:30:49] [INFO] [ui][SetLevelGraphBuilder][createFrameDevice]成功为节点ID=7设置Set信息: uiId=7, setId=12005~12008, 压力范围=0.00~0.00Mpa, 流量平均值=0.00L/Min, 湿度范围=0.00~0.00%
[2026-06-02 15:30:49] [INFO] [ui][SetLevelGraphBuilder][createFrameDevice]创建FrameDevice: ID=7, 轨道坐标=(1000, 120), 实际坐标=(940, 14), 位置=ABOVE
[2026-06-02 15:30:49] [INFO] [ui][SetLevelGraphBuilder][processNode]创建SET节点: ID=7
[2026-06-02 15:30:49] [INFO] [ui][SetLevelGraphBuilder][processStraightLine]直线: 7 -> 8, 长度: 420, 起点(1000,120), 终点(1420,120)
[2026-06-02 15:30:49] [INFO] [ui][SetLevelGraphBuilder][createFrameDevice]成功为节点ID=8设置Set信息: uiId=8, setId=12009~12012, 压力范围=0.00~0.00Mpa, 流量平均值=0.00L/Min, 湿度范围=0.00~0.00%
[2026-06-02 15:30:49] [INFO] [ui][SetLevelGraphBuilder][createFrameDevice]创建FrameDevice: ID=8, 轨道坐标=(1420, 120), 实际坐标=(1360, 14), 位置=ABOVE
[2026-06-02 15:30:49] [INFO] [ui][SetLevelGraphBuilder][processNode]创建SET节点: ID=8
[2026-06-02 15:30:49] [INFO] [ui][SetLevelGraphBuilder][processStraightLine]直线: 8 -> 9, 长度: 140, 起点(1420,120), 终点(1560,120)
[2026-06-02 15:30:49] [INFO] [ui][SetLevelGraphBuilder][createFrameDevice]成功为节点ID=9设置Set信息: uiId=9, setId=12013~12016, 压力范围=0.00~0.00Mpa, 流量平均值=0.00L/Min, 湿度范围=0.00~0.00%
[2026-06-02 15:30:49] [INFO] [ui][SetLevelGraphBuilder][createFrameDevice]创建FrameDevice: ID=9, 轨道坐标=(1560, 120), 实际坐标=(1500, 14), 位置=ABOVE
[2026-06-02 15:30:49] [INFO] [ui][SetLevelGraphBuilder][processNode]创建SET节点: ID=9
[2026-06-02 15:30:49] [INFO] [ui][SetLevelGraphBuilder][processStraightLine]直线: 9 -> 10, 长度: 140, 起点(1560,120), 终点(1700,120)
[2026-06-02 15:30:49] [INFO] [ui][SetLevelGraphBuilder][createFrameDevice]成功为节点ID=10设置Set信息: uiId=10, setId=12017~12020, 压力范围=0.00~0.00Mpa, 流量平均值=0.00L/Min, 湿度范围=0.00~0.00%
[2026-06-02 15:30:49] [INFO] [ui][SetLevelGraphBuilder][createFrameDevice]创建FrameDevice: ID=10, 轨道坐标=(1700, 120), 实际坐标=(1640, 14), 位置=ABOVE
[2026-06-02 15:30:49] [INFO] [ui][SetLevelGraphBuilder][processNode]创建SET节点: ID=10
[2026-06-02 15:30:49] [INFO] [ui][SetLevelGraphBuilder][processStraightLine]直线: 10 -> 11, 长度: 140, 起点(1700,120), 终点(1840,120)
[2026-06-02 15:30:49] [INFO] [ui][SetLevelGraphBuilder][createFrameDevice]成功为节点ID=11设置Set信息: uiId=11, setId=12021~12024, 压力范围=0.00~0.00Mpa, 流量平均值=0.00L/Min, 湿度范围=0.00~0.00%
[2026-06-02 15:30:49] [INFO] [ui][SetLevelGraphBuilder][createFrameDevice]创建FrameDevice: ID=11, 轨道坐标=(1840, 120), 实际坐标=(1780, 14), 位置=ABOVE
[2026-06-02 15:30:49] [INFO] [ui][SetLevelGraphBuilder][processNode]创建SET节点: ID=11
[2026-06-02 15:30:49] [INFO] [ui][SetLevelGraphBuilder][processStraightLine]直线: 11 -> 12, 长度: 140, 起点(1840,120), 终点(1980,120)
[2026-06-02 15:30:49] [INFO] [ui][SetLevelGraphBuilder][createFrameDevice]成功为节点ID=12设置Set信息: uiId=12, setId=12025~12028, 压力范围=0.00~0.00Mpa, 流量平均值=0.00L/Min, 湿度范围=0.00~0.00%
[2026-06-02 15:30:49] [INFO] [ui][SetLevelGraphBuilder][createFrameDevice]创建FrameDevice: ID=12, 轨道坐标=(1980, 120), 实际坐标=(1920, 14), 位置=ABOVE
[2026-06-02 15:30:49] [INFO] [ui][SetLevelGraphBuilder][processNode]创建SET节点: ID=12
[2026-06-02 15:30:49] [INFO] [ui][SetLevelGraphBuilder][processStraightLine]直线: 12 -> 13, 长度: 140, 起点(1980,120), 终点(2120,120)
[2026-06-02 15:30:49] [INFO] [ui][SetLevelGraphBuilder][createFrameDevice]成功为节点ID=13设置Set信息: uiId=13, setId=12029~12032, 压力范围=0.00~0.00Mpa, 流量平均值=0.00L/Min, 湿度范围=0.00~0.00%
[2026-06-02 15:30:49] [INFO] [ui][SetLevelGraphBuilder][createFrameDevice]创建FrameDevice: ID=13, 轨道坐标=(2120, 120), 实际坐标=(2060, 14), 位置=ABOVE
[2026-06-02 15:30:49] [INFO] [ui][SetLevelGraphBuilder][processNode]创建SET节点: ID=13
[2026-06-02 15:30:49] [INFO] [ui][SetLevelGraphBuilder][processStraightLine]直线: 13 -> 14, 长度: 70 + 偏移: 118 = 188, 起点(2120,120), 终点(2308,120)
[2026-06-02 15:30:49] [INFO] [ui][SetLevelGraphBuilder][processVirtualLine]虚线: 1 -> 15, 类型: VERTICAL_VIRTUAL_LINE, 起点(20,120), 终点(20,126)
[2026-06-02 15:30:49] [INFO] [ui][SetLevelGraphBuilder][processStraightLine]直线: 15 -> 16, 长度: 560, 起点(20,126), 终点(580,126)
[2026-06-02 15:30:49] [INFO] [ui][SetLevelGraphBuilder][processVirtualLine]虚线: 16 -> 17, 类型: HORIZONTAL_VIRTUAL_LINE, 起点(580,126), 终点(586,126)
[2026-06-02 15:30:49] [INFO] [ui][SetLevelGraphBuilder][processStraightLine]直线: 17 -> 18, 长度: 1722, 起点(586,126), 终点(2308,126)
[2026-06-02 15:30:49] [INFO] [ui][SetLevelGraphBuilder][processVirtualLine]虚线: 15 -> 19, 类型: VERTICAL_VIRTUAL_LINE, 起点(20,126), 终点(20,266)
[2026-06-02 15:30:49] [INFO] [ui][SetLevelGraphBuilder][processStraightLine]直线: 19 -> 20, 长度: 700, 起点(20,266), 终点(720,266)
[2026-06-02 15:30:49] [INFO] [ui][SetLevelGraphBuilder][processVirtualLine]虚线: 20 -> 21, 类型: HORIZONTAL_VIRTUAL_LINE, 起点(720,266), 终点(726,266)
[2026-06-02 15:30:49] [INFO] [ui][SetLevelGraphBuilder][processStraightLine]直线: 21 -> 22, 长度: 1582 + 偏移: 10 = 1592, 起点(726,266), 终点(2318,266)
[2026-06-02 15:30:49] [INFO] [ui][SetLevelGraphBuilder][processSCurve]S曲线: 16 -> 20, 目标节点已有坐标，使用已有坐标
[2026-06-02 15:30:49] [INFO] [ui][SetLevelGraphBuilder][processSCurve]绘制曲线 16 -> 20, 类型: REVERSE_S_CURVE, 起点(580,126), 终点(720,266), 控制点1(650,126), 控制点2(650,266)
[2026-06-02 15:30:49] [INFO] [ui][SetLevelGraphBuilder][processSCurve]S曲线: 17 -> 21, 目标节点已有坐标，使用已有坐标
[2026-06-02 15:30:49] [INFO] [ui][SetLevelGraphBuilder][processSCurve]绘制曲线 17 -> 21, 类型: REVERSE_S_CURVE, 起点(586,126), 终点(726,266), 控制点1(656,126), 控制点2(656,266)
[2026-06-02 15:30:49] [INFO] [ui][SetLevelGraphBuilder][processVirtualLine]虚线: 19 -> 23, 类型: VERTICAL_VIRTUAL_LINE, 起点(20,266), 终点(20,272)
[2026-06-02 15:30:49] [INFO] [ui][SetLevelGraphBuilder][processStraightLine]直线: 23 -> 24, 长度: 1190, 起点(20,272), 终点(1210,272)
[2026-06-02 15:30:49] [INFO] [ui][SetLevelGraphBuilder][processVirtualLine]虚线: 24 -> 25, 类型: HORIZONTAL_VIRTUAL_LINE, 起点(1210,272), 终点(1216,272)
[2026-06-02 15:30:49] [INFO] [ui][SetLevelGraphBuilder][processStraightLine]直线: 25 -> 26, 长度: 140, 起点(1216,272), 终点(1356,272)
[2026-06-02 15:30:49] [INFO] [ui][SetLevelGraphBuilder][processVirtualLine]虚线: 26 -> 27, 类型: HORIZONTAL_VIRTUAL_LINE, 起点(1356,272), 终点(1362,272)
[2026-06-02 15:30:49] [INFO] [ui][SetLevelGraphBuilder][processStraightLine]直线: 27 -> 28, 长度: 980 + 偏移: -24 = 956, 起点(1362,272), 终点(2318,272)
[2026-06-02 15:30:49] [INFO] [ui][SetLevelGraphBuilder][processVirtualLine]虚线: 23 -> 29, 类型: VERTICAL_VIRTUAL_LINE, 起点(20,272), 终点(20,482)
[2026-06-02 15:30:49] [INFO] [ui][SetLevelGraphBuilder][processStraightLine]直线: 29 -> 30, 长度: 1190, 起点(20,482), 终点(1210,482)
[2026-06-02 15:30:49] [INFO] [ui][SetLevelGraphBuilder][processVirtualLine]虚线: 30 -> 31, 类型: HORIZONTAL_VIRTUAL_LINE, 起点(1210,482), 终点(1216,482)
[2026-06-02 15:30:49] [INFO] [ui][SetLevelGraphBuilder][processStraightLine]直线: 31 -> 32, 长度: 140, 起点(1216,482), 终点(1356,482)
[2026-06-02 15:30:49] [INFO] [ui][SetLevelGraphBuilder][processVirtualLine]虚线: 32 -> 33, 类型: HORIZONTAL_VIRTUAL_LINE, 起点(1356,482), 终点(1362,482)
[2026-06-02 15:30:49] [INFO] [ui][SetLevelGraphBuilder][processStraightLine]直线: 33 -> 34, 长度: 770 + 偏移: 190 = 960, 起点(1362,482), 终点(2322,482)
[2026-06-02 15:30:49] [INFO] [ui][SetLevelGraphBuilder][processSemicircleArc]绘制半圆弧 24 -> 30, 类型: RIGHT_SEMICIRCLE_ARC, 起点(1210,272), 终点(1210,482)
[2026-06-02 15:30:49] [INFO] [ui][SetLevelGraphBuilder][processSemicircleArc]半圆弧: 24 -> 30, 类型: RIGHT_SEMICIRCLE_ARC
[2026-06-02 15:30:49] [INFO] [ui][SetLevelGraphBuilder][processSemicircleArc]绘制半圆弧 25 -> 31, 类型: RIGHT_SEMICIRCLE_ARC, 起点(1216,272), 终点(1216,482)
[2026-06-02 15:30:49] [INFO] [ui][SetLevelGraphBuilder][processSemicircleArc]半圆弧: 25 -> 31, 类型: RIGHT_SEMICIRCLE_ARC
[2026-06-02 15:30:49] [INFO] [ui][SetLevelGraphBuilder][processSemicircleArc]绘制半圆弧 26 -> 32, 类型: LEFT_SEMICIRCLE_ARC, 起点(1356,272), 终点(1356,482)
[2026-06-02 15:30:49] [INFO] [ui][SetLevelGraphBuilder][processSemicircleArc]半圆弧: 26 -> 32, 类型: LEFT_SEMICIRCLE_ARC
[2026-06-02 15:30:49] [INFO] [ui][SetLevelGraphBuilder][processSemicircleArc]绘制半圆弧 27 -> 33, 类型: LEFT_SEMICIRCLE_ARC, 起点(1362,272), 终点(1362,482)
[2026-06-02 15:30:49] [INFO] [ui][SetLevelGraphBuilder][processSemicircleArc]半圆弧: 27 -> 33, 类型: LEFT_SEMICIRCLE_ARC
[2026-06-02 15:30:49] [INFO] [ui][SetLevelGraphBuilder][processVirtualLine]虚线: 29 -> 35, 类型: VERTICAL_VIRTUAL_LINE, 起点(20,482), 终点(20,488)
[2026-06-02 15:30:49] [INFO] [ui][SetLevelGraphBuilder][processStraightLine]直线: 35 -> 36, 长度: 70, 起点(20,488), 终点(90,488)
[2026-06-02 15:30:49] [INFO] [ui][SetLevelGraphBuilder][createFrameDevice]成功为节点ID=36设置Set信息: uiId=36, setId=12033~12036, 压力范围=0.00~0.00Mpa, 流量平均值=0.00L/Min, 湿度范围=0.00~0.00%
[2026-06-02 15:30:49] [INFO] [ui][SetLevelGraphBuilder][createFrameDevice]创建FrameDevice: ID=36, 轨道坐标=(90, 488), 实际坐标=(30, 496), 位置=BELOW
[2026-06-02 15:30:49] [INFO] [ui][SetLevelGraphBuilder][processNode]创建SET节点: ID=36
[2026-06-02 15:30:49] [INFO] [ui][SetLevelGraphBuilder][processStraightLine]直线: 36 -> 37, 长度: 140, 起点(90,488), 终点(230,488)
[2026-06-02 15:30:49] [INFO] [ui][SetLevelGraphBuilder][createFrameDevice]成功为节点ID=37设置Set信息: uiId=37, setId=12037~12040, 压力范围=0.00~0.00Mpa, 流量平均值=0.00L/Min, 湿度范围=0.00~0.00%
[2026-06-02 15:30:49] [INFO] [ui][SetLevelGraphBuilder][createFrameDevice]创建FrameDevice: ID=37, 轨道坐标=(230, 488), 实际坐标=(170, 496), 位置=BELOW
[2026-06-02 15:30:49] [INFO] [ui][SetLevelGraphBuilder][processNode]创建SET节点: ID=37
[2026-06-02 15:30:49] [INFO] [ui][SetLevelGraphBuilder][processStraightLine]直线: 37 -> 38, 长度: 140, 起点(230,488), 终点(370,488)
[2026-06-02 15:30:49] [INFO] [ui][SetLevelGraphBuilder][createFrameDevice]成功为节点ID=38设置Set信息: uiId=38, setId=12041~12044, 压力范围=0.00~0.00Mpa, 流量平均值=0.00L/Min, 湿度范围=0.00~0.00%
[2026-06-02 15:30:49] [INFO] [ui][SetLevelGraphBuilder][createFrameDevice]创建FrameDevice: ID=38, 轨道坐标=(370, 488), 实际坐标=(310, 496), 位置=BELOW
[2026-06-02 15:30:49] [INFO] [ui][SetLevelGraphBuilder][processNode]创建SET节点: ID=38
[2026-06-02 15:30:49] [INFO] [ui][SetLevelGraphBuilder][processStraightLine]直线: 38 -> 39, 长度: 140, 起点(370,488), 终点(510,488)
[2026-06-02 15:30:49] [INFO] [ui][SetLevelGraphBuilder][createFrameDevice]成功为节点ID=39设置Set信息: uiId=39, setId=12045~12048, 压力范围=0.00~0.00Mpa, 流量平均值=0.00L/Min, 湿度范围=0.00~0.00%
[2026-06-02 15:30:49] [INFO] [ui][SetLevelGraphBuilder][createFrameDevice]创建FrameDevice: ID=39, 轨道坐标=(510, 488), 实际坐标=(450, 496), 位置=BELOW
[2026-06-02 15:30:49] [INFO] [ui][SetLevelGraphBuilder][processNode]创建SET节点: ID=39
[2026-06-02 15:30:49] [INFO] [ui][SetLevelGraphBuilder][processStraightLine]直线: 39 -> 40, 长度: 140, 起点(510,488), 终点(650,488)
[2026-06-02 15:30:49] [INFO] [ui][SetLevelGraphBuilder][createFrameDevice]成功为节点ID=40设置Set信息: uiId=40, setId=12049~12052, 压力范围=0.00~0.00Mpa, 流量平均值=0.00L/Min, 湿度范围=0.00~0.00%
[2026-06-02 15:30:49] [INFO] [ui][SetLevelGraphBuilder][createFrameDevice]创建FrameDevice: ID=40, 轨道坐标=(650, 488), 实际坐标=(590, 496), 位置=BELOW
[2026-06-02 15:30:49] [INFO] [ui][SetLevelGraphBuilder][processNode]创建SET节点: ID=40
[2026-06-02 15:30:49] [INFO] [ui][SetLevelGraphBuilder][processStraightLine]直线: 40 -> 41, 长度: 140, 起点(650,488), 终点(790,488)
[2026-06-02 15:30:49] [INFO] [ui][SetLevelGraphBuilder][createFrameDevice]成功为节点ID=41设置Set信息: uiId=41, setId=12053~12056, 压力范围=0.00~0.00Mpa, 流量平均值=0.00L/Min, 湿度范围=0.00~0.00%
[2026-06-02 15:30:49] [INFO] [ui][SetLevelGraphBuilder][createFrameDevice]创建FrameDevice: ID=41, 轨道坐标=(790, 488), 实际坐标=(730, 496), 位置=BELOW
[2026-06-02 15:30:49] [INFO] [ui][SetLevelGraphBuilder][processNode]创建SET节点: ID=41
[2026-06-02 15:30:49] [INFO] [ui][SetLevelGraphBuilder][processStraightLine]直线: 41 -> 42, 长度: 140, 起点(790,488), 终点(930,488)
[2026-06-02 15:30:49] [INFO] [ui][SetLevelGraphBuilder][createFrameDevice]成功为节点ID=42设置Set信息: uiId=42, setId=12057~12060, 压力范围=0.00~0.00Mpa, 流量平均值=0.00L/Min, 湿度范围=0.00~0.00%
[2026-06-02 15:30:49] [INFO] [ui][SetLevelGraphBuilder][createFrameDevice]创建FrameDevice: ID=42, 轨道坐标=(930, 488), 实际坐标=(870, 496), 位置=BELOW
[2026-06-02 15:30:49] [INFO] [ui][SetLevelGraphBuilder][processNode]创建SET节点: ID=42
[2026-06-02 15:30:49] [INFO] [ui][SetLevelGraphBuilder][processStraightLine]直线: 42 -> 43, 长度: 140, 起点(930,488), 终点(1070,488)
[2026-06-02 15:30:49] [INFO] [ui][SetLevelGraphBuilder][createFrameDevice]成功为节点ID=43设置Set信息: uiId=43, setId=12061~12064, 压力范围=0.00~0.00Mpa, 流量平均值=0.00L/Min, 湿度范围=0.00~0.00%
[2026-06-02 15:30:49] [INFO] [ui][SetLevelGraphBuilder][createFrameDevice]创建FrameDevice: ID=43, 轨道坐标=(1070, 488), 实际坐标=(1010, 496), 位置=BELOW
[2026-06-02 15:30:49] [INFO] [ui][SetLevelGraphBuilder][processNode]创建SET节点: ID=43
[2026-06-02 15:30:49] [INFO] [ui][SetLevelGraphBuilder][processStraightLine]直线: 43 -> 2, 长度: 322 + 偏移: 22 = 344, 起点(1070,488), 终点(1414,488)
[2026-06-02 15:30:49] [INFO] [ui][SetLevelGraphBuilder][createFrameDevice]成功为节点ID=2设置Set信息: uiId=2, setId=12065~12068, 压力范围=0.00~0.00Mpa, 流量平均值=0.00L/Min, 湿度范围=0.00~0.00%
[2026-06-02 15:30:49] [INFO] [ui][SetLevelGraphBuilder][createFrameDevice]创建FrameDevice: ID=2, 轨道坐标=(1414, 488), 实际坐标=(1354, 496), 位置=BELOW
[2026-06-02 15:30:49] [INFO] [ui][SetLevelGraphBuilder][processNode]创建SET节点: ID=2
[2026-06-02 15:30:49] [INFO] [ui][SetLevelGraphBuilder][processStraightLine]直线: 2 -> 3, 长度: 140, 起点(1414,488), 终点(1554,488)
[2026-06-02 15:30:49] [INFO] [ui][SetLevelGraphBuilder][createFrameDevice]成功为节点ID=3设置Set信息: uiId=3, setId=12069~12072, 压力范围=0.00~0.00Mpa, 流量平均值=0.00L/Min, 湿度范围=0.00~0.00%
[2026-06-02 15:30:49] [INFO] [ui][SetLevelGraphBuilder][createFrameDevice]创建FrameDevice: ID=3, 轨道坐标=(1554, 488), 实际坐标=(1494, 496), 位置=BELOW
[2026-06-02 15:30:49] [INFO] [ui][SetLevelGraphBuilder][processNode]创建SET节点: ID=3
[2026-06-02 15:30:49] [INFO] [ui][SetLevelGraphBuilder][processStraightLine]直线: 3 -> 4, 长度: 140, 起点(1554,488), 终点(1694,488)
[2026-06-02 15:30:49] [INFO] [ui][SetLevelGraphBuilder][createFrameDevice]成功为节点ID=4设置Set信息: uiId=4, setId=12073~12076, 压力范围=0.00~0.00Mpa, 流量平均值=0.00L/Min, 湿度范围=0.00~0.00%
[2026-06-02 15:30:49] [INFO] [ui][SetLevelGraphBuilder][createFrameDevice]创建FrameDevice: ID=4, 轨道坐标=(1694, 488), 实际坐标=(1634, 496), 位置=BELOW
[2026-06-02 15:30:49] [INFO] [ui][SetLevelGraphBuilder][processNode]创建SET节点: ID=4
[2026-06-02 15:30:49] [INFO] [ui][SetLevelGraphBuilder][processStraightLine]直线: 4 -> 5, 长度: 140, 起点(1694,488), 终点(1834,488)
[2026-06-02 15:30:49] [INFO] [ui][SetLevelGraphBuilder][createFrameDevice]成功为节点ID=5设置Set信息: uiId=5, setId=12077~12080, 压力范围=0.00~0.00Mpa, 流量平均值=0.00L/Min, 湿度范围=0.00~0.00%
[2026-06-02 15:30:49] [INFO] [ui][SetLevelGraphBuilder][createFrameDevice]创建FrameDevice: ID=5, 轨道坐标=(1834, 488), 实际坐标=(1774, 496), 位置=BELOW
[2026-06-02 15:30:49] [INFO] [ui][SetLevelGraphBuilder][processNode]创建SET节点: ID=5
[2026-06-02 15:30:49] [INFO] [ui][SetLevelGraphBuilder][processStraightLine]直线: 5 -> 44, 长度: 350 + 偏移: 140 = 490, 起点(1834,488), 终点(2324,488)
[2026-06-02 15:30:49] [INFO] [ui][SetLevelGraphBuilder][layoutAndDraw]布局和绘制完成
[2026-06-02 15:30:49] [INFO] [ui][SetLevelGraphBuilder][buildGraph] 阶段(2): 绘制图像界面完成
[2026-06-02 15:30:49] [INFO] [ui][SetLevelGraphBuilder][buildGraph] 阶段(3): 布局图重构完毕
[2026-06-02 15:30:49] [INFO] [ui][SetLevelGraphBuilder][buildGraph] 图构建完成
[2026-06-02 15:30:49] [INFO] ====================Set视图天车轨道布局图重构  结束====================
[2026-06-02 15:31:38] [INFO] [ui][SetLevelGraphBuilder][setStartNodePosition] 设置起始节点坐标: (20, 120)
[2026-06-02 15:31:38] [INFO] [ui][FoupLevelGraphBuilder][setStartNodePosition]设置起始节点坐标: (20, 120)
[2026-06-02 15:31:38] [INFO] ====================天车轨道布局图配置文件解析 开始====================
[2026-06-02 15:31:38] [INFO] [ui][GraphConfig][parse]解析阶段(1): 解析GraphConfig标签开始
[2026-06-02 15:31:38] [INFO] [ui][GraphConfig][parseGraphSettings]图类型: 无向图
[2026-06-02 15:31:38] [INFO] [ui][GraphConfig][parseGraphSettings]设备控件尺寸: 120, 间距: 20
[2026-06-02 15:31:38] [INFO] [ui][GraphConfig][parse]解析阶段(1): 解析GraphConfig标签完成
[2026-06-02 15:31:38] [INFO] [ui][GraphConfig][parseEdges]解析阶段(2): 解析Edges标签
[2026-06-02 15:31:38] [INFO] [ui][GraphConfig][parseEdges]找到49条边数据
[2026-06-02 15:31:38] [INFO] [ui][GraphConfig][processNode]SET节点文档顺序#0: 设置 setOfOHBInfoList[0].uiId = 6
[2026-06-02 15:31:38] [INFO] [ui][GraphConfig][parseEdges]解析阶段(3):收集TRACK节点: ID=1
[2026-06-02 15:31:38] [INFO] [ui][GraphConfig][parseEdges]解析阶段(3):收集SET节点: ID=6, QRCode=11005, Count=4, Position=ABOVE
[2026-06-02 15:31:38] [INFO] [ui][GraphConfig][parseEdges]解析阶段(4):成功解析边: 1 -> 6，类型: STRAIGHT_LINE，大小: 840
[2026-06-02 15:31:38] [INFO] [ui][GraphConfig][processNode]SET节点文档顺序#1: 设置 setOfOHBInfoList[1].uiId = 7
[2026-06-02 15:31:38] [INFO] [ui][GraphConfig][parseEdges]解析阶段(3):收集SET节点: ID=7, QRCode=11006, Count=4, Position=ABOVE
[2026-06-02 15:31:38] [INFO] [ui][GraphConfig][parseEdges]解析阶段(4):成功解析边: 6 -> 7，类型: STRAIGHT_LINE，大小: 140
[2026-06-02 15:31:38] [INFO] [ui][GraphConfig][processNode]SET节点文档顺序#2: 设置 setOfOHBInfoList[2].uiId = 8
[2026-06-02 15:31:38] [INFO] [ui][GraphConfig][parseEdges]解析阶段(3):收集SET节点: ID=8, QRCode=11007, Count=4, Position=ABOVE
[2026-06-02 15:31:38] [INFO] [ui][GraphConfig][parseEdges]解析阶段(4):成功解析边: 7 -> 8，类型: STRAIGHT_LINE，大小: 420
[2026-06-02 15:31:38] [INFO] [ui][GraphConfig][processNode]SET节点文档顺序#3: 设置 setOfOHBInfoList[3].uiId = 9
[2026-06-02 15:31:38] [INFO] [ui][GraphConfig][parseEdges]解析阶段(3):收集SET节点: ID=9, QRCode=11008, Count=4, Position=ABOVE
[2026-06-02 15:31:38] [INFO] [ui][GraphConfig][parseEdges]解析阶段(4):成功解析边: 8 -> 9，类型: STRAIGHT_LINE，大小: 140
[2026-06-02 15:31:38] [INFO] [ui][GraphConfig][processNode]SET节点文档顺序#4: 设置 setOfOHBInfoList[4].uiId = 10
[2026-06-02 15:31:38] [INFO] [ui][GraphConfig][parseEdges]解析阶段(3):收集SET节点: ID=10, QRCode=11009, Count=4, Position=ABOVE
[2026-06-02 15:31:38] [INFO] [ui][GraphConfig][parseEdges]解析阶段(4):成功解析边: 9 -> 10，类型: STRAIGHT_LINE，大小: 140
[2026-06-02 15:31:38] [INFO] [ui][GraphConfig][processNode]SET节点文档顺序#5: 设置 setOfOHBInfoList[5].uiId = 11
[2026-06-02 15:31:38] [INFO] [ui][GraphConfig][parseEdges]解析阶段(3):收集SET节点: ID=11, QRCode=11010, Count=4, Position=ABOVE
[2026-06-02 15:31:38] [INFO] [ui][GraphConfig][parseEdges]解析阶段(4):成功解析边: 10 -> 11，类型: STRAIGHT_LINE，大小: 140
[2026-06-02 15:31:38] [INFO] [ui][GraphConfig][processNode]SET节点文档顺序#6: 设置 setOfOHBInfoList[6].uiId = 12
[2026-06-02 15:31:38] [INFO] [ui][GraphConfig][parseEdges]解析阶段(3):收集SET节点: ID=12, QRCode=11011, Count=4, Position=ABOVE
[2026-06-02 15:31:38] [INFO] [ui][GraphConfig][parseEdges]解析阶段(4):成功解析边: 11 -> 12，类型: STRAIGHT_LINE，大小: 140
[2026-06-02 15:31:38] [INFO] [ui][GraphConfig][processNode]SET节点文档顺序#7: 设置 setOfOHBInfoList[7].uiId = 13
[2026-06-02 15:31:38] [INFO] [ui][GraphConfig][parseEdges]解析阶段(3):收集SET节点: ID=13, QRCode=11012, Count=4, Position=ABOVE
[2026-06-02 15:31:38] [INFO] [ui][GraphConfig][parseEdges]解析阶段(4):成功解析边: 12 -> 13，类型: STRAIGHT_LINE，大小: 140
[2026-06-02 15:31:38] [INFO] [ui][GraphConfig][parseEdges]解析阶段(4):成功解析边: 1 -> 15，类型: VERTICAL_VIRTUAL_LINE，大小: 6
[2026-06-02 15:31:38] [INFO] [ui][GraphConfig][parseEdges]解析阶段(3):收集TRACK节点: ID=16
[2026-06-02 15:31:38] [INFO] [ui][GraphConfig][parseEdges]解析阶段(3):收集TRACK节点: ID=14
[2026-06-02 15:31:38] [INFO] [ui][GraphConfig][parseEdges]解析阶段(3):收集TRACK节点: ID=17
[2026-06-02 15:31:38] [INFO] [ui][GraphConfig][parseEdges]解析阶段(4):成功解析边: 13 -> 14，类型: STRAIGHT_LINE，大小: 70，FoupLevel偏移: 416，SetLevel偏移: 118
[2026-06-02 15:31:38] [INFO] [ui][GraphConfig][parseEdges]解析阶段(3):收集TRACK节点: ID=15
[2026-06-02 15:31:38] [INFO] [ui][GraphConfig][parseEdges]解析阶段(4):成功解析边: 16 -> 17，类型: HORIZONTAL_VIRTUAL_LINE，大小: 6
[2026-06-02 15:31:38] [INFO] [ui][GraphConfig][parseEdges]解析阶段(3):收集TRACK节点: ID=18
[2026-06-02 15:31:38] [INFO] [ui][GraphConfig][parseEdges]解析阶段(4):成功解析边: 15 -> 16，类型: STRAIGHT_LINE，大小: 560
[2026-06-02 15:31:38] [INFO] [ui][GraphConfig][parseEdges]解析阶段(4):成功解析边: 17 -> 18，类型: STRAIGHT_LINE，大小: 1722，FoupLevel偏移: 194，SetLevel偏移: 0
[2026-06-02 15:31:38] [INFO] [ui][GraphConfig][parseEdges]解析阶段(3):收集TRACK节点: ID=19
[2026-06-02 15:31:38] [INFO] [ui][GraphConfig][parseEdges]解析阶段(4):成功解析边: 15 -> 19，类型: VERTICAL_VIRTUAL_LINE，大小: 140
[2026-06-02 15:31:38] [INFO] [ui][GraphConfig][parseEdges]解析阶段(3):收集TRACK节点: ID=20
[2026-06-02 15:31:38] [INFO] [ui][GraphConfig][parseEdges]解析阶段(4):成功解析边: 19 -> 20，类型: STRAIGHT_LINE，大小: 700
[2026-06-02 15:31:38] [INFO] [ui][GraphConfig][parseEdges]解析阶段(3):收集TRACK节点: ID=21
[2026-06-02 15:31:38] [INFO] [ui][GraphConfig][parseEdges]解析阶段(4):成功解析边: 20 -> 21，类型: HORIZONTAL_VIRTUAL_LINE，大小: 6
[2026-06-02 15:31:38] [INFO] [ui][GraphConfig][parseEdges]解析阶段(3):收集TRACK节点: ID=22
[2026-06-02 15:31:38] [INFO] [ui][GraphConfig][parseEdges]解析阶段(4):成功解析边: 21 -> 22，类型: STRAIGHT_LINE，大小: 1582，FoupLevel偏移: 190，SetLevel偏移: 10
[2026-06-02 15:31:38] [INFO] [ui][GraphConfig][parseEdges]解析阶段(4):成功解析边: 16 -> 20，类型: REVERSE_S_CURVE，大小: 140
[2026-06-02 15:31:38] [INFO] [ui][GraphConfig][parseEdges]解析阶段(4):成功解析边: 17 -> 21，类型: REVERSE_S_CURVE，大小: 140
[2026-06-02 15:31:38] [INFO] [ui][GraphConfig][parseEdges]解析阶段(3):收集TRACK节点: ID=23
[2026-06-02 15:31:38] [INFO] [ui][GraphConfig][parseEdges]解析阶段(4):成功解析边: 19 -> 23，类型: VERTICAL_VIRTUAL_LINE，大小: 6
[2026-06-02 15:31:38] [INFO] [ui][GraphConfig][parseEdges]解析阶段(3):收集TRACK节点: ID=24
[2026-06-02 15:31:38] [INFO] [ui][GraphConfig][parseEdges]解析阶段(4):成功解析边: 23 -> 24，类型: STRAIGHT_LINE，大小: 1190
[2026-06-02 15:31:38] [INFO] [ui][GraphConfig][parseEdges]解析阶段(3):收集TRACK节点: ID=25
[2026-06-02 15:31:38] [INFO] [ui][GraphConfig][parseEdges]解析阶段(4):成功解析边: 24 -> 25，类型: HORIZONTAL_VIRTUAL_LINE，大小: 6
[2026-06-02 15:31:38] [INFO] [ui][GraphConfig][parseEdges]解析阶段(3):收集TRACK节点: ID=26
[2026-06-02 15:31:38] [INFO] [ui][GraphConfig][parseEdges]解析阶段(4):成功解析边: 25 -> 26，类型: STRAIGHT_LINE，大小: 140
[2026-06-02 15:31:38] [INFO] [ui][GraphConfig][parseEdges]解析阶段(3):收集TRACK节点: ID=27
[2026-06-02 15:31:38] [INFO] [ui][GraphConfig][parseEdges]解析阶段(4):成功解析边: 26 -> 27，类型: HORIZONTAL_VIRTUAL_LINE，大小: 6
[2026-06-02 15:31:38] [INFO] [ui][GraphConfig][parseEdges]解析阶段(3):收集TRACK节点: ID=28
[2026-06-02 15:31:38] [INFO] [ui][GraphConfig][parseEdges]解析阶段(4):成功解析边: 27 -> 28，类型: STRAIGHT_LINE，大小: 980，FoupLevel偏移: 86，SetLevel偏移: -24
[2026-06-02 15:31:38] [INFO] [ui][GraphConfig][parseEdges]解析阶段(4):成功解析边: 29 -> 30，类型: STRAIGHT_LINE，大小: 1190
[2026-06-02 15:31:38] [INFO] [ui][GraphConfig][parseEdges]解析阶段(3):收集TRACK节点: ID=31
[2026-06-02 15:31:38] [INFO] [ui][GraphConfig][parseEdges]解析阶段(4):成功解析边: 30 -> 31，类型: HORIZONTAL_VIRTUAL_LINE，大小: 6
[2026-06-02 15:31:38] [INFO] [ui][GraphConfig][parseEdges]解析阶段(3):收集TRACK节点: ID=32
[2026-06-02 15:31:38] [INFO] [ui][GraphConfig][parseEdges]解析阶段(4):成功解析边: 31 -> 32，类型: STRAIGHT_LINE，大小: 140
[2026-06-02 15:31:38] [INFO] [ui][GraphConfig][parseEdges]解析阶段(3):收集TRACK节点: ID=33
[2026-06-02 15:31:38] [INFO] [ui][GraphConfig][parseEdges]解析阶段(4):成功解析边: 32 -> 33，类型: HORIZONTAL_VIRTUAL_LINE，大小: 6
[2026-06-02 15:31:38] [INFO] [ui][GraphConfig][parseEdges]解析阶段(3):收集TRACK节点: ID=30
[2026-06-02 15:31:38] [INFO] [ui][GraphConfig][parseEdges]解析阶段(3):收集TRACK节点: ID=34
[2026-06-02 15:31:38] [INFO] [ui][GraphConfig][parseEdges]解析阶段(3):收集TRACK节点: ID=29
[2026-06-02 15:31:38] [INFO] [ui][GraphConfig][parseEdges]解析阶段(4):成功解析边: 23 -> 29，类型: VERTICAL_VIRTUAL_LINE，大小: 210
[2026-06-02 15:31:38] [INFO] [ui][GraphConfig][parseEdges]解析阶段(4):成功解析边: 33 -> 34，类型: STRAIGHT_LINE，大小: 770，FoupLevel偏移: 828，SetLevel偏移: 190
[2026-06-02 15:31:38] [INFO] [ui][GraphConfig][parseEdges]解析阶段(4):成功解析边: 24 -> 30，类型: RIGHT_SEMICIRCLE_ARC，大小: 210
[2026-06-02 15:31:38] [INFO] [ui][GraphConfig][parseEdges]解析阶段(4):成功解析边: 25 -> 31，类型: RIGHT_SEMICIRCLE_ARC，大小: 210
[2026-06-02 15:31:38] [INFO] [ui][GraphConfig][parseEdges]解析阶段(4):成功解析边: 26 -> 32，类型: LEFT_SEMICIRCLE_ARC，大小: 210
[2026-06-02 15:31:38] [INFO] [ui][GraphConfig][parseEdges]解析阶段(4):成功解析边: 27 -> 33，类型: LEFT_SEMICIRCLE_ARC，大小: 210
[2026-06-02 15:31:38] [INFO] [ui][GraphConfig][parseEdges]解析阶段(3):收集TRACK节点: ID=35
[2026-06-02 15:31:38] [INFO] [ui][GraphConfig][parseEdges]解析阶段(4):成功解析边: 29 -> 35，类型: VERTICAL_VIRTUAL_LINE，大小: 6
[2026-06-02 15:31:38] [INFO] [ui][GraphConfig][processNode]SET节点文档顺序#8: 设置 setOfOHBInfoList[8].uiId = 36
[2026-06-02 15:31:38] [INFO] [ui][GraphConfig][parseEdges]解析阶段(3):收集SET节点: ID=36, QRCode=11036, Count=4, Position=BELOW
[2026-06-02 15:31:38] [INFO] [ui][GraphConfig][parseEdges]解析阶段(4):成功解析边: 35 -> 36，类型: STRAIGHT_LINE，大小: 70
[2026-06-02 15:31:38] [INFO] [ui][GraphConfig][processNode]SET节点文档顺序#9: 设置 setOfOHBInfoList[9].uiId = 37
[2026-06-02 15:31:38] [INFO] [ui][GraphConfig][parseEdges]解析阶段(3):收集SET节点: ID=37, QRCode=11037, Count=4, Position=BELOW
[2026-06-02 15:31:38] [INFO] [ui][GraphConfig][parseEdges]解析阶段(4):成功解析边: 36 -> 37，类型: STRAIGHT_LINE，大小: 140
[2026-06-02 15:31:38] [INFO] [ui][GraphConfig][processNode]SET节点文档顺序#10: 设置 setOfOHBInfoList[10].uiId = 38
[2026-06-02 15:31:38] [INFO] [ui][GraphConfig][parseEdges]解析阶段(3):收集SET节点: ID=38, QRCode=11038, Count=4, Position=BELOW
[2026-06-02 15:31:38] [INFO] [ui][GraphConfig][parseEdges]解析阶段(4):成功解析边: 37 -> 38，类型: STRAIGHT_LINE，大小: 140
[2026-06-02 15:31:38] [INFO] [ui][GraphConfig][processNode]SET节点文档顺序#11: 设置 setOfOHBInfoList[11].uiId = 39
[2026-06-02 15:31:38] [INFO] [ui][GraphConfig][parseEdges]解析阶段(3):收集SET节点: ID=39, QRCode=11039, Count=4, Position=BELOW
[2026-06-02 15:31:38] [INFO] [ui][GraphConfig][parseEdges]解析阶段(4):成功解析边: 38 -> 39，类型: STRAIGHT_LINE，大小: 140
[2026-06-02 15:31:38] [INFO] [ui][GraphConfig][processNode]SET节点文档顺序#12: 设置 setOfOHBInfoList[12].uiId = 40
[2026-06-02 15:31:38] [INFO] [ui][GraphConfig][parseEdges]解析阶段(3):收集SET节点: ID=40, QRCode=11040, Count=4, Position=BELOW
[2026-06-02 15:31:38] [INFO] [ui][GraphConfig][parseEdges]解析阶段(4):成功解析边: 39 -> 40，类型: STRAIGHT_LINE，大小: 140
[2026-06-02 15:31:38] [INFO] [ui][GraphConfig][processNode]SET节点文档顺序#13: 设置 setOfOHBInfoList[13].uiId = 41
[2026-06-02 15:31:38] [INFO] [ui][GraphConfig][parseEdges]解析阶段(3):收集SET节点: ID=41, QRCode=11041, Count=4, Position=BELOW
[2026-06-02 15:31:38] [INFO] [ui][GraphConfig][parseEdges]解析阶段(4):成功解析边: 40 -> 41，类型: STRAIGHT_LINE，大小: 140
[2026-06-02 15:31:38] [INFO] [ui][GraphConfig][processNode]SET节点文档顺序#14: 设置 setOfOHBInfoList[14].uiId = 42
[2026-06-02 15:31:38] [INFO] [ui][GraphConfig][parseEdges]解析阶段(3):收集SET节点: ID=42, QRCode=11042, Count=4, Position=BELOW
[2026-06-02 15:31:38] [INFO] [ui][GraphConfig][parseEdges]解析阶段(4):成功解析边: 41 -> 42，类型: STRAIGHT_LINE，大小: 140
[2026-06-02 15:31:38] [INFO] [ui][GraphConfig][processNode]SET节点文档顺序#15: 设置 setOfOHBInfoList[15].uiId = 43
[2026-06-02 15:31:38] [INFO] [ui][GraphConfig][parseEdges]解析阶段(3):收集SET节点: ID=43, QRCode=11043, Count=4, Position=BELOW
[2026-06-02 15:31:38] [INFO] [ui][GraphConfig][parseEdges]解析阶段(4):成功解析边: 42 -> 43，类型: STRAIGHT_LINE，大小: 140
[2026-06-02 15:31:38] [INFO] [ui][GraphConfig][processNode]SET节点文档顺序#16: 设置 setOfOHBInfoList[16].uiId = 2
[2026-06-02 15:31:38] [INFO] [ui][GraphConfig][parseEdges]解析阶段(3):收集SET节点: ID=2, QRCode=11001, Count=4, Position=BELOW
[2026-06-02 15:31:38] [INFO] [ui][GraphConfig][parseEdges]解析阶段(4):成功解析边: 43 -> 2，类型: STRAIGHT_LINE，大小: 322，FoupLevel偏移: 0，SetLevel偏移: 22
[2026-06-02 15:31:38] [INFO] [ui][GraphConfig][processNode]SET节点文档顺序#17: 设置 setOfOHBInfoList[17].uiId = 3
[2026-06-02 15:31:38] [INFO] [ui][GraphConfig][parseEdges]解析阶段(3):收集SET节点: ID=3, QRCode=11002, Count=4, Position=BELOW
[2026-06-02 15:31:38] [INFO] [ui][GraphConfig][parseEdges]解析阶段(4):成功解析边: 2 -> 3，类型: STRAIGHT_LINE，大小: 140
[2026-06-02 15:31:38] [INFO] [ui][GraphConfig][processNode]SET节点文档顺序#18: 设置 setOfOHBInfoList[18].uiId = 4
[2026-06-02 15:31:38] [INFO] [ui][GraphConfig][parseEdges]解析阶段(3):收集SET节点: ID=4, QRCode=11003, Count=4, Position=BELOW
[2026-06-02 15:31:38] [INFO] [ui][GraphConfig][parseEdges]解析阶段(4):成功解析边: 3 -> 4，类型: STRAIGHT_LINE，大小: 140
[2026-06-02 15:31:38] [INFO] [ui][GraphConfig][processNode]SET节点文档顺序#19: 设置 setOfOHBInfoList[19].uiId = 5
[2026-06-02 15:31:38] [INFO] [ui][GraphConfig][parseEdges]解析阶段(3):收集SET节点: ID=5, QRCode=11004, Count=4, Position=BELOW
[2026-06-02 15:31:38] [INFO] [ui][GraphConfig][parseEdges]解析阶段(4):成功解析边: 4 -> 5，类型: STRAIGHT_LINE，大小: 140
[2026-06-02 15:31:38] [INFO] [ui][GraphConfig][parseEdges]解析阶段(3):收集TRACK节点: ID=44
[2026-06-02 15:31:38] [INFO] [ui][GraphConfig][parseEdges]解析阶段(4):成功解析边: 5 -> 44，类型: STRAIGHT_LINE，大小: 350，FoupLevel偏移: 450，SetLevel偏移: 140
[2026-06-02 15:31:38] [INFO] [ui][GraphConfig][parse]解析阶段(5): 配置文件解析完毕
[2026-06-02 15:31:38] [INFO] [ui][GraphConfig][parse]配置文件解析完成，节点数: 44，边数: 49
[2026-06-02 15:31:38] [INFO] ====================天车轨道布局图配置文件解析 结束====================
[2026-06-02 15:31:39] [INFO] ====================Set视图天车轨道布局图重构  开始====================
[2026-06-02 15:31:39] [INFO] [ui][SetLevelGraphBuilder][buildGraph] 开始构建图，节点数: 44，边数: 49
[2026-06-02 15:31:39] [DEBUG] [ui][Graph][addVertex] 添加顶点 1
[2026-06-02 15:31:39] [DEBUG] [ui][Graph][addVertex] 添加顶点 2
[2026-06-02 15:31:39] [DEBUG] [ui][Graph][addVertex] 添加顶点 3
[2026-06-02 15:31:39] [DEBUG] [ui][Graph][addVertex] 添加顶点 4
[2026-06-02 15:31:39] [DEBUG] [ui][Graph][addVertex] 添加顶点 5
[2026-06-02 15:31:39] [DEBUG] [ui][Graph][addVertex] 添加顶点 6
[2026-06-02 15:31:39] [DEBUG] [ui][Graph][addVertex] 添加顶点 7
[2026-06-02 15:31:39] [DEBUG] [ui][Graph][addVertex] 添加顶点 8
[2026-06-02 15:31:39] [DEBUG] [ui][Graph][addVertex] 添加顶点 9
[2026-06-02 15:31:39] [DEBUG] [ui][Graph][addVertex] 添加顶点 10
[2026-06-02 15:31:39] [DEBUG] [ui][Graph][addVertex] 添加顶点 11
[2026-06-02 15:31:39] [DEBUG] [ui][Graph][addVertex] 添加顶点 12
[2026-06-02 15:31:39] [DEBUG] [ui][Graph][addVertex] 添加顶点 13
[2026-06-02 15:31:39] [DEBUG] [ui][Graph][addVertex] 添加顶点 14
[2026-06-02 15:31:39] [DEBUG] [ui][Graph][addVertex] 添加顶点 15
[2026-06-02 15:31:39] [DEBUG] [ui][Graph][addVertex] 添加顶点 16
[2026-06-02 15:31:39] [DEBUG] [ui][Graph][addVertex] 添加顶点 17
[2026-06-02 15:31:39] [DEBUG] [ui][Graph][addVertex] 添加顶点 18
[2026-06-02 15:31:39] [DEBUG] [ui][Graph][addVertex] 添加顶点 19
[2026-06-02 15:31:39] [DEBUG] [ui][Graph][addVertex] 添加顶点 20
[2026-06-02 15:31:39] [DEBUG] [ui][Graph][addVertex] 添加顶点 21
[2026-06-02 15:31:39] [DEBUG] [ui][Graph][addVertex] 添加顶点 22
[2026-06-02 15:31:39] [DEBUG] [ui][Graph][addVertex] 添加顶点 23
[2026-06-02 15:31:39] [DEBUG] [ui][Graph][addVertex] 添加顶点 24
[2026-06-02 15:31:39] [DEBUG] [ui][Graph][addVertex] 添加顶点 25
[2026-06-02 15:31:39] [DEBUG] [ui][Graph][addVertex] 添加顶点 26
[2026-06-02 15:31:39] [DEBUG] [ui][Graph][addVertex] 添加顶点 27
[2026-06-02 15:31:39] [DEBUG] [ui][Graph][addVertex] 添加顶点 28
[2026-06-02 15:31:39] [DEBUG] [ui][Graph][addVertex] 添加顶点 29
[2026-06-02 15:31:39] [DEBUG] [ui][Graph][addVertex] 添加顶点 30
[2026-06-02 15:31:39] [DEBUG] [ui][Graph][addVertex] 添加顶点 31
[2026-06-02 15:31:39] [DEBUG] [ui][Graph][addVertex] 添加顶点 32
[2026-06-02 15:31:39] [DEBUG] [ui][Graph][addVertex] 添加顶点 33
[2026-06-02 15:31:39] [DEBUG] [ui][Graph][addVertex] 添加顶点 34
[2026-06-02 15:31:39] [DEBUG] [ui][Graph][addVertex] 添加顶点 35
[2026-06-02 15:31:39] [DEBUG] [ui][Graph][addVertex] 添加顶点 36
[2026-06-02 15:31:39] [DEBUG] [ui][Graph][addVertex] 添加顶点 37
[2026-06-02 15:31:39] [DEBUG] [ui][Graph][addVertex] 添加顶点 38
[2026-06-02 15:31:39] [DEBUG] [ui][Graph][addVertex] 添加顶点 39
[2026-06-02 15:31:39] [DEBUG] [ui][Graph][addVertex] 添加顶点 40
[2026-06-02 15:31:39] [DEBUG] [ui][Graph][addVertex] 添加顶点 41
[2026-06-02 15:31:39] [DEBUG] [ui][Graph][addVertex] 添加顶点 42
[2026-06-02 15:31:39] [DEBUG] [ui][Graph][addVertex] 添加顶点 43
[2026-06-02 15:31:39] [DEBUG] [ui][Graph][addVertex] 添加顶点 44
[2026-06-02 15:31:39] [DEBUG] [ui][Graph][addVertex] 顶点 1 已存在，跳过
[2026-06-02 15:31:39] [DEBUG] [ui][Graph][addVertex] 顶点 6 已存在，跳过
[2026-06-02 15:31:39] [DEBUG] [ui][Graph][addEdge] 添加边 (1,6)
[2026-06-02 15:31:39] [DEBUG] [ui][Graph][addVertex] 顶点 6 已存在，跳过
[2026-06-02 15:31:39] [DEBUG] [ui][Graph][addVertex] 顶点 7 已存在，跳过
[2026-06-02 15:31:39] [DEBUG] [ui][Graph][addEdge] 添加边 (6,7)
[2026-06-02 15:31:39] [DEBUG] [ui][Graph][addVertex] 顶点 7 已存在，跳过
[2026-06-02 15:31:39] [DEBUG] [ui][Graph][addVertex] 顶点 8 已存在，跳过
[2026-06-02 15:31:39] [DEBUG] [ui][Graph][addEdge] 添加边 (7,8)
[2026-06-02 15:31:39] [DEBUG] [ui][Graph][addVertex] 顶点 8 已存在，跳过
[2026-06-02 15:31:39] [DEBUG] [ui][Graph][addVertex] 顶点 9 已存在，跳过
[2026-06-02 15:31:39] [DEBUG] [ui][Graph][addEdge] 添加边 (8,9)
[2026-06-02 15:31:39] [DEBUG] [ui][Graph][addVertex] 顶点 9 已存在，跳过
[2026-06-02 15:31:39] [DEBUG] [ui][Graph][addVertex] 顶点 10 已存在，跳过
[2026-06-02 15:31:39] [DEBUG] [ui][Graph][addEdge] 添加边 (9,10)
[2026-06-02 15:31:39] [DEBUG] [ui][Graph][addVertex] 顶点 10 已存在，跳过
[2026-06-02 15:31:39] [DEBUG] [ui][Graph][addVertex] 顶点 11 已存在，跳过
[2026-06-02 15:31:39] [DEBUG] [ui][Graph][addEdge] 添加边 (10,11)
[2026-06-02 15:31:39] [DEBUG] [ui][Graph][addVertex] 顶点 11 已存在，跳过
[2026-06-02 15:31:39] [DEBUG] [ui][Graph][addVertex] 顶点 12 已存在，跳过
[2026-06-02 15:31:39] [DEBUG] [ui][Graph][addEdge] 添加边 (11,12)
[2026-06-02 15:31:39] [DEBUG] [ui][Graph][addVertex] 顶点 12 已存在，跳过
[2026-06-02 15:31:39] [DEBUG] [ui][Graph][addVertex] 顶点 13 已存在，跳过
[2026-06-02 15:31:39] [DEBUG] [ui][Graph][addEdge] 添加边 (12,13)
[2026-06-02 15:31:39] [DEBUG] [ui][Graph][addVertex] 顶点 13 已存在，跳过
[2026-06-02 15:31:39] [DEBUG] [ui][Graph][addVertex] 顶点 14 已存在，跳过
[2026-06-02 15:31:39] [DEBUG] [ui][Graph][addEdge] 添加边 (13,14)
[2026-06-02 15:31:39] [DEBUG] [ui][Graph][addVertex] 顶点 1 已存在，跳过
[2026-06-02 15:31:39] [DEBUG] [ui][Graph][addVertex] 顶点 15 已存在，跳过
[2026-06-02 15:31:39] [DEBUG] [ui][Graph][addEdge] 添加边 (1,15)
[2026-06-02 15:31:39] [DEBUG] [ui][Graph][addVertex] 顶点 15 已存在，跳过
[2026-06-02 15:31:39] [DEBUG] [ui][Graph][addVertex] 顶点 16 已存在，跳过
[2026-06-02 15:31:39] [DEBUG] [ui][Graph][addEdge] 添加边 (15,16)
[2026-06-02 15:31:39] [DEBUG] [ui][Graph][addVertex] 顶点 16 已存在，跳过
[2026-06-02 15:31:39] [DEBUG] [ui][Graph][addVertex] 顶点 17 已存在，跳过
[2026-06-02 15:31:39] [DEBUG] [ui][Graph][addEdge] 添加边 (16,17)
[2026-06-02 15:31:39] [DEBUG] [ui][Graph][addVertex] 顶点 17 已存在，跳过
[2026-06-02 15:31:39] [DEBUG] [ui][Graph][addVertex] 顶点 18 已存在，跳过
[2026-06-02 15:31:39] [DEBUG] [ui][Graph][addEdge] 添加边 (17,18)
[2026-06-02 15:31:39] [DEBUG] [ui][Graph][addVertex] 顶点 15 已存在，跳过
[2026-06-02 15:31:39] [DEBUG] [ui][Graph][addVertex] 顶点 19 已存在，跳过
[2026-06-02 15:31:39] [DEBUG] [ui][Graph][addEdge] 添加边 (15,19)
[2026-06-02 15:31:39] [DEBUG] [ui][Graph][addVertex] 顶点 19 已存在，跳过
[2026-06-02 15:31:39] [DEBUG] [ui][Graph][addVertex] 顶点 20 已存在，跳过
[2026-06-02 15:31:39] [DEBUG] [ui][Graph][addEdge] 添加边 (19,20)
[2026-06-02 15:31:39] [DEBUG] [ui][Graph][addVertex] 顶点 20 已存在，跳过
[2026-06-02 15:31:39] [DEBUG] [ui][Graph][addVertex] 顶点 21 已存在，跳过
[2026-06-02 15:31:39] [DEBUG] [ui][Graph][addEdge] 添加边 (20,21)
[2026-06-02 15:31:39] [DEBUG] [ui][Graph][addVertex] 顶点 21 已存在，跳过
[2026-06-02 15:31:39] [DEBUG] [ui][Graph][addVertex] 顶点 22 已存在，跳过
[2026-06-02 15:31:39] [DEBUG] [ui][Graph][addEdge] 添加边 (21,22)
[2026-06-02 15:31:39] [DEBUG] [ui][Graph][addVertex] 顶点 16 已存在，跳过
[2026-06-02 15:31:39] [DEBUG] [ui][Graph][addVertex] 顶点 20 已存在，跳过
[2026-06-02 15:31:39] [DEBUG] [ui][Graph][addEdge] 添加边 (16,20)
[2026-06-02 15:31:39] [DEBUG] [ui][Graph][addVertex] 顶点 17 已存在，跳过
[2026-06-02 15:31:39] [DEBUG] [ui][Graph][addVertex] 顶点 21 已存在，跳过
[2026-06-02 15:31:39] [DEBUG] [ui][Graph][addEdge] 添加边 (17,21)
[2026-06-02 15:31:39] [DEBUG] [ui][Graph][addVertex] 顶点 19 已存在，跳过
[2026-06-02 15:31:39] [DEBUG] [ui][Graph][addVertex] 顶点 23 已存在，跳过
[2026-06-02 15:31:39] [DEBUG] [ui][Graph][addEdge] 添加边 (19,23)
[2026-06-02 15:31:39] [DEBUG] [ui][Graph][addVertex] 顶点 23 已存在，跳过
[2026-06-02 15:31:39] [DEBUG] [ui][Graph][addVertex] 顶点 24 已存在，跳过
[2026-06-02 15:31:39] [DEBUG] [ui][Graph][addEdge] 添加边 (23,24)
[2026-06-02 15:31:39] [DEBUG] [ui][Graph][addVertex] 顶点 24 已存在，跳过
[2026-06-02 15:31:39] [DEBUG] [ui][Graph][addVertex] 顶点 25 已存在，跳过
[2026-06-02 15:31:39] [DEBUG] [ui][Graph][addEdge] 添加边 (24,25)
[2026-06-02 15:31:39] [DEBUG] [ui][Graph][addVertex] 顶点 25 已存在，跳过
[2026-06-02 15:31:39] [DEBUG] [ui][Graph][addVertex] 顶点 26 已存在，跳过
[2026-06-02 15:31:39] [DEBUG] [ui][Graph][addEdge] 添加边 (25,26)
[2026-06-02 15:31:39] [DEBUG] [ui][Graph][addVertex] 顶点 26 已存在，跳过
[2026-06-02 15:31:39] [DEBUG] [ui][Graph][addVertex] 顶点 27 已存在，跳过
[2026-06-02 15:31:39] [DEBUG] [ui][Graph][addEdge] 添加边 (26,27)
[2026-06-02 15:31:39] [DEBUG] [ui][Graph][addVertex] 顶点 27 已存在，跳过
[2026-06-02 15:31:39] [DEBUG] [ui][Graph][addVertex] 顶点 28 已存在，跳过
[2026-06-02 15:31:39] [DEBUG] [ui][Graph][addEdge] 添加边 (27,28)
[2026-06-02 15:31:39] [DEBUG] [ui][Graph][addVertex] 顶点 23 已存在，跳过
[2026-06-02 15:31:39] [DEBUG] [ui][Graph][addVertex] 顶点 29 已存在，跳过
[2026-06-02 15:31:39] [DEBUG] [ui][Graph][addEdge] 添加边 (23,29)
[2026-06-02 15:31:39] [DEBUG] [ui][Graph][addVertex] 顶点 29 已存在，跳过
[2026-06-02 15:31:39] [DEBUG] [ui][Graph][addVertex] 顶点 30 已存在，跳过
[2026-06-02 15:31:39] [DEBUG] [ui][Graph][addEdge] 添加边 (29,30)
[2026-06-02 15:31:39] [DEBUG] [ui][Graph][addVertex] 顶点 30 已存在，跳过
[2026-06-02 15:31:39] [DEBUG] [ui][Graph][addVertex] 顶点 31 已存在，跳过
[2026-06-02 15:31:39] [DEBUG] [ui][Graph][addEdge] 添加边 (30,31)
[2026-06-02 15:31:39] [DEBUG] [ui][Graph][addVertex] 顶点 31 已存在，跳过
[2026-06-02 15:31:39] [DEBUG] [ui][Graph][addVertex] 顶点 32 已存在，跳过
[2026-06-02 15:31:39] [DEBUG] [ui][Graph][addEdge] 添加边 (31,32)
[2026-06-02 15:31:39] [DEBUG] [ui][Graph][addVertex] 顶点 32 已存在，跳过
[2026-06-02 15:31:39] [DEBUG] [ui][Graph][addVertex] 顶点 33 已存在，跳过
[2026-06-02 15:31:39] [DEBUG] [ui][Graph][addEdge] 添加边 (32,33)
[2026-06-02 15:31:39] [DEBUG] [ui][Graph][addVertex] 顶点 33 已存在，跳过
[2026-06-02 15:31:39] [DEBUG] [ui][Graph][addVertex] 顶点 34 已存在，跳过
[2026-06-02 15:31:39] [DEBUG] [ui][Graph][addEdge] 添加边 (33,34)
[2026-06-02 15:31:39] [DEBUG] [ui][Graph][addVertex] 顶点 24 已存在，跳过
[2026-06-02 15:31:39] [DEBUG] [ui][Graph][addVertex] 顶点 30 已存在，跳过
[2026-06-02 15:31:39] [DEBUG] [ui][Graph][addEdge] 添加边 (24,30)
[2026-06-02 15:31:39] [DEBUG] [ui][Graph][addVertex] 顶点 25 已存在，跳过
[2026-06-02 15:31:39] [DEBUG] [ui][Graph][addVertex] 顶点 31 已存在，跳过
[2026-06-02 15:31:39] [DEBUG] [ui][Graph][addEdge] 添加边 (25,31)
[2026-06-02 15:31:39] [DEBUG] [ui][Graph][addVertex] 顶点 26 已存在，跳过
[2026-06-02 15:31:39] [DEBUG] [ui][Graph][addVertex] 顶点 32 已存在，跳过
[2026-06-02 15:31:39] [DEBUG] [ui][Graph][addEdge] 添加边 (26,32)
[2026-06-02 15:31:39] [DEBUG] [ui][Graph][addVertex] 顶点 27 已存在，跳过
[2026-06-02 15:31:39] [DEBUG] [ui][Graph][addVertex] 顶点 33 已存在，跳过
[2026-06-02 15:31:39] [DEBUG] [ui][Graph][addEdge] 添加边 (27,33)
[2026-06-02 15:31:39] [DEBUG] [ui][Graph][addVertex] 顶点 29 已存在，跳过
[2026-06-02 15:31:39] [DEBUG] [ui][Graph][addVertex] 顶点 35 已存在，跳过
[2026-06-02 15:31:39] [DEBUG] [ui][Graph][addEdge] 添加边 (29,35)
[2026-06-02 15:31:39] [DEBUG] [ui][Graph][addVertex] 顶点 35 已存在，跳过
[2026-06-02 15:31:39] [DEBUG] [ui][Graph][addVertex] 顶点 36 已存在，跳过
[2026-06-02 15:31:39] [DEBUG] [ui][Graph][addEdge] 添加边 (35,36)
[2026-06-02 15:31:39] [DEBUG] [ui][Graph][addVertex] 顶点 36 已存在，跳过
[2026-06-02 15:31:39] [DEBUG] [ui][Graph][addVertex] 顶点 37 已存在，跳过
[2026-06-02 15:31:39] [DEBUG] [ui][Graph][addEdge] 添加边 (36,37)
[2026-06-02 15:31:39] [DEBUG] [ui][Graph][addVertex] 顶点 37 已存在，跳过
[2026-06-02 15:31:39] [DEBUG] [ui][Graph][addVertex] 顶点 38 已存在，跳过
[2026-06-02 15:31:39] [DEBUG] [ui][Graph][addEdge] 添加边 (37,38)
[2026-06-02 15:31:39] [DEBUG] [ui][Graph][addVertex] 顶点 38 已存在，跳过
[2026-06-02 15:31:39] [DEBUG] [ui][Graph][addVertex] 顶点 39 已存在，跳过
[2026-06-02 15:31:39] [DEBUG] [ui][Graph][addEdge] 添加边 (38,39)
[2026-06-02 15:31:39] [DEBUG] [ui][Graph][addVertex] 顶点 39 已存在，跳过
[2026-06-02 15:31:39] [DEBUG] [ui][Graph][addVertex] 顶点 40 已存在，跳过
[2026-06-02 15:31:39] [DEBUG] [ui][Graph][addEdge] 添加边 (39,40)
[2026-06-02 15:31:39] [DEBUG] [ui][Graph][addVertex] 顶点 40 已存在，跳过
[2026-06-02 15:31:39] [DEBUG] [ui][Graph][addVertex] 顶点 41 已存在，跳过
[2026-06-02 15:31:39] [DEBUG] [ui][Graph][addEdge] 添加边 (40,41)
[2026-06-02 15:31:39] [DEBUG] [ui][Graph][addVertex] 顶点 41 已存在，跳过
[2026-06-02 15:31:39] [DEBUG] [ui][Graph][addVertex] 顶点 42 已存在，跳过
[2026-06-02 15:31:39] [DEBUG] [ui][Graph][addEdge] 添加边 (41,42)
[2026-06-02 15:31:39] [DEBUG] [ui][Graph][addVertex] 顶点 42 已存在，跳过
[2026-06-02 15:31:39] [DEBUG] [ui][Graph][addVertex] 顶点 43 已存在，跳过
[2026-06-02 15:31:39] [DEBUG] [ui][Graph][addEdge] 添加边 (42,43)
[2026-06-02 15:31:39] [DEBUG] [ui][Graph][addVertex] 顶点 43 已存在，跳过
[2026-06-02 15:31:39] [DEBUG] [ui][Graph][addVertex] 顶点 2 已存在，跳过
[2026-06-02 15:31:39] [DEBUG] [ui][Graph][addEdge] 添加边 (43,2)
[2026-06-02 15:31:39] [DEBUG] [ui][Graph][addVertex] 顶点 2 已存在，跳过
[2026-06-02 15:31:39] [DEBUG] [ui][Graph][addVertex] 顶点 3 已存在，跳过
[2026-06-02 15:31:39] [DEBUG] [ui][Graph][addEdge] 添加边 (2,3)
[2026-06-02 15:31:39] [DEBUG] [ui][Graph][addVertex] 顶点 3 已存在，跳过
[2026-06-02 15:31:39] [DEBUG] [ui][Graph][addVertex] 顶点 4 已存在，跳过
[2026-06-02 15:31:39] [DEBUG] [ui][Graph][addEdge] 添加边 (3,4)
[2026-06-02 15:31:39] [DEBUG] [ui][Graph][addVertex] 顶点 4 已存在，跳过
[2026-06-02 15:31:39] [DEBUG] [ui][Graph][addVertex] 顶点 5 已存在，跳过
[2026-06-02 15:31:39] [DEBUG] [ui][Graph][addEdge] 添加边 (4,5)
[2026-06-02 15:31:39] [DEBUG] [ui][Graph][addVertex] 顶点 5 已存在，跳过
[2026-06-02 15:31:39] [DEBUG] [ui][Graph][addVertex] 顶点 44 已存在，跳过
[2026-06-02 15:31:39] [DEBUG] [ui][Graph][addEdge] 添加边 (5,44)
[2026-06-02 15:31:39] [INFO] [ui][SetLevelGraphBuilder][buildMultilist]邻接多重表构建完成
[2026-06-02 15:31:39] [INFO] [ui][SetLevelGraphBuilder][buildGraph] 阶段(1): 重建邻接多重表完成
[2026-06-02 15:31:39] [INFO] [ui][SetLevelGraphBuilder][layoutAndDraw]起始节点ID: 1, 坐标: (20, 120)
[2026-06-02 15:31:39] [INFO] [ui][SetLevelGraphBuilder][processStraightLine]直线: 1 -> 6, 长度: 840, 起点(20,120), 终点(860,120)
[2026-06-02 15:31:39] [INFO] [ui][SetLevelGraphBuilder][createFrameDevice]成功为节点ID=6设置Set信息: uiId=6, setId=12001~12004, 压力范围=0.00~0.00Mpa, 流量平均值=0.00L/Min, 湿度范围=0.00~0.00%
[2026-06-02 15:31:39] [INFO] [ui][SetLevelGraphBuilder][createFrameDevice]创建FrameDevice: ID=6, 轨道坐标=(860, 120), 实际坐标=(800, 14), 位置=ABOVE
[2026-06-02 15:31:39] [INFO] [ui][SetLevelGraphBuilder][processNode]创建SET节点: ID=6
[2026-06-02 15:31:39] [INFO] [ui][SetLevelGraphBuilder][processStraightLine]直线: 6 -> 7, 长度: 140, 起点(860,120), 终点(1000,120)
[2026-06-02 15:31:39] [INFO] [ui][SetLevelGraphBuilder][createFrameDevice]成功为节点ID=7设置Set信息: uiId=7, setId=12005~12008, 压力范围=0.00~0.00Mpa, 流量平均值=0.00L/Min, 湿度范围=0.00~0.00%
[2026-06-02 15:31:39] [INFO] [ui][SetLevelGraphBuilder][createFrameDevice]创建FrameDevice: ID=7, 轨道坐标=(1000, 120), 实际坐标=(940, 14), 位置=ABOVE
[2026-06-02 15:31:39] [INFO] [ui][SetLevelGraphBuilder][processNode]创建SET节点: ID=7
[2026-06-02 15:31:39] [INFO] [ui][SetLevelGraphBuilder][processStraightLine]直线: 7 -> 8, 长度: 420, 起点(1000,120), 终点(1420,120)
[2026-06-02 15:31:39] [INFO] [ui][SetLevelGraphBuilder][createFrameDevice]成功为节点ID=8设置Set信息: uiId=8, setId=12009~12012, 压力范围=0.00~0.00Mpa, 流量平均值=0.00L/Min, 湿度范围=0.00~0.00%
[2026-06-02 15:31:39] [INFO] [ui][SetLevelGraphBuilder][createFrameDevice]创建FrameDevice: ID=8, 轨道坐标=(1420, 120), 实际坐标=(1360, 14), 位置=ABOVE
[2026-06-02 15:31:39] [INFO] [ui][SetLevelGraphBuilder][processNode]创建SET节点: ID=8
[2026-06-02 15:31:39] [INFO] [ui][SetLevelGraphBuilder][processStraightLine]直线: 8 -> 9, 长度: 140, 起点(1420,120), 终点(1560,120)
[2026-06-02 15:31:39] [INFO] [ui][SetLevelGraphBuilder][createFrameDevice]成功为节点ID=9设置Set信息: uiId=9, setId=12013~12016, 压力范围=0.00~0.00Mpa, 流量平均值=0.00L/Min, 湿度范围=0.00~0.00%
[2026-06-02 15:31:39] [INFO] [ui][SetLevelGraphBuilder][createFrameDevice]创建FrameDevice: ID=9, 轨道坐标=(1560, 120), 实际坐标=(1500, 14), 位置=ABOVE
[2026-06-02 15:31:39] [INFO] [ui][SetLevelGraphBuilder][processNode]创建SET节点: ID=9
[2026-06-02 15:31:39] [INFO] [ui][SetLevelGraphBuilder][processStraightLine]直线: 9 -> 10, 长度: 140, 起点(1560,120), 终点(1700,120)
[2026-06-02 15:31:39] [INFO] [ui][SetLevelGraphBuilder][createFrameDevice]成功为节点ID=10设置Set信息: uiId=10, setId=12017~12020, 压力范围=0.00~0.00Mpa, 流量平均值=0.00L/Min, 湿度范围=0.00~0.00%
[2026-06-02 15:31:39] [INFO] [ui][SetLevelGraphBuilder][createFrameDevice]创建FrameDevice: ID=10, 轨道坐标=(1700, 120), 实际坐标=(1640, 14), 位置=ABOVE
[2026-06-02 15:31:39] [INFO] [ui][SetLevelGraphBuilder][processNode]创建SET节点: ID=10
[2026-06-02 15:31:39] [INFO] [ui][SetLevelGraphBuilder][processStraightLine]直线: 10 -> 11, 长度: 140, 起点(1700,120), 终点(1840,120)
[2026-06-02 15:31:39] [INFO] [ui][SetLevelGraphBuilder][createFrameDevice]成功为节点ID=11设置Set信息: uiId=11, setId=12021~12024, 压力范围=0.00~0.00Mpa, 流量平均值=0.00L/Min, 湿度范围=0.00~0.00%
[2026-06-02 15:31:39] [INFO] [ui][SetLevelGraphBuilder][createFrameDevice]创建FrameDevice: ID=11, 轨道坐标=(1840, 120), 实际坐标=(1780, 14), 位置=ABOVE
[2026-06-02 15:31:39] [INFO] [ui][SetLevelGraphBuilder][processNode]创建SET节点: ID=11
[2026-06-02 15:31:39] [INFO] [ui][SetLevelGraphBuilder][processStraightLine]直线: 11 -> 12, 长度: 140, 起点(1840,120), 终点(1980,120)
[2026-06-02 15:31:39] [INFO] [ui][SetLevelGraphBuilder][createFrameDevice]成功为节点ID=12设置Set信息: uiId=12, setId=12025~12028, 压力范围=0.00~0.00Mpa, 流量平均值=0.00L/Min, 湿度范围=0.00~0.00%
[2026-06-02 15:31:39] [INFO] [ui][SetLevelGraphBuilder][createFrameDevice]创建FrameDevice: ID=12, 轨道坐标=(1980, 120), 实际坐标=(1920, 14), 位置=ABOVE
[2026-06-02 15:31:39] [INFO] [ui][SetLevelGraphBuilder][processNode]创建SET节点: ID=12
[2026-06-02 15:31:39] [INFO] [ui][SetLevelGraphBuilder][processStraightLine]直线: 12 -> 13, 长度: 140, 起点(1980,120), 终点(2120,120)
[2026-06-02 15:31:39] [INFO] [ui][SetLevelGraphBuilder][createFrameDevice]成功为节点ID=13设置Set信息: uiId=13, setId=12029~12032, 压力范围=0.00~0.00Mpa, 流量平均值=0.00L/Min, 湿度范围=0.00~0.00%
[2026-06-02 15:31:39] [INFO] [ui][SetLevelGraphBuilder][createFrameDevice]创建FrameDevice: ID=13, 轨道坐标=(2120, 120), 实际坐标=(2060, 14), 位置=ABOVE
[2026-06-02 15:31:39] [INFO] [ui][SetLevelGraphBuilder][processNode]创建SET节点: ID=13
[2026-06-02 15:31:39] [INFO] [ui][SetLevelGraphBuilder][processStraightLine]直线: 13 -> 14, 长度: 70 + 偏移: 118 = 188, 起点(2120,120), 终点(2308,120)
[2026-06-02 15:31:39] [INFO] [ui][SetLevelGraphBuilder][processVirtualLine]虚线: 1 -> 15, 类型: VERTICAL_VIRTUAL_LINE, 起点(20,120), 终点(20,126)
[2026-06-02 15:31:39] [INFO] [ui][SetLevelGraphBuilder][processStraightLine]直线: 15 -> 16, 长度: 560, 起点(20,126), 终点(580,126)
[2026-06-02 15:31:39] [INFO] [ui][SetLevelGraphBuilder][processVirtualLine]虚线: 16 -> 17, 类型: HORIZONTAL_VIRTUAL_LINE, 起点(580,126), 终点(586,126)
[2026-06-02 15:31:39] [INFO] [ui][SetLevelGraphBuilder][processStraightLine]直线: 17 -> 18, 长度: 1722, 起点(586,126), 终点(2308,126)
[2026-06-02 15:31:39] [INFO] [ui][SetLevelGraphBuilder][processVirtualLine]虚线: 15 -> 19, 类型: VERTICAL_VIRTUAL_LINE, 起点(20,126), 终点(20,266)
[2026-06-02 15:31:39] [INFO] [ui][SetLevelGraphBuilder][processStraightLine]直线: 19 -> 20, 长度: 700, 起点(20,266), 终点(720,266)
[2026-06-02 15:31:39] [INFO] [ui][SetLevelGraphBuilder][processVirtualLine]虚线: 20 -> 21, 类型: HORIZONTAL_VIRTUAL_LINE, 起点(720,266), 终点(726,266)
[2026-06-02 15:31:39] [INFO] [ui][SetLevelGraphBuilder][processStraightLine]直线: 21 -> 22, 长度: 1582 + 偏移: 10 = 1592, 起点(726,266), 终点(2318,266)
[2026-06-02 15:31:39] [INFO] [ui][SetLevelGraphBuilder][processSCurve]S曲线: 16 -> 20, 目标节点已有坐标，使用已有坐标
[2026-06-02 15:31:39] [INFO] [ui][SetLevelGraphBuilder][processSCurve]绘制曲线 16 -> 20, 类型: REVERSE_S_CURVE, 起点(580,126), 终点(720,266), 控制点1(650,126), 控制点2(650,266)
[2026-06-02 15:31:39] [INFO] [ui][SetLevelGraphBuilder][processSCurve]S曲线: 17 -> 21, 目标节点已有坐标，使用已有坐标
[2026-06-02 15:31:39] [INFO] [ui][SetLevelGraphBuilder][processSCurve]绘制曲线 17 -> 21, 类型: REVERSE_S_CURVE, 起点(586,126), 终点(726,266), 控制点1(656,126), 控制点2(656,266)
[2026-06-02 15:31:39] [INFO] [ui][SetLevelGraphBuilder][processVirtualLine]虚线: 19 -> 23, 类型: VERTICAL_VIRTUAL_LINE, 起点(20,266), 终点(20,272)
[2026-06-02 15:31:39] [INFO] [ui][SetLevelGraphBuilder][processStraightLine]直线: 23 -> 24, 长度: 1190, 起点(20,272), 终点(1210,272)
[2026-06-02 15:31:39] [INFO] [ui][SetLevelGraphBuilder][processVirtualLine]虚线: 24 -> 25, 类型: HORIZONTAL_VIRTUAL_LINE, 起点(1210,272), 终点(1216,272)
[2026-06-02 15:31:39] [INFO] [ui][SetLevelGraphBuilder][processStraightLine]直线: 25 -> 26, 长度: 140, 起点(1216,272), 终点(1356,272)
[2026-06-02 15:31:39] [INFO] [ui][SetLevelGraphBuilder][processVirtualLine]虚线: 26 -> 27, 类型: HORIZONTAL_VIRTUAL_LINE, 起点(1356,272), 终点(1362,272)
[2026-06-02 15:31:39] [INFO] [ui][SetLevelGraphBuilder][processStraightLine]直线: 27 -> 28, 长度: 980 + 偏移: -24 = 956, 起点(1362,272), 终点(2318,272)
[2026-06-02 15:31:39] [INFO] [ui][SetLevelGraphBuilder][processVirtualLine]虚线: 23 -> 29, 类型: VERTICAL_VIRTUAL_LINE, 起点(20,272), 终点(20,482)
[2026-06-02 15:31:39] [INFO] [ui][SetLevelGraphBuilder][processStraightLine]直线: 29 -> 30, 长度: 1190, 起点(20,482), 终点(1210,482)
[2026-06-02 15:31:39] [INFO] [ui][SetLevelGraphBuilder][processVirtualLine]虚线: 30 -> 31, 类型: HORIZONTAL_VIRTUAL_LINE, 起点(1210,482), 终点(1216,482)
[2026-06-02 15:31:39] [INFO] [ui][SetLevelGraphBuilder][processStraightLine]直线: 31 -> 32, 长度: 140, 起点(1216,482), 终点(1356,482)
[2026-06-02 15:31:39] [INFO] [ui][SetLevelGraphBuilder][processVirtualLine]虚线: 32 -> 33, 类型: HORIZONTAL_VIRTUAL_LINE, 起点(1356,482), 终点(1362,482)
[2026-06-02 15:31:39] [INFO] [ui][SetLevelGraphBuilder][processStraightLine]直线: 33 -> 34, 长度: 770 + 偏移: 190 = 960, 起点(1362,482), 终点(2322,482)
[2026-06-02 15:31:39] [INFO] [ui][SetLevelGraphBuilder][processSemicircleArc]绘制半圆弧 24 -> 30, 类型: RIGHT_SEMICIRCLE_ARC, 起点(1210,272), 终点(1210,482)
[2026-06-02 15:31:39] [INFO] [ui][SetLevelGraphBuilder][processSemicircleArc]半圆弧: 24 -> 30, 类型: RIGHT_SEMICIRCLE_ARC
[2026-06-02 15:31:39] [INFO] [ui][SetLevelGraphBuilder][processSemicircleArc]绘制半圆弧 25 -> 31, 类型: RIGHT_SEMICIRCLE_ARC, 起点(1216,272), 终点(1216,482)
[2026-06-02 15:31:39] [INFO] [ui][SetLevelGraphBuilder][processSemicircleArc]半圆弧: 25 -> 31, 类型: RIGHT_SEMICIRCLE_ARC
[2026-06-02 15:31:39] [INFO] [ui][SetLevelGraphBuilder][processSemicircleArc]绘制半圆弧 26 -> 32, 类型: LEFT_SEMICIRCLE_ARC, 起点(1356,272), 终点(1356,482)
[2026-06-02 15:31:39] [INFO] [ui][SetLevelGraphBuilder][processSemicircleArc]半圆弧: 26 -> 32, 类型: LEFT_SEMICIRCLE_ARC
[2026-06-02 15:31:39] [INFO] [ui][SetLevelGraphBuilder][processSemicircleArc]绘制半圆弧 27 -> 33, 类型: LEFT_SEMICIRCLE_ARC, 起点(1362,272), 终点(1362,482)
[2026-06-02 15:31:39] [INFO] [ui][SetLevelGraphBuilder][processSemicircleArc]半圆弧: 27 -> 33, 类型: LEFT_SEMICIRCLE_ARC
[2026-06-02 15:31:39] [INFO] [ui][SetLevelGraphBuilder][processVirtualLine]虚线: 29 -> 35, 类型: VERTICAL_VIRTUAL_LINE, 起点(20,482), 终点(20,488)
[2026-06-02 15:31:39] [INFO] [ui][SetLevelGraphBuilder][processStraightLine]直线: 35 -> 36, 长度: 70, 起点(20,488), 终点(90,488)
[2026-06-02 15:31:39] [INFO] [ui][SetLevelGraphBuilder][createFrameDevice]成功为节点ID=36设置Set信息: uiId=36, setId=12033~12036, 压力范围=0.00~0.00Mpa, 流量平均值=0.00L/Min, 湿度范围=0.00~0.00%
[2026-06-02 15:31:39] [INFO] [ui][SetLevelGraphBuilder][createFrameDevice]创建FrameDevice: ID=36, 轨道坐标=(90, 488), 实际坐标=(30, 496), 位置=BELOW
[2026-06-02 15:31:39] [INFO] [ui][SetLevelGraphBuilder][processNode]创建SET节点: ID=36
[2026-06-02 15:31:39] [INFO] [ui][SetLevelGraphBuilder][processStraightLine]直线: 36 -> 37, 长度: 140, 起点(90,488), 终点(230,488)
[2026-06-02 15:31:39] [INFO] [ui][SetLevelGraphBuilder][createFrameDevice]成功为节点ID=37设置Set信息: uiId=37, setId=12037~12040, 压力范围=0.00~0.00Mpa, 流量平均值=0.00L/Min, 湿度范围=0.00~0.00%
[2026-06-02 15:31:39] [INFO] [ui][SetLevelGraphBuilder][createFrameDevice]创建FrameDevice: ID=37, 轨道坐标=(230, 488), 实际坐标=(170, 496), 位置=BELOW
[2026-06-02 15:31:39] [INFO] [ui][SetLevelGraphBuilder][processNode]创建SET节点: ID=37
[2026-06-02 15:31:39] [INFO] [ui][SetLevelGraphBuilder][processStraightLine]直线: 37 -> 38, 长度: 140, 起点(230,488), 终点(370,488)
[2026-06-02 15:31:39] [INFO] [ui][SetLevelGraphBuilder][createFrameDevice]成功为节点ID=38设置Set信息: uiId=38, setId=12041~12044, 压力范围=0.00~0.00Mpa, 流量平均值=0.00L/Min, 湿度范围=0.00~0.00%
[2026-06-02 15:31:39] [INFO] [ui][SetLevelGraphBuilder][createFrameDevice]创建FrameDevice: ID=38, 轨道坐标=(370, 488), 实际坐标=(310, 496), 位置=BELOW
[2026-06-02 15:31:39] [INFO] [ui][SetLevelGraphBuilder][processNode]创建SET节点: ID=38
[2026-06-02 15:31:39] [INFO] [ui][SetLevelGraphBuilder][processStraightLine]直线: 38 -> 39, 长度: 140, 起点(370,488), 终点(510,488)
[2026-06-02 15:31:39] [INFO] [ui][SetLevelGraphBuilder][createFrameDevice]成功为节点ID=39设置Set信息: uiId=39, setId=12045~12048, 压力范围=0.00~0.00Mpa, 流量平均值=0.00L/Min, 湿度范围=0.00~0.00%
[2026-06-02 15:31:39] [INFO] [ui][SetLevelGraphBuilder][createFrameDevice]创建FrameDevice: ID=39, 轨道坐标=(510, 488), 实际坐标=(450, 496), 位置=BELOW
[2026-06-02 15:31:39] [INFO] [ui][SetLevelGraphBuilder][processNode]创建SET节点: ID=39
[2026-06-02 15:31:39] [INFO] [ui][SetLevelGraphBuilder][processStraightLine]直线: 39 -> 40, 长度: 140, 起点(510,488), 终点(650,488)
[2026-06-02 15:31:39] [INFO] [ui][SetLevelGraphBuilder][createFrameDevice]成功为节点ID=40设置Set信息: uiId=40, setId=12049~12052, 压力范围=0.00~0.00Mpa, 流量平均值=0.00L/Min, 湿度范围=0.00~0.00%
[2026-06-02 15:31:39] [INFO] [ui][SetLevelGraphBuilder][createFrameDevice]创建FrameDevice: ID=40, 轨道坐标=(650, 488), 实际坐标=(590, 496), 位置=BELOW
[2026-06-02 15:31:39] [INFO] [ui][SetLevelGraphBuilder][processNode]创建SET节点: ID=40
[2026-06-02 15:31:39] [INFO] [ui][SetLevelGraphBuilder][processStraightLine]直线: 40 -> 41, 长度: 140, 起点(650,488), 终点(790,488)
[2026-06-02 15:31:39] [INFO] [ui][SetLevelGraphBuilder][createFrameDevice]成功为节点ID=41设置Set信息: uiId=41, setId=12053~12056, 压力范围=0.00~0.00Mpa, 流量平均值=0.00L/Min, 湿度范围=0.00~0.00%
[2026-06-02 15:31:39] [INFO] [ui][SetLevelGraphBuilder][createFrameDevice]创建FrameDevice: ID=41, 轨道坐标=(790, 488), 实际坐标=(730, 496), 位置=BELOW
[2026-06-02 15:31:39] [INFO] [ui][SetLevelGraphBuilder][processNode]创建SET节点: ID=41
[2026-06-02 15:31:39] [INFO] [ui][SetLevelGraphBuilder][processStraightLine]直线: 41 -> 42, 长度: 140, 起点(790,488), 终点(930,488)
[2026-06-02 15:31:39] [INFO] [ui][SetLevelGraphBuilder][createFrameDevice]成功为节点ID=42设置Set信息: uiId=42, setId=12057~12060, 压力范围=0.00~0.00Mpa, 流量平均值=0.00L/Min, 湿度范围=0.00~0.00%
[2026-06-02 15:31:39] [INFO] [ui][SetLevelGraphBuilder][createFrameDevice]创建FrameDevice: ID=42, 轨道坐标=(930, 488), 实际坐标=(870, 496), 位置=BELOW
[2026-06-02 15:31:39] [INFO] [ui][SetLevelGraphBuilder][processNode]创建SET节点: ID=42
[2026-06-02 15:31:39] [INFO] [ui][SetLevelGraphBuilder][processStraightLine]直线: 42 -> 43, 长度: 140, 起点(930,488), 终点(1070,488)
[2026-06-02 15:31:39] [INFO] [ui][SetLevelGraphBuilder][createFrameDevice]成功为节点ID=43设置Set信息: uiId=43, setId=12061~12064, 压力范围=0.00~0.00Mpa, 流量平均值=0.00L/Min, 湿度范围=0.00~0.00%
[2026-06-02 15:31:39] [INFO] [ui][SetLevelGraphBuilder][createFrameDevice]创建FrameDevice: ID=43, 轨道坐标=(1070, 488), 实际坐标=(1010, 496), 位置=BELOW
[2026-06-02 15:31:39] [INFO] [ui][SetLevelGraphBuilder][processNode]创建SET节点: ID=43
[2026-06-02 15:31:39] [INFO] [ui][SetLevelGraphBuilder][processStraightLine]直线: 43 -> 2, 长度: 322 + 偏移: 22 = 344, 起点(1070,488), 终点(1414,488)
[2026-06-02 15:31:39] [INFO] [ui][SetLevelGraphBuilder][createFrameDevice]成功为节点ID=2设置Set信息: uiId=2, setId=12065~12068, 压力范围=0.00~0.00Mpa, 流量平均值=0.00L/Min, 湿度范围=0.00~0.00%
[2026-06-02 15:31:39] [INFO] [ui][SetLevelGraphBuilder][createFrameDevice]创建FrameDevice: ID=2, 轨道坐标=(1414, 488), 实际坐标=(1354, 496), 位置=BELOW
[2026-06-02 15:31:39] [INFO] [ui][SetLevelGraphBuilder][processNode]创建SET节点: ID=2
[2026-06-02 15:31:39] [INFO] [ui][SetLevelGraphBuilder][processStraightLine]直线: 2 -> 3, 长度: 140, 起点(1414,488), 终点(1554,488)
[2026-06-02 15:31:39] [INFO] [ui][SetLevelGraphBuilder][createFrameDevice]成功为节点ID=3设置Set信息: uiId=3, setId=12069~12072, 压力范围=0.00~0.00Mpa, 流量平均值=0.00L/Min, 湿度范围=0.00~0.00%
[2026-06-02 15:31:39] [INFO] [ui][SetLevelGraphBuilder][createFrameDevice]创建FrameDevice: ID=3, 轨道坐标=(1554, 488), 实际坐标=(1494, 496), 位置=BELOW
[2026-06-02 15:31:39] [INFO] [ui][SetLevelGraphBuilder][processNode]创建SET节点: ID=3
[2026-06-02 15:31:39] [INFO] [ui][SetLevelGraphBuilder][processStraightLine]直线: 3 -> 4, 长度: 140, 起点(1554,488), 终点(1694,488)
[2026-06-02 15:31:39] [INFO] [ui][SetLevelGraphBuilder][createFrameDevice]成功为节点ID=4设置Set信息: uiId=4, setId=12073~12076, 压力范围=0.00~0.00Mpa, 流量平均值=0.00L/Min, 湿度范围=0.00~0.00%
[2026-06-02 15:31:39] [INFO] [ui][SetLevelGraphBuilder][createFrameDevice]创建FrameDevice: ID=4, 轨道坐标=(1694, 488), 实际坐标=(1634, 496), 位置=BELOW
[2026-06-02 15:31:39] [INFO] [ui][SetLevelGraphBuilder][processNode]创建SET节点: ID=4
[2026-06-02 15:31:39] [INFO] [ui][SetLevelGraphBuilder][processStraightLine]直线: 4 -> 5, 长度: 140, 起点(1694,488), 终点(1834,488)
[2026-06-02 15:31:39] [INFO] [ui][SetLevelGraphBuilder][createFrameDevice]成功为节点ID=5设置Set信息: uiId=5, setId=12077~12080, 压力范围=0.00~0.00Mpa, 流量平均值=0.00L/Min, 湿度范围=0.00~0.00%
[2026-06-02 15:31:39] [INFO] [ui][SetLevelGraphBuilder][createFrameDevice]创建FrameDevice: ID=5, 轨道坐标=(1834, 488), 实际坐标=(1774, 496), 位置=BELOW
[2026-06-02 15:31:39] [INFO] [ui][SetLevelGraphBuilder][processNode]创建SET节点: ID=5
[2026-06-02 15:31:39] [INFO] [ui][SetLevelGraphBuilder][processStraightLine]直线: 5 -> 44, 长度: 350 + 偏移: 140 = 490, 起点(1834,488), 终点(2324,488)
[2026-06-02 15:31:39] [INFO] [ui][SetLevelGraphBuilder][layoutAndDraw]布局和绘制完成
[2026-06-02 15:31:39] [INFO] [ui][SetLevelGraphBuilder][buildGraph] 阶段(2): 绘制图像界面完成
[2026-06-02 15:31:39] [INFO] [ui][SetLevelGraphBuilder][buildGraph] 阶段(3): 布局图重构完毕
[2026-06-02 15:31:39] [INFO] [ui][SetLevelGraphBuilder][buildGraph] 图构建完成
[2026-06-02 15:31:39] [INFO] ====================Set视图天车轨道布局图重构  结束====================
[2026-06-02 15:34:09] [INFO] [ui][SetLevelGraphBuilder][setStartNodePosition] 设置起始节点坐标: (20, 120)
[2026-06-02 15:34:09] [INFO] [ui][FoupLevelGraphBuilder][setStartNodePosition]设置起始节点坐标: (20, 120)
[2026-06-02 15:34:09] [INFO] ====================天车轨道布局图配置文件解析 开始====================
[2026-06-02 15:34:09] [INFO] [ui][GraphConfig][parse]解析阶段(1): 解析GraphConfig标签开始
[2026-06-02 15:34:09] [INFO] [ui][GraphConfig][parseGraphSettings]图类型: 无向图
[2026-06-02 15:34:09] [INFO] [ui][GraphConfig][parseGraphSettings]设备控件尺寸: 120, 间距: 20
[2026-06-02 15:34:09] [INFO] [ui][GraphConfig][parse]解析阶段(1): 解析GraphConfig标签完成
[2026-06-02 15:34:09] [INFO] [ui][GraphConfig][parseEdges]解析阶段(2): 解析Edges标签
[2026-06-02 15:34:09] [INFO] [ui][GraphConfig][parseEdges]找到49条边数据
[2026-06-02 15:34:09] [INFO] [ui][GraphConfig][processNode]SET节点文档顺序#0: 设置 setOfOHBInfoList[0].uiId = 6
[2026-06-02 15:34:09] [INFO] [ui][GraphConfig][parseEdges]解析阶段(3):收集TRACK节点: ID=1
[2026-06-02 15:34:09] [INFO] [ui][GraphConfig][parseEdges]解析阶段(3):收集SET节点: ID=6, QRCode=11005, Count=4, Position=ABOVE
[2026-06-02 15:34:09] [INFO] [ui][GraphConfig][parseEdges]解析阶段(4):成功解析边: 1 -> 6，类型: STRAIGHT_LINE，大小: 840
[2026-06-02 15:34:09] [INFO] [ui][GraphConfig][processNode]SET节点文档顺序#1: 设置 setOfOHBInfoList[1].uiId = 7
[2026-06-02 15:34:09] [INFO] [ui][GraphConfig][parseEdges]解析阶段(3):收集SET节点: ID=7, QRCode=11006, Count=4, Position=ABOVE
[2026-06-02 15:34:09] [INFO] [ui][GraphConfig][parseEdges]解析阶段(4):成功解析边: 6 -> 7，类型: STRAIGHT_LINE，大小: 140
[2026-06-02 15:34:09] [INFO] [ui][GraphConfig][processNode]SET节点文档顺序#2: 设置 setOfOHBInfoList[2].uiId = 8
[2026-06-02 15:34:09] [INFO] [ui][GraphConfig][parseEdges]解析阶段(3):收集SET节点: ID=8, QRCode=11007, Count=4, Position=ABOVE
[2026-06-02 15:34:09] [INFO] [ui][GraphConfig][parseEdges]解析阶段(4):成功解析边: 7 -> 8，类型: STRAIGHT_LINE，大小: 420
[2026-06-02 15:34:09] [INFO] [ui][GraphConfig][processNode]SET节点文档顺序#3: 设置 setOfOHBInfoList[3].uiId = 9
[2026-06-02 15:34:09] [INFO] [ui][GraphConfig][parseEdges]解析阶段(3):收集SET节点: ID=9, QRCode=11008, Count=4, Position=ABOVE
[2026-06-02 15:34:09] [INFO] [ui][GraphConfig][parseEdges]解析阶段(4):成功解析边: 8 -> 9，类型: STRAIGHT_LINE，大小: 140
[2026-06-02 15:34:09] [INFO] [ui][GraphConfig][processNode]SET节点文档顺序#4: 设置 setOfOHBInfoList[4].uiId = 10
[2026-06-02 15:34:09] [INFO] [ui][GraphConfig][parseEdges]解析阶段(3):收集SET节点: ID=10, QRCode=11009, Count=4, Position=ABOVE
[2026-06-02 15:34:09] [INFO] [ui][GraphConfig][parseEdges]解析阶段(4):成功解析边: 9 -> 10，类型: STRAIGHT_LINE，大小: 140
[2026-06-02 15:34:09] [INFO] [ui][GraphConfig][processNode]SET节点文档顺序#5: 设置 setOfOHBInfoList[5].uiId = 11
[2026-06-02 15:34:09] [INFO] [ui][GraphConfig][parseEdges]解析阶段(3):收集SET节点: ID=11, QRCode=11010, Count=4, Position=ABOVE
[2026-06-02 15:34:09] [INFO] [ui][GraphConfig][parseEdges]解析阶段(4):成功解析边: 10 -> 11，类型: STRAIGHT_LINE，大小: 140
[2026-06-02 15:34:09] [INFO] [ui][GraphConfig][processNode]SET节点文档顺序#6: 设置 setOfOHBInfoList[6].uiId = 12
[2026-06-02 15:34:09] [INFO] [ui][GraphConfig][parseEdges]解析阶段(3):收集SET节点: ID=12, QRCode=11011, Count=4, Position=ABOVE
[2026-06-02 15:34:09] [INFO] [ui][GraphConfig][parseEdges]解析阶段(4):成功解析边: 11 -> 12，类型: STRAIGHT_LINE，大小: 140
[2026-06-02 15:34:09] [INFO] [ui][GraphConfig][processNode]SET节点文档顺序#7: 设置 setOfOHBInfoList[7].uiId = 13
[2026-06-02 15:34:09] [INFO] [ui][GraphConfig][parseEdges]解析阶段(3):收集SET节点: ID=13, QRCode=11012, Count=4, Position=ABOVE
[2026-06-02 15:34:09] [INFO] [ui][GraphConfig][parseEdges]解析阶段(4):成功解析边: 12 -> 13，类型: STRAIGHT_LINE，大小: 140
[2026-06-02 15:34:09] [INFO] [ui][GraphConfig][parseEdges]解析阶段(3):收集TRACK节点: ID=14
[2026-06-02 15:34:09] [INFO] [ui][GraphConfig][parseEdges]解析阶段(4):成功解析边: 13 -> 14，类型: STRAIGHT_LINE，大小: 70，FoupLevel偏移: 416，SetLevel偏移: 118
[2026-06-02 15:34:09] [INFO] [ui][GraphConfig][parseEdges]解析阶段(3):收集TRACK节点: ID=15
[2026-06-02 15:34:09] [INFO] [ui][GraphConfig][parseEdges]解析阶段(4):成功解析边: 1 -> 15，类型: VERTICAL_VIRTUAL_LINE，大小: 6
[2026-06-02 15:34:09] [INFO] [ui][GraphConfig][parseEdges]解析阶段(3):收集TRACK节点: ID=16
[2026-06-02 15:34:09] [INFO] [ui][GraphConfig][parseEdges]解析阶段(4):成功解析边: 15 -> 16，类型: STRAIGHT_LINE，大小: 560
[2026-06-02 15:34:09] [INFO] [ui][GraphConfig][parseEdges]解析阶段(3):收集TRACK节点: ID=17
[2026-06-02 15:34:09] [INFO] [ui][GraphConfig][parseEdges]解析阶段(4):成功解析边: 16 -> 17，类型: HORIZONTAL_VIRTUAL_LINE，大小: 6
[2026-06-02 15:34:09] [INFO] [ui][GraphConfig][parseEdges]解析阶段(3):收集TRACK节点: ID=18
[2026-06-02 15:34:09] [INFO] [ui][GraphConfig][parseEdges]解析阶段(4):成功解析边: 17 -> 18，类型: STRAIGHT_LINE，大小: 1722，FoupLevel偏移: 194，SetLevel偏移: 0
[2026-06-02 15:34:09] [INFO] [ui][GraphConfig][parseEdges]解析阶段(3):收集TRACK节点: ID=19
[2026-06-02 15:34:09] [INFO] [ui][GraphConfig][parseEdges]解析阶段(4):成功解析边: 15 -> 19，类型: VERTICAL_VIRTUAL_LINE，大小: 140
[2026-06-02 15:34:09] [INFO] [ui][GraphConfig][parseEdges]解析阶段(3):收集TRACK节点: ID=20
[2026-06-02 15:34:09] [INFO] [ui][GraphConfig][parseEdges]解析阶段(4):成功解析边: 19 -> 20，类型: STRAIGHT_LINE，大小: 700
[2026-06-02 15:34:09] [INFO] [ui][GraphConfig][parseEdges]解析阶段(3):收集TRACK节点: ID=21
[2026-06-02 15:34:09] [INFO] [ui][GraphConfig][parseEdges]解析阶段(4):成功解析边: 20 -> 21，类型: HORIZONTAL_VIRTUAL_LINE，大小: 6
[2026-06-02 15:34:09] [INFO] [ui][GraphConfig][parseEdges]解析阶段(3):收集TRACK节点: ID=22
[2026-06-02 15:34:09] [INFO] [ui][GraphConfig][parseEdges]解析阶段(4):成功解析边: 21 -> 22，类型: STRAIGHT_LINE，大小: 1582，FoupLevel偏移: 190，SetLevel偏移: 10
[2026-06-02 15:34:09] [INFO] [ui][GraphConfig][parseEdges]解析阶段(4):成功解析边: 16 -> 20，类型: REVERSE_S_CURVE，大小: 140
[2026-06-02 15:34:09] [INFO] [ui][GraphConfig][parseEdges]解析阶段(4):成功解析边: 17 -> 21，类型: REVERSE_S_CURVE，大小: 140
[2026-06-02 15:34:09] [INFO] [ui][GraphConfig][parseEdges]解析阶段(3):收集TRACK节点: ID=23
[2026-06-02 15:34:09] [INFO] [ui][GraphConfig][parseEdges]解析阶段(4):成功解析边: 19 -> 23，类型: VERTICAL_VIRTUAL_LINE，大小: 6
[2026-06-02 15:34:09] [INFO] [ui][GraphConfig][parseEdges]解析阶段(3):收集TRACK节点: ID=24
[2026-06-02 15:34:09] [INFO] [ui][GraphConfig][parseEdges]解析阶段(4):成功解析边: 23 -> 24，类型: STRAIGHT_LINE，大小: 1190
[2026-06-02 15:34:09] [INFO] [ui][GraphConfig][parseEdges]解析阶段(3):收集TRACK节点: ID=25
[2026-06-02 15:34:09] [INFO] [ui][GraphConfig][parseEdges]解析阶段(4):成功解析边: 24 -> 25，类型: HORIZONTAL_VIRTUAL_LINE，大小: 6
[2026-06-02 15:34:09] [INFO] [ui][GraphConfig][parseEdges]解析阶段(3):收集TRACK节点: ID=26
[2026-06-02 15:34:09] [INFO] [ui][GraphConfig][parseEdges]解析阶段(4):成功解析边: 25 -> 26，类型: STRAIGHT_LINE，大小: 140
[2026-06-02 15:34:09] [INFO] [ui][GraphConfig][parseEdges]解析阶段(3):收集TRACK节点: ID=27
[2026-06-02 15:34:09] [INFO] [ui][GraphConfig][parseEdges]解析阶段(4):成功解析边: 26 -> 27，类型: HORIZONTAL_VIRTUAL_LINE，大小: 6
[2026-06-02 15:34:09] [INFO] [ui][GraphConfig][parseEdges]解析阶段(3):收集TRACK节点: ID=28
[2026-06-02 15:34:09] [INFO] [ui][GraphConfig][parseEdges]解析阶段(4):成功解析边: 27 -> 28，类型: STRAIGHT_LINE，大小: 980，FoupLevel偏移: 86，SetLevel偏移: -24
[2026-06-02 15:34:09] [INFO] [ui][GraphConfig][parseEdges]解析阶段(3):收集TRACK节点: ID=29
[2026-06-02 15:34:09] [INFO] [ui][GraphConfig][parseEdges]解析阶段(4):成功解析边: 23 -> 29，类型: VERTICAL_VIRTUAL_LINE，大小: 210
[2026-06-02 15:34:09] [INFO] [ui][GraphConfig][parseEdges]解析阶段(3):收集TRACK节点: ID=30
[2026-06-02 15:34:09] [INFO] [ui][GraphConfig][parseEdges]解析阶段(4):成功解析边: 29 -> 30，类型: STRAIGHT_LINE，大小: 1190
[2026-06-02 15:34:09] [INFO] [ui][GraphConfig][parseEdges]解析阶段(3):收集TRACK节点: ID=31
[2026-06-02 15:34:09] [INFO] [ui][GraphConfig][parseEdges]解析阶段(4):成功解析边: 30 -> 31，类型: HORIZONTAL_VIRTUAL_LINE，大小: 6
[2026-06-02 15:34:09] [INFO] [ui][GraphConfig][parseEdges]解析阶段(3):收集TRACK节点: ID=32
[2026-06-02 15:34:09] [INFO] [ui][GraphConfig][parseEdges]解析阶段(4):成功解析边: 31 -> 32，类型: STRAIGHT_LINE，大小: 140
[2026-06-02 15:34:09] [INFO] [ui][GraphConfig][parseEdges]解析阶段(3):收集TRACK节点: ID=33
[2026-06-02 15:34:09] [INFO] [ui][GraphConfig][parseEdges]解析阶段(4):成功解析边: 32 -> 33，类型: HORIZONTAL_VIRTUAL_LINE，大小: 6
[2026-06-02 15:34:09] [INFO] [ui][GraphConfig][parseEdges]解析阶段(3):收集TRACK节点: ID=34
[2026-06-02 15:34:09] [INFO] [ui][GraphConfig][parseEdges]解析阶段(4):成功解析边: 33 -> 34，类型: STRAIGHT_LINE，大小: 770，FoupLevel偏移: 828，SetLevel偏移: 190
[2026-06-02 15:34:09] [INFO] [ui][GraphConfig][parseEdges]解析阶段(4):成功解析边: 24 -> 30，类型: RIGHT_SEMICIRCLE_ARC，大小: 210
[2026-06-02 15:34:09] [INFO] [ui][GraphConfig][parseEdges]解析阶段(4):成功解析边: 25 -> 31，类型: RIGHT_SEMICIRCLE_ARC，大小: 210
[2026-06-02 15:34:09] [INFO] [ui][GraphConfig][parseEdges]解析阶段(4):成功解析边: 26 -> 32，类型: LEFT_SEMICIRCLE_ARC，大小: 210
[2026-06-02 15:34:09] [INFO] [ui][GraphConfig][parseEdges]解析阶段(4):成功解析边: 27 -> 33，类型: LEFT_SEMICIRCLE_ARC，大小: 210
[2026-06-02 15:34:09] [INFO] [ui][GraphConfig][parseEdges]解析阶段(3):收集TRACK节点: ID=35
[2026-06-02 15:34:09] [INFO] [ui][GraphConfig][parseEdges]解析阶段(4):成功解析边: 29 -> 35，类型: VERTICAL_VIRTUAL_LINE，大小: 6
[2026-06-02 15:34:09] [INFO] [ui][GraphConfig][processNode]SET节点文档顺序#8: 设置 setOfOHBInfoList[8].uiId = 36
[2026-06-02 15:34:09] [INFO] [ui][GraphConfig][parseEdges]解析阶段(3):收集SET节点: ID=36, QRCode=11036, Count=4, Position=BELOW
[2026-06-02 15:34:09] [INFO] [ui][GraphConfig][parseEdges]解析阶段(4):成功解析边: 35 -> 36，类型: STRAIGHT_LINE，大小: 70
[2026-06-02 15:34:09] [INFO] [ui][GraphConfig][processNode]SET节点文档顺序#9: 设置 setOfOHBInfoList[9].uiId = 37
[2026-06-02 15:34:09] [INFO] [ui][GraphConfig][parseEdges]解析阶段(3):收集SET节点: ID=37, QRCode=11037, Count=4, Position=BELOW
[2026-06-02 15:34:09] [INFO] [ui][GraphConfig][parseEdges]解析阶段(4):成功解析边: 36 -> 37，类型: STRAIGHT_LINE，大小: 140
[2026-06-02 15:34:09] [INFO] [ui][GraphConfig][processNode]SET节点文档顺序#10: 设置 setOfOHBInfoList[10].uiId = 38
[2026-06-02 15:34:09] [INFO] [ui][GraphConfig][parseEdges]解析阶段(3):收集SET节点: ID=38, QRCode=11038, Count=4, Position=BELOW
[2026-06-02 15:34:09] [INFO] [ui][GraphConfig][parseEdges]解析阶段(4):成功解析边: 37 -> 38，类型: STRAIGHT_LINE，大小: 140
[2026-06-02 15:34:09] [INFO] [ui][GraphConfig][processNode]SET节点文档顺序#11: 设置 setOfOHBInfoList[11].uiId = 39
[2026-06-02 15:34:09] [INFO] [ui][GraphConfig][parseEdges]解析阶段(3):收集SET节点: ID=39, QRCode=11039, Count=4, Position=BELOW
[2026-06-02 15:34:09] [INFO] [ui][GraphConfig][parseEdges]解析阶段(4):成功解析边: 38 -> 39，类型: STRAIGHT_LINE，大小: 140
[2026-06-02 15:34:09] [INFO] [ui][GraphConfig][processNode]SET节点文档顺序#12: 设置 setOfOHBInfoList[12].uiId = 40
[2026-06-02 15:34:09] [INFO] [ui][GraphConfig][parseEdges]解析阶段(3):收集SET节点: ID=40, QRCode=11040, Count=4, Position=BELOW
[2026-06-02 15:34:09] [INFO] [ui][GraphConfig][parseEdges]解析阶段(4):成功解析边: 39 -> 40，类型: STRAIGHT_LINE，大小: 140
[2026-06-02 15:34:09] [INFO] [ui][GraphConfig][processNode]SET节点文档顺序#13: 设置 setOfOHBInfoList[13].uiId = 41
[2026-06-02 15:34:09] [INFO] [ui][GraphConfig][parseEdges]解析阶段(3):收集SET节点: ID=41, QRCode=11041, Count=4, Position=BELOW
[2026-06-02 15:34:09] [INFO] [ui][GraphConfig][parseEdges]解析阶段(4):成功解析边: 40 -> 41，类型: STRAIGHT_LINE，大小: 140
[2026-06-02 15:34:09] [INFO] [ui][GraphConfig][processNode]SET节点文档顺序#14: 设置 setOfOHBInfoList[14].uiId = 42
[2026-06-02 15:34:09] [INFO] [ui][GraphConfig][parseEdges]解析阶段(3):收集SET节点: ID=42, QRCode=11042, Count=4, Position=BELOW
[2026-06-02 15:34:09] [INFO] [ui][GraphConfig][parseEdges]解析阶段(4):成功解析边: 41 -> 42，类型: STRAIGHT_LINE，大小: 140
[2026-06-02 15:34:09] [INFO] [ui][GraphConfig][processNode]SET节点文档顺序#15: 设置 setOfOHBInfoList[15].uiId = 43
[2026-06-02 15:34:09] [INFO] [ui][GraphConfig][parseEdges]解析阶段(3):收集SET节点: ID=43, QRCode=11043, Count=4, Position=BELOW
[2026-06-02 15:34:09] [INFO] [ui][GraphConfig][parseEdges]解析阶段(4):成功解析边: 42 -> 43，类型: STRAIGHT_LINE，大小: 140
[2026-06-02 15:34:09] [INFO] [ui][GraphConfig][processNode]SET节点文档顺序#16: 设置 setOfOHBInfoList[16].uiId = 2
[2026-06-02 15:34:09] [INFO] [ui][GraphConfig][parseEdges]解析阶段(3):收集SET节点: ID=2, QRCode=11001, Count=4, Position=BELOW
[2026-06-02 15:34:09] [INFO] [ui][GraphConfig][parseEdges]解析阶段(4):成功解析边: 43 -> 2，类型: STRAIGHT_LINE，大小: 322，FoupLevel偏移: 0，SetLevel偏移: 22
[2026-06-02 15:34:09] [INFO] [ui][GraphConfig][processNode]SET节点文档顺序#17: 设置 setOfOHBInfoList[17].uiId = 3
[2026-06-02 15:34:09] [INFO] [ui][GraphConfig][parseEdges]解析阶段(3):收集SET节点: ID=3, QRCode=11002, Count=4, Position=BELOW
[2026-06-02 15:34:09] [INFO] [ui][GraphConfig][parseEdges]解析阶段(4):成功解析边: 2 -> 3，类型: STRAIGHT_LINE，大小: 140
[2026-06-02 15:34:09] [INFO] [ui][GraphConfig][processNode]SET节点文档顺序#18: 设置 setOfOHBInfoList[18].uiId = 4
[2026-06-02 15:34:09] [INFO] [ui][GraphConfig][parseEdges]解析阶段(3):收集SET节点: ID=4, QRCode=11003, Count=4, Position=BELOW
[2026-06-02 15:34:09] [INFO] [ui][GraphConfig][parseEdges]解析阶段(4):成功解析边: 3 -> 4，类型: STRAIGHT_LINE，大小: 140
[2026-06-02 15:34:09] [INFO] [ui][GraphConfig][processNode]SET节点文档顺序#19: 设置 setOfOHBInfoList[19].uiId = 5
[2026-06-02 15:34:09] [INFO] [ui][GraphConfig][parseEdges]解析阶段(3):收集SET节点: ID=5, QRCode=11004, Count=4, Position=BELOW
[2026-06-02 15:34:09] [INFO] [ui][GraphConfig][parseEdges]解析阶段(4):成功解析边: 4 -> 5，类型: STRAIGHT_LINE，大小: 140
[2026-06-02 15:34:09] [INFO] [ui][GraphConfig][parseEdges]解析阶段(3):收集TRACK节点: ID=44
[2026-06-02 15:34:09] [INFO] [ui][GraphConfig][parseEdges]解析阶段(4):成功解析边: 5 -> 44，类型: STRAIGHT_LINE，大小: 350，FoupLevel偏移: 450，SetLevel偏移: 140
[2026-06-02 15:34:09] [INFO] [ui][GraphConfig][parse]解析阶段(5): 配置文件解析完毕
[2026-06-02 15:34:09] [INFO] [ui][GraphConfig][parse]配置文件解析完成，节点数: 44，边数: 49
[2026-06-02 15:34:09] [INFO] ====================天车轨道布局图配置文件解析 结束====================
[2026-06-02 15:34:10] [INFO] ====================Set视图天车轨道布局图重构  开始====================
[2026-06-02 15:34:10] [INFO] [ui][SetLevelGraphBuilder][buildGraph] 开始构建图，节点数: 44，边数: 49
[2026-06-02 15:34:10] [DEBUG] [ui][Graph][addVertex] 添加顶点 1
[2026-06-02 15:34:10] [DEBUG] [ui][Graph][addVertex] 添加顶点 2
[2026-06-02 15:34:10] [DEBUG] [ui][Graph][addVertex] 添加顶点 3
[2026-06-02 15:34:10] [DEBUG] [ui][Graph][addVertex] 添加顶点 4
[2026-06-02 15:34:10] [DEBUG] [ui][Graph][addVertex] 添加顶点 5
[2026-06-02 15:34:10] [DEBUG] [ui][Graph][addVertex] 添加顶点 6
[2026-06-02 15:34:10] [DEBUG] [ui][Graph][addVertex] 添加顶点 7
[2026-06-02 15:34:10] [DEBUG] [ui][Graph][addVertex] 添加顶点 8
[2026-06-02 15:34:10] [DEBUG] [ui][Graph][addVertex] 添加顶点 9
[2026-06-02 15:34:10] [DEBUG] [ui][Graph][addVertex] 添加顶点 10
[2026-06-02 15:34:10] [DEBUG] [ui][Graph][addVertex] 添加顶点 11
[2026-06-02 15:34:10] [DEBUG] [ui][Graph][addVertex] 添加顶点 12
[2026-06-02 15:34:10] [DEBUG] [ui][Graph][addVertex] 添加顶点 13
[2026-06-02 15:34:10] [DEBUG] [ui][Graph][addVertex] 添加顶点 14
[2026-06-02 15:34:10] [DEBUG] [ui][Graph][addVertex] 添加顶点 15
[2026-06-02 15:34:10] [DEBUG] [ui][Graph][addVertex] 添加顶点 16
[2026-06-02 15:34:10] [DEBUG] [ui][Graph][addVertex] 添加顶点 17
[2026-06-02 15:34:10] [DEBUG] [ui][Graph][addVertex] 添加顶点 18
[2026-06-02 15:34:10] [DEBUG] [ui][Graph][addVertex] 添加顶点 19
[2026-06-02 15:34:10] [DEBUG] [ui][Graph][addVertex] 添加顶点 20
[2026-06-02 15:34:10] [DEBUG] [ui][Graph][addVertex] 添加顶点 21
[2026-06-02 15:34:10] [DEBUG] [ui][Graph][addVertex] 添加顶点 22
[2026-06-02 15:34:10] [DEBUG] [ui][Graph][addVertex] 添加顶点 23
[2026-06-02 15:34:10] [DEBUG] [ui][Graph][addVertex] 添加顶点 24
[2026-06-02 15:34:10] [DEBUG] [ui][Graph][addVertex] 添加顶点 25
[2026-06-02 15:34:10] [DEBUG] [ui][Graph][addVertex] 添加顶点 26
[2026-06-02 15:34:10] [DEBUG] [ui][Graph][addVertex] 添加顶点 27
[2026-06-02 15:34:10] [DEBUG] [ui][Graph][addVertex] 添加顶点 28
[2026-06-02 15:34:10] [DEBUG] [ui][Graph][addVertex] 添加顶点 29
[2026-06-02 15:34:10] [DEBUG] [ui][Graph][addVertex] 添加顶点 30
[2026-06-02 15:34:10] [DEBUG] [ui][Graph][addVertex] 添加顶点 31
[2026-06-02 15:34:10] [DEBUG] [ui][Graph][addVertex] 添加顶点 32
[2026-06-02 15:34:10] [DEBUG] [ui][Graph][addVertex] 添加顶点 33
[2026-06-02 15:34:10] [DEBUG] [ui][Graph][addVertex] 添加顶点 34
[2026-06-02 15:34:10] [DEBUG] [ui][Graph][addVertex] 添加顶点 35
[2026-06-02 15:34:10] [DEBUG] [ui][Graph][addVertex] 添加顶点 36
[2026-06-02 15:34:10] [DEBUG] [ui][Graph][addVertex] 添加顶点 37
[2026-06-02 15:34:10] [DEBUG] [ui][Graph][addVertex] 添加顶点 38
[2026-06-02 15:34:10] [DEBUG] [ui][Graph][addVertex] 添加顶点 39
[2026-06-02 15:34:10] [DEBUG] [ui][Graph][addVertex] 添加顶点 40
[2026-06-02 15:34:10] [DEBUG] [ui][Graph][addVertex] 添加顶点 41
[2026-06-02 15:34:10] [DEBUG] [ui][Graph][addVertex] 添加顶点 42
[2026-06-02 15:34:10] [DEBUG] [ui][Graph][addVertex] 添加顶点 43
[2026-06-02 15:34:10] [DEBUG] [ui][Graph][addVertex] 添加顶点 44
[2026-06-02 15:34:10] [DEBUG] [ui][Graph][addVertex] 顶点 1 已存在，跳过
[2026-06-02 15:34:10] [DEBUG] [ui][Graph][addVertex] 顶点 6 已存在，跳过
[2026-06-02 15:34:10] [DEBUG] [ui][Graph][addEdge] 添加边 (1,6)
[2026-06-02 15:34:10] [DEBUG] [ui][Graph][addVertex] 顶点 6 已存在，跳过
[2026-06-02 15:34:10] [DEBUG] [ui][Graph][addVertex] 顶点 7 已存在，跳过
[2026-06-02 15:34:10] [DEBUG] [ui][Graph][addEdge] 添加边 (6,7)
[2026-06-02 15:34:10] [DEBUG] [ui][Graph][addVertex] 顶点 7 已存在，跳过
[2026-06-02 15:34:10] [DEBUG] [ui][Graph][addVertex] 顶点 8 已存在，跳过
[2026-06-02 15:34:10] [DEBUG] [ui][Graph][addEdge] 添加边 (7,8)
[2026-06-02 15:34:10] [DEBUG] [ui][Graph][addVertex] 顶点 8 已存在，跳过
[2026-06-02 15:34:10] [DEBUG] [ui][Graph][addVertex] 顶点 9 已存在，跳过
[2026-06-02 15:34:10] [DEBUG] [ui][Graph][addEdge] 添加边 (8,9)
[2026-06-02 15:34:10] [DEBUG] [ui][Graph][addVertex] 顶点 9 已存在，跳过
[2026-06-02 15:34:10] [DEBUG] [ui][Graph][addVertex] 顶点 10 已存在，跳过
[2026-06-02 15:34:10] [DEBUG] [ui][Graph][addEdge] 添加边 (9,10)
[2026-06-02 15:34:10] [DEBUG] [ui][Graph][addVertex] 顶点 11 已存在，跳过
[2026-06-02 15:34:10] [DEBUG] [ui][Graph][addVertex] 顶点 12 已存在，跳过
[2026-06-02 15:34:10] [DEBUG] [ui][Graph][addEdge] 添加边 (11,12)
[2026-06-02 15:34:10] [DEBUG] [ui][Graph][addVertex] 顶点 12 已存在，跳过
[2026-06-02 15:34:10] [DEBUG] [ui][Graph][addVertex] 顶点 13 已存在，跳过
[2026-06-02 15:34:10] [DEBUG] [ui][Graph][addEdge] 添加边 (12,13)
[2026-06-02 15:34:10] [DEBUG] [ui][Graph][addVertex] 顶点 13 已存在，跳过
[2026-06-02 15:34:10] [DEBUG] [ui][Graph][addVertex] 顶点 14 已存在，跳过
[2026-06-02 15:34:10] [DEBUG] [ui][Graph][addEdge] 添加边 (13,14)
[2026-06-02 15:34:10] [DEBUG] [ui][Graph][addVertex] 顶点 1 已存在，跳过
[2026-06-02 15:34:10] [DEBUG] [ui][Graph][addVertex] 顶点 15 已存在，跳过
[2026-06-02 15:34:10] [DEBUG] [ui][Graph][addEdge] 添加边 (1,15)
[2026-06-02 15:34:10] [DEBUG] [ui][Graph][addVertex] 顶点 15 已存在，跳过
[2026-06-02 15:34:10] [DEBUG] [ui][Graph][addVertex] 顶点 16 已存在，跳过
[2026-06-02 15:34:10] [DEBUG] [ui][Graph][addVertex] 顶点 11 已存在，跳过
[2026-06-02 15:34:10] [DEBUG] [ui][Graph][addEdge] 添加边 (15,16)
[2026-06-02 15:34:10] [DEBUG] [ui][Graph][addVertex] 顶点 16 已存在，跳过
[2026-06-02 15:34:10] [DEBUG] [ui][Graph][addVertex] 顶点 17 已存在，跳过
[2026-06-02 15:34:10] [DEBUG] [ui][Graph][addEdge] 添加边 (16,17)
[2026-06-02 15:34:10] [DEBUG] [ui][Graph][addVertex] 顶点 17 已存在，跳过
[2026-06-02 15:34:10] [DEBUG] [ui][Graph][addVertex] 顶点 18 已存在，跳过
[2026-06-02 15:34:10] [DEBUG] [ui][Graph][addEdge] 添加边 (17,18)
[2026-06-02 15:34:10] [DEBUG] [ui][Graph][addVertex] 顶点 15 已存在，跳过
[2026-06-02 15:34:10] [DEBUG] [ui][Graph][addVertex] 顶点 19 已存在，跳过
[2026-06-02 15:34:10] [DEBUG] [ui][Graph][addEdge] 添加边 (15,19)
[2026-06-02 15:34:10] [DEBUG] [ui][Graph][addVertex] 顶点 19 已存在，跳过
[2026-06-02 15:34:10] [DEBUG] [ui][Graph][addVertex] 顶点 20 已存在，跳过
[2026-06-02 15:34:10] [DEBUG] [ui][Graph][addEdge] 添加边 (19,20)
[2026-06-02 15:34:10] [DEBUG] [ui][Graph][addVertex] 顶点 20 已存在，跳过
[2026-06-02 15:34:10] [DEBUG] [ui][Graph][addVertex] 顶点 21 已存在，跳过
[2026-06-02 15:34:10] [DEBUG] [ui][Graph][addEdge] 添加边 (20,21)
[2026-06-02 15:34:10] [DEBUG] [ui][Graph][addVertex] 顶点 21 已存在，跳过
[2026-06-02 15:34:10] [DEBUG] [ui][Graph][addVertex] 顶点 22 已存在，跳过
[2026-06-02 15:34:10] [DEBUG] [ui][Graph][addEdge] 添加边 (21,22)
[2026-06-02 15:34:10] [DEBUG] [ui][Graph][addVertex] 顶点 16 已存在，跳过
[2026-06-02 15:34:10] [DEBUG] [ui][Graph][addVertex] 顶点 20 已存在，跳过
[2026-06-02 15:34:10] [DEBUG] [ui][Graph][addEdge] 添加边 (16,20)
[2026-06-02 15:34:10] [DEBUG] [ui][Graph][addVertex] 顶点 17 已存在，跳过
[2026-06-02 15:34:10] [DEBUG] [ui][Graph][addVertex] 顶点 21 已存在，跳过
[2026-06-02 15:34:10] [DEBUG] [ui][Graph][addEdge] 添加边 (17,21)
[2026-06-02 15:34:10] [DEBUG] [ui][Graph][addVertex] 顶点 19 已存在，跳过
[2026-06-02 15:34:10] [DEBUG] [ui][Graph][addEdge] 添加边 (10,11)
[2026-06-02 15:34:10] [DEBUG] [ui][Graph][addVertex] 顶点 10 已存在，跳过
[2026-06-02 15:34:10] [DEBUG] [ui][Graph][addVertex] 顶点 23 已存在，跳过
[2026-06-02 15:34:10] [DEBUG] [ui][Graph][addEdge] 添加边 (19,23)
[2026-06-02 15:34:10] [DEBUG] [ui][Graph][addVertex] 顶点 23 已存在，跳过
[2026-06-02 15:34:10] [DEBUG] [ui][Graph][addVertex] 顶点 24 已存在，跳过
[2026-06-02 15:34:10] [DEBUG] [ui][Graph][addEdge] 添加边 (23,24)
[2026-06-02 15:34:10] [DEBUG] [ui][Graph][addVertex] 顶点 24 已存在，跳过
[2026-06-02 15:34:10] [DEBUG] [ui][Graph][addVertex] 顶点 25 已存在，跳过
[2026-06-02 15:34:10] [DEBUG] [ui][Graph][addEdge] 添加边 (24,25)
[2026-06-02 15:34:10] [DEBUG] [ui][Graph][addVertex] 顶点 25 已存在，跳过
[2026-06-02 15:34:10] [DEBUG] [ui][Graph][addVertex] 顶点 27 已存在，跳过
[2026-06-02 15:34:10] [DEBUG] [ui][Graph][addEdge] 添加边 (26,27)
[2026-06-02 15:34:10] [DEBUG] [ui][Graph][addVertex] 顶点 27 已存在，跳过
[2026-06-02 15:34:10] [DEBUG] [ui][Graph][addVertex] 顶点 28 已存在，跳过
[2026-06-02 15:34:10] [DEBUG] [ui][Graph][addEdge] 添加边 (27,28)
[2026-06-02 15:34:10] [DEBUG] [ui][Graph][addVertex] 顶点 23 已存在，跳过
[2026-06-02 15:34:10] [DEBUG] [ui][Graph][addVertex] 顶点 29 已存在，跳过
[2026-06-02 15:34:10] [DEBUG] [ui][Graph][addEdge] 添加边 (23,29)
[2026-06-02 15:34:10] [DEBUG] [ui][Graph][addVertex] 顶点 29 已存在，跳过
[2026-06-02 15:34:10] [DEBUG] [ui][Graph][addVertex] 顶点 30 已存在，跳过
[2026-06-02 15:34:10] [DEBUG] [ui][Graph][addEdge] 添加边 (29,30)
[2026-06-02 15:34:10] [DEBUG] [ui][Graph][addVertex] 顶点 30 已存在，跳过
[2026-06-02 15:34:10] [DEBUG] [ui][Graph][addVertex] 顶点 31 已存在，跳过
[2026-06-02 15:34:10] [DEBUG] [ui][Graph][addVertex] 顶点 26 已存在，跳过
[2026-06-02 15:34:10] [DEBUG] [ui][Graph][addEdge] 添加边 (25,26)
[2026-06-02 15:34:10] [DEBUG] [ui][Graph][addVertex] 顶点 26 已存在，跳过
[2026-06-02 15:34:10] [DEBUG] [ui][Graph][addEdge] 添加边 (30,31)
[2026-06-02 15:34:10] [DEBUG] [ui][Graph][addVertex] 顶点 31 已存在，跳过
[2026-06-02 15:34:10] [DEBUG] [ui][Graph][addVertex] 顶点 32 已存在，跳过
[2026-06-02 15:34:10] [DEBUG] [ui][Graph][addEdge] 添加边 (31,32)
[2026-06-02 15:34:10] [DEBUG] [ui][Graph][addVertex] 顶点 32 已存在，跳过
[2026-06-02 15:34:10] [DEBUG] [ui][Graph][addVertex] 顶点 33 已存在，跳过
[2026-06-02 15:34:10] [DEBUG] [ui][Graph][addEdge] 添加边 (32,33)
[2026-06-02 15:34:10] [DEBUG] [ui][Graph][addVertex] 顶点 33 已存在，跳过
[2026-06-02 15:34:10] [DEBUG] [ui][Graph][addVertex] 顶点 34 已存在，跳过
[2026-06-02 15:34:10] [DEBUG] [ui][Graph][addEdge] 添加边 (33,34)
[2026-06-02 15:34:10] [DEBUG] [ui][Graph][addVertex] 顶点 24 已存在，跳过
[2026-06-02 15:34:10] [DEBUG] [ui][Graph][addVertex] 顶点 30 已存在，跳过
[2026-06-02 15:34:10] [DEBUG] [ui][Graph][addEdge] 添加边 (24,30)
[2026-06-02 15:34:10] [DEBUG] [ui][Graph][addVertex] 顶点 25 已存在，跳过
[2026-06-02 15:34:10] [DEBUG] [ui][Graph][addVertex] 顶点 31 已存在，跳过
[2026-06-02 15:34:10] [DEBUG] [ui][Graph][addEdge] 添加边 (25,31)
[2026-06-02 15:34:10] [DEBUG] [ui][Graph][addVertex] 顶点 26 已存在，跳过
[2026-06-02 15:34:10] [DEBUG] [ui][Graph][addVertex] 顶点 32 已存在，跳过
[2026-06-02 15:34:10] [DEBUG] [ui][Graph][addEdge] 添加边 (26,32)
[2026-06-02 15:34:10] [DEBUG] [ui][Graph][addVertex] 顶点 27 已存在，跳过
[2026-06-02 15:34:10] [DEBUG] [ui][Graph][addVertex] 顶点 33 已存在，跳过
[2026-06-02 15:34:10] [DEBUG] [ui][Graph][addEdge] 添加边 (27,33)
[2026-06-02 15:34:10] [DEBUG] [ui][Graph][addVertex] 顶点 29 已存在，跳过
[2026-06-02 15:34:10] [DEBUG] [ui][Graph][addVertex] 顶点 35 已存在，跳过
[2026-06-02 15:34:10] [DEBUG] [ui][Graph][addEdge] 添加边 (29,35)
[2026-06-02 15:34:10] [DEBUG] [ui][Graph][addVertex] 顶点 35 已存在，跳过
[2026-06-02 15:34:10] [DEBUG] [ui][Graph][addVertex] 顶点 36 已存在，跳过
[2026-06-02 15:34:10] [DEBUG] [ui][Graph][addEdge] 添加边 (35,36)
[2026-06-02 15:34:10] [DEBUG] [ui][Graph][addVertex] 顶点 36 已存在，跳过
[2026-06-02 15:34:10] [DEBUG] [ui][Graph][addVertex] 顶点 37 已存在，跳过
[2026-06-02 15:34:10] [DEBUG] [ui][Graph][addEdge] 添加边 (36,37)
[2026-06-02 15:34:10] [DEBUG] [ui][Graph][addVertex] 顶点 37 已存在，跳过
[2026-06-02 15:34:10] [DEBUG] [ui][Graph][addVertex] 顶点 38 已存在，跳过
[2026-06-02 15:34:10] [DEBUG] [ui][Graph][addEdge] 添加边 (37,38)
[2026-06-02 15:34:10] [DEBUG] [ui][Graph][addVertex] 顶点 38 已存在，跳过
[2026-06-02 15:34:10] [DEBUG] [ui][Graph][addVertex] 顶点 39 已存在，跳过
[2026-06-02 15:34:10] [DEBUG] [ui][Graph][addVertex] 顶点 40 已存在，跳过
[2026-06-02 15:34:10] [DEBUG] [ui][Graph][addEdge] 添加边 (39,40)
[2026-06-02 15:34:10] [DEBUG] [ui][Graph][addVertex] 顶点 40 已存在，跳过
[2026-06-02 15:34:10] [DEBUG] [ui][Graph][addVertex] 顶点 41 已存在，跳过
[2026-06-02 15:34:10] [DEBUG] [ui][Graph][addEdge] 添加边 (40,41)
[2026-06-02 15:34:10] [DEBUG] [ui][Graph][addVertex] 顶点 41 已存在，跳过
[2026-06-02 15:34:10] [DEBUG] [ui][Graph][addVertex] 顶点 42 已存在，跳过
[2026-06-02 15:34:10] [DEBUG] [ui][Graph][addEdge] 添加边 (41,42)
[2026-06-02 15:34:10] [DEBUG] [ui][Graph][addVertex] 顶点 42 已存在，跳过
[2026-06-02 15:34:10] [DEBUG] [ui][Graph][addVertex] 顶点 43 已存在，跳过
[2026-06-02 15:34:10] [DEBUG] [ui][Graph][addEdge] 添加边 (42,43)
[2026-06-02 15:34:10] [DEBUG] [ui][Graph][addVertex] 顶点 43 已存在，跳过
[2026-06-02 15:34:10] [DEBUG] [ui][Graph][addEdge] 添加边 (38,39)
[2026-06-02 15:34:10] [DEBUG] [ui][Graph][addVertex] 顶点 39 已存在，跳过
[2026-06-02 15:34:10] [DEBUG] [ui][Graph][addVertex] 顶点 2 已存在，跳过
[2026-06-02 15:34:10] [DEBUG] [ui][Graph][addEdge] 添加边 (43,2)
[2026-06-02 15:34:10] [DEBUG] [ui][Graph][addVertex] 顶点 2 已存在，跳过
[2026-06-02 15:34:10] [DEBUG] [ui][Graph][addVertex] 顶点 3 已存在，跳过
[2026-06-02 15:34:10] [DEBUG] [ui][Graph][addEdge] 添加边 (2,3)
[2026-06-02 15:34:10] [DEBUG] [ui][Graph][addVertex] 顶点 3 已存在，跳过
[2026-06-02 15:34:10] [DEBUG] [ui][Graph][addVertex] 顶点 4 已存在，跳过
[2026-06-02 15:34:10] [DEBUG] [ui][Graph][addEdge] 添加边 (3,4)
[2026-06-02 15:34:10] [DEBUG] [ui][Graph][addVertex] 顶点 4 已存在，跳过
[2026-06-02 15:34:10] [DEBUG] [ui][Graph][addVertex] 顶点 5 已存在，跳过
[2026-06-02 15:34:10] [DEBUG] [ui][Graph][addEdge] 添加边 (4,5)
[2026-06-02 15:34:10] [DEBUG] [ui][Graph][addVertex] 顶点 5 已存在，跳过
[2026-06-02 15:34:10] [DEBUG] [ui][Graph][addVertex] 顶点 44 已存在，跳过
[2026-06-02 15:34:10] [DEBUG] [ui][Graph][addEdge] 添加边 (5,44)
[2026-06-02 15:34:10] [INFO] [ui][SetLevelGraphBuilder][buildMultilist]邻接多重表构建完成
[2026-06-02 15:34:10] [INFO] [ui][SetLevelGraphBuilder][buildGraph] 阶段(1): 重建邻接多重表完成
[2026-06-02 15:34:10] [INFO] [ui][SetLevelGraphBuilder][layoutAndDraw]起始节点ID: 1, 坐标: (20, 120)
[2026-06-02 15:34:10] [INFO] [ui][SetLevelGraphBuilder][processStraightLine]直线: 1 -> 6, 长度: 840, 起点(20,120), 终点(860,120)
[2026-06-02 15:34:10] [INFO] [ui][SetLevelGraphBuilder][createFrameDevice]成功为节点ID=6设置Set信息: uiId=6, setId=12001~12004, 压力范围=0.00~0.00Mpa, 流量平均值=0.00L/Min, 湿度范围=0.00~0.00%
[2026-06-02 15:34:10] [INFO] [ui][SetLevelGraphBuilder][createFrameDevice]创建FrameDevice: ID=6, 轨道坐标=(860, 120), 实际坐标=(800, 14), 位置=ABOVE
[2026-06-02 15:34:10] [INFO] [ui][SetLevelGraphBuilder][processNode]创建SET节点: ID=6
[2026-06-02 15:34:10] [INFO] [ui][SetLevelGraphBuilder][processStraightLine]直线: 6 -> 7, 长度: 140, 起点(860,120), 终点(1000,120)
[2026-06-02 15:34:10] [INFO] [ui][SetLevelGraphBuilder][createFrameDevice]成功为节点ID=7设置Set信息: uiId=7, setId=12005~12008, 压力范围=0.00~0.00Mpa, 流量平均值=0.00L/Min, 湿度范围=0.00~0.00%
[2026-06-02 15:34:10] [INFO] [ui][SetLevelGraphBuilder][createFrameDevice]创建FrameDevice: ID=7, 轨道坐标=(1000, 120), 实际坐标=(940, 14), 位置=ABOVE
[2026-06-02 15:34:10] [INFO] [ui][SetLevelGraphBuilder][processNode]创建SET节点: ID=7
[2026-06-02 15:34:10] [INFO] [ui][SetLevelGraphBuilder][processStraightLine]直线: 7 -> 8, 长度: 420, 起点(1000,120), 终点(1420,120)
[2026-06-02 15:34:10] [INFO] [ui][SetLevelGraphBuilder][createFrameDevice]成功为节点ID=8设置Set信息: uiId=8, setId=12009~12012, 压力范围=0.00~0.00Mpa, 流量平均值=0.00L/Min, 湿度范围=0.00~0.00%
[2026-06-02 15:34:10] [INFO] [ui][SetLevelGraphBuilder][createFrameDevice]创建FrameDevice: ID=8, 轨道坐标=(1420, 120), 实际坐标=(1360, 14), 位置=ABOVE
[2026-06-02 15:34:10] [INFO] [ui][SetLevelGraphBuilder][processNode]创建SET节点: ID=8
[2026-06-02 15:34:10] [INFO] [ui][SetLevelGraphBuilder][processStraightLine]直线: 8 -> 9, 长度: 140, 起点(1420,120), 终点(1560,120)
[2026-06-02 15:34:10] [INFO] [ui][SetLevelGraphBuilder][createFrameDevice]成功为节点ID=9设置Set信息: uiId=9, setId=12013~12016, 压力范围=0.00~0.00Mpa, 流量平均值=0.00L/Min, 湿度范围=0.00~0.00%
[2026-06-02 15:34:10] [INFO] [ui][SetLevelGraphBuilder][createFrameDevice]创建FrameDevice: ID=9, 轨道坐标=(1560, 120), 实际坐标=(1500, 14), 位置=ABOVE
[2026-06-02 15:34:10] [INFO] [ui][SetLevelGraphBuilder][processNode]创建SET节点: ID=9
[2026-06-02 15:34:10] [INFO] [ui][SetLevelGraphBuilder][processStraightLine]直线: 9 -> 10, 长度: 140, 起点(1560,120), 终点(1700,120)
[2026-06-02 15:34:10] [INFO] [ui][SetLevelGraphBuilder][createFrameDevice]成功为节点ID=10设置Set信息: uiId=10, setId=12017~12020, 压力范围=0.00~0.00Mpa, 流量平均值=0.00L/Min, 湿度范围=0.00~0.00%
[2026-06-02 15:34:10] [INFO] [ui][SetLevelGraphBuilder][createFrameDevice]创建FrameDevice: ID=10, 轨道坐标=(1700, 120), 实际坐标=(1640, 14), 位置=ABOVE
[2026-06-02 15:34:10] [INFO] [ui][SetLevelGraphBuilder][processNode]创建SET节点: ID=10
[2026-06-02 15:34:10] [INFO] [ui][SetLevelGraphBuilder][processStraightLine]直线: 10 -> 11, 长度: 140, 起点(1700,120), 终点(1840,120)
[2026-06-02 15:34:10] [INFO] [ui][SetLevelGraphBuilder][createFrameDevice]成功为节点ID=11设置Set信息: uiId=11, setId=12021~12024, 压力范围=0.00~0.00Mpa, 流量平均值=0.00L/Min, 湿度范围=0.00~0.00%
[2026-06-02 15:34:10] [INFO] [ui][SetLevelGraphBuilder][createFrameDevice]创建FrameDevice: ID=11, 轨道坐标=(1840, 120), 实际坐标=(1780, 14), 位置=ABOVE
[2026-06-02 15:34:10] [INFO] [ui][SetLevelGraphBuilder][processNode]创建SET节点: ID=11
[2026-06-02 15:34:10] [INFO] [ui][SetLevelGraphBuilder][processStraightLine]直线: 11 -> 12, 长度: 140, 起点(1840,120), 终点(1980,120)
[2026-06-02 15:34:10] [INFO] [ui][SetLevelGraphBuilder][createFrameDevice]成功为节点ID=12设置Set信息: uiId=12, setId=12025~12028, 压力范围=0.00~0.00Mpa, 流量平均值=0.00L/Min, 湿度范围=0.00~0.00%
[2026-06-02 15:34:10] [INFO] [ui][SetLevelGraphBuilder][createFrameDevice]创建FrameDevice: ID=12, 轨道坐标=(1980, 120), 实际坐标=(1920, 14), 位置=ABOVE
[2026-06-02 15:34:10] [INFO] [ui][SetLevelGraphBuilder][processNode]创建SET节点: ID=12
[2026-06-02 15:34:10] [INFO] [ui][SetLevelGraphBuilder][processStraightLine]直线: 12 -> 13, 长度: 140, 起点(1980,120), 终点(2120,120)
[2026-06-02 15:34:10] [INFO] [ui][SetLevelGraphBuilder][createFrameDevice]成功为节点ID=13设置Set信息: uiId=13, setId=12029~12032, 压力范围=0.00~0.00Mpa, 流量平均值=0.00L/Min, 湿度范围=0.00~0.00%
[2026-06-02 15:34:10] [INFO] [ui][SetLevelGraphBuilder][createFrameDevice]创建FrameDevice: ID=13, 轨道坐标=(2120, 120), 实际坐标=(2060, 14), 位置=ABOVE
[2026-06-02 15:34:10] [INFO] [ui][SetLevelGraphBuilder][processNode]创建SET节点: ID=13
[2026-06-02 15:34:10] [INFO] [ui][SetLevelGraphBuilder][processStraightLine]直线: 13 -> 14, 长度: 70 + 偏移: 118 = 188, 起点(2120,120), 终点(2308,120)
[2026-06-02 15:34:10] [INFO] [ui][SetLevelGraphBuilder][processVirtualLine]虚线: 1 -> 15, 类型: VERTICAL_VIRTUAL_LINE, 起点(20,120), 终点(20,126)
[2026-06-02 15:34:10] [INFO] [ui][SetLevelGraphBuilder][processStraightLine]直线: 15 -> 16, 长度: 560, 起点(20,126), 终点(580,126)
[2026-06-02 15:34:10] [INFO] [ui][SetLevelGraphBuilder][processVirtualLine]虚线: 16 -> 17, 类型: HORIZONTAL_VIRTUAL_LINE, 起点(580,126), 终点(586,126)
[2026-06-02 15:34:10] [INFO] [ui][SetLevelGraphBuilder][processStraightLine]直线: 17 -> 18, 长度: 1722, 起点(586,126), 终点(2308,126)
[2026-06-02 15:34:10] [INFO] [ui][SetLevelGraphBuilder][processVirtualLine]虚线: 15 -> 19, 类型: VERTICAL_VIRTUAL_LINE, 起点(20,126), 终点(20,266)
[2026-06-02 15:34:10] [INFO] [ui][SetLevelGraphBuilder][processStraightLine]直线: 19 -> 20, 长度: 700, 起点(20,266), 终点(720,266)
[2026-06-02 15:34:10] [INFO] [ui][SetLevelGraphBuilder][processVirtualLine]虚线: 20 -> 21, 类型: HORIZONTAL_VIRTUAL_LINE, 起点(720,266), 终点(726,266)
[2026-06-02 15:34:10] [INFO] [ui][SetLevelGraphBuilder][processStraightLine]直线: 21 -> 22, 长度: 1582 + 偏移: 10 = 1592, 起点(726,266), 终点(2318,266)
[2026-06-02 15:34:10] [INFO] [ui][SetLevelGraphBuilder][processSCurve]S曲线: 16 -> 20, 目标节点已有坐标，使用已有坐标
[2026-06-02 15:34:10] [INFO] [ui][SetLevelGraphBuilder][processSCurve]绘制曲线 16 -> 20, 类型: REVERSE_S_CURVE, 起点(580,126), 终点(720,266), 控制点1(650,126), 控制点2(650,266)
[2026-06-02 15:34:10] [INFO] [ui][SetLevelGraphBuilder][processSCurve]S曲线: 17 -> 21, 目标节点已有坐标，使用已有坐标
[2026-06-02 15:34:10] [INFO] [ui][SetLevelGraphBuilder][processSCurve]绘制曲线 17 -> 21, 类型: REVERSE_S_CURVE, 起点(586,126), 终点(726,266), 控制点1(656,126), 控制点2(656,266)
[2026-06-02 15:34:10] [INFO] [ui][SetLevelGraphBuilder][processVirtualLine]虚线: 19 -> 23, 类型: VERTICAL_VIRTUAL_LINE, 起点(20,266), 终点(20,272)
[2026-06-02 15:34:10] [INFO] [ui][SetLevelGraphBuilder][processStraightLine]直线: 23 -> 24, 长度: 1190, 起点(20,272), 终点(1210,272)
[2026-06-02 15:34:10] [INFO] [ui][SetLevelGraphBuilder][processVirtualLine]虚线: 24 -> 25, 类型: HORIZONTAL_VIRTUAL_LINE, 起点(1210,272), 终点(1216,272)
[2026-06-02 15:34:10] [INFO] [ui][SetLevelGraphBuilder][processStraightLine]直线: 25 -> 26, 长度: 140, 起点(1216,272), 终点(1356,272)
[2026-06-02 15:34:10] [INFO] [ui][SetLevelGraphBuilder][processVirtualLine]虚线: 26 -> 27, 类型: HORIZONTAL_VIRTUAL_LINE, 起点(1356,272), 终点(1362,272)
[2026-06-02 15:34:10] [INFO] [ui][SetLevelGraphBuilder][processStraightLine]直线: 27 -> 28, 长度: 980 + 偏移: -24 = 956, 起点(1362,272), 终点(2318,272)
[2026-06-02 15:34:10] [INFO] [ui][SetLevelGraphBuilder][processVirtualLine]虚线: 23 -> 29, 类型: VERTICAL_VIRTUAL_LINE, 起点(20,272), 终点(20,482)
[2026-06-02 15:34:10] [INFO] [ui][SetLevelGraphBuilder][processStraightLine]直线: 29 -> 30, 长度: 1190, 起点(20,482), 终点(1210,482)
[2026-06-02 15:34:10] [INFO] [ui][SetLevelGraphBuilder][processVirtualLine]虚线: 30 -> 31, 类型: HORIZONTAL_VIRTUAL_LINE, 起点(1210,482), 终点(1216,482)
[2026-06-02 15:34:10] [INFO] [ui][SetLevelGraphBuilder][processStraightLine]直线: 31 -> 32, 长度: 140, 起点(1216,482), 终点(1356,482)
[2026-06-02 15:34:10] [INFO] [ui][SetLevelGraphBuilder][processVirtualLine]虚线: 32 -> 33, 类型: HORIZONTAL_VIRTUAL_LINE, 起点(1356,482), 终点(1362,482)
[2026-06-02 15:34:10] [INFO] [ui][SetLevelGraphBuilder][processStraightLine]直线: 33 -> 34, 长度: 770 + 偏移: 190 = 960, 起点(1362,482), 终点(2322,482)
[2026-06-02 15:34:10] [INFO] [ui][SetLevelGraphBuilder][processSemicircleArc]绘制半圆弧 24 -> 30, 类型: RIGHT_SEMICIRCLE_ARC, 起点(1210,272), 终点(1210,482)
[2026-06-02 15:34:10] [INFO] [ui][SetLevelGraphBuilder][processSemicircleArc]半圆弧: 24 -> 30, 类型: RIGHT_SEMICIRCLE_ARC
[2026-06-02 15:34:10] [INFO] [ui][SetLevelGraphBuilder][processSemicircleArc]绘制半圆弧 25 -> 31, 类型: RIGHT_SEMICIRCLE_ARC, 起点(1216,272), 终点(1216,482)
[2026-06-02 15:34:10] [INFO] [ui][SetLevelGraphBuilder][processSemicircleArc]半圆弧: 25 -> 31, 类型: RIGHT_SEMICIRCLE_ARC
[2026-06-02 15:34:10] [INFO] [ui][SetLevelGraphBuilder][processSemicircleArc]绘制半圆弧 26 -> 32, 类型: LEFT_SEMICIRCLE_ARC, 起点(1356,272), 终点(1356,482)
[2026-06-02 15:34:10] [INFO] [ui][SetLevelGraphBuilder][processSemicircleArc]半圆弧: 26 -> 32, 类型: LEFT_SEMICIRCLE_ARC
[2026-06-02 15:34:10] [INFO] [ui][SetLevelGraphBuilder][processSemicircleArc]绘制半圆弧 27 -> 33, 类型: LEFT_SEMICIRCLE_ARC, 起点(1362,272), 终点(1362,482)
[2026-06-02 15:34:10] [INFO] [ui][SetLevelGraphBuilder][processSemicircleArc]半圆弧: 27 -> 33, 类型: LEFT_SEMICIRCLE_ARC
[2026-06-02 15:34:10] [INFO] [ui][SetLevelGraphBuilder][processVirtualLine]虚线: 29 -> 35, 类型: VERTICAL_VIRTUAL_LINE, 起点(20,482), 终点(20,488)
[2026-06-02 15:34:10] [INFO] [ui][SetLevelGraphBuilder][processStraightLine]直线: 35 -> 36, 长度: 70, 起点(20,488), 终点(90,488)
[2026-06-02 15:34:10] [INFO] [ui][SetLevelGraphBuilder][createFrameDevice]成功为节点ID=36设置Set信息: uiId=36, setId=12033~12036, 压力范围=0.00~0.00Mpa, 流量平均值=0.00L/Min, 湿度范围=0.00~0.00%
[2026-06-02 15:34:10] [INFO] [ui][SetLevelGraphBuilder][createFrameDevice]创建FrameDevice: ID=36, 轨道坐标=(90, 488), 实际坐标=(30, 496), 位置=BELOW
[2026-06-02 15:34:10] [INFO] [ui][SetLevelGraphBuilder][processNode]创建SET节点: ID=36
[2026-06-02 15:34:10] [INFO] [ui][SetLevelGraphBuilder][processStraightLine]直线: 36 -> 37, 长度: 140, 起点(90,488), 终点(230,488)
[2026-06-02 15:34:10] [INFO] [ui][SetLevelGraphBuilder][createFrameDevice]成功为节点ID=37设置Set信息: uiId=37, setId=12037~12040, 压力范围=0.00~0.00Mpa, 流量平均值=0.00L/Min, 湿度范围=0.00~0.00%
[2026-06-02 15:34:10] [INFO] [ui][SetLevelGraphBuilder][createFrameDevice]创建FrameDevice: ID=37, 轨道坐标=(230, 488), 实际坐标=(170, 496), 位置=BELOW
[2026-06-02 15:34:10] [INFO] [ui][SetLevelGraphBuilder][processNode]创建SET节点: ID=37
[2026-06-02 15:34:10] [INFO] [ui][SetLevelGraphBuilder][processStraightLine]直线: 37 -> 38, 长度: 140, 起点(230,488), 终点(370,488)
[2026-06-02 15:34:10] [INFO] [ui][SetLevelGraphBuilder][createFrameDevice]成功为节点ID=38设置Set信息: uiId=38, setId=12041~12044, 压力范围=0.00~0.00Mpa, 流量平均值=0.00L/Min, 湿度范围=0.00~0.00%
[2026-06-02 15:34:10] [INFO] [ui][SetLevelGraphBuilder][createFrameDevice]创建FrameDevice: ID=38, 轨道坐标=(370, 488), 实际坐标=(310, 496), 位置=BELOW
[2026-06-02 15:34:10] [INFO] [ui][SetLevelGraphBuilder][processNode]创建SET节点: ID=38
[2026-06-02 15:34:10] [INFO] [ui][SetLevelGraphBuilder][processStraightLine]直线: 38 -> 39, 长度: 140, 起点(370,488), 终点(510,488)
[2026-06-02 15:34:10] [INFO] [ui][SetLevelGraphBuilder][createFrameDevice]成功为节点ID=39设置Set信息: uiId=39, setId=12045~12048, 压力范围=0.00~0.00Mpa, 流量平均值=0.00L/Min, 湿度范围=0.00~0.00%
[2026-06-02 15:34:10] [INFO] [ui][SetLevelGraphBuilder][createFrameDevice]创建FrameDevice: ID=39, 轨道坐标=(510, 488), 实际坐标=(450, 496), 位置=BELOW
[2026-06-02 15:34:10] [INFO] [ui][SetLevelGraphBuilder][processNode]创建SET节点: ID=39
[2026-06-02 15:34:10] [INFO] [ui][SetLevelGraphBuilder][processStraightLine]直线: 39 -> 40, 长度: 140, 起点(510,488), 终点(650,488)
[2026-06-02 15:34:10] [INFO] [ui][SetLevelGraphBuilder][createFrameDevice]成功为节点ID=40设置Set信息: uiId=40, setId=12049~12052, 压力范围=0.00~0.00Mpa, 流量平均值=0.00L/Min, 湿度范围=0.00~0.00%
[2026-06-02 15:34:10] [INFO] [ui][SetLevelGraphBuilder][createFrameDevice]创建FrameDevice: ID=40, 轨道坐标=(650, 488), 实际坐标=(590, 496), 位置=BELOW
[2026-06-02 15:34:10] [INFO] [ui][SetLevelGraphBuilder][processNode]创建SET节点: ID=40
[2026-06-02 15:34:10] [INFO] [ui][SetLevelGraphBuilder][processStraightLine]直线: 40 -> 41, 长度: 140, 起点(650,488), 终点(790,488)
[2026-06-02 15:34:10] [INFO] [ui][SetLevelGraphBuilder][createFrameDevice]成功为节点ID=41设置Set信息: uiId=41, setId=12053~12056, 压力范围=0.00~0.00Mpa, 流量平均值=0.00L/Min, 湿度范围=0.00~0.00%
[2026-06-02 15:34:10] [INFO] [ui][SetLevelGraphBuilder][createFrameDevice]创建FrameDevice: ID=41, 轨道坐标=(790, 488), 实际坐标=(730, 496), 位置=BELOW
[2026-06-02 15:34:10] [INFO] [ui][SetLevelGraphBuilder][processNode]创建SET节点: ID=41
[2026-06-02 15:34:10] [INFO] [ui][SetLevelGraphBuilder][processStraightLine]直线: 41 -> 42, 长度: 140, 起点(790,488), 终点(930,488)
[2026-06-02 15:34:10] [INFO] [ui][SetLevelGraphBuilder][createFrameDevice]成功为节点ID=42设置Set信息: uiId=42, setId=12057~12060, 压力范围=0.00~0.00Mpa, 流量平均值=0.00L/Min, 湿度范围=0.00~0.00%
[2026-06-02 15:34:10] [INFO] [ui][SetLevelGraphBuilder][createFrameDevice]创建FrameDevice: ID=42, 轨道坐标=(930, 488), 实际坐标=(870, 496), 位置=BELOW
[2026-06-02 15:34:10] [INFO] [ui][SetLevelGraphBuilder][processNode]创建SET节点: ID=42
[2026-06-02 15:34:10] [INFO] [ui][SetLevelGraphBuilder][processStraightLine]直线: 42 -> 43, 长度: 140, 起点(930,488), 终点(1070,488)
[2026-06-02 15:34:10] [INFO] [ui][SetLevelGraphBuilder][createFrameDevice]成功为节点ID=43设置Set信息: uiId=43, setId=12061~12064, 压力范围=0.00~0.00Mpa, 流量平均值=0.00L/Min, 湿度范围=0.00~0.00%
[2026-06-02 15:34:10] [INFO] [ui][SetLevelGraphBuilder][createFrameDevice]创建FrameDevice: ID=43, 轨道坐标=(1070, 488), 实际坐标=(1010, 496), 位置=BELOW
[2026-06-02 15:34:10] [INFO] [ui][SetLevelGraphBuilder][processNode]创建SET节点: ID=43
[2026-06-02 15:34:10] [INFO] [ui][SetLevelGraphBuilder][processStraightLine]直线: 43 -> 2, 长度: 322 + 偏移: 22 = 344, 起点(1070,488), 终点(1414,488)
[2026-06-02 15:34:10] [INFO] [ui][SetLevelGraphBuilder][createFrameDevice]成功为节点ID=2设置Set信息: uiId=2, setId=12065~12068, 压力范围=0.00~0.00Mpa, 流量平均值=0.00L/Min, 湿度范围=0.00~0.00%
[2026-06-02 15:34:10] [INFO] [ui][SetLevelGraphBuilder][createFrameDevice]创建FrameDevice: ID=2, 轨道坐标=(1414, 488), 实际坐标=(1354, 496), 位置=BELOW
[2026-06-02 15:34:10] [INFO] [ui][SetLevelGraphBuilder][processNode]创建SET节点: ID=2
[2026-06-02 15:34:10] [INFO] [ui][SetLevelGraphBuilder][processStraightLine]直线: 2 -> 3, 长度: 140, 起点(1414,488), 终点(1554,488)
[2026-06-02 15:34:10] [INFO] [ui][SetLevelGraphBuilder][createFrameDevice]成功为节点ID=3设置Set信息: uiId=3, setId=12069~12072, 压力范围=0.00~0.00Mpa, 流量平均值=0.00L/Min, 湿度范围=0.00~0.00%
[2026-06-02 15:34:10] [INFO] [ui][SetLevelGraphBuilder][createFrameDevice]创建FrameDevice: ID=3, 轨道坐标=(1554, 488), 实际坐标=(1494, 496), 位置=BELOW
[2026-06-02 15:34:10] [INFO] [ui][SetLevelGraphBuilder][processNode]创建SET节点: ID=3
[2026-06-02 15:34:10] [INFO] [ui][SetLevelGraphBuilder][processStraightLine]直线: 3 -> 4, 长度: 140, 起点(1554,488), 终点(1694,488)
[2026-06-02 15:34:10] [INFO] [ui][SetLevelGraphBuilder][createFrameDevice]成功为节点ID=4设置Set信息: uiId=4, setId=12073~12076, 压力范围=0.00~0.00Mpa, 流量平均值=0.00L/Min, 湿度范围=0.00~0.00%
[2026-06-02 15:34:10] [INFO] [ui][SetLevelGraphBuilder][createFrameDevice]创建FrameDevice: ID=4, 轨道坐标=(1694, 488), 实际坐标=(1634, 496), 位置=BELOW
[2026-06-02 15:34:10] [INFO] [ui][SetLevelGraphBuilder][processNode]创建SET节点: ID=4
[2026-06-02 15:34:10] [INFO] [ui][SetLevelGraphBuilder][processStraightLine]直线: 4 -> 5, 长度: 140, 起点(1694,488), 终点(1834,488)
[2026-06-02 15:34:10] [INFO] [ui][SetLevelGraphBuilder][createFrameDevice]成功为节点ID=5设置Set信息: uiId=5, setId=12077~12080, 压力范围=0.00~0.00Mpa, 流量平均值=0.00L/Min, 湿度范围=0.00~0.00%
[2026-06-02 15:34:10] [INFO] [ui][SetLevelGraphBuilder][createFrameDevice]创建FrameDevice: ID=5, 轨道坐标=(1834, 488), 实际坐标=(1774, 496), 位置=BELOW
[2026-06-02 15:34:10] [INFO] [ui][SetLevelGraphBuilder][processNode]创建SET节点: ID=5
[2026-06-02 15:34:10] [INFO] [ui][SetLevelGraphBuilder][processStraightLine]直线: 5 -> 44, 长度: 350 + 偏移: 140 = 490, 起点(1834,488), 终点(2324,488)
[2026-06-02 15:34:10] [INFO] [ui][SetLevelGraphBuilder][layoutAndDraw]布局和绘制完成
[2026-06-02 15:34:10] [INFO] [ui][SetLevelGraphBuilder][buildGraph] 阶段(2): 绘制图像界面完成
[2026-06-02 15:34:10] [INFO] [ui][SetLevelGraphBuilder][buildGraph] 阶段(3): 布局图重构完毕
[2026-06-02 15:34:10] [INFO] [ui][SetLevelGraphBuilder][buildGraph] 图构建完成
[2026-06-02 15:34:10] [INFO] ====================Set视图天车轨道布局图重构  结束====================
[2026-06-02 15:36:28] [INFO] [ui][SetLevelGraphBuilder][setStartNodePosition] 设置起始节点坐标: (20, 120)
[2026-06-02 15:36:28] [INFO] [ui][FoupLevelGraphBuilder][setStartNodePosition]设置起始节点坐标: (20, 120)
[2026-06-02 15:36:28] [INFO] ====================天车轨道布局图配置文件解析 开始====================
[2026-06-02 15:36:28] [INFO] [ui][GraphConfig][parse]解析阶段(1): 解析GraphConfig标签开始
[2026-06-02 15:36:28] [INFO] [ui][GraphConfig][parseGraphSettings]图类型: 无向图
[2026-06-02 15:36:28] [INFO] [ui][GraphConfig][parseGraphSettings]设备控件尺寸: 120, 间距: 20
[2026-06-02 15:36:28] [INFO] [ui][GraphConfig][parse]解析阶段(1): 解析GraphConfig标签完成
[2026-06-02 15:36:28] [INFO] [ui][GraphConfig][parseEdges]解析阶段(2): 解析Edges标签
[2026-06-02 15:36:28] [INFO] [ui][GraphConfig][parseEdges]找到49条边数据
[2026-06-02 15:36:28] [INFO] [ui][GraphConfig][processNode]SET节点文档顺序#0: 设置 setOfOHBInfoList[0].uiId = 6
[2026-06-02 15:36:28] [INFO] [ui][GraphConfig][parseEdges]解析阶段(3):收集TRACK节点: ID=1
[2026-06-02 15:36:28] [INFO] [ui][GraphConfig][parseEdges]解析阶段(3):收集SET节点: ID=6, QRCode=11005, Count=4, Position=ABOVE
[2026-06-02 15:36:28] [INFO] [ui][GraphConfig][parseEdges]解析阶段(4):成功解析边: 1 -> 6，类型: STRAIGHT_LINE，大小: 840
[2026-06-02 15:36:28] [INFO] [ui][GraphConfig][processNode]SET节点文档顺序#1: 设置 setOfOHBInfoList[1].uiId = 7
[2026-06-02 15:36:28] [INFO] [ui][GraphConfig][parseEdges]解析阶段(3):收集SET节点: ID=7, QRCode=11006, Count=4, Position=ABOVE
[2026-06-02 15:36:28] [INFO] [ui][GraphConfig][parseEdges]解析阶段(4):成功解析边: 6 -> 7，类型: STRAIGHT_LINE，大小: 140
[2026-06-02 15:36:28] [INFO] [ui][GraphConfig][processNode]SET节点文档顺序#2: 设置 setOfOHBInfoList[2].uiId = 8
[2026-06-02 15:36:28] [INFO] [ui][GraphConfig][parseEdges]解析阶段(3):收集SET节点: ID=8, QRCode=11007, Count=4, Position=ABOVE
[2026-06-02 15:36:28] [INFO] [ui][GraphConfig][parseEdges]解析阶段(4):成功解析边: 7 -> 8，类型: STRAIGHT_LINE，大小: 420
[2026-06-02 15:36:28] [INFO] [ui][GraphConfig][processNode]SET节点文档顺序#3: 设置 setOfOHBInfoList[3].uiId = 9
[2026-06-02 15:36:28] [INFO] [ui][GraphConfig][parseEdges]解析阶段(3):收集SET节点: ID=9, QRCode=11008, Count=4, Position=ABOVE
[2026-06-02 15:36:28] [INFO] [ui][GraphConfig][parseEdges]解析阶段(4):成功解析边: 8 -> 9，类型: STRAIGHT_LINE，大小: 140
[2026-06-02 15:36:28] [INFO] [ui][GraphConfig][processNode]SET节点文档顺序#4: 设置 setOfOHBInfoList[4].uiId = 10
[2026-06-02 15:36:28] [INFO] [ui][GraphConfig][parseEdges]解析阶段(3):收集SET节点: ID=10, QRCode=11009, Count=4, Position=ABOVE
[2026-06-02 15:36:28] [INFO] [ui][GraphConfig][parseEdges]解析阶段(4):成功解析边: 9 -> 10，类型: STRAIGHT_LINE，大小: 140
[2026-06-02 15:36:28] [INFO] [ui][GraphConfig][processNode]SET节点文档顺序#5: 设置 setOfOHBInfoList[5].uiId = 11
[2026-06-02 15:36:28] [INFO] [ui][GraphConfig][parseEdges]解析阶段(3):收集SET节点: ID=11, QRCode=11010, Count=4, Position=ABOVE
[2026-06-02 15:36:28] [INFO] [ui][GraphConfig][parseEdges]解析阶段(4):成功解析边: 10 -> 11，类型: STRAIGHT_LINE，大小: 140
[2026-06-02 15:36:28] [INFO] [ui][GraphConfig][processNode]SET节点文档顺序#6: 设置 setOfOHBInfoList[6].uiId = 12
[2026-06-02 15:36:28] [INFO] [ui][GraphConfig][parseEdges]解析阶段(3):收集SET节点: ID=12, QRCode=11011, Count=4, Position=ABOVE
[2026-06-02 15:36:28] [INFO] [ui][GraphConfig][parseEdges]解析阶段(4):成功解析边: 11 -> 12，类型: STRAIGHT_LINE，大小: 140
[2026-06-02 15:36:28] [INFO] [ui][GraphConfig][processNode]SET节点文档顺序#7: 设置 setOfOHBInfoList[7].uiId = 13
[2026-06-02 15:36:28] [INFO] [ui][GraphConfig][parseEdges]解析阶段(3):收集SET节点: ID=13, QRCode=11012, Count=4, Position=ABOVE
[2026-06-02 15:36:28] [INFO] [ui][GraphConfig][parseEdges]解析阶段(4):成功解析边: 12 -> 13，类型: STRAIGHT_LINE，大小: 140
[2026-06-02 15:36:28] [INFO] [ui][GraphConfig][parseEdges]解析阶段(4):成功解析边: 1 -> 15，类型: VERTICAL_VIRTUAL_LINE，大小: 6
[2026-06-02 15:36:28] [INFO] [ui][GraphConfig][parseEdges]解析阶段(3):收集TRACK节点: ID=16
[2026-06-02 15:36:28] [INFO] [ui][GraphConfig][parseEdges]解析阶段(4):成功解析边: 15 -> 16，类型: STRAIGHT_LINE，大小: 560
[2026-06-02 15:36:28] [INFO] [ui][GraphConfig][parseEdges]解析阶段(3):收集TRACK节点: ID=17
[2026-06-02 15:36:28] [INFO] [ui][GraphConfig][parseEdges]解析阶段(4):成功解析边: 16 -> 17，类型: HORIZONTAL_VIRTUAL_LINE，大小: 6
[2026-06-02 15:36:28] [INFO] [ui][GraphConfig][parseEdges]解析阶段(3):收集TRACK节点: ID=18
[2026-06-02 15:36:28] [INFO] [ui][GraphConfig][parseEdges]解析阶段(4):成功解析边: 17 -> 18，类型: STRAIGHT_LINE，大小: 1722，FoupLevel偏移: 194，SetLevel偏移: 0
[2026-06-02 15:36:28] [INFO] [ui][GraphConfig][parseEdges]解析阶段(3):收集TRACK节点: ID=19
[2026-06-02 15:36:28] [INFO] [ui][GraphConfig][parseEdges]解析阶段(4):成功解析边: 15 -> 19，类型: VERTICAL_VIRTUAL_LINE，大小: 140
[2026-06-02 15:36:28] [INFO] [ui][GraphConfig][parseEdges]解析阶段(3):收集TRACK节点: ID=20
[2026-06-02 15:36:28] [INFO] [ui][GraphConfig][parseEdges]解析阶段(3):收集TRACK节点: ID=14
[2026-06-02 15:36:28] [INFO] [ui][GraphConfig][parseEdges]解析阶段(4):成功解析边: 19 -> 20，类型: STRAIGHT_LINE，大小: 700
[2026-06-02 15:36:28] [INFO] [ui][GraphConfig][parseEdges]解析阶段(3):收集TRACK节点: ID=21
[2026-06-02 15:36:28] [INFO] [ui][GraphConfig][parseEdges]解析阶段(4):成功解析边: 20 -> 21，类型: HORIZONTAL_VIRTUAL_LINE，大小: 6
[2026-06-02 15:36:28] [INFO] [ui][GraphConfig][parseEdges]解析阶段(3):收集TRACK节点: ID=22
[2026-06-02 15:36:28] [INFO] [ui][GraphConfig][parseEdges]解析阶段(4):成功解析边: 21 -> 22，类型: STRAIGHT_LINE，大小: 1582，FoupLevel偏移: 190，SetLevel偏移: 10
[2026-06-02 15:36:28] [INFO] [ui][GraphConfig][parseEdges]解析阶段(4):成功解析边: 16 -> 20，类型: REVERSE_S_CURVE，大小: 140
[2026-06-02 15:36:28] [INFO] [ui][GraphConfig][parseEdges]解析阶段(4):成功解析边: 17 -> 21，类型: REVERSE_S_CURVE，大小: 140
[2026-06-02 15:36:28] [INFO] [ui][GraphConfig][parseEdges]解析阶段(3):收集TRACK节点: ID=23
[2026-06-02 15:36:28] [INFO] [ui][GraphConfig][parseEdges]解析阶段(4):成功解析边: 13 -> 14，类型: STRAIGHT_LINE，大小: 70，FoupLevel偏移: 416，SetLevel偏移: 118
[2026-06-02 15:36:28] [INFO] [ui][GraphConfig][parseEdges]解析阶段(3):收集TRACK节点: ID=24
[2026-06-02 15:36:28] [INFO] [ui][GraphConfig][parseEdges]解析阶段(4):成功解析边: 23 -> 24，类型: STRAIGHT_LINE，大小: 1190
[2026-06-02 15:36:28] [INFO] [ui][GraphConfig][parseEdges]解析阶段(3):收集TRACK节点: ID=25
[2026-06-02 15:36:28] [INFO] [ui][GraphConfig][parseEdges]解析阶段(4):成功解析边: 24 -> 25，类型: HORIZONTAL_VIRTUAL_LINE，大小: 6
[2026-06-02 15:36:28] [INFO] [ui][GraphConfig][parseEdges]解析阶段(3):收集TRACK节点: ID=26
[2026-06-02 15:36:28] [INFO] [ui][GraphConfig][parseEdges]解析阶段(4):成功解析边: 25 -> 26，类型: STRAIGHT_LINE，大小: 140
[2026-06-02 15:36:28] [INFO] [ui][GraphConfig][parseEdges]解析阶段(3):收集TRACK节点: ID=27
[2026-06-02 15:36:28] [INFO] [ui][GraphConfig][parseEdges]解析阶段(4):成功解析边: 26 -> 27，类型: HORIZONTAL_VIRTUAL_LINE，大小: 6
[2026-06-02 15:36:28] [INFO] [ui][GraphConfig][parseEdges]解析阶段(3):收集TRACK节点: ID=28
[2026-06-02 15:36:28] [INFO] [ui][GraphConfig][parseEdges]解析阶段(4):成功解析边: 27 -> 28，类型: STRAIGHT_LINE，大小: 980，FoupLevel偏移: 86，SetLevel偏移: -24
[2026-06-02 15:36:28] [INFO] [ui][GraphConfig][parseEdges]解析阶段(3):收集TRACK节点: ID=29
[2026-06-02 15:36:28] [INFO] [ui][GraphConfig][parseEdges]解析阶段(4):成功解析边: 23 -> 29，类型: VERTICAL_VIRTUAL_LINE，大小: 210
[2026-06-02 15:36:28] [INFO] [ui][GraphConfig][parseEdges]解析阶段(3):收集TRACK节点: ID=30
[2026-06-02 15:36:28] [INFO] [ui][GraphConfig][parseEdges]解析阶段(4):成功解析边: 29 -> 30，类型: STRAIGHT_LINE，大小: 1190
[2026-06-02 15:36:28] [INFO] [ui][GraphConfig][parseEdges]解析阶段(3):收集TRACK节点: ID=31
[2026-06-02 15:36:28] [INFO] [ui][GraphConfig][parseEdges]解析阶段(4):成功解析边: 30 -> 31，类型: HORIZONTAL_VIRTUAL_LINE，大小: 6
[2026-06-02 15:36:28] [INFO] [ui][GraphConfig][parseEdges]解析阶段(3):收集TRACK节点: ID=32
[2026-06-02 15:36:28] [INFO] [ui][GraphConfig][parseEdges]解析阶段(4):成功解析边: 31 -> 32，类型: STRAIGHT_LINE，大小: 140
[2026-06-02 15:36:28] [INFO] [ui][GraphConfig][parseEdges]解析阶段(3):收集TRACK节点: ID=33
[2026-06-02 15:36:28] [INFO] [ui][GraphConfig][parseEdges]解析阶段(4):成功解析边: 32 -> 33，类型: HORIZONTAL_VIRTUAL_LINE，大小: 6
[2026-06-02 15:36:28] [INFO] [ui][GraphConfig][parseEdges]解析阶段(3):收集TRACK节点: ID=34
[2026-06-02 15:36:28] [INFO] [ui][GraphConfig][parseEdges]解析阶段(4):成功解析边: 33 -> 34，类型: STRAIGHT_LINE，大小: 770，FoupLevel偏移: 828，SetLevel偏移: 190
[2026-06-02 15:36:28] [INFO] [ui][GraphConfig][parseEdges]解析阶段(4):成功解析边: 24 -> 30，类型: RIGHT_SEMICIRCLE_ARC，大小: 210
[2026-06-02 15:36:28] [INFO] [ui][GraphConfig][parseEdges]解析阶段(4):成功解析边: 25 -> 31，类型: RIGHT_SEMICIRCLE_ARC，大小: 210
[2026-06-02 15:36:28] [INFO] [ui][GraphConfig][parseEdges]解析阶段(4):成功解析边: 26 -> 32，类型: LEFT_SEMICIRCLE_ARC，大小: 210
[2026-06-02 15:36:28] [INFO] [ui][GraphConfig][parseEdges]解析阶段(4):成功解析边: 27 -> 33，类型: LEFT_SEMICIRCLE_ARC，大小: 210
[2026-06-02 15:36:28] [INFO] [ui][GraphConfig][parseEdges]解析阶段(3):收集TRACK节点: ID=35
[2026-06-02 15:36:28] [INFO] [ui][GraphConfig][parseEdges]解析阶段(4):成功解析边: 29 -> 35，类型: VERTICAL_VIRTUAL_LINE，大小: 6
[2026-06-02 15:36:28] [INFO] [ui][GraphConfig][processNode]SET节点文档顺序#8: 设置 setOfOHBInfoList[8].uiId = 36
[2026-06-02 15:36:28] [INFO] [ui][GraphConfig][parseEdges]解析阶段(3):收集SET节点: ID=36, QRCode=11036, Count=4, Position=BELOW
[2026-06-02 15:36:28] [INFO] [ui][GraphConfig][parseEdges]解析阶段(4):成功解析边: 35 -> 36，类型: STRAIGHT_LINE，大小: 70
[2026-06-02 15:36:28] [INFO] [ui][GraphConfig][processNode]SET节点文档顺序#9: 设置 setOfOHBInfoList[9].uiId = 37
[2026-06-02 15:36:28] [INFO] [ui][GraphConfig][parseEdges]解析阶段(3):收集SET节点: ID=37, QRCode=11037, Count=4, Position=BELOW
[2026-06-02 15:36:28] [INFO] [ui][GraphConfig][parseEdges]解析阶段(4):成功解析边: 36 -> 37，类型: STRAIGHT_LINE，大小: 140
[2026-06-02 15:36:28] [INFO] [ui][GraphConfig][processNode]SET节点文档顺序#10: 设置 setOfOHBInfoList[10].uiId = 38
[2026-06-02 15:36:28] [INFO] [ui][GraphConfig][parseEdges]解析阶段(3):收集SET节点: ID=38, QRCode=11038, Count=4, Position=BELOW
[2026-06-02 15:36:28] [INFO] [ui][GraphConfig][parseEdges]解析阶段(4):成功解析边: 37 -> 38，类型: STRAIGHT_LINE，大小: 140
[2026-06-02 15:36:28] [INFO] [ui][GraphConfig][processNode]SET节点文档顺序#11: 设置 setOfOHBInfoList[11].uiId = 39
[2026-06-02 15:36:28] [INFO] [ui][GraphConfig][parseEdges]解析阶段(3):收集SET节点: ID=39, QRCode=11039, Count=4, Position=BELOW
[2026-06-02 15:36:28] [INFO] [ui][GraphConfig][parseEdges]解析阶段(4):成功解析边: 38 -> 39，类型: STRAIGHT_LINE，大小: 140
[2026-06-02 15:36:28] [INFO] [ui][GraphConfig][processNode]SET节点文档顺序#12: 设置 setOfOHBInfoList[12].uiId = 40
[2026-06-02 15:36:28] [INFO] [ui][GraphConfig][parseEdges]解析阶段(3):收集SET节点: ID=40, QRCode=11040, Count=4, Position=BELOW
[2026-06-02 15:36:28] [INFO] [ui][GraphConfig][parseEdges]解析阶段(4):成功解析边: 39 -> 40，类型: STRAIGHT_LINE，大小: 140
[2026-06-02 15:36:28] [INFO] [ui][GraphConfig][processNode]SET节点文档顺序#13: 设置 setOfOHBInfoList[13].uiId = 41
[2026-06-02 15:36:28] [INFO] [ui][GraphConfig][parseEdges]解析阶段(3):收集SET节点: ID=41, QRCode=11041, Count=4, Position=BELOW
[2026-06-02 15:36:28] [INFO] [ui][GraphConfig][parseEdges]解析阶段(4):成功解析边: 40 -> 41，类型: STRAIGHT_LINE，大小: 140
[2026-06-02 15:36:28] [INFO] [ui][GraphConfig][processNode]SET节点文档顺序#14: 设置 setOfOHBInfoList[14].uiId = 42
[2026-06-02 15:36:28] [INFO] [ui][GraphConfig][parseEdges]解析阶段(3):收集SET节点: ID=42, QRCode=11042, Count=4, Position=BELOW
[2026-06-02 15:36:28] [INFO] [ui][GraphConfig][parseEdges]解析阶段(4):成功解析边: 41 -> 42，类型: STRAIGHT_LINE，大小: 140
[2026-06-02 15:36:28] [INFO] [ui][GraphConfig][processNode]SET节点文档顺序#15: 设置 setOfOHBInfoList[15].uiId = 43
[2026-06-02 15:36:28] [INFO] [ui][GraphConfig][parseEdges]解析阶段(3):收集SET节点: ID=43, QRCode=11043, Count=4, Position=BELOW
[2026-06-02 15:36:28] [INFO] [ui][GraphConfig][parseEdges]解析阶段(4):成功解析边: 42 -> 43，类型: STRAIGHT_LINE，大小: 140
[2026-06-02 15:36:28] [INFO] [ui][GraphConfig][processNode]SET节点文档顺序#16: 设置 setOfOHBInfoList[16].uiId = 2
[2026-06-02 15:36:28] [INFO] [ui][GraphConfig][parseEdges]解析阶段(3):收集SET节点: ID=2, QRCode=11001, Count=4, Position=BELOW
[2026-06-02 15:36:28] [INFO] [ui][GraphConfig][parseEdges]解析阶段(3):收集TRACK节点: ID=15
[2026-06-02 15:36:28] [INFO] [ui][GraphConfig][parseEdges]解析阶段(4):成功解析边: 43 -> 2，类型: STRAIGHT_LINE，大小: 322，FoupLevel偏移: 0，SetLevel偏移: 22
[2026-06-02 15:36:28] [INFO] [ui][GraphConfig][processNode]SET节点文档顺序#17: 设置 setOfOHBInfoList[17].uiId = 3
[2026-06-02 15:36:28] [INFO] [ui][GraphConfig][parseEdges]解析阶段(4):成功解析边: 19 -> 23，类型: VERTICAL_VIRTUAL_LINE，大小: 6
[2026-06-02 15:36:28] [INFO] [ui][GraphConfig][parseEdges]解析阶段(3):收集SET节点: ID=3, QRCode=11002, Count=4, Position=BELOW
[2026-06-02 15:36:28] [INFO] [ui][GraphConfig][parseEdges]解析阶段(4):成功解析边: 2 -> 3，类型: STRAIGHT_LINE，大小: 140
[2026-06-02 15:36:28] [INFO] [ui][GraphConfig][processNode]SET节点文档顺序#18: 设置 setOfOHBInfoList[18].uiId = 4
[2026-06-02 15:36:28] [INFO] [ui][GraphConfig][parseEdges]解析阶段(3):收集SET节点: ID=4, QRCode=11003, Count=4, Position=BELOW
[2026-06-02 15:36:28] [INFO] [ui][GraphConfig][parseEdges]解析阶段(4):成功解析边: 3 -> 4，类型: STRAIGHT_LINE，大小: 140
[2026-06-02 15:36:28] [INFO] [ui][GraphConfig][processNode]SET节点文档顺序#19: 设置 setOfOHBInfoList[19].uiId = 5
[2026-06-02 15:36:28] [INFO] [ui][GraphConfig][parseEdges]解析阶段(3):收集SET节点: ID=5, QRCode=11004, Count=4, Position=BELOW
[2026-06-02 15:36:28] [INFO] [ui][GraphConfig][parseEdges]解析阶段(4):成功解析边: 4 -> 5，类型: STRAIGHT_LINE，大小: 140
[2026-06-02 15:36:28] [INFO] [ui][GraphConfig][parseEdges]解析阶段(3):收集TRACK节点: ID=44
[2026-06-02 15:36:28] [INFO] [ui][GraphConfig][parseEdges]解析阶段(4):成功解析边: 5 -> 44，类型: STRAIGHT_LINE，大小: 350，FoupLevel偏移: 450，SetLevel偏移: 140
[2026-06-02 15:36:28] [INFO] [ui][GraphConfig][parse]解析阶段(5): 配置文件解析完毕
[2026-06-02 15:36:28] [INFO] [ui][GraphConfig][parse]配置文件解析完成，节点数: 44，边数: 49
[2026-06-02 15:36:28] [INFO] ====================天车轨道布局图配置文件解析 结束====================
[2026-06-02 15:36:29] [INFO] ====================Set视图天车轨道布局图重构  开始====================
[2026-06-02 15:36:29] [INFO] [ui][SetLevelGraphBuilder][buildGraph] 开始构建图，节点数: 44，边数: 49
[2026-06-02 15:36:29] [DEBUG] [ui][Graph][addVertex] 添加顶点 1
[2026-06-02 15:36:29] [DEBUG] [ui][Graph][addVertex] 添加顶点 2
[2026-06-02 15:36:29] [DEBUG] [ui][Graph][addVertex] 添加顶点 3
[2026-06-02 15:36:29] [DEBUG] [ui][Graph][addVertex] 添加顶点 4
[2026-06-02 15:36:29] [DEBUG] [ui][Graph][addVertex] 添加顶点 5
[2026-06-02 15:36:29] [DEBUG] [ui][Graph][addVertex] 添加顶点 6
[2026-06-02 15:36:29] [DEBUG] [ui][Graph][addVertex] 添加顶点 7
[2026-06-02 15:36:29] [DEBUG] [ui][Graph][addVertex] 添加顶点 8
[2026-06-02 15:36:29] [DEBUG] [ui][Graph][addVertex] 添加顶点 9
[2026-06-02 15:36:29] [DEBUG] [ui][Graph][addVertex] 添加顶点 10
[2026-06-02 15:36:29] [DEBUG] [ui][Graph][addVertex] 添加顶点 11
[2026-06-02 15:36:29] [DEBUG] [ui][Graph][addVertex] 添加顶点 12
[2026-06-02 15:36:29] [DEBUG] [ui][Graph][addVertex] 添加顶点 13
[2026-06-02 15:36:29] [DEBUG] [ui][Graph][addVertex] 添加顶点 14
[2026-06-02 15:36:29] [DEBUG] [ui][Graph][addVertex] 添加顶点 15
[2026-06-02 15:36:29] [DEBUG] [ui][Graph][addVertex] 添加顶点 16
[2026-06-02 15:36:29] [DEBUG] [ui][Graph][addVertex] 添加顶点 17
[2026-06-02 15:36:29] [DEBUG] [ui][Graph][addVertex] 添加顶点 18
[2026-06-02 15:36:29] [DEBUG] [ui][Graph][addVertex] 添加顶点 19
[2026-06-02 15:36:29] [DEBUG] [ui][Graph][addVertex] 添加顶点 20
[2026-06-02 15:36:29] [DEBUG] [ui][Graph][addVertex] 添加顶点 21
[2026-06-02 15:36:29] [DEBUG] [ui][Graph][addVertex] 添加顶点 22
[2026-06-02 15:36:29] [DEBUG] [ui][Graph][addVertex] 添加顶点 23
[2026-06-02 15:36:29] [DEBUG] [ui][Graph][addVertex] 添加顶点 24
[2026-06-02 15:36:29] [DEBUG] [ui][Graph][addVertex] 添加顶点 25
[2026-06-02 15:36:29] [DEBUG] [ui][Graph][addVertex] 添加顶点 26
[2026-06-02 15:36:29] [DEBUG] [ui][Graph][addVertex] 添加顶点 27
[2026-06-02 15:36:29] [DEBUG] [ui][Graph][addVertex] 添加顶点 28
[2026-06-02 15:36:29] [DEBUG] [ui][Graph][addVertex] 添加顶点 29
[2026-06-02 15:36:29] [DEBUG] [ui][Graph][addVertex] 添加顶点 30
[2026-06-02 15:36:29] [DEBUG] [ui][Graph][addVertex] 添加顶点 31
[2026-06-02 15:36:29] [DEBUG] [ui][Graph][addVertex] 添加顶点 32
[2026-06-02 15:36:29] [DEBUG] [ui][Graph][addVertex] 添加顶点 33
[2026-06-02 15:36:29] [DEBUG] [ui][Graph][addVertex] 添加顶点 34
[2026-06-02 15:36:29] [DEBUG] [ui][Graph][addVertex] 添加顶点 35
[2026-06-02 15:36:29] [DEBUG] [ui][Graph][addVertex] 添加顶点 36
[2026-06-02 15:36:29] [DEBUG] [ui][Graph][addVertex] 添加顶点 37
[2026-06-02 15:36:29] [DEBUG] [ui][Graph][addVertex] 添加顶点 38
[2026-06-02 15:36:29] [DEBUG] [ui][Graph][addVertex] 添加顶点 39
[2026-06-02 15:36:29] [DEBUG] [ui][Graph][addVertex] 添加顶点 40
[2026-06-02 15:36:29] [DEBUG] [ui][Graph][addVertex] 添加顶点 41
[2026-06-02 15:36:29] [DEBUG] [ui][Graph][addVertex] 添加顶点 42
[2026-06-02 15:36:29] [DEBUG] [ui][Graph][addVertex] 添加顶点 43
[2026-06-02 15:36:29] [DEBUG] [ui][Graph][addVertex] 添加顶点 44
[2026-06-02 15:36:29] [DEBUG] [ui][Graph][addVertex] 顶点 1 已存在，跳过
[2026-06-02 15:36:29] [DEBUG] [ui][Graph][addVertex] 顶点 6 已存在，跳过
[2026-06-02 15:36:29] [DEBUG] [ui][Graph][addEdge] 添加边 (1,6)
[2026-06-02 15:36:29] [DEBUG] [ui][Graph][addVertex] 顶点 6 已存在，跳过
[2026-06-02 15:36:29] [DEBUG] [ui][Graph][addVertex] 顶点 7 已存在，跳过
[2026-06-02 15:36:29] [DEBUG] [ui][Graph][addEdge] 添加边 (6,7)
[2026-06-02 15:36:29] [DEBUG] [ui][Graph][addVertex] 顶点 7 已存在，跳过
[2026-06-02 15:36:29] [DEBUG] [ui][Graph][addVertex] 顶点 8 已存在，跳过
[2026-06-02 15:36:29] [DEBUG] [ui][Graph][addEdge] 添加边 (7,8)
[2026-06-02 15:36:29] [DEBUG] [ui][Graph][addVertex] 顶点 8 已存在，跳过
[2026-06-02 15:36:29] [DEBUG] [ui][Graph][addVertex] 顶点 9 已存在，跳过
[2026-06-02 15:36:29] [DEBUG] [ui][Graph][addEdge] 添加边 (8,9)
[2026-06-02 15:36:29] [DEBUG] [ui][Graph][addVertex] 顶点 9 已存在，跳过
[2026-06-02 15:36:29] [DEBUG] [ui][Graph][addVertex] 顶点 10 已存在，跳过
[2026-06-02 15:36:29] [DEBUG] [ui][Graph][addEdge] 添加边 (9,10)
[2026-06-02 15:36:29] [DEBUG] [ui][Graph][addVertex] 顶点 10 已存在，跳过
[2026-06-02 15:36:29] [DEBUG] [ui][Graph][addVertex] 顶点 11 已存在，跳过
[2026-06-02 15:36:29] [DEBUG] [ui][Graph][addEdge] 添加边 (10,11)
[2026-06-02 15:36:29] [DEBUG] [ui][Graph][addVertex] 顶点 11 已存在，跳过
[2026-06-02 15:36:29] [DEBUG] [ui][Graph][addVertex] 顶点 12 已存在，跳过
[2026-06-02 15:36:29] [DEBUG] [ui][Graph][addEdge] 添加边 (11,12)
[2026-06-02 15:36:29] [DEBUG] [ui][Graph][addVertex] 顶点 12 已存在，跳过
[2026-06-02 15:36:29] [DEBUG] [ui][Graph][addVertex] 顶点 13 已存在，跳过
[2026-06-02 15:36:29] [DEBUG] [ui][Graph][addEdge] 添加边 (12,13)
[2026-06-02 15:36:29] [DEBUG] [ui][Graph][addVertex] 顶点 13 已存在，跳过
[2026-06-02 15:36:29] [DEBUG] [ui][Graph][addVertex] 顶点 14 已存在，跳过
[2026-06-02 15:36:29] [DEBUG] [ui][Graph][addEdge] 添加边 (13,14)
[2026-06-02 15:36:29] [DEBUG] [ui][Graph][addVertex] 顶点 1 已存在，跳过
[2026-06-02 15:36:29] [DEBUG] [ui][Graph][addVertex] 顶点 15 已存在，跳过
[2026-06-02 15:36:29] [DEBUG] [ui][Graph][addEdge] 添加边 (1,15)
[2026-06-02 15:36:29] [DEBUG] [ui][Graph][addVertex] 顶点 15 已存在，跳过
[2026-06-02 15:36:29] [DEBUG] [ui][Graph][addVertex] 顶点 16 已存在，跳过
[2026-06-02 15:36:29] [DEBUG] [ui][Graph][addEdge] 添加边 (15,16)
[2026-06-02 15:36:29] [DEBUG] [ui][Graph][addVertex] 顶点 16 已存在，跳过
[2026-06-02 15:36:29] [DEBUG] [ui][Graph][addVertex] 顶点 17 已存在，跳过
[2026-06-02 15:36:29] [DEBUG] [ui][Graph][addEdge] 添加边 (16,17)
[2026-06-02 15:36:29] [DEBUG] [ui][Graph][addVertex] 顶点 17 已存在，跳过
[2026-06-02 15:36:29] [DEBUG] [ui][Graph][addVertex] 顶点 18 已存在，跳过
[2026-06-02 15:36:29] [DEBUG] [ui][Graph][addEdge] 添加边 (17,18)
[2026-06-02 15:36:29] [DEBUG] [ui][Graph][addVertex] 顶点 15 已存在，跳过
[2026-06-02 15:36:29] [DEBUG] [ui][Graph][addVertex] 顶点 19 已存在，跳过
[2026-06-02 15:36:29] [DEBUG] [ui][Graph][addEdge] 添加边 (15,19)
[2026-06-02 15:36:29] [DEBUG] [ui][Graph][addVertex] 顶点 19 已存在，跳过
[2026-06-02 15:36:29] [DEBUG] [ui][Graph][addVertex] 顶点 20 已存在，跳过
[2026-06-02 15:36:29] [DEBUG] [ui][Graph][addEdge] 添加边 (19,20)
[2026-06-02 15:36:29] [DEBUG] [ui][Graph][addVertex] 顶点 20 已存在，跳过
[2026-06-02 15:36:29] [DEBUG] [ui][Graph][addVertex] 顶点 21 已存在，跳过
[2026-06-02 15:36:29] [DEBUG] [ui][Graph][addEdge] 添加边 (20,21)
[2026-06-02 15:36:29] [DEBUG] [ui][Graph][addVertex] 顶点 21 已存在，跳过
[2026-06-02 15:36:29] [DEBUG] [ui][Graph][addVertex] 顶点 22 已存在，跳过
[2026-06-02 15:36:29] [DEBUG] [ui][Graph][addEdge] 添加边 (21,22)
[2026-06-02 15:36:29] [DEBUG] [ui][Graph][addVertex] 顶点 16 已存在，跳过
[2026-06-02 15:36:29] [DEBUG] [ui][Graph][addVertex] 顶点 20 已存在，跳过
[2026-06-02 15:36:29] [DEBUG] [ui][Graph][addEdge] 添加边 (16,20)
[2026-06-02 15:36:29] [DEBUG] [ui][Graph][addVertex] 顶点 17 已存在，跳过
[2026-06-02 15:36:29] [DEBUG] [ui][Graph][addVertex] 顶点 21 已存在，跳过
[2026-06-02 15:36:29] [DEBUG] [ui][Graph][addEdge] 添加边 (17,21)
[2026-06-02 15:36:29] [DEBUG] [ui][Graph][addVertex] 顶点 19 已存在，跳过
[2026-06-02 15:36:29] [DEBUG] [ui][Graph][addVertex] 顶点 23 已存在，跳过
[2026-06-02 15:36:29] [DEBUG] [ui][Graph][addEdge] 添加边 (19,23)
[2026-06-02 15:36:29] [DEBUG] [ui][Graph][addVertex] 顶点 23 已存在，跳过
[2026-06-02 15:36:29] [DEBUG] [ui][Graph][addVertex] 顶点 24 已存在，跳过
[2026-06-02 15:36:29] [DEBUG] [ui][Graph][addEdge] 添加边 (23,24)
[2026-06-02 15:36:29] [DEBUG] [ui][Graph][addVertex] 顶点 24 已存在，跳过
[2026-06-02 15:36:29] [DEBUG] [ui][Graph][addVertex] 顶点 25 已存在，跳过
[2026-06-02 15:36:29] [DEBUG] [ui][Graph][addEdge] 添加边 (24,25)
[2026-06-02 15:36:29] [DEBUG] [ui][Graph][addVertex] 顶点 25 已存在，跳过
[2026-06-02 15:36:29] [DEBUG] [ui][Graph][addVertex] 顶点 26 已存在，跳过
[2026-06-02 15:36:29] [DEBUG] [ui][Graph][addEdge] 添加边 (25,26)
[2026-06-02 15:36:29] [DEBUG] [ui][Graph][addVertex] 顶点 26 已存在，跳过
[2026-06-02 15:36:29] [DEBUG] [ui][Graph][addVertex] 顶点 27 已存在，跳过
[2026-06-02 15:36:29] [DEBUG] [ui][Graph][addEdge] 添加边 (26,27)
[2026-06-02 15:36:29] [DEBUG] [ui][Graph][addVertex] 顶点 27 已存在，跳过
[2026-06-02 15:36:29] [DEBUG] [ui][Graph][addVertex] 顶点 28 已存在，跳过
[2026-06-02 15:36:29] [DEBUG] [ui][Graph][addEdge] 添加边 (27,28)
[2026-06-02 15:36:29] [DEBUG] [ui][Graph][addVertex] 顶点 23 已存在，跳过
[2026-06-02 15:36:29] [DEBUG] [ui][Graph][addVertex] 顶点 29 已存在，跳过
[2026-06-02 15:36:29] [DEBUG] [ui][Graph][addEdge] 添加边 (23,29)
[2026-06-02 15:36:29] [DEBUG] [ui][Graph][addVertex] 顶点 29 已存在，跳过
[2026-06-02 15:36:29] [DEBUG] [ui][Graph][addVertex] 顶点 30 已存在，跳过
[2026-06-02 15:36:29] [DEBUG] [ui][Graph][addEdge] 添加边 (29,30)
[2026-06-02 15:36:29] [DEBUG] [ui][Graph][addVertex] 顶点 30 已存在，跳过
[2026-06-02 15:36:29] [DEBUG] [ui][Graph][addVertex] 顶点 31 已存在，跳过
[2026-06-02 15:36:29] [DEBUG] [ui][Graph][addEdge] 添加边 (30,31)
[2026-06-02 15:36:29] [DEBUG] [ui][Graph][addVertex] 顶点 31 已存在，跳过
[2026-06-02 15:36:29] [DEBUG] [ui][Graph][addVertex] 顶点 32 已存在，跳过
[2026-06-02 15:36:29] [DEBUG] [ui][Graph][addEdge] 添加边 (31,32)
[2026-06-02 15:36:29] [DEBUG] [ui][Graph][addVertex] 顶点 32 已存在，跳过
[2026-06-02 15:36:29] [DEBUG] [ui][Graph][addVertex] 顶点 33 已存在，跳过
[2026-06-02 15:36:29] [DEBUG] [ui][Graph][addEdge] 添加边 (32,33)
[2026-06-02 15:36:29] [DEBUG] [ui][Graph][addVertex] 顶点 33 已存在，跳过
[2026-06-02 15:36:29] [DEBUG] [ui][Graph][addVertex] 顶点 34 已存在，跳过
[2026-06-02 15:36:29] [DEBUG] [ui][Graph][addEdge] 添加边 (33,34)
[2026-06-02 15:36:29] [DEBUG] [ui][Graph][addVertex] 顶点 24 已存在，跳过
[2026-06-02 15:36:29] [DEBUG] [ui][Graph][addVertex] 顶点 30 已存在，跳过
[2026-06-02 15:36:29] [DEBUG] [ui][Graph][addEdge] 添加边 (24,30)
[2026-06-02 15:36:29] [DEBUG] [ui][Graph][addVertex] 顶点 25 已存在，跳过
[2026-06-02 15:36:29] [DEBUG] [ui][Graph][addVertex] 顶点 31 已存在，跳过
[2026-06-02 15:36:29] [DEBUG] [ui][Graph][addEdge] 添加边 (25,31)
[2026-06-02 15:36:29] [DEBUG] [ui][Graph][addVertex] 顶点 26 已存在，跳过
[2026-06-02 15:36:29] [DEBUG] [ui][Graph][addVertex] 顶点 32 已存在，跳过
[2026-06-02 15:36:29] [DEBUG] [ui][Graph][addEdge] 添加边 (26,32)
[2026-06-02 15:36:29] [DEBUG] [ui][Graph][addVertex] 顶点 27 已存在，跳过
[2026-06-02 15:36:29] [DEBUG] [ui][Graph][addVertex] 顶点 33 已存在，跳过
[2026-06-02 15:36:29] [DEBUG] [ui][Graph][addEdge] 添加边 (27,33)
[2026-06-02 15:36:29] [DEBUG] [ui][Graph][addVertex] 顶点 29 已存在，跳过
[2026-06-02 15:36:29] [DEBUG] [ui][Graph][addVertex] 顶点 35 已存在，跳过
[2026-06-02 15:36:29] [DEBUG] [ui][Graph][addEdge] 添加边 (29,35)
[2026-06-02 15:36:29] [DEBUG] [ui][Graph][addVertex] 顶点 35 已存在，跳过
[2026-06-02 15:36:29] [DEBUG] [ui][Graph][addVertex] 顶点 36 已存在，跳过
[2026-06-02 15:36:29] [DEBUG] [ui][Graph][addEdge] 添加边 (35,36)
[2026-06-02 15:36:29] [DEBUG] [ui][Graph][addVertex] 顶点 36 已存在，跳过
[2026-06-02 15:36:29] [DEBUG] [ui][Graph][addVertex] 顶点 37 已存在，跳过
[2026-06-02 15:36:29] [DEBUG] [ui][Graph][addEdge] 添加边 (36,37)
[2026-06-02 15:36:29] [DEBUG] [ui][Graph][addVertex] 顶点 37 已存在，跳过
[2026-06-02 15:36:29] [DEBUG] [ui][Graph][addVertex] 顶点 38 已存在，跳过
[2026-06-02 15:36:29] [DEBUG] [ui][Graph][addEdge] 添加边 (37,38)
[2026-06-02 15:36:29] [DEBUG] [ui][Graph][addVertex] 顶点 38 已存在，跳过
[2026-06-02 15:36:29] [DEBUG] [ui][Graph][addVertex] 顶点 39 已存在，跳过
[2026-06-02 15:36:29] [DEBUG] [ui][Graph][addEdge] 添加边 (38,39)
[2026-06-02 15:36:29] [DEBUG] [ui][Graph][addVertex] 顶点 39 已存在，跳过
[2026-06-02 15:36:29] [DEBUG] [ui][Graph][addVertex] 顶点 40 已存在，跳过
[2026-06-02 15:36:29] [DEBUG] [ui][Graph][addEdge] 添加边 (39,40)
[2026-06-02 15:36:29] [DEBUG] [ui][Graph][addVertex] 顶点 40 已存在，跳过
[2026-06-02 15:36:29] [DEBUG] [ui][Graph][addVertex] 顶点 41 已存在，跳过
[2026-06-02 15:36:29] [DEBUG] [ui][Graph][addEdge] 添加边 (40,41)
[2026-06-02 15:36:29] [DEBUG] [ui][Graph][addVertex] 顶点 41 已存在，跳过
[2026-06-02 15:36:29] [DEBUG] [ui][Graph][addVertex] 顶点 42 已存在，跳过
[2026-06-02 15:36:29] [DEBUG] [ui][Graph][addEdge] 添加边 (41,42)
[2026-06-02 15:36:29] [DEBUG] [ui][Graph][addVertex] 顶点 42 已存在，跳过
[2026-06-02 15:36:29] [DEBUG] [ui][Graph][addVertex] 顶点 43 已存在，跳过
[2026-06-02 15:36:29] [DEBUG] [ui][Graph][addEdge] 添加边 (42,43)
[2026-06-02 15:36:29] [DEBUG] [ui][Graph][addVertex] 顶点 43 已存在，跳过
[2026-06-02 15:36:29] [DEBUG] [ui][Graph][addVertex] 顶点 2 已存在，跳过
[2026-06-02 15:36:29] [DEBUG] [ui][Graph][addEdge] 添加边 (43,2)
[2026-06-02 15:36:29] [DEBUG] [ui][Graph][addVertex] 顶点 2 已存在，跳过
[2026-06-02 15:36:29] [DEBUG] [ui][Graph][addVertex] 顶点 3 已存在，跳过
[2026-06-02 15:36:29] [DEBUG] [ui][Graph][addEdge] 添加边 (2,3)
[2026-06-02 15:36:29] [DEBUG] [ui][Graph][addVertex] 顶点 3 已存在，跳过
[2026-06-02 15:36:29] [DEBUG] [ui][Graph][addVertex] 顶点 4 已存在，跳过
[2026-06-02 15:36:29] [DEBUG] [ui][Graph][addEdge] 添加边 (3,4)
[2026-06-02 15:36:29] [DEBUG] [ui][Graph][addVertex] 顶点 4 已存在，跳过
[2026-06-02 15:36:29] [DEBUG] [ui][Graph][addVertex] 顶点 5 已存在，跳过
[2026-06-02 15:36:29] [DEBUG] [ui][Graph][addEdge] 添加边 (4,5)
[2026-06-02 15:36:29] [DEBUG] [ui][Graph][addVertex] 顶点 5 已存在，跳过
[2026-06-02 15:36:29] [DEBUG] [ui][Graph][addVertex] 顶点 44 已存在，跳过
[2026-06-02 15:36:29] [DEBUG] [ui][Graph][addEdge] 添加边 (5,44)
[2026-06-02 15:36:29] [INFO] [ui][SetLevelGraphBuilder][buildMultilist]邻接多重表构建完成
[2026-06-02 15:36:29] [INFO] [ui][SetLevelGraphBuilder][buildGraph] 阶段(1): 重建邻接多重表完成
[2026-06-02 15:36:29] [INFO] [ui][SetLevelGraphBuilder][layoutAndDraw]起始节点ID: 1, 坐标: (20, 120)
[2026-06-02 15:36:29] [INFO] [ui][SetLevelGraphBuilder][processStraightLine]直线: 1 -> 6, 长度: 840, 起点(20,120), 终点(860,120)
[2026-06-02 15:36:29] [INFO] [ui][SetLevelGraphBuilder][createFrameDevice]成功为节点ID=6设置Set信息: uiId=6, setId=12001~12004, 压力范围=0.00~0.00Mpa, 流量平均值=0.00L/Min, 湿度范围=0.00~0.00%
[2026-06-02 15:36:29] [INFO] [ui][SetLevelGraphBuilder][createFrameDevice]创建FrameDevice: ID=6, 轨道坐标=(860, 120), 实际坐标=(800, 14), 位置=ABOVE
[2026-06-02 15:36:29] [INFO] [ui][SetLevelGraphBuilder][processNode]创建SET节点: ID=6
[2026-06-02 15:36:29] [INFO] [ui][SetLevelGraphBuilder][processStraightLine]直线: 6 -> 7, 长度: 140, 起点(860,120), 终点(1000,120)
[2026-06-02 15:36:29] [INFO] [ui][SetLevelGraphBuilder][createFrameDevice]成功为节点ID=7设置Set信息: uiId=7, setId=12005~12008, 压力范围=0.00~0.00Mpa, 流量平均值=0.00L/Min, 湿度范围=0.00~0.00%
[2026-06-02 15:36:29] [INFO] [ui][SetLevelGraphBuilder][createFrameDevice]创建FrameDevice: ID=7, 轨道坐标=(1000, 120), 实际坐标=(940, 14), 位置=ABOVE
[2026-06-02 15:36:29] [INFO] [ui][SetLevelGraphBuilder][processNode]创建SET节点: ID=7
[2026-06-02 15:36:29] [INFO] [ui][SetLevelGraphBuilder][processStraightLine]直线: 7 -> 8, 长度: 420, 起点(1000,120), 终点(1420,120)
[2026-06-02 15:36:29] [INFO] [ui][SetLevelGraphBuilder][createFrameDevice]成功为节点ID=8设置Set信息: uiId=8, setId=12009~12012, 压力范围=0.00~0.00Mpa, 流量平均值=0.00L/Min, 湿度范围=0.00~0.00%
[2026-06-02 15:36:29] [INFO] [ui][SetLevelGraphBuilder][createFrameDevice]创建FrameDevice: ID=8, 轨道坐标=(1420, 120), 实际坐标=(1360, 14), 位置=ABOVE
[2026-06-02 15:36:29] [INFO] [ui][SetLevelGraphBuilder][processNode]创建SET节点: ID=8
[2026-06-02 15:36:29] [INFO] [ui][SetLevelGraphBuilder][processStraightLine]直线: 8 -> 9, 长度: 140, 起点(1420,120), 终点(1560,120)
[2026-06-02 15:36:29] [INFO] [ui][SetLevelGraphBuilder][createFrameDevice]成功为节点ID=9设置Set信息: uiId=9, setId=12013~12016, 压力范围=0.00~0.00Mpa, 流量平均值=0.00L/Min, 湿度范围=0.00~0.00%
[2026-06-02 15:36:29] [INFO] [ui][SetLevelGraphBuilder][createFrameDevice]创建FrameDevice: ID=9, 轨道坐标=(1560, 120), 实际坐标=(1500, 14), 位置=ABOVE
[2026-06-02 15:36:29] [INFO] [ui][SetLevelGraphBuilder][processNode]创建SET节点: ID=9
[2026-06-02 15:36:29] [INFO] [ui][SetLevelGraphBuilder][processStraightLine]直线: 9 -> 10, 长度: 140, 起点(1560,120), 终点(1700,120)
[2026-06-02 15:36:29] [INFO] [ui][SetLevelGraphBuilder][createFrameDevice]成功为节点ID=10设置Set信息: uiId=10, setId=12017~12020, 压力范围=0.00~0.00Mpa, 流量平均值=0.00L/Min, 湿度范围=0.00~0.00%
[2026-06-02 15:36:29] [INFO] [ui][SetLevelGraphBuilder][createFrameDevice]创建FrameDevice: ID=10, 轨道坐标=(1700, 120), 实际坐标=(1640, 14), 位置=ABOVE
[2026-06-02 15:36:29] [INFO] [ui][SetLevelGraphBuilder][processNode]创建SET节点: ID=10
[2026-06-02 15:36:29] [INFO] [ui][SetLevelGraphBuilder][processStraightLine]直线: 10 -> 11, 长度: 140, 起点(1700,120), 终点(1840,120)
[2026-06-02 15:36:29] [INFO] [ui][SetLevelGraphBuilder][createFrameDevice]成功为节点ID=11设置Set信息: uiId=11, setId=12021~12024, 压力范围=0.00~0.00Mpa, 流量平均值=0.00L/Min, 湿度范围=0.00~0.00%
[2026-06-02 15:36:29] [INFO] [ui][SetLevelGraphBuilder][createFrameDevice]创建FrameDevice: ID=11, 轨道坐标=(1840, 120), 实际坐标=(1780, 14), 位置=ABOVE
[2026-06-02 15:36:29] [INFO] [ui][SetLevelGraphBuilder][processNode]创建SET节点: ID=11
[2026-06-02 15:36:29] [INFO] [ui][SetLevelGraphBuilder][processStraightLine]直线: 11 -> 12, 长度: 140, 起点(1840,120), 终点(1980,120)
[2026-06-02 15:36:29] [INFO] [ui][SetLevelGraphBuilder][createFrameDevice]成功为节点ID=12设置Set信息: uiId=12, setId=12025~12028, 压力范围=0.00~0.00Mpa, 流量平均值=0.00L/Min, 湿度范围=0.00~0.00%
[2026-06-02 15:36:29] [INFO] [ui][SetLevelGraphBuilder][createFrameDevice]创建FrameDevice: ID=12, 轨道坐标=(1980, 120), 实际坐标=(1920, 14), 位置=ABOVE
[2026-06-02 15:36:29] [INFO] [ui][SetLevelGraphBuilder][processNode]创建SET节点: ID=12
[2026-06-02 15:36:29] [INFO] [ui][SetLevelGraphBuilder][processStraightLine]直线: 12 -> 13, 长度: 140, 起点(1980,120), 终点(2120,120)
[2026-06-02 15:36:29] [INFO] [ui][SetLevelGraphBuilder][createFrameDevice]成功为节点ID=13设置Set信息: uiId=13, setId=12029~12032, 压力范围=0.00~0.00Mpa, 流量平均值=0.00L/Min, 湿度范围=0.00~0.00%
[2026-06-02 15:36:29] [INFO] [ui][SetLevelGraphBuilder][createFrameDevice]创建FrameDevice: ID=13, 轨道坐标=(2120, 120), 实际坐标=(2060, 14), 位置=ABOVE
[2026-06-02 15:36:29] [INFO] [ui][SetLevelGraphBuilder][processNode]创建SET节点: ID=13
[2026-06-02 15:36:29] [INFO] [ui][SetLevelGraphBuilder][processStraightLine]直线: 13 -> 14, 长度: 70 + 偏移: 118 = 188, 起点(2120,120), 终点(2308,120)
[2026-06-02 15:36:29] [INFO] [ui][SetLevelGraphBuilder][processVirtualLine]虚线: 1 -> 15, 类型: VERTICAL_VIRTUAL_LINE, 起点(20,120), 终点(20,126)
[2026-06-02 15:36:29] [INFO] [ui][SetLevelGraphBuilder][processStraightLine]直线: 15 -> 16, 长度: 560, 起点(20,126), 终点(580,126)
[2026-06-02 15:36:29] [INFO] [ui][SetLevelGraphBuilder][processVirtualLine]虚线: 16 -> 17, 类型: HORIZONTAL_VIRTUAL_LINE, 起点(580,126), 终点(586,126)
[2026-06-02 15:36:29] [INFO] [ui][SetLevelGraphBuilder][processStraightLine]直线: 17 -> 18, 长度: 1722, 起点(586,126), 终点(2308,126)
[2026-06-02 15:36:29] [INFO] [ui][SetLevelGraphBuilder][processVirtualLine]虚线: 15 -> 19, 类型: VERTICAL_VIRTUAL_LINE, 起点(20,126), 终点(20,266)
[2026-06-02 15:36:29] [INFO] [ui][SetLevelGraphBuilder][processStraightLine]直线: 19 -> 20, 长度: 700, 起点(20,266), 终点(720,266)
[2026-06-02 15:36:29] [INFO] [ui][SetLevelGraphBuilder][processVirtualLine]虚线: 20 -> 21, 类型: HORIZONTAL_VIRTUAL_LINE, 起点(720,266), 终点(726,266)
[2026-06-02 15:36:29] [INFO] [ui][SetLevelGraphBuilder][processStraightLine]直线: 21 -> 22, 长度: 1582 + 偏移: 10 = 1592, 起点(726,266), 终点(2318,266)
[2026-06-02 15:36:29] [INFO] [ui][SetLevelGraphBuilder][processSCurve]S曲线: 16 -> 20, 目标节点已有坐标，使用已有坐标
[2026-06-02 15:36:29] [INFO] [ui][SetLevelGraphBuilder][processSCurve]绘制曲线 16 -> 20, 类型: REVERSE_S_CURVE, 起点(580,126), 终点(720,266), 控制点1(650,126), 控制点2(650,266)
[2026-06-02 15:36:29] [INFO] [ui][SetLevelGraphBuilder][processSCurve]S曲线: 17 -> 21, 目标节点已有坐标，使用已有坐标
[2026-06-02 15:36:29] [INFO] [ui][SetLevelGraphBuilder][processSCurve]绘制曲线 17 -> 21, 类型: REVERSE_S_CURVE, 起点(586,126), 终点(726,266), 控制点1(656,126), 控制点2(656,266)
[2026-06-02 15:36:29] [INFO] [ui][SetLevelGraphBuilder][processVirtualLine]虚线: 19 -> 23, 类型: VERTICAL_VIRTUAL_LINE, 起点(20,266), 终点(20,272)
[2026-06-02 15:36:29] [INFO] [ui][SetLevelGraphBuilder][processStraightLine]直线: 23 -> 24, 长度: 1190, 起点(20,272), 终点(1210,272)
[2026-06-02 15:36:29] [INFO] [ui][SetLevelGraphBuilder][processVirtualLine]虚线: 24 -> 25, 类型: HORIZONTAL_VIRTUAL_LINE, 起点(1210,272), 终点(1216,272)
[2026-06-02 15:36:29] [INFO] [ui][SetLevelGraphBuilder][processStraightLine]直线: 25 -> 26, 长度: 140, 起点(1216,272), 终点(1356,272)
[2026-06-02 15:36:29] [INFO] [ui][SetLevelGraphBuilder][processVirtualLine]虚线: 26 -> 27, 类型: HORIZONTAL_VIRTUAL_LINE, 起点(1356,272), 终点(1362,272)
[2026-06-02 15:36:29] [INFO] [ui][SetLevelGraphBuilder][processStraightLine]直线: 27 -> 28, 长度: 980 + 偏移: -24 = 956, 起点(1362,272), 终点(2318,272)
[2026-06-02 15:36:29] [INFO] [ui][SetLevelGraphBuilder][processVirtualLine]虚线: 23 -> 29, 类型: VERTICAL_VIRTUAL_LINE, 起点(20,272), 终点(20,482)
[2026-06-02 15:36:29] [INFO] [ui][SetLevelGraphBuilder][processStraightLine]直线: 29 -> 30, 长度: 1190, 起点(20,482), 终点(1210,482)
[2026-06-02 15:36:29] [INFO] [ui][SetLevelGraphBuilder][processVirtualLine]虚线: 30 -> 31, 类型: HORIZONTAL_VIRTUAL_LINE, 起点(1210,482), 终点(1216,482)
[2026-06-02 15:36:29] [INFO] [ui][SetLevelGraphBuilder][processStraightLine]直线: 31 -> 32, 长度: 140, 起点(1216,482), 终点(1356,482)
[2026-06-02 15:36:29] [INFO] [ui][SetLevelGraphBuilder][processVirtualLine]虚线: 32 -> 33, 类型: HORIZONTAL_VIRTUAL_LINE, 起点(1356,482), 终点(1362,482)
[2026-06-02 15:36:29] [INFO] [ui][SetLevelGraphBuilder][processStraightLine]直线: 33 -> 34, 长度: 770 + 偏移: 190 = 960, 起点(1362,482), 终点(2322,482)
[2026-06-02 15:36:29] [INFO] [ui][SetLevelGraphBuilder][processSemicircleArc]绘制半圆弧 24 -> 30, 类型: RIGHT_SEMICIRCLE_ARC, 起点(1210,272), 终点(1210,482)
[2026-06-02 15:36:29] [INFO] [ui][SetLevelGraphBuilder][processSemicircleArc]半圆弧: 24 -> 30, 类型: RIGHT_SEMICIRCLE_ARC
[2026-06-02 15:36:29] [INFO] [ui][SetLevelGraphBuilder][processSemicircleArc]绘制半圆弧 25 -> 31, 类型: RIGHT_SEMICIRCLE_ARC, 起点(1216,272), 终点(1216,482)
[2026-06-02 15:36:29] [INFO] [ui][SetLevelGraphBuilder][processSemicircleArc]半圆弧: 25 -> 31, 类型: RIGHT_SEMICIRCLE_ARC
[2026-06-02 15:36:29] [INFO] [ui][SetLevelGraphBuilder][processSemicircleArc]绘制半圆弧 26 -> 32, 类型: LEFT_SEMICIRCLE_ARC, 起点(1356,272), 终点(1356,482)
[2026-06-02 15:36:29] [INFO] [ui][SetLevelGraphBuilder][processSemicircleArc]半圆弧: 26 -> 32, 类型: LEFT_SEMICIRCLE_ARC
[2026-06-02 15:36:29] [INFO] [ui][SetLevelGraphBuilder][processSemicircleArc]绘制半圆弧 27 -> 33, 类型: LEFT_SEMICIRCLE_ARC, 起点(1362,272), 终点(1362,482)
[2026-06-02 15:36:29] [INFO] [ui][SetLevelGraphBuilder][processSemicircleArc]半圆弧: 27 -> 33, 类型: LEFT_SEMICIRCLE_ARC
[2026-06-02 15:36:29] [INFO] [ui][SetLevelGraphBuilder][processVirtualLine]虚线: 29 -> 35, 类型: VERTICAL_VIRTUAL_LINE, 起点(20,482), 终点(20,488)
[2026-06-02 15:36:29] [INFO] [ui][SetLevelGraphBuilder][processStraightLine]直线: 35 -> 36, 长度: 70, 起点(20,488), 终点(90,488)
[2026-06-02 15:36:29] [INFO] [ui][SetLevelGraphBuilder][createFrameDevice]成功为节点ID=36设置Set信息: uiId=36, setId=12033~12036, 压力范围=0.00~0.00Mpa, 流量平均值=0.00L/Min, 湿度范围=0.00~0.00%
[2026-06-02 15:36:29] [INFO] [ui][SetLevelGraphBuilder][createFrameDevice]创建FrameDevice: ID=36, 轨道坐标=(90, 488), 实际坐标=(30, 496), 位置=BELOW
[2026-06-02 15:36:29] [INFO] [ui][SetLevelGraphBuilder][processNode]创建SET节点: ID=36
[2026-06-02 15:36:29] [INFO] [ui][SetLevelGraphBuilder][processStraightLine]直线: 36 -> 37, 长度: 140, 起点(90,488), 终点(230,488)
[2026-06-02 15:36:29] [INFO] [ui][SetLevelGraphBuilder][createFrameDevice]成功为节点ID=37设置Set信息: uiId=37, setId=12037~12040, 压力范围=0.00~0.00Mpa, 流量平均值=0.00L/Min, 湿度范围=0.00~0.00%
[2026-06-02 15:36:29] [INFO] [ui][SetLevelGraphBuilder][createFrameDevice]创建FrameDevice: ID=37, 轨道坐标=(230, 488), 实际坐标=(170, 496), 位置=BELOW
[2026-06-02 15:36:29] [INFO] [ui][SetLevelGraphBuilder][processNode]创建SET节点: ID=37
[2026-06-02 15:36:29] [INFO] [ui][SetLevelGraphBuilder][processStraightLine]直线: 37 -> 38, 长度: 140, 起点(230,488), 终点(370,488)
[2026-06-02 15:36:29] [INFO] [ui][SetLevelGraphBuilder][createFrameDevice]成功为节点ID=38设置Set信息: uiId=38, setId=12041~12044, 压力范围=0.00~0.00Mpa, 流量平均值=0.00L/Min, 湿度范围=0.00~0.00%
[2026-06-02 15:36:29] [INFO] [ui][SetLevelGraphBuilder][createFrameDevice]创建FrameDevice: ID=38, 轨道坐标=(370, 488), 实际坐标=(310, 496), 位置=BELOW
[2026-06-02 15:36:29] [INFO] [ui][SetLevelGraphBuilder][processNode]创建SET节点: ID=38
[2026-06-02 15:36:29] [INFO] [ui][SetLevelGraphBuilder][processStraightLine]直线: 38 -> 39, 长度: 140, 起点(370,488), 终点(510,488)
[2026-06-02 15:36:29] [INFO] [ui][SetLevelGraphBuilder][createFrameDevice]成功为节点ID=39设置Set信息: uiId=39, setId=12045~12048, 压力范围=0.00~0.00Mpa, 流量平均值=0.00L/Min, 湿度范围=0.00~0.00%
[2026-06-02 15:36:29] [INFO] [ui][SetLevelGraphBuilder][createFrameDevice]创建FrameDevice: ID=39, 轨道坐标=(510, 488), 实际坐标=(450, 496), 位置=BELOW
[2026-06-02 15:36:29] [INFO] [ui][SetLevelGraphBuilder][processNode]创建SET节点: ID=39
[2026-06-02 15:36:29] [INFO] [ui][SetLevelGraphBuilder][processStraightLine]直线: 39 -> 40, 长度: 140, 起点(510,488), 终点(650,488)
[2026-06-02 15:36:29] [INFO] [ui][SetLevelGraphBuilder][createFrameDevice]成功为节点ID=40设置Set信息: uiId=40, setId=12049~12052, 压力范围=0.00~0.00Mpa, 流量平均值=0.00L/Min, 湿度范围=0.00~0.00%
[2026-06-02 15:36:29] [INFO] [ui][SetLevelGraphBuilder][createFrameDevice]创建FrameDevice: ID=40, 轨道坐标=(650, 488), 实际坐标=(590, 496), 位置=BELOW
[2026-06-02 15:36:29] [INFO] [ui][SetLevelGraphBuilder][processNode]创建SET节点: ID=40
[2026-06-02 15:36:29] [INFO] [ui][SetLevelGraphBuilder][processStraightLine]直线: 40 -> 41, 长度: 140, 起点(650,488), 终点(790,488)
[2026-06-02 15:36:29] [INFO] [ui][SetLevelGraphBuilder][createFrameDevice]成功为节点ID=41设置Set信息: uiId=41, setId=12053~12056, 压力范围=0.00~0.00Mpa, 流量平均值=0.00L/Min, 湿度范围=0.00~0.00%
[2026-06-02 15:36:29] [INFO] [ui][SetLevelGraphBuilder][createFrameDevice]创建FrameDevice: ID=41, 轨道坐标=(790, 488), 实际坐标=(730, 496), 位置=BELOW
[2026-06-02 15:36:29] [INFO] [ui][SetLevelGraphBuilder][processNode]创建SET节点: ID=41
[2026-06-02 15:36:29] [INFO] [ui][SetLevelGraphBuilder][processStraightLine]直线: 41 -> 42, 长度: 140, 起点(790,488), 终点(930,488)
[2026-06-02 15:36:29] [INFO] [ui][SetLevelGraphBuilder][createFrameDevice]成功为节点ID=42设置Set信息: uiId=42, setId=12057~12060, 压力范围=0.00~0.00Mpa, 流量平均值=0.00L/Min, 湿度范围=0.00~0.00%
[2026-06-02 15:36:29] [INFO] [ui][SetLevelGraphBuilder][createFrameDevice]创建FrameDevice: ID=42, 轨道坐标=(930, 488), 实际坐标=(870, 496), 位置=BELOW
[2026-06-02 15:36:29] [INFO] [ui][SetLevelGraphBuilder][processNode]创建SET节点: ID=42
[2026-06-02 15:36:29] [INFO] [ui][SetLevelGraphBuilder][processStraightLine]直线: 42 -> 43, 长度: 140, 起点(930,488), 终点(1070,488)
[2026-06-02 15:36:29] [INFO] [ui][SetLevelGraphBuilder][createFrameDevice]成功为节点ID=43设置Set信息: uiId=43, setId=12061~12064, 压力范围=0.00~0.00Mpa, 流量平均值=0.00L/Min, 湿度范围=0.00~0.00%
[2026-06-02 15:36:29] [INFO] [ui][SetLevelGraphBuilder][createFrameDevice]创建FrameDevice: ID=43, 轨道坐标=(1070, 488), 实际坐标=(1010, 496), 位置=BELOW
[2026-06-02 15:36:29] [INFO] [ui][SetLevelGraphBuilder][processNode]创建SET节点: ID=43
[2026-06-02 15:36:29] [INFO] [ui][SetLevelGraphBuilder][processStraightLine]直线: 43 -> 2, 长度: 322 + 偏移: 22 = 344, 起点(1070,488), 终点(1414,488)
[2026-06-02 15:36:29] [INFO] [ui][SetLevelGraphBuilder][createFrameDevice]成功为节点ID=2设置Set信息: uiId=2, setId=12065~12068, 压力范围=0.00~0.00Mpa, 流量平均值=0.00L/Min, 湿度范围=0.00~0.00%
[2026-06-02 15:36:29] [INFO] [ui][SetLevelGraphBuilder][createFrameDevice]创建FrameDevice: ID=2, 轨道坐标=(1414, 488), 实际坐标=(1354, 496), 位置=BELOW
[2026-06-02 15:36:29] [INFO] [ui][SetLevelGraphBuilder][processNode]创建SET节点: ID=2
[2026-06-02 15:36:29] [INFO] [ui][SetLevelGraphBuilder][processStraightLine]直线: 2 -> 3, 长度: 140, 起点(1414,488), 终点(1554,488)
[2026-06-02 15:36:29] [INFO] [ui][SetLevelGraphBuilder][createFrameDevice]成功为节点ID=3设置Set信息: uiId=3, setId=12069~12072, 压力范围=0.00~0.00Mpa, 流量平均值=0.00L/Min, 湿度范围=0.00~0.00%
[2026-06-02 15:36:29] [INFO] [ui][SetLevelGraphBuilder][createFrameDevice]创建FrameDevice: ID=3, 轨道坐标=(1554, 488), 实际坐标=(1494, 496), 位置=BELOW
[2026-06-02 15:36:29] [INFO] [ui][SetLevelGraphBuilder][processNode]创建SET节点: ID=3
[2026-06-02 15:36:29] [INFO] [ui][SetLevelGraphBuilder][processStraightLine]直线: 3 -> 4, 长度: 140, 起点(1554,488), 终点(1694,488)
[2026-06-02 15:36:29] [INFO] [ui][SetLevelGraphBuilder][createFrameDevice]成功为节点ID=4设置Set信息: uiId=4, setId=12073~12076, 压力范围=0.00~0.00Mpa, 流量平均值=0.00L/Min, 湿度范围=0.00~0.00%
[2026-06-02 15:36:29] [INFO] [ui][SetLevelGraphBuilder][createFrameDevice]创建FrameDevice: ID=4, 轨道坐标=(1694, 488), 实际坐标=(1634, 496), 位置=BELOW
[2026-06-02 15:36:29] [INFO] [ui][SetLevelGraphBuilder][processNode]创建SET节点: ID=4
[2026-06-02 15:36:29] [INFO] [ui][SetLevelGraphBuilder][processStraightLine]直线: 4 -> 5, 长度: 140, 起点(1694,488), 终点(1834,488)
[2026-06-02 15:36:29] [INFO] [ui][SetLevelGraphBuilder][createFrameDevice]成功为节点ID=5设置Set信息: uiId=5, setId=12077~12080, 压力范围=0.00~0.00Mpa, 流量平均值=0.00L/Min, 湿度范围=0.00~0.00%
[2026-06-02 15:36:29] [INFO] [ui][SetLevelGraphBuilder][createFrameDevice]创建FrameDevice: ID=5, 轨道坐标=(1834, 488), 实际坐标=(1774, 496), 位置=BELOW
[2026-06-02 15:36:29] [INFO] [ui][SetLevelGraphBuilder][processNode]创建SET节点: ID=5
[2026-06-02 15:36:29] [INFO] [ui][SetLevelGraphBuilder][processStraightLine]直线: 5 -> 44, 长度: 350 + 偏移: 140 = 490, 起点(1834,488), 终点(2324,488)
[2026-06-02 15:36:29] [INFO] [ui][SetLevelGraphBuilder][layoutAndDraw]布局和绘制完成
[2026-06-02 15:36:29] [INFO] [ui][SetLevelGraphBuilder][buildGraph] 阶段(2): 绘制图像界面完成
[2026-06-02 15:36:29] [INFO] [ui][SetLevelGraphBuilder][buildGraph] 阶段(3): 布局图重构完毕
[2026-06-02 15:36:29] [INFO] [ui][SetLevelGraphBuilder][buildGraph] 图构建完成
[2026-06-02 15:36:29] [INFO] ====================Set视图天车轨道布局图重构  结束====================
[2026-06-02 15:37:13] [INFO] [ui][SetLevelGraphBuilder][setStartNodePosition] 设置起始节点坐标: (20, 120)
[2026-06-02 15:37:13] [INFO] [ui][FoupLevelGraphBuilder][setStartNodePosition]设置起始节点坐标: (20, 120)
[2026-06-02 15:37:13] [INFO] ====================天车轨道布局图配置文件解析 开始====================
[2026-06-02 15:37:13] [INFO] [ui][GraphConfig][parse]解析阶段(1): 解析GraphConfig标签开始
[2026-06-02 15:37:13] [INFO] [ui][GraphConfig][parseGraphSettings]图类型: 无向图
[2026-06-02 15:37:13] [INFO] [ui][GraphConfig][parseGraphSettings]设备控件尺寸: 120, 间距: 20
[2026-06-02 15:37:13] [INFO] [ui][GraphConfig][parse]解析阶段(1): 解析GraphConfig标签完成
[2026-06-02 15:37:13] [INFO] [ui][GraphConfig][parseEdges]解析阶段(2): 解析Edges标签
[2026-06-02 15:37:13] [INFO] [ui][GraphConfig][parseEdges]找到49条边数据
[2026-06-02 15:37:13] [INFO] [ui][GraphConfig][processNode]SET节点文档顺序#0: 设置 setOfOHBInfoList[0].uiId = 6
[2026-06-02 15:37:13] [INFO] [ui][GraphConfig][parseEdges]解析阶段(3):收集TRACK节点: ID=1
[2026-06-02 15:37:13] [INFO] [ui][GraphConfig][parseEdges]解析阶段(3):收集SET节点: ID=6, QRCode=11005, Count=4, Position=ABOVE
[2026-06-02 15:37:13] [INFO] [ui][GraphConfig][parseEdges]解析阶段(4):成功解析边: 1 -> 6，类型: STRAIGHT_LINE，大小: 840
[2026-06-02 15:37:13] [INFO] [ui][GraphConfig][processNode]SET节点文档顺序#1: 设置 setOfOHBInfoList[1].uiId = 7
[2026-06-02 15:37:13] [INFO] [ui][GraphConfig][parseEdges]解析阶段(3):收集SET节点: ID=7, QRCode=11006, Count=4, Position=ABOVE
[2026-06-02 15:37:13] [INFO] [ui][GraphConfig][parseEdges]解析阶段(4):成功解析边: 6 -> 7，类型: STRAIGHT_LINE，大小: 140
[2026-06-02 15:37:13] [INFO] [ui][GraphConfig][processNode]SET节点文档顺序#2: 设置 setOfOHBInfoList[2].uiId = 8
[2026-06-02 15:37:13] [INFO] [ui][GraphConfig][parseEdges]解析阶段(3):收集SET节点: ID=8, QRCode=11007, Count=4, Position=ABOVE
[2026-06-02 15:37:13] [INFO] [ui][GraphConfig][parseEdges]解析阶段(4):成功解析边: 7 -> 8，类型: STRAIGHT_LINE，大小: 420
[2026-06-02 15:37:13] [INFO] [ui][GraphConfig][processNode]SET节点文档顺序#3: 设置 setOfOHBInfoList[3].uiId = 9
[2026-06-02 15:37:13] [INFO] [ui][GraphConfig][parseEdges]解析阶段(3):收集SET节点: ID=9, QRCode=11008, Count=4, Position=ABOVE
[2026-06-02 15:37:13] [INFO] [ui][GraphConfig][parseEdges]解析阶段(4):成功解析边: 8 -> 9，类型: STRAIGHT_LINE，大小: 140
[2026-06-02 15:37:13] [INFO] [ui][GraphConfig][processNode]SET节点文档顺序#4: 设置 setOfOHBInfoList[4].uiId = 10
[2026-06-02 15:37:13] [INFO] [ui][GraphConfig][parseEdges]解析阶段(3):收集SET节点: ID=10, QRCode=11009, Count=4, Position=ABOVE
[2026-06-02 15:37:13] [INFO] [ui][GraphConfig][parseEdges]解析阶段(4):成功解析边: 9 -> 10，类型: STRAIGHT_LINE，大小: 140
[2026-06-02 15:37:13] [INFO] [ui][GraphConfig][processNode]SET节点文档顺序#5: 设置 setOfOHBInfoList[5].uiId = 11
[2026-06-02 15:37:13] [INFO] [ui][GraphConfig][parseEdges]解析阶段(3):收集SET节点: ID=11, QRCode=11010, Count=4, Position=ABOVE
[2026-06-02 15:37:13] [INFO] [ui][GraphConfig][parseEdges]解析阶段(4):成功解析边: 10 -> 11，类型: STRAIGHT_LINE，大小: 140
[2026-06-02 15:37:13] [INFO] [ui][GraphConfig][processNode]SET节点文档顺序#6: 设置 setOfOHBInfoList[6].uiId = 12
[2026-06-02 15:37:13] [INFO] [ui][GraphConfig][parseEdges]解析阶段(4):成功解析边: 11 -> 12，类型: STRAIGHT_LINE，大小: 140
[2026-06-02 15:37:13] [INFO] [ui][GraphConfig][processNode]SET节点文档顺序#7: 设置 setOfOHBInfoList[7].uiId = 13
[2026-06-02 15:37:13] [INFO] [ui][GraphConfig][parseEdges]解析阶段(3):收集SET节点: ID=12, QRCode=11011, Count=4, Position=ABOVE
[2026-06-02 15:37:13] [INFO] [ui][GraphConfig][parseEdges]解析阶段(3):收集SET节点: ID=13, QRCode=11012, Count=4, Position=ABOVE
[2026-06-02 15:37:13] [INFO] [ui][GraphConfig][parseEdges]解析阶段(4):成功解析边: 12 -> 13，类型: STRAIGHT_LINE，大小: 140
[2026-06-02 15:37:13] [INFO] [ui][GraphConfig][parseEdges]解析阶段(3):收集TRACK节点: ID=15
[2026-06-02 15:37:13] [INFO] [ui][GraphConfig][parseEdges]解析阶段(4):成功解析边: 1 -> 15，类型: VERTICAL_VIRTUAL_LINE，大小: 6
[2026-06-02 15:37:13] [INFO] [ui][GraphConfig][parseEdges]解析阶段(3):收集TRACK节点: ID=16
[2026-06-02 15:37:13] [INFO] [ui][GraphConfig][parseEdges]解析阶段(4):成功解析边: 15 -> 16，类型: STRAIGHT_LINE，大小: 560
[2026-06-02 15:37:13] [INFO] [ui][GraphConfig][parseEdges]解析阶段(3):收集TRACK节点: ID=17
[2026-06-02 15:37:13] [INFO] [ui][GraphConfig][parseEdges]解析阶段(4):成功解析边: 16 -> 17，类型: HORIZONTAL_VIRTUAL_LINE，大小: 6
[2026-06-02 15:37:13] [INFO] [ui][GraphConfig][parseEdges]解析阶段(3):收集TRACK节点: ID=18
[2026-06-02 15:37:13] [INFO] [ui][GraphConfig][parseEdges]解析阶段(4):成功解析边: 17 -> 18，类型: STRAIGHT_LINE，大小: 1722，FoupLevel偏移: 194，SetLevel偏移: 0
[2026-06-02 15:37:13] [INFO] [ui][GraphConfig][parseEdges]解析阶段(3):收集TRACK节点: ID=19
[2026-06-02 15:37:13] [INFO] [ui][GraphConfig][parseEdges]解析阶段(4):成功解析边: 15 -> 19，类型: VERTICAL_VIRTUAL_LINE，大小: 140
[2026-06-02 15:37:13] [INFO] [ui][GraphConfig][parseEdges]解析阶段(3):收集TRACK节点: ID=20
[2026-06-02 15:37:13] [INFO] [ui][GraphConfig][parseEdges]解析阶段(4):成功解析边: 19 -> 20，类型: STRAIGHT_LINE，大小: 700
[2026-06-02 15:37:13] [INFO] [ui][GraphConfig][parseEdges]解析阶段(3):收集TRACK节点: ID=21
[2026-06-02 15:37:13] [INFO] [ui][GraphConfig][parseEdges]解析阶段(4):成功解析边: 20 -> 21，类型: HORIZONTAL_VIRTUAL_LINE，大小: 6
[2026-06-02 15:37:13] [INFO] [ui][GraphConfig][parseEdges]解析阶段(3):收集TRACK节点: ID=22
[2026-06-02 15:37:13] [INFO] [ui][GraphConfig][parseEdges]解析阶段(4):成功解析边: 21 -> 22，类型: STRAIGHT_LINE，大小: 1582，FoupLevel偏移: 190，SetLevel偏移: 10
[2026-06-02 15:37:13] [INFO] [ui][GraphConfig][parseEdges]解析阶段(4):成功解析边: 16 -> 20，类型: REVERSE_S_CURVE，大小: 140
[2026-06-02 15:37:13] [INFO] [ui][GraphConfig][parseEdges]解析阶段(4):成功解析边: 17 -> 21，类型: REVERSE_S_CURVE，大小: 140
[2026-06-02 15:37:13] [INFO] [ui][GraphConfig][parseEdges]解析阶段(3):收集TRACK节点: ID=23
[2026-06-02 15:37:13] [INFO] [ui][GraphConfig][parseEdges]解析阶段(4):成功解析边: 19 -> 23，类型: VERTICAL_VIRTUAL_LINE，大小: 6
[2026-06-02 15:37:13] [INFO] [ui][GraphConfig][parseEdges]解析阶段(3):收集TRACK节点: ID=24
[2026-06-02 15:37:13] [INFO] [ui][GraphConfig][parseEdges]解析阶段(4):成功解析边: 23 -> 24，类型: STRAIGHT_LINE，大小: 1190
[2026-06-02 15:37:13] [INFO] [ui][GraphConfig][parseEdges]解析阶段(3):收集TRACK节点: ID=25
[2026-06-02 15:37:13] [INFO] [ui][GraphConfig][parseEdges]解析阶段(4):成功解析边: 24 -> 25，类型: HORIZONTAL_VIRTUAL_LINE，大小: 6
[2026-06-02 15:37:13] [INFO] [ui][GraphConfig][parseEdges]解析阶段(3):收集TRACK节点: ID=26
[2026-06-02 15:37:13] [INFO] [ui][GraphConfig][parseEdges]解析阶段(4):成功解析边: 25 -> 26，类型: STRAIGHT_LINE，大小: 140
[2026-06-02 15:37:13] [INFO] [ui][GraphConfig][parseEdges]解析阶段(3):收集TRACK节点: ID=27
[2026-06-02 15:37:13] [INFO] [ui][GraphConfig][parseEdges]解析阶段(4):成功解析边: 26 -> 27，类型: HORIZONTAL_VIRTUAL_LINE，大小: 6
[2026-06-02 15:37:13] [INFO] [ui][GraphConfig][parseEdges]解析阶段(3):收集TRACK节点: ID=28
[2026-06-02 15:37:13] [INFO] [ui][GraphConfig][parseEdges]解析阶段(4):成功解析边: 27 -> 28，类型: STRAIGHT_LINE，大小: 980，FoupLevel偏移: 86，SetLevel偏移: -24
[2026-06-02 15:37:13] [INFO] [ui][GraphConfig][parseEdges]解析阶段(3):收集TRACK节点: ID=14
[2026-06-02 15:37:13] [INFO] [ui][GraphConfig][parseEdges]解析阶段(4):成功解析边: 13 -> 14，类型: STRAIGHT_LINE，大小: 70，FoupLevel偏移: 416，SetLevel偏移: 118
[2026-06-02 15:37:13] [INFO] [ui][GraphConfig][parseEdges]解析阶段(3):收集TRACK节点: ID=29
[2026-06-02 15:37:13] [INFO] [ui][GraphConfig][parseEdges]解析阶段(4):成功解析边: 23 -> 29，类型: VERTICAL_VIRTUAL_LINE，大小: 210
[2026-06-02 15:37:13] [INFO] [ui][GraphConfig][parseEdges]解析阶段(3):收集TRACK节点: ID=30
[2026-06-02 15:37:13] [INFO] [ui][GraphConfig][parseEdges]解析阶段(4):成功解析边: 29 -> 30，类型: STRAIGHT_LINE，大小: 1190
[2026-06-02 15:37:13] [INFO] [ui][GraphConfig][parseEdges]解析阶段(3):收集TRACK节点: ID=31
[2026-06-02 15:37:13] [INFO] [ui][GraphConfig][parseEdges]解析阶段(4):成功解析边: 30 -> 31，类型: HORIZONTAL_VIRTUAL_LINE，大小: 6
[2026-06-02 15:37:13] [INFO] [ui][GraphConfig][parseEdges]解析阶段(3):收集TRACK节点: ID=32
[2026-06-02 15:37:13] [INFO] [ui][GraphConfig][parseEdges]解析阶段(4):成功解析边: 31 -> 32，类型: STRAIGHT_LINE，大小: 140
[2026-06-02 15:37:13] [INFO] [ui][GraphConfig][parseEdges]解析阶段(3):收集TRACK节点: ID=33
[2026-06-02 15:37:13] [INFO] [ui][GraphConfig][parseEdges]解析阶段(4):成功解析边: 32 -> 33，类型: HORIZONTAL_VIRTUAL_LINE，大小: 6
[2026-06-02 15:37:13] [INFO] [ui][GraphConfig][parseEdges]解析阶段(3):收集TRACK节点: ID=34
[2026-06-02 15:37:13] [INFO] [ui][GraphConfig][parseEdges]解析阶段(4):成功解析边: 33 -> 34，类型: STRAIGHT_LINE，大小: 770，FoupLevel偏移: 828，SetLevel偏移: 190
[2026-06-02 15:37:13] [INFO] [ui][GraphConfig][parseEdges]解析阶段(4):成功解析边: 24 -> 30，类型: RIGHT_SEMICIRCLE_ARC，大小: 210
[2026-06-02 15:37:13] [INFO] [ui][GraphConfig][parseEdges]解析阶段(4):成功解析边: 25 -> 31，类型: RIGHT_SEMICIRCLE_ARC，大小: 210
[2026-06-02 15:37:13] [INFO] [ui][GraphConfig][parseEdges]解析阶段(4):成功解析边: 26 -> 32，类型: LEFT_SEMICIRCLE_ARC，大小: 210
[2026-06-02 15:37:13] [INFO] [ui][GraphConfig][parseEdges]解析阶段(4):成功解析边: 27 -> 33，类型: LEFT_SEMICIRCLE_ARC，大小: 210
[2026-06-02 15:37:13] [INFO] [ui][GraphConfig][parseEdges]解析阶段(3):收集TRACK节点: ID=35
[2026-06-02 15:37:13] [INFO] [ui][GraphConfig][parseEdges]解析阶段(4):成功解析边: 29 -> 35，类型: VERTICAL_VIRTUAL_LINE，大小: 6
[2026-06-02 15:37:13] [INFO] [ui][GraphConfig][processNode]SET节点文档顺序#8: 设置 setOfOHBInfoList[8].uiId = 36
[2026-06-02 15:37:13] [INFO] [ui][GraphConfig][parseEdges]解析阶段(3):收集SET节点: ID=36, QRCode=11036, Count=4, Position=BELOW
[2026-06-02 15:37:13] [INFO] [ui][GraphConfig][parseEdges]解析阶段(4):成功解析边: 35 -> 36，类型: STRAIGHT_LINE，大小: 70
[2026-06-02 15:37:13] [INFO] [ui][GraphConfig][processNode]SET节点文档顺序#9: 设置 setOfOHBInfoList[9].uiId = 37
[2026-06-02 15:37:13] [INFO] [ui][GraphConfig][parseEdges]解析阶段(3):收集SET节点: ID=37, QRCode=11037, Count=4, Position=BELOW
[2026-06-02 15:37:13] [INFO] [ui][GraphConfig][parseEdges]解析阶段(4):成功解析边: 36 -> 37，类型: STRAIGHT_LINE，大小: 140
[2026-06-02 15:37:13] [INFO] [ui][GraphConfig][processNode]SET节点文档顺序#10: 设置 setOfOHBInfoList[10].uiId = 38
[2026-06-02 15:37:13] [INFO] [ui][GraphConfig][parseEdges]解析阶段(3):收集SET节点: ID=38, QRCode=11038, Count=4, Position=BELOW
[2026-06-02 15:37:13] [INFO] [ui][GraphConfig][parseEdges]解析阶段(4):成功解析边: 37 -> 38，类型: STRAIGHT_LINE，大小: 140
[2026-06-02 15:37:13] [INFO] [ui][GraphConfig][processNode]SET节点文档顺序#11: 设置 setOfOHBInfoList[11].uiId = 39
[2026-06-02 15:37:13] [INFO] [ui][GraphConfig][parseEdges]解析阶段(3):收集SET节点: ID=39, QRCode=11039, Count=4, Position=BELOW
[2026-06-02 15:37:13] [INFO] [ui][GraphConfig][parseEdges]解析阶段(4):成功解析边: 38 -> 39，类型: STRAIGHT_LINE，大小: 140
[2026-06-02 15:37:13] [INFO] [ui][GraphConfig][processNode]SET节点文档顺序#12: 设置 setOfOHBInfoList[12].uiId = 40
[2026-06-02 15:37:13] [INFO] [ui][GraphConfig][parseEdges]解析阶段(3):收集SET节点: ID=40, QRCode=11040, Count=4, Position=BELOW
[2026-06-02 15:37:13] [INFO] [ui][GraphConfig][parseEdges]解析阶段(4):成功解析边: 39 -> 40，类型: STRAIGHT_LINE，大小: 140
[2026-06-02 15:37:13] [INFO] [ui][GraphConfig][processNode]SET节点文档顺序#13: 设置 setOfOHBInfoList[13].uiId = 41
[2026-06-02 15:37:13] [INFO] [ui][GraphConfig][parseEdges]解析阶段(3):收集SET节点: ID=41, QRCode=11041, Count=4, Position=BELOW
[2026-06-02 15:37:13] [INFO] [ui][GraphConfig][parseEdges]解析阶段(4):成功解析边: 40 -> 41，类型: STRAIGHT_LINE，大小: 140
[2026-06-02 15:37:13] [INFO] [ui][GraphConfig][processNode]SET节点文档顺序#14: 设置 setOfOHBInfoList[14].uiId = 42
[2026-06-02 15:37:13] [INFO] [ui][GraphConfig][parseEdges]解析阶段(3):收集SET节点: ID=42, QRCode=11042, Count=4, Position=BELOW
[2026-06-02 15:37:13] [INFO] [ui][GraphConfig][parseEdges]解析阶段(4):成功解析边: 41 -> 42，类型: STRAIGHT_LINE，大小: 140
[2026-06-02 15:37:13] [INFO] [ui][GraphConfig][processNode]SET节点文档顺序#15: 设置 setOfOHBInfoList[15].uiId = 43
[2026-06-02 15:37:13] [INFO] [ui][GraphConfig][parseEdges]解析阶段(3):收集SET节点: ID=43, QRCode=11043, Count=4, Position=BELOW
[2026-06-02 15:37:13] [INFO] [ui][GraphConfig][parseEdges]解析阶段(4):成功解析边: 42 -> 43，类型: STRAIGHT_LINE，大小: 140
[2026-06-02 15:37:13] [INFO] [ui][GraphConfig][processNode]SET节点文档顺序#16: 设置 setOfOHBInfoList[16].uiId = 2
[2026-06-02 15:37:13] [INFO] [ui][GraphConfig][parseEdges]解析阶段(3):收集SET节点: ID=2, QRCode=11001, Count=4, Position=BELOW
[2026-06-02 15:37:13] [INFO] [ui][GraphConfig][parseEdges]解析阶段(4):成功解析边: 43 -> 2，类型: STRAIGHT_LINE，大小: 322，FoupLevel偏移: 0，SetLevel偏移: 22
[2026-06-02 15:37:13] [INFO] [ui][GraphConfig][processNode]SET节点文档顺序#17: 设置 setOfOHBInfoList[17].uiId = 3
[2026-06-02 15:37:13] [INFO] [ui][GraphConfig][parseEdges]解析阶段(3):收集SET节点: ID=3, QRCode=11002, Count=4, Position=BELOW
[2026-06-02 15:37:13] [INFO] [ui][GraphConfig][parseEdges]解析阶段(4):成功解析边: 2 -> 3，类型: STRAIGHT_LINE，大小: 140
[2026-06-02 15:37:13] [INFO] [ui][GraphConfig][processNode]SET节点文档顺序#18: 设置 setOfOHBInfoList[18].uiId = 4
[2026-06-02 15:37:13] [INFO] [ui][GraphConfig][parseEdges]解析阶段(3):收集SET节点: ID=4, QRCode=11003, Count=4, Position=BELOW
[2026-06-02 15:37:13] [INFO] [ui][GraphConfig][parseEdges]解析阶段(4):成功解析边: 3 -> 4，类型: STRAIGHT_LINE，大小: 140
[2026-06-02 15:37:13] [INFO] [ui][GraphConfig][processNode]SET节点文档顺序#19: 设置 setOfOHBInfoList[19].uiId = 5
[2026-06-02 15:37:13] [INFO] [ui][GraphConfig][parseEdges]解析阶段(3):收集SET节点: ID=5, QRCode=11004, Count=4, Position=BELOW
[2026-06-02 15:37:13] [INFO] [ui][GraphConfig][parseEdges]解析阶段(4):成功解析边: 4 -> 5，类型: STRAIGHT_LINE，大小: 140
[2026-06-02 15:37:13] [INFO] [ui][GraphConfig][parseEdges]解析阶段(3):收集TRACK节点: ID=44
[2026-06-02 15:37:13] [INFO] [ui][GraphConfig][parseEdges]解析阶段(4):成功解析边: 5 -> 44，类型: STRAIGHT_LINE，大小: 350，FoupLevel偏移: 450，SetLevel偏移: 140
[2026-06-02 15:37:13] [INFO] [ui][GraphConfig][parse]解析阶段(5): 配置文件解析完毕
[2026-06-02 15:37:13] [INFO] [ui][GraphConfig][parse]配置文件解析完成，节点数: 44，边数: 49
[2026-06-02 15:37:13] [INFO] ====================天车轨道布局图配置文件解析 结束====================
[2026-06-02 15:37:14] [INFO] ====================Set视图天车轨道布局图重构  开始====================
[2026-06-02 15:37:14] [INFO] [ui][SetLevelGraphBuilder][buildGraph] 开始构建图，节点数: 44，边数: 49
[2026-06-02 15:37:14] [DEBUG] [ui][Graph][addVertex] 添加顶点 1
[2026-06-02 15:37:14] [DEBUG] [ui][Graph][addVertex] 添加顶点 2
[2026-06-02 15:37:14] [DEBUG] [ui][Graph][addVertex] 添加顶点 6
[2026-06-02 15:37:14] [DEBUG] [ui][Graph][addVertex] 添加顶点 7
[2026-06-02 15:37:14] [DEBUG] [ui][Graph][addVertex] 添加顶点 8
[2026-06-02 15:37:14] [DEBUG] [ui][Graph][addVertex] 添加顶点 9
[2026-06-02 15:37:14] [DEBUG] [ui][Graph][addVertex] 添加顶点 10
[2026-06-02 15:37:14] [DEBUG] [ui][Graph][addVertex] 添加顶点 11
[2026-06-02 15:37:14] [DEBUG] [ui][Graph][addVertex] 添加顶点 12
[2026-06-02 15:37:14] [DEBUG] [ui][Graph][addVertex] 添加顶点 3
[2026-06-02 15:37:14] [DEBUG] [ui][Graph][addVertex] 添加顶点 14
[2026-06-02 15:37:14] [DEBUG] [ui][Graph][addVertex] 添加顶点 4
[2026-06-02 15:37:14] [DEBUG] [ui][Graph][addVertex] 添加顶点 15
[2026-06-02 15:37:14] [DEBUG] [ui][Graph][addVertex] 添加顶点 16
[2026-06-02 15:37:14] [DEBUG] [ui][Graph][addVertex] 添加顶点 17
[2026-06-02 15:37:14] [DEBUG] [ui][Graph][addVertex] 添加顶点 18
[2026-06-02 15:37:14] [DEBUG] [ui][Graph][addVertex] 添加顶点 19
[2026-06-02 15:37:14] [DEBUG] [ui][Graph][addVertex] 添加顶点 20
[2026-06-02 15:37:14] [DEBUG] [ui][Graph][addVertex] 添加顶点 21
[2026-06-02 15:37:14] [DEBUG] [ui][Graph][addVertex] 添加顶点 22
[2026-06-02 15:37:14] [DEBUG] [ui][Graph][addVertex] 添加顶点 23
[2026-06-02 15:37:14] [DEBUG] [ui][Graph][addVertex] 添加顶点 24
[2026-06-02 15:37:14] [DEBUG] [ui][Graph][addVertex] 添加顶点 25
[2026-06-02 15:37:14] [DEBUG] [ui][Graph][addVertex] 添加顶点 26
[2026-06-02 15:37:14] [DEBUG] [ui][Graph][addVertex] 添加顶点 27
[2026-06-02 15:37:14] [DEBUG] [ui][Graph][addVertex] 添加顶点 28
[2026-06-02 15:37:14] [DEBUG] [ui][Graph][addVertex] 添加顶点 29
[2026-06-02 15:37:14] [DEBUG] [ui][Graph][addVertex] 添加顶点 30
[2026-06-02 15:37:14] [DEBUG] [ui][Graph][addVertex] 添加顶点 31
[2026-06-02 15:37:14] [DEBUG] [ui][Graph][addVertex] 添加顶点 32
[2026-06-02 15:37:14] [DEBUG] [ui][Graph][addVertex] 添加顶点 33
[2026-06-02 15:37:14] [DEBUG] [ui][Graph][addVertex] 添加顶点 34
[2026-06-02 15:37:14] [DEBUG] [ui][Graph][addVertex] 添加顶点 35
[2026-06-02 15:37:14] [DEBUG] [ui][Graph][addVertex] 添加顶点 36
[2026-06-02 15:37:14] [DEBUG] [ui][Graph][addVertex] 添加顶点 37
[2026-06-02 15:37:14] [DEBUG] [ui][Graph][addVertex] 添加顶点 38
[2026-06-02 15:37:14] [DEBUG] [ui][Graph][addVertex] 添加顶点 39
[2026-06-02 15:37:14] [DEBUG] [ui][Graph][addVertex] 添加顶点 40
[2026-06-02 15:37:14] [DEBUG] [ui][Graph][addVertex] 添加顶点 41
[2026-06-02 15:37:14] [DEBUG] [ui][Graph][addVertex] 添加顶点 42
[2026-06-02 15:37:14] [DEBUG] [ui][Graph][addVertex] 添加顶点 43
[2026-06-02 15:37:14] [DEBUG] [ui][Graph][addVertex] 添加顶点 44
[2026-06-02 15:37:14] [DEBUG] [ui][Graph][addVertex] 顶点 1 已存在，跳过
[2026-06-02 15:37:14] [DEBUG] [ui][Graph][addVertex] 顶点 6 已存在，跳过
[2026-06-02 15:37:14] [DEBUG] [ui][Graph][addEdge] 添加边 (1,6)
[2026-06-02 15:37:14] [DEBUG] [ui][Graph][addVertex] 顶点 6 已存在，跳过
[2026-06-02 15:37:14] [DEBUG] [ui][Graph][addVertex] 顶点 7 已存在，跳过
[2026-06-02 15:37:14] [DEBUG] [ui][Graph][addEdge] 添加边 (6,7)
[2026-06-02 15:37:14] [DEBUG] [ui][Graph][addVertex] 顶点 7 已存在，跳过
[2026-06-02 15:37:14] [DEBUG] [ui][Graph][addVertex] 添加顶点 5
[2026-06-02 15:37:14] [DEBUG] [ui][Graph][addEdge] 添加边 (7,8)
[2026-06-02 15:37:14] [DEBUG] [ui][Graph][addVertex] 顶点 8 已存在，跳过
[2026-06-02 15:37:14] [DEBUG] [ui][Graph][addVertex] 顶点 9 已存在，跳过
[2026-06-02 15:37:14] [DEBUG] [ui][Graph][addVertex] 添加顶点 13
[2026-06-02 15:37:14] [DEBUG] [ui][Graph][addEdge] 添加边 (8,9)
[2026-06-02 15:37:14] [DEBUG] [ui][Graph][addVertex] 顶点 9 已存在，跳过
[2026-06-02 15:37:14] [DEBUG] [ui][Graph][addVertex] 顶点 10 已存在，跳过
[2026-06-02 15:37:14] [DEBUG] [ui][Graph][addEdge] 添加边 (9,10)
[2026-06-02 15:37:14] [DEBUG] [ui][Graph][addVertex] 顶点 8 已存在，跳过
[2026-06-02 15:37:14] [DEBUG] [ui][Graph][addVertex] 顶点 11 已存在，跳过
[2026-06-02 15:37:14] [DEBUG] [ui][Graph][addVertex] 顶点 10 已存在，跳过
[2026-06-02 15:37:14] [DEBUG] [ui][Graph][addEdge] 添加边 (11,12)
[2026-06-02 15:37:14] [DEBUG] [ui][Graph][addVertex] 顶点 12 已存在，跳过
[2026-06-02 15:37:14] [DEBUG] [ui][Graph][addVertex] 顶点 13 已存在，跳过
[2026-06-02 15:37:14] [DEBUG] [ui][Graph][addEdge] 添加边 (12,13)
[2026-06-02 15:37:14] [DEBUG] [ui][Graph][addVertex] 顶点 13 已存在，跳过
[2026-06-02 15:37:14] [DEBUG] [ui][Graph][addVertex] 顶点 14 已存在，跳过
[2026-06-02 15:37:14] [DEBUG] [ui][Graph][addEdge] 添加边 (13,14)
[2026-06-02 15:37:14] [DEBUG] [ui][Graph][addVertex] 顶点 1 已存在，跳过
[2026-06-02 15:37:14] [DEBUG] [ui][Graph][addVertex] 顶点 15 已存在，跳过
[2026-06-02 15:37:14] [DEBUG] [ui][Graph][addEdge] 添加边 (1,15)
[2026-06-02 15:37:14] [DEBUG] [ui][Graph][addVertex] 顶点 15 已存在，跳过
[2026-06-02 15:37:14] [DEBUG] [ui][Graph][addVertex] 顶点 16 已存在，跳过
[2026-06-02 15:37:14] [DEBUG] [ui][Graph][addEdge] 添加边 (15,16)
[2026-06-02 15:37:14] [DEBUG] [ui][Graph][addVertex] 顶点 16 已存在，跳过
[2026-06-02 15:37:14] [DEBUG] [ui][Graph][addVertex] 顶点 17 已存在，跳过
[2026-06-02 15:37:14] [DEBUG] [ui][Graph][addVertex] 顶点 11 已存在，跳过
[2026-06-02 15:37:14] [DEBUG] [ui][Graph][addEdge] 添加边 (16,17)
[2026-06-02 15:37:14] [DEBUG] [ui][Graph][addEdge] 添加边 (10,11)
[2026-06-02 15:37:14] [DEBUG] [ui][Graph][addVertex] 顶点 12 已存在，跳过
[2026-06-02 15:37:14] [DEBUG] [ui][Graph][addVertex] 顶点 17 已存在，跳过
[2026-06-02 15:37:14] [DEBUG] [ui][Graph][addVertex] 顶点 18 已存在，跳过
[2026-06-02 15:37:14] [DEBUG] [ui][Graph][addEdge] 添加边 (17,18)
[2026-06-02 15:37:14] [DEBUG] [ui][Graph][addVertex] 顶点 15 已存在，跳过
[2026-06-02 15:37:14] [DEBUG] [ui][Graph][addVertex] 顶点 19 已存在，跳过
[2026-06-02 15:37:14] [DEBUG] [ui][Graph][addEdge] 添加边 (15,19)
[2026-06-02 15:37:14] [DEBUG] [ui][Graph][addVertex] 顶点 19 已存在，跳过
[2026-06-02 15:37:14] [DEBUG] [ui][Graph][addVertex] 顶点 20 已存在，跳过
[2026-06-02 15:37:14] [DEBUG] [ui][Graph][addEdge] 添加边 (19,20)
[2026-06-02 15:37:14] [DEBUG] [ui][Graph][addVertex] 顶点 20 已存在，跳过
[2026-06-02 15:37:14] [DEBUG] [ui][Graph][addVertex] 顶点 21 已存在，跳过
[2026-06-02 15:37:14] [DEBUG] [ui][Graph][addEdge] 添加边 (20,21)
[2026-06-02 15:37:14] [DEBUG] [ui][Graph][addVertex] 顶点 21 已存在，跳过
[2026-06-02 15:37:14] [DEBUG] [ui][Graph][addVertex] 顶点 22 已存在，跳过
[2026-06-02 15:37:14] [DEBUG] [ui][Graph][addEdge] 添加边 (21,22)
[2026-06-02 15:37:14] [DEBUG] [ui][Graph][addVertex] 顶点 16 已存在，跳过
[2026-06-02 15:37:14] [DEBUG] [ui][Graph][addVertex] 顶点 20 已存在，跳过
[2026-06-02 15:37:14] [DEBUG] [ui][Graph][addEdge] 添加边 (16,20)
[2026-06-02 15:37:14] [DEBUG] [ui][Graph][addVertex] 顶点 17 已存在，跳过
[2026-06-02 15:37:14] [DEBUG] [ui][Graph][addVertex] 顶点 21 已存在，跳过
[2026-06-02 15:37:14] [DEBUG] [ui][Graph][addEdge] 添加边 (17,21)
[2026-06-02 15:37:14] [DEBUG] [ui][Graph][addVertex] 顶点 19 已存在，跳过
[2026-06-02 15:37:14] [DEBUG] [ui][Graph][addVertex] 顶点 23 已存在，跳过
[2026-06-02 15:37:14] [DEBUG] [ui][Graph][addEdge] 添加边 (19,23)
[2026-06-02 15:37:14] [DEBUG] [ui][Graph][addVertex] 顶点 23 已存在，跳过
[2026-06-02 15:37:14] [DEBUG] [ui][Graph][addVertex] 顶点 24 已存在，跳过
[2026-06-02 15:37:14] [DEBUG] [ui][Graph][addEdge] 添加边 (23,24)
[2026-06-02 15:37:14] [DEBUG] [ui][Graph][addVertex] 顶点 24 已存在，跳过
[2026-06-02 15:37:14] [DEBUG] [ui][Graph][addVertex] 顶点 25 已存在，跳过
[2026-06-02 15:37:14] [DEBUG] [ui][Graph][addEdge] 添加边 (24,25)
[2026-06-02 15:37:14] [DEBUG] [ui][Graph][addVertex] 顶点 25 已存在，跳过
[2026-06-02 15:37:14] [DEBUG] [ui][Graph][addVertex] 顶点 27 已存在，跳过
[2026-06-02 15:37:14] [DEBUG] [ui][Graph][addEdge] 添加边 (26,27)
[2026-06-02 15:37:14] [DEBUG] [ui][Graph][addVertex] 顶点 27 已存在，跳过
[2026-06-02 15:37:14] [DEBUG] [ui][Graph][addVertex] 顶点 28 已存在，跳过
[2026-06-02 15:37:14] [DEBUG] [ui][Graph][addEdge] 添加边 (27,28)
[2026-06-02 15:37:14] [DEBUG] [ui][Graph][addVertex] 顶点 23 已存在，跳过
[2026-06-02 15:37:14] [DEBUG] [ui][Graph][addVertex] 顶点 29 已存在，跳过
[2026-06-02 15:37:14] [DEBUG] [ui][Graph][addEdge] 添加边 (23,29)
[2026-06-02 15:37:14] [DEBUG] [ui][Graph][addVertex] 顶点 29 已存在，跳过
[2026-06-02 15:37:14] [DEBUG] [ui][Graph][addVertex] 顶点 26 已存在，跳过
[2026-06-02 15:37:14] [DEBUG] [ui][Graph][addVertex] 顶点 30 已存在，跳过
[2026-06-02 15:37:14] [DEBUG] [ui][Graph][addEdge] 添加边 (25,26)
[2026-06-02 15:37:14] [DEBUG] [ui][Graph][addVertex] 顶点 26 已存在，跳过
[2026-06-02 15:37:14] [DEBUG] [ui][Graph][addEdge] 添加边 (29,30)
[2026-06-02 15:37:14] [DEBUG] [ui][Graph][addVertex] 顶点 30 已存在，跳过
[2026-06-02 15:37:14] [DEBUG] [ui][Graph][addVertex] 顶点 31 已存在，跳过
[2026-06-02 15:37:14] [DEBUG] [ui][Graph][addEdge] 添加边 (30,31)
[2026-06-02 15:37:14] [DEBUG] [ui][Graph][addVertex] 顶点 31 已存在，跳过
[2026-06-02 15:37:14] [DEBUG] [ui][Graph][addVertex] 顶点 32 已存在，跳过
[2026-06-02 15:37:14] [DEBUG] [ui][Graph][addEdge] 添加边 (31,32)
[2026-06-02 15:37:14] [DEBUG] [ui][Graph][addVertex] 顶点 32 已存在，跳过
[2026-06-02 15:37:14] [DEBUG] [ui][Graph][addVertex] 顶点 33 已存在，跳过
[2026-06-02 15:37:14] [DEBUG] [ui][Graph][addEdge] 添加边 (32,33)
[2026-06-02 15:37:14] [DEBUG] [ui][Graph][addVertex] 顶点 33 已存在，跳过
[2026-06-02 15:37:14] [DEBUG] [ui][Graph][addVertex] 顶点 34 已存在，跳过
[2026-06-02 15:37:14] [DEBUG] [ui][Graph][addEdge] 添加边 (33,34)
[2026-06-02 15:37:14] [DEBUG] [ui][Graph][addVertex] 顶点 24 已存在，跳过
[2026-06-02 15:37:14] [DEBUG] [ui][Graph][addVertex] 顶点 30 已存在，跳过
[2026-06-02 15:37:14] [DEBUG] [ui][Graph][addEdge] 添加边 (24,30)
[2026-06-02 15:37:14] [DEBUG] [ui][Graph][addVertex] 顶点 25 已存在，跳过
[2026-06-02 15:37:14] [DEBUG] [ui][Graph][addVertex] 顶点 31 已存在，跳过
[2026-06-02 15:37:14] [DEBUG] [ui][Graph][addEdge] 添加边 (25,31)
[2026-06-02 15:37:14] [DEBUG] [ui][Graph][addVertex] 顶点 26 已存在，跳过
[2026-06-02 15:37:14] [DEBUG] [ui][Graph][addVertex] 顶点 32 已存在，跳过
[2026-06-02 15:37:14] [DEBUG] [ui][Graph][addEdge] 添加边 (26,32)
[2026-06-02 15:37:14] [DEBUG] [ui][Graph][addVertex] 顶点 27 已存在，跳过
[2026-06-02 15:37:14] [DEBUG] [ui][Graph][addVertex] 顶点 33 已存在，跳过
[2026-06-02 15:37:14] [DEBUG] [ui][Graph][addEdge] 添加边 (27,33)
[2026-06-02 15:37:14] [DEBUG] [ui][Graph][addVertex] 顶点 29 已存在，跳过
[2026-06-02 15:37:14] [DEBUG] [ui][Graph][addVertex] 顶点 35 已存在，跳过
[2026-06-02 15:37:14] [DEBUG] [ui][Graph][addEdge] 添加边 (29,35)
[2026-06-02 15:37:14] [DEBUG] [ui][Graph][addVertex] 顶点 35 已存在，跳过
[2026-06-02 15:37:14] [DEBUG] [ui][Graph][addVertex] 顶点 36 已存在，跳过
[2026-06-02 15:37:14] [DEBUG] [ui][Graph][addEdge] 添加边 (35,36)
[2026-06-02 15:37:14] [DEBUG] [ui][Graph][addVertex] 顶点 36 已存在，跳过
[2026-06-02 15:37:14] [DEBUG] [ui][Graph][addVertex] 顶点 37 已存在，跳过
[2026-06-02 15:37:14] [DEBUG] [ui][Graph][addEdge] 添加边 (36,37)
[2026-06-02 15:37:14] [DEBUG] [ui][Graph][addVertex] 顶点 37 已存在，跳过
[2026-06-02 15:37:14] [DEBUG] [ui][Graph][addVertex] 顶点 38 已存在，跳过
[2026-06-02 15:37:14] [DEBUG] [ui][Graph][addEdge] 添加边 (37,38)
[2026-06-02 15:37:14] [DEBUG] [ui][Graph][addVertex] 顶点 38 已存在，跳过
[2026-06-02 15:37:14] [DEBUG] [ui][Graph][addVertex] 顶点 39 已存在，跳过
[2026-06-02 15:37:14] [DEBUG] [ui][Graph][addEdge] 添加边 (38,39)
[2026-06-02 15:37:14] [DEBUG] [ui][Graph][addVertex] 顶点 39 已存在，跳过
[2026-06-02 15:37:14] [DEBUG] [ui][Graph][addVertex] 顶点 40 已存在，跳过
[2026-06-02 15:37:14] [DEBUG] [ui][Graph][addEdge] 添加边 (39,40)
[2026-06-02 15:37:14] [DEBUG] [ui][Graph][addVertex] 顶点 40 已存在，跳过
[2026-06-02 15:37:14] [DEBUG] [ui][Graph][addVertex] 顶点 41 已存在，跳过
[2026-06-02 15:37:14] [DEBUG] [ui][Graph][addEdge] 添加边 (40,41)
[2026-06-02 15:37:14] [DEBUG] [ui][Graph][addVertex] 顶点 41 已存在，跳过
[2026-06-02 15:37:14] [DEBUG] [ui][Graph][addVertex] 顶点 42 已存在，跳过
[2026-06-02 15:37:14] [DEBUG] [ui][Graph][addEdge] 添加边 (41,42)
[2026-06-02 15:37:14] [DEBUG] [ui][Graph][addVertex] 顶点 42 已存在，跳过
[2026-06-02 15:37:14] [DEBUG] [ui][Graph][addVertex] 顶点 43 已存在，跳过
[2026-06-02 15:37:14] [DEBUG] [ui][Graph][addEdge] 添加边 (42,43)
[2026-06-02 15:37:14] [DEBUG] [ui][Graph][addVertex] 顶点 43 已存在，跳过
[2026-06-02 15:37:14] [DEBUG] [ui][Graph][addVertex] 顶点 2 已存在，跳过
[2026-06-02 15:37:14] [DEBUG] [ui][Graph][addEdge] 添加边 (43,2)
[2026-06-02 15:37:14] [DEBUG] [ui][Graph][addVertex] 顶点 2 已存在，跳过
[2026-06-02 15:37:14] [DEBUG] [ui][Graph][addVertex] 顶点 3 已存在，跳过
[2026-06-02 15:37:14] [DEBUG] [ui][Graph][addEdge] 添加边 (2,3)
[2026-06-02 15:37:14] [DEBUG] [ui][Graph][addVertex] 顶点 3 已存在，跳过
[2026-06-02 15:37:14] [DEBUG] [ui][Graph][addVertex] 顶点 4 已存在，跳过
[2026-06-02 15:37:14] [DEBUG] [ui][Graph][addEdge] 添加边 (3,4)
[2026-06-02 15:37:14] [DEBUG] [ui][Graph][addVertex] 顶点 4 已存在，跳过
[2026-06-02 15:37:14] [DEBUG] [ui][Graph][addVertex] 顶点 5 已存在，跳过
[2026-06-02 15:37:14] [DEBUG] [ui][Graph][addEdge] 添加边 (4,5)
[2026-06-02 15:37:14] [DEBUG] [ui][Graph][addVertex] 顶点 5 已存在，跳过
[2026-06-02 15:37:14] [DEBUG] [ui][Graph][addVertex] 顶点 44 已存在，跳过
[2026-06-02 15:37:14] [DEBUG] [ui][Graph][addEdge] 添加边 (5,44)
[2026-06-02 15:37:14] [INFO] [ui][SetLevelGraphBuilder][buildMultilist]邻接多重表构建完成
[2026-06-02 15:37:14] [INFO] [ui][SetLevelGraphBuilder][buildGraph] 阶段(1): 重建邻接多重表完成
[2026-06-02 15:37:14] [INFO] [ui][SetLevelGraphBuilder][layoutAndDraw]起始节点ID: 1, 坐标: (20, 120)
[2026-06-02 15:37:14] [INFO] [ui][SetLevelGraphBuilder][processStraightLine]直线: 1 -> 6, 长度: 840, 起点(20,120), 终点(860,120)
[2026-06-02 15:37:14] [INFO] [ui][SetLevelGraphBuilder][createFrameDevice]成功为节点ID=6设置Set信息: uiId=6, setId=12001~12004, 压力范围=0.00~0.00Mpa, 流量平均值=0.00L/Min, 湿度范围=0.00~0.00%
[2026-06-02 15:37:14] [INFO] [ui][SetLevelGraphBuilder][createFrameDevice]创建FrameDevice: ID=6, 轨道坐标=(860, 120), 实际坐标=(800, 14), 位置=ABOVE
[2026-06-02 15:37:14] [INFO] [ui][SetLevelGraphBuilder][processNode]创建SET节点: ID=6
[2026-06-02 15:37:14] [INFO] [ui][SetLevelGraphBuilder][processStraightLine]直线: 6 -> 7, 长度: 140, 起点(860,120), 终点(1000,120)
[2026-06-02 15:37:14] [INFO] [ui][SetLevelGraphBuilder][createFrameDevice]成功为节点ID=7设置Set信息: uiId=7, setId=12005~12008, 压力范围=0.00~0.00Mpa, 流量平均值=0.00L/Min, 湿度范围=0.00~0.00%
[2026-06-02 15:37:14] [INFO] [ui][SetLevelGraphBuilder][createFrameDevice]创建FrameDevice: ID=7, 轨道坐标=(1000, 120), 实际坐标=(940, 14), 位置=ABOVE
[2026-06-02 15:37:14] [INFO] [ui][SetLevelGraphBuilder][processNode]创建SET节点: ID=7
[2026-06-02 15:37:14] [INFO] [ui][SetLevelGraphBuilder][processStraightLine]直线: 7 -> 8, 长度: 420, 起点(1000,120), 终点(1420,120)
[2026-06-02 15:37:14] [INFO] [ui][SetLevelGraphBuilder][createFrameDevice]成功为节点ID=8设置Set信息: uiId=8, setId=12009~12012, 压力范围=0.00~0.00Mpa, 流量平均值=0.00L/Min, 湿度范围=0.00~0.00%
[2026-06-02 15:37:14] [INFO] [ui][SetLevelGraphBuilder][createFrameDevice]创建FrameDevice: ID=8, 轨道坐标=(1420, 120), 实际坐标=(1360, 14), 位置=ABOVE
[2026-06-02 15:37:14] [INFO] [ui][SetLevelGraphBuilder][processNode]创建SET节点: ID=8
[2026-06-02 15:37:14] [INFO] [ui][SetLevelGraphBuilder][processStraightLine]直线: 8 -> 9, 长度: 140, 起点(1420,120), 终点(1560,120)
[2026-06-02 15:37:14] [INFO] [ui][SetLevelGraphBuilder][createFrameDevice]成功为节点ID=9设置Set信息: uiId=9, setId=12013~12016, 压力范围=0.00~0.00Mpa, 流量平均值=0.00L/Min, 湿度范围=0.00~0.00%
[2026-06-02 15:37:14] [INFO] [ui][SetLevelGraphBuilder][createFrameDevice]创建FrameDevice: ID=9, 轨道坐标=(1560, 120), 实际坐标=(1500, 14), 位置=ABOVE
[2026-06-02 15:37:14] [INFO] [ui][SetLevelGraphBuilder][processNode]创建SET节点: ID=9
[2026-06-02 15:37:14] [INFO] [ui][SetLevelGraphBuilder][processStraightLine]直线: 9 -> 10, 长度: 140, 起点(1560,120), 终点(1700,120)
[2026-06-02 15:37:14] [INFO] [ui][SetLevelGraphBuilder][createFrameDevice]成功为节点ID=10设置Set信息: uiId=10, setId=12017~12020, 压力范围=0.00~0.00Mpa, 流量平均值=0.00L/Min, 湿度范围=0.00~0.00%
[2026-06-02 15:37:14] [INFO] [ui][SetLevelGraphBuilder][createFrameDevice]创建FrameDevice: ID=10, 轨道坐标=(1700, 120), 实际坐标=(1640, 14), 位置=ABOVE
[2026-06-02 15:37:14] [INFO] [ui][SetLevelGraphBuilder][processNode]创建SET节点: ID=10
[2026-06-02 15:37:14] [INFO] [ui][SetLevelGraphBuilder][processStraightLine]直线: 10 -> 11, 长度: 140, 起点(1700,120), 终点(1840,120)
[2026-06-02 15:37:14] [INFO] [ui][SetLevelGraphBuilder][createFrameDevice]成功为节点ID=11设置Set信息: uiId=11, setId=12021~12024, 压力范围=0.00~0.00Mpa, 流量平均值=0.00L/Min, 湿度范围=0.00~0.00%
[2026-06-02 15:37:14] [INFO] [ui][SetLevelGraphBuilder][createFrameDevice]创建FrameDevice: ID=11, 轨道坐标=(1840, 120), 实际坐标=(1780, 14), 位置=ABOVE
[2026-06-02 15:37:14] [INFO] [ui][SetLevelGraphBuilder][processNode]创建SET节点: ID=11
[2026-06-02 15:37:14] [INFO] [ui][SetLevelGraphBuilder][processStraightLine]直线: 11 -> 12, 长度: 140, 起点(1840,120), 终点(1980,120)
[2026-06-02 15:37:14] [INFO] [ui][SetLevelGraphBuilder][createFrameDevice]成功为节点ID=12设置Set信息: uiId=12, setId=12025~12028, 压力范围=0.00~0.00Mpa, 流量平均值=0.00L/Min, 湿度范围=0.00~0.00%
[2026-06-02 15:37:14] [INFO] [ui][SetLevelGraphBuilder][createFrameDevice]创建FrameDevice: ID=12, 轨道坐标=(1980, 120), 实际坐标=(1920, 14), 位置=ABOVE
[2026-06-02 15:37:14] [INFO] [ui][SetLevelGraphBuilder][processNode]创建SET节点: ID=12
[2026-06-02 15:37:14] [INFO] [ui][SetLevelGraphBuilder][processStraightLine]直线: 12 -> 13, 长度: 140, 起点(1980,120), 终点(2120,120)
[2026-06-02 15:37:14] [INFO] [ui][SetLevelGraphBuilder][createFrameDevice]成功为节点ID=13设置Set信息: uiId=13, setId=12029~12032, 压力范围=0.00~0.00Mpa, 流量平均值=0.00L/Min, 湿度范围=0.00~0.00%
[2026-06-02 15:37:14] [INFO] [ui][SetLevelGraphBuilder][createFrameDevice]创建FrameDevice: ID=13, 轨道坐标=(2120, 120), 实际坐标=(2060, 14), 位置=ABOVE
[2026-06-02 15:37:14] [INFO] [ui][SetLevelGraphBuilder][processNode]创建SET节点: ID=13
[2026-06-02 15:37:14] [INFO] [ui][SetLevelGraphBuilder][processStraightLine]直线: 13 -> 14, 长度: 70 + 偏移: 118 = 188, 起点(2120,120), 终点(2308,120)
[2026-06-02 15:37:14] [INFO] [ui][SetLevelGraphBuilder][processVirtualLine]虚线: 1 -> 15, 类型: VERTICAL_VIRTUAL_LINE, 起点(20,120), 终点(20,126)
[2026-06-02 15:37:14] [INFO] [ui][SetLevelGraphBuilder][processStraightLine]直线: 15 -> 16, 长度: 560, 起点(20,126), 终点(580,126)
[2026-06-02 15:37:14] [INFO] [ui][SetLevelGraphBuilder][processVirtualLine]虚线: 16 -> 17, 类型: HORIZONTAL_VIRTUAL_LINE, 起点(580,126), 终点(586,126)
[2026-06-02 15:37:14] [INFO] [ui][SetLevelGraphBuilder][processStraightLine]直线: 17 -> 18, 长度: 1722, 起点(586,126), 终点(2308,126)
[2026-06-02 15:37:14] [INFO] [ui][SetLevelGraphBuilder][processVirtualLine]虚线: 15 -> 19, 类型: VERTICAL_VIRTUAL_LINE, 起点(20,126), 终点(20,266)
[2026-06-02 15:37:14] [INFO] [ui][SetLevelGraphBuilder][processSCurve]S曲线: 16 -> 20, 目标节点已有坐标，使用已有坐标
[2026-06-02 15:37:14] [INFO] [ui][SetLevelGraphBuilder][processSCurve]绘制曲线 16 -> 20, 类型: REVERSE_S_CURVE, 起点(580,126), 终点(720,266), 控制点1(650,126), 控制点2(650,266)
[2026-06-02 15:37:14] [INFO] [ui][SetLevelGraphBuilder][processStraightLine]直线: 19 -> 20, 长度: 700, 起点(20,266), 终点(720,266)
[2026-06-02 15:37:14] [INFO] [ui][SetLevelGraphBuilder][processSCurve]S曲线: 17 -> 21, 目标节点已有坐标，使用已有坐标
[2026-06-02 15:37:14] [INFO] [ui][SetLevelGraphBuilder][processSCurve]绘制曲线 17 -> 21, 类型: REVERSE_S_CURVE, 起点(586,126), 终点(726,266), 控制点1(656,126), 控制点2(656,266)
[2026-06-02 15:37:14] [INFO] [ui][SetLevelGraphBuilder][processVirtualLine]虚线: 20 -> 21, 类型: HORIZONTAL_VIRTUAL_LINE, 起点(720,266), 终点(726,266)
[2026-06-02 15:37:14] [INFO] [ui][SetLevelGraphBuilder][processStraightLine]直线: 21 -> 22, 长度: 1582 + 偏移: 10 = 1592, 起点(726,266), 终点(2318,266)
[2026-06-02 15:37:14] [INFO] [ui][SetLevelGraphBuilder][processVirtualLine]虚线: 19 -> 23, 类型: VERTICAL_VIRTUAL_LINE, 起点(20,266), 终点(20,272)
[2026-06-02 15:37:14] [INFO] [ui][SetLevelGraphBuilder][processStraightLine]直线: 23 -> 24, 长度: 1190, 起点(20,272), 终点(1210,272)
[2026-06-02 15:37:14] [INFO] [ui][SetLevelGraphBuilder][processVirtualLine]虚线: 24 -> 25, 类型: HORIZONTAL_VIRTUAL_LINE, 起点(1210,272), 终点(1216,272)
[2026-06-02 15:37:14] [INFO] [ui][SetLevelGraphBuilder][processStraightLine]直线: 25 -> 26, 长度: 140, 起点(1216,272), 终点(1356,272)
[2026-06-02 15:37:14] [INFO] [ui][SetLevelGraphBuilder][processVirtualLine]虚线: 26 -> 27, 类型: HORIZONTAL_VIRTUAL_LINE, 起点(1356,272), 终点(1362,272)
[2026-06-02 15:37:14] [INFO] [ui][SetLevelGraphBuilder][processStraightLine]直线: 27 -> 28, 长度: 980 + 偏移: -24 = 956, 起点(1362,272), 终点(2318,272)
[2026-06-02 15:37:14] [INFO] [ui][SetLevelGraphBuilder][processVirtualLine]虚线: 23 -> 29, 类型: VERTICAL_VIRTUAL_LINE, 起点(20,272), 终点(20,482)
[2026-06-02 15:37:14] [INFO] [ui][SetLevelGraphBuilder][processStraightLine]直线: 29 -> 30, 长度: 1190, 起点(20,482), 终点(1210,482)
[2026-06-02 15:37:14] [INFO] [ui][SetLevelGraphBuilder][processVirtualLine]虚线: 30 -> 31, 类型: HORIZONTAL_VIRTUAL_LINE, 起点(1210,482), 终点(1216,482)
[2026-06-02 15:37:14] [INFO] [ui][SetLevelGraphBuilder][processStraightLine]直线: 31 -> 32, 长度: 140, 起点(1216,482), 终点(1356,482)
[2026-06-02 15:37:14] [INFO] [ui][SetLevelGraphBuilder][processVirtualLine]虚线: 32 -> 33, 类型: HORIZONTAL_VIRTUAL_LINE, 起点(1356,482), 终点(1362,482)
[2026-06-02 15:37:14] [INFO] [ui][SetLevelGraphBuilder][processStraightLine]直线: 33 -> 34, 长度: 770 + 偏移: 190 = 960, 起点(1362,482), 终点(2322,482)
[2026-06-02 15:37:14] [INFO] [ui][SetLevelGraphBuilder][processSemicircleArc]绘制半圆弧 24 -> 30, 类型: RIGHT_SEMICIRCLE_ARC, 起点(1210,272), 终点(1210,482)
[2026-06-02 15:37:14] [INFO] [ui][SetLevelGraphBuilder][processSemicircleArc]半圆弧: 24 -> 30, 类型: RIGHT_SEMICIRCLE_ARC
[2026-06-02 15:37:14] [INFO] [ui][SetLevelGraphBuilder][processSemicircleArc]绘制半圆弧 25 -> 31, 类型: RIGHT_SEMICIRCLE_ARC, 起点(1216,272), 终点(1216,482)
[2026-06-02 15:37:14] [INFO] [ui][SetLevelGraphBuilder][processSemicircleArc]半圆弧: 25 -> 31, 类型: RIGHT_SEMICIRCLE_ARC
[2026-06-02 15:37:14] [INFO] [ui][SetLevelGraphBuilder][processSemicircleArc]绘制半圆弧 26 -> 32, 类型: LEFT_SEMICIRCLE_ARC, 起点(1356,272), 终点(1356,482)
[2026-06-02 15:37:14] [INFO] [ui][SetLevelGraphBuilder][processSemicircleArc]半圆弧: 26 -> 32, 类型: LEFT_SEMICIRCLE_ARC
[2026-06-02 15:37:14] [INFO] [ui][SetLevelGraphBuilder][processSemicircleArc]绘制半圆弧 27 -> 33, 类型: LEFT_SEMICIRCLE_ARC, 起点(1362,272), 终点(1362,482)
[2026-06-02 15:37:14] [INFO] [ui][SetLevelGraphBuilder][processSemicircleArc]半圆弧: 27 -> 33, 类型: LEFT_SEMICIRCLE_ARC
[2026-06-02 15:37:14] [INFO] [ui][SetLevelGraphBuilder][processVirtualLine]虚线: 29 -> 35, 类型: VERTICAL_VIRTUAL_LINE, 起点(20,482), 终点(20,488)
[2026-06-02 15:37:14] [INFO] [ui][SetLevelGraphBuilder][processStraightLine]直线: 35 -> 36, 长度: 70, 起点(20,488), 终点(90,488)
[2026-06-02 15:37:14] [INFO] [ui][SetLevelGraphBuilder][createFrameDevice]成功为节点ID=36设置Set信息: uiId=36, setId=12033~12036, 压力范围=0.00~0.00Mpa, 流量平均值=0.00L/Min, 湿度范围=0.00~0.00%
[2026-06-02 15:37:14] [INFO] [ui][SetLevelGraphBuilder][createFrameDevice]创建FrameDevice: ID=36, 轨道坐标=(90, 488), 实际坐标=(30, 496), 位置=BELOW
[2026-06-02 15:37:14] [INFO] [ui][SetLevelGraphBuilder][processNode]创建SET节点: ID=36
[2026-06-02 15:37:14] [INFO] [ui][SetLevelGraphBuilder][processStraightLine]直线: 36 -> 37, 长度: 140, 起点(90,488), 终点(230,488)
[2026-06-02 15:37:14] [INFO] [ui][SetLevelGraphBuilder][createFrameDevice]成功为节点ID=37设置Set信息: uiId=37, setId=12037~12040, 压力范围=0.00~0.00Mpa, 流量平均值=0.00L/Min, 湿度范围=0.00~0.00%
[2026-06-02 15:37:14] [INFO] [ui][SetLevelGraphBuilder][createFrameDevice]创建FrameDevice: ID=37, 轨道坐标=(230, 488), 实际坐标=(170, 496), 位置=BELOW
[2026-06-02 15:37:14] [INFO] [ui][SetLevelGraphBuilder][processNode]创建SET节点: ID=37
[2026-06-02 15:37:14] [INFO] [ui][SetLevelGraphBuilder][processStraightLine]直线: 37 -> 38, 长度: 140, 起点(230,488), 终点(370,488)
[2026-06-02 15:37:14] [INFO] [ui][SetLevelGraphBuilder][createFrameDevice]成功为节点ID=38设置Set信息: uiId=38, setId=12041~12044, 压力范围=0.00~0.00Mpa, 流量平均值=0.00L/Min, 湿度范围=0.00~0.00%
[2026-06-02 15:37:14] [INFO] [ui][SetLevelGraphBuilder][createFrameDevice]创建FrameDevice: ID=38, 轨道坐标=(370, 488), 实际坐标=(310, 496), 位置=BELOW
[2026-06-02 15:37:14] [INFO] [ui][SetLevelGraphBuilder][processNode]创建SET节点: ID=38
[2026-06-02 15:37:14] [INFO] [ui][SetLevelGraphBuilder][processStraightLine]直线: 38 -> 39, 长度: 140, 起点(370,488), 终点(510,488)
[2026-06-02 15:37:14] [INFO] [ui][SetLevelGraphBuilder][createFrameDevice]成功为节点ID=39设置Set信息: uiId=39, setId=12045~12048, 压力范围=0.00~0.00Mpa, 流量平均值=0.00L/Min, 湿度范围=0.00~0.00%
[2026-06-02 15:37:14] [INFO] [ui][SetLevelGraphBuilder][createFrameDevice]创建FrameDevice: ID=39, 轨道坐标=(510, 488), 实际坐标=(450, 496), 位置=BELOW
[2026-06-02 15:37:14] [INFO] [ui][SetLevelGraphBuilder][processNode]创建SET节点: ID=39
[2026-06-02 15:37:14] [INFO] [ui][SetLevelGraphBuilder][processStraightLine]直线: 39 -> 40, 长度: 140, 起点(510,488), 终点(650,488)
[2026-06-02 15:37:14] [INFO] [ui][SetLevelGraphBuilder][createFrameDevice]成功为节点ID=40设置Set信息: uiId=40, setId=12049~12052, 压力范围=0.00~0.00Mpa, 流量平均值=0.00L/Min, 湿度范围=0.00~0.00%
[2026-06-02 15:37:14] [INFO] [ui][SetLevelGraphBuilder][createFrameDevice]创建FrameDevice: ID=40, 轨道坐标=(650, 488), 实际坐标=(590, 496), 位置=BELOW
[2026-06-02 15:37:14] [INFO] [ui][SetLevelGraphBuilder][processNode]创建SET节点: ID=40
[2026-06-02 15:37:14] [INFO] [ui][SetLevelGraphBuilder][processStraightLine]直线: 40 -> 41, 长度: 140, 起点(650,488), 终点(790,488)
[2026-06-02 15:37:14] [INFO] [ui][SetLevelGraphBuilder][createFrameDevice]成功为节点ID=41设置Set信息: uiId=41, setId=12053~12056, 压力范围=0.00~0.00Mpa, 流量平均值=0.00L/Min, 湿度范围=0.00~0.00%
[2026-06-02 15:37:14] [INFO] [ui][SetLevelGraphBuilder][createFrameDevice]创建FrameDevice: ID=41, 轨道坐标=(790, 488), 实际坐标=(730, 496), 位置=BELOW
[2026-06-02 15:37:14] [INFO] [ui][SetLevelGraphBuilder][processNode]创建SET节点: ID=41
[2026-06-02 15:37:14] [INFO] [ui][SetLevelGraphBuilder][processStraightLine]直线: 41 -> 42, 长度: 140, 起点(790,488), 终点(930,488)
[2026-06-02 15:37:14] [INFO] [ui][SetLevelGraphBuilder][createFrameDevice]成功为节点ID=42设置Set信息: uiId=42, setId=12057~12060, 压力范围=0.00~0.00Mpa, 流量平均值=0.00L/Min, 湿度范围=0.00~0.00%
[2026-06-02 15:37:14] [INFO] [ui][SetLevelGraphBuilder][createFrameDevice]创建FrameDevice: ID=42, 轨道坐标=(930, 488), 实际坐标=(870, 496), 位置=BELOW
[2026-06-02 15:37:14] [INFO] [ui][SetLevelGraphBuilder][processNode]创建SET节点: ID=42
[2026-06-02 15:37:14] [INFO] [ui][SetLevelGraphBuilder][processStraightLine]直线: 42 -> 43, 长度: 140, 起点(930,488), 终点(1070,488)
[2026-06-02 15:37:14] [INFO] [ui][SetLevelGraphBuilder][createFrameDevice]成功为节点ID=43设置Set信息: uiId=43, setId=12061~12064, 压力范围=0.00~0.00Mpa, 流量平均值=0.00L/Min, 湿度范围=0.00~0.00%
[2026-06-02 15:37:14] [INFO] [ui][SetLevelGraphBuilder][createFrameDevice]创建FrameDevice: ID=43, 轨道坐标=(1070, 488), 实际坐标=(1010, 496), 位置=BELOW
[2026-06-02 15:37:14] [INFO] [ui][SetLevelGraphBuilder][processNode]创建SET节点: ID=43
[2026-06-02 15:37:14] [INFO] [ui][SetLevelGraphBuilder][processStraightLine]直线: 43 -> 2, 长度: 322 + 偏移: 22 = 344, 起点(1070,488), 终点(1414,488)
[2026-06-02 15:37:14] [INFO] [ui][SetLevelGraphBuilder][createFrameDevice]成功为节点ID=2设置Set信息: uiId=2, setId=12065~12068, 压力范围=0.00~0.00Mpa, 流量平均值=0.00L/Min, 湿度范围=0.00~0.00%
[2026-06-02 15:37:14] [INFO] [ui][SetLevelGraphBuilder][createFrameDevice]创建FrameDevice: ID=2, 轨道坐标=(1414, 488), 实际坐标=(1354, 496), 位置=BELOW
[2026-06-02 15:37:14] [INFO] [ui][SetLevelGraphBuilder][processNode]创建SET节点: ID=2
[2026-06-02 15:37:14] [INFO] [ui][SetLevelGraphBuilder][processStraightLine]直线: 2 -> 3, 长度: 140, 起点(1414,488), 终点(1554,488)
[2026-06-02 15:37:14] [INFO] [ui][SetLevelGraphBuilder][createFrameDevice]成功为节点ID=3设置Set信息: uiId=3, setId=12069~12072, 压力范围=0.00~0.00Mpa, 流量平均值=0.00L/Min, 湿度范围=0.00~0.00%
[2026-06-02 15:37:14] [INFO] [ui][SetLevelGraphBuilder][createFrameDevice]创建FrameDevice: ID=3, 轨道坐标=(1554, 488), 实际坐标=(1494, 496), 位置=BELOW
[2026-06-02 15:37:14] [INFO] [ui][SetLevelGraphBuilder][processNode]创建SET节点: ID=3
[2026-06-02 15:37:14] [INFO] [ui][SetLevelGraphBuilder][processStraightLine]直线: 3 -> 4, 长度: 140, 起点(1554,488), 终点(1694,488)
[2026-06-02 15:37:14] [INFO] [ui][SetLevelGraphBuilder][createFrameDevice]成功为节点ID=4设置Set信息: uiId=4, setId=12073~12076, 压力范围=0.00~0.00Mpa, 流量平均值=0.00L/Min, 湿度范围=0.00~0.00%
[2026-06-02 15:37:14] [INFO] [ui][SetLevelGraphBuilder][createFrameDevice]创建FrameDevice: ID=4, 轨道坐标=(1694, 488), 实际坐标=(1634, 496), 位置=BELOW
[2026-06-02 15:37:14] [INFO] [ui][SetLevelGraphBuilder][processNode]创建SET节点: ID=4
[2026-06-02 15:37:14] [INFO] [ui][SetLevelGraphBuilder][processStraightLine]直线: 4 -> 5, 长度: 140, 起点(1694,488), 终点(1834,488)
[2026-06-02 15:37:14] [INFO] [ui][SetLevelGraphBuilder][createFrameDevice]成功为节点ID=5设置Set信息: uiId=5, setId=12077~12080, 压力范围=0.00~0.00Mpa, 流量平均值=0.00L/Min, 湿度范围=0.00~0.00%
[2026-06-02 15:37:14] [INFO] [ui][SetLevelGraphBuilder][createFrameDevice]创建FrameDevice: ID=5, 轨道坐标=(1834, 488), 实际坐标=(1774, 496), 位置=BELOW
[2026-06-02 15:37:14] [INFO] [ui][SetLevelGraphBuilder][processNode]创建SET节点: ID=5
[2026-06-02 15:37:14] [INFO] [ui][SetLevelGraphBuilder][processStraightLine]直线: 5 -> 44, 长度: 350 + 偏移: 140 = 490, 起点(1834,488), 终点(2324,488)
[2026-06-02 15:37:14] [INFO] [ui][SetLevelGraphBuilder][layoutAndDraw]布局和绘制完成
[2026-06-02 15:37:14] [INFO] [ui][SetLevelGraphBuilder][buildGraph] 阶段(2): 绘制图像界面完成
[2026-06-02 15:37:14] [INFO] [ui][SetLevelGraphBuilder][buildGraph] 阶段(3): 布局图重构完毕
[2026-06-02 15:37:14] [INFO] [ui][SetLevelGraphBuilder][buildGraph] 图构建完成
[2026-06-02 15:37:14] [INFO] ====================Set视图天车轨道布局图重构  结束====================
[2026-06-02 16:05:21] [INFO] [ui][SetLevelGraphBuilder][setStartNodePosition] 设置起始节点坐标: (20, 120)
[2026-06-02 16:05:21] [INFO] [ui][FoupLevelGraphBuilder][setStartNodePosition]设置起始节点坐标: (20, 120)
[2026-06-02 16:05:21] [INFO] ====================天车轨道布局图配置文件解析 开始====================
[2026-06-02 16:05:21] [INFO] [ui][GraphConfig][parse]解析阶段(1): 解析GraphConfig标签开始
[2026-06-02 16:05:21] [INFO] [ui][GraphConfig][parseGraphSettings]图类型: 无向图
[2026-06-02 16:05:21] [INFO] [ui][GraphConfig][parseGraphSettings]设备控件尺寸: 120, 间距: 20
[2026-06-02 16:05:21] [INFO] [ui][GraphConfig][parse]解析阶段(1): 解析GraphConfig标签完成
[2026-06-02 16:05:21] [INFO] [ui][GraphConfig][parseEdges]解析阶段(2): 解析Edges标签
[2026-06-02 16:05:21] [INFO] [ui][GraphConfig][parseEdges]找到49条边数据
[2026-06-02 16:05:21] [INFO] [ui][GraphConfig][processNode]SET节点文档顺序#0: 设置 setOfOHBInfoList[0].uiId = 6
[2026-06-02 16:05:21] [INFO] [ui][GraphConfig][parseEdges]解析阶段(3):收集TRACK节点: ID=1
[2026-06-02 16:05:21] [INFO] [ui][GraphConfig][parseEdges]解析阶段(3):收集SET节点: ID=6, QRCode=11005, Count=4, Position=ABOVE
[2026-06-02 16:05:21] [INFO] [ui][GraphConfig][parseEdges]解析阶段(4):成功解析边: 1 -> 6，类型: STRAIGHT_LINE，大小: 840
[2026-06-02 16:05:21] [INFO] [ui][GraphConfig][processNode]SET节点文档顺序#1: 设置 setOfOHBInfoList[1].uiId = 7
[2026-06-02 16:05:21] [INFO] [ui][GraphConfig][parseEdges]解析阶段(3):收集SET节点: ID=7, QRCode=11006, Count=4, Position=ABOVE
[2026-06-02 16:05:21] [INFO] [ui][GraphConfig][parseEdges]解析阶段(4):成功解析边: 6 -> 7，类型: STRAIGHT_LINE，大小: 140
[2026-06-02 16:05:21] [INFO] [ui][GraphConfig][processNode]SET节点文档顺序#2: 设置 setOfOHBInfoList[2].uiId = 8
[2026-06-02 16:05:21] [INFO] [ui][GraphConfig][parseEdges]解析阶段(3):收集SET节点: ID=8, QRCode=11007, Count=4, Position=ABOVE
[2026-06-02 16:05:21] [INFO] [ui][GraphConfig][parseEdges]解析阶段(4):成功解析边: 7 -> 8，类型: STRAIGHT_LINE，大小: 420
[2026-06-02 16:05:21] [INFO] [ui][GraphConfig][processNode]SET节点文档顺序#3: 设置 setOfOHBInfoList[3].uiId = 9
[2026-06-02 16:05:21] [INFO] [ui][GraphConfig][parseEdges]解析阶段(3):收集SET节点: ID=9, QRCode=11008, Count=4, Position=ABOVE
[2026-06-02 16:05:21] [INFO] [ui][GraphConfig][parseEdges]解析阶段(4):成功解析边: 8 -> 9，类型: STRAIGHT_LINE，大小: 140
[2026-06-02 16:05:21] [INFO] [ui][GraphConfig][processNode]SET节点文档顺序#4: 设置 setOfOHBInfoList[4].uiId = 10
[2026-06-02 16:05:21] [INFO] [ui][GraphConfig][parseEdges]解析阶段(3):收集SET节点: ID=10, QRCode=11009, Count=4, Position=ABOVE
[2026-06-02 16:05:21] [INFO] [ui][GraphConfig][parseEdges]解析阶段(4):成功解析边: 9 -> 10，类型: STRAIGHT_LINE，大小: 140
[2026-06-02 16:05:21] [INFO] [ui][GraphConfig][processNode]SET节点文档顺序#5: 设置 setOfOHBInfoList[5].uiId = 11
[2026-06-02 16:05:21] [INFO] [ui][GraphConfig][parseEdges]解析阶段(3):收集SET节点: ID=11, QRCode=11010, Count=4, Position=ABOVE
[2026-06-02 16:05:21] [INFO] [ui][GraphConfig][parseEdges]解析阶段(4):成功解析边: 10 -> 11，类型: STRAIGHT_LINE，大小: 140
[2026-06-02 16:05:21] [INFO] [ui][GraphConfig][processNode]SET节点文档顺序#6: 设置 setOfOHBInfoList[6].uiId = 12
[2026-06-02 16:05:21] [INFO] [ui][GraphConfig][parseEdges]解析阶段(3):收集SET节点: ID=12, QRCode=11011, Count=4, Position=ABOVE
[2026-06-02 16:05:21] [INFO] [ui][GraphConfig][parseEdges]解析阶段(4):成功解析边: 11 -> 12，类型: STRAIGHT_LINE，大小: 140
[2026-06-02 16:05:21] [INFO] [ui][GraphConfig][processNode]SET节点文档顺序#7: 设置 setOfOHBInfoList[7].uiId = 13
[2026-06-02 16:05:21] [INFO] [ui][GraphConfig][parseEdges]解析阶段(3):收集SET节点: ID=13, QRCode=11012, Count=4, Position=ABOVE
[2026-06-02 16:05:21] [INFO] [ui][GraphConfig][parseEdges]解析阶段(4):成功解析边: 12 -> 13，类型: STRAIGHT_LINE，大小: 140
[2026-06-02 16:05:21] [INFO] [ui][GraphConfig][parseEdges]解析阶段(3):收集TRACK节点: ID=14
[2026-06-02 16:05:21] [INFO] [ui][GraphConfig][parseEdges]解析阶段(4):成功解析边: 13 -> 14，类型: STRAIGHT_LINE，大小: 70，FoupLevel偏移: 416，SetLevel偏移: 118
[2026-06-02 16:05:21] [INFO] [ui][GraphConfig][parseEdges]解析阶段(3):收集TRACK节点: ID=15
[2026-06-02 16:05:21] [INFO] [ui][GraphConfig][parseEdges]解析阶段(4):成功解析边: 1 -> 15，类型: VERTICAL_VIRTUAL_LINE，大小: 6
[2026-06-02 16:05:21] [INFO] [ui][GraphConfig][parseEdges]解析阶段(3):收集TRACK节点: ID=16
[2026-06-02 16:05:21] [INFO] [ui][GraphConfig][parseEdges]解析阶段(4):成功解析边: 15 -> 16，类型: STRAIGHT_LINE，大小: 560
[2026-06-02 16:05:21] [INFO] [ui][GraphConfig][parseEdges]解析阶段(3):收集TRACK节点: ID=17
[2026-06-02 16:05:21] [INFO] [ui][GraphConfig][parseEdges]解析阶段(4):成功解析边: 16 -> 17，类型: HORIZONTAL_VIRTUAL_LINE，大小: 6
[2026-06-02 16:05:21] [INFO] [ui][GraphConfig][parseEdges]解析阶段(3):收集TRACK节点: ID=18
[2026-06-02 16:05:21] [INFO] [ui][GraphConfig][parseEdges]解析阶段(4):成功解析边: 17 -> 18，类型: STRAIGHT_LINE，大小: 1722，FoupLevel偏移: 194，SetLevel偏移: 0
[2026-06-02 16:05:21] [INFO] [ui][GraphConfig][parseEdges]解析阶段(3):收集TRACK节点: ID=19
[2026-06-02 16:05:21] [INFO] [ui][GraphConfig][parseEdges]解析阶段(4):成功解析边: 15 -> 19，类型: VERTICAL_VIRTUAL_LINE，大小: 140
[2026-06-02 16:05:21] [INFO] [ui][GraphConfig][parseEdges]解析阶段(3):收集TRACK节点: ID=20
[2026-06-02 16:05:21] [INFO] [ui][GraphConfig][parseEdges]解析阶段(4):成功解析边: 19 -> 20，类型: STRAIGHT_LINE，大小: 700
[2026-06-02 16:05:21] [INFO] [ui][GraphConfig][parseEdges]解析阶段(3):收集TRACK节点: ID=21
[2026-06-02 16:05:21] [INFO] [ui][GraphConfig][parseEdges]解析阶段(4):成功解析边: 20 -> 21，类型: HORIZONTAL_VIRTUAL_LINE，大小: 6
[2026-06-02 16:05:21] [INFO] [ui][GraphConfig][parseEdges]解析阶段(3):收集TRACK节点: ID=22
[2026-06-02 16:05:21] [INFO] [ui][GraphConfig][parseEdges]解析阶段(4):成功解析边: 21 -> 22，类型: STRAIGHT_LINE，大小: 1582，FoupLevel偏移: 190，SetLevel偏移: 10
[2026-06-02 16:05:21] [INFO] [ui][GraphConfig][parseEdges]解析阶段(4):成功解析边: 16 -> 20，类型: REVERSE_S_CURVE，大小: 140
[2026-06-02 16:05:21] [INFO] [ui][GraphConfig][parseEdges]解析阶段(4):成功解析边: 17 -> 21，类型: REVERSE_S_CURVE，大小: 140
[2026-06-02 16:05:21] [INFO] [ui][GraphConfig][parseEdges]解析阶段(3):收集TRACK节点: ID=23
[2026-06-02 16:05:21] [INFO] [ui][GraphConfig][parseEdges]解析阶段(4):成功解析边: 19 -> 23，类型: VERTICAL_VIRTUAL_LINE，大小: 6
[2026-06-02 16:05:21] [INFO] [ui][GraphConfig][parseEdges]解析阶段(3):收集TRACK节点: ID=24
[2026-06-02 16:05:21] [INFO] [ui][GraphConfig][parseEdges]解析阶段(4):成功解析边: 23 -> 24，类型: STRAIGHT_LINE，大小: 1190
[2026-06-02 16:05:21] [INFO] [ui][GraphConfig][parseEdges]解析阶段(3):收集TRACK节点: ID=25
[2026-06-02 16:05:21] [INFO] [ui][GraphConfig][parseEdges]解析阶段(4):成功解析边: 24 -> 25，类型: HORIZONTAL_VIRTUAL_LINE，大小: 6
[2026-06-02 16:05:21] [INFO] [ui][GraphConfig][parseEdges]解析阶段(3):收集TRACK节点: ID=26
[2026-06-02 16:05:21] [INFO] [ui][GraphConfig][parseEdges]解析阶段(4):成功解析边: 25 -> 26，类型: STRAIGHT_LINE，大小: 140
[2026-06-02 16:05:21] [INFO] [ui][GraphConfig][parseEdges]解析阶段(3):收集TRACK节点: ID=27
[2026-06-02 16:05:21] [INFO] [ui][GraphConfig][parseEdges]解析阶段(4):成功解析边: 26 -> 27，类型: HORIZONTAL_VIRTUAL_LINE，大小: 6
[2026-06-02 16:05:21] [INFO] [ui][GraphConfig][parseEdges]解析阶段(3):收集TRACK节点: ID=28
[2026-06-02 16:05:21] [INFO] [ui][GraphConfig][parseEdges]解析阶段(4):成功解析边: 27 -> 28，类型: STRAIGHT_LINE，大小: 980，FoupLevel偏移: 86，SetLevel偏移: -24
[2026-06-02 16:05:21] [INFO] [ui][GraphConfig][parseEdges]解析阶段(4):成功解析边: 29 -> 30，类型: STRAIGHT_LINE，大小: 1190
[2026-06-02 16:05:21] [INFO] [ui][GraphConfig][parseEdges]解析阶段(3):收集TRACK节点: ID=31
[2026-06-02 16:05:21] [INFO] [ui][GraphConfig][parseEdges]解析阶段(4):成功解析边: 30 -> 31，类型: HORIZONTAL_VIRTUAL_LINE，大小: 6
[2026-06-02 16:05:21] [INFO] [ui][GraphConfig][parseEdges]解析阶段(3):收集TRACK节点: ID=32
[2026-06-02 16:05:21] [INFO] [ui][GraphConfig][parseEdges]解析阶段(3):收集TRACK节点: ID=29
[2026-06-02 16:05:21] [INFO] [ui][GraphConfig][parseEdges]解析阶段(3):收集TRACK节点: ID=33
[2026-06-02 16:05:21] [INFO] [ui][GraphConfig][parseEdges]解析阶段(4):成功解析边: 23 -> 29，类型: VERTICAL_VIRTUAL_LINE，大小: 210
[2026-06-02 16:05:21] [INFO] [ui][GraphConfig][parseEdges]解析阶段(3):收集TRACK节点: ID=30
[2026-06-02 16:05:21] [INFO] [ui][GraphConfig][parseEdges]解析阶段(4):成功解析边: 32 -> 33，类型: HORIZONTAL_VIRTUAL_LINE，大小: 6
[2026-06-02 16:05:21] [INFO] [ui][GraphConfig][parseEdges]解析阶段(4):成功解析边: 31 -> 32，类型: STRAIGHT_LINE，大小: 140
[2026-06-02 16:05:21] [INFO] [ui][GraphConfig][parseEdges]解析阶段(3):收集TRACK节点: ID=34
[2026-06-02 16:05:21] [INFO] [ui][GraphConfig][parseEdges]解析阶段(4):成功解析边: 33 -> 34，类型: STRAIGHT_LINE，大小: 770，FoupLevel偏移: 828，SetLevel偏移: 190
[2026-06-02 16:05:21] [INFO] [ui][GraphConfig][parseEdges]解析阶段(4):成功解析边: 24 -> 30，类型: RIGHT_SEMICIRCLE_ARC，大小: 210
[2026-06-02 16:05:21] [INFO] [ui][GraphConfig][parseEdges]解析阶段(4):成功解析边: 25 -> 31，类型: RIGHT_SEMICIRCLE_ARC，大小: 210
[2026-06-02 16:05:21] [INFO] [ui][GraphConfig][parseEdges]解析阶段(4):成功解析边: 26 -> 32，类型: LEFT_SEMICIRCLE_ARC，大小: 210
[2026-06-02 16:05:21] [INFO] [ui][GraphConfig][parseEdges]解析阶段(4):成功解析边: 27 -> 33，类型: LEFT_SEMICIRCLE_ARC，大小: 210
[2026-06-02 16:05:21] [INFO] [ui][GraphConfig][parseEdges]解析阶段(3):收集TRACK节点: ID=35
[2026-06-02 16:05:21] [INFO] [ui][GraphConfig][parseEdges]解析阶段(4):成功解析边: 29 -> 35，类型: VERTICAL_VIRTUAL_LINE，大小: 6
[2026-06-02 16:05:21] [INFO] [ui][GraphConfig][processNode]SET节点文档顺序#8: 设置 setOfOHBInfoList[8].uiId = 36
[2026-06-02 16:05:21] [INFO] [ui][GraphConfig][parseEdges]解析阶段(3):收集SET节点: ID=36, QRCode=11036, Count=4, Position=BELOW
[2026-06-02 16:05:21] [INFO] [ui][GraphConfig][parseEdges]解析阶段(4):成功解析边: 35 -> 36，类型: STRAIGHT_LINE，大小: 70
[2026-06-02 16:05:21] [INFO] [ui][GraphConfig][processNode]SET节点文档顺序#9: 设置 setOfOHBInfoList[9].uiId = 37
[2026-06-02 16:05:21] [INFO] [ui][GraphConfig][parseEdges]解析阶段(3):收集SET节点: ID=37, QRCode=11037, Count=4, Position=BELOW
[2026-06-02 16:05:21] [INFO] [ui][GraphConfig][parseEdges]解析阶段(4):成功解析边: 36 -> 37，类型: STRAIGHT_LINE，大小: 140
[2026-06-02 16:05:21] [INFO] [ui][GraphConfig][processNode]SET节点文档顺序#10: 设置 setOfOHBInfoList[10].uiId = 38
[2026-06-02 16:05:21] [INFO] [ui][GraphConfig][parseEdges]解析阶段(3):收集SET节点: ID=38, QRCode=11038, Count=4, Position=BELOW
[2026-06-02 16:05:21] [INFO] [ui][GraphConfig][parseEdges]解析阶段(4):成功解析边: 37 -> 38，类型: STRAIGHT_LINE，大小: 140
[2026-06-02 16:05:21] [INFO] [ui][GraphConfig][processNode]SET节点文档顺序#11: 设置 setOfOHBInfoList[11].uiId = 39
[2026-06-02 16:05:21] [INFO] [ui][GraphConfig][parseEdges]解析阶段(3):收集SET节点: ID=39, QRCode=11039, Count=4, Position=BELOW
[2026-06-02 16:05:21] [INFO] [ui][GraphConfig][parseEdges]解析阶段(4):成功解析边: 38 -> 39，类型: STRAIGHT_LINE，大小: 140
[2026-06-02 16:05:21] [INFO] [ui][GraphConfig][processNode]SET节点文档顺序#12: 设置 setOfOHBInfoList[12].uiId = 40
[2026-06-02 16:05:21] [INFO] [ui][GraphConfig][parseEdges]解析阶段(3):收集SET节点: ID=40, QRCode=11040, Count=4, Position=BELOW
[2026-06-02 16:05:21] [INFO] [ui][GraphConfig][parseEdges]解析阶段(4):成功解析边: 39 -> 40，类型: STRAIGHT_LINE，大小: 140
[2026-06-02 16:05:21] [INFO] [ui][GraphConfig][processNode]SET节点文档顺序#13: 设置 setOfOHBInfoList[13].uiId = 41
[2026-06-02 16:05:21] [INFO] [ui][GraphConfig][parseEdges]解析阶段(3):收集SET节点: ID=41, QRCode=11041, Count=4, Position=BELOW
[2026-06-02 16:05:21] [INFO] [ui][GraphConfig][parseEdges]解析阶段(4):成功解析边: 40 -> 41，类型: STRAIGHT_LINE，大小: 140
[2026-06-02 16:05:21] [INFO] [ui][GraphConfig][processNode]SET节点文档顺序#14: 设置 setOfOHBInfoList[14].uiId = 42
[2026-06-02 16:05:21] [INFO] [ui][GraphConfig][parseEdges]解析阶段(3):收集SET节点: ID=42, QRCode=11042, Count=4, Position=BELOW
[2026-06-02 16:05:21] [INFO] [ui][GraphConfig][parseEdges]解析阶段(4):成功解析边: 41 -> 42，类型: STRAIGHT_LINE，大小: 140
[2026-06-02 16:05:21] [INFO] [ui][GraphConfig][processNode]SET节点文档顺序#15: 设置 setOfOHBInfoList[15].uiId = 43
[2026-06-02 16:05:21] [INFO] [ui][GraphConfig][parseEdges]解析阶段(3):收集SET节点: ID=43, QRCode=11043, Count=4, Position=BELOW
[2026-06-02 16:05:21] [INFO] [ui][GraphConfig][parseEdges]解析阶段(4):成功解析边: 42 -> 43，类型: STRAIGHT_LINE，大小: 140
[2026-06-02 16:05:21] [INFO] [ui][GraphConfig][processNode]SET节点文档顺序#16: 设置 setOfOHBInfoList[16].uiId = 2
[2026-06-02 16:05:21] [INFO] [ui][GraphConfig][parseEdges]解析阶段(3):收集SET节点: ID=2, QRCode=11001, Count=4, Position=BELOW
[2026-06-02 16:05:21] [INFO] [ui][GraphConfig][parseEdges]解析阶段(4):成功解析边: 43 -> 2，类型: STRAIGHT_LINE，大小: 322，FoupLevel偏移: 0，SetLevel偏移: 22
[2026-06-02 16:05:21] [INFO] [ui][GraphConfig][processNode]SET节点文档顺序#17: 设置 setOfOHBInfoList[17].uiId = 3
[2026-06-02 16:05:21] [INFO] [ui][GraphConfig][parseEdges]解析阶段(3):收集SET节点: ID=3, QRCode=11002, Count=4, Position=BELOW
[2026-06-02 16:05:21] [INFO] [ui][GraphConfig][parseEdges]解析阶段(4):成功解析边: 2 -> 3，类型: STRAIGHT_LINE，大小: 140
[2026-06-02 16:05:21] [INFO] [ui][GraphConfig][processNode]SET节点文档顺序#18: 设置 setOfOHBInfoList[18].uiId = 4
[2026-06-02 16:05:21] [INFO] [ui][GraphConfig][parseEdges]解析阶段(3):收集SET节点: ID=4, QRCode=11003, Count=4, Position=BELOW
[2026-06-02 16:05:21] [INFO] [ui][GraphConfig][parseEdges]解析阶段(4):成功解析边: 3 -> 4，类型: STRAIGHT_LINE，大小: 140
[2026-06-02 16:05:21] [INFO] [ui][GraphConfig][processNode]SET节点文档顺序#19: 设置 setOfOHBInfoList[19].uiId = 5
[2026-06-02 16:05:21] [INFO] [ui][GraphConfig][parseEdges]解析阶段(3):收集SET节点: ID=5, QRCode=11004, Count=4, Position=BELOW
[2026-06-02 16:05:21] [INFO] [ui][GraphConfig][parseEdges]解析阶段(4):成功解析边: 4 -> 5，类型: STRAIGHT_LINE，大小: 140
[2026-06-02 16:05:21] [INFO] [ui][GraphConfig][parseEdges]解析阶段(3):收集TRACK节点: ID=44
[2026-06-02 16:05:21] [INFO] [ui][GraphConfig][parseEdges]解析阶段(4):成功解析边: 5 -> 44，类型: STRAIGHT_LINE，大小: 350，FoupLevel偏移: 450，SetLevel偏移: 140
[2026-06-02 16:05:21] [INFO] [ui][GraphConfig][parse]解析阶段(5): 配置文件解析完毕
[2026-06-02 16:05:21] [INFO] [ui][GraphConfig][parse]配置文件解析完成，节点数: 44，边数: 49
[2026-06-02 16:05:21] [INFO] ====================天车轨道布局图配置文件解析 结束====================
[2026-06-02 16:05:22] [INFO] ====================Set视图天车轨道布局图重构  开始====================
[2026-06-02 16:05:22] [INFO] [ui][SetLevelGraphBuilder][buildGraph] 开始构建图，节点数: 44，边数: 49
[2026-06-02 16:05:22] [DEBUG] [ui][Graph][addVertex] 添加顶点 1
[2026-06-02 16:05:22] [DEBUG] [ui][Graph][addVertex] 添加顶点 2
[2026-06-02 16:05:22] [DEBUG] [ui][Graph][addVertex] 添加顶点 3
[2026-06-02 16:05:22] [DEBUG] [ui][Graph][addVertex] 添加顶点 4
[2026-06-02 16:05:22] [DEBUG] [ui][Graph][addVertex] 添加顶点 5
[2026-06-02 16:05:22] [DEBUG] [ui][Graph][addVertex] 添加顶点 6
[2026-06-02 16:05:22] [DEBUG] [ui][Graph][addVertex] 添加顶点 7
[2026-06-02 16:05:22] [DEBUG] [ui][Graph][addVertex] 添加顶点 8
[2026-06-02 16:05:22] [DEBUG] [ui][Graph][addVertex] 添加顶点 9
[2026-06-02 16:05:22] [DEBUG] [ui][Graph][addVertex] 添加顶点 10
[2026-06-02 16:05:22] [DEBUG] [ui][Graph][addVertex] 添加顶点 11
[2026-06-02 16:05:22] [DEBUG] [ui][Graph][addVertex] 添加顶点 12
[2026-06-02 16:05:22] [DEBUG] [ui][Graph][addVertex] 添加顶点 13
[2026-06-02 16:05:22] [DEBUG] [ui][Graph][addVertex] 添加顶点 14
[2026-06-02 16:05:22] [DEBUG] [ui][Graph][addVertex] 添加顶点 15
[2026-06-02 16:05:22] [DEBUG] [ui][Graph][addVertex] 添加顶点 16
[2026-06-02 16:05:22] [DEBUG] [ui][Graph][addVertex] 添加顶点 17
[2026-06-02 16:05:22] [DEBUG] [ui][Graph][addVertex] 添加顶点 18
[2026-06-02 16:05:22] [DEBUG] [ui][Graph][addVertex] 添加顶点 19
[2026-06-02 16:05:22] [DEBUG] [ui][Graph][addVertex] 添加顶点 20
[2026-06-02 16:05:22] [DEBUG] [ui][Graph][addVertex] 添加顶点 21
[2026-06-02 16:05:22] [DEBUG] [ui][Graph][addVertex] 添加顶点 22
[2026-06-02 16:05:22] [DEBUG] [ui][Graph][addVertex] 添加顶点 23
[2026-06-02 16:05:22] [DEBUG] [ui][Graph][addVertex] 添加顶点 24
[2026-06-02 16:05:22] [DEBUG] [ui][Graph][addVertex] 添加顶点 25
[2026-06-02 16:05:22] [DEBUG] [ui][Graph][addVertex] 添加顶点 26
[2026-06-02 16:05:22] [DEBUG] [ui][Graph][addVertex] 添加顶点 27
[2026-06-02 16:05:22] [DEBUG] [ui][Graph][addVertex] 添加顶点 28
[2026-06-02 16:05:22] [DEBUG] [ui][Graph][addVertex] 添加顶点 29
[2026-06-02 16:05:22] [DEBUG] [ui][Graph][addVertex] 添加顶点 30
[2026-06-02 16:05:22] [DEBUG] [ui][Graph][addVertex] 添加顶点 31
[2026-06-02 16:05:22] [DEBUG] [ui][Graph][addVertex] 添加顶点 32
[2026-06-02 16:05:22] [DEBUG] [ui][Graph][addVertex] 添加顶点 33
[2026-06-02 16:05:22] [DEBUG] [ui][Graph][addVertex] 添加顶点 34
[2026-06-02 16:05:22] [DEBUG] [ui][Graph][addVertex] 添加顶点 35
[2026-06-02 16:05:22] [DEBUG] [ui][Graph][addVertex] 添加顶点 36
[2026-06-02 16:05:22] [DEBUG] [ui][Graph][addVertex] 添加顶点 37
[2026-06-02 16:05:22] [DEBUG] [ui][Graph][addVertex] 添加顶点 38
[2026-06-02 16:05:22] [DEBUG] [ui][Graph][addVertex] 添加顶点 39
[2026-06-02 16:05:22] [DEBUG] [ui][Graph][addVertex] 添加顶点 40
[2026-06-02 16:05:22] [DEBUG] [ui][Graph][addVertex] 添加顶点 41
[2026-06-02 16:05:22] [DEBUG] [ui][Graph][addVertex] 添加顶点 42
[2026-06-02 16:05:22] [DEBUG] [ui][Graph][addVertex] 添加顶点 43
[2026-06-02 16:05:22] [DEBUG] [ui][Graph][addVertex] 添加顶点 44
[2026-06-02 16:05:22] [DEBUG] [ui][Graph][addVertex] 顶点 1 已存在，跳过
[2026-06-02 16:05:22] [DEBUG] [ui][Graph][addVertex] 顶点 6 已存在，跳过
[2026-06-02 16:05:22] [DEBUG] [ui][Graph][addEdge] 添加边 (1,6)
[2026-06-02 16:05:22] [DEBUG] [ui][Graph][addVertex] 顶点 6 已存在，跳过
[2026-06-02 16:05:22] [DEBUG] [ui][Graph][addVertex] 顶点 7 已存在，跳过
[2026-06-02 16:05:22] [DEBUG] [ui][Graph][addEdge] 添加边 (6,7)
[2026-06-02 16:05:22] [DEBUG] [ui][Graph][addVertex] 顶点 7 已存在，跳过
[2026-06-02 16:05:22] [DEBUG] [ui][Graph][addVertex] 顶点 8 已存在，跳过
[2026-06-02 16:05:22] [DEBUG] [ui][Graph][addEdge] 添加边 (7,8)
[2026-06-02 16:05:22] [DEBUG] [ui][Graph][addVertex] 顶点 8 已存在，跳过
[2026-06-02 16:05:22] [DEBUG] [ui][Graph][addVertex] 顶点 9 已存在，跳过
[2026-06-02 16:05:22] [DEBUG] [ui][Graph][addEdge] 添加边 (8,9)
[2026-06-02 16:05:22] [DEBUG] [ui][Graph][addVertex] 顶点 9 已存在，跳过
[2026-06-02 16:05:22] [DEBUG] [ui][Graph][addVertex] 顶点 10 已存在，跳过
[2026-06-02 16:05:22] [DEBUG] [ui][Graph][addEdge] 添加边 (9,10)
[2026-06-02 16:05:22] [DEBUG] [ui][Graph][addVertex] 顶点 10 已存在，跳过
[2026-06-02 16:05:22] [DEBUG] [ui][Graph][addVertex] 顶点 11 已存在，跳过
[2026-06-02 16:05:22] [DEBUG] [ui][Graph][addEdge] 添加边 (10,11)
[2026-06-02 16:05:22] [DEBUG] [ui][Graph][addVertex] 顶点 11 已存在，跳过
[2026-06-02 16:05:22] [DEBUG] [ui][Graph][addVertex] 顶点 12 已存在，跳过
[2026-06-02 16:05:22] [DEBUG] [ui][Graph][addEdge] 添加边 (11,12)
[2026-06-02 16:05:22] [DEBUG] [ui][Graph][addVertex] 顶点 12 已存在，跳过
[2026-06-02 16:05:22] [DEBUG] [ui][Graph][addVertex] 顶点 13 已存在，跳过
[2026-06-02 16:05:22] [DEBUG] [ui][Graph][addEdge] 添加边 (12,13)
[2026-06-02 16:05:22] [DEBUG] [ui][Graph][addVertex] 顶点 13 已存在，跳过
[2026-06-02 16:05:22] [DEBUG] [ui][Graph][addVertex] 顶点 14 已存在，跳过
[2026-06-02 16:05:22] [DEBUG] [ui][Graph][addEdge] 添加边 (13,14)
[2026-06-02 16:05:22] [DEBUG] [ui][Graph][addVertex] 顶点 1 已存在，跳过
[2026-06-02 16:05:22] [DEBUG] [ui][Graph][addVertex] 顶点 15 已存在，跳过
[2026-06-02 16:05:22] [DEBUG] [ui][Graph][addEdge] 添加边 (1,15)
[2026-06-02 16:05:22] [DEBUG] [ui][Graph][addVertex] 顶点 15 已存在，跳过
[2026-06-02 16:05:22] [DEBUG] [ui][Graph][addVertex] 顶点 16 已存在，跳过
[2026-06-02 16:05:22] [DEBUG] [ui][Graph][addEdge] 添加边 (15,16)
[2026-06-02 16:05:22] [DEBUG] [ui][Graph][addVertex] 顶点 16 已存在，跳过
[2026-06-02 16:05:22] [DEBUG] [ui][Graph][addVertex] 顶点 17 已存在，跳过
[2026-06-02 16:05:22] [DEBUG] [ui][Graph][addEdge] 添加边 (16,17)
[2026-06-02 16:05:22] [DEBUG] [ui][Graph][addVertex] 顶点 17 已存在，跳过
[2026-06-02 16:05:22] [DEBUG] [ui][Graph][addVertex] 顶点 18 已存在，跳过
[2026-06-02 16:05:22] [DEBUG] [ui][Graph][addEdge] 添加边 (17,18)
[2026-06-02 16:05:22] [DEBUG] [ui][Graph][addVertex] 顶点 15 已存在，跳过
[2026-06-02 16:05:22] [DEBUG] [ui][Graph][addVertex] 顶点 19 已存在，跳过
[2026-06-02 16:05:22] [DEBUG] [ui][Graph][addEdge] 添加边 (15,19)
[2026-06-02 16:05:22] [DEBUG] [ui][Graph][addVertex] 顶点 19 已存在，跳过
[2026-06-02 16:05:22] [DEBUG] [ui][Graph][addVertex] 顶点 20 已存在，跳过
[2026-06-02 16:05:22] [DEBUG] [ui][Graph][addEdge] 添加边 (19,20)
[2026-06-02 16:05:22] [DEBUG] [ui][Graph][addVertex] 顶点 20 已存在，跳过
[2026-06-02 16:05:22] [DEBUG] [ui][Graph][addVertex] 顶点 21 已存在，跳过
[2026-06-02 16:05:22] [DEBUG] [ui][Graph][addEdge] 添加边 (20,21)
[2026-06-02 16:05:22] [DEBUG] [ui][Graph][addVertex] 顶点 21 已存在，跳过
[2026-06-02 16:05:22] [DEBUG] [ui][Graph][addVertex] 顶点 22 已存在，跳过
[2026-06-02 16:05:22] [DEBUG] [ui][Graph][addEdge] 添加边 (21,22)
[2026-06-02 16:05:22] [DEBUG] [ui][Graph][addVertex] 顶点 16 已存在，跳过
[2026-06-02 16:05:22] [DEBUG] [ui][Graph][addVertex] 顶点 20 已存在，跳过
[2026-06-02 16:05:22] [DEBUG] [ui][Graph][addEdge] 添加边 (16,20)
[2026-06-02 16:05:22] [DEBUG] [ui][Graph][addVertex] 顶点 17 已存在，跳过
[2026-06-02 16:05:22] [DEBUG] [ui][Graph][addVertex] 顶点 21 已存在，跳过
[2026-06-02 16:05:22] [DEBUG] [ui][Graph][addEdge] 添加边 (17,21)
[2026-06-02 16:05:22] [DEBUG] [ui][Graph][addVertex] 顶点 19 已存在，跳过
[2026-06-02 16:05:22] [DEBUG] [ui][Graph][addVertex] 顶点 23 已存在，跳过
[2026-06-02 16:05:22] [DEBUG] [ui][Graph][addEdge] 添加边 (19,23)
[2026-06-02 16:05:22] [DEBUG] [ui][Graph][addVertex] 顶点 23 已存在，跳过
[2026-06-02 16:05:22] [DEBUG] [ui][Graph][addVertex] 顶点 24 已存在，跳过
[2026-06-02 16:05:22] [DEBUG] [ui][Graph][addEdge] 添加边 (23,24)
[2026-06-02 16:05:22] [DEBUG] [ui][Graph][addVertex] 顶点 24 已存在，跳过
[2026-06-02 16:05:22] [DEBUG] [ui][Graph][addVertex] 顶点 25 已存在，跳过
[2026-06-02 16:05:22] [DEBUG] [ui][Graph][addEdge] 添加边 (24,25)
[2026-06-02 16:05:22] [DEBUG] [ui][Graph][addVertex] 顶点 25 已存在，跳过
[2026-06-02 16:05:22] [DEBUG] [ui][Graph][addVertex] 顶点 26 已存在，跳过
[2026-06-02 16:05:22] [DEBUG] [ui][Graph][addEdge] 添加边 (25,26)
[2026-06-02 16:05:22] [DEBUG] [ui][Graph][addVertex] 顶点 26 已存在，跳过
[2026-06-02 16:05:22] [DEBUG] [ui][Graph][addVertex] 顶点 27 已存在，跳过
[2026-06-02 16:05:22] [DEBUG] [ui][Graph][addEdge] 添加边 (26,27)
[2026-06-02 16:05:22] [DEBUG] [ui][Graph][addVertex] 顶点 27 已存在，跳过
[2026-06-02 16:05:22] [DEBUG] [ui][Graph][addVertex] 顶点 28 已存在，跳过
[2026-06-02 16:05:22] [DEBUG] [ui][Graph][addEdge] 添加边 (27,28)
[2026-06-02 16:05:22] [DEBUG] [ui][Graph][addVertex] 顶点 23 已存在，跳过
[2026-06-02 16:05:22] [DEBUG] [ui][Graph][addVertex] 顶点 29 已存在，跳过
[2026-06-02 16:05:22] [DEBUG] [ui][Graph][addEdge] 添加边 (23,29)
[2026-06-02 16:05:22] [DEBUG] [ui][Graph][addVertex] 顶点 29 已存在，跳过
[2026-06-02 16:05:22] [DEBUG] [ui][Graph][addVertex] 顶点 30 已存在，跳过
[2026-06-02 16:05:22] [DEBUG] [ui][Graph][addEdge] 添加边 (29,30)
[2026-06-02 16:05:22] [DEBUG] [ui][Graph][addVertex] 顶点 30 已存在，跳过
[2026-06-02 16:05:22] [DEBUG] [ui][Graph][addVertex] 顶点 31 已存在，跳过
[2026-06-02 16:05:22] [DEBUG] [ui][Graph][addEdge] 添加边 (30,31)
[2026-06-02 16:05:22] [DEBUG] [ui][Graph][addVertex] 顶点 31 已存在，跳过
[2026-06-02 16:05:22] [DEBUG] [ui][Graph][addVertex] 顶点 32 已存在，跳过
[2026-06-02 16:05:22] [DEBUG] [ui][Graph][addEdge] 添加边 (31,32)
[2026-06-02 16:05:22] [DEBUG] [ui][Graph][addVertex] 顶点 32 已存在，跳过
[2026-06-02 16:05:22] [DEBUG] [ui][Graph][addVertex] 顶点 33 已存在，跳过
[2026-06-02 16:05:22] [DEBUG] [ui][Graph][addEdge] 添加边 (32,33)
[2026-06-02 16:05:22] [DEBUG] [ui][Graph][addVertex] 顶点 33 已存在，跳过
[2026-06-02 16:05:22] [DEBUG] [ui][Graph][addVertex] 顶点 34 已存在，跳过
[2026-06-02 16:05:22] [DEBUG] [ui][Graph][addEdge] 添加边 (33,34)
[2026-06-02 16:05:22] [DEBUG] [ui][Graph][addVertex] 顶点 24 已存在，跳过
[2026-06-02 16:05:22] [DEBUG] [ui][Graph][addVertex] 顶点 30 已存在，跳过
[2026-06-02 16:05:22] [DEBUG] [ui][Graph][addEdge] 添加边 (24,30)
[2026-06-02 16:05:22] [DEBUG] [ui][Graph][addVertex] 顶点 25 已存在，跳过
[2026-06-02 16:05:22] [DEBUG] [ui][Graph][addVertex] 顶点 31 已存在，跳过
[2026-06-02 16:05:22] [DEBUG] [ui][Graph][addEdge] 添加边 (25,31)
[2026-06-02 16:05:22] [DEBUG] [ui][Graph][addVertex] 顶点 26 已存在，跳过
[2026-06-02 16:05:22] [DEBUG] [ui][Graph][addVertex] 顶点 32 已存在，跳过
[2026-06-02 16:05:22] [DEBUG] [ui][Graph][addEdge] 添加边 (26,32)
[2026-06-02 16:05:22] [DEBUG] [ui][Graph][addVertex] 顶点 27 已存在，跳过
[2026-06-02 16:05:22] [DEBUG] [ui][Graph][addVertex] 顶点 33 已存在，跳过
[2026-06-02 16:05:22] [DEBUG] [ui][Graph][addEdge] 添加边 (27,33)
[2026-06-02 16:05:22] [DEBUG] [ui][Graph][addVertex] 顶点 29 已存在，跳过
[2026-06-02 16:05:22] [DEBUG] [ui][Graph][addVertex] 顶点 35 已存在，跳过
[2026-06-02 16:05:22] [DEBUG] [ui][Graph][addEdge] 添加边 (29,35)
[2026-06-02 16:05:22] [DEBUG] [ui][Graph][addVertex] 顶点 35 已存在，跳过
[2026-06-02 16:05:22] [DEBUG] [ui][Graph][addVertex] 顶点 36 已存在，跳过
[2026-06-02 16:05:22] [DEBUG] [ui][Graph][addEdge] 添加边 (35,36)
[2026-06-02 16:05:22] [DEBUG] [ui][Graph][addVertex] 顶点 36 已存在，跳过
[2026-06-02 16:05:22] [DEBUG] [ui][Graph][addVertex] 顶点 37 已存在，跳过
[2026-06-02 16:05:22] [DEBUG] [ui][Graph][addEdge] 添加边 (36,37)
[2026-06-02 16:05:22] [DEBUG] [ui][Graph][addVertex] 顶点 37 已存在，跳过
[2026-06-02 16:05:22] [DEBUG] [ui][Graph][addVertex] 顶点 38 已存在，跳过
[2026-06-02 16:05:22] [DEBUG] [ui][Graph][addEdge] 添加边 (37,38)
[2026-06-02 16:05:22] [DEBUG] [ui][Graph][addVertex] 顶点 38 已存在，跳过
[2026-06-02 16:05:22] [DEBUG] [ui][Graph][addVertex] 顶点 39 已存在，跳过
[2026-06-02 16:05:22] [DEBUG] [ui][Graph][addVertex] 顶点 40 已存在，跳过
[2026-06-02 16:05:22] [DEBUG] [ui][Graph][addEdge] 添加边 (39,40)
[2026-06-02 16:05:22] [DEBUG] [ui][Graph][addVertex] 顶点 40 已存在，跳过
[2026-06-02 16:05:22] [DEBUG] [ui][Graph][addVertex] 顶点 39 已存在，跳过
[2026-06-02 16:05:22] [DEBUG] [ui][Graph][addVertex] 顶点 41 已存在，跳过
[2026-06-02 16:05:22] [DEBUG] [ui][Graph][addEdge] 添加边 (38,39)
[2026-06-02 16:05:22] [DEBUG] [ui][Graph][addEdge] 添加边 (40,41)
[2026-06-02 16:05:22] [DEBUG] [ui][Graph][addVertex] 顶点 41 已存在，跳过
[2026-06-02 16:05:22] [DEBUG] [ui][Graph][addVertex] 顶点 42 已存在，跳过
[2026-06-02 16:05:22] [DEBUG] [ui][Graph][addEdge] 添加边 (41,42)
[2026-06-02 16:05:22] [DEBUG] [ui][Graph][addVertex] 顶点 42 已存在，跳过
[2026-06-02 16:05:22] [DEBUG] [ui][Graph][addVertex] 顶点 43 已存在，跳过
[2026-06-02 16:05:22] [DEBUG] [ui][Graph][addEdge] 添加边 (42,43)
[2026-06-02 16:05:22] [DEBUG] [ui][Graph][addVertex] 顶点 43 已存在，跳过
[2026-06-02 16:05:22] [DEBUG] [ui][Graph][addVertex] 顶点 2 已存在，跳过
[2026-06-02 16:05:22] [DEBUG] [ui][Graph][addEdge] 添加边 (43,2)
[2026-06-02 16:05:22] [DEBUG] [ui][Graph][addVertex] 顶点 2 已存在，跳过
[2026-06-02 16:05:22] [DEBUG] [ui][Graph][addVertex] 顶点 3 已存在，跳过
[2026-06-02 16:05:22] [DEBUG] [ui][Graph][addEdge] 添加边 (2,3)
[2026-06-02 16:05:22] [DEBUG] [ui][Graph][addVertex] 顶点 3 已存在，跳过
[2026-06-02 16:05:22] [DEBUG] [ui][Graph][addVertex] 顶点 4 已存在，跳过
[2026-06-02 16:05:22] [DEBUG] [ui][Graph][addEdge] 添加边 (3,4)
[2026-06-02 16:05:22] [DEBUG] [ui][Graph][addVertex] 顶点 4 已存在，跳过
[2026-06-02 16:05:22] [DEBUG] [ui][Graph][addVertex] 顶点 5 已存在，跳过
[2026-06-02 16:05:22] [DEBUG] [ui][Graph][addEdge] 添加边 (4,5)
[2026-06-02 16:05:22] [DEBUG] [ui][Graph][addVertex] 顶点 5 已存在，跳过
[2026-06-02 16:05:22] [DEBUG] [ui][Graph][addVertex] 顶点 44 已存在，跳过
[2026-06-02 16:05:22] [DEBUG] [ui][Graph][addEdge] 添加边 (5,44)
[2026-06-02 16:05:22] [INFO] [ui][SetLevelGraphBuilder][buildMultilist]邻接多重表构建完成
[2026-06-02 16:05:22] [INFO] [ui][SetLevelGraphBuilder][buildGraph] 阶段(1): 重建邻接多重表完成
[2026-06-02 16:05:22] [INFO] [ui][SetLevelGraphBuilder][layoutAndDraw]起始节点ID: 1, 坐标: (20, 120)
[2026-06-02 16:05:22] [INFO] [ui][SetLevelGraphBuilder][processStraightLine]直线: 1 -> 6, 长度: 840, 起点(20,120), 终点(860,120)
[2026-06-02 16:05:22] [INFO] [ui][SetLevelGraphBuilder][createFrameDevice]成功为节点ID=6设置Set信息: uiId=6, setId=12001~12004, 压力范围=0.00~0.00Mpa, 流量平均值=0.00L/Min, 湿度范围=0.00~0.00%
[2026-06-02 16:05:22] [INFO] [ui][SetLevelGraphBuilder][createFrameDevice]创建FrameDevice: ID=6, 轨道坐标=(860, 120), 实际坐标=(800, 14), 位置=ABOVE
[2026-06-02 16:05:22] [INFO] [ui][SetLevelGraphBuilder][processNode]创建SET节点: ID=6
[2026-06-02 16:05:22] [INFO] [ui][SetLevelGraphBuilder][processStraightLine]直线: 6 -> 7, 长度: 140, 起点(860,120), 终点(1000,120)
[2026-06-02 16:05:22] [INFO] [ui][SetLevelGraphBuilder][createFrameDevice]成功为节点ID=7设置Set信息: uiId=7, setId=12005~12008, 压力范围=0.00~0.00Mpa, 流量平均值=0.00L/Min, 湿度范围=0.00~0.00%
[2026-06-02 16:05:22] [INFO] [ui][SetLevelGraphBuilder][createFrameDevice]创建FrameDevice: ID=7, 轨道坐标=(1000, 120), 实际坐标=(940, 14), 位置=ABOVE
[2026-06-02 16:05:22] [INFO] [ui][SetLevelGraphBuilder][processNode]创建SET节点: ID=7
[2026-06-02 16:05:22] [INFO] [ui][SetLevelGraphBuilder][processStraightLine]直线: 7 -> 8, 长度: 420, 起点(1000,120), 终点(1420,120)
[2026-06-02 16:05:22] [INFO] [ui][SetLevelGraphBuilder][createFrameDevice]成功为节点ID=8设置Set信息: uiId=8, setId=12009~12012, 压力范围=0.00~0.00Mpa, 流量平均值=0.00L/Min, 湿度范围=0.00~0.00%
[2026-06-02 16:05:22] [INFO] [ui][SetLevelGraphBuilder][createFrameDevice]创建FrameDevice: ID=8, 轨道坐标=(1420, 120), 实际坐标=(1360, 14), 位置=ABOVE
[2026-06-02 16:05:22] [INFO] [ui][SetLevelGraphBuilder][processNode]创建SET节点: ID=8
[2026-06-02 16:05:22] [INFO] [ui][SetLevelGraphBuilder][processStraightLine]直线: 8 -> 9, 长度: 140, 起点(1420,120), 终点(1560,120)
[2026-06-02 16:05:22] [INFO] [ui][SetLevelGraphBuilder][createFrameDevice]成功为节点ID=9设置Set信息: uiId=9, setId=12013~12016, 压力范围=0.00~0.00Mpa, 流量平均值=0.00L/Min, 湿度范围=0.00~0.00%
[2026-06-02 16:05:22] [INFO] [ui][SetLevelGraphBuilder][createFrameDevice]创建FrameDevice: ID=9, 轨道坐标=(1560, 120), 实际坐标=(1500, 14), 位置=ABOVE
[2026-06-02 16:05:22] [INFO] [ui][SetLevelGraphBuilder][processNode]创建SET节点: ID=9
[2026-06-02 16:05:22] [INFO] [ui][SetLevelGraphBuilder][processStraightLine]直线: 9 -> 10, 长度: 140, 起点(1560,120), 终点(1700,120)
[2026-06-02 16:05:22] [INFO] [ui][SetLevelGraphBuilder][createFrameDevice]成功为节点ID=10设置Set信息: uiId=10, setId=12017~12020, 压力范围=0.00~0.00Mpa, 流量平均值=0.00L/Min, 湿度范围=0.00~0.00%
[2026-06-02 16:05:22] [INFO] [ui][SetLevelGraphBuilder][createFrameDevice]创建FrameDevice: ID=10, 轨道坐标=(1700, 120), 实际坐标=(1640, 14), 位置=ABOVE
[2026-06-02 16:05:22] [INFO] [ui][SetLevelGraphBuilder][processNode]创建SET节点: ID=10
[2026-06-02 16:05:22] [INFO] [ui][SetLevelGraphBuilder][processStraightLine]直线: 10 -> 11, 长度: 140, 起点(1700,120), 终点(1840,120)
[2026-06-02 16:05:22] [INFO] [ui][SetLevelGraphBuilder][createFrameDevice]成功为节点ID=11设置Set信息: uiId=11, setId=12021~12024, 压力范围=0.00~0.00Mpa, 流量平均值=0.00L/Min, 湿度范围=0.00~0.00%
[2026-06-02 16:05:22] [INFO] [ui][SetLevelGraphBuilder][createFrameDevice]创建FrameDevice: ID=11, 轨道坐标=(1840, 120), 实际坐标=(1780, 14), 位置=ABOVE
[2026-06-02 16:05:22] [INFO] [ui][SetLevelGraphBuilder][processNode]创建SET节点: ID=11
[2026-06-02 16:05:22] [INFO] [ui][SetLevelGraphBuilder][processStraightLine]直线: 11 -> 12, 长度: 140, 起点(1840,120), 终点(1980,120)
[2026-06-02 16:05:22] [INFO] [ui][SetLevelGraphBuilder][createFrameDevice]成功为节点ID=12设置Set信息: uiId=12, setId=12025~12028, 压力范围=0.00~0.00Mpa, 流量平均值=0.00L/Min, 湿度范围=0.00~0.00%
[2026-06-02 16:05:22] [INFO] [ui][SetLevelGraphBuilder][createFrameDevice]创建FrameDevice: ID=12, 轨道坐标=(1980, 120), 实际坐标=(1920, 14), 位置=ABOVE
[2026-06-02 16:05:22] [INFO] [ui][SetLevelGraphBuilder][processNode]创建SET节点: ID=12
[2026-06-02 16:05:22] [INFO] [ui][SetLevelGraphBuilder][processStraightLine]直线: 12 -> 13, 长度: 140, 起点(1980,120), 终点(2120,120)
[2026-06-02 16:05:22] [INFO] [ui][SetLevelGraphBuilder][createFrameDevice]成功为节点ID=13设置Set信息: uiId=13, setId=12029~12032, 压力范围=0.00~0.00Mpa, 流量平均值=0.00L/Min, 湿度范围=0.00~0.00%
[2026-06-02 16:05:22] [INFO] [ui][SetLevelGraphBuilder][createFrameDevice]创建FrameDevice: ID=13, 轨道坐标=(2120, 120), 实际坐标=(2060, 14), 位置=ABOVE
[2026-06-02 16:05:22] [INFO] [ui][SetLevelGraphBuilder][processNode]创建SET节点: ID=13
[2026-06-02 16:05:22] [INFO] [ui][SetLevelGraphBuilder][processStraightLine]直线: 13 -> 14, 长度: 70 + 偏移: 118 = 188, 起点(2120,120), 终点(2308,120)
[2026-06-02 16:05:22] [INFO] [ui][SetLevelGraphBuilder][processVirtualLine]虚线: 1 -> 15, 类型: VERTICAL_VIRTUAL_LINE, 起点(20,120), 终点(20,126)
[2026-06-02 16:05:22] [INFO] [ui][SetLevelGraphBuilder][processStraightLine]直线: 15 -> 16, 长度: 560, 起点(20,126), 终点(580,126)
[2026-06-02 16:05:22] [INFO] [ui][SetLevelGraphBuilder][processVirtualLine]虚线: 16 -> 17, 类型: HORIZONTAL_VIRTUAL_LINE, 起点(580,126), 终点(586,126)
[2026-06-02 16:05:22] [INFO] [ui][SetLevelGraphBuilder][processStraightLine]直线: 17 -> 18, 长度: 1722, 起点(586,126), 终点(2308,126)
[2026-06-02 16:05:22] [INFO] [ui][SetLevelGraphBuilder][processVirtualLine]虚线: 15 -> 19, 类型: VERTICAL_VIRTUAL_LINE, 起点(20,126), 终点(20,266)
[2026-06-02 16:05:22] [INFO] [ui][SetLevelGraphBuilder][processStraightLine]直线: 19 -> 20, 长度: 700, 起点(20,266), 终点(720,266)
[2026-06-02 16:05:22] [INFO] [ui][SetLevelGraphBuilder][processVirtualLine]虚线: 20 -> 21, 类型: HORIZONTAL_VIRTUAL_LINE, 起点(720,266), 终点(726,266)
[2026-06-02 16:05:22] [INFO] [ui][SetLevelGraphBuilder][processStraightLine]直线: 21 -> 22, 长度: 1582 + 偏移: 10 = 1592, 起点(726,266), 终点(2318,266)
[2026-06-02 16:05:22] [INFO] [ui][SetLevelGraphBuilder][processSCurve]S曲线: 16 -> 20, 目标节点已有坐标，使用已有坐标
[2026-06-02 16:05:22] [INFO] [ui][SetLevelGraphBuilder][processSCurve]绘制曲线 16 -> 20, 类型: REVERSE_S_CURVE, 起点(580,126), 终点(720,266), 控制点1(650,126), 控制点2(650,266)
[2026-06-02 16:05:22] [INFO] [ui][SetLevelGraphBuilder][processSCurve]S曲线: 17 -> 21, 目标节点已有坐标，使用已有坐标
[2026-06-02 16:05:22] [INFO] [ui][SetLevelGraphBuilder][processSCurve]绘制曲线 17 -> 21, 类型: REVERSE_S_CURVE, 起点(586,126), 终点(726,266), 控制点1(656,126), 控制点2(656,266)
[2026-06-02 16:05:22] [INFO] [ui][SetLevelGraphBuilder][processVirtualLine]虚线: 19 -> 23, 类型: VERTICAL_VIRTUAL_LINE, 起点(20,266), 终点(20,272)
[2026-06-02 16:05:22] [INFO] [ui][SetLevelGraphBuilder][processStraightLine]直线: 23 -> 24, 长度: 1190, 起点(20,272), 终点(1210,272)
[2026-06-02 16:05:22] [INFO] [ui][SetLevelGraphBuilder][processVirtualLine]虚线: 24 -> 25, 类型: HORIZONTAL_VIRTUAL_LINE, 起点(1210,272), 终点(1216,272)
[2026-06-02 16:05:22] [INFO] [ui][SetLevelGraphBuilder][processStraightLine]直线: 25 -> 26, 长度: 140, 起点(1216,272), 终点(1356,272)
[2026-06-02 16:05:22] [INFO] [ui][SetLevelGraphBuilder][processVirtualLine]虚线: 26 -> 27, 类型: HORIZONTAL_VIRTUAL_LINE, 起点(1356,272), 终点(1362,272)
[2026-06-02 16:05:22] [INFO] [ui][SetLevelGraphBuilder][processStraightLine]直线: 27 -> 28, 长度: 980 + 偏移: -24 = 956, 起点(1362,272), 终点(2318,272)
[2026-06-02 16:05:22] [INFO] [ui][SetLevelGraphBuilder][processVirtualLine]虚线: 23 -> 29, 类型: VERTICAL_VIRTUAL_LINE, 起点(20,272), 终点(20,482)
[2026-06-02 16:05:22] [INFO] [ui][SetLevelGraphBuilder][processStraightLine]直线: 29 -> 30, 长度: 1190, 起点(20,482), 终点(1210,482)
[2026-06-02 16:05:22] [INFO] [ui][SetLevelGraphBuilder][processVirtualLine]虚线: 30 -> 31, 类型: HORIZONTAL_VIRTUAL_LINE, 起点(1210,482), 终点(1216,482)
[2026-06-02 16:05:22] [INFO] [ui][SetLevelGraphBuilder][processStraightLine]直线: 31 -> 32, 长度: 140, 起点(1216,482), 终点(1356,482)
[2026-06-02 16:05:22] [INFO] [ui][SetLevelGraphBuilder][processVirtualLine]虚线: 32 -> 33, 类型: HORIZONTAL_VIRTUAL_LINE, 起点(1356,482), 终点(1362,482)
[2026-06-02 16:05:22] [INFO] [ui][SetLevelGraphBuilder][processStraightLine]直线: 33 -> 34, 长度: 770 + 偏移: 190 = 960, 起点(1362,482), 终点(2322,482)
[2026-06-02 16:05:22] [INFO] [ui][SetLevelGraphBuilder][processSemicircleArc]绘制半圆弧 24 -> 30, 类型: RIGHT_SEMICIRCLE_ARC, 起点(1210,272), 终点(1210,482)
[2026-06-02 16:05:22] [INFO] [ui][SetLevelGraphBuilder][processSemicircleArc]半圆弧: 24 -> 30, 类型: RIGHT_SEMICIRCLE_ARC
[2026-06-02 16:05:22] [INFO] [ui][SetLevelGraphBuilder][processSemicircleArc]绘制半圆弧 25 -> 31, 类型: RIGHT_SEMICIRCLE_ARC, 起点(1216,272), 终点(1216,482)
[2026-06-02 16:05:22] [INFO] [ui][SetLevelGraphBuilder][processSemicircleArc]半圆弧: 25 -> 31, 类型: RIGHT_SEMICIRCLE_ARC
[2026-06-02 16:05:22] [INFO] [ui][SetLevelGraphBuilder][processSemicircleArc]绘制半圆弧 26 -> 32, 类型: LEFT_SEMICIRCLE_ARC, 起点(1356,272), 终点(1356,482)
[2026-06-02 16:05:22] [INFO] [ui][SetLevelGraphBuilder][processSemicircleArc]半圆弧: 26 -> 32, 类型: LEFT_SEMICIRCLE_ARC
[2026-06-02 16:05:22] [INFO] [ui][SetLevelGraphBuilder][processSemicircleArc]绘制半圆弧 27 -> 33, 类型: LEFT_SEMICIRCLE_ARC, 起点(1362,272), 终点(1362,482)
[2026-06-02 16:05:22] [INFO] [ui][SetLevelGraphBuilder][processSemicircleArc]半圆弧: 27 -> 33, 类型: LEFT_SEMICIRCLE_ARC
[2026-06-02 16:05:22] [INFO] [ui][SetLevelGraphBuilder][processVirtualLine]虚线: 29 -> 35, 类型: VERTICAL_VIRTUAL_LINE, 起点(20,482), 终点(20,488)
[2026-06-02 16:05:22] [INFO] [ui][SetLevelGraphBuilder][processStraightLine]直线: 35 -> 36, 长度: 70, 起点(20,488), 终点(90,488)
[2026-06-02 16:05:22] [INFO] [ui][SetLevelGraphBuilder][createFrameDevice]成功为节点ID=36设置Set信息: uiId=36, setId=12033~12036, 压力范围=0.00~0.00Mpa, 流量平均值=0.00L/Min, 湿度范围=0.00~0.00%
[2026-06-02 16:05:22] [INFO] [ui][SetLevelGraphBuilder][createFrameDevice]创建FrameDevice: ID=36, 轨道坐标=(90, 488), 实际坐标=(30, 496), 位置=BELOW
[2026-06-02 16:05:22] [INFO] [ui][SetLevelGraphBuilder][processNode]创建SET节点: ID=36
[2026-06-02 16:05:22] [INFO] [ui][SetLevelGraphBuilder][processStraightLine]直线: 36 -> 37, 长度: 140, 起点(90,488), 终点(230,488)
[2026-06-02 16:05:22] [INFO] [ui][SetLevelGraphBuilder][createFrameDevice]成功为节点ID=37设置Set信息: uiId=37, setId=12037~12040, 压力范围=0.00~0.00Mpa, 流量平均值=0.00L/Min, 湿度范围=0.00~0.00%
[2026-06-02 16:05:22] [INFO] [ui][SetLevelGraphBuilder][createFrameDevice]创建FrameDevice: ID=37, 轨道坐标=(230, 488), 实际坐标=(170, 496), 位置=BELOW
[2026-06-02 16:05:22] [INFO] [ui][SetLevelGraphBuilder][processNode]创建SET节点: ID=37
[2026-06-02 16:05:22] [INFO] [ui][SetLevelGraphBuilder][processStraightLine]直线: 37 -> 38, 长度: 140, 起点(230,488), 终点(370,488)
[2026-06-02 16:05:22] [INFO] [ui][SetLevelGraphBuilder][createFrameDevice]成功为节点ID=38设置Set信息: uiId=38, setId=12041~12044, 压力范围=0.00~0.00Mpa, 流量平均值=0.00L/Min, 湿度范围=0.00~0.00%
[2026-06-02 16:05:22] [INFO] [ui][SetLevelGraphBuilder][createFrameDevice]创建FrameDevice: ID=38, 轨道坐标=(370, 488), 实际坐标=(310, 496), 位置=BELOW
[2026-06-02 16:05:22] [INFO] [ui][SetLevelGraphBuilder][processNode]创建SET节点: ID=38
[2026-06-02 16:05:22] [INFO] [ui][SetLevelGraphBuilder][processStraightLine]直线: 38 -> 39, 长度: 140, 起点(370,488), 终点(510,488)
[2026-06-02 16:05:22] [INFO] [ui][SetLevelGraphBuilder][createFrameDevice]成功为节点ID=39设置Set信息: uiId=39, setId=12045~12048, 压力范围=0.00~0.00Mpa, 流量平均值=0.00L/Min, 湿度范围=0.00~0.00%
[2026-06-02 16:05:22] [INFO] [ui][SetLevelGraphBuilder][createFrameDevice]创建FrameDevice: ID=39, 轨道坐标=(510, 488), 实际坐标=(450, 496), 位置=BELOW
[2026-06-02 16:05:22] [INFO] [ui][SetLevelGraphBuilder][processNode]创建SET节点: ID=39
[2026-06-02 16:05:22] [INFO] [ui][SetLevelGraphBuilder][processStraightLine]直线: 39 -> 40, 长度: 140, 起点(510,488), 终点(650,488)
[2026-06-02 16:05:22] [INFO] [ui][SetLevelGraphBuilder][createFrameDevice]成功为节点ID=40设置Set信息: uiId=40, setId=12049~12052, 压力范围=0.00~0.00Mpa, 流量平均值=0.00L/Min, 湿度范围=0.00~0.00%
[2026-06-02 16:05:22] [INFO] [ui][SetLevelGraphBuilder][createFrameDevice]创建FrameDevice: ID=40, 轨道坐标=(650, 488), 实际坐标=(590, 496), 位置=BELOW
[2026-06-02 16:05:22] [INFO] [ui][SetLevelGraphBuilder][processNode]创建SET节点: ID=40
[2026-06-02 16:05:22] [INFO] [ui][SetLevelGraphBuilder][processStraightLine]直线: 40 -> 41, 长度: 140, 起点(650,488), 终点(790,488)
[2026-06-02 16:05:22] [INFO] [ui][SetLevelGraphBuilder][createFrameDevice]成功为节点ID=41设置Set信息: uiId=41, setId=12053~12056, 压力范围=0.00~0.00Mpa, 流量平均值=0.00L/Min, 湿度范围=0.00~0.00%
[2026-06-02 16:05:22] [INFO] [ui][SetLevelGraphBuilder][createFrameDevice]创建FrameDevice: ID=41, 轨道坐标=(790, 488), 实际坐标=(730, 496), 位置=BELOW
[2026-06-02 16:05:22] [INFO] [ui][SetLevelGraphBuilder][processNode]创建SET节点: ID=41
[2026-06-02 16:05:22] [INFO] [ui][SetLevelGraphBuilder][processStraightLine]直线: 41 -> 42, 长度: 140, 起点(790,488), 终点(930,488)
[2026-06-02 16:05:22] [INFO] [ui][SetLevelGraphBuilder][createFrameDevice]成功为节点ID=42设置Set信息: uiId=42, setId=12057~12060, 压力范围=0.00~0.00Mpa, 流量平均值=0.00L/Min, 湿度范围=0.00~0.00%
[2026-06-02 16:05:22] [INFO] [ui][SetLevelGraphBuilder][createFrameDevice]创建FrameDevice: ID=42, 轨道坐标=(930, 488), 实际坐标=(870, 496), 位置=BELOW
[2026-06-02 16:05:22] [INFO] [ui][SetLevelGraphBuilder][processNode]创建SET节点: ID=42
[2026-06-02 16:05:22] [INFO] [ui][SetLevelGraphBuilder][processStraightLine]直线: 42 -> 43, 长度: 140, 起点(930,488), 终点(1070,488)
[2026-06-02 16:05:22] [INFO] [ui][SetLevelGraphBuilder][createFrameDevice]成功为节点ID=43设置Set信息: uiId=43, setId=12061~12064, 压力范围=0.00~0.00Mpa, 流量平均值=0.00L/Min, 湿度范围=0.00~0.00%
[2026-06-02 16:05:22] [INFO] [ui][SetLevelGraphBuilder][createFrameDevice]创建FrameDevice: ID=43, 轨道坐标=(1070, 488), 实际坐标=(1010, 496), 位置=BELOW
[2026-06-02 16:05:22] [INFO] [ui][SetLevelGraphBuilder][processNode]创建SET节点: ID=43
[2026-06-02 16:05:22] [INFO] [ui][SetLevelGraphBuilder][processStraightLine]直线: 43 -> 2, 长度: 322 + 偏移: 22 = 344, 起点(1070,488), 终点(1414,488)
[2026-06-02 16:05:22] [INFO] [ui][SetLevelGraphBuilder][createFrameDevice]成功为节点ID=2设置Set信息: uiId=2, setId=12065~12068, 压力范围=0.00~0.00Mpa, 流量平均值=0.00L/Min, 湿度范围=0.00~0.00%
[2026-06-02 16:05:22] [INFO] [ui][SetLevelGraphBuilder][createFrameDevice]创建FrameDevice: ID=2, 轨道坐标=(1414, 488), 实际坐标=(1354, 496), 位置=BELOW
[2026-06-02 16:05:22] [INFO] [ui][SetLevelGraphBuilder][processNode]创建SET节点: ID=2
[2026-06-02 16:05:22] [INFO] [ui][SetLevelGraphBuilder][processStraightLine]直线: 2 -> 3, 长度: 140, 起点(1414,488), 终点(1554,488)
[2026-06-02 16:05:22] [INFO] [ui][SetLevelGraphBuilder][createFrameDevice]成功为节点ID=3设置Set信息: uiId=3, setId=12069~12072, 压力范围=0.00~0.00Mpa, 流量平均值=0.00L/Min, 湿度范围=0.00~0.00%
[2026-06-02 16:05:22] [INFO] [ui][SetLevelGraphBuilder][createFrameDevice]创建FrameDevice: ID=3, 轨道坐标=(1554, 488), 实际坐标=(1494, 496), 位置=BELOW
[2026-06-02 16:05:22] [INFO] [ui][SetLevelGraphBuilder][processNode]创建SET节点: ID=3
[2026-06-02 16:05:22] [INFO] [ui][SetLevelGraphBuilder][processStraightLine]直线: 3 -> 4, 长度: 140, 起点(1554,488), 终点(1694,488)
[2026-06-02 16:05:22] [INFO] [ui][SetLevelGraphBuilder][createFrameDevice]成功为节点ID=4设置Set信息: uiId=4, setId=12073~12076, 压力范围=0.00~0.00Mpa, 流量平均值=0.00L/Min, 湿度范围=0.00~0.00%
[2026-06-02 16:05:22] [INFO] [ui][SetLevelGraphBuilder][createFrameDevice]创建FrameDevice: ID=4, 轨道坐标=(1694, 488), 实际坐标=(1634, 496), 位置=BELOW
[2026-06-02 16:05:22] [INFO] [ui][SetLevelGraphBuilder][processNode]创建SET节点: ID=4
[2026-06-02 16:05:22] [INFO] [ui][SetLevelGraphBuilder][processStraightLine]直线: 4 -> 5, 长度: 140, 起点(1694,488), 终点(1834,488)
[2026-06-02 16:05:22] [INFO] [ui][SetLevelGraphBuilder][createFrameDevice]成功为节点ID=5设置Set信息: uiId=5, setId=12077~12080, 压力范围=0.00~0.00Mpa, 流量平均值=0.00L/Min, 湿度范围=0.00~0.00%
[2026-06-02 16:05:22] [INFO] [ui][SetLevelGraphBuilder][createFrameDevice]创建FrameDevice: ID=5, 轨道坐标=(1834, 488), 实际坐标=(1774, 496), 位置=BELOW
[2026-06-02 16:05:22] [INFO] [ui][SetLevelGraphBuilder][processNode]创建SET节点: ID=5
[2026-06-02 16:05:22] [INFO] [ui][SetLevelGraphBuilder][processStraightLine]直线: 5 -> 44, 长度: 350 + 偏移: 140 = 490, 起点(1834,488), 终点(2324,488)
[2026-06-02 16:05:22] [INFO] [ui][SetLevelGraphBuilder][layoutAndDraw]布局和绘制完成
[2026-06-02 16:05:22] [INFO] [ui][SetLevelGraphBuilder][buildGraph] 阶段(2): 绘制图像界面完成
[2026-06-02 16:05:22] [INFO] [ui][SetLevelGraphBuilder][buildGraph] 阶段(3): 布局图重构完毕
[2026-06-02 16:05:22] [INFO] [ui][SetLevelGraphBuilder][buildGraph] 图构建完成
[2026-06-02 16:05:22] [INFO] ====================Set视图天车轨道布局图重构  结束====================
[2026-06-02 16:44:53] [INFO] [ui][SetLevelGraphBuilder][setStartNodePosition] 设置起始节点坐标: (20, 120)
[2026-06-02 16:44:53] [INFO] [ui][FoupLevelGraphBuilder][setStartNodePosition]设置起始节点坐标: (20, 120)
[2026-06-02 16:44:53] [INFO] ====================天车轨道布局图配置文件解析 开始====================
[2026-06-02 16:44:53] [INFO] [ui][GraphConfig][parse]解析阶段(1): 解析GraphConfig标签开始
[2026-06-02 16:44:53] [INFO] [ui][GraphConfig][parseGraphSettings]图类型: 无向图
[2026-06-02 16:44:53] [INFO] [ui][GraphConfig][parseGraphSettings]设备控件尺寸: 120, 间距: 20
[2026-06-02 16:44:53] [INFO] [ui][GraphConfig][parse]解析阶段(1): 解析GraphConfig标签完成
[2026-06-02 16:44:53] [INFO] [ui][GraphConfig][parseEdges]解析阶段(2): 解析Edges标签
[2026-06-02 16:44:53] [INFO] [ui][GraphConfig][parseEdges]找到49条边数据
[2026-06-02 16:44:53] [INFO] [ui][GraphConfig][processNode]SET节点文档顺序#0: 设置 setOfOHBInfoList[0].uiId = 6
[2026-06-02 16:44:53] [INFO] [ui][GraphConfig][parseEdges]解析阶段(3):收集TRACK节点: ID=1
[2026-06-02 16:44:53] [INFO] [ui][GraphConfig][parseEdges]解析阶段(3):收集SET节点: ID=6, QRCode=11005, Count=4, Position=ABOVE
[2026-06-02 16:44:53] [INFO] [ui][GraphConfig][parseEdges]解析阶段(4):成功解析边: 1 -> 6，类型: STRAIGHT_LINE，大小: 840
[2026-06-02 16:44:53] [INFO] [ui][GraphConfig][processNode]SET节点文档顺序#1: 设置 setOfOHBInfoList[1].uiId = 7
[2026-06-02 16:44:53] [INFO] [ui][GraphConfig][parseEdges]解析阶段(3):收集SET节点: ID=7, QRCode=11006, Count=4, Position=ABOVE
[2026-06-02 16:44:53] [INFO] [ui][GraphConfig][parseEdges]解析阶段(4):成功解析边: 6 -> 7，类型: STRAIGHT_LINE，大小: 140
[2026-06-02 16:44:53] [INFO] [ui][GraphConfig][processNode]SET节点文档顺序#2: 设置 setOfOHBInfoList[2].uiId = 8
[2026-06-02 16:44:53] [INFO] [ui][GraphConfig][parseEdges]解析阶段(3):收集SET节点: ID=8, QRCode=11007, Count=4, Position=ABOVE
[2026-06-02 16:44:53] [INFO] [ui][GraphConfig][parseEdges]解析阶段(4):成功解析边: 7 -> 8，类型: STRAIGHT_LINE，大小: 420
[2026-06-02 16:44:53] [INFO] [ui][GraphConfig][processNode]SET节点文档顺序#3: 设置 setOfOHBInfoList[3].uiId = 9
[2026-06-02 16:44:53] [INFO] [ui][GraphConfig][parseEdges]解析阶段(3):收集SET节点: ID=9, QRCode=11008, Count=4, Position=ABOVE
[2026-06-02 16:44:53] [INFO] [ui][GraphConfig][parseEdges]解析阶段(4):成功解析边: 8 -> 9，类型: STRAIGHT_LINE，大小: 140
[2026-06-02 16:44:53] [INFO] [ui][GraphConfig][processNode]SET节点文档顺序#4: 设置 setOfOHBInfoList[4].uiId = 10
[2026-06-02 16:44:53] [INFO] [ui][GraphConfig][parseEdges]解析阶段(3):收集SET节点: ID=10, QRCode=11009, Count=4, Position=ABOVE
[2026-06-02 16:44:53] [INFO] [ui][GraphConfig][parseEdges]解析阶段(4):成功解析边: 9 -> 10，类型: STRAIGHT_LINE，大小: 140
[2026-06-02 16:44:53] [INFO] [ui][GraphConfig][processNode]SET节点文档顺序#5: 设置 setOfOHBInfoList[5].uiId = 11
[2026-06-02 16:44:53] [INFO] [ui][GraphConfig][parseEdges]解析阶段(3):收集SET节点: ID=11, QRCode=11010, Count=4, Position=ABOVE
[2026-06-02 16:44:53] [INFO] [ui][GraphConfig][parseEdges]解析阶段(4):成功解析边: 10 -> 11，类型: STRAIGHT_LINE，大小: 140
[2026-06-02 16:44:53] [INFO] [ui][GraphConfig][processNode]SET节点文档顺序#6: 设置 setOfOHBInfoList[6].uiId = 12
[2026-06-02 16:44:53] [INFO] [ui][GraphConfig][parseEdges]解析阶段(3):收集SET节点: ID=12, QRCode=11011, Count=4, Position=ABOVE
[2026-06-02 16:44:53] [INFO] [ui][GraphConfig][parseEdges]解析阶段(4):成功解析边: 11 -> 12，类型: STRAIGHT_LINE，大小: 140
[2026-06-02 16:44:53] [INFO] [ui][GraphConfig][processNode]SET节点文档顺序#7: 设置 setOfOHBInfoList[7].uiId = 13
[2026-06-02 16:44:53] [INFO] [ui][GraphConfig][parseEdges]解析阶段(3):收集SET节点: ID=13, QRCode=11012, Count=4, Position=ABOVE
[2026-06-02 16:44:53] [INFO] [ui][GraphConfig][parseEdges]解析阶段(4):成功解析边: 12 -> 13，类型: STRAIGHT_LINE，大小: 140
[2026-06-02 16:44:53] [INFO] [ui][GraphConfig][parseEdges]解析阶段(3):收集TRACK节点: ID=14
[2026-06-02 16:44:53] [INFO] [ui][GraphConfig][parseEdges]解析阶段(4):成功解析边: 13 -> 14，类型: STRAIGHT_LINE，大小: 70，FoupLevel偏移: 416，SetLevel偏移: 118
[2026-06-02 16:44:53] [INFO] [ui][GraphConfig][parseEdges]解析阶段(3):收集TRACK节点: ID=15
[2026-06-02 16:44:53] [INFO] [ui][GraphConfig][parseEdges]解析阶段(4):成功解析边: 1 -> 15，类型: VERTICAL_VIRTUAL_LINE，大小: 6
[2026-06-02 16:44:53] [INFO] [ui][GraphConfig][parseEdges]解析阶段(3):收集TRACK节点: ID=16
[2026-06-02 16:44:53] [INFO] [ui][GraphConfig][parseEdges]解析阶段(4):成功解析边: 15 -> 16，类型: STRAIGHT_LINE，大小: 560
[2026-06-02 16:44:53] [INFO] [ui][GraphConfig][parseEdges]解析阶段(3):收集TRACK节点: ID=17
[2026-06-02 16:44:53] [INFO] [ui][GraphConfig][parseEdges]解析阶段(4):成功解析边: 16 -> 17，类型: HORIZONTAL_VIRTUAL_LINE，大小: 6
[2026-06-02 16:44:53] [INFO] [ui][GraphConfig][parseEdges]解析阶段(3):收集TRACK节点: ID=18
[2026-06-02 16:44:53] [INFO] [ui][GraphConfig][parseEdges]解析阶段(4):成功解析边: 17 -> 18，类型: STRAIGHT_LINE，大小: 1722，FoupLevel偏移: 194，SetLevel偏移: 0
[2026-06-02 16:44:53] [INFO] [ui][GraphConfig][parseEdges]解析阶段(3):收集TRACK节点: ID=19
[2026-06-02 16:44:53] [INFO] [ui][GraphConfig][parseEdges]解析阶段(4):成功解析边: 15 -> 19，类型: VERTICAL_VIRTUAL_LINE，大小: 140
[2026-06-02 16:44:53] [INFO] [ui][GraphConfig][parseEdges]解析阶段(3):收集TRACK节点: ID=20
[2026-06-02 16:44:53] [INFO] [ui][GraphConfig][parseEdges]解析阶段(4):成功解析边: 19 -> 20，类型: STRAIGHT_LINE，大小: 700
[2026-06-02 16:44:53] [INFO] [ui][GraphConfig][parseEdges]解析阶段(3):收集TRACK节点: ID=21
[2026-06-02 16:44:53] [INFO] [ui][GraphConfig][parseEdges]解析阶段(4):成功解析边: 20 -> 21，类型: HORIZONTAL_VIRTUAL_LINE，大小: 6
[2026-06-02 16:44:53] [INFO] [ui][GraphConfig][parseEdges]解析阶段(3):收集TRACK节点: ID=22
[2026-06-02 16:44:53] [INFO] [ui][GraphConfig][parseEdges]解析阶段(4):成功解析边: 21 -> 22，类型: STRAIGHT_LINE，大小: 1582，FoupLevel偏移: 190，SetLevel偏移: 10
[2026-06-02 16:44:53] [INFO] [ui][GraphConfig][parseEdges]解析阶段(4):成功解析边: 16 -> 20，类型: REVERSE_S_CURVE，大小: 140
[2026-06-02 16:44:53] [INFO] [ui][GraphConfig][parseEdges]解析阶段(4):成功解析边: 17 -> 21，类型: REVERSE_S_CURVE，大小: 140
[2026-06-02 16:44:53] [INFO] [ui][GraphConfig][parseEdges]解析阶段(3):收集TRACK节点: ID=23
[2026-06-02 16:44:53] [INFO] [ui][GraphConfig][parseEdges]解析阶段(4):成功解析边: 19 -> 23，类型: VERTICAL_VIRTUAL_LINE，大小: 6
[2026-06-02 16:44:53] [INFO] [ui][GraphConfig][parseEdges]解析阶段(3):收集TRACK节点: ID=24
[2026-06-02 16:44:53] [INFO] [ui][GraphConfig][parseEdges]解析阶段(4):成功解析边: 23 -> 24，类型: STRAIGHT_LINE，大小: 1190
[2026-06-02 16:44:53] [INFO] [ui][GraphConfig][parseEdges]解析阶段(3):收集TRACK节点: ID=25
[2026-06-02 16:44:53] [INFO] [ui][GraphConfig][parseEdges]解析阶段(4):成功解析边: 24 -> 25，类型: HORIZONTAL_VIRTUAL_LINE，大小: 6
[2026-06-02 16:44:53] [INFO] [ui][GraphConfig][parseEdges]解析阶段(3):收集TRACK节点: ID=26
[2026-06-02 16:44:53] [INFO] [ui][GraphConfig][parseEdges]解析阶段(4):成功解析边: 25 -> 26，类型: STRAIGHT_LINE，大小: 140
[2026-06-02 16:44:53] [INFO] [ui][GraphConfig][parseEdges]解析阶段(3):收集TRACK节点: ID=27
[2026-06-02 16:44:53] [INFO] [ui][GraphConfig][parseEdges]解析阶段(4):成功解析边: 26 -> 27，类型: HORIZONTAL_VIRTUAL_LINE，大小: 6
[2026-06-02 16:44:53] [INFO] [ui][GraphConfig][parseEdges]解析阶段(3):收集TRACK节点: ID=28
[2026-06-02 16:44:53] [INFO] [ui][GraphConfig][parseEdges]解析阶段(4):成功解析边: 27 -> 28，类型: STRAIGHT_LINE，大小: 980，FoupLevel偏移: 86，SetLevel偏移: -24
[2026-06-02 16:44:53] [INFO] [ui][GraphConfig][parseEdges]解析阶段(3):收集TRACK节点: ID=29
[2026-06-02 16:44:53] [INFO] [ui][GraphConfig][parseEdges]解析阶段(4):成功解析边: 23 -> 29，类型: VERTICAL_VIRTUAL_LINE，大小: 210
[2026-06-02 16:44:53] [INFO] [ui][GraphConfig][parseEdges]解析阶段(3):收集TRACK节点: ID=30
[2026-06-02 16:44:53] [INFO] [ui][GraphConfig][parseEdges]解析阶段(4):成功解析边: 29 -> 30，类型: STRAIGHT_LINE，大小: 1190
[2026-06-02 16:44:53] [INFO] [ui][GraphConfig][parseEdges]解析阶段(3):收集TRACK节点: ID=31
[2026-06-02 16:44:53] [INFO] [ui][GraphConfig][parseEdges]解析阶段(4):成功解析边: 30 -> 31，类型: HORIZONTAL_VIRTUAL_LINE，大小: 6
[2026-06-02 16:44:53] [INFO] [ui][GraphConfig][parseEdges]解析阶段(3):收集TRACK节点: ID=32
[2026-06-02 16:44:53] [INFO] [ui][GraphConfig][parseEdges]解析阶段(4):成功解析边: 31 -> 32，类型: STRAIGHT_LINE，大小: 140
[2026-06-02 16:44:53] [INFO] [ui][GraphConfig][parseEdges]解析阶段(3):收集TRACK节点: ID=33
[2026-06-02 16:44:53] [INFO] [ui][GraphConfig][parseEdges]解析阶段(4):成功解析边: 32 -> 33，类型: HORIZONTAL_VIRTUAL_LINE，大小: 6
[2026-06-02 16:44:53] [INFO] [ui][GraphConfig][parseEdges]解析阶段(3):收集TRACK节点: ID=34
[2026-06-02 16:44:53] [INFO] [ui][GraphConfig][parseEdges]解析阶段(4):成功解析边: 33 -> 34，类型: STRAIGHT_LINE，大小: 770，FoupLevel偏移: 828，SetLevel偏移: 190
[2026-06-02 16:44:53] [INFO] [ui][GraphConfig][parseEdges]解析阶段(4):成功解析边: 24 -> 30，类型: RIGHT_SEMICIRCLE_ARC，大小: 210
[2026-06-02 16:44:53] [INFO] [ui][GraphConfig][parseEdges]解析阶段(4):成功解析边: 25 -> 31，类型: RIGHT_SEMICIRCLE_ARC，大小: 210
[2026-06-02 16:44:53] [INFO] [ui][GraphConfig][parseEdges]解析阶段(4):成功解析边: 26 -> 32，类型: LEFT_SEMICIRCLE_ARC，大小: 210
[2026-06-02 16:44:53] [INFO] [ui][GraphConfig][parseEdges]解析阶段(4):成功解析边: 27 -> 33，类型: LEFT_SEMICIRCLE_ARC，大小: 210
[2026-06-02 16:44:53] [INFO] [ui][GraphConfig][parseEdges]解析阶段(3):收集TRACK节点: ID=35
[2026-06-02 16:44:53] [INFO] [ui][GraphConfig][parseEdges]解析阶段(4):成功解析边: 29 -> 35，类型: VERTICAL_VIRTUAL_LINE，大小: 6
[2026-06-02 16:44:53] [INFO] [ui][GraphConfig][processNode]SET节点文档顺序#8: 设置 setOfOHBInfoList[8].uiId = 36
[2026-06-02 16:44:53] [INFO] [ui][GraphConfig][parseEdges]解析阶段(3):收集SET节点: ID=36, QRCode=11036, Count=4, Position=BELOW
[2026-06-02 16:44:53] [INFO] [ui][GraphConfig][processNode]SET节点文档顺序#9: 设置 setOfOHBInfoList[9].uiId = 37
[2026-06-02 16:44:53] [INFO] [ui][GraphConfig][parseEdges]解析阶段(3):收集SET节点: ID=37, QRCode=11037, Count=4, Position=BELOW
[2026-06-02 16:44:53] [INFO] [ui][GraphConfig][parseEdges]解析阶段(4):成功解析边: 35 -> 36，类型: STRAIGHT_LINE，大小: 70
[2026-06-02 16:44:53] [INFO] [ui][GraphConfig][parseEdges]解析阶段(4):成功解析边: 36 -> 37，类型: STRAIGHT_LINE，大小: 140
[2026-06-02 16:44:53] [INFO] [ui][GraphConfig][parseEdges]解析阶段(3):收集SET节点: ID=38, QRCode=11038, Count=4, Position=BELOW
[2026-06-02 16:44:53] [INFO] [ui][GraphConfig][parseEdges]解析阶段(4):成功解析边: 37 -> 38，类型: STRAIGHT_LINE，大小: 140
[2026-06-02 16:44:53] [INFO] [ui][GraphConfig][processNode]SET节点文档顺序#11: 设置 setOfOHBInfoList[11].uiId = 39
[2026-06-02 16:44:53] [INFO] [ui][GraphConfig][parseEdges]解析阶段(3):收集SET节点: ID=39, QRCode=11039, Count=4, Position=BELOW
[2026-06-02 16:44:53] [INFO] [ui][GraphConfig][parseEdges]解析阶段(4):成功解析边: 38 -> 39，类型: STRAIGHT_LINE，大小: 140
[2026-06-02 16:44:53] [INFO] [ui][GraphConfig][processNode]SET节点文档顺序#12: 设置 setOfOHBInfoList[12].uiId = 40
[2026-06-02 16:44:53] [INFO] [ui][GraphConfig][parseEdges]解析阶段(3):收集SET节点: ID=40, QRCode=11040, Count=4, Position=BELOW
[2026-06-02 16:44:53] [INFO] [ui][GraphConfig][parseEdges]解析阶段(4):成功解析边: 39 -> 40，类型: STRAIGHT_LINE，大小: 140
[2026-06-02 16:44:53] [INFO] [ui][GraphConfig][processNode]SET节点文档顺序#13: 设置 setOfOHBInfoList[13].uiId = 41
[2026-06-02 16:44:53] [INFO] [ui][GraphConfig][processNode]SET节点文档顺序#10: 设置 setOfOHBInfoList[10].uiId = 38
[2026-06-02 16:44:53] [INFO] [ui][GraphConfig][parseEdges]解析阶段(3):收集SET节点: ID=41, QRCode=11041, Count=4, Position=BELOW
[2026-06-02 16:44:53] [INFO] [ui][GraphConfig][parseEdges]解析阶段(4):成功解析边: 40 -> 41，类型: STRAIGHT_LINE，大小: 140
[2026-06-02 16:44:53] [INFO] [ui][GraphConfig][processNode]SET节点文档顺序#14: 设置 setOfOHBInfoList[14].uiId = 42
[2026-06-02 16:44:53] [INFO] [ui][GraphConfig][parseEdges]解析阶段(3):收集SET节点: ID=42, QRCode=11042, Count=4, Position=BELOW
[2026-06-02 16:44:53] [INFO] [ui][GraphConfig][parseEdges]解析阶段(4):成功解析边: 41 -> 42，类型: STRAIGHT_LINE，大小: 140
[2026-06-02 16:44:53] [INFO] [ui][GraphConfig][processNode]SET节点文档顺序#15: 设置 setOfOHBInfoList[15].uiId = 43
[2026-06-02 16:44:53] [INFO] [ui][GraphConfig][parseEdges]解析阶段(3):收集SET节点: ID=43, QRCode=11043, Count=4, Position=BELOW
[2026-06-02 16:44:53] [INFO] [ui][GraphConfig][parseEdges]解析阶段(4):成功解析边: 42 -> 43，类型: STRAIGHT_LINE，大小: 140
[2026-06-02 16:44:53] [INFO] [ui][GraphConfig][processNode]SET节点文档顺序#16: 设置 setOfOHBInfoList[16].uiId = 2
[2026-06-02 16:44:53] [INFO] [ui][GraphConfig][parseEdges]解析阶段(3):收集SET节点: ID=2, QRCode=11001, Count=4, Position=BELOW
[2026-06-02 16:44:53] [INFO] [ui][GraphConfig][parseEdges]解析阶段(4):成功解析边: 43 -> 2，类型: STRAIGHT_LINE，大小: 322，FoupLevel偏移: 0，SetLevel偏移: 22
[2026-06-02 16:44:53] [INFO] [ui][GraphConfig][processNode]SET节点文档顺序#17: 设置 setOfOHBInfoList[17].uiId = 3
[2026-06-02 16:44:53] [INFO] [ui][GraphConfig][parseEdges]解析阶段(3):收集SET节点: ID=3, QRCode=11002, Count=4, Position=BELOW
[2026-06-02 16:44:53] [INFO] [ui][GraphConfig][parseEdges]解析阶段(4):成功解析边: 2 -> 3，类型: STRAIGHT_LINE，大小: 140
[2026-06-02 16:44:53] [INFO] [ui][GraphConfig][processNode]SET节点文档顺序#18: 设置 setOfOHBInfoList[18].uiId = 4
[2026-06-02 16:44:53] [INFO] [ui][GraphConfig][parseEdges]解析阶段(3):收集SET节点: ID=4, QRCode=11003, Count=4, Position=BELOW
[2026-06-02 16:44:53] [INFO] [ui][GraphConfig][parseEdges]解析阶段(4):成功解析边: 3 -> 4，类型: STRAIGHT_LINE，大小: 140
[2026-06-02 16:44:53] [INFO] [ui][GraphConfig][parseEdges]解析阶段(3):收集SET节点: ID=5, QRCode=11004, Count=4, Position=BELOW
[2026-06-02 16:44:53] [INFO] [ui][GraphConfig][parseEdges]解析阶段(4):成功解析边: 4 -> 5，类型: STRAIGHT_LINE，大小: 140
[2026-06-02 16:44:53] [INFO] [ui][GraphConfig][parseEdges]解析阶段(3):收集TRACK节点: ID=44
[2026-06-02 16:44:53] [INFO] [ui][GraphConfig][parseEdges]解析阶段(4):成功解析边: 5 -> 44，类型: STRAIGHT_LINE，大小: 350，FoupLevel偏移: 450，SetLevel偏移: 140
[2026-06-02 16:44:53] [INFO] [ui][GraphConfig][processNode]SET节点文档顺序#19: 设置 setOfOHBInfoList[19].uiId = 5
[2026-06-02 16:44:53] [INFO] [ui][GraphConfig][parse]解析阶段(5): 配置文件解析完毕
[2026-06-02 16:44:53] [INFO] [ui][GraphConfig][parse]配置文件解析完成，节点数: 44，边数: 49
[2026-06-02 16:44:53] [INFO] ====================天车轨道布局图配置文件解析 结束====================
[2026-06-02 16:44:54] [INFO] ====================Set视图天车轨道布局图重构  开始====================
[2026-06-02 16:44:54] [INFO] [ui][SetLevelGraphBuilder][buildGraph] 开始构建图，节点数: 44，边数: 49
[2026-06-02 16:44:54] [DEBUG] [ui][Graph][addVertex] 添加顶点 1
[2026-06-02 16:44:54] [DEBUG] [ui][Graph][addVertex] 添加顶点 2
[2026-06-02 16:44:54] [DEBUG] [ui][Graph][addVertex] 添加顶点 6
[2026-06-02 16:44:54] [DEBUG] [ui][Graph][addVertex] 添加顶点 7
[2026-06-02 16:44:54] [DEBUG] [ui][Graph][addVertex] 添加顶点 3
[2026-06-02 16:44:54] [DEBUG] [ui][Graph][addVertex] 添加顶点 8
[2026-06-02 16:44:54] [DEBUG] [ui][Graph][addVertex] 添加顶点 9
[2026-06-02 16:44:54] [DEBUG] [ui][Graph][addVertex] 添加顶点 10
[2026-06-02 16:44:54] [DEBUG] [ui][Graph][addVertex] 添加顶点 11
[2026-06-02 16:44:54] [DEBUG] [ui][Graph][addVertex] 添加顶点 12
[2026-06-02 16:44:54] [DEBUG] [ui][Graph][addVertex] 添加顶点 4
[2026-06-02 16:44:54] [DEBUG] [ui][Graph][addVertex] 添加顶点 13
[2026-06-02 16:44:54] [DEBUG] [ui][Graph][addVertex] 添加顶点 14
[2026-06-02 16:44:54] [DEBUG] [ui][Graph][addVertex] 添加顶点 15
[2026-06-02 16:44:54] [DEBUG] [ui][Graph][addVertex] 添加顶点 16
[2026-06-02 16:44:54] [DEBUG] [ui][Graph][addVertex] 添加顶点 17
[2026-06-02 16:44:54] [DEBUG] [ui][Graph][addVertex] 添加顶点 18
[2026-06-02 16:44:54] [DEBUG] [ui][Graph][addVertex] 添加顶点 19
[2026-06-02 16:44:54] [DEBUG] [ui][Graph][addVertex] 添加顶点 20
[2026-06-02 16:44:54] [DEBUG] [ui][Graph][addVertex] 添加顶点 5
[2026-06-02 16:44:54] [DEBUG] [ui][Graph][addVertex] 添加顶点 21
[2026-06-02 16:44:54] [DEBUG] [ui][Graph][addVertex] 添加顶点 22
[2026-06-02 16:44:54] [DEBUG] [ui][Graph][addVertex] 添加顶点 23
[2026-06-02 16:44:54] [DEBUG] [ui][Graph][addVertex] 添加顶点 24
[2026-06-02 16:44:54] [DEBUG] [ui][Graph][addVertex] 添加顶点 25
[2026-06-02 16:44:54] [DEBUG] [ui][Graph][addVertex] 添加顶点 26
[2026-06-02 16:44:54] [DEBUG] [ui][Graph][addVertex] 添加顶点 27
[2026-06-02 16:44:54] [DEBUG] [ui][Graph][addVertex] 添加顶点 28
[2026-06-02 16:44:54] [DEBUG] [ui][Graph][addVertex] 添加顶点 29
[2026-06-02 16:44:54] [DEBUG] [ui][Graph][addVertex] 添加顶点 30
[2026-06-02 16:44:54] [DEBUG] [ui][Graph][addVertex] 添加顶点 31
[2026-06-02 16:44:54] [DEBUG] [ui][Graph][addVertex] 添加顶点 32
[2026-06-02 16:44:54] [DEBUG] [ui][Graph][addVertex] 添加顶点 33
[2026-06-02 16:44:54] [DEBUG] [ui][Graph][addVertex] 添加顶点 34
[2026-06-02 16:44:54] [DEBUG] [ui][Graph][addVertex] 添加顶点 35
[2026-06-02 16:44:54] [DEBUG] [ui][Graph][addVertex] 添加顶点 36
[2026-06-02 16:44:54] [DEBUG] [ui][Graph][addVertex] 添加顶点 37
[2026-06-02 16:44:54] [DEBUG] [ui][Graph][addVertex] 添加顶点 38
[2026-06-02 16:44:54] [DEBUG] [ui][Graph][addVertex] 添加顶点 39
[2026-06-02 16:44:54] [DEBUG] [ui][Graph][addVertex] 添加顶点 40
[2026-06-02 16:44:54] [DEBUG] [ui][Graph][addVertex] 添加顶点 41
[2026-06-02 16:44:54] [DEBUG] [ui][Graph][addVertex] 添加顶点 42
[2026-06-02 16:44:54] [DEBUG] [ui][Graph][addVertex] 添加顶点 43
[2026-06-02 16:44:54] [DEBUG] [ui][Graph][addVertex] 添加顶点 44
[2026-06-02 16:44:54] [DEBUG] [ui][Graph][addVertex] 顶点 1 已存在，跳过
[2026-06-02 16:44:54] [DEBUG] [ui][Graph][addVertex] 顶点 6 已存在，跳过
[2026-06-02 16:44:54] [DEBUG] [ui][Graph][addEdge] 添加边 (1,6)
[2026-06-02 16:44:54] [DEBUG] [ui][Graph][addVertex] 顶点 6 已存在，跳过
[2026-06-02 16:44:54] [DEBUG] [ui][Graph][addVertex] 顶点 7 已存在，跳过
[2026-06-02 16:44:54] [DEBUG] [ui][Graph][addEdge] 添加边 (6,7)
[2026-06-02 16:44:54] [DEBUG] [ui][Graph][addVertex] 顶点 7 已存在，跳过
[2026-06-02 16:44:54] [DEBUG] [ui][Graph][addVertex] 顶点 8 已存在，跳过
[2026-06-02 16:44:54] [DEBUG] [ui][Graph][addEdge] 添加边 (7,8)
[2026-06-02 16:44:54] [DEBUG] [ui][Graph][addVertex] 顶点 8 已存在，跳过
[2026-06-02 16:44:54] [DEBUG] [ui][Graph][addVertex] 顶点 9 已存在，跳过
[2026-06-02 16:44:54] [DEBUG] [ui][Graph][addEdge] 添加边 (8,9)
[2026-06-02 16:44:54] [DEBUG] [ui][Graph][addVertex] 顶点 9 已存在，跳过
[2026-06-02 16:44:54] [DEBUG] [ui][Graph][addVertex] 顶点 10 已存在，跳过
[2026-06-02 16:44:54] [DEBUG] [ui][Graph][addEdge] 添加边 (9,10)
[2026-06-02 16:44:54] [DEBUG] [ui][Graph][addVertex] 顶点 11 已存在，跳过
[2026-06-02 16:44:54] [DEBUG] [ui][Graph][addVertex] 顶点 12 已存在，跳过
[2026-06-02 16:44:54] [DEBUG] [ui][Graph][addEdge] 添加边 (11,12)
[2026-06-02 16:44:54] [DEBUG] [ui][Graph][addVertex] 顶点 10 已存在，跳过
[2026-06-02 16:44:54] [DEBUG] [ui][Graph][addVertex] 顶点 12 已存在，跳过
[2026-06-02 16:44:54] [DEBUG] [ui][Graph][addVertex] 顶点 13 已存在，跳过
[2026-06-02 16:44:54] [DEBUG] [ui][Graph][addEdge] 添加边 (12,13)
[2026-06-02 16:44:54] [DEBUG] [ui][Graph][addVertex] 顶点 13 已存在，跳过
[2026-06-02 16:44:54] [DEBUG] [ui][Graph][addVertex] 顶点 14 已存在，跳过
[2026-06-02 16:44:54] [DEBUG] [ui][Graph][addEdge] 添加边 (13,14)
[2026-06-02 16:44:54] [DEBUG] [ui][Graph][addVertex] 顶点 11 已存在，跳过
[2026-06-02 16:44:54] [DEBUG] [ui][Graph][addVertex] 顶点 1 已存在，跳过
[2026-06-02 16:44:54] [DEBUG] [ui][Graph][addEdge] 添加边 (10,11)
[2026-06-02 16:44:54] [DEBUG] [ui][Graph][addVertex] 顶点 15 已存在，跳过
[2026-06-02 16:44:54] [DEBUG] [ui][Graph][addEdge] 添加边 (1,15)
[2026-06-02 16:44:54] [DEBUG] [ui][Graph][addVertex] 顶点 15 已存在，跳过
[2026-06-02 16:44:54] [DEBUG] [ui][Graph][addVertex] 顶点 16 已存在，跳过
[2026-06-02 16:44:54] [DEBUG] [ui][Graph][addEdge] 添加边 (15,16)
[2026-06-02 16:44:54] [DEBUG] [ui][Graph][addVertex] 顶点 16 已存在，跳过
[2026-06-02 16:44:54] [DEBUG] [ui][Graph][addVertex] 顶点 17 已存在，跳过
[2026-06-02 16:44:54] [DEBUG] [ui][Graph][addEdge] 添加边 (16,17)
[2026-06-02 16:44:54] [DEBUG] [ui][Graph][addVertex] 顶点 17 已存在，跳过
[2026-06-02 16:44:54] [DEBUG] [ui][Graph][addVertex] 顶点 18 已存在，跳过
[2026-06-02 16:44:54] [DEBUG] [ui][Graph][addEdge] 添加边 (17,18)
[2026-06-02 16:44:54] [DEBUG] [ui][Graph][addVertex] 顶点 15 已存在，跳过
[2026-06-02 16:44:54] [DEBUG] [ui][Graph][addVertex] 顶点 19 已存在，跳过
[2026-06-02 16:44:54] [DEBUG] [ui][Graph][addEdge] 添加边 (15,19)
[2026-06-02 16:44:54] [DEBUG] [ui][Graph][addVertex] 顶点 19 已存在，跳过
[2026-06-02 16:44:54] [DEBUG] [ui][Graph][addVertex] 顶点 20 已存在，跳过
[2026-06-02 16:44:54] [DEBUG] [ui][Graph][addEdge] 添加边 (19,20)
[2026-06-02 16:44:54] [DEBUG] [ui][Graph][addVertex] 顶点 20 已存在，跳过
[2026-06-02 16:44:54] [DEBUG] [ui][Graph][addVertex] 顶点 21 已存在，跳过
[2026-06-02 16:44:54] [DEBUG] [ui][Graph][addEdge] 添加边 (20,21)
[2026-06-02 16:44:54] [DEBUG] [ui][Graph][addVertex] 顶点 21 已存在，跳过
[2026-06-02 16:44:54] [DEBUG] [ui][Graph][addVertex] 顶点 22 已存在，跳过
[2026-06-02 16:44:54] [DEBUG] [ui][Graph][addEdge] 添加边 (21,22)
[2026-06-02 16:44:54] [DEBUG] [ui][Graph][addVertex] 顶点 16 已存在，跳过
[2026-06-02 16:44:54] [DEBUG] [ui][Graph][addVertex] 顶点 20 已存在，跳过
[2026-06-02 16:44:54] [DEBUG] [ui][Graph][addEdge] 添加边 (16,20)
[2026-06-02 16:44:54] [DEBUG] [ui][Graph][addVertex] 顶点 17 已存在，跳过
[2026-06-02 16:44:54] [DEBUG] [ui][Graph][addVertex] 顶点 21 已存在，跳过
[2026-06-02 16:44:54] [DEBUG] [ui][Graph][addEdge] 添加边 (17,21)
[2026-06-02 16:44:54] [DEBUG] [ui][Graph][addVertex] 顶点 19 已存在，跳过
[2026-06-02 16:44:54] [DEBUG] [ui][Graph][addVertex] 顶点 23 已存在，跳过
[2026-06-02 16:44:54] [DEBUG] [ui][Graph][addEdge] 添加边 (19,23)
[2026-06-02 16:44:54] [DEBUG] [ui][Graph][addVertex] 顶点 23 已存在，跳过
[2026-06-02 16:44:54] [DEBUG] [ui][Graph][addVertex] 顶点 24 已存在，跳过
[2026-06-02 16:44:54] [DEBUG] [ui][Graph][addEdge] 添加边 (23,24)
[2026-06-02 16:44:54] [DEBUG] [ui][Graph][addVertex] 顶点 24 已存在，跳过
[2026-06-02 16:44:54] [DEBUG] [ui][Graph][addVertex] 顶点 25 已存在，跳过
[2026-06-02 16:44:54] [DEBUG] [ui][Graph][addEdge] 添加边 (24,25)
[2026-06-02 16:44:54] [DEBUG] [ui][Graph][addVertex] 顶点 25 已存在，跳过
[2026-06-02 16:44:54] [DEBUG] [ui][Graph][addVertex] 顶点 26 已存在，跳过
[2026-06-02 16:44:54] [DEBUG] [ui][Graph][addVertex] 顶点 26 已存在，跳过
[2026-06-02 16:44:54] [DEBUG] [ui][Graph][addEdge] 添加边 (26,27)
[2026-06-02 16:44:54] [DEBUG] [ui][Graph][addVertex] 顶点 27 已存在，跳过
[2026-06-02 16:44:54] [DEBUG] [ui][Graph][addVertex] 顶点 28 已存在，跳过
[2026-06-02 16:44:54] [DEBUG] [ui][Graph][addEdge] 添加边 (27,28)
[2026-06-02 16:44:54] [DEBUG] [ui][Graph][addVertex] 顶点 23 已存在，跳过
[2026-06-02 16:44:54] [DEBUG] [ui][Graph][addVertex] 顶点 29 已存在，跳过
[2026-06-02 16:44:54] [DEBUG] [ui][Graph][addEdge] 添加边 (23,29)
[2026-06-02 16:44:54] [DEBUG] [ui][Graph][addVertex] 顶点 29 已存在，跳过
[2026-06-02 16:44:54] [DEBUG] [ui][Graph][addVertex] 顶点 30 已存在，跳过
[2026-06-02 16:44:54] [DEBUG] [ui][Graph][addEdge] 添加边 (29,30)
[2026-06-02 16:44:54] [DEBUG] [ui][Graph][addVertex] 顶点 30 已存在，跳过
[2026-06-02 16:44:54] [DEBUG] [ui][Graph][addVertex] 顶点 31 已存在，跳过
[2026-06-02 16:44:54] [DEBUG] [ui][Graph][addEdge] 添加边 (25,26)
[2026-06-02 16:44:54] [DEBUG] [ui][Graph][addEdge] 添加边 (30,31)
[2026-06-02 16:44:54] [DEBUG] [ui][Graph][addVertex] 顶点 27 已存在，跳过
[2026-06-02 16:44:54] [DEBUG] [ui][Graph][addVertex] 顶点 31 已存在，跳过
[2026-06-02 16:44:54] [DEBUG] [ui][Graph][addVertex] 顶点 32 已存在，跳过
[2026-06-02 16:44:54] [DEBUG] [ui][Graph][addEdge] 添加边 (31,32)
[2026-06-02 16:44:54] [DEBUG] [ui][Graph][addVertex] 顶点 32 已存在，跳过
[2026-06-02 16:44:54] [DEBUG] [ui][Graph][addVertex] 顶点 33 已存在，跳过
[2026-06-02 16:44:54] [DEBUG] [ui][Graph][addEdge] 添加边 (32,33)
[2026-06-02 16:44:54] [DEBUG] [ui][Graph][addVertex] 顶点 33 已存在，跳过
[2026-06-02 16:44:54] [DEBUG] [ui][Graph][addVertex] 顶点 34 已存在，跳过
[2026-06-02 16:44:54] [DEBUG] [ui][Graph][addEdge] 添加边 (33,34)
[2026-06-02 16:44:54] [DEBUG] [ui][Graph][addVertex] 顶点 24 已存在，跳过
[2026-06-02 16:44:54] [DEBUG] [ui][Graph][addVertex] 顶点 30 已存在，跳过
[2026-06-02 16:44:54] [DEBUG] [ui][Graph][addEdge] 添加边 (24,30)
[2026-06-02 16:44:54] [DEBUG] [ui][Graph][addVertex] 顶点 25 已存在，跳过
[2026-06-02 16:44:54] [DEBUG] [ui][Graph][addVertex] 顶点 31 已存在，跳过
[2026-06-02 16:44:54] [DEBUG] [ui][Graph][addEdge] 添加边 (25,31)
[2026-06-02 16:44:54] [DEBUG] [ui][Graph][addVertex] 顶点 26 已存在，跳过
[2026-06-02 16:44:54] [DEBUG] [ui][Graph][addVertex] 顶点 32 已存在，跳过
[2026-06-02 16:44:54] [DEBUG] [ui][Graph][addEdge] 添加边 (26,32)
[2026-06-02 16:44:54] [DEBUG] [ui][Graph][addVertex] 顶点 27 已存在，跳过
[2026-06-02 16:44:54] [DEBUG] [ui][Graph][addVertex] 顶点 33 已存在，跳过
[2026-06-02 16:44:54] [DEBUG] [ui][Graph][addEdge] 添加边 (27,33)
[2026-06-02 16:44:54] [DEBUG] [ui][Graph][addVertex] 顶点 29 已存在，跳过
[2026-06-02 16:44:54] [DEBUG] [ui][Graph][addVertex] 顶点 35 已存在，跳过
[2026-06-02 16:44:54] [DEBUG] [ui][Graph][addEdge] 添加边 (29,35)
[2026-06-02 16:44:54] [DEBUG] [ui][Graph][addVertex] 顶点 35 已存在，跳过
[2026-06-02 16:44:54] [DEBUG] [ui][Graph][addVertex] 顶点 36 已存在，跳过
[2026-06-02 16:44:54] [DEBUG] [ui][Graph][addEdge] 添加边 (35,36)
[2026-06-02 16:44:54] [DEBUG] [ui][Graph][addVertex] 顶点 36 已存在，跳过
[2026-06-02 16:44:54] [DEBUG] [ui][Graph][addVertex] 顶点 37 已存在，跳过
[2026-06-02 16:44:54] [DEBUG] [ui][Graph][addEdge] 添加边 (36,37)
[2026-06-02 16:44:54] [DEBUG] [ui][Graph][addVertex] 顶点 37 已存在，跳过
[2026-06-02 16:44:54] [DEBUG] [ui][Graph][addVertex] 顶点 38 已存在，跳过
[2026-06-02 16:44:54] [DEBUG] [ui][Graph][addEdge] 添加边 (37,38)
[2026-06-02 16:44:54] [DEBUG] [ui][Graph][addVertex] 顶点 38 已存在，跳过
[2026-06-02 16:44:54] [DEBUG] [ui][Graph][addVertex] 顶点 39 已存在，跳过
[2026-06-02 16:44:54] [DEBUG] [ui][Graph][addEdge] 添加边 (39,40)
[2026-06-02 16:44:54] [DEBUG] [ui][Graph][addEdge] 添加边 (38,39)
[2026-06-02 16:44:54] [DEBUG] [ui][Graph][addVertex] 顶点 41 已存在，跳过
[2026-06-02 16:44:54] [DEBUG] [ui][Graph][addEdge] 添加边 (40,41)
[2026-06-02 16:44:54] [DEBUG] [ui][Graph][addVertex] 顶点 41 已存在，跳过
[2026-06-02 16:44:54] [DEBUG] [ui][Graph][addVertex] 顶点 39 已存在，跳过
[2026-06-02 16:44:54] [DEBUG] [ui][Graph][addVertex] 顶点 40 已存在，跳过
[2026-06-02 16:44:54] [DEBUG] [ui][Graph][addEdge] 添加边 (41,42)
[2026-06-02 16:44:54] [DEBUG] [ui][Graph][addVertex] 顶点 42 已存在，跳过
[2026-06-02 16:44:54] [DEBUG] [ui][Graph][addVertex] 顶点 40 已存在，跳过
[2026-06-02 16:44:54] [DEBUG] [ui][Graph][addVertex] 顶点 42 已存在，跳过
[2026-06-02 16:44:54] [DEBUG] [ui][Graph][addVertex] 顶点 43 已存在，跳过
[2026-06-02 16:44:54] [DEBUG] [ui][Graph][addEdge] 添加边 (42,43)
[2026-06-02 16:44:54] [DEBUG] [ui][Graph][addVertex] 顶点 43 已存在，跳过
[2026-06-02 16:44:54] [DEBUG] [ui][Graph][addVertex] 顶点 2 已存在，跳过
[2026-06-02 16:44:54] [DEBUG] [ui][Graph][addEdge] 添加边 (43,2)
[2026-06-02 16:44:54] [DEBUG] [ui][Graph][addVertex] 顶点 2 已存在，跳过
[2026-06-02 16:44:54] [DEBUG] [ui][Graph][addVertex] 顶点 3 已存在，跳过
[2026-06-02 16:44:54] [DEBUG] [ui][Graph][addEdge] 添加边 (2,3)
[2026-06-02 16:44:54] [DEBUG] [ui][Graph][addVertex] 顶点 3 已存在，跳过
[2026-06-02 16:44:54] [DEBUG] [ui][Graph][addVertex] 顶点 4 已存在，跳过
[2026-06-02 16:44:54] [DEBUG] [ui][Graph][addEdge] 添加边 (3,4)
[2026-06-02 16:44:54] [DEBUG] [ui][Graph][addVertex] 顶点 4 已存在，跳过
[2026-06-02 16:44:54] [DEBUG] [ui][Graph][addVertex] 顶点 5 已存在，跳过
[2026-06-02 16:44:54] [DEBUG] [ui][Graph][addEdge] 添加边 (4,5)
[2026-06-02 16:44:54] [DEBUG] [ui][Graph][addVertex] 顶点 5 已存在，跳过
[2026-06-02 16:44:54] [DEBUG] [ui][Graph][addVertex] 顶点 44 已存在，跳过
[2026-06-02 16:44:54] [DEBUG] [ui][Graph][addEdge] 添加边 (5,44)
[2026-06-02 16:44:54] [INFO] [ui][SetLevelGraphBuilder][buildMultilist]邻接多重表构建完成
[2026-06-02 16:44:54] [INFO] [ui][SetLevelGraphBuilder][buildGraph] 阶段(1): 重建邻接多重表完成
[2026-06-02 16:44:54] [INFO] [ui][SetLevelGraphBuilder][layoutAndDraw]起始节点ID: 1, 坐标: (20, 120)
[2026-06-02 16:44:54] [INFO] [ui][SetLevelGraphBuilder][processStraightLine]直线: 1 -> 6, 长度: 840, 起点(20,120), 终点(860,120)
[2026-06-02 16:44:54] [INFO] [ui][SetLevelGraphBuilder][createFrameDevice]成功为节点ID=6设置Set信息: uiId=6, setId=12001~12004, 压力范围=0.00~0.00Mpa, 流量平均值=0.00L/Min, 湿度范围=0.00~0.00%
[2026-06-02 16:44:54] [INFO] [ui][SetLevelGraphBuilder][createFrameDevice]创建FrameDevice: ID=6, 轨道坐标=(860, 120), 实际坐标=(800, 14), 位置=ABOVE
[2026-06-02 16:44:54] [INFO] [ui][SetLevelGraphBuilder][processNode]创建SET节点: ID=6
[2026-06-02 16:44:54] [INFO] [ui][SetLevelGraphBuilder][processStraightLine]直线: 6 -> 7, 长度: 140, 起点(860,120), 终点(1000,120)
[2026-06-02 16:44:54] [INFO] [ui][SetLevelGraphBuilder][createFrameDevice]成功为节点ID=7设置Set信息: uiId=7, setId=12005~12008, 压力范围=0.00~0.00Mpa, 流量平均值=0.00L/Min, 湿度范围=0.00~0.00%
[2026-06-02 16:44:54] [INFO] [ui][SetLevelGraphBuilder][createFrameDevice]创建FrameDevice: ID=7, 轨道坐标=(1000, 120), 实际坐标=(940, 14), 位置=ABOVE
[2026-06-02 16:44:54] [INFO] [ui][SetLevelGraphBuilder][processNode]创建SET节点: ID=7
[2026-06-02 16:44:54] [INFO] [ui][SetLevelGraphBuilder][processStraightLine]直线: 7 -> 8, 长度: 420, 起点(1000,120), 终点(1420,120)
[2026-06-02 16:44:54] [INFO] [ui][SetLevelGraphBuilder][createFrameDevice]成功为节点ID=8设置Set信息: uiId=8, setId=12009~12012, 压力范围=0.00~0.00Mpa, 流量平均值=0.00L/Min, 湿度范围=0.00~0.00%
[2026-06-02 16:44:54] [INFO] [ui][SetLevelGraphBuilder][createFrameDevice]创建FrameDevice: ID=8, 轨道坐标=(1420, 120), 实际坐标=(1360, 14), 位置=ABOVE
[2026-06-02 16:44:54] [INFO] [ui][SetLevelGraphBuilder][processStraightLine]直线: 8 -> 9, 长度: 140, 起点(1420,120), 终点(1560,120)
[2026-06-02 16:44:54] [INFO] [ui][SetLevelGraphBuilder][processNode]创建SET节点: ID=8
[2026-06-02 16:44:54] [INFO] [ui][SetLevelGraphBuilder][createFrameDevice]成功为节点ID=9设置Set信息: uiId=9, setId=12013~12016, 压力范围=0.00~0.00Mpa, 流量平均值=0.00L/Min, 湿度范围=0.00~0.00%
[2026-06-02 16:44:54] [INFO] [ui][SetLevelGraphBuilder][createFrameDevice]创建FrameDevice: ID=9, 轨道坐标=(1560, 120), 实际坐标=(1500, 14), 位置=ABOVE
[2026-06-02 16:44:54] [INFO] [ui][SetLevelGraphBuilder][processNode]创建SET节点: ID=9
[2026-06-02 16:44:54] [INFO] [ui][SetLevelGraphBuilder][processStraightLine]直线: 9 -> 10, 长度: 140, 起点(1560,120), 终点(1700,120)
[2026-06-02 16:44:54] [INFO] [ui][SetLevelGraphBuilder][createFrameDevice]成功为节点ID=10设置Set信息: uiId=10, setId=12017~12020, 压力范围=0.00~0.00Mpa, 流量平均值=0.00L/Min, 湿度范围=0.00~0.00%
[2026-06-02 16:44:54] [INFO] [ui][SetLevelGraphBuilder][createFrameDevice]创建FrameDevice: ID=10, 轨道坐标=(1700, 120), 实际坐标=(1640, 14), 位置=ABOVE
[2026-06-02 16:44:54] [INFO] [ui][SetLevelGraphBuilder][processNode]创建SET节点: ID=10
[2026-06-02 16:44:54] [INFO] [ui][SetLevelGraphBuilder][processStraightLine]直线: 10 -> 11, 长度: 140, 起点(1700,120), 终点(1840,120)
[2026-06-02 16:44:54] [INFO] [ui][SetLevelGraphBuilder][createFrameDevice]成功为节点ID=11设置Set信息: uiId=11, setId=12021~12024, 压力范围=0.00~0.00Mpa, 流量平均值=0.00L/Min, 湿度范围=0.00~0.00%
[2026-06-02 16:44:54] [INFO] [ui][SetLevelGraphBuilder][createFrameDevice]创建FrameDevice: ID=11, 轨道坐标=(1840, 120), 实际坐标=(1780, 14), 位置=ABOVE
[2026-06-02 16:44:54] [INFO] [ui][SetLevelGraphBuilder][processNode]创建SET节点: ID=11
[2026-06-02 16:44:54] [INFO] [ui][SetLevelGraphBuilder][processStraightLine]直线: 11 -> 12, 长度: 140, 起点(1840,120), 终点(1980,120)
[2026-06-02 16:44:54] [INFO] [ui][SetLevelGraphBuilder][createFrameDevice]成功为节点ID=12设置Set信息: uiId=12, setId=12025~12028, 压力范围=0.00~0.00Mpa, 流量平均值=0.00L/Min, 湿度范围=0.00~0.00%
[2026-06-02 16:44:54] [INFO] [ui][SetLevelGraphBuilder][createFrameDevice]创建FrameDevice: ID=12, 轨道坐标=(1980, 120), 实际坐标=(1920, 14), 位置=ABOVE
[2026-06-02 16:44:54] [INFO] [ui][SetLevelGraphBuilder][processNode]创建SET节点: ID=12
[2026-06-02 16:44:54] [INFO] [ui][SetLevelGraphBuilder][processStraightLine]直线: 12 -> 13, 长度: 140, 起点(1980,120), 终点(2120,120)
[2026-06-02 16:44:54] [INFO] [ui][SetLevelGraphBuilder][createFrameDevice]成功为节点ID=13设置Set信息: uiId=13, setId=12029~12032, 压力范围=0.00~0.00Mpa, 流量平均值=0.00L/Min, 湿度范围=0.00~0.00%
[2026-06-02 16:44:54] [INFO] [ui][SetLevelGraphBuilder][createFrameDevice]创建FrameDevice: ID=13, 轨道坐标=(2120, 120), 实际坐标=(2060, 14), 位置=ABOVE
[2026-06-02 16:44:54] [INFO] [ui][SetLevelGraphBuilder][processNode]创建SET节点: ID=13
[2026-06-02 16:44:54] [INFO] [ui][SetLevelGraphBuilder][processStraightLine]直线: 13 -> 14, 长度: 70 + 偏移: 118 = 188, 起点(2120,120), 终点(2308,120)
[2026-06-02 16:44:54] [INFO] [ui][SetLevelGraphBuilder][processVirtualLine]虚线: 1 -> 15, 类型: VERTICAL_VIRTUAL_LINE, 起点(20,120), 终点(20,126)
[2026-06-02 16:44:54] [INFO] [ui][SetLevelGraphBuilder][processStraightLine]直线: 15 -> 16, 长度: 560, 起点(20,126), 终点(580,126)
[2026-06-02 16:44:54] [INFO] [ui][SetLevelGraphBuilder][processVirtualLine]虚线: 16 -> 17, 类型: HORIZONTAL_VIRTUAL_LINE, 起点(580,126), 终点(586,126)
[2026-06-02 16:44:54] [INFO] [ui][SetLevelGraphBuilder][processStraightLine]直线: 17 -> 18, 长度: 1722, 起点(586,126), 终点(2308,126)
[2026-06-02 16:44:54] [INFO] [ui][SetLevelGraphBuilder][processVirtualLine]虚线: 15 -> 19, 类型: VERTICAL_VIRTUAL_LINE, 起点(20,126), 终点(20,266)
[2026-06-02 16:44:54] [INFO] [ui][SetLevelGraphBuilder][processStraightLine]直线: 19 -> 20, 长度: 700, 起点(20,266), 终点(720,266)
[2026-06-02 16:44:54] [INFO] [ui][SetLevelGraphBuilder][processVirtualLine]虚线: 20 -> 21, 类型: HORIZONTAL_VIRTUAL_LINE, 起点(720,266), 终点(726,266)
[2026-06-02 16:44:54] [INFO] [ui][SetLevelGraphBuilder][processStraightLine]直线: 21 -> 22, 长度: 1582 + 偏移: 10 = 1592, 起点(726,266), 终点(2318,266)
[2026-06-02 16:44:54] [INFO] [ui][SetLevelGraphBuilder][processSCurve]S曲线: 16 -> 20, 目标节点已有坐标，使用已有坐标
[2026-06-02 16:44:54] [INFO] [ui][SetLevelGraphBuilder][processSCurve]绘制曲线 16 -> 20, 类型: REVERSE_S_CURVE, 起点(580,126), 终点(720,266), 控制点1(650,126), 控制点2(650,266)
[2026-06-02 16:44:54] [INFO] [ui][SetLevelGraphBuilder][processSCurve]S曲线: 17 -> 21, 目标节点已有坐标，使用已有坐标
[2026-06-02 16:44:54] [INFO] [ui][SetLevelGraphBuilder][processSCurve]绘制曲线 17 -> 21, 类型: REVERSE_S_CURVE, 起点(586,126), 终点(726,266), 控制点1(656,126), 控制点2(656,266)
[2026-06-02 16:44:54] [INFO] [ui][SetLevelGraphBuilder][processVirtualLine]虚线: 19 -> 23, 类型: VERTICAL_VIRTUAL_LINE, 起点(20,266), 终点(20,272)
[2026-06-02 16:44:54] [INFO] [ui][SetLevelGraphBuilder][processStraightLine]直线: 23 -> 24, 长度: 1190, 起点(20,272), 终点(1210,272)
[2026-06-02 16:44:54] [INFO] [ui][SetLevelGraphBuilder][processVirtualLine]虚线: 24 -> 25, 类型: HORIZONTAL_VIRTUAL_LINE, 起点(1210,272), 终点(1216,272)
[2026-06-02 16:44:54] [INFO] [ui][SetLevelGraphBuilder][processStraightLine]直线: 25 -> 26, 长度: 140, 起点(1216,272), 终点(1356,272)
[2026-06-02 16:44:54] [INFO] [ui][SetLevelGraphBuilder][processVirtualLine]虚线: 26 -> 27, 类型: HORIZONTAL_VIRTUAL_LINE, 起点(1356,272), 终点(1362,272)
[2026-06-02 16:44:54] [INFO] [ui][SetLevelGraphBuilder][processStraightLine]直线: 27 -> 28, 长度: 980 + 偏移: -24 = 956, 起点(1362,272), 终点(2318,272)
[2026-06-02 16:44:54] [INFO] [ui][SetLevelGraphBuilder][processVirtualLine]虚线: 23 -> 29, 类型: VERTICAL_VIRTUAL_LINE, 起点(20,272), 终点(20,482)
[2026-06-02 16:44:54] [INFO] [ui][SetLevelGraphBuilder][processStraightLine]直线: 29 -> 30, 长度: 1190, 起点(20,482), 终点(1210,482)
[2026-06-02 16:44:54] [INFO] [ui][SetLevelGraphBuilder][processVirtualLine]虚线: 30 -> 31, 类型: HORIZONTAL_VIRTUAL_LINE, 起点(1210,482), 终点(1216,482)
[2026-06-02 16:44:54] [INFO] [ui][SetLevelGraphBuilder][processStraightLine]直线: 31 -> 32, 长度: 140, 起点(1216,482), 终点(1356,482)
[2026-06-02 16:44:54] [INFO] [ui][SetLevelGraphBuilder][processVirtualLine]虚线: 32 -> 33, 类型: HORIZONTAL_VIRTUAL_LINE, 起点(1356,482), 终点(1362,482)
[2026-06-02 16:44:54] [INFO] [ui][SetLevelGraphBuilder][processStraightLine]直线: 33 -> 34, 长度: 770 + 偏移: 190 = 960, 起点(1362,482), 终点(2322,482)
[2026-06-02 16:44:54] [INFO] [ui][SetLevelGraphBuilder][processSemicircleArc]绘制半圆弧 24 -> 30, 类型: RIGHT_SEMICIRCLE_ARC, 起点(1210,272), 终点(1210,482)
[2026-06-02 16:44:54] [INFO] [ui][SetLevelGraphBuilder][processSemicircleArc]半圆弧: 24 -> 30, 类型: RIGHT_SEMICIRCLE_ARC
[2026-06-02 16:44:54] [INFO] [ui][SetLevelGraphBuilder][processSemicircleArc]绘制半圆弧 25 -> 31, 类型: RIGHT_SEMICIRCLE_ARC, 起点(1216,272), 终点(1216,482)
[2026-06-02 16:44:54] [INFO] [ui][SetLevelGraphBuilder][processSemicircleArc]半圆弧: 25 -> 31, 类型: RIGHT_SEMICIRCLE_ARC
[2026-06-02 16:44:54] [INFO] [ui][SetLevelGraphBuilder][processSemicircleArc]绘制半圆弧 26 -> 32, 类型: LEFT_SEMICIRCLE_ARC, 起点(1356,272), 终点(1356,482)
[2026-06-02 16:44:54] [INFO] [ui][SetLevelGraphBuilder][processSemicircleArc]半圆弧: 26 -> 32, 类型: LEFT_SEMICIRCLE_ARC
[2026-06-02 16:44:54] [INFO] [ui][SetLevelGraphBuilder][processSemicircleArc]绘制半圆弧 27 -> 33, 类型: LEFT_SEMICIRCLE_ARC, 起点(1362,272), 终点(1362,482)
[2026-06-02 16:44:54] [INFO] [ui][SetLevelGraphBuilder][processSemicircleArc]半圆弧: 27 -> 33, 类型: LEFT_SEMICIRCLE_ARC
[2026-06-02 16:44:54] [INFO] [ui][SetLevelGraphBuilder][processVirtualLine]虚线: 29 -> 35, 类型: VERTICAL_VIRTUAL_LINE, 起点(20,482), 终点(20,488)
[2026-06-02 16:44:54] [INFO] [ui][SetLevelGraphBuilder][processStraightLine]直线: 35 -> 36, 长度: 70, 起点(20,488), 终点(90,488)
[2026-06-02 16:44:54] [INFO] [ui][SetLevelGraphBuilder][createFrameDevice]成功为节点ID=36设置Set信息: uiId=36, setId=12033~12036, 压力范围=0.00~0.00Mpa, 流量平均值=0.00L/Min, 湿度范围=0.00~0.00%
[2026-06-02 16:44:54] [INFO] [ui][SetLevelGraphBuilder][createFrameDevice]创建FrameDevice: ID=36, 轨道坐标=(90, 488), 实际坐标=(30, 496), 位置=BELOW
[2026-06-02 16:44:54] [INFO] [ui][SetLevelGraphBuilder][processNode]创建SET节点: ID=36
[2026-06-02 16:44:54] [INFO] [ui][SetLevelGraphBuilder][processStraightLine]直线: 36 -> 37, 长度: 140, 起点(90,488), 终点(230,488)
[2026-06-02 16:44:54] [INFO] [ui][SetLevelGraphBuilder][createFrameDevice]成功为节点ID=37设置Set信息: uiId=37, setId=12037~12040, 压力范围=0.00~0.00Mpa, 流量平均值=0.00L/Min, 湿度范围=0.00~0.00%
[2026-06-02 16:44:54] [INFO] [ui][SetLevelGraphBuilder][createFrameDevice]创建FrameDevice: ID=37, 轨道坐标=(230, 488), 实际坐标=(170, 496), 位置=BELOW
[2026-06-02 16:44:54] [INFO] [ui][SetLevelGraphBuilder][processNode]创建SET节点: ID=37
[2026-06-02 16:44:54] [INFO] [ui][SetLevelGraphBuilder][processStraightLine]直线: 37 -> 38, 长度: 140, 起点(230,488), 终点(370,488)
[2026-06-02 16:44:54] [INFO] [ui][SetLevelGraphBuilder][createFrameDevice]成功为节点ID=38设置Set信息: uiId=38, setId=12041~12044, 压力范围=0.00~0.00Mpa, 流量平均值=0.00L/Min, 湿度范围=0.00~0.00%
[2026-06-02 16:44:54] [INFO] [ui][SetLevelGraphBuilder][createFrameDevice]创建FrameDevice: ID=38, 轨道坐标=(370, 488), 实际坐标=(310, 496), 位置=BELOW
[2026-06-02 16:44:54] [INFO] [ui][SetLevelGraphBuilder][processNode]创建SET节点: ID=38
[2026-06-02 16:44:54] [INFO] [ui][SetLevelGraphBuilder][processStraightLine]直线: 38 -> 39, 长度: 140, 起点(370,488), 终点(510,488)
[2026-06-02 16:44:54] [INFO] [ui][SetLevelGraphBuilder][createFrameDevice]成功为节点ID=39设置Set信息: uiId=39, setId=12045~12048, 压力范围=0.00~0.00Mpa, 流量平均值=0.00L/Min, 湿度范围=0.00~0.00%
[2026-06-02 16:44:54] [INFO] [ui][SetLevelGraphBuilder][createFrameDevice]创建FrameDevice: ID=39, 轨道坐标=(510, 488), 实际坐标=(450, 496), 位置=BELOW
[2026-06-02 16:44:54] [INFO] [ui][SetLevelGraphBuilder][processNode]创建SET节点: ID=39
[2026-06-02 16:44:54] [INFO] [ui][SetLevelGraphBuilder][processStraightLine]直线: 39 -> 40, 长度: 140, 起点(510,488), 终点(650,488)
[2026-06-02 16:44:54] [INFO] [ui][SetLevelGraphBuilder][createFrameDevice]成功为节点ID=40设置Set信息: uiId=40, setId=12049~12052, 压力范围=0.00~0.00Mpa, 流量平均值=0.00L/Min, 湿度范围=0.00~0.00%
[2026-06-02 16:44:54] [INFO] [ui][SetLevelGraphBuilder][createFrameDevice]创建FrameDevice: ID=40, 轨道坐标=(650, 488), 实际坐标=(590, 496), 位置=BELOW
[2026-06-02 16:44:54] [INFO] [ui][SetLevelGraphBuilder][processNode]创建SET节点: ID=40
[2026-06-02 16:44:54] [INFO] [ui][SetLevelGraphBuilder][processStraightLine]直线: 40 -> 41, 长度: 140, 起点(650,488), 终点(790,488)
[2026-06-02 16:44:54] [INFO] [ui][SetLevelGraphBuilder][createFrameDevice]成功为节点ID=41设置Set信息: uiId=41, setId=12053~12056, 压力范围=0.00~0.00Mpa, 流量平均值=0.00L/Min, 湿度范围=0.00~0.00%
[2026-06-02 16:44:54] [INFO] [ui][SetLevelGraphBuilder][createFrameDevice]创建FrameDevice: ID=41, 轨道坐标=(790, 488), 实际坐标=(730, 496), 位置=BELOW
[2026-06-02 16:44:54] [INFO] [ui][SetLevelGraphBuilder][processNode]创建SET节点: ID=41
[2026-06-02 16:44:54] [INFO] [ui][SetLevelGraphBuilder][processStraightLine]直线: 41 -> 42, 长度: 140, 起点(790,488), 终点(930,488)
[2026-06-02 16:44:54] [INFO] [ui][SetLevelGraphBuilder][createFrameDevice]成功为节点ID=42设置Set信息: uiId=42, setId=12057~12060, 压力范围=0.00~0.00Mpa, 流量平均值=0.00L/Min, 湿度范围=0.00~0.00%
[2026-06-02 16:44:54] [INFO] [ui][SetLevelGraphBuilder][createFrameDevice]创建FrameDevice: ID=42, 轨道坐标=(930, 488), 实际坐标=(870, 496), 位置=BELOW
[2026-06-02 16:44:54] [INFO] [ui][SetLevelGraphBuilder][processNode]创建SET节点: ID=42
[2026-06-02 16:44:54] [INFO] [ui][SetLevelGraphBuilder][processStraightLine]直线: 42 -> 43, 长度: 140, 起点(930,488), 终点(1070,488)
[2026-06-02 16:44:54] [INFO] [ui][SetLevelGraphBuilder][createFrameDevice]成功为节点ID=43设置Set信息: uiId=43, setId=12061~12064, 压力范围=0.00~0.00Mpa, 流量平均值=0.00L/Min, 湿度范围=0.00~0.00%
[2026-06-02 16:44:54] [INFO] [ui][SetLevelGraphBuilder][createFrameDevice]创建FrameDevice: ID=43, 轨道坐标=(1070, 488), 实际坐标=(1010, 496), 位置=BELOW
[2026-06-02 16:44:54] [INFO] [ui][SetLevelGraphBuilder][processNode]创建SET节点: ID=43
[2026-06-02 16:44:54] [INFO] [ui][SetLevelGraphBuilder][processStraightLine]直线: 43 -> 2, 长度: 322 + 偏移: 22 = 344, 起点(1070,488), 终点(1414,488)
[2026-06-02 16:44:54] [INFO] [ui][SetLevelGraphBuilder][createFrameDevice]成功为节点ID=2设置Set信息: uiId=2, setId=12065~12068, 压力范围=0.00~0.00Mpa, 流量平均值=0.00L/Min, 湿度范围=0.00~0.00%
[2026-06-02 16:44:54] [INFO] [ui][SetLevelGraphBuilder][createFrameDevice]创建FrameDevice: ID=2, 轨道坐标=(1414, 488), 实际坐标=(1354, 496), 位置=BELOW
[2026-06-02 16:44:54] [INFO] [ui][SetLevelGraphBuilder][processNode]创建SET节点: ID=2
[2026-06-02 16:44:54] [INFO] [ui][SetLevelGraphBuilder][processStraightLine]直线: 2 -> 3, 长度: 140, 起点(1414,488), 终点(1554,488)
[2026-06-02 16:44:54] [INFO] [ui][SetLevelGraphBuilder][createFrameDevice]成功为节点ID=3设置Set信息: uiId=3, setId=12069~12072, 压力范围=0.00~0.00Mpa, 流量平均值=0.00L/Min, 湿度范围=0.00~0.00%
[2026-06-02 16:44:54] [INFO] [ui][SetLevelGraphBuilder][createFrameDevice]创建FrameDevice: ID=3, 轨道坐标=(1554, 488), 实际坐标=(1494, 496), 位置=BELOW
[2026-06-02 16:44:54] [INFO] [ui][SetLevelGraphBuilder][processNode]创建SET节点: ID=3
[2026-06-02 16:44:54] [INFO] [ui][SetLevelGraphBuilder][processStraightLine]直线: 3 -> 4, 长度: 140, 起点(1554,488), 终点(1694,488)
[2026-06-02 16:44:54] [INFO] [ui][SetLevelGraphBuilder][createFrameDevice]成功为节点ID=4设置Set信息: uiId=4, setId=12073~12076, 压力范围=0.00~0.00Mpa, 流量平均值=0.00L/Min, 湿度范围=0.00~0.00%
[2026-06-02 16:44:54] [INFO] [ui][SetLevelGraphBuilder][createFrameDevice]创建FrameDevice: ID=4, 轨道坐标=(1694, 488), 实际坐标=(1634, 496), 位置=BELOW
[2026-06-02 16:44:54] [INFO] [ui][SetLevelGraphBuilder][processNode]创建SET节点: ID=4
[2026-06-02 16:44:54] [INFO] [ui][SetLevelGraphBuilder][processStraightLine]直线: 4 -> 5, 长度: 140, 起点(1694,488), 终点(1834,488)
[2026-06-02 16:44:54] [INFO] [ui][SetLevelGraphBuilder][createFrameDevice]成功为节点ID=5设置Set信息: uiId=5, setId=12077~12080, 压力范围=0.00~0.00Mpa, 流量平均值=0.00L/Min, 湿度范围=0.00~0.00%
[2026-06-02 16:44:54] [INFO] [ui][SetLevelGraphBuilder][createFrameDevice]创建FrameDevice: ID=5, 轨道坐标=(1834, 488), 实际坐标=(1774, 496), 位置=BELOW
[2026-06-02 16:44:54] [INFO] [ui][SetLevelGraphBuilder][processNode]创建SET节点: ID=5
[2026-06-02 16:44:54] [INFO] [ui][SetLevelGraphBuilder][processStraightLine]直线: 5 -> 44, 长度: 350 + 偏移: 140 = 490, 起点(1834,488), 终点(2324,488)
[2026-06-02 16:44:54] [INFO] [ui][SetLevelGraphBuilder][layoutAndDraw]布局和绘制完成
[2026-06-02 16:44:54] [INFO] [ui][SetLevelGraphBuilder][buildGraph] 阶段(2): 绘制图像界面完成
[2026-06-02 16:44:54] [INFO] [ui][SetLevelGraphBuilder][buildGraph] 阶段(3): 布局图重构完毕
[2026-06-02 16:44:54] [INFO] [ui][SetLevelGraphBuilder][buildGraph] 图构建完成
[2026-06-02 16:44:54] [INFO] ====================Set视图天车轨道布局图重构  结束====================
