[2026-06-03 08:42:28] [WARN] [submitAlarm] 提交警报
警报ID: 2120792001
告警类型: 2001(Device Offline)
警报级别: 2(错误/Error)
设备标识: 12079
描述: [qrcode: 12079] Device Offline
[2026-06-03 08:42:28] [INFO] [persistInsert] 持久化插入
警报ID: 2120792001
告警类型: 2001(Device Offline)
警报级别: 2(错误/Error)
设备标识: 12079
发生时间: 2026-06-03 08:42:28
描述: [qrcode: 12079] Device Offline
[2026-06-03 08:42:31] [WARN] [submitAlarm] 提交警报
警报ID: 2120182001
告警类型: 2001(Device Offline)
警报级别: 2(错误/Error)
设备标识: 12018
描述: [qrcode: 12018] Device Offline
[2026-06-03 08:42:31] [INFO] [persistInsert] 持久化插入
警报ID: 2120182001
告警类型: 2001(Device Offline)
警报级别: 2(错误/Error)
设备标识: 12018
发生时间: 2026-06-03 08:42:31
描述: [qrcode: 12018] Device Offline
[2026-06-03 08:42:31] [WARN] [submitAlarm] 提交警报
警报ID: 2120042001
告警类型: 2001(Device Offline)
警报级别: 2(错误/Error)
设备标识: 12004
描述: [qrcode: 12004] Device Offline
[2026-06-03 08:42:31] [WARN] [submitAlarm] 提交警报
警报ID: 2120062001
告警类型: 2001(Device Offline)
警报级别: 2(错误/Error)
设备标识: 12006
描述: [qrcode: 12006] Device Offline
[2026-06-03 08:42:31] [INFO] [persistInsert] 持久化插入
警报ID: 2120042001
告警类型: 2001(Device Offline)
警报级别: 2(错误/Error)
设备标识: 12004
发生时间: 2026-06-03 08:42:31
描述: [qrcode: 12004] Device Offline
[2026-06-03 08:42:31] [INFO] [persistInsert] 持久化插入
警报ID: 2120062001
告警类型: 2001(Device Offline)
警报级别: 2(错误/Error)
设备标识: 12006
发生时间: 2026-06-03 08:42:31
描述: [qrcode: 12006] Device Offline
[2026-06-03 08:42:31] [WARN] [submitAlarm] 提交警报
警报ID: 2120192001
告警类型: 2001(Device Offline)
警报级别: 2(错误/Error)
设备标识: 12019
描述: [qrcode: 12019] Device Offline
[2026-06-03 08:42:31] [INFO] [persistInsert] 持久化插入
警报ID: 2120192001
告警类型: 2001(Device Offline)
警报级别: 2(错误/Error)
设备标识: 12019
发生时间: 2026-06-03 08:42:31
描述: [qrcode: 12019] Device Offline
[2026-06-03 08:42:31] [WARN] [submitAlarm] 提交警报
警报ID: 2120032001
告警类型: 2001(Device Offline)
警报级别: 2(错误/Error)
设备标识: 12003
描述: [qrcode: 12003] Device Offline
[2026-06-03 08:42:31] [INFO] [persistInsert] 持久化插入
警报ID: 2120032001
告警类型: 2001(Device Offline)
警报级别: 2(错误/Error)
设备标识: 12003
发生时间: 2026-06-03 08:42:31
描述: [qrcode: 12003] Device Offline
[2026-06-03 08:42:31] [WARN] [submitAlarm] 提交警报
警报ID: 2120212001
告警类型: 2001(Device Offline)
警报级别: 2(错误/Error)
设备标识: 12021
描述: [qrcode: 12021] Device Offline
[2026-06-03 08:42:31] [INFO] [persistInsert] 持久化插入
警报ID: 2120212001
告警类型: 2001(Device Offline)
警报级别: 2(错误/Error)
设备标识: 12021
发生时间: 2026-06-03 08:42:31
描述: [qrcode: 12021] Device Offline
[2026-06-03 08:42:31] [WARN] [submitAlarm] 提交警报
警报ID: 2120202001
告警类型: 2001(Device Offline)
警报级别: 2(错误/Error)
设备标识: 12020
描述: [qrcode: 12020] Device Offline
[2026-06-03 08:42:31] [INFO] [persistInsert] 持久化插入
警报ID: 2120202001
告警类型: 2001(Device Offline)
警报级别: 2(错误/Error)
设备标识: 12020
发生时间: 2026-06-03 08:42:31
描述: [qrcode: 12020] Device Offline
[2026-06-03 08:42:31] [WARN] [submitAlarm] 提交警报
警报ID: 2120082001
告警类型: 2001(Device Offline)
警报级别: 2(错误/Error)
设备标识: 12008
描述: [qrcode: 12008] Device Offline
[2026-06-03 08:42:31] [INFO] [persistInsert] 持久化插入
警报ID: 2120082001
告警类型: 2001(Device Offline)
警报级别: 2(错误/Error)
设备标识: 12008
发生时间: 2026-06-03 08:42:31
描述: [qrcode: 12008] Device Offline
[2026-06-03 08:42:31] [WARN] [submitAlarm] 提交警报
警报ID: 2120232001
告警类型: 2001(Device Offline)
警报级别: 2(错误/Error)
设备标识: 12023
描述: [qrcode: 12023] Device Offline
[2026-06-03 08:42:31] [INFO] [persistInsert] 持久化插入
警报ID: 2120232001
告警类型: 2001(Device Offline)
警报级别: 2(错误/Error)
设备标识: 12023
发生时间: 2026-06-03 08:42:31
描述: [qrcode: 12023] Device Offline
[2026-06-03 08:42:31] [WARN] [submitAlarm] 提交警报
警报ID: 2120172001
告警类型: 2001(Device Offline)
警报级别: 2(错误/Error)
设备标识: 12017
描述: [qrcode: 12017] Device Offline
[2026-06-03 08:42:31] [INFO] [persistInsert] 持久化插入
警报ID: 2120172001
告警类型: 2001(Device Offline)
警报级别: 2(错误/Error)
设备标识: 12017
发生时间: 2026-06-03 08:42:31
描述: [qrcode: 12017] Device Offline
[2026-06-03 08:42:31] [WARN] [submitAlarm] 提交警报
警报ID: 2120112001
告警类型: 2001(Device Offline)
警报级别: 2(错误/Error)
设备标识: 12011
描述: [qrcode: 12011] Device Offline
[2026-06-03 08:42:31] [INFO] [persistInsert] 持久化插入
警报ID: 2120112001
告警类型: 2001(Device Offline)
警报级别: 2(错误/Error)
设备标识: 12011
发生时间: 2026-06-03 08:42:31
描述: [qrcode: 12011] Device Offline
[2026-06-03 08:42:31] [WARN] [submitAlarm] 提交警报
警报ID: 2120052001
告警类型: 2001(Device Offline)
警报级别: 2(错误/Error)
设备标识: 12005
描述: [qrcode: 12005] Device Offline
[2026-06-03 08:42:31] [INFO] [persistInsert] 持久化插入
警报ID: 2120052001
告警类型: 2001(Device Offline)
警报级别: 2(错误/Error)
设备标识: 12005
发生时间: 2026-06-03 08:42:31
描述: [qrcode: 12005] Device Offline
[2026-06-03 08:42:31] [WARN] [submitAlarm] 提交警报
警报ID: 2120022001
告警类型: 2001(Device Offline)
警报级别: 2(错误/Error)
设备标识: 12002
描述: [qrcode: 12002] Device Offline
[2026-06-03 08:42:31] [INFO] [persistInsert] 持久化插入
警报ID: 2120022001
告警类型: 2001(Device Offline)
警报级别: 2(错误/Error)
设备标识: 12002
发生时间: 2026-06-03 08:42:31
描述: [qrcode: 12002] Device Offline
[2026-06-03 08:42:31] [WARN] [submitAlarm] 提交警报
警报ID: 2120142001
告警类型: 2001(Device Offline)
警报级别: 2(错误/Error)
设备标识: 12014
描述: [qrcode: 12014] Device Offline
[2026-06-03 08:42:31] [INFO] [persistInsert] 持久化插入
警报ID: 2120142001
告警类型: 2001(Device Offline)
警报级别: 2(错误/Error)
设备标识: 12014
发生时间: 2026-06-03 08:42:31
描述: [qrcode: 12014] Device Offline
[2026-06-03 08:42:31] [WARN] [submitAlarm] 提交警报
警报ID: 2120092001
告警类型: 2001(Device Offline)
警报级别: 2(错误/Error)
设备标识: 12009
描述: [qrcode: 12009] Device Offline
[2026-06-03 08:42:31] [INFO] [persistInsert] 持久化插入
警报ID: 2120092001
告警类型: 2001(Device Offline)
警报级别: 2(错误/Error)
设备标识: 12009
发生时间: 2026-06-03 08:42:31
描述: [qrcode: 12009] Device Offline
[2026-06-03 08:42:31] [WARN] [submitAlarm] 提交警报
警报ID: 2120132001
告警类型: 2001(Device Offline)
警报级别: 2(错误/Error)
设备标识: 12013
描述: [qrcode: 12013] Device Offline
[2026-06-03 08:42:31] [INFO] [persistInsert] 持久化插入
警报ID: 2120132001
告警类型: 2001(Device Offline)
警报级别: 2(错误/Error)
设备标识: 12013
发生时间: 2026-06-03 08:42:31
描述: [qrcode: 12013] Device Offline
[2026-06-03 08:42:31] [WARN] [submitAlarm] 提交警报
警报ID: 2120162001
告警类型: 2001(Device Offline)
警报级别: 2(错误/Error)
设备标识: 12016
描述: [qrcode: 12016] Device Offline
[2026-06-03 08:42:31] [INFO] [persistInsert] 持久化插入
警报ID: 2120162001
告警类型: 2001(Device Offline)
警报级别: 2(错误/Error)
设备标识: 12016
发生时间: 2026-06-03 08:42:31
描述: [qrcode: 12016] Device Offline
[2026-06-03 08:42:31] [WARN] [submitAlarm] 提交警报
警报ID: 2120152001
告警类型: 2001(Device Offline)
警报级别: 2(错误/Error)
设备标识: 12015
描述: [qrcode: 12015] Device Offline
[2026-06-03 08:42:31] [INFO] [persistInsert] 持久化插入
警报ID: 2120152001
告警类型: 2001(Device Offline)
警报级别: 2(错误/Error)
设备标识: 12015
发生时间: 2026-06-03 08:42:31
描述: [qrcode: 12015] Device Offline
[2026-06-03 08:42:31] [WARN] [submitAlarm] 提交警报
警报ID: 2120102001
告警类型: 2001(Device Offline)
警报级别: 2(错误/Error)
设备标识: 12010
描述: [qrcode: 12010] Device Offline
[2026-06-03 08:42:31] [INFO] [persistInsert] 持久化插入
警报ID: 2120102001
告警类型: 2001(Device Offline)
警报级别: 2(错误/Error)
设备标识: 12010
发生时间: 2026-06-03 08:42:31
描述: [qrcode: 12010] Device Offline
[2026-06-03 08:42:31] [WARN] [submitAlarm] 提交警报
警报ID: 2120072001
告警类型: 2001(Device Offline)
警报级别: 2(错误/Error)
设备标识: 12007
描述: [qrcode: 12007] Device Offline
[2026-06-03 08:42:31] [INFO] [persistInsert] 持久化插入
警报ID: 2120072001
告警类型: 2001(Device Offline)
警报级别: 2(错误/Error)
设备标识: 12007
发生时间: 2026-06-03 08:42:31
描述: [qrcode: 12007] Device Offline
[2026-06-03 08:42:31] [WARN] [submitAlarm] 提交警报
警报ID: 2120122001
告警类型: 2001(Device Offline)
警报级别: 2(错误/Error)
设备标识: 12012
描述: [qrcode: 12012] Device Offline
[2026-06-03 08:42:31] [INFO] [persistInsert] 持久化插入
警报ID: 2120122001
告警类型: 2001(Device Offline)
警报级别: 2(错误/Error)
设备标识: 12012
发生时间: 2026-06-03 08:42:31
描述: [qrcode: 12012] Device Offline
[2026-06-03 08:42:31] [WARN] [submitAlarm] 提交警报
警报ID: 2120282001
告警类型: 2001(Device Offline)
警报级别: 2(错误/Error)
设备标识: 12028
描述: [qrcode: 12028] Device Offline
[2026-06-03 08:42:31] [INFO] [persistInsert] 持久化插入
警报ID: 2120282001
告警类型: 2001(Device Offline)
警报级别: 2(错误/Error)
设备标识: 12028
发生时间: 2026-06-03 08:42:31
描述: [qrcode: 12028] Device Offline
[2026-06-03 08:42:31] [WARN] [submitAlarm] 提交警报
警报ID: 2120012001
告警类型: 2001(Device Offline)
警报级别: 2(错误/Error)
设备标识: 12001
描述: [qrcode: 12001] Device Offline
[2026-06-03 08:42:31] [INFO] [persistInsert] 持久化插入
警报ID: 2120012001
告警类型: 2001(Device Offline)
警报级别: 2(错误/Error)
设备标识: 12001
发生时间: 2026-06-03 08:42:31
描述: [qrcode: 12001] Device Offline
[2026-06-03 08:42:31] [WARN] [submitAlarm] 提交警报
警报ID: 2120322001
告警类型: 2001(Device Offline)
警报级别: 2(错误/Error)
设备标识: 12032
描述: [qrcode: 12032] Device Offline
[2026-06-03 08:42:31] [INFO] [persistInsert] 持久化插入
警报ID: 2120322001
告警类型: 2001(Device Offline)
警报级别: 2(错误/Error)
设备标识: 12032
发生时间: 2026-06-03 08:42:31
描述: [qrcode: 12032] Device Offline
[2026-06-03 08:42:31] [WARN] [submitAlarm] 提交警报
警报ID: 2120372001
告警类型: 2001(Device Offline)
警报级别: 2(错误/Error)
设备标识: 12037
描述: [qrcode: 12037] Device Offline
[2026-06-03 08:42:31] [INFO] [persistInsert] 持久化插入
警报ID: 2120372001
告警类型: 2001(Device Offline)
警报级别: 2(错误/Error)
设备标识: 12037
发生时间: 2026-06-03 08:42:31
描述: [qrcode: 12037] Device Offline
[2026-06-03 08:42:31] [WARN] [submitAlarm] 提交警报
警报ID: 2120242001
告警类型: 2001(Device Offline)
警报级别: 2(错误/Error)
设备标识: 12024
描述: [qrcode: 12024] Device Offline
[2026-06-03 08:42:31] [INFO] [persistInsert] 持久化插入
警报ID: 2120242001
告警类型: 2001(Device Offline)
警报级别: 2(错误/Error)
设备标识: 12024
发生时间: 2026-06-03 08:42:31
描述: [qrcode: 12024] Device Offline
[2026-06-03 08:42:31] [WARN] [submitAlarm] 提交警报
警报ID: 2120342001
告警类型: 2001(Device Offline)
警报级别: 2(错误/Error)
设备标识: 12034
描述: [qrcode: 12034] Device Offline
[2026-06-03 08:42:31] [INFO] [persistInsert] 持久化插入
警报ID: 2120342001
告警类型: 2001(Device Offline)
警报级别: 2(错误/Error)
设备标识: 12034
发生时间: 2026-06-03 08:42:31
描述: [qrcode: 12034] Device Offline
[2026-06-03 08:42:31] [WARN] [submitAlarm] 提交警报
警报ID: 2120222001
告警类型: 2001(Device Offline)
警报级别: 2(错误/Error)
设备标识: 12022
描述: [qrcode: 12022] Device Offline
[2026-06-03 08:42:31] [INFO] [persistInsert] 持久化插入
警报ID: 2120222001
告警类型: 2001(Device Offline)
警报级别: 2(错误/Error)
设备标识: 12022
发生时间: 2026-06-03 08:42:31
描述: [qrcode: 12022] Device Offline
[2026-06-03 08:42:31] [WARN] [submitAlarm] 提交警报
警报ID: 2120252001
告警类型: 2001(Device Offline)
警报级别: 2(错误/Error)
设备标识: 12025
描述: [qrcode: 12025] Device Offline
[2026-06-03 08:42:31] [INFO] [persistInsert] 持久化插入
警报ID: 2120252001
告警类型: 2001(Device Offline)
警报级别: 2(错误/Error)
设备标识: 12025
发生时间: 2026-06-03 08:42:31
描述: [qrcode: 12025] Device Offline
[2026-06-03 08:42:31] [WARN] [submitAlarm] 提交警报
警报ID: 2120302001
告警类型: 2001(Device Offline)
警报级别: 2(错误/Error)
设备标识: 12030
描述: [qrcode: 12030] Device Offline
[2026-06-03 08:42:31] [INFO] [persistInsert] 持久化插入
警报ID: 2120302001
告警类型: 2001(Device Offline)
警报级别: 2(错误/Error)
设备标识: 12030
发生时间: 2026-06-03 08:42:31
描述: [qrcode: 12030] Device Offline
[2026-06-03 08:42:31] [WARN] [submitAlarm] 提交警报
警报ID: 2120362001
告警类型: 2001(Device Offline)
警报级别: 2(错误/Error)
设备标识: 12036
描述: [qrcode: 12036] Device Offline
[2026-06-03 08:42:31] [INFO] [persistInsert] 持久化插入
警报ID: 2120362001
告警类型: 2001(Device Offline)
警报级别: 2(错误/Error)
设备标识: 12036
发生时间: 2026-06-03 08:42:31
描述: [qrcode: 12036] Device Offline
[2026-06-03 08:42:31] [WARN] [submitAlarm] 提交警报
警报ID: 2120332001
告警类型: 2001(Device Offline)
警报级别: 2(错误/Error)
设备标识: 12033
描述: [qrcode: 12033] Device Offline
[2026-06-03 08:42:31] [INFO] [persistInsert] 持久化插入
警报ID: 2120332001
告警类型: 2001(Device Offline)
警报级别: 2(错误/Error)
设备标识: 12033
发生时间: 2026-06-03 08:42:31
描述: [qrcode: 12033] Device Offline
[2026-06-03 08:42:31] [WARN] [submitAlarm] 提交警报
警报ID: 2120382001
告警类型: 2001(Device Offline)
警报级别: 2(错误/Error)
设备标识: 12038
描述: [qrcode: 12038] Device Offline
[2026-06-03 08:42:31] [INFO] [persistInsert] 持久化插入
警报ID: 2120382001
告警类型: 2001(Device Offline)
警报级别: 2(错误/Error)
设备标识: 12038
发生时间: 2026-06-03 08:42:31
描述: [qrcode: 12038] Device Offline
[2026-06-03 08:42:31] [WARN] [submitAlarm] 提交警报
警报ID: 2120272001
告警类型: 2001(Device Offline)
警报级别: 2(错误/Error)
设备标识: 12027
描述: [qrcode: 12027] Device Offline
[2026-06-03 08:42:31] [INFO] [persistInsert] 持久化插入
警报ID: 2120272001
告警类型: 2001(Device Offline)
警报级别: 2(错误/Error)
设备标识: 12027
发生时间: 2026-06-03 08:42:31
描述: [qrcode: 12027] Device Offline
[2026-06-03 08:42:31] [WARN] [submitAlarm] 提交警报
警报ID: 2120352001
告警类型: 2001(Device Offline)
警报级别: 2(错误/Error)
设备标识: 12035
描述: [qrcode: 12035] Device Offline
[2026-06-03 08:42:31] [INFO] [persistInsert] 持久化插入
警报ID: 2120352001
告警类型: 2001(Device Offline)
警报级别: 2(错误/Error)
设备标识: 12035
发生时间: 2026-06-03 08:42:31
描述: [qrcode: 12035] Device Offline
[2026-06-03 08:42:31] [WARN] [submitAlarm] 提交警报
警报ID: 2120262001
告警类型: 2001(Device Offline)
警报级别: 2(错误/Error)
设备标识: 12026
描述: [qrcode: 12026] Device Offline
[2026-06-03 08:42:31] [INFO] [persistInsert] 持久化插入
警报ID: 2120262001
告警类型: 2001(Device Offline)
警报级别: 2(错误/Error)
设备标识: 12026
发生时间: 2026-06-03 08:42:31
描述: [qrcode: 12026] Device Offline
[2026-06-03 08:42:31] [WARN] [submitAlarm] 提交警报
警报ID: 2120312001
告警类型: 2001(Device Offline)
警报级别: 2(错误/Error)
设备标识: 12031
描述: [qrcode: 12031] Device Offline
[2026-06-03 08:42:31] [INFO] [persistInsert] 持久化插入
警报ID: 2120312001
告警类型: 2001(Device Offline)
警报级别: 2(错误/Error)
设备标识: 12031
发生时间: 2026-06-03 08:42:31
描述: [qrcode: 12031] Device Offline
[2026-06-03 08:42:31] [WARN] [submitAlarm] 提交警报
警报ID: 2120292001
告警类型: 2001(Device Offline)
警报级别: 2(错误/Error)
设备标识: 12029
描述: [qrcode: 12029] Device Offline
[2026-06-03 08:42:31] [INFO] [persistInsert] 持久化插入
警报ID: 2120292001
告警类型: 2001(Device Offline)
警报级别: 2(错误/Error)
设备标识: 12029
发生时间: 2026-06-03 08:42:31
描述: [qrcode: 12029] Device Offline
[2026-06-03 08:42:31] [WARN] [submitAlarm] 提交警报
警报ID: 2120482001
告警类型: 2001(Device Offline)
警报级别: 2(错误/Error)
设备标识: 12048
描述: [qrcode: 12048] Device Offline
[2026-06-03 08:42:31] [INFO] [persistInsert] 持久化插入
警报ID: 2120482001
告警类型: 2001(Device Offline)
警报级别: 2(错误/Error)
设备标识: 12048
发生时间: 2026-06-03 08:42:31
描述: [qrcode: 12048] Device Offline
[2026-06-03 08:42:31] [INFO] [persistInsert] 持久化插入
警报ID: 2120622001
告警类型: 2001(Device Offline)
警报级别: 2(错误/Error)
设备标识: 12062
发生时间: 2026-06-03 08:42:31
描述: [qrcode: 12062] Device Offline
[2026-06-03 08:42:31] [WARN] [submitAlarm] 提交警报
警报ID: 2120632001
告警类型: 2001(Device Offline)
警报级别: 2(错误/Error)
设备标识: 12063
描述: [qrcode: 12063] Device Offline
[2026-06-03 08:42:31] [WARN] [submitAlarm] 提交警报
警报ID: 2120622001
告警类型: 2001(Device Offline)
警报级别: 2(错误/Error)
设备标识: 12062
描述: [qrcode: 12062] Device Offline
[2026-06-03 08:42:31] [INFO] [persistInsert] 持久化插入
警报ID: 2120632001
告警类型: 2001(Device Offline)
警报级别: 2(错误/Error)
设备标识: 12063
发生时间: 2026-06-03 08:42:31
描述: [qrcode: 12063] Device Offline
[2026-06-03 08:42:31] [WARN] [submitAlarm] 提交警报
警报ID: 2120472001
告警类型: 2001(Device Offline)
警报级别: 2(错误/Error)
设备标识: 12047
描述: [qrcode: 12047] Device Offline
[2026-06-03 08:42:31] [INFO] [persistInsert] 持久化插入
警报ID: 2120472001
告警类型: 2001(Device Offline)
警报级别: 2(错误/Error)
设备标识: 12047
发生时间: 2026-06-03 08:42:31
描述: [qrcode: 12047] Device Offline
[2026-06-03 08:42:31] [WARN] [submitAlarm] 提交警报
警报ID: 2120602001
告警类型: 2001(Device Offline)
警报级别: 2(错误/Error)
设备标识: 12060
描述: [qrcode: 12060] Device Offline
[2026-06-03 08:42:31] [INFO] [persistInsert] 持久化插入
警报ID: 2120602001
告警类型: 2001(Device Offline)
警报级别: 2(错误/Error)
设备标识: 12060
发生时间: 2026-06-03 08:42:31
描述: [qrcode: 12060] Device Offline
[2026-06-03 08:42:31] [WARN] [submitAlarm] 提交警报
警报ID: 2120512001
告警类型: 2001(Device Offline)
警报级别: 2(错误/Error)
设备标识: 12051
描述: [qrcode: 12051] Device Offline
[2026-06-03 08:42:31] [INFO] [persistInsert] 持久化插入
警报ID: 2120512001
告警类型: 2001(Device Offline)
警报级别: 2(错误/Error)
设备标识: 12051
发生时间: 2026-06-03 08:42:31
描述: [qrcode: 12051] Device Offline
[2026-06-03 08:42:31] [WARN] [submitAlarm] 提交警报
警报ID: 2120492001
告警类型: 2001(Device Offline)
警报级别: 2(错误/Error)
设备标识: 12049
描述: [qrcode: 12049] Device Offline
[2026-06-03 08:42:31] [INFO] [persistInsert] 持久化插入
警报ID: 2120492001
告警类型: 2001(Device Offline)
警报级别: 2(错误/Error)
设备标识: 12049
发生时间: 2026-06-03 08:42:31
描述: [qrcode: 12049] Device Offline
[2026-06-03 08:42:31] [WARN] [submitAlarm] 提交警报
警报ID: 2120502001
告警类型: 2001(Device Offline)
警报级别: 2(错误/Error)
设备标识: 12050
描述: [qrcode: 12050] Device Offline
[2026-06-03 08:42:31] [INFO] [persistInsert] 持久化插入
警报ID: 2120502001
告警类型: 2001(Device Offline)
警报级别: 2(错误/Error)
设备标识: 12050
发生时间: 2026-06-03 08:42:31
描述: [qrcode: 12050] Device Offline
[2026-06-03 08:42:31] [WARN] [submitAlarm] 提交警报
警报ID: 2120612001
告警类型: 2001(Device Offline)
警报级别: 2(错误/Error)
设备标识: 12061
描述: [qrcode: 12061] Device Offline
[2026-06-03 08:42:31] [INFO] [persistInsert] 持久化插入
警报ID: 2120612001
告警类型: 2001(Device Offline)
警报级别: 2(错误/Error)
设备标识: 12061
发生时间: 2026-06-03 08:42:31
描述: [qrcode: 12061] Device Offline
[2026-06-03 08:42:31] [WARN] [submitAlarm] 提交警报
警报ID: 2120542001
告警类型: 2001(Device Offline)
警报级别: 2(错误/Error)
设备标识: 12054
描述: [qrcode: 12054] Device Offline
[2026-06-03 08:42:31] [INFO] [persistInsert] 持久化插入
警报ID: 2120542001
告警类型: 2001(Device Offline)
警报级别: 2(错误/Error)
设备标识: 12054
发生时间: 2026-06-03 08:42:31
描述: [qrcode: 12054] Device Offline
[2026-06-03 08:42:31] [WARN] [submitAlarm] 提交警报
警报ID: 2120652001
告警类型: 2001(Device Offline)
警报级别: 2(错误/Error)
设备标识: 12065
描述: [qrcode: 12065] Device Offline
[2026-06-03 08:42:31] [INFO] [persistInsert] 持久化插入
警报ID: 2120652001
告警类型: 2001(Device Offline)
警报级别: 2(错误/Error)
设备标识: 12065
发生时间: 2026-06-03 08:42:31
描述: [qrcode: 12065] Device Offline
[2026-06-03 08:42:31] [WARN] [submitAlarm] 提交警报
警报ID: 2120592001
告警类型: 2001(Device Offline)
警报级别: 2(错误/Error)
设备标识: 12059
描述: [qrcode: 12059] Device Offline
[2026-06-03 08:42:31] [INFO] [persistInsert] 持久化插入
警报ID: 2120592001
告警类型: 2001(Device Offline)
警报级别: 2(错误/Error)
设备标识: 12059
发生时间: 2026-06-03 08:42:31
描述: [qrcode: 12059] Device Offline
[2026-06-03 08:42:31] [INFO] [persistInsert] 持久化插入
警报ID: 2120642001
告警类型: 2001(Device Offline)
警报级别: 2(错误/Error)
设备标识: 12064
发生时间: 2026-06-03 08:42:31
描述: [qrcode: 12064] Device Offline
[2026-06-03 08:42:31] [WARN] [submitAlarm] 提交警报
警报ID: 2120552001
告警类型: 2001(Device Offline)
警报级别: 2(错误/Error)
设备标识: 12055
描述: [qrcode: 12055] Device Offline
[2026-06-03 08:42:31] [INFO] [persistInsert] 持久化插入
警报ID: 2120552001
告警类型: 2001(Device Offline)
警报级别: 2(错误/Error)
设备标识: 12055
发生时间: 2026-06-03 08:42:31
描述: [qrcode: 12055] Device Offline
[2026-06-03 08:42:31] [WARN] [submitAlarm] 提交警报
警报ID: 2120532001
告警类型: 2001(Device Offline)
警报级别: 2(错误/Error)
设备标识: 12053
描述: [qrcode: 12053] Device Offline
[2026-06-03 08:42:31] [INFO] [persistInsert] 持久化插入
警报ID: 2120532001
告警类型: 2001(Device Offline)
警报级别: 2(错误/Error)
设备标识: 12053
发生时间: 2026-06-03 08:42:31
描述: [qrcode: 12053] Device Offline
[2026-06-03 08:42:31] [WARN] [submitAlarm] 提交警报
警报ID: 2120462001
告警类型: 2001(Device Offline)
警报级别: 2(错误/Error)
设备标识: 12046
描述: [qrcode: 12046] Device Offline
[2026-06-03 08:42:31] [INFO] [persistInsert] 持久化插入
警报ID: 2120462001
告警类型: 2001(Device Offline)
警报级别: 2(错误/Error)
设备标识: 12046
发生时间: 2026-06-03 08:42:31
描述: [qrcode: 12046] Device Offline
[2026-06-03 08:42:31] [WARN] [submitAlarm] 提交警报
警报ID: 2120642001
告警类型: 2001(Device Offline)
警报级别: 2(错误/Error)
设备标识: 12064
描述: [qrcode: 12064] Device Offline
[2026-06-03 08:42:31] [INFO] [persistInsert] 持久化插入
警报ID: 2120452001
告警类型: 2001(Device Offline)
警报级别: 2(错误/Error)
设备标识: 12045
发生时间: 2026-06-03 08:42:31
描述: [qrcode: 12045] Device Offline
[2026-06-03 08:42:31] [WARN] [submitAlarm] 提交警报
警报ID: 2120452001
告警类型: 2001(Device Offline)
警报级别: 2(错误/Error)
设备标识: 12045
描述: [qrcode: 12045] Device Offline
[2026-06-03 08:42:31] [WARN] [submitAlarm] 提交警报
警报ID: 2120442001
告警类型: 2001(Device Offline)
警报级别: 2(错误/Error)
设备标识: 12044
描述: [qrcode: 12044] Device Offline
[2026-06-03 08:42:31] [INFO] [persistInsert] 持久化插入
警报ID: 2120442001
告警类型: 2001(Device Offline)
警报级别: 2(错误/Error)
设备标识: 12044
发生时间: 2026-06-03 08:42:31
描述: [qrcode: 12044] Device Offline
[2026-06-03 08:42:31] [WARN] [submitAlarm] 提交警报
警报ID: 2120572001
告警类型: 2001(Device Offline)
警报级别: 2(错误/Error)
设备标识: 12057
描述: [qrcode: 12057] Device Offline
[2026-06-03 08:42:31] [INFO] [persistInsert] 持久化插入
警报ID: 2120572001
告警类型: 2001(Device Offline)
警报级别: 2(错误/Error)
设备标识: 12057
发生时间: 2026-06-03 08:42:31
描述: [qrcode: 12057] Device Offline
[2026-06-03 08:42:31] [WARN] [submitAlarm] 提交警报
警报ID: 2120582001
告警类型: 2001(Device Offline)
警报级别: 2(错误/Error)
设备标识: 12058
描述: [qrcode: 12058] Device Offline
[2026-06-03 08:42:31] [INFO] [persistInsert] 持久化插入
警报ID: 2120582001
告警类型: 2001(Device Offline)
警报级别: 2(错误/Error)
设备标识: 12058
发生时间: 2026-06-03 08:42:31
描述: [qrcode: 12058] Device Offline
[2026-06-03 08:42:31] [WARN] [submitAlarm] 提交警报
警报ID: 2120562001
告警类型: 2001(Device Offline)
警报级别: 2(错误/Error)
设备标识: 12056
描述: [qrcode: 12056] Device Offline
[2026-06-03 08:42:31] [INFO] [persistInsert] 持久化插入
警报ID: 2120562001
告警类型: 2001(Device Offline)
警报级别: 2(错误/Error)
设备标识: 12056
发生时间: 2026-06-03 08:42:31
描述: [qrcode: 12056] Device Offline
[2026-06-03 08:42:31] [WARN] [submitAlarm] 提交警报
警报ID: 2120522001
告警类型: 2001(Device Offline)
警报级别: 2(错误/Error)
设备标识: 12052
描述: [qrcode: 12052] Device Offline
[2026-06-03 08:42:31] [INFO] [persistInsert] 持久化插入
警报ID: 2120522001
告警类型: 2001(Device Offline)
警报级别: 2(错误/Error)
设备标识: 12052
发生时间: 2026-06-03 08:42:31
描述: [qrcode: 12052] Device Offline
[2026-06-03 08:42:31] [WARN] [submitAlarm] 提交警报
警报ID: 2120402001
告警类型: 2001(Device Offline)
警报级别: 2(错误/Error)
设备标识: 12040
描述: [qrcode: 12040] Device Offline
[2026-06-03 08:42:31] [INFO] [persistInsert] 持久化插入
警报ID: 2120402001
告警类型: 2001(Device Offline)
警报级别: 2(错误/Error)
设备标识: 12040
发生时间: 2026-06-03 08:42:31
描述: [qrcode: 12040] Device Offline
[2026-06-03 08:42:31] [WARN] [submitAlarm] 提交警报
警报ID: 2120392001
告警类型: 2001(Device Offline)
警报级别: 2(错误/Error)
设备标识: 12039
描述: [qrcode: 12039] Device Offline
[2026-06-03 08:42:31] [INFO] [persistInsert] 持久化插入
警报ID: 2120392001
告警类型: 2001(Device Offline)
警报级别: 2(错误/Error)
设备标识: 12039
发生时间: 2026-06-03 08:42:31
描述: [qrcode: 12039] Device Offline
[2026-06-03 08:42:31] [WARN] [submitAlarm] 提交警报
警报ID: 2120412001
告警类型: 2001(Device Offline)
警报级别: 2(错误/Error)
设备标识: 12041
描述: [qrcode: 12041] Device Offline
[2026-06-03 08:42:31] [INFO] [persistInsert] 持久化插入
警报ID: 2120412001
告警类型: 2001(Device Offline)
警报级别: 2(错误/Error)
设备标识: 12041
发生时间: 2026-06-03 08:42:31
描述: [qrcode: 12041] Device Offline
[2026-06-03 08:42:31] [WARN] [submitAlarm] 提交警报
警报ID: 2120422001
告警类型: 2001(Device Offline)
警报级别: 2(错误/Error)
设备标识: 12042
描述: [qrcode: 12042] Device Offline
[2026-06-03 08:42:31] [INFO] [persistInsert] 持久化插入
警报ID: 2120422001
告警类型: 2001(Device Offline)
警报级别: 2(错误/Error)
设备标识: 12042
发生时间: 2026-06-03 08:42:31
描述: [qrcode: 12042] Device Offline
[2026-06-03 08:42:31] [WARN] [submitAlarm] 提交警报
警报ID: 2120712001
告警类型: 2001(Device Offline)
警报级别: 2(错误/Error)
设备标识: 12071
描述: [qrcode: 12071] Device Offline
[2026-06-03 08:42:31] [INFO] [persistInsert] 持久化插入
警报ID: 2120712001
告警类型: 2001(Device Offline)
警报级别: 2(错误/Error)
设备标识: 12071
发生时间: 2026-06-03 08:42:31
描述: [qrcode: 12071] Device Offline
[2026-06-03 08:42:31] [WARN] [submitAlarm] 提交警报
警报ID: 2120702001
告警类型: 2001(Device Offline)
警报级别: 2(错误/Error)
设备标识: 12070
描述: [qrcode: 12070] Device Offline
[2026-06-03 08:42:31] [INFO] [persistInsert] 持久化插入
警报ID: 2120702001
告警类型: 2001(Device Offline)
警报级别: 2(错误/Error)
设备标识: 12070
发生时间: 2026-06-03 08:42:31
描述: [qrcode: 12070] Device Offline
[2026-06-03 08:42:31] [WARN] [submitAlarm] 提交警报
警报ID: 2120732001
告警类型: 2001(Device Offline)
警报级别: 2(错误/Error)
设备标识: 12073
描述: [qrcode: 12073] Device Offline
[2026-06-03 08:42:31] [INFO] [persistInsert] 持久化插入
警报ID: 2120732001
告警类型: 2001(Device Offline)
警报级别: 2(错误/Error)
设备标识: 12073
发生时间: 2026-06-03 08:42:31
描述: [qrcode: 12073] Device Offline
[2026-06-03 08:42:31] [WARN] [submitAlarm] 提交警报
警报ID: 2120772001
告警类型: 2001(Device Offline)
警报级别: 2(错误/Error)
设备标识: 12077
描述: [qrcode: 12077] Device Offline
[2026-06-03 08:42:31] [INFO] [persistInsert] 持久化插入
警报ID: 2120772001
告警类型: 2001(Device Offline)
警报级别: 2(错误/Error)
设备标识: 12077
发生时间: 2026-06-03 08:42:31
描述: [qrcode: 12077] Device Offline
[2026-06-03 08:42:31] [WARN] [submitAlarm] 提交警报
警报ID: 2120742001
告警类型: 2001(Device Offline)
警报级别: 2(错误/Error)
设备标识: 12074
描述: [qrcode: 12074] Device Offline
[2026-06-03 08:42:31] [INFO] [persistInsert] 持久化插入
警报ID: 2120742001
告警类型: 2001(Device Offline)
警报级别: 2(错误/Error)
设备标识: 12074
发生时间: 2026-06-03 08:42:31
描述: [qrcode: 12074] Device Offline
[2026-06-03 08:42:31] [WARN] [submitAlarm] 提交警报
警报ID: 2120682001
告警类型: 2001(Device Offline)
警报级别: 2(错误/Error)
设备标识: 12068
描述: [qrcode: 12068] Device Offline
[2026-06-03 08:42:31] [INFO] [persistInsert] 持久化插入
警报ID: 2120682001
告警类型: 2001(Device Offline)
警报级别: 2(错误/Error)
设备标识: 12068
发生时间: 2026-06-03 08:42:31
描述: [qrcode: 12068] Device Offline
[2026-06-03 08:42:31] [WARN] [submitAlarm] 提交警报
警报ID: 2120692001
告警类型: 2001(Device Offline)
警报级别: 2(错误/Error)
设备标识: 12069
描述: [qrcode: 12069] Device Offline
[2026-06-03 08:42:31] [INFO] [persistInsert] 持久化插入
警报ID: 2120692001
告警类型: 2001(Device Offline)
警报级别: 2(错误/Error)
设备标识: 12069
发生时间: 2026-06-03 08:42:31
描述: [qrcode: 12069] Device Offline
[2026-06-03 08:42:31] [WARN] [submitAlarm] 提交警报
警报ID: 2120662001
告警类型: 2001(Device Offline)
警报级别: 2(错误/Error)
设备标识: 12066
描述: [qrcode: 12066] Device Offline
[2026-06-03 08:42:31] [INFO] [persistInsert] 持久化插入
警报ID: 2120662001
告警类型: 2001(Device Offline)
警报级别: 2(错误/Error)
设备标识: 12066
发生时间: 2026-06-03 08:42:31
描述: [qrcode: 12066] Device Offline
[2026-06-03 08:42:31] [WARN] [submitAlarm] 提交警报
警报ID: 2120762001
告警类型: 2001(Device Offline)
警报级别: 2(错误/Error)
设备标识: 12076
描述: [qrcode: 12076] Device Offline
[2026-06-03 08:42:31] [INFO] [persistInsert] 持久化插入
警报ID: 2120762001
告警类型: 2001(Device Offline)
警报级别: 2(错误/Error)
设备标识: 12076
发生时间: 2026-06-03 08:42:31
描述: [qrcode: 12076] Device Offline
[2026-06-03 08:42:31] [WARN] [submitAlarm] 提交警报
警报ID: 2120722001
告警类型: 2001(Device Offline)
警报级别: 2(错误/Error)
设备标识: 12072
描述: [qrcode: 12072] Device Offline
[2026-06-03 08:42:31] [INFO] [persistInsert] 持久化插入
警报ID: 2120722001
告警类型: 2001(Device Offline)
警报级别: 2(错误/Error)
设备标识: 12072
发生时间: 2026-06-03 08:42:31
描述: [qrcode: 12072] Device Offline
[2026-06-03 08:42:31] [INFO] [persistInsert] 持久化插入
警报ID: 2120432001
告警类型: 2001(Device Offline)
警报级别: 2(错误/Error)
设备标识: 12043
发生时间: 2026-06-03 08:42:31
描述: [qrcode: 12043] Device Offline
[2026-06-03 08:42:31] [WARN] [submitAlarm] 提交警报
警报ID: 2120802001
告警类型: 2001(Device Offline)
警报级别: 2(错误/Error)
设备标识: 12080
描述: [qrcode: 12080] Device Offline
[2026-06-03 08:42:31] [INFO] [persistInsert] 持久化插入
警报ID: 2120802001
告警类型: 2001(Device Offline)
警报级别: 2(错误/Error)
设备标识: 12080
发生时间: 2026-06-03 08:42:31
描述: [qrcode: 12080] Device Offline
[2026-06-03 08:42:31] [WARN] [submitAlarm] 提交警报
警报ID: 2120782001
告警类型: 2001(Device Offline)
警报级别: 2(错误/Error)
设备标识: 12078
描述: [qrcode: 12078] Device Offline
[2026-06-03 08:42:31] [INFO] [persistInsert] 持久化插入
警报ID: 2120782001
告警类型: 2001(Device Offline)
警报级别: 2(错误/Error)
设备标识: 12078
发生时间: 2026-06-03 08:42:31
描述: [qrcode: 12078] Device Offline
[2026-06-03 08:42:31] [WARN] [submitAlarm] 提交警报
警报ID: 2120752001
告警类型: 2001(Device Offline)
警报级别: 2(错误/Error)
设备标识: 12075
描述: [qrcode: 12075] Device Offline
[2026-06-03 08:42:31] [INFO] [persistInsert] 持久化插入
警报ID: 2120752001
告警类型: 2001(Device Offline)
警报级别: 2(错误/Error)
设备标识: 12075
发生时间: 2026-06-03 08:42:31
描述: [qrcode: 12075] Device Offline
[2026-06-03 08:42:31] [WARN] [submitAlarm] 提交警报
警报ID: 2120432001
告警类型: 2001(Device Offline)
警报级别: 2(错误/Error)
设备标识: 12043
描述: [qrcode: 12043] Device Offline
[2026-06-03 08:42:31] [WARN] [submitAlarm] 提交警报
警报ID: 2120672001
告警类型: 2001(Device Offline)
警报级别: 2(错误/Error)
设备标识: 12067
描述: [qrcode: 12067] Device Offline
[2026-06-03 08:42:31] [INFO] [persistInsert] 持久化插入
警报ID: 2120672001
告警类型: 2001(Device Offline)
警报级别: 2(错误/Error)
设备标识: 12067
发生时间: 2026-06-03 08:42:31
描述: [qrcode: 12067] Device Offline
[2026-06-03 08:44:59] [WARN] [loadActiveFromDb] 恢复未解决警报
警报ID: 2120672001
告警类型: 2001(Device Offline)
警报级别: 2(错误/Error)
设备标识: 12067
描述: [qrcode: 12067] Device Offline
[2026-06-03 08:44:59] [WARN] [loadActiveFromDb] 恢复未解决警报
警报ID: 2120752001
告警类型: 2001(Device Offline)
警报级别: 2(错误/Error)
设备标识: 12075
描述: [qrcode: 12075] Device Offline
[2026-06-03 08:44:59] [WARN] [loadActiveFromDb] 恢复未解决警报
警报ID: 2120782001
告警类型: 2001(Device Offline)
警报级别: 2(错误/Error)
设备标识: 12078
描述: [qrcode: 12078] Device Offline
[2026-06-03 08:44:59] [WARN] [loadActiveFromDb] 恢复未解决警报
警报ID: 2120802001
告警类型: 2001(Device Offline)
警报级别: 2(错误/Error)
设备标识: 12080
描述: [qrcode: 12080] Device Offline
[2026-06-03 08:44:59] [WARN] [loadActiveFromDb] 恢复未解决警报
警报ID: 2120432001
告警类型: 2001(Device Offline)
警报级别: 2(错误/Error)
设备标识: 12043
描述: [qrcode: 12043] Device Offline
[2026-06-03 08:44:59] [WARN] [loadActiveFromDb] 恢复未解决警报
警报ID: 2120722001
告警类型: 2001(Device Offline)
警报级别: 2(错误/Error)
设备标识: 12072
描述: [qrcode: 12072] Device Offline
[2026-06-03 08:44:59] [WARN] [loadActiveFromDb] 恢复未解决警报
警报ID: 2120762001
告警类型: 2001(Device Offline)
警报级别: 2(错误/Error)
设备标识: 12076
描述: [qrcode: 12076] Device Offline
[2026-06-03 08:44:59] [WARN] [loadActiveFromDb] 恢复未解决警报
警报ID: 2120662001
告警类型: 2001(Device Offline)
警报级别: 2(错误/Error)
设备标识: 12066
描述: [qrcode: 12066] Device Offline
[2026-06-03 08:44:59] [WARN] [loadActiveFromDb] 恢复未解决警报
警报ID: 2120692001
告警类型: 2001(Device Offline)
警报级别: 2(错误/Error)
设备标识: 12069
描述: [qrcode: 12069] Device Offline
[2026-06-03 08:44:59] [WARN] [loadActiveFromDb] 恢复未解决警报
警报ID: 2120682001
告警类型: 2001(Device Offline)
警报级别: 2(错误/Error)
设备标识: 12068
描述: [qrcode: 12068] Device Offline
[2026-06-03 08:44:59] [WARN] [loadActiveFromDb] 恢复未解决警报
警报ID: 2120742001
告警类型: 2001(Device Offline)
警报级别: 2(错误/Error)
设备标识: 12074
描述: [qrcode: 12074] Device Offline
[2026-06-03 08:44:59] [WARN] [loadActiveFromDb] 恢复未解决警报
警报ID: 2120772001
告警类型: 2001(Device Offline)
警报级别: 2(错误/Error)
设备标识: 12077
描述: [qrcode: 12077] Device Offline
[2026-06-03 08:44:59] [WARN] [loadActiveFromDb] 恢复未解决警报
警报ID: 2120732001
告警类型: 2001(Device Offline)
警报级别: 2(错误/Error)
设备标识: 12073
描述: [qrcode: 12073] Device Offline
[2026-06-03 08:44:59] [WARN] [loadActiveFromDb] 恢复未解决警报
警报ID: 2120702001
告警类型: 2001(Device Offline)
警报级别: 2(错误/Error)
设备标识: 12070
描述: [qrcode: 12070] Device Offline
[2026-06-03 08:44:59] [WARN] [loadActiveFromDb] 恢复未解决警报
警报ID: 2120712001
告警类型: 2001(Device Offline)
警报级别: 2(错误/Error)
设备标识: 12071
描述: [qrcode: 12071] Device Offline
[2026-06-03 08:44:59] [WARN] [loadActiveFromDb] 恢复未解决警报
警报ID: 2120422001
告警类型: 2001(Device Offline)
警报级别: 2(错误/Error)
设备标识: 12042
描述: [qrcode: 12042] Device Offline
[2026-06-03 08:44:59] [WARN] [loadActiveFromDb] 恢复未解决警报
警报ID: 2120412001
告警类型: 2001(Device Offline)
警报级别: 2(错误/Error)
设备标识: 12041
描述: [qrcode: 12041] Device Offline
[2026-06-03 08:44:59] [WARN] [loadActiveFromDb] 恢复未解决警报
警报ID: 2120392001
告警类型: 2001(Device Offline)
警报级别: 2(错误/Error)
设备标识: 12039
描述: [qrcode: 12039] Device Offline
[2026-06-03 08:44:59] [WARN] [loadActiveFromDb] 恢复未解决警报
警报ID: 2120402001
告警类型: 2001(Device Offline)
警报级别: 2(错误/Error)
设备标识: 12040
描述: [qrcode: 12040] Device Offline
[2026-06-03 08:44:59] [WARN] [loadActiveFromDb] 恢复未解决警报
警报ID: 2120522001
告警类型: 2001(Device Offline)
警报级别: 2(错误/Error)
设备标识: 12052
描述: [qrcode: 12052] Device Offline
[2026-06-03 08:44:59] [WARN] [loadActiveFromDb] 恢复未解决警报
警报ID: 2120562001
告警类型: 2001(Device Offline)
警报级别: 2(错误/Error)
设备标识: 12056
描述: [qrcode: 12056] Device Offline
[2026-06-03 08:44:59] [WARN] [loadActiveFromDb] 恢复未解决警报
警报ID: 2120582001
告警类型: 2001(Device Offline)
警报级别: 2(错误/Error)
设备标识: 12058
描述: [qrcode: 12058] Device Offline
[2026-06-03 08:44:59] [WARN] [loadActiveFromDb] 恢复未解决警报
警报ID: 2120572001
告警类型: 2001(Device Offline)
警报级别: 2(错误/Error)
设备标识: 12057
描述: [qrcode: 12057] Device Offline
[2026-06-03 08:44:59] [WARN] [loadActiveFromDb] 恢复未解决警报
警报ID: 2120442001
告警类型: 2001(Device Offline)
警报级别: 2(错误/Error)
设备标识: 12044
描述: [qrcode: 12044] Device Offline
[2026-06-03 08:44:59] [WARN] [loadActiveFromDb] 恢复未解决警报
警报ID: 2120452001
告警类型: 2001(Device Offline)
警报级别: 2(错误/Error)
设备标识: 12045
描述: [qrcode: 12045] Device Offline
[2026-06-03 08:44:59] [WARN] [loadActiveFromDb] 恢复未解决警报
警报ID: 2120462001
告警类型: 2001(Device Offline)
警报级别: 2(错误/Error)
设备标识: 12046
描述: [qrcode: 12046] Device Offline
[2026-06-03 08:44:59] [WARN] [loadActiveFromDb] 恢复未解决警报
警报ID: 2120532001
告警类型: 2001(Device Offline)
警报级别: 2(错误/Error)
设备标识: 12053
描述: [qrcode: 12053] Device Offline
[2026-06-03 08:44:59] [WARN] [loadActiveFromDb] 恢复未解决警报
警报ID: 2120552001
告警类型: 2001(Device Offline)
警报级别: 2(错误/Error)
设备标识: 12055
描述: [qrcode: 12055] Device Offline
[2026-06-03 08:44:59] [WARN] [loadActiveFromDb] 恢复未解决警报
警报ID: 2120642001
告警类型: 2001(Device Offline)
警报级别: 2(错误/Error)
设备标识: 12064
描述: [qrcode: 12064] Device Offline
[2026-06-03 08:44:59] [WARN] [loadActiveFromDb] 恢复未解决警报
警报ID: 2120592001
告警类型: 2001(Device Offline)
警报级别: 2(错误/Error)
设备标识: 12059
描述: [qrcode: 12059] Device Offline
[2026-06-03 08:44:59] [WARN] [loadActiveFromDb] 恢复未解决警报
警报ID: 2120652001
告警类型: 2001(Device Offline)
警报级别: 2(错误/Error)
设备标识: 12065
描述: [qrcode: 12065] Device Offline
[2026-06-03 08:44:59] [WARN] [loadActiveFromDb] 恢复未解决警报
警报ID: 2120542001
告警类型: 2001(Device Offline)
警报级别: 2(错误/Error)
设备标识: 12054
描述: [qrcode: 12054] Device Offline
[2026-06-03 08:44:59] [WARN] [loadActiveFromDb] 恢复未解决警报
警报ID: 2120612001
告警类型: 2001(Device Offline)
警报级别: 2(错误/Error)
设备标识: 12061
描述: [qrcode: 12061] Device Offline
[2026-06-03 08:44:59] [WARN] [loadActiveFromDb] 恢复未解决警报
警报ID: 2120502001
告警类型: 2001(Device Offline)
警报级别: 2(错误/Error)
设备标识: 12050
描述: [qrcode: 12050] Device Offline
[2026-06-03 08:44:59] [WARN] [loadActiveFromDb] 恢复未解决警报
警报ID: 2120492001
告警类型: 2001(Device Offline)
警报级别: 2(错误/Error)
设备标识: 12049
描述: [qrcode: 12049] Device Offline
[2026-06-03 08:44:59] [WARN] [loadActiveFromDb] 恢复未解决警报
警报ID: 2120512001
告警类型: 2001(Device Offline)
警报级别: 2(错误/Error)
设备标识: 12051
描述: [qrcode: 12051] Device Offline
[2026-06-03 08:44:59] [WARN] [loadActiveFromDb] 恢复未解决警报
警报ID: 2120602001
告警类型: 2001(Device Offline)
警报级别: 2(错误/Error)
设备标识: 12060
描述: [qrcode: 12060] Device Offline
[2026-06-03 08:44:59] [WARN] [loadActiveFromDb] 恢复未解决警报
警报ID: 2120472001
告警类型: 2001(Device Offline)
警报级别: 2(错误/Error)
设备标识: 12047
描述: [qrcode: 12047] Device Offline
[2026-06-03 08:44:59] [WARN] [loadActiveFromDb] 恢复未解决警报
警报ID: 2120632001
告警类型: 2001(Device Offline)
警报级别: 2(错误/Error)
设备标识: 12063
描述: [qrcode: 12063] Device Offline
[2026-06-03 08:44:59] [WARN] [loadActiveFromDb] 恢复未解决警报
警报ID: 2120622001
告警类型: 2001(Device Offline)
警报级别: 2(错误/Error)
设备标识: 12062
描述: [qrcode: 12062] Device Offline
[2026-06-03 08:44:59] [WARN] [loadActiveFromDb] 恢复未解决警报
警报ID: 2120482001
告警类型: 2001(Device Offline)
警报级别: 2(错误/Error)
设备标识: 12048
描述: [qrcode: 12048] Device Offline
[2026-06-03 08:44:59] [WARN] [loadActiveFromDb] 恢复未解决警报
警报ID: 2120292001
告警类型: 2001(Device Offline)
警报级别: 2(错误/Error)
设备标识: 12029
描述: [qrcode: 12029] Device Offline
[2026-06-03 08:44:59] [WARN] [loadActiveFromDb] 恢复未解决警报
警报ID: 2120312001
告警类型: 2001(Device Offline)
警报级别: 2(错误/Error)
设备标识: 12031
描述: [qrcode: 12031] Device Offline
[2026-06-03 08:44:59] [WARN] [loadActiveFromDb] 恢复未解决警报
警报ID: 2120262001
告警类型: 2001(Device Offline)
警报级别: 2(错误/Error)
设备标识: 12026
描述: [qrcode: 12026] Device Offline
[2026-06-03 08:44:59] [WARN] [loadActiveFromDb] 恢复未解决警报
警报ID: 2120352001
告警类型: 2001(Device Offline)
警报级别: 2(错误/Error)
设备标识: 12035
描述: [qrcode: 12035] Device Offline
[2026-06-03 08:44:59] [WARN] [loadActiveFromDb] 恢复未解决警报
警报ID: 2120272001
告警类型: 2001(Device Offline)
警报级别: 2(错误/Error)
设备标识: 12027
描述: [qrcode: 12027] Device Offline
[2026-06-03 08:44:59] [WARN] [loadActiveFromDb] 恢复未解决警报
警报ID: 2120382001
告警类型: 2001(Device Offline)
警报级别: 2(错误/Error)
设备标识: 12038
描述: [qrcode: 12038] Device Offline
[2026-06-03 08:44:59] [WARN] [loadActiveFromDb] 恢复未解决警报
警报ID: 2120332001
告警类型: 2001(Device Offline)
警报级别: 2(错误/Error)
设备标识: 12033
描述: [qrcode: 12033] Device Offline
[2026-06-03 08:44:59] [WARN] [loadActiveFromDb] 恢复未解决警报
警报ID: 2120362001
告警类型: 2001(Device Offline)
警报级别: 2(错误/Error)
设备标识: 12036
描述: [qrcode: 12036] Device Offline
[2026-06-03 08:44:59] [WARN] [loadActiveFromDb] 恢复未解决警报
警报ID: 2120302001
告警类型: 2001(Device Offline)
警报级别: 2(错误/Error)
设备标识: 12030
描述: [qrcode: 12030] Device Offline
[2026-06-03 08:44:59] [WARN] [loadActiveFromDb] 恢复未解决警报
警报ID: 2120252001
告警类型: 2001(Device Offline)
警报级别: 2(错误/Error)
设备标识: 12025
描述: [qrcode: 12025] Device Offline
[2026-06-03 08:44:59] [WARN] [loadActiveFromDb] 恢复未解决警报
警报ID: 2120222001
告警类型: 2001(Device Offline)
警报级别: 2(错误/Error)
设备标识: 12022
描述: [qrcode: 12022] Device Offline
[2026-06-03 08:44:59] [WARN] [loadActiveFromDb] 恢复未解决警报
警报ID: 2120342001
告警类型: 2001(Device Offline)
警报级别: 2(错误/Error)
设备标识: 12034
描述: [qrcode: 12034] Device Offline
[2026-06-03 08:44:59] [WARN] [loadActiveFromDb] 恢复未解决警报
警报ID: 2120242001
告警类型: 2001(Device Offline)
警报级别: 2(错误/Error)
设备标识: 12024
描述: [qrcode: 12024] Device Offline
[2026-06-03 08:44:59] [WARN] [loadActiveFromDb] 恢复未解决警报
警报ID: 2120372001
告警类型: 2001(Device Offline)
警报级别: 2(错误/Error)
设备标识: 12037
描述: [qrcode: 12037] Device Offline
[2026-06-03 08:44:59] [WARN] [loadActiveFromDb] 恢复未解决警报
警报ID: 2120322001
告警类型: 2001(Device Offline)
警报级别: 2(错误/Error)
设备标识: 12032
描述: [qrcode: 12032] Device Offline
[2026-06-03 08:44:59] [WARN] [loadActiveFromDb] 恢复未解决警报
警报ID: 2120012001
告警类型: 2001(Device Offline)
警报级别: 2(错误/Error)
设备标识: 12001
描述: [qrcode: 12001] Device Offline
[2026-06-03 08:44:59] [WARN] [loadActiveFromDb] 恢复未解决警报
警报ID: 2120282001
告警类型: 2001(Device Offline)
警报级别: 2(错误/Error)
设备标识: 12028
描述: [qrcode: 12028] Device Offline
[2026-06-03 08:44:59] [WARN] [loadActiveFromDb] 恢复未解决警报
警报ID: 2120122001
告警类型: 2001(Device Offline)
警报级别: 2(错误/Error)
设备标识: 12012
描述: [qrcode: 12012] Device Offline
[2026-06-03 08:44:59] [WARN] [loadActiveFromDb] 恢复未解决警报
警报ID: 2120072001
告警类型: 2001(Device Offline)
警报级别: 2(错误/Error)
设备标识: 12007
描述: [qrcode: 12007] Device Offline
[2026-06-03 08:44:59] [WARN] [loadActiveFromDb] 恢复未解决警报
警报ID: 2120102001
告警类型: 2001(Device Offline)
警报级别: 2(错误/Error)
设备标识: 12010
描述: [qrcode: 12010] Device Offline
[2026-06-03 08:44:59] [WARN] [loadActiveFromDb] 恢复未解决警报
警报ID: 2120152001
告警类型: 2001(Device Offline)
警报级别: 2(错误/Error)
设备标识: 12015
描述: [qrcode: 12015] Device Offline
[2026-06-03 08:44:59] [WARN] [loadActiveFromDb] 恢复未解决警报
警报ID: 2120162001
告警类型: 2001(Device Offline)
警报级别: 2(错误/Error)
设备标识: 12016
描述: [qrcode: 12016] Device Offline
[2026-06-03 08:44:59] [WARN] [loadActiveFromDb] 恢复未解决警报
警报ID: 2120132001
告警类型: 2001(Device Offline)
警报级别: 2(错误/Error)
设备标识: 12013
描述: [qrcode: 12013] Device Offline
[2026-06-03 08:44:59] [WARN] [loadActiveFromDb] 恢复未解决警报
警报ID: 2120022001
告警类型: 2001(Device Offline)
警报级别: 2(错误/Error)
设备标识: 12002
描述: [qrcode: 12002] Device Offline
[2026-06-03 08:44:59] [WARN] [loadActiveFromDb] 恢复未解决警报
警报ID: 2120052001
告警类型: 2001(Device Offline)
警报级别: 2(错误/Error)
设备标识: 12005
描述: [qrcode: 12005] Device Offline
[2026-06-03 08:44:59] [WARN] [loadActiveFromDb] 恢复未解决警报
警报ID: 2120112001
告警类型: 2001(Device Offline)
警报级别: 2(错误/Error)
设备标识: 12011
描述: [qrcode: 12011] Device Offline
[2026-06-03 08:44:59] [WARN] [loadActiveFromDb] 恢复未解决警报
警报ID: 2120172001
告警类型: 2001(Device Offline)
警报级别: 2(错误/Error)
设备标识: 12017
描述: [qrcode: 12017] Device Offline
[2026-06-03 08:44:59] [WARN] [loadActiveFromDb] 恢复未解决警报
警报ID: 2120232001
告警类型: 2001(Device Offline)
警报级别: 2(错误/Error)
设备标识: 12023
描述: [qrcode: 12023] Device Offline
[2026-06-03 08:44:59] [WARN] [loadActiveFromDb] 恢复未解决警报
警报ID: 2120082001
告警类型: 2001(Device Offline)
警报级别: 2(错误/Error)
设备标识: 12008
描述: [qrcode: 12008] Device Offline
[2026-06-03 08:44:59] [WARN] [loadActiveFromDb] 恢复未解决警报
警报ID: 2120202001
告警类型: 2001(Device Offline)
警报级别: 2(错误/Error)
设备标识: 12020
描述: [qrcode: 12020] Device Offline
[2026-06-03 08:44:59] [WARN] [loadActiveFromDb] 恢复未解决警报
警报ID: 2120212001
告警类型: 2001(Device Offline)
警报级别: 2(错误/Error)
设备标识: 12021
描述: [qrcode: 12021] Device Offline
[2026-06-03 08:44:59] [WARN] [loadActiveFromDb] 恢复未解决警报
警报ID: 2120032001
告警类型: 2001(Device Offline)
警报级别: 2(错误/Error)
设备标识: 12003
描述: [qrcode: 12003] Device Offline
[2026-06-03 08:44:59] [WARN] [loadActiveFromDb] 恢复未解决警报
警报ID: 2120192001
告警类型: 2001(Device Offline)
警报级别: 2(错误/Error)
设备标识: 12019
描述: [qrcode: 12019] Device Offline
[2026-06-03 08:44:59] [WARN] [loadActiveFromDb] 恢复未解决警报
警报ID: 2120062001
告警类型: 2001(Device Offline)
警报级别: 2(错误/Error)
设备标识: 12006
描述: [qrcode: 12006] Device Offline
[2026-06-03 08:44:59] [WARN] [loadActiveFromDb] 恢复未解决警报
警报ID: 2120042001
告警类型: 2001(Device Offline)
警报级别: 2(错误/Error)
设备标识: 12004
描述: [qrcode: 12004] Device Offline
[2026-06-03 08:44:59] [WARN] [loadActiveFromDb] 恢复未解决警报
警报ID: 2120092001
告警类型: 2001(Device Offline)
警报级别: 2(错误/Error)
设备标识: 12009
描述: [qrcode: 12009] Device Offline
[2026-06-03 08:44:59] [WARN] [loadActiveFromDb] 恢复未解决警报
警报ID: 2120182001
告警类型: 2001(Device Offline)
警报级别: 2(错误/Error)
设备标识: 12018
描述: [qrcode: 12018] Device Offline
[2026-06-03 08:44:59] [WARN] [loadActiveFromDb] 恢复未解决警报
警报ID: 2120792001
告警类型: 2001(Device Offline)
警报级别: 2(错误/Error)
设备标识: 12079
描述: [qrcode: 12079] Device Offline
[2026-06-03 08:44:59] [WARN] [loadActiveFromDb] 恢复未解决警报
警报ID: 2120142001
告警类型: 2001(Device Offline)
警报级别: 2(错误/Error)
设备标识: 12014
描述: [qrcode: 12014] Device Offline
[2026-06-03 08:45:18] [WARN] [loadActiveFromDb] 恢复未解决警报
警报ID: 2120672001
告警类型: 2001(Device Offline)
警报级别: 2(错误/Error)
设备标识: 12067
描述: [qrcode: 12067] Device Offline
[2026-06-03 08:45:18] [WARN] [loadActiveFromDb] 恢复未解决警报
警报ID: 2120752001
告警类型: 2001(Device Offline)
警报级别: 2(错误/Error)
设备标识: 12075
描述: [qrcode: 12075] Device Offline
[2026-06-03 08:45:18] [WARN] [loadActiveFromDb] 恢复未解决警报
警报ID: 2120802001
告警类型: 2001(Device Offline)
警报级别: 2(错误/Error)
设备标识: 12080
描述: [qrcode: 12080] Device Offline
[2026-06-03 08:45:18] [WARN] [loadActiveFromDb] 恢复未解决警报
警报ID: 2120762001
告警类型: 2001(Device Offline)
警报级别: 2(错误/Error)
设备标识: 12076
描述: [qrcode: 12076] Device Offline
[2026-06-03 08:45:18] [WARN] [loadActiveFromDb] 恢复未解决警报
警报ID: 2120662001
告警类型: 2001(Device Offline)
警报级别: 2(错误/Error)
设备标识: 12066
描述: [qrcode: 12066] Device Offline
[2026-06-03 08:45:18] [WARN] [loadActiveFromDb] 恢复未解决警报
警报ID: 2120692001
告警类型: 2001(Device Offline)
警报级别: 2(错误/Error)
设备标识: 12069
描述: [qrcode: 12069] Device Offline
[2026-06-03 08:45:18] [WARN] [loadActiveFromDb] 恢复未解决警报
警报ID: 2120682001
告警类型: 2001(Device Offline)
警报级别: 2(错误/Error)
设备标识: 12068
描述: [qrcode: 12068] Device Offline
[2026-06-03 08:45:18] [WARN] [loadActiveFromDb] 恢复未解决警报
警报ID: 2120742001
告警类型: 2001(Device Offline)
警报级别: 2(错误/Error)
设备标识: 12074
描述: [qrcode: 12074] Device Offline
[2026-06-03 08:45:18] [WARN] [loadActiveFromDb] 恢复未解决警报
警报ID: 2120772001
告警类型: 2001(Device Offline)
警报级别: 2(错误/Error)
设备标识: 12077
描述: [qrcode: 12077] Device Offline
[2026-06-03 08:45:18] [WARN] [loadActiveFromDb] 恢复未解决警报
警报ID: 2120732001
告警类型: 2001(Device Offline)
警报级别: 2(错误/Error)
设备标识: 12073
描述: [qrcode: 12073] Device Offline
[2026-06-03 08:45:18] [WARN] [loadActiveFromDb] 恢复未解决警报
警报ID: 2120702001
告警类型: 2001(Device Offline)
警报级别: 2(错误/Error)
设备标识: 12070
描述: [qrcode: 12070] Device Offline
[2026-06-03 08:45:18] [WARN] [loadActiveFromDb] 恢复未解决警报
警报ID: 2120712001
告警类型: 2001(Device Offline)
警报级别: 2(错误/Error)
设备标识: 12071
描述: [qrcode: 12071] Device Offline
[2026-06-03 08:45:18] [WARN] [loadActiveFromDb] 恢复未解决警报
警报ID: 2120422001
告警类型: 2001(Device Offline)
警报级别: 2(错误/Error)
设备标识: 12042
描述: [qrcode: 12042] Device Offline
[2026-06-03 08:45:18] [WARN] [loadActiveFromDb] 恢复未解决警报
警报ID: 2120412001
告警类型: 2001(Device Offline)
警报级别: 2(错误/Error)
设备标识: 12041
描述: [qrcode: 12041] Device Offline
[2026-06-03 08:45:18] [WARN] [loadActiveFromDb] 恢复未解决警报
警报ID: 2120392001
告警类型: 2001(Device Offline)
警报级别: 2(错误/Error)
设备标识: 12039
描述: [qrcode: 12039] Device Offline
[2026-06-03 08:45:18] [WARN] [loadActiveFromDb] 恢复未解决警报
警报ID: 2120402001
告警类型: 2001(Device Offline)
警报级别: 2(错误/Error)
设备标识: 12040
描述: [qrcode: 12040] Device Offline
[2026-06-03 08:45:18] [WARN] [loadActiveFromDb] 恢复未解决警报
警报ID: 2120522001
告警类型: 2001(Device Offline)
警报级别: 2(错误/Error)
设备标识: 12052
描述: [qrcode: 12052] Device Offline
[2026-06-03 08:45:18] [WARN] [loadActiveFromDb] 恢复未解决警报
警报ID: 2120562001
告警类型: 2001(Device Offline)
警报级别: 2(错误/Error)
设备标识: 12056
描述: [qrcode: 12056] Device Offline
[2026-06-03 08:45:18] [WARN] [loadActiveFromDb] 恢复未解决警报
警报ID: 2120582001
告警类型: 2001(Device Offline)
警报级别: 2(错误/Error)
设备标识: 12058
描述: [qrcode: 12058] Device Offline
[2026-06-03 08:45:18] [WARN] [loadActiveFromDb] 恢复未解决警报
警报ID: 2120572001
告警类型: 2001(Device Offline)
警报级别: 2(错误/Error)
设备标识: 12057
描述: [qrcode: 12057] Device Offline
[2026-06-03 08:45:18] [WARN] [loadActiveFromDb] 恢复未解决警报
警报ID: 2120442001
告警类型: 2001(Device Offline)
警报级别: 2(错误/Error)
设备标识: 12044
描述: [qrcode: 12044] Device Offline
[2026-06-03 08:45:18] [WARN] [loadActiveFromDb] 恢复未解决警报
警报ID: 2120432001
告警类型: 2001(Device Offline)
警报级别: 2(错误/Error)
设备标识: 12043
描述: [qrcode: 12043] Device Offline
[2026-06-03 08:45:18] [WARN] [loadActiveFromDb] 恢复未解决警报
警报ID: 2120722001
告警类型: 2001(Device Offline)
警报级别: 2(错误/Error)
设备标识: 12072
描述: [qrcode: 12072] Device Offline
[2026-06-03 08:45:18] [WARN] [loadActiveFromDb] 恢复未解决警报
警报ID: 2120782001
告警类型: 2001(Device Offline)
警报级别: 2(错误/Error)
设备标识: 12078
描述: [qrcode: 12078] Device Offline
[2026-06-03 08:45:18] [WARN] [loadActiveFromDb] 恢复未解决警报
警报ID: 2120452001
告警类型: 2001(Device Offline)
警报级别: 2(错误/Error)
设备标识: 12045
描述: [qrcode: 12045] Device Offline
[2026-06-03 08:45:18] [WARN] [loadActiveFromDb] 恢复未解决警报
警报ID: 2120462001
告警类型: 2001(Device Offline)
警报级别: 2(错误/Error)
设备标识: 12046
描述: [qrcode: 12046] Device Offline
[2026-06-03 08:45:18] [WARN] [loadActiveFromDb] 恢复未解决警报
警报ID: 2120532001
告警类型: 2001(Device Offline)
警报级别: 2(错误/Error)
设备标识: 12053
描述: [qrcode: 12053] Device Offline
[2026-06-03 08:45:18] [WARN] [loadActiveFromDb] 恢复未解决警报
警报ID: 2120552001
告警类型: 2001(Device Offline)
警报级别: 2(错误/Error)
设备标识: 12055
描述: [qrcode: 12055] Device Offline
[2026-06-03 08:45:18] [WARN] [loadActiveFromDb] 恢复未解决警报
警报ID: 2120642001
告警类型: 2001(Device Offline)
警报级别: 2(错误/Error)
设备标识: 12064
描述: [qrcode: 12064] Device Offline
[2026-06-03 08:45:18] [WARN] [loadActiveFromDb] 恢复未解决警报
警报ID: 2120592001
告警类型: 2001(Device Offline)
警报级别: 2(错误/Error)
设备标识: 12059
描述: [qrcode: 12059] Device Offline
[2026-06-03 08:45:18] [WARN] [loadActiveFromDb] 恢复未解决警报
警报ID: 2120652001
告警类型: 2001(Device Offline)
警报级别: 2(错误/Error)
设备标识: 12065
描述: [qrcode: 12065] Device Offline
[2026-06-03 08:45:18] [WARN] [loadActiveFromDb] 恢复未解决警报
警报ID: 2120542001
告警类型: 2001(Device Offline)
警报级别: 2(错误/Error)
设备标识: 12054
描述: [qrcode: 12054] Device Offline
[2026-06-03 08:45:18] [WARN] [loadActiveFromDb] 恢复未解决警报
警报ID: 2120612001
告警类型: 2001(Device Offline)
警报级别: 2(错误/Error)
设备标识: 12061
描述: [qrcode: 12061] Device Offline
[2026-06-03 08:45:18] [WARN] [loadActiveFromDb] 恢复未解决警报
警报ID: 2120502001
告警类型: 2001(Device Offline)
警报级别: 2(错误/Error)
设备标识: 12050
描述: [qrcode: 12050] Device Offline
[2026-06-03 08:45:18] [WARN] [loadActiveFromDb] 恢复未解决警报
警报ID: 2120492001
告警类型: 2001(Device Offline)
警报级别: 2(错误/Error)
设备标识: 12049
描述: [qrcode: 12049] Device Offline
[2026-06-03 08:45:18] [WARN] [loadActiveFromDb] 恢复未解决警报
警报ID: 2120512001
告警类型: 2001(Device Offline)
警报级别: 2(错误/Error)
设备标识: 12051
描述: [qrcode: 12051] Device Offline
[2026-06-03 08:45:18] [WARN] [loadActiveFromDb] 恢复未解决警报
警报ID: 2120472001
告警类型: 2001(Device Offline)
警报级别: 2(错误/Error)
设备标识: 12047
描述: [qrcode: 12047] Device Offline
[2026-06-03 08:45:18] [WARN] [loadActiveFromDb] 恢复未解决警报
警报ID: 2120632001
告警类型: 2001(Device Offline)
警报级别: 2(错误/Error)
设备标识: 12063
描述: [qrcode: 12063] Device Offline
[2026-06-03 08:45:18] [WARN] [loadActiveFromDb] 恢复未解决警报
警报ID: 2120622001
告警类型: 2001(Device Offline)
警报级别: 2(错误/Error)
设备标识: 12062
描述: [qrcode: 12062] Device Offline
[2026-06-03 08:45:18] [WARN] [loadActiveFromDb] 恢复未解决警报
警报ID: 2120482001
告警类型: 2001(Device Offline)
警报级别: 2(错误/Error)
设备标识: 12048
描述: [qrcode: 12048] Device Offline
[2026-06-03 08:45:18] [WARN] [loadActiveFromDb] 恢复未解决警报
警报ID: 2120292001
告警类型: 2001(Device Offline)
警报级别: 2(错误/Error)
设备标识: 12029
描述: [qrcode: 12029] Device Offline
[2026-06-03 08:45:18] [WARN] [loadActiveFromDb] 恢复未解决警报
警报ID: 2120312001
告警类型: 2001(Device Offline)
警报级别: 2(错误/Error)
设备标识: 12031
描述: [qrcode: 12031] Device Offline
[2026-06-03 08:45:18] [WARN] [loadActiveFromDb] 恢复未解决警报
警报ID: 2120262001
告警类型: 2001(Device Offline)
警报级别: 2(错误/Error)
设备标识: 12026
描述: [qrcode: 12026] Device Offline
[2026-06-03 08:45:18] [WARN] [loadActiveFromDb] 恢复未解决警报
警报ID: 2120352001
告警类型: 2001(Device Offline)
警报级别: 2(错误/Error)
设备标识: 12035
描述: [qrcode: 12035] Device Offline
[2026-06-03 08:45:18] [WARN] [loadActiveFromDb] 恢复未解决警报
警报ID: 2120272001
告警类型: 2001(Device Offline)
警报级别: 2(错误/Error)
设备标识: 12027
描述: [qrcode: 12027] Device Offline
[2026-06-03 08:45:18] [WARN] [loadActiveFromDb] 恢复未解决警报
警报ID: 2120382001
告警类型: 2001(Device Offline)
警报级别: 2(错误/Error)
设备标识: 12038
描述: [qrcode: 12038] Device Offline
[2026-06-03 08:45:18] [WARN] [loadActiveFromDb] 恢复未解决警报
警报ID: 2120332001
告警类型: 2001(Device Offline)
警报级别: 2(错误/Error)
设备标识: 12033
描述: [qrcode: 12033] Device Offline
[2026-06-03 08:45:18] [WARN] [loadActiveFromDb] 恢复未解决警报
警报ID: 2120362001
告警类型: 2001(Device Offline)
警报级别: 2(错误/Error)
设备标识: 12036
描述: [qrcode: 12036] Device Offline
[2026-06-03 08:45:18] [WARN] [loadActiveFromDb] 恢复未解决警报
警报ID: 2120302001
告警类型: 2001(Device Offline)
警报级别: 2(错误/Error)
设备标识: 12030
描述: [qrcode: 12030] Device Offline
[2026-06-03 08:45:18] [WARN] [loadActiveFromDb] 恢复未解决警报
警报ID: 2120252001
告警类型: 2001(Device Offline)
警报级别: 2(错误/Error)
设备标识: 12025
描述: [qrcode: 12025] Device Offline
[2026-06-03 08:45:18] [WARN] [loadActiveFromDb] 恢复未解决警报
警报ID: 2120222001
告警类型: 2001(Device Offline)
警报级别: 2(错误/Error)
设备标识: 12022
描述: [qrcode: 12022] Device Offline
[2026-06-03 08:45:18] [WARN] [loadActiveFromDb] 恢复未解决警报
警报ID: 2120342001
告警类型: 2001(Device Offline)
警报级别: 2(错误/Error)
设备标识: 12034
描述: [qrcode: 12034] Device Offline
[2026-06-03 08:45:18] [WARN] [loadActiveFromDb] 恢复未解决警报
警报ID: 2120242001
告警类型: 2001(Device Offline)
警报级别: 2(错误/Error)
设备标识: 12024
描述: [qrcode: 12024] Device Offline
[2026-06-03 08:45:18] [WARN] [loadActiveFromDb] 恢复未解决警报
警报ID: 2120372001
告警类型: 2001(Device Offline)
警报级别: 2(错误/Error)
设备标识: 12037
描述: [qrcode: 12037] Device Offline
[2026-06-03 08:45:18] [WARN] [loadActiveFromDb] 恢复未解决警报
警报ID: 2120322001
告警类型: 2001(Device Offline)
警报级别: 2(错误/Error)
设备标识: 12032
描述: [qrcode: 12032] Device Offline
[2026-06-03 08:45:18] [WARN] [loadActiveFromDb] 恢复未解决警报
警报ID: 2120012001
告警类型: 2001(Device Offline)
警报级别: 2(错误/Error)
设备标识: 12001
描述: [qrcode: 12001] Device Offline
[2026-06-03 08:45:18] [WARN] [loadActiveFromDb] 恢复未解决警报
警报ID: 2120282001
告警类型: 2001(Device Offline)
警报级别: 2(错误/Error)
设备标识: 12028
描述: [qrcode: 12028] Device Offline
[2026-06-03 08:45:18] [WARN] [loadActiveFromDb] 恢复未解决警报
警报ID: 2120602001
告警类型: 2001(Device Offline)
警报级别: 2(错误/Error)
设备标识: 12060
描述: [qrcode: 12060] Device Offline
[2026-06-03 08:45:18] [WARN] [loadActiveFromDb] 恢复未解决警报
警报ID: 2120122001
告警类型: 2001(Device Offline)
警报级别: 2(错误/Error)
设备标识: 12012
描述: [qrcode: 12012] Device Offline
[2026-06-03 08:45:18] [WARN] [loadActiveFromDb] 恢复未解决警报
警报ID: 2120072001
告警类型: 2001(Device Offline)
警报级别: 2(错误/Error)
设备标识: 12007
描述: [qrcode: 12007] Device Offline
[2026-06-03 08:45:18] [WARN] [loadActiveFromDb] 恢复未解决警报
警报ID: 2120102001
告警类型: 2001(Device Offline)
警报级别: 2(错误/Error)
设备标识: 12010
描述: [qrcode: 12010] Device Offline
[2026-06-03 08:45:18] [WARN] [loadActiveFromDb] 恢复未解决警报
警报ID: 2120152001
告警类型: 2001(Device Offline)
警报级别: 2(错误/Error)
设备标识: 12015
描述: [qrcode: 12015] Device Offline
[2026-06-03 08:45:18] [WARN] [loadActiveFromDb] 恢复未解决警报
警报ID: 2120162001
告警类型: 2001(Device Offline)
警报级别: 2(错误/Error)
设备标识: 12016
描述: [qrcode: 12016] Device Offline
[2026-06-03 08:45:18] [WARN] [loadActiveFromDb] 恢复未解决警报
警报ID: 2120132001
告警类型: 2001(Device Offline)
警报级别: 2(错误/Error)
设备标识: 12013
描述: [qrcode: 12013] Device Offline
[2026-06-03 08:45:18] [WARN] [loadActiveFromDb] 恢复未解决警报
警报ID: 2120092001
告警类型: 2001(Device Offline)
警报级别: 2(错误/Error)
设备标识: 12009
描述: [qrcode: 12009] Device Offline
[2026-06-03 08:45:18] [WARN] [loadActiveFromDb] 恢复未解决警报
警报ID: 2120142001
告警类型: 2001(Device Offline)
警报级别: 2(错误/Error)
设备标识: 12014
描述: [qrcode: 12014] Device Offline
[2026-06-03 08:45:18] [WARN] [loadActiveFromDb] 恢复未解决警报
警报ID: 2120022001
告警类型: 2001(Device Offline)
警报级别: 2(错误/Error)
设备标识: 12002
描述: [qrcode: 12002] Device Offline
[2026-06-03 08:45:18] [WARN] [loadActiveFromDb] 恢复未解决警报
警报ID: 2120052001
告警类型: 2001(Device Offline)
警报级别: 2(错误/Error)
设备标识: 12005
描述: [qrcode: 12005] Device Offline
[2026-06-03 08:45:18] [WARN] [loadActiveFromDb] 恢复未解决警报
警报ID: 2120112001
告警类型: 2001(Device Offline)
警报级别: 2(错误/Error)
设备标识: 12011
描述: [qrcode: 12011] Device Offline
[2026-06-03 08:45:18] [WARN] [loadActiveFromDb] 恢复未解决警报
警报ID: 2120232001
告警类型: 2001(Device Offline)
警报级别: 2(错误/Error)
设备标识: 12023
描述: [qrcode: 12023] Device Offline
[2026-06-03 08:45:18] [WARN] [loadActiveFromDb] 恢复未解决警报
警报ID: 2120082001
告警类型: 2001(Device Offline)
警报级别: 2(错误/Error)
设备标识: 12008
描述: [qrcode: 12008] Device Offline
[2026-06-03 08:45:18] [WARN] [loadActiveFromDb] 恢复未解决警报
警报ID: 2120202001
告警类型: 2001(Device Offline)
警报级别: 2(错误/Error)
设备标识: 12020
描述: [qrcode: 12020] Device Offline
[2026-06-03 08:45:18] [WARN] [loadActiveFromDb] 恢复未解决警报
警报ID: 2120212001
告警类型: 2001(Device Offline)
警报级别: 2(错误/Error)
设备标识: 12021
描述: [qrcode: 12021] Device Offline
[2026-06-03 08:45:18] [WARN] [loadActiveFromDb] 恢复未解决警报
警报ID: 2120032001
告警类型: 2001(Device Offline)
警报级别: 2(错误/Error)
设备标识: 12003
描述: [qrcode: 12003] Device Offline
[2026-06-03 08:45:18] [WARN] [loadActiveFromDb] 恢复未解决警报
警报ID: 2120192001
告警类型: 2001(Device Offline)
警报级别: 2(错误/Error)
设备标识: 12019
描述: [qrcode: 12019] Device Offline
[2026-06-03 08:45:18] [WARN] [loadActiveFromDb] 恢复未解决警报
警报ID: 2120062001
告警类型: 2001(Device Offline)
警报级别: 2(错误/Error)
设备标识: 12006
描述: [qrcode: 12006] Device Offline
[2026-06-03 08:45:18] [WARN] [loadActiveFromDb] 恢复未解决警报
警报ID: 2120042001
告警类型: 2001(Device Offline)
警报级别: 2(错误/Error)
设备标识: 12004
描述: [qrcode: 12004] Device Offline
[2026-06-03 08:45:18] [WARN] [loadActiveFromDb] 恢复未解决警报
警报ID: 2120182001
告警类型: 2001(Device Offline)
警报级别: 2(错误/Error)
设备标识: 12018
描述: [qrcode: 12018] Device Offline
[2026-06-03 08:45:18] [WARN] [loadActiveFromDb] 恢复未解决警报
警报ID: 2120792001
告警类型: 2001(Device Offline)
警报级别: 2(错误/Error)
设备标识: 12079
描述: [qrcode: 12079] Device Offline
[2026-06-03 08:45:18] [WARN] [loadActiveFromDb] 恢复未解决警报
警报ID: 2120172001
告警类型: 2001(Device Offline)
警报级别: 2(错误/Error)
设备标识: 12017
描述: [qrcode: 12017] Device Offline
[2026-06-03 08:45:21] [INFO] [submitResolve] 提交解决
警报ID: 2120122001
告警类型: 2001(Device Offline)
警报级别: 2(错误/Error)
设备标识: 12012
解决时间: 2026-06-03 08:45:21
描述: [qrcode: 12012] Device Offline
[2026-06-03 08:45:21] [INFO] [persistResolve] 持久化更新
警报ID: 2120122001
告警类型: 2001(Device Offline)
警报级别: 2(错误/Error)
设备标识: 12012
解决时间: 2026-06-03 08:45:21
描述: [qrcode: 12012] Device Offline
[2026-06-03 08:45:21] [INFO] [submitResolve] 提交解决
警报ID: 2120082001
告警类型: 2001(Device Offline)
警报级别: 2(错误/Error)
设备标识: 12008
解决时间: 2026-06-03 08:45:21
描述: [qrcode: 12008] Device Offline
[2026-06-03 08:45:21] [INFO] [persistResolve] 持久化更新
警报ID: 2120082001
告警类型: 2001(Device Offline)
警报级别: 2(错误/Error)
设备标识: 12008
解决时间: 2026-06-03 08:45:21
描述: [qrcode: 12008] Device Offline
[2026-06-03 08:45:21] [INFO] [submitResolve] 提交解决
警报ID: 2120172001
告警类型: 2001(Device Offline)
警报级别: 2(错误/Error)
设备标识: 12017
解决时间: 2026-06-03 08:45:21
描述: [qrcode: 12017] Device Offline
[2026-06-03 08:45:21] [INFO] [persistResolve] 持久化更新
警报ID: 2120172001
告警类型: 2001(Device Offline)
警报级别: 2(错误/Error)
设备标识: 12017
解决时间: 2026-06-03 08:45:21
描述: [qrcode: 12017] Device Offline
[2026-06-03 08:45:21] [INFO] [submitResolve] 提交解决
警报ID: 2120182001
告警类型: 2001(Device Offline)
警报级别: 2(错误/Error)
设备标识: 12018
解决时间: 2026-06-03 08:45:21
描述: [qrcode: 12018] Device Offline
[2026-06-03 08:45:21] [INFO] [persistResolve] 持久化更新
警报ID: 2120182001
告警类型: 2001(Device Offline)
警报级别: 2(错误/Error)
设备标识: 12018
解决时间: 2026-06-03 08:45:21
描述: [qrcode: 12018] Device Offline
[2026-06-03 08:45:21] [INFO] [submitResolve] 提交解决
警报ID: 2120162001
告警类型: 2001(Device Offline)
警报级别: 2(错误/Error)
设备标识: 12016
解决时间: 2026-06-03 08:45:21
描述: [qrcode: 12016] Device Offline
[2026-06-03 08:45:21] [INFO] [persistResolve] 持久化更新
警报ID: 2120162001
告警类型: 2001(Device Offline)
警报级别: 2(错误/Error)
设备标识: 12016
解决时间: 2026-06-03 08:45:21
描述: [qrcode: 12016] Device Offline
[2026-06-03 08:45:21] [INFO] [submitResolve] 提交解决
警报ID: 2120142001
告警类型: 2001(Device Offline)
警报级别: 2(错误/Error)
设备标识: 12014
解决时间: 2026-06-03 08:45:21
描述: [qrcode: 12014] Device Offline
[2026-06-03 08:45:21] [INFO] [persistResolve] 持久化更新
警报ID: 2120142001
告警类型: 2001(Device Offline)
警报级别: 2(错误/Error)
设备标识: 12014
解决时间: 2026-06-03 08:45:21
描述: [qrcode: 12014] Device Offline
[2026-06-03 08:45:21] [INFO] [submitResolve] 提交解决
警报ID: 2120092001
告警类型: 2001(Device Offline)
警报级别: 2(错误/Error)
设备标识: 12009
解决时间: 2026-06-03 08:45:21
描述: [qrcode: 12009] Device Offline
[2026-06-03 08:45:21] [INFO] [persistResolve] 持久化更新
警报ID: 2120092001
告警类型: 2001(Device Offline)
警报级别: 2(错误/Error)
设备标识: 12009
解决时间: 2026-06-03 08:45:21
描述: [qrcode: 12009] Device Offline
[2026-06-03 08:45:21] [INFO] [submitResolve] 提交解决
警报ID: 2120022001
告警类型: 2001(Device Offline)
警报级别: 2(错误/Error)
设备标识: 12002
解决时间: 2026-06-03 08:45:21
描述: [qrcode: 12002] Device Offline
[2026-06-03 08:45:21] [INFO] [persistResolve] 持久化更新
警报ID: 2120022001
告警类型: 2001(Device Offline)
警报级别: 2(错误/Error)
设备标识: 12002
解决时间: 2026-06-03 08:45:21
描述: [qrcode: 12002] Device Offline
[2026-06-03 08:45:21] [INFO] [submitResolve] 提交解决
警报ID: 2120062001
告警类型: 2001(Device Offline)
警报级别: 2(错误/Error)
设备标识: 12006
解决时间: 2026-06-03 08:45:21
描述: [qrcode: 12006] Device Offline
[2026-06-03 08:45:21] [INFO] [persistResolve] 持久化更新
警报ID: 2120062001
告警类型: 2001(Device Offline)
警报级别: 2(错误/Error)
设备标识: 12006
解决时间: 2026-06-03 08:45:21
描述: [qrcode: 12006] Device Offline
[2026-06-03 08:45:21] [INFO] [submitResolve] 提交解决
警报ID: 2120152001
告警类型: 2001(Device Offline)
警报级别: 2(错误/Error)
设备标识: 12015
解决时间: 2026-06-03 08:45:21
描述: [qrcode: 12015] Device Offline
[2026-06-03 08:45:21] [INFO] [persistResolve] 持久化更新
警报ID: 2120152001
告警类型: 2001(Device Offline)
警报级别: 2(错误/Error)
设备标识: 12015
解决时间: 2026-06-03 08:45:21
描述: [qrcode: 12015] Device Offline
[2026-06-03 08:45:21] [INFO] [submitResolve] 提交解决
警报ID: 2120052001
告警类型: 2001(Device Offline)
警报级别: 2(错误/Error)
设备标识: 12005
解决时间: 2026-06-03 08:45:21
描述: [qrcode: 12005] Device Offline
[2026-06-03 08:45:21] [INFO] [persistResolve] 持久化更新
警报ID: 2120052001
告警类型: 2001(Device Offline)
警报级别: 2(错误/Error)
设备标识: 12005
解决时间: 2026-06-03 08:45:21
描述: [qrcode: 12005] Device Offline
[2026-06-03 08:45:21] [INFO] [submitResolve] 提交解决
警报ID: 2120012001
告警类型: 2001(Device Offline)
警报级别: 2(错误/Error)
设备标识: 12001
解决时间: 2026-06-03 08:45:21
描述: [qrcode: 12001] Device Offline
[2026-06-03 08:45:21] [INFO] [persistResolve] 持久化更新
警报ID: 2120012001
告警类型: 2001(Device Offline)
警报级别: 2(错误/Error)
设备标识: 12001
解决时间: 2026-06-03 08:45:21
描述: [qrcode: 12001] Device Offline
[2026-06-03 08:45:21] [INFO] [submitResolve] 提交解决
警报ID: 2120192001
告警类型: 2001(Device Offline)
警报级别: 2(错误/Error)
设备标识: 12019
解决时间: 2026-06-03 08:45:21
描述: [qrcode: 12019] Device Offline
[2026-06-03 08:45:21] [INFO] [persistResolve] 持久化更新
警报ID: 2120192001
告警类型: 2001(Device Offline)
警报级别: 2(错误/Error)
设备标识: 12019
解决时间: 2026-06-03 08:45:21
描述: [qrcode: 12019] Device Offline
[2026-06-03 08:45:21] [INFO] [submitResolve] 提交解决
警报ID: 2120112001
告警类型: 2001(Device Offline)
警报级别: 2(错误/Error)
设备标识: 12011
解决时间: 2026-06-03 08:45:21
描述: [qrcode: 12011] Device Offline
[2026-06-03 08:45:21] [INFO] [persistResolve] 持久化更新
警报ID: 2120112001
告警类型: 2001(Device Offline)
警报级别: 2(错误/Error)
设备标识: 12011
解决时间: 2026-06-03 08:45:21
描述: [qrcode: 12011] Device Offline
[2026-06-03 08:45:21] [INFO] [submitResolve] 提交解决
警报ID: 2120132001
告警类型: 2001(Device Offline)
警报级别: 2(错误/Error)
设备标识: 12013
解决时间: 2026-06-03 08:45:21
描述: [qrcode: 12013] Device Offline
[2026-06-03 08:45:21] [INFO] [persistResolve] 持久化更新
警报ID: 2120132001
告警类型: 2001(Device Offline)
警报级别: 2(错误/Error)
设备标识: 12013
解决时间: 2026-06-03 08:45:21
描述: [qrcode: 12013] Device Offline
[2026-06-03 08:45:21] [INFO] [submitResolve] 提交解决
警报ID: 2120272001
告警类型: 2001(Device Offline)
警报级别: 2(错误/Error)
设备标识: 12027
解决时间: 2026-06-03 08:45:21
描述: [qrcode: 12027] Device Offline
[2026-06-03 08:45:21] [INFO] [persistResolve] 持久化更新
警报ID: 2120272001
告警类型: 2001(Device Offline)
警报级别: 2(错误/Error)
设备标识: 12027
解决时间: 2026-06-03 08:45:21
描述: [qrcode: 12027] Device Offline
[2026-06-03 08:45:21] [INFO] [submitResolve] 提交解决
警报ID: 2120422001
告警类型: 2001(Device Offline)
警报级别: 2(错误/Error)
设备标识: 12042
解决时间: 2026-06-03 08:45:21
描述: [qrcode: 12042] Device Offline
[2026-06-03 08:45:21] [INFO] [persistResolve] 持久化更新
警报ID: 2120422001
告警类型: 2001(Device Offline)
警报级别: 2(错误/Error)
设备标识: 12042
解决时间: 2026-06-03 08:45:21
描述: [qrcode: 12042] Device Offline
[2026-06-03 08:45:21] [INFO] [submitResolve] 提交解决
警报ID: 2120212001
告警类型: 2001(Device Offline)
警报级别: 2(错误/Error)
设备标识: 12021
解决时间: 2026-06-03 08:45:21
描述: [qrcode: 12021] Device Offline
[2026-06-03 08:45:21] [INFO] [persistResolve] 持久化更新
警报ID: 2120212001
告警类型: 2001(Device Offline)
警报级别: 2(错误/Error)
设备标识: 12021
解决时间: 2026-06-03 08:45:21
描述: [qrcode: 12021] Device Offline
[2026-06-03 08:45:21] [INFO] [submitResolve] 提交解决
警报ID: 2120042001
告警类型: 2001(Device Offline)
警报级别: 2(错误/Error)
设备标识: 12004
解决时间: 2026-06-03 08:45:21
描述: [qrcode: 12004] Device Offline
[2026-06-03 08:45:21] [INFO] [persistResolve] 持久化更新
警报ID: 2120042001
告警类型: 2001(Device Offline)
警报级别: 2(错误/Error)
设备标识: 12004
解决时间: 2026-06-03 08:45:21
描述: [qrcode: 12004] Device Offline
[2026-06-03 08:45:21] [INFO] [submitResolve] 提交解决
警报ID: 2120282001
告警类型: 2001(Device Offline)
警报级别: 2(错误/Error)
设备标识: 12028
解决时间: 2026-06-03 08:45:21
描述: [qrcode: 12028] Device Offline
[2026-06-03 08:45:21] [INFO] [persistResolve] 持久化更新
警报ID: 2120282001
告警类型: 2001(Device Offline)
警报级别: 2(错误/Error)
设备标识: 12028
解决时间: 2026-06-03 08:45:21
描述: [qrcode: 12028] Device Offline
[2026-06-03 08:45:21] [INFO] [submitResolve] 提交解决
警报ID: 2120072001
告警类型: 2001(Device Offline)
警报级别: 2(错误/Error)
设备标识: 12007
解决时间: 2026-06-03 08:45:21
描述: [qrcode: 12007] Device Offline
[2026-06-03 08:45:21] [INFO] [persistResolve] 持久化更新
警报ID: 2120072001
告警类型: 2001(Device Offline)
警报级别: 2(错误/Error)
设备标识: 12007
解决时间: 2026-06-03 08:45:21
描述: [qrcode: 12007] Device Offline
[2026-06-03 08:45:21] [INFO] [submitResolve] 提交解决
警报ID: 2120332001
告警类型: 2001(Device Offline)
警报级别: 2(错误/Error)
设备标识: 12033
解决时间: 2026-06-03 08:45:21
描述: [qrcode: 12033] Device Offline
[2026-06-03 08:45:21] [INFO] [persistResolve] 持久化更新
警报ID: 2120332001
告警类型: 2001(Device Offline)
警报级别: 2(错误/Error)
设备标识: 12033
解决时间: 2026-06-03 08:45:21
描述: [qrcode: 12033] Device Offline
[2026-06-03 08:45:21] [INFO] [submitResolve] 提交解决
警报ID: 2120452001
告警类型: 2001(Device Offline)
警报级别: 2(错误/Error)
设备标识: 12045
解决时间: 2026-06-03 08:45:21
描述: [qrcode: 12045] Device Offline
[2026-06-03 08:45:21] [INFO] [persistResolve] 持久化更新
警报ID: 2120452001
告警类型: 2001(Device Offline)
警报级别: 2(错误/Error)
设备标识: 12045
解决时间: 2026-06-03 08:45:21
描述: [qrcode: 12045] Device Offline
[2026-06-03 08:45:21] [INFO] [submitResolve] 提交解决
警报ID: 2120392001
告警类型: 2001(Device Offline)
警报级别: 2(错误/Error)
设备标识: 12039
解决时间: 2026-06-03 08:45:21
描述: [qrcode: 12039] Device Offline
[2026-06-03 08:45:21] [INFO] [persistResolve] 持久化更新
警报ID: 2120392001
告警类型: 2001(Device Offline)
警报级别: 2(错误/Error)
设备标识: 12039
解决时间: 2026-06-03 08:45:21
描述: [qrcode: 12039] Device Offline
[2026-06-03 08:45:21] [INFO] [submitResolve] 提交解决
警报ID: 2120312001
告警类型: 2001(Device Offline)
警报级别: 2(错误/Error)
设备标识: 12031
解决时间: 2026-06-03 08:45:21
描述: [qrcode: 12031] Device Offline
[2026-06-03 08:45:21] [INFO] [persistResolve] 持久化更新
警报ID: 2120312001
告警类型: 2001(Device Offline)
警报级别: 2(错误/Error)
设备标识: 12031
解决时间: 2026-06-03 08:45:21
描述: [qrcode: 12031] Device Offline
[2026-06-03 08:45:21] [INFO] [submitResolve] 提交解决
警报ID: 2120352001
告警类型: 2001(Device Offline)
警报级别: 2(错误/Error)
设备标识: 12035
解决时间: 2026-06-03 08:45:21
描述: [qrcode: 12035] Device Offline
[2026-06-03 08:45:21] [INFO] [persistResolve] 持久化更新
警报ID: 2120352001
告警类型: 2001(Device Offline)
警报级别: 2(错误/Error)
设备标识: 12035
解决时间: 2026-06-03 08:45:21
描述: [qrcode: 12035] Device Offline
[2026-06-03 08:45:21] [INFO] [submitResolve] 提交解决
警报ID: 2120302001
告警类型: 2001(Device Offline)
警报级别: 2(错误/Error)
设备标识: 12030
解决时间: 2026-06-03 08:45:21
描述: [qrcode: 12030] Device Offline
[2026-06-03 08:45:21] [INFO] [persistResolve] 持久化更新
警报ID: 2120302001
告警类型: 2001(Device Offline)
警报级别: 2(错误/Error)
设备标识: 12030
解决时间: 2026-06-03 08:45:21
描述: [qrcode: 12030] Device Offline
[2026-06-03 08:45:21] [INFO] [submitResolve] 提交解决
警报ID: 2120032001
告警类型: 2001(Device Offline)
警报级别: 2(错误/Error)
设备标识: 12003
解决时间: 2026-06-03 08:45:21
描述: [qrcode: 12003] Device Offline
[2026-06-03 08:45:21] [INFO] [persistResolve] 持久化更新
警报ID: 2120032001
告警类型: 2001(Device Offline)
警报级别: 2(错误/Error)
设备标识: 12003
解决时间: 2026-06-03 08:45:21
描述: [qrcode: 12003] Device Offline
[2026-06-03 08:45:21] [INFO] [submitResolve] 提交解决
警报ID: 2120432001
告警类型: 2001(Device Offline)
警报级别: 2(错误/Error)
设备标识: 12043
解决时间: 2026-06-03 08:45:21
描述: [qrcode: 12043] Device Offline
[2026-06-03 08:45:21] [INFO] [persistResolve] 持久化更新
警报ID: 2120432001
告警类型: 2001(Device Offline)
警报级别: 2(错误/Error)
设备标识: 12043
解决时间: 2026-06-03 08:45:21
描述: [qrcode: 12043] Device Offline
[2026-06-03 08:45:21] [INFO] [submitResolve] 提交解决
警报ID: 2120402001
告警类型: 2001(Device Offline)
警报级别: 2(错误/Error)
设备标识: 12040
解决时间: 2026-06-03 08:45:21
描述: [qrcode: 12040] Device Offline
[2026-06-03 08:45:21] [INFO] [persistResolve] 持久化更新
警报ID: 2120402001
告警类型: 2001(Device Offline)
警报级别: 2(错误/Error)
设备标识: 12040
解决时间: 2026-06-03 08:45:21
描述: [qrcode: 12040] Device Offline
[2026-06-03 08:45:21] [INFO] [submitResolve] 提交解决
警报ID: 2120372001
告警类型: 2001(Device Offline)
警报级别: 2(错误/Error)
设备标识: 12037
解决时间: 2026-06-03 08:45:21
描述: [qrcode: 12037] Device Offline
[2026-06-03 08:45:21] [INFO] [persistResolve] 持久化更新
警报ID: 2120372001
告警类型: 2001(Device Offline)
警报级别: 2(错误/Error)
设备标识: 12037
解决时间: 2026-06-03 08:45:21
描述: [qrcode: 12037] Device Offline
[2026-06-03 08:45:21] [INFO] [submitResolve] 提交解决
警报ID: 2120362001
告警类型: 2001(Device Offline)
警报级别: 2(错误/Error)
设备标识: 12036
解决时间: 2026-06-03 08:45:21
描述: [qrcode: 12036] Device Offline
[2026-06-03 08:45:21] [INFO] [persistResolve] 持久化更新
警报ID: 2120362001
告警类型: 2001(Device Offline)
警报级别: 2(错误/Error)
设备标识: 12036
解决时间: 2026-06-03 08:45:21
描述: [qrcode: 12036] Device Offline
[2026-06-03 08:45:21] [INFO] [submitResolve] 提交解决
警报ID: 2120262001
告警类型: 2001(Device Offline)
警报级别: 2(错误/Error)
设备标识: 12026
解决时间: 2026-06-03 08:45:21
描述: [qrcode: 12026] Device Offline
[2026-06-03 08:45:21] [INFO] [persistResolve] 持久化更新
警报ID: 2120262001
告警类型: 2001(Device Offline)
警报级别: 2(错误/Error)
设备标识: 12026
解决时间: 2026-06-03 08:45:21
描述: [qrcode: 12026] Device Offline
[2026-06-03 08:45:21] [INFO] [submitResolve] 提交解决
警报ID: 2120462001
告警类型: 2001(Device Offline)
警报级别: 2(错误/Error)
设备标识: 12046
解决时间: 2026-06-03 08:45:21
描述: [qrcode: 12046] Device Offline
[2026-06-03 08:45:21] [INFO] [persistResolve] 持久化更新
警报ID: 2120462001
告警类型: 2001(Device Offline)
警报级别: 2(错误/Error)
设备标识: 12046
解决时间: 2026-06-03 08:45:21
描述: [qrcode: 12046] Device Offline
[2026-06-03 08:45:21] [INFO] [submitResolve] 提交解决
警报ID: 2120322001
告警类型: 2001(Device Offline)
警报级别: 2(错误/Error)
设备标识: 12032
解决时间: 2026-06-03 08:45:21
描述: [qrcode: 12032] Device Offline
[2026-06-03 08:45:21] [INFO] [persistResolve] 持久化更新
警报ID: 2120322001
告警类型: 2001(Device Offline)
警报级别: 2(错误/Error)
设备标识: 12032
解决时间: 2026-06-03 08:45:21
描述: [qrcode: 12032] Device Offline
[2026-06-03 08:45:21] [INFO] [submitResolve] 提交解决
警报ID: 2120492001
告警类型: 2001(Device Offline)
警报级别: 2(错误/Error)
设备标识: 12049
解决时间: 2026-06-03 08:45:21
描述: [qrcode: 12049] Device Offline
[2026-06-03 08:45:21] [INFO] [persistResolve] 持久化更新
警报ID: 2120492001
告警类型: 2001(Device Offline)
警报级别: 2(错误/Error)
设备标识: 12049
解决时间: 2026-06-03 08:45:21
描述: [qrcode: 12049] Device Offline
[2026-06-03 08:45:21] [INFO] [submitResolve] 提交解决
警报ID: 2120202001
告警类型: 2001(Device Offline)
警报级别: 2(错误/Error)
设备标识: 12020
解决时间: 2026-06-03 08:45:21
描述: [qrcode: 12020] Device Offline
[2026-06-03 08:45:21] [INFO] [submitResolve] 提交解决
警报ID: 2120342001
告警类型: 2001(Device Offline)
警报级别: 2(错误/Error)
设备标识: 12034
解决时间: 2026-06-03 08:45:21
描述: [qrcode: 12034] Device Offline
[2026-06-03 08:45:21] [INFO] [persistResolve] 持久化更新
警报ID: 2120342001
告警类型: 2001(Device Offline)
警报级别: 2(错误/Error)
设备标识: 12034
解决时间: 2026-06-03 08:45:21
描述: [qrcode: 12034] Device Offline
[2026-06-03 08:45:21] [INFO] [submitResolve] 提交解决
警报ID: 2120412001
告警类型: 2001(Device Offline)
警报级别: 2(错误/Error)
设备标识: 12041
解决时间: 2026-06-03 08:45:21
描述: [qrcode: 12041] Device Offline
[2026-06-03 08:45:21] [INFO] [persistResolve] 持久化更新
警报ID: 2120412001
告警类型: 2001(Device Offline)
警报级别: 2(错误/Error)
设备标识: 12041
解决时间: 2026-06-03 08:45:21
描述: [qrcode: 12041] Device Offline
[2026-06-03 08:45:21] [INFO] [submitResolve] 提交解决
警报ID: 2120222001
告警类型: 2001(Device Offline)
警报级别: 2(错误/Error)
设备标识: 12022
解决时间: 2026-06-03 08:45:21
描述: [qrcode: 12022] Device Offline
[2026-06-03 08:45:21] [INFO] [persistResolve] 持久化更新
警报ID: 2120222001
告警类型: 2001(Device Offline)
警报级别: 2(错误/Error)
设备标识: 12022
解决时间: 2026-06-03 08:45:21
描述: [qrcode: 12022] Device Offline
[2026-06-03 08:45:21] [INFO] [submitResolve] 提交解决
警报ID: 2120382001
告警类型: 2001(Device Offline)
警报级别: 2(错误/Error)
设备标识: 12038
解决时间: 2026-06-03 08:45:21
描述: [qrcode: 12038] Device Offline
[2026-06-03 08:45:21] [INFO] [persistResolve] 持久化更新
警报ID: 2120382001
告警类型: 2001(Device Offline)
警报级别: 2(错误/Error)
设备标识: 12038
解决时间: 2026-06-03 08:45:21
描述: [qrcode: 12038] Device Offline
[2026-06-03 08:45:21] [INFO] [persistResolve] 持久化更新
警报ID: 2120202001
告警类型: 2001(Device Offline)
警报级别: 2(错误/Error)
设备标识: 12020
解决时间: 2026-06-03 08:45:21
描述: [qrcode: 12020] Device Offline
[2026-06-03 08:45:21] [INFO] [submitResolve] 提交解决
警报ID: 2120232001
告警类型: 2001(Device Offline)
警报级别: 2(错误/Error)
设备标识: 12023
解决时间: 2026-06-03 08:45:21
描述: [qrcode: 12023] Device Offline
[2026-06-03 08:45:21] [INFO] [persistResolve] 持久化更新
警报ID: 2120232001
告警类型: 2001(Device Offline)
警报级别: 2(错误/Error)
设备标识: 12023
解决时间: 2026-06-03 08:45:21
描述: [qrcode: 12023] Device Offline
[2026-06-03 08:45:21] [INFO] [submitResolve] 提交解决
警报ID: 2120292001
告警类型: 2001(Device Offline)
警报级别: 2(错误/Error)
设备标识: 12029
解决时间: 2026-06-03 08:45:21
描述: [qrcode: 12029] Device Offline
[2026-06-03 08:45:21] [INFO] [persistResolve] 持久化更新
警报ID: 2120292001
告警类型: 2001(Device Offline)
警报级别: 2(错误/Error)
设备标识: 12029
解决时间: 2026-06-03 08:45:21
描述: [qrcode: 12029] Device Offline
[2026-06-03 08:45:21] [INFO] [submitResolve] 提交解决
警报ID: 2120252001
告警类型: 2001(Device Offline)
警报级别: 2(错误/Error)
设备标识: 12025
解决时间: 2026-06-03 08:45:21
描述: [qrcode: 12025] Device Offline
[2026-06-03 08:45:21] [INFO] [persistResolve] 持久化更新
警报ID: 2120252001
告警类型: 2001(Device Offline)
警报级别: 2(错误/Error)
设备标识: 12025
解决时间: 2026-06-03 08:45:21
描述: [qrcode: 12025] Device Offline
[2026-06-03 08:45:21] [INFO] [submitResolve] 提交解决
警报ID: 2120522001
告警类型: 2001(Device Offline)
警报级别: 2(错误/Error)
设备标识: 12052
解决时间: 2026-06-03 08:45:21
描述: [qrcode: 12052] Device Offline
[2026-06-03 08:45:21] [INFO] [persistResolve] 持久化更新
警报ID: 2120522001
告警类型: 2001(Device Offline)
警报级别: 2(错误/Error)
设备标识: 12052
解决时间: 2026-06-03 08:45:21
描述: [qrcode: 12052] Device Offline
[2026-06-03 08:45:21] [INFO] [submitResolve] 提交解决
警报ID: 2120652001
告警类型: 2001(Device Offline)
警报级别: 2(错误/Error)
设备标识: 12065
解决时间: 2026-06-03 08:45:21
描述: [qrcode: 12065] Device Offline
[2026-06-03 08:45:21] [INFO] [persistResolve] 持久化更新
警报ID: 2120652001
告警类型: 2001(Device Offline)
警报级别: 2(错误/Error)
设备标识: 12065
解决时间: 2026-06-03 08:45:21
描述: [qrcode: 12065] Device Offline
[2026-06-03 08:45:21] [INFO] [submitResolve] 提交解决
警报ID: 2120612001
告警类型: 2001(Device Offline)
警报级别: 2(错误/Error)
设备标识: 12061
解决时间: 2026-06-03 08:45:21
描述: [qrcode: 12061] Device Offline
[2026-06-03 08:45:21] [INFO] [persistResolve] 持久化更新
警报ID: 2120612001
告警类型: 2001(Device Offline)
警报级别: 2(错误/Error)
设备标识: 12061
解决时间: 2026-06-03 08:45:21
描述: [qrcode: 12061] Device Offline
[2026-06-03 08:45:21] [INFO] [submitResolve] 提交解决
警报ID: 2120242001
告警类型: 2001(Device Offline)
警报级别: 2(错误/Error)
设备标识: 12024
解决时间: 2026-06-03 08:45:21
描述: [qrcode: 12024] Device Offline
[2026-06-03 08:45:21] [INFO] [persistResolve] 持久化更新
警报ID: 2120242001
告警类型: 2001(Device Offline)
警报级别: 2(错误/Error)
设备标识: 12024
解决时间: 2026-06-03 08:45:21
描述: [qrcode: 12024] Device Offline
[2026-06-03 08:45:21] [INFO] [submitResolve] 提交解决
警报ID: 2120562001
告警类型: 2001(Device Offline)
警报级别: 2(错误/Error)
设备标识: 12056
解决时间: 2026-06-03 08:45:21
描述: [qrcode: 12056] Device Offline
[2026-06-03 08:45:21] [INFO] [persistResolve] 持久化更新
警报ID: 2120562001
告警类型: 2001(Device Offline)
警报级别: 2(错误/Error)
设备标识: 12056
解决时间: 2026-06-03 08:45:21
描述: [qrcode: 12056] Device Offline
[2026-06-03 08:45:21] [INFO] [submitResolve] 提交解决
警报ID: 2120582001
告警类型: 2001(Device Offline)
警报级别: 2(错误/Error)
设备标识: 12058
解决时间: 2026-06-03 08:45:21
描述: [qrcode: 12058] Device Offline
[2026-06-03 08:45:21] [INFO] [persistResolve] 持久化更新
警报ID: 2120582001
告警类型: 2001(Device Offline)
警报级别: 2(错误/Error)
设备标识: 12058
解决时间: 2026-06-03 08:45:21
描述: [qrcode: 12058] Device Offline
[2026-06-03 08:45:21] [INFO] [persistResolve] 持久化更新
警报ID: 2120622001
告警类型: 2001(Device Offline)
警报级别: 2(错误/Error)
设备标识: 12062
解决时间: 2026-06-03 08:45:21
描述: [qrcode: 12062] Device Offline
[2026-06-03 08:45:21] [INFO] [submitResolve] 提交解决
警报ID: 2120592001
告警类型: 2001(Device Offline)
警报级别: 2(错误/Error)
设备标识: 12059
解决时间: 2026-06-03 08:45:21
描述: [qrcode: 12059] Device Offline
[2026-06-03 08:45:21] [INFO] [persistResolve] 持久化更新
警报ID: 2120592001
告警类型: 2001(Device Offline)
警报级别: 2(错误/Error)
设备标识: 12059
解决时间: 2026-06-03 08:45:21
描述: [qrcode: 12059] Device Offline
[2026-06-03 08:45:21] [INFO] [submitResolve] 提交解决
警报ID: 2120642001
告警类型: 2001(Device Offline)
警报级别: 2(错误/Error)
设备标识: 12064
解决时间: 2026-06-03 08:45:21
描述: [qrcode: 12064] Device Offline
[2026-06-03 08:45:21] [INFO] [persistResolve] 持久化更新
警报ID: 2120642001
告警类型: 2001(Device Offline)
警报级别: 2(错误/Error)
设备标识: 12064
解决时间: 2026-06-03 08:45:21
描述: [qrcode: 12064] Device Offline
[2026-06-03 08:45:21] [INFO] [submitResolve] 提交解决
警报ID: 2120712001
告警类型: 2001(Device Offline)
警报级别: 2(错误/Error)
设备标识: 12071
解决时间: 2026-06-03 08:45:21
描述: [qrcode: 12071] Device Offline
[2026-06-03 08:45:21] [INFO] [persistResolve] 持久化更新
警报ID: 2120712001
告警类型: 2001(Device Offline)
警报级别: 2(错误/Error)
设备标识: 12071
解决时间: 2026-06-03 08:45:21
描述: [qrcode: 12071] Device Offline
[2026-06-03 08:45:21] [INFO] [submitResolve] 提交解决
警报ID: 2120622001
告警类型: 2001(Device Offline)
警报级别: 2(错误/Error)
设备标识: 12062
解决时间: 2026-06-03 08:45:21
描述: [qrcode: 12062] Device Offline
[2026-06-03 08:45:21] [INFO] [submitResolve] 提交解决
警报ID: 2120102001
告警类型: 2001(Device Offline)
警报级别: 2(错误/Error)
设备标识: 12010
解决时间: 2026-06-03 08:45:21
描述: [qrcode: 12010] Device Offline
[2026-06-03 08:45:21] [INFO] [persistResolve] 持久化更新
警报ID: 2120102001
告警类型: 2001(Device Offline)
警报级别: 2(错误/Error)
设备标识: 12010
解决时间: 2026-06-03 08:45:21
描述: [qrcode: 12010] Device Offline
[2026-06-03 08:45:21] [INFO] [submitResolve] 提交解决
警报ID: 2120772001
告警类型: 2001(Device Offline)
警报级别: 2(错误/Error)
设备标识: 12077
解决时间: 2026-06-03 08:45:21
描述: [qrcode: 12077] Device Offline
[2026-06-03 08:45:21] [INFO] [persistResolve] 持久化更新
警报ID: 2120772001
告警类型: 2001(Device Offline)
警报级别: 2(错误/Error)
设备标识: 12077
解决时间: 2026-06-03 08:45:21
描述: [qrcode: 12077] Device Offline
[2026-06-03 08:45:21] [INFO] [submitResolve] 提交解决
警报ID: 2120532001
告警类型: 2001(Device Offline)
警报级别: 2(错误/Error)
设备标识: 12053
解决时间: 2026-06-03 08:45:21
描述: [qrcode: 12053] Device Offline
[2026-06-03 08:45:21] [INFO] [persistResolve] 持久化更新
警报ID: 2120532001
告警类型: 2001(Device Offline)
警报级别: 2(错误/Error)
设备标识: 12053
解决时间: 2026-06-03 08:45:21
描述: [qrcode: 12053] Device Offline
[2026-06-03 08:45:21] [INFO] [submitResolve] 提交解决
警报ID: 2120502001
告警类型: 2001(Device Offline)
警报级别: 2(错误/Error)
设备标识: 12050
解决时间: 2026-06-03 08:45:21
描述: [qrcode: 12050] Device Offline
[2026-06-03 08:45:21] [INFO] [persistResolve] 持久化更新
警报ID: 2120502001
告警类型: 2001(Device Offline)
警报级别: 2(错误/Error)
设备标识: 12050
解决时间: 2026-06-03 08:45:21
描述: [qrcode: 12050] Device Offline
[2026-06-03 08:45:21] [INFO] [submitResolve] 提交解决
警报ID: 2120482001
告警类型: 2001(Device Offline)
警报级别: 2(错误/Error)
设备标识: 12048
解决时间: 2026-06-03 08:45:21
描述: [qrcode: 12048] Device Offline
[2026-06-03 08:45:21] [INFO] [persistResolve] 持久化更新
警报ID: 2120482001
告警类型: 2001(Device Offline)
警报级别: 2(错误/Error)
设备标识: 12048
解决时间: 2026-06-03 08:45:21
描述: [qrcode: 12048] Device Offline
[2026-06-03 08:45:21] [INFO] [submitResolve] 提交解决
警报ID: 2120632001
告警类型: 2001(Device Offline)
警报级别: 2(错误/Error)
设备标识: 12063
解决时间: 2026-06-03 08:45:21
描述: [qrcode: 12063] Device Offline
[2026-06-03 08:45:21] [INFO] [persistResolve] 持久化更新
警报ID: 2120632001
告警类型: 2001(Device Offline)
警报级别: 2(错误/Error)
设备标识: 12063
解决时间: 2026-06-03 08:45:21
描述: [qrcode: 12063] Device Offline
[2026-06-03 08:45:21] [INFO] [submitResolve] 提交解决
警报ID: 2120572001
告警类型: 2001(Device Offline)
警报级别: 2(错误/Error)
设备标识: 12057
解决时间: 2026-06-03 08:45:21
描述: [qrcode: 12057] Device Offline
[2026-06-03 08:45:21] [INFO] [persistResolve] 持久化更新
警报ID: 2120572001
告警类型: 2001(Device Offline)
警报级别: 2(错误/Error)
设备标识: 12057
解决时间: 2026-06-03 08:45:21
描述: [qrcode: 12057] Device Offline
[2026-06-03 08:45:21] [INFO] [submitResolve] 提交解决
警报ID: 2120602001
告警类型: 2001(Device Offline)
警报级别: 2(错误/Error)
设备标识: 12060
解决时间: 2026-06-03 08:45:21
描述: [qrcode: 12060] Device Offline
[2026-06-03 08:45:21] [INFO] [persistResolve] 持久化更新
警报ID: 2120602001
告警类型: 2001(Device Offline)
警报级别: 2(错误/Error)
设备标识: 12060
解决时间: 2026-06-03 08:45:21
描述: [qrcode: 12060] Device Offline
[2026-06-03 08:45:21] [INFO] [submitResolve] 提交解决
警报ID: 2120442001
告警类型: 2001(Device Offline)
警报级别: 2(错误/Error)
设备标识: 12044
解决时间: 2026-06-03 08:45:21
描述: [qrcode: 12044] Device Offline
[2026-06-03 08:45:21] [INFO] [persistResolve] 持久化更新
警报ID: 2120442001
告警类型: 2001(Device Offline)
警报级别: 2(错误/Error)
设备标识: 12044
解决时间: 2026-06-03 08:45:21
描述: [qrcode: 12044] Device Offline
[2026-06-03 08:45:21] [INFO] [submitResolve] 提交解决
警报ID: 2120692001
告警类型: 2001(Device Offline)
警报级别: 2(错误/Error)
设备标识: 12069
解决时间: 2026-06-03 08:45:21
描述: [qrcode: 12069] Device Offline
[2026-06-03 08:45:21] [INFO] [persistResolve] 持久化更新
警报ID: 2120692001
告警类型: 2001(Device Offline)
警报级别: 2(错误/Error)
设备标识: 12069
解决时间: 2026-06-03 08:45:21
描述: [qrcode: 12069] Device Offline
[2026-06-03 08:45:21] [INFO] [submitResolve] 提交解决
警报ID: 2120512001
告警类型: 2001(Device Offline)
警报级别: 2(错误/Error)
设备标识: 12051
解决时间: 2026-06-03 08:45:21
描述: [qrcode: 12051] Device Offline
[2026-06-03 08:45:21] [INFO] [persistResolve] 持久化更新
警报ID: 2120512001
告警类型: 2001(Device Offline)
警报级别: 2(错误/Error)
设备标识: 12051
解决时间: 2026-06-03 08:45:21
描述: [qrcode: 12051] Device Offline
[2026-06-03 08:45:21] [INFO] [submitResolve] 提交解决
警报ID: 2120742001
告警类型: 2001(Device Offline)
警报级别: 2(错误/Error)
设备标识: 12074
解决时间: 2026-06-03 08:45:21
描述: [qrcode: 12074] Device Offline
[2026-06-03 08:45:21] [INFO] [persistResolve] 持久化更新
警报ID: 2120742001
告警类型: 2001(Device Offline)
警报级别: 2(错误/Error)
设备标识: 12074
解决时间: 2026-06-03 08:45:21
描述: [qrcode: 12074] Device Offline
[2026-06-03 08:45:21] [INFO] [submitResolve] 提交解决
警报ID: 2120682001
告警类型: 2001(Device Offline)
警报级别: 2(错误/Error)
设备标识: 12068
解决时间: 2026-06-03 08:45:21
描述: [qrcode: 12068] Device Offline
[2026-06-03 08:45:21] [INFO] [persistResolve] 持久化更新
警报ID: 2120682001
告警类型: 2001(Device Offline)
警报级别: 2(错误/Error)
设备标识: 12068
解决时间: 2026-06-03 08:45:21
描述: [qrcode: 12068] Device Offline
[2026-06-03 08:45:21] [INFO] [submitResolve] 提交解决
警报ID: 2120782001
告警类型: 2001(Device Offline)
警报级别: 2(错误/Error)
设备标识: 12078
解决时间: 2026-06-03 08:45:21
描述: [qrcode: 12078] Device Offline
[2026-06-03 08:45:21] [INFO] [persistResolve] 持久化更新
警报ID: 2120782001
告警类型: 2001(Device Offline)
警报级别: 2(错误/Error)
设备标识: 12078
解决时间: 2026-06-03 08:45:21
描述: [qrcode: 12078] Device Offline
[2026-06-03 08:45:21] [INFO] [submitResolve] 提交解决
警报ID: 2120672001
告警类型: 2001(Device Offline)
警报级别: 2(错误/Error)
设备标识: 12067
解决时间: 2026-06-03 08:45:21
描述: [qrcode: 12067] Device Offline
[2026-06-03 08:45:21] [INFO] [persistResolve] 持久化更新
警报ID: 2120672001
告警类型: 2001(Device Offline)
警报级别: 2(错误/Error)
设备标识: 12067
解决时间: 2026-06-03 08:45:21
描述: [qrcode: 12067] Device Offline
[2026-06-03 08:45:21] [INFO] [submitResolve] 提交解决
警报ID: 2120552001
告警类型: 2001(Device Offline)
警报级别: 2(错误/Error)
设备标识: 12055
解决时间: 2026-06-03 08:45:21
描述: [qrcode: 12055] Device Offline
[2026-06-03 08:45:21] [INFO] [persistResolve] 持久化更新
警报ID: 2120552001
告警类型: 2001(Device Offline)
警报级别: 2(错误/Error)
设备标识: 12055
解决时间: 2026-06-03 08:45:21
描述: [qrcode: 12055] Device Offline
[2026-06-03 08:45:21] [INFO] [submitResolve] 提交解决
警报ID: 2120802001
告警类型: 2001(Device Offline)
警报级别: 2(错误/Error)
设备标识: 12080
解决时间: 2026-06-03 08:45:21
描述: [qrcode: 12080] Device Offline
[2026-06-03 08:45:21] [INFO] [persistResolve] 持久化更新
警报ID: 2120802001
告警类型: 2001(Device Offline)
警报级别: 2(错误/Error)
设备标识: 12080
解决时间: 2026-06-03 08:45:21
描述: [qrcode: 12080] Device Offline
[2026-06-03 08:45:21] [INFO] [submitResolve] 提交解决
警报ID: 2120722001
告警类型: 2001(Device Offline)
警报级别: 2(错误/Error)
设备标识: 12072
解决时间: 2026-06-03 08:45:21
描述: [qrcode: 12072] Device Offline
[2026-06-03 08:45:21] [INFO] [persistResolve] 持久化更新
警报ID: 2120722001
告警类型: 2001(Device Offline)
警报级别: 2(错误/Error)
设备标识: 12072
解决时间: 2026-06-03 08:45:21
描述: [qrcode: 12072] Device Offline
[2026-06-03 08:45:21] [INFO] [submitResolve] 提交解决
警报ID: 2120752001
告警类型: 2001(Device Offline)
警报级别: 2(错误/Error)
设备标识: 12075
解决时间: 2026-06-03 08:45:21
描述: [qrcode: 12075] Device Offline
[2026-06-03 08:45:21] [INFO] [persistResolve] 持久化更新
警报ID: 2120752001
告警类型: 2001(Device Offline)
警报级别: 2(错误/Error)
设备标识: 12075
解决时间: 2026-06-03 08:45:21
描述: [qrcode: 12075] Device Offline
[2026-06-03 08:45:21] [INFO] [submitResolve] 提交解决
警报ID: 2120702001
告警类型: 2001(Device Offline)
警报级别: 2(错误/Error)
设备标识: 12070
解决时间: 2026-06-03 08:45:21
描述: [qrcode: 12070] Device Offline
[2026-06-03 08:45:21] [INFO] [persistResolve] 持久化更新
警报ID: 2120702001
告警类型: 2001(Device Offline)
警报级别: 2(错误/Error)
设备标识: 12070
解决时间: 2026-06-03 08:45:21
描述: [qrcode: 12070] Device Offline
[2026-06-03 08:45:21] [INFO] [submitResolve] 提交解决
警报ID: 2120662001
告警类型: 2001(Device Offline)
警报级别: 2(错误/Error)
设备标识: 12066
解决时间: 2026-06-03 08:45:21
描述: [qrcode: 12066] Device Offline
[2026-06-03 08:45:21] [INFO] [persistResolve] 持久化更新
警报ID: 2120662001
告警类型: 2001(Device Offline)
警报级别: 2(错误/Error)
设备标识: 12066
解决时间: 2026-06-03 08:45:21
描述: [qrcode: 12066] Device Offline
[2026-06-03 08:45:21] [INFO] [submitResolve] 提交解决
警报ID: 2120792001
告警类型: 2001(Device Offline)
警报级别: 2(错误/Error)
设备标识: 12079
解决时间: 2026-06-03 08:45:21
描述: [qrcode: 12079] Device Offline
[2026-06-03 08:45:21] [INFO] [persistResolve] 持久化更新
警报ID: 2120792001
告警类型: 2001(Device Offline)
警报级别: 2(错误/Error)
设备标识: 12079
解决时间: 2026-06-03 08:45:21
描述: [qrcode: 12079] Device Offline
[2026-06-03 08:45:21] [INFO] [submitResolve] 提交解决
警报ID: 2120472001
告警类型: 2001(Device Offline)
警报级别: 2(错误/Error)
设备标识: 12047
解决时间: 2026-06-03 08:45:21
描述: [qrcode: 12047] Device Offline
[2026-06-03 08:45:21] [INFO] [persistResolve] 持久化更新
警报ID: 2120472001
告警类型: 2001(Device Offline)
警报级别: 2(错误/Error)
设备标识: 12047
解决时间: 2026-06-03 08:45:21
描述: [qrcode: 12047] Device Offline
[2026-06-03 08:45:21] [INFO] [submitResolve] 提交解决
警报ID: 2120732001
告警类型: 2001(Device Offline)
警报级别: 2(错误/Error)
设备标识: 12073
解决时间: 2026-06-03 08:45:21
描述: [qrcode: 12073] Device Offline
[2026-06-03 08:45:21] [INFO] [persistResolve] 持久化更新
警报ID: 2120732001
告警类型: 2001(Device Offline)
警报级别: 2(错误/Error)
设备标识: 12073
解决时间: 2026-06-03 08:45:21
描述: [qrcode: 12073] Device Offline
[2026-06-03 08:45:21] [INFO] [submitResolve] 提交解决
警报ID: 2120762001
告警类型: 2001(Device Offline)
警报级别: 2(错误/Error)
设备标识: 12076
解决时间: 2026-06-03 08:45:21
描述: [qrcode: 12076] Device Offline
[2026-06-03 08:45:21] [INFO] [persistResolve] 持久化更新
警报ID: 2120762001
告警类型: 2001(Device Offline)
警报级别: 2(错误/Error)
设备标识: 12076
解决时间: 2026-06-03 08:45:21
描述: [qrcode: 12076] Device Offline
[2026-06-03 08:45:21] [INFO] [submitResolve] 提交解决
警报ID: 2120542001
告警类型: 2001(Device Offline)
警报级别: 2(错误/Error)
设备标识: 12054
解决时间: 2026-06-03 08:45:21
描述: [qrcode: 12054] Device Offline
[2026-06-03 08:45:21] [INFO] [persistResolve] 持久化更新
警报ID: 2120542001
告警类型: 2001(Device Offline)
警报级别: 2(错误/Error)
设备标识: 12054
解决时间: 2026-06-03 08:45:21
描述: [qrcode: 12054] Device Offline
[2026-06-03 09:00:21] [WARN] [submitAlarm] 提交警报
警报ID: 2120702001
告警类型: 2001(Device Offline)
警报级别: 2(错误/Error)
设备标识: 12070
描述: [qrcode: 12070] Device Offline
[2026-06-03 09:00:21] [INFO] [persistInsert] 持久化插入
警报ID: 2120702001
告警类型: 2001(Device Offline)
警报级别: 2(错误/Error)
设备标识: 12070
发生时间: 2026-06-03 09:00:21
描述: [qrcode: 12070] Device Offline
[2026-06-03 09:00:21] [WARN] [submitAlarm] 提交警报
警报ID: 2120752001
告警类型: 2001(Device Offline)
警报级别: 2(错误/Error)
设备标识: 12075
描述: [qrcode: 12075] Device Offline
[2026-06-03 09:00:21] [INFO] [persistInsert] 持久化插入
警报ID: 2120752001
告警类型: 2001(Device Offline)
警报级别: 2(错误/Error)
设备标识: 12075
发生时间: 2026-06-03 09:00:21
描述: [qrcode: 12075] Device Offline
[2026-06-03 09:00:21] [INFO] [submitResolve] 提交解决
警报ID: 2120702001
告警类型: 2001(Device Offline)
警报级别: 2(错误/Error)
设备标识: 12070
解决时间: 2026-06-03 09:00:21
描述: [qrcode: 12070] Device Offline
[2026-06-03 09:00:21] [INFO] [persistResolve] 持久化更新
警报ID: 2120702001
告警类型: 2001(Device Offline)
警报级别: 2(错误/Error)
设备标识: 12070
解决时间: 2026-06-03 09:00:21
描述: [qrcode: 12070] Device Offline
[2026-06-03 09:00:21] [INFO] [submitResolve] 提交解决
警报ID: 2120752001
告警类型: 2001(Device Offline)
警报级别: 2(错误/Error)
设备标识: 12075
解决时间: 2026-06-03 09:00:21
描述: [qrcode: 12075] Device Offline
[2026-06-03 09:00:21] [INFO] [persistResolve] 持久化更新
警报ID: 2120752001
告警类型: 2001(Device Offline)
警报级别: 2(错误/Error)
设备标识: 12075
解决时间: 2026-06-03 09:00:21
描述: [qrcode: 12075] Device Offline
[2026-06-03 09:10:55] [WARN] [submitAlarm] 提交警报
警报ID: 2120632001
告警类型: 2001(Device Offline)
警报级别: 2(错误/Error)
设备标识: 12063
描述: [qrcode: 12063] Device Offline
[2026-06-03 09:10:55] [INFO] [persistInsert] 持久化插入
警报ID: 2120632001
告警类型: 2001(Device Offline)
警报级别: 2(错误/Error)
设备标识: 12063
发生时间: 2026-06-03 09:10:55
描述: [qrcode: 12063] Device Offline
[2026-06-03 09:10:55] [WARN] [submitAlarm] 提交警报
警报ID: 2120692001
告警类型: 2001(Device Offline)
警报级别: 2(错误/Error)
设备标识: 12069
描述: [qrcode: 12069] Device Offline
[2026-06-03 09:10:55] [INFO] [persistInsert] 持久化插入
警报ID: 2120692001
告警类型: 2001(Device Offline)
警报级别: 2(错误/Error)
设备标识: 12069
发生时间: 2026-06-03 09:10:55
描述: [qrcode: 12069] Device Offline
[2026-06-03 09:10:55] [WARN] [submitAlarm] 提交警报
警报ID: 2120742001
告警类型: 2001(Device Offline)
警报级别: 2(错误/Error)
设备标识: 12074
描述: [qrcode: 12074] Device Offline
[2026-06-03 09:10:55] [INFO] [persistInsert] 持久化插入
警报ID: 2120742001
告警类型: 2001(Device Offline)
警报级别: 2(错误/Error)
设备标识: 12074
发生时间: 2026-06-03 09:10:55
描述: [qrcode: 12074] Device Offline
[2026-06-03 09:10:55] [WARN] [submitAlarm] 提交警报
警报ID: 2120752001
告警类型: 2001(Device Offline)
警报级别: 2(错误/Error)
设备标识: 12075
描述: [qrcode: 12075] Device Offline
[2026-06-03 09:10:55] [INFO] [persistInsert] 持久化插入
警报ID: 2120752001
告警类型: 2001(Device Offline)
警报级别: 2(错误/Error)
设备标识: 12075
发生时间: 2026-06-03 09:10:55
描述: [qrcode: 12075] Device Offline
[2026-06-03 09:10:55] [WARN] [submitAlarm] 提交警报
警报ID: 2120762001
告警类型: 2001(Device Offline)
警报级别: 2(错误/Error)
设备标识: 12076
描述: [qrcode: 12076] Device Offline
[2026-06-03 09:10:55] [INFO] [persistInsert] 持久化插入
警报ID: 2120762001
告警类型: 2001(Device Offline)
警报级别: 2(错误/Error)
设备标识: 12076
发生时间: 2026-06-03 09:10:55
描述: [qrcode: 12076] Device Offline
[2026-06-03 09:10:55] [WARN] [submitAlarm] 提交警报
警报ID: 2120772001
告警类型: 2001(Device Offline)
警报级别: 2(错误/Error)
设备标识: 12077
描述: [qrcode: 12077] Device Offline
[2026-06-03 09:10:55] [INFO] [persistInsert] 持久化插入
警报ID: 2120772001
告警类型: 2001(Device Offline)
警报级别: 2(错误/Error)
设备标识: 12077
发生时间: 2026-06-03 09:10:55
描述: [qrcode: 12077] Device Offline
[2026-06-03 09:10:55] [WARN] [submitAlarm] 提交警报
警报ID: 2120782001
告警类型: 2001(Device Offline)
警报级别: 2(错误/Error)
设备标识: 12078
描述: [qrcode: 12078] Device Offline
[2026-06-03 09:10:55] [INFO] [persistInsert] 持久化插入
警报ID: 2120782001
告警类型: 2001(Device Offline)
警报级别: 2(错误/Error)
设备标识: 12078
发生时间: 2026-06-03 09:10:55
描述: [qrcode: 12078] Device Offline
[2026-06-03 09:10:55] [WARN] [submitAlarm] 提交警报
警报ID: 2120792001
告警类型: 2001(Device Offline)
警报级别: 2(错误/Error)
设备标识: 12079
描述: [qrcode: 12079] Device Offline
[2026-06-03 09:10:55] [INFO] [persistInsert] 持久化插入
警报ID: 2120792001
告警类型: 2001(Device Offline)
警报级别: 2(错误/Error)
设备标识: 12079
发生时间: 2026-06-03 09:10:55
描述: [qrcode: 12079] Device Offline
[2026-06-03 09:10:55] [WARN] [submitAlarm] 提交警报
警报ID: 2120802001
告警类型: 2001(Device Offline)
警报级别: 2(错误/Error)
设备标识: 12080
描述: [qrcode: 12080] Device Offline
[2026-06-03 09:10:55] [INFO] [persistInsert] 持久化插入
警报ID: 2120802001
告警类型: 2001(Device Offline)
警报级别: 2(错误/Error)
设备标识: 12080
发生时间: 2026-06-03 09:10:55
描述: [qrcode: 12080] Device Offline
[2026-06-03 09:10:55] [INFO] [submitResolve] 提交解决
警报ID: 2120752001
告警类型: 2001(Device Offline)
警报级别: 2(错误/Error)
设备标识: 12075
解决时间: 2026-06-03 09:10:55
描述: [qrcode: 12075] Device Offline
[2026-06-03 09:10:55] [INFO] [persistResolve] 持久化更新
警报ID: 2120752001
告警类型: 2001(Device Offline)
警报级别: 2(错误/Error)
设备标识: 12075
解决时间: 2026-06-03 09:10:55
描述: [qrcode: 12075] Device Offline
[2026-06-03 09:10:55] [INFO] [submitResolve] 提交解决
警报ID: 2120762001
告警类型: 2001(Device Offline)
警报级别: 2(错误/Error)
设备标识: 12076
解决时间: 2026-06-03 09:10:55
描述: [qrcode: 12076] Device Offline
[2026-06-03 09:10:55] [INFO] [persistResolve] 持久化更新
警报ID: 2120762001
告警类型: 2001(Device Offline)
警报级别: 2(错误/Error)
设备标识: 12076
解决时间: 2026-06-03 09:10:55
描述: [qrcode: 12076] Device Offline
[2026-06-03 09:10:55] [INFO] [submitResolve] 提交解决
警报ID: 2120792001
告警类型: 2001(Device Offline)
警报级别: 2(错误/Error)
设备标识: 12079
解决时间: 2026-06-03 09:10:55
描述: [qrcode: 12079] Device Offline
[2026-06-03 09:10:55] [INFO] [persistResolve] 持久化更新
警报ID: 2120792001
告警类型: 2001(Device Offline)
警报级别: 2(错误/Error)
设备标识: 12079
解决时间: 2026-06-03 09:10:55
描述: [qrcode: 12079] Device Offline
[2026-06-03 09:10:55] [INFO] [submitResolve] 提交解决
警报ID: 2120692001
告警类型: 2001(Device Offline)
警报级别: 2(错误/Error)
设备标识: 12069
解决时间: 2026-06-03 09:10:55
描述: [qrcode: 12069] Device Offline
[2026-06-03 09:10:55] [INFO] [persistResolve] 持久化更新
警报ID: 2120692001
告警类型: 2001(Device Offline)
警报级别: 2(错误/Error)
设备标识: 12069
解决时间: 2026-06-03 09:10:55
描述: [qrcode: 12069] Device Offline
[2026-06-03 09:10:55] [INFO] [submitResolve] 提交解决
警报ID: 2120772001
告警类型: 2001(Device Offline)
警报级别: 2(错误/Error)
设备标识: 12077
解决时间: 2026-06-03 09:10:55
描述: [qrcode: 12077] Device Offline
[2026-06-03 09:10:55] [INFO] [persistResolve] 持久化更新
警报ID: 2120772001
告警类型: 2001(Device Offline)
警报级别: 2(错误/Error)
设备标识: 12077
解决时间: 2026-06-03 09:10:55
描述: [qrcode: 12077] Device Offline
[2026-06-03 09:10:55] [INFO] [submitResolve] 提交解决
警报ID: 2120742001
告警类型: 2001(Device Offline)
警报级别: 2(错误/Error)
设备标识: 12074
解决时间: 2026-06-03 09:10:55
描述: [qrcode: 12074] Device Offline
[2026-06-03 09:10:55] [INFO] [persistResolve] 持久化更新
警报ID: 2120742001
告警类型: 2001(Device Offline)
警报级别: 2(错误/Error)
设备标识: 12074
解决时间: 2026-06-03 09:10:55
描述: [qrcode: 12074] Device Offline
[2026-06-03 09:10:55] [INFO] [submitResolve] 提交解决
警报ID: 2120802001
告警类型: 2001(Device Offline)
警报级别: 2(错误/Error)
设备标识: 12080
解决时间: 2026-06-03 09:10:55
描述: [qrcode: 12080] Device Offline
[2026-06-03 09:10:55] [INFO] [persistResolve] 持久化更新
警报ID: 2120802001
告警类型: 2001(Device Offline)
警报级别: 2(错误/Error)
设备标识: 12080
解决时间: 2026-06-03 09:10:55
描述: [qrcode: 12080] Device Offline
[2026-06-03 09:10:55] [INFO] [submitResolve] 提交解决
警报ID: 2120782001
告警类型: 2001(Device Offline)
警报级别: 2(错误/Error)
设备标识: 12078
解决时间: 2026-06-03 09:10:55
描述: [qrcode: 12078] Device Offline
[2026-06-03 09:10:55] [INFO] [persistResolve] 持久化更新
警报ID: 2120782001
告警类型: 2001(Device Offline)
警报级别: 2(错误/Error)
设备标识: 12078
解决时间: 2026-06-03 09:10:55
描述: [qrcode: 12078] Device Offline
[2026-06-03 09:46:06] [WARN] [loadActiveFromDb] 恢复未解决警报
警报ID: 2120632001
告警类型: 2001(Device Offline)
警报级别: 2(错误/Error)
设备标识: 12063
描述: [qrcode: 12063] Device Offline
[2026-06-03 09:46:06] [WARN] [submitAlarm] 提交警报
警报ID: 2120642001
告警类型: 2001(Device Offline)
警报级别: 2(错误/Error)
设备标识: 12064
描述: [qrcode: 12064] Device Offline
[2026-06-03 09:46:06] [INFO] [persistInsert] 持久化插入
警报ID: 2120642001
告警类型: 2001(Device Offline)
警报级别: 2(错误/Error)
设备标识: 12064
发生时间: 2026-06-03 09:46:06
描述: [qrcode: 12064] Device Offline
[2026-06-03 09:46:06] [WARN] [submitAlarm] 提交警报
警报ID: 2120692001
告警类型: 2001(Device Offline)
警报级别: 2(错误/Error)
设备标识: 12069
描述: [qrcode: 12069] Device Offline
[2026-06-03 09:46:06] [INFO] [persistInsert] 持久化插入
警报ID: 2120692001
告警类型: 2001(Device Offline)
警报级别: 2(错误/Error)
设备标识: 12069
发生时间: 2026-06-03 09:46:06
描述: [qrcode: 12069] Device Offline
[2026-06-03 09:46:06] [WARN] [submitAlarm] 提交警报
警报ID: 2120702001
告警类型: 2001(Device Offline)
警报级别: 2(错误/Error)
设备标识: 12070
描述: [qrcode: 12070] Device Offline
[2026-06-03 09:46:06] [INFO] [persistInsert] 持久化插入
警报ID: 2120702001
告警类型: 2001(Device Offline)
警报级别: 2(错误/Error)
设备标识: 12070
发生时间: 2026-06-03 09:46:06
描述: [qrcode: 12070] Device Offline
[2026-06-03 09:46:06] [INFO] [persistInsert] 持久化插入
警报ID: 2120732001
告警类型: 2001(Device Offline)
警报级别: 2(错误/Error)
设备标识: 12073
发生时间: 2026-06-03 09:46:06
描述: [qrcode: 12073] Device Offline
[2026-06-03 09:46:06] [WARN] [submitAlarm] 提交警报
警报ID: 2120732001
告警类型: 2001(Device Offline)
警报级别: 2(错误/Error)
设备标识: 12073
描述: [qrcode: 12073] Device Offline
[2026-06-03 09:46:06] [WARN] [submitAlarm] 提交警报
警报ID: 2120742001
告警类型: 2001(Device Offline)
警报级别: 2(错误/Error)
设备标识: 12074
描述: [qrcode: 12074] Device Offline
[2026-06-03 09:46:06] [INFO] [persistInsert] 持久化插入
警报ID: 2120742001
告警类型: 2001(Device Offline)
警报级别: 2(错误/Error)
设备标识: 12074
发生时间: 2026-06-03 09:46:06
描述: [qrcode: 12074] Device Offline
[2026-06-03 09:46:06] [WARN] [submitAlarm] 提交警报
警报ID: 2120752001
告警类型: 2001(Device Offline)
警报级别: 2(错误/Error)
设备标识: 12075
描述: [qrcode: 12075] Device Offline
[2026-06-03 09:46:06] [INFO] [persistInsert] 持久化插入
警报ID: 2120752001
告警类型: 2001(Device Offline)
警报级别: 2(错误/Error)
设备标识: 12075
发生时间: 2026-06-03 09:46:06
描述: [qrcode: 12075] Device Offline
[2026-06-03 09:46:06] [WARN] [submitAlarm] 提交警报
警报ID: 2120762001
告警类型: 2001(Device Offline)
警报级别: 2(错误/Error)
设备标识: 12076
描述: [qrcode: 12076] Device Offline
[2026-06-03 09:46:06] [INFO] [persistInsert] 持久化插入
警报ID: 2120762001
告警类型: 2001(Device Offline)
警报级别: 2(错误/Error)
设备标识: 12076
发生时间: 2026-06-03 09:46:06
描述: [qrcode: 12076] Device Offline
[2026-06-03 09:46:06] [WARN] [submitAlarm] 提交警报
警报ID: 2120772001
告警类型: 2001(Device Offline)
警报级别: 2(错误/Error)
设备标识: 12077
描述: [qrcode: 12077] Device Offline
[2026-06-03 09:46:06] [INFO] [persistInsert] 持久化插入
警报ID: 2120772001
告警类型: 2001(Device Offline)
警报级别: 2(错误/Error)
设备标识: 12077
发生时间: 2026-06-03 09:46:06
描述: [qrcode: 12077] Device Offline
[2026-06-03 09:46:06] [WARN] [submitAlarm] 提交警报
警报ID: 2120782001
告警类型: 2001(Device Offline)
警报级别: 2(错误/Error)
设备标识: 12078
描述: [qrcode: 12078] Device Offline
[2026-06-03 09:46:06] [INFO] [persistInsert] 持久化插入
警报ID: 2120782001
告警类型: 2001(Device Offline)
警报级别: 2(错误/Error)
设备标识: 12078
发生时间: 2026-06-03 09:46:06
描述: [qrcode: 12078] Device Offline
[2026-06-03 09:46:06] [WARN] [submitAlarm] 提交警报
警报ID: 2120792001
告警类型: 2001(Device Offline)
警报级别: 2(错误/Error)
设备标识: 12079
描述: [qrcode: 12079] Device Offline
[2026-06-03 09:46:06] [INFO] [persistInsert] 持久化插入
警报ID: 2120792001
告警类型: 2001(Device Offline)
警报级别: 2(错误/Error)
设备标识: 12079
发生时间: 2026-06-03 09:46:06
描述: [qrcode: 12079] Device Offline
[2026-06-03 09:46:06] [WARN] [submitAlarm] 提交警报
警报ID: 2120802001
告警类型: 2001(Device Offline)
警报级别: 2(错误/Error)
设备标识: 12080
描述: [qrcode: 12080] Device Offline
[2026-06-03 09:46:06] [INFO] [persistInsert] 持久化插入
警报ID: 2120802001
告警类型: 2001(Device Offline)
警报级别: 2(错误/Error)
设备标识: 12080
发生时间: 2026-06-03 09:46:06
描述: [qrcode: 12080] Device Offline
[2026-06-03 09:46:07] [INFO] [submitResolve] 提交解决
警报ID: 2120632001
告警类型: 2001(Device Offline)
警报级别: 2(错误/Error)
设备标识: 12063
解决时间: 2026-06-03 09:46:07
描述: [qrcode: 12063] Device Offline
[2026-06-03 09:46:07] [INFO] [persistResolve] 持久化更新
警报ID: 2120632001
告警类型: 2001(Device Offline)
警报级别: 2(错误/Error)
设备标识: 12063
解决时间: 2026-06-03 09:46:07
描述: [qrcode: 12063] Device Offline
[2026-06-03 09:46:07] [INFO] [submitResolve] 提交解决
警报ID: 2120642001
告警类型: 2001(Device Offline)
警报级别: 2(错误/Error)
设备标识: 12064
解决时间: 2026-06-03 09:46:07
描述: [qrcode: 12064] Device Offline
[2026-06-03 09:46:07] [INFO] [persistResolve] 持久化更新
警报ID: 2120642001
告警类型: 2001(Device Offline)
警报级别: 2(错误/Error)
设备标识: 12064
解决时间: 2026-06-03 09:46:07
描述: [qrcode: 12064] Device Offline
[2026-06-03 09:46:07] [INFO] [submitResolve] 提交解决
警报ID: 2120762001
告警类型: 2001(Device Offline)
警报级别: 2(错误/Error)
设备标识: 12076
解决时间: 2026-06-03 09:46:07
描述: [qrcode: 12076] Device Offline
[2026-06-03 09:46:07] [INFO] [persistResolve] 持久化更新
警报ID: 2120762001
告警类型: 2001(Device Offline)
警报级别: 2(错误/Error)
设备标识: 12076
解决时间: 2026-06-03 09:46:07
描述: [qrcode: 12076] Device Offline
[2026-06-03 09:46:07] [INFO] [submitResolve] 提交解决
警报ID: 2120772001
告警类型: 2001(Device Offline)
警报级别: 2(错误/Error)
设备标识: 12077
解决时间: 2026-06-03 09:46:07
描述: [qrcode: 12077] Device Offline
[2026-06-03 09:46:07] [INFO] [persistResolve] 持久化更新
警报ID: 2120772001
告警类型: 2001(Device Offline)
警报级别: 2(错误/Error)
设备标识: 12077
解决时间: 2026-06-03 09:46:07
描述: [qrcode: 12077] Device Offline
[2026-06-03 09:46:07] [INFO] [submitResolve] 提交解决
警报ID: 2120702001
告警类型: 2001(Device Offline)
警报级别: 2(错误/Error)
设备标识: 12070
解决时间: 2026-06-03 09:46:07
描述: [qrcode: 12070] Device Offline
[2026-06-03 09:46:07] [INFO] [persistResolve] 持久化更新
警报ID: 2120702001
告警类型: 2001(Device Offline)
警报级别: 2(错误/Error)
设备标识: 12070
解决时间: 2026-06-03 09:46:07
描述: [qrcode: 12070] Device Offline
[2026-06-03 09:46:07] [INFO] [submitResolve] 提交解决
警报ID: 2120692001
告警类型: 2001(Device Offline)
警报级别: 2(错误/Error)
设备标识: 12069
解决时间: 2026-06-03 09:46:07
描述: [qrcode: 12069] Device Offline
[2026-06-03 09:46:07] [INFO] [persistResolve] 持久化更新
警报ID: 2120692001
告警类型: 2001(Device Offline)
警报级别: 2(错误/Error)
设备标识: 12069
解决时间: 2026-06-03 09:46:07
描述: [qrcode: 12069] Device Offline
[2026-06-03 09:46:07] [INFO] [submitResolve] 提交解决
警报ID: 2120782001
告警类型: 2001(Device Offline)
警报级别: 2(错误/Error)
设备标识: 12078
解决时间: 2026-06-03 09:46:07
描述: [qrcode: 12078] Device Offline
[2026-06-03 09:46:07] [INFO] [persistResolve] 持久化更新
警报ID: 2120782001
告警类型: 2001(Device Offline)
警报级别: 2(错误/Error)
设备标识: 12078
解决时间: 2026-06-03 09:46:07
描述: [qrcode: 12078] Device Offline
[2026-06-03 09:46:07] [INFO] [submitResolve] 提交解决
警报ID: 2120802001
告警类型: 2001(Device Offline)
警报级别: 2(错误/Error)
设备标识: 12080
解决时间: 2026-06-03 09:46:07
描述: [qrcode: 12080] Device Offline
[2026-06-03 09:46:07] [INFO] [persistResolve] 持久化更新
警报ID: 2120802001
告警类型: 2001(Device Offline)
警报级别: 2(错误/Error)
设备标识: 12080
解决时间: 2026-06-03 09:46:07
描述: [qrcode: 12080] Device Offline
[2026-06-03 09:46:07] [INFO] [submitResolve] 提交解决
警报ID: 2120792001
告警类型: 2001(Device Offline)
警报级别: 2(错误/Error)
设备标识: 12079
解决时间: 2026-06-03 09:46:07
描述: [qrcode: 12079] Device Offline
[2026-06-03 09:46:07] [INFO] [persistResolve] 持久化更新
警报ID: 2120792001
告警类型: 2001(Device Offline)
警报级别: 2(错误/Error)
设备标识: 12079
解决时间: 2026-06-03 09:46:07
描述: [qrcode: 12079] Device Offline
[2026-06-03 09:46:07] [INFO] [submitResolve] 提交解决
警报ID: 2120732001
告警类型: 2001(Device Offline)
警报级别: 2(错误/Error)
设备标识: 12073
解决时间: 2026-06-03 09:46:07
描述: [qrcode: 12073] Device Offline
[2026-06-03 09:46:07] [INFO] [persistResolve] 持久化更新
警报ID: 2120732001
告警类型: 2001(Device Offline)
警报级别: 2(错误/Error)
设备标识: 12073
解决时间: 2026-06-03 09:46:07
描述: [qrcode: 12073] Device Offline
[2026-06-03 09:46:07] [INFO] [submitResolve] 提交解决
警报ID: 2120742001
告警类型: 2001(Device Offline)
警报级别: 2(错误/Error)
设备标识: 12074
解决时间: 2026-06-03 09:46:07
描述: [qrcode: 12074] Device Offline
[2026-06-03 09:46:07] [INFO] [persistResolve] 持久化更新
警报ID: 2120742001
告警类型: 2001(Device Offline)
警报级别: 2(错误/Error)
设备标识: 12074
解决时间: 2026-06-03 09:46:07
描述: [qrcode: 12074] Device Offline
[2026-06-03 09:46:07] [INFO] [submitResolve] 提交解决
警报ID: 2120752001
告警类型: 2001(Device Offline)
警报级别: 2(错误/Error)
设备标识: 12075
解决时间: 2026-06-03 09:46:07
描述: [qrcode: 12075] Device Offline
[2026-06-03 09:46:07] [INFO] [persistResolve] 持久化更新
警报ID: 2120752001
告警类型: 2001(Device Offline)
警报级别: 2(错误/Error)
设备标识: 12075
解决时间: 2026-06-03 09:46:07
描述: [qrcode: 12075] Device Offline
[2026-06-03 14:55:24] [WARN] [submitAlarm] 提交警报
警报ID: 2120232001
告警类型: 2001(Device Offline)
警报级别: 2(错误/Error)
设备标识: 12023
描述: [qrcode: 12023] Device Offline
[2026-06-03 14:55:24] [INFO] [persistInsert] 持久化插入
警报ID: 2120232001
告警类型: 2001(Device Offline)
警报级别: 2(错误/Error)
设备标识: 12023
发生时间: 2026-06-03 14:55:24
描述: [qrcode: 12023] Device Offline
[2026-06-03 14:55:24] [WARN] [submitAlarm] 提交警报
警报ID: 2120242001
告警类型: 2001(Device Offline)
警报级别: 2(错误/Error)
设备标识: 12024
描述: [qrcode: 12024] Device Offline
[2026-06-03 14:55:24] [INFO] [persistInsert] 持久化插入
警报ID: 2120242001
告警类型: 2001(Device Offline)
警报级别: 2(错误/Error)
设备标识: 12024
发生时间: 2026-06-03 14:55:24
描述: [qrcode: 12024] Device Offline
[2026-06-03 14:55:24] [WARN] [submitAlarm] 提交警报
警报ID: 2120252001
告警类型: 2001(Device Offline)
警报级别: 2(错误/Error)
设备标识: 12025
描述: [qrcode: 12025] Device Offline
[2026-06-03 14:55:24] [INFO] [persistInsert] 持久化插入
警报ID: 2120252001
告警类型: 2001(Device Offline)
警报级别: 2(错误/Error)
设备标识: 12025
发生时间: 2026-06-03 14:55:24
描述: [qrcode: 12025] Device Offline
[2026-06-03 14:55:24] [WARN] [submitAlarm] 提交警报
警报ID: 2120262001
告警类型: 2001(Device Offline)
警报级别: 2(错误/Error)
设备标识: 12026
描述: [qrcode: 12026] Device Offline
[2026-06-03 14:55:24] [INFO] [persistInsert] 持久化插入
警报ID: 2120262001
告警类型: 2001(Device Offline)
警报级别: 2(错误/Error)
设备标识: 12026
发生时间: 2026-06-03 14:55:24
描述: [qrcode: 12026] Device Offline
[2026-06-03 14:55:24] [WARN] [submitAlarm] 提交警报
警报ID: 2120272001
告警类型: 2001(Device Offline)
警报级别: 2(错误/Error)
设备标识: 12027
描述: [qrcode: 12027] Device Offline
[2026-06-03 14:55:24] [INFO] [persistInsert] 持久化插入
警报ID: 2120272001
告警类型: 2001(Device Offline)
警报级别: 2(错误/Error)
设备标识: 12027
发生时间: 2026-06-03 14:55:24
描述: [qrcode: 12027] Device Offline
[2026-06-03 14:55:24] [WARN] [submitAlarm] 提交警报
警报ID: 2120282001
告警类型: 2001(Device Offline)
警报级别: 2(错误/Error)
设备标识: 12028
描述: [qrcode: 12028] Device Offline
[2026-06-03 14:55:24] [WARN] [submitAlarm] 提交警报
警报ID: 2120292001
告警类型: 2001(Device Offline)
警报级别: 2(错误/Error)
设备标识: 12029
描述: [qrcode: 12029] Device Offline
[2026-06-03 14:55:24] [INFO] [persistInsert] 持久化插入
警报ID: 2120292001
告警类型: 2001(Device Offline)
警报级别: 2(错误/Error)
设备标识: 12029
发生时间: 2026-06-03 14:55:24
描述: [qrcode: 12029] Device Offline
[2026-06-03 14:55:24] [WARN] [submitAlarm] 提交警报
警报ID: 2120302001
告警类型: 2001(Device Offline)
警报级别: 2(错误/Error)
设备标识: 12030
描述: [qrcode: 12030] Device Offline
[2026-06-03 14:55:24] [INFO] [persistInsert] 持久化插入
警报ID: 2120302001
告警类型: 2001(Device Offline)
警报级别: 2(错误/Error)
设备标识: 12030
发生时间: 2026-06-03 14:55:24
描述: [qrcode: 12030] Device Offline
[2026-06-03 14:55:24] [WARN] [submitAlarm] 提交警报
警报ID: 2120312001
告警类型: 2001(Device Offline)
警报级别: 2(错误/Error)
设备标识: 12031
描述: [qrcode: 12031] Device Offline
[2026-06-03 14:55:24] [INFO] [persistInsert] 持久化插入
警报ID: 2120282001
告警类型: 2001(Device Offline)
警报级别: 2(错误/Error)
设备标识: 12028
发生时间: 2026-06-03 14:55:24
描述: [qrcode: 12028] Device Offline
[2026-06-03 14:55:24] [INFO] [persistInsert] 持久化插入
警报ID: 2120312001
告警类型: 2001(Device Offline)
警报级别: 2(错误/Error)
设备标识: 12031
发生时间: 2026-06-03 14:55:24
描述: [qrcode: 12031] Device Offline
[2026-06-03 14:55:24] [WARN] [submitAlarm] 提交警报
警报ID: 2120322001
告警类型: 2001(Device Offline)
警报级别: 2(错误/Error)
设备标识: 12032
描述: [qrcode: 12032] Device Offline
[2026-06-03 14:55:24] [INFO] [persistInsert] 持久化插入
警报ID: 2120322001
告警类型: 2001(Device Offline)
警报级别: 2(错误/Error)
设备标识: 12032
发生时间: 2026-06-03 14:55:24
描述: [qrcode: 12032] Device Offline
[2026-06-03 14:55:24] [WARN] [submitAlarm] 提交警报
警报ID: 2120332001
告警类型: 2001(Device Offline)
警报级别: 2(错误/Error)
设备标识: 12033
描述: [qrcode: 12033] Device Offline
[2026-06-03 14:55:24] [INFO] [persistInsert] 持久化插入
警报ID: 2120332001
告警类型: 2001(Device Offline)
警报级别: 2(错误/Error)
设备标识: 12033
发生时间: 2026-06-03 14:55:24
描述: [qrcode: 12033] Device Offline
[2026-06-03 14:55:24] [WARN] [submitAlarm] 提交警报
警报ID: 2120342001
告警类型: 2001(Device Offline)
警报级别: 2(错误/Error)
设备标识: 12034
描述: [qrcode: 12034] Device Offline
[2026-06-03 14:55:24] [INFO] [persistInsert] 持久化插入
警报ID: 2120342001
告警类型: 2001(Device Offline)
警报级别: 2(错误/Error)
设备标识: 12034
发生时间: 2026-06-03 14:55:24
描述: [qrcode: 12034] Device Offline
[2026-06-03 14:55:24] [WARN] [submitAlarm] 提交警报
警报ID: 2120352001
告警类型: 2001(Device Offline)
警报级别: 2(错误/Error)
设备标识: 12035
描述: [qrcode: 12035] Device Offline
[2026-06-03 14:55:24] [INFO] [persistInsert] 持久化插入
警报ID: 2120352001
告警类型: 2001(Device Offline)
警报级别: 2(错误/Error)
设备标识: 12035
发生时间: 2026-06-03 14:55:24
描述: [qrcode: 12035] Device Offline
[2026-06-03 14:55:24] [WARN] [submitAlarm] 提交警报
警报ID: 2120362001
告警类型: 2001(Device Offline)
警报级别: 2(错误/Error)
设备标识: 12036
描述: [qrcode: 12036] Device Offline
[2026-06-03 14:55:24] [INFO] [persistInsert] 持久化插入
警报ID: 2120362001
告警类型: 2001(Device Offline)
警报级别: 2(错误/Error)
设备标识: 12036
发生时间: 2026-06-03 14:55:24
描述: [qrcode: 12036] Device Offline
[2026-06-03 14:55:24] [WARN] [submitAlarm] 提交警报
警报ID: 2120372001
告警类型: 2001(Device Offline)
警报级别: 2(错误/Error)
设备标识: 12037
描述: [qrcode: 12037] Device Offline
[2026-06-03 14:55:24] [INFO] [persistInsert] 持久化插入
警报ID: 2120372001
告警类型: 2001(Device Offline)
警报级别: 2(错误/Error)
设备标识: 12037
发生时间: 2026-06-03 14:55:24
描述: [qrcode: 12037] Device Offline
[2026-06-03 14:55:24] [WARN] [submitAlarm] 提交警报
警报ID: 2120382001
告警类型: 2001(Device Offline)
警报级别: 2(错误/Error)
设备标识: 12038
描述: [qrcode: 12038] Device Offline
[2026-06-03 14:55:24] [INFO] [persistInsert] 持久化插入
警报ID: 2120382001
告警类型: 2001(Device Offline)
警报级别: 2(错误/Error)
设备标识: 12038
发生时间: 2026-06-03 14:55:24
描述: [qrcode: 12038] Device Offline
[2026-06-03 14:55:24] [WARN] [submitAlarm] 提交警报
警报ID: 2120392001
告警类型: 2001(Device Offline)
警报级别: 2(错误/Error)
设备标识: 12039
描述: [qrcode: 12039] Device Offline
[2026-06-03 14:55:24] [INFO] [persistInsert] 持久化插入
警报ID: 2120392001
告警类型: 2001(Device Offline)
警报级别: 2(错误/Error)
设备标识: 12039
发生时间: 2026-06-03 14:55:24
描述: [qrcode: 12039] Device Offline
[2026-06-03 14:55:24] [WARN] [submitAlarm] 提交警报
警报ID: 2120402001
告警类型: 2001(Device Offline)
警报级别: 2(错误/Error)
设备标识: 12040
描述: [qrcode: 12040] Device Offline
[2026-06-03 14:55:24] [INFO] [persistInsert] 持久化插入
警报ID: 2120402001
告警类型: 2001(Device Offline)
警报级别: 2(错误/Error)
设备标识: 12040
发生时间: 2026-06-03 14:55:24
描述: [qrcode: 12040] Device Offline
[2026-06-03 14:55:24] [WARN] [submitAlarm] 提交警报
警报ID: 2120412001
告警类型: 2001(Device Offline)
警报级别: 2(错误/Error)
设备标识: 12041
描述: [qrcode: 12041] Device Offline
[2026-06-03 14:55:24] [INFO] [persistInsert] 持久化插入
警报ID: 2120412001
告警类型: 2001(Device Offline)
警报级别: 2(错误/Error)
设备标识: 12041
发生时间: 2026-06-03 14:55:24
描述: [qrcode: 12041] Device Offline
[2026-06-03 14:55:24] [WARN] [submitAlarm] 提交警报
警报ID: 2120422001
告警类型: 2001(Device Offline)
警报级别: 2(错误/Error)
设备标识: 12042
描述: [qrcode: 12042] Device Offline
[2026-06-03 14:55:24] [INFO] [persistInsert] 持久化插入
警报ID: 2120422001
告警类型: 2001(Device Offline)
警报级别: 2(错误/Error)
设备标识: 12042
发生时间: 2026-06-03 14:55:24
描述: [qrcode: 12042] Device Offline
[2026-06-03 14:55:24] [WARN] [submitAlarm] 提交警报
警报ID: 2120432001
告警类型: 2001(Device Offline)
警报级别: 2(错误/Error)
设备标识: 12043
描述: [qrcode: 12043] Device Offline
[2026-06-03 14:55:24] [INFO] [persistInsert] 持久化插入
警报ID: 2120432001
告警类型: 2001(Device Offline)
警报级别: 2(错误/Error)
设备标识: 12043
发生时间: 2026-06-03 14:55:24
描述: [qrcode: 12043] Device Offline
[2026-06-03 14:55:24] [WARN] [submitAlarm] 提交警报
警报ID: 2120442001
告警类型: 2001(Device Offline)
警报级别: 2(错误/Error)
设备标识: 12044
描述: [qrcode: 12044] Device Offline
[2026-06-03 14:55:24] [WARN] [submitAlarm] 提交警报
警报ID: 2120452001
告警类型: 2001(Device Offline)
警报级别: 2(错误/Error)
设备标识: 12045
描述: [qrcode: 12045] Device Offline
[2026-06-03 14:55:24] [WARN] [submitAlarm] 提交警报
警报ID: 2120462001
告警类型: 2001(Device Offline)
警报级别: 2(错误/Error)
设备标识: 12046
描述: [qrcode: 12046] Device Offline
[2026-06-03 14:55:24] [INFO] [persistInsert] 持久化插入
警报ID: 2120442001
告警类型: 2001(Device Offline)
警报级别: 2(错误/Error)
设备标识: 12044
发生时间: 2026-06-03 14:55:24
描述: [qrcode: 12044] Device Offline
[2026-06-03 14:55:24] [WARN] [submitAlarm] 提交警报
警报ID: 2120472001
告警类型: 2001(Device Offline)
警报级别: 2(错误/Error)
设备标识: 12047
描述: [qrcode: 12047] Device Offline
[2026-06-03 14:55:24] [INFO] [persistInsert] 持久化插入
警报ID: 2120472001
告警类型: 2001(Device Offline)
警报级别: 2(错误/Error)
设备标识: 12047
发生时间: 2026-06-03 14:55:24
描述: [qrcode: 12047] Device Offline
[2026-06-03 14:55:24] [WARN] [submitAlarm] 提交警报
警报ID: 2120482001
告警类型: 2001(Device Offline)
警报级别: 2(错误/Error)
设备标识: 12048
描述: [qrcode: 12048] Device Offline
[2026-06-03 14:55:24] [INFO] [persistInsert] 持久化插入
警报ID: 2120482001
告警类型: 2001(Device Offline)
警报级别: 2(错误/Error)
设备标识: 12048
发生时间: 2026-06-03 14:55:24
描述: [qrcode: 12048] Device Offline
[2026-06-03 14:55:24] [WARN] [submitAlarm] 提交警报
警报ID: 2120492001
告警类型: 2001(Device Offline)
警报级别: 2(错误/Error)
设备标识: 12049
描述: [qrcode: 12049] Device Offline
[2026-06-03 14:55:24] [INFO] [persistInsert] 持久化插入
警报ID: 2120492001
告警类型: 2001(Device Offline)
警报级别: 2(错误/Error)
设备标识: 12049
发生时间: 2026-06-03 14:55:24
描述: [qrcode: 12049] Device Offline
[2026-06-03 14:55:24] [WARN] [submitAlarm] 提交警报
警报ID: 2120502001
告警类型: 2001(Device Offline)
警报级别: 2(错误/Error)
设备标识: 12050
描述: [qrcode: 12050] Device Offline
[2026-06-03 14:55:24] [INFO] [persistInsert] 持久化插入
警报ID: 2120502001
告警类型: 2001(Device Offline)
警报级别: 2(错误/Error)
设备标识: 12050
发生时间: 2026-06-03 14:55:24
描述: [qrcode: 12050] Device Offline
[2026-06-03 14:55:24] [WARN] [submitAlarm] 提交警报
警报ID: 2120512001
告警类型: 2001(Device Offline)
警报级别: 2(错误/Error)
设备标识: 12051
描述: [qrcode: 12051] Device Offline
[2026-06-03 14:55:24] [INFO] [persistInsert] 持久化插入
警报ID: 2120512001
告警类型: 2001(Device Offline)
警报级别: 2(错误/Error)
设备标识: 12051
发生时间: 2026-06-03 14:55:24
描述: [qrcode: 12051] Device Offline
[2026-06-03 14:55:24] [INFO] [persistInsert] 持久化插入
警报ID: 2120452001
告警类型: 2001(Device Offline)
警报级别: 2(错误/Error)
设备标识: 12045
发生时间: 2026-06-03 14:55:24
描述: [qrcode: 12045] Device Offline
[2026-06-03 14:55:24] [WARN] [submitAlarm] 提交警报
警报ID: 2120522001
告警类型: 2001(Device Offline)
警报级别: 2(错误/Error)
设备标识: 12052
描述: [qrcode: 12052] Device Offline
[2026-06-03 14:55:24] [INFO] [persistInsert] 持久化插入
警报ID: 2120462001
告警类型: 2001(Device Offline)
警报级别: 2(错误/Error)
设备标识: 12046
发生时间: 2026-06-03 14:55:24
描述: [qrcode: 12046] Device Offline
[2026-06-03 14:55:24] [INFO] [persistInsert] 持久化插入
警报ID: 2120522001
告警类型: 2001(Device Offline)
警报级别: 2(错误/Error)
设备标识: 12052
发生时间: 2026-06-03 14:55:24
描述: [qrcode: 12052] Device Offline
[2026-06-03 14:55:24] [WARN] [submitAlarm] 提交警报
警报ID: 2120532001
告警类型: 2001(Device Offline)
警报级别: 2(错误/Error)
设备标识: 12053
描述: [qrcode: 12053] Device Offline
[2026-06-03 14:55:24] [INFO] [persistInsert] 持久化插入
警报ID: 2120532001
告警类型: 2001(Device Offline)
警报级别: 2(错误/Error)
设备标识: 12053
发生时间: 2026-06-03 14:55:24
描述: [qrcode: 12053] Device Offline
[2026-06-03 14:55:24] [WARN] [submitAlarm] 提交警报
警报ID: 2120542001
告警类型: 2001(Device Offline)
警报级别: 2(错误/Error)
设备标识: 12054
描述: [qrcode: 12054] Device Offline
[2026-06-03 14:55:24] [INFO] [persistInsert] 持久化插入
警报ID: 2120542001
告警类型: 2001(Device Offline)
警报级别: 2(错误/Error)
设备标识: 12054
发生时间: 2026-06-03 14:55:24
描述: [qrcode: 12054] Device Offline
[2026-06-03 14:55:24] [WARN] [submitAlarm] 提交警报
警报ID: 2120552001
告警类型: 2001(Device Offline)
警报级别: 2(错误/Error)
设备标识: 12055
描述: [qrcode: 12055] Device Offline
[2026-06-03 14:55:24] [INFO] [persistInsert] 持久化插入
警报ID: 2120552001
告警类型: 2001(Device Offline)
警报级别: 2(错误/Error)
设备标识: 12055
发生时间: 2026-06-03 14:55:24
描述: [qrcode: 12055] Device Offline
[2026-06-03 14:55:24] [WARN] [submitAlarm] 提交警报
警报ID: 2120562001
告警类型: 2001(Device Offline)
警报级别: 2(错误/Error)
设备标识: 12056
描述: [qrcode: 12056] Device Offline
[2026-06-03 14:55:24] [INFO] [persistInsert] 持久化插入
警报ID: 2120562001
告警类型: 2001(Device Offline)
警报级别: 2(错误/Error)
设备标识: 12056
发生时间: 2026-06-03 14:55:24
描述: [qrcode: 12056] Device Offline
[2026-06-03 14:55:24] [WARN] [submitAlarm] 提交警报
警报ID: 2120572001
告警类型: 2001(Device Offline)
警报级别: 2(错误/Error)
设备标识: 12057
描述: [qrcode: 12057] Device Offline
[2026-06-03 14:55:24] [INFO] [persistInsert] 持久化插入
警报ID: 2120572001
告警类型: 2001(Device Offline)
警报级别: 2(错误/Error)
设备标识: 12057
发生时间: 2026-06-03 14:55:24
描述: [qrcode: 12057] Device Offline
[2026-06-03 14:55:24] [WARN] [submitAlarm] 提交警报
警报ID: 2120582001
告警类型: 2001(Device Offline)
警报级别: 2(错误/Error)
设备标识: 12058
描述: [qrcode: 12058] Device Offline
[2026-06-03 14:55:24] [INFO] [persistInsert] 持久化插入
警报ID: 2120582001
告警类型: 2001(Device Offline)
警报级别: 2(错误/Error)
设备标识: 12058
发生时间: 2026-06-03 14:55:24
描述: [qrcode: 12058] Device Offline
[2026-06-03 14:55:24] [WARN] [submitAlarm] 提交警报
警报ID: 2120592001
告警类型: 2001(Device Offline)
警报级别: 2(错误/Error)
设备标识: 12059
描述: [qrcode: 12059] Device Offline
[2026-06-03 14:55:24] [INFO] [persistInsert] 持久化插入
警报ID: 2120592001
告警类型: 2001(Device Offline)
警报级别: 2(错误/Error)
设备标识: 12059
发生时间: 2026-06-03 14:55:24
描述: [qrcode: 12059] Device Offline
[2026-06-03 14:55:24] [WARN] [submitAlarm] 提交警报
警报ID: 2120602001
告警类型: 2001(Device Offline)
警报级别: 2(错误/Error)
设备标识: 12060
描述: [qrcode: 12060] Device Offline
[2026-06-03 14:55:24] [INFO] [persistInsert] 持久化插入
警报ID: 2120602001
告警类型: 2001(Device Offline)
警报级别: 2(错误/Error)
设备标识: 12060
发生时间: 2026-06-03 14:55:24
描述: [qrcode: 12060] Device Offline
[2026-06-03 14:55:24] [WARN] [submitAlarm] 提交警报
警报ID: 2120612001
告警类型: 2001(Device Offline)
警报级别: 2(错误/Error)
设备标识: 12061
描述: [qrcode: 12061] Device Offline
[2026-06-03 14:55:24] [INFO] [persistInsert] 持久化插入
警报ID: 2120612001
告警类型: 2001(Device Offline)
警报级别: 2(错误/Error)
设备标识: 12061
发生时间: 2026-06-03 14:55:24
描述: [qrcode: 12061] Device Offline
[2026-06-03 14:55:24] [WARN] [submitAlarm] 提交警报
警报ID: 2120622001
告警类型: 2001(Device Offline)
警报级别: 2(错误/Error)
设备标识: 12062
描述: [qrcode: 12062] Device Offline
[2026-06-03 14:55:24] [INFO] [persistInsert] 持久化插入
警报ID: 2120622001
告警类型: 2001(Device Offline)
警报级别: 2(错误/Error)
设备标识: 12062
发生时间: 2026-06-03 14:55:24
描述: [qrcode: 12062] Device Offline
[2026-06-03 14:55:24] [WARN] [submitAlarm] 提交警报
警报ID: 2120632001
告警类型: 2001(Device Offline)
警报级别: 2(错误/Error)
设备标识: 12063
描述: [qrcode: 12063] Device Offline
[2026-06-03 14:55:24] [INFO] [persistInsert] 持久化插入
警报ID: 2120632001
告警类型: 2001(Device Offline)
警报级别: 2(错误/Error)
设备标识: 12063
发生时间: 2026-06-03 14:55:24
描述: [qrcode: 12063] Device Offline
[2026-06-03 14:55:24] [WARN] [submitAlarm] 提交警报
警报ID: 2120642001
告警类型: 2001(Device Offline)
警报级别: 2(错误/Error)
设备标识: 12064
描述: [qrcode: 12064] Device Offline
[2026-06-03 14:55:24] [INFO] [persistInsert] 持久化插入
警报ID: 2120642001
告警类型: 2001(Device Offline)
警报级别: 2(错误/Error)
设备标识: 12064
发生时间: 2026-06-03 14:55:24
描述: [qrcode: 12064] Device Offline
[2026-06-03 14:55:24] [WARN] [submitAlarm] 提交警报
警报ID: 2120652001
告警类型: 2001(Device Offline)
警报级别: 2(错误/Error)
设备标识: 12065
描述: [qrcode: 12065] Device Offline
[2026-06-03 14:55:24] [INFO] [persistInsert] 持久化插入
警报ID: 2120652001
告警类型: 2001(Device Offline)
警报级别: 2(错误/Error)
设备标识: 12065
发生时间: 2026-06-03 14:55:24
描述: [qrcode: 12065] Device Offline
[2026-06-03 14:55:24] [WARN] [submitAlarm] 提交警报
警报ID: 2120662001
告警类型: 2001(Device Offline)
警报级别: 2(错误/Error)
设备标识: 12066
描述: [qrcode: 12066] Device Offline
[2026-06-03 14:55:24] [INFO] [persistInsert] 持久化插入
警报ID: 2120662001
告警类型: 2001(Device Offline)
警报级别: 2(错误/Error)
设备标识: 12066
发生时间: 2026-06-03 14:55:24
描述: [qrcode: 12066] Device Offline
[2026-06-03 14:55:24] [WARN] [submitAlarm] 提交警报
警报ID: 2120672001
告警类型: 2001(Device Offline)
警报级别: 2(错误/Error)
设备标识: 12067
描述: [qrcode: 12067] Device Offline
[2026-06-03 14:55:24] [INFO] [persistInsert] 持久化插入
警报ID: 2120672001
告警类型: 2001(Device Offline)
警报级别: 2(错误/Error)
设备标识: 12067
发生时间: 2026-06-03 14:55:24
描述: [qrcode: 12067] Device Offline
[2026-06-03 14:55:24] [WARN] [submitAlarm] 提交警报
警报ID: 2120682001
告警类型: 2001(Device Offline)
警报级别: 2(错误/Error)
设备标识: 12068
描述: [qrcode: 12068] Device Offline
[2026-06-03 14:55:24] [INFO] [persistInsert] 持久化插入
警报ID: 2120682001
告警类型: 2001(Device Offline)
警报级别: 2(错误/Error)
设备标识: 12068
发生时间: 2026-06-03 14:55:24
描述: [qrcode: 12068] Device Offline
[2026-06-03 14:55:24] [WARN] [submitAlarm] 提交警报
警报ID: 2120692001
告警类型: 2001(Device Offline)
警报级别: 2(错误/Error)
设备标识: 12069
描述: [qrcode: 12069] Device Offline
[2026-06-03 14:55:24] [INFO] [persistInsert] 持久化插入
警报ID: 2120692001
告警类型: 2001(Device Offline)
警报级别: 2(错误/Error)
设备标识: 12069
发生时间: 2026-06-03 14:55:24
描述: [qrcode: 12069] Device Offline
[2026-06-03 14:55:24] [WARN] [submitAlarm] 提交警报
警报ID: 2120702001
告警类型: 2001(Device Offline)
警报级别: 2(错误/Error)
设备标识: 12070
描述: [qrcode: 12070] Device Offline
[2026-06-03 14:55:24] [INFO] [persistInsert] 持久化插入
警报ID: 2120702001
告警类型: 2001(Device Offline)
警报级别: 2(错误/Error)
设备标识: 12070
发生时间: 2026-06-03 14:55:24
描述: [qrcode: 12070] Device Offline
[2026-06-03 14:55:24] [WARN] [submitAlarm] 提交警报
警报ID: 2120712001
告警类型: 2001(Device Offline)
警报级别: 2(错误/Error)
设备标识: 12071
描述: [qrcode: 12071] Device Offline
[2026-06-03 14:55:24] [INFO] [persistInsert] 持久化插入
警报ID: 2120712001
告警类型: 2001(Device Offline)
警报级别: 2(错误/Error)
设备标识: 12071
发生时间: 2026-06-03 14:55:24
描述: [qrcode: 12071] Device Offline
[2026-06-03 14:55:24] [WARN] [submitAlarm] 提交警报
警报ID: 2120722001
告警类型: 2001(Device Offline)
警报级别: 2(错误/Error)
设备标识: 12072
描述: [qrcode: 12072] Device Offline
[2026-06-03 14:55:24] [INFO] [persistInsert] 持久化插入
警报ID: 2120722001
告警类型: 2001(Device Offline)
警报级别: 2(错误/Error)
设备标识: 12072
发生时间: 2026-06-03 14:55:24
描述: [qrcode: 12072] Device Offline
[2026-06-03 14:55:24] [WARN] [submitAlarm] 提交警报
警报ID: 2120732001
告警类型: 2001(Device Offline)
警报级别: 2(错误/Error)
设备标识: 12073
描述: [qrcode: 12073] Device Offline
[2026-06-03 14:55:24] [INFO] [persistInsert] 持久化插入
警报ID: 2120732001
告警类型: 2001(Device Offline)
警报级别: 2(错误/Error)
设备标识: 12073
发生时间: 2026-06-03 14:55:24
描述: [qrcode: 12073] Device Offline
[2026-06-03 14:55:24] [WARN] [submitAlarm] 提交警报
警报ID: 2120742001
告警类型: 2001(Device Offline)
警报级别: 2(错误/Error)
设备标识: 12074
描述: [qrcode: 12074] Device Offline
[2026-06-03 14:55:24] [INFO] [persistInsert] 持久化插入
警报ID: 2120742001
告警类型: 2001(Device Offline)
警报级别: 2(错误/Error)
设备标识: 12074
发生时间: 2026-06-03 14:55:24
描述: [qrcode: 12074] Device Offline
[2026-06-03 14:55:24] [WARN] [submitAlarm] 提交警报
警报ID: 2120752001
告警类型: 2001(Device Offline)
警报级别: 2(错误/Error)
设备标识: 12075
描述: [qrcode: 12075] Device Offline
[2026-06-03 14:55:24] [INFO] [persistInsert] 持久化插入
警报ID: 2120752001
告警类型: 2001(Device Offline)
警报级别: 2(错误/Error)
设备标识: 12075
发生时间: 2026-06-03 14:55:24
描述: [qrcode: 12075] Device Offline
[2026-06-03 14:55:24] [WARN] [submitAlarm] 提交警报
警报ID: 2120762001
告警类型: 2001(Device Offline)
警报级别: 2(错误/Error)
设备标识: 12076
描述: [qrcode: 12076] Device Offline
[2026-06-03 14:55:24] [INFO] [persistInsert] 持久化插入
警报ID: 2120762001
告警类型: 2001(Device Offline)
警报级别: 2(错误/Error)
设备标识: 12076
发生时间: 2026-06-03 14:55:24
描述: [qrcode: 12076] Device Offline
[2026-06-03 14:55:24] [WARN] [submitAlarm] 提交警报
警报ID: 2120772001
告警类型: 2001(Device Offline)
警报级别: 2(错误/Error)
设备标识: 12077
描述: [qrcode: 12077] Device Offline
[2026-06-03 14:55:24] [INFO] [persistInsert] 持久化插入
警报ID: 2120772001
告警类型: 2001(Device Offline)
警报级别: 2(错误/Error)
设备标识: 12077
发生时间: 2026-06-03 14:55:24
描述: [qrcode: 12077] Device Offline
[2026-06-03 14:55:24] [WARN] [submitAlarm] 提交警报
警报ID: 2120782001
告警类型: 2001(Device Offline)
警报级别: 2(错误/Error)
设备标识: 12078
描述: [qrcode: 12078] Device Offline
[2026-06-03 14:55:24] [INFO] [persistInsert] 持久化插入
警报ID: 2120782001
告警类型: 2001(Device Offline)
警报级别: 2(错误/Error)
设备标识: 12078
发生时间: 2026-06-03 14:55:24
描述: [qrcode: 12078] Device Offline
[2026-06-03 14:55:24] [WARN] [submitAlarm] 提交警报
警报ID: 2120792001
告警类型: 2001(Device Offline)
警报级别: 2(错误/Error)
设备标识: 12079
描述: [qrcode: 12079] Device Offline
[2026-06-03 14:55:24] [INFO] [persistInsert] 持久化插入
警报ID: 2120792001
告警类型: 2001(Device Offline)
警报级别: 2(错误/Error)
设备标识: 12079
发生时间: 2026-06-03 14:55:24
描述: [qrcode: 12079] Device Offline
[2026-06-03 14:55:24] [WARN] [submitAlarm] 提交警报
警报ID: 2120802001
告警类型: 2001(Device Offline)
警报级别: 2(错误/Error)
设备标识: 12080
描述: [qrcode: 12080] Device Offline
[2026-06-03 14:55:24] [INFO] [persistInsert] 持久化插入
警报ID: 2120802001
告警类型: 2001(Device Offline)
警报级别: 2(错误/Error)
设备标识: 12080
发生时间: 2026-06-03 14:55:24
描述: [qrcode: 12080] Device Offline
[2026-06-03 14:55:24] [INFO] [submitResolve] 提交解决
警报ID: 2120422001
告警类型: 2001(Device Offline)
警报级别: 2(错误/Error)
设备标识: 12042
解决时间: 2026-06-03 14:55:24
描述: [qrcode: 12042] Device Offline
[2026-06-03 14:55:24] [INFO] [persistResolve] 持久化更新
警报ID: 2120422001
告警类型: 2001(Device Offline)
警报级别: 2(错误/Error)
设备标识: 12042
解决时间: 2026-06-03 14:55:24
描述: [qrcode: 12042] Device Offline
[2026-06-03 14:55:24] [INFO] [submitResolve] 提交解决
警报ID: 2120592001
告警类型: 2001(Device Offline)
警报级别: 2(错误/Error)
设备标识: 12059
解决时间: 2026-06-03 14:55:24
描述: [qrcode: 12059] Device Offline
[2026-06-03 14:55:24] [INFO] [persistResolve] 持久化更新
警报ID: 2120592001
告警类型: 2001(Device Offline)
警报级别: 2(错误/Error)
设备标识: 12059
解决时间: 2026-06-03 14:55:24
描述: [qrcode: 12059] Device Offline
[2026-06-03 14:55:24] [INFO] [submitResolve] 提交解决
警报ID: 2120682001
告警类型: 2001(Device Offline)
警报级别: 2(错误/Error)
设备标识: 12068
解决时间: 2026-06-03 14:55:24
描述: [qrcode: 12068] Device Offline
[2026-06-03 14:55:24] [INFO] [persistResolve] 持久化更新
警报ID: 2120682001
告警类型: 2001(Device Offline)
警报级别: 2(错误/Error)
设备标识: 12068
解决时间: 2026-06-03 14:55:24
描述: [qrcode: 12068] Device Offline
[2026-06-03 14:55:24] [INFO] [submitResolve] 提交解决
警报ID: 2120412001
告警类型: 2001(Device Offline)
警报级别: 2(错误/Error)
设备标识: 12041
解决时间: 2026-06-03 14:55:24
描述: [qrcode: 12041] Device Offline
[2026-06-03 14:55:24] [INFO] [persistResolve] 持久化更新
警报ID: 2120412001
告警类型: 2001(Device Offline)
警报级别: 2(错误/Error)
设备标识: 12041
解决时间: 2026-06-03 14:55:24
描述: [qrcode: 12041] Device Offline
[2026-06-03 14:55:24] [INFO] [submitResolve] 提交解决
警报ID: 2120492001
告警类型: 2001(Device Offline)
警报级别: 2(错误/Error)
设备标识: 12049
解决时间: 2026-06-03 14:55:24
描述: [qrcode: 12049] Device Offline
[2026-06-03 14:55:24] [INFO] [persistResolve] 持久化更新
警报ID: 2120492001
告警类型: 2001(Device Offline)
警报级别: 2(错误/Error)
设备标识: 12049
解决时间: 2026-06-03 14:55:24
描述: [qrcode: 12049] Device Offline
[2026-06-03 14:55:24] [INFO] [submitResolve] 提交解决
警报ID: 2120442001
告警类型: 2001(Device Offline)
警报级别: 2(错误/Error)
设备标识: 12044
解决时间: 2026-06-03 14:55:24
描述: [qrcode: 12044] Device Offline
[2026-06-03 14:55:24] [INFO] [persistResolve] 持久化更新
警报ID: 2120442001
告警类型: 2001(Device Offline)
警报级别: 2(错误/Error)
设备标识: 12044
解决时间: 2026-06-03 14:55:24
描述: [qrcode: 12044] Device Offline
[2026-06-03 14:55:24] [INFO] [submitResolve] 提交解决
警报ID: 2120642001
告警类型: 2001(Device Offline)
警报级别: 2(错误/Error)
设备标识: 12064
解决时间: 2026-06-03 14:55:24
描述: [qrcode: 12064] Device Offline
[2026-06-03 14:55:24] [INFO] [persistResolve] 持久化更新
警报ID: 2120642001
告警类型: 2001(Device Offline)
警报级别: 2(错误/Error)
设备标识: 12064
解决时间: 2026-06-03 14:55:24
描述: [qrcode: 12064] Device Offline
[2026-06-03 14:55:24] [INFO] [submitResolve] 提交解决
警报ID: 2120372001
告警类型: 2001(Device Offline)
警报级别: 2(错误/Error)
设备标识: 12037
解决时间: 2026-06-03 14:55:24
描述: [qrcode: 12037] Device Offline
[2026-06-03 14:55:24] [INFO] [persistResolve] 持久化更新
警报ID: 2120372001
告警类型: 2001(Device Offline)
警报级别: 2(错误/Error)
设备标识: 12037
解决时间: 2026-06-03 14:55:24
描述: [qrcode: 12037] Device Offline
[2026-06-03 14:55:24] [INFO] [submitResolve] 提交解决
警报ID: 2120242001
告警类型: 2001(Device Offline)
警报级别: 2(错误/Error)
设备标识: 12024
解决时间: 2026-06-03 14:55:24
描述: [qrcode: 12024] Device Offline
[2026-06-03 14:55:24] [INFO] [persistResolve] 持久化更新
警报ID: 2120242001
告警类型: 2001(Device Offline)
警报级别: 2(错误/Error)
设备标识: 12024
解决时间: 2026-06-03 14:55:24
描述: [qrcode: 12024] Device Offline
[2026-06-03 14:55:24] [INFO] [submitResolve] 提交解决
警报ID: 2120632001
告警类型: 2001(Device Offline)
警报级别: 2(错误/Error)
设备标识: 12063
解决时间: 2026-06-03 14:55:24
描述: [qrcode: 12063] Device Offline
[2026-06-03 14:55:24] [INFO] [persistResolve] 持久化更新
警报ID: 2120632001
告警类型: 2001(Device Offline)
警报级别: 2(错误/Error)
设备标识: 12063
解决时间: 2026-06-03 14:55:24
描述: [qrcode: 12063] Device Offline
[2026-06-03 14:55:24] [INFO] [submitResolve] 提交解决
警报ID: 2120272001
告警类型: 2001(Device Offline)
警报级别: 2(错误/Error)
设备标识: 12027
解决时间: 2026-06-03 14:55:24
描述: [qrcode: 12027] Device Offline
[2026-06-03 14:55:24] [INFO] [persistResolve] 持久化更新
警报ID: 2120272001
告警类型: 2001(Device Offline)
警报级别: 2(错误/Error)
设备标识: 12027
解决时间: 2026-06-03 14:55:24
描述: [qrcode: 12027] Device Offline
[2026-06-03 14:55:24] [INFO] [submitResolve] 提交解决
警报ID: 2120602001
告警类型: 2001(Device Offline)
警报级别: 2(错误/Error)
设备标识: 12060
解决时间: 2026-06-03 14:55:24
描述: [qrcode: 12060] Device Offline
[2026-06-03 14:55:24] [INFO] [persistResolve] 持久化更新
警报ID: 2120602001
告警类型: 2001(Device Offline)
警报级别: 2(错误/Error)
设备标识: 12060
解决时间: 2026-06-03 14:55:24
描述: [qrcode: 12060] Device Offline
[2026-06-03 14:55:24] [INFO] [submitResolve] 提交解决
警报ID: 2120662001
告警类型: 2001(Device Offline)
警报级别: 2(错误/Error)
设备标识: 12066
解决时间: 2026-06-03 14:55:24
描述: [qrcode: 12066] Device Offline
[2026-06-03 14:55:24] [INFO] [persistResolve] 持久化更新
警报ID: 2120662001
告警类型: 2001(Device Offline)
警报级别: 2(错误/Error)
设备标识: 12066
解决时间: 2026-06-03 14:55:24
描述: [qrcode: 12066] Device Offline
[2026-06-03 14:55:24] [INFO] [submitResolve] 提交解决
警报ID: 2120562001
告警类型: 2001(Device Offline)
警报级别: 2(错误/Error)
设备标识: 12056
解决时间: 2026-06-03 14:55:24
描述: [qrcode: 12056] Device Offline
[2026-06-03 14:55:24] [INFO] [persistResolve] 持久化更新
警报ID: 2120562001
告警类型: 2001(Device Offline)
警报级别: 2(错误/Error)
设备标识: 12056
解决时间: 2026-06-03 14:55:24
描述: [qrcode: 12056] Device Offline
[2026-06-03 14:55:24] [INFO] [submitResolve] 提交解决
警报ID: 2120392001
告警类型: 2001(Device Offline)
警报级别: 2(错误/Error)
设备标识: 12039
解决时间: 2026-06-03 14:55:24
描述: [qrcode: 12039] Device Offline
[2026-06-03 14:55:24] [INFO] [persistResolve] 持久化更新
警报ID: 2120392001
告警类型: 2001(Device Offline)
警报级别: 2(错误/Error)
设备标识: 12039
解决时间: 2026-06-03 14:55:24
描述: [qrcode: 12039] Device Offline
[2026-06-03 14:55:24] [INFO] [submitResolve] 提交解决
警报ID: 2120502001
告警类型: 2001(Device Offline)
警报级别: 2(错误/Error)
设备标识: 12050
解决时间: 2026-06-03 14:55:24
描述: [qrcode: 12050] Device Offline
[2026-06-03 14:55:24] [INFO] [persistResolve] 持久化更新
警报ID: 2120502001
告警类型: 2001(Device Offline)
警报级别: 2(错误/Error)
设备标识: 12050
解决时间: 2026-06-03 14:55:24
描述: [qrcode: 12050] Device Offline
[2026-06-03 14:55:24] [INFO] [submitResolve] 提交解决
警报ID: 2120462001
告警类型: 2001(Device Offline)
警报级别: 2(错误/Error)
设备标识: 12046
解决时间: 2026-06-03 14:55:24
描述: [qrcode: 12046] Device Offline
[2026-06-03 14:55:24] [INFO] [persistResolve] 持久化更新
警报ID: 2120462001
告警类型: 2001(Device Offline)
警报级别: 2(错误/Error)
设备标识: 12046
解决时间: 2026-06-03 14:55:24
描述: [qrcode: 12046] Device Offline
[2026-06-03 14:55:24] [INFO] [submitResolve] 提交解决
警报ID: 2120702001
告警类型: 2001(Device Offline)
警报级别: 2(错误/Error)
设备标识: 12070
解决时间: 2026-06-03 14:55:24
描述: [qrcode: 12070] Device Offline
[2026-06-03 14:55:24] [INFO] [persistResolve] 持久化更新
警报ID: 2120702001
告警类型: 2001(Device Offline)
警报级别: 2(错误/Error)
设备标识: 12070
解决时间: 2026-06-03 14:55:24
描述: [qrcode: 12070] Device Offline
[2026-06-03 14:55:24] [INFO] [submitResolve] 提交解决
警报ID: 2120382001
告警类型: 2001(Device Offline)
警报级别: 2(错误/Error)
设备标识: 12038
解决时间: 2026-06-03 14:55:24
描述: [qrcode: 12038] Device Offline
[2026-06-03 14:55:24] [INFO] [persistResolve] 持久化更新
警报ID: 2120382001
告警类型: 2001(Device Offline)
警报级别: 2(错误/Error)
设备标识: 12038
解决时间: 2026-06-03 14:55:24
描述: [qrcode: 12038] Device Offline
[2026-06-03 14:55:25] [INFO] [submitResolve] 提交解决
警报ID: 2120732001
告警类型: 2001(Device Offline)
警报级别: 2(错误/Error)
设备标识: 12073
解决时间: 2026-06-03 14:55:25
描述: [qrcode: 12073] Device Offline
[2026-06-03 14:55:25] [INFO] [persistResolve] 持久化更新
警报ID: 2120732001
告警类型: 2001(Device Offline)
警报级别: 2(错误/Error)
设备标识: 12073
解决时间: 2026-06-03 14:55:25
描述: [qrcode: 12073] Device Offline
[2026-06-03 14:55:25] [INFO] [submitResolve] 提交解决
警报ID: 2120712001
告警类型: 2001(Device Offline)
警报级别: 2(错误/Error)
设备标识: 12071
解决时间: 2026-06-03 14:55:25
描述: [qrcode: 12071] Device Offline
[2026-06-03 14:55:25] [INFO] [persistResolve] 持久化更新
警报ID: 2120712001
告警类型: 2001(Device Offline)
警报级别: 2(错误/Error)
设备标识: 12071
解决时间: 2026-06-03 14:55:25
描述: [qrcode: 12071] Device Offline
[2026-06-03 14:55:25] [INFO] [submitResolve] 提交解决
警报ID: 2120432001
告警类型: 2001(Device Offline)
警报级别: 2(错误/Error)
设备标识: 12043
解决时间: 2026-06-03 14:55:25
描述: [qrcode: 12043] Device Offline
[2026-06-03 14:55:25] [INFO] [persistResolve] 持久化更新
警报ID: 2120432001
告警类型: 2001(Device Offline)
警报级别: 2(错误/Error)
设备标识: 12043
解决时间: 2026-06-03 14:55:25
描述: [qrcode: 12043] Device Offline
[2026-06-03 14:55:25] [INFO] [submitResolve] 提交解决
警报ID: 2120752001
告警类型: 2001(Device Offline)
警报级别: 2(错误/Error)
设备标识: 12075
解决时间: 2026-06-03 14:55:25
描述: [qrcode: 12075] Device Offline
[2026-06-03 14:55:25] [INFO] [persistResolve] 持久化更新
警报ID: 2120752001
告警类型: 2001(Device Offline)
警报级别: 2(错误/Error)
设备标识: 12075
解决时间: 2026-06-03 14:55:25
描述: [qrcode: 12075] Device Offline
[2026-06-03 14:55:25] [INFO] [submitResolve] 提交解决
警报ID: 2120672001
告警类型: 2001(Device Offline)
警报级别: 2(错误/Error)
设备标识: 12067
解决时间: 2026-06-03 14:55:25
描述: [qrcode: 12067] Device Offline
[2026-06-03 14:55:25] [INFO] [persistResolve] 持久化更新
警报ID: 2120672001
告警类型: 2001(Device Offline)
警报级别: 2(错误/Error)
设备标识: 12067
解决时间: 2026-06-03 14:55:25
描述: [qrcode: 12067] Device Offline
[2026-06-03 14:55:25] [INFO] [submitResolve] 提交解决
警报ID: 2120612001
告警类型: 2001(Device Offline)
警报级别: 2(错误/Error)
设备标识: 12061
解决时间: 2026-06-03 14:55:25
描述: [qrcode: 12061] Device Offline
[2026-06-03 14:55:25] [INFO] [persistResolve] 持久化更新
警报ID: 2120612001
告警类型: 2001(Device Offline)
警报级别: 2(错误/Error)
设备标识: 12061
解决时间: 2026-06-03 14:55:25
描述: [qrcode: 12061] Device Offline
[2026-06-03 14:55:25] [INFO] [submitResolve] 提交解决
警报ID: 2120342001
告警类型: 2001(Device Offline)
警报级别: 2(错误/Error)
设备标识: 12034
解决时间: 2026-06-03 14:55:25
描述: [qrcode: 12034] Device Offline
[2026-06-03 14:55:25] [INFO] [persistResolve] 持久化更新
警报ID: 2120342001
告警类型: 2001(Device Offline)
警报级别: 2(错误/Error)
设备标识: 12034
解决时间: 2026-06-03 14:55:25
描述: [qrcode: 12034] Device Offline
[2026-06-03 14:55:25] [INFO] [submitResolve] 提交解决
警报ID: 2120322001
告警类型: 2001(Device Offline)
警报级别: 2(错误/Error)
设备标识: 12032
解决时间: 2026-06-03 14:55:25
描述: [qrcode: 12032] Device Offline
[2026-06-03 14:55:25] [INFO] [persistResolve] 持久化更新
警报ID: 2120322001
告警类型: 2001(Device Offline)
警报级别: 2(错误/Error)
设备标识: 12032
解决时间: 2026-06-03 14:55:25
描述: [qrcode: 12032] Device Offline
[2026-06-03 14:55:25] [INFO] [submitResolve] 提交解决
警报ID: 2120572001
告警类型: 2001(Device Offline)
警报级别: 2(错误/Error)
设备标识: 12057
解决时间: 2026-06-03 14:55:25
描述: [qrcode: 12057] Device Offline
[2026-06-03 14:55:25] [INFO] [persistResolve] 持久化更新
警报ID: 2120572001
告警类型: 2001(Device Offline)
警报级别: 2(错误/Error)
设备标识: 12057
解决时间: 2026-06-03 14:55:25
描述: [qrcode: 12057] Device Offline
[2026-06-03 14:55:25] [INFO] [submitResolve] 提交解决
警报ID: 2120622001
告警类型: 2001(Device Offline)
警报级别: 2(错误/Error)
设备标识: 12062
解决时间: 2026-06-03 14:55:25
描述: [qrcode: 12062] Device Offline
[2026-06-03 14:55:25] [INFO] [persistResolve] 持久化更新
警报ID: 2120622001
告警类型: 2001(Device Offline)
警报级别: 2(错误/Error)
设备标识: 12062
解决时间: 2026-06-03 14:55:25
描述: [qrcode: 12062] Device Offline
[2026-06-03 14:55:25] [INFO] [submitResolve] 提交解决
警报ID: 2120742001
告警类型: 2001(Device Offline)
警报级别: 2(错误/Error)
设备标识: 12074
解决时间: 2026-06-03 14:55:25
描述: [qrcode: 12074] Device Offline
[2026-06-03 14:55:25] [INFO] [persistResolve] 持久化更新
警报ID: 2120742001
告警类型: 2001(Device Offline)
警报级别: 2(错误/Error)
设备标识: 12074
解决时间: 2026-06-03 14:55:25
描述: [qrcode: 12074] Device Offline
[2026-06-03 14:55:25] [INFO] [submitResolve] 提交解决
警报ID: 2120772001
告警类型: 2001(Device Offline)
警报级别: 2(错误/Error)
设备标识: 12077
解决时间: 2026-06-03 14:55:25
描述: [qrcode: 12077] Device Offline
[2026-06-03 14:55:25] [INFO] [persistResolve] 持久化更新
警报ID: 2120772001
告警类型: 2001(Device Offline)
警报级别: 2(错误/Error)
设备标识: 12077
解决时间: 2026-06-03 14:55:25
描述: [qrcode: 12077] Device Offline
[2026-06-03 14:55:25] [INFO] [submitResolve] 提交解决
警报ID: 2120282001
告警类型: 2001(Device Offline)
警报级别: 2(错误/Error)
设备标识: 12028
解决时间: 2026-06-03 14:55:25
描述: [qrcode: 12028] Device Offline
[2026-06-03 14:55:25] [INFO] [persistResolve] 持久化更新
警报ID: 2120282001
告警类型: 2001(Device Offline)
警报级别: 2(错误/Error)
设备标识: 12028
解决时间: 2026-06-03 14:55:25
描述: [qrcode: 12028] Device Offline
[2026-06-03 14:55:25] [INFO] [submitResolve] 提交解决
警报ID: 2120252001
告警类型: 2001(Device Offline)
警报级别: 2(错误/Error)
设备标识: 12025
解决时间: 2026-06-03 14:55:25
描述: [qrcode: 12025] Device Offline
[2026-06-03 14:55:25] [INFO] [persistResolve] 持久化更新
警报ID: 2120252001
告警类型: 2001(Device Offline)
警报级别: 2(错误/Error)
设备标识: 12025
解决时间: 2026-06-03 14:55:25
描述: [qrcode: 12025] Device Offline
[2026-06-03 14:55:25] [INFO] [submitResolve] 提交解决
警报ID: 2120802001
告警类型: 2001(Device Offline)
警报级别: 2(错误/Error)
设备标识: 12080
解决时间: 2026-06-03 14:55:25
描述: [qrcode: 12080] Device Offline
[2026-06-03 14:55:25] [INFO] [persistResolve] 持久化更新
警报ID: 2120802001
告警类型: 2001(Device Offline)
警报级别: 2(错误/Error)
设备标识: 12080
解决时间: 2026-06-03 14:55:25
描述: [qrcode: 12080] Device Offline
[2026-06-03 14:55:25] [INFO] [submitResolve] 提交解决
警报ID: 2120262001
告警类型: 2001(Device Offline)
警报级别: 2(错误/Error)
设备标识: 12026
解决时间: 2026-06-03 14:55:25
描述: [qrcode: 12026] Device Offline
[2026-06-03 14:55:25] [INFO] [persistResolve] 持久化更新
警报ID: 2120262001
告警类型: 2001(Device Offline)
警报级别: 2(错误/Error)
设备标识: 12026
解决时间: 2026-06-03 14:55:25
描述: [qrcode: 12026] Device Offline
[2026-06-03 14:55:25] [INFO] [submitResolve] 提交解决
警报ID: 2120292001
告警类型: 2001(Device Offline)
警报级别: 2(错误/Error)
设备标识: 12029
解决时间: 2026-06-03 14:55:25
描述: [qrcode: 12029] Device Offline
[2026-06-03 14:55:25] [INFO] [persistResolve] 持久化更新
警报ID: 2120292001
告警类型: 2001(Device Offline)
警报级别: 2(错误/Error)
设备标识: 12029
解决时间: 2026-06-03 14:55:25
描述: [qrcode: 12029] Device Offline
[2026-06-03 14:55:25] [INFO] [submitResolve] 提交解决
警报ID: 2120652001
告警类型: 2001(Device Offline)
警报级别: 2(错误/Error)
设备标识: 12065
解决时间: 2026-06-03 14:55:25
描述: [qrcode: 12065] Device Offline
[2026-06-03 14:55:25] [INFO] [persistResolve] 持久化更新
警报ID: 2120652001
告警类型: 2001(Device Offline)
警报级别: 2(错误/Error)
设备标识: 12065
解决时间: 2026-06-03 14:55:25
描述: [qrcode: 12065] Device Offline
[2026-06-03 14:55:25] [INFO] [submitResolve] 提交解决
警报ID: 2120532001
告警类型: 2001(Device Offline)
警报级别: 2(错误/Error)
设备标识: 12053
解决时间: 2026-06-03 14:55:25
描述: [qrcode: 12053] Device Offline
[2026-06-03 14:55:25] [INFO] [persistResolve] 持久化更新
警报ID: 2120532001
告警类型: 2001(Device Offline)
警报级别: 2(错误/Error)
设备标识: 12053
解决时间: 2026-06-03 14:55:25
描述: [qrcode: 12053] Device Offline
[2026-06-03 14:55:25] [INFO] [submitResolve] 提交解决
警报ID: 2120762001
告警类型: 2001(Device Offline)
警报级别: 2(错误/Error)
设备标识: 12076
解决时间: 2026-06-03 14:55:25
描述: [qrcode: 12076] Device Offline
[2026-06-03 14:55:25] [INFO] [persistResolve] 持久化更新
警报ID: 2120762001
告警类型: 2001(Device Offline)
警报级别: 2(错误/Error)
设备标识: 12076
解决时间: 2026-06-03 14:55:25
描述: [qrcode: 12076] Device Offline
[2026-06-03 14:55:25] [INFO] [submitResolve] 提交解决
警报ID: 2120452001
告警类型: 2001(Device Offline)
警报级别: 2(错误/Error)
设备标识: 12045
解决时间: 2026-06-03 14:55:25
描述: [qrcode: 12045] Device Offline
[2026-06-03 14:55:25] [INFO] [persistResolve] 持久化更新
警报ID: 2120452001
告警类型: 2001(Device Offline)
警报级别: 2(错误/Error)
设备标识: 12045
解决时间: 2026-06-03 14:55:25
描述: [qrcode: 12045] Device Offline
[2026-06-03 14:55:25] [INFO] [submitResolve] 提交解决
警报ID: 2120782001
告警类型: 2001(Device Offline)
警报级别: 2(错误/Error)
设备标识: 12078
解决时间: 2026-06-03 14:55:25
描述: [qrcode: 12078] Device Offline
[2026-06-03 14:55:25] [INFO] [persistResolve] 持久化更新
警报ID: 2120782001
告警类型: 2001(Device Offline)
警报级别: 2(错误/Error)
设备标识: 12078
解决时间: 2026-06-03 14:55:25
描述: [qrcode: 12078] Device Offline
[2026-06-03 14:55:25] [INFO] [submitResolve] 提交解决
警报ID: 2120402001
告警类型: 2001(Device Offline)
警报级别: 2(错误/Error)
设备标识: 12040
解决时间: 2026-06-03 14:55:25
描述: [qrcode: 12040] Device Offline
[2026-06-03 14:55:25] [INFO] [persistResolve] 持久化更新
警报ID: 2120402001
告警类型: 2001(Device Offline)
警报级别: 2(错误/Error)
设备标识: 12040
解决时间: 2026-06-03 14:55:25
描述: [qrcode: 12040] Device Offline
[2026-06-03 14:55:25] [INFO] [submitResolve] 提交解决
警报ID: 2120792001
告警类型: 2001(Device Offline)
警报级别: 2(错误/Error)
设备标识: 12079
解决时间: 2026-06-03 14:55:25
描述: [qrcode: 12079] Device Offline
[2026-06-03 14:55:25] [INFO] [persistResolve] 持久化更新
警报ID: 2120792001
告警类型: 2001(Device Offline)
警报级别: 2(错误/Error)
设备标识: 12079
解决时间: 2026-06-03 14:55:25
描述: [qrcode: 12079] Device Offline
[2026-06-03 14:55:25] [INFO] [submitResolve] 提交解决
警报ID: 2120522001
告警类型: 2001(Device Offline)
警报级别: 2(错误/Error)
设备标识: 12052
解决时间: 2026-06-03 14:55:25
描述: [qrcode: 12052] Device Offline
[2026-06-03 14:55:25] [INFO] [persistResolve] 持久化更新
警报ID: 2120522001
告警类型: 2001(Device Offline)
警报级别: 2(错误/Error)
设备标识: 12052
解决时间: 2026-06-03 14:55:25
描述: [qrcode: 12052] Device Offline
[2026-06-03 14:55:25] [INFO] [submitResolve] 提交解决
警报ID: 2120552001
告警类型: 2001(Device Offline)
警报级别: 2(错误/Error)
设备标识: 12055
解决时间: 2026-06-03 14:55:25
描述: [qrcode: 12055] Device Offline
[2026-06-03 14:55:25] [INFO] [persistResolve] 持久化更新
警报ID: 2120552001
告警类型: 2001(Device Offline)
警报级别: 2(错误/Error)
设备标识: 12055
解决时间: 2026-06-03 14:55:25
描述: [qrcode: 12055] Device Offline
[2026-06-03 14:55:25] [INFO] [submitResolve] 提交解决
警报ID: 2120722001
告警类型: 2001(Device Offline)
警报级别: 2(错误/Error)
设备标识: 12072
解决时间: 2026-06-03 14:55:25
描述: [qrcode: 12072] Device Offline
[2026-06-03 14:55:25] [INFO] [persistResolve] 持久化更新
警报ID: 2120722001
告警类型: 2001(Device Offline)
警报级别: 2(错误/Error)
设备标识: 12072
解决时间: 2026-06-03 14:55:25
描述: [qrcode: 12072] Device Offline
[2026-06-03 14:55:25] [INFO] [submitResolve] 提交解决
警报ID: 2120472001
告警类型: 2001(Device Offline)
警报级别: 2(错误/Error)
设备标识: 12047
解决时间: 2026-06-03 14:55:25
描述: [qrcode: 12047] Device Offline
[2026-06-03 14:55:25] [INFO] [persistResolve] 持久化更新
警报ID: 2120472001
告警类型: 2001(Device Offline)
警报级别: 2(错误/Error)
设备标识: 12047
解决时间: 2026-06-03 14:55:25
描述: [qrcode: 12047] Device Offline
[2026-06-03 14:55:25] [INFO] [submitResolve] 提交解决
警报ID: 2120362001
告警类型: 2001(Device Offline)
警报级别: 2(错误/Error)
设备标识: 12036
解决时间: 2026-06-03 14:55:25
描述: [qrcode: 12036] Device Offline
[2026-06-03 14:55:25] [INFO] [persistResolve] 持久化更新
警报ID: 2120362001
告警类型: 2001(Device Offline)
警报级别: 2(错误/Error)
设备标识: 12036
解决时间: 2026-06-03 14:55:25
描述: [qrcode: 12036] Device Offline
[2026-06-03 14:55:25] [INFO] [submitResolve] 提交解决
警报ID: 2120482001
告警类型: 2001(Device Offline)
警报级别: 2(错误/Error)
设备标识: 12048
解决时间: 2026-06-03 14:55:25
描述: [qrcode: 12048] Device Offline
[2026-06-03 14:55:25] [INFO] [persistResolve] 持久化更新
警报ID: 2120482001
告警类型: 2001(Device Offline)
警报级别: 2(错误/Error)
设备标识: 12048
解决时间: 2026-06-03 14:55:25
描述: [qrcode: 12048] Device Offline
[2026-06-03 14:55:25] [INFO] [submitResolve] 提交解决
警报ID: 2120512001
告警类型: 2001(Device Offline)
警报级别: 2(错误/Error)
设备标识: 12051
解决时间: 2026-06-03 14:55:25
描述: [qrcode: 12051] Device Offline
[2026-06-03 14:55:25] [INFO] [persistResolve] 持久化更新
警报ID: 2120512001
告警类型: 2001(Device Offline)
警报级别: 2(错误/Error)
设备标识: 12051
解决时间: 2026-06-03 14:55:25
描述: [qrcode: 12051] Device Offline
[2026-06-03 14:55:25] [INFO] [submitResolve] 提交解决
警报ID: 2120312001
告警类型: 2001(Device Offline)
警报级别: 2(错误/Error)
设备标识: 12031
解决时间: 2026-06-03 14:55:25
描述: [qrcode: 12031] Device Offline
[2026-06-03 14:55:25] [INFO] [persistResolve] 持久化更新
警报ID: 2120312001
告警类型: 2001(Device Offline)
警报级别: 2(错误/Error)
设备标识: 12031
解决时间: 2026-06-03 14:55:25
描述: [qrcode: 12031] Device Offline
[2026-06-03 14:55:25] [INFO] [submitResolve] 提交解决
警报ID: 2120542001
告警类型: 2001(Device Offline)
警报级别: 2(错误/Error)
设备标识: 12054
解决时间: 2026-06-03 14:55:25
描述: [qrcode: 12054] Device Offline
[2026-06-03 14:55:25] [INFO] [persistResolve] 持久化更新
警报ID: 2120542001
告警类型: 2001(Device Offline)
警报级别: 2(错误/Error)
设备标识: 12054
解决时间: 2026-06-03 14:55:25
描述: [qrcode: 12054] Device Offline
[2026-06-03 14:55:25] [INFO] [submitResolve] 提交解决
警报ID: 2120232001
告警类型: 2001(Device Offline)
警报级别: 2(错误/Error)
设备标识: 12023
解决时间: 2026-06-03 14:55:25
描述: [qrcode: 12023] Device Offline
[2026-06-03 14:55:25] [INFO] [persistResolve] 持久化更新
警报ID: 2120232001
告警类型: 2001(Device Offline)
警报级别: 2(错误/Error)
设备标识: 12023
解决时间: 2026-06-03 14:55:25
描述: [qrcode: 12023] Device Offline
[2026-06-03 14:55:25] [INFO] [submitResolve] 提交解决
警报ID: 2120352001
告警类型: 2001(Device Offline)
警报级别: 2(错误/Error)
设备标识: 12035
解决时间: 2026-06-03 14:55:25
描述: [qrcode: 12035] Device Offline
[2026-06-03 14:55:25] [INFO] [persistResolve] 持久化更新
警报ID: 2120352001
告警类型: 2001(Device Offline)
警报级别: 2(错误/Error)
设备标识: 12035
解决时间: 2026-06-03 14:55:25
描述: [qrcode: 12035] Device Offline
[2026-06-03 14:55:25] [INFO] [submitResolve] 提交解决
警报ID: 2120302001
告警类型: 2001(Device Offline)
警报级别: 2(错误/Error)
设备标识: 12030
解决时间: 2026-06-03 14:55:25
描述: [qrcode: 12030] Device Offline
[2026-06-03 14:55:25] [INFO] [persistResolve] 持久化更新
警报ID: 2120302001
告警类型: 2001(Device Offline)
警报级别: 2(错误/Error)
设备标识: 12030
解决时间: 2026-06-03 14:55:25
描述: [qrcode: 12030] Device Offline
[2026-06-03 14:55:25] [INFO] [submitResolve] 提交解决
警报ID: 2120692001
告警类型: 2001(Device Offline)
警报级别: 2(错误/Error)
设备标识: 12069
解决时间: 2026-06-03 14:55:25
描述: [qrcode: 12069] Device Offline
[2026-06-03 14:55:25] [INFO] [persistResolve] 持久化更新
警报ID: 2120692001
告警类型: 2001(Device Offline)
警报级别: 2(错误/Error)
设备标识: 12069
解决时间: 2026-06-03 14:55:25
描述: [qrcode: 12069] Device Offline
[2026-06-03 14:55:25] [INFO] [submitResolve] 提交解决
警报ID: 2120332001
告警类型: 2001(Device Offline)
警报级别: 2(错误/Error)
设备标识: 12033
解决时间: 2026-06-03 14:55:25
描述: [qrcode: 12033] Device Offline
[2026-06-03 14:55:25] [INFO] [persistResolve] 持久化更新
警报ID: 2120332001
告警类型: 2001(Device Offline)
警报级别: 2(错误/Error)
设备标识: 12033
解决时间: 2026-06-03 14:55:25
描述: [qrcode: 12033] Device Offline
[2026-06-03 14:55:25] [INFO] [submitResolve] 提交解决
警报ID: 2120582001
告警类型: 2001(Device Offline)
警报级别: 2(错误/Error)
设备标识: 12058
解决时间: 2026-06-03 14:55:25
描述: [qrcode: 12058] Device Offline
[2026-06-03 14:55:25] [INFO] [persistResolve] 持久化更新
警报ID: 2120582001
告警类型: 2001(Device Offline)
警报级别: 2(错误/Error)
设备标识: 12058
解决时间: 2026-06-03 14:55:25
描述: [qrcode: 12058] Device Offline
[2026-06-03 16:56:37] [WARN] [submitAlarm] 提交警报
警报ID: 2120672001
告警类型: 2001(Device Offline)
警报级别: 2(错误/Error)
设备标识: 12067
描述: [qrcode: 12067] Device Offline
[2026-06-03 16:56:37] [INFO] [persistInsert] 持久化插入
警报ID: 2120672001
告警类型: 2001(Device Offline)
警报级别: 2(错误/Error)
设备标识: 12067
发生时间: 2026-06-03 16:56:37
描述: [qrcode: 12067] Device Offline
[2026-06-03 16:56:37] [WARN] [submitAlarm] 提交警报
警报ID: 2120792001
告警类型: 2001(Device Offline)
警报级别: 2(错误/Error)
设备标识: 12079
描述: [qrcode: 12079] Device Offline
[2026-06-03 16:56:37] [INFO] [persistInsert] 持久化插入
警报ID: 2120792001
告警类型: 2001(Device Offline)
警报级别: 2(错误/Error)
设备标识: 12079
发生时间: 2026-06-03 16:56:37
描述: [qrcode: 12079] Device Offline
[2026-06-03 16:56:37] [INFO] [submitResolve] 提交解决
警报ID: 2120672001
告警类型: 2001(Device Offline)
警报级别: 2(错误/Error)
设备标识: 12067
解决时间: 2026-06-03 16:56:37
描述: [qrcode: 12067] Device Offline
[2026-06-03 16:56:37] [INFO] [persistResolve] 持久化更新
警报ID: 2120672001
告警类型: 2001(Device Offline)
警报级别: 2(错误/Error)
设备标识: 12067
解决时间: 2026-06-03 16:56:37
描述: [qrcode: 12067] Device Offline
[2026-06-03 16:56:37] [INFO] [submitResolve] 提交解决
警报ID: 2120792001
告警类型: 2001(Device Offline)
警报级别: 2(错误/Error)
设备标识: 12079
解决时间: 2026-06-03 16:56:37
描述: [qrcode: 12079] Device Offline
[2026-06-03 16:56:37] [INFO] [persistResolve] 持久化更新
警报ID: 2120792001
告警类型: 2001(Device Offline)
警报级别: 2(错误/Error)
设备标识: 12079
解决时间: 2026-06-03 16:56:37
描述: [qrcode: 12079] Device Offline
[2026-06-03 17:44:35] [WARN] [submitAlarm] 提交警报
警报ID: 2120752001
告警类型: 2001(Device Offline)
警报级别: 2(错误/Error)
设备标识: 12075
描述: [qrcode: 12075] Device Offline
[2026-06-03 17:44:35] [INFO] [persistInsert] 持久化插入
警报ID: 2120752001
告警类型: 2001(Device Offline)
警报级别: 2(错误/Error)
设备标识: 12075
发生时间: 2026-06-03 17:44:35
描述: [qrcode: 12075] Device Offline
[2026-06-03 17:44:35] [WARN] [submitAlarm] 提交警报
警报ID: 2120772001
告警类型: 2001(Device Offline)
警报级别: 2(错误/Error)
设备标识: 12077
描述: [qrcode: 12077] Device Offline
[2026-06-03 17:44:35] [INFO] [persistInsert] 持久化插入
警报ID: 2120772001
告警类型: 2001(Device Offline)
警报级别: 2(错误/Error)
设备标识: 12077
发生时间: 2026-06-03 17:44:35
描述: [qrcode: 12077] Device Offline
[2026-06-03 17:44:35] [WARN] [submitAlarm] 提交警报
警报ID: 2120782001
告警类型: 2001(Device Offline)
警报级别: 2(错误/Error)
设备标识: 12078
描述: [qrcode: 12078] Device Offline
[2026-06-03 17:44:35] [INFO] [persistInsert] 持久化插入
警报ID: 2120782001
告警类型: 2001(Device Offline)
警报级别: 2(错误/Error)
设备标识: 12078
发生时间: 2026-06-03 17:44:35
描述: [qrcode: 12078] Device Offline
[2026-06-03 17:44:35] [WARN] [submitAlarm] 提交警报
警报ID: 2120792001
告警类型: 2001(Device Offline)
警报级别: 2(错误/Error)
设备标识: 12079
描述: [qrcode: 12079] Device Offline
[2026-06-03 17:44:35] [INFO] [persistInsert] 持久化插入
警报ID: 2120792001
告警类型: 2001(Device Offline)
警报级别: 2(错误/Error)
设备标识: 12079
发生时间: 2026-06-03 17:44:35
描述: [qrcode: 12079] Device Offline
[2026-06-03 17:44:35] [WARN] [submitAlarm] 提交警报
警报ID: 2120802001
告警类型: 2001(Device Offline)
警报级别: 2(错误/Error)
设备标识: 12080
描述: [qrcode: 12080] Device Offline
[2026-06-03 17:44:35] [INFO] [persistInsert] 持久化插入
警报ID: 2120802001
告警类型: 2001(Device Offline)
警报级别: 2(错误/Error)
设备标识: 12080
发生时间: 2026-06-03 17:44:35
描述: [qrcode: 12080] Device Offline
[2026-06-03 17:44:35] [INFO] [submitResolve] 提交解决
警报ID: 2120752001
告警类型: 2001(Device Offline)
警报级别: 2(错误/Error)
设备标识: 12075
解决时间: 2026-06-03 17:44:35
描述: [qrcode: 12075] Device Offline
[2026-06-03 17:44:35] [INFO] [persistResolve] 持久化更新
警报ID: 2120752001
告警类型: 2001(Device Offline)
警报级别: 2(错误/Error)
设备标识: 12075
解决时间: 2026-06-03 17:44:35
描述: [qrcode: 12075] Device Offline
[2026-06-03 17:44:35] [INFO] [submitResolve] 提交解决
警报ID: 2120772001
告警类型: 2001(Device Offline)
警报级别: 2(错误/Error)
设备标识: 12077
解决时间: 2026-06-03 17:44:35
描述: [qrcode: 12077] Device Offline
[2026-06-03 17:44:35] [INFO] [persistResolve] 持久化更新
警报ID: 2120772001
告警类型: 2001(Device Offline)
警报级别: 2(错误/Error)
设备标识: 12077
解决时间: 2026-06-03 17:44:35
描述: [qrcode: 12077] Device Offline
[2026-06-03 17:44:35] [INFO] [submitResolve] 提交解决
警报ID: 2120782001
告警类型: 2001(Device Offline)
警报级别: 2(错误/Error)
设备标识: 12078
解决时间: 2026-06-03 17:44:35
描述: [qrcode: 12078] Device Offline
[2026-06-03 17:44:35] [INFO] [persistResolve] 持久化更新
警报ID: 2120782001
告警类型: 2001(Device Offline)
警报级别: 2(错误/Error)
设备标识: 12078
解决时间: 2026-06-03 17:44:35
描述: [qrcode: 12078] Device Offline
[2026-06-03 17:44:35] [INFO] [submitResolve] 提交解决
警报ID: 2120802001
告警类型: 2001(Device Offline)
警报级别: 2(错误/Error)
设备标识: 12080
解决时间: 2026-06-03 17:44:35
描述: [qrcode: 12080] Device Offline
[2026-06-03 17:44:35] [INFO] [persistResolve] 持久化更新
警报ID: 2120802001
告警类型: 2001(Device Offline)
警报级别: 2(错误/Error)
设备标识: 12080
解决时间: 2026-06-03 17:44:35
描述: [qrcode: 12080] Device Offline
[2026-06-03 17:44:35] [INFO] [submitResolve] 提交解决
警报ID: 2120792001
告警类型: 2001(Device Offline)
警报级别: 2(错误/Error)
设备标识: 12079
解决时间: 2026-06-03 17:44:35
描述: [qrcode: 12079] Device Offline
[2026-06-03 17:44:35] [INFO] [persistResolve] 持久化更新
警报ID: 2120792001
告警类型: 2001(Device Offline)
警报级别: 2(错误/Error)
设备标识: 12079
解决时间: 2026-06-03 17:44:35
描述: [qrcode: 12079] Device Offline
